feature_set,window_size,n_components,clipping_threshold,distribution,method,tdf,confidence_threshold,mean_S_score,mean_C_index,mean_MAE,mean_RMSE
A,20,10,115,gamma,em,3,0.3,3459.303873827671,0.573945420497129,33.6410078973122,45.98682094462563
A,20,10,115,gamma,em,3,0.5,3838.9942696402345,0.5695629798604782,34.097603572550284,46.56407752569093
A,20,10,115,gamma,em,3,0.95,4762.802952866951,0.5615684690999885,35.08156706691274,47.73909244001757
A,20,10,115,gamma,em,5,0.3,3459.303873827671,0.573945420497129,33.6410078973122,45.98682094462563
A,20,10,115,gamma,em,5,0.5,3980.889539282902,0.5683247169094151,34.218497090644846,46.72548666323469
A,20,10,115,gamma,em,5,0.95,4907.856573256666,0.5605412142970658,35.153369937753574,47.84574085535384
A,20,10,115,gamma,aic,3,0.3,3700.490892947454,0.5713386586284133,33.88698421903858,46.31133131935072
A,20,10,115,gamma,aic,3,0.5,4055.850557172248,0.5675295154737174,34.28982892603191,46.81973832775274
A,20,10,115,gamma,aic,3,0.95,4777.422683747997,0.5614502797701387,35.09200686214946,47.75386764623769
A,20,10,115,gamma,aic,5,0.3,3492.169760565892,0.5734813489129709,33.673801617358194,46.03015411408918
A,20,10,115,gamma,aic,5,0.5,3884.6195373148594,0.5692559895111371,34.126000656645985,46.605134774442654
A,20,10,115,gamma,aic,5,0.95,4777.422683747997,0.5614502797701387,35.09200686214946,47.75386764623769
A,20,10,115,gaussian,em,3,0.3,3464.560635265947,0.5734080262284007,33.70309357914307,46.05537258794109
A,20,10,115,gaussian,em,3,0.5,3869.3747349538858,0.5691663884689181,34.15756014467176,46.63131413700354
A,20,10,115,gaussian,em,3,0.95,4797.849234385983,0.5613295705196202,35.107931304383555,47.77600896224669
A,20,10,115,gaussian,em,5,0.3,3464.560635265947,0.5734080262284007,33.70309357914307,46.05537258794109
A,20,10,115,gaussian,em,5,0.5,4434.464110430062,0.562567953508529,34.7462278070521,47.4004546037497
A,20,10,115,gaussian,em,5,0.95,5162.546304969774,0.5570837690490499,35.41989238702804,48.209994730082336
A,20,10,115,gaussian,aic,3,0.3,3554.196431275735,0.5710259320420903,33.74944646911369,46.14851955201776
A,20,10,115,gaussian,aic,3,0.5,3954.925080559116,0.5667073683776566,34.20955671248312,46.734329569094925
A,20,10,115,gaussian,aic,3,0.95,4890.1188936879535,0.5587851358423113,35.15022174340699,47.87718775218566
A,20,10,115,gaussian,aic,5,0.3,3554.196431275735,0.5710259320420903,33.74944646911369,46.14851955201776
A,20,10,115,gaussian,aic,5,0.5,3954.925080559116,0.5667073683776566,34.20955671248312,46.734329569094925
A,20,10,115,gaussian,aic,5,0.95,4890.1188936879535,0.5587851358423113,35.15022174340699,47.87718775218566
A,20,10,115,t,em,3,0.3,3483.95605150021,0.5717286399882702,33.680251053449425,46.06125616670785
A,20,10,115,t,em,3,0.5,3913.549163065072,0.5672225452261281,34.14952056569826,46.65748699175372
A,20,10,115,t,em,3,0.95,4837.48063795781,0.5591521808123666,35.12348264789822,47.83908795642239
A,20,10,115,t,em,5,0.3,3516.876658803715,0.5714793559520343,33.696488208102984,46.08543299422091
A,20,10,115,t,em,5,0.5,3922.2719257178733,0.5670522788141353,34.17020398073076,46.681459968029586
A,20,10,115,t,em,5,0.95,4854.281393090614,0.5590239718159266,35.12707329379355,47.84746329695257
A,20,10,115,t,aic,3,0.3,3483.95605150021,0.5717286399882702,33.680251053449425,46.06125616670785
A,20,10,115,t,aic,3,0.5,3913.549163065072,0.5672225452261281,34.14952056569826,46.65748699175372
A,20,10,115,t,aic,3,0.95,4837.48063795781,0.5591521808123666,35.12348264789822,47.83908795642239
A,20,10,115,t,aic,5,0.3,3516.876658803715,0.5714793559520343,33.696488208102984,46.08543299422091
A,20,10,115,t,aic,5,0.5,3922.2719257178733,0.5670522788141353,34.17020398073076,46.681459968029586
A,20,10,115,t,aic,5,0.95,4854.281393090614,0.5590239718159266,35.12707329379355,47.84746329695257
A,20,10,120,gamma,em,3,0.3,3932.499229714386,0.5649189322095004,31.899924645242017,46.2672092746919
A,20,10,120,gamma,em,3,0.5,4187.178145975475,0.5624997106459363,32.2539766902634,46.680881181025356
A,20,10,120,gamma,em,3,0.95,5050.6626641847015,0.5557981428638766,33.106581210865464,47.71141606923745
A,20,10,120,gamma,em,5,0.3,3932.499229714386,0.5649189322095004,31.899924645242017,46.2672092746919
A,20,10,120,gamma,em,5,0.5,4187.178145975475,0.5624997106459363,32.2539766902634,46.680881181025356
A,20,10,120,gamma,em,5,0.95,5050.6626641847015,0.5557981428638766,33.106581210865464,47.71141606923745
A,20,10,120,gamma,aic,3,0.3,3630.478498361698,0.5678866416797846,31.672669039010607,45.93753552986804
A,20,10,120,gamma,aic,3,0.5,4017.139229116981,0.5639444349887992,32.103841114490635,46.48754327946253
A,20,10,120,gamma,aic,3,0.95,4928.802066208337,0.5566041021412865,33.010261547265905,47.59707899219684
A,20,10,120,gamma,aic,5,0.3,3630.478498361698,0.5678866416797846,31.672669039010607,45.93753552986804
A,20,10,120,gamma,aic,5,0.5,4017.139229116981,0.5639444349887992,32.103841114490635,46.48754327946253
A,20,10,120,gamma,aic,5,0.95,4928.802066208337,0.5566041021412865,33.010261547265905,47.59707899219684
A,20,10,120,gaussian,em,3,0.3,4160.159595371476,0.5627311133729863,32.26177366855458,46.69132402697049
A,20,10,120,gaussian,em,3,0.5,4434.019606184926,0.560512614423616,32.56706290839999,47.065566820926804
A,20,10,120,gaussian,em,3,0.95,5162.101800724638,0.5552197638566116,33.24072748837594,47.88087409688959
A,20,10,120,gaussian,em,5,0.3,4160.159595371476,0.5627311133729863,32.26177366855458,46.69132402697049
A,20,10,120,gaussian,em,5,0.5,4434.019606184926,0.560512614423616,32.56706290839999,47.065566820926804
A,20,10,120,gaussian,em,5,0.95,5162.101800724638,0.5552197638566116,33.24072748837594,47.88087409688959
A,20,10,120,gaussian,aic,3,0.3,3553.751927030599,0.5686769827509748,31.570281570461596,45.80457215160233
A,20,10,120,gaussian,aic,3,0.5,3954.48057631398,0.5645086081406872,32.03039181383101,46.394765632121626
A,20,10,120,gaussian,aic,3,0.95,4889.674389442817,0.55686272739681,32.971056844754884,47.545839039802686
A,20,10,120,gaussian,aic,5,0.3,3553.751927030599,0.5686769827509748,31.570281570461596,45.80457215160233
A,20,10,120,gaussian,aic,5,0.5,3954.48057631398,0.5645086081406872,32.03039181383101,46.394765632121626
A,20,10,120,gaussian,aic,5,0.95,4889.674389442817,0.55686272739681,32.971056844754884,47.545839039802686
A,20,10,120,t,em,3,0.3,3483.5115472550738,0.5693549652036338,31.50108615479731,45.716641865601346
A,20,10,120,t,em,3,0.5,3913.1046588199365,0.565005857948519,31.970355667046157,46.31734685529219
A,20,10,120,t,em,3,0.95,4837.036133712675,0.5572169915774612,32.94431774924612,47.50747560838944
A,20,10,120,t,em,5,0.3,3516.43215455858,0.5691148720399596,31.51732330945088,45.741007288692835
A,20,10,120,t,em,5,0.5,3921.8274214727367,0.5648417795740434,31.991039082078665,46.34151274122398
A,20,10,120,t,em,5,0.95,4853.836888845479,0.557093440160622,32.94790839514145,47.515910485140466
A,20,10,120,t,aic,3,0.3,3483.5115472550738,0.5693549652036338,31.50108615479731,45.716641865601346
A,20,10,120,t,aic,3,0.5,3913.1046588199365,0.565005857948519,31.970355667046157,46.31734685529219
A,20,10,120,t,aic,3,0.95,4837.036133712675,0.5572169915774612,32.94431774924612,47.50747560838944
A,20,10,120,t,aic,5,0.3,3516.43215455858,0.5691148720399596,31.51732330945088,45.741007288692835
A,20,10,120,t,aic,5,0.5,3921.8274214727367,0.5648417795740434,31.991039082078665,46.34151274122398
A,20,10,120,t,aic,5,0.95,4853.836888845479,0.557093440160622,32.94790839514145,47.515910485140466
A,20,10,125,gamma,em,3,0.3,3932.2657859497194,0.5629936050087109,29.879094682307187,46.17405629430764
A,20,10,125,gamma,em,3,0.5,4186.944702210807,0.5606500774218467,30.23314672732858,46.58851001717934
A,20,10,125,gamma,em,3,0.95,5050.429220420034,0.5541605836144188,31.08575124793065,47.62103342539312
A,20,10,125,gamma,em,5,0.3,3932.2657859497194,0.5629936050087109,29.879094682307187,46.17405629430764
A,20,10,125,gamma,em,5,0.5,4186.944702210807,0.5606500774218467,30.23314672732858,46.58851001717934
A,20,10,125,gamma,em,5,0.95,5050.429220420034,0.5541605836144188,31.08575124793065,47.62103342539312
A,20,10,125,gamma,aic,3,0.3,3630.2450545970314,0.5658633814127476,29.65183907607578,45.84317424757023
A,20,10,125,gamma,aic,3,0.5,4016.9057853523145,0.5620468292629482,30.08301115155581,46.39440959454711
A,20,10,125,gamma,aic,3,0.95,4928.56862244367,0.5549399701721189,30.98943158433108,47.506288462529696
A,20,10,125,gamma,aic,5,0.3,3630.2450545970314,0.5658633814127476,29.65183907607578,45.84317424757023
A,20,10,125,gamma,aic,5,0.5,4016.9057853523145,0.5620468292629482,30.08301115155581,46.39440959454711
A,20,10,125,gamma,aic,5,0.95,4928.56862244367,0.5549399701721189,30.98943158433108,47.506288462529696
A,20,10,125,gaussian,em,3,0.3,4159.926151606809,0.5608730900591867,30.24094370561976,46.598622655165045
A,20,10,125,gaussian,em,3,0.5,4433.786162420258,0.5587249785130446,30.54623294546517,46.97367461805659
A,20,10,125,gaussian,em,3,0.95,5161.8683569599725,0.553599575613688,31.219897525441116,47.79064798458458
A,20,10,125,gaussian,em,5,0.3,4159.926151606809,0.5608730900591867,30.24094370561976,46.598622655165045
A,20,10,125,gaussian,em,5,0.5,4433.786162420258,0.5587249785130446,30.54623294546517,46.97367461805659
A,20,10,125,gaussian,em,5,0.95,5161.8683569599725,0.553599575613688,31.219897525441116,47.79064798458458
A,20,10,125,gaussian,aic,3,0.3,3553.5184832659324,0.5666318526899655,29.54945160752677,45.71023090424579
A,20,10,125,gaussian,aic,3,0.5,3954.2471325493125,0.5625950686030337,30.009561850896187,46.30167300051794
A,20,10,125,gaussian,aic,3,0.95,4889.4409456781505,0.555191367718004,30.950226881820065,47.4550519497041
A,20,10,125,gaussian,aic,5,0.3,3553.5184832659324,0.5666318526899655,29.54945160752677,45.71023090424579
A,20,10,125,gaussian,aic,5,0.5,3954.2471325493125,0.5625950686030337,30.009561850896187,46.30167300051794
A,20,10,125,gaussian,aic,5,0.95,4889.4409456781505,0.555191367718004,30.950226881820065,47.4550519497041
A,20,10,125,t,em,3,0.3,3483.2781034904074,0.5672881993693559,29.48025619186249,45.62209557057508
A,20,10,125,t,em,3,0.5,3912.87121505527,0.563076576518831,29.949525704111334,46.224073201837285
A,20,10,125,t,em,3,0.95,4836.802689948008,0.5555344123677555,30.923487786311295,47.41660822515915
A,20,10,125,t,em,5,0.3,3516.198710793913,0.5670560309407561,29.496493346516058,45.646514873190995
A,20,10,125,t,em,5,0.5,3921.5939777080703,0.5629178644933016,29.97020911914384,46.24829842051874
A,20,10,125,t,em,5,0.95,4853.603445080812,0.5554149009885393,30.92707843220662,47.42506037579666
A,20,10,125,t,aic,3,0.3,3483.2781034904074,0.5672881993693559,29.48025619186249,45.62209557057508
A,20,10,125,t,aic,3,0.5,3912.87121505527,0.563076576518831,29.949525704111334,46.224073201837285
A,20,10,125,t,aic,3,0.95,4836.802689948008,0.5555344123677555,30.923487786311295,47.41660822515915
A,20,10,125,t,aic,5,0.3,3516.198710793913,0.5670560309407561,29.496493346516058,45.646514873190995
A,20,10,125,t,aic,5,0.5,3921.5939777080703,0.5629178644933016,29.97020911914384,46.24829842051874
A,20,10,125,t,aic,5,0.95,4853.603445080812,0.5554149009885393,30.92707843220662,47.42506037579666
A,20,15,115,gamma,em,3,0.3,3609.423789827466,0.570286143070987,33.80584992058637,46.22041834738693
A,20,15,115,gamma,em,3,0.5,3908.376128818015,0.567327567998206,34.20964032113799,46.702764899006574
A,20,15,115,gamma,em,3,0.95,4745.7984015136335,0.5604504169100777,35.144523938791544,47.824566900481294
A,20,15,115,gamma,em,5,0.3,3609.423789827466,0.570286143070987,33.80584992058637,46.22041834738693
A,20,15,115,gamma,em,5,0.5,3908.376128818015,0.567327567998206,34.20964032113799,46.702764899006574
A,20,15,115,gamma,em,5,0.95,4745.7984015136335,0.5604504169100777,35.144523938791544,47.824566900481294
A,20,15,115,gamma,aic,3,0.3,3530.188265953092,0.5712414454404049,33.71605321622443,46.10536478842151
A,20,15,115,gamma,aic,3,0.5,3843.644654060332,0.5677608576604205,34.12328402909935,46.60594604836015
A,20,15,115,gamma,aic,3,0.95,4693.5224562449075,0.560856429898979,35.10467810596994,47.76721732499168
A,20,15,115,gamma,aic,5,0.3,3530.188265953092,0.5712414454404049,33.71605321622443,46.10536478842151
A,20,15,115,gamma,aic,5,0.5,3843.644654060332,0.5677608576604205,34.12328402909935,46.60594604836015
A,20,15,115,gamma,aic,5,0.95,4693.5224562449075,0.560856429898979,35.10467810596994,47.76721732499168
A,20,15,115,gaussian,em,3,0.3,3887.9282901056927,0.567704359075982,34.17045384298317,46.666869388601086
A,20,15,115,gaussian,em,3,0.5,4191.867029990732,0.5646019866283638,34.509494467937536,47.09082686720367
A,20,15,115,gaussian,em,3,0.95,4998.434399123887,0.558315324448979,35.288783404419846,48.0307801856877
A,20,15,115,gaussian,em,5,0.3,3887.9282901056927,0.567704359075982,34.17045384298317,46.666869388601086
A,20,15,115,gaussian,em,5,0.5,4191.867029990732,0.5646019866283638,34.509494467937536,47.09082686720367
A,20,15,115,gaussian,em,5,0.95,4998.434399123887,0.558315324448979,35.288783404419846,48.0307801856877
A,20,15,115,gaussian,aic,3,0.3,3712.5075391499313,0.5692006727415142,33.9480083692676,46.39717816591171
A,20,15,115,gaussian,aic,3,0.5,4037.841073409459,0.5661412943549105,34.32492241157043,46.86376401244806
A,20,15,115,gaussian,aic,3,0.95,4875.95537798322,0.5592664872160447,35.204965092456604,47.9190159753871
A,20,15,115,gaussian,aic,5,0.3,3712.5075391499313,0.5692006727415142,33.9480083692676,46.39717816591171
A,20,15,115,gaussian,aic,5,0.5,4037.841073409459,0.5661412943549105,34.32492241157043,46.86376401244806
A,20,15,115,gaussian,aic,5,0.95,4875.95537798322,0.5592664872160447,35.204965092456604,47.9190159753871
A,20,15,115,t,em,3,0.3,3524.869250521103,0.571204409888695,33.70461183933282,46.09939209532661
A,20,15,115,t,em,3,0.5,3843.6972533470375,0.568012636949429,34.14288939414966,46.62716845031254
A,20,15,115,t,em,3,0.95,4742.214402801017,0.5604683086150242,35.10511115932232,47.78627619286389
A,20,15,115,t,em,5,0.3,3503.036338549162,0.5714845012158466,33.688275451612256,46.073645594178814
A,20,15,115,t,em,5,0.5,3807.5389891604036,0.5682813854022256,34.12697644131002,46.60543974492025
A,20,15,115,t,em,5,0.95,4730.749649276104,0.5606963246251218,35.099444559910964,47.77810762296808
A,20,15,115,t,aic,3,0.3,3524.869250521103,0.571204409888695,33.70461183933282,46.09939209532661
A,20,15,115,t,aic,3,0.5,3843.6972533470375,0.568012636949429,34.14288939414966,46.62716845031254
A,20,15,115,t,aic,3,0.95,4742.214402801017,0.5604683086150242,35.10511115932232,47.78627619286389
A,20,15,115,t,aic,5,0.3,3503.036338549162,0.5714845012158466,33.688275451612256,46.073645594178814
A,20,15,115,t,aic,5,0.5,3807.5389891604036,0.5682813854022256,34.12697644131002,46.60543974492025
A,20,15,115,t,aic,5,0.95,4730.749649276104,0.5606963246251218,35.099444559910964,47.77810762296808
A,20,15,120,gamma,em,3,0.3,3608.97928558233,0.567959312574888,31.626685021934257,45.876753394352804
A,20,15,120,gamma,em,3,0.5,3907.9316245728783,0.5651046813332306,32.03047542248587,46.362726321444526
A,20,15,120,gamma,em,3,0.95,4745.353897268497,0.5584685696423488,32.96535904013943,47.4927398841471
A,20,15,120,gamma,em,5,0.3,3608.97928558233,0.567959312574888,31.626685021934257,45.876753394352804
A,20,15,120,gamma,em,5,0.5,3907.9316245728783,0.5651046813332306,32.03047542248587,46.362726321444526
A,20,15,120,gamma,em,5,0.95,4745.353897268497,0.5584685696423488,32.96535904013943,47.4927398841471
A,20,15,120,gamma,aic,3,0.3,3529.7437617079568,0.5688831393565518,31.536888317572323,45.76096261255635
A,20,15,120,gamma,aic,3,0.5,3843.200149815195,0.5655240717453444,31.944119130447245,46.265329184686834
A,20,15,120,gamma,aic,3,0.95,4693.077951999771,0.5588605796643434,32.92551320731782,47.43502504380962
A,20,15,120,gamma,aic,5,0.3,3529.7437617079568,0.5688831393565518,31.536888317572323,45.76096261255635
A,20,15,120,gamma,aic,5,0.5,3843.200149815195,0.5655240717453444,31.944119130447245,46.265329184686834
A,20,15,120,gamma,aic,5,0.95,4693.077951999771,0.5588605796643434,32.92551320731782,47.43502504380962
A,20,15,120,gaussian,em,3,0.3,3887.483785860556,0.5654651677906882,31.991288944331057,46.32636466896751
A,20,15,120,gaussian,em,3,0.5,4191.422525745596,0.5624732235663568,32.33032956928544,46.75351808370438
A,20,15,120,gaussian,em,3,0.95,4997.98989487875,0.5564084322215749,33.10961850576774,47.70043772967816
A,20,15,120,gaussian,em,5,0.3,3887.483785860556,0.5654651677906882,31.991288944331057,46.32636466896751
A,20,15,120,gaussian,em,5,0.5,4191.422525745596,0.5624732235663568,32.33032956928544,46.75351808370438
A,20,15,120,gaussian,em,5,0.95,4997.98989487875,0.5564084322215749,33.10961850576774,47.70043772967816
A,20,15,120,gaussian,aic,3,0.3,3712.0630349047947,0.566915111707915,31.76884347061549,46.055222141171136
A,20,15,120,gaussian,aic,3,0.5,4037.396569164323,0.563962231644986,32.14575751291832,46.52526991621727
A,20,15,120,gaussian,aic,3,0.95,4875.510873738086,0.5573274070421992,33.0258001938045,47.5880077303818
A,20,15,120,gaussian,aic,5,0.3,3712.0630349047947,0.566915111707915,31.76884347061549,46.055222141171136
A,20,15,120,gaussian,aic,5,0.5,4037.396569164323,0.563962231644986,32.14575751291832,46.52526991621727
A,20,15,120,gaussian,aic,5,0.95,4875.510873738086,0.5573274070421992,33.0258001938045,47.5880077303818
A,20,15,120,t,em,3,0.3,3524.4247462759668,0.5688469565716006,31.525446940680713,45.75492837595921
A,20,15,120,t,em,3,0.5,3843.252749101902,0.5657677032487664,31.96372449549755,46.286697133519354
A,20,15,120,t,em,3,0.95,4741.76989855588,0.5584863822938202,32.925946260670216,47.45425140262243
A,20,15,120,t,em,5,0.3,3502.591834304026,0.5691166078636296,31.509110552960152,45.72891194182765
A,20,15,120,t,em,5,0.5,3807.094484915267,0.5660263499115495,31.947811542657924,46.264700851008584
A,20,15,120,t,em,5,0.95,4730.305145030969,0.5587058502780673,32.92027966125886,47.44599032130027
A,20,15,120,t,aic,3,0.3,3524.4247462759668,0.5688469565716006,31.525446940680713,45.75492837595921
A,20,15,120,t,aic,3,0.5,3843.252749101902,0.5657677032487664,31.96372449549755,46.286697133519354
A,20,15,120,t,aic,3,0.95,4741.76989855588,0.5584863822938202,32.925946260670216,47.45425140262243
A,20,15,120,t,aic,5,0.3,3502.591834304026,0.5691166078636296,31.509110552960152,45.72891194182765
A,20,15,120,t,aic,5,0.5,3807.094484915267,0.5660263499115495,31.947811542657924,46.264700851008584
A,20,15,120,t,aic,5,0.95,4730.305145030969,0.5587058502780673,32.92027966125886,47.44599032130027
A,20,15,125,gamma,em,3,0.3,3608.7458418176634,0.5659343922628438,29.60585505899943,45.78240891549173
A,20,15,125,gamma,em,3,0.5,3907.6981808082114,0.5631707314546136,30.009645459551052,46.26940588618258
A,20,15,125,gamma,em,3,0.95,4745.12045350383,0.5567455146628386,30.944529077204614,47.401768916463645
A,20,15,125,gamma,em,5,0.3,3608.7458418176634,0.5659343922628438,29.60585505899943,45.78240891549173
A,20,15,125,gamma,em,5,0.5,3907.6981808082114,0.5631707314546136,30.009645459551052,46.26940588618258
A,20,15,125,gamma,em,5,0.95,4745.12045350383,0.5567455146628386,30.944529077204614,47.401768916463645
A,20,15,125,gamma,aic,3,0.3,3529.5103179432904,0.5668301975734404,29.5160583546375,45.666455458777925
A,20,15,125,gamma,aic,3,0.5,3842.9667060505294,0.563577666150328,29.923289167512422,46.171901548247504
A,20,15,125,gamma,aic,3,0.95,4692.8445082351045,0.5571252251233447,30.904683244383005,47.343970353585334
A,20,15,125,gamma,aic,5,0.3,3529.5103179432904,0.5668301975734404,29.5160583546375,45.666455458777925
A,20,15,125,gamma,aic,5,0.5,3842.9667060505294,0.563577666150328,29.923289167512422,46.171901548247504
A,20,15,125,gamma,aic,5,0.95,4692.8445082351045,0.5571252251233447,30.904683244383005,47.343970353585334
A,20,15,125,gaussian,em,3,0.3,3887.250342095889,0.563516652442854,29.97045898139624,46.23279082080977
A,20,15,125,gaussian,em,3,0.5,4191.18908198093,0.5606213110067026,30.309499606350613,46.6608882374315
A,20,15,125,gaussian,em,3,0.95,4997.7564511140845,0.554750540040913,31.08878854283292,47.60988866983953
A,20,15,125,gaussian,em,5,0.3,3887.250342095889,0.563516652442854,29.97045898139624,46.23279082080977
A,20,15,125,gaussian,em,5,0.5,4191.18908198093,0.5606213110067026,30.309499606350613,46.6608882374315
A,20,15,125,gaussian,em,5,0.95,4997.7564511140845,0.554750540040913,31.08878854283292,47.60988866983953
A,20,15,125,gaussian,aic,3,0.3,3711.829591140128,0.5649248954013285,29.74801350768066,45.96147277807485
A,20,15,125,gaussian,aic,3,0.5,4037.1631253996566,0.5620654123955602,30.1249275499835,46.43250558900162
A,20,15,125,gaussian,aic,3,0.95,4875.277429973418,0.555641080986023,31.004970230869674,47.49732674579308
A,20,15,125,gaussian,aic,5,0.3,3711.829591140128,0.5649248954013285,29.74801350768066,45.96147277807485
A,20,15,125,gaussian,aic,5,0.5,4037.1631253996566,0.5620654123955602,30.1249275499835,46.43250558900162
A,20,15,125,gaussian,aic,5,0.95,4875.277429973418,0.555641080986023,31.004970230869674,47.49732674579308
A,20,15,125,t,em,3,0.3,3524.1913025113,0.5667947219377115,29.50461697774589,45.66035440237526
A,20,15,125,t,em,3,0.5,3843.019305337235,0.5638138413253133,29.94289453256273,46.19327161718198
A,20,15,125,t,em,3,0.95,4741.536454791214,0.5567630380608561,30.90511629773539,47.36324917622588
A,20,15,125,t,em,5,0.3,3502.3583905393593,0.5670553632106128,29.48828059002533,45.63422943196842
A,20,15,125,t,em,5,0.5,3806.8610411506006,0.564063947366489,29.926981579723094,46.171152045911114
A,20,15,125,t,em,5,0.95,4730.071701266302,0.5569751337177449,30.899449698324037,47.35494602855847
A,20,15,125,t,aic,3,0.3,3524.1913025113,0.5667947219377115,29.50461697774589,45.66035440237526
A,20,15,125,t,aic,3,0.5,3843.019305337235,0.5638138413253133,29.94289453256273,46.19327161718198
A,20,15,125,t,aic,3,0.95,4741.536454791214,0.5567630380608561,30.90511629773539,47.36324917622588
A,20,15,125,t,aic,5,0.3,3502.3583905393593,0.5670553632106128,29.48828059002533,45.63422943196842
A,20,15,125,t,aic,5,0.5,3806.8610411506006,0.564063947366489,29.926981579723094,46.171152045911114
A,20,15,125,t,aic,5,0.95,4730.071701266302,0.5569751337177449,30.899449698324037,47.35494602855847
A,20,20,115,gamma,em,3,0.3,3728.4544484199273,0.568860935684419,33.924708051030116,46.37431917867398
A,20,20,115,gamma,em,3,0.5,4044.8780131086414,0.5657962019848651,34.31747281260641,46.85657224286248
A,20,20,115,gamma,em,3,0.95,4978.380437450696,0.5586108219541635,35.287514065128015,48.02296288102248
A,20,20,115,gamma,em,5,0.3,3728.4544484199273,0.568860935684419,33.924708051030116,46.37431917867398
A,20,20,115,gamma,em,5,0.5,4044.8780131086414,0.5657962019848651,34.31747281260641,46.85657224286248
A,20,20,115,gamma,em,5,0.95,4978.380437450696,0.5586108219541635,35.287514065128015,48.02296288102248
A,20,20,115,gamma,aic,3,0.3,3703.5347495470473,0.5695593736859378,33.90016820050953,46.329631839218585
A,20,20,115,gamma,aic,3,0.5,4004.4708710798645,0.5664235684804335,34.282246562770766,46.80580053004976
A,20,20,115,gamma,aic,3,0.95,4963.329217544668,0.558751494988992,35.25225124734562,47.989529889228955
A,20,20,115,gamma,aic,5,0.3,3703.5347495470473,0.5695593736859378,33.90016820050953,46.329631839218585
A,20,20,115,gamma,aic,5,0.5,4004.4708710798645,0.5664235684804335,34.282246562770766,46.80580053004976
A,20,20,115,gamma,aic,5,0.95,4963.329217544668,0.558751494988992,35.25225124734562,47.989529889228955
A,20,20,115,gaussian,em,3,0.3,4901.534630339636,0.5602274526728219,34.88854430361496,47.57516374228762
A,20,20,115,gaussian,em,3,0.5,5175.324319462514,0.5578709011816549,35.16669780887114,47.93022763704497
A,20,20,115,gaussian,em,3,0.95,5776.013171079952,0.5534514579613239,35.770881087284785,48.65389875243595
A,20,20,115,gaussian,em,5,0.3,4901.534630339636,0.5602274526728219,34.88854430361496,47.57516374228762
A,20,20,115,gaussian,em,5,0.5,5175.324319462514,0.5578709011816549,35.16669780887114,47.93022763704497
A,20,20,115,gaussian,em,5,0.95,5776.013171079952,0.5534514579613239,35.770881087284785,48.65389875243595
A,20,20,115,gaussian,aic,3,0.3,3558.6953599067638,0.5708796059163103,33.720660450576005,46.114213840963465
A,20,20,115,gaussian,aic,3,0.5,3812.588834786802,0.5683074876467664,34.12879487907715,46.60100020930584
A,20,20,115,gaussian,aic,3,0.95,4874.487851500301,0.5594425550197193,35.17971711335146,47.89113693930375
A,20,20,115,gaussian,aic,5,0.3,3558.6953599067638,0.5708796059163103,33.720660450576005,46.114213840963465
A,20,20,115,gaussian,aic,5,0.5,3812.588834786802,0.5683074876467664,34.12879487907715,46.60100020930584
A,20,20,115,gaussian,aic,5,0.95,4874.487851500301,0.5594425550197193,35.17971711335146,47.89113693930375
A,20,20,115,t,em,3,0.3,3609.6175002104574,0.5705949631989644,33.75364077529397,46.16150850246066
A,20,20,115,t,em,3,0.5,3906.5700421848114,0.567172393578265,34.17526763489617,46.68341993633918
A,20,20,115,t,em,3,0.95,4829.123455028153,0.5598015621443126,35.169455804209626,47.87380708087651
A,20,20,115,t,em,5,0.3,3488.557106888141,0.5717448470684457,33.64841857197496,46.02404078881379
A,20,20,115,t,em,5,0.5,3826.8401709829295,0.5679026572311286,34.10831343745812,46.587519409896665
A,20,20,115,t,em,5,0.95,4775.960151254239,0.5601165717603329,35.127547740566484,47.819554406037014
A,20,20,115,t,aic,3,0.3,3609.6175002104574,0.5705949631989644,33.75364077529397,46.16150850246066
A,20,20,115,t,aic,3,0.5,3906.5700421848114,0.567172393578265,34.17526763489617,46.68341993633918
A,20,20,115,t,aic,3,0.95,4829.123455028153,0.5598015621443126,35.169455804209626,47.87380708087651
A,20,20,115,t,aic,5,0.3,3488.557106888141,0.5717448470684457,33.64841857197496,46.02404078881379
A,20,20,115,t,aic,5,0.5,3826.8401709829295,0.5679026572311286,34.10831343745812,46.587519409896665
A,20,20,115,t,aic,5,0.95,4775.960151254239,0.5601165717603329,35.127547740566484,47.819554406037014
A,20,20,120,gamma,em,3,0.3,3728.0099441747925,0.5665914163192735,31.745543152378012,46.03235354924233
A,20,20,120,gamma,em,3,0.5,4044.4335088635053,0.5636322943280098,32.1383079139543,46.51806206618537
A,20,20,120,gamma,em,3,0.95,4977.935933205561,0.556696663250318,33.10834916647591,47.6927061244128
A,20,20,120,gamma,em,5,0.3,3728.0099441747925,0.5665914163192735,31.745543152378012,46.03235354924233
A,20,20,120,gamma,em,5,0.5,4044.4335088635053,0.5636322943280098,32.1383079139543,46.51806206618537
A,20,20,120,gamma,em,5,0.95,4977.935933205561,0.556696663250318,33.10834916647591,47.6927061244128
A,20,20,120,gamma,aic,3,0.3,3703.0902453019107,0.5672678950530264,31.72100330185743,45.987351534262054
A,20,20,120,gamma,aic,3,0.5,4004.026366834728,0.564239233457797,32.10308166411865,46.466919799953736
A,20,20,120,gamma,aic,3,0.95,4962.884713299532,0.5568330752162477,33.073086348693515,47.659020025591204
A,20,20,120,gamma,aic,5,0.3,3703.0902453019107,0.5672678950530264,31.72100330185743,45.987351534262054
A,20,20,120,gamma,aic,5,0.5,4004.026366834728,0.564239233457797,32.10308166411865,46.466919799953736
A,20,20,120,gamma,aic,5,0.95,4962.884713299532,0.5568330752162477,33.073086348693515,47.659020025591204
A,20,20,120,gaussian,em,3,0.3,4901.0901260945,0.558255439168,32.70937940496286,47.2417890746058
A,20,20,120,gaussian,em,3,0.5,5174.879815217379,0.5559810269829069,32.98753291021903,47.59934444908734
A,20,20,120,gaussian,em,3,0.95,5775.568666834817,0.5517157152158061,33.59171618863267,48.32798788534643
A,20,20,120,gaussian,em,5,0.3,4901.0901260945,0.558255439168,32.70937940496286,47.2417890746058
A,20,20,120,gaussian,em,5,0.5,5174.879815217379,0.5559810269829069,32.98753291021903,47.59934444908734
A,20,20,120,gaussian,em,5,0.95,5775.568666834817,0.5517157152158061,33.59171618863267,48.32798788534643
A,20,20,120,gaussian,aic,3,0.3,3558.250855661628,0.568539958710093,31.541495551923894,45.770255583244726
A,20,20,120,gaussian,aic,3,0.5,3812.144330541666,0.56605618642354,31.949629980425044,46.260562911521404
A,20,20,120,gaussian,aic,3,0.95,4874.043347255166,0.5574991580325879,33.00055221469936,47.55989527988793
A,20,20,120,gaussian,aic,5,0.3,3558.250855661628,0.568539958710093,31.541495551923894,45.770255583244726
A,20,20,120,gaussian,aic,5,0.5,3812.144330541666,0.56605618642354,31.949629980425044,46.260562911521404
A,20,20,120,gaussian,aic,5,0.95,4874.043347255166,0.5574991580325879,33.00055221469936,47.55989527988793
A,20,20,120,t,em,3,0.3,3609.1729959653217,0.5682644861926323,31.574475876641863,45.81795256845326
A,20,20,120,t,em,3,0.5,3906.1255379396753,0.5649597652256527,31.99610273624406,46.343627103529755
A,20,20,120,t,em,3,0.95,4828.67895078302,0.5578445459038301,32.990290905557515,47.542479935472294
A,20,20,120,t,em,5,0.3,3488.1126026430043,0.5693739173969113,31.469253673322847,45.67934692241683
A,20,20,120,t,em,5,0.5,3826.3956667377934,0.5656647367286742,31.929148538806015,46.24696043855797
A,20,20,120,t,em,5,0.95,4775.515647009103,0.5581485193768377,32.94838284191438,47.487802612666236
A,20,20,120,t,aic,3,0.3,3609.1729959653217,0.5682644861926323,31.574475876641863,45.81795256845326
A,20,20,120,t,aic,3,0.5,3906.1255379396753,0.5649597652256527,31.99610273624406,46.343627103529755
A,20,20,120,t,aic,3,0.95,4828.67895078302,0.5578445459038301,32.990290905557515,47.542479935472294
A,20,20,120,t,aic,5,0.3,3488.1126026430043,0.5693739173969113,31.469253673322847,45.67934692241683
A,20,20,120,t,aic,5,0.5,3826.3956667377934,0.5656647367286742,31.929148538806015,46.24696043855797
A,20,20,120,t,aic,5,0.95,4775.515647009103,0.5581485193768377,32.94838284191438,47.487802612666236
A,20,20,125,gamma,em,3,0.3,3727.776500410125,0.564615516519813,29.724713189443186,45.93871201880485
A,20,20,125,gamma,em,3,0.5,4044.20006509884,0.5617489929876891,30.117477951019474,46.4253153217433
A,20,20,125,gamma,em,3,0.95,4977.702489440894,0.5550319962655111,31.087519203541085,47.60223937946929
A,20,20,125,gamma,em,5,0.3,3727.776500410125,0.564615516519813,29.724713189443186,45.93871201880485
A,20,20,125,gamma,em,5,0.5,4044.20006509884,0.5617489929876891,30.117477951019474,46.4253153217433
A,20,20,125,gamma,em,5,0.95,4977.702489440894,0.5550319962655111,31.087519203541085,47.60223937946929
A,20,20,125,gamma,aic,3,0.3,3702.856801537244,0.5652725359759531,29.700173338922603,45.89358115506533
A,20,20,125,gamma,aic,3,0.5,4003.792923070062,0.5623380473197257,30.082251701183832,46.37403762403248
A,20,20,125,gamma,aic,3,0.95,4962.651269534866,0.5551647476442304,31.052256385758692,47.56845701688284
A,20,20,125,gamma,aic,5,0.3,3702.856801537244,0.5652725359759531,29.700173338922603,45.89358115506533
A,20,20,125,gamma,aic,5,0.5,4003.792923070062,0.5623380473197257,30.082251701183832,46.37403762403248
A,20,20,125,gamma,aic,5,0.95,4962.651269534866,0.5551647476442304,31.052256385758692,47.56845701688284
A,20,20,125,gaussian,em,3,0.3,4900.856682329833,0.5565409233966225,30.688549442028034,47.15076936401482
A,20,20,125,gaussian,em,3,0.5,5174.64637145271,0.5543384165690137,30.96670294728421,47.50895752127121
A,20,20,125,gaussian,em,3,0.95,5775.33522307015,0.5502079103583056,31.570886225697848,48.238890767113745
A,20,20,125,gaussian,em,5,0.3,4900.856682329833,0.5565409233966225,30.688549442028034,47.15076936401482
A,20,20,125,gaussian,em,5,0.5,5174.64637145271,0.5543384165690137,30.96670294728421,47.50895752127121
A,20,20,125,gaussian,em,5,0.95,5775.33522307015,0.5502079103583056,31.570886225697848,48.238890767113745
A,20,20,125,gaussian,aic,3,0.3,3558.0174118969617,0.5665023080922138,29.520665588989072,45.675997279515066
A,20,20,125,gaussian,aic,3,0.5,3811.9108867769987,0.5640961595029824,29.92880001749022,46.167234387689824
A,20,20,125,gaussian,aic,3,0.95,4873.8099034905,0.5558089260844183,30.979722251764542,47.46911234973944
A,20,20,125,gaussian,aic,5,0.3,3558.0174118969617,0.5665023080922138,29.520665588989072,45.675997279515066
A,20,20,125,gaussian,aic,5,0.5,3811.9108867769987,0.5640961595029824,29.92880001749022,46.167234387689824
A,20,20,125,gaussian,aic,5,0.95,4873.8099034905,0.5558089260844183,30.979722251764542,47.46911234973944
A,20,20,125,t,em,3,0.3,3608.939552200655,0.56623449889575,29.553645913707037,45.72381379100902
A,20,20,125,t,em,3,0.5,3905.89209417501,0.5630332889372591,29.975272773309246,46.250483757828505
A,20,20,125,t,em,3,0.95,4828.445507018352,0.556142420095592,30.969460942622696,47.451674983604015
A,20,20,125,t,em,5,0.3,3487.879158878338,0.5673090697071183,29.44842371038802,45.58484677647194
A,20,20,125,t,em,5,0.5,3826.162222973127,0.5637163505368524,29.908318575871192,46.153580714844466
A,20,20,125,t,em,5,0.95,4775.2822032444365,0.5564368856562577,30.927552878979554,47.39686153400387
A,20,20,125,t,aic,3,0.3,3608.939552200655,0.56623449889575,29.553645913707037,45.72381379100902
A,20,20,125,t,aic,3,0.5,3905.89209417501,0.5630332889372591,29.975272773309246,46.250483757828505
A,20,20,125,t,aic,3,0.95,4828.445507018352,0.556142420095592,30.969460942622696,47.451674983604015
A,20,20,125,t,aic,5,0.3,3487.879158878338,0.5673090697071183,29.44842371038802,45.58484677647194
A,20,20,125,t,aic,5,0.5,3826.162222973127,0.5637163505368524,29.908318575871192,46.153580714844466
A,20,20,125,t,aic,5,0.95,4775.2822032444365,0.5564368856562577,30.927552878979554,47.39686153400387
A,25,10,115,gamma,em,3,0.3,3714.7726658999118,0.5707111726179603,34.62666884374952,46.97329446934086
A,25,10,115,gamma,em,3,0.5,4189.549605874583,0.5659703852455102,35.11517931012755,47.5946697833671
A,25,10,115,gamma,em,3,0.95,5103.575268074825,0.5583615345509164,36.08854248452286,48.73782869654357
A,25,10,115,gamma,em,5,0.3,3714.7726658999118,0.5707111726179603,34.62666884374952,46.97329446934086
A,25,10,115,gamma,em,5,0.5,4189.549605874583,0.5659703852455102,35.11517931012755,47.5946697833671
A,25,10,115,gamma,em,5,0.95,5103.575268074825,0.5583615345509164,36.08854248452286,48.73782869654357
A,25,10,115,gamma,aic,3,0.3,3710.8864569140933,0.5707254335628318,34.6226033508848,46.9675071357902
A,25,10,115,gamma,aic,3,0.5,4161.1054482210075,0.5663508656337781,35.094943979179845,47.562190971132466
A,25,10,115,gamma,aic,3,0.95,5095.532776085371,0.5584262837524195,36.07393444787935,48.72109299706851
A,25,10,115,gamma,aic,5,0.3,3710.8864569140933,0.5707254335628318,34.6226033508848,46.9675071357902
A,25,10,115,gamma,aic,5,0.5,4161.1054482210075,0.5663508656337781,35.094943979179845,47.562190971132466
A,25,10,115,gamma,aic,5,0.95,5095.532776085371,0.5584262837524195,36.07393444787935,48.72109299706851
A,25,10,115,gaussian,em,3,0.3,4421.767395545263,0.565181846586859,35.37853102804575,47.874344954251114
A,25,10,115,gaussian,em,3,0.5,4785.882592639331,0.5617543111003285,35.729704274675086,48.31728870159507
A,25,10,115,gaussian,em,3,0.95,5502.414482877485,0.5562033914606301,36.41074450883527,49.13236314979017
A,25,10,115,gaussian,em,5,0.3,4421.767395545263,0.565181846586859,35.37853102804575,47.874344954251114
A,25,10,115,gaussian,em,5,0.5,4785.882592639331,0.5617543111003285,35.729704274675086,48.31728870159507
A,25,10,115,gaussian,em,5,0.95,5502.414482877485,0.5562033914606301,36.41074450883527,49.13236314979017
A,25,10,115,gaussian,aic,3,0.3,3752.583658858527,0.5702959119991867,34.643727305099446,47.00535574866413
A,25,10,115,gaussian,aic,3,0.5,4171.418985541381,0.566113692274085,35.10409282071325,47.57507596702277
A,25,10,115,gaussian,aic,3,0.95,5101.021618208576,0.5584196063498157,36.08513343458124,48.73586219939591
A,25,10,115,gaussian,aic,5,0.3,3752.583658858527,0.5702959119991867,34.643727305099446,47.00535574866413
A,25,10,115,gaussian,aic,5,0.5,4171.418985541381,0.566113692274085,35.10409282071325,47.57507596702277
A,25,10,115,gaussian,aic,5,0.95,5101.021618208576,0.5584196063498157,36.08513343458124,48.73586219939591
A,25,10,115,t,em,3,0.3,3741.887165176794,0.5704585655086162,34.63263997320071,46.98863717110827
A,25,10,115,t,em,3,0.5,4179.230312608376,0.5661463111894265,35.11533240897197,47.59293354910695
A,25,10,115,t,em,3,0.95,5101.116194104222,0.5584245825919145,36.081606936184436,48.7315348211788
A,25,10,115,t,em,5,0.3,3711.9317926516437,0.5707704365178798,34.62881156914956,46.97638910529946
A,25,10,115,t,em,5,0.5,4185.512976214961,0.5660424146670241,35.105988137438615,47.58337876989468
A,25,10,115,t,em,5,0.95,5098.822339876111,0.5584326939945233,36.07808483988653,48.72624833956718
A,25,10,115,t,aic,3,0.3,3741.887165176794,0.5704585655086162,34.63263997320071,46.98863717110827
A,25,10,115,t,aic,3,0.5,4179.230312608376,0.5661463111894265,35.11533240897197,47.59293354910695
A,25,10,115,t,aic,3,0.95,5101.116194104222,0.5584245825919145,36.081606936184436,48.7315348211788
A,25,10,115,t,aic,5,0.3,3711.9317926516437,0.5707704365178798,34.62881156914956,46.97638910529946
A,25,10,115,t,aic,5,0.5,4185.512976214961,0.5660424146670241,35.105988137438615,47.58337876989468
A,25,10,115,t,aic,5,0.95,5098.822339876111,0.5584326939945233,36.07808483988653,48.72624833956718
A,25,10,120,gamma,em,3,0.3,3714.349247428289,0.5684329602912209,32.5425793856139,46.651093499579034
A,25,10,120,gamma,em,3,0.5,4189.12618740296,0.5638529692537129,33.03108985199193,47.27674522412799
A,25,10,120,gamma,em,3,0.95,5103.151849603202,0.5565005168748217,34.004453026387246,48.427442416014834
A,25,10,120,gamma,em,5,0.3,3714.349247428289,0.5684329602912209,32.5425793856139,46.651093499579034
A,25,10,120,gamma,em,5,0.5,4189.12618740296,0.5638529692537129,33.03108985199193,47.27674522412799
A,25,10,120,gamma,em,5,0.95,5103.151849603202,0.5565005168748217,34.004453026387246,48.427442416014834
A,25,10,120,gamma,aic,3,0.3,3710.4630384424686,0.5684473286004715,32.53851389274918,46.64532880542618
A,25,10,120,gamma,aic,3,0.5,4160.682029749383,0.5642202870160019,33.01085452104424,47.24406504637376
A,25,10,120,gamma,aic,3,0.95,5095.1093576137455,0.5565634313030362,33.98984498974374,48.410614595759164
A,25,10,120,gamma,aic,5,0.3,3710.4630384424686,0.5684473286004715,32.53851389274918,46.64532880542618
A,25,10,120,gamma,aic,5,0.5,4160.682029749383,0.5642202870160019,33.01085452104424,47.24406504637376
A,25,10,120,gamma,aic,5,0.95,5095.1093576137455,0.5565634313030362,33.98984498974374,48.410614595759164
A,25,10,120,gaussian,em,3,0.3,4421.343977073639,0.5630781250811577,33.294441569910134,47.55681887978788
A,25,10,120,gaussian,em,3,0.5,4785.459174167707,0.5597680141219964,33.645614816539464,48.00298611506955
A,25,10,120,gaussian,em,3,0.95,5501.991064405862,0.5544090460455164,34.32665505069966,48.823855510439785
A,25,10,120,gaussian,em,5,0.3,4421.343977073639,0.5630781250811577,33.294441569910134,47.55681887978788
A,25,10,120,gaussian,em,5,0.5,4785.459174167707,0.5597680141219964,33.645614816539464,48.00298611506955
A,25,10,120,gaussian,em,5,0.95,5501.991064405862,0.5544090460455164,34.32665505069966,48.823855510439785
A,25,10,120,gaussian,aic,3,0.3,3752.1602403869024,0.5680338118523469,32.55963784696384,46.683444666825984
A,25,10,120,gaussian,aic,3,0.5,4170.995567069757,0.5639917353911302,33.02000336257764,47.257033583236
A,25,10,120,gaussian,aic,3,0.95,5100.598199736951,0.5565572284489323,34.00104397644563,48.42548414121863
A,25,10,120,gaussian,aic,5,0.3,3752.1602403869024,0.5680338118523469,32.55963784696384,46.683444666825984
A,25,10,120,gaussian,aic,5,0.5,4170.995567069757,0.5639917353911302,33.02000336257764,47.257033583236
A,25,10,120,gaussian,aic,5,0.95,5100.598199736951,0.5565572284489323,34.00104397644563,48.42548414121863
A,25,10,120,t,em,3,0.3,3741.4637467051703,0.5681903686471022,32.548550515065095,46.66658816704307
A,25,10,120,t,em,3,0.5,4178.806894136751,0.5640232674947654,33.03124295083636,47.27501575386663
A,25,10,120,t,em,3,0.95,5100.692775632599,0.5565615098309981,33.99751747804883,48.42111747365557
A,25,10,120,t,em,5,0.3,3711.508374180019,0.5684907493554638,32.54472211101395,46.654253920486305
A,25,10,120,t,em,5,0.5,4185.089557743337,0.5639227306615562,33.021898679303,47.26540094039459
A,25,10,120,t,em,5,0.95,5098.398921404489,0.5565693820382429,33.993995381750906,48.41580066948264
A,25,10,120,t,aic,3,0.3,3741.4637467051703,0.5681903686471022,32.548550515065095,46.66658816704307
A,25,10,120,t,aic,3,0.5,4178.806894136751,0.5640232674947654,33.03124295083636,47.27501575386663
A,25,10,120,t,aic,3,0.95,5100.692775632599,0.5565615098309981,33.99751747804883,48.42111747365557
A,25,10,120,t,aic,5,0.3,3711.508374180019,0.5684907493554638,32.54472211101395,46.654253920486305
A,25,10,120,t,aic,5,0.5,4185.089557743337,0.5639227306615562,33.021898679303,47.26540094039459
A,25,10,120,t,aic,5,0.95,5098.398921404489,0.5565693820382429,33.993995381750906,48.41580066948264
A,25,10,125,gamma,em,3,0.3,3714.1295465900084,0.5664858113961901,30.61994368633886,46.56428622580931
A,25,10,125,gamma,em,3,0.5,4188.90648656468,0.5620441869838005,31.108454152716888,47.191127349831085
A,25,10,125,gamma,em,3,0.95,5102.932148764921,0.5549124240005691,32.081817327112205,48.34391106123154
A,25,10,125,gamma,em,5,0.3,3714.1295465900084,0.5664858113961901,30.61994368633886,46.56428622580931
A,25,10,125,gamma,em,5,0.5,4188.90648656468,0.5620441869838005,31.108454152716888,47.191127349831085
A,25,10,125,gamma,em,5,0.95,5102.932148764921,0.5549124240005691,32.081817327112205,48.34391106123154
A,25,10,125,gamma,aic,3,0.3,3710.243337604189,0.5665000238027762,30.615878193474153,46.55855573719259
A,25,10,125,gamma,aic,3,0.5,4160.462328911103,0.5624000755850235,31.088218821769193,47.158401937350604
A,25,10,125,gamma,aic,3,0.95,5094.8896567754655,0.5549735947960099,32.06720929046871,48.32706465592207
A,25,10,125,gamma,aic,5,0.3,3710.243337604189,0.5665000238027762,30.615878193474153,46.55855573719259
A,25,10,125,gamma,aic,5,0.5,4160.462328911103,0.5624000755850235,31.088218821769193,47.158401937350604
A,25,10,125,gamma,aic,5,0.95,5094.8896567754655,0.5549735947960099,32.06720929046871,48.32706465592207
A,25,10,125,gaussian,em,3,0.3,4421.124276235358,0.5612843497157002,31.371805870635097,47.470626381432716
A,25,10,125,gaussian,em,3,0.5,4785.239473329426,0.5580745909092353,31.72297911726443,47.917811915865734
A,25,10,125,gaussian,em,3,0.95,5501.771363567581,0.5528797622506081,32.40401935142462,48.74051194839906
A,25,10,125,gaussian,em,5,0.3,4421.124276235358,0.5612843497157002,31.371805870635097,47.470626381432716
A,25,10,125,gaussian,em,5,0.5,4785.239473329426,0.5580745909092353,31.72297911726443,47.917811915865734
A,25,10,125,gaussian,em,5,0.95,5501.771363567581,0.5528797622506081,32.40401935142462,48.74051194839906
A,25,10,125,gaussian,aic,3,0.3,3751.940539548622,0.5661007676475031,30.637002147688797,46.596753237094234
A,25,10,125,gaussian,aic,3,0.5,4170.775866231475,0.5621792743947818,31.0973676633026,47.171393449920295
A,25,10,125,gaussian,aic,3,0.95,5100.378498898671,0.554968071479236,32.07840827717059,48.3419638780789
A,25,10,125,gaussian,aic,5,0.3,3751.940539548622,0.5661007676475031,30.637002147688797,46.596753237094234
A,25,10,125,gaussian,aic,5,0.5,4170.775866231475,0.5621792743947818,31.0973676633026,47.171393449920295
A,25,10,125,gaussian,aic,5,0.95,5100.378498898671,0.554968071479236,32.07840827717059,48.3419638780789
A,25,10,125,t,em,3,0.3,3741.24404586689,0.5662518851934919,30.62591481579006,46.579838125739414
A,25,10,125,t,em,3,0.5,4178.587193298471,0.5622096092313829,31.108607251561317,47.18940523598146
A,25,10,125,t,em,3,0.95,5100.473074794318,0.5549716072558382,32.074881778773786,48.337579314935816
A,25,10,125,t,em,5,0.3,3711.288673341739,0.5665421650207596,30.622086411738913,46.56748297323253
A,25,10,125,t,em,5,0.5,4184.869856905056,0.5621118468784054,31.09926298002797,47.17977872228519
A,25,10,125,t,em,5,0.95,5098.179220566208,0.5549792647668652,32.07135968247588,48.332257355628116
A,25,10,125,t,aic,3,0.3,3741.24404586689,0.5662518851934919,30.62591481579006,46.579838125739414
A,25,10,125,t,aic,3,0.5,4178.587193298471,0.5622096092313829,31.108607251561317,47.18940523598146
A,25,10,125,t,aic,3,0.95,5100.473074794318,0.5549716072558382,32.074881778773786,48.337579314935816
A,25,10,125,t,aic,5,0.3,3711.288673341739,0.5665421650207596,30.622086411738913,46.56748297323253
A,25,10,125,t,aic,5,0.5,4184.869856905056,0.5621118468784054,31.09926298002797,47.17977872228519
A,25,10,125,t,aic,5,0.95,5098.179220566208,0.5549792647668652,32.07135968247588,48.332257355628116
A,25,15,115,gamma,em,3,0.3,4034.0959142560823,0.5676279780328897,34.93538840952558,47.37565123848205
A,25,15,115,gamma,em,3,0.5,4394.532211498986,0.5641511222937627,35.34577024503832,47.868658794371946
A,25,15,115,gamma,em,3,0.95,5261.671344826331,0.5572932272917863,36.20601352451819,48.883449529369656
A,25,15,115,gamma,em,5,0.3,4034.0959142560823,0.5676279780328897,34.93538840952558,47.37565123848205
A,25,15,115,gamma,em,5,0.5,4394.532211498986,0.5641511222937627,35.34577024503832,47.868658794371946
A,25,15,115,gamma,em,5,0.95,5261.671344826331,0.5572932272917863,36.20601352451819,48.883449529369656
A,25,15,115,gamma,aic,3,0.3,3731.389414384686,0.5703236244434172,34.64748986693631,47.002254241346925
A,25,15,115,gamma,aic,3,0.5,4171.079654937988,0.5659774074425178,35.13867849565327,47.60931013602631
A,25,15,115,gamma,aic,3,0.95,5160.289729709146,0.5578604802920399,36.116978860681876,48.786534312083646
A,25,15,115,gamma,aic,5,0.3,3731.389414384686,0.5703236244434172,34.64748986693631,47.002254241346925
A,25,15,115,gamma,aic,5,0.5,4171.079654937988,0.5659774074425178,35.13867849565327,47.60931013602631
A,25,15,115,gamma,aic,5,0.95,5160.289729709146,0.5578604802920399,36.116978860681876,48.786534312083646
A,25,15,115,gaussian,em,3,0.3,4580.4628585688515,0.5638957804875677,35.5524788822169,48.087786795103604
A,25,15,115,gaussian,em,3,0.5,4882.2864210648495,0.5609718920409114,35.85141606131187,48.451891905075634
A,25,15,115,gaussian,em,3,0.95,5546.429229884821,0.555793989212832,36.443503910624464,49.164829125139434
A,25,15,115,gaussian,em,5,0.3,4580.4628585688515,0.5638957804875677,35.5524788822169,48.087786795103604
A,25,15,115,gaussian,em,5,0.5,4882.2864210648495,0.5609718920409114,35.85141606131187,48.451891905075634
A,25,15,115,gaussian,em,5,0.95,5546.429229884821,0.555793989212832,36.443503910624464,49.164829125139434
A,25,15,115,gaussian,aic,3,0.3,3919.0992402406955,0.5685869499075967,34.93068712687404,47.33421988887593
A,25,15,115,gaussian,aic,3,0.5,4337.569314653057,0.5646091080544975,35.344724652582144,47.85461262513691
A,25,15,115,gaussian,aic,3,0.95,5216.672372985336,0.5574426209459656,36.19424414906686,48.872918837928424
A,25,15,115,gaussian,aic,5,0.3,3919.0992402406955,0.5685869499075967,34.93068712687404,47.33421988887593
A,25,15,115,gaussian,aic,5,0.5,4337.569314653057,0.5646091080544975,35.344724652582144,47.85461262513691
A,25,15,115,gaussian,aic,5,0.95,5216.672372985336,0.5574426209459656,36.19424414906686,48.872918837928424
A,25,15,115,t,em,3,0.3,3688.031817854541,0.5711410374017696,34.56099867963625,46.9009285848472
A,25,15,115,t,em,3,0.5,4160.878355794565,0.5662752083370218,35.11056502137365,47.58273154419133
A,25,15,115,t,em,3,0.95,5172.1624550377865,0.5580198880488021,36.11599297332186,48.7850666117853
A,25,15,115,t,em,5,0.3,3662.733664542028,0.5711338365472248,34.568012713014035,46.89953769448708
A,25,15,115,t,em,5,0.5,4097.909835567794,0.5668867473568893,35.06399836303906,47.512638804539066
A,25,15,115,t,em,5,0.95,5113.249633279277,0.5581765866948504,36.07621032857338,48.73316639216329
A,25,15,115,t,aic,3,0.3,3688.031817854541,0.5711410374017696,34.56099867963625,46.9009285848472
A,25,15,115,t,aic,3,0.5,4160.878355794565,0.5662752083370218,35.11056502137365,47.58273154419133
A,25,15,115,t,aic,3,0.95,5172.1624550377865,0.5580198880488021,36.11599297332186,48.7850666117853
A,25,15,115,t,aic,5,0.3,3662.733664542028,0.5711338365472248,34.568012713014035,46.89953769448708
A,25,15,115,t,aic,5,0.5,4097.909835567794,0.5668867473568893,35.06399836303906,47.512638804539066
A,25,15,115,t,aic,5,0.95,5113.249633279277,0.5581765866948504,36.07621032857338,48.73316639216329
A,25,15,120,gamma,em,3,0.3,4033.6724957844576,0.56545592221429,32.85129895138996,47.056326823922134
A,25,15,120,gamma,em,3,0.5,4394.108793027362,0.5620966606573337,33.26168078690271,47.552623453739855
A,25,15,120,gamma,em,3,0.95,5261.247926354709,0.5554697073137923,34.12192406638258,48.57402436802589
A,25,15,120,gamma,em,5,0.3,4033.6724957844576,0.56545592221429,32.85129895138996,47.056326823922134
A,25,15,120,gamma,em,5,0.5,4394.108793027362,0.5620966606573337,33.26168078690271,47.552623453739855
A,25,15,120,gamma,em,5,0.95,5261.247926354709,0.5554697073137923,34.12192406638258,48.57402436802589
A,25,15,120,gamma,aic,3,0.3,3730.9659959130613,0.5680595600557421,32.56340040880069,46.68032402780174
A,25,15,120,gamma,aic,3,0.5,4170.656236466364,0.563860445878455,33.05458903751765,47.291517614510994
A,25,15,120,gamma,aic,3,0.95,5159.866311237523,0.5560171375388995,34.03288940254626,48.476483185349295
A,25,15,120,gamma,aic,5,0.3,3730.9659959130613,0.5680595600557421,32.56340040880069,46.68032402780174
A,25,15,120,gamma,aic,5,0.5,4170.656236466364,0.563860445878455,33.05458903751765,47.291517614510994
A,25,15,120,gamma,aic,5,0.95,5159.866311237523,0.5560171375388995,34.03288940254626,48.476483185349295
A,25,15,120,gaussian,em,3,0.3,4580.039440097227,0.5618357475830228,33.46838942408128,47.77177289352431
A,25,15,120,gaussian,em,3,0.5,4881.863002593224,0.5590121960271819,33.76732660317626,48.13852304375952
A,25,15,120,gaussian,em,3,0.95,5546.005811413197,0.5540132882557649,34.35941445248884,48.856521811894766
A,25,15,120,gaussian,em,5,0.3,4580.039440097227,0.5618357475830228,33.46838942408128,47.77177289352431
A,25,15,120,gaussian,em,5,0.5,4881.863002593224,0.5590121960271819,33.76732660317626,48.13852304375952
A,25,15,120,gaussian,em,5,0.95,5546.005811413197,0.5540132882557649,34.35941445248884,48.856521811894766
A,25,15,120,gaussian,aic,3,0.3,3918.6758217690704,0.5663806028197398,32.846597668738426,47.01420684297658
A,25,15,120,gaussian,aic,3,0.5,4337.145896181433,0.5625366802455808,33.26063519444653,47.538176078927115
A,25,15,120,gaussian,aic,3,0.95,5216.248954513713,0.5556129450344403,34.11015469093125,48.563289992613775
A,25,15,120,gaussian,aic,5,0.3,3918.6758217690704,0.5663806028197398,32.846597668738426,47.01420684297658
A,25,15,120,gaussian,aic,5,0.5,4337.145896181433,0.5625366802455808,33.26063519444653,47.538176078927115
A,25,15,120,gaussian,aic,5,0.95,5216.248954513713,0.5556129450344403,34.11015469093125,48.563289992613775
A,25,15,120,t,em,3,0.3,3687.608399382916,0.5688489523307043,32.47690922150063,46.57826516976911
A,25,15,120,t,em,3,0.5,4160.45493732294,0.5641482067675525,33.02647556323804,47.26472025953139
A,25,15,120,t,em,3,0.95,5171.739036566162,0.5561716793130663,34.031903515186244,48.47498407473576
A,25,15,120,t,em,5,0.3,3662.310246070403,0.5688417044515016,32.48392325487843,46.57685141325676
A,25,15,120,t,em,5,0.5,4097.486417096171,0.5647388870082022,32.979908904903446,47.194154723687724
A,25,15,120,t,em,5,0.95,5112.826214807653,0.5563227911352346,33.992120870437766,48.422733856186106
A,25,15,120,t,aic,3,0.3,3687.608399382916,0.5688489523307043,32.47690922150063,46.57826516976911
A,25,15,120,t,aic,3,0.5,4160.45493732294,0.5641482067675525,33.02647556323804,47.26472025953139
A,25,15,120,t,aic,3,0.95,5171.739036566162,0.5561716793130663,34.031903515186244,48.47498407473576
A,25,15,120,t,aic,5,0.3,3662.310246070403,0.5688417044515016,32.48392325487843,46.57685141325676
A,25,15,120,t,aic,5,0.5,4097.486417096171,0.5647388870082022,32.979908904903446,47.194154723687724
A,25,15,120,t,aic,5,0.95,5112.826214807653,0.5563227911352346,33.992120870437766,48.422733856186106
A,25,15,125,gamma,em,3,0.3,4033.452794946178,0.5636018958918976,30.928663252114923,46.97042723902785
A,25,15,125,gamma,em,3,0.5,4393.889092189081,0.5603431728637986,31.33904508762767,47.46759194449246
A,25,15,125,gamma,em,3,0.95,5261.028225516429,0.5539144816795097,32.19928836710754,48.490785951876994
A,25,15,125,gamma,em,5,0.3,4033.452794946178,0.5636018958918976,30.928663252114923,46.97042723902785
A,25,15,125,gamma,em,5,0.5,4393.889092189081,0.5603431728637986,31.33904508762767,47.46759194449246
A,25,15,125,gamma,em,5,0.95,5261.028225516429,0.5539144816795097,32.19928836710754,48.490785951876994
A,25,15,125,gamma,aic,3,0.3,3730.7462950747818,0.5661246849373748,30.640764709525655,46.59361730034136
A,25,15,125,gamma,aic,3,0.5,4170.436535628085,0.5620518424640603,31.131953338242614,47.2059463361953
A,25,15,125,gamma,aic,3,0.95,5159.6466103992425,0.5544443954221292,32.110253703271226,48.393053746737614
A,25,15,125,gamma,aic,5,0.3,3730.7462950747818,0.5661246849373748,30.640764709525655,46.59361730034136
A,25,15,125,gamma,aic,5,0.5,4170.436535628085,0.5620518424640603,31.131953338242614,47.2059463361953
A,25,15,125,gamma,aic,5,0.95,5159.6466103992425,0.5544443954221292,32.110253703271226,48.393053746737614
A,25,15,125,gaussian,em,3,0.3,4579.819739258946,0.5600800160779664,31.54575372480624,47.68605694100198
A,25,15,125,gaussian,em,3,0.5,4881.643301754944,0.5573422127882836,31.84469090390122,48.053642866525905
A,25,15,125,gaussian,em,3,0.95,5545.786110574915,0.5524960012500554,32.43677875321381,48.77324063101535
A,25,15,125,gaussian,em,5,0.3,4579.819739258946,0.5600800160779664,31.54575372480624,47.68605694100198
A,25,15,125,gaussian,em,5,0.5,4881.643301754944,0.5573422127882836,31.84469090390122,48.053642866525905
A,25,15,125,gaussian,em,5,0.95,5545.786110574915,0.5524960012500554,32.43677875321381,48.77324063101535
A,25,15,125,gaussian,aic,3,0.3,3918.4561209307913,0.5644965150819616,30.923961969463384,46.927826056216304
A,25,15,125,gaussian,aic,3,0.5,4336.926195343153,0.5607676211467878,31.337999495171495,47.452816984199345
A,25,15,125,gaussian,aic,3,0.95,5216.029253675432,0.5540524108651409,32.18751899165621,48.47989932232645
A,25,15,125,gaussian,aic,5,0.3,3918.4561209307913,0.5644965150819616,30.923961969463384,46.927826056216304
A,25,15,125,gaussian,aic,5,0.5,4336.926195343153,0.5607676211467878,31.337999495171495,47.452816984199345
A,25,15,125,gaussian,aic,5,0.95,5216.029253675432,0.5540524108651409,32.18751899165621,48.47989932232645
A,25,15,125,t,em,3,0.3,3687.388698544637,0.5668902523712119,30.554273522225593,46.49134306209671
A,25,15,125,t,em,3,0.5,4160.23523648466,0.5623315620298304,31.103839863962996,47.17909019335923
A,25,15,125,t,em,3,0.95,5171.519335727882,0.5545948859443789,32.10926781591121,48.391547795070025
A,25,15,125,t,em,5,0.3,3662.090545232123,0.566882949794256,30.56128755560339,46.48992581579787
A,25,15,125,t,em,5,0.5,4097.266716257889,0.5629040325453248,31.057273205628412,47.10838232442282
A,25,15,125,t,em,5,0.95,5112.606513969373,0.5547411216196279,32.069485171162725,48.3391892805794
A,25,15,125,t,aic,3,0.3,3687.388698544637,0.5668902523712119,30.554273522225593,46.49134306209671
A,25,15,125,t,aic,3,0.5,4160.23523648466,0.5623315620298304,31.103839863962996,47.17909019335923
A,25,15,125,t,aic,3,0.95,5171.519335727882,0.5545948859443789,32.10926781591121,48.391547795070025
A,25,15,125,t,aic,5,0.3,3662.090545232123,0.566882949794256,30.56128755560339,46.48992581579787
A,25,15,125,t,aic,5,0.5,4097.266716257889,0.5629040325453248,31.057273205628412,47.10838232442282
A,25,15,125,t,aic,5,0.95,5112.606513969373,0.5547411216196279,32.069485171162725,48.3391892805794
A,25,20,115,gamma,em,3,0.3,3852.561915354908,0.5696115635607959,34.678464846092,47.05853415257098
A,25,20,115,gamma,em,3,0.5,4228.151695436858,0.5660248827372671,35.144074967628036,47.61469403704115
A,25,20,115,gamma,em,3,0.95,5104.152636294461,0.5586275186200698,36.0549562994174,48.69325056258912
A,25,20,115,gamma,em,5,0.3,3852.561915354908,0.5696115635607959,34.678464846092,47.05853415257098
A,25,20,115,gamma,em,5,0.5,4228.151695436858,0.5660248827372671,35.144074967628036,47.61469403704115
A,25,20,115,gamma,em,5,0.95,5104.152636294461,0.5586275186200698,36.0549562994174,48.69325056258912
A,25,20,115,gamma,aic,3,0.3,3648.9353696864428,0.5719272743749582,34.541865764903626,46.86433363201038
A,25,20,115,gamma,aic,3,0.5,4088.756573085884,0.5674919375461541,35.0302507295266,47.477534149589324
A,25,20,115,gamma,aic,3,0.95,5009.7316405495785,0.5596390147596484,36.02384735575671,48.6440567109799
A,25,20,115,gamma,aic,5,0.3,3648.9353696864428,0.5719272743749582,34.541865764903626,46.86433363201038
A,25,20,115,gamma,aic,5,0.5,4088.756573085884,0.5674919375461541,35.0302507295266,47.477534149589324
A,25,20,115,gamma,aic,5,0.95,5009.7316405495785,0.5596390147596484,36.02384735575671,48.6440567109799
A,25,20,115,gaussian,em,3,0.3,6304.422265289273,0.5521920489578191,36.81712084924196,49.651490188433606
A,25,20,115,gaussian,em,3,0.5,6399.410614958935,0.5514684792984659,36.92756293277944,49.77436490492711
A,25,20,115,gaussian,em,3,0.95,6674.340472382819,0.5494561802441191,37.13508969598538,50.03231399047418
A,25,20,115,gaussian,em,5,0.3,6304.422265289273,0.5521920489578191,36.81712084924196,49.651490188433606
A,25,20,115,gaussian,em,5,0.5,6399.410614958935,0.5514684792984659,36.92756293277944,49.77436490492711
A,25,20,115,gaussian,em,5,0.95,6674.340472382819,0.5494561802441191,37.13508969598538,50.03231399047418
A,25,20,115,gaussian,aic,3,0.3,3688.3927652190214,0.5713028884677673,34.5434564255698,46.865389922009925
A,25,20,115,gaussian,aic,3,0.5,4074.5056617822747,0.5674114438367793,35.04930821187658,47.49760543309562
A,25,20,115,gaussian,aic,3,0.95,5004.7957493962085,0.559431517529467,36.02035262367109,48.64427951867797
A,25,20,115,gaussian,aic,5,0.3,3688.3927652190214,0.5713028884677673,34.5434564255698,46.865389922009925
A,25,20,115,gaussian,aic,5,0.5,4074.5056617822747,0.5674114438367793,35.04930821187658,47.49760543309562
A,25,20,115,gaussian,aic,5,0.95,5004.7957493962085,0.559431517529467,36.02035262367109,48.64427951867797
A,25,20,115,t,em,3,0.3,3725.176331239777,0.5711967385822715,34.56731284115615,46.89715976787055
A,25,20,115,t,em,3,0.5,4102.220821078826,0.5673435940824914,35.03963221239814,47.48176161444009
A,25,20,115,t,em,3,0.95,5013.426594550127,0.5594426593072515,36.022289650897996,48.644866563185744
A,25,20,115,t,em,5,0.3,3562.7108134065566,0.5727553905639045,34.407602596813184,46.69243868672909
A,25,20,115,t,em,5,0.5,3979.317755499231,0.5684512282769099,34.9350597441594,47.343006165759796
A,25,20,115,t,em,5,0.95,4944.16122271737,0.5599014002739854,35.99065156236704,48.59440213975945
A,25,20,115,t,aic,3,0.3,3725.176331239777,0.5711967385822715,34.56731284115615,46.89715976787055
A,25,20,115,t,aic,3,0.5,4102.220821078826,0.5673435940824914,35.03963221239814,47.48176161444009
A,25,20,115,t,aic,3,0.95,5013.426594550127,0.5594426593072515,36.022289650897996,48.644866563185744
A,25,20,115,t,aic,5,0.3,3562.7108134065566,0.5727553905639045,34.407602596813184,46.69243868672909
A,25,20,115,t,aic,5,0.5,3979.317755499231,0.5684512282769099,34.9350597441594,47.343006165759796
A,25,20,115,t,aic,5,0.95,4944.16122271737,0.5599014002739854,35.99065156236704,48.59440213975945
A,25,20,120,gamma,em,3,0.3,3852.138496883284,0.5673773211301563,32.59437538795639,46.73727626760292
A,25,20,120,gamma,em,3,0.5,4227.728276965234,0.5639125776890613,33.05998550949242,47.29718723140739
A,25,20,120,gamma,em,3,0.95,5103.729217822837,0.556761529007362,33.97086684128178,48.38274756042428
A,25,20,120,gamma,em,5,0.3,3852.138496883284,0.5673773211301563,32.59437538795639,46.73727626760292
A,25,20,120,gamma,em,5,0.5,4227.728276965234,0.5639125776890613,33.05998550949242,47.29718723140739
A,25,20,120,gamma,em,5,0.95,5103.729217822837,0.556761529007362,33.97086684128178,48.38274756042428
A,25,20,120,gamma,aic,3,0.3,3648.511951214818,0.5696070904752801,32.45777630676801,46.54111422994431
A,25,20,120,gamma,aic,3,0.5,4088.3331546142604,0.5653230597772902,32.94616127139098,47.15863367392974
A,25,20,120,gamma,aic,3,0.95,5009.308222077956,0.557736931377703,33.939757897621085,48.333061775704486
A,25,20,120,gamma,aic,5,0.3,3648.511951214818,0.5696070904752801,32.45777630676801,46.54111422994431
A,25,20,120,gamma,aic,5,0.5,4088.3331546142604,0.5653230597772902,32.94616127139098,47.15863367392974
A,25,20,120,gamma,aic,5,0.95,5009.308222077956,0.557736931377703,33.939757897621085,48.333061775704486
A,25,20,120,gaussian,em,3,0.3,6303.99884681765,0.5505392799719876,34.73303139110634,49.34654950749501
A,25,20,120,gaussian,em,3,0.5,6398.987196487313,0.5498403302638729,34.843473474643815,49.47027446221337
A,25,20,120,gaussian,em,3,0.95,6673.917053911197,0.5478967144839704,35.05100023784977,49.729954333708505
A,25,20,120,gaussian,em,5,0.3,6303.99884681765,0.5505392799719876,34.73303139110634,49.34654950749501
A,25,20,120,gaussian,em,5,0.5,6398.987196487313,0.5498403302638729,34.843473474643815,49.47027446221337
A,25,20,120,gaussian,em,5,0.95,6673.917053911197,0.5478967144839704,35.05100023784977,49.729954333708505
A,25,20,120,gaussian,aic,3,0.3,3687.9693467473976,0.5690063509304941,32.459366967434185,46.54234806314503
A,25,20,120,gaussian,aic,3,0.5,4074.0822433106505,0.5652470878985388,32.96521875374096,47.17893741164854
A,25,20,120,gaussian,aic,3,0.95,5004.372330924585,0.5575366828692715,33.93626316553547,48.33331074846077
A,25,20,120,gaussian,aic,5,0.3,3687.9693467473976,0.5690063509304941,32.459366967434185,46.54234806314503
A,25,20,120,gaussian,aic,5,0.5,4074.0822433106505,0.5652470878985388,32.96521875374096,47.17893741164854
A,25,20,120,gaussian,aic,5,0.95,5004.372330924585,0.5575366828692715,33.93626316553547,48.33331074846077
A,25,20,120,t,em,3,0.3,3724.752912768153,0.5689065592575595,32.48322338302054,46.57455821425602
A,25,20,120,t,em,3,0.5,4101.797402607202,0.5651833330952284,32.955542754262524,47.1631336000322
A,25,20,120,t,em,3,0.95,5013.003176078506,0.5575484453970996,33.93820019276237,48.33397402105276
A,25,20,120,t,em,5,0.3,3562.287394934932,0.5704100674053041,32.32351313867757,46.368303122229065
A,25,20,120,t,em,5,0.5,3978.8943370276065,0.5662530327807145,32.85097028602378,47.02337730326637
A,25,20,120,t,em,5,0.95,4943.737804245747,0.5579904380205665,33.90656210423142,48.28315301601867
A,25,20,120,t,aic,3,0.3,3724.752912768153,0.5689065592575595,32.48322338302054,46.57455821425602
A,25,20,120,t,aic,3,0.5,4101.797402607202,0.5651833330952284,32.955542754262524,47.1631336000322
A,25,20,120,t,aic,3,0.95,5013.003176078506,0.5575484453970996,33.93820019276237,48.33397402105276
A,25,20,120,t,aic,5,0.3,3562.287394934932,0.5704100674053041,32.32351313867757,46.368303122229065
A,25,20,120,t,aic,5,0.5,3978.8943370276065,0.5662530327807145,32.85097028602378,47.02337730326637
A,25,20,120,t,aic,5,0.95,4943.737804245747,0.5579904380205665,33.90656210423142,48.28315301601867
A,25,20,125,gamma,em,3,0.3,3851.9187960450035,0.5654664294086131,30.67173968868135,46.65088573533442
A,25,20,125,gamma,em,3,0.5,4227.508576126954,0.5621065035099999,31.13734981021738,47.21179967957615
A,25,20,125,gamma,em,3,0.95,5103.509516984557,0.5551679345388343,32.04823114200674,48.299235217106556
A,25,20,125,gamma,em,5,0.3,3851.9187960450035,0.5654664294086131,30.67173968868135,46.65088573533442
A,25,20,125,gamma,em,5,0.5,4227.508576126954,0.5621065035099999,31.13734981021738,47.21179967957615
A,25,20,125,gamma,em,5,0.95,5103.509516984557,0.5551679345388343,32.04823114200674,48.299235217106556
A,25,20,125,gamma,aic,3,0.3,3648.292250376538,0.567624260643236,30.535140607492973,46.453866847138485
A,25,20,125,gamma,aic,3,0.5,4088.11345377598,0.5634700304661052,31.023525572115943,47.07261926514845
A,25,20,125,gamma,aic,3,0.95,5009.088521239674,0.5561130811760441,32.01712219834606,48.249324022829136
A,25,20,125,gamma,aic,5,0.3,3648.292250376538,0.567624260643236,30.535140607492973,46.453866847138485
A,25,20,125,gamma,aic,5,0.5,4088.11345377598,0.5634700304661052,31.023525572115943,47.07261926514845
A,25,20,125,gamma,aic,5,0.95,5009.088521239674,0.5561130811760441,32.01712219834606,48.249324022829136
A,25,20,125,gaussian,em,3,0.3,6303.779145979369,0.5491258877277306,32.8103956918313,49.26434100330475
A,25,20,125,gaussian,em,3,0.5,6398.767495649032,0.5484484666854594,32.92083777536878,49.38833328980621
A,25,20,125,gaussian,em,3,0.95,6673.697353072916,0.5465648748909196,33.12836453857473,49.648556744527006
A,25,20,125,gaussian,em,5,0.3,6303.779145979369,0.5491258877277306,32.8103956918313,49.26434100330475
A,25,20,125,gaussian,em,5,0.5,6398.767495649032,0.5484484666854594,32.92083777536878,49.38833328980621
A,25,20,125,gaussian,em,5,0.95,6673.697353072916,0.5465648748909196,33.12836453857473,49.648556744527006
A,25,20,125,gaussian,aic,3,0.3,3687.749645909117,0.567043470325465,30.53673126815915,46.4552409967105
A,25,20,125,gaussian,aic,3,0.5,4073.86254247237,0.5633975369695292,31.04258305446593,47.09304096754171
A,25,20,125,gaussian,aic,3,0.95,5004.152630086304,0.5559189791267176,32.01362746626044,48.24959838069914
A,25,20,125,gaussian,aic,5,0.3,3687.749645909117,0.567043470325465,30.53673126815915,46.4552409967105
A,25,20,125,gaussian,aic,5,0.5,4073.86254247237,0.5633975369695292,31.04258305446593,47.09304096754171
A,25,20,125,gaussian,aic,5,0.95,5004.152630086304,0.5559189791267176,32.01362746626044,48.24959838069914
A,25,20,125,t,em,3,0.3,3724.533211929872,0.5669493231281438,30.560587683745503,46.48767132793599
A,25,20,125,t,em,3,0.5,4101.5777017689215,0.5633374722079173,31.032907054987486,47.077311079682836
A,25,20,125,t,em,3,0.95,5012.783475240225,0.5559315667915159,32.01556449348734,48.25031003680117
A,25,20,125,t,em,5,0.3,3562.0676940966514,0.5684054892983378,30.400877439402528,46.280959007845794
A,25,20,125,t,em,5,0.5,3978.6746361893265,0.5643745349079682,30.928334586748747,46.93726581354316
A,25,20,125,t,em,5,0.95,4943.518103407465,0.5563590485348439,31.98392640495639,48.19938419636095
A,25,20,125,t,aic,3,0.3,3724.533211929872,0.5669493231281438,30.560587683745503,46.48767132793599
A,25,20,125,t,aic,3,0.5,4101.5777017689215,0.5633374722079173,31.032907054987486,47.077311079682836
A,25,20,125,t,aic,3,0.95,5012.783475240225,0.5559315667915159,32.01556449348734,48.25031003680117
A,25,20,125,t,aic,5,0.3,3562.0676940966514,0.5684054892983378,30.400877439402528,46.280959007845794
A,25,20,125,t,aic,5,0.5,3978.6746361893265,0.5643745349079682,30.928334586748747,46.93726581354316
A,25,20,125,t,aic,5,0.95,4943.518103407465,0.5563590485348439,31.98392640495639,48.19938419636095
A,30,10,115,gamma,em,3,0.3,4035.1754313766055,0.5688381013459624,35.69632797481207,48.01716382000335
A,30,10,115,gamma,em,3,0.5,4431.4293175393705,0.5651147898651567,36.14051813787956,48.551785137457045
A,30,10,115,gamma,em,3,0.95,5421.987748294879,0.5572554380095178,37.08026426784688,49.665128777710805
A,30,10,115,gamma,em,5,0.3,4035.1754313766055,0.5688381013459624,35.69632797481207,48.01716382000335
A,30,10,115,gamma,em,5,0.5,4431.4293175393705,0.5651147898651567,36.14051813787956,48.551785137457045
A,30,10,115,gamma,em,5,0.95,5421.987748294879,0.5572554380095178,37.08026426784688,49.665128777710805
A,30,10,115,gamma,aic,3,0.3,3881.1148643746587,0.5705821841238946,35.50276768396812,47.77954591100676
A,30,10,115,gamma,aic,3,0.5,4257.140799583068,0.566720847215157,35.95659383597107,48.33022712538325
A,30,10,115,gamma,aic,3,0.95,5313.911325057919,0.5581592160885591,37.00881664192043,49.567677187115365
A,30,10,115,gamma,aic,5,0.3,3881.1148643746587,0.5705821841238946,35.50276768396812,47.77954591100676
A,30,10,115,gamma,aic,5,0.5,4257.140799583068,0.566720847215157,35.95659383597107,48.33022712538325
A,30,10,115,gamma,aic,5,0.95,5313.911325057919,0.5581592160885591,37.00881664192043,49.567677187115365
A,30,10,115,gaussian,em,3,0.3,6918.015830330469,0.5491170032700168,37.98657956912648,50.7601346585429
A,30,10,115,gaussian,em,3,0.5,7058.151608771761,0.5481467102962462,38.08551926242142,50.879219819238656
A,30,10,115,gaussian,em,3,0.95,7279.573648185232,0.5467429762872487,38.29111002988852,51.11738852464267
A,30,10,115,gaussian,em,5,0.3,6918.015830330469,0.5491170032700168,37.98657956912648,50.7601346585429
A,30,10,115,gaussian,em,5,0.5,7058.151608771761,0.5481467102962462,38.08551926242142,50.879219819238656
A,30,10,115,gaussian,em,5,0.95,7279.573648185232,0.5467429762872487,38.29111002988852,51.11738852464267
A,30,10,115,gaussian,aic,3,0.3,4005.9841590787314,0.5690856029514781,35.63926222136367,47.95465750058263
A,30,10,115,gaussian,aic,3,0.5,4401.461716581896,0.565412028990645,36.078843817405456,48.48960637260206
A,30,10,115,gaussian,aic,3,0.95,5409.52894680553,0.5573620308229895,37.06041443596429,49.64537055660075
A,30,10,115,gaussian,aic,5,0.3,4005.9841590787314,0.5690856029514781,35.63926222136367,47.95465750058263
A,30,10,115,gaussian,aic,5,0.5,4401.461716581896,0.565412028990645,36.078843817405456,48.48960637260206
A,30,10,115,gaussian,aic,5,0.95,5409.52894680553,0.5573620308229895,37.06041443596429,49.64537055660075
A,30,10,115,t,em,3,0.3,3822.8365796987114,0.5712043547302301,35.428022240216535,47.69337916687856
A,30,10,115,t,em,3,0.5,4191.622882558485,0.5674074315029443,35.89748070880658,48.255911557104284
A,30,10,115,t,em,3,0.95,5278.208444852901,0.558347424554879,36.9762266046637,49.52886302364287
A,30,10,115,t,em,5,0.3,4073.9710672709566,0.5688387701681132,35.68370943844875,48.01610160235994
A,30,10,115,t,em,5,0.5,4415.819142174861,0.5654622789809242,36.1116864824104,48.5090092205247
A,30,10,115,t,em,5,0.95,5443.543056119504,0.5573992190171108,37.079888899524406,49.657420707132346
A,30,10,115,t,aic,3,0.3,3822.8365796987114,0.5712043547302301,35.428022240216535,47.69337916687856
A,30,10,115,t,aic,3,0.5,4191.622882558485,0.5674074315029443,35.89748070880658,48.255911557104284
A,30,10,115,t,aic,3,0.95,5278.208444852901,0.558347424554879,36.9762266046637,49.52886302364287
A,30,10,115,t,aic,5,0.3,4073.9710672709566,0.5688387701681132,35.68370943844875,48.01610160235994
A,30,10,115,t,aic,5,0.5,4415.819142174861,0.5654622789809242,36.1116864824104,48.5090092205247
A,30,10,115,t,aic,5,0.95,5443.543056119504,0.5573992190171108,37.079888899524406,49.657420707132346
A,30,10,120,gamma,em,3,0.3,4034.77410828761,0.5667206941632464,33.71167021814707,47.717969746245494
A,30,10,120,gamma,em,3,0.5,4431.027994450376,0.5631169467541505,34.15586038121455,48.25595243841226
A,30,10,120,gamma,em,3,0.95,5421.586425205886,0.5555087730285806,35.09560651118187,49.37607476286041
A,30,10,120,gamma,em,5,0.3,4034.77410828761,0.5667206941632464,33.71167021814707,47.717969746245494
A,30,10,120,gamma,em,5,0.5,4431.027994450376,0.5631169467541505,34.15586038121455,48.25595243841226
A,30,10,120,gamma,em,5,0.95,5421.586425205886,0.5555087730285806,35.09560651118187,49.37607476286041
A,30,10,120,gamma,aic,3,0.3,3880.7135412856646,0.5684062581777467,33.518109927303115,47.47879270164085
A,30,10,120,gamma,aic,3,0.5,4256.739476494073,0.5646693465203793,33.97193607930606,48.03300576790618
A,30,10,120,gamma,aic,3,0.95,5313.510001968926,0.5563820808463582,35.02415888525543,49.27802523561884
A,30,10,120,gamma,aic,5,0.3,3880.7135412856646,0.5684062581777467,33.518109927303115,47.47879270164085
A,30,10,120,gamma,aic,5,0.5,4256.739476494073,0.5646693465203793,33.97193607930606,48.03300576790618
A,30,10,120,gamma,aic,5,0.95,5313.510001968926,0.5563820808463582,35.02415888525543,49.27802523561884
A,30,10,120,gaussian,em,3,0.3,6917.614507241476,0.5476452056654282,36.00192181246147,50.47781109661219
A,30,10,120,gaussian,em,3,0.5,7057.750285682768,0.5467037437465394,36.10086150575641,50.597578924046566
A,30,10,120,gaussian,em,3,0.95,7279.172325096239,0.5453423830502577,36.30645227322352,50.83700140080477
A,30,10,120,gaussian,em,5,0.3,6917.614507241476,0.5476452056654282,36.00192181246147,50.47781109661219
A,30,10,120,gaussian,em,5,0.5,7057.750285682768,0.5467037437465394,36.10086150575641,50.597578924046566
A,30,10,120,gaussian,em,5,0.95,7279.172325096239,0.5453423830502577,36.30645227322352,50.83700140080477
A,30,10,120,gaussian,aic,3,0.3,4005.5828359897373,0.566962054444544,33.65460446469867,47.65527411182414
A,30,10,120,gaussian,aic,3,0.5,4401.060393492902,0.5634064996612291,34.094186060740455,48.19358049528708
A,30,10,120,gaussian,aic,3,0.95,5409.127623716537,0.5556126988280237,35.075756679299275,49.35627999985688
A,30,10,120,gaussian,aic,5,0.3,4005.5828359897373,0.566962054444544,33.65460446469867,47.65527411182414
A,30,10,120,gaussian,aic,5,0.5,4401.060393492902,0.5634064996612291,34.094186060740455,48.19358049528708
A,30,10,120,gaussian,aic,5,0.95,5409.127623716537,0.5556126988280237,35.075756679299275,49.35627999985688
A,30,10,120,t,em,3,0.3,3822.4352566097164,0.5690085062731979,33.443364483551534,47.3921256722812
A,30,10,120,t,em,3,0.5,4191.22155946949,0.5653338669926306,33.912822952141575,47.95827687139828
A,30,10,120,t,em,3,0.95,5277.807121763909,0.5565647154790967,34.9915688479987,49.23900100102633
A,30,10,120,t,em,5,0.3,4073.5697441819625,0.5667174003767464,33.69905168178375,47.71703407796578
A,30,10,120,t,em,5,0.5,4415.4178190858665,0.5634505666439179,34.127028725745404,48.2130489912488
A,30,10,120,t,em,5,0.95,5443.141733030511,0.5556461084602111,35.095231142859404,49.36837200780864
A,30,10,120,t,aic,3,0.3,3822.4352566097164,0.5690085062731979,33.443364483551534,47.3921256722812
A,30,10,120,t,aic,3,0.5,4191.22155946949,0.5653338669926306,33.912822952141575,47.95827687139828
A,30,10,120,t,aic,3,0.95,5277.807121763909,0.5565647154790967,34.9915688479987,49.23900100102633
A,30,10,120,t,aic,5,0.3,4073.5697441819625,0.5667174003767464,33.69905168178375,47.71703407796578
A,30,10,120,t,aic,5,0.5,4415.4178190858665,0.5634505666439179,34.127028725745404,48.2130489912488
A,30,10,120,t,aic,5,0.95,5443.141733030511,0.5556461084602111,35.095231142859404,49.36837200780864
A,30,10,125,gamma,em,3,0.3,4034.5683836029175,0.5649415910624305,31.888315804871183,47.63885524551335
A,30,10,125,gamma,em,3,0.5,4430.822269765684,0.5614378031404963,32.33250596793867,48.1777597259519
A,30,10,125,gamma,em,3,0.95,5421.380700521191,0.5540402085817699,33.27225209790599,49.299766556902554
A,30,10,125,gamma,em,5,0.3,4034.5683836029175,0.5649415910624305,31.888315804871183,47.63885524551335
A,30,10,125,gamma,em,5,0.5,4430.822269765684,0.5614378031404963,32.33250596793867,48.1777597259519
A,30,10,125,gamma,em,5,0.95,5421.380700521191,0.5540402085817699,33.27225209790599,49.299766556902554
A,30,10,125,gamma,aic,3,0.3,3880.5078166009707,0.5665796191472963,31.694755514027236,47.39923926813502
A,30,10,125,gamma,aic,3,0.5,4256.53375180938,0.5629464335608952,32.148581666030175,47.95443552951871
A,30,10,125,gamma,aic,3,0.95,5313.304277284232,0.5548887512993468,33.20080447197954,49.20154780188051
A,30,10,125,gamma,aic,5,0.3,3880.5078166009707,0.5665796191472963,31.694755514027236,47.39923926813502
A,30,10,125,gamma,aic,5,0.5,4256.53375180938,0.5629464335608952,32.148581666030175,47.95443552951871
A,30,10,125,gamma,aic,5,0.95,5313.304277284232,0.5548887512993468,33.20080447197954,49.20154780188051
A,30,10,125,gaussian,em,3,0.3,6917.408782556781,0.5464029947750043,34.17856739918559,50.403702764102526
A,30,10,125,gaussian,em,3,0.5,7057.5445609980725,0.5454862643117717,34.27750709248054,50.523629602091106
A,30,10,125,gaussian,em,3,0.95,7278.966600411544,0.5441608212179131,34.48309785994764,50.76329759649942
A,30,10,125,gaussian,em,5,0.3,6917.408782556781,0.5464029947750043,34.17856739918559,50.403702764102526
A,30,10,125,gaussian,em,5,0.5,7057.5445609980725,0.5454862643117717,34.27750709248054,50.523629602091106
A,30,10,125,gaussian,em,5,0.95,7278.966600411544,0.5441608212179131,34.48309785994764,50.76329759649942
A,30,10,125,gaussian,aic,3,0.3,4005.3771113050434,0.5651771687956164,31.831250051422785,47.576218100781325
A,30,10,125,gaussian,aic,3,0.5,4400.854668808209,0.5617202217507319,32.27083164746457,48.11544016274994
A,30,10,125,gaussian,aic,3,0.95,5408.921899031842,0.5541415966008458,33.252402266023395,49.28000513359902
A,30,10,125,gaussian,aic,5,0.3,4005.3771113050434,0.5651771687956164,31.831250051422785,47.576218100781325
A,30,10,125,gaussian,aic,5,0.5,4400.854668808209,0.5617202217507319,32.27083164746457,48.11544016274994
A,30,10,125,gaussian,aic,5,0.95,5408.921899031842,0.5541415966008458,33.252402266023395,49.28000513359902
A,30,10,125,t,em,3,0.3,3822.2295319250234,0.5671649392749396,31.620010070275647,47.312450464912345
A,30,10,125,t,em,3,0.5,4191.0158347847955,0.5635923160359468,32.08946853886569,47.87961345477674
A,30,10,125,t,em,3,0.95,5277.601397079215,0.555066412148357,33.168214434722806,49.16247283861136
A,30,10,125,t,em,5,0.3,4073.3640194972686,0.56493625529589,31.87569726850786,47.638043375933385
A,30,10,125,t,em,5,0.5,4415.212094401173,0.5617607144525373,32.30367431246951,48.13490687112348
A,30,10,125,t,em,5,0.95,5442.936008345817,0.5541726646421697,33.27187672958352,49.29209787004701
A,30,10,125,t,aic,3,0.3,3822.2295319250234,0.5671649392749396,31.620010070275647,47.312450464912345
A,30,10,125,t,aic,3,0.5,4191.0158347847955,0.5635923160359468,32.08946853886569,47.87961345477674
A,30,10,125,t,aic,3,0.95,5277.601397079215,0.555066412148357,33.168214434722806,49.16247283861136
A,30,10,125,t,aic,5,0.3,4073.3640194972686,0.56493625529589,31.87569726850786,47.638043375933385
A,30,10,125,t,aic,5,0.5,4415.212094401173,0.5617607144525373,32.30367431246951,48.13490687112348
A,30,10,125,t,aic,5,0.95,5442.936008345817,0.5541726646421697,33.27187672958352,49.29209787004701
A,30,15,115,gamma,em,3,0.3,3863.9401985336253,0.5709528242069305,35.46083455304649,47.73867809701624
A,30,15,115,gamma,em,3,0.5,4237.718282333012,0.567224403889313,35.938749317163534,48.29407317046281
A,30,15,115,gamma,em,3,0.95,5344.97152972939,0.5580333068774544,36.996860441493695,49.56030528561011
A,30,15,115,gamma,em,5,0.3,3863.9401985336253,0.5709528242069305,35.46083455304649,47.73867809701624
A,30,15,115,gamma,em,5,0.5,4237.718282333012,0.567224403889313,35.938749317163534,48.29407317046281
A,30,15,115,gamma,em,5,0.95,5344.97152972939,0.5580333068774544,36.996860441493695,49.56030528561011
A,30,15,115,gamma,aic,3,0.3,3802.362250629634,0.5715941241966341,35.38313497653644,47.639858739349926
A,30,15,115,gamma,aic,3,0.5,4215.426809544978,0.5675410815837825,35.90303532230113,48.25589827607856
A,30,15,115,gamma,aic,3,0.95,5279.787031754176,0.5583550919724587,36.95673531913473,49.50557463652979
A,30,15,115,gamma,aic,5,0.3,3802.362250629634,0.5715941241966341,35.38313497653644,47.639858739349926
A,30,15,115,gamma,aic,5,0.5,4215.426809544978,0.5675410815837825,35.90303532230113,48.25589827607856
A,30,15,115,gamma,aic,5,0.95,5279.787031754176,0.5583550919724587,36.95673531913473,49.50557463652979
A,30,15,115,gaussian,em,3,0.3,4756.290589257951,0.562319234508583,36.56214956915979,48.98332381280992
A,30,15,115,gaussian,em,3,0.5,5037.30582703261,0.5600806890731912,36.80426706776804,49.296656975185314
A,30,15,115,gaussian,em,3,0.95,5718.209280308767,0.555383625597456,37.391674075939925,49.990267960910806
A,30,15,115,gaussian,em,5,0.3,4756.290589257951,0.562319234508583,36.56214956915979,48.98332381280992
A,30,15,115,gaussian,em,5,0.5,5037.30582703261,0.5600806890731912,36.80426706776804,49.296656975185314
A,30,15,115,gaussian,em,5,0.95,5718.209280308767,0.555383625597456,37.391674075939925,49.990267960910806
A,30,15,115,gaussian,aic,3,0.3,4048.6854907247116,0.5688606254565164,35.70197974239706,48.02183476048102
A,30,15,115,gaussian,aic,3,0.5,4456.233949874814,0.5649518731479696,36.17774120414629,48.59050755119303
A,30,15,115,gaussian,aic,3,0.95,5387.344086522047,0.5575315632576566,37.063446857726504,49.63877982502767
A,30,15,115,gaussian,aic,5,0.3,4048.6854907247116,0.5688606254565164,35.70197974239706,48.02183476048102
A,30,15,115,gaussian,aic,5,0.5,4456.233949874814,0.5649518731479696,36.17774120414629,48.59050755119303
A,30,15,115,gaussian,aic,5,0.95,5387.344086522047,0.5575315632576566,37.063446857726504,49.63877982502767
A,30,15,115,t,em,3,0.3,3805.090619207447,0.5714574253071134,35.3947376286491,47.659222604751506
A,30,15,115,t,em,3,0.5,4208.896150214077,0.5673660194174116,35.888979907637996,48.2442611823229
A,30,15,115,t,em,3,0.95,5303.181429500818,0.558121634873072,36.97905137908426,49.53448687907334
A,30,15,115,t,em,5,0.3,3792.325859690135,0.5717064841194357,35.373676224767706,47.631501470444945
A,30,15,115,t,em,5,0.5,4192.722336226243,0.5676666602337062,35.877947467316964,48.228126112152935
A,30,15,115,t,em,5,0.95,5276.514440117112,0.5584190033871133,36.956531224539276,49.504081532738795
A,30,15,115,t,aic,3,0.3,3805.090619207447,0.5714574253071134,35.3947376286491,47.659222604751506
A,30,15,115,t,aic,3,0.5,4208.896150214077,0.5673660194174116,35.888979907637996,48.2442611823229
A,30,15,115,t,aic,3,0.95,5303.181429500818,0.558121634873072,36.97905137908426,49.53448687907334
A,30,15,115,t,aic,5,0.3,3792.325859690135,0.5717064841194357,35.373676224767706,47.631501470444945
A,30,15,115,t,aic,5,0.5,4192.722336226243,0.5676666602337062,35.877947467316964,48.228126112152935
A,30,15,115,t,aic,5,0.95,5276.514440117112,0.5584190033871133,36.956531224539276,49.504081532738795
A,30,15,120,gamma,em,3,0.3,3863.538875444632,0.5687672993510589,33.47617679638149,47.4378546134394
A,30,15,120,gamma,em,3,0.5,4237.316959244018,0.5651583191892986,33.95409156049853,47.99677024041402
A,30,15,120,gamma,em,3,0.95,5344.570206640396,0.5562626765927814,35.01220268482868,49.27070188791492
A,30,15,120,gamma,em,5,0.3,3863.538875444632,0.5687672993510589,33.47617679638149,47.4378546134394
A,30,15,120,gamma,em,5,0.5,4237.316959244018,0.5651583191892986,33.95409156049853,47.99677024041402
A,30,15,120,gamma,em,5,0.95,5344.570206640396,0.5562626765927814,35.01220268482868,49.27070188791492
A,30,15,120,gamma,aic,3,0.3,3801.9609275406387,0.5693862719896684,33.39847721987143,47.3383206785835
A,30,15,120,gamma,aic,3,0.5,4215.025486455985,0.5654635933009675,33.91837756563612,47.95830975130993
A,30,15,120,gamma,aic,3,0.95,5279.3857086651815,0.5565736538399654,34.97207756246973,49.21561194528177
A,30,15,120,gamma,aic,5,0.3,3801.9609275406387,0.5693862719896684,33.39847721987143,47.3383206785835
A,30,15,120,gamma,aic,5,0.5,4215.025486455985,0.5654635933009675,33.91837756563612,47.95830975130993
A,30,15,120,gamma,aic,5,0.95,5279.3857086651815,0.5565736538399654,34.97207756246973,49.21561194528177
A,30,15,120,gaussian,em,3,0.3,4755.889266168957,0.5604119000991786,34.577491812494785,48.68994710674848
A,30,15,120,gaussian,em,3,0.5,5036.904503943617,0.5582441969730356,34.81960931110304,49.00522427841844
A,30,15,120,gaussian,em,3,0.95,5717.807957219774,0.5536968031130085,35.40701631927492,49.703057189609424
A,30,15,120,gaussian,em,5,0.3,4755.889266168957,0.5604119000991786,34.577491812494785,48.68994710674848
A,30,15,120,gaussian,em,5,0.5,5036.904503943617,0.5582441969730356,34.81960931110304,49.00522427841844
A,30,15,120,gaussian,em,5,0.95,5717.807957219774,0.5536968031130085,35.40701631927492,49.703057189609424
A,30,15,120,gaussian,aic,3,0.3,4048.2841676357166,0.5667425707705022,33.71732198573206,47.722794753616874
A,30,15,120,gaussian,aic,3,0.5,4455.832626785819,0.5629594235743589,34.19308344748128,48.295061947877905
A,30,15,120,gaussian,aic,3,0.95,5386.942763433055,0.555776860936299,35.0787891010615,49.34961383918989
A,30,15,120,gaussian,aic,5,0.3,4048.2841676357166,0.5667425707705022,33.71732198573206,47.722794753616874
A,30,15,120,gaussian,aic,5,0.5,4455.832626785819,0.5629594235743589,34.19308344748128,48.295061947877905
A,30,15,120,gaussian,aic,5,0.95,5386.942763433055,0.555776860936299,35.0787891010615,49.34961383918989
A,30,15,120,t,em,3,0.3,3804.689296118452,0.5692545633906761,33.410079871984095,47.35782544445919
A,30,15,120,t,em,3,0.5,4208.494827125082,0.5652947651835378,33.90432215097299,47.946611081198874
A,30,15,120,t,em,3,0.95,5302.780106411823,0.5563478501219384,34.99439362241926,49.2447103896969
A,30,15,120,t,em,5,0.3,3791.9245366011405,0.5694950623598833,33.38901846810271,47.32991133602196
A,30,15,120,t,em,5,0.5,4192.321013137249,0.565585189763877,33.89328971065196,47.93036745025792
A,30,15,120,t,em,5,0.95,5276.11311702812,0.5566355548259453,34.971873467874275,49.21411734361889
A,30,15,120,t,aic,3,0.3,3804.689296118452,0.5692545633906761,33.410079871984095,47.35782544445919
A,30,15,120,t,aic,3,0.5,4208.494827125082,0.5652947651835378,33.90432215097299,47.946611081198874
A,30,15,120,t,aic,3,0.95,5302.780106411823,0.5563478501219384,34.99439362241926,49.2447103896969
A,30,15,120,t,aic,5,0.3,3791.9245366011405,0.5694950623598833,33.38901846810271,47.32991133602196
A,30,15,120,t,aic,5,0.5,4192.321013137249,0.565585189763877,33.89328971065196,47.93036745025792
A,30,15,120,t,aic,5,0.95,5276.11311702812,0.5566355548259453,34.971873467874275,49.21411734361889
A,30,15,125,gamma,em,3,0.3,3863.3331507599382,0.5669315538639585,31.652822383105605,47.35837129653369
A,30,15,125,gamma,em,3,0.5,4237.111234559324,0.5634224642716738,32.13073714722264,47.918245875956025
A,30,15,125,gamma,em,3,0.95,5344.364481955701,0.5547738280345238,33.1888482715528,49.19428361240754
A,30,15,125,gamma,em,5,0.3,3863.3331507599382,0.5669315538639585,31.652822383105605,47.35837129653369
A,30,15,125,gamma,em,5,0.5,4237.111234559324,0.5634224642716738,32.13073714722264,47.918245875956025
A,30,15,125,gamma,em,5,0.95,5344.364481955701,0.5547738280345238,33.1888482715528,49.19428361240754
A,30,15,125,gamma,aic,3,0.3,3801.755202855946,0.5675325592682633,31.57512280659555,47.25861439296853
A,30,15,125,gamma,aic,3,0.5,4214.81976177129,0.5637186352280242,32.095023152360234,47.879693621796164
A,30,15,125,gamma,aic,3,0.95,5279.179983980487,0.5550758758264533,33.148723149193835,49.139076805747656
A,30,15,125,gamma,aic,5,0.3,3801.755202855946,0.5675325592682633,31.57512280659555,47.25861439296853
A,30,15,125,gamma,aic,5,0.5,4214.81976177129,0.5637186352280242,32.095023152360234,47.879693621796164
A,30,15,125,gamma,aic,5,0.95,5279.179983980487,0.5550758758264533,33.148723149193835,49.139076805747656
A,30,15,125,gaussian,em,3,0.3,4755.6835414842635,0.5588091078563294,32.754137399218905,48.61240197980267
A,30,15,125,gaussian,em,3,0.5,5036.6987792589225,0.5567007913940978,32.99625489782715,48.928216135627096
A,30,15,125,gaussian,em,3,0.95,5717.602232535079,0.5522786218597363,33.58366190599903,49.62724069655388
A,30,15,125,gaussian,em,5,0.3,4755.6835414842635,0.5588091078563294,32.754137399218905,48.61240197980267
A,30,15,125,gaussian,em,5,0.5,5036.6987792589225,0.5567007913940978,32.99625489782715,48.928216135627096
A,30,15,125,gaussian,em,5,0.95,5717.602232535079,0.5522786218597363,33.58366190599903,49.62724069655388
A,30,15,125,gaussian,aic,3,0.3,4048.078442951023,0.5649632054701563,31.893967572456177,47.64382944592792
A,30,15,125,gaussian,aic,3,0.5,4455.626902101127,0.5612848237292389,32.3697290342054,48.21708552607415
A,30,15,125,gaussian,aic,3,0.95,5386.737038748361,0.5543013294501462,33.255434687785616,49.273312464005954
A,30,15,125,gaussian,aic,5,0.3,4048.078442951023,0.5649632054701563,31.893967572456177,47.64382944592792
A,30,15,125,gaussian,aic,5,0.5,4455.626902101127,0.5612848237292389,32.3697290342054,48.21708552607415
A,30,15,125,gaussian,aic,5,0.95,5386.737038748361,0.5543013294501462,33.255434687785616,49.273312464005954
A,30,15,125,t,em,3,0.3,3804.483571433759,0.5674047915017593,31.586725458708212,47.278158993
A,30,15,125,t,em,3,0.5,4208.289102440389,0.5635548007047714,32.0809677376971,47.86797761446841
A,30,15,125,t,em,3,0.95,5302.5743817271305,0.5548565053277406,33.17103920914337,49.16823732336691
A,30,15,125,t,em,5,0.3,3791.7188119164466,0.567638305874226,31.565664054826822,47.250188916940736
A,30,15,125,t,em,5,0.5,4192.115288452555,0.5638368352218388,32.06993529737608,47.851700141952854
A,30,15,125,t,em,5,0.95,5275.907392343425,0.5551360564796654,33.14851905459838,49.13758574938843
A,30,15,125,t,aic,3,0.3,3804.483571433759,0.5674047915017593,31.586725458708212,47.278158993
A,30,15,125,t,aic,3,0.5,4208.289102440389,0.5635548007047714,32.0809677376971,47.86797761446841
A,30,15,125,t,aic,3,0.95,5302.5743817271305,0.5548565053277406,33.17103920914337,49.16823732336691
A,30,15,125,t,aic,5,0.3,3791.7188119164466,0.567638305874226,31.565664054826822,47.250188916940736
A,30,15,125,t,aic,5,0.5,4192.115288452555,0.5638368352218388,32.06993529737608,47.851700141952854
A,30,15,125,t,aic,5,0.95,5275.907392343425,0.5551360564796654,33.14851905459838,49.13758574938843
A,30,20,115,gamma,em,3,0.3,4243.451046712629,0.5672588163419091,35.853719925765986,48.23227137388476
A,30,20,115,gamma,em,3,0.5,4643.310883074853,0.5637000420746442,36.304666671826,48.76043503795289
A,30,20,115,gamma,em,3,0.95,5519.233630090262,0.5570768170704172,37.12388553680792,49.72803472249944
A,30,20,115,gamma,em,5,0.3,4243.451046712629,0.5672588163419091,35.853719925765986,48.23227137388476
A,30,20,115,gamma,em,5,0.5,4643.310883074853,0.5637000420746442,36.304666671826,48.76043503795289
A,30,20,115,gamma,em,5,0.95,5519.233630090262,0.5570768170704172,37.12388553680792,49.72803472249944
A,30,20,115,gamma,aic,3,0.3,3837.214914536994,0.5715275301704134,35.37529643145573,47.64182840930765
A,30,20,115,gamma,aic,3,0.5,4216.328669350796,0.5678147941172644,35.83372095599449,48.19225385582118
A,30,20,115,gamma,aic,3,0.95,5257.500015423905,0.5589767984801163,36.898580529402054,49.44592103441323
A,30,20,115,gamma,aic,5,0.3,3837.214914536994,0.5715275301704134,35.37529643145573,47.64182840930765
A,30,20,115,gamma,aic,5,0.5,4216.328669350796,0.5678147941172644,35.83372095599449,48.19225385582118
A,30,20,115,gamma,aic,5,0.95,5257.500015423905,0.5589767984801163,36.898580529402054,49.44592103441323
A,30,20,115,gaussian,em,3,0.3,6027.834311672637,0.5556077537524364,37.20115129113502,49.85510465304967
A,30,20,115,gaussian,em,3,0.5,6190.100224354579,0.5541157172493607,37.39494776459907,50.06638299850711
A,30,20,115,gaussian,em,3,0.95,6607.869959933794,0.5509069204943021,37.811359061218184,50.55697467252011
A,30,20,115,gaussian,em,5,0.3,6027.834311672637,0.5556077537524364,37.20115129113502,49.85510465304967
A,30,20,115,gaussian,em,5,0.5,6190.100224354579,0.5541157172493607,37.39494776459907,50.06638299850711
A,30,20,115,gaussian,em,5,0.95,6607.869959933794,0.5509069204943021,37.811359061218184,50.55697467252011
A,30,20,115,gaussian,aic,3,0.3,3884.1534988990106,0.571091803942393,35.40345257338258,47.68858328836955
A,30,20,115,gaussian,aic,3,0.5,4244.044782306545,0.5676263030958418,35.842949680901015,48.203442109248805
A,30,20,115,gaussian,aic,3,0.95,5271.998458802666,0.5589676592674125,36.904741832524486,49.45654987215505
A,30,20,115,gaussian,aic,5,0.3,3884.1534988990106,0.571091803942393,35.40345257338258,47.68858328836955
A,30,20,115,gaussian,aic,5,0.5,4244.044782306545,0.5676263030958418,35.842949680901015,48.203442109248805
A,30,20,115,gaussian,aic,5,0.95,5271.998458802666,0.5589676592674125,36.904741832524486,49.45654987215505
A,30,20,115,t,em,3,0.3,3858.899240862321,0.5713390912135485,35.448041005284566,47.712509696217715
A,30,20,115,t,em,3,0.5,4316.451388033447,0.5671607675013677,35.964055715954665,48.33468694997239
A,30,20,115,t,em,3,0.95,5310.433205107252,0.5586156993145182,36.96149393306625,49.51820085290331
A,30,20,115,t,em,5,0.3,3921.0023923305753,0.5708470484403622,35.485517590919905,47.76535485056466
A,30,20,115,t,em,5,0.5,4321.367761943155,0.5671224630648426,35.92967381394899,48.306723459175686
A,30,20,115,t,em,5,0.95,5290.594546441178,0.5587832762006167,36.908139302831614,49.46504659444491
A,30,20,115,t,aic,3,0.3,3858.899240862321,0.5713390912135485,35.448041005284566,47.712509696217715
A,30,20,115,t,aic,3,0.5,4316.451388033447,0.5671607675013677,35.964055715954665,48.33468694997239
A,30,20,115,t,aic,3,0.95,5310.433205107252,0.5586156993145182,36.96149393306625,49.51820085290331
A,30,20,115,t,aic,5,0.3,3921.0023923305753,0.5708470484403622,35.485517590919905,47.76535485056466
A,30,20,115,t,aic,5,0.5,4321.367761943155,0.5671224630648426,35.92967381394899,48.306723459175686
A,30,20,115,t,aic,5,0.95,5290.594546441178,0.5587832762006167,36.908139302831614,49.46504659444491
A,30,20,120,gamma,em,3,0.3,4243.049723623636,0.5651894491742161,33.869062169100985,47.93428467910615
A,30,20,120,gamma,em,3,0.5,4642.90955998586,0.5617448567588889,34.320008915161,48.46584976676443
A,30,20,120,gamma,em,3,0.95,5518.832307001268,0.5553351264863301,35.13922778014292,49.43937157643631
A,30,20,120,gamma,em,5,0.3,4243.049723623636,0.5651894491742161,33.869062169100985,47.93428467910615
A,30,20,120,gamma,em,5,0.5,4642.90955998586,0.5617448567588889,34.320008915161,48.46584976676443
A,30,20,120,gamma,em,5,0.95,5518.832307001268,0.5553351264863301,35.13922778014292,49.43937157643631
A,30,20,120,gamma,aic,3,0.3,3836.8135914479994,0.5693203400214116,33.39063867479072,47.34006946108508
A,30,20,120,gamma,aic,3,0.5,4215.927346261802,0.5657260370563958,33.849063199329485,47.89405535415101
A,30,20,120,gamma,aic,3,0.95,5257.09869233491,0.5571730981550054,34.91392277273705,49.15548905554029
A,30,20,120,gamma,aic,5,0.3,3836.8135914479994,0.5693203400214116,33.39063867479072,47.34006946108508
A,30,20,120,gamma,aic,5,0.5,4215.927346261802,0.5657260370563958,33.849063199329485,47.89405535415101
A,30,20,120,gamma,aic,5,0.95,5257.09869233491,0.5571730981550054,34.91392277273705,49.15548905554029
A,30,20,120,gaussian,em,3,0.3,6027.432988583644,0.5539216362880188,35.21649353447002,49.567957274981666
A,30,20,120,gaussian,em,3,0.5,6189.698901265586,0.552475870760247,35.41029000793406,49.780357476904854
A,30,20,120,gaussian,em,3,0.95,6607.4686368448,0.5493666088862558,35.826701304553175,50.27351464213795
A,30,20,120,gaussian,em,5,0.3,6027.432988583644,0.5539216362880188,35.21649353447002,49.567957274981666
A,30,20,120,gaussian,em,5,0.5,6189.698901265586,0.552475870760247,35.41029000793406,49.780357476904854
A,30,20,120,gaussian,em,5,0.95,6607.4686368448,0.5493666088862558,35.826701304553175,50.27351464213795
A,30,20,120,gaussian,aic,3,0.3,3883.7521758100165,0.5688978436999108,33.41879481671758,47.387150583870415
A,30,20,120,gaussian,aic,3,0.5,4243.643459217551,0.5655431136392977,33.85829192423601,47.90530894986249
A,30,20,120,gaussian,aic,3,0.95,5271.597135713673,0.5571640527114539,34.920084075859485,49.16618353612919
A,30,20,120,gaussian,aic,5,0.3,3883.7521758100165,0.5688978436999108,33.41879481671758,47.387150583870415
A,30,20,120,gaussian,aic,5,0.5,4243.643459217551,0.5655431136392977,33.85829192423601,47.90530894986249
A,30,20,120,gaussian,aic,5,0.95,5271.597135713673,0.5571640527114539,34.920084075859485,49.16618353612919
A,30,20,120,t,em,3,0.3,3858.4979177733267,0.5691375379599265,33.463383248619564,47.41122847608563
A,30,20,120,t,em,3,0.5,4316.050064944453,0.5650926022392516,33.97939795928966,48.037412300326366
A,30,20,120,t,em,3,0.95,5310.031882018258,0.5568238328423005,34.97683617640125,49.22827475568276
A,30,20,120,t,em,5,0.3,3920.601069241581,0.5686600665195221,33.5008598342549,47.46436680950743
A,30,20,120,t,em,5,0.5,4320.966438854161,0.5650544039066444,33.945016057283986,48.00920273867387
A,30,20,120,t,em,5,0.95,5290.193223352185,0.5569853384200194,34.92348154616661,49.174724594480075
A,30,20,120,t,aic,3,0.3,3858.4979177733267,0.5691375379599265,33.463383248619564,47.41122847608563
A,30,20,120,t,aic,3,0.5,4316.050064944453,0.5650926022392516,33.97939795928966,48.037412300326366
A,30,20,120,t,aic,3,0.95,5310.031882018258,0.5568238328423005,34.97683617640125,49.22827475568276
A,30,20,120,t,aic,5,0.3,3920.601069241581,0.5686600665195221,33.5008598342549,47.46436680950743
A,30,20,120,t,aic,5,0.5,4320.966438854161,0.5650544039066444,33.945016057283986,48.00920273867387
A,30,20,120,t,aic,5,0.95,5290.193223352185,0.5569853384200194,34.92348154616661,49.174724594480075
A,30,20,125,gamma,em,3,0.3,4242.843998938943,0.56345171138251,32.04570775582509,47.85543685220905
A,30,20,125,gamma,em,3,0.5,4642.703835301166,0.5601022928184151,32.49665450188511,48.387984754671194
A,30,20,125,gamma,em,3,0.95,5518.626582316574,0.5538708016678493,33.31587336686703,49.36317924788999
A,30,20,125,gamma,em,5,0.3,4242.843998938943,0.56345171138251,32.04570775582509,47.85543685220905
A,30,20,125,gamma,em,5,0.5,4642.703835301166,0.5601022928184151,32.49665450188511,48.387984754671194
A,30,20,125,gamma,em,5,0.95,5518.626582316574,0.5538708016678493,33.31587336686703,49.36317924788999
A,30,20,125,gamma,aic,3,0.3,3836.607866763306,0.567467541216655,31.56728426151484,47.26015621384356
A,30,20,125,gamma,aic,3,0.5,4215.721621577109,0.5639722762260918,32.0257087860536,47.81514217250492
A,30,20,125,gamma,aic,3,0.95,5256.8929676502175,0.5556571190397543,33.090568359461166,49.07874764527243
A,30,20,125,gamma,aic,5,0.3,3836.607866763306,0.567467541216655,31.56728426151484,47.26015621384356
A,30,20,125,gamma,aic,5,0.5,4215.721621577109,0.5639722762260918,32.0257087860536,47.81514217250492
A,30,20,125,gamma,aic,5,0.95,5256.8929676502175,0.5556571190397543,33.090568359461166,49.07874764527243
A,30,20,125,gaussian,em,3,0.3,6027.22726389895,0.5524972866702548,33.39313912119413,49.4926530031845
A,30,20,125,gaussian,em,3,0.5,6189.4931765808915,0.5510912744482612,33.58693559465818,49.70527599916074
A,30,20,125,gaussian,em,3,0.95,6607.262912160106,0.54806752771917,34.003346891277296,50.19897027185807
A,30,20,125,gaussian,em,5,0.3,6027.22726389895,0.5524972866702548,33.39313912119413,49.4926530031845
A,30,20,125,gaussian,em,5,0.5,6189.4931765808915,0.5510912744482612,33.58693559465818,49.70527599916074
A,30,20,125,gaussian,em,5,0.95,6607.262912160106,0.54806752771917,34.003346891277296,50.19897027185807
A,30,20,125,gaussian,aic,3,0.3,3883.546451125322,0.567056136137668,31.595440403441692,47.30734243774994
A,30,20,125,gaussian,aic,3,0.5,4243.437734532857,0.5637940342044665,32.03493751096013,47.826417341108275
A,30,20,125,gaussian,aic,3,0.95,5271.391411028979,0.5556481768742432,33.0967296625836,49.089463033702536
A,30,20,125,gaussian,aic,5,0.3,3883.546451125322,0.567056136137668,31.595440403441692,47.30734243774994
A,30,20,125,gaussian,aic,5,0.5,4243.437734532857,0.5637940342044665,32.03493751096013,47.826417341108275
A,30,20,125,gaussian,aic,5,0.95,5271.391411028979,0.5556481768742432,33.0967296625836,49.089463033702536
A,30,20,125,t,em,3,0.3,3858.292193088634,0.5672894039833231,31.640028835343674,47.33144735736478
A,30,20,125,t,em,3,0.5,4315.844340259759,0.5633559590265216,32.15604354601378,47.95875127019518
A,30,20,125,t,em,3,0.95,5309.826157333564,0.5553175674287458,33.153481763125356,49.15169709267439
A,30,20,125,t,em,5,0.3,3920.395344556887,0.5668243369186142,31.67750542097902,47.38464582407603
A,30,20,125,t,em,5,0.5,4320.760714169467,0.5633182095972199,32.12166164400811,47.93045033074986
A,30,20,125,t,em,5,0.95,5289.9874986674895,0.5554741817203401,33.10012713289073,49.09801092362145
A,30,20,125,t,aic,3,0.3,3858.292193088634,0.5672894039833231,31.640028835343674,47.33144735736478
A,30,20,125,t,aic,3,0.5,4315.844340259759,0.5633559590265216,32.15604354601378,47.95875127019518
A,30,20,125,t,aic,3,0.95,5309.826157333564,0.5553175674287458,33.153481763125356,49.15169709267439
A,30,20,125,t,aic,5,0.3,3920.395344556887,0.5668243369186142,31.67750542097902,47.38464582407603
A,30,20,125,t,aic,5,0.5,4320.760714169467,0.5633182095972199,32.12166164400811,47.93045033074986
A,30,20,125,t,aic,5,0.95,5289.9874986674895,0.5554741817203401,33.10012713289073,49.09801092362145
B,20,10,115,gamma,em,3,0.3,3849.921776644884,0.5676561351125563,34.03827952561945,46.54462725929599
B,20,10,115,gamma,em,3,0.5,4183.37138838799,0.5645882474868996,34.408096305036864,47.00040098017079
B,20,10,115,gamma,em,3,0.95,5063.168041681596,0.557454090150004,35.2595701651349,48.037421394509984
B,20,10,115,gamma,em,5,0.3,3849.921776644884,0.5676561351125563,34.03827952561945,46.54462725929599
B,20,10,115,gamma,em,5,0.5,4183.37138838799,0.5645882474868996,34.408096305036864,47.00040098017079
B,20,10,115,gamma,em,5,0.95,5063.168041681596,0.557454090150004,35.2595701651349,48.037421394509984
B,20,10,115,gamma,aic,3,0.3,3810.6470121196326,0.5682475443686219,33.97992631994894,46.46979323503192
B,20,10,115,gamma,aic,3,0.5,4137.271716885602,0.5650930496921227,34.35361113679399,46.933572674853274
B,20,10,115,gamma,aic,3,0.95,5044.28565887051,0.5576124056354171,35.24154872471597,48.01673928844694
B,20,10,115,gamma,aic,5,0.3,3810.6470121196326,0.5682475443686219,33.97992631994894,46.46979323503192
B,20,10,115,gamma,aic,5,0.5,4137.271716885602,0.5650930496921227,34.35361113679399,46.933572674853274
B,20,10,115,gamma,aic,5,0.95,5044.28565887051,0.5576124056354171,35.24154872471597,48.01673928844694
B,20,10,115,gaussian,em,3,0.3,5282.304928249587,0.5571072129492107,35.38771264354246,48.16617531770968
B,20,10,115,gaussian,em,3,0.5,5479.243259706807,0.5556151925658902,35.574705968845635,48.39186526584853
B,20,10,115,gaussian,em,3,0.95,5924.902890961219,0.5523863992425749,35.932635091894724,48.82957264312263
B,20,10,115,gaussian,em,5,0.3,5282.304928249587,0.5571072129492107,35.38771264354246,48.16617531770968
B,20,10,115,gaussian,em,5,0.5,5479.243259706807,0.5556151925658902,35.574705968845635,48.39186526584853
B,20,10,115,gaussian,em,5,0.95,5924.902890961219,0.5523863992425749,35.932635091894724,48.82957264312263
B,20,10,115,gaussian,aic,3,0.3,3669.583379021249,0.5695177193358282,33.82656399174432,46.272846514061996
B,20,10,115,gaussian,aic,3,0.5,4033.5661200488676,0.5659724502958495,34.25370700371276,46.81286214276304
B,20,10,115,gaussian,aic,3,0.95,4969.395585485834,0.5581224535648346,35.193496575765,47.95823947625924
B,20,10,115,gaussian,aic,5,0.3,3669.583379021249,0.5695177193358282,33.82656399174432,46.272846514061996
B,20,10,115,gaussian,aic,5,0.5,4033.5661200488676,0.5659724502958495,34.25370700371276,46.81286214276304
B,20,10,115,gaussian,aic,5,0.95,4969.395585485834,0.5581224535648346,35.193496575765,47.95823947625924
B,20,10,115,t,em,3,0.3,3524.425005480817,0.5711527800555164,33.6479432021615,46.0475485344414
B,20,10,115,t,em,3,0.5,3874.605571551287,0.5675769879748905,34.099416222610515,46.61139240255193
B,20,10,115,t,em,3,0.95,4847.845349766218,0.5589432964816635,35.10225743334672,47.83462665168089
B,20,10,115,t,em,5,0.3,3524.4742253636423,0.5711534394753566,33.65006853962059,46.04958109995644
B,20,10,115,t,em,5,0.5,3874.947225329322,0.5675765426350979,34.10394893440816,46.61532715702564
B,20,10,115,t,em,5,0.95,4856.221854666417,0.5588824832098029,35.10542082842286,47.83970835610999
B,20,10,115,t,aic,3,0.3,3524.425005480817,0.5711527800555164,33.6479432021615,46.0475485344414
B,20,10,115,t,aic,3,0.5,3874.605571551287,0.5675769879748905,34.099416222610515,46.61139240255193
B,20,10,115,t,aic,3,0.95,4847.845349766218,0.5589432964816635,35.10225743334672,47.83462665168089
B,20,10,115,t,aic,5,0.3,3524.4742253636423,0.5711534394753566,33.65006853962059,46.04958109995644
B,20,10,115,t,aic,5,0.5,3874.947225329322,0.5675765426350979,34.10394893440816,46.61532715702564
B,20,10,115,t,aic,5,0.95,4856.221854666417,0.5588824832098029,35.10542082842286,47.83970835610999
B,20,10,120,gamma,em,3,0.3,3849.4772723997476,0.5654275905469406,31.859114626967347,46.203791941419986
B,20,10,120,gamma,em,3,0.5,4182.926884142855,0.5624654616351038,32.22893140638475,46.66288648444318
B,20,10,120,gamma,em,3,0.95,5062.72353743646,0.5555790947615519,33.0804052664828,47.70725973507206
B,20,10,120,gamma,em,5,0.3,3849.4772723997476,0.5654275905469406,31.859114626967347,46.203791941419986
B,20,10,120,gamma,em,5,0.5,4182.926884142855,0.5624654616351038,32.22893140638475,46.66288648444318
B,20,10,120,gamma,em,5,0.95,5062.72353743646,0.5555790947615519,33.0804052664828,47.70725973507206
B,20,10,120,gamma,aic,3,0.3,3810.2025078744964,0.5659936270920947,31.80076142129683,46.128178764272015
B,20,10,120,gamma,aic,3,0.5,4136.827212640465,0.5629477114305629,32.174446238141876,46.59535907331097
B,20,10,120,gamma,aic,3,0.95,5043.841154625376,0.5557297586597509,33.06238382606386,47.68633870621676
B,20,10,120,gamma,aic,5,0.3,3810.2025078744964,0.5659936270920947,31.80076142129683,46.128178764272015
B,20,10,120,gamma,aic,5,0.5,4136.827212640465,0.5629477114305629,32.174446238141876,46.59535907331097
B,20,10,120,gamma,aic,5,0.95,5043.841154625376,0.5557297586597509,33.06238382606386,47.68633870621676
B,20,10,120,gaussian,em,3,0.3,5281.8604240044515,0.5552504433601004,33.20854774489034,47.83713713391874
B,20,10,120,gaussian,em,3,0.5,5478.798755461672,0.5538098123733745,33.395541070193524,48.064391731230145
B,20,10,120,gaussian,em,3,0.95,5924.458386716084,0.550692048062149,33.75347019324261,48.50503396348576
B,20,10,120,gaussian,em,5,0.3,5281.8604240044515,0.5552504433601004,33.20854774489034,47.83713713391874
B,20,10,120,gaussian,em,5,0.5,5478.798755461672,0.5538098123733745,33.395541070193524,48.064391731230145
B,20,10,120,gaussian,em,5,0.95,5924.458386716084,0.550692048062149,33.75347019324261,48.50503396348576
B,20,10,120,gaussian,aic,3,0.3,3669.1388747761134,0.5672238848607192,31.647399093092226,45.92997445678375
B,20,10,120,gaussian,aic,3,0.5,4033.1216158037314,0.5638013806278611,32.07454210506066,46.473977002288066
B,20,10,120,gaussian,aic,3,0.95,4968.951081240698,0.5562246035049968,33.0143316771129,47.62753619247369
B,20,10,120,gaussian,aic,5,0.3,3669.1388747761134,0.5672238848607192,31.647399093092226,45.92997445678375
B,20,10,120,gaussian,aic,5,0.5,4033.1216158037314,0.5638013806278611,32.07454210506066,46.473977002288066
B,20,10,120,gaussian,aic,5,0.95,4968.951081240698,0.5562246035049968,33.0143316771129,47.62753619247369
B,20,10,120,t,em,3,0.3,3523.980501235681,0.5688004299818378,31.468778303509396,45.70287671452005
B,20,10,120,t,em,3,0.5,3874.1610673061514,0.5653483111875326,31.920251323958404,46.27094020319201
B,20,10,120,t,em,3,0.95,4847.4008455210815,0.5570157965765958,32.92309253469462,47.503012285931334
B,20,10,120,t,em,5,0.3,3524.029721118507,0.5688010666669493,31.47090364096848,45.70492516360863
B,20,10,120,t,em,5,0.5,3874.502721084186,0.5653478815724554,31.92478403575605,46.27490664048592
B,20,10,120,t,em,5,0.95,4855.777350421282,0.5569571960253141,32.92625592977075,47.508132287549905
B,20,10,120,t,aic,3,0.3,3523.980501235681,0.5688004299818378,31.468778303509396,45.70287671452005
B,20,10,120,t,aic,3,0.5,3874.1610673061514,0.5653483111875326,31.920251323958404,46.27094020319201
B,20,10,120,t,aic,3,0.95,4847.4008455210815,0.5570157965765958,32.92309253469462,47.503012285931334
B,20,10,120,t,aic,5,0.3,3524.029721118507,0.5688010666669493,31.47090364096848,45.70492516360863
B,20,10,120,t,aic,5,0.5,3874.502721084186,0.5653478815724554,31.92478403575605,46.27490664048592
B,20,10,120,t,aic,5,0.95,4855.777350421282,0.5569571960253141,32.92625592977075,47.508132287549905
B,20,10,125,gamma,em,3,0.3,3849.243828635082,0.5634880434633954,29.838284664032518,46.11039628811568
B,20,10,125,gamma,em,3,0.5,4182.693440378188,0.5606184631715928,30.20810144344993,46.57040782572468
B,20,10,125,gamma,em,3,0.95,5062.490093671793,0.5539491348868115,31.05957530354798,47.616837265266696
B,20,10,125,gamma,em,5,0.3,3849.243828635082,0.5634880434633954,29.838284664032518,46.11039628811568
B,20,10,125,gamma,em,5,0.5,4182.693440378188,0.5606184631715928,30.20810144344993,46.57040782572468
B,20,10,125,gamma,em,5,0.95,5062.490093671793,0.5539491348868115,31.05957530354798,47.616837265266696
B,20,10,125,gamma,aic,3,0.3,3809.96906410983,0.5640319185209625,29.77993145836201,46.034479061589856
B,20,10,125,gamma,aic,3,0.5,4136.593768875799,0.5610813087648598,30.15361627520706,46.502612314577206
B,20,10,125,gamma,aic,3,0.95,5043.607710860708,0.5540932033842594,31.041553863129035,47.59581479305365
B,20,10,125,gamma,aic,5,0.3,3809.96906410983,0.5640319185209625,29.77993145836201,46.034479061589856
B,20,10,125,gamma,aic,5,0.5,4136.593768875799,0.5610813087648598,30.15361627520706,46.502612314577206
B,20,10,125,gamma,aic,5,0.95,5043.607710860708,0.5540932033842594,31.041553863129035,47.59581479305365
B,20,10,125,gaussian,em,3,0.3,5281.626980239785,0.5536345897783849,31.187717781955524,47.74721262429974
B,20,10,125,gaussian,em,3,0.5,5478.565311697006,0.5522392246396022,31.3747111072587,47.97490101820266
B,20,10,125,gaussian,em,3,0.95,5924.224942951418,0.5492190809853399,31.732640230307787,48.41632814512086
B,20,10,125,gaussian,em,5,0.3,5281.626980239785,0.5536345897783849,31.187717781955524,47.74721262429974
B,20,10,125,gaussian,em,5,0.5,5478.565311697006,0.5522392246396022,31.3747111072587,47.97490101820266
B,20,10,125,gaussian,em,5,0.95,5924.224942951418,0.5492190809853399,31.732640230307787,48.41632814512086
B,20,10,125,gaussian,aic,3,0.3,3668.9054310114466,0.5652267689174458,29.6265691301574,45.8359862422192
B,20,10,125,gaussian,aic,3,0.5,4032.8881720390646,0.5619117145306042,30.053712142125836,46.381099980155454
B,20,10,125,gaussian,aic,3,0.95,4968.717637476031,0.5545743894767715,30.99350171417808,47.536970151371065
B,20,10,125,gaussian,aic,5,0.3,3668.9054310114466,0.5652267689174458,29.6265691301574,45.8359862422192
B,20,10,125,gaussian,aic,5,0.5,4032.8881720390646,0.5619117145306042,30.053712142125836,46.381099980155454
B,20,10,125,gaussian,aic,5,0.95,4968.717637476031,0.5545743894767715,30.99350171417808,47.536970151371065
B,20,10,125,t,em,3,0.3,3523.747057471014,0.5667523706719859,29.447948340574573,45.608337330573974
B,20,10,125,t,em,3,0.5,3873.9276235414845,0.5634085144641269,29.899421361023588,46.177587371680254
B,20,10,125,t,em,3,0.95,4847.167401756415,0.5553398520019959,30.902262571759792,47.41216817106103
B,20,10,125,t,em,5,0.3,3523.7962773538397,0.5667529872755399,29.450073678033657,45.61039062543058
B,20,10,125,t,em,5,0.5,3874.2692773195195,0.5634080985596368,29.90395407282123,46.1815637956385
B,20,10,125,t,em,5,0.95,4855.543906656615,0.5552831699896297,30.905425966835924,47.41730032434573
B,20,10,125,t,aic,3,0.3,3523.747057471014,0.5667523706719859,29.447948340574573,45.608337330573974
B,20,10,125,t,aic,3,0.5,3873.9276235414845,0.5634085144641269,29.899421361023588,46.177587371680254
B,20,10,125,t,aic,3,0.95,4847.167401756415,0.5553398520019959,30.902262571759792,47.41216817106103
B,20,10,125,t,aic,5,0.3,3523.7962773538397,0.5667529872755399,29.450073678033657,45.61039062543058
B,20,10,125,t,aic,5,0.5,3874.2692773195195,0.5634080985596368,29.90395407282123,46.1815637956385
B,20,10,125,t,aic,5,0.95,4855.543906656615,0.5552831699896297,30.905425966835924,47.41730032434573
B,20,15,115,gamma,em,3,0.3,3559.492812646982,0.5708068687250838,33.73079001612774,46.14309246882433
B,20,15,115,gamma,em,3,0.5,3930.4010306330033,0.566913571089987,34.162188149621905,46.68099923211146
B,20,15,115,gamma,em,3,0.95,4811.453769204974,0.5594017936809743,35.07691729075936,47.78128895972167
B,20,15,115,gamma,em,5,0.3,3559.492812646982,0.5708068687250838,33.73079001612774,46.14309246882433
B,20,15,115,gamma,em,5,0.5,3930.4010306330033,0.566913571089987,34.162188149621905,46.68099923211146
B,20,15,115,gamma,em,5,0.95,4811.453769204974,0.5594017936809743,35.07691729075936,47.78128895972167
B,20,15,115,gamma,aic,3,0.3,3609.0948939552436,0.5703185925525007,33.75521164361647,46.17810515659996
B,20,15,115,gamma,aic,3,0.5,3981.5822556804624,0.5665212888664012,34.188889052903235,46.71942149985131
B,20,15,115,gamma,aic,3,0.95,4836.876082163979,0.559272539260436,35.10555074494446,47.81825221727017
B,20,15,115,gamma,aic,5,0.3,3609.0948939552436,0.5703185925525007,33.75521164361647,46.17810515659996
B,20,15,115,gamma,aic,5,0.5,3981.5822556804624,0.5665212888664012,34.188889052903235,46.71942149985131
B,20,15,115,gamma,aic,5,0.95,4836.876082163979,0.559272539260436,35.10555074494446,47.81825221727017
B,20,15,115,gaussian,em,3,0.3,4094.443990943985,0.5657379323560096,34.22199149486515,46.78665114330077
B,20,15,115,gaussian,em,3,0.5,4386.735254900144,0.5632163668156906,34.5763540802193,47.204654194859806
B,20,15,115,gaussian,em,3,0.95,5169.183871471492,0.556753525663556,35.366905110159806,48.148597518088174
B,20,15,115,gaussian,em,5,0.3,4094.443990943985,0.5657379323560096,34.22199149486515,46.78665114330077
B,20,15,115,gaussian,em,5,0.5,4386.735254900144,0.5632163668156906,34.5763540802193,47.204654194859806
B,20,15,115,gaussian,em,5,0.95,5169.183871471492,0.556753525663556,35.366905110159806,48.148597518088174
B,20,15,115,gaussian,aic,3,0.3,3564.393900266038,0.570716549330604,33.71006810202509,46.122369651857056
B,20,15,115,gaussian,aic,3,0.5,3916.1528375380485,0.5670918523710055,34.10554974051203,46.61980225968764
B,20,15,115,gaussian,aic,3,0.95,4820.3712565077685,0.5593344645441662,35.09697429027719,47.80857011580041
B,20,15,115,gaussian,aic,5,0.3,3564.393900266038,0.570716549330604,33.71006810202509,46.122369651857056
B,20,15,115,gaussian,aic,5,0.5,3916.1528375380485,0.5670918523710055,34.10554974051203,46.61980225968764
B,20,15,115,gaussian,aic,5,0.95,4820.3712565077685,0.5593344645441662,35.09697429027719,47.80857011580041
B,20,15,115,t,em,3,0.3,3515.4024413723337,0.5713636051059469,33.63682364362373,46.032859761537864
B,20,15,115,t,em,3,0.5,3884.5158636755814,0.5674525286695061,34.07612693825558,46.576447401265604
B,20,15,115,t,em,3,0.95,4771.451279078883,0.5597050242469594,35.04291145539167,47.736831373057484
B,20,15,115,t,em,5,0.3,3670.129285676242,0.5696164539408729,33.81339691461744,46.25094724578034
B,20,15,115,t,em,5,0.5,4017.914028185958,0.566217226421123,34.20624543478826,46.73642228822053
B,20,15,115,t,em,5,0.95,4942.97297524756,0.5582661479581728,35.16084758905295,47.896256536523126
B,20,15,115,t,aic,3,0.3,3515.4024413723337,0.5713636051059469,33.63682364362373,46.032859761537864
B,20,15,115,t,aic,3,0.5,3884.5158636755814,0.5674525286695061,34.07612693825558,46.576447401265604
B,20,15,115,t,aic,3,0.95,4771.451279078883,0.5597050242469594,35.04291145539167,47.736831373057484
B,20,15,115,t,aic,5,0.3,3670.129285676242,0.5696164539408729,33.81339691461744,46.25094724578034
B,20,15,115,t,aic,5,0.5,4017.914028185958,0.566217226421123,34.20624543478826,46.73642228822053
B,20,15,115,t,aic,5,0.95,4942.97297524756,0.5582661479581728,35.16084758905295,47.896256536523126
B,20,15,120,gamma,em,3,0.3,3559.048308401846,0.5684626222310716,31.55162511747564,45.7987772730883
B,20,15,120,gamma,em,3,0.5,3929.956526387867,0.5647058764533724,31.9830232509698,46.34081829280671
B,20,15,120,gamma,em,3,0.95,4811.009264959839,0.5574562874079922,32.89775239210725,47.449143356486054
B,20,15,120,gamma,em,5,0.3,3559.048308401846,0.5684626222310716,31.55162511747564,45.7987772730883
B,20,15,120,gamma,em,5,0.5,3929.956526387867,0.5647058764533724,31.9830232509698,46.34081829280671
B,20,15,120,gamma,em,5,0.95,4811.009264959839,0.5574562874079922,32.89775239210725,47.449143356486054
B,20,15,120,gamma,aic,3,0.3,3608.650389710108,0.5679946181382758,31.576046744964366,45.83446830434541
B,20,15,120,gamma,aic,3,0.5,3981.1377514353276,0.5643296316671036,32.00972415425113,46.37983943769749
B,20,15,120,gamma,aic,3,0.95,4836.431577918845,0.5573325650004877,32.92638584629235,47.48650479562252
B,20,15,120,gamma,aic,5,0.3,3608.650389710108,0.5679946181382758,31.576046744964366,45.83446830434541
B,20,15,120,gamma,aic,5,0.5,3981.1377514353276,0.5643296316671036,32.00972415425113,46.37983943769749
B,20,15,120,gamma,aic,5,0.95,4836.431577918845,0.5573325650004877,32.92638584629235,47.48650479562252
B,20,15,120,gaussian,em,3,0.3,4093.99948669885,0.5635782976323556,32.04282659621305,46.44785060406082
B,20,15,120,gaussian,em,3,0.5,4386.290750655009,0.5611439084271661,32.39718918156719,46.86884008700831
B,20,15,120,gaussian,em,3,0.95,5168.739367226356,0.5549039409230028,33.1877402115077,47.81934781812217
B,20,15,120,gaussian,em,5,0.3,4093.99948669885,0.5635782976323556,32.04282659621305,46.44785060406082
B,20,15,120,gaussian,em,5,0.5,4386.290750655009,0.5611439084271661,32.39718918156719,46.86884008700831
B,20,15,120,gaussian,em,5,0.95,5168.739367226356,0.5549039409230028,33.1877402115077,47.81934781812217
B,20,15,120,gaussian,aic,3,0.3,3563.9493960209015,0.5683798418514183,31.530903203372986,45.77834948793564
B,20,15,120,gaussian,aic,3,0.5,3915.708333292913,0.5648816422717762,31.926384841859925,46.27953164427305
B,20,15,120,gaussian,aic,3,0.95,4819.926752262632,0.5573933958312539,32.917809391625084,47.47679640709911
B,20,15,120,gaussian,aic,5,0.3,3563.9493960209015,0.5683798418514183,31.530903203372986,45.77834948793564
B,20,15,120,gaussian,aic,5,0.5,3915.708333292913,0.5648816422717762,31.926384841859925,46.27953164427305
B,20,15,120,gaussian,aic,5,0.95,4819.926752262632,0.5573933958312539,32.917809391625084,47.47679640709911
B,20,15,120,t,em,3,0.3,3514.9579371271984,0.5690035945066328,31.457658744971628,45.68810720514606
B,20,15,120,t,em,3,0.5,3884.0713594304457,0.5652291051297056,31.896962039603473,46.23580930707758
B,20,15,120,t,em,3,0.95,4771.006774833747,0.5577502184395025,32.86374655673957,47.4045077752094
B,20,15,120,t,em,5,0.3,3669.6847814311054,0.5673203428520736,31.63423201596533,45.90795946662762
B,20,15,120,t,em,5,0.5,4017.469523940822,0.5640389172476705,32.027080536136154,46.39705385181493
B,20,15,120,t,em,5,0.95,4942.528471002424,0.5563636997744231,32.98168269040085,47.565134036110145
B,20,15,120,t,aic,3,0.3,3514.9579371271984,0.5690035945066328,31.457658744971628,45.68810720514606
B,20,15,120,t,aic,3,0.5,3884.0713594304457,0.5652291051297056,31.896962039603473,46.23580930707758
B,20,15,120,t,aic,3,0.95,4771.006774833747,0.5577502184395025,32.86374655673957,47.4045077752094
B,20,15,120,t,aic,5,0.3,3669.6847814311054,0.5673203428520736,31.63423201596533,45.90795946662762
B,20,15,120,t,aic,5,0.5,4017.469523940822,0.5640389172476705,32.027080536136154,46.39705385181493
B,20,15,120,t,aic,5,0.95,4942.528471002424,0.5563636997744231,32.98168269040085,47.565134036110145
B,20,15,125,gamma,em,3,0.3,3558.8148646371787,0.5664223701463357,29.53079515454082,45.7041433109285
B,20,15,125,gamma,em,3,0.5,3929.7230826232,0.5627848860206378,29.962193288034978,46.24739926344982
B,20,15,125,gamma,em,3,0.95,4810.775821195172,0.5557649202465804,30.87692242917243,47.358058026468186
B,20,15,125,gamma,em,5,0.3,3558.8148646371787,0.5664223701463357,29.53079515454082,45.7041433109285
B,20,15,125,gamma,em,5,0.5,3929.7230826232,0.5627848860206378,29.962193288034978,46.24739926344982
B,20,15,125,gamma,em,5,0.95,4810.775821195172,0.5557649202465804,30.87692242917243,47.358058026468186
B,20,15,125,gamma,aic,3,0.3,3608.416945945441,0.5659713388355179,29.555216782029543,45.74025246781168
B,20,15,125,gamma,aic,3,0.5,3980.90430767066,0.562422274749832,29.98889419131631,46.286784585512244
B,20,15,125,gamma,aic,3,0.95,4836.198134154178,0.555645869372853,30.905555883357533,47.39562067165228
B,20,15,125,gamma,aic,5,0.3,3608.416945945441,0.5659713388355179,29.555216782029543,45.74025246781168
B,20,15,125,gamma,aic,5,0.5,3980.90430767066,0.562422274749832,29.98889419131631,46.286784585512244
B,20,15,125,gamma,aic,5,0.95,4836.198134154178,0.555645869372853,30.905555883357533,47.39562067165228
B,20,15,125,gaussian,em,3,0.3,4093.7660429341836,0.5616981099186242,30.021996633278224,46.35509175527791
B,20,15,125,gaussian,em,3,0.5,4386.057306890342,0.5593402316477547,30.376359218632377,46.7769000501374
B,20,15,125,gaussian,em,3,0.95,5168.505923461689,0.5532958407852283,31.16691024857288,47.72922423345643
B,20,15,125,gaussian,em,5,0.3,4093.7660429341836,0.5616981099186242,30.021996633278224,46.35509175527791
B,20,15,125,gaussian,em,5,0.5,4386.057306890342,0.5593402316477547,30.376359218632377,46.7769000501374
B,20,15,125,gaussian,em,5,0.95,5168.505923461689,0.5532958407852283,31.16691024857288,47.72922423345643
B,20,15,125,gaussian,aic,3,0.3,3563.7159522562347,0.5663452556192267,29.510073240438164,45.684017324326476
B,20,15,125,gaussian,aic,3,0.5,3915.4748895282455,0.5629576685653899,29.90555487892511,46.186263761598
B,20,15,125,gaussian,aic,3,0.95,4819.693308497966,0.5557055355392782,30.89697942869026,47.38590541757729
B,20,15,125,gaussian,aic,5,0.3,3563.7159522562347,0.5663452556192267,29.510073240438164,45.684017324326476
B,20,15,125,gaussian,aic,5,0.5,3915.4748895282455,0.5629576685653899,29.90555487892511,46.186263761598
B,20,15,125,gaussian,aic,5,0.95,4819.693308497966,0.5557055355392782,30.89697942869026,47.38590541757729
B,20,15,125,t,em,3,0.3,3514.724493362531,0.5669488359468194,29.436828782036798,45.59355173905236
B,20,15,125,t,em,3,0.5,3883.8379156657784,0.5632937834822903,29.876132076668654,46.14242616958971
B,20,15,125,t,em,3,0.95,4770.77333106908,0.5560505109099282,30.842916593804745,47.313444612864465
B,20,15,125,t,em,5,0.3,3669.4513376664386,0.5653210320340174,29.613402053030505,45.81396424013066
B,20,15,125,t,em,5,0.5,4017.2360801761547,0.5621427339981298,30.006250573201335,46.30407374314278
B,20,15,125,t,em,5,0.95,4942.2950272377575,0.5547093880215362,30.960852727466023,47.47445205971233
B,20,15,125,t,aic,3,0.3,3514.724493362531,0.5669488359468194,29.436828782036798,45.59355173905236
B,20,15,125,t,aic,3,0.5,3883.8379156657784,0.5632937834822903,29.876132076668654,46.14242616958971
B,20,15,125,t,aic,3,0.95,4770.77333106908,0.5560505109099282,30.842916593804745,47.313444612864465
B,20,15,125,t,aic,5,0.3,3669.4513376664386,0.5653210320340174,29.613402053030505,45.81396424013066
B,20,15,125,t,aic,5,0.5,4017.2360801761547,0.5621427339981298,30.006250573201335,46.30407374314278
B,20,15,125,t,aic,5,0.95,4942.2950272377575,0.5547093880215362,30.960852727466023,47.47445205971233
B,20,20,115,gamma,em,3,0.3,3614.9727670569273,0.5700225945667308,33.75673185006063,46.17947625011573
B,20,20,115,gamma,em,3,0.5,3914.408697013108,0.5671476618701774,34.13966408970667,46.65034621066686
B,20,20,115,gamma,em,3,0.95,4826.452018466447,0.5595095897904475,35.07395405168139,47.789335855979665
B,20,20,115,gamma,em,5,0.3,3614.9727670569273,0.5700225945667308,33.75673185006063,46.17947625011573
B,20,20,115,gamma,em,5,0.5,3914.408697013108,0.5671476618701774,34.13966408970667,46.65034621066686
B,20,20,115,gamma,em,5,0.95,4826.452018466447,0.5595095897904475,35.07395405168139,47.789335855979665
B,20,20,115,gamma,aic,3,0.3,3706.096064372067,0.5692346513115446,33.79960453856785,46.25151928617343
B,20,20,115,gamma,aic,3,0.5,3942.575502830424,0.5670278858839249,34.174974706803184,46.68405286519909
B,20,20,115,gamma,aic,3,0.95,4869.4497820143315,0.5592528590198876,35.11222502114943,47.83704244139595
B,20,20,115,gamma,aic,5,0.3,3706.096064372067,0.5692346513115446,33.79960453856785,46.25151928617343
B,20,20,115,gamma,aic,5,0.5,3942.575502830424,0.5670278858839249,34.174974706803184,46.68405286519909
B,20,20,115,gamma,aic,5,0.95,4869.4497820143315,0.5592528590198876,35.11222502114943,47.83704244139595
B,20,20,115,gaussian,em,3,0.3,4750.736895502705,0.5611828637386409,34.80847708933403,47.47492714870576
B,20,20,115,gaussian,em,3,0.5,5018.7062172854785,0.5588870723789683,35.086916089390705,47.821586262369905
B,20,20,115,gaussian,em,3,0.95,5537.116556573756,0.5545940827523228,35.64141697439516,48.46579245907588
B,20,20,115,gaussian,em,5,0.3,4750.736895502705,0.5611828637386409,34.80847708933403,47.47492714870576
B,20,20,115,gaussian,em,5,0.5,5018.7062172854785,0.5588870723789683,35.086916089390705,47.821586262369905
B,20,20,115,gaussian,em,5,0.95,5537.116556573756,0.5545940827523228,35.64141697439516,48.46579245907588
B,20,20,115,gaussian,aic,3,0.3,3607.442548711618,0.5702008499455895,33.76811146852083,46.1887444878481
B,20,20,115,gaussian,aic,3,0.5,3907.749953134894,0.5672138533083071,34.15927914644148,46.669189822736406
B,20,20,115,gaussian,aic,3,0.95,4808.777797145087,0.559746017640558,35.08821467922574,47.80595683661675
B,20,20,115,gaussian,aic,5,0.3,3607.442548711618,0.5702008499455895,33.76811146852083,46.1887444878481
B,20,20,115,gaussian,aic,5,0.5,3907.749953134894,0.5672138533083071,34.15927914644148,46.669189822736406
B,20,20,115,gaussian,aic,5,0.95,4808.777797145087,0.559746017640558,35.08821467922574,47.80595683661675
B,20,20,115,t,em,3,0.3,3557.267268322642,0.5708435279558157,33.66465023903527,46.0688248733464
B,20,20,115,t,em,3,0.5,3855.749253568775,0.5678056673399967,34.07024361853912,46.565369707791305
B,20,20,115,t,em,3,0.95,4778.201355649514,0.5599271323151129,35.053973037238066,47.76152804792958
B,20,20,115,t,em,5,0.3,3509.940513144672,0.5713254283898774,33.60317770428505,45.98819754332637
B,20,20,115,t,em,5,0.5,3820.39104913525,0.5681254119100625,34.04274268704929,46.52392788844905
B,20,20,115,t,em,5,0.95,4752.422551510366,0.5601215984342932,35.03039531548253,47.733534976823464
B,20,20,115,t,aic,3,0.3,3557.267268322642,0.5708435279558157,33.66465023903527,46.0688248733464
B,20,20,115,t,aic,3,0.5,3855.749253568775,0.5678056673399967,34.07024361853912,46.565369707791305
B,20,20,115,t,aic,3,0.95,4778.201355649514,0.5599271323151129,35.053973037238066,47.76152804792958
B,20,20,115,t,aic,5,0.3,3509.940513144672,0.5713254283898774,33.60317770428505,45.98819754332637
B,20,20,115,t,aic,5,0.5,3820.39104913525,0.5681254119100625,34.04274268704929,46.52392788844905
B,20,20,115,t,aic,5,0.95,4752.422551510366,0.5601215984342932,35.03039531548253,47.733534976823464
B,20,20,120,gamma,em,3,0.3,3614.5282628117916,0.567713226643517,31.577566951408535,45.836073407723624
B,20,20,120,gamma,em,3,0.5,3913.9641927679722,0.5649376591765551,31.96049919105456,46.31039915241115
B,20,20,120,gamma,em,3,0.95,4826.007514221312,0.5575654444784803,32.894789153029286,47.45757593564868
B,20,20,120,gamma,em,5,0.3,3614.5282628117916,0.567713226643517,31.577566951408535,45.836073407723624
B,20,20,120,gamma,em,5,0.5,3913.9641927679722,0.5649376591765551,31.96049919105456,46.31039915241115
B,20,20,120,gamma,em,5,0.95,4826.007514221312,0.5575654444784803,32.894789153029286,47.45757593564868
B,20,20,120,gamma,aic,3,0.3,3705.6515601269302,0.5669526777926109,31.62043963991574,45.908754056661664
B,20,20,120,gamma,aic,3,0.5,3942.130998585287,0.5648227024601498,31.99580980815108,46.34443781583542
B,20,20,120,gamma,aic,3,0.95,4869.005277769197,0.5573180573391244,32.93306012249733,47.505685402315024
B,20,20,120,gamma,aic,5,0.3,3705.6515601269302,0.5669526777926109,31.62043963991574,45.908754056661664
B,20,20,120,gamma,aic,5,0.5,3942.130998585287,0.5648227024601498,31.99580980815108,46.34443781583542
B,20,20,120,gamma,aic,5,0.95,4869.005277769197,0.5573180573391244,32.93306012249733,47.505685402315024
B,20,20,120,gaussian,em,3,0.3,4750.29239125757,0.5591881439117795,32.62931219068192,47.14124682114493
B,20,20,120,gaussian,em,3,0.5,5018.261713040343,0.5569721505878289,32.90775119073861,47.49034029548204
B,20,20,120,gaussian,em,3,0.95,5536.672052328622,0.5528248387252236,33.46225207574305,48.13891840777245
B,20,20,120,gaussian,em,5,0.3,4750.29239125757,0.5591881439117795,32.62931219068192,47.14124682114493
B,20,20,120,gaussian,em,5,0.5,5018.261713040343,0.5569721505878289,32.90775119073861,47.49034029548204
B,20,20,120,gaussian,em,5,0.95,5536.672052328622,0.5528248387252236,33.46225207574305,48.13891840777245
B,20,20,120,gaussian,aic,3,0.3,3606.9980444664825,0.5678808621852574,31.58894656986872,45.84497750708529
B,20,20,120,gaussian,aic,3,0.5,3907.305448889758,0.5649983358436829,31.980114247789373,46.32910073654547
B,20,20,120,gaussian,aic,3,0.95,4808.33329289995,0.5577921174808296,32.909049780573625,47.47417836182684
B,20,20,120,gaussian,aic,5,0.3,3606.9980444664825,0.5678808621852574,31.58894656986872,45.84497750708529
B,20,20,120,gaussian,aic,5,0.5,3907.305448889758,0.5649983358436829,31.980114247789373,46.32910073654547
B,20,20,120,gaussian,aic,5,0.95,4808.33329289995,0.5577921174808296,32.909049780573625,47.47417836182684
B,20,20,120,t,em,3,0.3,3556.8227640775062,0.5685042217168261,31.485485340383157,45.724558653922074
B,20,20,120,t,em,3,0.5,3855.3047493236395,0.565572778827128,31.891078719887012,46.224801748339964
B,20,20,120,t,em,3,0.95,4777.75685140438,0.5579684745555991,32.874808138585955,47.429587765617256
B,20,20,120,t,em,5,0.3,3509.496008899536,0.5689696000675828,31.424012805632948,45.6432659389619
B,20,20,120,t,em,5,0.5,3819.9465448901146,0.5658813919083782,31.863577788397187,46.183044316290434
B,20,20,120,t,em,5,0.95,4751.978047265231,0.5581561629619154,32.85123041683042,47.40138690990911
B,20,20,120,t,aic,3,0.3,3556.8227640775062,0.5685042217168261,31.485485340383157,45.724558653922074
B,20,20,120,t,aic,3,0.5,3855.3047493236395,0.565572778827128,31.891078719887012,46.224801748339964
B,20,20,120,t,aic,3,0.95,4777.75685140438,0.5579684745555991,32.874808138585955,47.429587765617256
B,20,20,120,t,aic,5,0.3,3509.496008899536,0.5689696000675828,31.424012805632948,45.6432659389619
B,20,20,120,t,aic,5,0.5,3819.9465448901146,0.5658813919083782,31.863577788397187,46.183044316290434
B,20,20,120,t,aic,5,0.95,4751.978047265231,0.5581561629619154,32.85123041683042,47.40138690990911
B,20,20,125,gamma,em,3,0.3,3614.2948190471243,0.5657021210425672,29.55673698847371,45.74200906998865
B,20,20,125,gamma,em,3,0.5,3913.7307490033054,0.5630135241043718,29.939669228119744,46.21726943148795
B,20,20,125,gamma,em,3,0.95,4825.774070456645,0.555874280894078,30.873959190094467,47.366756992260214
B,20,20,125,gamma,em,5,0.3,3614.2948190471243,0.5657021210425672,29.55673698847371,45.74200906998865
B,20,20,125,gamma,em,5,0.5,3913.7307490033054,0.5630135241043718,29.939669228119744,46.21726943148795
B,20,20,125,gamma,em,5,0.95,4825.774070456645,0.555874280894078,30.873959190094467,47.366756992260214
B,20,20,125,gamma,aic,3,0.3,3705.4181163622634,0.5649651954178212,29.59960967698092,45.81490891663003
B,20,20,125,gamma,aic,3,0.5,3941.8975548206204,0.5629025022508722,29.974979845216257,46.25144029195127
B,20,20,125,gamma,aic,3,0.95,4868.77183400453,0.5556347958354404,30.9122301595625,47.41500892293421
B,20,20,125,gamma,aic,5,0.3,3705.4181163622634,0.5649651954178212,29.59960967698092,45.81490891663003
B,20,20,125,gamma,aic,5,0.5,3941.8975548206204,0.5629025022508722,29.974979845216257,46.25144029195127
B,20,20,125,gamma,aic,5,0.95,4868.77183400453,0.5556347958354404,30.9122301595625,47.41500892293421
B,20,20,125,gaussian,em,3,0.3,4750.058947492902,0.5574529493922433,30.608482227747107,47.050027577569075
B,20,20,125,gaussian,em,3,0.5,5018.0282692756755,0.555306722815317,30.886921227803775,47.39978624398863
B,20,20,125,gaussian,em,3,0.95,5536.438608563954,0.5512874290611208,31.441422112808233,48.049555293217686
B,20,20,125,gaussian,em,5,0.3,4750.058947492902,0.5574529493922433,30.608482227747107,47.050027577569075
B,20,20,125,gaussian,em,5,0.5,5018.0282692756755,0.555306722815317,30.886921227803775,47.39978624398863
B,20,20,125,gaussian,em,5,0.95,5536.438608563954,0.5512874290611208,31.441422112808233,48.049555293217686
B,20,20,125,gaussian,aic,3,0.3,3606.7646007018157,0.5658614394578443,29.5681166069339,45.75058442869117
B,20,20,125,gaussian,aic,3,0.5,3907.072005125091,0.563069988846189,29.95928428485455,46.23578272450108
B,20,20,125,gaussian,aic,3,0.95,4808.099849135283,0.5560927548482045,30.88821981763881,47.383280673880925
B,20,20,125,gaussian,aic,5,0.3,3606.7646007018157,0.5658614394578443,29.5681166069339,45.75058442869117
B,20,20,125,gaussian,aic,5,0.5,3907.072005125091,0.563069988846189,29.95928428485455,46.23578272450108
B,20,20,125,gaussian,aic,5,0.95,4808.099849135283,0.5560927548482045,30.88821981763881,47.383280673880925
B,20,20,125,t,em,3,0.3,3556.589320312839,0.5664671185962735,29.46465537744833,45.630237702397196
B,20,20,125,t,em,3,0.5,3855.071305558973,0.5636286310622205,29.870248756952197,46.131504021259055
B,20,20,125,t,em,3,0.95,4777.523407639712,0.5562646189430323,30.853978175651132,47.338726302428164
B,20,20,125,t,em,5,0.3,3509.2625651348694,0.5669182430841053,29.403182842698122,45.54873959807456
B,20,20,125,t,em,5,0.5,3819.7131011254473,0.5639276350409472,29.84274782546236,46.08965755238468
B,20,20,125,t,em,5,0.95,4751.744603500563,0.556446457743011,30.830400453895596,47.31046418593217
B,20,20,125,t,aic,3,0.3,3556.589320312839,0.5664671185962735,29.46465537744833,45.630237702397196
B,20,20,125,t,aic,3,0.5,3855.071305558973,0.5636286310622205,29.870248756952197,46.131504021259055
B,20,20,125,t,aic,3,0.95,4777.523407639712,0.5562646189430323,30.853978175651132,47.338726302428164
B,20,20,125,t,aic,5,0.3,3509.2625651348694,0.5669182430841053,29.403182842698122,45.54873959807456
B,20,20,125,t,aic,5,0.5,3819.7131011254473,0.5639276350409472,29.84274782546236,46.08965755238468
B,20,20,125,t,aic,5,0.95,4751.744603500563,0.556446457743011,30.830400453895596,47.31046418593217
B,25,10,115,gamma,em,3,0.3,3701.571138518825,0.5706594546309961,34.59342949287753,46.952303649964634
B,25,10,115,gamma,em,3,0.5,4121.782416606828,0.5663725694799999,35.04812502300689,47.513439324322
B,25,10,115,gamma,em,3,0.95,5101.1311765356495,0.5581172241742339,36.05334769339262,48.71402357555511
B,25,10,115,gamma,em,5,0.3,3701.571138518825,0.5706594546309961,34.59342949287753,46.952303649964634
B,25,10,115,gamma,em,5,0.5,4121.782416606828,0.5663725694799999,35.04812502300689,47.513439324322
B,25,10,115,gamma,em,5,0.95,5101.1311765356495,0.5581172241742339,36.05334769339262,48.71402357555511
B,25,10,115,gamma,aic,3,0.3,3838.3373256449754,0.5693373288377445,34.736584984724345,47.12490270749221
B,25,10,115,gamma,aic,3,0.5,4277.707770654213,0.5650256563334729,35.18403937271783,47.68905925297818
B,25,10,115,gamma,aic,3,0.95,5168.8452246296665,0.557717660179669,36.09076222889739,48.76021264717621
B,25,10,115,gamma,aic,5,0.3,3838.3373256449754,0.5693373288377445,34.736584984724345,47.12490270749221
B,25,10,115,gamma,aic,5,0.5,4277.707770654213,0.5650256563334729,35.18403937271783,47.68905925297818
B,25,10,115,gamma,aic,5,0.95,5168.8452246296665,0.557717660179669,36.09076222889739,48.76021264717621
B,25,10,115,gaussian,em,3,0.3,4178.643066129369,0.5657712100517944,35.12862587592525,47.612281863315346
B,25,10,115,gaussian,em,3,0.5,4586.437340862647,0.5621515567280551,35.52038325284043,48.09923098261752
B,25,10,115,gaussian,em,3,0.95,5426.286614465311,0.5559836543776312,36.26955313715341,48.996701932074224
B,25,10,115,gaussian,em,5,0.3,4178.643066129369,0.5657712100517944,35.12862587592525,47.612281863315346
B,25,10,115,gaussian,em,5,0.5,4586.437340862647,0.5621515567280551,35.52038325284043,48.09923098261752
B,25,10,115,gaussian,em,5,0.95,5426.286614465311,0.5559836543776312,36.26955313715341,48.996701932074224
B,25,10,115,gaussian,aic,3,0.3,3723.831573512539,0.5704026758278589,34.57367751109287,46.93990276745494
B,25,10,115,gaussian,aic,3,0.5,4092.0362295538516,0.5666655537353739,35.03173292511396,47.48958527605747
B,25,10,115,gaussian,aic,3,0.95,5074.006368420452,0.5582455600581395,36.03050313459822,48.68290027182955
B,25,10,115,gaussian,aic,5,0.3,3723.831573512539,0.5704026758278589,34.57367751109287,46.93990276745494
B,25,10,115,gaussian,aic,5,0.5,4092.0362295538516,0.5666655537353739,35.03173292511396,47.48958527605747
B,25,10,115,gaussian,aic,5,0.95,5074.006368420452,0.5582455600581395,36.03050313459822,48.68290027182955
B,25,10,115,t,em,3,0.3,4003.152434657096,0.5676378281626461,34.8618049466445,47.311192119174244
B,25,10,115,t,em,3,0.5,4355.833821601158,0.5643450330557778,35.280855368840776,47.80722472877343
B,25,10,115,t,em,3,0.95,5275.470637066773,0.5569282460918077,36.185282599647955,48.88186640079369
B,25,10,115,t,em,5,0.3,3847.0836085264173,0.5691953291134053,34.71069475820024,47.11592080408353
B,25,10,115,t,em,5,0.5,4167.609005198764,0.5659357381442229,35.105418972089765,47.576746561877606
B,25,10,115,t,em,5,0.95,5154.237581565738,0.557799083931638,36.09695252022528,48.76497807842076
B,25,10,115,t,aic,3,0.3,4003.152434657096,0.5676378281626461,34.8618049466445,47.311192119174244
B,25,10,115,t,aic,3,0.5,4355.833821601158,0.5643450330557778,35.280855368840776,47.80722472877343
B,25,10,115,t,aic,3,0.95,5275.470637066773,0.5569282460918077,36.185282599647955,48.88186640079369
B,25,10,115,t,aic,5,0.3,3847.0836085264173,0.5691953291134053,34.71069475820024,47.11592080408353
B,25,10,115,t,aic,5,0.5,4167.609005198764,0.5659357381442229,35.105418972089765,47.576746561877606
B,25,10,115,t,aic,5,0.95,5154.237581565738,0.557799083931638,36.09695252022528,48.76497807842076
B,25,10,120,gamma,em,3,0.3,3701.147720047201,0.5683846108622117,32.509340034741925,46.629966310783
B,25,10,120,gamma,em,3,0.5,4121.358998135203,0.5642425744757278,32.964035564871274,47.194971138718564
B,25,10,120,gamma,em,3,0.95,5100.707758064025,0.5562649359054893,33.969258235257,48.40349626423531
B,25,10,120,gamma,em,5,0.3,3701.147720047201,0.5683846108622117,32.509340034741925,46.629966310783
B,25,10,120,gamma,em,5,0.5,4121.358998135203,0.5642425744757278,32.964035564871274,47.194971138718564
B,25,10,120,gamma,em,5,0.95,5100.707758064025,0.5562649359054893,33.969258235257,48.40349626423531
B,25,10,120,gamma,aic,3,0.3,3837.9139071733516,0.5671039926998368,32.65249552658872,46.80357165856847
B,25,10,120,gamma,aic,3,0.5,4277.284352182589,0.5629385217682866,33.09994991458221,47.371620858511584
B,25,10,120,gamma,aic,3,0.95,5168.421806158043,0.5558779065549221,34.00667277076177,48.4499046088891
B,25,10,120,gamma,aic,5,0.3,3837.9139071733516,0.5671039926998368,32.65249552658872,46.80357165856847
B,25,10,120,gamma,aic,5,0.5,4277.284352182589,0.5629385217682866,33.09994991458221,47.371620858511584
B,25,10,120,gamma,aic,5,0.95,5168.421806158043,0.5558779065549221,34.00667277076177,48.4499046088891
B,25,10,120,gaussian,em,3,0.3,4178.219647657746,0.5636589626046742,33.04453641778963,47.29420806207669
B,25,10,120,gaussian,em,3,0.5,4586.013922391023,0.5601622332523271,33.43629379470482,47.78448584275718
B,25,10,120,gaussian,em,3,0.95,5425.863195993688,0.5542028191161312,34.185463679017786,48.687905061336174
B,25,10,120,gaussian,em,5,0.3,4178.219647657746,0.5636589626046742,33.04453641778963,47.29420806207669
B,25,10,120,gaussian,em,5,0.5,4586.013922391023,0.5601622332523271,33.43629379470482,47.78448584275718
B,25,10,120,gaussian,em,5,0.95,5425.863195993688,0.5542028191161312,34.185463679017786,48.687905061336174
B,25,10,120,gaussian,aic,3,0.3,3723.4081550409146,0.5681357714225247,32.48958805295725,46.61748197036512
B,25,10,120,gaussian,aic,3,0.5,4091.612811082227,0.5645252585977587,32.947643466978334,47.17094535789112
B,25,10,120,gaussian,aic,3,0.95,5073.58294994883,0.5563886311130075,33.9464136764626,48.3721609780244
B,25,10,120,gaussian,aic,5,0.3,3723.4081550409146,0.5681357714225247,32.48958805295725,46.61748197036512
B,25,10,120,gaussian,aic,5,0.5,4091.612811082227,0.5645252585977587,32.947643466978334,47.17094535789112
B,25,10,120,gaussian,aic,5,0.95,5073.58294994883,0.5563886311130075,33.9464136764626,48.3721609780244
B,25,10,120,t,em,3,0.3,4002.7290161854717,0.5654690976758504,32.77771548850889,46.9916122319004
B,25,10,120,t,em,3,0.5,4355.410403129534,0.5622863012176076,33.19676591070517,47.490964832582144
B,25,10,120,t,em,3,0.95,5275.047218595149,0.5551177096330876,34.10119314151234,48.57254448766494
B,25,10,120,t,em,5,0.3,3846.660190054793,0.5669720459661294,32.62660530006463,46.794858556076726
B,25,10,120,t,em,5,0.5,4167.18558672714,0.5638216987021665,33.02132951395415,47.258764700394565
B,25,10,120,t,em,5,0.95,5153.8141630941145,0.5559581209779524,34.012863062089664,48.45482539572031
B,25,10,120,t,aic,3,0.3,4002.7290161854717,0.5654690976758504,32.77771548850889,46.9916122319004
B,25,10,120,t,aic,3,0.5,4355.410403129534,0.5622863012176076,33.19676591070517,47.490964832582144
B,25,10,120,t,aic,3,0.95,5275.047218595149,0.5551177096330876,34.10119314151234,48.57254448766494
B,25,10,120,t,aic,5,0.3,3846.660190054793,0.5669720459661294,32.62660530006463,46.794858556076726
B,25,10,120,t,aic,5,0.5,4167.18558672714,0.5638216987021665,33.02132951395415,47.258764700394565
B,25,10,120,t,aic,5,0.95,5153.8141630941145,0.5559581209779524,34.012863062089664,48.45482539572031
B,25,10,125,gamma,em,3,0.3,3700.928019208921,0.5664410898697225,30.58670433546688,46.54313355181739
B,25,10,125,gamma,em,3,0.5,4121.139297296922,0.5624233960235683,31.041399865596237,47.109217352919494
B,25,10,125,gamma,em,3,0.95,5100.488057225745,0.5546847851310305,32.04662253598197,48.31994194079241
B,25,10,125,gamma,em,5,0.3,3700.928019208921,0.5664410898697225,30.58670433546688,46.54313355181739
B,25,10,125,gamma,em,5,0.5,4121.139297296922,0.5624233960235683,31.041399865596237,47.109217352919494
B,25,10,125,gamma,em,5,0.95,5100.488057225745,0.5546847851310305,32.04662253598197,48.31994194079241
B,25,10,125,gamma,aic,3,0.3,3837.6942063350702,0.5651974503171092,30.729859827313692,46.71698355374619
B,25,10,125,gamma,aic,3,0.5,4277.064651344308,0.5611574124810071,31.17731421530717,47.28612603752957
B,25,10,125,gamma,aic,3,0.95,5168.202105319762,0.5543089651524693,32.08403707148673,48.366383090995605
B,25,10,125,gamma,aic,5,0.3,3837.6942063350702,0.5651974503171092,30.729859827313692,46.71698355374619
B,25,10,125,gamma,aic,5,0.5,4277.064651344308,0.5611574124810071,31.17731421530717,47.28612603752957
B,25,10,125,gamma,aic,5,0.95,5168.202105319762,0.5543089651524693,32.08403707148673,48.366383090995605
B,25,10,125,gaussian,em,3,0.3,4177.999946819465,0.5618554026717155,31.1219007185146,47.20846236775161
B,25,10,125,gaussian,em,3,0.5,4585.794221552742,0.5584647979142694,31.513658095429776,47.69969604465497
B,25,10,125,gaussian,em,3,0.95,5425.6434951554065,0.5526842445128942,32.26282797974276,48.60479371715578
B,25,10,125,gaussian,em,5,0.3,4177.999946819465,0.5618554026717155,31.1219007185146,47.20846236775161
B,25,10,125,gaussian,em,5,0.5,4585.794221552742,0.5584647979142694,31.513658095429776,47.69969604465497
B,25,10,125,gaussian,em,5,0.95,5425.6434951554065,0.5526842445128942,32.26282797974276,48.60479371715578
B,25,10,125,gaussian,aic,3,0.3,3723.1884542026337,0.5661984745720432,30.566952353682222,46.530620007708414
B,25,10,125,gaussian,aic,3,0.5,4091.393110243947,0.5626972343255328,31.025007767703308,47.085135164942855
B,25,10,125,gaussian,aic,3,0.95,5073.363249110548,0.5548044726429451,32.02377797718757,48.28853931360786
B,25,10,125,gaussian,aic,5,0.3,3723.1884542026337,0.5661984745720432,30.566952353682222,46.530620007708414
B,25,10,125,gaussian,aic,5,0.5,4091.393110243947,0.5626972343255328,31.025007767703308,47.085135164942855
B,25,10,125,gaussian,aic,5,0.95,5073.363249110548,0.5548044726429451,32.02377797718757,48.28853931360786
B,25,10,125,t,em,3,0.3,4002.509315347191,0.5636156442819515,30.855079789233844,46.90565122176974
B,25,10,125,t,em,3,0.5,4355.190702291254,0.5605274823306245,31.274130211430126,47.40590820428796
B,25,10,125,t,em,3,0.95,5274.8275177568685,0.5535730206733696,32.178557442237306,48.48937083358968
B,25,10,125,t,em,5,0.3,3846.4404892165126,0.5650723322947142,30.703969600789595,46.708428105351175
B,25,10,125,t,em,5,0.5,4166.96588588886,0.562016194150162,31.098693814679116,47.17316351822769
B,25,10,125,t,em,5,0.95,5153.594462255834,0.5543876878074558,32.09022736281462,48.371388823398455
B,25,10,125,t,aic,3,0.3,4002.509315347191,0.5636156442819515,30.855079789233844,46.90565122176974
B,25,10,125,t,aic,3,0.5,4355.190702291254,0.5605274823306245,31.274130211430126,47.40590820428796
B,25,10,125,t,aic,3,0.95,5274.8275177568685,0.5535730206733696,32.178557442237306,48.48937083358968
B,25,10,125,t,aic,5,0.3,3846.4404892165126,0.5650723322947142,30.703969600789595,46.708428105351175
B,25,10,125,t,aic,5,0.5,4166.96588588886,0.562016194150162,31.098693814679116,47.17316351822769
B,25,10,125,t,aic,5,0.95,5153.594462255834,0.5543876878074558,32.09022736281462,48.371388823398455
B,25,15,115,gamma,em,3,0.3,3941.8394463785467,0.5682890383087245,34.86916554587519,47.29142293706037
B,25,15,115,gamma,em,3,0.5,4326.154623583937,0.5647104971674393,35.28253838917432,47.79849202223801
B,25,15,115,gamma,em,3,0.95,5144.3676068680115,0.5581026597014969,36.13209859213627,48.794298557108036
B,25,15,115,gamma,em,5,0.3,3941.8394463785467,0.5682890383087245,34.86916554587519,47.29142293706037
B,25,15,115,gamma,em,5,0.5,4326.154623583937,0.5647104971674393,35.28253838917432,47.79849202223801
B,25,15,115,gamma,em,5,0.95,5144.3676068680115,0.5581026597014969,36.13209859213627,48.794298557108036
B,25,15,115,gamma,aic,3,0.3,3892.0216088010347,0.5691123271370183,34.755214247457246,47.15289776305285
B,25,15,115,gamma,aic,3,0.5,4219.450006259011,0.5657815387548412,35.16209963061944,47.642127974868664
B,25,15,115,gamma,aic,3,0.95,5097.614412936424,0.5585598418995003,36.06196203357405,48.707725349276345
B,25,15,115,gamma,aic,5,0.3,3892.0216088010347,0.5691123271370183,34.755214247457246,47.15289776305285
B,25,15,115,gamma,aic,5,0.5,4219.450006259011,0.5657815387548412,35.16209963061944,47.642127974868664
B,25,15,115,gamma,aic,5,0.95,5097.614412936424,0.5585598418995003,36.06196203357405,48.707725349276345
B,25,15,115,gaussian,em,3,0.3,6389.076294388741,0.5518230824709313,36.7204478937234,49.53957475874467
B,25,15,115,gaussian,em,3,0.5,6518.547868646366,0.5506541966671851,36.86375620769735,49.710138264637635
B,25,15,115,gaussian,em,3,0.95,6771.5772314264395,0.5487326146079761,37.135802034641436,50.024870390509804
B,25,15,115,gaussian,em,5,0.3,6389.076294388741,0.5518230824709313,36.7204478937234,49.53957475874467
B,25,15,115,gaussian,em,5,0.5,6518.547868646366,0.5506541966671851,36.86375620769735,49.710138264637635
B,25,15,115,gaussian,em,5,0.95,6771.5772314264395,0.5487326146079761,37.135802034641436,50.024870390509804
B,25,15,115,gaussian,aic,3,0.3,3852.721834936287,0.5692763516907009,34.789886595163274,47.17900881703327
B,25,15,115,gaussian,aic,3,0.5,4229.96798709917,0.5655908641379973,35.22589620272627,47.717661287772856
B,25,15,115,gaussian,aic,3,0.95,5088.581384875937,0.5586098138620883,36.068960432234135,48.717839073475695
B,25,15,115,gaussian,aic,5,0.3,3852.721834936287,0.5692763516907009,34.789886595163274,47.17900881703327
B,25,15,115,gaussian,aic,5,0.5,4229.96798709917,0.5655908641379973,35.22589620272627,47.717661287772856
B,25,15,115,gaussian,aic,5,0.95,5088.581384875937,0.5586098138620883,36.068960432234135,48.717839073475695
B,25,15,115,t,em,3,0.3,3717.9521496526877,0.5707574250656332,34.57603356053586,46.92636272774854
B,25,15,115,t,em,3,0.5,4111.118256618889,0.5667590925212219,35.02778944557936,47.49070668018538
B,25,15,115,t,em,3,0.95,4988.758480588193,0.55919890059484,35.96928827651224,48.59425044741583
B,25,15,115,t,em,5,0.3,3724.220023234552,0.5706944691740674,34.58736913033001,46.93765218362487
B,25,15,115,t,em,5,0.5,4115.306428049162,0.5667010470087248,35.03067100811627,47.49392498529456
B,25,15,115,t,em,5,0.95,4988.837788669882,0.5592586591143988,35.97124173558369,48.59640859431448
B,25,15,115,t,aic,3,0.3,3717.9521496526877,0.5707574250656332,34.57603356053586,46.92636272774854
B,25,15,115,t,aic,3,0.5,4111.118256618889,0.5667590925212219,35.02778944557936,47.49070668018538
B,25,15,115,t,aic,3,0.95,4988.758480588193,0.55919890059484,35.96928827651224,48.59425044741583
B,25,15,115,t,aic,5,0.3,3724.220023234552,0.5706944691740674,34.58736913033001,46.93765218362487
B,25,15,115,t,aic,5,0.5,4115.306428049162,0.5667010470087248,35.03067100811627,47.49392498529456
B,25,15,115,t,aic,5,0.95,4988.837788669882,0.5592586591143988,35.97124173558369,48.59640859431448
B,25,15,120,gamma,em,3,0.3,3941.416027906922,0.5660940482311949,32.78507608773957,46.97124788033239
B,25,15,120,gamma,em,3,0.5,4325.731205112314,0.5626371358954126,33.1984489310387,47.48181764020832
B,25,15,120,gamma,em,3,0.95,5143.944188396388,0.5562512965860302,34.04800913400065,48.4842214832834
B,25,15,120,gamma,em,5,0.3,3941.416027906922,0.5660940482311949,32.78507608773957,46.97124788033239
B,25,15,120,gamma,em,5,0.5,4325.731205112314,0.5626371358954126,33.1984489310387,47.48181764020832
B,25,15,120,gamma,em,5,0.95,5143.944188396388,0.5562512965860302,34.04800913400065,48.4842214832834
B,25,15,120,gamma,aic,3,0.3,3891.59819032941,0.5668941978415434,32.67112478932163,46.83218948956225
B,25,15,120,gamma,aic,3,0.5,4219.026587787387,0.5636745898388037,33.07801017248382,47.32471411350757
B,25,15,120,gamma,aic,3,0.95,5097.1909944648005,0.5566940273226002,33.97787257543844,48.397254980455465
B,25,15,120,gamma,aic,5,0.3,3891.59819032941,0.5668941978415434,32.67112478932163,46.83218948956225
B,25,15,120,gamma,aic,5,0.5,4219.026587787387,0.5636745898388037,33.07801017248382,47.32471411350757
B,25,15,120,gamma,aic,5,0.95,5097.1909944648005,0.5566940273226002,33.97787257543844,48.397254980455465
B,25,15,120,gaussian,em,3,0.3,6388.652875917118,0.5501959711102717,34.63635843558779,49.234389943092324
B,25,15,120,gaussian,em,3,0.5,6518.124450174743,0.5490647875813999,34.779666749561734,49.40606767613682
B,25,15,120,gaussian,em,3,0.95,6771.153812954816,0.5472054640953531,35.05171257650583,49.72281177328972
B,25,15,120,gaussian,em,5,0.3,6388.652875917118,0.5501959711102717,34.63635843558779,49.234389943092324
B,25,15,120,gaussian,em,5,0.5,6518.124450174743,0.5490647875813999,34.779666749561734,49.40606767613682
B,25,15,120,gaussian,em,5,0.95,6771.153812954816,0.5472054640953531,35.05171257650583,49.72281177328972
B,25,15,120,gaussian,aic,3,0.3,3852.298416464663,0.5670430567381636,32.70579713702766,46.857873454421785
B,25,15,120,gaussian,aic,3,0.5,4229.544568627547,0.5634833442692451,33.141806744590646,47.40029832202449
B,25,15,120,gaussian,aic,3,0.95,5088.157966404312,0.5567388782710762,33.98487097409851,48.40717251849814
B,25,15,120,gaussian,aic,5,0.3,3852.298416464663,0.5670430567381636,32.70579713702766,46.857873454421785
B,25,15,120,gaussian,aic,5,0.5,4229.544568627547,0.5634833442692451,33.141806744590646,47.40029832202449
B,25,15,120,gaussian,aic,5,0.95,5088.157966404312,0.5567388782710762,33.98487097409851,48.40717251849814
B,25,15,120,t,em,3,0.3,3717.5287311810634,0.5684788414072874,32.49194410240024,46.60393573221703
B,25,15,120,t,em,3,0.5,4110.694838147265,0.5646157368697203,32.943699987443736,47.17216639024535
B,25,15,120,t,em,3,0.95,4988.335062116569,0.5573096568759802,33.885198818376615,48.28295957934166
B,25,15,120,t,em,5,0.3,3723.796604762928,0.568418010482908,32.503279672194395,46.615313926914084
B,25,15,120,t,em,5,0.5,4114.883009577537,0.5645597983948053,32.94658154998065,47.17541205008318
B,25,15,120,t,em,5,0.95,4988.4143701982575,0.5573674029369876,33.88715227744808,48.285133027907946
B,25,15,120,t,aic,3,0.3,3717.5287311810634,0.5684788414072874,32.49194410240024,46.60393573221703
B,25,15,120,t,aic,3,0.5,4110.694838147265,0.5646157368697203,32.943699987443736,47.17216639024535
B,25,15,120,t,aic,3,0.95,4988.335062116569,0.5573096568759802,33.885198818376615,48.28295957934166
B,25,15,120,t,aic,5,0.3,3723.796604762928,0.568418010482908,32.503279672194395,46.615313926914084
B,25,15,120,t,aic,5,0.5,4114.883009577537,0.5645597983948053,32.94658154998065,47.17541205008318
B,25,15,120,t,aic,5,0.95,4988.4143701982575,0.5573674029369876,33.88715227744808,48.285133027907946
B,25,15,125,gamma,em,3,0.3,3941.196327068642,0.5642192044072862,30.862440388464535,46.88488231259437
B,25,15,125,gamma,em,3,0.5,4325.511504274033,0.5608667815172248,31.27581323176367,47.39645183404939
B,25,15,125,gamma,em,3,0.95,5143.724487558107,0.5546721916529785,32.12537343472562,48.40073233046528
B,25,15,125,gamma,em,5,0.3,3941.196327068642,0.5642192044072862,30.862440388464535,46.88488231259437
B,25,15,125,gamma,em,5,0.5,4325.511504274033,0.5608667815172248,31.27581323176367,47.39645183404939
B,25,15,125,gamma,em,5,0.95,5143.724487558107,0.5546721916529785,32.12537343472562,48.40073233046528
B,25,15,125,gamma,aic,3,0.3,3891.3784894911296,0.5649989221144084,30.748489090046593,46.745897964318615
B,25,15,125,gamma,aic,3,0.5,4218.806886949106,0.5618749653592243,31.155374473208788,47.239311890654356
B,25,15,125,gamma,aic,3,0.95,5096.97129362652,0.5551023160827893,32.05523687616339,48.31374473038947
B,25,15,125,gamma,aic,5,0.3,3891.3784894911296,0.5649989221144084,30.748489090046593,46.745897964318615
B,25,15,125,gamma,aic,5,0.5,4218.806886949106,0.5618749653592243,31.155374473208788,47.239311890654356
B,25,15,125,gamma,aic,5,0.95,5096.97129362652,0.5551023160827893,32.05523687616339,48.31374473038947
B,25,15,125,gaussian,em,3,0.3,6388.433175078837,0.5488128380935696,32.713722736312754,49.1526498526262
B,25,15,125,gaussian,em,3,0.5,6517.9047493364615,0.5477135384940013,32.8570310502867,49.324595675089554
B,25,15,125,gaussian,em,3,0.95,6770.934112116536,0.5459067492059909,33.12907687723079,49.64183035959745
B,25,15,125,gaussian,em,5,0.3,6388.433175078837,0.5488128380935696,32.713722736312754,49.1526498526262
B,25,15,125,gaussian,em,5,0.5,6517.9047493364615,0.5477135384940013,32.8570310502867,49.324595675089554
B,25,15,125,gaussian,em,5,0.95,6770.934112116536,0.5459067492059909,33.12907687723079,49.64183035959745
B,25,15,125,gaussian,aic,3,0.3,3852.078715626382,0.5651356104483102,30.783161437752625,46.771201423367586
B,25,15,125,gaussian,aic,3,0.5,4229.324867789265,0.5616837533638911,31.219171045315612,47.31471257624152
B,25,15,125,gaussian,aic,3,0.95,5087.938265566032,0.5551429828438529,32.06223527482348,48.32349502716504
B,25,15,125,gaussian,aic,5,0.3,3852.078715626382,0.5651356104483102,30.783161437752625,46.771201423367586
B,25,15,125,gaussian,aic,5,0.5,4229.324867789265,0.5616837533638911,31.219171045315612,47.31471257624152
B,25,15,125,gaussian,aic,5,0.95,5087.938265566032,0.5551429828438529,32.06223527482348,48.32349502716504
B,25,15,125,t,em,3,0.3,3717.309030342784,0.5665307286060137,30.569308403125206,46.51710205029054
B,25,15,125,t,em,3,0.5,4110.475137308985,0.5627839337373212,31.021064288168702,47.08640836036575
B,25,15,125,t,em,3,0.95,4988.115361278289,0.5556974750253769,31.96256311910158,48.199190794123226
B,25,15,125,t,em,5,0.3,3723.576903924647,0.5664716569508647,30.580643972919358,46.52850917012977
B,25,15,125,t,em,5,0.5,4114.6633087392565,0.5627298175231018,31.023945850705616,47.089664153023556
B,25,15,125,t,em,5,0.95,4988.194669359977,0.5557535561660081,31.964516578173043,48.20136910419296
B,25,15,125,t,aic,3,0.3,3717.309030342784,0.5665307286060137,30.569308403125206,46.51710205029054
B,25,15,125,t,aic,3,0.5,4110.475137308985,0.5627839337373212,31.021064288168702,47.08640836036575
B,25,15,125,t,aic,3,0.95,4988.115361278289,0.5556974750253769,31.96256311910158,48.199190794123226
B,25,15,125,t,aic,5,0.3,3723.576903924647,0.5664716569508647,30.580643972919358,46.52850917012977
B,25,15,125,t,aic,5,0.5,4114.6633087392565,0.5627298175231018,31.023945850705616,47.089664153023556
B,25,15,125,t,aic,5,0.95,4988.194669359977,0.5557535561660081,31.964516578173043,48.20136910419296
B,25,20,115,gamma,em,3,0.3,3607.759231255578,0.5720307632578875,34.39038466308222,46.69943221601835
B,25,20,115,gamma,em,3,0.5,3954.9781974460557,0.5681651756874156,34.82234142070107,47.23646571877389
B,25,20,115,gamma,em,3,0.95,4917.837686108031,0.5598944917141695,35.93038864910826,48.53925797112972
B,25,20,115,gamma,em,5,0.3,3607.759231255578,0.5720307632578875,34.39038466308222,46.69943221601835
B,25,20,115,gamma,em,5,0.5,3954.9781974460557,0.5681651756874156,34.82234142070107,47.23646571877389
B,25,20,115,gamma,em,5,0.95,4917.837686108031,0.5598944917141695,35.93038864910826,48.53925797112972
B,25,20,115,gamma,aic,3,0.3,3743.3463806083105,0.570416983835909,34.52274026912842,46.86807262724384
B,25,20,115,gamma,aic,3,0.5,4121.873151147732,0.5666100395782274,34.973532207707294,47.43184566213886
B,25,20,115,gamma,aic,3,0.95,4979.668128889314,0.5594104805419993,35.96684791214418,48.588652901503444
B,25,20,115,gamma,aic,5,0.3,3743.3463806083105,0.570416983835909,34.52274026912842,46.86807262724384
B,25,20,115,gamma,aic,5,0.5,4121.873151147732,0.5666100395782274,34.973532207707294,47.43184566213886
B,25,20,115,gamma,aic,5,0.95,4979.668128889314,0.5594104805419993,35.96684791214418,48.588652901503444
B,25,20,115,gaussian,em,3,0.3,5196.876388067333,0.559125805268369,35.946915332326235,48.59747397848445
B,25,20,115,gaussian,em,3,0.5,5341.80727578134,0.5581326834031373,36.131084395694195,48.80114476794052
B,25,20,115,gaussian,em,3,0.95,5819.069265431144,0.5542540082045175,36.56899939569384,49.32164724022173
B,25,20,115,gaussian,em,5,0.3,5196.876388067333,0.559125805268369,35.946915332326235,48.59747397848445
B,25,20,115,gaussian,em,5,0.5,5341.80727578134,0.5581326834031373,36.131084395694195,48.80114476794052
B,25,20,115,gaussian,em,5,0.95,5819.069265431144,0.5542540082045175,36.56899939569384,49.32164724022173
B,25,20,115,gaussian,aic,3,0.3,3548.9482574283393,0.5726323561961858,34.317703404533724,46.60926113121674
B,25,20,115,gaussian,aic,3,0.5,3913.3112209140877,0.568588359204955,34.78275229599381,47.18673231706525
B,25,20,115,gaussian,aic,3,0.95,4898.499400746101,0.5600856814698626,35.913035569999614,48.51536873557101
B,25,20,115,gaussian,aic,5,0.3,3548.9482574283393,0.5726323561961858,34.317703404533724,46.60926113121674
B,25,20,115,gaussian,aic,5,0.5,3913.3112209140877,0.568588359204955,34.78275229599381,47.18673231706525
B,25,20,115,gaussian,aic,5,0.95,4898.499400746101,0.5600856814698626,35.913035569999614,48.51536873557101
B,25,20,115,t,em,3,0.3,3523.71171987767,0.5728294388207635,34.301424100794364,46.5846954152969
B,25,20,115,t,em,3,0.5,3888.5774638916423,0.5687690602430522,34.77463466441028,47.17200254367426
B,25,20,115,t,em,3,0.95,4896.809175820059,0.5600808374405022,35.905066379547655,48.50801180984691
B,25,20,115,t,em,5,0.3,3521.382530055476,0.57282942455107,34.299323668499824,46.58252082636678
B,25,20,115,t,em,5,0.5,3888.533251568594,0.56876920979979,34.77321820748675,47.17071623660462
B,25,20,115,t,em,5,0.95,4895.975001659465,0.5601386705930237,35.90619146791819,48.508433304435535
B,25,20,115,t,aic,3,0.3,3523.71171987767,0.5728294388207635,34.301424100794364,46.5846954152969
B,25,20,115,t,aic,3,0.5,3888.5774638916423,0.5687690602430522,34.77463466441028,47.17200254367426
B,25,20,115,t,aic,3,0.95,4896.809175820059,0.5600808374405022,35.905066379547655,48.50801180984691
B,25,20,115,t,aic,5,0.3,3521.382530055476,0.57282942455107,34.299323668499824,46.58252082636678
B,25,20,115,t,aic,5,0.5,3888.533251568594,0.56876920979979,34.77321820748675,47.17071623660462
B,25,20,115,t,aic,5,0.95,4895.975001659465,0.5601386705930237,35.90619146791819,48.508433304435535
B,25,20,120,gamma,em,3,0.3,3607.335812783954,0.569712378302182,32.3062952049466,46.37551570757817
B,25,20,120,gamma,em,3,0.5,3954.5547789744314,0.56597689243969,32.73825196256546,46.91626519800757
B,25,20,120,gamma,em,3,0.95,4917.414267636408,0.5579867830697702,33.84629919097264,48.22782020904623
B,25,20,120,gamma,em,5,0.3,3607.335812783954,0.569712378302182,32.3062952049466,46.37551570757817
B,25,20,120,gamma,em,5,0.5,3954.5547789744314,0.56597689243969,32.73825196256546,46.91626519800757
B,25,20,120,gamma,em,5,0.95,4917.414267636408,0.5579867830697702,33.84629919097264,48.22782020904623
B,25,20,120,gamma,aic,3,0.3,3742.9229621366867,0.5681553845461188,32.43865081099281,46.54537304628587
B,25,20,120,gamma,aic,3,0.5,4121.4497326761075,0.5644770138677823,32.88944274957169,47.113038413425066
B,25,20,120,gamma,aic,3,0.95,4979.24471041769,0.5575199461519518,33.88275845400857,48.27754194193082
B,25,20,120,gamma,aic,5,0.3,3742.9229621366867,0.5681553845461188,32.43865081099281,46.54537304628587
B,25,20,120,gamma,aic,5,0.5,4121.4497326761075,0.5644770138677823,32.88944274957169,47.113038413425066
B,25,20,120,gamma,aic,5,0.95,4979.24471041769,0.5575199461519518,33.88275845400857,48.27754194193082
B,25,20,120,gaussian,em,3,0.3,5196.45296959571,0.557249872657156,33.86282587419062,48.28648914610512
B,25,20,120,gaussian,em,3,0.5,5341.383857309715,0.5562898829848969,34.04699493755858,48.491481758291286
B,25,20,120,gaussian,em,3,0.95,5818.645846959521,0.5525395865068162,34.484909937558214,49.015258681029486
B,25,20,120,gaussian,em,5,0.3,5196.45296959571,0.557249872657156,33.86282587419062,48.28648914610512
B,25,20,120,gaussian,em,5,0.5,5341.383857309715,0.5562898829848969,34.04699493755858,48.491481758291286
B,25,20,120,gaussian,em,5,0.95,5818.645846959521,0.5525395865068162,34.484909937558214,49.015258681029486
B,25,20,120,gaussian,aic,3,0.3,3548.5248389567146,0.5702932511898785,32.23361394639811,46.28465277976218
B,25,20,120,gaussian,aic,3,0.5,3912.887802442463,0.5663855877433621,32.698662837858194,46.866166551416335
B,25,20,120,gaussian,aic,3,0.95,4898.075982274478,0.5581712979206034,33.82894611186399,48.2037615387179
B,25,20,120,gaussian,aic,5,0.3,3548.5248389567146,0.5702932511898785,32.23361394639811,46.28465277976218
B,25,20,120,gaussian,aic,5,0.5,3912.887802442463,0.5663855877433621,32.698662837858194,46.866166551416335
B,25,20,120,gaussian,aic,5,0.95,4898.075982274478,0.5581712979206034,33.82894611186399,48.2037615387179
B,25,20,120,t,em,3,0.3,3523.2883014060453,0.5704832836408553,32.217334642658756,46.259903231916304
B,25,20,120,t,em,3,0.5,3888.1540454200185,0.5665601528396279,32.69054520627467,46.85133545667186
B,25,20,120,t,em,3,0.95,4896.385757348435,0.5581669513490864,33.82097692141205,48.19635951348897
B,25,20,120,t,em,5,0.3,3520.959111583852,0.5704832701155944,32.21523421036421,46.25771130046202
B,25,20,120,t,em,5,0.5,3888.10983309697,0.5665602986604367,32.68912874935113,46.850039220995725
B,25,20,120,t,em,5,0.95,4895.551583187842,0.5582227326180933,33.822102009782576,48.196781925761634
B,25,20,120,t,aic,3,0.3,3523.2883014060453,0.5704832836408553,32.217334642658756,46.259903231916304
B,25,20,120,t,aic,3,0.5,3888.1540454200185,0.5665601528396279,32.69054520627467,46.85133545667186
B,25,20,120,t,aic,3,0.95,4896.385757348435,0.5581669513490864,33.82097692141205,48.19635951348897
B,25,20,120,t,aic,5,0.3,3520.959111583852,0.5704832701155944,32.21523421036421,46.25771130046202
B,25,20,120,t,aic,5,0.5,3888.10983309697,0.5665602986604367,32.68912874935113,46.850039220995725
B,25,20,120,t,aic,5,0.95,4895.551583187842,0.5582227326180933,33.822102009782576,48.196781925761634
B,25,20,125,gamma,em,3,0.3,3607.1161119456738,0.5677305951674857,30.383659505671567,46.28831302427801
B,25,20,125,gamma,em,3,0.5,3954.3350781361514,0.5641071153962949,30.815616263290423,46.83008328720513
B,25,20,125,gamma,em,3,0.95,4917.194566798127,0.5563581370840939,31.923663491697607,48.14409631242977
B,25,20,125,gamma,em,5,0.3,3607.1161119456738,0.5677305951674857,30.383659505671567,46.28831302427801
B,25,20,125,gamma,em,5,0.5,3954.3350781361514,0.5641071153962949,30.815616263290423,46.83008328720513
B,25,20,125,gamma,em,5,0.95,4917.194566798127,0.5563581370840939,31.923663491697607,48.14409631242977
B,25,20,125,gamma,aic,3,0.3,3742.7032612984067,0.5662219904899055,30.516015111717774,46.45855290090757
B,25,20,125,gamma,aic,3,0.5,4121.2300318378275,0.5626544364329612,30.966807050296648,47.027292471298374
B,25,20,125,gamma,aic,3,0.95,4979.025009579409,0.5559059544465677,31.960122754733526,48.193918969295794
B,25,20,125,gamma,aic,5,0.3,3742.7032612984067,0.5662219904899055,30.516015111717774,46.45855290090757
B,25,20,125,gamma,aic,5,0.5,4121.2300318378275,0.5626544364329612,30.966807050296648,47.027292471298374
B,25,20,125,gamma,aic,5,0.95,4979.025009579409,0.5559059544465677,31.960122754733526,48.193918969295794
B,25,20,125,gaussian,em,3,0.3,5196.233268757428,0.5556468767361858,31.94019017491558,48.203043661767914
B,25,20,125,gaussian,em,3,0.5,5341.164156471435,0.5547155875234338,32.12435923828354,48.40838215452479
B,25,20,125,gaussian,em,3,0.95,5818.42614612124,0.5510760522809532,32.562274238283194,48.93300852489627
B,25,20,125,gaussian,em,5,0.3,5196.233268757428,0.5556468767361858,31.94019017491558,48.203043661767914
B,25,20,125,gaussian,em,5,0.5,5341.164156471435,0.5547155875234338,32.12435923828354,48.40838215452479
B,25,20,125,gaussian,em,5,0.95,5818.42614612124,0.5510760522809532,32.562274238283194,48.93300852489627
B,25,20,125,gaussian,aic,3,0.3,3548.305138118434,0.5682937099500881,30.310978247123067,46.19723623075403
B,25,20,125,gaussian,aic,3,0.5,3912.6681016041825,0.5645036462147852,30.776027138583157,46.77987690742981
B,25,20,125,gaussian,aic,3,0.95,4897.856281436196,0.5565369801439248,31.906310412588958,48.119986206845496
B,25,20,125,gaussian,aic,5,0.3,3548.305138118434,0.5682937099500881,30.310978247123067,46.19723623075403
B,25,20,125,gaussian,aic,5,0.5,3912.6681016041825,0.5645036462147852,30.776027138583157,46.77987690742981
B,25,20,125,gaussian,aic,5,0.95,4897.856281436196,0.5565369801439248,31.906310412588958,48.119986206845496
B,25,20,125,t,em,3,0.3,3523.068600567765,0.5684776402687177,30.294698943383715,46.17243296892621
B,25,20,125,t,em,3,0.5,3887.9343445817385,0.5646728666721492,30.767909506999633,46.76501924545855
B,25,20,125,t,em,3,0.95,4896.166056510154,0.556532999789425,31.898341222137002,48.11257413130424
B,25,20,125,t,em,5,0.3,3520.7394107455707,0.568477627633634,30.29259851108917,46.17023550770469
B,25,20,125,t,em,5,0.5,3887.890132258689,0.5646730095546488,30.766493050076093,46.76371991480099
B,25,20,125,t,em,5,0.95,4895.331882349562,0.5565870338499975,31.899466310507542,48.11299575829962
B,25,20,125,t,aic,3,0.3,3523.068600567765,0.5684776402687177,30.294698943383715,46.17243296892621
B,25,20,125,t,aic,3,0.5,3887.9343445817385,0.5646728666721492,30.767909506999633,46.76501924545855
B,25,20,125,t,aic,3,0.95,4896.166056510154,0.556532999789425,31.898341222137002,48.11257413130424
B,25,20,125,t,aic,5,0.3,3520.7394107455707,0.568477627633634,30.29259851108917,46.17023550770469
B,25,20,125,t,aic,5,0.5,3887.890132258689,0.5646730095546488,30.766493050076093,46.76371991480099
B,25,20,125,t,aic,5,0.95,4895.331882349562,0.5565870338499975,31.899466310507542,48.11299575829962
B,30,10,115,gamma,em,3,0.3,3929.290502848583,0.5697181263731357,35.54941006485162,47.86022075957674
B,30,10,115,gamma,em,3,0.5,4322.868346630504,0.5658544259274556,35.973198115081985,48.37587200431747
B,30,10,115,gamma,em,3,0.95,5391.346628324532,0.5574023953730525,37.05514958181445,49.635386019658384
B,30,10,115,gamma,em,5,0.3,3929.290502848583,0.5697181263731357,35.54941006485162,47.86022075957674
B,30,10,115,gamma,em,5,0.5,4322.868346630504,0.5658544259274556,35.973198115081985,48.37587200431747
B,30,10,115,gamma,em,5,0.95,5391.346628324532,0.5574023953730525,37.05514958181445,49.635386019658384
B,30,10,115,gamma,aic,3,0.3,3901.6655275967896,0.5703427518498939,35.5279902027812,47.81577261856787
B,30,10,115,gamma,aic,3,0.5,4310.173591462451,0.5661230688881,35.97463154397515,48.3596449040214
B,30,10,115,gamma,aic,3,0.95,5340.059584060189,0.5578463757861567,37.02547750819102,49.59037490975013
B,30,10,115,gamma,aic,5,0.3,3901.6655275967896,0.5703427518498939,35.5279902027812,47.81577261856787
B,30,10,115,gamma,aic,5,0.5,4310.173591462451,0.5661230688881,35.97463154397515,48.3596449040214
B,30,10,115,gamma,aic,5,0.95,5340.059584060189,0.5578463757861567,37.02547750819102,49.59037490975013
B,30,10,115,gaussian,em,3,0.3,6583.277649418352,0.551724487343776,37.54708564691602,50.266052540335764
B,30,10,115,gaussian,em,3,0.5,6733.363992112978,0.550321988852972,37.724154544024714,50.47594140733241
B,30,10,115,gaussian,em,3,0.95,7057.33099165312,0.5479234335046173,38.07651194377642,50.87470691640909
B,30,10,115,gaussian,em,5,0.3,6583.277649418352,0.551724487343776,37.54708564691602,50.266052540335764
B,30,10,115,gaussian,em,5,0.5,6733.363992112978,0.550321988852972,37.724154544024714,50.47594140733241
B,30,10,115,gaussian,em,5,0.95,7057.33099165312,0.5479234335046173,38.07651194377642,50.87470691640909
B,30,10,115,gaussian,aic,3,0.3,4576.864049005169,0.5657730159542493,36.00171287994279,48.39071041156053
B,30,10,115,gaussian,aic,3,0.5,4905.151776630475,0.5624558889075489,36.39731394156364,48.868102439807004
B,30,10,115,gaussian,aic,3,0.95,5802.630078759307,0.5551613334193737,37.33482806032087,49.95710306648772
B,30,10,115,gaussian,aic,5,0.3,4576.864049005169,0.5657730159542493,36.00171287994279,48.39071041156053
B,30,10,115,gaussian,aic,5,0.5,4905.151776630475,0.5624558889075489,36.39731394156364,48.868102439807004
B,30,10,115,gaussian,aic,5,0.95,5802.630078759307,0.5551613334193737,37.33482806032087,49.95710306648772
B,30,10,115,t,em,3,0.3,3851.002995637586,0.5705770783805535,35.474978968536725,47.75839031358387
B,30,10,115,t,em,3,0.5,4257.8857942433915,0.5664151334084061,35.92234585554283,48.306567649420074
B,30,10,115,t,em,3,0.95,5361.311126862854,0.5575911221332917,37.033292879058834,49.605735826108535
B,30,10,115,t,em,5,0.3,3913.755255181574,0.5701227597791572,35.51789348848053,47.81607826144216
B,30,10,115,t,em,5,0.5,4315.477585511464,0.5660231512464565,35.97065072237194,48.36607102190585
B,30,10,115,t,em,5,0.95,5350.45794335859,0.5576499497275429,37.03914037804262,49.60791470891664
B,30,10,115,t,aic,3,0.3,3851.002995637586,0.5705770783805535,35.474978968536725,47.75839031358387
B,30,10,115,t,aic,3,0.5,4257.8857942433915,0.5664151334084061,35.92234585554283,48.306567649420074
B,30,10,115,t,aic,3,0.95,5361.311126862854,0.5575911221332917,37.033292879058834,49.605735826108535
B,30,10,115,t,aic,5,0.3,3913.755255181574,0.5701227597791572,35.51789348848053,47.81607826144216
B,30,10,115,t,aic,5,0.5,4315.477585511464,0.5660231512464565,35.97065072237194,48.36607102190585
B,30,10,115,t,aic,5,0.95,5350.45794335859,0.5576499497275429,37.03914037804262,49.60791470891664
B,30,10,120,gamma,em,3,0.3,3928.8891797595884,0.5675747931423324,33.56475230818661,47.560294440679755
B,30,10,120,gamma,em,3,0.5,4322.467023541511,0.563834525076974,33.988540358416984,48.07917303536404
B,30,10,120,gamma,em,3,0.95,5390.945305235538,0.5556534592710263,35.07049182514944,49.346259136711275
B,30,10,120,gamma,em,5,0.3,3928.8891797595884,0.5675747931423324,33.56475230818661,47.560294440679755
B,30,10,120,gamma,em,5,0.5,4322.467023541511,0.563834525076974,33.988540358416984,48.07917303536404
B,30,10,120,gamma,em,5,0.95,5390.945305235538,0.5556534592710263,35.07049182514944,49.346259136711275
B,30,10,120,gamma,aic,3,0.3,3901.2642045077946,0.5681771359187333,33.543332446116196,47.51536848892554
B,30,10,120,gamma,aic,3,0.5,4309.772268373458,0.5640931131174879,33.98997378731015,48.06270360491783
B,30,10,120,gamma,aic,3,0.95,5339.658260971195,0.5560821458178136,35.040819751526016,49.30091537726817
B,30,10,120,gamma,aic,5,0.3,3901.2642045077946,0.5681771359187333,33.543332446116196,47.51536848892554
B,30,10,120,gamma,aic,5,0.5,4309.772268373458,0.5640931131174879,33.98997378731015,48.06270360491783
B,30,10,120,gamma,aic,5,0.95,5339.658260971195,0.5560821458178136,35.040819751526016,49.30091537726817
B,30,10,120,gaussian,em,3,0.3,6582.876326329359,0.5501633872321575,35.56242789025101,49.98145158317628
B,30,10,120,gaussian,em,3,0.5,6732.962669023985,0.548805228843112,35.73949678735971,50.19246741517901
B,30,10,120,gaussian,em,3,0.95,7056.929668564127,0.5464806329409357,36.09185418711141,50.59322483611642
B,30,10,120,gaussian,em,5,0.3,6582.876326329359,0.5501633872321575,35.56242789025101,49.98145158317628
B,30,10,120,gaussian,em,5,0.5,6732.962669023985,0.548805228843112,35.73949678735971,50.19246741517901
B,30,10,120,gaussian,em,5,0.95,7056.929668564127,0.5464806329409357,36.09185418711141,50.59322483611642
B,30,10,120,gaussian,aic,3,0.3,4576.462725916175,0.5637660660565117,34.017055123277785,48.094296134526516
B,30,10,120,gaussian,aic,3,0.5,4904.75045354148,0.5605539596505313,34.41265618489863,48.574641436788326
B,30,10,120,gaussian,aic,3,0.95,5802.228755670314,0.5534901798626151,35.350170303655865,49.67007496144697
B,30,10,120,gaussian,aic,5,0.3,4576.462725916175,0.5637660660565117,34.017055123277785,48.094296134526516
B,30,10,120,gaussian,aic,5,0.5,4904.75045354148,0.5605539596505313,34.41265618489863,48.574641436788326
B,30,10,120,gaussian,aic,5,0.95,5802.228755670314,0.5534901798626151,35.350170303655865,49.67007496144697
B,30,10,120,t,em,3,0.3,3850.601672548591,0.568406123437771,33.49032121187172,47.45772438502634
B,30,10,120,t,em,3,0.5,4257.4844711543965,0.5643773381232182,33.93768809887782,48.00936803402659
B,30,10,120,t,em,3,0.95,5360.909803773859,0.5558362590332561,35.048635122393826,49.316406949017946
B,30,10,120,t,em,5,0.3,3913.353932092579,0.567963761306604,33.53323573181552,47.515869312123975
B,30,10,120,t,em,5,0.5,4315.076262422469,0.5639961194649484,33.98599296570693,48.06931995533391
B,30,10,120,t,em,5,0.95,5350.056620269595,0.5558919562496385,35.054482621377616,49.318623808177385
B,30,10,120,t,aic,3,0.3,3850.601672548591,0.568406123437771,33.49032121187172,47.45772438502634
B,30,10,120,t,aic,3,0.5,4257.4844711543965,0.5643773381232182,33.93768809887782,48.00936803402659
B,30,10,120,t,aic,3,0.95,5360.909803773859,0.5558362590332561,35.048635122393826,49.316406949017946
B,30,10,120,t,aic,5,0.3,3913.353932092579,0.567963761306604,33.53323573181552,47.515869312123975
B,30,10,120,t,aic,5,0.5,4315.076262422469,0.5639961194649484,33.98599296570693,48.06931995533391
B,30,10,120,t,aic,5,0.95,5350.056620269595,0.5558919562496385,35.054482621377616,49.318623808177385
B,30,10,125,gamma,em,3,0.3,3928.683455074895,0.5657732450177302,31.741397894910733,47.48111184899731
B,30,10,125,gamma,em,3,0.5,4322.261298856816,0.5621364346613508,32.16518594514109,48.00086713363839
B,30,10,125,gamma,em,3,0.95,5390.739580550844,0.5541823691408351,33.24713741187356,49.27000160735126
B,30,10,125,gamma,em,5,0.3,3928.683455074895,0.5657732450177302,31.741397894910733,47.48111184899731
B,30,10,125,gamma,em,5,0.5,4322.261298856816,0.5621364346613508,32.16518594514109,48.00086713363839
B,30,10,125,gamma,em,5,0.95,5390.739580550844,0.5541823691408351,33.24713741187356,49.27000160735126
B,30,10,125,gamma,aic,3,0.3,3901.0584798231007,0.5663587072411094,31.71997803284031,47.43602870101914
B,30,10,125,gamma,aic,3,0.5,4309.566543688764,0.5623878717316374,32.166619374034255,47.98431457755147
B,30,10,125,gamma,aic,3,0.95,5339.452536286501,0.5545989306136322,33.21746533825013,49.2245506171094
B,30,10,125,gamma,aic,5,0.3,3901.0584798231007,0.5663587072411094,31.71997803284031,47.43602870101914
B,30,10,125,gamma,aic,5,0.5,4309.566543688764,0.5623878717316374,32.166619374034255,47.98431457755147
B,30,10,125,gamma,aic,5,0.95,5339.452536286501,0.5545989306136322,33.21746533825013,49.2245506171094
B,30,10,125,gaussian,em,3,0.3,6582.670601644664,0.5488465458465307,33.73907347697512,49.90702031198508
B,30,10,125,gaussian,em,3,0.5,6732.75694433929,0.5475257557770196,33.916142374083826,50.118252718110156
B,30,10,125,gaussian,em,3,0.95,7056.723943879432,0.545264323915455,34.26849977383553,50.51933786534393
B,30,10,125,gaussian,em,5,0.3,6582.670601644664,0.5488465458465307,33.73907347697512,49.90702031198508
B,30,10,125,gaussian,em,5,0.5,6732.75694433929,0.5475257557770196,33.916142374083826,50.118252718110156
B,30,10,125,gaussian,em,5,0.95,7056.723943879432,0.545264323915455,34.26849977383553,50.51933786534393
B,30,10,125,gaussian,aic,3,0.3,4576.257001231481,0.5620759116805036,32.1937007100019,48.01620766753981
B,30,10,125,gaussian,aic,3,0.5,4904.544728856787,0.558952057828636,32.58930177162274,48.49733887489137
B,30,10,125,gaussian,aic,3,0.95,5802.02303098562,0.5520824701313444,33.52681589037998,49.59447008530899
B,30,10,125,gaussian,aic,5,0.3,4576.257001231481,0.5620759116805036,32.1937007100019,48.01620766753981
B,30,10,125,gaussian,aic,5,0.5,4904.544728856787,0.558952057828636,32.58930177162274,48.49733887489137
B,30,10,125,gaussian,aic,5,0.95,5802.02303098562,0.5520824701313444,33.52681589037998,49.59447008530899
B,30,10,125,t,em,3,0.3,3850.395947863898,0.5665817737121028,31.666966798595837,47.378306037263066
B,30,10,125,t,em,3,0.5,4257.278746469703,0.5626644953920323,32.114333685601935,47.930900567267386
B,30,10,125,t,em,3,0.95,5360.704079089165,0.554360222423542,33.22528070911794,49.24008326576815
B,30,10,125,t,em,5,0.3,3913.148207407886,0.5661497566701874,31.70988131853964,47.43659969682133
B,30,10,125,t,em,5,0.5,4314.8705377377755,0.562292448039503,32.16263855243105,47.99099731203334
B,30,10,125,t,em,5,0.95,5349.850895584901,0.5544136108998376,33.23112820810172,49.242314348629115
B,30,10,125,t,aic,3,0.3,3850.395947863898,0.5665817737121028,31.666966798595837,47.378306037263066
B,30,10,125,t,aic,3,0.5,4257.278746469703,0.5626644953920323,32.114333685601935,47.930900567267386
B,30,10,125,t,aic,3,0.95,5360.704079089165,0.554360222423542,33.22528070911794,49.24008326576815
B,30,10,125,t,aic,5,0.3,3913.148207407886,0.5661497566701874,31.70988131853964,47.43659969682133
B,30,10,125,t,aic,5,0.5,4314.8705377377755,0.562292448039503,32.16263855243105,47.99099731203334
B,30,10,125,t,aic,5,0.95,5349.850895584901,0.5544136108998376,33.23112820810172,49.242314348629115
B,30,15,115,gamma,em,3,0.3,3750.4074468126746,0.5718699440779129,35.350834503689235,47.60176887703485
B,30,15,115,gamma,em,3,0.5,4132.5044653855675,0.5679481172810843,35.80654483928613,48.155823494746805
B,30,15,115,gamma,em,3,0.95,5175.553134918012,0.5590962336555787,36.883588432445045,49.4191651972493
B,30,15,115,gamma,em,5,0.3,3750.4074468126746,0.5718699440779129,35.350834503689235,47.60176887703485
B,30,15,115,gamma,em,5,0.5,4132.5044653855675,0.5679481172810843,35.80654483928613,48.155823494746805
B,30,15,115,gamma,em,5,0.95,5175.553134918012,0.5590962336555787,36.883588432445045,49.4191651972493
B,30,15,115,gamma,aic,3,0.3,3796.8246140123433,0.5712251421999586,35.3816362091535,47.650254154375894
B,30,15,115,gamma,aic,3,0.5,4173.998167739105,0.5674702546366838,35.84827123334567,48.20536389984376
B,30,15,115,gamma,aic,3,0.95,5203.756388816665,0.5589561615095974,36.90113847879839,49.44188456314179
B,30,15,115,gamma,aic,5,0.3,3796.8246140123433,0.5712251421999586,35.3816362091535,47.650254154375894
B,30,15,115,gamma,aic,5,0.5,4173.998167739105,0.5674702546366838,35.84827123334567,48.20536389984376
B,30,15,115,gamma,aic,5,0.95,5203.756388816665,0.5589561615095974,36.90113847879839,49.44188456314179
B,30,15,115,gaussian,em,3,0.3,4989.360879408721,0.5619551091606707,36.80743695058787,49.27634708272851
B,30,15,115,gaussian,em,3,0.5,5239.819950405101,0.5598864182543576,37.02291516997178,49.54053939587841
B,30,15,115,gaussian,em,3,0.95,5848.026583194251,0.5550652707291756,37.542360187531884,50.163045652011284
B,30,15,115,gaussian,em,5,0.3,4989.360879408721,0.5619551091606707,36.80743695058787,49.27634708272851
B,30,15,115,gaussian,em,5,0.5,5239.819950405101,0.5598864182543576,37.02291516997178,49.54053939587841
B,30,15,115,gaussian,em,5,0.95,5848.026583194251,0.5550652707291756,37.542360187531884,50.163045652011284
B,30,15,115,gaussian,aic,3,0.3,3786.8065369831356,0.5713967223569598,35.3734987169574,47.635809855148565
B,30,15,115,gaussian,aic,3,0.5,4146.63639183963,0.5678280129581059,35.81964924367848,48.17064691198866
B,30,15,115,gaussian,aic,3,0.95,5178.263737680207,0.5590408945893961,36.89011492721491,49.42319207247128
B,30,15,115,gaussian,aic,5,0.3,3786.8065369831356,0.5713967223569598,35.3734987169574,47.635809855148565
B,30,15,115,gaussian,aic,5,0.5,4146.63639183963,0.5678280129581059,35.81964924367848,48.17064691198866
B,30,15,115,gaussian,aic,5,0.95,5178.263737680207,0.5590408945893961,36.89011492721491,49.42319207247128
B,30,15,115,t,em,3,0.3,3822.5969639984373,0.5710629547419572,35.42990149199861,47.699988615810405
B,30,15,115,t,em,3,0.5,4181.350024428646,0.5674586359693361,35.88007313580185,48.23461765754054
B,30,15,115,t,em,3,0.95,5185.886962480616,0.5590954568237111,36.90411795878861,49.44046643701919
B,30,15,115,t,em,5,0.3,3729.139324568864,0.5719982824262859,35.34101012785119,47.583830327057
B,30,15,115,t,em,5,0.5,4122.2630776657115,0.5679564038735869,35.808698260883105,48.15297449166552
B,30,15,115,t,em,5,0.95,5146.365765136307,0.5594130764863309,36.87126253149502,49.402374012319626
B,30,15,115,t,aic,3,0.3,3822.5969639984373,0.5710629547419572,35.42990149199861,47.699988615810405
B,30,15,115,t,aic,3,0.5,4181.350024428646,0.5674586359693361,35.88007313580185,48.23461765754054
B,30,15,115,t,aic,3,0.95,5185.886962480616,0.5590954568237111,36.90411795878861,49.44046643701919
B,30,15,115,t,aic,5,0.3,3729.139324568864,0.5719982824262859,35.34101012785119,47.583830327057
B,30,15,115,t,aic,5,0.5,4122.2630776657115,0.5679564038735869,35.808698260883105,48.15297449166552
B,30,15,115,t,aic,5,0.95,5146.365765136307,0.5594130764863309,36.87126253149502,49.402374012319626
B,30,15,120,gamma,em,3,0.3,3750.0061237236796,0.5696565767492021,33.366176747024234,47.30002645480152
B,30,15,120,gamma,em,3,0.5,4132.103142296573,0.5658598746657278,33.82188708262114,47.85762531716263
B,30,15,120,gamma,em,3,0.95,5175.151811829017,0.557291610626385,34.89893067578005,49.128707988963534
B,30,15,120,gamma,em,5,0.3,3750.0061237236796,0.5696565767492021,33.366176747024234,47.30002645480152
B,30,15,120,gamma,em,5,0.5,4132.103142296573,0.5658598746657278,33.82188708262114,47.85762531716263
B,30,15,120,gamma,em,5,0.95,5175.151811829017,0.557291610626385,34.89893067578005,49.128707988963534
B,30,15,120,gamma,aic,3,0.3,3796.4232909233483,0.569032579709202,33.3969784524885,47.34895018560012
B,30,15,120,gamma,aic,3,0.5,4173.596844650112,0.5653974367919572,33.86361347668066,47.9075601957
B,30,15,120,gamma,aic,3,0.95,5203.355065727672,0.5571561750241515,34.91648072213338,49.15161636260278
B,30,15,120,gamma,aic,5,0.3,3796.4232909233483,0.569032579709202,33.3969784524885,47.34895018560012
B,30,15,120,gamma,aic,5,0.5,4173.596844650112,0.5653974367919572,33.86361347668066,47.9075601957
B,30,15,120,gamma,aic,5,0.95,5203.355065727672,0.5571561750241515,34.91648072213338,49.15161636260278
B,30,15,120,gaussian,em,3,0.3,4988.959556319727,0.560049170317157,34.82277919392288,48.98414905061776
B,30,15,120,gaussian,em,3,0.5,5239.418627316107,0.5580488477915952,35.03825741330678,49.2500604081212
B,30,15,120,gaussian,em,3,0.95,5847.6252601052565,0.5533841715180088,35.557702430866875,49.87646497137082
B,30,15,120,gaussian,em,5,0.3,4988.959556319727,0.560049170317157,34.82277919392288,48.98414905061776
B,30,15,120,gaussian,em,5,0.5,5239.418627316107,0.5580488477915952,35.03825741330678,49.2500604081212
B,30,15,120,gaussian,em,5,0.95,5847.6252601052565,0.5533841715180088,35.557702430866875,49.87646497137082
B,30,15,120,gaussian,aic,3,0.3,3786.4052138941415,0.5691979902977604,33.3888409602924,47.334345793987275
B,30,15,120,gaussian,aic,3,0.5,4146.235068750636,0.5657433728283564,33.83499148701347,47.87256641827402
B,30,15,120,gaussian,aic,3,0.95,5177.862414591213,0.5572380047158445,34.905457170549916,49.132768870782364
B,30,15,120,gaussian,aic,5,0.3,3786.4052138941415,0.5691979902977604,33.3888409602924,47.334345793987275
B,30,15,120,gaussian,aic,5,0.5,4146.235068750636,0.5657433728283564,33.83499148701347,47.87256641827402
B,30,15,120,gaussian,aic,5,0.95,5177.862414591213,0.5572380047158445,34.905457170549916,49.132768870782364
B,30,15,120,t,em,3,0.3,3822.195640909443,0.5688759229372927,33.44524373533362,47.39883632154161
B,30,15,120,t,em,3,0.5,4180.948701339652,0.5653861839615936,33.89541537913685,47.936888772490455
B,30,15,120,t,em,3,0.95,5185.485639391622,0.5572911001193345,34.91946020212361,49.15011743111826
B,30,15,120,t,em,5,0.3,3728.73800147987,0.5697793397666469,33.35635237118619,47.28187852310598
B,30,15,120,t,em,5,0.5,4121.8617545767165,0.5658671940904174,33.824040504218104,47.85468369133135
B,30,15,120,t,em,5,0.95,5145.964442047314,0.5575981943173188,34.88660477483001,49.11177675407193
B,30,15,120,t,aic,3,0.3,3822.195640909443,0.5688759229372927,33.44524373533362,47.39883632154161
B,30,15,120,t,aic,3,0.5,4180.948701339652,0.5653861839615936,33.89541537913685,47.936888772490455
B,30,15,120,t,aic,3,0.95,5185.485639391622,0.5572911001193345,34.91946020212361,49.15011743111826
B,30,15,120,t,aic,5,0.3,3728.73800147987,0.5697793397666469,33.35635237118619,47.28187852310598
B,30,15,120,t,aic,5,0.5,4121.8617545767165,0.5658671940904174,33.824040504218104,47.85468369133135
B,30,15,120,t,aic,5,0.95,5145.964442047314,0.5575981943173188,34.88660477483001,49.11177675407193
B,30,15,125,gamma,em,3,0.3,3749.8003990389857,0.5677973341092899,31.542822333748354,47.220291814292096
B,30,15,125,gamma,em,3,0.5,4131.897417611879,0.5641053123620382,31.998532669345252,47.778853204686996
B,30,15,125,gamma,em,3,0.95,5174.946087144323,0.5557745439375561,33.07557626250416,49.052065911179646
B,30,15,125,gamma,em,5,0.3,3749.8003990389857,0.5677973341092899,31.542822333748354,47.220291814292096
B,30,15,125,gamma,em,5,0.5,4131.897417611879,0.5641053123620382,31.998532669345252,47.778853204686996
B,30,15,125,gamma,em,5,0.95,5174.946087144323,0.5557745439375561,33.07557626250416,49.052065911179646
B,30,15,125,gamma,aic,3,0.3,3796.2175662386553,0.567190044251536,31.57362403921261,47.26937040588547
B,30,15,125,gamma,aic,3,0.5,4173.391119965417,0.5636553759128307,32.040259063404775,47.82892184751445
B,30,15,125,gamma,aic,3,0.95,5203.1493410429775,0.5556425778101948,33.09312630885749,49.075038338834595
B,30,15,125,gamma,aic,5,0.3,3796.2175662386553,0.567190044251536,31.57362403921261,47.26937040588547
B,30,15,125,gamma,aic,5,0.5,4173.391119965417,0.5636553759128307,32.040259063404775,47.82892184751445
B,30,15,125,gamma,aic,5,0.95,5203.1493410429775,0.5556425778101948,33.09312630885749,49.075038338834595
B,30,15,125,gaussian,em,3,0.3,4988.753831635034,0.5584502764613823,32.99942478064698,48.90650136956378
B,30,15,125,gaussian,em,3,0.5,5239.212902631412,0.5565065479028805,33.21490300003089,49.172951574184495
B,30,15,125,gaussian,em,3,0.95,5847.419535420562,0.5519725359751272,33.73434801759099,49.800576005727656
B,30,15,125,gaussian,em,5,0.3,4988.753831635034,0.5584502764613823,32.99942478064698,48.90650136956378
B,30,15,125,gaussian,em,5,0.5,5239.212902631412,0.5565065479028805,33.21490300003089,49.172951574184495
B,30,15,125,gaussian,em,5,0.95,5847.419535420562,0.5519725359751272,33.73434801759099,49.800576005727656
B,30,15,125,gaussian,aic,3,0.3,3786.199489209447,0.5673508605333517,31.56548654701651,47.254711152201644
B,30,15,125,gaussian,aic,3,0.5,4146.0293440659425,0.5639918074075043,32.01163707373759,47.7938360610911
B,30,15,125,gaussian,aic,3,0.95,5177.656689906518,0.5557223660333575,33.08210275727403,49.056140463986274
B,30,15,125,gaussian,aic,5,0.3,3786.199489209447,0.5673508605333517,31.56548654701651,47.254711152201644
B,30,15,125,gaussian,aic,5,0.5,4146.0293440659425,0.5639918074075043,32.01163707373759,47.7938360610911
B,30,15,125,gaussian,aic,5,0.95,5177.656689906518,0.5557223660333575,33.08210275727403,49.056140463986274
B,30,15,125,t,em,3,0.3,3821.9899162247484,0.5670385664817061,31.62188932205773,47.31921024589934
B,30,15,125,t,em,3,0.5,4180.7429766549585,0.5636448607436542,32.07206096586097,47.85821193120324
B,30,15,125,t,em,3,0.95,5185.279914706929,0.5557740968375573,33.096105788847716,49.07347507258943
B,30,15,125,t,em,5,0.3,3728.5322767951757,0.567915839440303,31.532997957910293,47.202017324737305
B,30,15,125,t,em,5,0.5,4121.656029892022,0.5641120660280727,32.00068609094221,47.77583656069438
B,30,15,125,t,em,5,0.95,5145.758717362619,0.5560724565784446,33.063250361554125,49.03506341482627
B,30,15,125,t,aic,3,0.3,3821.9899162247484,0.5670385664817061,31.62188932205773,47.31921024589934
B,30,15,125,t,aic,3,0.5,4180.7429766549585,0.5636448607436542,32.07206096586097,47.85821193120324
B,30,15,125,t,aic,3,0.95,5185.279914706929,0.5557740968375573,33.096105788847716,49.07347507258943
B,30,15,125,t,aic,5,0.3,3728.5322767951757,0.567915839440303,31.532997957910293,47.202017324737305
B,30,15,125,t,aic,5,0.5,4121.656029892022,0.5641120660280727,32.00068609094221,47.77583656069438
B,30,15,125,t,aic,5,0.95,5145.758717362619,0.5560724565784446,33.063250361554125,49.03506341482627
B,30,20,115,gamma,em,3,0.3,3801.6265028281473,0.57137689928123,35.38523942259521,47.654860542912274
B,30,20,115,gamma,em,3,0.5,4182.978872705741,0.5675611462520586,35.85589937355458,48.20491300528094
B,30,20,115,gamma,em,3,0.95,5278.689495973058,0.5582307248108576,36.89490254509293,49.46589985604981
B,30,20,115,gamma,em,5,0.3,3801.6265028281473,0.57137689928123,35.38523942259521,47.654860542912274
B,30,20,115,gamma,em,5,0.5,4182.978872705741,0.5675611462520586,35.85589937355458,48.20491300528094
B,30,20,115,gamma,em,5,0.95,5278.689495973058,0.5582307248108576,36.89490254509293,49.46589985604981
B,30,20,115,gamma,aic,3,0.3,3875.212039412671,0.5705400317880482,35.46474959848455,47.75211823225257
B,30,20,115,gamma,aic,3,0.5,4208.1207865097995,0.5671902442929305,35.87737459499222,48.24419650909321
B,30,20,115,gamma,aic,3,0.95,5265.403960322938,0.5583971428243328,36.898072303215294,49.46028686754279
B,30,20,115,gamma,aic,5,0.3,3875.212039412671,0.5705400317880482,35.46474959848455,47.75211823225257
B,30,20,115,gamma,aic,5,0.5,4208.1207865097995,0.5671902442929305,35.87737459499222,48.24419650909321
B,30,20,115,gamma,aic,5,0.95,5265.403960322938,0.5583971428243328,36.898072303215294,49.46028686754279
B,30,20,115,gaussian,em,3,0.3,6587.311752352917,0.551967296372862,37.618299787775,50.335346314934384
B,30,20,115,gaussian,em,3,0.5,6710.438131081081,0.5509469127875452,37.75713343804423,50.4989216114679
B,30,20,115,gaussian,em,3,0.95,7031.212489618205,0.5482856017928464,38.07068974058676,50.869991254563224
B,30,20,115,gaussian,em,5,0.3,6587.311752352917,0.551967296372862,37.618299787775,50.335346314934384
B,30,20,115,gaussian,em,5,0.5,6710.438131081081,0.5509469127875452,37.75713343804423,50.4989216114679
B,30,20,115,gaussian,em,5,0.95,7031.212489618205,0.5482856017928464,38.07068974058676,50.869991254563224
B,30,20,115,gaussian,aic,3,0.3,3886.4342591536633,0.5703212149399108,35.48075071004556,47.77571445678417
B,30,20,115,gaussian,aic,3,0.5,4228.234734263933,0.5671877132095264,35.90604696137328,48.263749332339216
B,30,20,115,gaussian,aic,3,0.95,5308.036853886842,0.5582048532959758,36.93006597581872,49.50099951930121
B,30,20,115,gaussian,aic,5,0.3,3886.4342591536633,0.5703212149399108,35.48075071004556,47.77571445678417
B,30,20,115,gaussian,aic,5,0.5,4228.234734263933,0.5671877132095264,35.90604696137328,48.263749332339216
B,30,20,115,gaussian,aic,5,0.95,5308.036853886842,0.5582048532959758,36.93006597581872,49.50099951930121
B,30,20,115,t,em,3,0.3,3891.9403648204147,0.5705820865559583,35.482241303189056,47.76470746016363
B,30,20,115,t,em,3,0.5,4224.607366907743,0.5671894683383127,35.90928194062658,48.264407054378566
B,30,20,115,t,em,3,0.95,5254.68571952166,0.5585590692200169,36.88501860699434,49.449026388733024
B,30,20,115,t,em,5,0.3,3783.865957379344,0.5715196357258969,35.37259788021482,47.63220249082643
B,30,20,115,t,em,5,0.5,4133.182996510793,0.5679406000368443,35.83360292479547,48.1694458802075
B,30,20,115,t,em,5,0.95,5236.388173641006,0.558631190343569,36.862846633305224,49.42300954907161
B,30,20,115,t,aic,3,0.3,3891.9403648204147,0.5705820865559583,35.482241303189056,47.76470746016363
B,30,20,115,t,aic,3,0.5,4224.607366907743,0.5671894683383127,35.90928194062658,48.264407054378566
B,30,20,115,t,aic,3,0.95,5254.68571952166,0.5585590692200169,36.88501860699434,49.449026388733024
B,30,20,115,t,aic,5,0.3,3783.865957379344,0.5715196357258969,35.37259788021482,47.63220249082643
B,30,20,115,t,aic,5,0.5,4133.182996510793,0.5679406000368443,35.83360292479547,48.1694458802075
B,30,20,115,t,aic,5,0.95,5236.388173641006,0.558631190343569,36.862846633305224,49.42300954907161
B,30,20,120,gamma,em,3,0.3,3801.225179739152,0.5691795398206814,33.400581665930225,47.35351630802985
B,30,20,120,gamma,em,3,0.5,4182.577549616746,0.565487172578525,33.87124161688957,47.90709785636686
B,30,20,120,gamma,em,3,0.95,5278.288172884064,0.5564558067241544,34.91024478842793,49.17588629451053
B,30,20,120,gamma,em,5,0.3,3801.225179739152,0.5691795398206814,33.400581665930225,47.35351630802985
B,30,20,120,gamma,em,5,0.5,4182.577549616746,0.565487172578525,33.87124161688957,47.90709785636686
B,30,20,120,gamma,em,5,0.95,5278.288172884064,0.5564558067241544,34.91024478842793,49.17588629451053
B,30,20,120,gamma,aic,3,0.3,3874.810716323676,0.5683718593955801,33.48009184181956,47.4515395216912
B,30,20,120,gamma,aic,3,0.5,4207.719463420806,0.5651291992275715,33.89271683832722,47.94677407601475
B,30,20,120,gamma,aic,3,0.95,5265.0026372339435,0.5566174488320547,34.91341454655029,49.17028588353668
B,30,20,120,gamma,aic,5,0.3,3874.810716323676,0.5683718593955801,33.48009184181956,47.4515395216912
B,30,20,120,gamma,aic,5,0.5,4207.719463420806,0.5651291992275715,33.89271683832722,47.94677407601475
B,30,20,120,gamma,aic,5,0.95,5265.0026372339435,0.5566174488320547,34.91341454655029,49.17028588353668
B,30,20,120,gaussian,em,3,0.3,6586.910429263922,0.5504046755465453,35.63364203111,50.05114809026397
B,30,20,120,gaussian,em,3,0.5,6710.036807992088,0.5494159434266461,35.772475681379234,50.21562739046849
B,30,20,120,gaussian,em,3,0.95,7030.811166529212,0.5468358280182868,36.086031983921764,50.588625449323345
B,30,20,120,gaussian,em,5,0.3,6586.910429263922,0.5504046755465453,35.63364203111,50.05114809026397
B,30,20,120,gaussian,em,5,0.5,6710.036807992088,0.5494159434266461,35.772475681379234,50.21562739046849
B,30,20,120,gaussian,em,5,0.95,7030.811166529212,0.5468358280182868,36.086031983921764,50.588625449323345
B,30,20,120,gaussian,aic,3,0.3,3886.0329360646692,0.5681614397437558,33.49609295338056,47.475265526867744
B,30,20,120,gaussian,aic,3,0.5,4227.833411174939,0.5651287521714622,33.921389204708284,47.96640081343062
B,30,20,120,gaussian,aic,3,0.95,5307.635530797849,0.5564323642925671,34.94540821915372,49.21124574220231
B,30,20,120,gaussian,aic,5,0.3,3886.0329360646692,0.5681614397437558,33.49609295338056,47.475265526867744
B,30,20,120,gaussian,aic,5,0.5,4227.833411174939,0.5651287521714622,33.921389204708284,47.96640081343062
B,30,20,120,gaussian,aic,5,0.95,5307.635530797849,0.5564323642925671,34.94540821915372,49.21124574220231
B,30,20,120,t,em,3,0.3,3891.5390417314206,0.568413959999365,33.49758354652405,47.464222430309576
B,30,20,120,t,em,3,0.5,4224.206043818748,0.5651310234893253,33.92462418396157,47.9671099392278
B,30,20,120,t,em,3,0.95,5254.284396432667,0.5567745771456124,34.900360850329335,49.15895893098054
B,30,20,120,t,em,5,0.3,3783.4646342903497,0.5693191629762147,33.38794012354982,47.3307802775851
B,30,20,120,t,em,5,0.5,4132.7816734217995,0.565856033585055,33.84894516813047,47.87148507882294
B,30,20,120,t,em,5,0.95,5235.986850552012,0.5568440026885602,34.878188876640216,49.132766280154485
B,30,20,120,t,aic,3,0.3,3891.5390417314206,0.568413959999365,33.49758354652405,47.464222430309576
B,30,20,120,t,aic,3,0.5,4224.206043818748,0.5651310234893253,33.92462418396157,47.9671099392278
B,30,20,120,t,aic,3,0.95,5254.284396432667,0.5567745771456124,34.900360850329335,49.15895893098054
B,30,20,120,t,aic,5,0.3,3783.4646342903497,0.5693191629762147,33.38794012354982,47.3307802775851
B,30,20,120,t,aic,5,0.5,4132.7816734217995,0.565856033585055,33.84894516813047,47.87148507882294
B,30,20,120,t,aic,5,0.95,5235.986850552012,0.5568440026885602,34.878188876640216,49.132766280154485
B,30,20,125,gamma,em,3,0.3,3801.0194550544584,0.5673333095028434,31.577227252654332,47.273936218953
B,30,20,125,gamma,em,3,0.5,4182.371824932053,0.5637439450915107,32.04788720361368,47.82850497853493
B,30,20,125,gamma,em,3,0.95,5278.0824481993695,0.5549625105611742,33.08689037515204,49.09945388995592
B,30,20,125,gamma,em,5,0.3,3801.0194550544584,0.5673333095028434,31.577227252654332,47.273936218953
B,30,20,125,gamma,em,5,0.5,4182.371824932053,0.5637439450915107,32.04788720361368,47.82850497853493
B,30,20,125,gamma,em,5,0.95,5278.0824481993695,0.5549625105611742,33.08689037515204,49.09945388995592
B,30,20,125,gamma,aic,3,0.3,3874.604991638983,0.5665485094468521,31.65673742854367,47.37220794126553
B,30,20,125,gamma,aic,3,0.5,4207.513738736113,0.563395453042709,32.06936242505133,47.86831435683472
B,30,20,125,gamma,aic,3,0.95,5264.79691254925,0.5551195433096805,33.090060133274406,49.09386022963528
B,30,20,125,gamma,aic,5,0.3,3874.604991638983,0.5665485094468521,31.65673742854367,47.37220794126553
B,30,20,125,gamma,aic,5,0.5,4207.513738736113,0.563395453042709,32.06936242505133,47.86831435683472
B,30,20,125,gamma,aic,5,0.95,5264.79691254925,0.5551195433096805,33.090060133274406,49.09386022963528
B,30,20,125,gaussian,em,3,0.3,6586.70470457923,0.5490816035325502,33.81028761783411,49.97663100461188
B,30,20,125,gaussian,em,3,0.5,6709.831083307394,0.5481201250737511,33.94912126810335,50.141329877796345
B,30,20,125,gaussian,em,3,0.95,7030.605441844517,0.5456104330141522,34.26267757064588,50.51475705400955
B,30,20,125,gaussian,em,5,0.3,6586.70470457923,0.5490816035325502,33.81028761783411,49.97663100461188
B,30,20,125,gaussian,em,5,0.5,6709.831083307394,0.5481201250737511,33.94912126810335,50.141329877796345
B,30,20,125,gaussian,em,5,0.95,7030.605441844517,0.5456104330141522,34.26267757064588,50.51475705400955
B,30,20,125,gaussian,aic,3,0.3,3885.827211379976,0.5663447680887264,31.672738540104678,47.39597318986752
B,30,20,125,gaussian,aic,3,0.5,4227.627686490245,0.5633963711321057,32.0980347914324,47.88796158451513
B,30,20,125,gaussian,aic,3,0.95,5307.429806113155,0.5549402158786393,33.12205380587784,49.13489713250349
B,30,20,125,gaussian,aic,5,0.3,3885.827211379976,0.5663447680887264,31.672738540104678,47.39597318986752
B,30,20,125,gaussian,aic,5,0.5,4227.627686490245,0.5633963711321057,32.0980347914324,47.88796158451513
B,30,20,125,gaussian,aic,5,0.95,5307.429806113155,0.5549402158786393,33.12205380587784,49.13489713250349
B,30,20,125,t,em,3,0.3,3891.3333170467276,0.5665907209063862,31.67422913324816,47.384909453908605
B,30,20,125,t,em,3,0.5,4224.000319134054,0.5633992558897714,32.10126977068568,47.88867824619457
B,30,20,125,t,em,3,0.95,5254.078671747973,0.5552727113233014,33.07700643705345,49.08250883830924
B,30,20,125,t,em,5,0.3,3783.258909605656,0.5674695758768631,31.564585710273935,47.251171553895354
B,30,20,125,t,em,5,0.5,4132.575948737105,0.5641030289349178,32.02559075485458,47.792841222325926
B,30,20,125,t,em,5,0.95,5235.781125867317,0.5553399674127428,33.05483446336434,49.05626085817257
B,30,20,125,t,aic,3,0.3,3891.3333170467276,0.5665907209063862,31.67422913324816,47.384909453908605
B,30,20,125,t,aic,3,0.5,4224.000319134054,0.5633992558897714,32.10126977068568,47.88867824619457
B,30,20,125,t,aic,3,0.95,5254.078671747973,0.5552727113233014,33.07700643705345,49.08250883830924
B,30,20,125,t,aic,5,0.3,3783.258909605656,0.5674695758768631,31.564585710273935,47.251171553895354
B,30,20,125,t,aic,5,0.5,4132.575948737105,0.5641030289349178,32.02559075485458,47.792841222325926
B,30,20,125,t,aic,5,0.95,5235.781125867317,0.5553399674127428,33.05483446336434,49.05626085817257
C,20,10,115,gamma,em,3,0.3,3669.960331597341,0.56976993650396,33.82913444660223,46.27455136397505
C,20,10,115,gamma,em,3,0.5,3998.8079073773165,0.5664075275758271,34.2210705372018,46.75818935605666
C,20,10,115,gamma,em,3,0.95,4925.017666904544,0.5585441186020494,35.10243550755204,47.84739778326411
C,20,10,115,gamma,em,5,0.3,3669.960331597341,0.56976993650396,33.82913444660223,46.27455136397505
C,20,10,115,gamma,em,5,0.5,3998.8079073773165,0.5664075275758271,34.2210705372018,46.75818935605666
C,20,10,115,gamma,em,5,0.95,4925.017666904544,0.5585441186020494,35.10243550755204,47.84739778326411
C,20,10,115,gamma,aic,3,0.3,3528.8172938792327,0.5711329407647068,33.72555077855939,46.12974947379678
C,20,10,115,gamma,aic,3,0.5,3953.1053418960496,0.5668903659856702,34.16324387802285,46.69641693155151
C,20,10,115,gamma,aic,3,0.95,4824.970433406274,0.5594744495860724,35.0417590004674,47.75825775766421
C,20,10,115,gamma,aic,5,0.3,3528.8172938792327,0.5711329407647068,33.72555077855939,46.12974947379678
C,20,10,115,gamma,aic,5,0.5,3953.1053418960496,0.5668903659856702,34.16324387802285,46.69641693155151
C,20,10,115,gamma,aic,5,0.95,4824.970433406274,0.5594744495860724,35.0417590004674,47.75825775766421
C,20,10,115,gaussian,em,3,0.3,4156.359617694228,0.5650552281512853,34.31960873714676,46.91348226596277
C,20,10,115,gaussian,em,3,0.5,4439.124253925476,0.5625813720816037,34.627430433819214,47.277998200371016
C,20,10,115,gaussian,em,3,0.95,5143.951389892859,0.5569359571742555,35.33177243766662,48.11330185440973
C,20,10,115,gaussian,em,5,0.3,4156.359617694228,0.5650552281512853,34.31960873714676,46.91348226596277
C,20,10,115,gaussian,em,5,0.5,4439.124253925476,0.5625813720816037,34.627430433819214,47.277998200371016
C,20,10,115,gaussian,em,5,0.95,5143.951389892859,0.5569359571742555,35.33177243766662,48.11330185440973
C,20,10,115,gaussian,aic,3,0.3,3595.4216381981905,0.5702627926931509,33.991415853879204,46.35229171266849
C,20,10,115,gaussian,aic,3,0.5,3982.1319715455393,0.566382149023337,34.39779928044648,46.88119377468204
C,20,10,115,gaussian,aic,3,0.95,4848.898051985589,0.5591483625341055,35.17739104393483,47.860853267985846
C,20,10,115,gaussian,aic,5,0.3,3595.4216381981905,0.5702627926931509,33.991415853879204,46.35229171266849
C,20,10,115,gaussian,aic,5,0.5,3982.1319715455393,0.566382149023337,34.39779928044648,46.88119377468204
C,20,10,115,gaussian,aic,5,0.95,4848.898051985589,0.5591483625341055,35.17739104393483,47.860853267985846
C,20,10,115,t,em,3,0.3,3466.531577412656,0.5719832365728283,33.63804839104343,46.01757356763345
C,20,10,115,t,em,3,0.5,3860.018873514496,0.5678268209993341,34.09615444744289,46.59291787589646
C,20,10,115,t,em,3,0.95,4798.578391994447,0.5596616424807977,35.00637740887949,47.72092382434537
C,20,10,115,t,em,5,0.3,3585.097119392657,0.5708370981960651,33.75314704128692,46.168001807624904
C,20,10,115,t,em,5,0.5,3967.0948252780217,0.5668495155635982,34.19607789600751,46.720285648660926
C,20,10,115,t,em,5,0.95,4849.289887033691,0.5592889813141927,35.044806421859576,47.768986277756724
C,20,10,115,t,aic,3,0.3,3466.531577412656,0.5719832365728283,33.63804839104343,46.01757356763345
C,20,10,115,t,aic,3,0.5,3860.018873514496,0.5678268209993341,34.09615444744289,46.59291787589646
C,20,10,115,t,aic,3,0.95,4798.578391994447,0.5596616424807977,35.00637740887949,47.72092382434537
C,20,10,115,t,aic,5,0.3,3585.097119392657,0.5708370981960651,33.75314704128692,46.168001807624904
C,20,10,115,t,aic,5,0.5,3967.0948252780217,0.5668495155635982,34.19607789600751,46.720285648660926
C,20,10,115,t,aic,5,0.95,4849.289887033691,0.5592889813141927,35.044806421859576,47.768986277756724
C,20,10,120,gamma,em,3,0.3,3669.5158273522043,0.5674656677468102,31.64996954795013,45.93167600493074
C,20,10,120,gamma,em,3,0.5,3998.3634031321803,0.564220801898634,32.04190563854969,46.418901176456494
C,20,10,120,gamma,em,3,0.95,4924.573162659409,0.5566301957141665,32.92327060889993,47.51593265992238
C,20,10,120,gamma,em,5,0.3,3669.5158273522043,0.5674656677468102,31.64996954795013,45.93167600493074
C,20,10,120,gamma,em,5,0.5,3998.3634031321803,0.564220801898634,32.04190563854969,46.418901176456494
C,20,10,120,gamma,em,5,0.95,4924.573162659409,0.5566301957141665,32.92327060889993,47.51593265992238
C,20,10,120,gamma,aic,3,0.3,3528.372789634096,0.5687801972195022,31.54638587990728,45.785696973311616
C,20,10,120,gamma,aic,3,0.5,3952.660837650914,0.5646854165225552,31.984078979370747,46.35660804033471
C,20,10,120,gamma,aic,3,0.95,4824.525929161139,0.5575273651321406,32.8625941018153,47.42614102177546
C,20,10,120,gamma,aic,5,0.3,3528.372789634096,0.5687801972195022,31.54638587990728,45.785696973311616
C,20,10,120,gamma,aic,5,0.5,3952.660837650914,0.5646854165225552,31.984078979370747,46.35660804033471
C,20,10,120,gamma,aic,5,0.95,4824.525929161139,0.5575273651321406,32.8625941018153,47.42614102177546
C,20,10,120,gaussian,em,3,0.3,4155.915113449092,0.5629181995378003,32.14044383849465,46.5756343973472
C,20,10,120,gaussian,em,3,0.5,4438.679749680341,0.5605295681873879,32.44826553516712,46.94272741140961
C,20,10,120,gaussian,em,3,0.95,5143.506885647723,0.5550793758594951,33.15260753901451,47.783842886332444
C,20,10,120,gaussian,em,5,0.3,4155.915113449092,0.5629181995378003,32.14044383849465,46.5756343973472
C,20,10,120,gaussian,em,5,0.5,4438.679749680341,0.5605295681873879,32.44826553516712,46.94272741140961
C,20,10,120,gaussian,em,5,0.95,5143.506885647723,0.5550793758594951,33.15260753901451,47.783842886332444
C,20,10,120,gaussian,aic,3,0.3,3594.977133953054,0.5679342526228048,31.812250955227096,46.00911714428272
C,20,10,120,gaussian,aic,3,0.5,3981.687467300403,0.5641894222549487,32.21863438179438,46.54207207084593
C,20,10,120,gaussian,aic,3,0.95,4848.453547740453,0.5572104172688811,32.99822614528273,47.52912666957425
C,20,10,120,gaussian,aic,5,0.3,3594.977133953054,0.5679342526228048,31.812250955227096,46.00911714428272
C,20,10,120,gaussian,aic,5,0.5,3981.687467300403,0.5641894222549487,32.21863438179438,46.54207207084593
C,20,10,120,gaussian,aic,5,0.95,4848.453547740453,0.5572104172688811,32.99822614528273,47.52912666957425
C,20,10,120,t,em,3,0.3,3466.0870731675195,0.5696007572746099,31.458883492391323,45.672681886270816
C,20,10,120,t,em,3,0.5,3859.5743692693604,0.5655891040634059,31.91698954879078,46.25235412587746
C,20,10,120,t,em,3,0.95,4798.133887749313,0.5577079482906295,32.827212510227376,47.38852970273963
C,20,10,120,t,em,5,0.3,3584.6526151475205,0.5684969999440508,31.57398214263481,45.82435867515131
C,20,10,120,t,em,5,0.5,3966.6503210328856,0.5646479559866135,32.0169129973554,46.38075864146138
C,20,10,120,t,em,5,0.95,4848.845382788556,0.557349091194068,32.86564152320747,47.436970931843206
C,20,10,120,t,aic,3,0.3,3466.0870731675195,0.5696007572746099,31.458883492391323,45.672681886270816
C,20,10,120,t,aic,3,0.5,3859.5743692693604,0.5655891040634059,31.91698954879078,46.25235412587746
C,20,10,120,t,aic,3,0.95,4798.133887749313,0.5577079482906295,32.827212510227376,47.38852970273963
C,20,10,120,t,aic,5,0.3,3584.6526151475205,0.5684969999440508,31.57398214263481,45.82435867515131
C,20,10,120,t,aic,5,0.5,3966.6503210328856,0.5646479559866135,32.0169129973554,46.38075864146138
C,20,10,120,t,aic,5,0.95,4848.845382788556,0.557349091194068,32.86564152320747,47.436970931843206
C,20,10,125,gamma,em,3,0.3,3669.282383587538,0.5654599007999802,29.6291395850153,45.83775595607126
C,20,10,125,gamma,em,3,0.5,3998.129959367513,0.5623179028093681,30.021075675614867,46.32598006763268
C,20,10,125,gamma,em,3,0.95,4924.339718894742,0.5549663519547718,30.902440645965108,47.42518827592808
C,20,10,125,gamma,em,5,0.3,3669.282383587538,0.5654599007999802,29.6291395850153,45.83775595607126
C,20,10,125,gamma,em,5,0.5,3998.129959367513,0.5623179028093681,30.021075675614867,46.32598006763268
C,20,10,125,gamma,em,5,0.95,4924.339718894742,0.5549663519547718,30.902440645965108,47.42518827592808
C,20,10,125,gamma,aic,3,0.3,3528.1393458694292,0.5667318173122597,29.52555591697246,45.691353157261766
C,20,10,125,gamma,aic,3,0.5,3952.4273938862475,0.5627664816674923,29.963249016435924,46.26347362542229
C,20,10,125,gamma,aic,3,0.95,4824.292485396472,0.5558344575518055,30.841764138880478,47.33518431930506
C,20,10,125,gamma,aic,5,0.3,3528.1393458694292,0.5667318173122597,29.52555591697246,45.691353157261766
C,20,10,125,gamma,aic,5,0.5,3952.4273938862475,0.5627664816674923,29.963249016435924,46.26347362542229
C,20,10,125,gamma,aic,5,0.95,4824.292485396472,0.5558344575518055,30.841764138880478,47.33518431930506
C,20,10,125,gaussian,em,3,0.3,4155.681669684425,0.5610583318577739,30.11961387555982,46.48323243875972
C,20,10,125,gaussian,em,3,0.5,4438.446305915674,0.5587444358021181,30.427435572232287,46.85102028198103
C,20,10,125,gaussian,em,3,0.95,5143.273441883057,0.5534654184257726,31.131777576079685,47.693724110903574
C,20,10,125,gaussian,em,5,0.3,4155.681669684425,0.5610583318577739,30.11961387555982,46.48323243875972
C,20,10,125,gaussian,em,5,0.5,4438.446305915674,0.5587444358021181,30.427435572232287,46.85102028198103
C,20,10,125,gaussian,em,5,0.95,5143.273441883057,0.5534654184257726,31.131777576079685,47.693724110903574
C,20,10,125,gaussian,aic,3,0.3,3594.7436901883875,0.5659080973617768,29.791420992292274,45.914628517018066
C,20,10,125,gaussian,aic,3,0.5,3981.454023535737,0.5622822089333781,30.197804418859555,46.448793738353345
C,20,10,125,gaussian,aic,3,0.95,4848.2201039757865,0.5555259181804227,30.977396182347906,47.43810382627975
C,20,10,125,gaussian,aic,5,0.3,3594.7436901883875,0.5659080973617768,29.791420992292274,45.914628517018066
C,20,10,125,gaussian,aic,5,0.5,3981.454023535737,0.5622822089333781,30.197804418859555,46.448793738353345
C,20,10,125,gaussian,aic,5,0.95,4848.2201039757865,0.5555259181804227,30.977396182347906,47.43810382627975
C,20,10,125,t,em,3,0.3,3465.8536294028536,0.5675264984036843,29.4380535294565,45.57811884180419
C,20,10,125,t,em,3,0.5,3859.3409255046936,0.5636416724209685,29.89615958585596,46.159022137458564
C,20,10,125,t,em,3,0.95,4797.900443984644,0.5560093265998433,30.80638254729255,47.29749077315871
C,20,10,125,t,em,5,0.3,3584.419171382854,0.5664599874506024,29.553152179699985,45.7301926459363
C,20,10,125,t,em,5,0.5,3966.4168772682183,0.5627323185267477,29.996083034420575,46.28775530274758
C,20,10,125,t,em,5,0.95,4848.611939023887,0.555662618127932,30.84481156027265,47.34605243561869
C,20,10,125,t,aic,3,0.3,3465.8536294028536,0.5675264984036843,29.4380535294565,45.57811884180419
C,20,10,125,t,aic,3,0.5,3859.3409255046936,0.5636416724209685,29.89615958585596,46.159022137458564
C,20,10,125,t,aic,3,0.95,4797.900443984644,0.5560093265998433,30.80638254729255,47.29749077315871
C,20,10,125,t,aic,5,0.3,3584.419171382854,0.5664599874506024,29.553152179699985,45.7301926459363
C,20,10,125,t,aic,5,0.5,3966.4168772682183,0.5627323185267477,29.996083034420575,46.28775530274758
C,20,10,125,t,aic,5,0.95,4848.611939023887,0.555662618127932,30.84481156027265,47.34605243561869
C,20,15,115,gamma,em,3,0.3,3558.967716793154,0.5711722077299088,33.74460341703546,46.14898307001272
C,20,15,115,gamma,em,3,0.5,3977.002210615511,0.5667160307540192,34.195797062382994,46.726022811575184
C,20,15,115,gamma,em,3,0.95,4922.223976219022,0.5587701111684498,35.07906191641734,47.81700562357508
C,20,15,115,gamma,em,5,0.3,3558.967716793154,0.5711722077299088,33.74460341703546,46.14898307001272
C,20,15,115,gamma,em,5,0.5,3977.002210615511,0.5667160307540192,34.195797062382994,46.726022811575184
C,20,15,115,gamma,em,5,0.95,4922.223976219022,0.5587701111684498,35.07906191641734,47.81700562357508
C,20,15,115,gamma,aic,3,0.3,3549.2261180908513,0.5710723551556811,33.733446705230605,46.14026436192912
C,20,15,115,gamma,aic,3,0.5,3962.0337856442625,0.566789204184907,34.17717924226842,46.704648777379404
C,20,15,115,gamma,aic,3,0.95,4890.866981678844,0.5587689858166701,35.10686835142885,47.84562504273013
C,20,15,115,gamma,aic,5,0.3,3549.2261180908513,0.5710723551556811,33.733446705230605,46.14026436192912
C,20,15,115,gamma,aic,5,0.5,3962.0337856442625,0.566789204184907,34.17717924226842,46.704648777379404
C,20,15,115,gamma,aic,5,0.95,4890.866981678844,0.5587689858166701,35.10686835142885,47.84562504273013
C,20,15,115,gaussian,em,3,0.3,4519.513619208052,0.563302519301851,34.574572449716285,47.195354794255934
C,20,15,115,gaussian,em,3,0.5,4800.557163665066,0.5605740849170862,34.85831084770765,47.548510336794735
C,20,15,115,gaussian,em,3,0.95,5466.0155500145365,0.5553336677972477,35.49763443888499,48.32109397128726
C,20,15,115,gaussian,em,5,0.3,4519.513619208052,0.563302519301851,34.574572449716285,47.195354794255934
C,20,15,115,gaussian,em,5,0.5,4800.557163665066,0.5605740849170862,34.85831084770765,47.548510336794735
C,20,15,115,gaussian,em,5,0.95,5466.0155500145365,0.5553336677972477,35.49763443888499,48.32109397128726
C,20,15,115,gaussian,aic,3,0.3,3481.999790945652,0.5718882069497091,33.66693851421297,46.053880199396055
C,20,15,115,gaussian,aic,3,0.5,3898.4605039810435,0.567434401570567,34.11732065559512,46.62389910732048
C,20,15,115,gaussian,aic,3,0.95,4842.485640991001,0.5592938937013643,35.05616448514603,47.777530640852426
C,20,15,115,gaussian,aic,5,0.3,3481.999790945652,0.5718882069497091,33.66693851421297,46.053880199396055
C,20,15,115,gaussian,aic,5,0.5,3898.4605039810435,0.567434401570567,34.11732065559512,46.62389910732048
C,20,15,115,gaussian,aic,5,0.95,4842.485640991001,0.5592938937013643,35.05616448514603,47.777530640852426
C,20,15,115,t,em,3,0.3,3597.8972178518184,0.5706562060597405,33.76090763549088,46.18228384868433
C,20,15,115,t,em,3,0.5,4034.111237094918,0.5662529023710776,34.23093898125249,46.78032383249665
C,20,15,115,t,em,3,0.95,4935.833693005507,0.5584680739879062,35.13174155452261,47.88289051012098
C,20,15,115,t,em,5,0.3,3498.7585118792726,0.5714357305249032,33.71397889192287,46.101585928076545
C,20,15,115,t,em,5,0.5,3922.070961804343,0.5671124902676596,34.15753662371648,46.6778280633548
C,20,15,115,t,em,5,0.95,4864.039301452511,0.5591678697649008,35.0753800171279,47.80409392821502
C,20,15,115,t,aic,3,0.3,3597.8972178518184,0.5706562060597405,33.76090763549088,46.18228384868433
C,20,15,115,t,aic,3,0.5,4034.111237094918,0.5662529023710776,34.23093898125249,46.78032383249665
C,20,15,115,t,aic,3,0.95,4935.833693005507,0.5584680739879062,35.13174155452261,47.88289051012098
C,20,15,115,t,aic,5,0.3,3498.7585118792726,0.5714357305249032,33.71397889192287,46.101585928076545
C,20,15,115,t,aic,5,0.5,3922.070961804343,0.5671124902676596,34.15753662371648,46.6778280633548
C,20,15,115,t,aic,5,0.95,4864.039301452511,0.5591678697649008,35.0753800171279,47.80409392821502
C,20,15,120,gamma,em,3,0.3,3558.523212548018,0.5688163615822467,31.56543851838335,45.80488096590044
C,20,15,120,gamma,em,3,0.5,3976.557706370376,0.5645166736226805,32.01663216373089,46.38633511917476
C,20,15,120,gamma,em,3,0.95,4921.779471973887,0.5568475619250517,32.899897017765234,47.485263907087116
C,20,15,120,gamma,em,5,0.3,3558.523212548018,0.5688163615822467,31.56543851838335,45.80488096590044
C,20,15,120,gamma,em,5,0.5,3976.557706370376,0.5645166736226805,32.01663216373089,46.38633511917476
C,20,15,120,gamma,em,5,0.95,4921.779471973887,0.5568475619250517,32.899897017765234,47.485263907087116
C,20,15,120,gamma,aic,3,0.3,3548.7816138457156,0.5687249923313504,31.554281806578494,45.79642748360183
C,20,15,120,gamma,aic,3,0.5,3961.589281399127,0.5645904778840022,31.99801434361632,46.365035358302656
C,20,15,120,gamma,aic,3,0.95,4890.42247743371,0.5568486318629875,32.92770345277675,47.514215522286676
C,20,15,120,gamma,aic,5,0.3,3548.7816138457156,0.5687249923313504,31.554281806578494,45.79642748360183
C,20,15,120,gamma,aic,5,0.5,3961.589281399127,0.5645904778840022,31.99801434361632,46.365035358302656
C,20,15,120,gamma,aic,5,0.95,4890.42247743371,0.5568486318629875,32.92770345277675,47.514215522286676
C,20,15,120,gaussian,em,3,0.3,4519.069114962916,0.5612318518902334,32.395407551064174,46.859418923766974
C,20,15,120,gaussian,em,3,0.5,4800.11265941993,0.5585971644891256,32.679145949055545,47.215124683554265
C,20,15,120,gaussian,em,3,0.95,5465.571045769402,0.5535364632086214,33.318469540232876,47.99310260496332
C,20,15,120,gaussian,em,5,0.3,4519.069114962916,0.5612318518902334,32.395407551064174,46.859418923766974
C,20,15,120,gaussian,em,5,0.5,4800.11265941993,0.5585971644891256,32.679145949055545,47.215124683554265
C,20,15,120,gaussian,em,5,0.95,5465.571045769402,0.5535364632086214,33.318469540232876,47.99310260496332
C,20,15,120,gaussian,aic,3,0.3,3481.555286700516,0.5695110144401521,31.487773615560865,45.70935653598029
C,20,15,120,gaussian,aic,3,0.5,3898.015999735908,0.565212304719167,31.93815575694302,46.28364446941829
C,20,15,120,gaussian,aic,3,0.95,4842.0411367458655,0.5573543505824,32.876999586493916,47.44561175541815
C,20,15,120,gaussian,aic,5,0.3,3481.555286700516,0.5695110144401521,31.487773615560865,45.70935653598029
C,20,15,120,gaussian,aic,5,0.5,3898.015999735908,0.565212304719167,31.93815575694302,46.28364446941829
C,20,15,120,gaussian,aic,5,0.95,4842.0411367458655,0.5573543505824,32.876999586493916,47.44561175541815
C,20,15,120,t,em,3,0.3,3597.4527136066818,0.5683246796357981,31.581742736838777,45.83881737845354
C,20,15,120,t,em,3,0.5,4033.6667328497815,0.5640743368356629,32.05177408260039,46.441324362371276
C,20,15,120,t,em,3,0.95,4935.389188760371,0.5565588565353886,32.95257665587051,47.551769874953884
C,20,15,120,t,em,5,0.3,3498.314007634136,0.5690708691589306,31.534813993270767,45.75709085531452
C,20,15,120,t,em,5,0.5,3921.6264575592068,0.5648987749586728,31.978371725064374,46.337738675843575
C,20,15,120,t,em,5,0.95,4863.594797207375,0.5572314315622877,32.896215118475794,47.47224776342998
C,20,15,120,t,aic,3,0.3,3597.4527136066818,0.5683246796357981,31.581742736838777,45.83881737845354
C,20,15,120,t,aic,3,0.5,4033.6667328497815,0.5640743368356629,32.05177408260039,46.441324362371276
C,20,15,120,t,aic,3,0.95,4935.389188760371,0.5565588565353886,32.95257665587051,47.551769874953884
C,20,15,120,t,aic,5,0.3,3498.314007634136,0.5690708691589306,31.534813993270767,45.75709085531452
C,20,15,120,t,aic,5,0.5,3921.6264575592068,0.5648987749586728,31.978371725064374,46.337738675843575
C,20,15,120,t,aic,5,0.95,4863.594797207375,0.5572314315622877,32.896215118475794,47.47224776342998
C,20,15,125,gamma,em,3,0.3,3558.2897687833515,0.5667659828137107,29.54460855544853,45.71045570640841
C,20,15,125,gamma,em,3,0.5,3976.3242626057095,0.5626029295713123,29.99580220079607,46.293199716311605
C,20,15,125,gamma,em,3,0.95,4921.54602820922,0.5551763286288786,30.879067054830408,47.394408401378165
C,20,15,125,gamma,em,5,0.3,3558.2897687833515,0.5667659828137107,29.54460855544853,45.71045570640841
C,20,15,125,gamma,em,5,0.5,3976.3242626057095,0.5626029295713123,29.99580220079607,46.293199716311605
C,20,15,125,gamma,em,5,0.95,4921.54602820922,0.5551763286288786,30.879067054830408,47.394408401378165
C,20,15,125,gamma,aic,3,0.3,3548.5481700810487,0.566680824564626,29.53345184364367,45.702200749281495
C,20,15,125,gamma,aic,3,0.5,3961.355837634459,0.5626765250721679,29.977184380681496,46.27200609941046
C,20,15,125,gamma,aic,3,0.95,4890.189033669043,0.5551788202444669,30.90687348984192,47.42350707858213
C,20,15,125,gamma,aic,5,0.3,3548.5481700810487,0.566680824564626,29.53345184364367,45.702200749281495
C,20,15,125,gamma,aic,5,0.5,3961.355837634459,0.5626765250721679,29.977184380681496,46.27200609941046
C,20,15,125,gamma,aic,5,0.95,4890.189033669043,0.5551788202444669,30.90687348984192,47.42350707858213
C,20,15,125,gaussian,em,3,0.3,4518.835671198251,0.5594313528198877,30.374577588129352,46.767531079411064
C,20,15,125,gaussian,em,3,0.5,4799.879215655264,0.5568787405106829,30.658315986120726,47.1239497861057
C,20,15,125,gaussian,em,3,0.95,5465.337602004734,0.5519754432933043,31.297639577298053,47.90340966148763
C,20,15,125,gaussian,em,5,0.3,4518.835671198251,0.5594313528198877,30.374577588129352,46.767531079411064
C,20,15,125,gaussian,em,5,0.5,4799.879215655264,0.5568787405106829,30.658315986120726,47.1239497861057
C,20,15,125,gaussian,em,5,0.95,5465.337602004734,0.5519754432933043,31.297639577298053,47.90340966148763
C,20,15,125,gaussian,aic,3,0.3,3481.3218429358494,0.5674411014687714,29.46694365262605,45.61491937069429
C,20,15,125,gaussian,aic,3,0.5,3897.782555971241,0.5632781652942678,29.917325794008196,46.19041449961542
C,20,15,125,gaussian,aic,3,0.95,4841.807692981199,0.555667961658931,30.856169623559094,47.354743514878656
C,20,15,125,gaussian,aic,5,0.3,3481.3218429358494,0.5674411014687714,29.46694365262605,45.61491937069429
C,20,15,125,gaussian,aic,5,0.5,3897.782555971241,0.5632781652942678,29.917325794008196,46.19041449961542
C,20,15,125,gaussian,aic,5,0.95,4841.807692981199,0.555667961658931,30.856169623559094,47.354743514878656
C,20,15,125,t,em,3,0.3,3597.219269842016,0.5662941334886279,29.560912773903954,45.744728505051135
C,20,15,125,t,em,3,0.5,4033.4332890851156,0.5621777608541073,30.03094411966556,46.34850260437489
C,20,15,125,t,em,3,0.95,4935.1557449957045,0.5548986587829429,30.93174669293569,47.46116002602064
C,20,15,125,t,em,5,0.3,3498.08056386947,0.5670122156142858,29.513984030335944,45.66248431958544
C,20,15,125,t,em,5,0.5,3921.39301379454,0.5629723410930144,29.95754176212955,46.24442617276749
C,20,15,125,t,em,5,0.95,4863.361353442709,0.5555479131327224,30.87538515554097,47.38133525918043
C,20,15,125,t,aic,3,0.3,3597.219269842016,0.5662941334886279,29.560912773903954,45.744728505051135
C,20,15,125,t,aic,3,0.5,4033.4332890851156,0.5621777608541073,30.03094411966556,46.34850260437489
C,20,15,125,t,aic,3,0.95,4935.1557449957045,0.5548986587829429,30.93174669293569,47.46116002602064
C,20,15,125,t,aic,5,0.3,3498.08056386947,0.5670122156142858,29.513984030335944,45.66248431958544
C,20,15,125,t,aic,5,0.5,3921.39301379454,0.5629723410930144,29.95754176212955,46.24442617276749
C,20,15,125,t,aic,5,0.95,4863.361353442709,0.5555479131327224,30.87538515554097,47.38133525918043
C,20,20,115,gamma,em,3,0.3,3391.7409013258753,0.5731979543343195,33.5814827711949,45.91872222369407
C,20,20,115,gamma,em,3,0.5,3836.306408577247,0.5681139627210487,34.098947500979456,46.58470903894504
C,20,20,115,gamma,em,3,0.95,4813.089941551649,0.559523241031118,35.07536073260113,47.78353254936177
C,20,20,115,gamma,em,5,0.3,3391.7409013258753,0.5731979543343195,33.5814827711949,45.91872222369407
C,20,20,115,gamma,em,5,0.5,3836.306408577247,0.5681139627210487,34.098947500979456,46.58470903894504
C,20,20,115,gamma,em,5,0.95,4813.089941551649,0.559523241031118,35.07536073260113,47.78353254936177
C,20,20,115,gamma,aic,3,0.3,3647.2509649678204,0.5703752495665793,33.85684423610795,46.286042963778954
C,20,20,115,gamma,aic,3,0.5,4058.065033378663,0.5659776016757141,34.2921010163125,46.83966505555208
C,20,20,115,gamma,aic,3,0.95,4917.6817105965465,0.5587023098217465,35.167969027174124,47.896962973858905
C,20,20,115,gamma,aic,5,0.3,3647.2509649678204,0.5703752495665793,33.85684423610795,46.286042963778954
C,20,20,115,gamma,aic,5,0.5,4058.065033378663,0.5659776016757141,34.2921010163125,46.83966505555208
C,20,20,115,gamma,aic,5,0.95,4917.6817105965465,0.5587023098217465,35.167969027174124,47.896962973858905
C,20,20,115,gaussian,em,3,0.3,5167.731474470738,0.5589787321329366,35.186573383927325,47.926830815430556
C,20,20,115,gaussian,em,3,0.5,5364.843609559398,0.5570891398065642,35.38437985388768,48.18161723799536
C,20,20,115,gaussian,em,3,0.95,5868.877168120055,0.5531573382130023,35.84381190301479,48.73847312150215
C,20,20,115,gaussian,em,5,0.3,5167.731474470738,0.5589787321329366,35.186573383927325,47.926830815430556
C,20,20,115,gaussian,em,5,0.5,5364.843609559398,0.5570891398065642,35.38437985388768,48.18161723799536
C,20,20,115,gaussian,em,5,0.95,5868.877168120055,0.5531573382130023,35.84381190301479,48.73847312150215
C,20,20,115,gaussian,aic,3,0.3,3601.914684484806,0.5709127875794817,33.79493074792979,46.20030282001777
C,20,20,115,gaussian,aic,3,0.5,4020.701991975226,0.5664247435311024,34.26096379918012,46.78988396061262
C,20,20,115,gaussian,aic,3,0.95,4955.736810765134,0.5586178019184476,35.15915522509182,47.89678471863611
C,20,20,115,gaussian,aic,5,0.3,3601.914684484806,0.5709127875794817,33.79493074792979,46.20030282001777
C,20,20,115,gaussian,aic,5,0.5,4020.701991975226,0.5664247435311024,34.26096379918012,46.78988396061262
C,20,20,115,gaussian,aic,5,0.95,4955.736810765134,0.5586178019184476,35.15915522509182,47.89678471863611
C,20,20,115,t,em,3,0.3,3425.1589783665054,0.5727362431479787,33.613385173410464,45.96532336285742
C,20,20,115,t,em,3,0.5,3869.9900436512385,0.5678516380818757,34.114850508857174,46.60591970947557
C,20,20,115,t,em,3,0.95,4833.711533788166,0.5593563479302915,35.083853360168305,47.79390865773682
C,20,20,115,t,em,5,0.3,3390.787983630904,0.5730232235959833,33.58466236531183,45.92772318177198
C,20,20,115,t,em,5,0.5,3853.463305141332,0.5680229861789862,34.10294560112078,46.59108604882071
C,20,20,115,t,em,5,0.95,4818.885259075453,0.5594731162156832,35.07530415149986,47.782691117084724
C,20,20,115,t,aic,3,0.3,3425.1589783665054,0.5727362431479787,33.613385173410464,45.96532336285742
C,20,20,115,t,aic,3,0.5,3869.9900436512385,0.5678516380818757,34.114850508857174,46.60591970947557
C,20,20,115,t,aic,3,0.95,4833.711533788166,0.5593563479302915,35.083853360168305,47.79390865773682
C,20,20,115,t,aic,5,0.3,3390.787983630904,0.5730232235959833,33.58466236531183,45.92772318177198
C,20,20,115,t,aic,5,0.5,3853.463305141332,0.5680229861789862,34.10294560112078,46.59108604882071
C,20,20,115,t,aic,5,0.95,4818.885259075453,0.5594731162156832,35.07530415149986,47.782691117084724
C,20,20,120,gamma,em,3,0.3,3391.2963970807386,0.5707760322565572,31.40231787254279,45.573180304116036
C,20,20,120,gamma,em,3,0.5,3835.8619043321114,0.5658675123717517,31.91978260232735,46.244107003924526
C,20,20,120,gamma,em,3,0.95,4812.6454373065135,0.5575755152374444,32.89619583394902,47.451596029291345
C,20,20,120,gamma,em,5,0.3,3391.2963970807386,0.5707760322565572,31.40231787254279,45.573180304116036
C,20,20,120,gamma,em,5,0.5,3835.8619043321114,0.5658675123717517,31.91978260232735,46.244107003924526
C,20,20,120,gamma,em,5,0.95,4812.6454373065135,0.5575755152374444,32.89619583394902,47.451596029291345
C,20,20,120,gamma,aic,3,0.3,3646.8064607226843,0.5680492462909318,31.67767933745584,45.943258804332956
C,20,20,120,gamma,aic,3,0.5,4057.6205291335273,0.5638045280833905,32.1129361176604,46.500969394672495
C,20,20,120,gamma,aic,3,0.95,4917.23720635141,0.5567824670115762,32.988804128522034,47.56580211747509
C,20,20,120,gamma,aic,5,0.3,3646.8064607226843,0.5680492462909318,31.67767933745584,45.943258804332956
C,20,20,120,gamma,aic,5,0.5,4057.6205291335273,0.5638045280833905,32.1129361176604,46.500969394672495
C,20,20,120,gamma,aic,5,0.95,4917.23720635141,0.5567824670115762,32.988804128522034,47.56580211747509
C,20,20,120,gaussian,em,3,0.3,5167.286970225604,0.5570387688459318,33.00740848527521,47.59484555566645
C,20,20,120,gaussian,em,3,0.5,5364.399105314263,0.55521682679766,33.205214955235576,47.85161842876515
C,20,20,120,gaussian,em,3,0.95,5868.432663874921,0.5514249568627144,33.66464700436269,48.41263693695812
C,20,20,120,gaussian,em,5,0.3,5167.286970225604,0.5570387688459318,33.00740848527521,47.59484555566645
C,20,20,120,gaussian,em,5,0.5,5364.399105314263,0.55521682679766,33.205214955235576,47.85161842876515
C,20,20,120,gaussian,em,5,0.95,5868.432663874921,0.5514249568627144,33.66464700436269,48.41263693695812
C,20,20,120,gaussian,aic,3,0.3,3601.4701802396703,0.5685681895298795,31.615765849277683,45.85679831870807
C,20,20,120,gaussian,aic,3,0.5,4020.2574877300904,0.5642355771301313,32.081798900528014,46.45073432054228
C,20,20,120,gaussian,aic,3,0.95,4955.292306519998,0.5567008313617693,32.97999032643972,47.56560179805572
C,20,20,120,gaussian,aic,5,0.3,3601.4701802396703,0.5685681895298795,31.615765849277683,45.85679831870807
C,20,20,120,gaussian,aic,5,0.5,4020.2574877300904,0.5642355771301313,32.081798900528014,46.45073432054228
C,20,20,120,gaussian,aic,5,0.95,4955.292306519998,0.5567008313617693,32.97999032643972,47.56560179805572
C,20,20,120,t,em,3,0.3,3424.7144741213697,0.570329606536848,31.43422027475836,45.62013427330565
C,20,20,120,t,em,3,0.5,3869.5455394061028,0.565613866174963,31.935685610205077,46.26546437935804
C,20,20,120,t,em,3,0.95,4833.267029543031,0.5574143197787016,32.904688461516194,47.4620413065861
C,20,20,120,t,em,5,0.3,3390.343479385768,0.5706070863664754,31.405497466659728,45.582262649688936
C,20,20,120,t,em,5,0.5,3853.018800896197,0.5657793854218361,31.923780702468672,46.250529025971424
C,20,20,120,t,em,5,0.95,4818.440754830319,0.5575271211369636,32.89613925284775,47.45075269812022
C,20,20,120,t,aic,3,0.3,3424.7144741213697,0.570329606536848,31.43422027475836,45.62013427330565
C,20,20,120,t,aic,3,0.5,3869.5455394061028,0.565613866174963,31.935685610205077,46.26546437935804
C,20,20,120,t,aic,3,0.95,4833.267029543031,0.5574143197787016,32.904688461516194,47.4620413065861
C,20,20,120,t,aic,5,0.3,3390.343479385768,0.5706070863664754,31.405497466659728,45.582262649688936
C,20,20,120,t,aic,5,0.5,3853.018800896197,0.5657793854218361,31.923780702468672,46.250529025971424
C,20,20,120,t,aic,5,0.95,4818.440754830319,0.5575271211369636,32.89613925284775,47.45075269812022
C,20,20,125,gamma,em,3,0.3,3391.062953316072,0.5686669385529564,29.381487909607962,45.47845461290939
C,20,20,125,gamma,em,3,0.5,3835.6284605674437,0.5639123743729227,29.898952639392526,46.15074276331653
C,20,20,125,gamma,em,3,0.95,4812.411993541845,0.5558819313877521,30.875365871014203,47.36067425356803
C,20,20,125,gamma,em,5,0.3,3391.062953316072,0.5686669385529564,29.381487909607962,45.47845461290939
C,20,20,125,gamma,em,5,0.5,3835.6284605674437,0.5639123743729227,29.898952639392526,46.15074276331653
C,20,20,125,gamma,em,5,0.95,4812.411993541845,0.5558819313877521,30.875365871014203,47.36067425356803
C,20,20,125,gamma,aic,3,0.3,3646.573016958018,0.5660237247648817,29.656849374521023,45.84930988811847
C,20,20,125,gamma,aic,3,0.5,4057.3870853688595,0.561913169990034,30.09210615472557,46.40815683719295
C,20,20,125,gamma,aic,3,0.95,4917.0037625867435,0.5551132131496102,30.9679741655872,47.47508777409955
C,20,20,125,gamma,aic,5,0.3,3646.573016958018,0.5660237247648817,29.656849374521023,45.84930988811847
C,20,20,125,gamma,aic,5,0.5,4057.3870853688595,0.561913169990034,30.09210615472557,46.40815683719295
C,20,20,125,gamma,aic,5,0.95,4917.0037625867435,0.5551132131496102,30.9679741655872,47.47508777409955
C,20,20,125,gaussian,em,3,0.3,5167.053526460937,0.5553519408189066,30.98657852234039,47.50342390353089
C,20,20,125,gaussian,em,3,0.5,5364.165661549596,0.553589046890297,31.18438499230075,47.7608266223679
C,20,20,125,gaussian,em,3,0.95,5868.199220110253,0.5499196237732141,31.643817041427866,48.3231636585561
C,20,20,125,gaussian,em,5,0.3,5167.053526460937,0.5553519408189066,30.98657852234039,47.50342390353089
C,20,20,125,gaussian,em,5,0.5,5364.165661549596,0.553589046890297,31.18438499230075,47.7608266223679
C,20,20,125,gaussian,em,5,0.95,5868.199220110253,0.5499196237732141,31.643817041427866,48.3231636585561
C,20,20,125,gaussian,aic,3,0.3,3601.236736475004,0.5665273141782534,29.59493588634286,45.76270158044251
C,20,20,125,gaussian,aic,3,0.5,4020.024043965424,0.5623310169542421,30.06096893759319,46.35781952958963
C,20,20,125,gaussian,aic,3,0.95,4955.058862755332,0.5550344343212489,30.959160363504896,47.47490848461058
C,20,20,125,gaussian,aic,5,0.3,3601.236736475004,0.5665273141782534,29.59493588634286,45.76270158044251
C,20,20,125,gaussian,aic,5,0.5,4020.024043965424,0.5623310169542421,30.06096893759319,46.35781952958963
C,20,20,125,gaussian,aic,5,0.95,4955.058862755332,0.5550344343212489,30.959160363504896,47.47490848461058
C,20,20,125,t,em,3,0.3,3424.481030356703,0.5682340335047309,29.413390311823537,45.525547213255464
C,20,20,125,t,em,3,0.5,3869.3120956414364,0.5636664915373398,29.91485564727025,46.172160627910436
C,20,20,125,t,em,3,0.95,4833.033585778363,0.5557257682777695,30.88385849858138,47.371146884208805
C,20,20,125,t,em,5,0.3,3390.1100356211014,0.568503048163107,29.384667503724906,45.487589722964586
C,20,20,125,t,em,5,0.5,3852.7853571315295,0.5638268584869054,29.90295073953385,46.15719306423947
C,20,20,125,t,em,5,0.95,4818.207311065651,0.555835062800988,30.875309289912924,47.35983705830358
C,20,20,125,t,aic,3,0.3,3424.481030356703,0.5682340335047309,29.413390311823537,45.525547213255464
C,20,20,125,t,aic,3,0.5,3869.3120956414364,0.5636664915373398,29.91485564727025,46.172160627910436
C,20,20,125,t,aic,3,0.95,4833.033585778363,0.5557257682777695,30.88385849858138,47.371146884208805
C,20,20,125,t,aic,5,0.3,3390.1100356211014,0.568503048163107,29.384667503724906,45.487589722964586
C,20,20,125,t,aic,5,0.5,3852.7853571315295,0.5638268584869054,29.90295073953385,46.15719306423947
C,20,20,125,t,aic,5,0.95,4818.207311065651,0.555835062800988,30.875309289912924,47.35983705830358
C,25,10,115,gamma,em,3,0.3,3876.3269801271817,0.5690515542219525,34.76450843091775,47.162011771929706
C,25,10,115,gamma,em,3,0.5,4260.980693064817,0.5652506505086133,35.15546941117266,47.65135269975083
C,25,10,115,gamma,em,3,0.95,5133.3290912188,0.5580663577138913,36.056244431666194,48.72126558840187
C,25,10,115,gamma,em,5,0.3,3876.3269801271817,0.5690515542219525,34.76450843091775,47.162011771929706
C,25,10,115,gamma,em,5,0.5,4260.980693064817,0.5652506505086133,35.15546941117266,47.65135269975083
C,25,10,115,gamma,em,5,0.95,5133.3290912188,0.5580663577138913,36.056244431666194,48.72126558840187
C,25,10,115,gamma,aic,3,0.3,3845.932481633435,0.5690987849797603,34.7003683593022,47.100241149837146
C,25,10,115,gamma,aic,3,0.5,4222.604867972515,0.5655077657034605,35.13620295949416,47.625963905692075
C,25,10,115,gamma,aic,3,0.95,5148.639947043493,0.5579369616082133,36.06360518657526,48.73955322708551
C,25,10,115,gamma,aic,5,0.3,3845.932481633435,0.5690987849797603,34.7003683593022,47.100241149837146
C,25,10,115,gamma,aic,5,0.5,4222.604867972515,0.5655077657034605,35.13620295949416,47.625963905692075
C,25,10,115,gamma,aic,5,0.95,5148.639947043493,0.5579369616082133,36.06360518657526,48.73955322708551
C,25,10,115,gaussian,em,3,0.3,4470.062550736644,0.5633577536612699,35.38646533571643,47.94150255592992
C,25,10,115,gaussian,em,3,0.5,4773.015089453314,0.5607430714703672,35.67906981591106,48.300675164511
C,25,10,115,gaussian,em,3,0.95,5427.857778862939,0.5561366180973131,36.32967144519468,49.05102039007269
C,25,10,115,gaussian,em,5,0.3,4470.062550736644,0.5633577536612699,35.38646533571643,47.94150255592992
C,25,10,115,gaussian,em,5,0.5,4773.015089453314,0.5607430714703672,35.67906981591106,48.300675164511
C,25,10,115,gaussian,em,5,0.95,5427.857778862939,0.5561366180973131,36.32967144519468,49.05102039007269
C,25,10,115,gaussian,aic,3,0.3,3838.445472639284,0.5692175250417723,34.741611288943844,47.12973863379135
C,25,10,115,gaussian,aic,3,0.5,4258.941243666594,0.5652608991623086,35.16989745508512,47.67749404828555
C,25,10,115,gaussian,aic,3,0.95,5130.2435097851485,0.5580514731695493,36.052097832028934,48.71766810097686
C,25,10,115,gaussian,aic,5,0.3,3838.445472639284,0.5692175250417723,34.741611288943844,47.12973863379135
C,25,10,115,gaussian,aic,5,0.5,4258.941243666594,0.5652608991623086,35.16989745508512,47.67749404828555
C,25,10,115,gaussian,aic,5,0.95,5130.2435097851485,0.5580514731695493,36.052097832028934,48.71766810097686
C,25,10,115,t,em,3,0.3,3761.2775463756598,0.570005908189104,34.69200453264676,47.057819232458236
C,25,10,115,t,em,3,0.5,4214.748430869526,0.5655786256289689,35.15779120577141,47.64449059891719
C,25,10,115,t,em,3,0.95,5112.746772627742,0.5582991355124118,36.05991883912129,48.726591417656934
C,25,10,115,t,em,5,0.3,3701.6215493737445,0.5705864812435826,34.59248668786962,46.945722403374205
C,25,10,115,t,em,5,0.5,4129.366412804317,0.5662818887678132,35.06375464647167,47.52854790405293
C,25,10,115,t,em,5,0.95,5069.680792294438,0.5584646426310591,36.015366827767956,48.673474160875344
C,25,10,115,t,aic,3,0.3,3761.2775463756598,0.570005908189104,34.69200453264676,47.057819232458236
C,25,10,115,t,aic,3,0.5,4214.748430869526,0.5655786256289689,35.15779120577141,47.64449059891719
C,25,10,115,t,aic,3,0.95,5112.746772627742,0.5582991355124118,36.05991883912129,48.726591417656934
C,25,10,115,t,aic,5,0.3,3701.6215493737445,0.5705864812435826,34.59248668786962,46.945722403374205
C,25,10,115,t,aic,5,0.5,4129.366412804317,0.5662818887678132,35.06375464647167,47.52854790405293
C,25,10,115,t,aic,5,0.95,5069.680792294438,0.5584646426310591,36.015366827767956,48.673474160875344
C,25,10,120,gamma,em,3,0.3,3875.903561655558,0.566826232051479,32.680418972782135,46.84085490294401
C,25,10,120,gamma,em,3,0.5,4260.557274593194,0.5631548344392389,33.07137995303704,47.33361053063662
C,25,10,120,gamma,em,3,0.95,5132.905672747176,0.5562134951490496,33.97215497353058,48.410674687295355
C,25,10,120,gamma,em,5,0.3,3875.903561655558,0.566826232051479,32.680418972782135,46.84085490294401
C,25,10,120,gamma,em,5,0.5,4260.557274593194,0.5631548344392389,33.07137995303704,47.33361053063662
C,25,10,120,gamma,em,5,0.95,5132.905672747176,0.5562134951490496,33.97215497353058,48.410674687295355
C,25,10,120,gamma,aic,3,0.3,3845.5090631618104,0.5668785500204879,32.61627890116658,46.77908128717998
C,25,10,120,gamma,aic,3,0.5,4222.181449500892,0.5634075882933595,33.05211350135855,47.30830070930112
C,25,10,120,gamma,aic,3,0.95,5148.216528571868,0.5560909037734216,33.97951572843964,48.429209914453565
C,25,10,120,gamma,aic,5,0.3,3845.5090631618104,0.5668785500204879,32.61627890116658,46.77908128717998
C,25,10,120,gamma,aic,5,0.5,4222.181449500892,0.5634075882933595,33.05211350135855,47.30830070930112
C,25,10,120,gamma,aic,5,0.95,5148.216528571868,0.5560909037734216,33.97951572843964,48.429209914453565
C,25,10,120,gaussian,em,3,0.3,4469.639132265019,0.5613229850216924,33.302375877580815,47.625596561929406
C,25,10,120,gaussian,em,3,0.5,4772.59167098169,0.5587985119200566,33.59498035777545,47.98722869878162
C,25,10,120,gaussian,em,3,0.95,5427.434360391317,0.5543489688086776,34.245581987059055,48.74254309895787
C,25,10,120,gaussian,em,5,0.3,4469.639132265019,0.5613229850216924,33.302375877580815,47.625596561929406
C,25,10,120,gaussian,em,5,0.5,4772.59167098169,0.5587985119200566,33.59498035777545,47.98722869878162
C,25,10,120,gaussian,em,5,0.95,5427.434360391317,0.5543489688086776,34.245581987059055,48.74254309895787
C,25,10,120,gaussian,aic,3,0.3,3838.02205416766,0.5669867992657052,32.65752183080822,46.8084010219713
C,25,10,120,gaussian,aic,3,0.5,4258.517825194971,0.5631651858489548,33.085807996949505,47.35995878420831
C,25,10,120,gaussian,aic,3,0.95,5129.820091313525,0.5561991545439848,33.968008373893326,48.4070692783979
C,25,10,120,gaussian,aic,5,0.3,3838.02205416766,0.5669867992657052,32.65752183080822,46.8084010219713
C,25,10,120,gaussian,aic,5,0.5,4258.517825194971,0.5631651858489548,33.085807996949505,47.35995878420831
C,25,10,120,gaussian,aic,5,0.95,5129.820091313525,0.5561991545439848,33.968008373893326,48.4070692783979
C,25,10,120,t,em,3,0.3,3760.854127904034,0.5677457444589447,32.60791507451115,46.73558541438172
C,25,10,120,t,em,3,0.5,4214.325012397902,0.563468583994495,33.0737017476358,47.326361012174644
C,25,10,120,t,em,3,0.95,5112.3233541561185,0.5564374757339527,33.97582938098567,48.415880534489766
C,25,10,120,t,em,5,0.3,3701.1981309021203,0.5683094948598921,32.508397229734,46.62303772206339
C,25,10,120,t,em,5,0.5,4128.942994332693,0.5641512802654798,32.97966518833606,47.20994848496072
C,25,10,120,t,em,5,0.95,5069.257373822816,0.5565985565536608,33.93127736963233,48.36256157629166
C,25,10,120,t,aic,3,0.3,3760.854127904034,0.5677457444589447,32.60791507451115,46.73558541438172
C,25,10,120,t,aic,3,0.5,4214.325012397902,0.563468583994495,33.0737017476358,47.326361012174644
C,25,10,120,t,aic,3,0.95,5112.3233541561185,0.5564374757339527,33.97582938098567,48.415880534489766
C,25,10,120,t,aic,5,0.3,3701.1981309021203,0.5683094948598921,32.508397229734,46.62303772206339
C,25,10,120,t,aic,5,0.5,4128.942994332693,0.5641512802654798,32.97966518833606,47.20994848496072
C,25,10,120,t,aic,5,0.95,5069.257373822816,0.5565985565536608,33.93127736963233,48.36256157629166
C,25,10,125,gamma,em,3,0.3,3875.6838608172775,0.5649267103369483,30.757783273507094,46.75433006237407
C,25,10,125,gamma,em,3,0.5,4260.337573754914,0.5613665394623079,31.148744253762004,47.24804215214957
C,25,10,125,gamma,em,3,0.95,5132.685971908895,0.5546335853477338,32.04951927425554,48.32708204127365
C,25,10,125,gamma,em,5,0.3,3875.6838608172775,0.5649267103369483,30.757783273507094,46.75433006237407
C,25,10,125,gamma,em,5,0.5,4260.337573754914,0.5613665394623079,31.148744253762004,47.24804215214957
C,25,10,125,gamma,em,5,0.95,5132.685971908895,0.5546335853477338,32.04951927425554,48.32708204127365
C,25,10,125,gamma,aic,3,0.3,3845.28936232353,0.5649817444866244,30.693643201891547,46.69265473794347
C,25,10,125,gamma,aic,3,0.5,4221.96174866261,0.5616145303263199,31.12947780208351,47.22280935872627
C,25,10,125,gamma,aic,3,0.95,5147.996827733588,0.5545163481934228,32.0568800291646,48.34572398997693
C,25,10,125,gamma,aic,5,0.3,3845.28936232353,0.5649817444866244,30.693643201891547,46.69265473794347
C,25,10,125,gamma,aic,5,0.5,4221.96174866261,0.5616145303263199,31.12947780208351,47.22280935872627
C,25,10,125,gamma,aic,5,0.95,5147.996827733588,0.5545163481934228,32.0568800291646,48.34572398997693
C,25,10,125,gaussian,em,3,0.3,4469.41943142674,0.5595856245626003,31.37974017830578,47.54043634841882
C,25,10,125,gaussian,em,3,0.5,4772.37197014341,0.5571389507797673,31.672344658500418,47.9027775791359
C,25,10,125,gaussian,em,3,0.95,5427.214659553035,0.5528243655251163,32.32294628778402,48.65950581580309
C,25,10,125,gaussian,em,5,0.3,4469.41943142674,0.5595856245626003,31.37974017830578,47.54043634841882
C,25,10,125,gaussian,em,5,0.5,4772.37197014341,0.5571389507797673,31.672344658500418,47.9027775791359
C,25,10,125,gaussian,em,5,0.95,5427.214659553035,0.5528243655251163,32.32294628778402,48.65950581580309
C,25,10,125,gaussian,aic,3,0.3,3837.8023533293795,0.5650820634027166,30.734886131533187,46.72179541598875
C,25,10,125,gaussian,aic,3,0.5,4258.298124356688,0.5613763627159291,31.16317229767447,47.274437776268556
C,25,10,125,gaussian,aic,3,0.95,5129.600390475244,0.5546195049613543,32.045372674618285,48.32346736059729
C,25,10,125,gaussian,aic,5,0.3,3837.8023533293795,0.5650820634027166,30.734886131533187,46.72179541598875
C,25,10,125,gaussian,aic,5,0.5,4258.298124356688,0.5613763627159291,31.16317229767447,47.274437776268556
C,25,10,125,gaussian,aic,5,0.95,5129.600390475244,0.5546195049613543,32.045372674618285,48.32346736059729
C,25,10,125,t,em,3,0.3,3760.6344270657546,0.5658158549988654,30.68527937523611,46.64848130734799
C,25,10,125,t,em,3,0.5,4214.105311559621,0.5616680134303371,31.151066048360764,47.240449124385044
C,25,10,125,t,em,3,0.95,5112.103653317838,0.5548499252663509,32.05319368171063,48.33215058032032
C,25,10,125,t,em,5,0.3,3700.9784300638407,0.5663645929532976,30.585761530458967,46.53596987598128
C,25,10,125,t,em,5,0.5,4128.723293494413,0.562332430477011,31.057029489061016,47.124065683295974
C,25,10,125,t,em,5,0.95,5069.037672984534,0.5550070192530395,32.00864167035731,48.278850736644806
C,25,10,125,t,aic,3,0.3,3760.6344270657546,0.5658158549988654,30.68527937523611,46.64848130734799
C,25,10,125,t,aic,3,0.5,4214.105311559621,0.5616680134303371,31.151066048360764,47.240449124385044
C,25,10,125,t,aic,3,0.95,5112.103653317838,0.5548499252663509,32.05319368171063,48.33215058032032
C,25,10,125,t,aic,5,0.3,3700.9784300638407,0.5663645929532976,30.585761530458967,46.53596987598128
C,25,10,125,t,aic,5,0.5,4128.723293494413,0.562332430477011,31.057029489061016,47.124065683295974
C,25,10,125,t,aic,5,0.95,5069.037672984534,0.5550070192530395,32.00864167035731,48.278850736644806
C,25,15,115,gamma,em,3,0.3,3709.997036954729,0.5705379284944814,34.52620048849896,46.89256580842938
C,25,15,115,gamma,em,3,0.5,4069.456074691162,0.5669645651082211,34.967432419815715,47.42889240899181
C,25,15,115,gamma,em,3,0.95,5037.861222062469,0.5587172534298249,35.946965816342455,48.604658650863556
C,25,15,115,gamma,em,5,0.3,3709.997036954729,0.5705379284944814,34.52620048849896,46.89256580842938
C,25,15,115,gamma,em,5,0.5,4069.456074691162,0.5669645651082211,34.967432419815715,47.42889240899181
C,25,15,115,gamma,em,5,0.95,5037.861222062469,0.5587172534298249,35.946965816342455,48.604658650863556
C,25,15,115,gamma,aic,3,0.3,3798.844512075404,0.5696742564763079,34.60893623339473,47.00996305972521
C,25,15,115,gamma,aic,3,0.5,4125.680044387053,0.5664176618445211,35.02607744235881,47.501731769841896
C,25,15,115,gamma,aic,3,0.95,5078.218899563013,0.5583497961331597,35.97252422381149,48.63507870707842
C,25,15,115,gamma,aic,5,0.3,3798.844512075404,0.5696742564763079,34.60893623339473,47.00996305972521
C,25,15,115,gamma,aic,5,0.5,4125.680044387053,0.5664176618445211,35.02607744235881,47.501731769841896
C,25,15,115,gamma,aic,5,0.95,5078.218899563013,0.5583497961331597,35.97252422381149,48.63507870707842
C,25,15,115,gaussian,em,3,0.3,5970.762233065198,0.5538664494651127,36.43584947786994,49.233023708537075
C,25,15,115,gaussian,em,3,0.5,6176.784798537464,0.552226012701019,36.61542412073354,49.45716919951148
C,25,15,115,gaussian,em,3,0.95,6493.079535410337,0.5499931841181084,36.92227844189568,49.80613474558891
C,25,15,115,gaussian,em,5,0.3,5970.762233065198,0.5538664494651127,36.43584947786994,49.233023708537075
C,25,15,115,gaussian,em,5,0.5,6176.784798537464,0.552226012701019,36.61542412073354,49.45716919951148
C,25,15,115,gaussian,em,5,0.95,6493.079535410337,0.5499931841181084,36.92227844189568,49.80613474558891
C,25,15,115,gaussian,aic,3,0.3,3783.0364150848836,0.5698655973434248,34.61954865207308,47.004471844289945
C,25,15,115,gaussian,aic,3,0.5,4189.018646349907,0.5658235923784194,35.07431416792548,47.56580299604112
C,25,15,115,gaussian,aic,3,0.95,5075.615343776446,0.5584605539381743,35.97649828141124,48.63507773239004
C,25,15,115,gaussian,aic,5,0.3,3783.0364150848836,0.5698655973434248,34.61954865207308,47.004471844289945
C,25,15,115,gaussian,aic,5,0.5,4189.018646349907,0.5658235923784194,35.07431416792548,47.56580299604112
C,25,15,115,gaussian,aic,5,0.95,5075.615343776446,0.5584605539381743,35.97649828141124,48.63507773239004
C,25,15,115,t,em,3,0.3,3833.786571457849,0.5695030513021878,34.67377291767474,47.06400057114189
C,25,15,115,t,em,3,0.5,4198.216927980579,0.5659219641840239,35.12167475871604,47.61079854076686
C,25,15,115,t,em,3,0.95,5103.228644358703,0.5583313319417658,36.02287481146512,48.69067835483188
C,25,15,115,t,em,5,0.3,3828.0828859505273,0.5694397477974962,34.6624935160291,47.05748003257809
C,25,15,115,t,em,5,0.5,4203.733189040604,0.565796681635224,35.11309068577001,47.60625309353425
C,25,15,115,t,em,5,0.95,5120.3238494019415,0.5581783227047705,36.021318712817184,48.69215002104602
C,25,15,115,t,aic,3,0.3,3833.786571457849,0.5695030513021878,34.67377291767474,47.06400057114189
C,25,15,115,t,aic,3,0.5,4198.216927980579,0.5659219641840239,35.12167475871604,47.61079854076686
C,25,15,115,t,aic,3,0.95,5103.228644358703,0.5583313319417658,36.02287481146512,48.69067835483188
C,25,15,115,t,aic,5,0.3,3828.0828859505273,0.5694397477974962,34.6624935160291,47.05748003257809
C,25,15,115,t,aic,5,0.5,4203.733189040604,0.565796681635224,35.11309068577001,47.60625309353425
C,25,15,115,t,aic,5,0.95,5120.3238494019415,0.5581783227047705,36.021318712817184,48.69215002104602
C,25,15,120,gamma,em,3,0.3,3709.573618483105,0.5682682240231506,32.44211103036334,46.56988404696393
C,25,15,120,gamma,em,3,0.5,4069.0326562195382,0.5648153497183028,32.8833429616801,47.10989685725008
C,25,15,120,gamma,em,3,0.95,5037.437803590846,0.5568453645065454,33.86287635820684,48.29347067952137
C,25,15,120,gamma,em,5,0.3,3709.573618483105,0.5682682240231506,32.44211103036334,46.56988404696393
C,25,15,120,gamma,em,5,0.5,4069.0326562195382,0.5648153497183028,32.8833429616801,47.10989685725008
C,25,15,120,gamma,em,5,0.95,5037.437803590846,0.5568453645065454,33.86287635820684,48.29347067952137
C,25,15,120,gamma,aic,3,0.3,3798.4210936037803,0.5674344456635425,32.52484677525911,46.68821135375949
C,25,15,120,gamma,aic,3,0.5,4125.256625915429,0.5642871402757356,32.9419879842232,47.18329844430013
C,25,15,120,gamma,aic,3,0.95,5077.79548109139,0.5564902888210328,33.88843476567588,48.32411408572547
C,25,15,120,gamma,aic,5,0.3,3798.4210936037803,0.5674344456635425,32.52484677525911,46.68821135375949
C,25,15,120,gamma,aic,5,0.5,4125.256625915429,0.5642871402757356,32.9419879842232,47.18329844430013
C,25,15,120,gamma,aic,5,0.95,5077.79548109139,0.5564902888210328,33.88843476567588,48.32411408572547
C,25,15,120,gaussian,em,3,0.3,5970.338814593575,0.5521657689360614,34.35176001973432,48.926376337955546
C,25,15,120,gaussian,em,3,0.5,6176.361380065841,0.550578962984429,34.53133466259793,49.15189378497339
C,25,15,120,gaussian,em,3,0.95,6492.656116938713,0.5484203901667886,34.83818898376006,49.50296339611081
C,25,15,120,gaussian,em,5,0.3,5970.338814593575,0.5521657689360614,34.35176001973432,48.926376337955546
C,25,15,120,gaussian,em,5,0.5,6176.361380065841,0.550578962984429,34.53133466259793,49.15189378497339
C,25,15,120,gaussian,em,5,0.95,6492.656116938713,0.5484203901667886,34.83818898376006,49.50296339611081
C,25,15,120,gaussian,aic,3,0.3,3782.612996613259,0.5676187004594848,32.53545919393747,46.6825671138558
C,25,15,120,gaussian,aic,3,0.5,4188.595227878282,0.5637122919781353,32.99022470978986,47.24773857453262
C,25,15,120,gaussian,aic,3,0.95,5075.191925304824,0.5565968396811358,33.89240882327563,48.32408285085527
C,25,15,120,gaussian,aic,5,0.3,3782.612996613259,0.5676187004594848,32.53545919393747,46.6825671138558
C,25,15,120,gaussian,aic,5,0.5,4188.595227878282,0.5637122919781353,32.99022470978986,47.24773857453262
C,25,15,120,gaussian,aic,5,0.95,5075.191925304824,0.5565968396811358,33.89240882327563,48.32408285085527
C,25,15,120,t,em,3,0.3,3833.363152986225,0.5672679319491245,32.58968345953913,46.74237033030124
C,25,15,120,t,em,3,0.5,4197.793509508954,0.5638081321055901,33.037585300580425,47.292956102544956
C,25,15,120,t,em,3,0.95,5102.805225887079,0.556472404143025,33.93878535332951,48.380010749949484
C,25,15,120,t,em,5,0.3,3827.6594674789026,0.5672057545145417,32.578404057893486,46.7360038432644
C,25,15,120,t,em,5,0.5,4203.30977056898,0.5636854394434534,33.029001227634396,47.288502869615364
C,25,15,120,t,em,5,0.95,5119.900430930319,0.5563233161915491,33.937229254681576,48.38153789586292
C,25,15,120,t,aic,3,0.3,3833.363152986225,0.5672679319491245,32.58968345953913,46.74237033030124
C,25,15,120,t,aic,3,0.5,4197.793509508954,0.5638081321055901,33.037585300580425,47.292956102544956
C,25,15,120,t,aic,3,0.95,5102.805225887079,0.556472404143025,33.93878535332951,48.380010749949484
C,25,15,120,t,aic,5,0.3,3827.6594674789026,0.5672057545145417,32.578404057893486,46.7360038432644
C,25,15,120,t,aic,5,0.5,4203.30977056898,0.5636854394434534,33.029001227634396,47.288502869615364
C,25,15,120,t,aic,5,0.95,5119.900430930319,0.5563233161915491,33.937229254681576,48.38153789586292
C,25,15,125,gamma,em,3,0.3,3709.353917644825,0.566329194369691,30.51947533108831,46.4829913115103
C,25,15,125,gamma,em,3,0.5,4068.812955381258,0.5629796832355639,30.96070726240506,47.02402965715262
C,25,15,125,gamma,em,3,0.95,5037.218102752565,0.5552485436824006,31.940240658931806,48.209765561821015
C,25,15,125,gamma,em,5,0.3,3709.353917644825,0.566329194369691,30.51947533108831,46.4829913115103
C,25,15,125,gamma,em,5,0.5,4068.812955381258,0.5629796832355639,30.96070726240506,47.02402965715262
C,25,15,125,gamma,em,5,0.95,5037.218102752565,0.5552485436824006,31.940240658931806,48.209765561821015
C,25,15,125,gamma,aic,3,0.3,3798.2013927655,0.5655204800956588,30.602211075984076,46.601614816691196
C,25,15,125,gamma,aic,3,0.5,4125.036925077148,0.5624672093950294,31.019352284948162,47.09761190450188
C,25,15,125,gamma,aic,3,0.95,5077.57578025311,0.554903716188907,31.96579906640084,48.240479497632826
C,25,15,125,gamma,aic,5,0.3,3798.2013927655,0.5655204800956588,30.602211075984076,46.601614816691196
C,25,15,125,gamma,aic,5,0.5,4125.036925077148,0.5624672093950294,31.019352284948162,47.09761190450188
C,25,15,125,gamma,aic,5,0.95,5077.57578025311,0.554903716188907,31.96579906640084,48.240479497632826
C,25,15,125,gaussian,em,3,0.3,5970.119113755293,0.5507097941359331,32.42912432045929,48.844248402197415
C,25,15,125,gaussian,em,3,0.5,6176.14167922756,0.5491700850921759,32.608698963322894,49.07010410457913
C,25,15,125,gaussian,em,3,0.95,6492.436416100431,0.5470765594258817,32.91555328448503,49.42169673423396
C,25,15,125,gaussian,em,5,0.3,5970.119113755293,0.5507097941359331,32.42912432045929,48.844248402197415
C,25,15,125,gaussian,em,5,0.5,6176.14167922756,0.5491700850921759,32.608698963322894,49.07010410457913
C,25,15,125,gaussian,em,5,0.95,6492.436416100431,0.5470765594258817,32.91555328448503,49.42169673423396
C,25,15,125,gaussian,aic,3,0.3,3782.3932957749794,0.5656996901183845,30.61282349466244,46.59591022595285
C,25,15,125,gaussian,aic,3,0.5,4188.3755270400015,0.561909848785792,31.067589010514826,47.162150392652805
C,25,15,125,gaussian,aic,3,0.95,5074.972224466543,0.5550070972822908,31.969773124000596,48.24043108069139
C,25,15,125,gaussian,aic,5,0.3,3782.3932957749794,0.5656996901183845,30.61282349466244,46.59591022595285
C,25,15,125,gaussian,aic,5,0.5,4188.3755270400015,0.561909848785792,31.067589010514826,47.162150392652805
C,25,15,125,gaussian,aic,5,0.95,5074.972224466543,0.5550070972822908,31.969773124000596,48.24043108069139
C,25,15,125,t,em,3,0.3,3833.1434521479446,0.5653593784207256,30.667047760264087,46.65568629847003
C,25,15,125,t,em,3,0.5,4197.573808670674,0.5620034957159603,31.114949601305387,47.207349857246015
C,25,15,125,t,em,3,0.95,5102.585525048798,0.5548870833074026,32.01614965405447,48.296416944994554
C,25,15,125,t,em,5,0.3,3827.439766640622,0.5652959141309906,30.655768358618452,46.64944819386278
C,25,15,125,t,em,5,0.5,4203.090069730699,0.5618813077913621,31.106365528359355,47.2029784652996
C,25,15,125,t,em,5,0.95,5119.680730092038,0.554740432529131,32.014593555406535,48.297981817183526
C,25,15,125,t,aic,3,0.3,3833.1434521479446,0.5653593784207256,30.667047760264087,46.65568629847003
C,25,15,125,t,aic,3,0.5,4197.573808670674,0.5620034957159603,31.114949601305387,47.207349857246015
C,25,15,125,t,aic,3,0.95,5102.585525048798,0.5548870833074026,32.01614965405447,48.296416944994554
C,25,15,125,t,aic,5,0.3,3827.439766640622,0.5652959141309906,30.655768358618452,46.64944819386278
C,25,15,125,t,aic,5,0.5,4203.090069730699,0.5618813077913621,31.106365528359355,47.2029784652996
C,25,15,125,t,aic,5,0.95,5119.680730092038,0.554740432529131,32.014593555406535,48.297981817183526
C,25,20,115,gamma,em,3,0.3,3826.3988606174535,0.5697041993140874,34.66509193320669,47.03345425893166
C,25,20,115,gamma,em,3,0.5,4217.916804100609,0.5659637340504383,35.11187287852208,47.58482059833767
C,25,20,115,gamma,em,3,0.95,5101.927227769942,0.5583092106109934,36.02903373633096,48.67877589881125
C,25,20,115,gamma,em,5,0.3,3826.3988606174535,0.5697041993140874,34.66509193320669,47.03345425893166
C,25,20,115,gamma,em,5,0.5,4217.916804100609,0.5659637340504383,35.11187287852208,47.58482059833767
C,25,20,115,gamma,em,5,0.95,5101.927227769942,0.5583092106109934,36.02903373633096,48.67877589881125
C,25,20,115,gamma,aic,3,0.3,3616.1771236880895,0.5716920808270628,34.456914052683956,46.77756746939777
C,25,20,115,gamma,aic,3,0.5,3947.1605258097975,0.5681825003372688,34.84981968342875,47.268424250752794
C,25,20,115,gamma,aic,3,0.95,4950.382633134661,0.5594736311433367,35.92195660167604,48.542583306090265
C,25,20,115,gamma,aic,5,0.3,3616.1771236880895,0.5716920808270628,34.456914052683956,46.77756746939777
C,25,20,115,gamma,aic,5,0.5,3947.1605258097975,0.5681825003372688,34.84981968342875,47.268424250752794
C,25,20,115,gamma,aic,5,0.95,4950.382633134661,0.5594736311433367,35.92195660167604,48.542583306090265
C,25,20,115,gaussian,em,3,0.3,5900.0362882055815,0.5546568325180601,36.38800976772106,49.14610656270819
C,25,20,115,gaussian,em,3,0.5,6070.683677922627,0.5532229529722076,36.56745348906149,49.36039153297851
C,25,20,115,gaussian,em,3,0.95,6396.078957670361,0.5506972835653451,36.90756054682985,49.74884304556939
C,25,20,115,gaussian,em,5,0.3,5900.0362882055815,0.5546568325180601,36.38800976772106,49.14610656270819
C,25,20,115,gaussian,em,5,0.5,6070.683677922627,0.5532229529722076,36.56745348906149,49.36039153297851
C,25,20,115,gaussian,em,5,0.95,6396.078957670361,0.5506972835653451,36.90756054682985,49.74884304556939
C,25,20,115,gaussian,aic,3,0.3,3569.689465103393,0.5722210743611338,34.386208256894975,46.690858726986946
C,25,20,115,gaussian,aic,3,0.5,3914.735766998433,0.5684804551262734,34.81485761394518,47.22403114739268
C,25,20,115,gaussian,aic,3,0.95,4925.487062622609,0.5596504421040257,35.90594112102114,48.524909837371766
C,25,20,115,gaussian,aic,5,0.3,3569.689465103393,0.5722210743611338,34.386208256894975,46.690858726986946
C,25,20,115,gaussian,aic,5,0.5,3914.735766998433,0.5684804551262734,34.81485761394518,47.22403114739268
C,25,20,115,gaussian,aic,5,0.95,4925.487062622609,0.5596504421040257,35.90594112102114,48.524909837371766
C,25,20,115,t,em,3,0.3,3566.21286430348,0.572166562054532,34.394164785801166,46.70194407805211
C,25,20,115,t,em,3,0.5,3913.4147648975095,0.5685038296400451,34.8253478685193,47.23168915546827
C,25,20,115,t,em,3,0.95,4921.387159240925,0.5596851455871719,35.91171951870538,48.529010249134885
C,25,20,115,t,em,5,0.3,3681.161447454792,0.5712124076807946,34.494421721612014,46.826705005100266
C,25,20,115,t,em,5,0.5,4043.338083815573,0.5674767010597144,34.937535054061314,47.374054103775805
C,25,20,115,t,em,5,0.95,4978.828215956503,0.5592720799848696,35.952534359338316,48.57603097079232
C,25,20,115,t,aic,3,0.3,3566.21286430348,0.572166562054532,34.394164785801166,46.70194407805211
C,25,20,115,t,aic,3,0.5,3913.4147648975095,0.5685038296400451,34.8253478685193,47.23168915546827
C,25,20,115,t,aic,3,0.95,4921.387159240925,0.5596851455871719,35.91171951870538,48.529010249134885
C,25,20,115,t,aic,5,0.3,3681.161447454792,0.5712124076807946,34.494421721612014,46.826705005100266
C,25,20,115,t,aic,5,0.5,4043.338083815573,0.5674767010597144,34.937535054061314,47.374054103775805
C,25,20,115,t,aic,5,0.95,4978.828215956503,0.5592720799848696,35.952534359338316,48.57603097079232
C,25,20,120,gamma,em,3,0.3,3825.9754421458288,0.5674644545993273,32.58100247507108,46.71179475143808
C,25,20,120,gamma,em,3,0.5,4217.4933856289845,0.5638497522620782,33.027783420386456,47.26697519061636
C,25,20,120,gamma,em,3,0.95,5101.503809298319,0.5564523063226847,33.94494427819534,48.36817306568482
C,25,20,120,gamma,em,5,0.3,3825.9754421458288,0.5674644545993273,32.58100247507108,46.71179475143808
C,25,20,120,gamma,em,5,0.5,4217.4933856289845,0.5638497522620782,33.027783420386456,47.26697519061636
C,25,20,120,gamma,em,5,0.95,5101.503809298319,0.5564523063226847,33.94494427819534,48.36817306568482
C,25,20,120,gamma,aic,3,0.3,3615.7537052164653,0.5693852422698498,32.372824594548334,46.45408466283122
C,25,20,120,gamma,aic,3,0.5,3946.7371073381737,0.5659933345992617,32.765730225293126,46.94833805910636
C,25,20,120,gamma,aic,3,0.95,4949.959214663037,0.5575772061058832,33.83786714354042,48.231063693365805
C,25,20,120,gamma,aic,5,0.3,3615.7537052164653,0.5693852422698498,32.372824594548334,46.45408466283122
C,25,20,120,gamma,aic,5,0.5,3946.7371073381737,0.5659933345992617,32.765730225293126,46.94833805910636
C,25,20,120,gamma,aic,5,0.95,4949.959214663037,0.5575772061058832,33.83786714354042,48.231063693365805
C,25,20,120,gaussian,em,3,0.3,5899.612869733959,0.5529270444139622,34.303920309585436,48.838287597839475
C,25,20,120,gaussian,em,3,0.5,6070.2602594510045,0.5515412666595328,34.48336403092587,49.05399753238067
C,25,20,120,gaussian,em,3,0.95,6395.6555391987395,0.5491001610856364,34.823471088694234,49.44502914127398
C,25,20,120,gaussian,em,5,0.3,5899.612869733959,0.5529270444139622,34.303920309585436,48.838287597839475
C,25,20,120,gaussian,em,5,0.5,6070.2602594510045,0.5515412666595328,34.48336403092587,49.05399753238067
C,25,20,120,gaussian,em,5,0.95,6395.6555391987395,0.5491001610856364,34.823471088694234,49.44502914127398
C,25,20,120,gaussian,aic,3,0.3,3569.2660466317684,0.5698957327208052,32.302118798759366,46.36674143433116
C,25,20,120,gaussian,aic,3,0.5,3914.312348526809,0.5662806492402003,32.73076815580956,46.903625393797405
C,25,20,120,gaussian,aic,3,0.95,4925.063644150985,0.5577479396170771,33.82185166288552,48.213275181462585
C,25,20,120,gaussian,aic,5,0.3,3569.2660466317684,0.5698957327208052,32.302118798759366,46.36674143433116
C,25,20,120,gaussian,aic,5,0.5,3914.312348526809,0.5662806492402003,32.73076815580956,46.903625393797405
C,25,20,120,gaussian,aic,5,0.95,4925.063644150985,0.5577479396170771,33.82185166288552,48.213275181462585
C,25,20,120,t,em,3,0.3,3565.789445831855,0.5698413557303458,32.31007532766555,46.37775896345009
C,25,20,120,t,em,3,0.5,3912.9913464258852,0.5663020611488025,32.74125841038368,46.91124478485037
C,25,20,120,t,em,3,0.95,4920.963740769301,0.5577812429236316,33.82763006056977,48.21735894985027
C,25,20,120,t,em,5,0.3,3680.738028983167,0.5689222075077962,32.4103322634764,46.50353654363979
C,25,20,120,t,em,5,0.5,4042.9146653439493,0.5653119642952776,32.8534455959257,47.05472874742683
C,25,20,120,t,em,5,0.95,4978.404797484879,0.5573830438638978,33.8684449012027,48.26475498520166
C,25,20,120,t,aic,3,0.3,3565.789445831855,0.5698413557303458,32.31007532766555,46.37775896345009
C,25,20,120,t,aic,3,0.5,3912.9913464258852,0.5663020611488025,32.74125841038368,46.91124478485037
C,25,20,120,t,aic,3,0.95,4920.963740769301,0.5577812429236316,33.82763006056977,48.21735894985027
C,25,20,120,t,aic,5,0.3,3680.738028983167,0.5689222075077962,32.4103322634764,46.50353654363979
C,25,20,120,t,aic,5,0.5,4042.9146653439493,0.5653119642952776,32.8534455959257,47.05472874742683
C,25,20,120,t,aic,5,0.95,4978.404797484879,0.5573830438638978,33.8684449012027,48.26475498520166
C,25,20,125,gamma,em,3,0.3,3825.7557413075483,0.565552237480682,30.658366775796036,46.62527116132749
C,25,20,125,gamma,em,3,0.5,4217.273684790705,0.5620457273964141,31.105147721111422,47.18151833681393
C,25,20,125,gamma,em,3,0.95,5101.284108460037,0.5548686227219235,32.022308578920295,48.28469384725666
C,25,20,125,gamma,em,5,0.3,3825.7557413075483,0.565552237480682,30.658366775796036,46.62527116132749
C,25,20,125,gamma,em,5,0.5,4217.273684790705,0.5620457273964141,31.105147721111422,47.18151833681393
C,25,20,125,gamma,em,5,0.95,5101.284108460037,0.5548686227219235,32.022308578920295,48.28469384725666
C,25,20,125,gamma,aic,3,0.3,3615.534004378185,0.5674142462329913,30.4501888952733,46.366974861576686
C,25,20,125,gamma,aic,3,0.5,3946.5174064998937,0.5641235994514011,30.843094526018092,46.86216361240004
C,25,20,125,gamma,aic,3,0.95,4949.739513824757,0.5559593182298836,31.915231444265384,48.147292655073116
C,25,20,125,gamma,aic,5,0.3,3615.534004378185,0.5674142462329913,30.4501888952733,46.366974861576686
C,25,20,125,gamma,aic,5,0.5,3946.5174064998937,0.5641235994514011,30.843094526018092,46.86216361240004
C,25,20,125,gamma,aic,5,0.95,4949.739513824757,0.5559593182298836,31.915231444265384,48.147292655073116
C,25,20,125,gaussian,em,3,0.3,5899.393168895678,0.5514540499211243,32.3812846103104,48.75577409678787
C,25,20,125,gaussian,em,3,0.5,6070.0405586127235,0.5501093255738546,32.56072833165084,48.97185114651833
C,25,20,125,gaussian,em,3,0.95,6395.435838360458,0.547740178177817,32.90083538941919,49.36357457224572
C,25,20,125,gaussian,em,5,0.3,5899.393168895678,0.5514540499211243,32.3812846103104,48.75577409678787
C,25,20,125,gaussian,em,5,0.5,6070.0405586127235,0.5501093255738546,32.56072833165084,48.97185114651833
C,25,20,125,gaussian,em,5,0.95,6395.435838360458,0.547740178177817,32.90083538941919,49.36357457224572
C,25,20,125,gaussian,aic,3,0.3,3569.046345793488,0.5679088065026204,30.379483099484325,46.27943481154049
C,25,20,125,gaussian,aic,3,0.5,3914.092647688528,0.564401796430294,30.80813245653452,46.81735043025142
C,25,20,125,gaussian,aic,3,0.95,4924.843943312704,0.5561247118186878,31.89921596361048,48.1294681733585
C,25,20,125,gaussian,aic,5,0.3,3569.046345793488,0.5679088065026204,30.379483099484325,46.27943481154049
C,25,20,125,gaussian,aic,5,0.5,3914.092647688528,0.564401796430294,30.80813245653452,46.81735043025142
C,25,20,125,gaussian,aic,5,0.95,4924.843943312704,0.5561247118186878,31.89921596361048,48.1294681733585
C,25,20,125,t,em,3,0.3,3565.569744993575,0.5678548579332677,30.387439628390513,46.29035787694446
C,25,20,125,t,em,3,0.5,3912.771645587605,0.5644217067793865,30.818622711108652,46.82490889815175
C,25,20,125,t,em,3,0.95,4920.74403993102,0.5561568520333501,31.90499436129473,48.13352386517242
C,25,20,125,t,em,5,0.3,3680.5183281448867,0.5669659556966764,30.48769656420136,46.41649305427941
C,25,20,125,t,em,5,0.5,4042.6949645056693,0.5634636558202641,30.930809896650658,46.968771129836284
C,25,20,125,t,em,5,0.95,4978.185096646598,0.5557715270532153,31.94580920192766,48.18105664628206
C,25,20,125,t,aic,3,0.3,3565.569744993575,0.5678548579332677,30.387439628390513,46.29035787694446
C,25,20,125,t,aic,3,0.5,3912.771645587605,0.5644217067793865,30.818622711108652,46.82490889815175
C,25,20,125,t,aic,3,0.95,4920.74403993102,0.5561568520333501,31.90499436129473,48.13352386517242
C,25,20,125,t,aic,5,0.3,3680.5183281448867,0.5669659556966764,30.48769656420136,46.41649305427941
C,25,20,125,t,aic,5,0.5,4042.6949645056693,0.5634636558202641,30.930809896650658,46.968771129836284
C,25,20,125,t,aic,5,0.95,4978.185096646598,0.5557715270532153,31.94580920192766,48.18105664628206
C,30,10,115,gamma,em,3,0.3,3850.0543679083494,0.5705887527828096,35.515309615832116,47.789448992105164
C,30,10,115,gamma,em,3,0.5,4261.957988718376,0.5665274450223583,35.97898276944925,48.357865914799575
C,30,10,115,gamma,em,3,0.95,5275.4082705800365,0.5582309474637092,36.966471619061124,49.52021678636318
C,30,10,115,gamma,em,5,0.3,3850.0543679083494,0.5705887527828096,35.515309615832116,47.789448992105164
C,30,10,115,gamma,em,5,0.5,4261.957988718376,0.5665274450223583,35.97898276944925,48.357865914799575
C,30,10,115,gamma,em,5,0.95,5275.4082705800365,0.5582309474637092,36.966471619061124,49.52021678636318
C,30,10,115,gamma,aic,3,0.3,3919.9048253875953,0.5699395901007158,35.57683681804262,47.8694954324477
C,30,10,115,gamma,aic,3,0.5,4296.460051643243,0.566299341666065,36.014253492209704,48.39247463192792
C,30,10,115,gamma,aic,3,0.95,5298.084640028743,0.5580441716135165,36.98585822485479,49.5449644205671
C,30,10,115,gamma,aic,5,0.3,3919.9048253875953,0.5699395901007158,35.57683681804262,47.8694954324477
C,30,10,115,gamma,aic,5,0.5,4296.460051643243,0.566299341666065,36.014253492209704,48.39247463192792
C,30,10,115,gamma,aic,5,0.95,5298.084640028743,0.5580441716135165,36.98585822485479,49.5449644205671
C,30,10,115,gaussian,em,3,0.3,6834.902690841876,0.549756710689517,37.80547063223311,50.58082648751217
C,30,10,115,gaussian,em,3,0.5,6919.509946857795,0.5490923495785863,37.910647815409256,50.70169029620127
C,30,10,115,gaussian,em,3,0.95,7174.536672269441,0.5472852605124551,38.16036252187538,50.98056891030778
C,30,10,115,gaussian,em,5,0.3,6834.902690841876,0.549756710689517,37.80547063223311,50.58082648751217
C,30,10,115,gaussian,em,5,0.5,6919.509946857795,0.5490923495785863,37.910647815409256,50.70169029620127
C,30,10,115,gaussian,em,5,0.95,7174.536672269441,0.5472852605124551,38.16036252187538,50.98056891030778
C,30,10,115,gaussian,aic,3,0.3,4034.564699611778,0.5688394281215593,35.66346396750968,47.99207676047407
C,30,10,115,gaussian,aic,3,0.5,4371.7220942376525,0.5656707128040314,36.08201228988854,48.47737031532616
C,30,10,115,gaussian,aic,3,0.95,5331.6896037923225,0.5578478511722854,37.01551126898248,49.58224070953236
C,30,10,115,gaussian,aic,5,0.3,4034.564699611778,0.5688394281215593,35.66346396750968,47.99207676047407
C,30,10,115,gaussian,aic,5,0.5,4371.7220942376525,0.5656707128040314,36.08201228988854,48.47737031532616
C,30,10,115,gaussian,aic,5,0.95,5331.6896037923225,0.5578478511722854,37.01551126898248,49.58224070953236
C,30,10,115,t,em,3,0.3,3892.6713212255513,0.5700916302026879,35.51130233075982,47.79884181977742
C,30,10,115,t,em,3,0.5,4321.73446514826,0.5659563863069969,35.97986870981906,48.37879272634797
C,30,10,115,t,em,3,0.95,5336.347541953804,0.5577490175419337,36.98022470702951,49.54557187905978
C,30,10,115,t,em,5,0.3,3889.3740681870318,0.5700409966850541,35.50420091966616,47.790925352923956
C,30,10,115,t,em,5,0.5,4303.257994905825,0.5662042407454894,35.96154157692195,48.35194614126693
C,30,10,115,t,em,5,0.95,5290.336783611174,0.5581288106326211,36.965142577892934,49.52264456414253
C,30,10,115,t,aic,3,0.3,3892.6713212255513,0.5700916302026879,35.51130233075982,47.79884181977742
C,30,10,115,t,aic,3,0.5,4321.73446514826,0.5659563863069969,35.97986870981906,48.37879272634797
C,30,10,115,t,aic,3,0.95,5336.347541953804,0.5577490175419337,36.98022470702951,49.54557187905978
C,30,10,115,t,aic,5,0.3,3889.3740681870318,0.5700409966850541,35.50420091966616,47.790925352923956
C,30,10,115,t,aic,5,0.5,4303.257994905825,0.5662042407454894,35.96154157692195,48.35194614126693
C,30,10,115,t,aic,5,0.95,5290.336783611174,0.5581288106326211,36.965142577892934,49.52264456414253
C,30,10,120,gamma,em,3,0.3,3849.6530448193544,0.5684114858802684,33.530651859167115,47.488528352021866
C,30,10,120,gamma,em,3,0.5,4261.556665629381,0.564481885295147,33.99432501278426,48.0606628899124
C,30,10,120,gamma,em,3,0.95,5275.0069474910415,0.5564528413695264,34.981813862396116,49.2302402574317
C,30,10,120,gamma,em,5,0.3,3849.6530448193544,0.5684114858802684,33.530651859167115,47.488528352021866
C,30,10,120,gamma,em,5,0.5,4261.556665629381,0.564481885295147,33.99432501278426,48.0606628899124
C,30,10,120,gamma,em,5,0.95,5275.0069474910415,0.5564528413695264,34.981813862396116,49.2302402574317
C,30,10,120,gamma,aic,3,0.3,3919.5035022986,0.5677828031796719,33.592179061377614,47.56902492212288
C,30,10,120,gamma,aic,3,0.5,4296.05872855425,0.5642607365500799,34.0295957355447,48.09543520727906
C,30,10,120,gamma,aic,3,0.95,5297.683316939749,0.5562719973751894,35.001200468189786,49.255109417827455
C,30,10,120,gamma,aic,5,0.3,3919.5035022986,0.5677828031796719,33.592179061377614,47.56902492212288
C,30,10,120,gamma,aic,5,0.5,4296.05872855425,0.5642607365500799,34.0295957355447,48.09543520727906
C,30,10,120,gamma,aic,5,0.95,5297.683316939749,0.5562719973751894,35.001200468189786,49.255109417827455
C,30,10,120,gaussian,em,3,0.3,6834.501367752882,0.5482665983946207,35.8208128755681,50.298316049090104
C,30,10,120,gaussian,em,3,0.5,6919.108623768801,0.5476218471046597,35.92599005874425,50.41972646848542
C,30,10,120,gaussian,em,3,0.95,7174.1353491804475,0.5458682184319723,36.17570476521038,50.699875713723465
C,30,10,120,gaussian,em,5,0.3,6834.501367752882,0.5482665983946207,35.8208128755681,50.298316049090104
C,30,10,120,gaussian,em,5,0.5,6919.108623768801,0.5476218471046597,35.92599005874425,50.41972646848542
C,30,10,120,gaussian,em,5,0.95,7174.1353491804475,0.5458682184319723,36.17570476521038,50.699875713723465
C,30,10,120,gaussian,aic,3,0.3,4034.163376522784,0.5667180751741091,33.67880621084466,47.69250038536346
C,30,10,120,gaussian,aic,3,0.5,4371.320771148658,0.5636525272614519,34.09735453322354,48.180936388165925
C,30,10,120,gaussian,aic,3,0.95,5331.288280703329,0.5560818142579481,35.03085351231748,49.292639530154545
C,30,10,120,gaussian,aic,5,0.3,4034.163376522784,0.5667180751741091,33.67880621084466,47.69250038536346
C,30,10,120,gaussian,aic,5,0.5,4371.320771148658,0.5636525272614519,34.09735453322354,48.180936388165925
C,30,10,120,gaussian,aic,5,0.95,5331.288280703329,0.5560818142579481,35.03085351231748,49.292639530154545
C,30,10,120,t,em,3,0.3,3892.2699981365563,0.5679356673572672,33.52664457409482,47.49856376532224
C,30,10,120,t,em,3,0.5,4321.333142059266,0.5639326948775427,33.99521095315406,48.08212884334332
C,30,10,120,t,em,3,0.95,5335.94621886481,0.5559878757896571,34.995566950364505,49.25593853306809
C,30,10,120,t,em,5,0.3,3888.9727450980367,0.5678872826742537,33.51954316300116,47.490574596454806
C,30,10,120,t,em,5,0.5,4302.856671816831,0.5641733528244203,33.97688382025695,48.05508036507683
C,30,10,120,t,em,5,0.95,5289.93546052218,0.5563560104098896,34.98048482122793,49.23285105581938
C,30,10,120,t,aic,3,0.3,3892.2699981365563,0.5679356673572672,33.52664457409482,47.49856376532224
C,30,10,120,t,aic,3,0.5,4321.333142059266,0.5639326948775427,33.99521095315406,48.08212884334332
C,30,10,120,t,aic,3,0.95,5335.94621886481,0.5559878757896571,34.995566950364505,49.25593853306809
C,30,10,120,t,aic,5,0.3,3888.9727450980367,0.5678872826742537,33.51954316300116,47.490574596454806
C,30,10,120,t,aic,5,0.5,4302.856671816831,0.5641733528244203,33.97688382025695,48.05508036507683
C,30,10,120,t,aic,5,0.95,5289.93546052218,0.5563560104098896,34.98048482122793,49.23285105581938
C,30,10,125,gamma,em,3,0.3,3849.4473201346614,0.5665842914496076,31.707297445891225,47.40879892767682
C,30,10,125,gamma,em,3,0.5,4261.350940944688,0.5627642146456838,32.170970599508365,47.982015245598575
C,30,10,125,gamma,em,3,0.95,5274.801222806348,0.5549584756661384,33.15845944912023,49.15365867332525
C,30,10,125,gamma,em,5,0.3,3849.4473201346614,0.5665842914496076,31.707297445891225,47.40879892767682
C,30,10,125,gamma,em,5,0.5,4261.350940944688,0.5627642146456838,32.170970599508365,47.982015245598575
C,30,10,125,gamma,em,5,0.95,5274.801222806348,0.5549584756661384,33.15845944912023,49.15365867332525
C,30,10,125,gamma,aic,3,0.3,3919.2977776139064,0.5659734137276609,31.768824648101734,47.489428589026645
C,30,10,125,gamma,aic,3,0.5,4295.853003869555,0.5625493618488581,32.20624132226882,48.01683248131182
C,30,10,125,gamma,aic,3,0.95,5297.477592255055,0.5547827527478291,33.1778460549139,49.17855857359318
C,30,10,125,gamma,aic,5,0.3,3919.2977776139064,0.5659734137276609,31.768824648101734,47.489428589026645
C,30,10,125,gamma,aic,5,0.5,4295.853003869555,0.5625493618488581,32.20624132226882,48.01683248131182
C,30,10,125,gamma,aic,5,0.95,5297.477592255055,0.5547827527478291,33.1778460549139,49.17855857359318
C,30,10,125,gaussian,em,3,0.3,6834.295643068188,0.5470044808206178,33.997458462292215,50.224455792424
C,30,10,125,gaussian,em,3,0.5,6918.902899084106,0.546376989642559,34.10263564546837,50.345924961960606
C,30,10,125,gaussian,em,3,0.95,7173.929624495753,0.5446703678478264,34.3523503519345,50.626243204889946
C,30,10,125,gaussian,em,5,0.3,6834.295643068188,0.5470044808206178,33.997458462292215,50.224455792424
C,30,10,125,gaussian,em,5,0.5,6918.902899084106,0.546376989642559,34.10263564546837,50.345924961960606
C,30,10,125,gaussian,em,5,0.95,7173.929624495753,0.5446703678478264,34.3523503519345,50.626243204889946
C,30,10,125,gaussian,aic,3,0.3,4033.95765183809,0.5649378582311295,31.855451797568783,47.61318771046399
C,30,10,125,gaussian,aic,3,0.5,4371.115046463965,0.5619579444099356,32.274000119947644,48.102525561350575
C,30,10,125,gaussian,aic,3,0.95,5331.082556018635,0.5545976484390842,33.207499099041584,49.21616902187244
C,30,10,125,gaussian,aic,5,0.3,4033.95765183809,0.5649378582311295,31.855451797568783,47.61318771046399
C,30,10,125,gaussian,aic,5,0.5,4371.115046463965,0.5619579444099356,32.274000119947644,48.102525561350575
C,30,10,125,gaussian,aic,5,0.95,5331.082556018635,0.5545976484390842,33.207499099041584,49.21616902187244
C,30,10,125,t,em,3,0.3,3892.0642734518638,0.5661234839493797,31.703290160818927,47.41930177483814
C,30,10,125,t,em,3,0.5,4321.127417374572,0.5622313795953353,32.17185653987817,48.00383542269945
C,30,10,125,t,em,3,0.95,5335.740494180116,0.5545066989470485,33.172212537088626,49.179549392412284
C,30,10,125,t,em,5,0.3,3888.767020413342,0.566076851246386,31.69618874972528,47.411287120019246
C,30,10,125,t,em,5,0.5,4302.650947132138,0.5624659964115553,32.153529406981065,47.97672063050932
C,30,10,125,t,em,5,0.95,5289.729735837487,0.5548651494680051,33.157130407952046,49.15641062571232
C,30,10,125,t,aic,3,0.3,3892.0642734518638,0.5661234839493797,31.703290160818927,47.41930177483814
C,30,10,125,t,aic,3,0.5,4321.127417374572,0.5622313795953353,32.17185653987817,48.00383542269945
C,30,10,125,t,aic,3,0.95,5335.740494180116,0.5545066989470485,33.172212537088626,49.179549392412284
C,30,10,125,t,aic,5,0.3,3888.767020413342,0.566076851246386,31.69618874972528,47.411287120019246
C,30,10,125,t,aic,5,0.5,4302.650947132138,0.5624659964115553,32.153529406981065,47.97672063050932
C,30,10,125,t,aic,5,0.95,5289.729735837487,0.5548651494680051,33.157130407952046,49.15641062571232
C,30,15,115,gamma,em,3,0.3,3841.8680149130646,0.5708697462393764,35.4283568490629,47.70365593998634
C,30,15,115,gamma,em,3,0.5,4261.378088397452,0.5666732248555693,35.9298954139526,48.305928284308536
C,30,15,115,gamma,em,3,0.95,5261.470645580805,0.558412347773153,36.941526440896936,49.48850197348046
C,30,15,115,gamma,em,5,0.3,3841.8680149130646,0.5708697462393764,35.4283568490629,47.70365593998634
C,30,15,115,gamma,em,5,0.5,4261.378088397452,0.5666732248555693,35.9298954139526,48.305928284308536
C,30,15,115,gamma,em,5,0.95,5261.470645580805,0.558412347773153,36.941526440896936,49.48850197348046
C,30,15,115,gamma,aic,3,0.3,3700.428821327684,0.5722992664388872,35.31241015383879,47.54208313206375
C,30,15,115,gamma,aic,3,0.5,4118.551016376522,0.5679344227003572,35.8011517785796,48.14269145058136
C,30,15,115,gamma,aic,3,0.95,5202.572297130073,0.5587348013310396,36.88995216428519,49.42807930546803
C,30,15,115,gamma,aic,5,0.3,3700.428821327684,0.5722992664388872,35.31241015383879,47.54208313206375
C,30,15,115,gamma,aic,5,0.5,4118.551016376522,0.5679344227003572,35.8011517785796,48.14269145058136
C,30,15,115,gamma,aic,5,0.95,5202.572297130073,0.5587348013310396,36.88995216428519,49.42807930546803
C,30,15,115,gaussian,em,3,0.3,6349.153989317584,0.5535442508993065,37.724235148141425,50.365583605271055
C,30,15,115,gaussian,em,3,0.5,6491.646160105947,0.5522103783968297,37.877551836622374,50.5441573260173
C,30,15,115,gaussian,em,3,0.95,6869.565109375801,0.5493000687110685,38.144786804522504,50.88818794543194
C,30,15,115,gaussian,em,5,0.3,6349.153989317584,0.5535442508993065,37.724235148141425,50.365583605271055
C,30,15,115,gaussian,em,5,0.5,6491.646160105947,0.5522103783968297,37.877551836622374,50.5441573260173
C,30,15,115,gaussian,em,5,0.95,6869.565109375801,0.5493000687110685,38.144786804522504,50.88818794543194
C,30,15,115,gaussian,aic,3,0.3,3802.0920381885253,0.5711959969566036,35.4025225639219,47.65924946613477
C,30,15,115,gaussian,aic,3,0.5,4205.415472730921,0.567085358881838,35.87021569855318,48.2300214564102
C,30,15,115,gaussian,aic,3,0.95,5240.242908560046,0.5584238037418409,36.92825368325826,49.46991593824827
C,30,15,115,gaussian,aic,5,0.3,3802.0920381885253,0.5711959969566036,35.4025225639219,47.65924946613477
C,30,15,115,gaussian,aic,5,0.5,4205.415472730921,0.567085358881838,35.87021569855318,48.2300214564102
C,30,15,115,gaussian,aic,5,0.95,5240.242908560046,0.5584238037418409,36.92825368325826,49.46991593824827
C,30,15,115,t,em,3,0.3,3686.607436583437,0.5724230480790398,35.296988223039136,47.52097423357651
C,30,15,115,t,em,3,0.5,4113.72895053147,0.5679909441703128,35.793669820065745,48.1351159672697
C,30,15,115,t,em,3,0.95,5188.003639839875,0.5588600379498606,36.88009237859486,49.41357349226067
C,30,15,115,t,em,5,0.3,3781.831209707241,0.5713347892464447,35.438195679736225,47.68813910498248
C,30,15,115,t,em,5,0.5,4194.666062677146,0.5671246162737973,35.900700381137156,48.26367416627426
C,30,15,115,t,em,5,0.95,5245.0377898415,0.5584319299517452,36.92510338542926,49.471376793028135
C,30,15,115,t,aic,3,0.3,3686.607436583437,0.5724230480790398,35.296988223039136,47.52097423357651
C,30,15,115,t,aic,3,0.5,4113.72895053147,0.5679909441703128,35.793669820065745,48.1351159672697
C,30,15,115,t,aic,3,0.95,5188.003639839875,0.5588600379498606,36.88009237859486,49.41357349226067
C,30,15,115,t,aic,5,0.3,3781.831209707241,0.5713347892464447,35.438195679736225,47.68813910498248
C,30,15,115,t,aic,5,0.5,4194.666062677146,0.5671246162737973,35.900700381137156,48.26367416627426
C,30,15,115,t,aic,5,0.95,5245.0377898415,0.5584319299517452,36.92510338542926,49.471376793028135
C,30,15,120,gamma,em,3,0.3,3841.46669182407,0.5686889561262072,33.44369909239789,47.40268750960772
C,30,15,120,gamma,em,3,0.5,4260.976765308459,0.5646268498915739,33.9452376572876,48.00876768125604
C,30,15,120,gamma,em,3,0.95,5261.069322491812,0.5566299697505227,34.956868684231935,49.19852893068342
C,30,15,120,gamma,em,5,0.3,3841.46669182407,0.5686889561262072,33.44369909239789,47.40268750960772
C,30,15,120,gamma,em,5,0.5,4260.976765308459,0.5646268498915739,33.9452376572876,48.00876768125604
C,30,15,120,gamma,em,5,0.95,5261.069322491812,0.5566299697505227,34.956868684231935,49.19852893068342
C,30,15,120,gamma,aic,3,0.3,3700.02749823869,0.5700727410477839,33.32775239717379,47.239941706638504
C,30,15,120,gamma,aic,3,0.5,4118.149693287528,0.5658476069682424,33.81649402191461,47.84437271678623
C,30,15,120,gamma,aic,3,0.95,5202.170974041079,0.5569425568769314,34.9052944076202,49.13769502312988
C,30,15,120,gamma,aic,5,0.3,3700.02749823869,0.5700727410477839,33.32775239717379,47.239941706638504
C,30,15,120,gamma,aic,5,0.5,4118.149693287528,0.5658476069682424,33.81649402191461,47.84437271678623
C,30,15,120,gamma,aic,5,0.95,5202.170974041079,0.5569425568769314,34.9052944076202,49.13769502312988
C,30,15,120,gaussian,em,3,0.3,6348.752666228592,0.5519130345117995,35.73957739147643,50.07990305425055
C,30,15,120,gaussian,em,3,0.5,6491.244837016954,0.5506236037428023,35.89289407995738,50.25968075148296
C,30,15,120,gaussian,em,3,0.95,6869.1637862868065,0.5478089870255104,36.16012904785751,50.60595544391544
C,30,15,120,gaussian,em,5,0.3,6348.752666228592,0.5519130345117995,35.73957739147643,50.07990305425055
C,30,15,120,gaussian,em,5,0.5,6491.244837016954,0.5506236037428023,35.89289407995738,50.25968075148296
C,30,15,120,gaussian,em,5,0.95,6869.1637862868065,0.5478089870255104,36.16012904785751,50.60595544391544
C,30,15,120,gaussian,aic,3,0.3,3801.6907150995307,0.5690046699015364,33.4178648072569,47.35781581171528
C,30,15,120,gaussian,aic,3,0.5,4205.0141496419255,0.5650258259589972,33.88555794188818,47.93223961308693
C,30,15,120,gaussian,aic,3,0.95,5239.841585471052,0.5566411542556259,34.94359592659326,49.17976223108517
C,30,15,120,gaussian,aic,5,0.3,3801.6907150995307,0.5690046699015364,33.4178648072569,47.35781581171528
C,30,15,120,gaussian,aic,5,0.5,4205.0141496419255,0.5650258259589972,33.88555794188818,47.93223961308693
C,30,15,120,gaussian,aic,5,0.95,5239.841585471052,0.5566411542556259,34.94359592659326,49.17976223108517
C,30,15,120,t,em,3,0.3,3686.2061134944415,0.5701924655944316,33.31233046637415,47.218687713867446
C,30,15,120,t,em,3,0.5,4113.327627442476,0.5659022676028654,33.80901206340074,47.836750401972246
C,30,15,120,t,em,3,0.95,5187.602316750882,0.5570637441492692,34.89543462192986,49.12309693016914
C,30,15,120,t,em,5,0.3,3781.429886618246,0.5691347357272798,33.45353792307123,47.38651695230428
C,30,15,120,t,em,5,0.5,4194.264739588152,0.565060208107455,33.916042624472155,47.96580923499944
C,30,15,120,t,em,5,0.95,5244.636466752507,0.5566474428998317,34.94044562876426,49.18110973691453
C,30,15,120,t,aic,3,0.3,3686.2061134944415,0.5701924655944316,33.31233046637415,47.218687713867446
C,30,15,120,t,aic,3,0.5,4113.327627442476,0.5659022676028654,33.80901206340074,47.836750401972246
C,30,15,120,t,aic,3,0.95,5187.602316750882,0.5570637441492692,34.89543462192986,49.12309693016914
C,30,15,120,t,aic,5,0.3,3781.429886618246,0.5691347357272798,33.45353792307123,47.38651695230428
C,30,15,120,t,aic,5,0.5,4194.264739588152,0.565060208107455,33.916042624472155,47.96580923499944
C,30,15,120,t,aic,5,0.95,5244.636466752507,0.5566474428998317,34.94044562876426,49.18110973691453
C,30,15,125,gamma,em,3,0.3,3841.2609671393775,0.5668562650318982,31.620344679122013,47.32319315302227
C,30,15,125,gamma,em,3,0.5,4260.771040623766,0.5629066763516603,32.12188324401171,47.930305786729406
C,30,15,125,gamma,em,3,0.95,5260.863597807118,0.5551311739726491,33.13351427095605,49.12203717840872
C,30,15,125,gamma,em,5,0.3,3841.2609671393775,0.5668562650318982,31.620344679122013,47.32319315302227
C,30,15,125,gamma,em,5,0.5,4260.771040623766,0.5629066763516603,32.12188324401171,47.930305786729406
C,30,15,125,gamma,em,5,0.95,5260.863597807118,0.5551311739726491,33.13351427095605,49.12203717840872
C,30,15,125,gamma,aic,3,0.3,3699.821773553996,0.5682023733152153,31.5043979838979,47.16008285209274
C,30,15,125,gamma,aic,3,0.5,4117.943968602833,0.5640939929988914,31.993139608638717,47.765549732760775
C,30,15,125,gamma,aic,3,0.95,5201.965249356385,0.5554355183478649,33.0819399943443,49.061076855510024
C,30,15,125,gamma,aic,5,0.3,3699.821773553996,0.5682023733152153,31.5043979838979,47.16008285209274
C,30,15,125,gamma,aic,5,0.5,4117.943968602833,0.5640939929988914,31.993139608638717,47.765549732760775
C,30,15,125,gamma,aic,5,0.95,5201.965249356385,0.5554355183478649,33.0819399943443,49.061076855510024
C,30,15,125,gaussian,em,3,0.3,6348.546941543897,0.5505452654897086,33.91622297820053,50.00428642573886
C,30,15,125,gaussian,em,3,0.5,6491.03911233226,0.5492921141463538,34.069539666681486,50.184443572984044
C,30,15,125,gaussian,em,3,0.95,6868.958061602112,0.5465558284354373,34.336774634581616,50.53142549051835
C,30,15,125,gaussian,em,5,0.3,6348.546941543897,0.5505452654897086,33.91622297820053,50.00428642573886
C,30,15,125,gaussian,em,5,0.5,6491.03911233226,0.5492921141463538,34.069539666681486,50.184443572984044
C,30,15,125,gaussian,em,5,0.95,6868.958061602112,0.5465558284354373,34.336774634581616,50.53142549051835
C,30,15,125,gaussian,aic,3,0.3,3801.4849904148373,0.5671640118632386,31.59451039398101,47.27814075167653
C,30,15,125,gaussian,aic,3,0.5,4204.808424957233,0.5632952409545858,32.06220352861229,47.85356748542431
C,30,15,125,gaussian,aic,3,0.95,5239.6358607863585,0.5551423963550037,33.120241513317374,49.10320297340842
C,30,15,125,gaussian,aic,5,0.3,3801.4849904148373,0.5671640118632386,31.59451039398101,47.27814075167653
C,30,15,125,gaussian,aic,5,0.5,4204.808424957233,0.5632952409545858,32.06220352861229,47.85356748542431
C,30,15,125,gaussian,aic,5,0.95,5239.6358607863585,0.5551423963550037,33.120241513317374,49.10320297340842
C,30,15,125,t,em,3,0.3,3686.000388809749,0.5683187206643248,31.488976053098252,47.13878445753652
C,30,15,125,t,em,3,0.5,4113.121902757783,0.564147137160654,31.985657650124857,47.75791338764451
C,30,15,125,t,em,3,0.95,5187.396592066188,0.555553375626449,33.07208020865397,49.046451003180245
C,30,15,125,t,em,5,0.3,3781.2241619335523,0.5672884905364907,31.63018350979534,47.30658510700617
C,30,15,125,t,em,5,0.5,4194.059014903458,0.5633269210965878,32.09268821119626,47.88695025607969
C,30,15,125,t,em,5,0.95,5244.430742067812,0.5551477943475049,33.11709121548837,49.10444782223901
C,30,15,125,t,aic,3,0.3,3686.000388809749,0.5683187206643248,31.488976053098252,47.13878445753652
C,30,15,125,t,aic,3,0.5,4113.121902757783,0.564147137160654,31.985657650124857,47.75791338764451
C,30,15,125,t,aic,3,0.95,5187.396592066188,0.555553375626449,33.07208020865397,49.046451003180245
C,30,15,125,t,aic,5,0.3,3781.2241619335523,0.5672884905364907,31.63018350979534,47.30658510700617
C,30,15,125,t,aic,5,0.5,4194.059014903458,0.5633269210965878,32.09268821119626,47.88695025607969
C,30,15,125,t,aic,5,0.95,5244.430742067812,0.5551477943475049,33.11709121548837,49.10444782223901
C,30,20,115,gamma,em,3,0.3,3902.87560678945,0.5701546705836906,35.49045573774855,47.77543850758974
C,30,20,115,gamma,em,3,0.5,4252.096709441472,0.5667313375723837,35.93679999559188,48.301426602435
C,30,20,115,gamma,em,3,0.95,5223.230703370436,0.5587630785694346,36.89856737663594,49.437365157275345
C,30,20,115,gamma,em,5,0.3,3902.87560678945,0.5701546705836906,35.49045573774855,47.77543850758974
C,30,20,115,gamma,em,5,0.5,4252.096709441472,0.5667313375723837,35.93679999559188,48.301426602435
C,30,20,115,gamma,em,5,0.95,5223.230703370436,0.5587630785694346,36.89856737663594,49.437365157275345
C,30,20,115,gamma,aic,3,0.3,3817.1706326576154,0.5711766710252795,35.40095548470051,47.66060782874612
C,30,20,115,gamma,aic,3,0.5,4212.493604100201,0.5671538622014811,35.88270472249566,48.234808851549474
C,30,20,115,gamma,aic,3,0.95,5240.827122360922,0.5587517592661226,36.90769588389194,49.455409115550296
C,30,20,115,gamma,aic,5,0.3,3817.1706326576154,0.5711766710252795,35.40095548470051,47.66060782874612
C,30,20,115,gamma,aic,5,0.5,4212.493604100201,0.5671538622014811,35.88270472249566,48.234808851549474
C,30,20,115,gamma,aic,5,0.95,5240.827122360922,0.5587517592661226,36.90769588389194,49.455409115550296
C,30,20,115,gaussian,em,3,0.3,4694.777662956546,0.5633806713222351,36.55911453887946,48.94735797126539
C,30,20,115,gaussian,em,3,0.5,4919.450927953708,0.561464844542971,36.79845501901715,49.2275721505719
C,30,20,115,gaussian,em,3,0.95,5648.5245951041925,0.5561282210778385,37.39701363522235,49.96246436336338
C,30,20,115,gaussian,em,5,0.3,4694.777662956546,0.5633806713222351,36.55911453887946,48.94735797126539
C,30,20,115,gaussian,em,5,0.5,4919.450927953708,0.561464844542971,36.79845501901715,49.2275721505719
C,30,20,115,gaussian,em,5,0.95,5648.5245951041925,0.5561282210778385,37.39701363522235,49.96246436336338
C,30,20,115,gaussian,aic,3,0.3,3890.1367873582894,0.5700874248062966,35.52484945296932,47.80452912117958
C,30,20,115,gaussian,aic,3,0.5,4283.278298276086,0.5663907604094083,35.99864466480785,48.372940897661145
C,30,20,115,gaussian,aic,3,0.95,5304.170054724188,0.5581973537809642,36.96413035622323,49.526194456663895
C,30,20,115,gaussian,aic,5,0.3,3890.1367873582894,0.5700874248062966,35.52484945296932,47.80452912117958
C,30,20,115,gaussian,aic,5,0.5,4283.278298276086,0.5663907604094083,35.99864466480785,48.372940897661145
C,30,20,115,gaussian,aic,5,0.95,5304.170054724188,0.5581973537809642,36.96413035622323,49.526194456663895
C,30,20,115,t,em,3,0.3,3729.981086114641,0.5718390009459492,35.33167500384159,47.56738647999078
C,30,20,115,t,em,3,0.5,4153.765896621327,0.5675119194337276,35.84596501320192,48.1846465623596
C,30,20,115,t,em,3,0.95,5203.6151831544175,0.5589245989952912,36.87920524832258,49.41571294351772
C,30,20,115,t,em,5,0.3,3735.261076031581,0.57171891526436,35.343355668120594,47.57815233028097
C,30,20,115,t,em,5,0.5,4155.0833501677835,0.5675112013599956,35.859666527296426,48.19669347861793
C,30,20,115,t,em,5,0.95,5214.624802000109,0.5588621118504974,36.88289615206117,49.4217668471304
C,30,20,115,t,aic,3,0.3,3729.981086114641,0.5718390009459492,35.33167500384159,47.56738647999078
C,30,20,115,t,aic,3,0.5,4153.765896621327,0.5675119194337276,35.84596501320192,48.1846465623596
C,30,20,115,t,aic,3,0.95,5203.6151831544175,0.5589245989952912,36.87920524832258,49.41571294351772
C,30,20,115,t,aic,5,0.3,3735.261076031581,0.57171891526436,35.343355668120594,47.57815233028097
C,30,20,115,t,aic,5,0.5,4155.0833501677835,0.5675112013599956,35.859666527296426,48.19669347861793
C,30,20,115,t,aic,5,0.95,5214.624802000109,0.5588621118504974,36.88289615206117,49.4217668471304
C,30,20,120,gamma,em,3,0.3,3902.474283700456,0.5679972242063419,33.505797981083546,47.47500867620668
C,30,20,120,gamma,em,3,0.5,4251.695386352478,0.564684535287431,33.95214223892688,48.00432625642346
C,30,20,120,gamma,em,3,0.95,5222.829380281442,0.5569712560799311,34.91390961997094,49.147118736389636
C,30,20,120,gamma,em,5,0.3,3902.474283700456,0.5679972242063419,33.505797981083546,47.47500867620668
C,30,20,120,gamma,em,5,0.5,4251.695386352478,0.564684535287431,33.95214223892688,48.00432625642346
C,30,20,120,gamma,em,5,0.95,5222.829380281442,0.5569712560799311,34.91390961997094,49.147118736389636
C,30,20,120,gamma,aic,3,0.3,3816.7693095686204,0.5689905942006306,33.41629772803551,47.35930889769373
C,30,20,120,gamma,aic,3,0.5,4212.092281011207,0.5650962186414715,33.89804696583066,47.93722279775979
C,30,20,120,gamma,aic,3,0.95,5240.425799271928,0.5569609810604756,34.923038127226945,49.165284745911535
C,30,20,120,gamma,aic,5,0.3,3816.7693095686204,0.5689905942006306,33.41629772803551,47.35930889769373
C,30,20,120,gamma,aic,5,0.5,4212.092281011207,0.5650962186414715,33.89804696583066,47.93722279775979
C,30,20,120,gamma,aic,5,0.95,5240.425799271928,0.5569609810604756,34.923038127226945,49.165284745911535
C,30,20,120,gaussian,em,3,0.3,4694.376339867551,0.5614429881290615,34.57445678221446,48.65444761362717
C,30,20,120,gaussian,em,3,0.5,4919.049604864713,0.5595881073919002,34.81379726235214,48.93627788098793
C,30,20,120,gaussian,em,3,0.95,5648.123272015199,0.5544214989856702,35.41235587855735,49.6754450224488
C,30,20,120,gaussian,em,5,0.3,4694.376339867551,0.5614429881290615,34.57445678221446,48.65444761362717
C,30,20,120,gaussian,em,5,0.5,4919.049604864713,0.5595881073919002,34.81379726235214,48.93627788098793
C,30,20,120,gaussian,em,5,0.95,5648.123272015199,0.5544214989856702,35.41235587855735,49.6754450224488
C,30,20,120,gaussian,aic,3,0.3,3889.7354642692953,0.5679337993319538,33.54019169630431,47.50392941491865
C,30,20,120,gaussian,aic,3,0.5,4282.876975187091,0.5643551854060741,34.01398690814284,48.076014510414204
C,30,20,120,gaussian,aic,3,0.95,5303.768731635195,0.5564235201700267,34.97947259955823,49.23638661816997
C,30,20,120,gaussian,aic,5,0.3,3889.7354642692953,0.5679337993319538,33.54019169630431,47.50392941491865
C,30,20,120,gaussian,aic,5,0.5,4282.876975187091,0.5643551854060741,34.01398690814284,48.076014510414204
C,30,20,120,gaussian,aic,5,0.95,5303.768731635195,0.5564235201700267,34.97947259955823,49.23638661816997
C,30,20,120,t,em,3,0.3,3729.579763025648,0.5696278130815888,33.34701724717658,47.265276142425805
C,30,20,120,t,em,3,0.5,4153.3645735323325,0.5654400340410874,33.86130725653692,47.88658789584245
C,30,20,120,t,em,3,0.95,5203.213860065423,0.5571270129096132,34.894547491657576,49.1252524235587
C,30,20,120,t,em,5,0.3,3734.859752942586,0.5695117617664536,33.35869791145559,47.27611198783624
C,30,20,120,t,em,5,0.5,4154.682027078789,0.5654393346210769,33.875008770631425,47.89871582657584
C,30,20,120,t,em,5,0.95,5214.223478911115,0.5570666356287529,34.89823839539616,49.13134449387377
C,30,20,120,t,aic,3,0.3,3729.579763025648,0.5696278130815888,33.34701724717658,47.265276142425805
C,30,20,120,t,aic,3,0.5,4153.3645735323325,0.5654400340410874,33.86130725653692,47.88658789584245
C,30,20,120,t,aic,3,0.95,5203.213860065423,0.5571270129096132,34.894547491657576,49.1252524235587
C,30,20,120,t,aic,5,0.3,3734.859752942586,0.5695117617664536,33.35869791145559,47.27611198783624
C,30,20,120,t,aic,5,0.5,4154.682027078789,0.5654393346210769,33.875008770631425,47.89871582657584
C,30,20,120,t,aic,5,0.95,5214.223478911115,0.5570666356287529,34.89823839539616,49.13134449387377
C,30,20,125,gamma,em,3,0.3,3902.268559015762,0.5661835982330602,31.68244356780766,47.39570575899827
C,30,20,125,gamma,em,3,0.5,4251.489661667784,0.5629633390171858,32.128787825650996,47.92593672653358
C,30,20,125,gamma,em,3,0.95,5222.623655596748,0.5554641320852965,33.09055520669505,49.070585633567134
C,30,20,125,gamma,em,5,0.3,3902.268559015762,0.5661835982330602,31.68244356780766,47.39570575899827
C,30,20,125,gamma,em,5,0.5,4251.489661667784,0.5629633390171858,32.128787825650996,47.92593672653358
C,30,20,125,gamma,em,5,0.95,5222.623655596748,0.5554641320852965,33.09055520669505,49.070585633567134
C,30,20,125,gamma,aic,3,0.3,3816.5635848839265,0.5671527295902344,31.592943314759623,47.27973060169397
C,30,20,125,gamma,aic,3,0.5,4211.886556326513,0.5633656321442774,32.07469255255478,47.85868083137093
C,30,20,125,gamma,aic,3,0.95,5240.220074587234,0.5554546222017056,33.09968371395105,49.088791039675144
C,30,20,125,gamma,aic,5,0.3,3816.5635848839265,0.5671527295902344,31.592943314759623,47.27973060169397
C,30,20,125,gamma,aic,5,0.5,4211.886556326513,0.5633656321442774,32.07469255255478,47.85868083137093
C,30,20,125,gamma,aic,5,0.95,5240.220074587234,0.5554546222017056,33.09968371395105,49.088791039675144
C,30,20,125,gaussian,em,3,0.3,4694.1706151828585,0.5598126366062918,32.75110236893857,48.5773678011251
C,30,20,125,gaussian,em,3,0.5,4918.843880180019,0.5580091686725611,32.99044284907626,48.85959387766997
C,30,20,125,gaussian,em,3,0.95,5647.917547330505,0.5529854277460203,33.58900146528146,49.59986956189064
C,30,20,125,gaussian,em,5,0.3,4694.1706151828585,0.5598126366062918,32.75110236893857,48.5773678011251
C,30,20,125,gaussian,em,5,0.5,4918.843880180019,0.5580091686725611,32.99044284907626,48.85959387766997
C,30,20,125,gaussian,em,5,0.95,5647.917547330505,0.5529854277460203,33.58900146528146,49.59986956189064
C,30,20,125,gaussian,aic,3,0.3,3889.5297395846014,0.5661241887167251,31.716837283028422,47.42442570102479
C,30,20,125,gaussian,aic,3,0.5,4282.671250502399,0.5626441353640396,32.19063249486696,47.99754437291458
C,30,20,125,gaussian,aic,3,0.95,5303.5630069505005,0.5549317453918897,33.156118186282335,49.159923898921434
C,30,20,125,gaussian,aic,5,0.3,3889.5297395846014,0.5661241887167251,31.716837283028422,47.42442570102479
C,30,20,125,gaussian,aic,5,0.5,4282.671250502399,0.5626441353640396,32.19063249486696,47.99754437291458
C,30,20,125,gaussian,aic,5,0.95,5303.5630069505005,0.5549317453918897,33.156118186282335,49.159923898921434
C,30,20,125,t,em,3,0.3,3729.374038340953,0.5677703512582988,31.523662833900698,47.18537248160745
C,30,20,125,t,em,3,0.5,4153.158848847639,0.563698548924818,32.03795284326104,47.80783920934998
C,30,20,125,t,em,3,0.95,5203.008135380729,0.5556154297746297,33.07119307838169,49.04862049759602
C,30,20,125,t,em,5,0.3,3734.6540282578926,0.5676575938758699,31.535343498179703,47.19622779900264
C,30,20,125,t,em,5,0.5,4154.476302394096,0.5636978669987945,32.05165435735554,47.81999207436155
C,30,20,125,t,em,5,0.95,5214.017754226422,0.555556770772583,33.074883982120284,49.05472419723589
C,30,20,125,t,aic,3,0.3,3729.374038340953,0.5677703512582988,31.523662833900698,47.18537248160745
C,30,20,125,t,aic,3,0.5,4153.158848847639,0.563698548924818,32.03795284326104,47.80783920934998
C,30,20,125,t,aic,3,0.95,5203.008135380729,0.5556154297746297,33.07119307838169,49.04862049759602
C,30,20,125,t,aic,5,0.3,3734.6540282578926,0.5676575938758699,31.535343498179703,47.19622779900264
C,30,20,125,t,aic,5,0.5,4154.476302394096,0.5636978669987945,32.05165435735554,47.81999207436155
C,30,20,125,t,aic,5,0.95,5214.017754226422,0.555556770772583,33.074883982120284,49.05472419723589
D,20,10,115,gamma,em,3,0.3,3587.531456435968,0.5705743045198902,33.76811454498363,46.1861213813234
D,20,10,115,gamma,em,3,0.5,3929.0965858578734,0.5670252261864226,34.20203504442852,46.72169843770881
D,20,10,115,gamma,em,3,0.95,4924.461351671973,0.558490513766148,35.19721770306812,47.93306223565192
D,20,10,115,gamma,em,5,0.3,3587.531456435968,0.5705743045198902,33.76811454498363,46.1861213813234
D,20,10,115,gamma,em,5,0.5,3929.0965858578734,0.5670252261864226,34.20203504442852,46.72169843770881
D,20,10,115,gamma,em,5,0.95,4924.461351671973,0.558490513766148,35.19721770306812,47.93306223565192
D,20,10,115,gamma,aic,3,0.3,3705.1581500830616,0.56938904782233,33.91969370671031,46.37381004589249
D,20,10,115,gamma,aic,3,0.5,4036.826086449933,0.5661831647615271,34.3355136989595,46.87005232884123
D,20,10,115,gamma,aic,3,0.95,5022.137210439649,0.5579050212334942,35.2616043594547,48.01240364026378
D,20,10,115,gamma,aic,5,0.3,3705.1581500830616,0.56938904782233,33.91969370671031,46.37381004589249
D,20,10,115,gamma,aic,5,0.5,4036.826086449933,0.5661831647615271,34.3355136989595,46.87005232884123
D,20,10,115,gamma,aic,5,0.95,5022.137210439649,0.5579050212334942,35.2616043594547,48.01240364026378
D,20,10,115,gaussian,em,3,0.3,5029.117791180563,0.5590213961726447,35.04412000587527,47.7989420663874
D,20,10,115,gaussian,em,3,0.5,5225.1488019722465,0.5573996348667623,35.27298144174721,48.06024186481518
D,20,10,115,gaussian,em,3,0.95,5829.902451574017,0.5527829879164703,35.80699666348109,48.70797714577863
D,20,10,115,gaussian,em,5,0.3,5029.117791180563,0.5590213961726447,35.04412000587527,47.7989420663874
D,20,10,115,gaussian,em,5,0.5,5225.1488019722465,0.5573996348667623,35.27298144174721,48.06024186481518
D,20,10,115,gaussian,em,5,0.95,5829.902451574017,0.5527829879164703,35.80699666348109,48.70797714577863
D,20,10,115,gaussian,aic,3,0.3,3675.6984703987123,0.5696120273875511,33.92400228788587,46.37008109901312
D,20,10,115,gaussian,aic,3,0.5,4001.835998344116,0.5664239880947725,34.2996086325347,46.83244575004653
D,20,10,115,gaussian,aic,3,0.95,4945.105702903655,0.5582894609070872,35.22326037071194,47.95579462403624
D,20,10,115,gaussian,aic,5,0.3,3675.6984703987123,0.5696120273875511,33.92400228788587,46.37008109901312
D,20,10,115,gaussian,aic,5,0.5,4001.835998344116,0.5664239880947725,34.2996086325347,46.83244575004653
D,20,10,115,gaussian,aic,5,0.95,4945.105702903655,0.5582894609070872,35.22326037071194,47.95579462403624
D,20,10,115,t,em,3,0.3,3582.983352525646,0.5706396279942172,33.78511200330502,46.19965848295828
D,20,10,115,t,em,3,0.5,3925.1123701195784,0.5671376071670852,34.21412142960837,46.73338671920751
D,20,10,115,t,em,3,0.95,4943.637759823758,0.5585155001467104,35.20276263141217,47.94231783988183
D,20,10,115,t,em,5,0.3,3556.6915145427097,0.5709087049003347,33.76496107946339,46.173576758706645
D,20,10,115,t,em,5,0.5,3895.201392676105,0.5674225934260895,34.18683543790145,46.694226273284926
D,20,10,115,t,em,5,0.95,4909.420247096736,0.5587163592489754,35.19169681401523,47.92282730486413
D,20,10,115,t,aic,3,0.3,3582.983352525646,0.5706396279942172,33.78511200330502,46.19965848295828
D,20,10,115,t,aic,3,0.5,3925.1123701195784,0.5671376071670852,34.21412142960837,46.73338671920751
D,20,10,115,t,aic,3,0.95,4943.637759823758,0.5585155001467104,35.20276263141217,47.94231783988183
D,20,10,115,t,aic,5,0.3,3556.6915145427097,0.5709087049003347,33.76496107946339,46.173576758706645
D,20,10,115,t,aic,5,0.5,3895.201392676105,0.5674225934260895,34.18683543790145,46.694226273284926
D,20,10,115,t,aic,5,0.95,4909.420247096736,0.5587163592489754,35.19169681401523,47.92282730486413
D,20,10,120,gamma,em,3,0.3,3587.0869521908326,0.5682415895690246,31.588949646331532,45.84246943420533
D,20,10,120,gamma,em,3,0.5,3928.6520816127386,0.5648157124242623,32.02287014577641,46.38205800499643
D,20,10,120,gamma,em,3,0.95,4924.016847426837,0.5565782100763081,33.018052804416016,47.60212948795207
D,20,10,120,gamma,em,5,0.3,3587.0869521908326,0.5682415895690246,31.588949646331532,45.84246943420533
D,20,10,120,gamma,em,5,0.5,3928.6520816127386,0.5648157124242623,32.02287014577641,46.38205800499643
D,20,10,120,gamma,em,5,0.95,4924.016847426837,0.5565782100763081,33.018052804416016,47.60212948795207
D,20,10,120,gamma,aic,3,0.3,3704.7136458379255,0.5670978079407795,31.740528808058208,46.03155007887219
D,20,10,120,gamma,aic,3,0.5,4036.3815822047973,0.5640031426444445,32.15634880030739,46.531510689277674
D,20,10,120,gamma,aic,3,0.95,5021.692706194513,0.5560139146111015,33.0824394608026,47.68208493706989
D,20,10,120,gamma,aic,5,0.3,3704.7136458379255,0.5670978079407795,31.740528808058208,46.03155007887219
D,20,10,120,gamma,aic,5,0.5,4036.3815822047973,0.5640031426444445,32.15634880030739,46.531510689277674
D,20,10,120,gamma,aic,5,0.95,5021.692706194513,0.5560139146111015,33.0824394608026,47.68208493706989
D,20,10,120,gaussian,em,3,0.3,5028.673286935428,0.5570990624699126,32.86495510722317,47.46716695352772
D,20,10,120,gaussian,em,3,0.5,5224.70429772711,0.5555326079215882,33.093816543095116,47.73027878013028
D,20,10,120,gaussian,em,3,0.95,5829.457947328881,0.5510747267964246,33.62783176482899,48.38250740215089
D,20,10,120,gaussian,em,5,0.3,5028.673286935428,0.5570990624699126,32.86495510722317,47.46716695352772
D,20,10,120,gaussian,em,5,0.5,5224.70429772711,0.5555326079215882,33.093816543095116,47.73027878013028
D,20,10,120,gaussian,em,5,0.95,5829.457947328881,0.5510747267964246,33.62783176482899,48.38250740215089
D,20,10,120,gaussian,aic,3,0.3,3675.253966153576,0.5673089581643895,31.744837389233766,46.02748433950252
D,20,10,120,gaussian,aic,3,0.5,4001.3914940989803,0.5642325115858693,32.120443733882595,46.49336824813391
D,20,10,120,gaussian,aic,3,0.95,4944.6611986585185,0.5563833974297047,33.04409547205982,47.6249592241359
D,20,10,120,gaussian,aic,5,0.3,3675.253966153576,0.5673089581643895,31.744837389233766,46.02748433950252
D,20,10,120,gaussian,aic,5,0.5,4001.3914940989803,0.5642325115858693,32.120443733882595,46.49336824813391
D,20,10,120,gaussian,aic,5,0.95,4944.6611986585185,0.5563833974297047,33.04409547205982,47.6249592241359
D,20,10,120,t,em,3,0.3,3582.53884828051,0.5683028374220592,31.605947104652916,45.85597938089707
D,20,10,120,t,em,3,0.5,3924.667865874443,0.5649222368080381,32.03495653095625,46.39368128738009
D,20,10,120,t,em,3,0.95,4943.1932555786225,0.5566013578215462,33.02359773276007,47.61139899679654
D,20,10,120,t,em,5,0.3,3556.2470102975726,0.5685631388177825,31.585796180811293,45.82978304797437
D,20,10,120,t,em,5,0.5,3894.7568884309694,0.5651981871759995,32.00767053924934,46.354332278321465
D,20,10,120,t,em,5,0.95,4908.9757428516,0.5567957871544339,33.01253191536313,47.591809145534356
D,20,10,120,t,aic,3,0.3,3582.53884828051,0.5683028374220592,31.605947104652916,45.85597938089707
D,20,10,120,t,aic,3,0.5,3924.667865874443,0.5649222368080381,32.03495653095625,46.39368128738009
D,20,10,120,t,aic,3,0.95,4943.1932555786225,0.5566013578215462,33.02359773276007,47.61139899679654
D,20,10,120,t,aic,5,0.3,3556.2470102975726,0.5685631388177825,31.585796180811293,45.82978304797437
D,20,10,120,t,aic,5,0.5,3894.7568884309694,0.5651981871759995,32.00767053924934,46.354332278321465
D,20,10,120,t,aic,5,0.95,4908.9757428516,0.5567957871544339,33.01253191536313,47.591809145534356
D,20,10,125,gamma,em,3,0.3,3586.8535084261653,0.5662106172332533,29.56811968339671,45.74819008226481
D,20,10,125,gamma,em,3,0.5,3928.4186378480713,0.5628926274580588,30.00204018284159,46.28892374950658
D,20,10,125,gamma,em,3,0.95,4923.78340366217,0.5549154895230302,30.997222841481197,47.51146402672964
D,20,10,125,gamma,em,5,0.3,3586.8535084261653,0.5662106172332533,29.56811968339671,45.74819008226481
D,20,10,125,gamma,em,5,0.5,3928.4186378480713,0.5628926274580588,30.00204018284159,46.28892374950658
D,20,10,125,gamma,em,5,0.95,4923.78340366217,0.5549154895230302,30.997222841481197,47.51146402672964
D,20,10,125,gamma,aic,3,0.3,3704.480202073259,0.5651034596151095,29.719698845123382,45.93769962075546
D,20,10,125,gamma,aic,3,0.5,4036.1481384401304,0.5621061488315715,30.13551883737257,46.43872886509875
D,20,10,125,gamma,aic,3,0.95,5021.4592624298475,0.5543698475763011,31.06160949786777,47.59165228753044
D,20,10,125,gamma,aic,5,0.3,3704.480202073259,0.5651034596151095,29.719698845123382,45.93769962075546
D,20,10,125,gamma,aic,5,0.5,4036.1481384401304,0.5621061488315715,30.13551883737257,46.43872886509875
D,20,10,125,gamma,aic,5,0.95,5021.4592624298475,0.5543698475763011,31.06160949786777,47.59165228753044
D,20,10,125,gaussian,em,3,0.3,5028.439843170761,0.5554256625807688,30.84412514428834,47.37640907584564
D,20,10,125,gaussian,em,3,0.5,5224.4708539624435,0.5539080080368362,31.07298658016029,47.64000198189629
D,20,10,125,gaussian,em,3,0.95,5829.2245035642145,0.5495896570791283,31.607001801894164,48.29349537692217
D,20,10,125,gaussian,em,5,0.3,5028.439843170761,0.5554256625807688,30.84412514428834,47.37640907584564
D,20,10,125,gaussian,em,5,0.5,5224.4708539624435,0.5539080080368362,31.07298658016029,47.64000198189629
D,20,10,125,gaussian,em,5,0.95,5829.2245035642145,0.5495896570791283,31.607001801894164,48.29349537692217
D,20,10,125,gaussian,aic,3,0.3,3675.0205223889097,0.5653044638164164,29.724007426298943,45.93335769055181
D,20,10,125,gaussian,aic,3,0.5,4001.158050334313,0.5623255659616931,30.099613770947776,46.40027222391153
D,20,10,125,gaussian,aic,3,0.95,4944.427754893853,0.5547263000827237,31.023265509125007,47.53429685256604
D,20,10,125,gaussian,aic,5,0.3,3675.0205223889097,0.5653044638164164,29.724007426298943,45.93335769055181
D,20,10,125,gaussian,aic,5,0.5,4001.158050334313,0.5623255659616931,30.099613770947776,46.40027222391153
D,20,10,125,gaussian,aic,5,0.95,4944.427754893853,0.5547263000827237,31.023265509125007,47.53429685256604
D,20,10,125,t,em,3,0.3,3582.3054045158433,0.5662685000191368,29.585117141718094,45.76162718287567
D,20,10,125,t,em,3,0.5,3924.434422109776,0.5629943203379849,30.014126568021435,46.30045205397328
D,20,10,125,t,em,3,0.95,4942.959811813956,0.554937165645134,31.002767769825244,47.520709315001454
D,20,10,125,t,em,5,0.3,3556.013566532906,0.5665209348645452,29.564966217876464,45.73544115555434
D,20,10,125,t,em,5,0.5,3894.523444666303,0.5632621395131654,29.986840576314517,46.26110353013884
D,20,10,125,t,em,5,0.95,4908.742299086933,0.5551259037886348,30.991701952428304,47.501112270152504
D,20,10,125,t,aic,3,0.3,3582.3054045158433,0.5662685000191368,29.585117141718094,45.76162718287567
D,20,10,125,t,aic,3,0.5,3924.434422109776,0.5629943203379849,30.014126568021435,46.30045205397328
D,20,10,125,t,aic,3,0.95,4942.959811813956,0.554937165645134,31.002767769825244,47.520709315001454
D,20,10,125,t,aic,5,0.3,3556.013566532906,0.5665209348645452,29.564966217876464,45.73544115555434
D,20,10,125,t,aic,5,0.5,3894.523444666303,0.5632621395131654,29.986840576314517,46.26110353013884
D,20,10,125,t,aic,5,0.95,4908.742299086933,0.5551259037886348,30.991701952428304,47.501112270152504
D,20,15,115,gamma,em,3,0.3,3535.310081444394,0.5711912315983929,33.714514530140036,46.103386774605355
D,20,15,115,gamma,em,3,0.5,3827.5702539966865,0.5680096395599932,34.11487679621196,46.59489208728731
D,20,15,115,gamma,em,3,0.95,4767.809910989421,0.5598615962954809,35.10646317567585,47.79954952823101
D,20,15,115,gamma,em,5,0.3,3535.310081444394,0.5711912315983929,33.714514530140036,46.103386774605355
D,20,15,115,gamma,em,5,0.5,3827.5702539966865,0.5680096395599932,34.11487679621196,46.59489208728731
D,20,15,115,gamma,em,5,0.95,4767.809910989421,0.5598615962954809,35.10646317567585,47.79954952823101
D,20,15,115,gamma,aic,3,0.3,3515.9086203766587,0.5716256969635167,33.69913695417843,46.07890858006701
D,20,15,115,gamma,aic,3,0.5,3883.0988553897064,0.5676063771564396,34.153515204685235,46.65096730894628
D,20,15,115,gamma,aic,3,0.95,4822.124594271368,0.5593713295473396,35.147972193972414,47.84644779591396
D,20,15,115,gamma,aic,5,0.3,3515.9086203766587,0.5716256969635167,33.69913695417843,46.07890858006701
D,20,15,115,gamma,aic,5,0.5,3883.0988553897064,0.5676063771564396,34.153515204685235,46.65096730894628
D,20,15,115,gamma,aic,5,0.95,4822.124594271368,0.5593713295473396,35.147972193972414,47.84644779591396
D,20,15,115,gaussian,em,3,0.3,4983.4441023077725,0.5603528274334122,35.00037334557049,47.701460405173826
D,20,15,115,gaussian,em,3,0.5,5186.123077894468,0.5583636932153723,35.23063629176421,47.98507345106359
D,20,15,115,gaussian,em,3,0.95,5707.847426056927,0.5540173584731528,35.75989090195804,48.632490602530986
D,20,15,115,gaussian,em,5,0.3,4983.4441023077725,0.5603528274334122,35.00037334557049,47.701460405173826
D,20,15,115,gaussian,em,5,0.5,5186.123077894468,0.5583636932153723,35.23063629176421,47.98507345106359
D,20,15,115,gaussian,em,5,0.95,5707.847426056927,0.5540173584731528,35.75989090195804,48.632490602530986
D,20,15,115,gaussian,aic,3,0.3,3414.6680383096163,0.5725078724947821,33.60046211716953,45.94486630813738
D,20,15,115,gaussian,aic,3,0.5,3828.4582786287865,0.5681113905189615,34.08971338651712,46.57653000312882
D,20,15,115,gaussian,aic,3,0.95,4771.440720104841,0.5596905146659275,35.11682323903399,47.80728713272093
D,20,15,115,gaussian,aic,5,0.3,3414.6680383096163,0.5725078724947821,33.60046211716953,45.94486630813738
D,20,15,115,gaussian,aic,5,0.5,3828.4582786287865,0.5681113905189615,34.08971338651712,46.57653000312882
D,20,15,115,gaussian,aic,5,0.95,4771.440720104841,0.5596905146659275,35.11682323903399,47.80728713272093
D,20,15,115,t,em,3,0.3,3408.39174572721,0.5726652681155521,33.57037953928177,45.918917306987694
D,20,15,115,t,em,3,0.5,3787.4843421009004,0.5684153157615667,34.057742448630044,46.53516212716553
D,20,15,115,t,em,3,0.95,4739.89698074427,0.5599891790057858,35.095241105051045,47.77760171605625
D,20,15,115,t,em,5,0.3,3407.934823388668,0.5726690634442753,33.56990242752546,45.916839464447996
D,20,15,115,t,em,5,0.5,3801.362929032076,0.5683007706302504,34.061233315889545,46.53972776511917
D,20,15,115,t,em,5,0.95,4734.298603974346,0.5599916501110986,35.093868015572994,47.77315768174357
D,20,15,115,t,aic,3,0.3,3408.39174572721,0.5726652681155521,33.57037953928177,45.918917306987694
D,20,15,115,t,aic,3,0.5,3787.4843421009004,0.5684153157615667,34.057742448630044,46.53516212716553
D,20,15,115,t,aic,3,0.95,4739.89698074427,0.5599891790057858,35.095241105051045,47.77760171605625
D,20,15,115,t,aic,5,0.3,3407.934823388668,0.5726690634442753,33.56990242752546,45.916839464447996
D,20,15,115,t,aic,5,0.5,3801.362929032076,0.5683007706302504,34.061233315889545,46.53972776511917
D,20,15,115,t,aic,5,0.95,4734.298603974346,0.5599916501110986,35.093868015572994,47.77315768174357
D,20,15,120,gamma,em,3,0.3,3534.8655771992576,0.5688393864531148,31.53534963148793,45.759326264831515
D,20,15,120,gamma,em,3,0.5,3827.1257497515508,0.5657683859736407,31.935711897559848,46.254431375832965
D,20,15,120,gamma,em,3,0.95,4767.365406744286,0.5579034098227493,32.92729827702374,47.46769289006968
D,20,15,120,gamma,em,5,0.3,3534.8655771992576,0.5688393864531148,31.53534963148793,45.759326264831515
D,20,15,120,gamma,em,5,0.5,3827.1257497515508,0.5657683859736407,31.935711897559848,46.254431375832965
D,20,15,120,gamma,em,5,0.95,4767.365406744286,0.5579034098227493,32.92729827702374,47.46769289006968
D,20,15,120,gamma,aic,3,0.3,3515.464116131522,0.5692562976330331,31.519972055526313,45.734586003187054
D,20,15,120,gamma,aic,3,0.5,3882.65435114457,0.5653778110474205,31.97435030603313,46.31089373429379
D,20,15,120,gamma,aic,3,0.95,4821.680090026233,0.5574289205375142,32.96880729532031,47.51492127415065
D,20,15,120,gamma,aic,5,0.3,3515.464116131522,0.5692562976330331,31.519972055526313,45.734586003187054
D,20,15,120,gamma,aic,5,0.5,3882.65435114457,0.5653778110474205,31.97435030603313,46.31089373429379
D,20,15,120,gamma,aic,5,0.95,4821.680090026233,0.5574289205375142,32.96880729532031,47.51492127415065
D,20,15,120,gaussian,em,3,0.3,4982.999598062638,0.558366373101915,32.821208446918384,47.36784376513154
D,20,15,120,gaussian,em,3,0.5,5185.678573649331,0.5564478579824685,33.05147139311211,47.653648115813574
D,20,15,120,gaussian,em,3,0.95,5707.402921811792,0.5522565676071636,33.58072600330593,48.3059313727587
D,20,15,120,gaussian,em,5,0.3,4982.999598062638,0.558366373101915,32.821208446918384,47.36784376513154
D,20,15,120,gaussian,em,5,0.5,5185.678573649331,0.5564478579824685,33.05147139311211,47.653648115813574
D,20,15,120,gaussian,em,5,0.95,5707.402921811792,0.5522565676071636,33.58072600330593,48.3059313727587
D,20,15,120,gaussian,aic,3,0.3,3414.223534064481,0.570107763281916,31.421297218517417,45.599487165291535
D,20,15,120,gaussian,aic,3,0.5,3828.0137743836503,0.5658656900247693,31.910548487865007,46.235909431536456
D,20,15,120,gaussian,aic,3,0.95,4770.996215859705,0.5577375135259252,32.93765834038189,47.47548165565401
D,20,15,120,gaussian,aic,5,0.3,3414.223534064481,0.570107763281916,31.421297218517417,45.599487165291535
D,20,15,120,gaussian,aic,5,0.5,3828.0137743836503,0.5658656900247693,31.910548487865007,46.235909431536456
D,20,15,120,gaussian,aic,5,0.95,4770.996215859705,0.5577375135259252,32.93765834038189,47.47548165565401
D,20,15,120,t,em,3,0.3,3407.947241482074,0.5702599786751724,31.39121464062966,45.57333646405912
D,20,15,120,t,em,3,0.5,3787.0398378557643,0.5661590734002475,31.878577549977944,46.194229424808384
D,20,15,120,t,em,3,0.95,4739.452476499135,0.5580258772147783,32.91607620639894,47.44559019800797
D,20,15,120,t,em,5,0.3,3407.490319143532,0.5702635214376607,31.39073752887336,45.571238685548295
D,20,15,120,t,em,5,0.5,3800.9184247869402,0.566048377706889,31.88206841723744,46.19883382375474
D,20,15,120,t,em,5,0.95,4733.85409972921,0.5580282557067117,32.91470311692088,47.44110901346468
D,20,15,120,t,aic,3,0.3,3407.947241482074,0.5702599786751724,31.39121464062966,45.57333646405912
D,20,15,120,t,aic,3,0.5,3787.0398378557643,0.5661590734002475,31.878577549977944,46.194229424808384
D,20,15,120,t,aic,3,0.95,4739.452476499135,0.5580258772147783,32.91607620639894,47.44559019800797
D,20,15,120,t,aic,5,0.3,3407.490319143532,0.5702635214376607,31.39073752887336,45.571238685548295
D,20,15,120,t,aic,5,0.5,3800.9184247869402,0.566048377706889,31.88206841723744,46.19883382375474
D,20,15,120,t,aic,5,0.95,4733.85409972921,0.5580282557067117,32.91470311692088,47.44110901346468
D,20,15,125,gamma,em,3,0.3,3534.632133434591,0.5667914359864944,29.514519668553106,45.66504129752697
D,20,15,125,gamma,em,3,0.5,3826.892305986884,0.563817316120961,29.914881934625026,46.16112127843911
D,20,15,125,gamma,em,3,0.95,4767.131962979618,0.5562006035905422,30.90646831408892,47.37677400446461
D,20,15,125,gamma,em,5,0.3,3534.632133434591,0.5667914359864944,29.514519668553106,45.66504129752697
D,20,15,125,gamma,em,5,0.5,3826.892305986884,0.563817316120961,29.914881934625026,46.16112127843911
D,20,15,125,gamma,em,5,0.95,4767.131962979618,0.5562006035905422,30.90646831408892,47.37677400446461
D,20,15,125,gamma,aic,3,0.3,3515.230672366856,0.5671929179395747,29.499142092591494,45.64019294337662
D,20,15,125,gamma,aic,3,0.5,3882.420907379904,0.5634377370444591,29.953520343098308,46.217683629339305
D,20,15,125,gamma,aic,3,0.95,4821.446646261566,0.555739752855948,30.947977332385488,47.424088180402556
D,20,15,125,gamma,aic,5,0.3,3515.230672366856,0.5671929179395747,29.499142092591494,45.64019294337662
D,20,15,125,gamma,aic,5,0.5,3882.420907379904,0.5634377370444591,29.953520343098308,46.217683629339305
D,20,15,125,gamma,aic,5,0.95,4821.446646261566,0.555739752855948,30.947977332385488,47.424088180402556
D,20,15,125,gaussian,em,3,0.3,4982.76615429797,0.5566377959184186,30.800378483983557,47.275907427875794
D,20,15,125,gaussian,em,3,0.5,5185.445129884664,0.5547813298245472,31.030641430177287,47.562405782598375
D,20,15,125,gaussian,em,3,0.95,5707.169478047125,0.5507258205531466,31.559896040371108,48.21623039185937
D,20,15,125,gaussian,em,5,0.3,4982.76615429797,0.5566377959184186,30.800378483983557,47.275907427875794
D,20,15,125,gaussian,em,5,0.5,5185.445129884664,0.5547813298245472,31.030641430177287,47.562405782598375
D,20,15,125,gaussian,em,5,0.95,5707.169478047125,0.5507258205531466,31.559896040371108,48.21623039185937
D,20,15,125,gaussian,aic,3,0.3,3413.990090299814,0.5680179014115054,29.4004672555826,45.50478389136166
D,20,15,125,gaussian,aic,3,0.5,3827.780330618983,0.5639107463272942,29.889718524930185,46.142548709235236
D,20,15,125,gaussian,aic,3,0.95,4770.762772095039,0.5560391382638478,30.916828377447068,47.384572426583574
D,20,15,125,gaussian,aic,5,0.3,3413.990090299814,0.5680179014115054,29.4004672555826,45.50478389136166
D,20,15,125,gaussian,aic,5,0.5,3827.780330618983,0.5639107463272942,29.889718524930185,46.142548709235236
D,20,15,125,gaussian,aic,5,0.95,4770.762772095039,0.5560391382638478,30.916828377447068,47.384572426583574
D,20,15,125,t,em,3,0.3,3407.7137977174075,0.5681655864541856,29.370384677694837,45.47857286898841
D,20,15,125,t,em,3,0.5,3786.806394091097,0.5641949685022996,29.857747587043114,46.100772423796
D,20,15,125,t,em,3,0.95,4739.219032734468,0.5563184964831223,30.895246243464122,47.35462266366207
D,20,15,125,t,em,5,0.3,3407.2568753788655,0.5681688692793083,29.369907565938536,45.4764689980985
D,20,15,125,t,em,5,0.5,3800.684981022273,0.5640875880852929,29.861238454302622,46.10539203907227
D,20,15,125,t,em,5,0.95,4733.620655964543,0.5563207927021192,30.89387315398606,47.35012956963634
D,20,15,125,t,aic,3,0.3,3407.7137977174075,0.5681655864541856,29.370384677694837,45.47857286898841
D,20,15,125,t,aic,3,0.5,3786.806394091097,0.5641949685022996,29.857747587043114,46.100772423796
D,20,15,125,t,aic,3,0.95,4739.219032734468,0.5563184964831223,30.895246243464122,47.35462266366207
D,20,15,125,t,aic,5,0.3,3407.2568753788655,0.5681688692793083,29.369907565938536,45.4764689980985
D,20,15,125,t,aic,5,0.5,3800.684981022273,0.5640875880852929,29.861238454302622,46.10539203907227
D,20,15,125,t,aic,5,0.95,4733.620655964543,0.5563207927021192,30.89387315398606,47.35012956963634
D,20,20,115,gamma,em,3,0.3,3473.308522779156,0.5718734332507414,33.70730226184302,46.07720913047273
D,20,20,115,gamma,em,3,0.5,3815.493838377655,0.568188613885063,34.09435937601721,46.56810869938916
D,20,20,115,gamma,em,3,0.95,4661.758829407508,0.5608745424876267,35.076641555042116,47.737046454260025
D,20,20,115,gamma,em,5,0.3,3473.308522779156,0.5718734332507414,33.70730226184302,46.07720913047273
D,20,20,115,gamma,em,5,0.5,3815.493838377655,0.568188613885063,34.09435937601721,46.56810869938916
D,20,20,115,gamma,em,5,0.95,4661.758829407508,0.5608745424876267,35.076641555042116,47.737046454260025
D,20,20,115,gamma,aic,3,0.3,3559.740855886801,0.5709298806739175,33.75998615311788,46.148862773246606
D,20,20,115,gamma,aic,3,0.5,3935.0683681600276,0.5671531161482596,34.167885368774954,46.67267963882155
D,20,20,115,gamma,aic,3,0.95,4772.889677769706,0.5601502601967595,35.08962157126233,47.77823928239725
D,20,20,115,gamma,aic,5,0.3,3559.740855886801,0.5709298806739175,33.75998615311788,46.148862773246606
D,20,20,115,gamma,aic,5,0.5,3935.0683681600276,0.5671531161482596,34.167885368774954,46.67267963882155
D,20,20,115,gamma,aic,5,0.95,4772.889677769706,0.5601502601967595,35.08962157126233,47.77823928239725
D,20,20,115,gaussian,em,3,0.3,4544.254347181966,0.5632427120254831,34.61651992660518,47.2091802587828
D,20,20,115,gaussian,em,3,0.5,4704.824827543596,0.5617584902014917,34.84789095029453,47.482254996744516
D,20,20,115,gaussian,em,3,0.95,5317.614638526958,0.5566141211908567,35.51479211395345,48.28314887830706
D,20,20,115,gaussian,em,5,0.3,4544.254347181966,0.5632427120254831,34.61651992660518,47.2091802587828
D,20,20,115,gaussian,em,5,0.5,4704.824827543596,0.5617584902014917,34.84789095029453,47.482254996744516
D,20,20,115,gaussian,em,5,0.95,5317.614638526958,0.5566141211908567,35.51479211395345,48.28314887830706
D,20,20,115,gaussian,aic,3,0.3,3469.6720920884654,0.5722921865730947,33.65557763605743,46.01942184303824
D,20,20,115,gaussian,aic,3,0.5,3793.640048501477,0.5684697311187692,34.06612653364753,46.52515315233965
D,20,20,115,gaussian,aic,3,0.95,4657.00708883021,0.560991969852464,35.04761670213132,47.7057302103037
D,20,20,115,gaussian,aic,5,0.3,3469.6720920884654,0.5722921865730947,33.65557763605743,46.01942184303824
D,20,20,115,gaussian,aic,5,0.5,3793.640048501477,0.5684697311187692,34.06612653364753,46.52515315233965
D,20,20,115,gaussian,aic,5,0.95,4657.00708883021,0.560991969852464,35.04761670213132,47.7057302103037
D,20,20,115,t,em,3,0.3,3427.8679216247424,0.5724635188601179,33.64457233142161,45.9984061761289
D,20,20,115,t,em,3,0.5,3790.332030797629,0.5684252598395955,34.056539979745,46.518325805899806
D,20,20,115,t,em,3,0.95,4631.116978457113,0.5611442116944029,35.048091809896704,47.700238582038615
D,20,20,115,t,em,5,0.3,3459.003948685843,0.5720587364342734,33.72064134059665,46.08547649645732
D,20,20,115,t,em,5,0.5,3831.2569100687083,0.5679871144800496,34.10982098718642,46.59016641309736
D,20,20,115,t,em,5,0.95,4655.5982700957875,0.5609933463045332,35.06619416134123,47.728831822685855
D,20,20,115,t,aic,3,0.3,3427.8679216247424,0.5724635188601179,33.64457233142161,45.9984061761289
D,20,20,115,t,aic,3,0.5,3790.332030797629,0.5684252598395955,34.056539979745,46.518325805899806
D,20,20,115,t,aic,3,0.95,4631.116978457113,0.5611442116944029,35.048091809896704,47.700238582038615
D,20,20,115,t,aic,5,0.3,3459.003948685843,0.5720587364342734,33.72064134059665,46.08547649645732
D,20,20,115,t,aic,5,0.5,3831.2569100687083,0.5679871144800496,34.10982098718642,46.59016641309736
D,20,20,115,t,aic,5,0.95,4655.5982700957875,0.5609933463045332,35.06619416134123,47.728831822685855
D,20,20,120,gamma,em,3,0.3,3472.86401853402,0.5694962822750143,31.52813736319091,45.73272713647243
D,20,20,120,gamma,em,3,0.5,3815.049334132519,0.5659405256019179,31.915194477365105,46.22736878033
D,20,20,120,gamma,em,3,0.95,4661.3143251623715,0.5588823881641451,32.89747665639001,47.4048759608886
D,20,20,120,gamma,em,5,0.3,3472.86401853402,0.5694962822750143,31.52813736319091,45.73272713647243
D,20,20,120,gamma,em,5,0.5,3815.049334132519,0.5659405256019179,31.915194477365105,46.22736878033
D,20,20,120,gamma,em,5,0.95,4661.3143251623715,0.5588823881641451,32.89747665639001,47.4048759608886
D,20,20,120,gamma,aic,3,0.3,3559.296351641665,0.5685889658746264,31.580821254465775,45.80520906839215
D,20,20,120,gamma,aic,3,0.5,3934.6238639148914,0.5649451652000351,31.98872047012285,46.332986846433116
D,20,20,120,gamma,aic,3,0.95,4772.44517352457,0.5581852528477327,32.91045667261022,47.446488299052646
D,20,20,120,gamma,aic,5,0.3,3559.296351641665,0.5685889658746264,31.580821254465775,45.80520906839215
D,20,20,120,gamma,aic,5,0.5,3934.6238639148914,0.5649451652000351,31.98872047012285,46.332986846433116
D,20,20,120,gamma,aic,5,0.95,4772.44517352457,0.5581852528477327,32.91045667261022,47.446488299052646
D,20,20,120,gaussian,em,3,0.3,4543.80984293683,0.5611798637107669,32.437355027953075,46.873841891228764
D,20,20,120,gaussian,em,3,0.5,4704.38032329846,0.559746029671179,32.66872605164242,47.148759929436075
D,20,20,120,gaussian,em,3,0.95,5317.170134281822,0.5547780961383074,33.33562721530135,47.95517889478519
D,20,20,120,gaussian,em,5,0.3,4543.80984293683,0.5611798637107669,32.437355027953075,46.873841891228764
D,20,20,120,gaussian,em,5,0.5,4704.38032329846,0.559746029671179,32.66872605164242,47.148759929436075
D,20,20,120,gaussian,em,5,0.95,5317.170134281822,0.5547780961383074,33.33562721530135,47.95517889478519
D,20,20,120,gaussian,aic,3,0.3,3469.2275878433293,0.5699034269141048,31.476412737405315,45.674770974750864
D,20,20,120,gaussian,aic,3,0.5,3793.1955442563403,0.5662142356449466,31.88696163499542,46.18432963386674
D,20,20,120,gaussian,aic,3,0.95,4656.562584585075,0.5589969168067581,32.86845180347922,47.37347140054761
D,20,20,120,gaussian,aic,5,0.3,3469.2275878433293,0.5699034269141048,31.476412737405315,45.674770974750864
D,20,20,120,gaussian,aic,5,0.5,3793.1955442563403,0.5662142356449466,31.88696163499542,46.18432963386674
D,20,20,120,gaussian,aic,5,0.95,4656.562584585075,0.5589969168067581,32.86845180347922,47.37347140054761
D,20,20,120,t,em,3,0.3,3427.423417379606,0.5700669507188911,31.465407432769506,45.653460394257564
D,20,20,120,t,em,3,0.5,3789.8875265524935,0.5661700528246232,31.87737508109289,46.17732266971227
D,20,20,120,t,em,3,0.95,4630.672474211979,0.5591433957836814,32.8689269112446,47.367869559898
D,20,20,120,t,em,5,0.3,3458.559444440707,0.569674787600704,31.541476441944546,45.74098380359805
D,20,20,120,t,em,5,0.5,3830.8124058235726,0.5657453465311124,31.930656088534313,46.249526720931065
D,20,20,120,t,em,5,0.95,4655.153765850651,0.5589975182074599,32.887029262689126,47.396620637766546
D,20,20,120,t,aic,3,0.3,3427.423417379606,0.5700669507188911,31.465407432769506,45.653460394257564
D,20,20,120,t,aic,3,0.5,3789.8875265524935,0.5661700528246232,31.87737508109289,46.17732266971227
D,20,20,120,t,aic,3,0.95,4630.672474211979,0.5591433957836814,32.8689269112446,47.367869559898
D,20,20,120,t,aic,5,0.3,3458.559444440707,0.569674787600704,31.541476441944546,45.74098380359805
D,20,20,120,t,aic,5,0.5,3830.8124058235726,0.5657453465311124,31.930656088534313,46.249526720931065
D,20,20,120,t,aic,5,0.95,4655.153765850651,0.5589975182074599,32.887029262689126,47.396620637766546
D,20,20,125,gamma,em,3,0.3,3472.6305747693536,0.5674265894940882,29.50730740025609,45.63820952214071
D,20,20,125,gamma,em,3,0.5,3814.815890367853,0.563983604323545,29.894364514430283,46.133923890417876
D,20,20,125,gamma,em,3,0.95,4661.080881397705,0.5571494162550001,30.87664669345519,47.31391774795826
D,20,20,125,gamma,em,5,0.3,3472.6305747693536,0.5674265894940882,29.50730740025609,45.63820952214071
D,20,20,125,gamma,em,5,0.5,3814.815890367853,0.563983604323545,29.894364514430283,46.133923890417876
D,20,20,125,gamma,em,5,0.95,4661.080881397705,0.5571494162550001,30.87664669345519,47.31391774795826
D,20,20,125,gamma,aic,3,0.3,3559.0629078769985,0.5665504551899693,29.559991291530952,45.7110844855364
D,20,20,125,gamma,aic,3,0.5,3934.390420150224,0.5630226648966483,29.967890507188024,46.239992604579555
D,20,20,125,gamma,aic,3,0.95,4772.211729759904,0.5564757279036663,30.8896267096754,47.355727479013396
D,20,20,125,gamma,aic,5,0.3,3559.0629078769985,0.5665504551899693,29.559991291530952,45.7110844855364
D,20,20,125,gamma,aic,5,0.5,3934.390420150224,0.5630226648966483,29.967890507188024,46.239992604579555
D,20,20,125,gamma,aic,5,0.95,4772.211729759904,0.5564757279036663,30.8896267096754,47.355727479013396
D,20,20,125,gaussian,em,3,0.3,4543.576399172163,0.5593845387013211,30.41652506501825,46.782303609632066
D,20,20,125,gaussian,em,3,0.5,4704.146879533793,0.5579950316468028,30.647896088707597,47.05766861952363
D,20,20,125,gaussian,em,3,0.95,5316.9366905171555,0.5531817296839674,31.314797252366525,47.865589913230686
D,20,20,125,gaussian,em,5,0.3,4543.576399172163,0.5593845387013211,30.41652506501825,46.782303609632066
D,20,20,125,gaussian,em,5,0.5,4704.146879533793,0.5579950316468028,30.647896088707597,47.05766861952363
D,20,20,125,gaussian,em,5,0.95,5316.9366905171555,0.5531817296839674,31.314797252366525,47.865589913230686
D,20,20,125,gaussian,aic,3,0.3,3468.994144078663,0.5678232528522362,29.455582774470496,45.580337117878614
D,20,20,125,gaussian,aic,3,0.5,3792.9621004916744,0.5642505147189865,29.866131672060597,46.090983186366586
D,20,20,125,gaussian,aic,3,0.95,4656.329140820408,0.5572612560330158,30.847621840544395,47.28255315656885
D,20,20,125,gaussian,aic,5,0.3,3468.994144078663,0.5678232528522362,29.455582774470496,45.580337117878614
D,20,20,125,gaussian,aic,5,0.5,3792.9621004916744,0.5642505147189865,29.866131672060597,46.090983186366586
D,20,20,125,gaussian,aic,5,0.95,4656.329140820408,0.5572612560330158,30.847621840544395,47.28255315656885
D,20,20,125,t,em,3,0.3,3427.189973614939,0.5679800189566298,29.444577469834677,45.558877926820045
D,20,20,125,t,em,3,0.5,3789.654082787826,0.5642067096795166,29.856545118158067,46.0838588132867
D,20,20,125,t,em,3,0.95,4630.439030447312,0.5574027073502945,30.848096948309774,47.27688746684593
D,20,20,125,t,em,5,0.3,3458.3260006760406,0.5675991442245755,29.520646479009724,45.64641917872525
D,20,20,125,t,em,5,0.5,3830.5789620589057,0.563794055495668,29.909826125599487,46.15607363340048
D,20,20,125,t,em,5,0.95,4654.920322085985,0.5572612349718116,30.8661992997543,47.30565811952199
D,20,20,125,t,aic,3,0.3,3427.189973614939,0.5679800189566298,29.444577469834677,45.558877926820045
D,20,20,125,t,aic,3,0.5,3789.654082787826,0.5642067096795166,29.856545118158067,46.0838588132867
D,20,20,125,t,aic,3,0.95,4630.439030447312,0.5574027073502945,30.848096948309774,47.27688746684593
D,20,20,125,t,aic,5,0.3,3458.3260006760406,0.5675991442245755,29.520646479009724,45.64641917872525
D,20,20,125,t,aic,5,0.5,3830.5789620589057,0.563794055495668,29.909826125599487,46.15607363340048
D,20,20,125,t,aic,5,0.95,4654.920322085985,0.5572612349718116,30.8661992997543,47.30565811952199
D,25,10,115,gamma,em,3,0.3,3843.432821852651,0.5696281023773028,34.78499409469778,47.16564005064511
D,25,10,115,gamma,em,3,0.5,4177.7945311992935,0.5659426635816187,35.16439732477175,47.63172857811036
D,25,10,115,gamma,em,3,0.95,5145.803373495922,0.5580777784765194,36.06212030276888,48.724180414749924
D,25,10,115,gamma,em,5,0.3,3843.432821852651,0.5696281023773028,34.78499409469778,47.16564005064511
D,25,10,115,gamma,em,5,0.5,4177.7945311992935,0.5659426635816187,35.16439732477175,47.63172857811036
D,25,10,115,gamma,em,5,0.95,5145.803373495922,0.5580777784765194,36.06212030276888,48.724180414749924
D,25,10,115,gamma,aic,3,0.3,3802.6217311499577,0.5698071365591445,34.757800120110495,47.12757627693762
D,25,10,115,gamma,aic,3,0.5,4152.521705208218,0.5661731590446032,35.15508877416522,47.62382054667234
D,25,10,115,gamma,aic,3,0.95,5085.531318017541,0.5584493495182932,36.05504063519098,48.705639179777364
D,25,10,115,gamma,aic,5,0.3,3802.6217311499577,0.5698071365591445,34.757800120110495,47.12757627693762
D,25,10,115,gamma,aic,5,0.5,4152.521705208218,0.5661731590446032,35.15508877416522,47.62382054667234
D,25,10,115,gamma,aic,5,0.95,5085.531318017541,0.5584493495182932,36.05504063519098,48.705639179777364
D,25,10,115,gaussian,em,3,0.3,4959.478141423679,0.5604786549692562,35.76035233714812,48.37480815620981
D,25,10,115,gaussian,em,3,0.5,5223.2121662495665,0.5581170539453041,36.01730317028465,48.688840102741025
D,25,10,115,gaussian,em,3,0.95,5828.904601081564,0.5536251558493823,36.56420739521192,49.3399277754544
D,25,10,115,gaussian,em,5,0.3,4959.478141423679,0.5604786549692562,35.76035233714812,48.37480815620981
D,25,10,115,gaussian,em,5,0.5,5223.2121662495665,0.5581170539453041,36.01730317028465,48.688840102741025
D,25,10,115,gaussian,em,5,0.95,5828.904601081564,0.5536251558493823,36.56420739521192,49.3399277754544
D,25,10,115,gaussian,aic,3,0.3,3770.7719476474463,0.5700904225452206,34.68635630975708,47.052354820736085
D,25,10,115,gaussian,aic,3,0.5,4146.349018541583,0.566237989178249,35.11083237682789,47.58142211519699
D,25,10,115,gaussian,aic,3,0.95,5097.655578385822,0.5582867104733747,36.034134479021745,48.68544039130652
D,25,10,115,gaussian,aic,5,0.3,3770.7719476474463,0.5700904225452206,34.68635630975708,47.052354820736085
D,25,10,115,gaussian,aic,5,0.5,4146.349018541583,0.566237989178249,35.11083237682789,47.58142211519699
D,25,10,115,gaussian,aic,5,0.95,5097.655578385822,0.5582867104733747,36.034134479021745,48.68544039130652
D,25,10,115,t,em,3,0.3,3641.049923545864,0.5716321759808014,34.51364114729026,46.837503908074396
D,25,10,115,t,em,3,0.5,4007.3531266119076,0.567705779656556,34.94783906060078,47.3750063054615
D,25,10,115,t,em,3,0.95,5028.104163835357,0.5589889834678635,35.976487251896216,48.61869119841471
D,25,10,115,t,em,5,0.3,3722.902971350342,0.570759530377897,34.62850810567212,46.974022508039596
D,25,10,115,t,em,5,0.5,4102.276568920219,0.5667739996509615,35.05474383872785,47.51250449242628
D,25,10,115,t,em,5,0.95,5043.99533680525,0.5588222441380315,35.9999351404039,48.64388889662335
D,25,10,115,t,aic,3,0.3,3641.049923545864,0.5716321759808014,34.51364114729026,46.837503908074396
D,25,10,115,t,aic,3,0.5,4007.3531266119076,0.567705779656556,34.94783906060078,47.3750063054615
D,25,10,115,t,aic,3,0.95,5028.104163835357,0.5589889834678635,35.976487251896216,48.61869119841471
D,25,10,115,t,aic,5,0.3,3722.902971350342,0.570759530377897,34.62850810567212,46.974022508039596
D,25,10,115,t,aic,5,0.5,4102.276568920219,0.5667739996509615,35.05474383872785,47.51250449242628
D,25,10,115,t,aic,5,0.95,5043.99533680525,0.5588222441380315,35.9999351404039,48.64388889662335
D,25,10,120,gamma,em,3,0.3,3843.0094033810265,0.5673829383662811,32.700904636562164,46.844355986522366
D,25,10,120,gamma,em,3,0.5,4177.371112727669,0.5638225789577792,33.080307866636126,47.31369149715966
D,25,10,120,gamma,em,3,0.95,5145.379955024298,0.556224490694894,33.97803084463327,48.41354555902596
D,25,10,120,gamma,em,5,0.3,3843.0094033810265,0.5673829383662811,32.700904636562164,46.844355986522366
D,25,10,120,gamma,em,5,0.5,4177.371112727669,0.5638225789577792,33.080307866636126,47.31369149715966
D,25,10,120,gamma,em,5,0.95,5145.379955024298,0.556224490694894,33.97803084463327,48.41354555902596
D,25,10,120,gamma,aic,3,0.3,3802.198312678333,0.5675567394314582,32.67371066197487,46.806073400833164
D,25,10,120,gamma,aic,3,0.5,4152.098286736595,0.5640460042964341,33.07099931602961,47.30577533073765
D,25,10,120,gamma,aic,3,0.95,5085.1078995459175,0.5565832065729179,33.97095117705536,48.39488780350185
D,25,10,120,gamma,aic,5,0.3,3802.198312678333,0.5675567394314582,32.67371066197487,46.806073400833164
D,25,10,120,gamma,aic,5,0.5,4152.098286736595,0.5640460042964341,33.07099931602961,47.30577533073765
D,25,10,120,gamma,aic,5,0.95,5085.1078995459175,0.5565832065729179,33.97095117705536,48.39488780350185
D,25,10,120,gaussian,em,3,0.3,4959.054722952054,0.5585539315053792,33.676262879012505,48.06221506224081
D,25,10,120,gaussian,em,3,0.5,5222.788747777942,0.5562708204635844,33.93321371214903,48.378282723217396
D,25,10,120,gaussian,em,3,0.95,5828.48118260994,0.5519292483678483,34.48011793707631,49.03356157623644
D,25,10,120,gaussian,em,5,0.3,4959.054722952054,0.5585539315053792,33.676262879012505,48.06221506224081
D,25,10,120,gaussian,em,5,0.5,5222.788747777942,0.5562708204635844,33.93321371214903,48.378282723217396
D,25,10,120,gaussian,em,5,0.95,5828.48118260994,0.5519292483678483,34.48011793707631,49.03356157623644
D,25,10,120,gaussian,aic,3,0.3,3770.3485291758216,0.5678347201054539,32.602266851621465,46.73074712103157
D,25,10,120,gaussian,aic,3,0.5,4145.925600069959,0.5641115137839503,33.02674291869228,47.26339549897499
D,25,10,120,gaussian,aic,3,0.95,5097.232159914199,0.5564277064887944,33.95004502088612,48.37470408390547
D,25,10,120,gaussian,aic,5,0.3,3770.3485291758216,0.5678347201054539,32.602266851621465,46.73074712103157
D,25,10,120,gaussian,aic,5,0.5,4145.925600069959,0.5641115137839503,33.02674291869228,47.26339549897499
D,25,10,120,gaussian,aic,5,0.95,5097.232159914199,0.5564277064887944,33.95004502088612,48.37470408390547
D,25,10,120,t,em,3,0.3,3640.6265050742395,0.5693238848365217,32.42955168915465,46.51433931327446
D,25,10,120,t,em,3,0.5,4006.929708140283,0.5655298420045833,32.86374960246516,47.05551980887109
D,25,10,120,t,em,3,0.95,5027.680745363733,0.5571065765279297,33.89239779376061,48.3075070612358
D,25,10,120,t,em,5,0.3,3722.479552878717,0.5684807926676653,32.5444186475365,46.651828392530476
D,25,10,120,t,em,5,0.5,4101.8531504485945,0.5646289708546354,32.97065438059224,47.193966853010735
D,25,10,120,t,em,5,0.95,5043.571918333627,0.5569448911544654,33.915845682268284,48.332856150207604
D,25,10,120,t,aic,3,0.3,3640.6265050742395,0.5693238848365217,32.42955168915465,46.51433931327446
D,25,10,120,t,aic,3,0.5,4006.929708140283,0.5655298420045833,32.86374960246516,47.05551980887109
D,25,10,120,t,aic,3,0.95,5027.680745363733,0.5571065765279297,33.89239779376061,48.3075070612358
D,25,10,120,t,aic,5,0.3,3722.479552878717,0.5684807926676653,32.5444186475365,46.651828392530476
D,25,10,120,t,aic,5,0.5,4101.8531504485945,0.5646289708546354,32.97065438059224,47.193966853010735
D,25,10,120,t,aic,5,0.95,5043.571918333627,0.5569448911544654,33.915845682268284,48.332856150207604
D,25,10,125,gamma,em,3,0.3,3842.789702542746,0.5654659572815702,30.778268937287134,46.757633444097266
D,25,10,125,gamma,em,3,0.5,4177.151411889388,0.5620128657855067,31.157672167361092,47.22790154045352
D,25,10,125,gamma,em,3,0.95,5145.160254186017,0.5546439225521482,32.055395145358226,48.32987755824886
D,25,10,125,gamma,em,5,0.3,3842.789702542746,0.5654659572815702,30.778268937287134,46.757633444097266
D,25,10,125,gamma,em,5,0.5,4177.151411889388,0.5620128657855067,31.157672167361092,47.22790154045352
D,25,10,125,gamma,em,5,0.95,5145.160254186017,0.5546439225521482,32.055395145358226,48.32987755824886
D,25,10,125,gamma,aic,3,0.3,3801.978611840053,0.5656348773915907,30.751074962699835,46.7192824572738
D,25,10,125,gamma,aic,3,0.5,4151.878585898313,0.5622299798279344,31.14836361675457,47.21998111255763
D,25,10,125,gamma,aic,3,0.95,5084.888198707636,0.5549914312834343,32.04831547778032,48.31118303306513
D,25,10,125,gamma,aic,5,0.3,3801.978611840053,0.5656348773915907,30.751074962699835,46.7192824572738
D,25,10,125,gamma,aic,5,0.5,4151.878585898313,0.5622299798279344,31.14836361675457,47.21998111255763
D,25,10,125,gamma,aic,5,0.95,5084.888198707636,0.5549914312834343,32.04831547778032,48.31118303306513
D,25,10,125,gaussian,em,3,0.3,4958.835022113774,0.5569120504970269,31.75362717973747,47.97813855759715
D,25,10,125,gaussian,em,3,0.5,5222.569046939662,0.5546966186675594,32.010578012874,48.29475767882394
D,25,10,125,gaussian,em,3,0.95,5828.2614817716585,0.5504838885152673,32.55748223780127,48.95120013967453
D,25,10,125,gaussian,em,5,0.3,4958.835022113774,0.5569120504970269,31.75362717973747,47.97813855759715
D,25,10,125,gaussian,em,5,0.5,5222.569046939662,0.5546966186675594,32.010578012874,48.29475767882394
D,25,10,125,gaussian,em,5,0.95,5828.2614817716585,0.5504838885152673,32.55748223780127,48.95120013967453
D,25,10,125,gaussian,aic,3,0.3,3770.128828337541,0.5659072730930595,30.679631152346428,46.6441366460992
D,25,10,125,gaussian,aic,3,0.5,4145.705899231679,0.5622954300577735,31.104107219417234,47.1777652793895
D,25,10,125,gaussian,aic,3,0.95,5097.012459075918,0.554841635705621,32.02740932161109,48.291079400301946
D,25,10,125,gaussian,aic,5,0.3,3770.128828337541,0.5659072730930595,30.679631152346428,46.6441366460992
D,25,10,125,gaussian,aic,5,0.5,4145.705899231679,0.5622954300577735,31.104107219417234,47.1777652793895
D,25,10,125,gaussian,aic,5,0.95,5097.012459075918,0.554841635705621,32.02740932161109,48.291079400301946
D,25,10,125,t,em,3,0.3,3640.406804235959,0.5673511778084506,30.506915989879605,46.42724751427435
D,25,10,125,t,em,3,0.5,4006.7100073020033,0.5636708293472042,30.941113903190125,46.969434157753895
D,25,10,125,t,em,3,0.95,5027.461044525453,0.5555004293337547,31.96976209448557,48.22374154054218
D,25,10,125,t,em,5,0.3,3722.2598520404367,0.5665338535384887,30.621782948261465,46.56504122000066
D,25,10,125,t,em,5,0.5,4101.633449610314,0.5627971177345388,31.0480186813172,47.10817826429412
D,25,10,125,t,em,5,0.95,5043.352217495347,0.5553433648093092,31.993209982993243,48.249137829479615
D,25,10,125,t,aic,3,0.3,3640.406804235959,0.5673511778084506,30.506915989879605,46.42724751427435
D,25,10,125,t,aic,3,0.5,4006.7100073020033,0.5636708293472042,30.941113903190125,46.969434157753895
D,25,10,125,t,aic,3,0.95,5027.461044525453,0.5555004293337547,31.96976209448557,48.22374154054218
D,25,10,125,t,aic,5,0.3,3722.2598520404367,0.5665338535384887,30.621782948261465,46.56504122000066
D,25,10,125,t,aic,5,0.5,4101.633449610314,0.5627971177345388,31.0480186813172,47.10817826429412
D,25,10,125,t,aic,5,0.95,5043.352217495347,0.5553433648093092,31.993209982993243,48.249137829479615
D,25,15,115,gamma,em,3,0.3,3655.2503997535446,0.5713658779336865,34.5769266725983,46.899044009685134
D,25,15,115,gamma,em,3,0.5,4077.831296606119,0.5669602134540973,35.04889011385002,47.504044710216945
D,25,15,115,gamma,em,3,0.95,4985.8503309959515,0.5592346886862023,36.01413362342604,48.635175282654856
D,25,15,115,gamma,em,5,0.3,3655.2503997535446,0.5713658779336865,34.5769266725983,46.899044009685134
D,25,15,115,gamma,em,5,0.5,4077.831296606119,0.5669602134540973,35.04889011385002,47.504044710216945
D,25,15,115,gamma,em,5,0.95,4985.8503309959515,0.5592346886862023,36.01413362342604,48.635175282654856
D,25,15,115,gamma,aic,3,0.3,3579.6410335634196,0.5721882581819007,34.45651402022607,46.764870117558885
D,25,15,115,gamma,aic,3,0.5,3993.6665841508425,0.5676442216344266,34.96839944549019,47.40409723614566
D,25,15,115,gamma,aic,3,0.95,4897.387001250945,0.5599038412027009,35.94922651934027,48.55644982828456
D,25,15,115,gamma,aic,5,0.3,3579.6410335634196,0.5721882581819007,34.45651402022607,46.764870117558885
D,25,15,115,gamma,aic,5,0.5,3993.6665841508425,0.5676442216344266,34.96839944549019,47.40409723614566
D,25,15,115,gamma,aic,5,0.95,4897.387001250945,0.5599038412027009,35.94922651934027,48.55644982828456
D,25,15,115,gaussian,em,3,0.3,4429.116867153601,0.5636319859120796,35.58351425557357,48.058039018461706
D,25,15,115,gaussian,em,3,0.5,4666.860251362933,0.5617304253113244,35.8196574488448,48.34792841371056
D,25,15,115,gaussian,em,3,0.95,5278.925502671604,0.5569529846645829,36.38143161544587,49.03000706587549
D,25,15,115,gaussian,em,5,0.3,4429.116867153601,0.5636319859120796,35.58351425557357,48.058039018461706
D,25,15,115,gaussian,em,5,0.5,4666.860251362933,0.5617304253113244,35.8196574488448,48.34792841371056
D,25,15,115,gaussian,em,5,0.95,5278.925502671604,0.5569529846645829,36.38143161544587,49.03000706587549
D,25,15,115,gaussian,aic,3,0.3,3735.1922982892174,0.570586319133291,34.68142028019682,47.02641152334786
D,25,15,115,gaussian,aic,3,0.5,4123.215873067178,0.5664975842432837,35.09648093961818,47.57093793872339
D,25,15,115,gaussian,aic,3,0.95,5001.290850067098,0.5589887004537025,36.03716985665981,48.669646178505886
D,25,15,115,gaussian,aic,5,0.3,3735.1922982892174,0.570586319133291,34.68142028019682,47.02641152334786
D,25,15,115,gaussian,aic,5,0.5,4123.215873067178,0.5664975842432837,35.09648093961818,47.57093793872339
D,25,15,115,gaussian,aic,5,0.95,5001.290850067098,0.5589887004537025,36.03716985665981,48.669646178505886
D,25,15,115,t,em,3,0.3,3571.9753966815288,0.5722319244039827,34.47910602739246,46.780659514954515
D,25,15,115,t,em,3,0.5,3975.4212580726044,0.5678593971263702,34.98003713462758,47.40236673145016
D,25,15,115,t,em,3,0.95,4917.708410167161,0.5597928383873718,35.98643019815297,48.58797346069626
D,25,15,115,t,em,5,0.3,3634.567869286573,0.5716533180344474,34.534545171723025,46.85175474508995
D,25,15,115,t,em,5,0.5,4039.4441748821455,0.5673278477074326,35.01364383985987,47.46245794228555
D,25,15,115,t,em,5,0.95,4960.962163613272,0.5593676081404547,35.97629519612324,48.59625889679505
D,25,15,115,t,aic,3,0.3,3571.9753966815288,0.5722319244039827,34.47910602739246,46.780659514954515
D,25,15,115,t,aic,3,0.5,3975.4212580726044,0.5678593971263702,34.98003713462758,47.40236673145016
D,25,15,115,t,aic,3,0.95,4917.708410167161,0.5597928383873718,35.98643019815297,48.58797346069626
D,25,15,115,t,aic,5,0.3,3634.567869286573,0.5716533180344474,34.534545171723025,46.85175474508995
D,25,15,115,t,aic,5,0.5,4039.4441748821455,0.5673278477074326,35.01364383985987,47.46245794228555
D,25,15,115,t,aic,5,0.95,4960.962163613272,0.5593676081404547,35.97629519612324,48.59625889679505
D,25,15,120,gamma,em,3,0.3,3654.826981281919,0.569065824785865,32.49283721446269,46.576316333250546
D,25,15,120,gamma,em,3,0.5,4077.4078781344942,0.5648094477394757,32.964800655714406,47.18549202065489
D,25,15,120,gamma,em,3,0.95,4985.426912524328,0.5573439884891949,33.930044165290425,48.32413958229396
D,25,15,120,gamma,em,5,0.3,3654.826981281919,0.569065824785865,32.49283721446269,46.576316333250546
D,25,15,120,gamma,em,5,0.5,4077.4078781344942,0.5648094477394757,32.964800655714406,47.18549202065489
D,25,15,120,gamma,em,5,0.95,4985.426912524328,0.5573439884891949,33.930044165290425,48.32413958229396
D,25,15,120,gamma,aic,3,0.3,3579.217615091796,0.5698604826258119,32.37242456209045,46.44111472107632
D,25,15,120,gamma,aic,3,0.5,3993.2431656792187,0.5654703581685482,32.88430998735458,47.08480644714292
D,25,15,120,gamma,aic,3,0.95,4896.963582779321,0.557991082701158,33.865137061204656,48.244854802417535
D,25,15,120,gamma,aic,5,0.3,3579.217615091796,0.5698604826258119,32.37242456209045,46.44111472107632
D,25,15,120,gamma,aic,5,0.5,3993.2431656792187,0.5654703581685482,32.88430998735458,47.08480644714292
D,25,15,120,gamma,aic,5,0.95,4896.963582779321,0.557991082701158,33.865137061204656,48.244854802417535
D,25,15,120,gaussian,em,3,0.3,4428.693448681976,0.5615960965684478,33.49942479743795,47.74343025837846
D,25,15,120,gaussian,em,3,0.5,4666.436832891311,0.5597577863083694,33.735567990709185,48.035197277504814
D,25,15,120,gaussian,em,3,0.95,5278.502084199981,0.5551410049441833,34.29734215731026,48.72156528679393
D,25,15,120,gaussian,em,5,0.3,4428.693448681976,0.5615960965684478,33.49942479743795,47.74343025837846
D,25,15,120,gaussian,em,5,0.5,4666.436832891311,0.5597577863083694,33.735567990709185,48.035197277504814
D,25,15,120,gaussian,em,5,0.95,5278.502084199981,0.5551410049441833,34.29734215731026,48.72156528679393
D,25,15,120,gaussian,aic,3,0.3,3734.7688798175927,0.5683091548891062,32.5973308220612,46.70424202959556
D,25,15,120,gaussian,aic,3,0.5,4122.792454595554,0.5643597156216055,33.01239148148256,47.25260172417641
D,25,15,120,gaussian,aic,3,0.95,5000.867431595475,0.5571049249920318,33.95308039852419,48.35868160366192
D,25,15,120,gaussian,aic,5,0.3,3734.7688798175927,0.5683091548891062,32.5973308220612,46.70424202959556
D,25,15,120,gaussian,aic,5,0.5,4122.792454595554,0.5643597156216055,33.01239148148256,47.25260172417641
D,25,15,120,gaussian,aic,5,0.95,5000.867431595475,0.5571049249920318,33.95308039852419,48.35868160366192
D,25,15,120,t,em,3,0.3,3571.551978209905,0.5699020501840649,32.39501656925684,46.45692793488165
D,25,15,120,t,em,3,0.5,3974.99783960098,0.5656775909559266,32.89594767649196,47.082982261704295
D,25,15,120,t,em,3,0.95,4917.2849916955365,0.5578827587074622,33.902340740017365,48.27656626853278
D,25,15,120,t,em,5,0.3,3634.1444508149484,0.5693434198565258,32.4504557135874,46.52865512406073
D,25,15,120,t,em,5,0.5,4039.020756410521,0.5651644102917999,32.92955438172426,47.1435882006521
D,25,15,120,t,em,5,0.95,4960.538745141648,0.5574724140084616,33.892205737987624,48.28493745444122
D,25,15,120,t,aic,3,0.3,3571.551978209905,0.5699020501840649,32.39501656925684,46.45692793488165
D,25,15,120,t,aic,3,0.5,3974.99783960098,0.5656775909559266,32.89594767649196,47.082982261704295
D,25,15,120,t,aic,3,0.95,4917.2849916955365,0.5578827587074622,33.902340740017365,48.27656626853278
D,25,15,120,t,aic,5,0.3,3634.1444508149484,0.5693434198565258,32.4504557135874,46.52865512406073
D,25,15,120,t,aic,5,0.5,4039.020756410521,0.5651644102917999,32.92955438172426,47.1435882006521
D,25,15,120,t,aic,5,0.95,4960.538745141648,0.5574724140084616,33.892205737987624,48.28493745444122
D,25,15,125,gamma,em,3,0.3,3654.6072804436394,0.5670996660167312,30.57020151518764,46.489322313424225
D,25,15,125,gamma,em,3,0.5,4077.188177296214,0.5629717700179928,31.042164956439372,47.09967542691259
D,25,15,125,gamma,em,3,0.95,4985.207211686048,0.5557305888888516,32.007408466015384,48.240426777660296
D,25,15,125,gamma,em,5,0.3,3654.6072804436394,0.5670996660167312,30.57020151518764,46.489322313424225
D,25,15,125,gamma,em,5,0.5,4077.188177296214,0.5629717700179928,31.042164956439372,47.09967542691259
D,25,15,125,gamma,em,5,0.95,4985.207211686048,0.5557305888888516,32.007408466015384,48.240426777660296
D,25,15,125,gamma,aic,3,0.3,3578.997914253515,0.5678711308379321,30.44978886281541,46.35380025210609
D,25,15,125,gamma,aic,3,0.5,3993.023464840938,0.5636133616022909,30.961674288079543,46.9987635842899
D,25,15,125,gamma,aic,3,0.95,4896.743881941041,0.5563591202697705,31.94250136192962,48.160968468077314
D,25,15,125,gamma,aic,5,0.3,3578.997914253515,0.5678711308379321,30.44978886281541,46.35380025210609
D,25,15,125,gamma,aic,5,0.5,3993.023464840938,0.5636133616022909,30.961674288079543,46.9987635842899
D,25,15,125,gamma,aic,5,0.95,4896.743881941041,0.5563591202697705,31.94250136192962,48.160968468077314
D,25,15,125,gaussian,em,3,0.3,4428.473747843696,0.5598573606094485,31.57678909816292,47.65888179377997
D,25,15,125,gaussian,em,3,0.5,4666.21713205303,0.558073785537394,31.812932291434144,47.951138479906824
D,25,15,125,gaussian,em,3,0.95,5278.2823833617,0.5535953989785785,32.37470645803522,48.63861370944105
D,25,15,125,gaussian,em,5,0.3,4428.473747843696,0.5598573606094485,31.57678909816292,47.65888179377997
D,25,15,125,gaussian,em,5,0.5,4666.21713205303,0.558073785537394,31.812932291434144,47.951138479906824
D,25,15,125,gaussian,em,5,0.95,5278.2823833617,0.5535953989785785,32.37470645803522,48.63861370944105
D,25,15,125,gaussian,aic,3,0.3,3734.549178979313,0.5663630490444908,30.674695122786165,46.617233025590664
D,25,15,125,gaussian,aic,3,0.5,4122.572753757273,0.5625335712118821,31.089755782207526,47.16672065818554
D,25,15,125,gaussian,aic,3,0.95,5000.647730757193,0.5554976983877694,32.03044469924915,48.27490768000158
D,25,15,125,gaussian,aic,5,0.3,3734.549178979313,0.5663630490444908,30.674695122786165,46.617233025590664
D,25,15,125,gaussian,aic,5,0.5,4122.572753757273,0.5625335712118821,31.089755782207526,47.16672065818554
D,25,15,125,gaussian,aic,5,0.95,5000.647730757193,0.5554976983877694,32.03044469924915,48.27490768000158
D,25,15,125,t,em,3,0.3,3571.3322773716236,0.5679110321999318,30.472380869981805,46.369582176431194
D,25,15,125,t,em,3,0.5,3974.778138762699,0.563813935922518,30.97331197721693,46.996878700765805
D,25,15,125,t,em,3,0.95,4917.065290857256,0.5562532603471759,31.979705040742328,48.19272421769038
D,25,15,125,t,em,5,0.3,3633.924749976669,0.5673690228940347,30.527820014312375,46.44154244992034
D,25,15,125,t,em,5,0.5,4038.801055572241,0.5633160818278501,31.006918682449218,47.057671705693224
D,25,15,125,t,em,5,0.95,4960.319044303367,0.5558552853273941,31.96957003871259,48.20113430353761
D,25,15,125,t,aic,3,0.3,3571.3322773716236,0.5679110321999318,30.472380869981805,46.369582176431194
D,25,15,125,t,aic,3,0.5,3974.778138762699,0.563813935922518,30.97331197721693,46.996878700765805
D,25,15,125,t,aic,3,0.95,4917.065290857256,0.5562532603471759,31.979705040742328,48.19272421769038
D,25,15,125,t,aic,5,0.3,3633.924749976669,0.5673690228940347,30.527820014312375,46.44154244992034
D,25,15,125,t,aic,5,0.5,4038.801055572241,0.5633160818278501,31.006918682449218,47.057671705693224
D,25,15,125,t,aic,5,0.95,4960.319044303367,0.5558552853273941,31.96957003871259,48.20113430353761
D,25,20,115,gamma,em,3,0.3,3817.4819511052715,0.5698547588313249,34.68009016932113,47.05415244589888
D,25,20,115,gamma,em,3,0.5,4164.720572735112,0.5663748714155932,35.118576999203995,47.58726946684483
D,25,20,115,gamma,em,3,0.95,4983.690384846483,0.5595116902933889,36.02510057642324,48.64844097665379
D,25,20,115,gamma,em,5,0.3,3817.4819511052715,0.5698547588313249,34.68009016932113,47.05415244589888
D,25,20,115,gamma,em,5,0.5,4164.720572735112,0.5663748714155932,35.118576999203995,47.58726946684483
D,25,20,115,gamma,em,5,0.95,4983.690384846483,0.5595116902933889,36.02510057642324,48.64844097665379
D,25,20,115,gamma,aic,3,0.3,3939.099805904653,0.5685655655792161,34.76082638044374,47.17287020132123
D,25,20,115,gamma,aic,3,0.5,4241.349542434952,0.5655868786057574,35.15430890917691,47.63987631889454
D,25,20,115,gamma,aic,3,0.95,5070.633598327631,0.5588059350916856,36.03591298005132,48.672722854903
D,25,20,115,gamma,aic,5,0.3,3939.099805904653,0.5685655655792161,34.76082638044374,47.17287020132123
D,25,20,115,gamma,aic,5,0.5,4241.349542434952,0.5655868786057574,35.15430890917691,47.63987631889454
D,25,20,115,gamma,aic,5,0.95,5070.633598327631,0.5588059350916856,36.03591298005132,48.672722854903
D,25,20,115,gaussian,em,3,0.3,4793.556391308338,0.5618932621225392,35.605694102000314,48.1665915960254
D,25,20,115,gaussian,em,3,0.5,5023.855959335064,0.559829875081052,35.84439603218159,48.456216083980294
D,25,20,115,gaussian,em,3,0.95,5612.277273688203,0.5552998163381887,36.38495777570411,49.110979297903256
D,25,20,115,gaussian,em,5,0.3,4793.556391308338,0.5618932621225392,35.605694102000314,48.1665915960254
D,25,20,115,gaussian,em,5,0.5,5023.855959335064,0.559829875081052,35.84439603218159,48.456216083980294
D,25,20,115,gaussian,em,5,0.95,5612.277273688203,0.5552998163381887,36.38495777570411,49.110979297903256
D,25,20,115,gaussian,aic,3,0.3,3761.4909502047826,0.5701474891023617,34.59784960911405,46.97298377547044
D,25,20,115,gaussian,aic,3,0.5,4087.2851697658684,0.5668573097680637,35.029068751354274,47.47980948313955
D,25,20,115,gaussian,aic,3,0.95,4966.081212271916,0.5595609543284537,35.995630432227,48.614118268848244
D,25,20,115,gaussian,aic,5,0.3,3761.4909502047826,0.5701474891023617,34.59784960911405,46.97298377547044
D,25,20,115,gaussian,aic,5,0.5,4087.2851697658684,0.5668573097680637,35.029068751354274,47.47980948313955
D,25,20,115,gaussian,aic,5,0.95,4966.081212271916,0.5595609543284537,35.995630432227,48.614118268848244
D,25,20,115,t,em,3,0.3,3560.7559838981006,0.572544955355199,34.36938020841482,46.67221511875631
D,25,20,115,t,em,3,0.5,3942.6342665064017,0.5684744335916078,34.83681084551653,47.24968975166871
D,25,20,115,t,em,3,0.95,4858.974893966677,0.5602448168996488,35.91501165289853,48.503289001865326
D,25,20,115,t,em,5,0.3,3555.2841885439484,0.5726089651553157,34.36468955621762,46.663622122127414
D,25,20,115,t,em,5,0.5,3937.9102596435596,0.5684816489716462,34.83465992513489,47.245403801976956
D,25,20,115,t,em,5,0.95,4858.277383864901,0.5602457387821878,35.91413156471899,48.50261137658627
D,25,20,115,t,aic,3,0.3,3560.7559838981006,0.572544955355199,34.36938020841482,46.67221511875631
D,25,20,115,t,aic,3,0.5,3942.6342665064017,0.5684744335916078,34.83681084551653,47.24968975166871
D,25,20,115,t,aic,3,0.95,4858.974893966677,0.5602448168996488,35.91501165289853,48.503289001865326
D,25,20,115,t,aic,5,0.3,3555.2841885439484,0.5726089651553157,34.36468955621762,46.663622122127414
D,25,20,115,t,aic,5,0.5,3937.9102596435596,0.5684816489716462,34.83465992513489,47.245403801976956
D,25,20,115,t,aic,5,0.95,4858.277383864901,0.5602457387821878,35.91413156471899,48.50261137658627
D,25,20,120,gamma,em,3,0.3,3817.058532633647,0.5676079963214442,32.59600071118551,46.73242390294091
D,25,20,120,gamma,em,3,0.5,4164.297154263489,0.564246645764183,33.03448754106837,47.26927932828751
D,25,20,120,gamma,em,3,0.95,4983.266966374858,0.5576146036397645,33.941011118287626,48.33755798292993
D,25,20,120,gamma,em,5,0.3,3817.058532633647,0.5676079963214442,32.59600071118551,46.73242390294091
D,25,20,120,gamma,em,5,0.5,4164.297154263489,0.564246645764183,33.03448754106837,47.26927932828751
D,25,20,120,gamma,em,5,0.95,4983.266966374858,0.5576146036397645,33.941011118287626,48.33755798292993
D,25,20,120,gamma,aic,3,0.3,3938.676387433029,0.5663685783230781,32.67673692230812,46.852504001224695
D,25,20,120,gamma,aic,3,0.5,4240.926123963329,0.5634893030142195,33.07021945104129,47.322641486920475
D,25,20,120,gamma,aic,3,0.95,5070.210179856007,0.5569354146793393,33.9518235219157,48.362208487743374
D,25,20,120,gamma,aic,5,0.3,3938.676387433029,0.5663685783230781,32.67673692230812,46.852504001224695
D,25,20,120,gamma,aic,5,0.5,4240.926123963329,0.5634893030142195,33.07021945104129,47.322641486920475
D,25,20,120,gamma,aic,5,0.95,5070.210179856007,0.5569354146793393,33.9518235219157,48.362208487743374
D,25,20,120,gaussian,em,3,0.3,4793.1329728367145,0.5599247252480651,33.5216046438647,47.85271142629513
D,25,20,120,gaussian,em,3,0.5,5023.43254086344,0.5579309554904066,33.76030657404597,48.14437681581544
D,25,20,120,gaussian,em,3,0.95,5611.85385521658,0.5535523564037839,34.300868317568494,48.803391961177574
D,25,20,120,gaussian,em,5,0.3,4793.1329728367145,0.5599247252480651,33.5216046438647,47.85271142629513
D,25,20,120,gaussian,em,5,0.5,5023.43254086344,0.5579309554904066,33.76030657404597,48.14437681581544
D,25,20,120,gaussian,em,5,0.95,5611.85385521658,0.5535523564037839,34.300868317568494,48.803391961177574
D,25,20,120,gaussian,aic,3,0.3,3761.067531733158,0.5678915887902091,32.51376015097844,46.65077188534161
D,25,20,120,gaussian,aic,3,0.5,4086.8617512942437,0.564713504715191,32.944979293218665,47.161146035731036
D,25,20,120,gaussian,aic,3,0.95,4965.657793800294,0.5576630019173322,33.91154097409138,48.30305167990916
D,25,20,120,gaussian,aic,5,0.3,3761.067531733158,0.5678915887902091,32.51376015097844,46.65077188534161
D,25,20,120,gaussian,aic,5,0.5,4086.8617512942437,0.564713504715191,32.944979293218665,47.161146035731036
D,25,20,120,gaussian,aic,5,0.95,4965.657793800294,0.5576630019173322,33.91154097409138,48.30305167990916
D,25,20,120,t,em,3,0.3,3560.332565426476,0.5702080754177058,32.2852907502792,46.34802202986232
D,25,20,120,t,em,3,0.5,3942.210848034777,0.5662755825245467,32.752721387380916,46.929533873867506
D,25,20,120,t,em,3,0.95,4858.551475495053,0.5583236925077643,33.83092219476291,48.19156848597449
D,25,20,120,t,em,5,0.3,3554.8607700723237,0.5702698514608585,32.28060009808201,46.33937483007548
D,25,20,120,t,em,5,0.5,3937.486841171935,0.5662825825294922,32.750570466999285,46.925223970762275
D,25,20,120,t,em,5,0.95,4857.853965393278,0.5583245898626052,33.83004210658338,48.190888773519845
D,25,20,120,t,aic,3,0.3,3560.332565426476,0.5702080754177058,32.2852907502792,46.34802202986232
D,25,20,120,t,aic,3,0.5,3942.210848034777,0.5662755825245467,32.752721387380916,46.929533873867506
D,25,20,120,t,aic,3,0.95,4858.551475495053,0.5583236925077643,33.83092219476291,48.19156848597449
D,25,20,120,t,aic,5,0.3,3554.8607700723237,0.5702698514608585,32.28060009808201,46.33937483007548
D,25,20,120,t,aic,5,0.5,3937.486841171935,0.5662825825294922,32.750570466999285,46.925223970762275
D,25,20,120,t,aic,5,0.95,4857.853965393278,0.5583245898626052,33.83004210658338,48.190888773519845
D,25,20,125,gamma,em,3,0.3,3816.8388317953663,0.56568843744137,30.673365011910484,46.64565846288961
D,25,20,125,gamma,em,3,0.5,4164.077453425207,0.5624284984995691,31.11185184179334,47.183584895679104
D,25,20,125,gamma,em,3,0.95,4983.0472655365775,0.5559955138768112,32.01837541901259,48.25389650997079
D,25,20,125,gamma,em,5,0.3,3816.8388317953663,0.56568843744137,30.673365011910484,46.64565846288961
D,25,20,125,gamma,em,5,0.5,4164.077453425207,0.5624284984995691,31.11185184179334,47.183584895679104
D,25,20,125,gamma,em,5,0.95,4983.0472655365775,0.5559955138768112,32.01837541901259,48.25389650997079
D,25,20,125,gamma,aic,3,0.3,3938.456686594748,0.5644898228629729,30.754101223033093,46.766398223970825
D,25,20,125,gamma,aic,3,0.5,4240.706423125048,0.5616959811335845,31.147583751766255,47.23736886585183
D,25,20,125,gamma,aic,3,0.95,5069.990479017726,0.5553381969026683,32.02918782264067,48.27876478665597
D,25,20,125,gamma,aic,5,0.3,3938.456686594748,0.5644898228629729,30.754101223033093,46.766398223970825
D,25,20,125,gamma,aic,5,0.5,4240.706423125048,0.5616959811335845,31.147583751766255,47.23736886585183
D,25,20,125,gamma,aic,5,0.95,5069.990479017726,0.5553381969026683,32.02918782264067,48.27876478665597
D,25,20,125,gaussian,em,3,0.3,4792.913271998434,0.5582455812299952,31.598968944589664,47.76835607135155
D,25,20,125,gaussian,em,3,0.5,5023.2128400251595,0.5563110154979647,31.837670874770936,48.06063013805487
D,25,20,125,gaussian,em,3,0.95,5611.6341543783,0.5520622132241771,32.37823261829345,48.7208264087988
D,25,20,125,gaussian,em,5,0.3,4792.913271998434,0.5582455812299952,31.598968944589664,47.76835607135155
D,25,20,125,gaussian,em,5,0.5,5023.2128400251595,0.5563110154979647,31.837670874770936,48.06063013805487
D,25,20,125,gaussian,em,5,0.95,5611.6341543783,0.5520622132241771,32.37823261829345,48.7208264087988
D,25,20,125,gaussian,aic,3,0.3,3760.8478308948775,0.5659638045533069,30.591124451703404,46.56393069011444
D,25,20,125,gaussian,aic,3,0.5,4086.6420504559633,0.5628817750843219,31.022343593943624,47.07531586949924
D,25,20,125,gaussian,aic,3,0.95,4965.438092962012,0.5560429051112062,31.988905274816354,48.219371072101026
D,25,20,125,gaussian,aic,5,0.3,3760.8478308948775,0.5659638045533069,30.591124451703404,46.56393069011444
D,25,20,125,gaussian,aic,5,0.5,4086.6420504559633,0.5628817750843219,31.022343593943624,47.07531586949924
D,25,20,125,gaussian,aic,5,0.95,4965.438092962012,0.5560429051112062,31.988905274816354,48.219371072101026
D,25,20,125,t,em,3,0.3,3560.1128645881954,0.5682104565588728,30.362655051004168,46.26069929873172
D,25,20,125,t,em,3,0.5,3941.9911471964965,0.5643963674921555,30.830085688105875,46.84333183754579
D,25,20,125,t,em,3,0.95,4858.331774656772,0.5566836014089742,31.908286495487875,48.107741322229536
D,25,20,125,t,em,5,0.3,3554.6410692340432,0.5682703240500618,30.357964398806967,46.25204064750799
D,25,20,125,t,em,5,0.5,3937.267140333655,0.5644031765142581,30.827934767724248,46.83901791129102
D,25,20,125,t,em,5,0.95,4857.634264554996,0.5566844762599731,31.907406407308336,48.10706240451889
D,25,20,125,t,aic,3,0.3,3560.1128645881954,0.5682104565588728,30.362655051004168,46.26069929873172
D,25,20,125,t,aic,3,0.5,3941.9911471964965,0.5643963674921555,30.830085688105875,46.84333183754579
D,25,20,125,t,aic,3,0.95,4858.331774656772,0.5566836014089742,31.908286495487875,48.107741322229536
D,25,20,125,t,aic,5,0.3,3554.6410692340432,0.5682703240500618,30.357964398806967,46.25204064750799
D,25,20,125,t,aic,5,0.5,3937.267140333655,0.5644031765142581,30.827934767724248,46.83901791129102
D,25,20,125,t,aic,5,0.95,4857.634264554996,0.5566844762599731,31.907406407308336,48.10706240451889
D,30,10,115,gamma,em,3,0.3,3832.6813728483526,0.5709630512981587,35.484745302307275,47.753477936153374
D,30,10,115,gamma,em,3,0.5,4227.2157266683735,0.5668290751747783,35.93801126660658,48.306229206098955
D,30,10,115,gamma,em,3,0.95,5236.840659254628,0.5584844519306132,36.98707692624718,49.52628348159578
D,30,10,115,gamma,em,5,0.3,3832.6813728483526,0.5709630512981587,35.484745302307275,47.753477936153374
D,30,10,115,gamma,em,5,0.5,4227.2157266683735,0.5668290751747783,35.93801126660658,48.306229206098955
D,30,10,115,gamma,em,5,0.95,5236.840659254628,0.5584844519306132,36.98707692624718,49.52628348159578
D,30,10,115,gamma,aic,3,0.3,3853.1081777594272,0.5704522874408506,35.49801084663977,47.774635724785774
D,30,10,115,gamma,aic,3,0.5,4185.768065433518,0.5671691118990178,35.93035909222207,48.2824386469643
D,30,10,115,gamma,aic,3,0.95,5229.782486190746,0.5587066728990655,36.98205799698819,49.519644856350396
D,30,10,115,gamma,aic,5,0.3,3853.1081777594272,0.5704522874408506,35.49801084663977,47.774635724785774
D,30,10,115,gamma,aic,5,0.5,4185.768065433518,0.5671691118990178,35.93035909222207,48.2824386469643
D,30,10,115,gamma,aic,5,0.95,5229.782486190746,0.5587066728990655,36.98205799698819,49.519644856350396
D,30,10,115,gaussian,em,3,0.3,4367.84060256654,0.5656902427498752,36.05001190657108,48.45772781806511
D,30,10,115,gaussian,em,3,0.5,4682.861241566913,0.5628422460265103,36.41485132876196,48.87335716918004
D,30,10,115,gaussian,em,3,0.95,5549.541778450782,0.5563315755798424,37.2167118048404,49.8141348382474
D,30,10,115,gaussian,em,5,0.3,4367.84060256654,0.5656902427498752,36.05001190657108,48.45772781806511
D,30,10,115,gaussian,em,5,0.5,4682.861241566913,0.5628422460265103,36.41485132876196,48.87335716918004
D,30,10,115,gaussian,em,5,0.95,5549.541778450782,0.5563315755798424,37.2167118048404,49.8141348382474
D,30,10,115,gaussian,aic,3,0.3,3813.676741676654,0.5710877404826907,35.44922195874982,47.71429762725376
D,30,10,115,gaussian,aic,3,0.5,4203.567785089026,0.5671653982080835,35.9201248258034,48.28048740912918
D,30,10,115,gaussian,aic,3,0.95,5232.056684298159,0.55858420420461,36.9781879344779,49.51522506485488
D,30,10,115,gaussian,aic,5,0.3,3813.676741676654,0.5710877404826907,35.44922195874982,47.71429762725376
D,30,10,115,gaussian,aic,5,0.5,4203.567785089026,0.5671653982080835,35.9201248258034,48.28048740912918
D,30,10,115,gaussian,aic,5,0.95,5232.056684298159,0.55858420420461,36.9781879344779,49.51522506485488
D,30,10,115,t,em,3,0.3,3728.2590110407828,0.572001055323352,35.34386540518152,47.582419609702455
D,30,10,115,t,em,3,0.5,4098.566941631539,0.5681071845567041,35.83522590859267,48.166563030678475
D,30,10,115,t,em,3,0.95,5167.316871815657,0.5590997398117226,36.9376525883208,49.46051338329262
D,30,10,115,t,em,5,0.3,3744.693316873437,0.5717650731184565,35.355147965655284,47.600244086511445
D,30,10,115,t,em,5,0.5,4110.5693335166025,0.5679810304230083,35.84261173324542,48.177333884675996
D,30,10,115,t,em,5,0.95,5167.963940545973,0.5590960645178666,36.938867317429676,49.462338751315826
D,30,10,115,t,aic,3,0.3,3728.2590110407828,0.572001055323352,35.34386540518152,47.582419609702455
D,30,10,115,t,aic,3,0.5,4098.566941631539,0.5681071845567041,35.83522590859267,48.166563030678475
D,30,10,115,t,aic,3,0.95,5167.316871815657,0.5590997398117226,36.9376525883208,49.46051338329262
D,30,10,115,t,aic,5,0.3,3744.693316873437,0.5717650731184565,35.355147965655284,47.600244086511445
D,30,10,115,t,aic,5,0.5,4110.5693335166025,0.5679810304230083,35.84261173324542,48.177333884675996
D,30,10,115,t,aic,5,0.95,5167.963940545973,0.5590960645178666,36.938867317429676,49.462338751315826
D,30,10,120,gamma,em,3,0.3,3832.2800497593576,0.5687798712820981,33.50008754564227,47.45281644570066
D,30,10,120,gamma,em,3,0.5,4226.814403579378,0.5647778261692986,33.95335350994158,48.00905712800241
D,30,10,120,gamma,em,3,0.95,5236.439336165635,0.5566999053043103,35.002419169582176,49.23650501483415
D,30,10,120,gamma,em,5,0.3,3832.2800497593576,0.5687798712820981,33.50008754564227,47.45281644570066
D,30,10,120,gamma,em,5,0.5,4226.814403579378,0.5647778261692986,33.95335350994158,48.00905712800241
D,30,10,120,gamma,em,5,0.95,5236.439336165635,0.5566999053043103,35.002419169582176,49.23650501483415
D,30,10,120,gamma,aic,3,0.3,3852.706854670433,0.5682835740575529,33.513353089974764,47.47400804087844
D,30,10,120,gamma,aic,3,0.5,4185.366742344524,0.5651059070239741,33.94570133555706,47.98504297456427
D,30,10,120,gamma,aic,3,0.95,5229.3811631017525,0.5569142750173696,34.99740024032319,49.22977661954113
D,30,10,120,gamma,aic,5,0.3,3852.706854670433,0.5682835740575529,33.513353089974764,47.47400804087844
D,30,10,120,gamma,aic,5,0.5,4185.366742344524,0.5651059070239741,33.94570133555706,47.98504297456427
D,30,10,120,gamma,aic,5,0.95,5229.3811631017525,0.5569142750173696,34.99740024032319,49.22977661954113
D,30,10,120,gaussian,em,3,0.3,4367.439279477546,0.5636781530711096,34.06535414990607,48.161690755320095
D,30,10,120,gaussian,em,3,0.5,4682.459918477919,0.5609205129640269,34.430193572096954,48.57986340517148
D,30,10,120,gaussian,em,3,0.95,5549.140455361789,0.5546165833493035,35.2320540481754,49.52613151297341
D,30,10,120,gaussian,em,5,0.3,4367.439279477546,0.5636781530711096,34.06535414990607,48.161690755320095
D,30,10,120,gaussian,em,5,0.5,4682.459918477919,0.5609205129640269,34.430193572096954,48.57986340517148
D,30,10,120,gaussian,em,5,0.95,5549.140455361789,0.5546165833493035,35.2320540481754,49.52613151297341
D,30,10,120,gaussian,aic,3,0.3,3813.2754185876597,0.5688993715024473,33.464564202084816,47.413325750698604
D,30,10,120,gaussian,aic,3,0.5,4203.166462000031,0.565102980826591,33.9354670691384,47.98312528285053
D,30,10,120,gaussian,aic,3,0.95,5231.655361209164,0.556796468435967,34.9935301778129,49.22536170636987
D,30,10,120,gaussian,aic,5,0.3,3813.2754185876597,0.5688993715024473,33.464564202084816,47.413325750698604
D,30,10,120,gaussian,aic,5,0.5,4203.166462000031,0.565102980826591,33.9354670691384,47.98312528285053
D,30,10,120,gaussian,aic,5,0.95,5231.655361209164,0.556796468435967,34.9935301778129,49.22536170636987
D,30,10,120,t,em,3,0.3,3727.8576879517886,0.5697830616010326,33.35920764851652,47.28056745086333
D,30,10,120,t,em,3,0.5,4098.1656185425445,0.5660133854970931,33.85056815192767,47.86846432397594
D,30,10,120,t,em,3,0.95,5166.9155487266635,0.5572945856838493,34.9529948316558,49.17031290543322
D,30,10,120,t,em,5,0.3,3744.2919937844426,0.5695545803728157,33.37049020899028,47.29850621067835
D,30,10,120,t,em,5,0.5,4110.168010427608,0.5658913383361059,33.85795397658042,47.87930009597129
D,30,10,120,t,em,5,0.95,5167.56261745698,0.5572910132548121,34.95420956076467,49.17214532083772
D,30,10,120,t,aic,3,0.3,3727.8576879517886,0.5697830616010326,33.35920764851652,47.28056745086333
D,30,10,120,t,aic,3,0.5,4098.1656185425445,0.5660133854970931,33.85056815192767,47.86846432397594
D,30,10,120,t,aic,3,0.95,5166.9155487266635,0.5572945856838493,34.9529948316558,49.17031290543322
D,30,10,120,t,aic,5,0.3,3744.2919937844426,0.5695545803728157,33.37049020899028,47.29850621067835
D,30,10,120,t,aic,5,0.5,4110.168010427608,0.5658913383361059,33.85795397658042,47.87930009597129
D,30,10,120,t,aic,5,0.95,5167.56261745698,0.5572910132548121,34.95420956076467,49.17214532083772
D,30,10,125,gamma,em,3,0.3,3832.0743250746636,0.5669452163325086,31.676733132366387,47.3734214943049
D,30,10,125,gamma,em,3,0.5,4226.608678894685,0.5630537311306776,32.12999909666569,47.93061395440928
D,30,10,125,gamma,em,3,0.95,5236.2336114809395,0.555199243801195,33.17906475630629,49.1600670478647
D,30,10,125,gamma,em,5,0.3,3832.0743250746636,0.5669452163325086,31.676733132366387,47.3734214943049
D,30,10,125,gamma,em,5,0.5,4226.608678894685,0.5630537311306776,32.12999909666569,47.93061395440928
D,30,10,125,gamma,em,5,0.95,5236.2336114809395,0.555199243801195,33.17906475630629,49.1600670478647
D,30,10,125,gamma,aic,3,0.3,3852.5011299857388,0.5664617406249491,31.689998676698885,47.394569520338145
D,30,10,125,gamma,aic,3,0.5,4185.161017659831,0.5633720427968567,32.122346922281174,47.906492541485285
D,30,10,125,gamma,aic,3,0.95,5229.175438417058,0.5554072204176,33.1740458270473,49.15328767073894
D,30,10,125,gamma,aic,5,0.3,3852.5011299857388,0.5664617406249491,31.689998676698885,47.394569520338145
D,30,10,125,gamma,aic,5,0.5,4185.161017659831,0.5633720427968567,32.122346922281174,47.906492541485285
D,30,10,125,gamma,aic,5,0.95,5229.175438417058,0.5554072204176,33.1740458270473,49.15328767073894
D,30,10,125,gaussian,em,3,0.3,4367.233554792852,0.5619858100567793,32.241999736630184,48.083648864371284
D,30,10,125,gaussian,em,3,0.5,4682.254193793226,0.5593038700495806,32.60683915882107,48.50250169976634
D,30,10,125,gaussian,em,3,0.95,5548.934730677094,0.5531739807645877,33.408699634899506,49.45021359019937
D,30,10,125,gaussian,em,5,0.3,4367.233554792852,0.5619858100567793,32.241999736630184,48.083648864371284
D,30,10,125,gaussian,em,5,0.5,4682.254193793226,0.5593038700495806,32.60683915882107,48.50250169976634
D,30,10,125,gaussian,em,5,0.95,5548.934730677094,0.5531739807645877,33.408699634899506,49.45021359019937
D,30,10,125,gaussian,aic,3,0.3,3813.069693902966,0.567060935199075,31.64120978880893,47.333808812383
D,30,10,125,gaussian,aic,3,0.5,4202.960737315337,0.5633697068993954,32.112112655862504,47.904608580568514
D,30,10,125,gaussian,aic,3,0.95,5231.44963652447,0.5552931123478957,33.17017576453701,49.14888692395773
D,30,10,125,gaussian,aic,5,0.3,3813.069693902966,0.567060935199075,31.64120978880893,47.333808812383
D,30,10,125,gaussian,aic,5,0.5,4202.960737315337,0.5633697068993954,32.112112655862504,47.904608580568514
D,30,10,125,gaussian,aic,5,0.95,5231.44963652447,0.5552931123478957,33.17017576453701,49.14888692395773
D,30,10,125,t,em,3,0.3,3727.6519632670947,0.5679198156853842,31.53585323524063,47.20079886380388
D,30,10,125,t,em,3,0.5,4097.959893857851,0.564254134631148,32.02721373865178,47.78973317754652
D,30,10,125,t,em,3,0.95,5166.709824041968,0.5557769273367358,33.129640418379914,49.09374296125419
D,30,10,125,t,em,5,0.3,3744.0862690997483,0.5676976590414264,31.547135795714393,47.2187685851337
D,30,10,125,t,em,5,0.5,4109.962285742915,0.5641355165823226,32.034599563304525,47.80058537484633
D,30,10,125,t,em,5,0.95,5167.356892772286,0.5557734475212701,33.13085514748878,49.09557524490168
D,30,10,125,t,aic,3,0.3,3727.6519632670947,0.5679198156853842,31.53585323524063,47.20079886380388
D,30,10,125,t,aic,3,0.5,4097.959893857851,0.564254134631148,32.02721373865178,47.78973317754652
D,30,10,125,t,aic,3,0.95,5166.709824041968,0.5557769273367358,33.129640418379914,49.09374296125419
D,30,10,125,t,aic,5,0.3,3744.0862690997483,0.5676976590414264,31.547135795714393,47.2187685851337
D,30,10,125,t,aic,5,0.5,4109.962285742915,0.5641355165823226,32.034599563304525,47.80058537484633
D,30,10,125,t,aic,5,0.95,5167.356892772286,0.5557734475212701,33.13085514748878,49.09557524490168
D,30,15,115,gamma,em,3,0.3,4054.355210644369,0.5686220909953997,35.71756731514713,48.0465374370758
D,30,15,115,gamma,em,3,0.5,4390.350097500841,0.5655797326177168,36.13559585627096,48.533354115240044
D,30,15,115,gamma,em,3,0.95,5233.549719217101,0.5587448288312911,37.01505444617468,49.53938470250025
D,30,15,115,gamma,em,5,0.3,4054.355210644369,0.5686220909953997,35.71756731514713,48.0465374370758
D,30,15,115,gamma,em,5,0.5,4390.350097500841,0.5655797326177168,36.13559585627096,48.533354115240044
D,30,15,115,gamma,em,5,0.95,5233.549719217101,0.5587448288312911,37.01505444617468,49.53938470250025
D,30,15,115,gamma,aic,3,0.3,3761.79430698434,0.5716151103079938,35.39010806160511,47.63708525900051
D,30,15,115,gamma,aic,3,0.5,4163.261446256845,0.5675703231350179,35.88859459608635,48.238456925793486
D,30,15,115,gamma,aic,3,0.95,5123.433344272617,0.5596023569594843,36.9000616583641,49.40665286015551
D,30,15,115,gamma,aic,5,0.3,3761.79430698434,0.5716151103079938,35.39010806160511,47.63708525900051
D,30,15,115,gamma,aic,5,0.5,4163.261446256845,0.5675703231350179,35.88859459608635,48.238456925793486
D,30,15,115,gamma,aic,5,0.95,5123.433344272617,0.5596023569594843,36.9000616583641,49.40665286015551
D,30,15,115,gaussian,em,3,0.3,7023.436812086693,0.5492045015475974,38.08343051262982,50.86358698439479
D,30,15,115,gaussian,em,3,0.5,7101.506461849536,0.5485535617861005,38.17275777616042,50.964954967635165
D,30,15,115,gaussian,em,3,0.95,7381.106098149874,0.5463832519673064,38.3823177154624,51.22612576587517
D,30,15,115,gaussian,em,5,0.3,7023.436812086693,0.5492045015475974,38.08343051262982,50.86358698439479
D,30,15,115,gaussian,em,5,0.5,7101.506461849536,0.5485535617861005,38.17275777616042,50.964954967635165
D,30,15,115,gaussian,em,5,0.95,7381.106098149874,0.5463832519673064,38.3823177154624,51.22612576587517
D,30,15,115,gaussian,aic,3,0.3,3758.5284630669194,0.5715961275181757,35.3925801767232,47.63735755028374
D,30,15,115,gaussian,aic,3,0.5,4146.888250625278,0.5676731411852056,35.88427595987619,48.23012910462002
D,30,15,115,gaussian,aic,3,0.95,5132.17174293687,0.5595267871386655,36.90215554842491,49.41748100404792
D,30,15,115,gaussian,aic,5,0.3,3758.5284630669194,0.5715961275181757,35.3925801767232,47.63735755028374
D,30,15,115,gaussian,aic,5,0.5,4146.888250625278,0.5676731411852056,35.88427595987619,48.23012910462002
D,30,15,115,gaussian,aic,5,0.95,5132.17174293687,0.5595267871386655,36.90215554842491,49.41748100404792
D,30,15,115,t,em,3,0.3,3822.7523216409922,0.570769890925922,35.501737039488106,47.7639913646665
D,30,15,115,t,em,3,0.5,4214.007823865695,0.5669804049937339,35.96331951774077,48.3236305870562
D,30,15,115,t,em,3,0.95,5167.111524664479,0.5592529151933723,36.94494213986923,49.46230245657551
D,30,15,115,t,em,5,0.3,3723.8393293768167,0.5718742248793467,35.36763548668031,47.60345938943251
D,30,15,115,t,em,5,0.5,4105.136539379544,0.5680135411864914,35.86262519907507,48.19555266823151
D,30,15,115,t,em,5,0.95,5102.160780928993,0.5596505409938437,36.885862268631726,49.39110100559989
D,30,15,115,t,aic,3,0.3,3822.7523216409922,0.570769890925922,35.501737039488106,47.7639913646665
D,30,15,115,t,aic,3,0.5,4214.007823865695,0.5669804049937339,35.96331951774077,48.3236305870562
D,30,15,115,t,aic,3,0.95,5167.111524664479,0.5592529151933723,36.94494213986923,49.46230245657551
D,30,15,115,t,aic,5,0.3,3723.8393293768167,0.5718742248793467,35.36763548668031,47.60345938943251
D,30,15,115,t,aic,5,0.5,4105.136539379544,0.5680135411864914,35.86262519907507,48.19555266823151
D,30,15,115,t,aic,5,0.95,5102.160780928993,0.5596505409938437,36.885862268631726,49.39110100559989
D,30,15,120,gamma,em,3,0.3,4053.953887555375,0.566510809335522,33.73290955848213,47.747663019678455
D,30,15,120,gamma,em,3,0.5,4389.948774411847,0.5635655189270248,34.15093809960595,48.23749782312558
D,30,15,120,gamma,em,3,0.95,5233.1483961281065,0.5569507588220303,35.03039668950968,49.2496479892286
D,30,15,120,gamma,em,5,0.3,4053.953887555375,0.566510809335522,33.73290955848213,47.747663019678455
D,30,15,120,gamma,em,5,0.5,4389.948774411847,0.5635655189270248,34.15093809960595,48.23749782312558
D,30,15,120,gamma,em,5,0.95,5233.1483961281065,0.5569507588220303,35.03039668950968,49.2496479892286
D,30,15,120,gamma,aic,3,0.3,3761.3929838953454,0.5694092196758656,33.40545030494011,47.3356898854257
D,30,15,120,gamma,aic,3,0.5,4162.86012316785,0.5654945962928267,33.90393683942135,47.94088366078399
D,30,15,120,gamma,aic,3,0.95,5123.032021183624,0.5577815438430409,34.915403901699094,49.11620444747159
D,30,15,120,gamma,aic,5,0.3,3761.3929838953454,0.5694092196758656,33.40545030494011,47.3356898854257
D,30,15,120,gamma,aic,5,0.5,4162.86012316785,0.5654945962928267,33.90393683942135,47.94088366078399
D,30,15,120,gamma,aic,5,0.95,5123.032021183624,0.5577815438430409,34.915403901699094,49.11620444747159
D,30,15,120,gaussian,em,3,0.3,7023.035488997698,0.5477206304271351,36.098772755964816,50.581513924096555
D,30,15,120,gaussian,em,3,0.5,7101.105138760543,0.5470903827640283,36.18810001949542,50.6834959900875
D,30,15,120,gaussian,em,3,0.95,7380.704775060881,0.5449890628379459,36.39765995879739,50.94619239147265
D,30,15,120,gaussian,em,5,0.3,7023.035488997698,0.5477206304271351,36.098772755964816,50.581513924096555
D,30,15,120,gaussian,em,5,0.5,7101.105138760543,0.5470903827640283,36.18810001949542,50.6834959900875
D,30,15,120,gaussian,em,5,0.95,7380.704775060881,0.5449890628379459,36.39765995879739,50.94619239147265
D,30,15,120,gaussian,aic,3,0.3,3758.1271399779253,0.5693930838167701,33.407922420058206,47.33592023371051
D,30,15,120,gaussian,aic,3,0.5,4146.4869275362835,0.5655960324493948,33.89961820321119,47.932461818623025
D,30,15,120,gaussian,aic,3,0.95,5131.770419847877,0.5577098007212025,34.91749779175991,49.12709434411913
D,30,15,120,gaussian,aic,5,0.3,3758.1271399779253,0.5693930838167701,33.407922420058206,47.33592023371051
D,30,15,120,gaussian,aic,5,0.5,4146.4869275362835,0.5655960324493948,33.89961820321119,47.932461818623025
D,30,15,120,gaussian,aic,5,0.95,5131.770419847877,0.5577098007212025,34.91749779175991,49.12709434411913
D,30,15,120,t,em,3,0.3,3822.350998551998,0.5685868513520751,33.51707928282311,47.46294530557191
D,30,15,120,t,em,3,0.5,4213.6065007767,0.5649200549112672,33.97866176107577,48.02621550459266
D,30,15,120,t,em,3,0.95,5166.7102015754845,0.5574416866254243,34.960284383204225,49.17198100901785
D,30,15,120,t,em,5,0.3,3723.4380062878217,0.5696594141218518,33.382977730015305,47.301644089910056
D,30,15,120,t,em,5,0.5,4104.73521629055,0.565923132702817,33.87796744241005,47.89751958361535
D,30,15,120,t,em,5,0.95,5101.759457839999,0.55782811176919,34.901204511966725,49.10047793359129
D,30,15,120,t,aic,3,0.3,3822.350998551998,0.5685868513520751,33.51707928282311,47.46294530557191
D,30,15,120,t,aic,3,0.5,4213.6065007767,0.5649200549112672,33.97866176107577,48.02621550459266
D,30,15,120,t,aic,3,0.95,5166.7102015754845,0.5574416866254243,34.960284383204225,49.17198100901785
D,30,15,120,t,aic,5,0.3,3723.4380062878217,0.5696594141218518,33.382977730015305,47.301644089910056
D,30,15,120,t,aic,5,0.5,4104.73521629055,0.565923132702817,33.87796744241005,47.89751958361535
D,30,15,120,t,aic,5,0.95,5101.759457839999,0.55782811176919,34.901204511966725,49.10047793359129
D,30,15,125,gamma,em,3,0.3,4053.748162870682,0.564736707801915,31.90955514520624,47.668686154092335
D,30,15,125,gamma,em,3,0.5,4389.743049727154,0.5618728965916245,32.32758368633007,48.15933752355575
D,30,15,125,gamma,em,3,0.95,5232.942671443412,0.5554423666653434,33.20704227623379,49.17319169210492
D,30,15,125,gamma,em,5,0.3,4053.748162870682,0.564736707801915,31.90955514520624,47.668686154092335
D,30,15,125,gamma,em,5,0.5,4389.743049727154,0.5618728965916245,32.32758368633007,48.15933752355575
D,30,15,125,gamma,em,5,0.95,5232.942671443412,0.5554423666653434,33.20704227623379,49.17319169210492
D,30,15,125,gamma,aic,3,0.3,3761.187259210652,0.5675556075908762,31.58209589166422,47.25606750938614
D,30,15,125,gamma,aic,3,0.5,4162.654398483157,0.56374976127976,32.08058242614546,47.86231703269558
D,30,15,125,gamma,aic,3,0.95,5122.826296498929,0.556250426040042,33.092049488423214,49.03958977846766
D,30,15,125,gamma,aic,5,0.3,3761.187259210652,0.5675556075908762,31.58209589166422,47.25606750938614
D,30,15,125,gamma,aic,5,0.5,4162.654398483157,0.56374976127976,32.08058242614546,47.86231703269558
D,30,15,125,gamma,aic,5,0.95,5122.826296498929,0.556250426040042,33.092049488423214,49.03958977846766
D,30,15,125,gaussian,em,3,0.3,7022.8297643130045,0.5464679772077806,34.27541834268893,50.50705378750759
D,30,15,125,gaussian,em,3,0.5,7100.899414075849,0.5458553585656158,34.36474560621953,50.609226484560935
D,30,15,125,gaussian,em,3,0.95,7380.499050376186,0.5438128158713287,34.574305545521504,50.87239628265563
D,30,15,125,gaussian,em,5,0.3,7022.8297643130045,0.5464679772077806,34.27541834268893,50.50705378750759
D,30,15,125,gaussian,em,5,0.5,7100.899414075849,0.5458553585656158,34.36474560621953,50.609226484560935
D,30,15,125,gaussian,em,5,0.95,7380.499050376186,0.5438128158713287,34.574305545521504,50.87239628265563
D,30,15,125,gaussian,aic,3,0.3,3757.9214152932313,0.5675416353422241,31.58456800678232,47.25626619683209
D,30,15,125,gaussian,aic,3,0.5,4146.281202851589,0.5638498383348379,32.076263789935304,47.85385004993044
D,30,15,125,gaussian,aic,3,0.95,5131.5646951631825,0.556181662077796,33.09414337848401,49.050492037308274
D,30,15,125,gaussian,aic,5,0.3,3757.9214152932313,0.5675416353422241,31.58456800678232,47.25626619683209
D,30,15,125,gaussian,aic,5,0.5,4146.281202851589,0.5638498383348379,32.076263789935304,47.85385004993044
D,30,15,125,gaussian,aic,5,0.95,5131.5646951631825,0.556181662077796,33.09414337848401,49.050492037308274
D,30,15,125,t,em,3,0.3,3822.1452738673033,0.5667544059699926,31.693724869547232,47.383179512353635
D,30,15,125,t,em,3,0.5,4213.400776092006,0.5631897631239463,32.15530734779989,47.94749298424331
D,30,15,125,t,em,3,0.95,5166.504476890791,0.5559195061277042,33.13692996992833,49.09529011175425
D,30,15,125,t,em,5,0.3,3723.2322816031287,0.5677990370342506,31.55962331673942,47.22180838200709
D,30,15,125,t,em,5,0.5,4104.5294916058565,0.5641666835842392,32.054613029134174,47.81873493590621
D,30,15,125,t,em,5,0.95,5101.553733155305,0.5562959249663577,33.07785009869084,49.0237744300756
D,30,15,125,t,aic,3,0.3,3822.1452738673033,0.5667544059699926,31.693724869547232,47.383179512353635
D,30,15,125,t,aic,3,0.5,4213.400776092006,0.5631897631239463,32.15530734779989,47.94749298424331
D,30,15,125,t,aic,3,0.95,5166.504476890791,0.5559195061277042,33.13692996992833,49.09529011175425
D,30,15,125,t,aic,5,0.3,3723.2322816031287,0.5677990370342506,31.55962331673942,47.22180838200709
D,30,15,125,t,aic,5,0.5,4104.5294916058565,0.5641666835842392,32.054613029134174,47.81873493590621
D,30,15,125,t,aic,5,0.95,5101.553733155305,0.5562959249663577,33.07785009869084,49.0237744300756
D,30,20,115,gamma,em,3,0.3,3687.8377082064158,0.572498495488109,35.304691590244275,47.52975355859137
D,30,20,115,gamma,em,3,0.5,4045.847863329782,0.5687737042446912,35.76110504496287,48.07749296368669
D,30,20,115,gamma,em,3,0.95,5047.49825069673,0.5601304702366995,36.822239434638135,49.32118617041327
D,30,20,115,gamma,em,5,0.3,3687.8377082064158,0.572498495488109,35.304691590244275,47.52975355859137
D,30,20,115,gamma,em,5,0.5,4045.847863329782,0.5687737042446912,35.76110504496287,48.07749296368669
D,30,20,115,gamma,em,5,0.95,5047.49825069673,0.5601304702366995,36.822239434638135,49.32118617041327
D,30,20,115,gamma,aic,3,0.3,3731.6277347747114,0.5718001519888053,35.34442783445879,47.59030277110922
D,30,20,115,gamma,aic,3,0.5,4094.780132164028,0.5680509281148078,35.788332298227616,48.1188838044395
D,30,20,115,gamma,aic,3,0.95,5062.590513052304,0.5599872034936031,36.84274925812988,49.348752769789634
D,30,20,115,gamma,aic,5,0.3,3731.6277347747114,0.5718001519888053,35.34442783445879,47.59030277110922
D,30,20,115,gamma,aic,5,0.5,4094.780132164028,0.5680509281148078,35.788332298227616,48.1188838044395
D,30,20,115,gamma,aic,5,0.95,5062.590513052304,0.5599872034936031,36.84274925812988,49.348752769789634
D,30,20,115,gaussian,em,3,0.3,5233.035589942725,0.5601116264314795,36.712577971978405,49.23143988964742
D,30,20,115,gaussian,em,3,0.5,5438.282704187242,0.558357027465629,36.95457446925021,49.506115487673604
D,30,20,115,gaussian,em,3,0.95,5955.353012163776,0.5546114224216036,37.44392568897948,50.08402170922775
D,30,20,115,gaussian,em,5,0.3,5233.035589942725,0.5601116264314795,36.712577971978405,49.23143988964742
D,30,20,115,gaussian,em,5,0.5,5438.282704187242,0.558357027465629,36.95457446925021,49.506115487673604
D,30,20,115,gaussian,em,5,0.95,5955.353012163776,0.5546114224216036,37.44392568897948,50.08402170922775
D,30,20,115,gaussian,aic,3,0.3,3730.32045131537,0.571788066155256,35.35908945251626,47.60145517042811
D,30,20,115,gaussian,aic,3,0.5,4134.466334338954,0.5677884215667746,35.79463385664192,48.14210436592905
D,30,20,115,gaussian,aic,3,0.95,5107.613702378394,0.5596117711571714,36.85024853459081,49.36724858460051
D,30,20,115,gaussian,aic,5,0.3,3730.32045131537,0.571788066155256,35.35908945251626,47.60145517042811
D,30,20,115,gaussian,aic,5,0.5,4134.466334338954,0.5677884215667746,35.79463385664192,48.14210436592905
D,30,20,115,gaussian,aic,5,0.95,5107.613702378394,0.5596117711571714,36.85024853459081,49.36724858460051
D,30,20,115,t,em,3,0.3,3611.1625150290797,0.5733120584820588,35.23262341147799,47.435578690360714
D,30,20,115,t,em,3,0.5,4019.415290988589,0.5690069165522139,35.70409667074141,48.01778693111186
D,30,20,115,t,em,3,0.95,5003.769339304099,0.5605000100847852,36.78648351185812,49.277572699648815
D,30,20,115,t,em,5,0.3,3759.9500914181544,0.5716491396467276,35.39910951774332,47.64694789733589
D,30,20,115,t,em,5,0.5,4168.939610037911,0.5676066154006264,35.85531951204278,48.20398428110633
D,30,20,115,t,em,5,0.95,5119.322601605831,0.5597999773001265,36.87637565312641,49.39178633679806
D,30,20,115,t,aic,3,0.3,3611.1625150290797,0.5733120584820588,35.23262341147799,47.435578690360714
D,30,20,115,t,aic,3,0.5,4019.415290988589,0.5690069165522139,35.70409667074141,48.01778693111186
D,30,20,115,t,aic,3,0.95,5003.769339304099,0.5605000100847852,36.78648351185812,49.277572699648815
D,30,20,115,t,aic,5,0.3,3759.9500914181544,0.5716491396467276,35.39910951774332,47.64694789733589
D,30,20,115,t,aic,5,0.5,4168.939610037911,0.5676066154006264,35.85531951204278,48.20398428110633
D,30,20,115,t,aic,5,0.95,5119.322601605831,0.5597999773001265,36.87637565312641,49.39178633679806
D,30,20,120,gamma,em,3,0.3,3687.4363851174217,0.5702674948057673,33.320033833579274,47.22759822912086
D,30,20,120,gamma,em,3,0.5,4045.446540240787,0.5666611064720704,33.77644728829786,47.77884525877931
D,30,20,120,gamma,em,3,0.95,5047.096927607736,0.5582962265024297,34.837581677973134,49.03033704620315
D,30,20,120,gamma,em,5,0.3,3687.4363851174217,0.5702674948057673,33.320033833579274,47.22759822912086
D,30,20,120,gamma,em,5,0.5,4045.446540240787,0.5666611064720704,33.77644728829786,47.77884525877931
D,30,20,120,gamma,em,5,0.95,5047.096927607736,0.5582962265024297,34.837581677973134,49.03033704620315
D,30,20,120,gamma,aic,3,0.3,3731.2264116857164,0.5695891581644738,33.35977007779378,47.28839219019254
D,30,20,120,gamma,aic,3,0.5,4094.3788090750336,0.5659597980366163,33.80367454156261,47.82041798169289
D,30,20,120,gamma,aic,3,0.95,5062.18918996331,0.558154990087779,34.85809150146488,49.057967111021966
D,30,20,120,gamma,aic,5,0.3,3731.2264116857164,0.5695891581644738,33.35977007779378,47.28839219019254
D,30,20,120,gamma,aic,5,0.5,4094.3788090750336,0.5659597980366163,33.80367454156261,47.82041798169289
D,30,20,120,gamma,aic,5,0.95,5062.18918996331,0.558154990087779,34.85809150146488,49.057967111021966
D,30,20,120,gaussian,em,3,0.3,5232.634266853733,0.5582747725646157,34.727920215313404,48.93977408501906
D,30,20,120,gaussian,em,3,0.5,5437.881381098248,0.556577521935355,34.96991671258521,49.216170635081994
D,30,20,120,gaussian,em,3,0.95,5954.951689074783,0.5529516227731761,35.45926793231448,49.79752928296042
D,30,20,120,gaussian,em,5,0.3,5232.634266853733,0.5582747725646157,34.727920215313404,48.93977408501906
D,30,20,120,gaussian,em,5,0.5,5437.881381098248,0.556577521935355,34.96991671258521,49.216170635081994
D,30,20,120,gaussian,em,5,0.95,5954.951689074783,0.5529516227731761,35.45926793231448,49.79752928296042
D,30,20,120,gaussian,aic,3,0.3,3729.9191282263755,0.5695758594922607,33.374431695851264,47.299653098966246
D,30,20,120,gaussian,aic,3,0.5,4134.06501124996,0.5657045252362517,33.809976099976915,47.84382433979556
D,30,20,120,gaussian,aic,3,0.95,5107.2123792894,0.5577914877603285,34.8655907779258,49.07659123495385
D,30,20,120,gaussian,aic,5,0.3,3729.9191282263755,0.5695758594922607,33.374431695851264,47.299653098966246
D,30,20,120,gaussian,aic,5,0.5,4134.06501124996,0.5657045252362517,33.809976099976915,47.84382433979556
D,30,20,120,gaussian,aic,5,0.95,5107.2123792894,0.5577914877603285,34.8655907779258,49.07659123495385
D,30,20,120,t,em,3,0.3,3610.761191940085,0.5710544988821742,33.24796565481299,47.13278376418979
D,30,20,120,t,em,3,0.5,4019.0139678995934,0.5668867546927717,33.71943891407641,47.71874558337033
D,30,20,120,t,em,3,0.95,5003.368016215105,0.5586535441838956,34.80182575519312,48.98645320601175
D,30,20,120,t,em,5,0.3,3759.54876832916,0.5694477761637341,33.41445176107832,47.34560744564497
D,30,20,120,t,em,5,0.5,4168.538286948917,0.5655337829478653,33.870661755377775,47.90619630532713
D,30,20,120,t,em,5,0.95,5118.9212785168365,0.5579771750839125,34.89171789646141,49.101394554243406
D,30,20,120,t,aic,3,0.3,3610.761191940085,0.5710544988821742,33.24796565481299,47.13278376418979
D,30,20,120,t,aic,3,0.5,4019.0139678995934,0.5668867546927717,33.71943891407641,47.71874558337033
D,30,20,120,t,aic,3,0.95,5003.368016215105,0.5586535441838956,34.80182575519312,48.98645320601175
D,30,20,120,t,aic,5,0.3,3759.54876832916,0.5694477761637341,33.41445176107832,47.34560744564497
D,30,20,120,t,aic,5,0.5,4168.538286948917,0.5655337829478653,33.870661755377775,47.90619630532713
D,30,20,120,t,aic,5,0.95,5118.9212785168365,0.5579771750839125,34.89171789646141,49.101394554243406
D,30,20,125,gamma,em,3,0.3,3687.2306604327277,0.5683926148602475,31.496679420303384,47.14779393417734
D,30,20,125,gamma,em,3,0.5,4045.2408155560943,0.5648854002091379,31.95309287502198,47.69999418388658
D,30,20,125,gamma,em,3,0.95,5046.891202923042,0.556752902511138,33.01422726469725,48.95369078730944
D,30,20,125,gamma,em,5,0.3,3687.2306604327277,0.5683926148602475,31.496679420303384,47.14779393417734
D,30,20,125,gamma,em,5,0.5,4045.2408155560943,0.5648854002091379,31.95309287502198,47.69999418388658
D,30,20,125,gamma,em,5,0.95,5046.891202923042,0.556752902511138,33.01422726469725,48.95369078730944
D,30,20,125,gamma,aic,3,0.3,3731.0206870010234,0.5677318641616063,31.536415664517904,47.208552684729355
D,30,20,125,gamma,aic,3,0.5,4094.17308439034,0.5642027551512738,31.980320128286717,47.7415618603818
D,30,20,125,gamma,aic,3,0.95,5061.983465278615,0.5566143380500027,33.03473708818898,48.98127078423455
D,30,20,125,gamma,aic,5,0.3,3731.0206870010234,0.5677318641616063,31.536415664517904,47.208552684729355
D,30,20,125,gamma,aic,5,0.5,4094.17308439034,0.5642027551512738,31.980320128286717,47.7415618603818
D,30,20,125,gamma,aic,5,0.95,5061.983465278615,0.5566143380500027,33.03473708818898,48.98127078423455
D,30,20,125,gaussian,em,3,0.3,5232.428542169038,0.5567322015717467,32.90456580203751,48.863003163798126
D,30,20,125,gaussian,em,3,0.5,5437.675656413553,0.55508225577184,33.14656229930932,49.139866899453956
D,30,20,125,gaussian,em,3,0.95,5954.745964390088,0.5515562312727239,33.63591351903859,49.72212347030974
D,30,20,125,gaussian,em,5,0.3,5232.428542169038,0.5567322015717467,32.90456580203751,48.863003163798126
D,30,20,125,gaussian,em,5,0.5,5437.675656413553,0.55508225577184,33.14656229930932,49.139866899453956
D,30,20,125,gaussian,em,5,0.95,5954.745964390088,0.5515562312727239,33.63591351903859,49.72212347030974
D,30,20,125,gaussian,aic,3,0.3,3729.713403541682,0.5677178488024902,31.55107728257537,47.21984971612196
D,30,20,125,gaussian,aic,3,0.5,4133.859286565266,0.563953640911002,31.986621686701028,47.76502838453925
D,30,20,125,gaussian,aic,3,0.95,5107.0066546047065,0.5562607328178943,33.042236364649916,48.999935875350374
D,30,20,125,gaussian,aic,5,0.3,3729.713403541682,0.5677178488024902,31.55107728257537,47.21984971612196
D,30,20,125,gaussian,aic,5,0.5,4133.859286565266,0.563953640911002,31.986621686701028,47.76502838453925
D,30,20,125,gaussian,aic,5,0.95,5107.0066546047065,0.5562607328178943,33.042236364649916,48.999935875350374
D,30,20,125,t,em,3,0.3,3610.5554672553917,0.5691573940837729,31.4246112415371,47.052769210154075
D,30,20,125,t,em,3,0.5,4018.8082432149,0.5651046934861329,31.89608450080052,47.63976832996356
D,30,20,125,t,em,3,0.95,5003.162291530411,0.5571000490854882,32.978471341917235,48.90971921162179
D,30,20,125,t,em,5,0.3,3759.3430436444664,0.5675964171782593,31.591097347802428,47.26604768814228
D,30,20,125,t,em,5,0.5,4168.332562264223,0.5637902467335609,32.04730734210189,47.827612660577564
D,30,20,125,t,em,5,0.95,5118.715553832143,0.5564429404284155,33.06836348318553,49.024889231561545
D,30,20,125,t,aic,3,0.3,3610.5554672553917,0.5691573940837729,31.4246112415371,47.052769210154075
D,30,20,125,t,aic,3,0.5,4018.8082432149,0.5651046934861329,31.89608450080052,47.63976832996356
D,30,20,125,t,aic,3,0.95,5003.162291530411,0.5571000490854882,32.978471341917235,48.90971921162179
D,30,20,125,t,aic,5,0.3,3759.3430436444664,0.5675964171782593,31.591097347802428,47.26604768814228
D,30,20,125,t,aic,5,0.5,4168.332562264223,0.5637902467335609,32.04730734210189,47.827612660577564
D,30,20,125,t,aic,5,0.95,5118.715553832143,0.5564429404284155,33.06836348318553,49.024889231561545
