feature_set,window_size,n_components,clipping_threshold,baseline_estimation_method,n_baseline_knots,penalizer,l1_ratio,confidence_threshold,mean_S_score,mean_C_index,mean_MAE,mean_RMSE
A,20,10,115,breslow,3,0.0,0.0,0.3,,,,
A,20,10,115,breslow,3,0.0,0.0,0.5,,,,
A,20,10,115,breslow,3,0.0,0.0,0.95,,,,
A,20,10,115,breslow,3,0.0,0.5,0.3,,,,
A,20,10,115,breslow,3,0.0,0.5,0.5,,,,
A,20,10,115,breslow,3,0.0,0.5,0.95,,,,
A,20,10,115,breslow,3,0.0,1.0,0.3,,,,
A,20,10,115,breslow,3,0.0,1.0,0.5,,,,
A,20,10,115,breslow,3,0.0,1.0,0.95,,,,
A,20,10,115,breslow,3,0.1,0.0,0.3,7193.563157368003,0.5462211446682973,36.716839341356106,49.775774993022694
A,20,10,115,breslow,3,0.1,0.0,0.5,7333.334544333225,0.5442927490943034,36.75749674720295,49.881796828340995
A,20,10,115,breslow,3,0.1,0.0,0.95,,,,
A,20,10,115,breslow,3,0.1,0.5,0.3,7230.912864250752,0.5460325478352379,36.72326506871595,49.78873406985973
A,20,10,115,breslow,3,0.1,0.5,0.5,7333.347190314154,0.5442920775031949,36.758064123089476,49.88242254464081
A,20,10,115,breslow,3,0.1,0.5,0.95,,,,
A,20,10,115,breslow,3,0.1,1.0,0.3,7230.912864250752,0.5460325478352379,36.72326506871595,49.78873406985973
A,20,10,115,breslow,3,0.1,1.0,0.5,7333.347190314154,0.5442920775031949,36.758064123089476,49.88242254464081
A,20,10,115,breslow,3,0.1,1.0,0.95,,,,
A,20,10,115,breslow,3,1.0,0.0,0.3,7230.912864250752,0.5460325478352379,36.72326506871595,49.78873406985973
A,20,10,115,breslow,3,1.0,0.0,0.5,7333.347190314154,0.5442920775031949,36.758064123089476,49.88242254464081
A,20,10,115,breslow,3,1.0,0.0,0.95,,,,
A,20,10,115,breslow,3,1.0,0.5,0.3,7230.912864250752,0.5460325478352379,36.72326506871595,49.78873406985973
A,20,10,115,breslow,3,1.0,0.5,0.5,7333.347190314154,0.5442920775031949,36.758064123089476,49.88242254464081
A,20,10,115,breslow,3,1.0,0.5,0.95,,,,
A,20,10,115,breslow,3,1.0,1.0,0.3,7230.912864250752,0.5460325478352379,36.72326506871595,49.78873406985973
A,20,10,115,breslow,3,1.0,1.0,0.5,7333.347190314154,0.5442920775031949,36.758064123089476,49.88242254464081
A,20,10,115,breslow,3,1.0,1.0,0.95,,,,
A,20,10,115,breslow,5,0.0,0.0,0.3,,,,
A,20,10,115,breslow,5,0.0,0.0,0.5,,,,
A,20,10,115,breslow,5,0.0,0.0,0.95,,,,
A,20,10,115,breslow,5,0.0,0.5,0.3,,,,
A,20,10,115,breslow,5,0.0,0.5,0.5,,,,
A,20,10,115,breslow,5,0.0,0.5,0.95,,,,
A,20,10,115,breslow,5,0.0,1.0,0.3,,,,
A,20,10,115,breslow,5,0.0,1.0,0.5,,,,
A,20,10,115,breslow,5,0.0,1.0,0.95,,,,
A,20,10,115,breslow,5,0.1,0.0,0.3,7193.563157368003,0.5462211446682973,36.716839341356106,49.775774993022694
A,20,10,115,breslow,5,0.1,0.0,0.5,7333.334544333225,0.5442927490943034,36.75749674720295,49.881796828340995
A,20,10,115,breslow,5,0.1,0.0,0.95,,,,
A,20,10,115,breslow,5,0.1,0.5,0.3,7230.912864250752,0.5460325478352379,36.72326506871595,49.78873406985973
A,20,10,115,breslow,5,0.1,0.5,0.5,7333.347190314154,0.5442920775031949,36.758064123089476,49.88242254464081
A,20,10,115,breslow,5,0.1,0.5,0.95,,,,
A,20,10,115,breslow,5,0.1,1.0,0.3,7230.912864250752,0.5460325478352379,36.72326506871595,49.78873406985973
A,20,10,115,breslow,5,0.1,1.0,0.5,7333.347190314154,0.5442920775031949,36.758064123089476,49.88242254464081
A,20,10,115,breslow,5,0.1,1.0,0.95,,,,
A,20,10,115,breslow,5,1.0,0.0,0.3,7230.912864250752,0.5460325478352379,36.72326506871595,49.78873406985973
A,20,10,115,breslow,5,1.0,0.0,0.5,7333.347190314154,0.5442920775031949,36.758064123089476,49.88242254464081
A,20,10,115,breslow,5,1.0,0.0,0.95,,,,
A,20,10,115,breslow,5,1.0,0.5,0.3,7230.912864250752,0.5460325478352379,36.72326506871595,49.78873406985973
A,20,10,115,breslow,5,1.0,0.5,0.5,7333.347190314154,0.5442920775031949,36.758064123089476,49.88242254464081
A,20,10,115,breslow,5,1.0,0.5,0.95,,,,
A,20,10,115,breslow,5,1.0,1.0,0.3,7230.912864250752,0.5460325478352379,36.72326506871595,49.78873406985973
A,20,10,115,breslow,5,1.0,1.0,0.5,7333.347190314154,0.5442920775031949,36.758064123089476,49.88242254464081
A,20,10,115,breslow,5,1.0,1.0,0.95,,,,
A,20,10,115,spline,3,0.0,0.0,0.3,,,,
A,20,10,115,spline,3,0.0,0.0,0.5,,,,
A,20,10,115,spline,3,0.0,0.0,0.95,,,,
A,20,10,115,spline,3,0.0,0.5,0.3,,,,
A,20,10,115,spline,3,0.0,0.5,0.5,,,,
A,20,10,115,spline,3,0.0,0.5,0.95,,,,
A,20,10,115,spline,3,0.0,1.0,0.3,,,,
A,20,10,115,spline,3,0.0,1.0,0.5,,,,
A,20,10,115,spline,3,0.0,1.0,0.95,,,,
A,20,10,115,spline,3,0.1,0.0,0.3,,,,
A,20,10,115,spline,3,0.1,0.0,0.5,,,,
A,20,10,115,spline,3,0.1,0.0,0.95,,,,
A,20,10,115,spline,3,0.1,0.5,0.3,,,,
A,20,10,115,spline,3,0.1,0.5,0.5,,,,
A,20,10,115,spline,3,0.1,0.5,0.95,,,,
A,20,10,115,spline,3,0.1,1.0,0.3,,,,
A,20,10,115,spline,3,0.1,1.0,0.5,,,,
A,20,10,115,spline,3,0.1,1.0,0.95,,,,
A,20,10,115,spline,3,1.0,0.0,0.3,,,,
A,20,10,115,spline,3,1.0,0.0,0.5,,,,
A,20,10,115,spline,3,1.0,0.0,0.95,,,,
A,20,10,115,spline,3,1.0,0.5,0.3,,,,
A,20,10,115,spline,3,1.0,0.5,0.5,,,,
A,20,10,115,spline,3,1.0,0.5,0.95,,,,
A,20,10,115,spline,3,1.0,1.0,0.3,,,,
A,20,10,115,spline,3,1.0,1.0,0.5,,,,
A,20,10,115,spline,3,1.0,1.0,0.95,,,,
A,20,10,115,spline,5,0.0,0.0,0.3,,,,
A,20,10,115,spline,5,0.0,0.0,0.5,,,,
A,20,10,115,spline,5,0.0,0.0,0.95,,,,
A,20,10,115,spline,5,0.0,0.5,0.3,,,,
A,20,10,115,spline,5,0.0,0.5,0.5,,,,
A,20,10,115,spline,5,0.0,0.5,0.95,,,,
A,20,10,115,spline,5,0.0,1.0,0.3,,,,
A,20,10,115,spline,5,0.0,1.0,0.5,,,,
A,20,10,115,spline,5,0.0,1.0,0.95,,,,
A,20,10,115,spline,5,0.1,0.0,0.3,,,,
A,20,10,115,spline,5,0.1,0.0,0.5,,,,
A,20,10,115,spline,5,0.1,0.0,0.95,,,,
A,20,10,115,spline,5,0.1,0.5,0.3,,,,
A,20,10,115,spline,5,0.1,0.5,0.5,,,,
A,20,10,115,spline,5,0.1,0.5,0.95,,,,
A,20,10,115,spline,5,0.1,1.0,0.3,,,,
A,20,10,115,spline,5,0.1,1.0,0.5,,,,
A,20,10,115,spline,5,0.1,1.0,0.95,,,,
A,20,10,115,spline,5,1.0,0.0,0.3,,,,
A,20,10,115,spline,5,1.0,0.0,0.5,,,,
A,20,10,115,spline,5,1.0,0.0,0.95,,,,
A,20,10,115,spline,5,1.0,0.5,0.3,,,,
A,20,10,115,spline,5,1.0,0.5,0.5,,,,
A,20,10,115,spline,5,1.0,0.5,0.95,,,,
A,20,10,115,spline,5,1.0,1.0,0.3,,,,
A,20,10,115,spline,5,1.0,1.0,0.5,,,,
A,20,10,115,spline,5,1.0,1.0,0.95,,,,
A,20,10,120,breslow,3,0.0,0.0,0.3,,,,
A,20,10,120,breslow,3,0.0,0.0,0.5,,,,
A,20,10,120,breslow,3,0.0,0.0,0.95,,,,
A,20,10,120,breslow,3,0.0,0.5,0.3,,,,
A,20,10,120,breslow,3,0.0,0.5,0.5,,,,
A,20,10,120,breslow,3,0.0,0.5,0.95,,,,
A,20,10,120,breslow,3,0.0,1.0,0.3,,,,
A,20,10,120,breslow,3,0.0,1.0,0.5,,,,
A,20,10,120,breslow,3,0.0,1.0,0.95,,,,
A,20,10,120,breslow,3,0.1,0.0,0.3,7193.130586913752,0.5447228566171923,34.545239454524335,49.461143499894156
A,20,10,120,breslow,3,0.1,0.0,0.5,7332.890040088091,0.5428786303483293,34.578331848550846,49.56404930228181
A,20,10,120,breslow,3,0.1,0.0,0.95,,,,
A,20,10,120,breslow,3,0.1,0.5,0.3,7230.480293796501,0.5445412032071906,34.55166518188418,49.474194062061066
A,20,10,120,breslow,3,0.1,0.5,0.5,7332.902686069021,0.5428779793535482,34.578899224437365,49.564677783387346
A,20,10,120,breslow,3,0.1,0.5,0.95,,,,
A,20,10,120,breslow,3,0.1,1.0,0.3,7230.480293796501,0.5445412032071906,34.55166518188418,49.474194062061066
A,20,10,120,breslow,3,0.1,1.0,0.5,7332.902686069021,0.5428779793535482,34.578899224437365,49.564677783387346
A,20,10,120,breslow,3,0.1,1.0,0.95,,,,
A,20,10,120,breslow,3,1.0,0.0,0.3,7230.480293796501,0.5445412032071906,34.55166518188418,49.474194062061066
A,20,10,120,breslow,3,1.0,0.0,0.5,7332.902686069021,0.5428779793535482,34.578899224437365,49.564677783387346
A,20,10,120,breslow,3,1.0,0.0,0.95,,,,
A,20,10,120,breslow,3,1.0,0.5,0.3,7230.480293796501,0.5445412032071906,34.55166518188418,49.474194062061066
A,20,10,120,breslow,3,1.0,0.5,0.5,7332.902686069021,0.5428779793535482,34.578899224437365,49.564677783387346
A,20,10,120,breslow,3,1.0,0.5,0.95,,,,
A,20,10,120,breslow,3,1.0,1.0,0.3,7230.480293796501,0.5445412032071906,34.55166518188418,49.474194062061066
A,20,10,120,breslow,3,1.0,1.0,0.5,7332.902686069021,0.5428779793535482,34.578899224437365,49.564677783387346
A,20,10,120,breslow,3,1.0,1.0,0.95,,,,
A,20,10,120,breslow,5,0.0,0.0,0.3,,,,
A,20,10,120,breslow,5,0.0,0.0,0.5,,,,
A,20,10,120,breslow,5,0.0,0.0,0.95,,,,
A,20,10,120,breslow,5,0.0,0.5,0.3,,,,
A,20,10,120,breslow,5,0.0,0.5,0.5,,,,
A,20,10,120,breslow,5,0.0,0.5,0.95,,,,
A,20,10,120,breslow,5,0.0,1.0,0.3,,,,
A,20,10,120,breslow,5,0.0,1.0,0.5,,,,
A,20,10,120,breslow,5,0.0,1.0,0.95,,,,
A,20,10,120,breslow,5,0.1,0.0,0.3,7193.130586913752,0.5447228566171923,34.545239454524335,49.461143499894156
A,20,10,120,breslow,5,0.1,0.0,0.5,7332.890040088091,0.5428786303483293,34.578331848550846,49.56404930228181
A,20,10,120,breslow,5,0.1,0.0,0.95,,,,
A,20,10,120,breslow,5,0.1,0.5,0.3,7230.480293796501,0.5445412032071906,34.55166518188418,49.474194062061066
A,20,10,120,breslow,5,0.1,0.5,0.5,7332.902686069021,0.5428779793535482,34.578899224437365,49.564677783387346
A,20,10,120,breslow,5,0.1,0.5,0.95,,,,
A,20,10,120,breslow,5,0.1,1.0,0.3,7230.480293796501,0.5445412032071906,34.55166518188418,49.474194062061066
A,20,10,120,breslow,5,0.1,1.0,0.5,7332.902686069021,0.5428779793535482,34.578899224437365,49.564677783387346
A,20,10,120,breslow,5,0.1,1.0,0.95,,,,
A,20,10,120,breslow,5,1.0,0.0,0.3,7230.480293796501,0.5445412032071906,34.55166518188418,49.474194062061066
A,20,10,120,breslow,5,1.0,0.0,0.5,7332.902686069021,0.5428779793535482,34.578899224437365,49.564677783387346
A,20,10,120,breslow,5,1.0,0.0,0.95,,,,
A,20,10,120,breslow,5,1.0,0.5,0.3,7230.480293796501,0.5445412032071906,34.55166518188418,49.474194062061066
A,20,10,120,breslow,5,1.0,0.5,0.5,7332.902686069021,0.5428779793535482,34.578899224437365,49.564677783387346
A,20,10,120,breslow,5,1.0,0.5,0.95,,,,
A,20,10,120,breslow,5,1.0,1.0,0.3,7230.480293796501,0.5445412032071906,34.55166518188418,49.474194062061066
A,20,10,120,breslow,5,1.0,1.0,0.5,7332.902686069021,0.5428779793535482,34.578899224437365,49.564677783387346
A,20,10,120,breslow,5,1.0,1.0,0.95,,,,
A,20,10,120,spline,3,0.0,0.0,0.3,,,,
A,20,10,120,spline,3,0.0,0.0,0.5,,,,
A,20,10,120,spline,3,0.0,0.0,0.95,,,,
A,20,10,120,spline,3,0.0,0.5,0.3,,,,
A,20,10,120,spline,3,0.0,0.5,0.5,,,,
A,20,10,120,spline,3,0.0,0.5,0.95,,,,
A,20,10,120,spline,3,0.0,1.0,0.3,,,,
A,20,10,120,spline,3,0.0,1.0,0.5,,,,
A,20,10,120,spline,3,0.0,1.0,0.95,,,,
A,20,10,120,spline,3,0.1,0.0,0.3,,,,
A,20,10,120,spline,3,0.1,0.0,0.5,,,,
A,20,10,120,spline,3,0.1,0.0,0.95,,,,
A,20,10,120,spline,3,0.1,0.5,0.3,,,,
A,20,10,120,spline,3,0.1,0.5,0.5,,,,
A,20,10,120,spline,3,0.1,0.5,0.95,,,,
A,20,10,120,spline,3,0.1,1.0,0.3,,,,
A,20,10,120,spline,3,0.1,1.0,0.5,,,,
A,20,10,120,spline,3,0.1,1.0,0.95,,,,
A,20,10,120,spline,3,1.0,0.0,0.3,,,,
A,20,10,120,spline,3,1.0,0.0,0.5,,,,
A,20,10,120,spline,3,1.0,0.0,0.95,,,,
A,20,10,120,spline,3,1.0,0.5,0.3,,,,
A,20,10,120,spline,3,1.0,0.5,0.5,,,,
A,20,10,120,spline,3,1.0,0.5,0.95,,,,
A,20,10,120,spline,3,1.0,1.0,0.3,,,,
A,20,10,120,spline,3,1.0,1.0,0.5,,,,
A,20,10,120,spline,3,1.0,1.0,0.95,,,,
A,20,10,120,spline,5,0.0,0.0,0.3,,,,
A,20,10,120,spline,5,0.0,0.0,0.5,,,,
A,20,10,120,spline,5,0.0,0.0,0.95,,,,
A,20,10,120,spline,5,0.0,0.5,0.3,,,,
A,20,10,120,spline,5,0.0,0.5,0.5,,,,
A,20,10,120,spline,5,0.0,0.5,0.95,,,,
A,20,10,120,spline,5,0.0,1.0,0.3,,,,
A,20,10,120,spline,5,0.0,1.0,0.5,,,,
A,20,10,120,spline,5,0.0,1.0,0.95,,,,
A,20,10,120,spline,5,0.1,0.0,0.3,,,,
A,20,10,120,spline,5,0.1,0.0,0.5,,,,
A,20,10,120,spline,5,0.1,0.0,0.95,,,,
A,20,10,120,spline,5,0.1,0.5,0.3,,,,
A,20,10,120,spline,5,0.1,0.5,0.5,,,,
A,20,10,120,spline,5,0.1,0.5,0.95,,,,
A,20,10,120,spline,5,0.1,1.0,0.3,,,,
A,20,10,120,spline,5,0.1,1.0,0.5,,,,
A,20,10,120,spline,5,0.1,1.0,0.95,,,,
A,20,10,120,spline,5,1.0,0.0,0.3,,,,
A,20,10,120,spline,5,1.0,0.0,0.5,,,,
A,20,10,120,spline,5,1.0,0.0,0.95,,,,
A,20,10,120,spline,5,1.0,0.5,0.3,,,,
A,20,10,120,spline,5,1.0,0.5,0.5,,,,
A,20,10,120,spline,5,1.0,0.5,0.95,,,,
A,20,10,120,spline,5,1.0,1.0,0.3,,,,
A,20,10,120,spline,5,1.0,1.0,0.5,,,,
A,20,10,120,spline,5,1.0,1.0,0.95,,,,
A,20,10,125,breslow,3,0.0,0.0,0.3,,,,
A,20,10,125,breslow,3,0.0,0.0,0.5,,,,
A,20,10,125,breslow,3,0.0,0.0,0.95,,,,
A,20,10,125,breslow,3,0.0,0.5,0.3,,,,
A,20,10,125,breslow,3,0.0,0.5,0.5,,,,
A,20,10,125,breslow,3,0.0,0.5,0.95,,,,
A,20,10,125,breslow,3,0.0,1.0,0.3,,,,
A,20,10,125,breslow,3,0.0,1.0,0.5,,,,
A,20,10,125,breslow,3,0.0,1.0,0.95,,,,
A,20,10,125,breslow,3,0.1,0.0,0.3,7192.910284847496,0.5434191364903785,32.53197450340985,49.37752228785358
A,20,10,125,breslow,3,0.1,0.0,0.5,7332.6565963234225,0.5416517797061097,32.55750188561603,49.47713826036041
A,20,10,125,breslow,3,0.1,0.0,0.95,,,,
A,20,10,125,breslow,3,0.1,0.5,0.3,7230.259991730246,0.5432435643867091,32.53840023076969,49.39060149719758
A,20,10,125,breslow,3,0.1,0.5,0.5,7332.669242304352,0.541651147182705,32.55806926150255,49.47776678035592
A,20,10,125,breslow,3,0.1,0.5,0.95,,,,
A,20,10,125,breslow,3,0.1,1.0,0.3,7230.259991730246,0.5432435643867091,32.53840023076969,49.39060149719758
A,20,10,125,breslow,3,0.1,1.0,0.5,7332.669242304352,0.541651147182705,32.55806926150255,49.47776678035592
A,20,10,125,breslow,3,0.1,1.0,0.95,,,,
A,20,10,125,breslow,3,1.0,0.0,0.3,7230.259991730246,0.5432435643867091,32.53840023076969,49.39060149719758
A,20,10,125,breslow,3,1.0,0.0,0.5,7332.669242304352,0.541651147182705,32.55806926150255,49.47776678035592
A,20,10,125,breslow,3,1.0,0.0,0.95,,,,
A,20,10,125,breslow,3,1.0,0.5,0.3,7230.259991730246,0.5432435643867091,32.53840023076969,49.39060149719758
A,20,10,125,breslow,3,1.0,0.5,0.5,7332.669242304352,0.541651147182705,32.55806926150255,49.47776678035592
A,20,10,125,breslow,3,1.0,0.5,0.95,,,,
A,20,10,125,breslow,3,1.0,1.0,0.3,7230.259991730246,0.5432435643867091,32.53840023076969,49.39060149719758
A,20,10,125,breslow,3,1.0,1.0,0.5,7332.669242304352,0.541651147182705,32.55806926150255,49.47776678035592
A,20,10,125,breslow,3,1.0,1.0,0.95,,,,
A,20,10,125,breslow,5,0.0,0.0,0.3,,,,
A,20,10,125,breslow,5,0.0,0.0,0.5,,,,
A,20,10,125,breslow,5,0.0,0.0,0.95,,,,
A,20,10,125,breslow,5,0.0,0.5,0.3,,,,
A,20,10,125,breslow,5,0.0,0.5,0.5,,,,
A,20,10,125,breslow,5,0.0,0.5,0.95,,,,
A,20,10,125,breslow,5,0.0,1.0,0.3,,,,
A,20,10,125,breslow,5,0.0,1.0,0.5,,,,
A,20,10,125,breslow,5,0.0,1.0,0.95,,,,
A,20,10,125,breslow,5,0.1,0.0,0.3,7192.910284847496,0.5434191364903785,32.53197450340985,49.37752228785358
A,20,10,125,breslow,5,0.1,0.0,0.5,7332.6565963234225,0.5416517797061097,32.55750188561603,49.47713826036041
A,20,10,125,breslow,5,0.1,0.0,0.95,,,,
A,20,10,125,breslow,5,0.1,0.5,0.3,7230.259991730246,0.5432435643867091,32.53840023076969,49.39060149719758
A,20,10,125,breslow,5,0.1,0.5,0.5,7332.669242304352,0.541651147182705,32.55806926150255,49.47776678035592
A,20,10,125,breslow,5,0.1,0.5,0.95,,,,
A,20,10,125,breslow,5,0.1,1.0,0.3,7230.259991730246,0.5432435643867091,32.53840023076969,49.39060149719758
A,20,10,125,breslow,5,0.1,1.0,0.5,7332.669242304352,0.541651147182705,32.55806926150255,49.47776678035592
A,20,10,125,breslow,5,0.1,1.0,0.95,,,,
A,20,10,125,breslow,5,1.0,0.0,0.3,7230.259991730246,0.5432435643867091,32.53840023076969,49.39060149719758
A,20,10,125,breslow,5,1.0,0.0,0.5,7332.669242304352,0.541651147182705,32.55806926150255,49.47776678035592
A,20,10,125,breslow,5,1.0,0.0,0.95,,,,
A,20,10,125,breslow,5,1.0,0.5,0.3,7230.259991730246,0.5432435643867091,32.53840023076969,49.39060149719758
A,20,10,125,breslow,5,1.0,0.5,0.5,7332.669242304352,0.541651147182705,32.55806926150255,49.47776678035592
A,20,10,125,breslow,5,1.0,0.5,0.95,,,,
A,20,10,125,breslow,5,1.0,1.0,0.3,7230.259991730246,0.5432435643867091,32.53840023076969,49.39060149719758
A,20,10,125,breslow,5,1.0,1.0,0.5,7332.669242304352,0.541651147182705,32.55806926150255,49.47776678035592
A,20,10,125,breslow,5,1.0,1.0,0.95,,,,
A,20,10,125,spline,3,0.0,0.0,0.3,,,,
A,20,10,125,spline,3,0.0,0.0,0.5,,,,
A,20,10,125,spline,3,0.0,0.0,0.95,,,,
A,20,10,125,spline,3,0.0,0.5,0.3,,,,
A,20,10,125,spline,3,0.0,0.5,0.5,,,,
A,20,10,125,spline,3,0.0,0.5,0.95,,,,
A,20,10,125,spline,3,0.0,1.0,0.3,,,,
A,20,10,125,spline,3,0.0,1.0,0.5,,,,
A,20,10,125,spline,3,0.0,1.0,0.95,,,,
A,20,10,125,spline,3,0.1,0.0,0.3,,,,
A,20,10,125,spline,3,0.1,0.0,0.5,,,,
A,20,10,125,spline,3,0.1,0.0,0.95,,,,
A,20,10,125,spline,3,0.1,0.5,0.3,,,,
A,20,10,125,spline,3,0.1,0.5,0.5,,,,
A,20,10,125,spline,3,0.1,0.5,0.95,,,,
A,20,10,125,spline,3,0.1,1.0,0.3,,,,
A,20,10,125,spline,3,0.1,1.0,0.5,,,,
A,20,10,125,spline,3,0.1,1.0,0.95,,,,
A,20,10,125,spline,3,1.0,0.0,0.3,,,,
A,20,10,125,spline,3,1.0,0.0,0.5,,,,
A,20,10,125,spline,3,1.0,0.0,0.95,,,,
A,20,10,125,spline,3,1.0,0.5,0.3,,,,
A,20,10,125,spline,3,1.0,0.5,0.5,,,,
A,20,10,125,spline,3,1.0,0.5,0.95,,,,
A,20,10,125,spline,3,1.0,1.0,0.3,,,,
A,20,10,125,spline,3,1.0,1.0,0.5,,,,
A,20,10,125,spline,3,1.0,1.0,0.95,,,,
A,20,10,125,spline,5,0.0,0.0,0.3,,,,
A,20,10,125,spline,5,0.0,0.0,0.5,,,,
A,20,10,125,spline,5,0.0,0.0,0.95,,,,
A,20,10,125,spline,5,0.0,0.5,0.3,,,,
A,20,10,125,spline,5,0.0,0.5,0.5,,,,
A,20,10,125,spline,5,0.0,0.5,0.95,,,,
A,20,10,125,spline,5,0.0,1.0,0.3,,,,
A,20,10,125,spline,5,0.0,1.0,0.5,,,,
A,20,10,125,spline,5,0.0,1.0,0.95,,,,
A,20,10,125,spline,5,0.1,0.0,0.3,,,,
A,20,10,125,spline,5,0.1,0.0,0.5,,,,
A,20,10,125,spline,5,0.1,0.0,0.95,,,,
A,20,10,125,spline,5,0.1,0.5,0.3,,,,
A,20,10,125,spline,5,0.1,0.5,0.5,,,,
A,20,10,125,spline,5,0.1,0.5,0.95,,,,
A,20,10,125,spline,5,0.1,1.0,0.3,,,,
A,20,10,125,spline,5,0.1,1.0,0.5,,,,
A,20,10,125,spline,5,0.1,1.0,0.95,,,,
A,20,10,125,spline,5,1.0,0.0,0.3,,,,
A,20,10,125,spline,5,1.0,0.0,0.5,,,,
A,20,10,125,spline,5,1.0,0.0,0.95,,,,
A,20,10,125,spline,5,1.0,0.5,0.3,,,,
A,20,10,125,spline,5,1.0,0.5,0.5,,,,
A,20,10,125,spline,5,1.0,0.5,0.95,,,,
A,20,10,125,spline,5,1.0,1.0,0.3,,,,
A,20,10,125,spline,5,1.0,1.0,0.5,,,,
A,20,10,125,spline,5,1.0,1.0,0.95,,,,
A,20,15,115,breslow,3,0.0,0.0,0.3,,,,
A,20,15,115,breslow,3,0.0,0.0,0.5,,,,
A,20,15,115,breslow,3,0.0,0.0,0.95,,,,
A,20,15,115,breslow,3,0.0,0.5,0.3,,,,
A,20,15,115,breslow,3,0.0,0.5,0.5,,,,
A,20,15,115,breslow,3,0.0,0.5,0.95,,,,
A,20,15,115,breslow,3,0.0,1.0,0.3,,,,
A,20,15,115,breslow,3,0.0,1.0,0.5,,,,
A,20,15,115,breslow,3,0.0,1.0,0.95,,,,
A,20,15,115,breslow,3,0.1,0.0,0.3,7193.591994833126,0.5462207491935795,36.717264605388145,49.77628490717648
A,20,15,115,breslow,3,0.1,0.0,0.5,7333.3303290062495,0.5442929729580062,36.757307621907444,49.88158824735624
A,20,15,115,breslow,3,0.1,0.0,0.95,,,,
A,20,15,115,breslow,3,0.1,0.5,0.3,7230.912864250752,0.5460325478352379,36.72326506871595,49.78873406985973
A,20,15,115,breslow,3,0.1,0.5,0.5,7333.347190314154,0.5442920775031949,36.758064123089476,49.88242254464081
A,20,15,115,breslow,3,0.1,0.5,0.95,,,,
A,20,15,115,breslow,3,0.1,1.0,0.3,7230.912864250752,0.5460325478352379,36.72326506871595,49.78873406985973
A,20,15,115,breslow,3,0.1,1.0,0.5,7333.347190314154,0.5442920775031949,36.758064123089476,49.88242254464081
A,20,15,115,breslow,3,0.1,1.0,0.95,,,,
A,20,15,115,breslow,3,1.0,0.0,0.3,7230.912864250752,0.5460325478352379,36.72326506871595,49.78873406985973
A,20,15,115,breslow,3,1.0,0.0,0.5,7333.347190314154,0.5442920775031949,36.758064123089476,49.88242254464081
A,20,15,115,breslow,3,1.0,0.0,0.95,,,,
A,20,15,115,breslow,3,1.0,0.5,0.3,7230.912864250752,0.5460325478352379,36.72326506871595,49.78873406985973
A,20,15,115,breslow,3,1.0,0.5,0.5,7333.347190314154,0.5442920775031949,36.758064123089476,49.88242254464081
A,20,15,115,breslow,3,1.0,0.5,0.95,,,,
A,20,15,115,breslow,3,1.0,1.0,0.3,7230.912864250752,0.5460325478352379,36.72326506871595,49.78873406985973
A,20,15,115,breslow,3,1.0,1.0,0.5,7333.347190314154,0.5442920775031949,36.758064123089476,49.88242254464081
A,20,15,115,breslow,3,1.0,1.0,0.95,,,,
A,20,15,115,breslow,5,0.0,0.0,0.3,,,,
A,20,15,115,breslow,5,0.0,0.0,0.5,,,,
A,20,15,115,breslow,5,0.0,0.0,0.95,,,,
A,20,15,115,breslow,5,0.0,0.5,0.3,,,,
A,20,15,115,breslow,5,0.0,0.5,0.5,,,,
A,20,15,115,breslow,5,0.0,0.5,0.95,,,,
A,20,15,115,breslow,5,0.0,1.0,0.3,,,,
A,20,15,115,breslow,5,0.0,1.0,0.5,,,,
A,20,15,115,breslow,5,0.0,1.0,0.95,,,,
A,20,15,115,breslow,5,0.1,0.0,0.3,7193.591994833126,0.5462207491935795,36.717264605388145,49.77628490717648
A,20,15,115,breslow,5,0.1,0.0,0.5,7333.3303290062495,0.5442929729580062,36.757307621907444,49.88158824735624
A,20,15,115,breslow,5,0.1,0.0,0.95,,,,
A,20,15,115,breslow,5,0.1,0.5,0.3,7230.912864250752,0.5460325478352379,36.72326506871595,49.78873406985973
A,20,15,115,breslow,5,0.1,0.5,0.5,7333.347190314154,0.5442920775031949,36.758064123089476,49.88242254464081
A,20,15,115,breslow,5,0.1,0.5,0.95,,,,
A,20,15,115,breslow,5,0.1,1.0,0.3,7230.912864250752,0.5460325478352379,36.72326506871595,49.78873406985973
A,20,15,115,breslow,5,0.1,1.0,0.5,7333.347190314154,0.5442920775031949,36.758064123089476,49.88242254464081
A,20,15,115,breslow,5,0.1,1.0,0.95,,,,
A,20,15,115,breslow,5,1.0,0.0,0.3,7230.912864250752,0.5460325478352379,36.72326506871595,49.78873406985973
A,20,15,115,breslow,5,1.0,0.0,0.5,7333.347190314154,0.5442920775031949,36.758064123089476,49.88242254464081
A,20,15,115,breslow,5,1.0,0.0,0.95,,,,
A,20,15,115,breslow,5,1.0,0.5,0.3,7230.912864250752,0.5460325478352379,36.72326506871595,49.78873406985973
A,20,15,115,breslow,5,1.0,0.5,0.5,7333.347190314154,0.5442920775031949,36.758064123089476,49.88242254464081
A,20,15,115,breslow,5,1.0,0.5,0.95,,,,
A,20,15,115,breslow,5,1.0,1.0,0.3,7230.912864250752,0.5460325478352379,36.72326506871595,49.78873406985973
A,20,15,115,breslow,5,1.0,1.0,0.5,7333.347190314154,0.5442920775031949,36.758064123089476,49.88242254464081
A,20,15,115,breslow,5,1.0,1.0,0.95,,,,
A,20,15,115,spline,3,0.0,0.0,0.3,,,,
A,20,15,115,spline,3,0.0,0.0,0.5,,,,
A,20,15,115,spline,3,0.0,0.0,0.95,,,,
A,20,15,115,spline,3,0.0,0.5,0.3,,,,
A,20,15,115,spline,3,0.0,0.5,0.5,,,,
A,20,15,115,spline,3,0.0,0.5,0.95,,,,
A,20,15,115,spline,3,0.0,1.0,0.3,,,,
A,20,15,115,spline,3,0.0,1.0,0.5,,,,
A,20,15,115,spline,3,0.0,1.0,0.95,,,,
A,20,15,115,spline,3,0.1,0.0,0.3,,,,
A,20,15,115,spline,3,0.1,0.0,0.5,,,,
A,20,15,115,spline,3,0.1,0.0,0.95,,,,
A,20,15,115,spline,3,0.1,0.5,0.3,,,,
A,20,15,115,spline,3,0.1,0.5,0.5,,,,
A,20,15,115,spline,3,0.1,0.5,0.95,,,,
A,20,15,115,spline,3,0.1,1.0,0.3,,,,
A,20,15,115,spline,3,0.1,1.0,0.5,,,,
A,20,15,115,spline,3,0.1,1.0,0.95,,,,
A,20,15,115,spline,3,1.0,0.0,0.3,,,,
A,20,15,115,spline,3,1.0,0.0,0.5,,,,
A,20,15,115,spline,3,1.0,0.0,0.95,,,,
A,20,15,115,spline,3,1.0,0.5,0.3,,,,
A,20,15,115,spline,3,1.0,0.5,0.5,,,,
A,20,15,115,spline,3,1.0,0.5,0.95,,,,
A,20,15,115,spline,3,1.0,1.0,0.3,,,,
A,20,15,115,spline,3,1.0,1.0,0.5,,,,
A,20,15,115,spline,3,1.0,1.0,0.95,,,,
A,20,15,115,spline,5,0.0,0.0,0.3,,,,
A,20,15,115,spline,5,0.0,0.0,0.5,,,,
A,20,15,115,spline,5,0.0,0.0,0.95,,,,
A,20,15,115,spline,5,0.0,0.5,0.3,,,,
A,20,15,115,spline,5,0.0,0.5,0.5,,,,
A,20,15,115,spline,5,0.0,0.5,0.95,,,,
A,20,15,115,spline,5,0.0,1.0,0.3,,,,
A,20,15,115,spline,5,0.0,1.0,0.5,,,,
A,20,15,115,spline,5,0.0,1.0,0.95,,,,
A,20,15,115,spline,5,0.1,0.0,0.3,,,,
A,20,15,115,spline,5,0.1,0.0,0.5,,,,
A,20,15,115,spline,5,0.1,0.0,0.95,,,,
A,20,15,115,spline,5,0.1,0.5,0.3,,,,
A,20,15,115,spline,5,0.1,0.5,0.5,,,,
A,20,15,115,spline,5,0.1,0.5,0.95,,,,
A,20,15,115,spline,5,0.1,1.0,0.3,,,,
A,20,15,115,spline,5,0.1,1.0,0.5,,,,
A,20,15,115,spline,5,0.1,1.0,0.95,,,,
A,20,15,115,spline,5,1.0,0.0,0.3,,,,
A,20,15,115,spline,5,1.0,0.0,0.5,,,,
A,20,15,115,spline,5,1.0,0.0,0.95,,,,
A,20,15,115,spline,5,1.0,0.5,0.3,,,,
A,20,15,115,spline,5,1.0,0.5,0.5,,,,
A,20,15,115,spline,5,1.0,0.5,0.95,,,,
A,20,15,115,spline,5,1.0,1.0,0.3,,,,
A,20,15,115,spline,5,1.0,1.0,0.5,,,,
A,20,15,115,spline,5,1.0,1.0,0.95,,,,
A,20,15,120,breslow,3,0.0,0.0,0.3,,,,
A,20,15,120,breslow,3,0.0,0.0,0.5,,,,
A,20,15,120,breslow,3,0.0,0.0,0.95,,,,
A,20,15,120,breslow,3,0.0,0.5,0.3,,,,
A,20,15,120,breslow,3,0.0,0.5,0.5,,,,
A,20,15,120,breslow,3,0.0,0.5,0.95,,,,
A,20,15,120,breslow,3,0.0,1.0,0.3,,,,
A,20,15,120,breslow,3,0.0,1.0,0.5,,,,
A,20,15,120,breslow,3,0.0,1.0,0.95,,,,
A,20,15,120,breslow,3,0.1,0.0,0.3,7193.159424378874,0.5447224739323334,34.54566471855638,49.46165623089943
A,20,15,120,breslow,3,0.1,0.0,0.5,7332.885824761115,0.5428788473465896,34.57814272325534,49.563839799576854
A,20,15,120,breslow,3,0.1,0.0,0.95,,,,
A,20,15,120,breslow,3,0.1,0.5,0.3,7230.480293796501,0.5445412032071906,34.55166518188418,49.474194062061066
A,20,15,120,breslow,3,0.1,0.5,0.5,7332.902686069021,0.5428779793535482,34.578899224437365,49.564677783387346
A,20,15,120,breslow,3,0.1,0.5,0.95,,,,
A,20,15,120,breslow,3,0.1,1.0,0.3,7230.480293796501,0.5445412032071906,34.55166518188418,49.474194062061066
A,20,15,120,breslow,3,0.1,1.0,0.5,7332.902686069021,0.5428779793535482,34.578899224437365,49.564677783387346
A,20,15,120,breslow,3,0.1,1.0,0.95,,,,
A,20,15,120,breslow,3,1.0,0.0,0.3,7230.480293796501,0.5445412032071906,34.55166518188418,49.474194062061066
A,20,15,120,breslow,3,1.0,0.0,0.5,7332.902686069021,0.5428779793535482,34.578899224437365,49.564677783387346
A,20,15,120,breslow,3,1.0,0.0,0.95,,,,
A,20,15,120,breslow,3,1.0,0.5,0.3,7230.480293796501,0.5445412032071906,34.55166518188418,49.474194062061066
A,20,15,120,breslow,3,1.0,0.5,0.5,7332.902686069021,0.5428779793535482,34.578899224437365,49.564677783387346
A,20,15,120,breslow,3,1.0,0.5,0.95,,,,
A,20,15,120,breslow,3,1.0,1.0,0.3,7230.480293796501,0.5445412032071906,34.55166518188418,49.474194062061066
A,20,15,120,breslow,3,1.0,1.0,0.5,7332.902686069021,0.5428779793535482,34.578899224437365,49.564677783387346
A,20,15,120,breslow,3,1.0,1.0,0.95,,,,
A,20,15,120,breslow,5,0.0,0.0,0.3,,,,
A,20,15,120,breslow,5,0.0,0.0,0.5,,,,
A,20,15,120,breslow,5,0.0,0.0,0.95,,,,
A,20,15,120,breslow,5,0.0,0.5,0.3,,,,
A,20,15,120,breslow,5,0.0,0.5,0.5,,,,
A,20,15,120,breslow,5,0.0,0.5,0.95,,,,
A,20,15,120,breslow,5,0.0,1.0,0.3,,,,
A,20,15,120,breslow,5,0.0,1.0,0.5,,,,
A,20,15,120,breslow,5,0.0,1.0,0.95,,,,
A,20,15,120,breslow,5,0.1,0.0,0.3,7193.159424378874,0.5447224739323334,34.54566471855638,49.46165623089943
A,20,15,120,breslow,5,0.1,0.0,0.5,7332.885824761115,0.5428788473465896,34.57814272325534,49.563839799576854
A,20,15,120,breslow,5,0.1,0.0,0.95,,,,
A,20,15,120,breslow,5,0.1,0.5,0.3,7230.480293796501,0.5445412032071906,34.55166518188418,49.474194062061066
A,20,15,120,breslow,5,0.1,0.5,0.5,7332.902686069021,0.5428779793535482,34.578899224437365,49.564677783387346
A,20,15,120,breslow,5,0.1,0.5,0.95,,,,
A,20,15,120,breslow,5,0.1,1.0,0.3,7230.480293796501,0.5445412032071906,34.55166518188418,49.474194062061066
A,20,15,120,breslow,5,0.1,1.0,0.5,7332.902686069021,0.5428779793535482,34.578899224437365,49.564677783387346
A,20,15,120,breslow,5,0.1,1.0,0.95,,,,
A,20,15,120,breslow,5,1.0,0.0,0.3,7230.480293796501,0.5445412032071906,34.55166518188418,49.474194062061066
A,20,15,120,breslow,5,1.0,0.0,0.5,7332.902686069021,0.5428779793535482,34.578899224437365,49.564677783387346
A,20,15,120,breslow,5,1.0,0.0,0.95,,,,
A,20,15,120,breslow,5,1.0,0.5,0.3,7230.480293796501,0.5445412032071906,34.55166518188418,49.474194062061066
A,20,15,120,breslow,5,1.0,0.5,0.5,7332.902686069021,0.5428779793535482,34.578899224437365,49.564677783387346
A,20,15,120,breslow,5,1.0,0.5,0.95,,,,
A,20,15,120,breslow,5,1.0,1.0,0.3,7230.480293796501,0.5445412032071906,34.55166518188418,49.474194062061066
A,20,15,120,breslow,5,1.0,1.0,0.5,7332.902686069021,0.5428779793535482,34.578899224437365,49.564677783387346
A,20,15,120,breslow,5,1.0,1.0,0.95,,,,
A,20,15,120,spline,3,0.0,0.0,0.3,,,,
A,20,15,120,spline,3,0.0,0.0,0.5,,,,
A,20,15,120,spline,3,0.0,0.0,0.95,,,,
A,20,15,120,spline,3,0.0,0.5,0.3,,,,
A,20,15,120,spline,3,0.0,0.5,0.5,,,,
A,20,15,120,spline,3,0.0,0.5,0.95,,,,
A,20,15,120,spline,3,0.0,1.0,0.3,,,,
A,20,15,120,spline,3,0.0,1.0,0.5,,,,
A,20,15,120,spline,3,0.0,1.0,0.95,,,,
A,20,15,120,spline,3,0.1,0.0,0.3,,,,
A,20,15,120,spline,3,0.1,0.0,0.5,,,,
A,20,15,120,spline,3,0.1,0.0,0.95,,,,
A,20,15,120,spline,3,0.1,0.5,0.3,,,,
A,20,15,120,spline,3,0.1,0.5,0.5,,,,
A,20,15,120,spline,3,0.1,0.5,0.95,,,,
A,20,15,120,spline,3,0.1,1.0,0.3,,,,
A,20,15,120,spline,3,0.1,1.0,0.5,,,,
A,20,15,120,spline,3,0.1,1.0,0.95,,,,
A,20,15,120,spline,3,1.0,0.0,0.3,,,,
A,20,15,120,spline,3,1.0,0.0,0.5,,,,
A,20,15,120,spline,3,1.0,0.0,0.95,,,,
A,20,15,120,spline,3,1.0,0.5,0.3,,,,
A,20,15,120,spline,3,1.0,0.5,0.5,,,,
A,20,15,120,spline,3,1.0,0.5,0.95,,,,
A,20,15,120,spline,3,1.0,1.0,0.3,,,,
A,20,15,120,spline,3,1.0,1.0,0.5,,,,
A,20,15,120,spline,3,1.0,1.0,0.95,,,,
A,20,15,120,spline,5,0.0,0.0,0.3,,,,
A,20,15,120,spline,5,0.0,0.0,0.5,,,,
A,20,15,120,spline,5,0.0,0.0,0.95,,,,
A,20,15,120,spline,5,0.0,0.5,0.3,,,,
A,20,15,120,spline,5,0.0,0.5,0.5,,,,
A,20,15,120,spline,5,0.0,0.5,0.95,,,,
A,20,15,120,spline,5,0.0,1.0,0.3,,,,
A,20,15,120,spline,5,0.0,1.0,0.5,,,,
A,20,15,120,spline,5,0.0,1.0,0.95,,,,
A,20,15,120,spline,5,0.1,0.0,0.3,,,,
A,20,15,120,spline,5,0.1,0.0,0.5,,,,
A,20,15,120,spline,5,0.1,0.0,0.95,,,,
A,20,15,120,spline,5,0.1,0.5,0.3,,,,
A,20,15,120,spline,5,0.1,0.5,0.5,,,,
A,20,15,120,spline,5,0.1,0.5,0.95,,,,
A,20,15,120,spline,5,0.1,1.0,0.3,,,,
A,20,15,120,spline,5,0.1,1.0,0.5,,,,
A,20,15,120,spline,5,0.1,1.0,0.95,,,,
A,20,15,120,spline,5,1.0,0.0,0.3,,,,
A,20,15,120,spline,5,1.0,0.0,0.5,,,,
A,20,15,120,spline,5,1.0,0.0,0.95,,,,
A,20,15,120,spline,5,1.0,0.5,0.3,,,,
A,20,15,120,spline,5,1.0,0.5,0.5,,,,
A,20,15,120,spline,5,1.0,0.5,0.95,,,,
A,20,15,120,spline,5,1.0,1.0,0.3,,,,
A,20,15,120,spline,5,1.0,1.0,0.5,,,,
A,20,15,120,spline,5,1.0,1.0,0.95,,,,
A,20,15,125,breslow,3,0.0,0.0,0.3,,,,
A,20,15,125,breslow,3,0.0,0.0,0.5,,,,
A,20,15,125,breslow,3,0.0,0.0,0.95,,,,
A,20,15,125,breslow,3,0.0,0.5,0.3,,,,
A,20,15,125,breslow,3,0.0,0.5,0.5,,,,
A,20,15,125,breslow,3,0.0,0.5,0.95,,,,
A,20,15,125,breslow,3,0.0,1.0,0.3,,,,
A,20,15,125,breslow,3,0.0,1.0,0.5,,,,
A,20,15,125,breslow,3,0.0,1.0,0.95,,,,
A,20,15,125,breslow,3,0.1,0.0,0.3,7192.939122312618,0.5434187651504592,32.53239976744188,49.378035527654674
A,20,15,125,breslow,3,0.1,0.0,0.5,7332.6523809964465,0.5416519905472447,32.557312760320514,49.476928744690454
A,20,15,125,breslow,3,0.1,0.0,0.95,,,,
A,20,15,125,breslow,3,0.1,0.5,0.3,7230.259991730246,0.5432435643867091,32.53840023076969,49.39060149719758
A,20,15,125,breslow,3,0.1,0.5,0.5,7332.669242304352,0.541651147182705,32.55806926150255,49.47776678035592
A,20,15,125,breslow,3,0.1,0.5,0.95,,,,
A,20,15,125,breslow,3,0.1,1.0,0.3,7230.259991730246,0.5432435643867091,32.53840023076969,49.39060149719758
A,20,15,125,breslow,3,0.1,1.0,0.5,7332.669242304352,0.541651147182705,32.55806926150255,49.47776678035592
A,20,15,125,breslow,3,0.1,1.0,0.95,,,,
A,20,15,125,breslow,3,1.0,0.0,0.3,7230.259991730246,0.5432435643867091,32.53840023076969,49.39060149719758
A,20,15,125,breslow,3,1.0,0.0,0.5,7332.669242304352,0.541651147182705,32.55806926150255,49.47776678035592
A,20,15,125,breslow,3,1.0,0.0,0.95,,,,
A,20,15,125,breslow,3,1.0,0.5,0.3,7230.259991730246,0.5432435643867091,32.53840023076969,49.39060149719758
A,20,15,125,breslow,3,1.0,0.5,0.5,7332.669242304352,0.541651147182705,32.55806926150255,49.47776678035592
A,20,15,125,breslow,3,1.0,0.5,0.95,,,,
A,20,15,125,breslow,3,1.0,1.0,0.3,7230.259991730246,0.5432435643867091,32.53840023076969,49.39060149719758
A,20,15,125,breslow,3,1.0,1.0,0.5,7332.669242304352,0.541651147182705,32.55806926150255,49.47776678035592
A,20,15,125,breslow,3,1.0,1.0,0.95,,,,
A,20,15,125,breslow,5,0.0,0.0,0.3,,,,
A,20,15,125,breslow,5,0.0,0.0,0.5,,,,
A,20,15,125,breslow,5,0.0,0.0,0.95,,,,
A,20,15,125,breslow,5,0.0,0.5,0.3,,,,
A,20,15,125,breslow,5,0.0,0.5,0.5,,,,
A,20,15,125,breslow,5,0.0,0.5,0.95,,,,
A,20,15,125,breslow,5,0.0,1.0,0.3,,,,
A,20,15,125,breslow,5,0.0,1.0,0.5,,,,
A,20,15,125,breslow,5,0.0,1.0,0.95,,,,
A,20,15,125,breslow,5,0.1,0.0,0.3,7192.939122312618,0.5434187651504592,32.53239976744188,49.378035527654674
A,20,15,125,breslow,5,0.1,0.0,0.5,7332.6523809964465,0.5416519905472447,32.557312760320514,49.476928744690454
A,20,15,125,breslow,5,0.1,0.0,0.95,,,,
A,20,15,125,breslow,5,0.1,0.5,0.3,7230.259991730246,0.5432435643867091,32.53840023076969,49.39060149719758
A,20,15,125,breslow,5,0.1,0.5,0.5,7332.669242304352,0.541651147182705,32.55806926150255,49.47776678035592
A,20,15,125,breslow,5,0.1,0.5,0.95,,,,
A,20,15,125,breslow,5,0.1,1.0,0.3,7230.259991730246,0.5432435643867091,32.53840023076969,49.39060149719758
A,20,15,125,breslow,5,0.1,1.0,0.5,7332.669242304352,0.541651147182705,32.55806926150255,49.47776678035592
A,20,15,125,breslow,5,0.1,1.0,0.95,,,,
A,20,15,125,breslow,5,1.0,0.0,0.3,7230.259991730246,0.5432435643867091,32.53840023076969,49.39060149719758
A,20,15,125,breslow,5,1.0,0.0,0.5,7332.669242304352,0.541651147182705,32.55806926150255,49.47776678035592
A,20,15,125,breslow,5,1.0,0.0,0.95,,,,
A,20,15,125,breslow,5,1.0,0.5,0.3,7230.259991730246,0.5432435643867091,32.53840023076969,49.39060149719758
A,20,15,125,breslow,5,1.0,0.5,0.5,7332.669242304352,0.541651147182705,32.55806926150255,49.47776678035592
A,20,15,125,breslow,5,1.0,0.5,0.95,,,,
A,20,15,125,breslow,5,1.0,1.0,0.3,7230.259991730246,0.5432435643867091,32.53840023076969,49.39060149719758
A,20,15,125,breslow,5,1.0,1.0,0.5,7332.669242304352,0.541651147182705,32.55806926150255,49.47776678035592
A,20,15,125,breslow,5,1.0,1.0,0.95,,,,
A,20,15,125,spline,3,0.0,0.0,0.3,,,,
A,20,15,125,spline,3,0.0,0.0,0.5,,,,
A,20,15,125,spline,3,0.0,0.0,0.95,,,,
A,20,15,125,spline,3,0.0,0.5,0.3,,,,
A,20,15,125,spline,3,0.0,0.5,0.5,,,,
A,20,15,125,spline,3,0.0,0.5,0.95,,,,
A,20,15,125,spline,3,0.0,1.0,0.3,,,,
A,20,15,125,spline,3,0.0,1.0,0.5,,,,
A,20,15,125,spline,3,0.0,1.0,0.95,,,,
A,20,15,125,spline,3,0.1,0.0,0.3,,,,
A,20,15,125,spline,3,0.1,0.0,0.5,,,,
A,20,15,125,spline,3,0.1,0.0,0.95,,,,
A,20,15,125,spline,3,0.1,0.5,0.3,,,,
A,20,15,125,spline,3,0.1,0.5,0.5,,,,
A,20,15,125,spline,3,0.1,0.5,0.95,,,,
A,20,15,125,spline,3,0.1,1.0,0.3,,,,
A,20,15,125,spline,3,0.1,1.0,0.5,,,,
A,20,15,125,spline,3,0.1,1.0,0.95,,,,
A,20,15,125,spline,3,1.0,0.0,0.3,,,,
A,20,15,125,spline,3,1.0,0.0,0.5,,,,
A,20,15,125,spline,3,1.0,0.0,0.95,,,,
A,20,15,125,spline,3,1.0,0.5,0.3,,,,
A,20,15,125,spline,3,1.0,0.5,0.5,,,,
A,20,15,125,spline,3,1.0,0.5,0.95,,,,
A,20,15,125,spline,3,1.0,1.0,0.3,,,,
A,20,15,125,spline,3,1.0,1.0,0.5,,,,
A,20,15,125,spline,3,1.0,1.0,0.95,,,,
A,20,15,125,spline,5,0.0,0.0,0.3,,,,
A,20,15,125,spline,5,0.0,0.0,0.5,,,,
A,20,15,125,spline,5,0.0,0.0,0.95,,,,
A,20,15,125,spline,5,0.0,0.5,0.3,,,,
A,20,15,125,spline,5,0.0,0.5,0.5,,,,
A,20,15,125,spline,5,0.0,0.5,0.95,,,,
A,20,15,125,spline,5,0.0,1.0,0.3,,,,
A,20,15,125,spline,5,0.0,1.0,0.5,,,,
A,20,15,125,spline,5,0.0,1.0,0.95,,,,
A,20,15,125,spline,5,0.1,0.0,0.3,,,,
A,20,15,125,spline,5,0.1,0.0,0.5,,,,
A,20,15,125,spline,5,0.1,0.0,0.95,,,,
A,20,15,125,spline,5,0.1,0.5,0.3,,,,
A,20,15,125,spline,5,0.1,0.5,0.5,,,,
A,20,15,125,spline,5,0.1,0.5,0.95,,,,
A,20,15,125,spline,5,0.1,1.0,0.3,,,,
A,20,15,125,spline,5,0.1,1.0,0.5,,,,
A,20,15,125,spline,5,0.1,1.0,0.95,,,,
A,20,15,125,spline,5,1.0,0.0,0.3,,,,
A,20,15,125,spline,5,1.0,0.0,0.5,,,,
A,20,15,125,spline,5,1.0,0.0,0.95,,,,
A,20,15,125,spline,5,1.0,0.5,0.3,,,,
A,20,15,125,spline,5,1.0,0.5,0.5,,,,
A,20,15,125,spline,5,1.0,0.5,0.95,,,,
A,20,15,125,spline,5,1.0,1.0,0.3,,,,
A,20,15,125,spline,5,1.0,1.0,0.5,,,,
A,20,15,125,spline,5,1.0,1.0,0.95,,,,
A,20,20,115,breslow,3,0.0,0.0,0.3,,,,
A,20,20,115,breslow,3,0.0,0.0,0.5,,,,
A,20,20,115,breslow,3,0.0,0.0,0.95,,,,
A,20,20,115,breslow,3,0.0,0.5,0.3,,,,
A,20,20,115,breslow,3,0.0,0.5,0.5,,,,
A,20,20,115,breslow,3,0.0,0.5,0.95,,,,
A,20,20,115,breslow,3,0.0,1.0,0.3,,,,
A,20,20,115,breslow,3,0.0,1.0,0.5,,,,
A,20,20,115,breslow,3,0.0,1.0,0.95,,,,
A,20,20,115,breslow,3,0.1,0.0,0.3,7182.274924788358,0.5462838978946428,36.71480672495336,49.771556328715306
A,20,20,115,breslow,3,0.1,0.0,0.5,7333.321898352297,0.5442934206854118,36.756929371316424,49.8811710720578
A,20,20,115,breslow,3,0.1,0.0,0.95,,,,
A,20,20,115,breslow,3,0.1,0.5,0.3,7230.912864250752,0.5460325478352379,36.72326506871595,49.78873406985973
A,20,20,115,breslow,3,0.1,0.5,0.5,7333.347190314154,0.5442920775031949,36.758064123089476,49.88242254464081
A,20,20,115,breslow,3,0.1,0.5,0.95,,,,
A,20,20,115,breslow,3,0.1,1.0,0.3,7230.912864250752,0.5460325478352379,36.72326506871595,49.78873406985973
A,20,20,115,breslow,3,0.1,1.0,0.5,7333.347190314154,0.5442920775031949,36.758064123089476,49.88242254464081
A,20,20,115,breslow,3,0.1,1.0,0.95,,,,
A,20,20,115,breslow,3,1.0,0.0,0.3,7230.912864250752,0.5460325478352379,36.72326506871595,49.78873406985973
A,20,20,115,breslow,3,1.0,0.0,0.5,7333.347190314154,0.5442920775031949,36.758064123089476,49.88242254464081
A,20,20,115,breslow,3,1.0,0.0,0.95,,,,
A,20,20,115,breslow,3,1.0,0.5,0.3,7230.912864250752,0.5460325478352379,36.72326506871595,49.78873406985973
A,20,20,115,breslow,3,1.0,0.5,0.5,7333.347190314154,0.5442920775031949,36.758064123089476,49.88242254464081
A,20,20,115,breslow,3,1.0,0.5,0.95,,,,
A,20,20,115,breslow,3,1.0,1.0,0.3,7230.912864250752,0.5460325478352379,36.72326506871595,49.78873406985973
A,20,20,115,breslow,3,1.0,1.0,0.5,7333.347190314154,0.5442920775031949,36.758064123089476,49.88242254464081
A,20,20,115,breslow,3,1.0,1.0,0.95,,,,
A,20,20,115,breslow,5,0.0,0.0,0.3,,,,
A,20,20,115,breslow,5,0.0,0.0,0.5,,,,
A,20,20,115,breslow,5,0.0,0.0,0.95,,,,
A,20,20,115,breslow,5,0.0,0.5,0.3,,,,
A,20,20,115,breslow,5,0.0,0.5,0.5,,,,
A,20,20,115,breslow,5,0.0,0.5,0.95,,,,
A,20,20,115,breslow,5,0.0,1.0,0.3,,,,
A,20,20,115,breslow,5,0.0,1.0,0.5,,,,
A,20,20,115,breslow,5,0.0,1.0,0.95,,,,
A,20,20,115,breslow,5,0.1,0.0,0.3,7182.274924788358,0.5462838978946428,36.71480672495336,49.771556328715306
A,20,20,115,breslow,5,0.1,0.0,0.5,7333.321898352297,0.5442934206854118,36.756929371316424,49.8811710720578
A,20,20,115,breslow,5,0.1,0.0,0.95,,,,
A,20,20,115,breslow,5,0.1,0.5,0.3,7230.912864250752,0.5460325478352379,36.72326506871595,49.78873406985973
A,20,20,115,breslow,5,0.1,0.5,0.5,7333.347190314154,0.5442920775031949,36.758064123089476,49.88242254464081
A,20,20,115,breslow,5,0.1,0.5,0.95,,,,
A,20,20,115,breslow,5,0.1,1.0,0.3,7230.912864250752,0.5460325478352379,36.72326506871595,49.78873406985973
A,20,20,115,breslow,5,0.1,1.0,0.5,7333.347190314154,0.5442920775031949,36.758064123089476,49.88242254464081
A,20,20,115,breslow,5,0.1,1.0,0.95,,,,
A,20,20,115,breslow,5,1.0,0.0,0.3,7230.912864250752,0.5460325478352379,36.72326506871595,49.78873406985973
A,20,20,115,breslow,5,1.0,0.0,0.5,7333.347190314154,0.5442920775031949,36.758064123089476,49.88242254464081
A,20,20,115,breslow,5,1.0,0.0,0.95,,,,
A,20,20,115,breslow,5,1.0,0.5,0.3,7230.912864250752,0.5460325478352379,36.72326506871595,49.78873406985973
A,20,20,115,breslow,5,1.0,0.5,0.5,7333.347190314154,0.5442920775031949,36.758064123089476,49.88242254464081
A,20,20,115,breslow,5,1.0,0.5,0.95,,,,
A,20,20,115,breslow,5,1.0,1.0,0.3,7230.912864250752,0.5460325478352379,36.72326506871595,49.78873406985973
A,20,20,115,breslow,5,1.0,1.0,0.5,7333.347190314154,0.5442920775031949,36.758064123089476,49.88242254464081
A,20,20,115,breslow,5,1.0,1.0,0.95,,,,
A,20,20,115,spline,3,0.0,0.0,0.3,,,,
A,20,20,115,spline,3,0.0,0.0,0.5,,,,
A,20,20,115,spline,3,0.0,0.0,0.95,,,,
A,20,20,115,spline,3,0.0,0.5,0.3,,,,
A,20,20,115,spline,3,0.0,0.5,0.5,,,,
A,20,20,115,spline,3,0.0,0.5,0.95,,,,
A,20,20,115,spline,3,0.0,1.0,0.3,,,,
A,20,20,115,spline,3,0.0,1.0,0.5,,,,
A,20,20,115,spline,3,0.0,1.0,0.95,,,,
A,20,20,115,spline,3,0.1,0.0,0.3,,,,
A,20,20,115,spline,3,0.1,0.0,0.5,,,,
A,20,20,115,spline,3,0.1,0.0,0.95,,,,
A,20,20,115,spline,3,0.1,0.5,0.3,,,,
A,20,20,115,spline,3,0.1,0.5,0.5,,,,
A,20,20,115,spline,3,0.1,0.5,0.95,,,,
A,20,20,115,spline,3,0.1,1.0,0.3,,,,
A,20,20,115,spline,3,0.1,1.0,0.5,,,,
A,20,20,115,spline,3,0.1,1.0,0.95,,,,
A,20,20,115,spline,3,1.0,0.0,0.3,,,,
A,20,20,115,spline,3,1.0,0.0,0.5,,,,
A,20,20,115,spline,3,1.0,0.0,0.95,,,,
A,20,20,115,spline,3,1.0,0.5,0.3,,,,
A,20,20,115,spline,3,1.0,0.5,0.5,,,,
A,20,20,115,spline,3,1.0,0.5,0.95,,,,
A,20,20,115,spline,3,1.0,1.0,0.3,,,,
A,20,20,115,spline,3,1.0,1.0,0.5,,,,
A,20,20,115,spline,3,1.0,1.0,0.95,,,,
A,20,20,115,spline,5,0.0,0.0,0.3,,,,
A,20,20,115,spline,5,0.0,0.0,0.5,,,,
A,20,20,115,spline,5,0.0,0.0,0.95,,,,
A,20,20,115,spline,5,0.0,0.5,0.3,,,,
A,20,20,115,spline,5,0.0,0.5,0.5,,,,
A,20,20,115,spline,5,0.0,0.5,0.95,,,,
A,20,20,115,spline,5,0.0,1.0,0.3,,,,
A,20,20,115,spline,5,0.0,1.0,0.5,,,,
A,20,20,115,spline,5,0.0,1.0,0.95,,,,
A,20,20,115,spline,5,0.1,0.0,0.3,,,,
A,20,20,115,spline,5,0.1,0.0,0.5,,,,
A,20,20,115,spline,5,0.1,0.0,0.95,,,,
A,20,20,115,spline,5,0.1,0.5,0.3,,,,
A,20,20,115,spline,5,0.1,0.5,0.5,,,,
A,20,20,115,spline,5,0.1,0.5,0.95,,,,
A,20,20,115,spline,5,0.1,1.0,0.3,,,,
A,20,20,115,spline,5,0.1,1.0,0.5,,,,
A,20,20,115,spline,5,0.1,1.0,0.95,,,,
A,20,20,115,spline,5,1.0,0.0,0.3,,,,
A,20,20,115,spline,5,1.0,0.0,0.5,,,,
A,20,20,115,spline,5,1.0,0.0,0.95,,,,
A,20,20,115,spline,5,1.0,0.5,0.3,,,,
A,20,20,115,spline,5,1.0,0.5,0.5,,,,
A,20,20,115,spline,5,1.0,0.5,0.95,,,,
A,20,20,115,spline,5,1.0,1.0,0.3,,,,
A,20,20,115,spline,5,1.0,1.0,0.5,,,,
A,20,20,115,spline,5,1.0,1.0,0.95,,,,
A,20,20,120,breslow,3,0.0,0.0,0.3,,,,
A,20,20,120,breslow,3,0.0,0.0,0.5,,,,
A,20,20,120,breslow,3,0.0,0.0,0.95,,,,
A,20,20,120,breslow,3,0.0,0.5,0.3,,,,
A,20,20,120,breslow,3,0.0,0.5,0.5,,,,
A,20,20,120,breslow,3,0.0,0.5,0.95,,,,
A,20,20,120,breslow,3,0.0,1.0,0.3,,,,
A,20,20,120,breslow,3,0.0,1.0,0.5,,,,
A,20,20,120,breslow,3,0.0,1.0,0.95,,,,
A,20,20,120,breslow,3,0.1,0.0,0.3,7181.842354334105,0.544783285207072,34.54320683812159,49.45689385126987
A,20,20,120,breslow,3,0.1,0.0,0.5,7332.877394107161,0.5428792813431104,34.57776447266432,49.56342078066052
A,20,20,120,breslow,3,0.1,0.0,0.95,,,,
A,20,20,120,breslow,3,0.1,0.5,0.3,7230.480293796501,0.5445412032071906,34.55166518188418,49.474194062061066
A,20,20,120,breslow,3,0.1,0.5,0.5,7332.902686069021,0.5428779793535482,34.578899224437365,49.564677783387346
A,20,20,120,breslow,3,0.1,0.5,0.95,,,,
A,20,20,120,breslow,3,0.1,1.0,0.3,7230.480293796501,0.5445412032071906,34.55166518188418,49.474194062061066
A,20,20,120,breslow,3,0.1,1.0,0.5,7332.902686069021,0.5428779793535482,34.578899224437365,49.564677783387346
A,20,20,120,breslow,3,0.1,1.0,0.95,,,,
A,20,20,120,breslow,3,1.0,0.0,0.3,7230.480293796501,0.5445412032071906,34.55166518188418,49.474194062061066
A,20,20,120,breslow,3,1.0,0.0,0.5,7332.902686069021,0.5428779793535482,34.578899224437365,49.564677783387346
A,20,20,120,breslow,3,1.0,0.0,0.95,,,,
A,20,20,120,breslow,3,1.0,0.5,0.3,7230.480293796501,0.5445412032071906,34.55166518188418,49.474194062061066
A,20,20,120,breslow,3,1.0,0.5,0.5,7332.902686069021,0.5428779793535482,34.578899224437365,49.564677783387346
A,20,20,120,breslow,3,1.0,0.5,0.95,,,,
A,20,20,120,breslow,3,1.0,1.0,0.3,7230.480293796501,0.5445412032071906,34.55166518188418,49.474194062061066
A,20,20,120,breslow,3,1.0,1.0,0.5,7332.902686069021,0.5428779793535482,34.578899224437365,49.564677783387346
A,20,20,120,breslow,3,1.0,1.0,0.95,,,,
A,20,20,120,breslow,5,0.0,0.0,0.3,,,,
A,20,20,120,breslow,5,0.0,0.0,0.5,,,,
A,20,20,120,breslow,5,0.0,0.0,0.95,,,,
A,20,20,120,breslow,5,0.0,0.5,0.3,,,,
A,20,20,120,breslow,5,0.0,0.5,0.5,,,,
A,20,20,120,breslow,5,0.0,0.5,0.95,,,,
A,20,20,120,breslow,5,0.0,1.0,0.3,,,,
A,20,20,120,breslow,5,0.0,1.0,0.5,,,,
A,20,20,120,breslow,5,0.0,1.0,0.95,,,,
A,20,20,120,breslow,5,0.1,0.0,0.3,7181.842354334105,0.544783285207072,34.54320683812159,49.45689385126987
A,20,20,120,breslow,5,0.1,0.0,0.5,7332.877394107161,0.5428792813431104,34.57776447266432,49.56342078066052
A,20,20,120,breslow,5,0.1,0.0,0.95,,,,
A,20,20,120,breslow,5,0.1,0.5,0.3,7230.480293796501,0.5445412032071906,34.55166518188418,49.474194062061066
A,20,20,120,breslow,5,0.1,0.5,0.5,7332.902686069021,0.5428779793535482,34.578899224437365,49.564677783387346
A,20,20,120,breslow,5,0.1,0.5,0.95,,,,
A,20,20,120,breslow,5,0.1,1.0,0.3,7230.480293796501,0.5445412032071906,34.55166518188418,49.474194062061066
A,20,20,120,breslow,5,0.1,1.0,0.5,7332.902686069021,0.5428779793535482,34.578899224437365,49.564677783387346
A,20,20,120,breslow,5,0.1,1.0,0.95,,,,
A,20,20,120,breslow,5,1.0,0.0,0.3,7230.480293796501,0.5445412032071906,34.55166518188418,49.474194062061066
A,20,20,120,breslow,5,1.0,0.0,0.5,7332.902686069021,0.5428779793535482,34.578899224437365,49.564677783387346
A,20,20,120,breslow,5,1.0,0.0,0.95,,,,
A,20,20,120,breslow,5,1.0,0.5,0.3,7230.480293796501,0.5445412032071906,34.55166518188418,49.474194062061066
A,20,20,120,breslow,5,1.0,0.5,0.5,7332.902686069021,0.5428779793535482,34.578899224437365,49.564677783387346
A,20,20,120,breslow,5,1.0,0.5,0.95,,,,
A,20,20,120,breslow,5,1.0,1.0,0.3,7230.480293796501,0.5445412032071906,34.55166518188418,49.474194062061066
A,20,20,120,breslow,5,1.0,1.0,0.5,7332.902686069021,0.5428779793535482,34.578899224437365,49.564677783387346
A,20,20,120,breslow,5,1.0,1.0,0.95,,,,
A,20,20,120,spline,3,0.0,0.0,0.3,,,,
A,20,20,120,spline,3,0.0,0.0,0.5,,,,
A,20,20,120,spline,3,0.0,0.0,0.95,,,,
A,20,20,120,spline,3,0.0,0.5,0.3,,,,
A,20,20,120,spline,3,0.0,0.5,0.5,,,,
A,20,20,120,spline,3,0.0,0.5,0.95,,,,
A,20,20,120,spline,3,0.0,1.0,0.3,,,,
A,20,20,120,spline,3,0.0,1.0,0.5,,,,
A,20,20,120,spline,3,0.0,1.0,0.95,,,,
A,20,20,120,spline,3,0.1,0.0,0.3,,,,
A,20,20,120,spline,3,0.1,0.0,0.5,,,,
A,20,20,120,spline,3,0.1,0.0,0.95,,,,
A,20,20,120,spline,3,0.1,0.5,0.3,,,,
A,20,20,120,spline,3,0.1,0.5,0.5,,,,
A,20,20,120,spline,3,0.1,0.5,0.95,,,,
A,20,20,120,spline,3,0.1,1.0,0.3,,,,
A,20,20,120,spline,3,0.1,1.0,0.5,,,,
A,20,20,120,spline,3,0.1,1.0,0.95,,,,
A,20,20,120,spline,3,1.0,0.0,0.3,,,,
A,20,20,120,spline,3,1.0,0.0,0.5,,,,
A,20,20,120,spline,3,1.0,0.0,0.95,,,,
A,20,20,120,spline,3,1.0,0.5,0.3,,,,
A,20,20,120,spline,3,1.0,0.5,0.5,,,,
A,20,20,120,spline,3,1.0,0.5,0.95,,,,
A,20,20,120,spline,3,1.0,1.0,0.3,,,,
A,20,20,120,spline,3,1.0,1.0,0.5,,,,
A,20,20,120,spline,3,1.0,1.0,0.95,,,,
A,20,20,120,spline,5,0.0,0.0,0.3,,,,
A,20,20,120,spline,5,0.0,0.0,0.5,,,,
A,20,20,120,spline,5,0.0,0.0,0.95,,,,
A,20,20,120,spline,5,0.0,0.5,0.3,,,,
A,20,20,120,spline,5,0.0,0.5,0.5,,,,
A,20,20,120,spline,5,0.0,0.5,0.95,,,,
A,20,20,120,spline,5,0.0,1.0,0.3,,,,
A,20,20,120,spline,5,0.0,1.0,0.5,,,,
A,20,20,120,spline,5,0.0,1.0,0.95,,,,
A,20,20,120,spline,5,0.1,0.0,0.3,,,,
A,20,20,120,spline,5,0.1,0.0,0.5,,,,
A,20,20,120,spline,5,0.1,0.0,0.95,,,,
A,20,20,120,spline,5,0.1,0.5,0.3,,,,
A,20,20,120,spline,5,0.1,0.5,0.5,,,,
A,20,20,120,spline,5,0.1,0.5,0.95,,,,
A,20,20,120,spline,5,0.1,1.0,0.3,,,,
A,20,20,120,spline,5,0.1,1.0,0.5,,,,
A,20,20,120,spline,5,0.1,1.0,0.95,,,,
A,20,20,120,spline,5,1.0,0.0,0.3,,,,
A,20,20,120,spline,5,1.0,0.0,0.5,,,,
A,20,20,120,spline,5,1.0,0.0,0.95,,,,
A,20,20,120,spline,5,1.0,0.5,0.3,,,,
A,20,20,120,spline,5,1.0,0.5,0.5,,,,
A,20,20,120,spline,5,1.0,0.5,0.95,,,,
A,20,20,120,spline,5,1.0,1.0,0.3,,,,
A,20,20,120,spline,5,1.0,1.0,0.5,,,,
A,20,20,120,spline,5,1.0,1.0,0.95,,,,
A,20,20,125,breslow,3,0.0,0.0,0.3,,,,
A,20,20,125,breslow,3,0.0,0.0,0.5,,,,
A,20,20,125,breslow,3,0.0,0.0,0.95,,,,
A,20,20,125,breslow,3,0.0,0.5,0.3,,,,
A,20,20,125,breslow,3,0.0,0.5,0.5,,,,
A,20,20,125,breslow,3,0.0,0.5,0.95,,,,
A,20,20,125,breslow,3,0.0,1.0,0.3,,,,
A,20,20,125,breslow,3,0.0,1.0,0.5,,,,
A,20,20,125,breslow,3,0.0,1.0,0.95,,,,
A,20,20,125,breslow,3,0.1,0.0,0.3,7181.62205226785,0.543477519123693,32.529941887007105,49.37326279736102
A,20,20,125,breslow,3,0.1,0.0,0.5,7332.643950342494,0.5416524122295143,32.556934509729494,49.47650969984162
A,20,20,125,breslow,3,0.1,0.0,0.95,,,,
A,20,20,125,breslow,3,0.1,0.5,0.3,7230.259991730246,0.5432435643867091,32.53840023076969,49.39060149719758
A,20,20,125,breslow,3,0.1,0.5,0.5,7332.669242304352,0.541651147182705,32.55806926150255,49.47776678035592
A,20,20,125,breslow,3,0.1,0.5,0.95,,,,
A,20,20,125,breslow,3,0.1,1.0,0.3,7230.259991730246,0.5432435643867091,32.53840023076969,49.39060149719758
A,20,20,125,breslow,3,0.1,1.0,0.5,7332.669242304352,0.541651147182705,32.55806926150255,49.47776678035592
A,20,20,125,breslow,3,0.1,1.0,0.95,,,,
A,20,20,125,breslow,3,1.0,0.0,0.3,7230.259991730246,0.5432435643867091,32.53840023076969,49.39060149719758
A,20,20,125,breslow,3,1.0,0.0,0.5,7332.669242304352,0.541651147182705,32.55806926150255,49.47776678035592
A,20,20,125,breslow,3,1.0,0.0,0.95,,,,
A,20,20,125,breslow,3,1.0,0.5,0.3,7230.259991730246,0.5432435643867091,32.53840023076969,49.39060149719758
A,20,20,125,breslow,3,1.0,0.5,0.5,7332.669242304352,0.541651147182705,32.55806926150255,49.47776678035592
A,20,20,125,breslow,3,1.0,0.5,0.95,,,,
A,20,20,125,breslow,3,1.0,1.0,0.3,7230.259991730246,0.5432435643867091,32.53840023076969,49.39060149719758
A,20,20,125,breslow,3,1.0,1.0,0.5,7332.669242304352,0.541651147182705,32.55806926150255,49.47776678035592
A,20,20,125,breslow,3,1.0,1.0,0.95,,,,
A,20,20,125,breslow,5,0.0,0.0,0.3,,,,
A,20,20,125,breslow,5,0.0,0.0,0.5,,,,
A,20,20,125,breslow,5,0.0,0.0,0.95,,,,
A,20,20,125,breslow,5,0.0,0.5,0.3,,,,
A,20,20,125,breslow,5,0.0,0.5,0.5,,,,
A,20,20,125,breslow,5,0.0,0.5,0.95,,,,
A,20,20,125,breslow,5,0.0,1.0,0.3,,,,
A,20,20,125,breslow,5,0.0,1.0,0.5,,,,
A,20,20,125,breslow,5,0.0,1.0,0.95,,,,
A,20,20,125,breslow,5,0.1,0.0,0.3,7181.62205226785,0.543477519123693,32.529941887007105,49.37326279736102
A,20,20,125,breslow,5,0.1,0.0,0.5,7332.643950342494,0.5416524122295143,32.556934509729494,49.47650969984162
A,20,20,125,breslow,5,0.1,0.0,0.95,,,,
A,20,20,125,breslow,5,0.1,0.5,0.3,7230.259991730246,0.5432435643867091,32.53840023076969,49.39060149719758
A,20,20,125,breslow,5,0.1,0.5,0.5,7332.669242304352,0.541651147182705,32.55806926150255,49.47776678035592
A,20,20,125,breslow,5,0.1,0.5,0.95,,,,
A,20,20,125,breslow,5,0.1,1.0,0.3,7230.259991730246,0.5432435643867091,32.53840023076969,49.39060149719758
A,20,20,125,breslow,5,0.1,1.0,0.5,7332.669242304352,0.541651147182705,32.55806926150255,49.47776678035592
A,20,20,125,breslow,5,0.1,1.0,0.95,,,,
A,20,20,125,breslow,5,1.0,0.0,0.3,7230.259991730246,0.5432435643867091,32.53840023076969,49.39060149719758
A,20,20,125,breslow,5,1.0,0.0,0.5,7332.669242304352,0.541651147182705,32.55806926150255,49.47776678035592
A,20,20,125,breslow,5,1.0,0.0,0.95,,,,
A,20,20,125,breslow,5,1.0,0.5,0.3,7230.259991730246,0.5432435643867091,32.53840023076969,49.39060149719758
A,20,20,125,breslow,5,1.0,0.5,0.5,7332.669242304352,0.541651147182705,32.55806926150255,49.47776678035592
A,20,20,125,breslow,5,1.0,0.5,0.95,,,,
A,20,20,125,breslow,5,1.0,1.0,0.3,7230.259991730246,0.5432435643867091,32.53840023076969,49.39060149719758
A,20,20,125,breslow,5,1.0,1.0,0.5,7332.669242304352,0.541651147182705,32.55806926150255,49.47776678035592
A,20,20,125,breslow,5,1.0,1.0,0.95,,,,
A,20,20,125,spline,3,0.0,0.0,0.3,,,,
A,20,20,125,spline,3,0.0,0.0,0.5,,,,
A,20,20,125,spline,3,0.0,0.0,0.95,,,,
A,20,20,125,spline,3,0.0,0.5,0.3,,,,
A,20,20,125,spline,3,0.0,0.5,0.5,,,,
A,20,20,125,spline,3,0.0,0.5,0.95,,,,
A,20,20,125,spline,3,0.0,1.0,0.3,,,,
A,20,20,125,spline,3,0.0,1.0,0.5,,,,
A,20,20,125,spline,3,0.0,1.0,0.95,,,,
A,20,20,125,spline,3,0.1,0.0,0.3,,,,
A,20,20,125,spline,3,0.1,0.0,0.5,,,,
A,20,20,125,spline,3,0.1,0.0,0.95,,,,
A,20,20,125,spline,3,0.1,0.5,0.3,,,,
A,20,20,125,spline,3,0.1,0.5,0.5,,,,
A,20,20,125,spline,3,0.1,0.5,0.95,,,,
A,20,20,125,spline,3,0.1,1.0,0.3,,,,
A,20,20,125,spline,3,0.1,1.0,0.5,,,,
A,20,20,125,spline,3,0.1,1.0,0.95,,,,
A,20,20,125,spline,3,1.0,0.0,0.3,,,,
A,20,20,125,spline,3,1.0,0.0,0.5,,,,
A,20,20,125,spline,3,1.0,0.0,0.95,,,,
A,20,20,125,spline,3,1.0,0.5,0.3,,,,
A,20,20,125,spline,3,1.0,0.5,0.5,,,,
A,20,20,125,spline,3,1.0,0.5,0.95,,,,
A,20,20,125,spline,3,1.0,1.0,0.3,,,,
A,20,20,125,spline,3,1.0,1.0,0.5,,,,
A,20,20,125,spline,3,1.0,1.0,0.95,,,,
A,20,20,125,spline,5,0.0,0.0,0.3,,,,
A,20,20,125,spline,5,0.0,0.0,0.5,,,,
A,20,20,125,spline,5,0.0,0.0,0.95,,,,
A,20,20,125,spline,5,0.0,0.5,0.3,,,,
A,20,20,125,spline,5,0.0,0.5,0.5,,,,
A,20,20,125,spline,5,0.0,0.5,0.95,,,,
A,20,20,125,spline,5,0.0,1.0,0.3,,,,
A,20,20,125,spline,5,0.0,1.0,0.5,,,,
A,20,20,125,spline,5,0.0,1.0,0.95,,,,
A,20,20,125,spline,5,0.1,0.0,0.3,,,,
A,20,20,125,spline,5,0.1,0.0,0.5,,,,
A,20,20,125,spline,5,0.1,0.0,0.95,,,,
A,20,20,125,spline,5,0.1,0.5,0.3,,,,
A,20,20,125,spline,5,0.1,0.5,0.5,,,,
A,20,20,125,spline,5,0.1,0.5,0.95,,,,
A,20,20,125,spline,5,0.1,1.0,0.3,,,,
A,20,20,125,spline,5,0.1,1.0,0.5,,,,
A,20,20,125,spline,5,0.1,1.0,0.95,,,,
A,20,20,125,spline,5,1.0,0.0,0.3,,,,
A,20,20,125,spline,5,1.0,0.0,0.5,,,,
A,20,20,125,spline,5,1.0,0.0,0.95,,,,
A,20,20,125,spline,5,1.0,0.5,0.3,,,,
A,20,20,125,spline,5,1.0,0.5,0.5,,,,
A,20,20,125,spline,5,1.0,0.5,0.95,,,,
A,20,20,125,spline,5,1.0,1.0,0.3,,,,
A,20,20,125,spline,5,1.0,1.0,0.5,,,,
A,20,20,125,spline,5,1.0,1.0,0.95,,,,
A,25,10,115,breslow,3,0.0,0.0,0.3,,,,
A,25,10,115,breslow,3,0.0,0.0,0.5,,,,
A,25,10,115,breslow,3,0.0,0.0,0.95,,,,
A,25,10,115,breslow,3,0.0,0.5,0.3,,,,
A,25,10,115,breslow,3,0.0,0.5,0.5,,,,
A,25,10,115,breslow,3,0.0,0.5,0.95,,,,
A,25,10,115,breslow,3,0.0,1.0,0.3,,,,
A,25,10,115,breslow,3,0.0,1.0,0.5,,,,
A,25,10,115,breslow,3,0.0,1.0,0.95,,,,
A,25,10,115,breslow,3,0.1,0.0,0.3,7427.942640599484,0.5460387560060438,37.6279845110626,50.58175880665211
A,25,10,115,breslow,3,0.1,0.0,0.5,7584.089857412384,0.5440677670709961,37.67169559016022,50.693271209054295
A,25,10,115,breslow,3,0.1,0.0,0.95,,,,
A,25,10,115,breslow,3,0.1,0.5,0.3,7478.175379600763,0.5457838986995048,37.63687896424335,50.59919988346058
A,25,10,115,breslow,3,0.1,0.5,0.5,7584.116015113768,0.5440663591916233,37.67286918429225,50.694544799673075
A,25,10,115,breslow,3,0.1,0.5,0.95,,,,
A,25,10,115,breslow,3,0.1,1.0,0.3,7478.175379600763,0.5457838986995048,37.63687896424335,50.59919988346058
A,25,10,115,breslow,3,0.1,1.0,0.5,7584.116015113768,0.5440663591916233,37.67286918429225,50.694544799673075
A,25,10,115,breslow,3,0.1,1.0,0.95,,,,
A,25,10,115,breslow,3,1.0,0.0,0.3,7478.175379600763,0.5457838986995048,37.63687896424335,50.59919988346058
A,25,10,115,breslow,3,1.0,0.0,0.5,7584.116015113768,0.5440663591916233,37.67286918429225,50.694544799673075
A,25,10,115,breslow,3,1.0,0.0,0.95,,,,
A,25,10,115,breslow,3,1.0,0.5,0.3,7478.175379600763,0.5457838986995048,37.63687896424335,50.59919988346058
A,25,10,115,breslow,3,1.0,0.5,0.5,7584.116015113768,0.5440663591916233,37.67286918429225,50.694544799673075
A,25,10,115,breslow,3,1.0,0.5,0.95,,,,
A,25,10,115,breslow,3,1.0,1.0,0.3,7478.175379600763,0.5457838986995048,37.63687896424335,50.59919988346058
A,25,10,115,breslow,3,1.0,1.0,0.5,7584.116015113768,0.5440663591916233,37.67286918429225,50.694544799673075
A,25,10,115,breslow,3,1.0,1.0,0.95,,,,
A,25,10,115,breslow,5,0.0,0.0,0.3,,,,
A,25,10,115,breslow,5,0.0,0.0,0.5,,,,
A,25,10,115,breslow,5,0.0,0.0,0.95,,,,
A,25,10,115,breslow,5,0.0,0.5,0.3,,,,
A,25,10,115,breslow,5,0.0,0.5,0.5,,,,
A,25,10,115,breslow,5,0.0,0.5,0.95,,,,
A,25,10,115,breslow,5,0.0,1.0,0.3,,,,
A,25,10,115,breslow,5,0.0,1.0,0.5,,,,
A,25,10,115,breslow,5,0.0,1.0,0.95,,,,
A,25,10,115,breslow,5,0.1,0.0,0.3,7427.942640599484,0.5460387560060438,37.6279845110626,50.58175880665211
A,25,10,115,breslow,5,0.1,0.0,0.5,7584.089857412384,0.5440677670709961,37.67169559016022,50.693271209054295
A,25,10,115,breslow,5,0.1,0.0,0.95,,,,
A,25,10,115,breslow,5,0.1,0.5,0.3,7478.175379600763,0.5457838986995048,37.63687896424335,50.59919988346058
A,25,10,115,breslow,5,0.1,0.5,0.5,7584.116015113768,0.5440663591916233,37.67286918429225,50.694544799673075
A,25,10,115,breslow,5,0.1,0.5,0.95,,,,
A,25,10,115,breslow,5,0.1,1.0,0.3,7478.175379600763,0.5457838986995048,37.63687896424335,50.59919988346058
A,25,10,115,breslow,5,0.1,1.0,0.5,7584.116015113768,0.5440663591916233,37.67286918429225,50.694544799673075
A,25,10,115,breslow,5,0.1,1.0,0.95,,,,
A,25,10,115,breslow,5,1.0,0.0,0.3,7478.175379600763,0.5457838986995048,37.63687896424335,50.59919988346058
A,25,10,115,breslow,5,1.0,0.0,0.5,7584.116015113768,0.5440663591916233,37.67286918429225,50.694544799673075
A,25,10,115,breslow,5,1.0,0.0,0.95,,,,
A,25,10,115,breslow,5,1.0,0.5,0.3,7478.175379600763,0.5457838986995048,37.63687896424335,50.59919988346058
A,25,10,115,breslow,5,1.0,0.5,0.5,7584.116015113768,0.5440663591916233,37.67286918429225,50.694544799673075
A,25,10,115,breslow,5,1.0,0.5,0.95,,,,
A,25,10,115,breslow,5,1.0,1.0,0.3,7478.175379600763,0.5457838986995048,37.63687896424335,50.59919988346058
A,25,10,115,breslow,5,1.0,1.0,0.5,7584.116015113768,0.5440663591916233,37.67286918429225,50.694544799673075
A,25,10,115,breslow,5,1.0,1.0,0.95,,,,
A,25,10,115,spline,3,0.0,0.0,0.3,,,,
A,25,10,115,spline,3,0.0,0.0,0.5,,,,
A,25,10,115,spline,3,0.0,0.0,0.95,,,,
A,25,10,115,spline,3,0.0,0.5,0.3,,,,
A,25,10,115,spline,3,0.0,0.5,0.5,,,,
A,25,10,115,spline,3,0.0,0.5,0.95,,,,
A,25,10,115,spline,3,0.0,1.0,0.3,,,,
A,25,10,115,spline,3,0.0,1.0,0.5,,,,
A,25,10,115,spline,3,0.0,1.0,0.95,,,,
A,25,10,115,spline,3,0.1,0.0,0.3,,,,
A,25,10,115,spline,3,0.1,0.0,0.5,,,,
A,25,10,115,spline,3,0.1,0.0,0.95,,,,
A,25,10,115,spline,3,0.1,0.5,0.3,,,,
A,25,10,115,spline,3,0.1,0.5,0.5,,,,
A,25,10,115,spline,3,0.1,0.5,0.95,,,,
A,25,10,115,spline,3,0.1,1.0,0.3,,,,
A,25,10,115,spline,3,0.1,1.0,0.5,,,,
A,25,10,115,spline,3,0.1,1.0,0.95,,,,
A,25,10,115,spline,3,1.0,0.0,0.3,,,,
A,25,10,115,spline,3,1.0,0.0,0.5,,,,
A,25,10,115,spline,3,1.0,0.0,0.95,,,,
A,25,10,115,spline,3,1.0,0.5,0.3,,,,
A,25,10,115,spline,3,1.0,0.5,0.5,,,,
A,25,10,115,spline,3,1.0,0.5,0.95,,,,
A,25,10,115,spline,3,1.0,1.0,0.3,,,,
A,25,10,115,spline,3,1.0,1.0,0.5,,,,
A,25,10,115,spline,3,1.0,1.0,0.95,,,,
A,25,10,115,spline,5,0.0,0.0,0.3,,,,
A,25,10,115,spline,5,0.0,0.0,0.5,,,,
A,25,10,115,spline,5,0.0,0.0,0.95,,,,
A,25,10,115,spline,5,0.0,0.5,0.3,,,,
A,25,10,115,spline,5,0.0,0.5,0.5,,,,
A,25,10,115,spline,5,0.0,0.5,0.95,,,,
A,25,10,115,spline,5,0.0,1.0,0.3,,,,
A,25,10,115,spline,5,0.0,1.0,0.5,,,,
A,25,10,115,spline,5,0.0,1.0,0.95,,,,
A,25,10,115,spline,5,0.1,0.0,0.3,,,,
A,25,10,115,spline,5,0.1,0.0,0.5,,,,
A,25,10,115,spline,5,0.1,0.0,0.95,,,,
A,25,10,115,spline,5,0.1,0.5,0.3,,,,
A,25,10,115,spline,5,0.1,0.5,0.5,,,,
A,25,10,115,spline,5,0.1,0.5,0.95,,,,
A,25,10,115,spline,5,0.1,1.0,0.3,,,,
A,25,10,115,spline,5,0.1,1.0,0.5,,,,
A,25,10,115,spline,5,0.1,1.0,0.95,,,,
A,25,10,115,spline,5,1.0,0.0,0.3,,,,
A,25,10,115,spline,5,1.0,0.0,0.5,,,,
A,25,10,115,spline,5,1.0,0.0,0.95,,,,
A,25,10,115,spline,5,1.0,0.5,0.3,,,,
A,25,10,115,spline,5,1.0,0.5,0.5,,,,
A,25,10,115,spline,5,1.0,0.5,0.95,,,,
A,25,10,115,spline,5,1.0,1.0,0.3,,,,
A,25,10,115,spline,5,1.0,1.0,0.5,,,,
A,25,10,115,spline,5,1.0,1.0,0.95,,,,
A,25,10,120,breslow,3,0.0,0.0,0.3,,,,
A,25,10,120,breslow,3,0.0,0.0,0.5,,,,
A,25,10,120,breslow,3,0.0,0.0,0.95,,,,
A,25,10,120,breslow,3,0.0,0.5,0.3,,,,
A,25,10,120,breslow,3,0.0,0.5,0.5,,,,
A,25,10,120,breslow,3,0.0,0.5,0.95,,,,
A,25,10,120,breslow,3,0.0,1.0,0.3,,,,
A,25,10,120,breslow,3,0.0,1.0,0.5,,,,
A,25,10,120,breslow,3,0.0,1.0,0.95,,,,
A,25,10,120,breslow,3,0.1,0.0,0.3,7427.53114133009,0.544579859891412,35.55171901380718,50.286823943916104
A,25,10,120,breslow,3,0.1,0.0,0.5,7583.6664389407615,0.5426926616143011,35.58760613202461,50.395176322665144
A,25,10,120,breslow,3,0.1,0.0,0.95,,,,
A,25,10,120,breslow,3,0.1,0.5,0.3,7477.764303411643,0.5443340015533689,35.56061346698793,50.304419236514015
A,25,10,120,breslow,3,0.1,0.5,0.5,7583.692596642146,0.5426912949106195,35.58877972615663,50.39645488270408
A,25,10,120,breslow,3,0.1,0.5,0.95,,,,
A,25,10,120,breslow,3,0.1,1.0,0.3,7477.764303411643,0.5443340015533689,35.56061346698793,50.304419236514015
A,25,10,120,breslow,3,0.1,1.0,0.5,7583.692596642146,0.5426912949106195,35.58877972615663,50.39645488270408
A,25,10,120,breslow,3,0.1,1.0,0.95,,,,
A,25,10,120,breslow,3,1.0,0.0,0.3,7477.764303411643,0.5443340015533689,35.56061346698793,50.304419236514015
A,25,10,120,breslow,3,1.0,0.0,0.5,7583.692596642146,0.5426912949106195,35.58877972615663,50.39645488270408
A,25,10,120,breslow,3,1.0,0.0,0.95,,,,
A,25,10,120,breslow,3,1.0,0.5,0.3,7477.764303411643,0.5443340015533689,35.56061346698793,50.304419236514015
A,25,10,120,breslow,3,1.0,0.5,0.5,7583.692596642146,0.5426912949106195,35.58877972615663,50.39645488270408
A,25,10,120,breslow,3,1.0,0.5,0.95,,,,
A,25,10,120,breslow,3,1.0,1.0,0.3,7477.764303411643,0.5443340015533689,35.56061346698793,50.304419236514015
A,25,10,120,breslow,3,1.0,1.0,0.5,7583.692596642146,0.5426912949106195,35.58877972615663,50.39645488270408
A,25,10,120,breslow,3,1.0,1.0,0.95,,,,
A,25,10,120,breslow,5,0.0,0.0,0.3,,,,
A,25,10,120,breslow,5,0.0,0.0,0.5,,,,
A,25,10,120,breslow,5,0.0,0.0,0.95,,,,
A,25,10,120,breslow,5,0.0,0.5,0.3,,,,
A,25,10,120,breslow,5,0.0,0.5,0.5,,,,
A,25,10,120,breslow,5,0.0,0.5,0.95,,,,
A,25,10,120,breslow,5,0.0,1.0,0.3,,,,
A,25,10,120,breslow,5,0.0,1.0,0.5,,,,
A,25,10,120,breslow,5,0.0,1.0,0.95,,,,
A,25,10,120,breslow,5,0.1,0.0,0.3,7427.53114133009,0.544579859891412,35.55171901380718,50.286823943916104
A,25,10,120,breslow,5,0.1,0.0,0.5,7583.6664389407615,0.5426926616143011,35.58760613202461,50.395176322665144
A,25,10,120,breslow,5,0.1,0.0,0.95,,,,
A,25,10,120,breslow,5,0.1,0.5,0.3,7477.764303411643,0.5443340015533689,35.56061346698793,50.304419236514015
A,25,10,120,breslow,5,0.1,0.5,0.5,7583.692596642146,0.5426912949106195,35.58877972615663,50.39645488270408
A,25,10,120,breslow,5,0.1,0.5,0.95,,,,
A,25,10,120,breslow,5,0.1,1.0,0.3,7477.764303411643,0.5443340015533689,35.56061346698793,50.304419236514015
A,25,10,120,breslow,5,0.1,1.0,0.5,7583.692596642146,0.5426912949106195,35.58877972615663,50.39645488270408
A,25,10,120,breslow,5,0.1,1.0,0.95,,,,
A,25,10,120,breslow,5,1.0,0.0,0.3,7477.764303411643,0.5443340015533689,35.56061346698793,50.304419236514015
A,25,10,120,breslow,5,1.0,0.0,0.5,7583.692596642146,0.5426912949106195,35.58877972615663,50.39645488270408
A,25,10,120,breslow,5,1.0,0.0,0.95,,,,
A,25,10,120,breslow,5,1.0,0.5,0.3,7477.764303411643,0.5443340015533689,35.56061346698793,50.304419236514015
A,25,10,120,breslow,5,1.0,0.5,0.5,7583.692596642146,0.5426912949106195,35.58877972615663,50.39645488270408
A,25,10,120,breslow,5,1.0,0.5,0.95,,,,
A,25,10,120,breslow,5,1.0,1.0,0.3,7477.764303411643,0.5443340015533689,35.56061346698793,50.304419236514015
A,25,10,120,breslow,5,1.0,1.0,0.5,7583.692596642146,0.5426912949106195,35.58877972615663,50.39645488270408
A,25,10,120,breslow,5,1.0,1.0,0.95,,,,
A,25,10,120,spline,3,0.0,0.0,0.3,,,,
A,25,10,120,spline,3,0.0,0.0,0.5,,,,
A,25,10,120,spline,3,0.0,0.0,0.95,,,,
A,25,10,120,spline,3,0.0,0.5,0.3,,,,
A,25,10,120,spline,3,0.0,0.5,0.5,,,,
A,25,10,120,spline,3,0.0,0.5,0.95,,,,
A,25,10,120,spline,3,0.0,1.0,0.3,,,,
A,25,10,120,spline,3,0.0,1.0,0.5,,,,
A,25,10,120,spline,3,0.0,1.0,0.95,,,,
A,25,10,120,spline,3,0.1,0.0,0.3,,,,
A,25,10,120,spline,3,0.1,0.0,0.5,,,,
A,25,10,120,spline,3,0.1,0.0,0.95,,,,
A,25,10,120,spline,3,0.1,0.5,0.3,,,,
A,25,10,120,spline,3,0.1,0.5,0.5,,,,
A,25,10,120,spline,3,0.1,0.5,0.95,,,,
A,25,10,120,spline,3,0.1,1.0,0.3,,,,
A,25,10,120,spline,3,0.1,1.0,0.5,,,,
A,25,10,120,spline,3,0.1,1.0,0.95,,,,
A,25,10,120,spline,3,1.0,0.0,0.3,,,,
A,25,10,120,spline,3,1.0,0.0,0.5,,,,
A,25,10,120,spline,3,1.0,0.0,0.95,,,,
A,25,10,120,spline,3,1.0,0.5,0.3,,,,
A,25,10,120,spline,3,1.0,0.5,0.5,,,,
A,25,10,120,spline,3,1.0,0.5,0.95,,,,
A,25,10,120,spline,3,1.0,1.0,0.3,,,,
A,25,10,120,spline,3,1.0,1.0,0.5,,,,
A,25,10,120,spline,3,1.0,1.0,0.95,,,,
A,25,10,120,spline,5,0.0,0.0,0.3,,,,
A,25,10,120,spline,5,0.0,0.0,0.5,,,,
A,25,10,120,spline,5,0.0,0.0,0.95,,,,
A,25,10,120,spline,5,0.0,0.5,0.3,,,,
A,25,10,120,spline,5,0.0,0.5,0.5,,,,
A,25,10,120,spline,5,0.0,0.5,0.95,,,,
A,25,10,120,spline,5,0.0,1.0,0.3,,,,
A,25,10,120,spline,5,0.0,1.0,0.5,,,,
A,25,10,120,spline,5,0.0,1.0,0.95,,,,
A,25,10,120,spline,5,0.1,0.0,0.3,,,,
A,25,10,120,spline,5,0.1,0.0,0.5,,,,
A,25,10,120,spline,5,0.1,0.0,0.95,,,,
A,25,10,120,spline,5,0.1,0.5,0.3,,,,
A,25,10,120,spline,5,0.1,0.5,0.5,,,,
A,25,10,120,spline,5,0.1,0.5,0.95,,,,
A,25,10,120,spline,5,0.1,1.0,0.3,,,,
A,25,10,120,spline,5,0.1,1.0,0.5,,,,
A,25,10,120,spline,5,0.1,1.0,0.95,,,,
A,25,10,120,spline,5,1.0,0.0,0.3,,,,
A,25,10,120,spline,5,1.0,0.0,0.5,,,,
A,25,10,120,spline,5,1.0,0.0,0.95,,,,
A,25,10,120,spline,5,1.0,0.5,0.3,,,,
A,25,10,120,spline,5,1.0,0.5,0.5,,,,
A,25,10,120,spline,5,1.0,0.5,0.95,,,,
A,25,10,120,spline,5,1.0,1.0,0.3,,,,
A,25,10,120,spline,5,1.0,1.0,0.5,,,,
A,25,10,120,spline,5,1.0,1.0,0.95,,,,
A,25,10,125,breslow,3,0.0,0.0,0.3,,,,
A,25,10,125,breslow,3,0.0,0.0,0.5,,,,
A,25,10,125,breslow,3,0.0,0.0,0.95,,,,
A,25,10,125,breslow,3,0.0,0.5,0.3,,,,
A,25,10,125,breslow,3,0.0,0.5,0.5,,,,
A,25,10,125,breslow,3,0.0,0.5,0.95,,,,
A,25,10,125,breslow,3,0.0,1.0,0.3,,,,
A,25,10,125,breslow,3,0.0,1.0,0.5,,,,
A,25,10,125,breslow,3,0.0,1.0,0.95,,,,
A,25,10,125,breslow,3,0.1,0.0,0.3,7427.3244105025715,0.5433331119834628,33.63690727541235,50.21008296146066
A,25,10,125,breslow,3,0.1,0.0,0.5,7583.446738102481,0.5415218660190863,33.66497043274957,50.315119931150434
A,25,10,125,breslow,3,0.1,0.0,0.95,,,,
A,25,10,125,breslow,3,0.1,0.5,0.3,7477.558194109862,0.5430950950089966,33.64580172859309,50.22775319621904
A,25,10,125,breslow,3,0.1,0.5,0.5,7583.472895803864,0.5415205359092371,33.666144026881604,50.316398354048914
A,25,10,125,breslow,3,0.1,0.5,0.95,,,,
A,25,10,125,breslow,3,0.1,1.0,0.3,7477.558194109862,0.5430950950089966,33.64580172859309,50.22775319621904
A,25,10,125,breslow,3,0.1,1.0,0.5,7583.472895803864,0.5415205359092371,33.666144026881604,50.316398354048914
A,25,10,125,breslow,3,0.1,1.0,0.95,,,,
A,25,10,125,breslow,3,1.0,0.0,0.3,7477.558194109862,0.5430950950089966,33.64580172859309,50.22775319621904
A,25,10,125,breslow,3,1.0,0.0,0.5,7583.472895803864,0.5415205359092371,33.666144026881604,50.316398354048914
A,25,10,125,breslow,3,1.0,0.0,0.95,,,,
A,25,10,125,breslow,3,1.0,0.5,0.3,7477.558194109862,0.5430950950089966,33.64580172859309,50.22775319621904
A,25,10,125,breslow,3,1.0,0.5,0.5,7583.472895803864,0.5415205359092371,33.666144026881604,50.316398354048914
A,25,10,125,breslow,3,1.0,0.5,0.95,,,,
A,25,10,125,breslow,3,1.0,1.0,0.3,7477.558194109862,0.5430950950089966,33.64580172859309,50.22775319621904
A,25,10,125,breslow,3,1.0,1.0,0.5,7583.472895803864,0.5415205359092371,33.666144026881604,50.316398354048914
A,25,10,125,breslow,3,1.0,1.0,0.95,,,,
A,25,10,125,breslow,5,0.0,0.0,0.3,,,,
A,25,10,125,breslow,5,0.0,0.0,0.5,,,,
A,25,10,125,breslow,5,0.0,0.0,0.95,,,,
A,25,10,125,breslow,5,0.0,0.5,0.3,,,,
A,25,10,125,breslow,5,0.0,0.5,0.5,,,,
A,25,10,125,breslow,5,0.0,0.5,0.95,,,,
A,25,10,125,breslow,5,0.0,1.0,0.3,,,,
A,25,10,125,breslow,5,0.0,1.0,0.5,,,,
A,25,10,125,breslow,5,0.0,1.0,0.95,,,,
A,25,10,125,breslow,5,0.1,0.0,0.3,7427.3244105025715,0.5433331119834628,33.63690727541235,50.21008296146066
A,25,10,125,breslow,5,0.1,0.0,0.5,7583.446738102481,0.5415218660190863,33.66497043274957,50.315119931150434
A,25,10,125,breslow,5,0.1,0.0,0.95,,,,
A,25,10,125,breslow,5,0.1,0.5,0.3,7477.558194109862,0.5430950950089966,33.64580172859309,50.22775319621904
A,25,10,125,breslow,5,0.1,0.5,0.5,7583.472895803864,0.5415205359092371,33.666144026881604,50.316398354048914
A,25,10,125,breslow,5,0.1,0.5,0.95,,,,
A,25,10,125,breslow,5,0.1,1.0,0.3,7477.558194109862,0.5430950950089966,33.64580172859309,50.22775319621904
A,25,10,125,breslow,5,0.1,1.0,0.5,7583.472895803864,0.5415205359092371,33.666144026881604,50.316398354048914
A,25,10,125,breslow,5,0.1,1.0,0.95,,,,
A,25,10,125,breslow,5,1.0,0.0,0.3,7477.558194109862,0.5430950950089966,33.64580172859309,50.22775319621904
A,25,10,125,breslow,5,1.0,0.0,0.5,7583.472895803864,0.5415205359092371,33.666144026881604,50.316398354048914
A,25,10,125,breslow,5,1.0,0.0,0.95,,,,
A,25,10,125,breslow,5,1.0,0.5,0.3,7477.558194109862,0.5430950950089966,33.64580172859309,50.22775319621904
A,25,10,125,breslow,5,1.0,0.5,0.5,7583.472895803864,0.5415205359092371,33.666144026881604,50.316398354048914
A,25,10,125,breslow,5,1.0,0.5,0.95,,,,
A,25,10,125,breslow,5,1.0,1.0,0.3,7477.558194109862,0.5430950950089966,33.64580172859309,50.22775319621904
A,25,10,125,breslow,5,1.0,1.0,0.5,7583.472895803864,0.5415205359092371,33.666144026881604,50.316398354048914
A,25,10,125,breslow,5,1.0,1.0,0.95,,,,
A,25,10,125,spline,3,0.0,0.0,0.3,,,,
A,25,10,125,spline,3,0.0,0.0,0.5,,,,
A,25,10,125,spline,3,0.0,0.0,0.95,,,,
A,25,10,125,spline,3,0.0,0.5,0.3,,,,
A,25,10,125,spline,3,0.0,0.5,0.5,,,,
A,25,10,125,spline,3,0.0,0.5,0.95,,,,
A,25,10,125,spline,3,0.0,1.0,0.3,,,,
A,25,10,125,spline,3,0.0,1.0,0.5,,,,
A,25,10,125,spline,3,0.0,1.0,0.95,,,,
A,25,10,125,spline,3,0.1,0.0,0.3,,,,
A,25,10,125,spline,3,0.1,0.0,0.5,,,,
A,25,10,125,spline,3,0.1,0.0,0.95,,,,
A,25,10,125,spline,3,0.1,0.5,0.3,,,,
A,25,10,125,spline,3,0.1,0.5,0.5,,,,
A,25,10,125,spline,3,0.1,0.5,0.95,,,,
A,25,10,125,spline,3,0.1,1.0,0.3,,,,
A,25,10,125,spline,3,0.1,1.0,0.5,,,,
A,25,10,125,spline,3,0.1,1.0,0.95,,,,
A,25,10,125,spline,3,1.0,0.0,0.3,,,,
A,25,10,125,spline,3,1.0,0.0,0.5,,,,
A,25,10,125,spline,3,1.0,0.0,0.95,,,,
A,25,10,125,spline,3,1.0,0.5,0.3,,,,
A,25,10,125,spline,3,1.0,0.5,0.5,,,,
A,25,10,125,spline,3,1.0,0.5,0.95,,,,
A,25,10,125,spline,3,1.0,1.0,0.3,,,,
A,25,10,125,spline,3,1.0,1.0,0.5,,,,
A,25,10,125,spline,3,1.0,1.0,0.95,,,,
A,25,10,125,spline,5,0.0,0.0,0.3,,,,
A,25,10,125,spline,5,0.0,0.0,0.5,,,,
A,25,10,125,spline,5,0.0,0.0,0.95,,,,
A,25,10,125,spline,5,0.0,0.5,0.3,,,,
A,25,10,125,spline,5,0.0,0.5,0.5,,,,
A,25,10,125,spline,5,0.0,0.5,0.95,,,,
A,25,10,125,spline,5,0.0,1.0,0.3,,,,
A,25,10,125,spline,5,0.0,1.0,0.5,,,,
A,25,10,125,spline,5,0.0,1.0,0.95,,,,
A,25,10,125,spline,5,0.1,0.0,0.3,,,,
A,25,10,125,spline,5,0.1,0.0,0.5,,,,
A,25,10,125,spline,5,0.1,0.0,0.95,,,,
A,25,10,125,spline,5,0.1,0.5,0.3,,,,
A,25,10,125,spline,5,0.1,0.5,0.5,,,,
A,25,10,125,spline,5,0.1,0.5,0.95,,,,
A,25,10,125,spline,5,0.1,1.0,0.3,,,,
A,25,10,125,spline,5,0.1,1.0,0.5,,,,
A,25,10,125,spline,5,0.1,1.0,0.95,,,,
A,25,10,125,spline,5,1.0,0.0,0.3,,,,
A,25,10,125,spline,5,1.0,0.0,0.5,,,,
A,25,10,125,spline,5,1.0,0.0,0.95,,,,
A,25,10,125,spline,5,1.0,0.5,0.3,,,,
A,25,10,125,spline,5,1.0,0.5,0.5,,,,
A,25,10,125,spline,5,1.0,0.5,0.95,,,,
A,25,10,125,spline,5,1.0,1.0,0.3,,,,
A,25,10,125,spline,5,1.0,1.0,0.5,,,,
A,25,10,125,spline,5,1.0,1.0,0.95,,,,
A,25,15,115,breslow,3,0.0,0.0,0.3,,,,
A,25,15,115,breslow,3,0.0,0.0,0.5,,,,
A,25,15,115,breslow,3,0.0,0.0,0.95,,,,
A,25,15,115,breslow,3,0.0,0.5,0.3,,,,
A,25,15,115,breslow,3,0.0,0.5,0.5,,,,
A,25,15,115,breslow,3,0.0,0.5,0.95,,,,
A,25,15,115,breslow,3,0.0,1.0,0.3,,,,
A,25,15,115,breslow,3,0.0,1.0,0.5,,,,
A,25,15,115,breslow,3,0.0,1.0,0.95,,,,
A,25,15,115,breslow,3,0.1,0.0,0.3,7427.969878106315,0.546038033639008,37.62857102160662,50.582381408626546
A,25,15,115,breslow,3,0.1,0.0,0.5,7584.089857412384,0.5440677670709961,37.67169559016022,50.693271209054295
A,25,15,115,breslow,3,0.1,0.0,0.95,,,,
A,25,15,115,breslow,3,0.1,0.5,0.3,7478.175379600763,0.5457838986995048,37.63687896424335,50.59919988346058
A,25,15,115,breslow,3,0.1,0.5,0.5,7584.116015113768,0.5440663591916233,37.67286918429225,50.694544799673075
A,25,15,115,breslow,3,0.1,0.5,0.95,,,,
A,25,15,115,breslow,3,0.1,1.0,0.3,7478.175379600763,0.5457838986995048,37.63687896424335,50.59919988346058
A,25,15,115,breslow,3,0.1,1.0,0.5,7584.116015113768,0.5440663591916233,37.67286918429225,50.694544799673075
A,25,15,115,breslow,3,0.1,1.0,0.95,,,,
A,25,15,115,breslow,3,1.0,0.0,0.3,7478.175379600763,0.5457838986995048,37.63687896424335,50.59919988346058
A,25,15,115,breslow,3,1.0,0.0,0.5,7584.116015113768,0.5440663591916233,37.67286918429225,50.694544799673075
A,25,15,115,breslow,3,1.0,0.0,0.95,,,,
A,25,15,115,breslow,3,1.0,0.5,0.3,7478.175379600763,0.5457838986995048,37.63687896424335,50.59919988346058
A,25,15,115,breslow,3,1.0,0.5,0.5,7584.116015113768,0.5440663591916233,37.67286918429225,50.694544799673075
A,25,15,115,breslow,3,1.0,0.5,0.95,,,,
A,25,15,115,breslow,3,1.0,1.0,0.3,7478.175379600763,0.5457838986995048,37.63687896424335,50.59919988346058
A,25,15,115,breslow,3,1.0,1.0,0.5,7584.116015113768,0.5440663591916233,37.67286918429225,50.694544799673075
A,25,15,115,breslow,3,1.0,1.0,0.95,,,,
A,25,15,115,breslow,5,0.0,0.0,0.3,,,,
A,25,15,115,breslow,5,0.0,0.0,0.5,,,,
A,25,15,115,breslow,5,0.0,0.0,0.95,,,,
A,25,15,115,breslow,5,0.0,0.5,0.3,,,,
A,25,15,115,breslow,5,0.0,0.5,0.5,,,,
A,25,15,115,breslow,5,0.0,0.5,0.95,,,,
A,25,15,115,breslow,5,0.0,1.0,0.3,,,,
A,25,15,115,breslow,5,0.0,1.0,0.5,,,,
A,25,15,115,breslow,5,0.0,1.0,0.95,,,,
A,25,15,115,breslow,5,0.1,0.0,0.3,7427.969878106315,0.546038033639008,37.62857102160662,50.582381408626546
A,25,15,115,breslow,5,0.1,0.0,0.5,7584.089857412384,0.5440677670709961,37.67169559016022,50.693271209054295
A,25,15,115,breslow,5,0.1,0.0,0.95,,,,
A,25,15,115,breslow,5,0.1,0.5,0.3,7478.175379600763,0.5457838986995048,37.63687896424335,50.59919988346058
A,25,15,115,breslow,5,0.1,0.5,0.5,7584.116015113768,0.5440663591916233,37.67286918429225,50.694544799673075
A,25,15,115,breslow,5,0.1,0.5,0.95,,,,
A,25,15,115,breslow,5,0.1,1.0,0.3,7478.175379600763,0.5457838986995048,37.63687896424335,50.59919988346058
A,25,15,115,breslow,5,0.1,1.0,0.5,7584.116015113768,0.5440663591916233,37.67286918429225,50.694544799673075
A,25,15,115,breslow,5,0.1,1.0,0.95,,,,
A,25,15,115,breslow,5,1.0,0.0,0.3,7478.175379600763,0.5457838986995048,37.63687896424335,50.59919988346058
A,25,15,115,breslow,5,1.0,0.0,0.5,7584.116015113768,0.5440663591916233,37.67286918429225,50.694544799673075
A,25,15,115,breslow,5,1.0,0.0,0.95,,,,
A,25,15,115,breslow,5,1.0,0.5,0.3,7478.175379600763,0.5457838986995048,37.63687896424335,50.59919988346058
A,25,15,115,breslow,5,1.0,0.5,0.5,7584.116015113768,0.5440663591916233,37.67286918429225,50.694544799673075
A,25,15,115,breslow,5,1.0,0.5,0.95,,,,
A,25,15,115,breslow,5,1.0,1.0,0.3,7478.175379600763,0.5457838986995048,37.63687896424335,50.59919988346058
A,25,15,115,breslow,5,1.0,1.0,0.5,7584.116015113768,0.5440663591916233,37.67286918429225,50.694544799673075
A,25,15,115,breslow,5,1.0,1.0,0.95,,,,
A,25,15,115,spline,3,0.0,0.0,0.3,,,,
A,25,15,115,spline,3,0.0,0.0,0.5,,,,
A,25,15,115,spline,3,0.0,0.0,0.95,,,,
A,25,15,115,spline,3,0.0,0.5,0.3,,,,
A,25,15,115,spline,3,0.0,0.5,0.5,,,,
A,25,15,115,spline,3,0.0,0.5,0.95,,,,
A,25,15,115,spline,3,0.0,1.0,0.3,,,,
A,25,15,115,spline,3,0.0,1.0,0.5,,,,
A,25,15,115,spline,3,0.0,1.0,0.95,,,,
A,25,15,115,spline,3,0.1,0.0,0.3,,,,
A,25,15,115,spline,3,0.1,0.0,0.5,,,,
A,25,15,115,spline,3,0.1,0.0,0.95,,,,
A,25,15,115,spline,3,0.1,0.5,0.3,,,,
A,25,15,115,spline,3,0.1,0.5,0.5,,,,
A,25,15,115,spline,3,0.1,0.5,0.95,,,,
A,25,15,115,spline,3,0.1,1.0,0.3,,,,
A,25,15,115,spline,3,0.1,1.0,0.5,,,,
A,25,15,115,spline,3,0.1,1.0,0.95,,,,
A,25,15,115,spline,3,1.0,0.0,0.3,,,,
A,25,15,115,spline,3,1.0,0.0,0.5,,,,
A,25,15,115,spline,3,1.0,0.0,0.95,,,,
A,25,15,115,spline,3,1.0,0.5,0.3,,,,
A,25,15,115,spline,3,1.0,0.5,0.5,,,,
A,25,15,115,spline,3,1.0,0.5,0.95,,,,
A,25,15,115,spline,3,1.0,1.0,0.3,,,,
A,25,15,115,spline,3,1.0,1.0,0.5,,,,
A,25,15,115,spline,3,1.0,1.0,0.95,,,,
A,25,15,115,spline,5,0.0,0.0,0.3,,,,
A,25,15,115,spline,5,0.0,0.0,0.5,,,,
A,25,15,115,spline,5,0.0,0.0,0.95,,,,
A,25,15,115,spline,5,0.0,0.5,0.3,,,,
A,25,15,115,spline,5,0.0,0.5,0.5,,,,
A,25,15,115,spline,5,0.0,0.5,0.95,,,,
A,25,15,115,spline,5,0.0,1.0,0.3,,,,
A,25,15,115,spline,5,0.0,1.0,0.5,,,,
A,25,15,115,spline,5,0.0,1.0,0.95,,,,
A,25,15,115,spline,5,0.1,0.0,0.3,,,,
A,25,15,115,spline,5,0.1,0.0,0.5,,,,
A,25,15,115,spline,5,0.1,0.0,0.95,,,,
A,25,15,115,spline,5,0.1,0.5,0.3,,,,
A,25,15,115,spline,5,0.1,0.5,0.5,,,,
A,25,15,115,spline,5,0.1,0.5,0.95,,,,
A,25,15,115,spline,5,0.1,1.0,0.3,,,,
A,25,15,115,spline,5,0.1,1.0,0.5,,,,
A,25,15,115,spline,5,0.1,1.0,0.95,,,,
A,25,15,115,spline,5,1.0,0.0,0.3,,,,
A,25,15,115,spline,5,1.0,0.0,0.5,,,,
A,25,15,115,spline,5,1.0,0.0,0.95,,,,
A,25,15,115,spline,5,1.0,0.5,0.3,,,,
A,25,15,115,spline,5,1.0,0.5,0.5,,,,
A,25,15,115,spline,5,1.0,0.5,0.95,,,,
A,25,15,115,spline,5,1.0,1.0,0.3,,,,
A,25,15,115,spline,5,1.0,1.0,0.5,,,,
A,25,15,115,spline,5,1.0,1.0,0.95,,,,
A,25,15,120,breslow,3,0.0,0.0,0.3,,,,
A,25,15,120,breslow,3,0.0,0.0,0.5,,,,
A,25,15,120,breslow,3,0.0,0.0,0.95,,,,
A,25,15,120,breslow,3,0.0,0.5,0.3,,,,
A,25,15,120,breslow,3,0.0,0.5,0.5,,,,
A,25,15,120,breslow,3,0.0,0.5,0.95,,,,
A,25,15,120,breslow,3,0.0,1.0,0.3,,,,
A,25,15,120,breslow,3,0.0,1.0,0.5,,,,
A,25,15,120,breslow,3,0.0,1.0,0.95,,,,
A,25,15,120,breslow,3,0.1,0.0,0.3,7427.558801917196,0.5445790170288352,35.5523055243512,50.28748935534877
A,25,15,120,breslow,3,0.1,0.0,0.5,7583.6664389407615,0.5426926616143011,35.58760613202461,50.395176322665144
A,25,15,120,breslow,3,0.1,0.0,0.95,,,,
A,25,15,120,breslow,3,0.1,0.5,0.3,7477.764303411643,0.5443340015533689,35.56061346698793,50.304419236514015
A,25,15,120,breslow,3,0.1,0.5,0.5,7583.692596642146,0.5426912949106195,35.58877972615663,50.39645488270408
A,25,15,120,breslow,3,0.1,0.5,0.95,,,,
A,25,15,120,breslow,3,0.1,1.0,0.3,7477.764303411643,0.5443340015533689,35.56061346698793,50.304419236514015
A,25,15,120,breslow,3,0.1,1.0,0.5,7583.692596642146,0.5426912949106195,35.58877972615663,50.39645488270408
A,25,15,120,breslow,3,0.1,1.0,0.95,,,,
A,25,15,120,breslow,3,1.0,0.0,0.3,7477.764303411643,0.5443340015533689,35.56061346698793,50.304419236514015
A,25,15,120,breslow,3,1.0,0.0,0.5,7583.692596642146,0.5426912949106195,35.58877972615663,50.39645488270408
A,25,15,120,breslow,3,1.0,0.0,0.95,,,,
A,25,15,120,breslow,3,1.0,0.5,0.3,7477.764303411643,0.5443340015533689,35.56061346698793,50.304419236514015
A,25,15,120,breslow,3,1.0,0.5,0.5,7583.692596642146,0.5426912949106195,35.58877972615663,50.39645488270408
A,25,15,120,breslow,3,1.0,0.5,0.95,,,,
A,25,15,120,breslow,3,1.0,1.0,0.3,7477.764303411643,0.5443340015533689,35.56061346698793,50.304419236514015
A,25,15,120,breslow,3,1.0,1.0,0.5,7583.692596642146,0.5426912949106195,35.58877972615663,50.39645488270408
A,25,15,120,breslow,3,1.0,1.0,0.95,,,,
A,25,15,120,breslow,5,0.0,0.0,0.3,,,,
A,25,15,120,breslow,5,0.0,0.0,0.5,,,,
A,25,15,120,breslow,5,0.0,0.0,0.95,,,,
A,25,15,120,breslow,5,0.0,0.5,0.3,,,,
A,25,15,120,breslow,5,0.0,0.5,0.5,,,,
A,25,15,120,breslow,5,0.0,0.5,0.95,,,,
A,25,15,120,breslow,5,0.0,1.0,0.3,,,,
A,25,15,120,breslow,5,0.0,1.0,0.5,,,,
A,25,15,120,breslow,5,0.0,1.0,0.95,,,,
A,25,15,120,breslow,5,0.1,0.0,0.3,7427.558801917196,0.5445790170288352,35.5523055243512,50.28748935534877
A,25,15,120,breslow,5,0.1,0.0,0.5,7583.6664389407615,0.5426926616143011,35.58760613202461,50.395176322665144
A,25,15,120,breslow,5,0.1,0.0,0.95,,,,
A,25,15,120,breslow,5,0.1,0.5,0.3,7477.764303411643,0.5443340015533689,35.56061346698793,50.304419236514015
A,25,15,120,breslow,5,0.1,0.5,0.5,7583.692596642146,0.5426912949106195,35.58877972615663,50.39645488270408
A,25,15,120,breslow,5,0.1,0.5,0.95,,,,
A,25,15,120,breslow,5,0.1,1.0,0.3,7477.764303411643,0.5443340015533689,35.56061346698793,50.304419236514015
A,25,15,120,breslow,5,0.1,1.0,0.5,7583.692596642146,0.5426912949106195,35.58877972615663,50.39645488270408
A,25,15,120,breslow,5,0.1,1.0,0.95,,,,
A,25,15,120,breslow,5,1.0,0.0,0.3,7477.764303411643,0.5443340015533689,35.56061346698793,50.304419236514015
A,25,15,120,breslow,5,1.0,0.0,0.5,7583.692596642146,0.5426912949106195,35.58877972615663,50.39645488270408
A,25,15,120,breslow,5,1.0,0.0,0.95,,,,
A,25,15,120,breslow,5,1.0,0.5,0.3,7477.764303411643,0.5443340015533689,35.56061346698793,50.304419236514015
A,25,15,120,breslow,5,1.0,0.5,0.5,7583.692596642146,0.5426912949106195,35.58877972615663,50.39645488270408
A,25,15,120,breslow,5,1.0,0.5,0.95,,,,
A,25,15,120,breslow,5,1.0,1.0,0.3,7477.764303411643,0.5443340015533689,35.56061346698793,50.304419236514015
A,25,15,120,breslow,5,1.0,1.0,0.5,7583.692596642146,0.5426912949106195,35.58877972615663,50.39645488270408
A,25,15,120,breslow,5,1.0,1.0,0.95,,,,
A,25,15,120,spline,3,0.0,0.0,0.3,,,,
A,25,15,120,spline,3,0.0,0.0,0.5,,,,
A,25,15,120,spline,3,0.0,0.0,0.95,,,,
A,25,15,120,spline,3,0.0,0.5,0.3,,,,
A,25,15,120,spline,3,0.0,0.5,0.5,,,,
A,25,15,120,spline,3,0.0,0.5,0.95,,,,
A,25,15,120,spline,3,0.0,1.0,0.3,,,,
A,25,15,120,spline,3,0.0,1.0,0.5,,,,
A,25,15,120,spline,3,0.0,1.0,0.95,,,,
A,25,15,120,spline,3,0.1,0.0,0.3,,,,
A,25,15,120,spline,3,0.1,0.0,0.5,,,,
A,25,15,120,spline,3,0.1,0.0,0.95,,,,
A,25,15,120,spline,3,0.1,0.5,0.3,,,,
A,25,15,120,spline,3,0.1,0.5,0.5,,,,
A,25,15,120,spline,3,0.1,0.5,0.95,,,,
A,25,15,120,spline,3,0.1,1.0,0.3,,,,
A,25,15,120,spline,3,0.1,1.0,0.5,,,,
A,25,15,120,spline,3,0.1,1.0,0.95,,,,
A,25,15,120,spline,3,1.0,0.0,0.3,,,,
A,25,15,120,spline,3,1.0,0.0,0.5,,,,
A,25,15,120,spline,3,1.0,0.0,0.95,,,,
A,25,15,120,spline,3,1.0,0.5,0.3,,,,
A,25,15,120,spline,3,1.0,0.5,0.5,,,,
A,25,15,120,spline,3,1.0,0.5,0.95,,,,
A,25,15,120,spline,3,1.0,1.0,0.3,,,,
A,25,15,120,spline,3,1.0,1.0,0.5,,,,
A,25,15,120,spline,3,1.0,1.0,0.95,,,,
A,25,15,120,spline,5,0.0,0.0,0.3,,,,
A,25,15,120,spline,5,0.0,0.0,0.5,,,,
A,25,15,120,spline,5,0.0,0.0,0.95,,,,
A,25,15,120,spline,5,0.0,0.5,0.3,,,,
A,25,15,120,spline,5,0.0,0.5,0.5,,,,
A,25,15,120,spline,5,0.0,0.5,0.95,,,,
A,25,15,120,spline,5,0.0,1.0,0.3,,,,
A,25,15,120,spline,5,0.0,1.0,0.5,,,,
A,25,15,120,spline,5,0.0,1.0,0.95,,,,
A,25,15,120,spline,5,0.1,0.0,0.3,,,,
A,25,15,120,spline,5,0.1,0.0,0.5,,,,
A,25,15,120,spline,5,0.1,0.0,0.95,,,,
A,25,15,120,spline,5,0.1,0.5,0.3,,,,
A,25,15,120,spline,5,0.1,0.5,0.5,,,,
A,25,15,120,spline,5,0.1,0.5,0.95,,,,
A,25,15,120,spline,5,0.1,1.0,0.3,,,,
A,25,15,120,spline,5,0.1,1.0,0.5,,,,
A,25,15,120,spline,5,0.1,1.0,0.95,,,,
A,25,15,120,spline,5,1.0,0.0,0.3,,,,
A,25,15,120,spline,5,1.0,0.0,0.5,,,,
A,25,15,120,spline,5,1.0,0.0,0.95,,,,
A,25,15,120,spline,5,1.0,0.5,0.3,,,,
A,25,15,120,spline,5,1.0,0.5,0.5,,,,
A,25,15,120,spline,5,1.0,0.5,0.95,,,,
A,25,15,120,spline,5,1.0,1.0,0.3,,,,
A,25,15,120,spline,5,1.0,1.0,0.5,,,,
A,25,15,120,spline,5,1.0,1.0,0.95,,,,
A,25,15,125,breslow,3,0.0,0.0,0.3,,,,
A,25,15,125,breslow,3,0.0,0.0,0.5,,,,
A,25,15,125,breslow,3,0.0,0.0,0.95,,,,
A,25,15,125,breslow,3,0.0,0.5,0.3,,,,
A,25,15,125,breslow,3,0.0,0.5,0.5,,,,
A,25,15,125,breslow,3,0.0,0.5,0.95,,,,
A,25,15,125,breslow,3,0.0,1.0,0.3,,,,
A,25,15,125,breslow,3,0.0,1.0,0.5,,,,
A,25,15,125,breslow,3,0.0,1.0,0.95,,,,
A,25,15,125,breslow,3,0.1,0.0,0.3,7427.352692615414,0.543332250645397,33.63749378595635,50.21078855126069
A,25,15,125,breslow,3,0.1,0.0,0.5,7583.446738102481,0.5415218660190863,33.66497043274957,50.315119931150434
A,25,15,125,breslow,3,0.1,0.0,0.95,,,,
A,25,15,125,breslow,3,0.1,0.5,0.3,7477.558194109862,0.5430950950089966,33.64580172859309,50.22775319621904
A,25,15,125,breslow,3,0.1,0.5,0.5,7583.472895803864,0.5415205359092371,33.666144026881604,50.316398354048914
A,25,15,125,breslow,3,0.1,0.5,0.95,,,,
A,25,15,125,breslow,3,0.1,1.0,0.3,7477.558194109862,0.5430950950089966,33.64580172859309,50.22775319621904
A,25,15,125,breslow,3,0.1,1.0,0.5,7583.472895803864,0.5415205359092371,33.666144026881604,50.316398354048914
A,25,15,125,breslow,3,0.1,1.0,0.95,,,,
A,25,15,125,breslow,3,1.0,0.0,0.3,7477.558194109862,0.5430950950089966,33.64580172859309,50.22775319621904
A,25,15,125,breslow,3,1.0,0.0,0.5,7583.472895803864,0.5415205359092371,33.666144026881604,50.316398354048914
A,25,15,125,breslow,3,1.0,0.0,0.95,,,,
A,25,15,125,breslow,3,1.0,0.5,0.3,7477.558194109862,0.5430950950089966,33.64580172859309,50.22775319621904
A,25,15,125,breslow,3,1.0,0.5,0.5,7583.472895803864,0.5415205359092371,33.666144026881604,50.316398354048914
A,25,15,125,breslow,3,1.0,0.5,0.95,,,,
A,25,15,125,breslow,3,1.0,1.0,0.3,7477.558194109862,0.5430950950089966,33.64580172859309,50.22775319621904
A,25,15,125,breslow,3,1.0,1.0,0.5,7583.472895803864,0.5415205359092371,33.666144026881604,50.316398354048914
A,25,15,125,breslow,3,1.0,1.0,0.95,,,,
A,25,15,125,breslow,5,0.0,0.0,0.3,,,,
A,25,15,125,breslow,5,0.0,0.0,0.5,,,,
A,25,15,125,breslow,5,0.0,0.0,0.95,,,,
A,25,15,125,breslow,5,0.0,0.5,0.3,,,,
A,25,15,125,breslow,5,0.0,0.5,0.5,,,,
A,25,15,125,breslow,5,0.0,0.5,0.95,,,,
A,25,15,125,breslow,5,0.0,1.0,0.3,,,,
A,25,15,125,breslow,5,0.0,1.0,0.5,,,,
A,25,15,125,breslow,5,0.0,1.0,0.95,,,,
A,25,15,125,breslow,5,0.1,0.0,0.3,7427.352692615414,0.543332250645397,33.63749378595635,50.21078855126069
A,25,15,125,breslow,5,0.1,0.0,0.5,7583.446738102481,0.5415218660190863,33.66497043274957,50.315119931150434
A,25,15,125,breslow,5,0.1,0.0,0.95,,,,
A,25,15,125,breslow,5,0.1,0.5,0.3,7477.558194109862,0.5430950950089966,33.64580172859309,50.22775319621904
A,25,15,125,breslow,5,0.1,0.5,0.5,7583.472895803864,0.5415205359092371,33.666144026881604,50.316398354048914
A,25,15,125,breslow,5,0.1,0.5,0.95,,,,
A,25,15,125,breslow,5,0.1,1.0,0.3,7477.558194109862,0.5430950950089966,33.64580172859309,50.22775319621904
A,25,15,125,breslow,5,0.1,1.0,0.5,7583.472895803864,0.5415205359092371,33.666144026881604,50.316398354048914
A,25,15,125,breslow,5,0.1,1.0,0.95,,,,
A,25,15,125,breslow,5,1.0,0.0,0.3,7477.558194109862,0.5430950950089966,33.64580172859309,50.22775319621904
A,25,15,125,breslow,5,1.0,0.0,0.5,7583.472895803864,0.5415205359092371,33.666144026881604,50.316398354048914
A,25,15,125,breslow,5,1.0,0.0,0.95,,,,
A,25,15,125,breslow,5,1.0,0.5,0.3,7477.558194109862,0.5430950950089966,33.64580172859309,50.22775319621904
A,25,15,125,breslow,5,1.0,0.5,0.5,7583.472895803864,0.5415205359092371,33.666144026881604,50.316398354048914
A,25,15,125,breslow,5,1.0,0.5,0.95,,,,
A,25,15,125,breslow,5,1.0,1.0,0.3,7477.558194109862,0.5430950950089966,33.64580172859309,50.22775319621904
A,25,15,125,breslow,5,1.0,1.0,0.5,7583.472895803864,0.5415205359092371,33.666144026881604,50.316398354048914
A,25,15,125,breslow,5,1.0,1.0,0.95,,,,
A,25,15,125,spline,3,0.0,0.0,0.3,,,,
A,25,15,125,spline,3,0.0,0.0,0.5,,,,
A,25,15,125,spline,3,0.0,0.0,0.95,,,,
A,25,15,125,spline,3,0.0,0.5,0.3,,,,
A,25,15,125,spline,3,0.0,0.5,0.5,,,,
A,25,15,125,spline,3,0.0,0.5,0.95,,,,
A,25,15,125,spline,3,0.0,1.0,0.3,,,,
A,25,15,125,spline,3,0.0,1.0,0.5,,,,
A,25,15,125,spline,3,0.0,1.0,0.95,,,,
A,25,15,125,spline,3,0.1,0.0,0.3,,,,
A,25,15,125,spline,3,0.1,0.0,0.5,,,,
A,25,15,125,spline,3,0.1,0.0,0.95,,,,
A,25,15,125,spline,3,0.1,0.5,0.3,,,,
A,25,15,125,spline,3,0.1,0.5,0.5,,,,
A,25,15,125,spline,3,0.1,0.5,0.95,,,,
A,25,15,125,spline,3,0.1,1.0,0.3,,,,
A,25,15,125,spline,3,0.1,1.0,0.5,,,,
A,25,15,125,spline,3,0.1,1.0,0.95,,,,
A,25,15,125,spline,3,1.0,0.0,0.3,,,,
A,25,15,125,spline,3,1.0,0.0,0.5,,,,
A,25,15,125,spline,3,1.0,0.0,0.95,,,,
A,25,15,125,spline,3,1.0,0.5,0.3,,,,
A,25,15,125,spline,3,1.0,0.5,0.5,,,,
A,25,15,125,spline,3,1.0,0.5,0.95,,,,
A,25,15,125,spline,3,1.0,1.0,0.3,,,,
A,25,15,125,spline,3,1.0,1.0,0.5,,,,
A,25,15,125,spline,3,1.0,1.0,0.95,,,,
A,25,15,125,spline,5,0.0,0.0,0.3,,,,
A,25,15,125,spline,5,0.0,0.0,0.5,,,,
A,25,15,125,spline,5,0.0,0.0,0.95,,,,
A,25,15,125,spline,5,0.0,0.5,0.3,,,,
A,25,15,125,spline,5,0.0,0.5,0.5,,,,
A,25,15,125,spline,5,0.0,0.5,0.95,,,,
A,25,15,125,spline,5,0.0,1.0,0.3,,,,
A,25,15,125,spline,5,0.0,1.0,0.5,,,,
A,25,15,125,spline,5,0.0,1.0,0.95,,,,
A,25,15,125,spline,5,0.1,0.0,0.3,,,,
A,25,15,125,spline,5,0.1,0.0,0.5,,,,
A,25,15,125,spline,5,0.1,0.0,0.95,,,,
A,25,15,125,spline,5,0.1,0.5,0.3,,,,
A,25,15,125,spline,5,0.1,0.5,0.5,,,,
A,25,15,125,spline,5,0.1,0.5,0.95,,,,
A,25,15,125,spline,5,0.1,1.0,0.3,,,,
A,25,15,125,spline,5,0.1,1.0,0.5,,,,
A,25,15,125,spline,5,0.1,1.0,0.95,,,,
A,25,15,125,spline,5,1.0,0.0,0.3,,,,
A,25,15,125,spline,5,1.0,0.0,0.5,,,,
A,25,15,125,spline,5,1.0,0.0,0.95,,,,
A,25,15,125,spline,5,1.0,0.5,0.3,,,,
A,25,15,125,spline,5,1.0,0.5,0.5,,,,
A,25,15,125,spline,5,1.0,0.5,0.95,,,,
A,25,15,125,spline,5,1.0,1.0,0.3,,,,
A,25,15,125,spline,5,1.0,1.0,0.5,,,,
A,25,15,125,spline,5,1.0,1.0,0.95,,,,
A,25,20,115,breslow,3,0.0,0.0,0.3,,,,
A,25,20,115,breslow,3,0.0,0.0,0.5,,,,
A,25,20,115,breslow,3,0.0,0.0,0.95,,,,
A,25,20,115,breslow,3,0.0,0.5,0.3,,,,
A,25,20,115,breslow,3,0.0,0.5,0.5,,,,
A,25,20,115,breslow,3,0.0,0.5,0.95,,,,
A,25,20,115,breslow,3,0.0,1.0,0.3,,,,
A,25,20,115,breslow,3,0.0,1.0,0.5,,,,
A,25,20,115,breslow,3,0.0,1.0,0.95,,,,
A,25,20,115,breslow,3,0.1,0.0,0.3,7415.734660308049,0.5461201422125936,37.61948080092364,50.572052002197516
A,25,20,115,breslow,3,0.1,0.0,0.5,7584.094217029281,0.5440675324244338,37.67189118918223,50.693483485476314
A,25,20,115,breslow,3,0.1,0.0,0.95,,,,
A,25,20,115,breslow,3,0.1,0.5,0.3,7478.175379600763,0.5457838986995048,37.63687896424335,50.59919988346058
A,25,20,115,breslow,3,0.1,0.5,0.5,7584.116015113768,0.5440663591916233,37.67286918429225,50.694544799673075
A,25,20,115,breslow,3,0.1,0.5,0.95,,,,
A,25,20,115,breslow,3,0.1,1.0,0.3,7478.175379600763,0.5457838986995048,37.63687896424335,50.59919988346058
A,25,20,115,breslow,3,0.1,1.0,0.5,7584.116015113768,0.5440663591916233,37.67286918429225,50.694544799673075
A,25,20,115,breslow,3,0.1,1.0,0.95,,,,
A,25,20,115,breslow,3,1.0,0.0,0.3,7478.175379600763,0.5457838986995048,37.63687896424335,50.59919988346058
A,25,20,115,breslow,3,1.0,0.0,0.5,7584.116015113768,0.5440663591916233,37.67286918429225,50.694544799673075
A,25,20,115,breslow,3,1.0,0.0,0.95,,,,
A,25,20,115,breslow,3,1.0,0.5,0.3,7478.175379600763,0.5457838986995048,37.63687896424335,50.59919988346058
A,25,20,115,breslow,3,1.0,0.5,0.5,7584.116015113768,0.5440663591916233,37.67286918429225,50.694544799673075
A,25,20,115,breslow,3,1.0,0.5,0.95,,,,
A,25,20,115,breslow,3,1.0,1.0,0.3,7478.175379600763,0.5457838986995048,37.63687896424335,50.59919988346058
A,25,20,115,breslow,3,1.0,1.0,0.5,7584.116015113768,0.5440663591916233,37.67286918429225,50.694544799673075
A,25,20,115,breslow,3,1.0,1.0,0.95,,,,
A,25,20,115,breslow,5,0.0,0.0,0.3,,,,
A,25,20,115,breslow,5,0.0,0.0,0.5,,,,
A,25,20,115,breslow,5,0.0,0.0,0.95,,,,
A,25,20,115,breslow,5,0.0,0.5,0.3,,,,
A,25,20,115,breslow,5,0.0,0.5,0.5,,,,
A,25,20,115,breslow,5,0.0,0.5,0.95,,,,
A,25,20,115,breslow,5,0.0,1.0,0.3,,,,
A,25,20,115,breslow,5,0.0,1.0,0.5,,,,
A,25,20,115,breslow,5,0.0,1.0,0.95,,,,
A,25,20,115,breslow,5,0.1,0.0,0.3,7415.734660308049,0.5461201422125936,37.61948080092364,50.572052002197516
A,25,20,115,breslow,5,0.1,0.0,0.5,7584.094217029281,0.5440675324244338,37.67189118918223,50.693483485476314
A,25,20,115,breslow,5,0.1,0.0,0.95,,,,
A,25,20,115,breslow,5,0.1,0.5,0.3,7478.175379600763,0.5457838986995048,37.63687896424335,50.59919988346058
A,25,20,115,breslow,5,0.1,0.5,0.5,7584.116015113768,0.5440663591916233,37.67286918429225,50.694544799673075
A,25,20,115,breslow,5,0.1,0.5,0.95,,,,
A,25,20,115,breslow,5,0.1,1.0,0.3,7478.175379600763,0.5457838986995048,37.63687896424335,50.59919988346058
A,25,20,115,breslow,5,0.1,1.0,0.5,7584.116015113768,0.5440663591916233,37.67286918429225,50.694544799673075
A,25,20,115,breslow,5,0.1,1.0,0.95,,,,
A,25,20,115,breslow,5,1.0,0.0,0.3,7478.175379600763,0.5457838986995048,37.63687896424335,50.59919988346058
A,25,20,115,breslow,5,1.0,0.0,0.5,7584.116015113768,0.5440663591916233,37.67286918429225,50.694544799673075
A,25,20,115,breslow,5,1.0,0.0,0.95,,,,
A,25,20,115,breslow,5,1.0,0.5,0.3,7478.175379600763,0.5457838986995048,37.63687896424335,50.59919988346058
A,25,20,115,breslow,5,1.0,0.5,0.5,7584.116015113768,0.5440663591916233,37.67286918429225,50.694544799673075
A,25,20,115,breslow,5,1.0,0.5,0.95,,,,
A,25,20,115,breslow,5,1.0,1.0,0.3,7478.175379600763,0.5457838986995048,37.63687896424335,50.59919988346058
A,25,20,115,breslow,5,1.0,1.0,0.5,7584.116015113768,0.5440663591916233,37.67286918429225,50.694544799673075
A,25,20,115,breslow,5,1.0,1.0,0.95,,,,
A,25,20,115,spline,3,0.0,0.0,0.3,,,,
A,25,20,115,spline,3,0.0,0.0,0.5,,,,
A,25,20,115,spline,3,0.0,0.0,0.95,,,,
A,25,20,115,spline,3,0.0,0.5,0.3,,,,
A,25,20,115,spline,3,0.0,0.5,0.5,,,,
A,25,20,115,spline,3,0.0,0.5,0.95,,,,
A,25,20,115,spline,3,0.0,1.0,0.3,,,,
A,25,20,115,spline,3,0.0,1.0,0.5,,,,
A,25,20,115,spline,3,0.0,1.0,0.95,,,,
A,25,20,115,spline,3,0.1,0.0,0.3,,,,
A,25,20,115,spline,3,0.1,0.0,0.5,,,,
A,25,20,115,spline,3,0.1,0.0,0.95,,,,
A,25,20,115,spline,3,0.1,0.5,0.3,,,,
A,25,20,115,spline,3,0.1,0.5,0.5,,,,
A,25,20,115,spline,3,0.1,0.5,0.95,,,,
A,25,20,115,spline,3,0.1,1.0,0.3,,,,
A,25,20,115,spline,3,0.1,1.0,0.5,,,,
A,25,20,115,spline,3,0.1,1.0,0.95,,,,
A,25,20,115,spline,3,1.0,0.0,0.3,,,,
A,25,20,115,spline,3,1.0,0.0,0.5,,,,
A,25,20,115,spline,3,1.0,0.0,0.95,,,,
A,25,20,115,spline,3,1.0,0.5,0.3,,,,
A,25,20,115,spline,3,1.0,0.5,0.5,,,,
A,25,20,115,spline,3,1.0,0.5,0.95,,,,
A,25,20,115,spline,3,1.0,1.0,0.3,,,,
A,25,20,115,spline,3,1.0,1.0,0.5,,,,
A,25,20,115,spline,3,1.0,1.0,0.95,,,,
A,25,20,115,spline,5,0.0,0.0,0.3,,,,
A,25,20,115,spline,5,0.0,0.0,0.5,,,,
A,25,20,115,spline,5,0.0,0.0,0.95,,,,
A,25,20,115,spline,5,0.0,0.5,0.3,,,,
A,25,20,115,spline,5,0.0,0.5,0.5,,,,
A,25,20,115,spline,5,0.0,0.5,0.95,,,,
A,25,20,115,spline,5,0.0,1.0,0.3,,,,
A,25,20,115,spline,5,0.0,1.0,0.5,,,,
A,25,20,115,spline,5,0.0,1.0,0.95,,,,
A,25,20,115,spline,5,0.1,0.0,0.3,,,,
A,25,20,115,spline,5,0.1,0.0,0.5,,,,
A,25,20,115,spline,5,0.1,0.0,0.95,,,,
A,25,20,115,spline,5,0.1,0.5,0.3,,,,
A,25,20,115,spline,5,0.1,0.5,0.5,,,,
A,25,20,115,spline,5,0.1,0.5,0.95,,,,
A,25,20,115,spline,5,0.1,1.0,0.3,,,,
A,25,20,115,spline,5,0.1,1.0,0.5,,,,
A,25,20,115,spline,5,0.1,1.0,0.95,,,,
A,25,20,115,spline,5,1.0,0.0,0.3,,,,
A,25,20,115,spline,5,1.0,0.0,0.5,,,,
A,25,20,115,spline,5,1.0,0.0,0.95,,,,
A,25,20,115,spline,5,1.0,0.5,0.3,,,,
A,25,20,115,spline,5,1.0,0.5,0.5,,,,
A,25,20,115,spline,5,1.0,0.5,0.95,,,,
A,25,20,115,spline,5,1.0,1.0,0.3,,,,
A,25,20,115,spline,5,1.0,1.0,0.5,,,,
A,25,20,115,spline,5,1.0,1.0,0.95,,,,
A,25,20,120,breslow,3,0.0,0.0,0.3,,,,
A,25,20,120,breslow,3,0.0,0.0,0.5,,,,
A,25,20,120,breslow,3,0.0,0.0,0.95,,,,
A,25,20,120,breslow,3,0.0,0.5,0.3,,,,
A,25,20,120,breslow,3,0.0,0.5,0.5,,,,
A,25,20,120,breslow,3,0.0,0.5,0.95,,,,
A,25,20,120,breslow,3,0.0,1.0,0.3,,,,
A,25,20,120,breslow,3,0.0,1.0,0.5,,,,
A,25,20,120,breslow,3,0.0,1.0,0.95,,,,
A,25,20,120,breslow,3,0.1,0.0,0.3,7415.3232988054315,0.5446588400088492,35.54282410562422,50.276782827150626
A,25,20,120,breslow,3,0.1,0.0,0.5,7583.6707985576595,0.5426924338303541,35.58780173104661,50.39538942745687
A,25,20,120,breslow,3,0.1,0.0,0.95,,,,
A,25,20,120,breslow,3,0.1,0.5,0.3,7477.764303411643,0.5443340015533689,35.56061346698793,50.304419236514015
A,25,20,120,breslow,3,0.1,0.5,0.5,7583.692596642146,0.5426912949106195,35.58877972615663,50.39645488270408
A,25,20,120,breslow,3,0.1,0.5,0.95,,,,
A,25,20,120,breslow,3,0.1,1.0,0.3,7477.764303411643,0.5443340015533689,35.56061346698793,50.304419236514015
A,25,20,120,breslow,3,0.1,1.0,0.5,7583.692596642146,0.5426912949106195,35.58877972615663,50.39645488270408
A,25,20,120,breslow,3,0.1,1.0,0.95,,,,
A,25,20,120,breslow,3,1.0,0.0,0.3,7477.764303411643,0.5443340015533689,35.56061346698793,50.304419236514015
A,25,20,120,breslow,3,1.0,0.0,0.5,7583.692596642146,0.5426912949106195,35.58877972615663,50.39645488270408
A,25,20,120,breslow,3,1.0,0.0,0.95,,,,
A,25,20,120,breslow,3,1.0,0.5,0.3,7477.764303411643,0.5443340015533689,35.56061346698793,50.304419236514015
A,25,20,120,breslow,3,1.0,0.5,0.5,7583.692596642146,0.5426912949106195,35.58877972615663,50.39645488270408
A,25,20,120,breslow,3,1.0,0.5,0.95,,,,
A,25,20,120,breslow,3,1.0,1.0,0.3,7477.764303411643,0.5443340015533689,35.56061346698793,50.304419236514015
A,25,20,120,breslow,3,1.0,1.0,0.5,7583.692596642146,0.5426912949106195,35.58877972615663,50.39645488270408
A,25,20,120,breslow,3,1.0,1.0,0.95,,,,
A,25,20,120,breslow,5,0.0,0.0,0.3,,,,
A,25,20,120,breslow,5,0.0,0.0,0.5,,,,
A,25,20,120,breslow,5,0.0,0.0,0.95,,,,
A,25,20,120,breslow,5,0.0,0.5,0.3,,,,
A,25,20,120,breslow,5,0.0,0.5,0.5,,,,
A,25,20,120,breslow,5,0.0,0.5,0.95,,,,
A,25,20,120,breslow,5,0.0,1.0,0.3,,,,
A,25,20,120,breslow,5,0.0,1.0,0.5,,,,
A,25,20,120,breslow,5,0.0,1.0,0.95,,,,
A,25,20,120,breslow,5,0.1,0.0,0.3,7415.3232988054315,0.5446588400088492,35.54282410562422,50.276782827150626
A,25,20,120,breslow,5,0.1,0.0,0.5,7583.6707985576595,0.5426924338303541,35.58780173104661,50.39538942745687
A,25,20,120,breslow,5,0.1,0.0,0.95,,,,
A,25,20,120,breslow,5,0.1,0.5,0.3,7477.764303411643,0.5443340015533689,35.56061346698793,50.304419236514015
A,25,20,120,breslow,5,0.1,0.5,0.5,7583.692596642146,0.5426912949106195,35.58877972615663,50.39645488270408
A,25,20,120,breslow,5,0.1,0.5,0.95,,,,
A,25,20,120,breslow,5,0.1,1.0,0.3,7477.764303411643,0.5443340015533689,35.56061346698793,50.304419236514015
A,25,20,120,breslow,5,0.1,1.0,0.5,7583.692596642146,0.5426912949106195,35.58877972615663,50.39645488270408
A,25,20,120,breslow,5,0.1,1.0,0.95,,,,
A,25,20,120,breslow,5,1.0,0.0,0.3,7477.764303411643,0.5443340015533689,35.56061346698793,50.304419236514015
A,25,20,120,breslow,5,1.0,0.0,0.5,7583.692596642146,0.5426912949106195,35.58877972615663,50.39645488270408
A,25,20,120,breslow,5,1.0,0.0,0.95,,,,
A,25,20,120,breslow,5,1.0,0.5,0.3,7477.764303411643,0.5443340015533689,35.56061346698793,50.304419236514015
A,25,20,120,breslow,5,1.0,0.5,0.5,7583.692596642146,0.5426912949106195,35.58877972615663,50.39645488270408
A,25,20,120,breslow,5,1.0,0.5,0.95,,,,
A,25,20,120,breslow,5,1.0,1.0,0.3,7477.764303411643,0.5443340015533689,35.56061346698793,50.304419236514015
A,25,20,120,breslow,5,1.0,1.0,0.5,7583.692596642146,0.5426912949106195,35.58877972615663,50.39645488270408
A,25,20,120,breslow,5,1.0,1.0,0.95,,,,
A,25,20,120,spline,3,0.0,0.0,0.3,,,,
A,25,20,120,spline,3,0.0,0.0,0.5,,,,
A,25,20,120,spline,3,0.0,0.0,0.95,,,,
A,25,20,120,spline,3,0.0,0.5,0.3,,,,
A,25,20,120,spline,3,0.0,0.5,0.5,,,,
A,25,20,120,spline,3,0.0,0.5,0.95,,,,
A,25,20,120,spline,3,0.0,1.0,0.3,,,,
A,25,20,120,spline,3,0.0,1.0,0.5,,,,
A,25,20,120,spline,3,0.0,1.0,0.95,,,,
A,25,20,120,spline,3,0.1,0.0,0.3,,,,
A,25,20,120,spline,3,0.1,0.0,0.5,,,,
A,25,20,120,spline,3,0.1,0.0,0.95,,,,
A,25,20,120,spline,3,0.1,0.5,0.3,,,,
A,25,20,120,spline,3,0.1,0.5,0.5,,,,
A,25,20,120,spline,3,0.1,0.5,0.95,,,,
A,25,20,120,spline,3,0.1,1.0,0.3,,,,
A,25,20,120,spline,3,0.1,1.0,0.5,,,,
A,25,20,120,spline,3,0.1,1.0,0.95,,,,
A,25,20,120,spline,3,1.0,0.0,0.3,,,,
A,25,20,120,spline,3,1.0,0.0,0.5,,,,
A,25,20,120,spline,3,1.0,0.0,0.95,,,,
A,25,20,120,spline,3,1.0,0.5,0.3,,,,
A,25,20,120,spline,3,1.0,0.5,0.5,,,,
A,25,20,120,spline,3,1.0,0.5,0.95,,,,
A,25,20,120,spline,3,1.0,1.0,0.3,,,,
A,25,20,120,spline,3,1.0,1.0,0.5,,,,
A,25,20,120,spline,3,1.0,1.0,0.95,,,,
A,25,20,120,spline,5,0.0,0.0,0.3,,,,
A,25,20,120,spline,5,0.0,0.0,0.5,,,,
A,25,20,120,spline,5,0.0,0.0,0.95,,,,
A,25,20,120,spline,5,0.0,0.5,0.3,,,,
A,25,20,120,spline,5,0.0,0.5,0.5,,,,
A,25,20,120,spline,5,0.0,0.5,0.95,,,,
A,25,20,120,spline,5,0.0,1.0,0.3,,,,
A,25,20,120,spline,5,0.0,1.0,0.5,,,,
A,25,20,120,spline,5,0.0,1.0,0.95,,,,
A,25,20,120,spline,5,0.1,0.0,0.3,,,,
A,25,20,120,spline,5,0.1,0.0,0.5,,,,
A,25,20,120,spline,5,0.1,0.0,0.95,,,,
A,25,20,120,spline,5,0.1,0.5,0.3,,,,
A,25,20,120,spline,5,0.1,0.5,0.5,,,,
A,25,20,120,spline,5,0.1,0.5,0.95,,,,
A,25,20,120,spline,5,0.1,1.0,0.3,,,,
A,25,20,120,spline,5,0.1,1.0,0.5,,,,
A,25,20,120,spline,5,0.1,1.0,0.95,,,,
A,25,20,120,spline,5,1.0,0.0,0.3,,,,
A,25,20,120,spline,5,1.0,0.0,0.5,,,,
A,25,20,120,spline,5,1.0,0.0,0.95,,,,
A,25,20,120,spline,5,1.0,0.5,0.3,,,,
A,25,20,120,spline,5,1.0,0.5,0.5,,,,
A,25,20,120,spline,5,1.0,0.5,0.95,,,,
A,25,20,120,spline,5,1.0,1.0,0.3,,,,
A,25,20,120,spline,5,1.0,1.0,0.5,,,,
A,25,20,120,spline,5,1.0,1.0,0.95,,,,
A,25,20,125,breslow,3,0.0,0.0,0.3,,,,
A,25,20,125,breslow,3,0.0,0.0,0.5,,,,
A,25,20,125,breslow,3,0.0,0.0,0.95,,,,
A,25,20,125,breslow,3,0.0,0.5,0.3,,,,
A,25,20,125,breslow,3,0.0,0.5,0.5,,,,
A,25,20,125,breslow,3,0.0,0.5,0.95,,,,
A,25,20,125,breslow,3,0.0,1.0,0.3,,,,
A,25,20,125,breslow,3,0.0,1.0,0.5,,,,
A,25,20,125,breslow,3,0.0,1.0,0.95,,,,
A,25,20,125,breslow,3,0.1,0.0,0.3,7415.116824721294,0.5434097812033273,33.628012367229374,50.199749634855365
A,25,20,125,breslow,3,0.1,0.0,0.5,7583.451097719377,0.5415216443341113,33.66516603177158,50.31533301308174
A,25,20,125,breslow,3,0.1,0.0,0.95,,,,
A,25,20,125,breslow,3,0.1,0.5,0.3,7477.558194109862,0.5430950950089966,33.64580172859309,50.22775319621904
A,25,20,125,breslow,3,0.1,0.5,0.5,7583.472895803864,0.5415205359092371,33.666144026881604,50.316398354048914
A,25,20,125,breslow,3,0.1,0.5,0.95,,,,
A,25,20,125,breslow,3,0.1,1.0,0.3,7477.558194109862,0.5430950950089966,33.64580172859309,50.22775319621904
A,25,20,125,breslow,3,0.1,1.0,0.5,7583.472895803864,0.5415205359092371,33.666144026881604,50.316398354048914
A,25,20,125,breslow,3,0.1,1.0,0.95,,,,
A,25,20,125,breslow,3,1.0,0.0,0.3,7477.558194109862,0.5430950950089966,33.64580172859309,50.22775319621904
A,25,20,125,breslow,3,1.0,0.0,0.5,7583.472895803864,0.5415205359092371,33.666144026881604,50.316398354048914
A,25,20,125,breslow,3,1.0,0.0,0.95,,,,
A,25,20,125,breslow,3,1.0,0.5,0.3,7477.558194109862,0.5430950950089966,33.64580172859309,50.22775319621904
A,25,20,125,breslow,3,1.0,0.5,0.5,7583.472895803864,0.5415205359092371,33.666144026881604,50.316398354048914
A,25,20,125,breslow,3,1.0,0.5,0.95,,,,
A,25,20,125,breslow,3,1.0,1.0,0.3,7477.558194109862,0.5430950950089966,33.64580172859309,50.22775319621904
A,25,20,125,breslow,3,1.0,1.0,0.5,7583.472895803864,0.5415205359092371,33.666144026881604,50.316398354048914
A,25,20,125,breslow,3,1.0,1.0,0.95,,,,
A,25,20,125,breslow,5,0.0,0.0,0.3,,,,
A,25,20,125,breslow,5,0.0,0.0,0.5,,,,
A,25,20,125,breslow,5,0.0,0.0,0.95,,,,
A,25,20,125,breslow,5,0.0,0.5,0.3,,,,
A,25,20,125,breslow,5,0.0,0.5,0.5,,,,
A,25,20,125,breslow,5,0.0,0.5,0.95,,,,
A,25,20,125,breslow,5,0.0,1.0,0.3,,,,
A,25,20,125,breslow,5,0.0,1.0,0.5,,,,
A,25,20,125,breslow,5,0.0,1.0,0.95,,,,
A,25,20,125,breslow,5,0.1,0.0,0.3,7415.116824721294,0.5434097812033273,33.628012367229374,50.199749634855365
A,25,20,125,breslow,5,0.1,0.0,0.5,7583.451097719377,0.5415216443341113,33.66516603177158,50.31533301308174
A,25,20,125,breslow,5,0.1,0.0,0.95,,,,
A,25,20,125,breslow,5,0.1,0.5,0.3,7477.558194109862,0.5430950950089966,33.64580172859309,50.22775319621904
A,25,20,125,breslow,5,0.1,0.5,0.5,7583.472895803864,0.5415205359092371,33.666144026881604,50.316398354048914
A,25,20,125,breslow,5,0.1,0.5,0.95,,,,
A,25,20,125,breslow,5,0.1,1.0,0.3,7477.558194109862,0.5430950950089966,33.64580172859309,50.22775319621904
A,25,20,125,breslow,5,0.1,1.0,0.5,7583.472895803864,0.5415205359092371,33.666144026881604,50.316398354048914
A,25,20,125,breslow,5,0.1,1.0,0.95,,,,
A,25,20,125,breslow,5,1.0,0.0,0.3,7477.558194109862,0.5430950950089966,33.64580172859309,50.22775319621904
A,25,20,125,breslow,5,1.0,0.0,0.5,7583.472895803864,0.5415205359092371,33.666144026881604,50.316398354048914
A,25,20,125,breslow,5,1.0,0.0,0.95,,,,
A,25,20,125,breslow,5,1.0,0.5,0.3,7477.558194109862,0.5430950950089966,33.64580172859309,50.22775319621904
A,25,20,125,breslow,5,1.0,0.5,0.5,7583.472895803864,0.5415205359092371,33.666144026881604,50.316398354048914
A,25,20,125,breslow,5,1.0,0.5,0.95,,,,
A,25,20,125,breslow,5,1.0,1.0,0.3,7477.558194109862,0.5430950950089966,33.64580172859309,50.22775319621904
A,25,20,125,breslow,5,1.0,1.0,0.5,7583.472895803864,0.5415205359092371,33.666144026881604,50.316398354048914
A,25,20,125,breslow,5,1.0,1.0,0.95,,,,
A,25,20,125,spline,3,0.0,0.0,0.3,,,,
A,25,20,125,spline,3,0.0,0.0,0.5,,,,
A,25,20,125,spline,3,0.0,0.0,0.95,,,,
A,25,20,125,spline,3,0.0,0.5,0.3,,,,
A,25,20,125,spline,3,0.0,0.5,0.5,,,,
A,25,20,125,spline,3,0.0,0.5,0.95,,,,
A,25,20,125,spline,3,0.0,1.0,0.3,,,,
A,25,20,125,spline,3,0.0,1.0,0.5,,,,
A,25,20,125,spline,3,0.0,1.0,0.95,,,,
A,25,20,125,spline,3,0.1,0.0,0.3,,,,
A,25,20,125,spline,3,0.1,0.0,0.5,,,,
A,25,20,125,spline,3,0.1,0.0,0.95,,,,
A,25,20,125,spline,3,0.1,0.5,0.3,,,,
A,25,20,125,spline,3,0.1,0.5,0.5,,,,
A,25,20,125,spline,3,0.1,0.5,0.95,,,,
A,25,20,125,spline,3,0.1,1.0,0.3,,,,
A,25,20,125,spline,3,0.1,1.0,0.5,,,,
A,25,20,125,spline,3,0.1,1.0,0.95,,,,
A,25,20,125,spline,3,1.0,0.0,0.3,,,,
A,25,20,125,spline,3,1.0,0.0,0.5,,,,
A,25,20,125,spline,3,1.0,0.0,0.95,,,,
A,25,20,125,spline,3,1.0,0.5,0.3,,,,
A,25,20,125,spline,3,1.0,0.5,0.5,,,,
A,25,20,125,spline,3,1.0,0.5,0.95,,,,
A,25,20,125,spline,3,1.0,1.0,0.3,,,,
A,25,20,125,spline,3,1.0,1.0,0.5,,,,
A,25,20,125,spline,3,1.0,1.0,0.95,,,,
A,25,20,125,spline,5,0.0,0.0,0.3,,,,
A,25,20,125,spline,5,0.0,0.0,0.5,,,,
A,25,20,125,spline,5,0.0,0.0,0.95,,,,
A,25,20,125,spline,5,0.0,0.5,0.3,,,,
A,25,20,125,spline,5,0.0,0.5,0.5,,,,
A,25,20,125,spline,5,0.0,0.5,0.95,,,,
A,25,20,125,spline,5,0.0,1.0,0.3,,,,
A,25,20,125,spline,5,0.0,1.0,0.5,,,,
A,25,20,125,spline,5,0.0,1.0,0.95,,,,
A,25,20,125,spline,5,0.1,0.0,0.3,,,,
A,25,20,125,spline,5,0.1,0.0,0.5,,,,
A,25,20,125,spline,5,0.1,0.0,0.95,,,,
A,25,20,125,spline,5,0.1,0.5,0.3,,,,
A,25,20,125,spline,5,0.1,0.5,0.5,,,,
A,25,20,125,spline,5,0.1,0.5,0.95,,,,
A,25,20,125,spline,5,0.1,1.0,0.3,,,,
A,25,20,125,spline,5,0.1,1.0,0.5,,,,
A,25,20,125,spline,5,0.1,1.0,0.95,,,,
A,25,20,125,spline,5,1.0,0.0,0.3,,,,
A,25,20,125,spline,5,1.0,0.0,0.5,,,,
A,25,20,125,spline,5,1.0,0.0,0.95,,,,
A,25,20,125,spline,5,1.0,0.5,0.3,,,,
A,25,20,125,spline,5,1.0,0.5,0.5,,,,
A,25,20,125,spline,5,1.0,0.5,0.95,,,,
A,25,20,125,spline,5,1.0,1.0,0.3,,,,
A,25,20,125,spline,5,1.0,1.0,0.5,,,,
A,25,20,125,spline,5,1.0,1.0,0.95,,,,
A,30,10,115,breslow,3,0.0,0.0,0.3,,,,
A,30,10,115,breslow,3,0.0,0.0,0.5,,,,
A,30,10,115,breslow,3,0.0,0.0,0.95,,,,
A,30,10,115,breslow,3,0.0,0.5,0.3,,,,
A,30,10,115,breslow,3,0.0,0.5,0.5,,,,
A,30,10,115,breslow,3,0.0,0.5,0.95,,,,
A,30,10,115,breslow,3,0.0,1.0,0.3,,,,
A,30,10,115,breslow,3,0.0,1.0,0.5,,,,
A,30,10,115,breslow,3,0.0,1.0,0.95,,,,
A,30,10,115,breslow,3,0.1,0.0,0.3,7690.9668169319775,0.5457849284473312,38.605139609418316,51.43539570754829
A,30,10,115,breslow,3,0.1,0.0,0.5,7852.619129031858,0.5438351597223495,38.64979245983278,51.54831208553996
A,30,10,115,breslow,3,0.1,0.0,0.95,,,,
A,30,10,115,breslow,3,0.1,0.5,0.3,7742.950720361092,0.5455272856355952,38.613741826921384,51.45252100240314
A,30,10,115,breslow,3,0.1,0.5,0.5,7852.646213841646,0.5438336798771475,38.651007649706195,51.54960895048252
A,30,10,115,breslow,3,0.1,0.5,0.95,,,,
A,30,10,115,breslow,3,0.1,1.0,0.3,7742.950720361092,0.5455272856355952,38.613741826921384,51.45252100240314
A,30,10,115,breslow,3,0.1,1.0,0.5,7852.646213841646,0.5438336798771475,38.651007649706195,51.54960895048252
A,30,10,115,breslow,3,0.1,1.0,0.95,,,,
A,30,10,115,breslow,3,1.0,0.0,0.3,7742.950720361092,0.5455272856355952,38.613741826921384,51.45252100240314
A,30,10,115,breslow,3,1.0,0.0,0.5,7852.646213841646,0.5438336798771475,38.651007649706195,51.54960895048252
A,30,10,115,breslow,3,1.0,0.0,0.95,,,,
A,30,10,115,breslow,3,1.0,0.5,0.3,7742.950720361092,0.5455272856355952,38.613741826921384,51.45252100240314
A,30,10,115,breslow,3,1.0,0.5,0.5,7852.646213841646,0.5438336798771475,38.651007649706195,51.54960895048252
A,30,10,115,breslow,3,1.0,0.5,0.95,,,,
A,30,10,115,breslow,3,1.0,1.0,0.3,7742.950720361092,0.5455272856355952,38.613741826921384,51.45252100240314
A,30,10,115,breslow,3,1.0,1.0,0.5,7852.646213841646,0.5438336798771475,38.651007649706195,51.54960895048252
A,30,10,115,breslow,3,1.0,1.0,0.95,,,,
A,30,10,115,breslow,5,0.0,0.0,0.3,,,,
A,30,10,115,breslow,5,0.0,0.0,0.5,,,,
A,30,10,115,breslow,5,0.0,0.0,0.95,,,,
A,30,10,115,breslow,5,0.0,0.5,0.3,,,,
A,30,10,115,breslow,5,0.0,0.5,0.5,,,,
A,30,10,115,breslow,5,0.0,0.5,0.95,,,,
A,30,10,115,breslow,5,0.0,1.0,0.3,,,,
A,30,10,115,breslow,5,0.0,1.0,0.5,,,,
A,30,10,115,breslow,5,0.0,1.0,0.95,,,,
A,30,10,115,breslow,5,0.1,0.0,0.3,7690.9668169319775,0.5457849284473312,38.605139609418316,51.43539570754829
A,30,10,115,breslow,5,0.1,0.0,0.5,7852.619129031858,0.5438351597223495,38.64979245983278,51.54831208553996
A,30,10,115,breslow,5,0.1,0.0,0.95,,,,
A,30,10,115,breslow,5,0.1,0.5,0.3,7742.950720361092,0.5455272856355952,38.613741826921384,51.45252100240314
A,30,10,115,breslow,5,0.1,0.5,0.5,7852.646213841646,0.5438336798771475,38.651007649706195,51.54960895048252
A,30,10,115,breslow,5,0.1,0.5,0.95,,,,
A,30,10,115,breslow,5,0.1,1.0,0.3,7742.950720361092,0.5455272856355952,38.613741826921384,51.45252100240314
A,30,10,115,breslow,5,0.1,1.0,0.5,7852.646213841646,0.5438336798771475,38.651007649706195,51.54960895048252
A,30,10,115,breslow,5,0.1,1.0,0.95,,,,
A,30,10,115,breslow,5,1.0,0.0,0.3,7742.950720361092,0.5455272856355952,38.613741826921384,51.45252100240314
A,30,10,115,breslow,5,1.0,0.0,0.5,7852.646213841646,0.5438336798771475,38.651007649706195,51.54960895048252
A,30,10,115,breslow,5,1.0,0.0,0.95,,,,
A,30,10,115,breslow,5,1.0,0.5,0.3,7742.950720361092,0.5455272856355952,38.613741826921384,51.45252100240314
A,30,10,115,breslow,5,1.0,0.5,0.5,7852.646213841646,0.5438336798771475,38.651007649706195,51.54960895048252
A,30,10,115,breslow,5,1.0,0.5,0.95,,,,
A,30,10,115,breslow,5,1.0,1.0,0.3,7742.950720361092,0.5455272856355952,38.613741826921384,51.45252100240314
A,30,10,115,breslow,5,1.0,1.0,0.5,7852.646213841646,0.5438336798771475,38.651007649706195,51.54960895048252
A,30,10,115,breslow,5,1.0,1.0,0.95,,,,
A,30,10,115,spline,3,0.0,0.0,0.3,,,,
A,30,10,115,spline,3,0.0,0.0,0.5,,,,
A,30,10,115,spline,3,0.0,0.0,0.95,,,,
A,30,10,115,spline,3,0.0,0.5,0.3,,,,
A,30,10,115,spline,3,0.0,0.5,0.5,,,,
A,30,10,115,spline,3,0.0,0.5,0.95,,,,
A,30,10,115,spline,3,0.0,1.0,0.3,,,,
A,30,10,115,spline,3,0.0,1.0,0.5,,,,
A,30,10,115,spline,3,0.0,1.0,0.95,,,,
A,30,10,115,spline,3,0.1,0.0,0.3,,,,
A,30,10,115,spline,3,0.1,0.0,0.5,,,,
A,30,10,115,spline,3,0.1,0.0,0.95,,,,
A,30,10,115,spline,3,0.1,0.5,0.3,,,,
A,30,10,115,spline,3,0.1,0.5,0.5,,,,
A,30,10,115,spline,3,0.1,0.5,0.95,,,,
A,30,10,115,spline,3,0.1,1.0,0.3,,,,
A,30,10,115,spline,3,0.1,1.0,0.5,,,,
A,30,10,115,spline,3,0.1,1.0,0.95,,,,
A,30,10,115,spline,3,1.0,0.0,0.3,,,,
A,30,10,115,spline,3,1.0,0.0,0.5,,,,
A,30,10,115,spline,3,1.0,0.0,0.95,,,,
A,30,10,115,spline,3,1.0,0.5,0.3,,,,
A,30,10,115,spline,3,1.0,0.5,0.5,,,,
A,30,10,115,spline,3,1.0,0.5,0.95,,,,
A,30,10,115,spline,3,1.0,1.0,0.3,,,,
A,30,10,115,spline,3,1.0,1.0,0.5,,,,
A,30,10,115,spline,3,1.0,1.0,0.95,,,,
A,30,10,115,spline,5,0.0,0.0,0.3,,,,
A,30,10,115,spline,5,0.0,0.0,0.5,,,,
A,30,10,115,spline,5,0.0,0.0,0.95,,,,
A,30,10,115,spline,5,0.0,0.5,0.3,,,,
A,30,10,115,spline,5,0.0,0.5,0.5,,,,
A,30,10,115,spline,5,0.0,0.5,0.95,,,,
A,30,10,115,spline,5,0.0,1.0,0.3,,,,
A,30,10,115,spline,5,0.0,1.0,0.5,,,,
A,30,10,115,spline,5,0.0,1.0,0.95,,,,
A,30,10,115,spline,5,0.1,0.0,0.3,,,,
A,30,10,115,spline,5,0.1,0.0,0.5,,,,
A,30,10,115,spline,5,0.1,0.0,0.95,,,,
A,30,10,115,spline,5,0.1,0.5,0.3,,,,
A,30,10,115,spline,5,0.1,0.5,0.5,,,,
A,30,10,115,spline,5,0.1,0.5,0.95,,,,
A,30,10,115,spline,5,0.1,1.0,0.3,,,,
A,30,10,115,spline,5,0.1,1.0,0.5,,,,
A,30,10,115,spline,5,0.1,1.0,0.95,,,,
A,30,10,115,spline,5,1.0,0.0,0.3,,,,
A,30,10,115,spline,5,1.0,0.0,0.5,,,,
A,30,10,115,spline,5,1.0,0.0,0.95,,,,
A,30,10,115,spline,5,1.0,0.5,0.3,,,,
A,30,10,115,spline,5,1.0,0.5,0.5,,,,
A,30,10,115,spline,5,1.0,0.5,0.95,,,,
A,30,10,115,spline,5,1.0,1.0,0.3,,,,
A,30,10,115,spline,5,1.0,1.0,0.5,,,,
A,30,10,115,spline,5,1.0,1.0,0.95,,,,
A,30,10,120,breslow,3,0.0,0.0,0.3,,,,
A,30,10,120,breslow,3,0.0,0.0,0.5,,,,
A,30,10,120,breslow,3,0.0,0.0,0.95,,,,
A,30,10,120,breslow,3,0.0,0.5,0.3,,,,
A,30,10,120,breslow,3,0.0,0.5,0.5,,,,
A,30,10,120,breslow,3,0.0,0.5,0.95,,,,
A,30,10,120,breslow,3,0.0,1.0,0.3,,,,
A,30,10,120,breslow,3,0.0,1.0,0.5,,,,
A,30,10,120,breslow,3,0.0,1.0,0.95,,,,
A,30,10,120,breslow,3,0.1,0.0,0.3,7690.578273573474,0.5443910293745475,36.628583118576096,51.160558805170204
A,30,10,120,breslow,3,0.1,0.0,0.5,7852.217805942867,0.5425219756560521,36.66513470316777,51.27015835312111
A,30,10,120,breslow,3,0.1,0.0,0.95,,,,
A,30,10,120,breslow,3,0.1,0.5,0.3,7742.562177002588,0.5441422279477907,36.63718533607917,51.177788892572245
A,30,10,120,breslow,3,0.1,0.5,0.5,7852.244890752654,0.5425205366442933,36.66634989304119,51.271459625474314
A,30,10,120,breslow,3,0.1,0.5,0.95,,,,
A,30,10,120,breslow,3,0.1,1.0,0.3,7742.562177002588,0.5441422279477907,36.63718533607917,51.177788892572245
A,30,10,120,breslow,3,0.1,1.0,0.5,7852.244890752654,0.5425205366442933,36.66634989304119,51.271459625474314
A,30,10,120,breslow,3,0.1,1.0,0.95,,,,
A,30,10,120,breslow,3,1.0,0.0,0.3,7742.562177002588,0.5441422279477907,36.63718533607917,51.177788892572245
A,30,10,120,breslow,3,1.0,0.0,0.5,7852.244890752654,0.5425205366442933,36.66634989304119,51.271459625474314
A,30,10,120,breslow,3,1.0,0.0,0.95,,,,
A,30,10,120,breslow,3,1.0,0.5,0.3,7742.562177002588,0.5441422279477907,36.63718533607917,51.177788892572245
A,30,10,120,breslow,3,1.0,0.5,0.5,7852.244890752654,0.5425205366442933,36.66634989304119,51.271459625474314
A,30,10,120,breslow,3,1.0,0.5,0.95,,,,
A,30,10,120,breslow,3,1.0,1.0,0.3,7742.562177002588,0.5441422279477907,36.63718533607917,51.177788892572245
A,30,10,120,breslow,3,1.0,1.0,0.5,7852.244890752654,0.5425205366442933,36.66634989304119,51.271459625474314
A,30,10,120,breslow,3,1.0,1.0,0.95,,,,
A,30,10,120,breslow,5,0.0,0.0,0.3,,,,
A,30,10,120,breslow,5,0.0,0.0,0.5,,,,
A,30,10,120,breslow,5,0.0,0.0,0.95,,,,
A,30,10,120,breslow,5,0.0,0.5,0.3,,,,
A,30,10,120,breslow,5,0.0,0.5,0.5,,,,
A,30,10,120,breslow,5,0.0,0.5,0.95,,,,
A,30,10,120,breslow,5,0.0,1.0,0.3,,,,
A,30,10,120,breslow,5,0.0,1.0,0.5,,,,
A,30,10,120,breslow,5,0.0,1.0,0.95,,,,
A,30,10,120,breslow,5,0.1,0.0,0.3,7690.578273573474,0.5443910293745475,36.628583118576096,51.160558805170204
A,30,10,120,breslow,5,0.1,0.0,0.5,7852.217805942867,0.5425219756560521,36.66513470316777,51.27015835312111
A,30,10,120,breslow,5,0.1,0.0,0.95,,,,
A,30,10,120,breslow,5,0.1,0.5,0.3,7742.562177002588,0.5441422279477907,36.63718533607917,51.177788892572245
A,30,10,120,breslow,5,0.1,0.5,0.5,7852.244890752654,0.5425205366442933,36.66634989304119,51.271459625474314
A,30,10,120,breslow,5,0.1,0.5,0.95,,,,
A,30,10,120,breslow,5,0.1,1.0,0.3,7742.562177002588,0.5441422279477907,36.63718533607917,51.177788892572245
A,30,10,120,breslow,5,0.1,1.0,0.5,7852.244890752654,0.5425205366442933,36.66634989304119,51.271459625474314
A,30,10,120,breslow,5,0.1,1.0,0.95,,,,
A,30,10,120,breslow,5,1.0,0.0,0.3,7742.562177002588,0.5441422279477907,36.63718533607917,51.177788892572245
A,30,10,120,breslow,5,1.0,0.0,0.5,7852.244890752654,0.5425205366442933,36.66634989304119,51.271459625474314
A,30,10,120,breslow,5,1.0,0.0,0.95,,,,
A,30,10,120,breslow,5,1.0,0.5,0.3,7742.562177002588,0.5441422279477907,36.63718533607917,51.177788892572245
A,30,10,120,breslow,5,1.0,0.5,0.5,7852.244890752654,0.5425205366442933,36.66634989304119,51.271459625474314
A,30,10,120,breslow,5,1.0,0.5,0.95,,,,
A,30,10,120,breslow,5,1.0,1.0,0.3,7742.562177002588,0.5441422279477907,36.63718533607917,51.177788892572245
A,30,10,120,breslow,5,1.0,1.0,0.5,7852.244890752654,0.5425205366442933,36.66634989304119,51.271459625474314
A,30,10,120,breslow,5,1.0,1.0,0.95,,,,
A,30,10,120,spline,3,0.0,0.0,0.3,,,,
A,30,10,120,spline,3,0.0,0.0,0.5,,,,
A,30,10,120,spline,3,0.0,0.0,0.95,,,,
A,30,10,120,spline,3,0.0,0.5,0.3,,,,
A,30,10,120,spline,3,0.0,0.5,0.5,,,,
A,30,10,120,spline,3,0.0,0.5,0.95,,,,
A,30,10,120,spline,3,0.0,1.0,0.3,,,,
A,30,10,120,spline,3,0.0,1.0,0.5,,,,
A,30,10,120,spline,3,0.0,1.0,0.95,,,,
A,30,10,120,spline,3,0.1,0.0,0.3,,,,
A,30,10,120,spline,3,0.1,0.0,0.5,,,,
A,30,10,120,spline,3,0.1,0.0,0.95,,,,
A,30,10,120,spline,3,0.1,0.5,0.3,,,,
A,30,10,120,spline,3,0.1,0.5,0.5,,,,
A,30,10,120,spline,3,0.1,0.5,0.95,,,,
A,30,10,120,spline,3,0.1,1.0,0.3,,,,
A,30,10,120,spline,3,0.1,1.0,0.5,,,,
A,30,10,120,spline,3,0.1,1.0,0.95,,,,
A,30,10,120,spline,3,1.0,0.0,0.3,,,,
A,30,10,120,spline,3,1.0,0.0,0.5,,,,
A,30,10,120,spline,3,1.0,0.0,0.95,,,,
A,30,10,120,spline,3,1.0,0.5,0.3,,,,
A,30,10,120,spline,3,1.0,0.5,0.5,,,,
A,30,10,120,spline,3,1.0,0.5,0.95,,,,
A,30,10,120,spline,3,1.0,1.0,0.3,,,,
A,30,10,120,spline,3,1.0,1.0,0.5,,,,
A,30,10,120,spline,3,1.0,1.0,0.95,,,,
A,30,10,120,spline,5,0.0,0.0,0.3,,,,
A,30,10,120,spline,5,0.0,0.0,0.5,,,,
A,30,10,120,spline,5,0.0,0.0,0.95,,,,
A,30,10,120,spline,5,0.0,0.5,0.3,,,,
A,30,10,120,spline,5,0.0,0.5,0.5,,,,
A,30,10,120,spline,5,0.0,0.5,0.95,,,,
A,30,10,120,spline,5,0.0,1.0,0.3,,,,
A,30,10,120,spline,5,0.0,1.0,0.5,,,,
A,30,10,120,spline,5,0.0,1.0,0.95,,,,
A,30,10,120,spline,5,0.1,0.0,0.3,,,,
A,30,10,120,spline,5,0.1,0.0,0.5,,,,
A,30,10,120,spline,5,0.1,0.0,0.95,,,,
A,30,10,120,spline,5,0.1,0.5,0.3,,,,
A,30,10,120,spline,5,0.1,0.5,0.5,,,,
A,30,10,120,spline,5,0.1,0.5,0.95,,,,
A,30,10,120,spline,5,0.1,1.0,0.3,,,,
A,30,10,120,spline,5,0.1,1.0,0.5,,,,
A,30,10,120,spline,5,0.1,1.0,0.95,,,,
A,30,10,120,spline,5,1.0,0.0,0.3,,,,
A,30,10,120,spline,5,1.0,0.0,0.5,,,,
A,30,10,120,spline,5,1.0,0.0,0.95,,,,
A,30,10,120,spline,5,1.0,0.5,0.3,,,,
A,30,10,120,spline,5,1.0,0.5,0.5,,,,
A,30,10,120,spline,5,1.0,0.5,0.95,,,,
A,30,10,120,spline,5,1.0,1.0,0.3,,,,
A,30,10,120,spline,5,1.0,1.0,0.5,,,,
A,30,10,120,spline,5,1.0,1.0,0.95,,,,
A,30,10,125,breslow,3,0.0,0.0,0.3,,,,
A,30,10,125,breslow,3,0.0,0.0,0.5,,,,
A,30,10,125,breslow,3,0.0,0.0,0.95,,,,
A,30,10,125,breslow,3,0.0,0.5,0.3,,,,
A,30,10,125,breslow,3,0.0,0.5,0.5,,,,
A,30,10,125,breslow,3,0.0,0.5,0.95,,,,
A,30,10,125,breslow,3,0.0,1.0,0.3,,,,
A,30,10,125,breslow,3,0.0,1.0,0.5,,,,
A,30,10,125,breslow,3,0.0,1.0,0.95,,,,
A,30,10,125,breslow,3,0.1,0.0,0.3,7690.386622150623,0.5432093909118538,34.813329971123,51.09074940277752
A,30,10,125,breslow,3,0.1,0.0,0.5,7852.012081258172,0.5414147401949624,34.841780289891894,51.19691584247386
A,30,10,125,breslow,3,0.1,0.0,0.95,,,,
A,30,10,125,breslow,3,0.1,0.5,0.3,7742.3705255797395,0.5429677909707138,34.821932188626064,51.10801204130461
A,30,10,125,breslow,3,0.1,0.5,0.5,7852.03916606796,0.5414133382478038,34.84299547976531,51.19821675670914
A,30,10,125,breslow,3,0.1,0.5,0.95,,,,
A,30,10,125,breslow,3,0.1,1.0,0.3,7742.3705255797395,0.5429677909707138,34.821932188626064,51.10801204130461
A,30,10,125,breslow,3,0.1,1.0,0.5,7852.03916606796,0.5414133382478038,34.84299547976531,51.19821675670914
A,30,10,125,breslow,3,0.1,1.0,0.95,,,,
A,30,10,125,breslow,3,1.0,0.0,0.3,7742.3705255797395,0.5429677909707138,34.821932188626064,51.10801204130461
A,30,10,125,breslow,3,1.0,0.0,0.5,7852.03916606796,0.5414133382478038,34.84299547976531,51.19821675670914
A,30,10,125,breslow,3,1.0,0.0,0.95,,,,
A,30,10,125,breslow,3,1.0,0.5,0.3,7742.3705255797395,0.5429677909707138,34.821932188626064,51.10801204130461
A,30,10,125,breslow,3,1.0,0.5,0.5,7852.03916606796,0.5414133382478038,34.84299547976531,51.19821675670914
A,30,10,125,breslow,3,1.0,0.5,0.95,,,,
A,30,10,125,breslow,3,1.0,1.0,0.3,7742.3705255797395,0.5429677909707138,34.821932188626064,51.10801204130461
A,30,10,125,breslow,3,1.0,1.0,0.5,7852.03916606796,0.5414133382478038,34.84299547976531,51.19821675670914
A,30,10,125,breslow,3,1.0,1.0,0.95,,,,
A,30,10,125,breslow,5,0.0,0.0,0.3,,,,
A,30,10,125,breslow,5,0.0,0.0,0.5,,,,
A,30,10,125,breslow,5,0.0,0.0,0.95,,,,
A,30,10,125,breslow,5,0.0,0.5,0.3,,,,
A,30,10,125,breslow,5,0.0,0.5,0.5,,,,
A,30,10,125,breslow,5,0.0,0.5,0.95,,,,
A,30,10,125,breslow,5,0.0,1.0,0.3,,,,
A,30,10,125,breslow,5,0.0,1.0,0.5,,,,
A,30,10,125,breslow,5,0.0,1.0,0.95,,,,
A,30,10,125,breslow,5,0.1,0.0,0.3,7690.386622150623,0.5432093909118538,34.813329971123,51.09074940277752
A,30,10,125,breslow,5,0.1,0.0,0.5,7852.012081258172,0.5414147401949624,34.841780289891894,51.19691584247386
A,30,10,125,breslow,5,0.1,0.0,0.95,,,,
A,30,10,125,breslow,5,0.1,0.5,0.3,7742.3705255797395,0.5429677909707138,34.821932188626064,51.10801204130461
A,30,10,125,breslow,5,0.1,0.5,0.5,7852.03916606796,0.5414133382478038,34.84299547976531,51.19821675670914
A,30,10,125,breslow,5,0.1,0.5,0.95,,,,
A,30,10,125,breslow,5,0.1,1.0,0.3,7742.3705255797395,0.5429677909707138,34.821932188626064,51.10801204130461
A,30,10,125,breslow,5,0.1,1.0,0.5,7852.03916606796,0.5414133382478038,34.84299547976531,51.19821675670914
A,30,10,125,breslow,5,0.1,1.0,0.95,,,,
A,30,10,125,breslow,5,1.0,0.0,0.3,7742.3705255797395,0.5429677909707138,34.821932188626064,51.10801204130461
A,30,10,125,breslow,5,1.0,0.0,0.5,7852.03916606796,0.5414133382478038,34.84299547976531,51.19821675670914
A,30,10,125,breslow,5,1.0,0.0,0.95,,,,
A,30,10,125,breslow,5,1.0,0.5,0.3,7742.3705255797395,0.5429677909707138,34.821932188626064,51.10801204130461
A,30,10,125,breslow,5,1.0,0.5,0.5,7852.03916606796,0.5414133382478038,34.84299547976531,51.19821675670914
A,30,10,125,breslow,5,1.0,0.5,0.95,,,,
A,30,10,125,breslow,5,1.0,1.0,0.3,7742.3705255797395,0.5429677909707138,34.821932188626064,51.10801204130461
A,30,10,125,breslow,5,1.0,1.0,0.5,7852.03916606796,0.5414133382478038,34.84299547976531,51.19821675670914
A,30,10,125,breslow,5,1.0,1.0,0.95,,,,
A,30,10,125,spline,3,0.0,0.0,0.3,,,,
A,30,10,125,spline,3,0.0,0.0,0.5,,,,
A,30,10,125,spline,3,0.0,0.0,0.95,,,,
A,30,10,125,spline,3,0.0,0.5,0.3,,,,
A,30,10,125,spline,3,0.0,0.5,0.5,,,,
A,30,10,125,spline,3,0.0,0.5,0.95,,,,
A,30,10,125,spline,3,0.0,1.0,0.3,,,,
A,30,10,125,spline,3,0.0,1.0,0.5,,,,
A,30,10,125,spline,3,0.0,1.0,0.95,,,,
A,30,10,125,spline,3,0.1,0.0,0.3,,,,
A,30,10,125,spline,3,0.1,0.0,0.5,,,,
A,30,10,125,spline,3,0.1,0.0,0.95,,,,
A,30,10,125,spline,3,0.1,0.5,0.3,,,,
A,30,10,125,spline,3,0.1,0.5,0.5,,,,
A,30,10,125,spline,3,0.1,0.5,0.95,,,,
A,30,10,125,spline,3,0.1,1.0,0.3,,,,
A,30,10,125,spline,3,0.1,1.0,0.5,,,,
A,30,10,125,spline,3,0.1,1.0,0.95,,,,
A,30,10,125,spline,3,1.0,0.0,0.3,,,,
A,30,10,125,spline,3,1.0,0.0,0.5,,,,
A,30,10,125,spline,3,1.0,0.0,0.95,,,,
A,30,10,125,spline,3,1.0,0.5,0.3,,,,
A,30,10,125,spline,3,1.0,0.5,0.5,,,,
A,30,10,125,spline,3,1.0,0.5,0.95,,,,
A,30,10,125,spline,3,1.0,1.0,0.3,,,,
A,30,10,125,spline,3,1.0,1.0,0.5,,,,
A,30,10,125,spline,3,1.0,1.0,0.95,,,,
A,30,10,125,spline,5,0.0,0.0,0.3,,,,
A,30,10,125,spline,5,0.0,0.0,0.5,,,,
A,30,10,125,spline,5,0.0,0.0,0.95,,,,
A,30,10,125,spline,5,0.0,0.5,0.3,,,,
A,30,10,125,spline,5,0.0,0.5,0.5,,,,
A,30,10,125,spline,5,0.0,0.5,0.95,,,,
A,30,10,125,spline,5,0.0,1.0,0.3,,,,
A,30,10,125,spline,5,0.0,1.0,0.5,,,,
A,30,10,125,spline,5,0.0,1.0,0.95,,,,
A,30,10,125,spline,5,0.1,0.0,0.3,,,,
A,30,10,125,spline,5,0.1,0.0,0.5,,,,
A,30,10,125,spline,5,0.1,0.0,0.95,,,,
A,30,10,125,spline,5,0.1,0.5,0.3,,,,
A,30,10,125,spline,5,0.1,0.5,0.5,,,,
A,30,10,125,spline,5,0.1,0.5,0.95,,,,
A,30,10,125,spline,5,0.1,1.0,0.3,,,,
A,30,10,125,spline,5,0.1,1.0,0.5,,,,
A,30,10,125,spline,5,0.1,1.0,0.95,,,,
A,30,10,125,spline,5,1.0,0.0,0.3,,,,
A,30,10,125,spline,5,1.0,0.0,0.5,,,,
A,30,10,125,spline,5,1.0,0.0,0.95,,,,
A,30,10,125,spline,5,1.0,0.5,0.3,,,,
A,30,10,125,spline,5,1.0,0.5,0.5,,,,
A,30,10,125,spline,5,1.0,0.5,0.95,,,,
A,30,10,125,spline,5,1.0,1.0,0.3,,,,
A,30,10,125,spline,5,1.0,1.0,0.5,,,,
A,30,10,125,spline,5,1.0,1.0,0.95,,,,
A,30,15,115,breslow,3,0.0,0.0,0.3,,,,
A,30,15,115,breslow,3,0.0,0.0,0.5,,,,
A,30,15,115,breslow,3,0.0,0.0,0.95,,,,
A,30,15,115,breslow,3,0.0,0.5,0.3,,,,
A,30,15,115,breslow,3,0.0,0.5,0.5,,,,
A,30,15,115,breslow,3,0.0,0.5,0.95,,,,
A,30,15,115,breslow,3,0.0,1.0,0.3,,,,
A,30,15,115,breslow,3,0.0,1.0,0.5,,,,
A,30,15,115,breslow,3,0.0,1.0,0.95,,,,
A,30,15,115,breslow,3,0.1,0.0,0.3,7657.186401561432,0.5459789844156777,38.599723335629804,51.42483226851336
A,30,15,115,breslow,3,0.1,0.0,0.5,7852.623643166824,0.5438349130814826,38.64999499147835,51.54852824123884
A,30,15,115,breslow,3,0.1,0.0,0.95,,,,
A,30,15,115,breslow,3,0.1,0.5,0.3,7742.950720361092,0.5455272856355952,38.613741826921384,51.45252100240314
A,30,15,115,breslow,3,0.1,0.5,0.5,7852.646213841646,0.5438336798771475,38.651007649706195,51.54960895048252
A,30,15,115,breslow,3,0.1,0.5,0.95,,,,
A,30,15,115,breslow,3,0.1,1.0,0.3,7742.950720361092,0.5455272856355952,38.613741826921384,51.45252100240314
A,30,15,115,breslow,3,0.1,1.0,0.5,7852.646213841646,0.5438336798771475,38.651007649706195,51.54960895048252
A,30,15,115,breslow,3,0.1,1.0,0.95,,,,
A,30,15,115,breslow,3,1.0,0.0,0.3,7742.950720361092,0.5455272856355952,38.613741826921384,51.45252100240314
A,30,15,115,breslow,3,1.0,0.0,0.5,7852.646213841646,0.5438336798771475,38.651007649706195,51.54960895048252
A,30,15,115,breslow,3,1.0,0.0,0.95,,,,
A,30,15,115,breslow,3,1.0,0.5,0.3,7742.950720361092,0.5455272856355952,38.613741826921384,51.45252100240314
A,30,15,115,breslow,3,1.0,0.5,0.5,7852.646213841646,0.5438336798771475,38.651007649706195,51.54960895048252
A,30,15,115,breslow,3,1.0,0.5,0.95,,,,
A,30,15,115,breslow,3,1.0,1.0,0.3,7742.950720361092,0.5455272856355952,38.613741826921384,51.45252100240314
A,30,15,115,breslow,3,1.0,1.0,0.5,7852.646213841646,0.5438336798771475,38.651007649706195,51.54960895048252
A,30,15,115,breslow,3,1.0,1.0,0.95,,,,
A,30,15,115,breslow,5,0.0,0.0,0.3,,,,
A,30,15,115,breslow,5,0.0,0.0,0.5,,,,
A,30,15,115,breslow,5,0.0,0.0,0.95,,,,
A,30,15,115,breslow,5,0.0,0.5,0.3,,,,
A,30,15,115,breslow,5,0.0,0.5,0.5,,,,
A,30,15,115,breslow,5,0.0,0.5,0.95,,,,
A,30,15,115,breslow,5,0.0,1.0,0.3,,,,
A,30,15,115,breslow,5,0.0,1.0,0.5,,,,
A,30,15,115,breslow,5,0.0,1.0,0.95,,,,
A,30,15,115,breslow,5,0.1,0.0,0.3,7657.186401561432,0.5459789844156777,38.599723335629804,51.42483226851336
A,30,15,115,breslow,5,0.1,0.0,0.5,7852.623643166824,0.5438349130814826,38.64999499147835,51.54852824123884
A,30,15,115,breslow,5,0.1,0.0,0.95,,,,
A,30,15,115,breslow,5,0.1,0.5,0.3,7742.950720361092,0.5455272856355952,38.613741826921384,51.45252100240314
A,30,15,115,breslow,5,0.1,0.5,0.5,7852.646213841646,0.5438336798771475,38.651007649706195,51.54960895048252
A,30,15,115,breslow,5,0.1,0.5,0.95,,,,
A,30,15,115,breslow,5,0.1,1.0,0.3,7742.950720361092,0.5455272856355952,38.613741826921384,51.45252100240314
A,30,15,115,breslow,5,0.1,1.0,0.5,7852.646213841646,0.5438336798771475,38.651007649706195,51.54960895048252
A,30,15,115,breslow,5,0.1,1.0,0.95,,,,
A,30,15,115,breslow,5,1.0,0.0,0.3,7742.950720361092,0.5455272856355952,38.613741826921384,51.45252100240314
A,30,15,115,breslow,5,1.0,0.0,0.5,7852.646213841646,0.5438336798771475,38.651007649706195,51.54960895048252
A,30,15,115,breslow,5,1.0,0.0,0.95,,,,
A,30,15,115,breslow,5,1.0,0.5,0.3,7742.950720361092,0.5455272856355952,38.613741826921384,51.45252100240314
A,30,15,115,breslow,5,1.0,0.5,0.5,7852.646213841646,0.5438336798771475,38.651007649706195,51.54960895048252
A,30,15,115,breslow,5,1.0,0.5,0.95,,,,
A,30,15,115,breslow,5,1.0,1.0,0.3,7742.950720361092,0.5455272856355952,38.613741826921384,51.45252100240314
A,30,15,115,breslow,5,1.0,1.0,0.5,7852.646213841646,0.5438336798771475,38.651007649706195,51.54960895048252
A,30,15,115,breslow,5,1.0,1.0,0.95,,,,
A,30,15,115,spline,3,0.0,0.0,0.3,,,,
A,30,15,115,spline,3,0.0,0.0,0.5,,,,
A,30,15,115,spline,3,0.0,0.0,0.95,,,,
A,30,15,115,spline,3,0.0,0.5,0.3,,,,
A,30,15,115,spline,3,0.0,0.5,0.5,,,,
A,30,15,115,spline,3,0.0,0.5,0.95,,,,
A,30,15,115,spline,3,0.0,1.0,0.3,,,,
A,30,15,115,spline,3,0.0,1.0,0.5,,,,
A,30,15,115,spline,3,0.0,1.0,0.95,,,,
A,30,15,115,spline,3,0.1,0.0,0.3,,,,
A,30,15,115,spline,3,0.1,0.0,0.5,,,,
A,30,15,115,spline,3,0.1,0.0,0.95,,,,
A,30,15,115,spline,3,0.1,0.5,0.3,,,,
A,30,15,115,spline,3,0.1,0.5,0.5,,,,
A,30,15,115,spline,3,0.1,0.5,0.95,,,,
A,30,15,115,spline,3,0.1,1.0,0.3,,,,
A,30,15,115,spline,3,0.1,1.0,0.5,,,,
A,30,15,115,spline,3,0.1,1.0,0.95,,,,
A,30,15,115,spline,3,1.0,0.0,0.3,,,,
A,30,15,115,spline,3,1.0,0.0,0.5,,,,
A,30,15,115,spline,3,1.0,0.0,0.95,,,,
A,30,15,115,spline,3,1.0,0.5,0.3,,,,
A,30,15,115,spline,3,1.0,0.5,0.5,,,,
A,30,15,115,spline,3,1.0,0.5,0.95,,,,
A,30,15,115,spline,3,1.0,1.0,0.3,,,,
A,30,15,115,spline,3,1.0,1.0,0.5,,,,
A,30,15,115,spline,3,1.0,1.0,0.95,,,,
A,30,15,115,spline,5,0.0,0.0,0.3,,,,
A,30,15,115,spline,5,0.0,0.0,0.5,,,,
A,30,15,115,spline,5,0.0,0.0,0.95,,,,
A,30,15,115,spline,5,0.0,0.5,0.3,,,,
A,30,15,115,spline,5,0.0,0.5,0.5,,,,
A,30,15,115,spline,5,0.0,0.5,0.95,,,,
A,30,15,115,spline,5,0.0,1.0,0.3,,,,
A,30,15,115,spline,5,0.0,1.0,0.5,,,,
A,30,15,115,spline,5,0.0,1.0,0.95,,,,
A,30,15,115,spline,5,0.1,0.0,0.3,,,,
A,30,15,115,spline,5,0.1,0.0,0.5,,,,
A,30,15,115,spline,5,0.1,0.0,0.95,,,,
A,30,15,115,spline,5,0.1,0.5,0.3,,,,
A,30,15,115,spline,5,0.1,0.5,0.5,,,,
A,30,15,115,spline,5,0.1,0.5,0.95,,,,
A,30,15,115,spline,5,0.1,1.0,0.3,,,,
A,30,15,115,spline,5,0.1,1.0,0.5,,,,
A,30,15,115,spline,5,0.1,1.0,0.95,,,,
A,30,15,115,spline,5,1.0,0.0,0.3,,,,
A,30,15,115,spline,5,1.0,0.0,0.5,,,,
A,30,15,115,spline,5,1.0,0.0,0.95,,,,
A,30,15,115,spline,5,1.0,0.5,0.3,,,,
A,30,15,115,spline,5,1.0,0.5,0.5,,,,
A,30,15,115,spline,5,1.0,0.5,0.95,,,,
A,30,15,115,spline,5,1.0,1.0,0.3,,,,
A,30,15,115,spline,5,1.0,1.0,0.5,,,,
A,30,15,115,spline,5,1.0,1.0,0.95,,,,
A,30,15,120,breslow,3,0.0,0.0,0.3,,,,
A,30,15,120,breslow,3,0.0,0.0,0.5,,,,
A,30,15,120,breslow,3,0.0,0.0,0.95,,,,
A,30,15,120,breslow,3,0.0,0.5,0.3,,,,
A,30,15,120,breslow,3,0.0,0.5,0.5,,,,
A,30,15,120,breslow,3,0.0,0.5,0.95,,,,
A,30,15,120,breslow,3,0.0,1.0,0.3,,,,
A,30,15,120,breslow,3,0.0,1.0,0.5,,,,
A,30,15,120,breslow,3,0.0,1.0,0.95,,,,
A,30,15,120,breslow,3,0.1,0.0,0.3,7656.797858202929,0.5445784131548497,36.62316684478758,51.1499312525328
A,30,15,120,breslow,3,0.1,0.0,0.5,7852.222320077832,0.542521735820759,36.66533723481335,51.270375243506486
A,30,15,120,breslow,3,0.1,0.0,0.95,,,,
A,30,15,120,breslow,3,0.1,0.5,0.3,7742.562177002588,0.5441422279477907,36.63718533607917,51.177788892572245
A,30,15,120,breslow,3,0.1,0.5,0.5,7852.244890752654,0.5425205366442933,36.66634989304119,51.271459625474314
A,30,15,120,breslow,3,0.1,0.5,0.95,,,,
A,30,15,120,breslow,3,0.1,1.0,0.3,7742.562177002588,0.5441422279477907,36.63718533607917,51.177788892572245
A,30,15,120,breslow,3,0.1,1.0,0.5,7852.244890752654,0.5425205366442933,36.66634989304119,51.271459625474314
A,30,15,120,breslow,3,0.1,1.0,0.95,,,,
A,30,15,120,breslow,3,1.0,0.0,0.3,7742.562177002588,0.5441422279477907,36.63718533607917,51.177788892572245
A,30,15,120,breslow,3,1.0,0.0,0.5,7852.244890752654,0.5425205366442933,36.66634989304119,51.271459625474314
A,30,15,120,breslow,3,1.0,0.0,0.95,,,,
A,30,15,120,breslow,3,1.0,0.5,0.3,7742.562177002588,0.5441422279477907,36.63718533607917,51.177788892572245
A,30,15,120,breslow,3,1.0,0.5,0.5,7852.244890752654,0.5425205366442933,36.66634989304119,51.271459625474314
A,30,15,120,breslow,3,1.0,0.5,0.95,,,,
A,30,15,120,breslow,3,1.0,1.0,0.3,7742.562177002588,0.5441422279477907,36.63718533607917,51.177788892572245
A,30,15,120,breslow,3,1.0,1.0,0.5,7852.244890752654,0.5425205366442933,36.66634989304119,51.271459625474314
A,30,15,120,breslow,3,1.0,1.0,0.95,,,,
A,30,15,120,breslow,5,0.0,0.0,0.3,,,,
A,30,15,120,breslow,5,0.0,0.0,0.5,,,,
A,30,15,120,breslow,5,0.0,0.0,0.95,,,,
A,30,15,120,breslow,5,0.0,0.5,0.3,,,,
A,30,15,120,breslow,5,0.0,0.5,0.5,,,,
A,30,15,120,breslow,5,0.0,0.5,0.95,,,,
A,30,15,120,breslow,5,0.0,1.0,0.3,,,,
A,30,15,120,breslow,5,0.0,1.0,0.5,,,,
A,30,15,120,breslow,5,0.0,1.0,0.95,,,,
A,30,15,120,breslow,5,0.1,0.0,0.3,7656.797858202929,0.5445784131548497,36.62316684478758,51.1499312525328
A,30,15,120,breslow,5,0.1,0.0,0.5,7852.222320077832,0.542521735820759,36.66533723481335,51.270375243506486
A,30,15,120,breslow,5,0.1,0.0,0.95,,,,
A,30,15,120,breslow,5,0.1,0.5,0.3,7742.562177002588,0.5441422279477907,36.63718533607917,51.177788892572245
A,30,15,120,breslow,5,0.1,0.5,0.5,7852.244890752654,0.5425205366442933,36.66634989304119,51.271459625474314
A,30,15,120,breslow,5,0.1,0.5,0.95,,,,
A,30,15,120,breslow,5,0.1,1.0,0.3,7742.562177002588,0.5441422279477907,36.63718533607917,51.177788892572245
A,30,15,120,breslow,5,0.1,1.0,0.5,7852.244890752654,0.5425205366442933,36.66634989304119,51.271459625474314
A,30,15,120,breslow,5,0.1,1.0,0.95,,,,
A,30,15,120,breslow,5,1.0,0.0,0.3,7742.562177002588,0.5441422279477907,36.63718533607917,51.177788892572245
A,30,15,120,breslow,5,1.0,0.0,0.5,7852.244890752654,0.5425205366442933,36.66634989304119,51.271459625474314
A,30,15,120,breslow,5,1.0,0.0,0.95,,,,
A,30,15,120,breslow,5,1.0,0.5,0.3,7742.562177002588,0.5441422279477907,36.63718533607917,51.177788892572245
A,30,15,120,breslow,5,1.0,0.5,0.5,7852.244890752654,0.5425205366442933,36.66634989304119,51.271459625474314
A,30,15,120,breslow,5,1.0,0.5,0.95,,,,
A,30,15,120,breslow,5,1.0,1.0,0.3,7742.562177002588,0.5441422279477907,36.63718533607917,51.177788892572245
A,30,15,120,breslow,5,1.0,1.0,0.5,7852.244890752654,0.5425205366442933,36.66634989304119,51.271459625474314
A,30,15,120,breslow,5,1.0,1.0,0.95,,,,
A,30,15,120,spline,3,0.0,0.0,0.3,,,,
A,30,15,120,spline,3,0.0,0.0,0.5,,,,
A,30,15,120,spline,3,0.0,0.0,0.95,,,,
A,30,15,120,spline,3,0.0,0.5,0.3,,,,
A,30,15,120,spline,3,0.0,0.5,0.5,,,,
A,30,15,120,spline,3,0.0,0.5,0.95,,,,
A,30,15,120,spline,3,0.0,1.0,0.3,,,,
A,30,15,120,spline,3,0.0,1.0,0.5,,,,
A,30,15,120,spline,3,0.0,1.0,0.95,,,,
A,30,15,120,spline,3,0.1,0.0,0.3,,,,
A,30,15,120,spline,3,0.1,0.0,0.5,,,,
A,30,15,120,spline,3,0.1,0.0,0.95,,,,
A,30,15,120,spline,3,0.1,0.5,0.3,,,,
A,30,15,120,spline,3,0.1,0.5,0.5,,,,
A,30,15,120,spline,3,0.1,0.5,0.95,,,,
A,30,15,120,spline,3,0.1,1.0,0.3,,,,
A,30,15,120,spline,3,0.1,1.0,0.5,,,,
A,30,15,120,spline,3,0.1,1.0,0.95,,,,
A,30,15,120,spline,3,1.0,0.0,0.3,,,,
A,30,15,120,spline,3,1.0,0.0,0.5,,,,
A,30,15,120,spline,3,1.0,0.0,0.95,,,,
A,30,15,120,spline,3,1.0,0.5,0.3,,,,
A,30,15,120,spline,3,1.0,0.5,0.5,,,,
A,30,15,120,spline,3,1.0,0.5,0.95,,,,
A,30,15,120,spline,3,1.0,1.0,0.3,,,,
A,30,15,120,spline,3,1.0,1.0,0.5,,,,
A,30,15,120,spline,3,1.0,1.0,0.95,,,,
A,30,15,120,spline,5,0.0,0.0,0.3,,,,
A,30,15,120,spline,5,0.0,0.0,0.5,,,,
A,30,15,120,spline,5,0.0,0.0,0.95,,,,
A,30,15,120,spline,5,0.0,0.5,0.3,,,,
A,30,15,120,spline,5,0.0,0.5,0.5,,,,
A,30,15,120,spline,5,0.0,0.5,0.95,,,,
A,30,15,120,spline,5,0.0,1.0,0.3,,,,
A,30,15,120,spline,5,0.0,1.0,0.5,,,,
A,30,15,120,spline,5,0.0,1.0,0.95,,,,
A,30,15,120,spline,5,0.1,0.0,0.3,,,,
A,30,15,120,spline,5,0.1,0.0,0.5,,,,
A,30,15,120,spline,5,0.1,0.0,0.95,,,,
A,30,15,120,spline,5,0.1,0.5,0.3,,,,
A,30,15,120,spline,5,0.1,0.5,0.5,,,,
A,30,15,120,spline,5,0.1,0.5,0.95,,,,
A,30,15,120,spline,5,0.1,1.0,0.3,,,,
A,30,15,120,spline,5,0.1,1.0,0.5,,,,
A,30,15,120,spline,5,0.1,1.0,0.95,,,,
A,30,15,120,spline,5,1.0,0.0,0.3,,,,
A,30,15,120,spline,5,1.0,0.0,0.5,,,,
A,30,15,120,spline,5,1.0,0.0,0.95,,,,
A,30,15,120,spline,5,1.0,0.5,0.3,,,,
A,30,15,120,spline,5,1.0,0.5,0.5,,,,
A,30,15,120,spline,5,1.0,0.5,0.95,,,,
A,30,15,120,spline,5,1.0,1.0,0.3,,,,
A,30,15,120,spline,5,1.0,1.0,0.5,,,,
A,30,15,120,spline,5,1.0,1.0,0.95,,,,
A,30,15,125,breslow,3,0.0,0.0,0.3,,,,
A,30,15,125,breslow,3,0.0,0.0,0.5,,,,
A,30,15,125,breslow,3,0.0,0.0,0.95,,,,
A,30,15,125,breslow,3,0.0,0.5,0.3,,,,
A,30,15,125,breslow,3,0.0,0.5,0.5,,,,
A,30,15,125,breslow,3,0.0,0.5,0.95,,,,
A,30,15,125,breslow,3,0.0,1.0,0.3,,,,
A,30,15,125,breslow,3,0.0,1.0,0.5,,,,
A,30,15,125,breslow,3,0.0,1.0,0.95,,,,
A,30,15,125,breslow,3,0.1,0.0,0.3,7656.6062067800785,0.5433913312548058,34.807913697334484,51.080102932025056
A,30,15,125,breslow,3,0.1,0.0,0.5,7852.0165953931355,0.5414145065371027,34.84198282153746,51.197132673163296
A,30,15,125,breslow,3,0.1,0.0,0.95,,,,
A,30,15,125,breslow,3,0.1,0.5,0.3,7742.3705255797395,0.5429677909707138,34.821932188626064,51.10801204130461
A,30,15,125,breslow,3,0.1,0.5,0.5,7852.03916606796,0.5414133382478038,34.84299547976531,51.19821675670914
A,30,15,125,breslow,3,0.1,0.5,0.95,,,,
A,30,15,125,breslow,3,0.1,1.0,0.3,7742.3705255797395,0.5429677909707138,34.821932188626064,51.10801204130461
A,30,15,125,breslow,3,0.1,1.0,0.5,7852.03916606796,0.5414133382478038,34.84299547976531,51.19821675670914
A,30,15,125,breslow,3,0.1,1.0,0.95,,,,
A,30,15,125,breslow,3,1.0,0.0,0.3,7742.3705255797395,0.5429677909707138,34.821932188626064,51.10801204130461
A,30,15,125,breslow,3,1.0,0.0,0.5,7852.03916606796,0.5414133382478038,34.84299547976531,51.19821675670914
A,30,15,125,breslow,3,1.0,0.0,0.95,,,,
A,30,15,125,breslow,3,1.0,0.5,0.3,7742.3705255797395,0.5429677909707138,34.821932188626064,51.10801204130461
A,30,15,125,breslow,3,1.0,0.5,0.5,7852.03916606796,0.5414133382478038,34.84299547976531,51.19821675670914
A,30,15,125,breslow,3,1.0,0.5,0.95,,,,
A,30,15,125,breslow,3,1.0,1.0,0.3,7742.3705255797395,0.5429677909707138,34.821932188626064,51.10801204130461
A,30,15,125,breslow,3,1.0,1.0,0.5,7852.03916606796,0.5414133382478038,34.84299547976531,51.19821675670914
A,30,15,125,breslow,3,1.0,1.0,0.95,,,,
A,30,15,125,breslow,5,0.0,0.0,0.3,,,,
A,30,15,125,breslow,5,0.0,0.0,0.5,,,,
A,30,15,125,breslow,5,0.0,0.0,0.95,,,,
A,30,15,125,breslow,5,0.0,0.5,0.3,,,,
A,30,15,125,breslow,5,0.0,0.5,0.5,,,,
A,30,15,125,breslow,5,0.0,0.5,0.95,,,,
A,30,15,125,breslow,5,0.0,1.0,0.3,,,,
A,30,15,125,breslow,5,0.0,1.0,0.5,,,,
A,30,15,125,breslow,5,0.0,1.0,0.95,,,,
A,30,15,125,breslow,5,0.1,0.0,0.3,7656.6062067800785,0.5433913312548058,34.807913697334484,51.080102932025056
A,30,15,125,breslow,5,0.1,0.0,0.5,7852.0165953931355,0.5414145065371027,34.84198282153746,51.197132673163296
A,30,15,125,breslow,5,0.1,0.0,0.95,,,,
A,30,15,125,breslow,5,0.1,0.5,0.3,7742.3705255797395,0.5429677909707138,34.821932188626064,51.10801204130461
A,30,15,125,breslow,5,0.1,0.5,0.5,7852.03916606796,0.5414133382478038,34.84299547976531,51.19821675670914
A,30,15,125,breslow,5,0.1,0.5,0.95,,,,
A,30,15,125,breslow,5,0.1,1.0,0.3,7742.3705255797395,0.5429677909707138,34.821932188626064,51.10801204130461
A,30,15,125,breslow,5,0.1,1.0,0.5,7852.03916606796,0.5414133382478038,34.84299547976531,51.19821675670914
A,30,15,125,breslow,5,0.1,1.0,0.95,,,,
A,30,15,125,breslow,5,1.0,0.0,0.3,7742.3705255797395,0.5429677909707138,34.821932188626064,51.10801204130461
A,30,15,125,breslow,5,1.0,0.0,0.5,7852.03916606796,0.5414133382478038,34.84299547976531,51.19821675670914
A,30,15,125,breslow,5,1.0,0.0,0.95,,,,
A,30,15,125,breslow,5,1.0,0.5,0.3,7742.3705255797395,0.5429677909707138,34.821932188626064,51.10801204130461
A,30,15,125,breslow,5,1.0,0.5,0.5,7852.03916606796,0.5414133382478038,34.84299547976531,51.19821675670914
A,30,15,125,breslow,5,1.0,0.5,0.95,,,,
A,30,15,125,breslow,5,1.0,1.0,0.3,7742.3705255797395,0.5429677909707138,34.821932188626064,51.10801204130461
A,30,15,125,breslow,5,1.0,1.0,0.5,7852.03916606796,0.5414133382478038,34.84299547976531,51.19821675670914
A,30,15,125,breslow,5,1.0,1.0,0.95,,,,
A,30,15,125,spline,3,0.0,0.0,0.3,,,,
A,30,15,125,spline,3,0.0,0.0,0.5,,,,
A,30,15,125,spline,3,0.0,0.0,0.95,,,,
A,30,15,125,spline,3,0.0,0.5,0.3,,,,
A,30,15,125,spline,3,0.0,0.5,0.5,,,,
A,30,15,125,spline,3,0.0,0.5,0.95,,,,
A,30,15,125,spline,3,0.0,1.0,0.3,,,,
A,30,15,125,spline,3,0.0,1.0,0.5,,,,
A,30,15,125,spline,3,0.0,1.0,0.95,,,,
A,30,15,125,spline,3,0.1,0.0,0.3,,,,
A,30,15,125,spline,3,0.1,0.0,0.5,,,,
A,30,15,125,spline,3,0.1,0.0,0.95,,,,
A,30,15,125,spline,3,0.1,0.5,0.3,,,,
A,30,15,125,spline,3,0.1,0.5,0.5,,,,
A,30,15,125,spline,3,0.1,0.5,0.95,,,,
A,30,15,125,spline,3,0.1,1.0,0.3,,,,
A,30,15,125,spline,3,0.1,1.0,0.5,,,,
A,30,15,125,spline,3,0.1,1.0,0.95,,,,
A,30,15,125,spline,3,1.0,0.0,0.3,,,,
A,30,15,125,spline,3,1.0,0.0,0.5,,,,
A,30,15,125,spline,3,1.0,0.0,0.95,,,,
A,30,15,125,spline,3,1.0,0.5,0.3,,,,
A,30,15,125,spline,3,1.0,0.5,0.5,,,,
A,30,15,125,spline,3,1.0,0.5,0.95,,,,
A,30,15,125,spline,3,1.0,1.0,0.3,,,,
A,30,15,125,spline,3,1.0,1.0,0.5,,,,
A,30,15,125,spline,3,1.0,1.0,0.95,,,,
A,30,15,125,spline,5,0.0,0.0,0.3,,,,
A,30,15,125,spline,5,0.0,0.0,0.5,,,,
A,30,15,125,spline,5,0.0,0.0,0.95,,,,
A,30,15,125,spline,5,0.0,0.5,0.3,,,,
A,30,15,125,spline,5,0.0,0.5,0.5,,,,
A,30,15,125,spline,5,0.0,0.5,0.95,,,,
A,30,15,125,spline,5,0.0,1.0,0.3,,,,
A,30,15,125,spline,5,0.0,1.0,0.5,,,,
A,30,15,125,spline,5,0.0,1.0,0.95,,,,
A,30,15,125,spline,5,0.1,0.0,0.3,,,,
A,30,15,125,spline,5,0.1,0.0,0.5,,,,
A,30,15,125,spline,5,0.1,0.0,0.95,,,,
A,30,15,125,spline,5,0.1,0.5,0.3,,,,
A,30,15,125,spline,5,0.1,0.5,0.5,,,,
A,30,15,125,spline,5,0.1,0.5,0.95,,,,
A,30,15,125,spline,5,0.1,1.0,0.3,,,,
A,30,15,125,spline,5,0.1,1.0,0.5,,,,
A,30,15,125,spline,5,0.1,1.0,0.95,,,,
A,30,15,125,spline,5,1.0,0.0,0.3,,,,
A,30,15,125,spline,5,1.0,0.0,0.5,,,,
A,30,15,125,spline,5,1.0,0.0,0.95,,,,
A,30,15,125,spline,5,1.0,0.5,0.3,,,,
A,30,15,125,spline,5,1.0,0.5,0.5,,,,
A,30,15,125,spline,5,1.0,0.5,0.95,,,,
A,30,15,125,spline,5,1.0,1.0,0.3,,,,
A,30,15,125,spline,5,1.0,1.0,0.5,,,,
A,30,15,125,spline,5,1.0,1.0,0.95,,,,
A,30,20,115,breslow,3,0.0,0.0,0.3,,,,
A,30,20,115,breslow,3,0.0,0.0,0.5,,,,
A,30,20,115,breslow,3,0.0,0.0,0.95,,,,
A,30,20,115,breslow,3,0.0,0.5,0.3,,,,
A,30,20,115,breslow,3,0.0,0.5,0.5,,,,
A,30,20,115,breslow,3,0.0,0.5,0.95,,,,
A,30,20,115,breslow,3,0.0,1.0,0.3,,,,
A,30,20,115,breslow,3,0.0,1.0,0.5,,,,
A,30,20,115,breslow,3,0.0,1.0,0.95,,,,
A,30,20,115,breslow,3,0.1,0.0,0.3,7644.640853394708,0.5460440162519402,38.593601361483366,51.41552912813033
A,30,20,115,breslow,3,0.1,0.0,0.5,7839.224689169682,0.5438996735819236,38.64781832734269,51.54409736485483
A,30,20,115,breslow,3,0.1,0.0,0.95,,,,
A,30,20,115,breslow,3,0.1,0.5,0.3,7742.950720361092,0.5455272856355952,38.613741826921384,51.45252100240314
A,30,20,115,breslow,3,0.1,0.5,0.5,7852.646213841646,0.5438336798771475,38.651007649706195,51.54960895048252
A,30,20,115,breslow,3,0.1,0.5,0.95,,,,
A,30,20,115,breslow,3,0.1,1.0,0.3,7742.950720361092,0.5455272856355952,38.613741826921384,51.45252100240314
A,30,20,115,breslow,3,0.1,1.0,0.5,7852.646213841646,0.5438336798771475,38.651007649706195,51.54960895048252
A,30,20,115,breslow,3,0.1,1.0,0.95,,,,
A,30,20,115,breslow,3,1.0,0.0,0.3,7742.950720361092,0.5455272856355952,38.613741826921384,51.45252100240314
A,30,20,115,breslow,3,1.0,0.0,0.5,7852.646213841646,0.5438336798771475,38.651007649706195,51.54960895048252
A,30,20,115,breslow,3,1.0,0.0,0.95,,,,
A,30,20,115,breslow,3,1.0,0.5,0.3,7742.950720361092,0.5455272856355952,38.613741826921384,51.45252100240314
A,30,20,115,breslow,3,1.0,0.5,0.5,7852.646213841646,0.5438336798771475,38.651007649706195,51.54960895048252
A,30,20,115,breslow,3,1.0,0.5,0.95,,,,
A,30,20,115,breslow,3,1.0,1.0,0.3,7742.950720361092,0.5455272856355952,38.613741826921384,51.45252100240314
A,30,20,115,breslow,3,1.0,1.0,0.5,7852.646213841646,0.5438336798771475,38.651007649706195,51.54960895048252
A,30,20,115,breslow,3,1.0,1.0,0.95,,,,
A,30,20,115,breslow,5,0.0,0.0,0.3,,,,
A,30,20,115,breslow,5,0.0,0.0,0.5,,,,
A,30,20,115,breslow,5,0.0,0.0,0.95,,,,
A,30,20,115,breslow,5,0.0,0.5,0.3,,,,
A,30,20,115,breslow,5,0.0,0.5,0.5,,,,
A,30,20,115,breslow,5,0.0,0.5,0.95,,,,
A,30,20,115,breslow,5,0.0,1.0,0.3,,,,
A,30,20,115,breslow,5,0.0,1.0,0.5,,,,
A,30,20,115,breslow,5,0.0,1.0,0.95,,,,
A,30,20,115,breslow,5,0.1,0.0,0.3,7644.640853394708,0.5460440162519402,38.593601361483366,51.41552912813033
A,30,20,115,breslow,5,0.1,0.0,0.5,7839.224689169682,0.5438996735819236,38.64781832734269,51.54409736485483
A,30,20,115,breslow,5,0.1,0.0,0.95,,,,
A,30,20,115,breslow,5,0.1,0.5,0.3,7742.950720361092,0.5455272856355952,38.613741826921384,51.45252100240314
A,30,20,115,breslow,5,0.1,0.5,0.5,7852.646213841646,0.5438336798771475,38.651007649706195,51.54960895048252
A,30,20,115,breslow,5,0.1,0.5,0.95,,,,
A,30,20,115,breslow,5,0.1,1.0,0.3,7742.950720361092,0.5455272856355952,38.613741826921384,51.45252100240314
A,30,20,115,breslow,5,0.1,1.0,0.5,7852.646213841646,0.5438336798771475,38.651007649706195,51.54960895048252
A,30,20,115,breslow,5,0.1,1.0,0.95,,,,
A,30,20,115,breslow,5,1.0,0.0,0.3,7742.950720361092,0.5455272856355952,38.613741826921384,51.45252100240314
A,30,20,115,breslow,5,1.0,0.0,0.5,7852.646213841646,0.5438336798771475,38.651007649706195,51.54960895048252
A,30,20,115,breslow,5,1.0,0.0,0.95,,,,
A,30,20,115,breslow,5,1.0,0.5,0.3,7742.950720361092,0.5455272856355952,38.613741826921384,51.45252100240314
A,30,20,115,breslow,5,1.0,0.5,0.5,7852.646213841646,0.5438336798771475,38.651007649706195,51.54960895048252
A,30,20,115,breslow,5,1.0,0.5,0.95,,,,
A,30,20,115,breslow,5,1.0,1.0,0.3,7742.950720361092,0.5455272856355952,38.613741826921384,51.45252100240314
A,30,20,115,breslow,5,1.0,1.0,0.5,7852.646213841646,0.5438336798771475,38.651007649706195,51.54960895048252
A,30,20,115,breslow,5,1.0,1.0,0.95,,,,
A,30,20,115,spline,3,0.0,0.0,0.3,,,,
A,30,20,115,spline,3,0.0,0.0,0.5,,,,
A,30,20,115,spline,3,0.0,0.0,0.95,,,,
A,30,20,115,spline,3,0.0,0.5,0.3,,,,
A,30,20,115,spline,3,0.0,0.5,0.5,,,,
A,30,20,115,spline,3,0.0,0.5,0.95,,,,
A,30,20,115,spline,3,0.0,1.0,0.3,,,,
A,30,20,115,spline,3,0.0,1.0,0.5,,,,
A,30,20,115,spline,3,0.0,1.0,0.95,,,,
A,30,20,115,spline,3,0.1,0.0,0.3,,,,
A,30,20,115,spline,3,0.1,0.0,0.5,,,,
A,30,20,115,spline,3,0.1,0.0,0.95,,,,
A,30,20,115,spline,3,0.1,0.5,0.3,,,,
A,30,20,115,spline,3,0.1,0.5,0.5,,,,
A,30,20,115,spline,3,0.1,0.5,0.95,,,,
A,30,20,115,spline,3,0.1,1.0,0.3,,,,
A,30,20,115,spline,3,0.1,1.0,0.5,,,,
A,30,20,115,spline,3,0.1,1.0,0.95,,,,
A,30,20,115,spline,3,1.0,0.0,0.3,,,,
A,30,20,115,spline,3,1.0,0.0,0.5,,,,
A,30,20,115,spline,3,1.0,0.0,0.95,,,,
A,30,20,115,spline,3,1.0,0.5,0.3,,,,
A,30,20,115,spline,3,1.0,0.5,0.5,,,,
A,30,20,115,spline,3,1.0,0.5,0.95,,,,
A,30,20,115,spline,3,1.0,1.0,0.3,,,,
A,30,20,115,spline,3,1.0,1.0,0.5,,,,
A,30,20,115,spline,3,1.0,1.0,0.95,,,,
A,30,20,115,spline,5,0.0,0.0,0.3,,,,
A,30,20,115,spline,5,0.0,0.0,0.5,,,,
A,30,20,115,spline,5,0.0,0.0,0.95,,,,
A,30,20,115,spline,5,0.0,0.5,0.3,,,,
A,30,20,115,spline,5,0.0,0.5,0.5,,,,
A,30,20,115,spline,5,0.0,0.5,0.95,,,,
A,30,20,115,spline,5,0.0,1.0,0.3,,,,
A,30,20,115,spline,5,0.0,1.0,0.5,,,,
A,30,20,115,spline,5,0.0,1.0,0.95,,,,
A,30,20,115,spline,5,0.1,0.0,0.3,,,,
A,30,20,115,spline,5,0.1,0.0,0.5,,,,
A,30,20,115,spline,5,0.1,0.0,0.95,,,,
A,30,20,115,spline,5,0.1,0.5,0.3,,,,
A,30,20,115,spline,5,0.1,0.5,0.5,,,,
A,30,20,115,spline,5,0.1,0.5,0.95,,,,
A,30,20,115,spline,5,0.1,1.0,0.3,,,,
A,30,20,115,spline,5,0.1,1.0,0.5,,,,
A,30,20,115,spline,5,0.1,1.0,0.95,,,,
A,30,20,115,spline,5,1.0,0.0,0.3,,,,
A,30,20,115,spline,5,1.0,0.0,0.5,,,,
A,30,20,115,spline,5,1.0,0.0,0.95,,,,
A,30,20,115,spline,5,1.0,0.5,0.3,,,,
A,30,20,115,spline,5,1.0,0.5,0.5,,,,
A,30,20,115,spline,5,1.0,0.5,0.95,,,,
A,30,20,115,spline,5,1.0,1.0,0.3,,,,
A,30,20,115,spline,5,1.0,1.0,0.5,,,,
A,30,20,115,spline,5,1.0,1.0,0.95,,,,
A,30,20,120,breslow,3,0.0,0.0,0.3,,,,
A,30,20,120,breslow,3,0.0,0.0,0.5,,,,
A,30,20,120,breslow,3,0.0,0.0,0.95,,,,
A,30,20,120,breslow,3,0.0,0.5,0.3,,,,
A,30,20,120,breslow,3,0.0,0.5,0.5,,,,
A,30,20,120,breslow,3,0.0,0.5,0.95,,,,
A,30,20,120,breslow,3,0.0,1.0,0.3,,,,
A,30,20,120,breslow,3,0.0,1.0,0.5,,,,
A,30,20,120,breslow,3,0.0,1.0,0.95,,,,
A,30,20,120,breslow,3,0.1,0.0,0.3,7644.252310036204,0.544641244491096,36.61704487064115,51.14057846837253
A,30,20,120,breslow,3,0.1,0.0,0.5,7838.823366080689,0.5425842621842548,36.66316057067768,51.26591642674356
A,30,20,120,breslow,3,0.1,0.0,0.95,,,,
A,30,20,120,breslow,3,0.1,0.5,0.3,7742.562177002588,0.5441422279477907,36.63718533607917,51.177788892572245
A,30,20,120,breslow,3,0.1,0.5,0.5,7852.244890752654,0.5425205366442933,36.66634989304119,51.271459625474314
A,30,20,120,breslow,3,0.1,0.5,0.95,,,,
A,30,20,120,breslow,3,0.1,1.0,0.3,7742.562177002588,0.5441422279477907,36.63718533607917,51.177788892572245
A,30,20,120,breslow,3,0.1,1.0,0.5,7852.244890752654,0.5425205366442933,36.66634989304119,51.271459625474314
A,30,20,120,breslow,3,0.1,1.0,0.95,,,,
A,30,20,120,breslow,3,1.0,0.0,0.3,7742.562177002588,0.5441422279477907,36.63718533607917,51.177788892572245
A,30,20,120,breslow,3,1.0,0.0,0.5,7852.244890752654,0.5425205366442933,36.66634989304119,51.271459625474314
A,30,20,120,breslow,3,1.0,0.0,0.95,,,,
A,30,20,120,breslow,3,1.0,0.5,0.3,7742.562177002588,0.5441422279477907,36.63718533607917,51.177788892572245
A,30,20,120,breslow,3,1.0,0.5,0.5,7852.244890752654,0.5425205366442933,36.66634989304119,51.271459625474314
A,30,20,120,breslow,3,1.0,0.5,0.95,,,,
A,30,20,120,breslow,3,1.0,1.0,0.3,7742.562177002588,0.5441422279477907,36.63718533607917,51.177788892572245
A,30,20,120,breslow,3,1.0,1.0,0.5,7852.244890752654,0.5425205366442933,36.66634989304119,51.271459625474314
A,30,20,120,breslow,3,1.0,1.0,0.95,,,,
A,30,20,120,breslow,5,0.0,0.0,0.3,,,,
A,30,20,120,breslow,5,0.0,0.0,0.5,,,,
A,30,20,120,breslow,5,0.0,0.0,0.95,,,,
A,30,20,120,breslow,5,0.0,0.5,0.3,,,,
A,30,20,120,breslow,5,0.0,0.5,0.5,,,,
A,30,20,120,breslow,5,0.0,0.5,0.95,,,,
A,30,20,120,breslow,5,0.0,1.0,0.3,,,,
A,30,20,120,breslow,5,0.0,1.0,0.5,,,,
A,30,20,120,breslow,5,0.0,1.0,0.95,,,,
A,30,20,120,breslow,5,0.1,0.0,0.3,7644.252310036204,0.544641244491096,36.61704487064115,51.14057846837253
A,30,20,120,breslow,5,0.1,0.0,0.5,7838.823366080689,0.5425842621842548,36.66316057067768,51.26591642674356
A,30,20,120,breslow,5,0.1,0.0,0.95,,,,
A,30,20,120,breslow,5,0.1,0.5,0.3,7742.562177002588,0.5441422279477907,36.63718533607917,51.177788892572245
A,30,20,120,breslow,5,0.1,0.5,0.5,7852.244890752654,0.5425205366442933,36.66634989304119,51.271459625474314
A,30,20,120,breslow,5,0.1,0.5,0.95,,,,
A,30,20,120,breslow,5,0.1,1.0,0.3,7742.562177002588,0.5441422279477907,36.63718533607917,51.177788892572245
A,30,20,120,breslow,5,0.1,1.0,0.5,7852.244890752654,0.5425205366442933,36.66634989304119,51.271459625474314
A,30,20,120,breslow,5,0.1,1.0,0.95,,,,
A,30,20,120,breslow,5,1.0,0.0,0.3,7742.562177002588,0.5441422279477907,36.63718533607917,51.177788892572245
A,30,20,120,breslow,5,1.0,0.0,0.5,7852.244890752654,0.5425205366442933,36.66634989304119,51.271459625474314
A,30,20,120,breslow,5,1.0,0.0,0.95,,,,
A,30,20,120,breslow,5,1.0,0.5,0.3,7742.562177002588,0.5441422279477907,36.63718533607917,51.177788892572245
A,30,20,120,breslow,5,1.0,0.5,0.5,7852.244890752654,0.5425205366442933,36.66634989304119,51.271459625474314
A,30,20,120,breslow,5,1.0,0.5,0.95,,,,
A,30,20,120,breslow,5,1.0,1.0,0.3,7742.562177002588,0.5441422279477907,36.63718533607917,51.177788892572245
A,30,20,120,breslow,5,1.0,1.0,0.5,7852.244890752654,0.5425205366442933,36.66634989304119,51.271459625474314
A,30,20,120,breslow,5,1.0,1.0,0.95,,,,
A,30,20,120,spline,3,0.0,0.0,0.3,,,,
A,30,20,120,spline,3,0.0,0.0,0.5,,,,
A,30,20,120,spline,3,0.0,0.0,0.95,,,,
A,30,20,120,spline,3,0.0,0.5,0.3,,,,
A,30,20,120,spline,3,0.0,0.5,0.5,,,,
A,30,20,120,spline,3,0.0,0.5,0.95,,,,
A,30,20,120,spline,3,0.0,1.0,0.3,,,,
A,30,20,120,spline,3,0.0,1.0,0.5,,,,
A,30,20,120,spline,3,0.0,1.0,0.95,,,,
A,30,20,120,spline,3,0.1,0.0,0.3,,,,
A,30,20,120,spline,3,0.1,0.0,0.5,,,,
A,30,20,120,spline,3,0.1,0.0,0.95,,,,
A,30,20,120,spline,3,0.1,0.5,0.3,,,,
A,30,20,120,spline,3,0.1,0.5,0.5,,,,
A,30,20,120,spline,3,0.1,0.5,0.95,,,,
A,30,20,120,spline,3,0.1,1.0,0.3,,,,
A,30,20,120,spline,3,0.1,1.0,0.5,,,,
A,30,20,120,spline,3,0.1,1.0,0.95,,,,
A,30,20,120,spline,3,1.0,0.0,0.3,,,,
A,30,20,120,spline,3,1.0,0.0,0.5,,,,
A,30,20,120,spline,3,1.0,0.0,0.95,,,,
A,30,20,120,spline,3,1.0,0.5,0.3,,,,
A,30,20,120,spline,3,1.0,0.5,0.5,,,,
A,30,20,120,spline,3,1.0,0.5,0.95,,,,
A,30,20,120,spline,3,1.0,1.0,0.3,,,,
A,30,20,120,spline,3,1.0,1.0,0.5,,,,
A,30,20,120,spline,3,1.0,1.0,0.95,,,,
A,30,20,120,spline,5,0.0,0.0,0.3,,,,
A,30,20,120,spline,5,0.0,0.0,0.5,,,,
A,30,20,120,spline,5,0.0,0.0,0.95,,,,
A,30,20,120,spline,5,0.0,0.5,0.3,,,,
A,30,20,120,spline,5,0.0,0.5,0.5,,,,
A,30,20,120,spline,5,0.0,0.5,0.95,,,,
A,30,20,120,spline,5,0.0,1.0,0.3,,,,
A,30,20,120,spline,5,0.0,1.0,0.5,,,,
A,30,20,120,spline,5,0.0,1.0,0.95,,,,
A,30,20,120,spline,5,0.1,0.0,0.3,,,,
A,30,20,120,spline,5,0.1,0.0,0.5,,,,
A,30,20,120,spline,5,0.1,0.0,0.95,,,,
A,30,20,120,spline,5,0.1,0.5,0.3,,,,
A,30,20,120,spline,5,0.1,0.5,0.5,,,,
A,30,20,120,spline,5,0.1,0.5,0.95,,,,
A,30,20,120,spline,5,0.1,1.0,0.3,,,,
A,30,20,120,spline,5,0.1,1.0,0.5,,,,
A,30,20,120,spline,5,0.1,1.0,0.95,,,,
A,30,20,120,spline,5,1.0,0.0,0.3,,,,
A,30,20,120,spline,5,1.0,0.0,0.5,,,,
A,30,20,120,spline,5,1.0,0.0,0.95,,,,
A,30,20,120,spline,5,1.0,0.5,0.3,,,,
A,30,20,120,spline,5,1.0,0.5,0.5,,,,
A,30,20,120,spline,5,1.0,0.5,0.95,,,,
A,30,20,120,spline,5,1.0,1.0,0.3,,,,
A,30,20,120,spline,5,1.0,1.0,0.5,,,,
A,30,20,120,spline,5,1.0,1.0,0.95,,,,
A,30,20,125,breslow,3,0.0,0.0,0.3,,,,
A,30,20,125,breslow,3,0.0,0.0,0.5,,,,
A,30,20,125,breslow,3,0.0,0.0,0.95,,,,
A,30,20,125,breslow,3,0.0,0.5,0.3,,,,
A,30,20,125,breslow,3,0.0,0.5,0.5,,,,
A,30,20,125,breslow,3,0.0,0.5,0.95,,,,
A,30,20,125,breslow,3,0.0,1.0,0.3,,,,
A,30,20,125,breslow,3,0.0,1.0,0.5,,,,
A,30,20,125,breslow,3,0.0,1.0,0.95,,,,
A,30,20,125,breslow,3,0.1,0.0,0.3,7644.060658613354,0.5434523720672286,34.801791723188046,51.07073781074792
A,30,20,125,breslow,3,0.1,0.0,0.5,7838.617641395994,0.5414752129863367,34.839806157401796,51.1926650633808
A,30,20,125,breslow,3,0.1,0.0,0.95,,,,
A,30,20,125,breslow,3,0.1,0.5,0.3,7742.3705255797395,0.5429677909707138,34.821932188626064,51.10801204130461
A,30,20,125,breslow,3,0.1,0.5,0.5,7852.03916606796,0.5414133382478038,34.84299547976531,51.19821675670914
A,30,20,125,breslow,3,0.1,0.5,0.95,,,,
A,30,20,125,breslow,3,0.1,1.0,0.3,7742.3705255797395,0.5429677909707138,34.821932188626064,51.10801204130461
A,30,20,125,breslow,3,0.1,1.0,0.5,7852.03916606796,0.5414133382478038,34.84299547976531,51.19821675670914
A,30,20,125,breslow,3,0.1,1.0,0.95,,,,
A,30,20,125,breslow,3,1.0,0.0,0.3,7742.3705255797395,0.5429677909707138,34.821932188626064,51.10801204130461
A,30,20,125,breslow,3,1.0,0.0,0.5,7852.03916606796,0.5414133382478038,34.84299547976531,51.19821675670914
A,30,20,125,breslow,3,1.0,0.0,0.95,,,,
A,30,20,125,breslow,3,1.0,0.5,0.3,7742.3705255797395,0.5429677909707138,34.821932188626064,51.10801204130461
A,30,20,125,breslow,3,1.0,0.5,0.5,7852.03916606796,0.5414133382478038,34.84299547976531,51.19821675670914
A,30,20,125,breslow,3,1.0,0.5,0.95,,,,
A,30,20,125,breslow,3,1.0,1.0,0.3,7742.3705255797395,0.5429677909707138,34.821932188626064,51.10801204130461
A,30,20,125,breslow,3,1.0,1.0,0.5,7852.03916606796,0.5414133382478038,34.84299547976531,51.19821675670914
A,30,20,125,breslow,3,1.0,1.0,0.95,,,,
A,30,20,125,breslow,5,0.0,0.0,0.3,,,,
A,30,20,125,breslow,5,0.0,0.0,0.5,,,,
A,30,20,125,breslow,5,0.0,0.0,0.95,,,,
A,30,20,125,breslow,5,0.0,0.5,0.3,,,,
A,30,20,125,breslow,5,0.0,0.5,0.5,,,,
A,30,20,125,breslow,5,0.0,0.5,0.95,,,,
A,30,20,125,breslow,5,0.0,1.0,0.3,,,,
A,30,20,125,breslow,5,0.0,1.0,0.5,,,,
A,30,20,125,breslow,5,0.0,1.0,0.95,,,,
A,30,20,125,breslow,5,0.1,0.0,0.3,7644.060658613354,0.5434523720672286,34.801791723188046,51.07073781074792
A,30,20,125,breslow,5,0.1,0.0,0.5,7838.617641395994,0.5414752129863367,34.839806157401796,51.1926650633808
A,30,20,125,breslow,5,0.1,0.0,0.95,,,,
A,30,20,125,breslow,5,0.1,0.5,0.3,7742.3705255797395,0.5429677909707138,34.821932188626064,51.10801204130461
A,30,20,125,breslow,5,0.1,0.5,0.5,7852.03916606796,0.5414133382478038,34.84299547976531,51.19821675670914
A,30,20,125,breslow,5,0.1,0.5,0.95,,,,
A,30,20,125,breslow,5,0.1,1.0,0.3,7742.3705255797395,0.5429677909707138,34.821932188626064,51.10801204130461
A,30,20,125,breslow,5,0.1,1.0,0.5,7852.03916606796,0.5414133382478038,34.84299547976531,51.19821675670914
A,30,20,125,breslow,5,0.1,1.0,0.95,,,,
A,30,20,125,breslow,5,1.0,0.0,0.3,7742.3705255797395,0.5429677909707138,34.821932188626064,51.10801204130461
A,30,20,125,breslow,5,1.0,0.0,0.5,7852.03916606796,0.5414133382478038,34.84299547976531,51.19821675670914
A,30,20,125,breslow,5,1.0,0.0,0.95,,,,
A,30,20,125,breslow,5,1.0,0.5,0.3,7742.3705255797395,0.5429677909707138,34.821932188626064,51.10801204130461
A,30,20,125,breslow,5,1.0,0.5,0.5,7852.03916606796,0.5414133382478038,34.84299547976531,51.19821675670914
A,30,20,125,breslow,5,1.0,0.5,0.95,,,,
A,30,20,125,breslow,5,1.0,1.0,0.3,7742.3705255797395,0.5429677909707138,34.821932188626064,51.10801204130461
A,30,20,125,breslow,5,1.0,1.0,0.5,7852.03916606796,0.5414133382478038,34.84299547976531,51.19821675670914
A,30,20,125,breslow,5,1.0,1.0,0.95,,,,
A,30,20,125,spline,3,0.0,0.0,0.3,,,,
A,30,20,125,spline,3,0.0,0.0,0.5,,,,
A,30,20,125,spline,3,0.0,0.0,0.95,,,,
A,30,20,125,spline,3,0.0,0.5,0.3,,,,
A,30,20,125,spline,3,0.0,0.5,0.5,,,,
A,30,20,125,spline,3,0.0,0.5,0.95,,,,
A,30,20,125,spline,3,0.0,1.0,0.3,,,,
A,30,20,125,spline,3,0.0,1.0,0.5,,,,
A,30,20,125,spline,3,0.0,1.0,0.95,,,,
A,30,20,125,spline,3,0.1,0.0,0.3,,,,
A,30,20,125,spline,3,0.1,0.0,0.5,,,,
A,30,20,125,spline,3,0.1,0.0,0.95,,,,
A,30,20,125,spline,3,0.1,0.5,0.3,,,,
A,30,20,125,spline,3,0.1,0.5,0.5,,,,
A,30,20,125,spline,3,0.1,0.5,0.95,,,,
A,30,20,125,spline,3,0.1,1.0,0.3,,,,
A,30,20,125,spline,3,0.1,1.0,0.5,,,,
A,30,20,125,spline,3,0.1,1.0,0.95,,,,
A,30,20,125,spline,3,1.0,0.0,0.3,,,,
A,30,20,125,spline,3,1.0,0.0,0.5,,,,
A,30,20,125,spline,3,1.0,0.0,0.95,,,,
A,30,20,125,spline,3,1.0,0.5,0.3,,,,
A,30,20,125,spline,3,1.0,0.5,0.5,,,,
A,30,20,125,spline,3,1.0,0.5,0.95,,,,
A,30,20,125,spline,3,1.0,1.0,0.3,,,,
A,30,20,125,spline,3,1.0,1.0,0.5,,,,
A,30,20,125,spline,3,1.0,1.0,0.95,,,,
A,30,20,125,spline,5,0.0,0.0,0.3,,,,
A,30,20,125,spline,5,0.0,0.0,0.5,,,,
A,30,20,125,spline,5,0.0,0.0,0.95,,,,
A,30,20,125,spline,5,0.0,0.5,0.3,,,,
A,30,20,125,spline,5,0.0,0.5,0.5,,,,
A,30,20,125,spline,5,0.0,0.5,0.95,,,,
A,30,20,125,spline,5,0.0,1.0,0.3,,,,
A,30,20,125,spline,5,0.0,1.0,0.5,,,,
A,30,20,125,spline,5,0.0,1.0,0.95,,,,
A,30,20,125,spline,5,0.1,0.0,0.3,,,,
A,30,20,125,spline,5,0.1,0.0,0.5,,,,
A,30,20,125,spline,5,0.1,0.0,0.95,,,,
A,30,20,125,spline,5,0.1,0.5,0.3,,,,
A,30,20,125,spline,5,0.1,0.5,0.5,,,,
A,30,20,125,spline,5,0.1,0.5,0.95,,,,
A,30,20,125,spline,5,0.1,1.0,0.3,,,,
A,30,20,125,spline,5,0.1,1.0,0.5,,,,
A,30,20,125,spline,5,0.1,1.0,0.95,,,,
A,30,20,125,spline,5,1.0,0.0,0.3,,,,
A,30,20,125,spline,5,1.0,0.0,0.5,,,,
A,30,20,125,spline,5,1.0,0.0,0.95,,,,
A,30,20,125,spline,5,1.0,0.5,0.3,,,,
A,30,20,125,spline,5,1.0,0.5,0.5,,,,
A,30,20,125,spline,5,1.0,0.5,0.95,,,,
A,30,20,125,spline,5,1.0,1.0,0.3,,,,
A,30,20,125,spline,5,1.0,1.0,0.5,,,,
A,30,20,125,spline,5,1.0,1.0,0.95,,,,
B,20,10,115,breslow,3,0.0,0.0,0.3,,,,
B,20,10,115,breslow,3,0.0,0.0,0.5,,,,
B,20,10,115,breslow,3,0.0,0.0,0.95,,,,
B,20,10,115,breslow,3,0.0,0.5,0.3,,,,
B,20,10,115,breslow,3,0.0,0.5,0.5,,,,
B,20,10,115,breslow,3,0.0,0.5,0.95,,,,
B,20,10,115,breslow,3,0.0,1.0,0.3,,,,
B,20,10,115,breslow,3,0.0,1.0,0.5,,,,
B,20,10,115,breslow,3,0.0,1.0,0.95,,,,
B,20,10,115,breslow,3,0.1,0.0,0.3,7230.909801249574,0.5460624476310463,36.72146837840863,49.78743735657995
B,20,10,115,breslow,3,0.1,0.0,0.5,7333.347190314154,0.5442920775031949,36.758064123089476,49.88242254464081
B,20,10,115,breslow,3,0.1,0.0,0.95,,,,
B,20,10,115,breslow,3,0.1,0.5,0.3,7230.912864250752,0.5460325478352379,36.72326506871595,49.78873406985973
B,20,10,115,breslow,3,0.1,0.5,0.5,7333.347190314154,0.5442920775031949,36.758064123089476,49.88242254464081
B,20,10,115,breslow,3,0.1,0.5,0.95,,,,
B,20,10,115,breslow,3,0.1,1.0,0.3,7230.912864250752,0.5460325478352379,36.72326506871595,49.78873406985973
B,20,10,115,breslow,3,0.1,1.0,0.5,7333.347190314154,0.5442920775031949,36.758064123089476,49.88242254464081
B,20,10,115,breslow,3,0.1,1.0,0.95,,,,
B,20,10,115,breslow,3,1.0,0.0,0.3,7230.912864250752,0.5460325478352379,36.72326506871595,49.78873406985973
B,20,10,115,breslow,3,1.0,0.0,0.5,7333.347190314154,0.5442920775031949,36.758064123089476,49.88242254464081
B,20,10,115,breslow,3,1.0,0.0,0.95,,,,
B,20,10,115,breslow,3,1.0,0.5,0.3,7230.912864250752,0.5460325478352379,36.72326506871595,49.78873406985973
B,20,10,115,breslow,3,1.0,0.5,0.5,7333.347190314154,0.5442920775031949,36.758064123089476,49.88242254464081
B,20,10,115,breslow,3,1.0,0.5,0.95,,,,
B,20,10,115,breslow,3,1.0,1.0,0.3,7230.912864250752,0.5460325478352379,36.72326506871595,49.78873406985973
B,20,10,115,breslow,3,1.0,1.0,0.5,7333.347190314154,0.5442920775031949,36.758064123089476,49.88242254464081
B,20,10,115,breslow,3,1.0,1.0,0.95,,,,
B,20,10,115,breslow,5,0.0,0.0,0.3,,,,
B,20,10,115,breslow,5,0.0,0.0,0.5,,,,
B,20,10,115,breslow,5,0.0,0.0,0.95,,,,
B,20,10,115,breslow,5,0.0,0.5,0.3,,,,
B,20,10,115,breslow,5,0.0,0.5,0.5,,,,
B,20,10,115,breslow,5,0.0,0.5,0.95,,,,
B,20,10,115,breslow,5,0.0,1.0,0.3,,,,
B,20,10,115,breslow,5,0.0,1.0,0.5,,,,
B,20,10,115,breslow,5,0.0,1.0,0.95,,,,
B,20,10,115,breslow,5,0.1,0.0,0.3,7230.909801249574,0.5460624476310463,36.72146837840863,49.78743735657995
B,20,10,115,breslow,5,0.1,0.0,0.5,7333.347190314154,0.5442920775031949,36.758064123089476,49.88242254464081
B,20,10,115,breslow,5,0.1,0.0,0.95,,,,
B,20,10,115,breslow,5,0.1,0.5,0.3,7230.912864250752,0.5460325478352379,36.72326506871595,49.78873406985973
B,20,10,115,breslow,5,0.1,0.5,0.5,7333.347190314154,0.5442920775031949,36.758064123089476,49.88242254464081
B,20,10,115,breslow,5,0.1,0.5,0.95,,,,
B,20,10,115,breslow,5,0.1,1.0,0.3,7230.912864250752,0.5460325478352379,36.72326506871595,49.78873406985973
B,20,10,115,breslow,5,0.1,1.0,0.5,7333.347190314154,0.5442920775031949,36.758064123089476,49.88242254464081
B,20,10,115,breslow,5,0.1,1.0,0.95,,,,
B,20,10,115,breslow,5,1.0,0.0,0.3,7230.912864250752,0.5460325478352379,36.72326506871595,49.78873406985973
B,20,10,115,breslow,5,1.0,0.0,0.5,7333.347190314154,0.5442920775031949,36.758064123089476,49.88242254464081
B,20,10,115,breslow,5,1.0,0.0,0.95,,,,
B,20,10,115,breslow,5,1.0,0.5,0.3,7230.912864250752,0.5460325478352379,36.72326506871595,49.78873406985973
B,20,10,115,breslow,5,1.0,0.5,0.5,7333.347190314154,0.5442920775031949,36.758064123089476,49.88242254464081
B,20,10,115,breslow,5,1.0,0.5,0.95,,,,
B,20,10,115,breslow,5,1.0,1.0,0.3,7230.912864250752,0.5460325478352379,36.72326506871595,49.78873406985973
B,20,10,115,breslow,5,1.0,1.0,0.5,7333.347190314154,0.5442920775031949,36.758064123089476,49.88242254464081
B,20,10,115,breslow,5,1.0,1.0,0.95,,,,
B,20,10,115,spline,3,0.0,0.0,0.3,,,,
B,20,10,115,spline,3,0.0,0.0,0.5,,,,
B,20,10,115,spline,3,0.0,0.0,0.95,,,,
B,20,10,115,spline,3,0.0,0.5,0.3,,,,
B,20,10,115,spline,3,0.0,0.5,0.5,,,,
B,20,10,115,spline,3,0.0,0.5,0.95,,,,
B,20,10,115,spline,3,0.0,1.0,0.3,,,,
B,20,10,115,spline,3,0.0,1.0,0.5,,,,
B,20,10,115,spline,3,0.0,1.0,0.95,,,,
B,20,10,115,spline,3,0.1,0.0,0.3,,,,
B,20,10,115,spline,3,0.1,0.0,0.5,,,,
B,20,10,115,spline,3,0.1,0.0,0.95,,,,
B,20,10,115,spline,3,0.1,0.5,0.3,,,,
B,20,10,115,spline,3,0.1,0.5,0.5,,,,
B,20,10,115,spline,3,0.1,0.5,0.95,,,,
B,20,10,115,spline,3,0.1,1.0,0.3,,,,
B,20,10,115,spline,3,0.1,1.0,0.5,,,,
B,20,10,115,spline,3,0.1,1.0,0.95,,,,
B,20,10,115,spline,3,1.0,0.0,0.3,,,,
B,20,10,115,spline,3,1.0,0.0,0.5,,,,
B,20,10,115,spline,3,1.0,0.0,0.95,,,,
B,20,10,115,spline,3,1.0,0.5,0.3,,,,
B,20,10,115,spline,3,1.0,0.5,0.5,,,,
B,20,10,115,spline,3,1.0,0.5,0.95,,,,
B,20,10,115,spline,3,1.0,1.0,0.3,,,,
B,20,10,115,spline,3,1.0,1.0,0.5,,,,
B,20,10,115,spline,3,1.0,1.0,0.95,,,,
B,20,10,115,spline,5,0.0,0.0,0.3,,,,
B,20,10,115,spline,5,0.0,0.0,0.5,,,,
B,20,10,115,spline,5,0.0,0.0,0.95,,,,
B,20,10,115,spline,5,0.0,0.5,0.3,,,,
B,20,10,115,spline,5,0.0,0.5,0.5,,,,
B,20,10,115,spline,5,0.0,0.5,0.95,,,,
B,20,10,115,spline,5,0.0,1.0,0.3,,,,
B,20,10,115,spline,5,0.0,1.0,0.5,,,,
B,20,10,115,spline,5,0.0,1.0,0.95,,,,
B,20,10,115,spline,5,0.1,0.0,0.3,,,,
B,20,10,115,spline,5,0.1,0.0,0.5,,,,
B,20,10,115,spline,5,0.1,0.0,0.95,,,,
B,20,10,115,spline,5,0.1,0.5,0.3,,,,
B,20,10,115,spline,5,0.1,0.5,0.5,,,,
B,20,10,115,spline,5,0.1,0.5,0.95,,,,
B,20,10,115,spline,5,0.1,1.0,0.3,,,,
B,20,10,115,spline,5,0.1,1.0,0.5,,,,
B,20,10,115,spline,5,0.1,1.0,0.95,,,,
B,20,10,115,spline,5,1.0,0.0,0.3,,,,
B,20,10,115,spline,5,1.0,0.0,0.5,,,,
B,20,10,115,spline,5,1.0,0.0,0.95,,,,
B,20,10,115,spline,5,1.0,0.5,0.3,,,,
B,20,10,115,spline,5,1.0,0.5,0.5,,,,
B,20,10,115,spline,5,1.0,0.5,0.95,,,,
B,20,10,115,spline,5,1.0,1.0,0.3,,,,
B,20,10,115,spline,5,1.0,1.0,0.5,,,,
B,20,10,115,spline,5,1.0,1.0,0.95,,,,
B,20,10,120,breslow,3,0.0,0.0,0.3,,,,
B,20,10,120,breslow,3,0.0,0.0,0.5,,,,
B,20,10,120,breslow,3,0.0,0.0,0.95,,,,
B,20,10,120,breslow,3,0.0,0.5,0.3,,,,
B,20,10,120,breslow,3,0.0,0.5,0.5,,,,
B,20,10,120,breslow,3,0.0,0.5,0.95,,,,
B,20,10,120,breslow,3,0.0,1.0,0.3,,,,
B,20,10,120,breslow,3,0.0,1.0,0.5,,,,
B,20,10,120,breslow,3,0.0,1.0,0.95,,,,
B,20,10,120,breslow,3,0.1,0.0,0.3,7230.476484940273,0.5445717999619001,34.549868491576845,49.47272555303219
B,20,10,120,breslow,3,0.1,0.0,0.5,7332.902686069021,0.5428779793535482,34.578899224437365,49.564677783387346
B,20,10,120,breslow,3,0.1,0.0,0.95,,,,
B,20,10,120,breslow,3,0.1,0.5,0.3,7230.480293796501,0.5445412032071906,34.55166518188418,49.474194062061066
B,20,10,120,breslow,3,0.1,0.5,0.5,7332.902686069021,0.5428779793535482,34.578899224437365,49.564677783387346
B,20,10,120,breslow,3,0.1,0.5,0.95,,,,
B,20,10,120,breslow,3,0.1,1.0,0.3,7230.480293796501,0.5445412032071906,34.55166518188418,49.474194062061066
B,20,10,120,breslow,3,0.1,1.0,0.5,7332.902686069021,0.5428779793535482,34.578899224437365,49.564677783387346
B,20,10,120,breslow,3,0.1,1.0,0.95,,,,
B,20,10,120,breslow,3,1.0,0.0,0.3,7230.480293796501,0.5445412032071906,34.55166518188418,49.474194062061066
B,20,10,120,breslow,3,1.0,0.0,0.5,7332.902686069021,0.5428779793535482,34.578899224437365,49.564677783387346
B,20,10,120,breslow,3,1.0,0.0,0.95,,,,
B,20,10,120,breslow,3,1.0,0.5,0.3,7230.480293796501,0.5445412032071906,34.55166518188418,49.474194062061066
B,20,10,120,breslow,3,1.0,0.5,0.5,7332.902686069021,0.5428779793535482,34.578899224437365,49.564677783387346
B,20,10,120,breslow,3,1.0,0.5,0.95,,,,
B,20,10,120,breslow,3,1.0,1.0,0.3,7230.480293796501,0.5445412032071906,34.55166518188418,49.474194062061066
B,20,10,120,breslow,3,1.0,1.0,0.5,7332.902686069021,0.5428779793535482,34.578899224437365,49.564677783387346
B,20,10,120,breslow,3,1.0,1.0,0.95,,,,
B,20,10,120,breslow,5,0.0,0.0,0.3,,,,
B,20,10,120,breslow,5,0.0,0.0,0.5,,,,
B,20,10,120,breslow,5,0.0,0.0,0.95,,,,
B,20,10,120,breslow,5,0.0,0.5,0.3,,,,
B,20,10,120,breslow,5,0.0,0.5,0.5,,,,
B,20,10,120,breslow,5,0.0,0.5,0.95,,,,
B,20,10,120,breslow,5,0.0,1.0,0.3,,,,
B,20,10,120,breslow,5,0.0,1.0,0.5,,,,
B,20,10,120,breslow,5,0.0,1.0,0.95,,,,
B,20,10,120,breslow,5,0.1,0.0,0.3,7230.476484940273,0.5445717999619001,34.549868491576845,49.47272555303219
B,20,10,120,breslow,5,0.1,0.0,0.5,7332.902686069021,0.5428779793535482,34.578899224437365,49.564677783387346
B,20,10,120,breslow,5,0.1,0.0,0.95,,,,
B,20,10,120,breslow,5,0.1,0.5,0.3,7230.480293796501,0.5445412032071906,34.55166518188418,49.474194062061066
B,20,10,120,breslow,5,0.1,0.5,0.5,7332.902686069021,0.5428779793535482,34.578899224437365,49.564677783387346
B,20,10,120,breslow,5,0.1,0.5,0.95,,,,
B,20,10,120,breslow,5,0.1,1.0,0.3,7230.480293796501,0.5445412032071906,34.55166518188418,49.474194062061066
B,20,10,120,breslow,5,0.1,1.0,0.5,7332.902686069021,0.5428779793535482,34.578899224437365,49.564677783387346
B,20,10,120,breslow,5,0.1,1.0,0.95,,,,
B,20,10,120,breslow,5,1.0,0.0,0.3,7230.480293796501,0.5445412032071906,34.55166518188418,49.474194062061066
B,20,10,120,breslow,5,1.0,0.0,0.5,7332.902686069021,0.5428779793535482,34.578899224437365,49.564677783387346
B,20,10,120,breslow,5,1.0,0.0,0.95,,,,
B,20,10,120,breslow,5,1.0,0.5,0.3,7230.480293796501,0.5445412032071906,34.55166518188418,49.474194062061066
B,20,10,120,breslow,5,1.0,0.5,0.5,7332.902686069021,0.5428779793535482,34.578899224437365,49.564677783387346
B,20,10,120,breslow,5,1.0,0.5,0.95,,,,
B,20,10,120,breslow,5,1.0,1.0,0.3,7230.480293796501,0.5445412032071906,34.55166518188418,49.474194062061066
B,20,10,120,breslow,5,1.0,1.0,0.5,7332.902686069021,0.5428779793535482,34.578899224437365,49.564677783387346
B,20,10,120,breslow,5,1.0,1.0,0.95,,,,
B,20,10,120,spline,3,0.0,0.0,0.3,,,,
B,20,10,120,spline,3,0.0,0.0,0.5,,,,
B,20,10,120,spline,3,0.0,0.0,0.95,,,,
B,20,10,120,spline,3,0.0,0.5,0.3,,,,
B,20,10,120,spline,3,0.0,0.5,0.5,,,,
B,20,10,120,spline,3,0.0,0.5,0.95,,,,
B,20,10,120,spline,3,0.0,1.0,0.3,,,,
B,20,10,120,spline,3,0.0,1.0,0.5,,,,
B,20,10,120,spline,3,0.0,1.0,0.95,,,,
B,20,10,120,spline,3,0.1,0.0,0.3,,,,
B,20,10,120,spline,3,0.1,0.0,0.5,,,,
B,20,10,120,spline,3,0.1,0.0,0.95,,,,
B,20,10,120,spline,3,0.1,0.5,0.3,,,,
B,20,10,120,spline,3,0.1,0.5,0.5,,,,
B,20,10,120,spline,3,0.1,0.5,0.95,,,,
B,20,10,120,spline,3,0.1,1.0,0.3,,,,
B,20,10,120,spline,3,0.1,1.0,0.5,,,,
B,20,10,120,spline,3,0.1,1.0,0.95,,,,
B,20,10,120,spline,3,1.0,0.0,0.3,,,,
B,20,10,120,spline,3,1.0,0.0,0.5,,,,
B,20,10,120,spline,3,1.0,0.0,0.95,,,,
B,20,10,120,spline,3,1.0,0.5,0.3,,,,
B,20,10,120,spline,3,1.0,0.5,0.5,,,,
B,20,10,120,spline,3,1.0,0.5,0.95,,,,
B,20,10,120,spline,3,1.0,1.0,0.3,,,,
B,20,10,120,spline,3,1.0,1.0,0.5,,,,
B,20,10,120,spline,3,1.0,1.0,0.95,,,,
B,20,10,120,spline,5,0.0,0.0,0.3,,,,
B,20,10,120,spline,5,0.0,0.0,0.5,,,,
B,20,10,120,spline,5,0.0,0.0,0.95,,,,
B,20,10,120,spline,5,0.0,0.5,0.3,,,,
B,20,10,120,spline,5,0.0,0.5,0.5,,,,
B,20,10,120,spline,5,0.0,0.5,0.95,,,,
B,20,10,120,spline,5,0.0,1.0,0.3,,,,
B,20,10,120,spline,5,0.0,1.0,0.5,,,,
B,20,10,120,spline,5,0.0,1.0,0.95,,,,
B,20,10,120,spline,5,0.1,0.0,0.3,,,,
B,20,10,120,spline,5,0.1,0.0,0.5,,,,
B,20,10,120,spline,5,0.1,0.0,0.95,,,,
B,20,10,120,spline,5,0.1,0.5,0.3,,,,
B,20,10,120,spline,5,0.1,0.5,0.5,,,,
B,20,10,120,spline,5,0.1,0.5,0.95,,,,
B,20,10,120,spline,5,0.1,1.0,0.3,,,,
B,20,10,120,spline,5,0.1,1.0,0.5,,,,
B,20,10,120,spline,5,0.1,1.0,0.95,,,,
B,20,10,120,spline,5,1.0,0.0,0.3,,,,
B,20,10,120,spline,5,1.0,0.0,0.5,,,,
B,20,10,120,spline,5,1.0,0.0,0.95,,,,
B,20,10,120,spline,5,1.0,0.5,0.3,,,,
B,20,10,120,spline,5,1.0,0.5,0.5,,,,
B,20,10,120,spline,5,1.0,0.5,0.95,,,,
B,20,10,120,spline,5,1.0,1.0,0.3,,,,
B,20,10,120,spline,5,1.0,1.0,0.5,,,,
B,20,10,120,spline,5,1.0,1.0,0.95,,,,
B,20,10,125,breslow,3,0.0,0.0,0.3,,,,
B,20,10,125,breslow,3,0.0,0.0,0.5,,,,
B,20,10,125,breslow,3,0.0,0.0,0.95,,,,
B,20,10,125,breslow,3,0.0,0.5,0.3,,,,
B,20,10,125,breslow,3,0.0,0.5,0.5,,,,
B,20,10,125,breslow,3,0.0,0.5,0.95,,,,
B,20,10,125,breslow,3,0.0,1.0,0.3,,,,
B,20,10,125,breslow,3,0.0,1.0,0.5,,,,
B,20,10,125,breslow,3,0.0,1.0,0.95,,,,
B,20,10,125,breslow,3,0.1,0.0,0.3,7230.255078648741,0.5432749665382375,32.53641441516685,49.38896700256074
B,20,10,125,breslow,3,0.1,0.0,0.5,7332.669242304352,0.541651147182705,32.55806926150255,49.47776678035592
B,20,10,125,breslow,3,0.1,0.0,0.95,,,,
B,20,10,125,breslow,3,0.1,0.5,0.3,7230.259991730246,0.5432435643867091,32.53840023076969,49.39060149719758
B,20,10,125,breslow,3,0.1,0.5,0.5,7332.669242304352,0.541651147182705,32.55806926150255,49.47776678035592
B,20,10,125,breslow,3,0.1,0.5,0.95,,,,
B,20,10,125,breslow,3,0.1,1.0,0.3,7230.259991730246,0.5432435643867091,32.53840023076969,49.39060149719758
B,20,10,125,breslow,3,0.1,1.0,0.5,7332.669242304352,0.541651147182705,32.55806926150255,49.47776678035592
B,20,10,125,breslow,3,0.1,1.0,0.95,,,,
B,20,10,125,breslow,3,1.0,0.0,0.3,7230.259991730246,0.5432435643867091,32.53840023076969,49.39060149719758
B,20,10,125,breslow,3,1.0,0.0,0.5,7332.669242304352,0.541651147182705,32.55806926150255,49.47776678035592
B,20,10,125,breslow,3,1.0,0.0,0.95,,,,
B,20,10,125,breslow,3,1.0,0.5,0.3,7230.259991730246,0.5432435643867091,32.53840023076969,49.39060149719758
B,20,10,125,breslow,3,1.0,0.5,0.5,7332.669242304352,0.541651147182705,32.55806926150255,49.47776678035592
B,20,10,125,breslow,3,1.0,0.5,0.95,,,,
B,20,10,125,breslow,3,1.0,1.0,0.3,7230.259991730246,0.5432435643867091,32.53840023076969,49.39060149719758
B,20,10,125,breslow,3,1.0,1.0,0.5,7332.669242304352,0.541651147182705,32.55806926150255,49.47776678035592
B,20,10,125,breslow,3,1.0,1.0,0.95,,,,
B,20,10,125,breslow,5,0.0,0.0,0.3,,,,
B,20,10,125,breslow,5,0.0,0.0,0.5,,,,
B,20,10,125,breslow,5,0.0,0.0,0.95,,,,
B,20,10,125,breslow,5,0.0,0.5,0.3,,,,
B,20,10,125,breslow,5,0.0,0.5,0.5,,,,
B,20,10,125,breslow,5,0.0,0.5,0.95,,,,
B,20,10,125,breslow,5,0.0,1.0,0.3,,,,
B,20,10,125,breslow,5,0.0,1.0,0.5,,,,
B,20,10,125,breslow,5,0.0,1.0,0.95,,,,
B,20,10,125,breslow,5,0.1,0.0,0.3,7230.255078648741,0.5432749665382375,32.53641441516685,49.38896700256074
B,20,10,125,breslow,5,0.1,0.0,0.5,7332.669242304352,0.541651147182705,32.55806926150255,49.47776678035592
B,20,10,125,breslow,5,0.1,0.0,0.95,,,,
B,20,10,125,breslow,5,0.1,0.5,0.3,7230.259991730246,0.5432435643867091,32.53840023076969,49.39060149719758
B,20,10,125,breslow,5,0.1,0.5,0.5,7332.669242304352,0.541651147182705,32.55806926150255,49.47776678035592
B,20,10,125,breslow,5,0.1,0.5,0.95,,,,
B,20,10,125,breslow,5,0.1,1.0,0.3,7230.259991730246,0.5432435643867091,32.53840023076969,49.39060149719758
B,20,10,125,breslow,5,0.1,1.0,0.5,7332.669242304352,0.541651147182705,32.55806926150255,49.47776678035592
B,20,10,125,breslow,5,0.1,1.0,0.95,,,,
B,20,10,125,breslow,5,1.0,0.0,0.3,7230.259991730246,0.5432435643867091,32.53840023076969,49.39060149719758
B,20,10,125,breslow,5,1.0,0.0,0.5,7332.669242304352,0.541651147182705,32.55806926150255,49.47776678035592
B,20,10,125,breslow,5,1.0,0.0,0.95,,,,
B,20,10,125,breslow,5,1.0,0.5,0.3,7230.259991730246,0.5432435643867091,32.53840023076969,49.39060149719758
B,20,10,125,breslow,5,1.0,0.5,0.5,7332.669242304352,0.541651147182705,32.55806926150255,49.47776678035592
B,20,10,125,breslow,5,1.0,0.5,0.95,,,,
B,20,10,125,breslow,5,1.0,1.0,0.3,7230.259991730246,0.5432435643867091,32.53840023076969,49.39060149719758
B,20,10,125,breslow,5,1.0,1.0,0.5,7332.669242304352,0.541651147182705,32.55806926150255,49.47776678035592
B,20,10,125,breslow,5,1.0,1.0,0.95,,,,
B,20,10,125,spline,3,0.0,0.0,0.3,,,,
B,20,10,125,spline,3,0.0,0.0,0.5,,,,
B,20,10,125,spline,3,0.0,0.0,0.95,,,,
B,20,10,125,spline,3,0.0,0.5,0.3,,,,
B,20,10,125,spline,3,0.0,0.5,0.5,,,,
B,20,10,125,spline,3,0.0,0.5,0.95,,,,
B,20,10,125,spline,3,0.0,1.0,0.3,,,,
B,20,10,125,spline,3,0.0,1.0,0.5,,,,
B,20,10,125,spline,3,0.0,1.0,0.95,,,,
B,20,10,125,spline,3,0.1,0.0,0.3,,,,
B,20,10,125,spline,3,0.1,0.0,0.5,,,,
B,20,10,125,spline,3,0.1,0.0,0.95,,,,
B,20,10,125,spline,3,0.1,0.5,0.3,,,,
B,20,10,125,spline,3,0.1,0.5,0.5,,,,
B,20,10,125,spline,3,0.1,0.5,0.95,,,,
B,20,10,125,spline,3,0.1,1.0,0.3,,,,
B,20,10,125,spline,3,0.1,1.0,0.5,,,,
B,20,10,125,spline,3,0.1,1.0,0.95,,,,
B,20,10,125,spline,3,1.0,0.0,0.3,,,,
B,20,10,125,spline,3,1.0,0.0,0.5,,,,
B,20,10,125,spline,3,1.0,0.0,0.95,,,,
B,20,10,125,spline,3,1.0,0.5,0.3,,,,
B,20,10,125,spline,3,1.0,0.5,0.5,,,,
B,20,10,125,spline,3,1.0,0.5,0.95,,,,
B,20,10,125,spline,3,1.0,1.0,0.3,,,,
B,20,10,125,spline,3,1.0,1.0,0.5,,,,
B,20,10,125,spline,3,1.0,1.0,0.95,,,,
B,20,10,125,spline,5,0.0,0.0,0.3,,,,
B,20,10,125,spline,5,0.0,0.0,0.5,,,,
B,20,10,125,spline,5,0.0,0.0,0.95,,,,
B,20,10,125,spline,5,0.0,0.5,0.3,,,,
B,20,10,125,spline,5,0.0,0.5,0.5,,,,
B,20,10,125,spline,5,0.0,0.5,0.95,,,,
B,20,10,125,spline,5,0.0,1.0,0.3,,,,
B,20,10,125,spline,5,0.0,1.0,0.5,,,,
B,20,10,125,spline,5,0.0,1.0,0.95,,,,
B,20,10,125,spline,5,0.1,0.0,0.3,,,,
B,20,10,125,spline,5,0.1,0.0,0.5,,,,
B,20,10,125,spline,5,0.1,0.0,0.95,,,,
B,20,10,125,spline,5,0.1,0.5,0.3,,,,
B,20,10,125,spline,5,0.1,0.5,0.5,,,,
B,20,10,125,spline,5,0.1,0.5,0.95,,,,
B,20,10,125,spline,5,0.1,1.0,0.3,,,,
B,20,10,125,spline,5,0.1,1.0,0.5,,,,
B,20,10,125,spline,5,0.1,1.0,0.95,,,,
B,20,10,125,spline,5,1.0,0.0,0.3,,,,
B,20,10,125,spline,5,1.0,0.0,0.5,,,,
B,20,10,125,spline,5,1.0,0.0,0.95,,,,
B,20,10,125,spline,5,1.0,0.5,0.3,,,,
B,20,10,125,spline,5,1.0,0.5,0.5,,,,
B,20,10,125,spline,5,1.0,0.5,0.95,,,,
B,20,10,125,spline,5,1.0,1.0,0.3,,,,
B,20,10,125,spline,5,1.0,1.0,0.5,,,,
B,20,10,125,spline,5,1.0,1.0,0.95,,,,
B,20,15,115,breslow,3,0.0,0.0,0.3,,,,
B,20,15,115,breslow,3,0.0,0.0,0.5,,,,
B,20,15,115,breslow,3,0.0,0.0,0.95,,,,
B,20,15,115,breslow,3,0.0,0.5,0.3,,,,
B,20,15,115,breslow,3,0.0,0.5,0.5,,,,
B,20,15,115,breslow,3,0.0,0.5,0.95,,,,
B,20,15,115,breslow,3,0.0,1.0,0.3,,,,
B,20,15,115,breslow,3,0.0,1.0,0.5,,,,
B,20,15,115,breslow,3,0.0,1.0,0.95,,,,
B,20,15,115,breslow,3,0.1,0.0,0.3,7230.905705618354,0.5461282775511578,36.719340718834154,49.78554706203336
B,20,15,115,breslow,3,0.1,0.0,0.5,7333.347190314154,0.5442920775031949,36.758064123089476,49.88242254464081
B,20,15,115,breslow,3,0.1,0.0,0.95,,,,
B,20,15,115,breslow,3,0.1,0.5,0.3,7230.912864250752,0.5460325478352379,36.72326506871595,49.78873406985973
B,20,15,115,breslow,3,0.1,0.5,0.5,7333.347190314154,0.5442920775031949,36.758064123089476,49.88242254464081
B,20,15,115,breslow,3,0.1,0.5,0.95,,,,
B,20,15,115,breslow,3,0.1,1.0,0.3,7230.912864250752,0.5460325478352379,36.72326506871595,49.78873406985973
B,20,15,115,breslow,3,0.1,1.0,0.5,7333.347190314154,0.5442920775031949,36.758064123089476,49.88242254464081
B,20,15,115,breslow,3,0.1,1.0,0.95,,,,
B,20,15,115,breslow,3,1.0,0.0,0.3,7230.912864250752,0.5460325478352379,36.72326506871595,49.78873406985973
B,20,15,115,breslow,3,1.0,0.0,0.5,7333.347190314154,0.5442920775031949,36.758064123089476,49.88242254464081
B,20,15,115,breslow,3,1.0,0.0,0.95,,,,
B,20,15,115,breslow,3,1.0,0.5,0.3,7230.912864250752,0.5460325478352379,36.72326506871595,49.78873406985973
B,20,15,115,breslow,3,1.0,0.5,0.5,7333.347190314154,0.5442920775031949,36.758064123089476,49.88242254464081
B,20,15,115,breslow,3,1.0,0.5,0.95,,,,
B,20,15,115,breslow,3,1.0,1.0,0.3,7230.912864250752,0.5460325478352379,36.72326506871595,49.78873406985973
B,20,15,115,breslow,3,1.0,1.0,0.5,7333.347190314154,0.5442920775031949,36.758064123089476,49.88242254464081
B,20,15,115,breslow,3,1.0,1.0,0.95,,,,
B,20,15,115,breslow,5,0.0,0.0,0.3,,,,
B,20,15,115,breslow,5,0.0,0.0,0.5,,,,
B,20,15,115,breslow,5,0.0,0.0,0.95,,,,
B,20,15,115,breslow,5,0.0,0.5,0.3,,,,
B,20,15,115,breslow,5,0.0,0.5,0.5,,,,
B,20,15,115,breslow,5,0.0,0.5,0.95,,,,
B,20,15,115,breslow,5,0.0,1.0,0.3,,,,
B,20,15,115,breslow,5,0.0,1.0,0.5,,,,
B,20,15,115,breslow,5,0.0,1.0,0.95,,,,
B,20,15,115,breslow,5,0.1,0.0,0.3,7230.905705618354,0.5461282775511578,36.719340718834154,49.78554706203336
B,20,15,115,breslow,5,0.1,0.0,0.5,7333.347190314154,0.5442920775031949,36.758064123089476,49.88242254464081
B,20,15,115,breslow,5,0.1,0.0,0.95,,,,
B,20,15,115,breslow,5,0.1,0.5,0.3,7230.912864250752,0.5460325478352379,36.72326506871595,49.78873406985973
B,20,15,115,breslow,5,0.1,0.5,0.5,7333.347190314154,0.5442920775031949,36.758064123089476,49.88242254464081
B,20,15,115,breslow,5,0.1,0.5,0.95,,,,
B,20,15,115,breslow,5,0.1,1.0,0.3,7230.912864250752,0.5460325478352379,36.72326506871595,49.78873406985973
B,20,15,115,breslow,5,0.1,1.0,0.5,7333.347190314154,0.5442920775031949,36.758064123089476,49.88242254464081
B,20,15,115,breslow,5,0.1,1.0,0.95,,,,
B,20,15,115,breslow,5,1.0,0.0,0.3,7230.912864250752,0.5460325478352379,36.72326506871595,49.78873406985973
B,20,15,115,breslow,5,1.0,0.0,0.5,7333.347190314154,0.5442920775031949,36.758064123089476,49.88242254464081
B,20,15,115,breslow,5,1.0,0.0,0.95,,,,
B,20,15,115,breslow,5,1.0,0.5,0.3,7230.912864250752,0.5460325478352379,36.72326506871595,49.78873406985973
B,20,15,115,breslow,5,1.0,0.5,0.5,7333.347190314154,0.5442920775031949,36.758064123089476,49.88242254464081
B,20,15,115,breslow,5,1.0,0.5,0.95,,,,
B,20,15,115,breslow,5,1.0,1.0,0.3,7230.912864250752,0.5460325478352379,36.72326506871595,49.78873406985973
B,20,15,115,breslow,5,1.0,1.0,0.5,7333.347190314154,0.5442920775031949,36.758064123089476,49.88242254464081
B,20,15,115,breslow,5,1.0,1.0,0.95,,,,
B,20,15,115,spline,3,0.0,0.0,0.3,,,,
B,20,15,115,spline,3,0.0,0.0,0.5,,,,
B,20,15,115,spline,3,0.0,0.0,0.95,,,,
B,20,15,115,spline,3,0.0,0.5,0.3,,,,
B,20,15,115,spline,3,0.0,0.5,0.5,,,,
B,20,15,115,spline,3,0.0,0.5,0.95,,,,
B,20,15,115,spline,3,0.0,1.0,0.3,,,,
B,20,15,115,spline,3,0.0,1.0,0.5,,,,
B,20,15,115,spline,3,0.0,1.0,0.95,,,,
B,20,15,115,spline,3,0.1,0.0,0.3,,,,
B,20,15,115,spline,3,0.1,0.0,0.5,,,,
B,20,15,115,spline,3,0.1,0.0,0.95,,,,
B,20,15,115,spline,3,0.1,0.5,0.3,,,,
B,20,15,115,spline,3,0.1,0.5,0.5,,,,
B,20,15,115,spline,3,0.1,0.5,0.95,,,,
B,20,15,115,spline,3,0.1,1.0,0.3,,,,
B,20,15,115,spline,3,0.1,1.0,0.5,,,,
B,20,15,115,spline,3,0.1,1.0,0.95,,,,
B,20,15,115,spline,3,1.0,0.0,0.3,,,,
B,20,15,115,spline,3,1.0,0.0,0.5,,,,
B,20,15,115,spline,3,1.0,0.0,0.95,,,,
B,20,15,115,spline,3,1.0,0.5,0.3,,,,
B,20,15,115,spline,3,1.0,0.5,0.5,,,,
B,20,15,115,spline,3,1.0,0.5,0.95,,,,
B,20,15,115,spline,3,1.0,1.0,0.3,,,,
B,20,15,115,spline,3,1.0,1.0,0.5,,,,
B,20,15,115,spline,3,1.0,1.0,0.95,,,,
B,20,15,115,spline,5,0.0,0.0,0.3,,,,
B,20,15,115,spline,5,0.0,0.0,0.5,,,,
B,20,15,115,spline,5,0.0,0.0,0.95,,,,
B,20,15,115,spline,5,0.0,0.5,0.3,,,,
B,20,15,115,spline,5,0.0,0.5,0.5,,,,
B,20,15,115,spline,5,0.0,0.5,0.95,,,,
B,20,15,115,spline,5,0.0,1.0,0.3,,,,
B,20,15,115,spline,5,0.0,1.0,0.5,,,,
B,20,15,115,spline,5,0.0,1.0,0.95,,,,
B,20,15,115,spline,5,0.1,0.0,0.3,,,,
B,20,15,115,spline,5,0.1,0.0,0.5,,,,
B,20,15,115,spline,5,0.1,0.0,0.95,,,,
B,20,15,115,spline,5,0.1,0.5,0.3,,,,
B,20,15,115,spline,5,0.1,0.5,0.5,,,,
B,20,15,115,spline,5,0.1,0.5,0.95,,,,
B,20,15,115,spline,5,0.1,1.0,0.3,,,,
B,20,15,115,spline,5,0.1,1.0,0.5,,,,
B,20,15,115,spline,5,0.1,1.0,0.95,,,,
B,20,15,115,spline,5,1.0,0.0,0.3,,,,
B,20,15,115,spline,5,1.0,0.0,0.5,,,,
B,20,15,115,spline,5,1.0,0.0,0.95,,,,
B,20,15,115,spline,5,1.0,0.5,0.3,,,,
B,20,15,115,spline,5,1.0,0.5,0.5,,,,
B,20,15,115,spline,5,1.0,0.5,0.95,,,,
B,20,15,115,spline,5,1.0,1.0,0.3,,,,
B,20,15,115,spline,5,1.0,1.0,0.5,,,,
B,20,15,115,spline,5,1.0,1.0,0.95,,,,
B,20,15,120,breslow,3,0.0,0.0,0.3,,,,
B,20,15,120,breslow,3,0.0,0.0,0.5,,,,
B,20,15,120,breslow,3,0.0,0.0,0.95,,,,
B,20,15,120,breslow,3,0.0,0.5,0.3,,,,
B,20,15,120,breslow,3,0.0,0.5,0.5,,,,
B,20,15,120,breslow,3,0.0,0.5,0.95,,,,
B,20,15,120,breslow,3,0.0,1.0,0.3,,,,
B,20,15,120,breslow,3,0.0,1.0,0.5,,,,
B,20,15,120,breslow,3,0.0,1.0,0.95,,,,
B,20,15,120,breslow,3,0.1,0.0,0.3,7230.471354396461,0.5446387710500014,34.54717345611586,49.470460184747346
B,20,15,120,breslow,3,0.1,0.0,0.5,7332.902686069021,0.5428779793535482,34.578899224437365,49.564677783387346
B,20,15,120,breslow,3,0.1,0.0,0.95,,,,
B,20,15,120,breslow,3,0.1,0.5,0.3,7230.480293796501,0.5445412032071906,34.55166518188418,49.474194062061066
B,20,15,120,breslow,3,0.1,0.5,0.5,7332.902686069021,0.5428779793535482,34.578899224437365,49.564677783387346
B,20,15,120,breslow,3,0.1,0.5,0.95,,,,
B,20,15,120,breslow,3,0.1,1.0,0.3,7230.480293796501,0.5445412032071906,34.55166518188418,49.474194062061066
B,20,15,120,breslow,3,0.1,1.0,0.5,7332.902686069021,0.5428779793535482,34.578899224437365,49.564677783387346
B,20,15,120,breslow,3,0.1,1.0,0.95,,,,
B,20,15,120,breslow,3,1.0,0.0,0.3,7230.480293796501,0.5445412032071906,34.55166518188418,49.474194062061066
B,20,15,120,breslow,3,1.0,0.0,0.5,7332.902686069021,0.5428779793535482,34.578899224437365,49.564677783387346
B,20,15,120,breslow,3,1.0,0.0,0.95,,,,
B,20,15,120,breslow,3,1.0,0.5,0.3,7230.480293796501,0.5445412032071906,34.55166518188418,49.474194062061066
B,20,15,120,breslow,3,1.0,0.5,0.5,7332.902686069021,0.5428779793535482,34.578899224437365,49.564677783387346
B,20,15,120,breslow,3,1.0,0.5,0.95,,,,
B,20,15,120,breslow,3,1.0,1.0,0.3,7230.480293796501,0.5445412032071906,34.55166518188418,49.474194062061066
B,20,15,120,breslow,3,1.0,1.0,0.5,7332.902686069021,0.5428779793535482,34.578899224437365,49.564677783387346
B,20,15,120,breslow,3,1.0,1.0,0.95,,,,
B,20,15,120,breslow,5,0.0,0.0,0.3,,,,
B,20,15,120,breslow,5,0.0,0.0,0.5,,,,
B,20,15,120,breslow,5,0.0,0.0,0.95,,,,
B,20,15,120,breslow,5,0.0,0.5,0.3,,,,
B,20,15,120,breslow,5,0.0,0.5,0.5,,,,
B,20,15,120,breslow,5,0.0,0.5,0.95,,,,
B,20,15,120,breslow,5,0.0,1.0,0.3,,,,
B,20,15,120,breslow,5,0.0,1.0,0.5,,,,
B,20,15,120,breslow,5,0.0,1.0,0.95,,,,
B,20,15,120,breslow,5,0.1,0.0,0.3,7230.471354396461,0.5446387710500014,34.54717345611586,49.470460184747346
B,20,15,120,breslow,5,0.1,0.0,0.5,7332.902686069021,0.5428779793535482,34.578899224437365,49.564677783387346
B,20,15,120,breslow,5,0.1,0.0,0.95,,,,
B,20,15,120,breslow,5,0.1,0.5,0.3,7230.480293796501,0.5445412032071906,34.55166518188418,49.474194062061066
B,20,15,120,breslow,5,0.1,0.5,0.5,7332.902686069021,0.5428779793535482,34.578899224437365,49.564677783387346
B,20,15,120,breslow,5,0.1,0.5,0.95,,,,
B,20,15,120,breslow,5,0.1,1.0,0.3,7230.480293796501,0.5445412032071906,34.55166518188418,49.474194062061066
B,20,15,120,breslow,5,0.1,1.0,0.5,7332.902686069021,0.5428779793535482,34.578899224437365,49.564677783387346
B,20,15,120,breslow,5,0.1,1.0,0.95,,,,
B,20,15,120,breslow,5,1.0,0.0,0.3,7230.480293796501,0.5445412032071906,34.55166518188418,49.474194062061066
B,20,15,120,breslow,5,1.0,0.0,0.5,7332.902686069021,0.5428779793535482,34.578899224437365,49.564677783387346
B,20,15,120,breslow,5,1.0,0.0,0.95,,,,
B,20,15,120,breslow,5,1.0,0.5,0.3,7230.480293796501,0.5445412032071906,34.55166518188418,49.474194062061066
B,20,15,120,breslow,5,1.0,0.5,0.5,7332.902686069021,0.5428779793535482,34.578899224437365,49.564677783387346
B,20,15,120,breslow,5,1.0,0.5,0.95,,,,
B,20,15,120,breslow,5,1.0,1.0,0.3,7230.480293796501,0.5445412032071906,34.55166518188418,49.474194062061066
B,20,15,120,breslow,5,1.0,1.0,0.5,7332.902686069021,0.5428779793535482,34.578899224437365,49.564677783387346
B,20,15,120,breslow,5,1.0,1.0,0.95,,,,
B,20,15,120,spline,3,0.0,0.0,0.3,,,,
B,20,15,120,spline,3,0.0,0.0,0.5,,,,
B,20,15,120,spline,3,0.0,0.0,0.95,,,,
B,20,15,120,spline,3,0.0,0.5,0.3,,,,
B,20,15,120,spline,3,0.0,0.5,0.5,,,,
B,20,15,120,spline,3,0.0,0.5,0.95,,,,
B,20,15,120,spline,3,0.0,1.0,0.3,,,,
B,20,15,120,spline,3,0.0,1.0,0.5,,,,
B,20,15,120,spline,3,0.0,1.0,0.95,,,,
B,20,15,120,spline,3,0.1,0.0,0.3,,,,
B,20,15,120,spline,3,0.1,0.0,0.5,,,,
B,20,15,120,spline,3,0.1,0.0,0.95,,,,
B,20,15,120,spline,3,0.1,0.5,0.3,,,,
B,20,15,120,spline,3,0.1,0.5,0.5,,,,
B,20,15,120,spline,3,0.1,0.5,0.95,,,,
B,20,15,120,spline,3,0.1,1.0,0.3,,,,
B,20,15,120,spline,3,0.1,1.0,0.5,,,,
B,20,15,120,spline,3,0.1,1.0,0.95,,,,
B,20,15,120,spline,3,1.0,0.0,0.3,,,,
B,20,15,120,spline,3,1.0,0.0,0.5,,,,
B,20,15,120,spline,3,1.0,0.0,0.95,,,,
B,20,15,120,spline,3,1.0,0.5,0.3,,,,
B,20,15,120,spline,3,1.0,0.5,0.5,,,,
B,20,15,120,spline,3,1.0,0.5,0.95,,,,
B,20,15,120,spline,3,1.0,1.0,0.3,,,,
B,20,15,120,spline,3,1.0,1.0,0.5,,,,
B,20,15,120,spline,3,1.0,1.0,0.95,,,,
B,20,15,120,spline,5,0.0,0.0,0.3,,,,
B,20,15,120,spline,5,0.0,0.0,0.5,,,,
B,20,15,120,spline,5,0.0,0.0,0.95,,,,
B,20,15,120,spline,5,0.0,0.5,0.3,,,,
B,20,15,120,spline,5,0.0,0.5,0.5,,,,
B,20,15,120,spline,5,0.0,0.5,0.95,,,,
B,20,15,120,spline,5,0.0,1.0,0.3,,,,
B,20,15,120,spline,5,0.0,1.0,0.5,,,,
B,20,15,120,spline,5,0.0,1.0,0.95,,,,
B,20,15,120,spline,5,0.1,0.0,0.3,,,,
B,20,15,120,spline,5,0.1,0.0,0.5,,,,
B,20,15,120,spline,5,0.1,0.0,0.95,,,,
B,20,15,120,spline,5,0.1,0.5,0.3,,,,
B,20,15,120,spline,5,0.1,0.5,0.5,,,,
B,20,15,120,spline,5,0.1,0.5,0.95,,,,
B,20,15,120,spline,5,0.1,1.0,0.3,,,,
B,20,15,120,spline,5,0.1,1.0,0.5,,,,
B,20,15,120,spline,5,0.1,1.0,0.95,,,,
B,20,15,120,spline,5,1.0,0.0,0.3,,,,
B,20,15,120,spline,5,1.0,0.0,0.5,,,,
B,20,15,120,spline,5,1.0,0.0,0.95,,,,
B,20,15,120,spline,5,1.0,0.5,0.3,,,,
B,20,15,120,spline,5,1.0,0.5,0.5,,,,
B,20,15,120,spline,5,1.0,0.5,0.95,,,,
B,20,15,120,spline,5,1.0,1.0,0.3,,,,
B,20,15,120,spline,5,1.0,1.0,0.5,,,,
B,20,15,120,spline,5,1.0,1.0,0.95,,,,
B,20,15,125,breslow,3,0.0,0.0,0.3,,,,
B,20,15,125,breslow,3,0.0,0.0,0.5,,,,
B,20,15,125,breslow,3,0.0,0.0,0.95,,,,
B,20,15,125,breslow,3,0.0,0.5,0.3,,,,
B,20,15,125,breslow,3,0.0,0.5,0.5,,,,
B,20,15,125,breslow,3,0.0,0.5,0.95,,,,
B,20,15,125,breslow,3,0.0,1.0,0.3,,,,
B,20,15,125,breslow,3,0.0,1.0,0.5,,,,
B,20,15,125,breslow,3,0.0,1.0,0.95,,,,
B,20,15,125,breslow,3,0.1,0.0,0.3,7230.248779668121,0.5433421194397013,32.532111814694034,49.386370327973296
B,20,15,125,breslow,3,0.1,0.0,0.5,7332.669242304352,0.541651147182705,32.55806926150255,49.47776678035592
B,20,15,125,breslow,3,0.1,0.0,0.95,,,,
B,20,15,125,breslow,3,0.1,0.5,0.3,7230.259991730246,0.5432435643867091,32.53840023076969,49.39060149719758
B,20,15,125,breslow,3,0.1,0.5,0.5,7332.669242304352,0.541651147182705,32.55806926150255,49.47776678035592
B,20,15,125,breslow,3,0.1,0.5,0.95,,,,
B,20,15,125,breslow,3,0.1,1.0,0.3,7230.259991730246,0.5432435643867091,32.53840023076969,49.39060149719758
B,20,15,125,breslow,3,0.1,1.0,0.5,7332.669242304352,0.541651147182705,32.55806926150255,49.47776678035592
B,20,15,125,breslow,3,0.1,1.0,0.95,,,,
B,20,15,125,breslow,3,1.0,0.0,0.3,7230.259991730246,0.5432435643867091,32.53840023076969,49.39060149719758
B,20,15,125,breslow,3,1.0,0.0,0.5,7332.669242304352,0.541651147182705,32.55806926150255,49.47776678035592
B,20,15,125,breslow,3,1.0,0.0,0.95,,,,
B,20,15,125,breslow,3,1.0,0.5,0.3,7230.259991730246,0.5432435643867091,32.53840023076969,49.39060149719758
B,20,15,125,breslow,3,1.0,0.5,0.5,7332.669242304352,0.541651147182705,32.55806926150255,49.47776678035592
B,20,15,125,breslow,3,1.0,0.5,0.95,,,,
B,20,15,125,breslow,3,1.0,1.0,0.3,7230.259991730246,0.5432435643867091,32.53840023076969,49.39060149719758
B,20,15,125,breslow,3,1.0,1.0,0.5,7332.669242304352,0.541651147182705,32.55806926150255,49.47776678035592
B,20,15,125,breslow,3,1.0,1.0,0.95,,,,
B,20,15,125,breslow,5,0.0,0.0,0.3,,,,
B,20,15,125,breslow,5,0.0,0.0,0.5,,,,
B,20,15,125,breslow,5,0.0,0.0,0.95,,,,
B,20,15,125,breslow,5,0.0,0.5,0.3,,,,
B,20,15,125,breslow,5,0.0,0.5,0.5,,,,
B,20,15,125,breslow,5,0.0,0.5,0.95,,,,
B,20,15,125,breslow,5,0.0,1.0,0.3,,,,
B,20,15,125,breslow,5,0.0,1.0,0.5,,,,
B,20,15,125,breslow,5,0.0,1.0,0.95,,,,
B,20,15,125,breslow,5,0.1,0.0,0.3,7230.248779668121,0.5433421194397013,32.532111814694034,49.386370327973296
B,20,15,125,breslow,5,0.1,0.0,0.5,7332.669242304352,0.541651147182705,32.55806926150255,49.47776678035592
B,20,15,125,breslow,5,0.1,0.0,0.95,,,,
B,20,15,125,breslow,5,0.1,0.5,0.3,7230.259991730246,0.5432435643867091,32.53840023076969,49.39060149719758
B,20,15,125,breslow,5,0.1,0.5,0.5,7332.669242304352,0.541651147182705,32.55806926150255,49.47776678035592
B,20,15,125,breslow,5,0.1,0.5,0.95,,,,
B,20,15,125,breslow,5,0.1,1.0,0.3,7230.259991730246,0.5432435643867091,32.53840023076969,49.39060149719758
B,20,15,125,breslow,5,0.1,1.0,0.5,7332.669242304352,0.541651147182705,32.55806926150255,49.47776678035592
B,20,15,125,breslow,5,0.1,1.0,0.95,,,,
B,20,15,125,breslow,5,1.0,0.0,0.3,7230.259991730246,0.5432435643867091,32.53840023076969,49.39060149719758
B,20,15,125,breslow,5,1.0,0.0,0.5,7332.669242304352,0.541651147182705,32.55806926150255,49.47776678035592
B,20,15,125,breslow,5,1.0,0.0,0.95,,,,
B,20,15,125,breslow,5,1.0,0.5,0.3,7230.259991730246,0.5432435643867091,32.53840023076969,49.39060149719758
B,20,15,125,breslow,5,1.0,0.5,0.5,7332.669242304352,0.541651147182705,32.55806926150255,49.47776678035592
B,20,15,125,breslow,5,1.0,0.5,0.95,,,,
B,20,15,125,breslow,5,1.0,1.0,0.3,7230.259991730246,0.5432435643867091,32.53840023076969,49.39060149719758
B,20,15,125,breslow,5,1.0,1.0,0.5,7332.669242304352,0.541651147182705,32.55806926150255,49.47776678035592
B,20,15,125,breslow,5,1.0,1.0,0.95,,,,
B,20,15,125,spline,3,0.0,0.0,0.3,,,,
B,20,15,125,spline,3,0.0,0.0,0.5,,,,
B,20,15,125,spline,3,0.0,0.0,0.95,,,,
B,20,15,125,spline,3,0.0,0.5,0.3,,,,
B,20,15,125,spline,3,0.0,0.5,0.5,,,,
B,20,15,125,spline,3,0.0,0.5,0.95,,,,
B,20,15,125,spline,3,0.0,1.0,0.3,,,,
B,20,15,125,spline,3,0.0,1.0,0.5,,,,
B,20,15,125,spline,3,0.0,1.0,0.95,,,,
B,20,15,125,spline,3,0.1,0.0,0.3,,,,
B,20,15,125,spline,3,0.1,0.0,0.5,,,,
B,20,15,125,spline,3,0.1,0.0,0.95,,,,
B,20,15,125,spline,3,0.1,0.5,0.3,,,,
B,20,15,125,spline,3,0.1,0.5,0.5,,,,
B,20,15,125,spline,3,0.1,0.5,0.95,,,,
B,20,15,125,spline,3,0.1,1.0,0.3,,,,
B,20,15,125,spline,3,0.1,1.0,0.5,,,,
B,20,15,125,spline,3,0.1,1.0,0.95,,,,
B,20,15,125,spline,3,1.0,0.0,0.3,,,,
B,20,15,125,spline,3,1.0,0.0,0.5,,,,
B,20,15,125,spline,3,1.0,0.0,0.95,,,,
B,20,15,125,spline,3,1.0,0.5,0.3,,,,
B,20,15,125,spline,3,1.0,0.5,0.5,,,,
B,20,15,125,spline,3,1.0,0.5,0.95,,,,
B,20,15,125,spline,3,1.0,1.0,0.3,,,,
B,20,15,125,spline,3,1.0,1.0,0.5,,,,
B,20,15,125,spline,3,1.0,1.0,0.95,,,,
B,20,15,125,spline,5,0.0,0.0,0.3,,,,
B,20,15,125,spline,5,0.0,0.0,0.5,,,,
B,20,15,125,spline,5,0.0,0.0,0.95,,,,
B,20,15,125,spline,5,0.0,0.5,0.3,,,,
B,20,15,125,spline,5,0.0,0.5,0.5,,,,
B,20,15,125,spline,5,0.0,0.5,0.95,,,,
B,20,15,125,spline,5,0.0,1.0,0.3,,,,
B,20,15,125,spline,5,0.0,1.0,0.5,,,,
B,20,15,125,spline,5,0.0,1.0,0.95,,,,
B,20,15,125,spline,5,0.1,0.0,0.3,,,,
B,20,15,125,spline,5,0.1,0.0,0.5,,,,
B,20,15,125,spline,5,0.1,0.0,0.95,,,,
B,20,15,125,spline,5,0.1,0.5,0.3,,,,
B,20,15,125,spline,5,0.1,0.5,0.5,,,,
B,20,15,125,spline,5,0.1,0.5,0.95,,,,
B,20,15,125,spline,5,0.1,1.0,0.3,,,,
B,20,15,125,spline,5,0.1,1.0,0.5,,,,
B,20,15,125,spline,5,0.1,1.0,0.95,,,,
B,20,15,125,spline,5,1.0,0.0,0.3,,,,
B,20,15,125,spline,5,1.0,0.0,0.5,,,,
B,20,15,125,spline,5,1.0,0.0,0.95,,,,
B,20,15,125,spline,5,1.0,0.5,0.3,,,,
B,20,15,125,spline,5,1.0,0.5,0.5,,,,
B,20,15,125,spline,5,1.0,0.5,0.95,,,,
B,20,15,125,spline,5,1.0,1.0,0.3,,,,
B,20,15,125,spline,5,1.0,1.0,0.5,,,,
B,20,15,125,spline,5,1.0,1.0,0.95,,,,
B,20,20,115,breslow,3,0.0,0.0,0.3,,,,
B,20,20,115,breslow,3,0.0,0.0,0.5,,,,
B,20,20,115,breslow,3,0.0,0.0,0.95,,,,
B,20,20,115,breslow,3,0.0,0.5,0.3,,,,
B,20,20,115,breslow,3,0.0,0.5,0.5,,,,
B,20,20,115,breslow,3,0.0,0.5,0.95,,,,
B,20,20,115,breslow,3,0.0,1.0,0.3,,,,
B,20,20,115,breslow,3,0.0,1.0,0.5,,,,
B,20,20,115,breslow,3,0.0,1.0,0.95,,,,
B,20,20,115,breslow,3,0.1,0.0,0.3,7230.906999621686,0.5461217715122945,36.72066459590271,49.786007358559
B,20,20,115,breslow,3,0.1,0.0,0.5,7333.347190314154,0.5442920775031949,36.758064123089476,49.88242254464081
B,20,20,115,breslow,3,0.1,0.0,0.95,,,,
B,20,20,115,breslow,3,0.1,0.5,0.3,7230.912864250752,0.5460325478352379,36.72326506871595,49.78873406985973
B,20,20,115,breslow,3,0.1,0.5,0.5,7333.347190314154,0.5442920775031949,36.758064123089476,49.88242254464081
B,20,20,115,breslow,3,0.1,0.5,0.95,,,,
B,20,20,115,breslow,3,0.1,1.0,0.3,7230.912864250752,0.5460325478352379,36.72326506871595,49.78873406985973
B,20,20,115,breslow,3,0.1,1.0,0.5,7333.347190314154,0.5442920775031949,36.758064123089476,49.88242254464081
B,20,20,115,breslow,3,0.1,1.0,0.95,,,,
B,20,20,115,breslow,3,1.0,0.0,0.3,7230.912864250752,0.5460325478352379,36.72326506871595,49.78873406985973
B,20,20,115,breslow,3,1.0,0.0,0.5,7333.347190314154,0.5442920775031949,36.758064123089476,49.88242254464081
B,20,20,115,breslow,3,1.0,0.0,0.95,,,,
B,20,20,115,breslow,3,1.0,0.5,0.3,7230.912864250752,0.5460325478352379,36.72326506871595,49.78873406985973
B,20,20,115,breslow,3,1.0,0.5,0.5,7333.347190314154,0.5442920775031949,36.758064123089476,49.88242254464081
B,20,20,115,breslow,3,1.0,0.5,0.95,,,,
B,20,20,115,breslow,3,1.0,1.0,0.3,7230.912864250752,0.5460325478352379,36.72326506871595,49.78873406985973
B,20,20,115,breslow,3,1.0,1.0,0.5,7333.347190314154,0.5442920775031949,36.758064123089476,49.88242254464081
B,20,20,115,breslow,3,1.0,1.0,0.95,,,,
B,20,20,115,breslow,5,0.0,0.0,0.3,,,,
B,20,20,115,breslow,5,0.0,0.0,0.5,,,,
B,20,20,115,breslow,5,0.0,0.0,0.95,,,,
B,20,20,115,breslow,5,0.0,0.5,0.3,,,,
B,20,20,115,breslow,5,0.0,0.5,0.5,,,,
B,20,20,115,breslow,5,0.0,0.5,0.95,,,,
B,20,20,115,breslow,5,0.0,1.0,0.3,,,,
B,20,20,115,breslow,5,0.0,1.0,0.5,,,,
B,20,20,115,breslow,5,0.0,1.0,0.95,,,,
B,20,20,115,breslow,5,0.1,0.0,0.3,7230.906999621686,0.5461217715122945,36.72066459590271,49.786007358559
B,20,20,115,breslow,5,0.1,0.0,0.5,7333.347190314154,0.5442920775031949,36.758064123089476,49.88242254464081
B,20,20,115,breslow,5,0.1,0.0,0.95,,,,
B,20,20,115,breslow,5,0.1,0.5,0.3,7230.912864250752,0.5460325478352379,36.72326506871595,49.78873406985973
B,20,20,115,breslow,5,0.1,0.5,0.5,7333.347190314154,0.5442920775031949,36.758064123089476,49.88242254464081
B,20,20,115,breslow,5,0.1,0.5,0.95,,,,
B,20,20,115,breslow,5,0.1,1.0,0.3,7230.912864250752,0.5460325478352379,36.72326506871595,49.78873406985973
B,20,20,115,breslow,5,0.1,1.0,0.5,7333.347190314154,0.5442920775031949,36.758064123089476,49.88242254464081
B,20,20,115,breslow,5,0.1,1.0,0.95,,,,
B,20,20,115,breslow,5,1.0,0.0,0.3,7230.912864250752,0.5460325478352379,36.72326506871595,49.78873406985973
B,20,20,115,breslow,5,1.0,0.0,0.5,7333.347190314154,0.5442920775031949,36.758064123089476,49.88242254464081
B,20,20,115,breslow,5,1.0,0.0,0.95,,,,
B,20,20,115,breslow,5,1.0,0.5,0.3,7230.912864250752,0.5460325478352379,36.72326506871595,49.78873406985973
B,20,20,115,breslow,5,1.0,0.5,0.5,7333.347190314154,0.5442920775031949,36.758064123089476,49.88242254464081
B,20,20,115,breslow,5,1.0,0.5,0.95,,,,
B,20,20,115,breslow,5,1.0,1.0,0.3,7230.912864250752,0.5460325478352379,36.72326506871595,49.78873406985973
B,20,20,115,breslow,5,1.0,1.0,0.5,7333.347190314154,0.5442920775031949,36.758064123089476,49.88242254464081
B,20,20,115,breslow,5,1.0,1.0,0.95,,,,
B,20,20,115,spline,3,0.0,0.0,0.3,,,,
B,20,20,115,spline,3,0.0,0.0,0.5,,,,
B,20,20,115,spline,3,0.0,0.0,0.95,,,,
B,20,20,115,spline,3,0.0,0.5,0.3,,,,
B,20,20,115,spline,3,0.0,0.5,0.5,,,,
B,20,20,115,spline,3,0.0,0.5,0.95,,,,
B,20,20,115,spline,3,0.0,1.0,0.3,,,,
B,20,20,115,spline,3,0.0,1.0,0.5,,,,
B,20,20,115,spline,3,0.0,1.0,0.95,,,,
B,20,20,115,spline,3,0.1,0.0,0.3,,,,
B,20,20,115,spline,3,0.1,0.0,0.5,,,,
B,20,20,115,spline,3,0.1,0.0,0.95,,,,
B,20,20,115,spline,3,0.1,0.5,0.3,,,,
B,20,20,115,spline,3,0.1,0.5,0.5,,,,
B,20,20,115,spline,3,0.1,0.5,0.95,,,,
B,20,20,115,spline,3,0.1,1.0,0.3,,,,
B,20,20,115,spline,3,0.1,1.0,0.5,,,,
B,20,20,115,spline,3,0.1,1.0,0.95,,,,
B,20,20,115,spline,3,1.0,0.0,0.3,,,,
B,20,20,115,spline,3,1.0,0.0,0.5,,,,
B,20,20,115,spline,3,1.0,0.0,0.95,,,,
B,20,20,115,spline,3,1.0,0.5,0.3,,,,
B,20,20,115,spline,3,1.0,0.5,0.5,,,,
B,20,20,115,spline,3,1.0,0.5,0.95,,,,
B,20,20,115,spline,3,1.0,1.0,0.3,,,,
B,20,20,115,spline,3,1.0,1.0,0.5,,,,
B,20,20,115,spline,3,1.0,1.0,0.95,,,,
B,20,20,115,spline,5,0.0,0.0,0.3,,,,
B,20,20,115,spline,5,0.0,0.0,0.5,,,,
B,20,20,115,spline,5,0.0,0.0,0.95,,,,
B,20,20,115,spline,5,0.0,0.5,0.3,,,,
B,20,20,115,spline,5,0.0,0.5,0.5,,,,
B,20,20,115,spline,5,0.0,0.5,0.95,,,,
B,20,20,115,spline,5,0.0,1.0,0.3,,,,
B,20,20,115,spline,5,0.0,1.0,0.5,,,,
B,20,20,115,spline,5,0.0,1.0,0.95,,,,
B,20,20,115,spline,5,0.1,0.0,0.3,,,,
B,20,20,115,spline,5,0.1,0.0,0.5,,,,
B,20,20,115,spline,5,0.1,0.0,0.95,,,,
B,20,20,115,spline,5,0.1,0.5,0.3,,,,
B,20,20,115,spline,5,0.1,0.5,0.5,,,,
B,20,20,115,spline,5,0.1,0.5,0.95,,,,
B,20,20,115,spline,5,0.1,1.0,0.3,,,,
B,20,20,115,spline,5,0.1,1.0,0.5,,,,
B,20,20,115,spline,5,0.1,1.0,0.95,,,,
B,20,20,115,spline,5,1.0,0.0,0.3,,,,
B,20,20,115,spline,5,1.0,0.0,0.5,,,,
B,20,20,115,spline,5,1.0,0.0,0.95,,,,
B,20,20,115,spline,5,1.0,0.5,0.3,,,,
B,20,20,115,spline,5,1.0,0.5,0.5,,,,
B,20,20,115,spline,5,1.0,0.5,0.95,,,,
B,20,20,115,spline,5,1.0,1.0,0.3,,,,
B,20,20,115,spline,5,1.0,1.0,0.5,,,,
B,20,20,115,spline,5,1.0,1.0,0.95,,,,
B,20,20,120,breslow,3,0.0,0.0,0.3,,,,
B,20,20,120,breslow,3,0.0,0.0,0.5,,,,
B,20,20,120,breslow,3,0.0,0.0,0.95,,,,
B,20,20,120,breslow,3,0.0,0.5,0.3,,,,
B,20,20,120,breslow,3,0.0,0.5,0.5,,,,
B,20,20,120,breslow,3,0.0,0.5,0.95,,,,
B,20,20,120,breslow,3,0.0,1.0,0.3,,,,
B,20,20,120,breslow,3,0.0,1.0,0.5,,,,
B,20,20,120,breslow,3,0.0,1.0,0.95,,,,
B,20,20,120,breslow,3,0.1,0.0,0.3,7230.4727465552305,0.5446323831637121,34.548497333184415,49.47103991894977
B,20,20,120,breslow,3,0.1,0.0,0.5,7332.902686069021,0.5428779793535482,34.578899224437365,49.564677783387346
B,20,20,120,breslow,3,0.1,0.0,0.95,,,,
B,20,20,120,breslow,3,0.1,0.5,0.3,7230.480293796501,0.5445412032071906,34.55166518188418,49.474194062061066
B,20,20,120,breslow,3,0.1,0.5,0.5,7332.902686069021,0.5428779793535482,34.578899224437365,49.564677783387346
B,20,20,120,breslow,3,0.1,0.5,0.95,,,,
B,20,20,120,breslow,3,0.1,1.0,0.3,7230.480293796501,0.5445412032071906,34.55166518188418,49.474194062061066
B,20,20,120,breslow,3,0.1,1.0,0.5,7332.902686069021,0.5428779793535482,34.578899224437365,49.564677783387346
B,20,20,120,breslow,3,0.1,1.0,0.95,,,,
B,20,20,120,breslow,3,1.0,0.0,0.3,7230.480293796501,0.5445412032071906,34.55166518188418,49.474194062061066
B,20,20,120,breslow,3,1.0,0.0,0.5,7332.902686069021,0.5428779793535482,34.578899224437365,49.564677783387346
B,20,20,120,breslow,3,1.0,0.0,0.95,,,,
B,20,20,120,breslow,3,1.0,0.5,0.3,7230.480293796501,0.5445412032071906,34.55166518188418,49.474194062061066
B,20,20,120,breslow,3,1.0,0.5,0.5,7332.902686069021,0.5428779793535482,34.578899224437365,49.564677783387346
B,20,20,120,breslow,3,1.0,0.5,0.95,,,,
B,20,20,120,breslow,3,1.0,1.0,0.3,7230.480293796501,0.5445412032071906,34.55166518188418,49.474194062061066
B,20,20,120,breslow,3,1.0,1.0,0.5,7332.902686069021,0.5428779793535482,34.578899224437365,49.564677783387346
B,20,20,120,breslow,3,1.0,1.0,0.95,,,,
B,20,20,120,breslow,5,0.0,0.0,0.3,,,,
B,20,20,120,breslow,5,0.0,0.0,0.5,,,,
B,20,20,120,breslow,5,0.0,0.0,0.95,,,,
B,20,20,120,breslow,5,0.0,0.5,0.3,,,,
B,20,20,120,breslow,5,0.0,0.5,0.5,,,,
B,20,20,120,breslow,5,0.0,0.5,0.95,,,,
B,20,20,120,breslow,5,0.0,1.0,0.3,,,,
B,20,20,120,breslow,5,0.0,1.0,0.5,,,,
B,20,20,120,breslow,5,0.0,1.0,0.95,,,,
B,20,20,120,breslow,5,0.1,0.0,0.3,7230.4727465552305,0.5446323831637121,34.548497333184415,49.47103991894977
B,20,20,120,breslow,5,0.1,0.0,0.5,7332.902686069021,0.5428779793535482,34.578899224437365,49.564677783387346
B,20,20,120,breslow,5,0.1,0.0,0.95,,,,
B,20,20,120,breslow,5,0.1,0.5,0.3,7230.480293796501,0.5445412032071906,34.55166518188418,49.474194062061066
B,20,20,120,breslow,5,0.1,0.5,0.5,7332.902686069021,0.5428779793535482,34.578899224437365,49.564677783387346
B,20,20,120,breslow,5,0.1,0.5,0.95,,,,
B,20,20,120,breslow,5,0.1,1.0,0.3,7230.480293796501,0.5445412032071906,34.55166518188418,49.474194062061066
B,20,20,120,breslow,5,0.1,1.0,0.5,7332.902686069021,0.5428779793535482,34.578899224437365,49.564677783387346
B,20,20,120,breslow,5,0.1,1.0,0.95,,,,
B,20,20,120,breslow,5,1.0,0.0,0.3,7230.480293796501,0.5445412032071906,34.55166518188418,49.474194062061066
B,20,20,120,breslow,5,1.0,0.0,0.5,7332.902686069021,0.5428779793535482,34.578899224437365,49.564677783387346
B,20,20,120,breslow,5,1.0,0.0,0.95,,,,
B,20,20,120,breslow,5,1.0,0.5,0.3,7230.480293796501,0.5445412032071906,34.55166518188418,49.474194062061066
B,20,20,120,breslow,5,1.0,0.5,0.5,7332.902686069021,0.5428779793535482,34.578899224437365,49.564677783387346
B,20,20,120,breslow,5,1.0,0.5,0.95,,,,
B,20,20,120,breslow,5,1.0,1.0,0.3,7230.480293796501,0.5445412032071906,34.55166518188418,49.474194062061066
B,20,20,120,breslow,5,1.0,1.0,0.5,7332.902686069021,0.5428779793535482,34.578899224437365,49.564677783387346
B,20,20,120,breslow,5,1.0,1.0,0.95,,,,
B,20,20,120,spline,3,0.0,0.0,0.3,,,,
B,20,20,120,spline,3,0.0,0.0,0.5,,,,
B,20,20,120,spline,3,0.0,0.0,0.95,,,,
B,20,20,120,spline,3,0.0,0.5,0.3,,,,
B,20,20,120,spline,3,0.0,0.5,0.5,,,,
B,20,20,120,spline,3,0.0,0.5,0.95,,,,
B,20,20,120,spline,3,0.0,1.0,0.3,,,,
B,20,20,120,spline,3,0.0,1.0,0.5,,,,
B,20,20,120,spline,3,0.0,1.0,0.95,,,,
B,20,20,120,spline,3,0.1,0.0,0.3,,,,
B,20,20,120,spline,3,0.1,0.0,0.5,,,,
B,20,20,120,spline,3,0.1,0.0,0.95,,,,
B,20,20,120,spline,3,0.1,0.5,0.3,,,,
B,20,20,120,spline,3,0.1,0.5,0.5,,,,
B,20,20,120,spline,3,0.1,0.5,0.95,,,,
B,20,20,120,spline,3,0.1,1.0,0.3,,,,
B,20,20,120,spline,3,0.1,1.0,0.5,,,,
B,20,20,120,spline,3,0.1,1.0,0.95,,,,
B,20,20,120,spline,3,1.0,0.0,0.3,,,,
B,20,20,120,spline,3,1.0,0.0,0.5,,,,
B,20,20,120,spline,3,1.0,0.0,0.95,,,,
B,20,20,120,spline,3,1.0,0.5,0.3,,,,
B,20,20,120,spline,3,1.0,0.5,0.5,,,,
B,20,20,120,spline,3,1.0,0.5,0.95,,,,
B,20,20,120,spline,3,1.0,1.0,0.3,,,,
B,20,20,120,spline,3,1.0,1.0,0.5,,,,
B,20,20,120,spline,3,1.0,1.0,0.95,,,,
B,20,20,120,spline,5,0.0,0.0,0.3,,,,
B,20,20,120,spline,5,0.0,0.0,0.5,,,,
B,20,20,120,spline,5,0.0,0.0,0.95,,,,
B,20,20,120,spline,5,0.0,0.5,0.3,,,,
B,20,20,120,spline,5,0.0,0.5,0.5,,,,
B,20,20,120,spline,5,0.0,0.5,0.95,,,,
B,20,20,120,spline,5,0.0,1.0,0.3,,,,
B,20,20,120,spline,5,0.0,1.0,0.5,,,,
B,20,20,120,spline,5,0.0,1.0,0.95,,,,
B,20,20,120,spline,5,0.1,0.0,0.3,,,,
B,20,20,120,spline,5,0.1,0.0,0.5,,,,
B,20,20,120,spline,5,0.1,0.0,0.95,,,,
B,20,20,120,spline,5,0.1,0.5,0.3,,,,
B,20,20,120,spline,5,0.1,0.5,0.5,,,,
B,20,20,120,spline,5,0.1,0.5,0.95,,,,
B,20,20,120,spline,5,0.1,1.0,0.3,,,,
B,20,20,120,spline,5,0.1,1.0,0.5,,,,
B,20,20,120,spline,5,0.1,1.0,0.95,,,,
B,20,20,120,spline,5,1.0,0.0,0.3,,,,
B,20,20,120,spline,5,1.0,0.0,0.5,,,,
B,20,20,120,spline,5,1.0,0.0,0.95,,,,
B,20,20,120,spline,5,1.0,0.5,0.3,,,,
B,20,20,120,spline,5,1.0,0.5,0.5,,,,
B,20,20,120,spline,5,1.0,0.5,0.95,,,,
B,20,20,120,spline,5,1.0,1.0,0.3,,,,
B,20,20,120,spline,5,1.0,1.0,0.5,,,,
B,20,20,120,spline,5,1.0,1.0,0.95,,,,
B,20,20,125,breslow,3,0.0,0.0,0.3,,,,
B,20,20,125,breslow,3,0.0,0.0,0.5,,,,
B,20,20,125,breslow,3,0.0,0.0,0.95,,,,
B,20,20,125,breslow,3,0.0,0.5,0.3,,,,
B,20,20,125,breslow,3,0.0,0.5,0.5,,,,
B,20,20,125,breslow,3,0.0,0.5,0.95,,,,
B,20,20,125,breslow,3,0.0,1.0,0.3,,,,
B,20,20,125,breslow,3,0.0,1.0,0.5,,,,
B,20,20,125,breslow,3,0.0,1.0,0.95,,,,
B,20,20,125,breslow,3,0.1,0.0,0.3,7230.250281562851,0.5433361368224988,32.53343569176259,49.38706349546328
B,20,20,125,breslow,3,0.1,0.0,0.5,7332.669242304352,0.541651147182705,32.55806926150255,49.47776678035592
B,20,20,125,breslow,3,0.1,0.0,0.95,,,,
B,20,20,125,breslow,3,0.1,0.5,0.3,7230.259991730246,0.5432435643867091,32.53840023076969,49.39060149719758
B,20,20,125,breslow,3,0.1,0.5,0.5,7332.669242304352,0.541651147182705,32.55806926150255,49.47776678035592
B,20,20,125,breslow,3,0.1,0.5,0.95,,,,
B,20,20,125,breslow,3,0.1,1.0,0.3,7230.259991730246,0.5432435643867091,32.53840023076969,49.39060149719758
B,20,20,125,breslow,3,0.1,1.0,0.5,7332.669242304352,0.541651147182705,32.55806926150255,49.47776678035592
B,20,20,125,breslow,3,0.1,1.0,0.95,,,,
B,20,20,125,breslow,3,1.0,0.0,0.3,7230.259991730246,0.5432435643867091,32.53840023076969,49.39060149719758
B,20,20,125,breslow,3,1.0,0.0,0.5,7332.669242304352,0.541651147182705,32.55806926150255,49.47776678035592
B,20,20,125,breslow,3,1.0,0.0,0.95,,,,
B,20,20,125,breslow,3,1.0,0.5,0.3,7230.259991730246,0.5432435643867091,32.53840023076969,49.39060149719758
B,20,20,125,breslow,3,1.0,0.5,0.5,7332.669242304352,0.541651147182705,32.55806926150255,49.47776678035592
B,20,20,125,breslow,3,1.0,0.5,0.95,,,,
B,20,20,125,breslow,3,1.0,1.0,0.3,7230.259991730246,0.5432435643867091,32.53840023076969,49.39060149719758
B,20,20,125,breslow,3,1.0,1.0,0.5,7332.669242304352,0.541651147182705,32.55806926150255,49.47776678035592
B,20,20,125,breslow,3,1.0,1.0,0.95,,,,
B,20,20,125,breslow,5,0.0,0.0,0.3,,,,
B,20,20,125,breslow,5,0.0,0.0,0.5,,,,
B,20,20,125,breslow,5,0.0,0.0,0.95,,,,
B,20,20,125,breslow,5,0.0,0.5,0.3,,,,
B,20,20,125,breslow,5,0.0,0.5,0.5,,,,
B,20,20,125,breslow,5,0.0,0.5,0.95,,,,
B,20,20,125,breslow,5,0.0,1.0,0.3,,,,
B,20,20,125,breslow,5,0.0,1.0,0.5,,,,
B,20,20,125,breslow,5,0.0,1.0,0.95,,,,
B,20,20,125,breslow,5,0.1,0.0,0.3,7230.250281562851,0.5433361368224988,32.53343569176259,49.38706349546328
B,20,20,125,breslow,5,0.1,0.0,0.5,7332.669242304352,0.541651147182705,32.55806926150255,49.47776678035592
B,20,20,125,breslow,5,0.1,0.0,0.95,,,,
B,20,20,125,breslow,5,0.1,0.5,0.3,7230.259991730246,0.5432435643867091,32.53840023076969,49.39060149719758
B,20,20,125,breslow,5,0.1,0.5,0.5,7332.669242304352,0.541651147182705,32.55806926150255,49.47776678035592
B,20,20,125,breslow,5,0.1,0.5,0.95,,,,
B,20,20,125,breslow,5,0.1,1.0,0.3,7230.259991730246,0.5432435643867091,32.53840023076969,49.39060149719758
B,20,20,125,breslow,5,0.1,1.0,0.5,7332.669242304352,0.541651147182705,32.55806926150255,49.47776678035592
B,20,20,125,breslow,5,0.1,1.0,0.95,,,,
B,20,20,125,breslow,5,1.0,0.0,0.3,7230.259991730246,0.5432435643867091,32.53840023076969,49.39060149719758
B,20,20,125,breslow,5,1.0,0.0,0.5,7332.669242304352,0.541651147182705,32.55806926150255,49.47776678035592
B,20,20,125,breslow,5,1.0,0.0,0.95,,,,
B,20,20,125,breslow,5,1.0,0.5,0.3,7230.259991730246,0.5432435643867091,32.53840023076969,49.39060149719758
B,20,20,125,breslow,5,1.0,0.5,0.5,7332.669242304352,0.541651147182705,32.55806926150255,49.47776678035592
B,20,20,125,breslow,5,1.0,0.5,0.95,,,,
B,20,20,125,breslow,5,1.0,1.0,0.3,7230.259991730246,0.5432435643867091,32.53840023076969,49.39060149719758
B,20,20,125,breslow,5,1.0,1.0,0.5,7332.669242304352,0.541651147182705,32.55806926150255,49.47776678035592
B,20,20,125,breslow,5,1.0,1.0,0.95,,,,
B,20,20,125,spline,3,0.0,0.0,0.3,,,,
B,20,20,125,spline,3,0.0,0.0,0.5,,,,
B,20,20,125,spline,3,0.0,0.0,0.95,,,,
B,20,20,125,spline,3,0.0,0.5,0.3,,,,
B,20,20,125,spline,3,0.0,0.5,0.5,,,,
B,20,20,125,spline,3,0.0,0.5,0.95,,,,
B,20,20,125,spline,3,0.0,1.0,0.3,,,,
B,20,20,125,spline,3,0.0,1.0,0.5,,,,
B,20,20,125,spline,3,0.0,1.0,0.95,,,,
B,20,20,125,spline,3,0.1,0.0,0.3,,,,
B,20,20,125,spline,3,0.1,0.0,0.5,,,,
B,20,20,125,spline,3,0.1,0.0,0.95,,,,
B,20,20,125,spline,3,0.1,0.5,0.3,,,,
B,20,20,125,spline,3,0.1,0.5,0.5,,,,
B,20,20,125,spline,3,0.1,0.5,0.95,,,,
B,20,20,125,spline,3,0.1,1.0,0.3,,,,
B,20,20,125,spline,3,0.1,1.0,0.5,,,,
B,20,20,125,spline,3,0.1,1.0,0.95,,,,
B,20,20,125,spline,3,1.0,0.0,0.3,,,,
B,20,20,125,spline,3,1.0,0.0,0.5,,,,
B,20,20,125,spline,3,1.0,0.0,0.95,,,,
B,20,20,125,spline,3,1.0,0.5,0.3,,,,
B,20,20,125,spline,3,1.0,0.5,0.5,,,,
B,20,20,125,spline,3,1.0,0.5,0.95,,,,
B,20,20,125,spline,3,1.0,1.0,0.3,,,,
B,20,20,125,spline,3,1.0,1.0,0.5,,,,
B,20,20,125,spline,3,1.0,1.0,0.95,,,,
B,20,20,125,spline,5,0.0,0.0,0.3,,,,
B,20,20,125,spline,5,0.0,0.0,0.5,,,,
B,20,20,125,spline,5,0.0,0.0,0.95,,,,
B,20,20,125,spline,5,0.0,0.5,0.3,,,,
B,20,20,125,spline,5,0.0,0.5,0.5,,,,
B,20,20,125,spline,5,0.0,0.5,0.95,,,,
B,20,20,125,spline,5,0.0,1.0,0.3,,,,
B,20,20,125,spline,5,0.0,1.0,0.5,,,,
B,20,20,125,spline,5,0.0,1.0,0.95,,,,
B,20,20,125,spline,5,0.1,0.0,0.3,,,,
B,20,20,125,spline,5,0.1,0.0,0.5,,,,
B,20,20,125,spline,5,0.1,0.0,0.95,,,,
B,20,20,125,spline,5,0.1,0.5,0.3,,,,
B,20,20,125,spline,5,0.1,0.5,0.5,,,,
B,20,20,125,spline,5,0.1,0.5,0.95,,,,
B,20,20,125,spline,5,0.1,1.0,0.3,,,,
B,20,20,125,spline,5,0.1,1.0,0.5,,,,
B,20,20,125,spline,5,0.1,1.0,0.95,,,,
B,20,20,125,spline,5,1.0,0.0,0.3,,,,
B,20,20,125,spline,5,1.0,0.0,0.5,,,,
B,20,20,125,spline,5,1.0,0.0,0.95,,,,
B,20,20,125,spline,5,1.0,0.5,0.3,,,,
B,20,20,125,spline,5,1.0,0.5,0.5,,,,
B,20,20,125,spline,5,1.0,0.5,0.95,,,,
B,20,20,125,spline,5,1.0,1.0,0.3,,,,
B,20,20,125,spline,5,1.0,1.0,0.5,,,,
B,20,20,125,spline,5,1.0,1.0,0.95,,,,
B,25,10,115,breslow,3,0.0,0.0,0.3,,,,
B,25,10,115,breslow,3,0.0,0.0,0.5,,,,
B,25,10,115,breslow,3,0.0,0.0,0.95,,,,
B,25,10,115,breslow,3,0.0,0.5,0.3,,,,
B,25,10,115,breslow,3,0.0,0.5,0.5,,,,
B,25,10,115,breslow,3,0.0,0.5,0.95,,,,
B,25,10,115,breslow,3,0.0,1.0,0.3,,,,
B,25,10,115,breslow,3,0.0,1.0,0.5,,,,
B,25,10,115,breslow,3,0.0,1.0,0.95,,,,
B,25,10,115,breslow,3,0.1,0.0,0.3,7478.15571185553,0.5459371082391782,37.62563202047807,50.59136374000541
B,25,10,115,breslow,3,0.1,0.0,0.5,7584.116015113768,0.5440663591916233,37.67286918429225,50.694544799673075
B,25,10,115,breslow,3,0.1,0.0,0.95,,,,
B,25,10,115,breslow,3,0.1,0.5,0.3,7478.175379600763,0.5457838986995048,37.63687896424335,50.59919988346058
B,25,10,115,breslow,3,0.1,0.5,0.5,7584.116015113768,0.5440663591916233,37.67286918429225,50.694544799673075
B,25,10,115,breslow,3,0.1,0.5,0.95,,,,
B,25,10,115,breslow,3,0.1,1.0,0.3,7478.175379600763,0.5457838986995048,37.63687896424335,50.59919988346058
B,25,10,115,breslow,3,0.1,1.0,0.5,7584.116015113768,0.5440663591916233,37.67286918429225,50.694544799673075
B,25,10,115,breslow,3,0.1,1.0,0.95,,,,
B,25,10,115,breslow,3,1.0,0.0,0.3,7478.175379600763,0.5457838986995048,37.63687896424335,50.59919988346058
B,25,10,115,breslow,3,1.0,0.0,0.5,7584.116015113768,0.5440663591916233,37.67286918429225,50.694544799673075
B,25,10,115,breslow,3,1.0,0.0,0.95,,,,
B,25,10,115,breslow,3,1.0,0.5,0.3,7478.175379600763,0.5457838986995048,37.63687896424335,50.59919988346058
B,25,10,115,breslow,3,1.0,0.5,0.5,7584.116015113768,0.5440663591916233,37.67286918429225,50.694544799673075
B,25,10,115,breslow,3,1.0,0.5,0.95,,,,
B,25,10,115,breslow,3,1.0,1.0,0.3,7478.175379600763,0.5457838986995048,37.63687896424335,50.59919988346058
B,25,10,115,breslow,3,1.0,1.0,0.5,7584.116015113768,0.5440663591916233,37.67286918429225,50.694544799673075
B,25,10,115,breslow,3,1.0,1.0,0.95,,,,
B,25,10,115,breslow,5,0.0,0.0,0.3,,,,
B,25,10,115,breslow,5,0.0,0.0,0.5,,,,
B,25,10,115,breslow,5,0.0,0.0,0.95,,,,
B,25,10,115,breslow,5,0.0,0.5,0.3,,,,
B,25,10,115,breslow,5,0.0,0.5,0.5,,,,
B,25,10,115,breslow,5,0.0,0.5,0.95,,,,
B,25,10,115,breslow,5,0.0,1.0,0.3,,,,
B,25,10,115,breslow,5,0.0,1.0,0.5,,,,
B,25,10,115,breslow,5,0.0,1.0,0.95,,,,
B,25,10,115,breslow,5,0.1,0.0,0.3,7478.15571185553,0.5459371082391782,37.62563202047807,50.59136374000541
B,25,10,115,breslow,5,0.1,0.0,0.5,7584.116015113768,0.5440663591916233,37.67286918429225,50.694544799673075
B,25,10,115,breslow,5,0.1,0.0,0.95,,,,
B,25,10,115,breslow,5,0.1,0.5,0.3,7478.175379600763,0.5457838986995048,37.63687896424335,50.59919988346058
B,25,10,115,breslow,5,0.1,0.5,0.5,7584.116015113768,0.5440663591916233,37.67286918429225,50.694544799673075
B,25,10,115,breslow,5,0.1,0.5,0.95,,,,
B,25,10,115,breslow,5,0.1,1.0,0.3,7478.175379600763,0.5457838986995048,37.63687896424335,50.59919988346058
B,25,10,115,breslow,5,0.1,1.0,0.5,7584.116015113768,0.5440663591916233,37.67286918429225,50.694544799673075
B,25,10,115,breslow,5,0.1,1.0,0.95,,,,
B,25,10,115,breslow,5,1.0,0.0,0.3,7478.175379600763,0.5457838986995048,37.63687896424335,50.59919988346058
B,25,10,115,breslow,5,1.0,0.0,0.5,7584.116015113768,0.5440663591916233,37.67286918429225,50.694544799673075
B,25,10,115,breslow,5,1.0,0.0,0.95,,,,
B,25,10,115,breslow,5,1.0,0.5,0.3,7478.175379600763,0.5457838986995048,37.63687896424335,50.59919988346058
B,25,10,115,breslow,5,1.0,0.5,0.5,7584.116015113768,0.5440663591916233,37.67286918429225,50.694544799673075
B,25,10,115,breslow,5,1.0,0.5,0.95,,,,
B,25,10,115,breslow,5,1.0,1.0,0.3,7478.175379600763,0.5457838986995048,37.63687896424335,50.59919988346058
B,25,10,115,breslow,5,1.0,1.0,0.5,7584.116015113768,0.5440663591916233,37.67286918429225,50.694544799673075
B,25,10,115,breslow,5,1.0,1.0,0.95,,,,
B,25,10,115,spline,3,0.0,0.0,0.3,,,,
B,25,10,115,spline,3,0.0,0.0,0.5,,,,
B,25,10,115,spline,3,0.0,0.0,0.95,,,,
B,25,10,115,spline,3,0.0,0.5,0.3,,,,
B,25,10,115,spline,3,0.0,0.5,0.5,,,,
B,25,10,115,spline,3,0.0,0.5,0.95,,,,
B,25,10,115,spline,3,0.0,1.0,0.3,,,,
B,25,10,115,spline,3,0.0,1.0,0.5,,,,
B,25,10,115,spline,3,0.0,1.0,0.95,,,,
B,25,10,115,spline,3,0.1,0.0,0.3,,,,
B,25,10,115,spline,3,0.1,0.0,0.5,,,,
B,25,10,115,spline,3,0.1,0.0,0.95,,,,
B,25,10,115,spline,3,0.1,0.5,0.3,,,,
B,25,10,115,spline,3,0.1,0.5,0.5,,,,
B,25,10,115,spline,3,0.1,0.5,0.95,,,,
B,25,10,115,spline,3,0.1,1.0,0.3,,,,
B,25,10,115,spline,3,0.1,1.0,0.5,,,,
B,25,10,115,spline,3,0.1,1.0,0.95,,,,
B,25,10,115,spline,3,1.0,0.0,0.3,,,,
B,25,10,115,spline,3,1.0,0.0,0.5,,,,
B,25,10,115,spline,3,1.0,0.0,0.95,,,,
B,25,10,115,spline,3,1.0,0.5,0.3,,,,
B,25,10,115,spline,3,1.0,0.5,0.5,,,,
B,25,10,115,spline,3,1.0,0.5,0.95,,,,
B,25,10,115,spline,3,1.0,1.0,0.3,,,,
B,25,10,115,spline,3,1.0,1.0,0.5,,,,
B,25,10,115,spline,3,1.0,1.0,0.95,,,,
B,25,10,115,spline,5,0.0,0.0,0.3,,,,
B,25,10,115,spline,5,0.0,0.0,0.5,,,,
B,25,10,115,spline,5,0.0,0.0,0.95,,,,
B,25,10,115,spline,5,0.0,0.5,0.3,,,,
B,25,10,115,spline,5,0.0,0.5,0.5,,,,
B,25,10,115,spline,5,0.0,0.5,0.95,,,,
B,25,10,115,spline,5,0.0,1.0,0.3,,,,
B,25,10,115,spline,5,0.0,1.0,0.5,,,,
B,25,10,115,spline,5,0.0,1.0,0.95,,,,
B,25,10,115,spline,5,0.1,0.0,0.3,,,,
B,25,10,115,spline,5,0.1,0.0,0.5,,,,
B,25,10,115,spline,5,0.1,0.0,0.95,,,,
B,25,10,115,spline,5,0.1,0.5,0.3,,,,
B,25,10,115,spline,5,0.1,0.5,0.5,,,,
B,25,10,115,spline,5,0.1,0.5,0.95,,,,
B,25,10,115,spline,5,0.1,1.0,0.3,,,,
B,25,10,115,spline,5,0.1,1.0,0.5,,,,
B,25,10,115,spline,5,0.1,1.0,0.95,,,,
B,25,10,115,spline,5,1.0,0.0,0.3,,,,
B,25,10,115,spline,5,1.0,0.0,0.5,,,,
B,25,10,115,spline,5,1.0,0.0,0.95,,,,
B,25,10,115,spline,5,1.0,0.5,0.3,,,,
B,25,10,115,spline,5,1.0,0.5,0.5,,,,
B,25,10,115,spline,5,1.0,0.5,0.95,,,,
B,25,10,115,spline,5,1.0,1.0,0.3,,,,
B,25,10,115,spline,5,1.0,1.0,0.5,,,,
B,25,10,115,spline,5,1.0,1.0,0.95,,,,
B,25,10,120,breslow,3,0.0,0.0,0.3,,,,
B,25,10,120,breslow,3,0.0,0.0,0.5,,,,
B,25,10,120,breslow,3,0.0,0.0,0.95,,,,
B,25,10,120,breslow,3,0.0,0.5,0.3,,,,
B,25,10,120,breslow,3,0.0,0.5,0.5,,,,
B,25,10,120,breslow,3,0.0,0.5,0.95,,,,
B,25,10,120,breslow,3,0.0,1.0,0.3,,,,
B,25,10,120,breslow,3,0.0,1.0,0.5,,,,
B,25,10,120,breslow,3,0.0,1.0,0.95,,,,
B,25,10,120,breslow,3,0.1,0.0,0.3,7477.741280757813,0.5444895495161262,35.5474105330026,50.29543270525037
B,25,10,120,breslow,3,0.1,0.0,0.5,7583.692596642146,0.5426912949106195,35.58877972615663,50.39645488270408
B,25,10,120,breslow,3,0.1,0.0,0.95,,,,
B,25,10,120,breslow,3,0.1,0.5,0.3,7477.764303411643,0.5443340015533689,35.56061346698793,50.304419236514015
B,25,10,120,breslow,3,0.1,0.5,0.5,7583.692596642146,0.5426912949106195,35.58877972615663,50.39645488270408
B,25,10,120,breslow,3,0.1,0.5,0.95,,,,
B,25,10,120,breslow,3,0.1,1.0,0.3,7477.764303411643,0.5443340015533689,35.56061346698793,50.304419236514015
B,25,10,120,breslow,3,0.1,1.0,0.5,7583.692596642146,0.5426912949106195,35.58877972615663,50.39645488270408
B,25,10,120,breslow,3,0.1,1.0,0.95,,,,
B,25,10,120,breslow,3,1.0,0.0,0.3,7477.764303411643,0.5443340015533689,35.56061346698793,50.304419236514015
B,25,10,120,breslow,3,1.0,0.0,0.5,7583.692596642146,0.5426912949106195,35.58877972615663,50.39645488270408
B,25,10,120,breslow,3,1.0,0.0,0.95,,,,
B,25,10,120,breslow,3,1.0,0.5,0.3,7477.764303411643,0.5443340015533689,35.56061346698793,50.304419236514015
B,25,10,120,breslow,3,1.0,0.5,0.5,7583.692596642146,0.5426912949106195,35.58877972615663,50.39645488270408
B,25,10,120,breslow,3,1.0,0.5,0.95,,,,
B,25,10,120,breslow,3,1.0,1.0,0.3,7477.764303411643,0.5443340015533689,35.56061346698793,50.304419236514015
B,25,10,120,breslow,3,1.0,1.0,0.5,7583.692596642146,0.5426912949106195,35.58877972615663,50.39645488270408
B,25,10,120,breslow,3,1.0,1.0,0.95,,,,
B,25,10,120,breslow,5,0.0,0.0,0.3,,,,
B,25,10,120,breslow,5,0.0,0.0,0.5,,,,
B,25,10,120,breslow,5,0.0,0.0,0.95,,,,
B,25,10,120,breslow,5,0.0,0.5,0.3,,,,
B,25,10,120,breslow,5,0.0,0.5,0.5,,,,
B,25,10,120,breslow,5,0.0,0.5,0.95,,,,
B,25,10,120,breslow,5,0.0,1.0,0.3,,,,
B,25,10,120,breslow,5,0.0,1.0,0.5,,,,
B,25,10,120,breslow,5,0.0,1.0,0.95,,,,
B,25,10,120,breslow,5,0.1,0.0,0.3,7477.741280757813,0.5444895495161262,35.5474105330026,50.29543270525037
B,25,10,120,breslow,5,0.1,0.0,0.5,7583.692596642146,0.5426912949106195,35.58877972615663,50.39645488270408
B,25,10,120,breslow,5,0.1,0.0,0.95,,,,
B,25,10,120,breslow,5,0.1,0.5,0.3,7477.764303411643,0.5443340015533689,35.56061346698793,50.304419236514015
B,25,10,120,breslow,5,0.1,0.5,0.5,7583.692596642146,0.5426912949106195,35.58877972615663,50.39645488270408
B,25,10,120,breslow,5,0.1,0.5,0.95,,,,
B,25,10,120,breslow,5,0.1,1.0,0.3,7477.764303411643,0.5443340015533689,35.56061346698793,50.304419236514015
B,25,10,120,breslow,5,0.1,1.0,0.5,7583.692596642146,0.5426912949106195,35.58877972615663,50.39645488270408
B,25,10,120,breslow,5,0.1,1.0,0.95,,,,
B,25,10,120,breslow,5,1.0,0.0,0.3,7477.764303411643,0.5443340015533689,35.56061346698793,50.304419236514015
B,25,10,120,breslow,5,1.0,0.0,0.5,7583.692596642146,0.5426912949106195,35.58877972615663,50.39645488270408
B,25,10,120,breslow,5,1.0,0.0,0.95,,,,
B,25,10,120,breslow,5,1.0,0.5,0.3,7477.764303411643,0.5443340015533689,35.56061346698793,50.304419236514015
B,25,10,120,breslow,5,1.0,0.5,0.5,7583.692596642146,0.5426912949106195,35.58877972615663,50.39645488270408
B,25,10,120,breslow,5,1.0,0.5,0.95,,,,
B,25,10,120,breslow,5,1.0,1.0,0.3,7477.764303411643,0.5443340015533689,35.56061346698793,50.304419236514015
B,25,10,120,breslow,5,1.0,1.0,0.5,7583.692596642146,0.5426912949106195,35.58877972615663,50.39645488270408
B,25,10,120,breslow,5,1.0,1.0,0.95,,,,
B,25,10,120,spline,3,0.0,0.0,0.3,,,,
B,25,10,120,spline,3,0.0,0.0,0.5,,,,
B,25,10,120,spline,3,0.0,0.0,0.95,,,,
B,25,10,120,spline,3,0.0,0.5,0.3,,,,
B,25,10,120,spline,3,0.0,0.5,0.5,,,,
B,25,10,120,spline,3,0.0,0.5,0.95,,,,
B,25,10,120,spline,3,0.0,1.0,0.3,,,,
B,25,10,120,spline,3,0.0,1.0,0.5,,,,
B,25,10,120,spline,3,0.0,1.0,0.95,,,,
B,25,10,120,spline,3,0.1,0.0,0.3,,,,
B,25,10,120,spline,3,0.1,0.0,0.5,,,,
B,25,10,120,spline,3,0.1,0.0,0.95,,,,
B,25,10,120,spline,3,0.1,0.5,0.3,,,,
B,25,10,120,spline,3,0.1,0.5,0.5,,,,
B,25,10,120,spline,3,0.1,0.5,0.95,,,,
B,25,10,120,spline,3,0.1,1.0,0.3,,,,
B,25,10,120,spline,3,0.1,1.0,0.5,,,,
B,25,10,120,spline,3,0.1,1.0,0.95,,,,
B,25,10,120,spline,3,1.0,0.0,0.3,,,,
B,25,10,120,spline,3,1.0,0.0,0.5,,,,
B,25,10,120,spline,3,1.0,0.0,0.95,,,,
B,25,10,120,spline,3,1.0,0.5,0.3,,,,
B,25,10,120,spline,3,1.0,0.5,0.5,,,,
B,25,10,120,spline,3,1.0,0.5,0.95,,,,
B,25,10,120,spline,3,1.0,1.0,0.3,,,,
B,25,10,120,spline,3,1.0,1.0,0.5,,,,
B,25,10,120,spline,3,1.0,1.0,0.95,,,,
B,25,10,120,spline,5,0.0,0.0,0.3,,,,
B,25,10,120,spline,5,0.0,0.0,0.5,,,,
B,25,10,120,spline,5,0.0,0.0,0.95,,,,
B,25,10,120,spline,5,0.0,0.5,0.3,,,,
B,25,10,120,spline,5,0.0,0.5,0.5,,,,
B,25,10,120,spline,5,0.0,0.5,0.95,,,,
B,25,10,120,spline,5,0.0,1.0,0.3,,,,
B,25,10,120,spline,5,0.0,1.0,0.5,,,,
B,25,10,120,spline,5,0.0,1.0,0.95,,,,
B,25,10,120,spline,5,0.1,0.0,0.3,,,,
B,25,10,120,spline,5,0.1,0.0,0.5,,,,
B,25,10,120,spline,5,0.1,0.0,0.95,,,,
B,25,10,120,spline,5,0.1,0.5,0.3,,,,
B,25,10,120,spline,5,0.1,0.5,0.5,,,,
B,25,10,120,spline,5,0.1,0.5,0.95,,,,
B,25,10,120,spline,5,0.1,1.0,0.3,,,,
B,25,10,120,spline,5,0.1,1.0,0.5,,,,
B,25,10,120,spline,5,0.1,1.0,0.95,,,,
B,25,10,120,spline,5,1.0,0.0,0.3,,,,
B,25,10,120,spline,5,1.0,0.0,0.5,,,,
B,25,10,120,spline,5,1.0,0.0,0.95,,,,
B,25,10,120,spline,5,1.0,0.5,0.3,,,,
B,25,10,120,spline,5,1.0,0.5,0.5,,,,
B,25,10,120,spline,5,1.0,0.5,0.95,,,,
B,25,10,120,spline,5,1.0,1.0,0.3,,,,
B,25,10,120,spline,5,1.0,1.0,0.5,,,,
B,25,10,120,spline,5,1.0,1.0,0.95,,,,
B,25,10,125,breslow,3,0.0,0.0,0.3,,,,
B,25,10,125,breslow,3,0.0,0.0,0.5,,,,
B,25,10,125,breslow,3,0.0,0.0,0.95,,,,
B,25,10,125,breslow,3,0.0,0.5,0.3,,,,
B,25,10,125,breslow,3,0.0,0.5,0.5,,,,
B,25,10,125,breslow,3,0.0,0.5,0.95,,,,
B,25,10,125,breslow,3,0.0,1.0,0.3,,,,
B,25,10,125,breslow,3,0.0,1.0,0.5,,,,
B,25,10,125,breslow,3,0.0,1.0,0.95,,,,
B,25,10,125,breslow,3,0.1,0.0,0.3,7477.531281601792,0.5432517015884127,33.63064280438771,50.21772867951415
B,25,10,125,breslow,3,0.1,0.0,0.5,7583.472895803864,0.5415205359092371,33.666144026881604,50.316398354048914
B,25,10,125,breslow,3,0.1,0.0,0.95,,,,
B,25,10,125,breslow,3,0.1,0.5,0.3,7477.558194109862,0.5430950950089966,33.64580172859309,50.22775319621904
B,25,10,125,breslow,3,0.1,0.5,0.5,7583.472895803864,0.5415205359092371,33.666144026881604,50.316398354048914
B,25,10,125,breslow,3,0.1,0.5,0.95,,,,
B,25,10,125,breslow,3,0.1,1.0,0.3,7477.558194109862,0.5430950950089966,33.64580172859309,50.22775319621904
B,25,10,125,breslow,3,0.1,1.0,0.5,7583.472895803864,0.5415205359092371,33.666144026881604,50.316398354048914
B,25,10,125,breslow,3,0.1,1.0,0.95,,,,
B,25,10,125,breslow,3,1.0,0.0,0.3,7477.558194109862,0.5430950950089966,33.64580172859309,50.22775319621904
B,25,10,125,breslow,3,1.0,0.0,0.5,7583.472895803864,0.5415205359092371,33.666144026881604,50.316398354048914
B,25,10,125,breslow,3,1.0,0.0,0.95,,,,
B,25,10,125,breslow,3,1.0,0.5,0.3,7477.558194109862,0.5430950950089966,33.64580172859309,50.22775319621904
B,25,10,125,breslow,3,1.0,0.5,0.5,7583.472895803864,0.5415205359092371,33.666144026881604,50.316398354048914
B,25,10,125,breslow,3,1.0,0.5,0.95,,,,
B,25,10,125,breslow,3,1.0,1.0,0.3,7477.558194109862,0.5430950950089966,33.64580172859309,50.22775319621904
B,25,10,125,breslow,3,1.0,1.0,0.5,7583.472895803864,0.5415205359092371,33.666144026881604,50.316398354048914
B,25,10,125,breslow,3,1.0,1.0,0.95,,,,
B,25,10,125,breslow,5,0.0,0.0,0.3,,,,
B,25,10,125,breslow,5,0.0,0.0,0.5,,,,
B,25,10,125,breslow,5,0.0,0.0,0.95,,,,
B,25,10,125,breslow,5,0.0,0.5,0.3,,,,
B,25,10,125,breslow,5,0.0,0.5,0.5,,,,
B,25,10,125,breslow,5,0.0,0.5,0.95,,,,
B,25,10,125,breslow,5,0.0,1.0,0.3,,,,
B,25,10,125,breslow,5,0.0,1.0,0.5,,,,
B,25,10,125,breslow,5,0.0,1.0,0.95,,,,
B,25,10,125,breslow,5,0.1,0.0,0.3,7477.531281601792,0.5432517015884127,33.63064280438771,50.21772867951415
B,25,10,125,breslow,5,0.1,0.0,0.5,7583.472895803864,0.5415205359092371,33.666144026881604,50.316398354048914
B,25,10,125,breslow,5,0.1,0.0,0.95,,,,
B,25,10,125,breslow,5,0.1,0.5,0.3,7477.558194109862,0.5430950950089966,33.64580172859309,50.22775319621904
B,25,10,125,breslow,5,0.1,0.5,0.5,7583.472895803864,0.5415205359092371,33.666144026881604,50.316398354048914
B,25,10,125,breslow,5,0.1,0.5,0.95,,,,
B,25,10,125,breslow,5,0.1,1.0,0.3,7477.558194109862,0.5430950950089966,33.64580172859309,50.22775319621904
B,25,10,125,breslow,5,0.1,1.0,0.5,7583.472895803864,0.5415205359092371,33.666144026881604,50.316398354048914
B,25,10,125,breslow,5,0.1,1.0,0.95,,,,
B,25,10,125,breslow,5,1.0,0.0,0.3,7477.558194109862,0.5430950950089966,33.64580172859309,50.22775319621904
B,25,10,125,breslow,5,1.0,0.0,0.5,7583.472895803864,0.5415205359092371,33.666144026881604,50.316398354048914
B,25,10,125,breslow,5,1.0,0.0,0.95,,,,
B,25,10,125,breslow,5,1.0,0.5,0.3,7477.558194109862,0.5430950950089966,33.64580172859309,50.22775319621904
B,25,10,125,breslow,5,1.0,0.5,0.5,7583.472895803864,0.5415205359092371,33.666144026881604,50.316398354048914
B,25,10,125,breslow,5,1.0,0.5,0.95,,,,
B,25,10,125,breslow,5,1.0,1.0,0.3,7477.558194109862,0.5430950950089966,33.64580172859309,50.22775319621904
B,25,10,125,breslow,5,1.0,1.0,0.5,7583.472895803864,0.5415205359092371,33.666144026881604,50.316398354048914
B,25,10,125,breslow,5,1.0,1.0,0.95,,,,
B,25,10,125,spline,3,0.0,0.0,0.3,,,,
B,25,10,125,spline,3,0.0,0.0,0.5,,,,
B,25,10,125,spline,3,0.0,0.0,0.95,,,,
B,25,10,125,spline,3,0.0,0.5,0.3,,,,
B,25,10,125,spline,3,0.0,0.5,0.5,,,,
B,25,10,125,spline,3,0.0,0.5,0.95,,,,
B,25,10,125,spline,3,0.0,1.0,0.3,,,,
B,25,10,125,spline,3,0.0,1.0,0.5,,,,
B,25,10,125,spline,3,0.0,1.0,0.95,,,,
B,25,10,125,spline,3,0.1,0.0,0.3,,,,
B,25,10,125,spline,3,0.1,0.0,0.5,,,,
B,25,10,125,spline,3,0.1,0.0,0.95,,,,
B,25,10,125,spline,3,0.1,0.5,0.3,,,,
B,25,10,125,spline,3,0.1,0.5,0.5,,,,
B,25,10,125,spline,3,0.1,0.5,0.95,,,,
B,25,10,125,spline,3,0.1,1.0,0.3,,,,
B,25,10,125,spline,3,0.1,1.0,0.5,,,,
B,25,10,125,spline,3,0.1,1.0,0.95,,,,
B,25,10,125,spline,3,1.0,0.0,0.3,,,,
B,25,10,125,spline,3,1.0,0.0,0.5,,,,
B,25,10,125,spline,3,1.0,0.0,0.95,,,,
B,25,10,125,spline,3,1.0,0.5,0.3,,,,
B,25,10,125,spline,3,1.0,0.5,0.5,,,,
B,25,10,125,spline,3,1.0,0.5,0.95,,,,
B,25,10,125,spline,3,1.0,1.0,0.3,,,,
B,25,10,125,spline,3,1.0,1.0,0.5,,,,
B,25,10,125,spline,3,1.0,1.0,0.95,,,,
B,25,10,125,spline,5,0.0,0.0,0.3,,,,
B,25,10,125,spline,5,0.0,0.0,0.5,,,,
B,25,10,125,spline,5,0.0,0.0,0.95,,,,
B,25,10,125,spline,5,0.0,0.5,0.3,,,,
B,25,10,125,spline,5,0.0,0.5,0.5,,,,
B,25,10,125,spline,5,0.0,0.5,0.95,,,,
B,25,10,125,spline,5,0.0,1.0,0.3,,,,
B,25,10,125,spline,5,0.0,1.0,0.5,,,,
B,25,10,125,spline,5,0.0,1.0,0.95,,,,
B,25,10,125,spline,5,0.1,0.0,0.3,,,,
B,25,10,125,spline,5,0.1,0.0,0.5,,,,
B,25,10,125,spline,5,0.1,0.0,0.95,,,,
B,25,10,125,spline,5,0.1,0.5,0.3,,,,
B,25,10,125,spline,5,0.1,0.5,0.5,,,,
B,25,10,125,spline,5,0.1,0.5,0.95,,,,
B,25,10,125,spline,5,0.1,1.0,0.3,,,,
B,25,10,125,spline,5,0.1,1.0,0.5,,,,
B,25,10,125,spline,5,0.1,1.0,0.95,,,,
B,25,10,125,spline,5,1.0,0.0,0.3,,,,
B,25,10,125,spline,5,1.0,0.0,0.5,,,,
B,25,10,125,spline,5,1.0,0.0,0.95,,,,
B,25,10,125,spline,5,1.0,0.5,0.3,,,,
B,25,10,125,spline,5,1.0,0.5,0.5,,,,
B,25,10,125,spline,5,1.0,0.5,0.95,,,,
B,25,10,125,spline,5,1.0,1.0,0.3,,,,
B,25,10,125,spline,5,1.0,1.0,0.5,,,,
B,25,10,125,spline,5,1.0,1.0,0.95,,,,
B,25,15,115,breslow,3,0.0,0.0,0.3,,,,
B,25,15,115,breslow,3,0.0,0.0,0.5,,,,
B,25,15,115,breslow,3,0.0,0.0,0.95,,,,
B,25,15,115,breslow,3,0.0,0.5,0.3,,,,
B,25,15,115,breslow,3,0.0,0.5,0.5,,,,
B,25,15,115,breslow,3,0.0,0.5,0.95,,,,
B,25,15,115,breslow,3,0.0,1.0,0.3,,,,
B,25,15,115,breslow,3,0.0,1.0,0.5,,,,
B,25,15,115,breslow,3,0.0,1.0,0.95,,,,
B,25,15,115,breslow,3,0.1,0.0,0.3,7478.311464139774,0.5459400119903848,37.62612101803308,50.59245591335842
B,25,15,115,breslow,3,0.1,0.0,0.5,7584.116015113768,0.5440663591916233,37.67286918429225,50.694544799673075
B,25,15,115,breslow,3,0.1,0.0,0.95,,,,
B,25,15,115,breslow,3,0.1,0.5,0.3,7478.175379600763,0.5457838986995048,37.63687896424335,50.59919988346058
B,25,15,115,breslow,3,0.1,0.5,0.5,7584.116015113768,0.5440663591916233,37.67286918429225,50.694544799673075
B,25,15,115,breslow,3,0.1,0.5,0.95,,,,
B,25,15,115,breslow,3,0.1,1.0,0.3,7478.175379600763,0.5457838986995048,37.63687896424335,50.59919988346058
B,25,15,115,breslow,3,0.1,1.0,0.5,7584.116015113768,0.5440663591916233,37.67286918429225,50.694544799673075
B,25,15,115,breslow,3,0.1,1.0,0.95,,,,
B,25,15,115,breslow,3,1.0,0.0,0.3,7478.175379600763,0.5457838986995048,37.63687896424335,50.59919988346058
B,25,15,115,breslow,3,1.0,0.0,0.5,7584.116015113768,0.5440663591916233,37.67286918429225,50.694544799673075
B,25,15,115,breslow,3,1.0,0.0,0.95,,,,
B,25,15,115,breslow,3,1.0,0.5,0.3,7478.175379600763,0.5457838986995048,37.63687896424335,50.59919988346058
B,25,15,115,breslow,3,1.0,0.5,0.5,7584.116015113768,0.5440663591916233,37.67286918429225,50.694544799673075
B,25,15,115,breslow,3,1.0,0.5,0.95,,,,
B,25,15,115,breslow,3,1.0,1.0,0.3,7478.175379600763,0.5457838986995048,37.63687896424335,50.59919988346058
B,25,15,115,breslow,3,1.0,1.0,0.5,7584.116015113768,0.5440663591916233,37.67286918429225,50.694544799673075
B,25,15,115,breslow,3,1.0,1.0,0.95,,,,
B,25,15,115,breslow,5,0.0,0.0,0.3,,,,
B,25,15,115,breslow,5,0.0,0.0,0.5,,,,
B,25,15,115,breslow,5,0.0,0.0,0.95,,,,
B,25,15,115,breslow,5,0.0,0.5,0.3,,,,
B,25,15,115,breslow,5,0.0,0.5,0.5,,,,
B,25,15,115,breslow,5,0.0,0.5,0.95,,,,
B,25,15,115,breslow,5,0.0,1.0,0.3,,,,
B,25,15,115,breslow,5,0.0,1.0,0.5,,,,
B,25,15,115,breslow,5,0.0,1.0,0.95,,,,
B,25,15,115,breslow,5,0.1,0.0,0.3,7478.311464139774,0.5459400119903848,37.62612101803308,50.59245591335842
B,25,15,115,breslow,5,0.1,0.0,0.5,7584.116015113768,0.5440663591916233,37.67286918429225,50.694544799673075
B,25,15,115,breslow,5,0.1,0.0,0.95,,,,
B,25,15,115,breslow,5,0.1,0.5,0.3,7478.175379600763,0.5457838986995048,37.63687896424335,50.59919988346058
B,25,15,115,breslow,5,0.1,0.5,0.5,7584.116015113768,0.5440663591916233,37.67286918429225,50.694544799673075
B,25,15,115,breslow,5,0.1,0.5,0.95,,,,
B,25,15,115,breslow,5,0.1,1.0,0.3,7478.175379600763,0.5457838986995048,37.63687896424335,50.59919988346058
B,25,15,115,breslow,5,0.1,1.0,0.5,7584.116015113768,0.5440663591916233,37.67286918429225,50.694544799673075
B,25,15,115,breslow,5,0.1,1.0,0.95,,,,
B,25,15,115,breslow,5,1.0,0.0,0.3,7478.175379600763,0.5457838986995048,37.63687896424335,50.59919988346058
B,25,15,115,breslow,5,1.0,0.0,0.5,7584.116015113768,0.5440663591916233,37.67286918429225,50.694544799673075
B,25,15,115,breslow,5,1.0,0.0,0.95,,,,
B,25,15,115,breslow,5,1.0,0.5,0.3,7478.175379600763,0.5457838986995048,37.63687896424335,50.59919988346058
B,25,15,115,breslow,5,1.0,0.5,0.5,7584.116015113768,0.5440663591916233,37.67286918429225,50.694544799673075
B,25,15,115,breslow,5,1.0,0.5,0.95,,,,
B,25,15,115,breslow,5,1.0,1.0,0.3,7478.175379600763,0.5457838986995048,37.63687896424335,50.59919988346058
B,25,15,115,breslow,5,1.0,1.0,0.5,7584.116015113768,0.5440663591916233,37.67286918429225,50.694544799673075
B,25,15,115,breslow,5,1.0,1.0,0.95,,,,
B,25,15,115,spline,3,0.0,0.0,0.3,,,,
B,25,15,115,spline,3,0.0,0.0,0.5,,,,
B,25,15,115,spline,3,0.0,0.0,0.95,,,,
B,25,15,115,spline,3,0.0,0.5,0.3,,,,
B,25,15,115,spline,3,0.0,0.5,0.5,,,,
B,25,15,115,spline,3,0.0,0.5,0.95,,,,
B,25,15,115,spline,3,0.0,1.0,0.3,,,,
B,25,15,115,spline,3,0.0,1.0,0.5,,,,
B,25,15,115,spline,3,0.0,1.0,0.95,,,,
B,25,15,115,spline,3,0.1,0.0,0.3,,,,
B,25,15,115,spline,3,0.1,0.0,0.5,,,,
B,25,15,115,spline,3,0.1,0.0,0.95,,,,
B,25,15,115,spline,3,0.1,0.5,0.3,,,,
B,25,15,115,spline,3,0.1,0.5,0.5,,,,
B,25,15,115,spline,3,0.1,0.5,0.95,,,,
B,25,15,115,spline,3,0.1,1.0,0.3,,,,
B,25,15,115,spline,3,0.1,1.0,0.5,,,,
B,25,15,115,spline,3,0.1,1.0,0.95,,,,
B,25,15,115,spline,3,1.0,0.0,0.3,,,,
B,25,15,115,spline,3,1.0,0.0,0.5,,,,
B,25,15,115,spline,3,1.0,0.0,0.95,,,,
B,25,15,115,spline,3,1.0,0.5,0.3,,,,
B,25,15,115,spline,3,1.0,0.5,0.5,,,,
B,25,15,115,spline,3,1.0,0.5,0.95,,,,
B,25,15,115,spline,3,1.0,1.0,0.3,,,,
B,25,15,115,spline,3,1.0,1.0,0.5,,,,
B,25,15,115,spline,3,1.0,1.0,0.95,,,,
B,25,15,115,spline,5,0.0,0.0,0.3,,,,
B,25,15,115,spline,5,0.0,0.0,0.5,,,,
B,25,15,115,spline,5,0.0,0.0,0.95,,,,
B,25,15,115,spline,5,0.0,0.5,0.3,,,,
B,25,15,115,spline,5,0.0,0.5,0.5,,,,
B,25,15,115,spline,5,0.0,0.5,0.95,,,,
B,25,15,115,spline,5,0.0,1.0,0.3,,,,
B,25,15,115,spline,5,0.0,1.0,0.5,,,,
B,25,15,115,spline,5,0.0,1.0,0.95,,,,
B,25,15,115,spline,5,0.1,0.0,0.3,,,,
B,25,15,115,spline,5,0.1,0.0,0.5,,,,
B,25,15,115,spline,5,0.1,0.0,0.95,,,,
B,25,15,115,spline,5,0.1,0.5,0.3,,,,
B,25,15,115,spline,5,0.1,0.5,0.5,,,,
B,25,15,115,spline,5,0.1,0.5,0.95,,,,
B,25,15,115,spline,5,0.1,1.0,0.3,,,,
B,25,15,115,spline,5,0.1,1.0,0.5,,,,
B,25,15,115,spline,5,0.1,1.0,0.95,,,,
B,25,15,115,spline,5,1.0,0.0,0.3,,,,
B,25,15,115,spline,5,1.0,0.0,0.5,,,,
B,25,15,115,spline,5,1.0,0.0,0.95,,,,
B,25,15,115,spline,5,1.0,0.5,0.3,,,,
B,25,15,115,spline,5,1.0,0.5,0.5,,,,
B,25,15,115,spline,5,1.0,0.5,0.95,,,,
B,25,15,115,spline,5,1.0,1.0,0.3,,,,
B,25,15,115,spline,5,1.0,1.0,0.5,,,,
B,25,15,115,spline,5,1.0,1.0,0.95,,,,
B,25,15,120,breslow,3,0.0,0.0,0.3,,,,
B,25,15,120,breslow,3,0.0,0.0,0.5,,,,
B,25,15,120,breslow,3,0.0,0.0,0.95,,,,
B,25,15,120,breslow,3,0.0,0.5,0.3,,,,
B,25,15,120,breslow,3,0.0,0.5,0.5,,,,
B,25,15,120,breslow,3,0.0,0.5,0.95,,,,
B,25,15,120,breslow,3,0.0,1.0,0.3,,,,
B,25,15,120,breslow,3,0.0,1.0,0.5,,,,
B,25,15,120,breslow,3,0.0,1.0,0.95,,,,
B,25,15,120,breslow,3,0.1,0.0,0.3,7477.8966306447255,0.5444901047394968,35.54780173104662,50.296520970540655
B,25,15,120,breslow,3,0.1,0.0,0.5,7583.692596642146,0.5426912949106195,35.58877972615663,50.39645488270408
B,25,15,120,breslow,3,0.1,0.0,0.95,,,,
B,25,15,120,breslow,3,0.1,0.5,0.3,7477.764303411643,0.5443340015533689,35.56061346698793,50.304419236514015
B,25,15,120,breslow,3,0.1,0.5,0.5,7583.692596642146,0.5426912949106195,35.58877972615663,50.39645488270408
B,25,15,120,breslow,3,0.1,0.5,0.95,,,,
B,25,15,120,breslow,3,0.1,1.0,0.3,7477.764303411643,0.5443340015533689,35.56061346698793,50.304419236514015
B,25,15,120,breslow,3,0.1,1.0,0.5,7583.692596642146,0.5426912949106195,35.58877972615663,50.39645488270408
B,25,15,120,breslow,3,0.1,1.0,0.95,,,,
B,25,15,120,breslow,3,1.0,0.0,0.3,7477.764303411643,0.5443340015533689,35.56061346698793,50.304419236514015
B,25,15,120,breslow,3,1.0,0.0,0.5,7583.692596642146,0.5426912949106195,35.58877972615663,50.39645488270408
B,25,15,120,breslow,3,1.0,0.0,0.95,,,,
B,25,15,120,breslow,3,1.0,0.5,0.3,7477.764303411643,0.5443340015533689,35.56061346698793,50.304419236514015
B,25,15,120,breslow,3,1.0,0.5,0.5,7583.692596642146,0.5426912949106195,35.58877972615663,50.39645488270408
B,25,15,120,breslow,3,1.0,0.5,0.95,,,,
B,25,15,120,breslow,3,1.0,1.0,0.3,7477.764303411643,0.5443340015533689,35.56061346698793,50.304419236514015
B,25,15,120,breslow,3,1.0,1.0,0.5,7583.692596642146,0.5426912949106195,35.58877972615663,50.39645488270408
B,25,15,120,breslow,3,1.0,1.0,0.95,,,,
B,25,15,120,breslow,5,0.0,0.0,0.3,,,,
B,25,15,120,breslow,5,0.0,0.0,0.5,,,,
B,25,15,120,breslow,5,0.0,0.0,0.95,,,,
B,25,15,120,breslow,5,0.0,0.5,0.3,,,,
B,25,15,120,breslow,5,0.0,0.5,0.5,,,,
B,25,15,120,breslow,5,0.0,0.5,0.95,,,,
B,25,15,120,breslow,5,0.0,1.0,0.3,,,,
B,25,15,120,breslow,5,0.0,1.0,0.5,,,,
B,25,15,120,breslow,5,0.0,1.0,0.95,,,,
B,25,15,120,breslow,5,0.1,0.0,0.3,7477.8966306447255,0.5444901047394968,35.54780173104662,50.296520970540655
B,25,15,120,breslow,5,0.1,0.0,0.5,7583.692596642146,0.5426912949106195,35.58877972615663,50.39645488270408
B,25,15,120,breslow,5,0.1,0.0,0.95,,,,
B,25,15,120,breslow,5,0.1,0.5,0.3,7477.764303411643,0.5443340015533689,35.56061346698793,50.304419236514015
B,25,15,120,breslow,5,0.1,0.5,0.5,7583.692596642146,0.5426912949106195,35.58877972615663,50.39645488270408
B,25,15,120,breslow,5,0.1,0.5,0.95,,,,
B,25,15,120,breslow,5,0.1,1.0,0.3,7477.764303411643,0.5443340015533689,35.56061346698793,50.304419236514015
B,25,15,120,breslow,5,0.1,1.0,0.5,7583.692596642146,0.5426912949106195,35.58877972615663,50.39645488270408
B,25,15,120,breslow,5,0.1,1.0,0.95,,,,
B,25,15,120,breslow,5,1.0,0.0,0.3,7477.764303411643,0.5443340015533689,35.56061346698793,50.304419236514015
B,25,15,120,breslow,5,1.0,0.0,0.5,7583.692596642146,0.5426912949106195,35.58877972615663,50.39645488270408
B,25,15,120,breslow,5,1.0,0.0,0.95,,,,
B,25,15,120,breslow,5,1.0,0.5,0.3,7477.764303411643,0.5443340015533689,35.56061346698793,50.304419236514015
B,25,15,120,breslow,5,1.0,0.5,0.5,7583.692596642146,0.5426912949106195,35.58877972615663,50.39645488270408
B,25,15,120,breslow,5,1.0,0.5,0.95,,,,
B,25,15,120,breslow,5,1.0,1.0,0.3,7477.764303411643,0.5443340015533689,35.56061346698793,50.304419236514015
B,25,15,120,breslow,5,1.0,1.0,0.5,7583.692596642146,0.5426912949106195,35.58877972615663,50.39645488270408
B,25,15,120,breslow,5,1.0,1.0,0.95,,,,
B,25,15,120,spline,3,0.0,0.0,0.3,,,,
B,25,15,120,spline,3,0.0,0.0,0.5,,,,
B,25,15,120,spline,3,0.0,0.0,0.95,,,,
B,25,15,120,spline,3,0.0,0.5,0.3,,,,
B,25,15,120,spline,3,0.0,0.5,0.5,,,,
B,25,15,120,spline,3,0.0,0.5,0.95,,,,
B,25,15,120,spline,3,0.0,1.0,0.3,,,,
B,25,15,120,spline,3,0.0,1.0,0.5,,,,
B,25,15,120,spline,3,0.0,1.0,0.95,,,,
B,25,15,120,spline,3,0.1,0.0,0.3,,,,
B,25,15,120,spline,3,0.1,0.0,0.5,,,,
B,25,15,120,spline,3,0.1,0.0,0.95,,,,
B,25,15,120,spline,3,0.1,0.5,0.3,,,,
B,25,15,120,spline,3,0.1,0.5,0.5,,,,
B,25,15,120,spline,3,0.1,0.5,0.95,,,,
B,25,15,120,spline,3,0.1,1.0,0.3,,,,
B,25,15,120,spline,3,0.1,1.0,0.5,,,,
B,25,15,120,spline,3,0.1,1.0,0.95,,,,
B,25,15,120,spline,3,1.0,0.0,0.3,,,,
B,25,15,120,spline,3,1.0,0.0,0.5,,,,
B,25,15,120,spline,3,1.0,0.0,0.95,,,,
B,25,15,120,spline,3,1.0,0.5,0.3,,,,
B,25,15,120,spline,3,1.0,0.5,0.5,,,,
B,25,15,120,spline,3,1.0,0.5,0.95,,,,
B,25,15,120,spline,3,1.0,1.0,0.3,,,,
B,25,15,120,spline,3,1.0,1.0,0.5,,,,
B,25,15,120,spline,3,1.0,1.0,0.95,,,,
B,25,15,120,spline,5,0.0,0.0,0.3,,,,
B,25,15,120,spline,5,0.0,0.0,0.5,,,,
B,25,15,120,spline,5,0.0,0.0,0.95,,,,
B,25,15,120,spline,5,0.0,0.5,0.3,,,,
B,25,15,120,spline,5,0.0,0.5,0.5,,,,
B,25,15,120,spline,5,0.0,0.5,0.95,,,,
B,25,15,120,spline,5,0.0,1.0,0.3,,,,
B,25,15,120,spline,5,0.0,1.0,0.5,,,,
B,25,15,120,spline,5,0.0,1.0,0.95,,,,
B,25,15,120,spline,5,0.1,0.0,0.3,,,,
B,25,15,120,spline,5,0.1,0.0,0.5,,,,
B,25,15,120,spline,5,0.1,0.0,0.95,,,,
B,25,15,120,spline,5,0.1,0.5,0.3,,,,
B,25,15,120,spline,5,0.1,0.5,0.5,,,,
B,25,15,120,spline,5,0.1,0.5,0.95,,,,
B,25,15,120,spline,5,0.1,1.0,0.3,,,,
B,25,15,120,spline,5,0.1,1.0,0.5,,,,
B,25,15,120,spline,5,0.1,1.0,0.95,,,,
B,25,15,120,spline,5,1.0,0.0,0.3,,,,
B,25,15,120,spline,5,1.0,0.0,0.5,,,,
B,25,15,120,spline,5,1.0,0.0,0.95,,,,
B,25,15,120,spline,5,1.0,0.5,0.3,,,,
B,25,15,120,spline,5,1.0,0.5,0.5,,,,
B,25,15,120,spline,5,1.0,0.5,0.95,,,,
B,25,15,120,spline,5,1.0,1.0,0.3,,,,
B,25,15,120,spline,5,1.0,1.0,0.5,,,,
B,25,15,120,spline,5,1.0,1.0,0.95,,,,
B,25,15,125,breslow,3,0.0,0.0,0.3,,,,
B,25,15,125,breslow,3,0.0,0.0,0.5,,,,
B,25,15,125,breslow,3,0.0,0.0,0.95,,,,
B,25,15,125,breslow,3,0.0,0.5,0.3,,,,
B,25,15,125,breslow,3,0.0,0.5,0.5,,,,
B,25,15,125,breslow,3,0.0,0.5,0.95,,,,
B,25,15,125,breslow,3,0.0,1.0,0.3,,,,
B,25,15,125,breslow,3,0.0,1.0,0.5,,,,
B,25,15,125,breslow,3,0.0,1.0,0.95,,,,
B,25,15,125,breslow,3,0.1,0.0,0.3,7477.686169003458,0.5432523389327154,33.63103400243172,50.21885641319451
B,25,15,125,breslow,3,0.1,0.0,0.5,7583.472895803864,0.5415205359092371,33.666144026881604,50.316398354048914
B,25,15,125,breslow,3,0.1,0.0,0.95,,,,
B,25,15,125,breslow,3,0.1,0.5,0.3,7477.558194109862,0.5430950950089966,33.64580172859309,50.22775319621904
B,25,15,125,breslow,3,0.1,0.5,0.5,7583.472895803864,0.5415205359092371,33.666144026881604,50.316398354048914
B,25,15,125,breslow,3,0.1,0.5,0.95,,,,
B,25,15,125,breslow,3,0.1,1.0,0.3,7477.558194109862,0.5430950950089966,33.64580172859309,50.22775319621904
B,25,15,125,breslow,3,0.1,1.0,0.5,7583.472895803864,0.5415205359092371,33.666144026881604,50.316398354048914
B,25,15,125,breslow,3,0.1,1.0,0.95,,,,
B,25,15,125,breslow,3,1.0,0.0,0.3,7477.558194109862,0.5430950950089966,33.64580172859309,50.22775319621904
B,25,15,125,breslow,3,1.0,0.0,0.5,7583.472895803864,0.5415205359092371,33.666144026881604,50.316398354048914
B,25,15,125,breslow,3,1.0,0.0,0.95,,,,
B,25,15,125,breslow,3,1.0,0.5,0.3,7477.558194109862,0.5430950950089966,33.64580172859309,50.22775319621904
B,25,15,125,breslow,3,1.0,0.5,0.5,7583.472895803864,0.5415205359092371,33.666144026881604,50.316398354048914
B,25,15,125,breslow,3,1.0,0.5,0.95,,,,
B,25,15,125,breslow,3,1.0,1.0,0.3,7477.558194109862,0.5430950950089966,33.64580172859309,50.22775319621904
B,25,15,125,breslow,3,1.0,1.0,0.5,7583.472895803864,0.5415205359092371,33.666144026881604,50.316398354048914
B,25,15,125,breslow,3,1.0,1.0,0.95,,,,
B,25,15,125,breslow,5,0.0,0.0,0.3,,,,
B,25,15,125,breslow,5,0.0,0.0,0.5,,,,
B,25,15,125,breslow,5,0.0,0.0,0.95,,,,
B,25,15,125,breslow,5,0.0,0.5,0.3,,,,
B,25,15,125,breslow,5,0.0,0.5,0.5,,,,
B,25,15,125,breslow,5,0.0,0.5,0.95,,,,
B,25,15,125,breslow,5,0.0,1.0,0.3,,,,
B,25,15,125,breslow,5,0.0,1.0,0.5,,,,
B,25,15,125,breslow,5,0.0,1.0,0.95,,,,
B,25,15,125,breslow,5,0.1,0.0,0.3,7477.686169003458,0.5432523389327154,33.63103400243172,50.21885641319451
B,25,15,125,breslow,5,0.1,0.0,0.5,7583.472895803864,0.5415205359092371,33.666144026881604,50.316398354048914
B,25,15,125,breslow,5,0.1,0.0,0.95,,,,
B,25,15,125,breslow,5,0.1,0.5,0.3,7477.558194109862,0.5430950950089966,33.64580172859309,50.22775319621904
B,25,15,125,breslow,5,0.1,0.5,0.5,7583.472895803864,0.5415205359092371,33.666144026881604,50.316398354048914
B,25,15,125,breslow,5,0.1,0.5,0.95,,,,
B,25,15,125,breslow,5,0.1,1.0,0.3,7477.558194109862,0.5430950950089966,33.64580172859309,50.22775319621904
B,25,15,125,breslow,5,0.1,1.0,0.5,7583.472895803864,0.5415205359092371,33.666144026881604,50.316398354048914
B,25,15,125,breslow,5,0.1,1.0,0.95,,,,
B,25,15,125,breslow,5,1.0,0.0,0.3,7477.558194109862,0.5430950950089966,33.64580172859309,50.22775319621904
B,25,15,125,breslow,5,1.0,0.0,0.5,7583.472895803864,0.5415205359092371,33.666144026881604,50.316398354048914
B,25,15,125,breslow,5,1.0,0.0,0.95,,,,
B,25,15,125,breslow,5,1.0,0.5,0.3,7477.558194109862,0.5430950950089966,33.64580172859309,50.22775319621904
B,25,15,125,breslow,5,1.0,0.5,0.5,7583.472895803864,0.5415205359092371,33.666144026881604,50.316398354048914
B,25,15,125,breslow,5,1.0,0.5,0.95,,,,
B,25,15,125,breslow,5,1.0,1.0,0.3,7477.558194109862,0.5430950950089966,33.64580172859309,50.22775319621904
B,25,15,125,breslow,5,1.0,1.0,0.5,7583.472895803864,0.5415205359092371,33.666144026881604,50.316398354048914
B,25,15,125,breslow,5,1.0,1.0,0.95,,,,
B,25,15,125,spline,3,0.0,0.0,0.3,,,,
B,25,15,125,spline,3,0.0,0.0,0.5,,,,
B,25,15,125,spline,3,0.0,0.0,0.95,,,,
B,25,15,125,spline,3,0.0,0.5,0.3,,,,
B,25,15,125,spline,3,0.0,0.5,0.5,,,,
B,25,15,125,spline,3,0.0,0.5,0.95,,,,
B,25,15,125,spline,3,0.0,1.0,0.3,,,,
B,25,15,125,spline,3,0.0,1.0,0.5,,,,
B,25,15,125,spline,3,0.0,1.0,0.95,,,,
B,25,15,125,spline,3,0.1,0.0,0.3,,,,
B,25,15,125,spline,3,0.1,0.0,0.5,,,,
B,25,15,125,spline,3,0.1,0.0,0.95,,,,
B,25,15,125,spline,3,0.1,0.5,0.3,,,,
B,25,15,125,spline,3,0.1,0.5,0.5,,,,
B,25,15,125,spline,3,0.1,0.5,0.95,,,,
B,25,15,125,spline,3,0.1,1.0,0.3,,,,
B,25,15,125,spline,3,0.1,1.0,0.5,,,,
B,25,15,125,spline,3,0.1,1.0,0.95,,,,
B,25,15,125,spline,3,1.0,0.0,0.3,,,,
B,25,15,125,spline,3,1.0,0.0,0.5,,,,
B,25,15,125,spline,3,1.0,0.0,0.95,,,,
B,25,15,125,spline,3,1.0,0.5,0.3,,,,
B,25,15,125,spline,3,1.0,0.5,0.5,,,,
B,25,15,125,spline,3,1.0,0.5,0.95,,,,
B,25,15,125,spline,3,1.0,1.0,0.3,,,,
B,25,15,125,spline,3,1.0,1.0,0.5,,,,
B,25,15,125,spline,3,1.0,1.0,0.95,,,,
B,25,15,125,spline,5,0.0,0.0,0.3,,,,
B,25,15,125,spline,5,0.0,0.0,0.5,,,,
B,25,15,125,spline,5,0.0,0.0,0.95,,,,
B,25,15,125,spline,5,0.0,0.5,0.3,,,,
B,25,15,125,spline,5,0.0,0.5,0.5,,,,
B,25,15,125,spline,5,0.0,0.5,0.95,,,,
B,25,15,125,spline,5,0.0,1.0,0.3,,,,
B,25,15,125,spline,5,0.0,1.0,0.5,,,,
B,25,15,125,spline,5,0.0,1.0,0.95,,,,
B,25,15,125,spline,5,0.1,0.0,0.3,,,,
B,25,15,125,spline,5,0.1,0.0,0.5,,,,
B,25,15,125,spline,5,0.1,0.0,0.95,,,,
B,25,15,125,spline,5,0.1,0.5,0.3,,,,
B,25,15,125,spline,5,0.1,0.5,0.5,,,,
B,25,15,125,spline,5,0.1,0.5,0.95,,,,
B,25,15,125,spline,5,0.1,1.0,0.3,,,,
B,25,15,125,spline,5,0.1,1.0,0.5,,,,
B,25,15,125,spline,5,0.1,1.0,0.95,,,,
B,25,15,125,spline,5,1.0,0.0,0.3,,,,
B,25,15,125,spline,5,1.0,0.0,0.5,,,,
B,25,15,125,spline,5,1.0,0.0,0.95,,,,
B,25,15,125,spline,5,1.0,0.5,0.3,,,,
B,25,15,125,spline,5,1.0,0.5,0.5,,,,
B,25,15,125,spline,5,1.0,0.5,0.95,,,,
B,25,15,125,spline,5,1.0,1.0,0.3,,,,
B,25,15,125,spline,5,1.0,1.0,0.5,,,,
B,25,15,125,spline,5,1.0,1.0,0.95,,,,
B,25,20,115,breslow,3,0.0,0.0,0.3,,,,
B,25,20,115,breslow,3,0.0,0.0,0.5,,,,
B,25,20,115,breslow,3,0.0,0.0,0.95,,,,
B,25,20,115,breslow,3,0.0,0.5,0.3,,,,
B,25,20,115,breslow,3,0.0,0.5,0.5,,,,
B,25,20,115,breslow,3,0.0,0.5,0.95,,,,
B,25,20,115,breslow,3,0.0,1.0,0.3,,,,
B,25,20,115,breslow,3,0.0,1.0,0.5,,,,
B,25,20,115,breslow,3,0.0,1.0,0.95,,,,
B,25,20,115,breslow,3,0.1,0.0,0.3,7478.244301970741,0.5459337058640269,37.62396942879103,50.58896450495612
B,25,20,115,breslow,3,0.1,0.0,0.5,7584.116015113768,0.5440663591916233,37.67286918429225,50.694544799673075
B,25,20,115,breslow,3,0.1,0.0,0.95,,,,
B,25,20,115,breslow,3,0.1,0.5,0.3,7478.175379600763,0.5457838986995048,37.63687896424335,50.59919988346058
B,25,20,115,breslow,3,0.1,0.5,0.5,7584.116015113768,0.5440663591916233,37.67286918429225,50.694544799673075
B,25,20,115,breslow,3,0.1,0.5,0.95,,,,
B,25,20,115,breslow,3,0.1,1.0,0.3,7478.175379600763,0.5457838986995048,37.63687896424335,50.59919988346058
B,25,20,115,breslow,3,0.1,1.0,0.5,7584.116015113768,0.5440663591916233,37.67286918429225,50.694544799673075
B,25,20,115,breslow,3,0.1,1.0,0.95,,,,
B,25,20,115,breslow,3,1.0,0.0,0.3,7478.175379600763,0.5457838986995048,37.63687896424335,50.59919988346058
B,25,20,115,breslow,3,1.0,0.0,0.5,7584.116015113768,0.5440663591916233,37.67286918429225,50.694544799673075
B,25,20,115,breslow,3,1.0,0.0,0.95,,,,
B,25,20,115,breslow,3,1.0,0.5,0.3,7478.175379600763,0.5457838986995048,37.63687896424335,50.59919988346058
B,25,20,115,breslow,3,1.0,0.5,0.5,7584.116015113768,0.5440663591916233,37.67286918429225,50.694544799673075
B,25,20,115,breslow,3,1.0,0.5,0.95,,,,
B,25,20,115,breslow,3,1.0,1.0,0.3,7478.175379600763,0.5457838986995048,37.63687896424335,50.59919988346058
B,25,20,115,breslow,3,1.0,1.0,0.5,7584.116015113768,0.5440663591916233,37.67286918429225,50.694544799673075
B,25,20,115,breslow,3,1.0,1.0,0.95,,,,
B,25,20,115,breslow,5,0.0,0.0,0.3,,,,
B,25,20,115,breslow,5,0.0,0.0,0.5,,,,
B,25,20,115,breslow,5,0.0,0.0,0.95,,,,
B,25,20,115,breslow,5,0.0,0.5,0.3,,,,
B,25,20,115,breslow,5,0.0,0.5,0.5,,,,
B,25,20,115,breslow,5,0.0,0.5,0.95,,,,
B,25,20,115,breslow,5,0.0,1.0,0.3,,,,
B,25,20,115,breslow,5,0.0,1.0,0.5,,,,
B,25,20,115,breslow,5,0.0,1.0,0.95,,,,
B,25,20,115,breslow,5,0.1,0.0,0.3,7478.244301970741,0.5459337058640269,37.62396942879103,50.58896450495612
B,25,20,115,breslow,5,0.1,0.0,0.5,7584.116015113768,0.5440663591916233,37.67286918429225,50.694544799673075
B,25,20,115,breslow,5,0.1,0.0,0.95,,,,
B,25,20,115,breslow,5,0.1,0.5,0.3,7478.175379600763,0.5457838986995048,37.63687896424335,50.59919988346058
B,25,20,115,breslow,5,0.1,0.5,0.5,7584.116015113768,0.5440663591916233,37.67286918429225,50.694544799673075
B,25,20,115,breslow,5,0.1,0.5,0.95,,,,
B,25,20,115,breslow,5,0.1,1.0,0.3,7478.175379600763,0.5457838986995048,37.63687896424335,50.59919988346058
B,25,20,115,breslow,5,0.1,1.0,0.5,7584.116015113768,0.5440663591916233,37.67286918429225,50.694544799673075
B,25,20,115,breslow,5,0.1,1.0,0.95,,,,
B,25,20,115,breslow,5,1.0,0.0,0.3,7478.175379600763,0.5457838986995048,37.63687896424335,50.59919988346058
B,25,20,115,breslow,5,1.0,0.0,0.5,7584.116015113768,0.5440663591916233,37.67286918429225,50.694544799673075
B,25,20,115,breslow,5,1.0,0.0,0.95,,,,
B,25,20,115,breslow,5,1.0,0.5,0.3,7478.175379600763,0.5457838986995048,37.63687896424335,50.59919988346058
B,25,20,115,breslow,5,1.0,0.5,0.5,7584.116015113768,0.5440663591916233,37.67286918429225,50.694544799673075
B,25,20,115,breslow,5,1.0,0.5,0.95,,,,
B,25,20,115,breslow,5,1.0,1.0,0.3,7478.175379600763,0.5457838986995048,37.63687896424335,50.59919988346058
B,25,20,115,breslow,5,1.0,1.0,0.5,7584.116015113768,0.5440663591916233,37.67286918429225,50.694544799673075
B,25,20,115,breslow,5,1.0,1.0,0.95,,,,
B,25,20,115,spline,3,0.0,0.0,0.3,,,,
B,25,20,115,spline,3,0.0,0.0,0.5,,,,
B,25,20,115,spline,3,0.0,0.0,0.95,,,,
B,25,20,115,spline,3,0.0,0.5,0.3,,,,
B,25,20,115,spline,3,0.0,0.5,0.5,,,,
B,25,20,115,spline,3,0.0,0.5,0.95,,,,
B,25,20,115,spline,3,0.0,1.0,0.3,,,,
B,25,20,115,spline,3,0.0,1.0,0.5,,,,
B,25,20,115,spline,3,0.0,1.0,0.95,,,,
B,25,20,115,spline,3,0.1,0.0,0.3,,,,
B,25,20,115,spline,3,0.1,0.0,0.5,,,,
B,25,20,115,spline,3,0.1,0.0,0.95,,,,
B,25,20,115,spline,3,0.1,0.5,0.3,,,,
B,25,20,115,spline,3,0.1,0.5,0.5,,,,
B,25,20,115,spline,3,0.1,0.5,0.95,,,,
B,25,20,115,spline,3,0.1,1.0,0.3,,,,
B,25,20,115,spline,3,0.1,1.0,0.5,,,,
B,25,20,115,spline,3,0.1,1.0,0.95,,,,
B,25,20,115,spline,3,1.0,0.0,0.3,,,,
B,25,20,115,spline,3,1.0,0.0,0.5,,,,
B,25,20,115,spline,3,1.0,0.0,0.95,,,,
B,25,20,115,spline,3,1.0,0.5,0.3,,,,
B,25,20,115,spline,3,1.0,0.5,0.5,,,,
B,25,20,115,spline,3,1.0,0.5,0.95,,,,
B,25,20,115,spline,3,1.0,1.0,0.3,,,,
B,25,20,115,spline,3,1.0,1.0,0.5,,,,
B,25,20,115,spline,3,1.0,1.0,0.95,,,,
B,25,20,115,spline,5,0.0,0.0,0.3,,,,
B,25,20,115,spline,5,0.0,0.0,0.5,,,,
B,25,20,115,spline,5,0.0,0.0,0.95,,,,
B,25,20,115,spline,5,0.0,0.5,0.3,,,,
B,25,20,115,spline,5,0.0,0.5,0.5,,,,
B,25,20,115,spline,5,0.0,0.5,0.95,,,,
B,25,20,115,spline,5,0.0,1.0,0.3,,,,
B,25,20,115,spline,5,0.0,1.0,0.5,,,,
B,25,20,115,spline,5,0.0,1.0,0.95,,,,
B,25,20,115,spline,5,0.1,0.0,0.3,,,,
B,25,20,115,spline,5,0.1,0.0,0.5,,,,
B,25,20,115,spline,5,0.1,0.0,0.95,,,,
B,25,20,115,spline,5,0.1,0.5,0.3,,,,
B,25,20,115,spline,5,0.1,0.5,0.5,,,,
B,25,20,115,spline,5,0.1,0.5,0.95,,,,
B,25,20,115,spline,5,0.1,1.0,0.3,,,,
B,25,20,115,spline,5,0.1,1.0,0.5,,,,
B,25,20,115,spline,5,0.1,1.0,0.95,,,,
B,25,20,115,spline,5,1.0,0.0,0.3,,,,
B,25,20,115,spline,5,1.0,0.0,0.5,,,,
B,25,20,115,spline,5,1.0,0.0,0.95,,,,
B,25,20,115,spline,5,1.0,0.5,0.3,,,,
B,25,20,115,spline,5,1.0,0.5,0.5,,,,
B,25,20,115,spline,5,1.0,0.5,0.95,,,,
B,25,20,115,spline,5,1.0,1.0,0.3,,,,
B,25,20,115,spline,5,1.0,1.0,0.5,,,,
B,25,20,115,spline,5,1.0,1.0,0.95,,,,
B,25,20,120,breslow,3,0.0,0.0,0.3,,,,
B,25,20,120,breslow,3,0.0,0.0,0.5,,,,
B,25,20,120,breslow,3,0.0,0.0,0.95,,,,
B,25,20,120,breslow,3,0.0,0.5,0.3,,,,
B,25,20,120,breslow,3,0.0,0.5,0.5,,,,
B,25,20,120,breslow,3,0.0,0.5,0.95,,,,
B,25,20,120,breslow,3,0.0,1.0,0.3,,,,
B,25,20,120,breslow,3,0.0,1.0,0.5,,,,
B,25,20,120,breslow,3,0.0,1.0,0.95,,,,
B,25,20,120,breslow,3,0.1,0.0,0.3,7477.829664622253,0.5444834420590492,35.54565014180456,50.29312023912264
B,25,20,120,breslow,3,0.1,0.0,0.5,7583.692596642146,0.5426912949106195,35.58877972615663,50.39645488270408
B,25,20,120,breslow,3,0.1,0.0,0.95,,,,
B,25,20,120,breslow,3,0.1,0.5,0.3,7477.764303411643,0.5443340015533689,35.56061346698793,50.304419236514015
B,25,20,120,breslow,3,0.1,0.5,0.5,7583.692596642146,0.5426912949106195,35.58877972615663,50.39645488270408
B,25,20,120,breslow,3,0.1,0.5,0.95,,,,
B,25,20,120,breslow,3,0.1,1.0,0.3,7477.764303411643,0.5443340015533689,35.56061346698793,50.304419236514015
B,25,20,120,breslow,3,0.1,1.0,0.5,7583.692596642146,0.5426912949106195,35.58877972615663,50.39645488270408
B,25,20,120,breslow,3,0.1,1.0,0.95,,,,
B,25,20,120,breslow,3,1.0,0.0,0.3,7477.764303411643,0.5443340015533689,35.56061346698793,50.304419236514015
B,25,20,120,breslow,3,1.0,0.0,0.5,7583.692596642146,0.5426912949106195,35.58877972615663,50.39645488270408
B,25,20,120,breslow,3,1.0,0.0,0.95,,,,
B,25,20,120,breslow,3,1.0,0.5,0.3,7477.764303411643,0.5443340015533689,35.56061346698793,50.304419236514015
B,25,20,120,breslow,3,1.0,0.5,0.5,7583.692596642146,0.5426912949106195,35.58877972615663,50.39645488270408
B,25,20,120,breslow,3,1.0,0.5,0.95,,,,
B,25,20,120,breslow,3,1.0,1.0,0.3,7477.764303411643,0.5443340015533689,35.56061346698793,50.304419236514015
B,25,20,120,breslow,3,1.0,1.0,0.5,7583.692596642146,0.5426912949106195,35.58877972615663,50.39645488270408
B,25,20,120,breslow,3,1.0,1.0,0.95,,,,
B,25,20,120,breslow,5,0.0,0.0,0.3,,,,
B,25,20,120,breslow,5,0.0,0.0,0.5,,,,
B,25,20,120,breslow,5,0.0,0.0,0.95,,,,
B,25,20,120,breslow,5,0.0,0.5,0.3,,,,
B,25,20,120,breslow,5,0.0,0.5,0.5,,,,
B,25,20,120,breslow,5,0.0,0.5,0.95,,,,
B,25,20,120,breslow,5,0.0,1.0,0.3,,,,
B,25,20,120,breslow,5,0.0,1.0,0.5,,,,
B,25,20,120,breslow,5,0.0,1.0,0.95,,,,
B,25,20,120,breslow,5,0.1,0.0,0.3,7477.829664622253,0.5444834420590492,35.54565014180456,50.29312023912264
B,25,20,120,breslow,5,0.1,0.0,0.5,7583.692596642146,0.5426912949106195,35.58877972615663,50.39645488270408
B,25,20,120,breslow,5,0.1,0.0,0.95,,,,
B,25,20,120,breslow,5,0.1,0.5,0.3,7477.764303411643,0.5443340015533689,35.56061346698793,50.304419236514015
B,25,20,120,breslow,5,0.1,0.5,0.5,7583.692596642146,0.5426912949106195,35.58877972615663,50.39645488270408
B,25,20,120,breslow,5,0.1,0.5,0.95,,,,
B,25,20,120,breslow,5,0.1,1.0,0.3,7477.764303411643,0.5443340015533689,35.56061346698793,50.304419236514015
B,25,20,120,breslow,5,0.1,1.0,0.5,7583.692596642146,0.5426912949106195,35.58877972615663,50.39645488270408
B,25,20,120,breslow,5,0.1,1.0,0.95,,,,
B,25,20,120,breslow,5,1.0,0.0,0.3,7477.764303411643,0.5443340015533689,35.56061346698793,50.304419236514015
B,25,20,120,breslow,5,1.0,0.0,0.5,7583.692596642146,0.5426912949106195,35.58877972615663,50.39645488270408
B,25,20,120,breslow,5,1.0,0.0,0.95,,,,
B,25,20,120,breslow,5,1.0,0.5,0.3,7477.764303411643,0.5443340015533689,35.56061346698793,50.304419236514015
B,25,20,120,breslow,5,1.0,0.5,0.5,7583.692596642146,0.5426912949106195,35.58877972615663,50.39645488270408
B,25,20,120,breslow,5,1.0,0.5,0.95,,,,
B,25,20,120,breslow,5,1.0,1.0,0.3,7477.764303411643,0.5443340015533689,35.56061346698793,50.304419236514015
B,25,20,120,breslow,5,1.0,1.0,0.5,7583.692596642146,0.5426912949106195,35.58877972615663,50.39645488270408
B,25,20,120,breslow,5,1.0,1.0,0.95,,,,
B,25,20,120,spline,3,0.0,0.0,0.3,,,,
B,25,20,120,spline,3,0.0,0.0,0.5,,,,
B,25,20,120,spline,3,0.0,0.0,0.95,,,,
B,25,20,120,spline,3,0.0,0.5,0.3,,,,
B,25,20,120,spline,3,0.0,0.5,0.5,,,,
B,25,20,120,spline,3,0.0,0.5,0.95,,,,
B,25,20,120,spline,3,0.0,1.0,0.3,,,,
B,25,20,120,spline,3,0.0,1.0,0.5,,,,
B,25,20,120,spline,3,0.0,1.0,0.95,,,,
B,25,20,120,spline,3,0.1,0.0,0.3,,,,
B,25,20,120,spline,3,0.1,0.0,0.5,,,,
B,25,20,120,spline,3,0.1,0.0,0.95,,,,
B,25,20,120,spline,3,0.1,0.5,0.3,,,,
B,25,20,120,spline,3,0.1,0.5,0.5,,,,
B,25,20,120,spline,3,0.1,0.5,0.95,,,,
B,25,20,120,spline,3,0.1,1.0,0.3,,,,
B,25,20,120,spline,3,0.1,1.0,0.5,,,,
B,25,20,120,spline,3,0.1,1.0,0.95,,,,
B,25,20,120,spline,3,1.0,0.0,0.3,,,,
B,25,20,120,spline,3,1.0,0.0,0.5,,,,
B,25,20,120,spline,3,1.0,0.0,0.95,,,,
B,25,20,120,spline,3,1.0,0.5,0.3,,,,
B,25,20,120,spline,3,1.0,0.5,0.5,,,,
B,25,20,120,spline,3,1.0,0.5,0.95,,,,
B,25,20,120,spline,3,1.0,1.0,0.3,,,,
B,25,20,120,spline,3,1.0,1.0,0.5,,,,
B,25,20,120,spline,3,1.0,1.0,0.95,,,,
B,25,20,120,spline,5,0.0,0.0,0.3,,,,
B,25,20,120,spline,5,0.0,0.0,0.5,,,,
B,25,20,120,spline,5,0.0,0.0,0.95,,,,
B,25,20,120,spline,5,0.0,0.5,0.3,,,,
B,25,20,120,spline,5,0.0,0.5,0.5,,,,
B,25,20,120,spline,5,0.0,0.5,0.95,,,,
B,25,20,120,spline,5,0.0,1.0,0.3,,,,
B,25,20,120,spline,5,0.0,1.0,0.5,,,,
B,25,20,120,spline,5,0.0,1.0,0.95,,,,
B,25,20,120,spline,5,0.1,0.0,0.3,,,,
B,25,20,120,spline,5,0.1,0.0,0.5,,,,
B,25,20,120,spline,5,0.1,0.0,0.95,,,,
B,25,20,120,spline,5,0.1,0.5,0.3,,,,
B,25,20,120,spline,5,0.1,0.5,0.5,,,,
B,25,20,120,spline,5,0.1,0.5,0.95,,,,
B,25,20,120,spline,5,0.1,1.0,0.3,,,,
B,25,20,120,spline,5,0.1,1.0,0.5,,,,
B,25,20,120,spline,5,0.1,1.0,0.95,,,,
B,25,20,120,spline,5,1.0,0.0,0.3,,,,
B,25,20,120,spline,5,1.0,0.0,0.5,,,,
B,25,20,120,spline,5,1.0,0.0,0.95,,,,
B,25,20,120,spline,5,1.0,0.5,0.3,,,,
B,25,20,120,spline,5,1.0,0.5,0.5,,,,
B,25,20,120,spline,5,1.0,0.5,0.95,,,,
B,25,20,120,spline,5,1.0,1.0,0.3,,,,
B,25,20,120,spline,5,1.0,1.0,0.5,,,,
B,25,20,120,spline,5,1.0,1.0,0.95,,,,
B,25,20,125,breslow,3,0.0,0.0,0.3,,,,
B,25,20,125,breslow,3,0.0,0.0,0.5,,,,
B,25,20,125,breslow,3,0.0,0.0,0.95,,,,
B,25,20,125,breslow,3,0.0,0.5,0.3,,,,
B,25,20,125,breslow,3,0.0,0.5,0.5,,,,
B,25,20,125,breslow,3,0.0,0.5,0.95,,,,
B,25,20,125,breslow,3,0.0,1.0,0.3,,,,
B,25,20,125,breslow,3,0.0,1.0,0.5,,,,
B,25,20,125,breslow,3,0.0,1.0,0.95,,,,
B,25,20,125,breslow,3,0.1,0.0,0.3,7477.6196745427205,0.5432458269365793,33.62888241318967,50.21557646065456
B,25,20,125,breslow,3,0.1,0.0,0.5,7583.472895803864,0.5415205359092371,33.666144026881604,50.316398354048914
B,25,20,125,breslow,3,0.1,0.0,0.95,,,,
B,25,20,125,breslow,3,0.1,0.5,0.3,7477.558194109862,0.5430950950089966,33.64580172859309,50.22775319621904
B,25,20,125,breslow,3,0.1,0.5,0.5,7583.472895803864,0.5415205359092371,33.666144026881604,50.316398354048914
B,25,20,125,breslow,3,0.1,0.5,0.95,,,,
B,25,20,125,breslow,3,0.1,1.0,0.3,7477.558194109862,0.5430950950089966,33.64580172859309,50.22775319621904
B,25,20,125,breslow,3,0.1,1.0,0.5,7583.472895803864,0.5415205359092371,33.666144026881604,50.316398354048914
B,25,20,125,breslow,3,0.1,1.0,0.95,,,,
B,25,20,125,breslow,3,1.0,0.0,0.3,7477.558194109862,0.5430950950089966,33.64580172859309,50.22775319621904
B,25,20,125,breslow,3,1.0,0.0,0.5,7583.472895803864,0.5415205359092371,33.666144026881604,50.316398354048914
B,25,20,125,breslow,3,1.0,0.0,0.95,,,,
B,25,20,125,breslow,3,1.0,0.5,0.3,7477.558194109862,0.5430950950089966,33.64580172859309,50.22775319621904
B,25,20,125,breslow,3,1.0,0.5,0.5,7583.472895803864,0.5415205359092371,33.666144026881604,50.316398354048914
B,25,20,125,breslow,3,1.0,0.5,0.95,,,,
B,25,20,125,breslow,3,1.0,1.0,0.3,7477.558194109862,0.5430950950089966,33.64580172859309,50.22775319621904
B,25,20,125,breslow,3,1.0,1.0,0.5,7583.472895803864,0.5415205359092371,33.666144026881604,50.316398354048914
B,25,20,125,breslow,3,1.0,1.0,0.95,,,,
B,25,20,125,breslow,5,0.0,0.0,0.3,,,,
B,25,20,125,breslow,5,0.0,0.0,0.5,,,,
B,25,20,125,breslow,5,0.0,0.0,0.95,,,,
B,25,20,125,breslow,5,0.0,0.5,0.3,,,,
B,25,20,125,breslow,5,0.0,0.5,0.5,,,,
B,25,20,125,breslow,5,0.0,0.5,0.95,,,,
B,25,20,125,breslow,5,0.0,1.0,0.3,,,,
B,25,20,125,breslow,5,0.0,1.0,0.5,,,,
B,25,20,125,breslow,5,0.0,1.0,0.95,,,,
B,25,20,125,breslow,5,0.1,0.0,0.3,7477.6196745427205,0.5432458269365793,33.62888241318967,50.21557646065456
B,25,20,125,breslow,5,0.1,0.0,0.5,7583.472895803864,0.5415205359092371,33.666144026881604,50.316398354048914
B,25,20,125,breslow,5,0.1,0.0,0.95,,,,
B,25,20,125,breslow,5,0.1,0.5,0.3,7477.558194109862,0.5430950950089966,33.64580172859309,50.22775319621904
B,25,20,125,breslow,5,0.1,0.5,0.5,7583.472895803864,0.5415205359092371,33.666144026881604,50.316398354048914
B,25,20,125,breslow,5,0.1,0.5,0.95,,,,
B,25,20,125,breslow,5,0.1,1.0,0.3,7477.558194109862,0.5430950950089966,33.64580172859309,50.22775319621904
B,25,20,125,breslow,5,0.1,1.0,0.5,7583.472895803864,0.5415205359092371,33.666144026881604,50.316398354048914
B,25,20,125,breslow,5,0.1,1.0,0.95,,,,
B,25,20,125,breslow,5,1.0,0.0,0.3,7477.558194109862,0.5430950950089966,33.64580172859309,50.22775319621904
B,25,20,125,breslow,5,1.0,0.0,0.5,7583.472895803864,0.5415205359092371,33.666144026881604,50.316398354048914
B,25,20,125,breslow,5,1.0,0.0,0.95,,,,
B,25,20,125,breslow,5,1.0,0.5,0.3,7477.558194109862,0.5430950950089966,33.64580172859309,50.22775319621904
B,25,20,125,breslow,5,1.0,0.5,0.5,7583.472895803864,0.5415205359092371,33.666144026881604,50.316398354048914
B,25,20,125,breslow,5,1.0,0.5,0.95,,,,
B,25,20,125,breslow,5,1.0,1.0,0.3,7477.558194109862,0.5430950950089966,33.64580172859309,50.22775319621904
B,25,20,125,breslow,5,1.0,1.0,0.5,7583.472895803864,0.5415205359092371,33.666144026881604,50.316398354048914
B,25,20,125,breslow,5,1.0,1.0,0.95,,,,
B,25,20,125,spline,3,0.0,0.0,0.3,,,,
B,25,20,125,spline,3,0.0,0.0,0.5,,,,
B,25,20,125,spline,3,0.0,0.0,0.95,,,,
B,25,20,125,spline,3,0.0,0.5,0.3,,,,
B,25,20,125,spline,3,0.0,0.5,0.5,,,,
B,25,20,125,spline,3,0.0,0.5,0.95,,,,
B,25,20,125,spline,3,0.0,1.0,0.3,,,,
B,25,20,125,spline,3,0.0,1.0,0.5,,,,
B,25,20,125,spline,3,0.0,1.0,0.95,,,,
B,25,20,125,spline,3,0.1,0.0,0.3,,,,
B,25,20,125,spline,3,0.1,0.0,0.5,,,,
B,25,20,125,spline,3,0.1,0.0,0.95,,,,
B,25,20,125,spline,3,0.1,0.5,0.3,,,,
B,25,20,125,spline,3,0.1,0.5,0.5,,,,
B,25,20,125,spline,3,0.1,0.5,0.95,,,,
B,25,20,125,spline,3,0.1,1.0,0.3,,,,
B,25,20,125,spline,3,0.1,1.0,0.5,,,,
B,25,20,125,spline,3,0.1,1.0,0.95,,,,
B,25,20,125,spline,3,1.0,0.0,0.3,,,,
B,25,20,125,spline,3,1.0,0.0,0.5,,,,
B,25,20,125,spline,3,1.0,0.0,0.95,,,,
B,25,20,125,spline,3,1.0,0.5,0.3,,,,
B,25,20,125,spline,3,1.0,0.5,0.5,,,,
B,25,20,125,spline,3,1.0,0.5,0.95,,,,
B,25,20,125,spline,3,1.0,1.0,0.3,,,,
B,25,20,125,spline,3,1.0,1.0,0.5,,,,
B,25,20,125,spline,3,1.0,1.0,0.95,,,,
B,25,20,125,spline,5,0.0,0.0,0.3,,,,
B,25,20,125,spline,5,0.0,0.0,0.5,,,,
B,25,20,125,spline,5,0.0,0.0,0.95,,,,
B,25,20,125,spline,5,0.0,0.5,0.3,,,,
B,25,20,125,spline,5,0.0,0.5,0.5,,,,
B,25,20,125,spline,5,0.0,0.5,0.95,,,,
B,25,20,125,spline,5,0.0,1.0,0.3,,,,
B,25,20,125,spline,5,0.0,1.0,0.5,,,,
B,25,20,125,spline,5,0.0,1.0,0.95,,,,
B,25,20,125,spline,5,0.1,0.0,0.3,,,,
B,25,20,125,spline,5,0.1,0.0,0.5,,,,
B,25,20,125,spline,5,0.1,0.0,0.95,,,,
B,25,20,125,spline,5,0.1,0.5,0.3,,,,
B,25,20,125,spline,5,0.1,0.5,0.5,,,,
B,25,20,125,spline,5,0.1,0.5,0.95,,,,
B,25,20,125,spline,5,0.1,1.0,0.3,,,,
B,25,20,125,spline,5,0.1,1.0,0.5,,,,
B,25,20,125,spline,5,0.1,1.0,0.95,,,,
B,25,20,125,spline,5,1.0,0.0,0.3,,,,
B,25,20,125,spline,5,1.0,0.0,0.5,,,,
B,25,20,125,spline,5,1.0,0.0,0.95,,,,
B,25,20,125,spline,5,1.0,0.5,0.3,,,,
B,25,20,125,spline,5,1.0,0.5,0.5,,,,
B,25,20,125,spline,5,1.0,0.5,0.95,,,,
B,25,20,125,spline,5,1.0,1.0,0.3,,,,
B,25,20,125,spline,5,1.0,1.0,0.5,,,,
B,25,20,125,spline,5,1.0,1.0,0.95,,,,
B,30,10,115,breslow,3,0.0,0.0,0.3,,,,
B,30,10,115,breslow,3,0.0,0.0,0.5,,,,
B,30,10,115,breslow,3,0.0,0.0,0.95,,,,
B,30,10,115,breslow,3,0.0,0.5,0.3,,,,
B,30,10,115,breslow,3,0.0,0.5,0.5,,,,
B,30,10,115,breslow,3,0.0,0.5,0.95,,,,
B,30,10,115,breslow,3,0.0,1.0,0.3,,,,
B,30,10,115,breslow,3,0.0,1.0,0.5,,,,
B,30,10,115,breslow,3,0.0,1.0,0.95,,,,
B,30,10,115,breslow,3,0.1,0.0,0.3,7743.08891595234,0.5456764262848618,38.605032966161886,51.44620365592484
B,30,10,115,breslow,3,0.1,0.0,0.5,7852.646213841646,0.5438336798771475,38.651007649706195,51.54960895048252
B,30,10,115,breslow,3,0.1,0.0,0.95,,,,
B,30,10,115,breslow,3,0.1,0.5,0.3,7742.950720361092,0.5455272856355952,38.613741826921384,51.45252100240314
B,30,10,115,breslow,3,0.1,0.5,0.5,7852.646213841646,0.5438336798771475,38.651007649706195,51.54960895048252
B,30,10,115,breslow,3,0.1,0.5,0.95,,,,
B,30,10,115,breslow,3,0.1,1.0,0.3,7742.950720361092,0.5455272856355952,38.613741826921384,51.45252100240314
B,30,10,115,breslow,3,0.1,1.0,0.5,7852.646213841646,0.5438336798771475,38.651007649706195,51.54960895048252
B,30,10,115,breslow,3,0.1,1.0,0.95,,,,
B,30,10,115,breslow,3,1.0,0.0,0.3,7742.950720361092,0.5455272856355952,38.613741826921384,51.45252100240314
B,30,10,115,breslow,3,1.0,0.0,0.5,7852.646213841646,0.5438336798771475,38.651007649706195,51.54960895048252
B,30,10,115,breslow,3,1.0,0.0,0.95,,,,
B,30,10,115,breslow,3,1.0,0.5,0.3,7742.950720361092,0.5455272856355952,38.613741826921384,51.45252100240314
B,30,10,115,breslow,3,1.0,0.5,0.5,7852.646213841646,0.5438336798771475,38.651007649706195,51.54960895048252
B,30,10,115,breslow,3,1.0,0.5,0.95,,,,
B,30,10,115,breslow,3,1.0,1.0,0.3,7742.950720361092,0.5455272856355952,38.613741826921384,51.45252100240314
B,30,10,115,breslow,3,1.0,1.0,0.5,7852.646213841646,0.5438336798771475,38.651007649706195,51.54960895048252
B,30,10,115,breslow,3,1.0,1.0,0.95,,,,
B,30,10,115,breslow,5,0.0,0.0,0.3,,,,
B,30,10,115,breslow,5,0.0,0.0,0.5,,,,
B,30,10,115,breslow,5,0.0,0.0,0.95,,,,
B,30,10,115,breslow,5,0.0,0.5,0.3,,,,
B,30,10,115,breslow,5,0.0,0.5,0.5,,,,
B,30,10,115,breslow,5,0.0,0.5,0.95,,,,
B,30,10,115,breslow,5,0.0,1.0,0.3,,,,
B,30,10,115,breslow,5,0.0,1.0,0.5,,,,
B,30,10,115,breslow,5,0.0,1.0,0.95,,,,
B,30,10,115,breslow,5,0.1,0.0,0.3,7743.08891595234,0.5456764262848618,38.605032966161886,51.44620365592484
B,30,10,115,breslow,5,0.1,0.0,0.5,7852.646213841646,0.5438336798771475,38.651007649706195,51.54960895048252
B,30,10,115,breslow,5,0.1,0.0,0.95,,,,
B,30,10,115,breslow,5,0.1,0.5,0.3,7742.950720361092,0.5455272856355952,38.613741826921384,51.45252100240314
B,30,10,115,breslow,5,0.1,0.5,0.5,7852.646213841646,0.5438336798771475,38.651007649706195,51.54960895048252
B,30,10,115,breslow,5,0.1,0.5,0.95,,,,
B,30,10,115,breslow,5,0.1,1.0,0.3,7742.950720361092,0.5455272856355952,38.613741826921384,51.45252100240314
B,30,10,115,breslow,5,0.1,1.0,0.5,7852.646213841646,0.5438336798771475,38.651007649706195,51.54960895048252
B,30,10,115,breslow,5,0.1,1.0,0.95,,,,
B,30,10,115,breslow,5,1.0,0.0,0.3,7742.950720361092,0.5455272856355952,38.613741826921384,51.45252100240314
B,30,10,115,breslow,5,1.0,0.0,0.5,7852.646213841646,0.5438336798771475,38.651007649706195,51.54960895048252
B,30,10,115,breslow,5,1.0,0.0,0.95,,,,
B,30,10,115,breslow,5,1.0,0.5,0.3,7742.950720361092,0.5455272856355952,38.613741826921384,51.45252100240314
B,30,10,115,breslow,5,1.0,0.5,0.5,7852.646213841646,0.5438336798771475,38.651007649706195,51.54960895048252
B,30,10,115,breslow,5,1.0,0.5,0.95,,,,
B,30,10,115,breslow,5,1.0,1.0,0.3,7742.950720361092,0.5455272856355952,38.613741826921384,51.45252100240314
B,30,10,115,breslow,5,1.0,1.0,0.5,7852.646213841646,0.5438336798771475,38.651007649706195,51.54960895048252
B,30,10,115,breslow,5,1.0,1.0,0.95,,,,
B,30,10,115,spline,3,0.0,0.0,0.3,,,,
B,30,10,115,spline,3,0.0,0.0,0.5,,,,
B,30,10,115,spline,3,0.0,0.0,0.95,,,,
B,30,10,115,spline,3,0.0,0.5,0.3,,,,
B,30,10,115,spline,3,0.0,0.5,0.5,,,,
B,30,10,115,spline,3,0.0,0.5,0.95,,,,
B,30,10,115,spline,3,0.0,1.0,0.3,,,,
B,30,10,115,spline,3,0.0,1.0,0.5,,,,
B,30,10,115,spline,3,0.0,1.0,0.95,,,,
B,30,10,115,spline,3,0.1,0.0,0.3,,,,
B,30,10,115,spline,3,0.1,0.0,0.5,,,,
B,30,10,115,spline,3,0.1,0.0,0.95,,,,
B,30,10,115,spline,3,0.1,0.5,0.3,,,,
B,30,10,115,spline,3,0.1,0.5,0.5,,,,
B,30,10,115,spline,3,0.1,0.5,0.95,,,,
B,30,10,115,spline,3,0.1,1.0,0.3,,,,
B,30,10,115,spline,3,0.1,1.0,0.5,,,,
B,30,10,115,spline,3,0.1,1.0,0.95,,,,
B,30,10,115,spline,3,1.0,0.0,0.3,,,,
B,30,10,115,spline,3,1.0,0.0,0.5,,,,
B,30,10,115,spline,3,1.0,0.0,0.95,,,,
B,30,10,115,spline,3,1.0,0.5,0.3,,,,
B,30,10,115,spline,3,1.0,0.5,0.5,,,,
B,30,10,115,spline,3,1.0,0.5,0.95,,,,
B,30,10,115,spline,3,1.0,1.0,0.3,,,,
B,30,10,115,spline,3,1.0,1.0,0.5,,,,
B,30,10,115,spline,3,1.0,1.0,0.95,,,,
B,30,10,115,spline,5,0.0,0.0,0.3,,,,
B,30,10,115,spline,5,0.0,0.0,0.5,,,,
B,30,10,115,spline,5,0.0,0.0,0.95,,,,
B,30,10,115,spline,5,0.0,0.5,0.3,,,,
B,30,10,115,spline,5,0.0,0.5,0.5,,,,
B,30,10,115,spline,5,0.0,0.5,0.95,,,,
B,30,10,115,spline,5,0.0,1.0,0.3,,,,
B,30,10,115,spline,5,0.0,1.0,0.5,,,,
B,30,10,115,spline,5,0.0,1.0,0.95,,,,
B,30,10,115,spline,5,0.1,0.0,0.3,,,,
B,30,10,115,spline,5,0.1,0.0,0.5,,,,
B,30,10,115,spline,5,0.1,0.0,0.95,,,,
B,30,10,115,spline,5,0.1,0.5,0.3,,,,
B,30,10,115,spline,5,0.1,0.5,0.5,,,,
B,30,10,115,spline,5,0.1,0.5,0.95,,,,
B,30,10,115,spline,5,0.1,1.0,0.3,,,,
B,30,10,115,spline,5,0.1,1.0,0.5,,,,
B,30,10,115,spline,5,0.1,1.0,0.95,,,,
B,30,10,115,spline,5,1.0,0.0,0.3,,,,
B,30,10,115,spline,5,1.0,0.0,0.5,,,,
B,30,10,115,spline,5,1.0,0.0,0.95,,,,
B,30,10,115,spline,5,1.0,0.5,0.3,,,,
B,30,10,115,spline,5,1.0,0.5,0.5,,,,
B,30,10,115,spline,5,1.0,0.5,0.95,,,,
B,30,10,115,spline,5,1.0,1.0,0.3,,,,
B,30,10,115,spline,5,1.0,1.0,0.5,,,,
B,30,10,115,spline,5,1.0,1.0,0.95,,,,
B,30,10,120,breslow,3,0.0,0.0,0.3,,,,
B,30,10,120,breslow,3,0.0,0.0,0.5,,,,
B,30,10,120,breslow,3,0.0,0.0,0.95,,,,
B,30,10,120,breslow,3,0.0,0.5,0.3,,,,
B,30,10,120,breslow,3,0.0,0.5,0.5,,,,
B,30,10,120,breslow,3,0.0,0.5,0.95,,,,
B,30,10,120,breslow,3,0.0,1.0,0.3,,,,
B,30,10,120,breslow,3,0.0,1.0,0.5,,,,
B,30,10,120,breslow,3,0.0,1.0,0.95,,,,
B,30,10,120,breslow,3,0.1,0.0,0.3,7742.697852263758,0.5442931592956877,36.626552424686764,51.170569756574686
B,30,10,120,breslow,3,0.1,0.0,0.5,7852.244890752654,0.5425205366442933,36.66634989304119,51.271459625474314
B,30,10,120,breslow,3,0.1,0.0,0.95,,,,
B,30,10,120,breslow,3,0.1,0.5,0.3,7742.562177002588,0.5441422279477907,36.63718533607917,51.177788892572245
B,30,10,120,breslow,3,0.1,0.5,0.5,7852.244890752654,0.5425205366442933,36.66634989304119,51.271459625474314
B,30,10,120,breslow,3,0.1,0.5,0.95,,,,
B,30,10,120,breslow,3,0.1,1.0,0.3,7742.562177002588,0.5441422279477907,36.63718533607917,51.177788892572245
B,30,10,120,breslow,3,0.1,1.0,0.5,7852.244890752654,0.5425205366442933,36.66634989304119,51.271459625474314
B,30,10,120,breslow,3,0.1,1.0,0.95,,,,
B,30,10,120,breslow,3,1.0,0.0,0.3,7742.562177002588,0.5441422279477907,36.63718533607917,51.177788892572245
B,30,10,120,breslow,3,1.0,0.0,0.5,7852.244890752654,0.5425205366442933,36.66634989304119,51.271459625474314
B,30,10,120,breslow,3,1.0,0.0,0.95,,,,
B,30,10,120,breslow,3,1.0,0.5,0.3,7742.562177002588,0.5441422279477907,36.63718533607917,51.177788892572245
B,30,10,120,breslow,3,1.0,0.5,0.5,7852.244890752654,0.5425205366442933,36.66634989304119,51.271459625474314
B,30,10,120,breslow,3,1.0,0.5,0.95,,,,
B,30,10,120,breslow,3,1.0,1.0,0.3,7742.562177002588,0.5441422279477907,36.63718533607917,51.177788892572245
B,30,10,120,breslow,3,1.0,1.0,0.5,7852.244890752654,0.5425205366442933,36.66634989304119,51.271459625474314
B,30,10,120,breslow,3,1.0,1.0,0.95,,,,
B,30,10,120,breslow,5,0.0,0.0,0.3,,,,
B,30,10,120,breslow,5,0.0,0.0,0.5,,,,
B,30,10,120,breslow,5,0.0,0.0,0.95,,,,
B,30,10,120,breslow,5,0.0,0.5,0.3,,,,
B,30,10,120,breslow,5,0.0,0.5,0.5,,,,
B,30,10,120,breslow,5,0.0,0.5,0.95,,,,
B,30,10,120,breslow,5,0.0,1.0,0.3,,,,
B,30,10,120,breslow,5,0.0,1.0,0.5,,,,
B,30,10,120,breslow,5,0.0,1.0,0.95,,,,
B,30,10,120,breslow,5,0.1,0.0,0.3,7742.697852263758,0.5442931592956877,36.626552424686764,51.170569756574686
B,30,10,120,breslow,5,0.1,0.0,0.5,7852.244890752654,0.5425205366442933,36.66634989304119,51.271459625474314
B,30,10,120,breslow,5,0.1,0.0,0.95,,,,
B,30,10,120,breslow,5,0.1,0.5,0.3,7742.562177002588,0.5441422279477907,36.63718533607917,51.177788892572245
B,30,10,120,breslow,5,0.1,0.5,0.5,7852.244890752654,0.5425205366442933,36.66634989304119,51.271459625474314
B,30,10,120,breslow,5,0.1,0.5,0.95,,,,
B,30,10,120,breslow,5,0.1,1.0,0.3,7742.562177002588,0.5441422279477907,36.63718533607917,51.177788892572245
B,30,10,120,breslow,5,0.1,1.0,0.5,7852.244890752654,0.5425205366442933,36.66634989304119,51.271459625474314
B,30,10,120,breslow,5,0.1,1.0,0.95,,,,
B,30,10,120,breslow,5,1.0,0.0,0.3,7742.562177002588,0.5441422279477907,36.63718533607917,51.177788892572245
B,30,10,120,breslow,5,1.0,0.0,0.5,7852.244890752654,0.5425205366442933,36.66634989304119,51.271459625474314
B,30,10,120,breslow,5,1.0,0.0,0.95,,,,
B,30,10,120,breslow,5,1.0,0.5,0.3,7742.562177002588,0.5441422279477907,36.63718533607917,51.177788892572245
B,30,10,120,breslow,5,1.0,0.5,0.5,7852.244890752654,0.5425205366442933,36.66634989304119,51.271459625474314
B,30,10,120,breslow,5,1.0,0.5,0.95,,,,
B,30,10,120,breslow,5,1.0,1.0,0.3,7742.562177002588,0.5441422279477907,36.63718533607917,51.177788892572245
B,30,10,120,breslow,5,1.0,1.0,0.5,7852.244890752654,0.5425205366442933,36.66634989304119,51.271459625474314
B,30,10,120,breslow,5,1.0,1.0,0.95,,,,
B,30,10,120,spline,3,0.0,0.0,0.3,,,,
B,30,10,120,spline,3,0.0,0.0,0.5,,,,
B,30,10,120,spline,3,0.0,0.0,0.95,,,,
B,30,10,120,spline,3,0.0,0.5,0.3,,,,
B,30,10,120,spline,3,0.0,0.5,0.5,,,,
B,30,10,120,spline,3,0.0,0.5,0.95,,,,
B,30,10,120,spline,3,0.0,1.0,0.3,,,,
B,30,10,120,spline,3,0.0,1.0,0.5,,,,
B,30,10,120,spline,3,0.0,1.0,0.95,,,,
B,30,10,120,spline,3,0.1,0.0,0.3,,,,
B,30,10,120,spline,3,0.1,0.0,0.5,,,,
B,30,10,120,spline,3,0.1,0.0,0.95,,,,
B,30,10,120,spline,3,0.1,0.5,0.3,,,,
B,30,10,120,spline,3,0.1,0.5,0.5,,,,
B,30,10,120,spline,3,0.1,0.5,0.95,,,,
B,30,10,120,spline,3,0.1,1.0,0.3,,,,
B,30,10,120,spline,3,0.1,1.0,0.5,,,,
B,30,10,120,spline,3,0.1,1.0,0.95,,,,
B,30,10,120,spline,3,1.0,0.0,0.3,,,,
B,30,10,120,spline,3,1.0,0.0,0.5,,,,
B,30,10,120,spline,3,1.0,0.0,0.95,,,,
B,30,10,120,spline,3,1.0,0.5,0.3,,,,
B,30,10,120,spline,3,1.0,0.5,0.5,,,,
B,30,10,120,spline,3,1.0,0.5,0.95,,,,
B,30,10,120,spline,3,1.0,1.0,0.3,,,,
B,30,10,120,spline,3,1.0,1.0,0.5,,,,
B,30,10,120,spline,3,1.0,1.0,0.95,,,,
B,30,10,120,spline,5,0.0,0.0,0.3,,,,
B,30,10,120,spline,5,0.0,0.0,0.5,,,,
B,30,10,120,spline,5,0.0,0.0,0.95,,,,
B,30,10,120,spline,5,0.0,0.5,0.3,,,,
B,30,10,120,spline,5,0.0,0.5,0.5,,,,
B,30,10,120,spline,5,0.0,0.5,0.95,,,,
B,30,10,120,spline,5,0.0,1.0,0.3,,,,
B,30,10,120,spline,5,0.0,1.0,0.5,,,,
B,30,10,120,spline,5,0.0,1.0,0.95,,,,
B,30,10,120,spline,5,0.1,0.0,0.3,,,,
B,30,10,120,spline,5,0.1,0.0,0.5,,,,
B,30,10,120,spline,5,0.1,0.0,0.95,,,,
B,30,10,120,spline,5,0.1,0.5,0.3,,,,
B,30,10,120,spline,5,0.1,0.5,0.5,,,,
B,30,10,120,spline,5,0.1,0.5,0.95,,,,
B,30,10,120,spline,5,0.1,1.0,0.3,,,,
B,30,10,120,spline,5,0.1,1.0,0.5,,,,
B,30,10,120,spline,5,0.1,1.0,0.95,,,,
B,30,10,120,spline,5,1.0,0.0,0.3,,,,
B,30,10,120,spline,5,1.0,0.0,0.5,,,,
B,30,10,120,spline,5,1.0,0.0,0.95,,,,
B,30,10,120,spline,5,1.0,0.5,0.3,,,,
B,30,10,120,spline,5,1.0,0.5,0.5,,,,
B,30,10,120,spline,5,1.0,0.5,0.95,,,,
B,30,10,120,spline,5,1.0,1.0,0.3,,,,
B,30,10,120,spline,5,1.0,1.0,0.5,,,,
B,30,10,120,spline,5,1.0,1.0,0.95,,,,
B,30,10,125,breslow,3,0.0,0.0,0.3,,,,
B,30,10,125,breslow,3,0.0,0.0,0.5,,,,
B,30,10,125,breslow,3,0.0,0.0,0.95,,,,
B,30,10,125,breslow,3,0.0,0.5,0.3,,,,
B,30,10,125,breslow,3,0.0,0.5,0.5,,,,
B,30,10,125,breslow,3,0.0,0.5,0.95,,,,
B,30,10,125,breslow,3,0.0,1.0,0.3,,,,
B,30,10,125,breslow,3,0.0,1.0,0.5,,,,
B,30,10,125,breslow,3,0.0,1.0,0.95,,,,
B,30,10,125,breslow,3,0.1,0.0,0.3,7742.5037542152495,0.5431203257422891,34.809273960777965,51.10001697946987
B,30,10,125,breslow,3,0.1,0.0,0.5,7852.03916606796,0.5414133382478038,34.84299547976531,51.19821675670914
B,30,10,125,breslow,3,0.1,0.0,0.95,,,,
B,30,10,125,breslow,3,0.1,0.5,0.3,7742.3705255797395,0.5429677909707138,34.821932188626064,51.10801204130461
B,30,10,125,breslow,3,0.1,0.5,0.5,7852.03916606796,0.5414133382478038,34.84299547976531,51.19821675670914
B,30,10,125,breslow,3,0.1,0.5,0.95,,,,
B,30,10,125,breslow,3,0.1,1.0,0.3,7742.3705255797395,0.5429677909707138,34.821932188626064,51.10801204130461
B,30,10,125,breslow,3,0.1,1.0,0.5,7852.03916606796,0.5414133382478038,34.84299547976531,51.19821675670914
B,30,10,125,breslow,3,0.1,1.0,0.95,,,,
B,30,10,125,breslow,3,1.0,0.0,0.3,7742.3705255797395,0.5429677909707138,34.821932188626064,51.10801204130461
B,30,10,125,breslow,3,1.0,0.0,0.5,7852.03916606796,0.5414133382478038,34.84299547976531,51.19821675670914
B,30,10,125,breslow,3,1.0,0.0,0.95,,,,
B,30,10,125,breslow,3,1.0,0.5,0.3,7742.3705255797395,0.5429677909707138,34.821932188626064,51.10801204130461
B,30,10,125,breslow,3,1.0,0.5,0.5,7852.03916606796,0.5414133382478038,34.84299547976531,51.19821675670914
B,30,10,125,breslow,3,1.0,0.5,0.95,,,,
B,30,10,125,breslow,3,1.0,1.0,0.3,7742.3705255797395,0.5429677909707138,34.821932188626064,51.10801204130461
B,30,10,125,breslow,3,1.0,1.0,0.5,7852.03916606796,0.5414133382478038,34.84299547976531,51.19821675670914
B,30,10,125,breslow,3,1.0,1.0,0.95,,,,
B,30,10,125,breslow,5,0.0,0.0,0.3,,,,
B,30,10,125,breslow,5,0.0,0.0,0.5,,,,
B,30,10,125,breslow,5,0.0,0.0,0.95,,,,
B,30,10,125,breslow,5,0.0,0.5,0.3,,,,
B,30,10,125,breslow,5,0.0,0.5,0.5,,,,
B,30,10,125,breslow,5,0.0,0.5,0.95,,,,
B,30,10,125,breslow,5,0.0,1.0,0.3,,,,
B,30,10,125,breslow,5,0.0,1.0,0.5,,,,
B,30,10,125,breslow,5,0.0,1.0,0.95,,,,
B,30,10,125,breslow,5,0.1,0.0,0.3,7742.5037542152495,0.5431203257422891,34.809273960777965,51.10001697946987
B,30,10,125,breslow,5,0.1,0.0,0.5,7852.03916606796,0.5414133382478038,34.84299547976531,51.19821675670914
B,30,10,125,breslow,5,0.1,0.0,0.95,,,,
B,30,10,125,breslow,5,0.1,0.5,0.3,7742.3705255797395,0.5429677909707138,34.821932188626064,51.10801204130461
B,30,10,125,breslow,5,0.1,0.5,0.5,7852.03916606796,0.5414133382478038,34.84299547976531,51.19821675670914
B,30,10,125,breslow,5,0.1,0.5,0.95,,,,
B,30,10,125,breslow,5,0.1,1.0,0.3,7742.3705255797395,0.5429677909707138,34.821932188626064,51.10801204130461
B,30,10,125,breslow,5,0.1,1.0,0.5,7852.03916606796,0.5414133382478038,34.84299547976531,51.19821675670914
B,30,10,125,breslow,5,0.1,1.0,0.95,,,,
B,30,10,125,breslow,5,1.0,0.0,0.3,7742.3705255797395,0.5429677909707138,34.821932188626064,51.10801204130461
B,30,10,125,breslow,5,1.0,0.0,0.5,7852.03916606796,0.5414133382478038,34.84299547976531,51.19821675670914
B,30,10,125,breslow,5,1.0,0.0,0.95,,,,
B,30,10,125,breslow,5,1.0,0.5,0.3,7742.3705255797395,0.5429677909707138,34.821932188626064,51.10801204130461
B,30,10,125,breslow,5,1.0,0.5,0.5,7852.03916606796,0.5414133382478038,34.84299547976531,51.19821675670914
B,30,10,125,breslow,5,1.0,0.5,0.95,,,,
B,30,10,125,breslow,5,1.0,1.0,0.3,7742.3705255797395,0.5429677909707138,34.821932188626064,51.10801204130461
B,30,10,125,breslow,5,1.0,1.0,0.5,7852.03916606796,0.5414133382478038,34.84299547976531,51.19821675670914
B,30,10,125,breslow,5,1.0,1.0,0.95,,,,
B,30,10,125,spline,3,0.0,0.0,0.3,,,,
B,30,10,125,spline,3,0.0,0.0,0.5,,,,
B,30,10,125,spline,3,0.0,0.0,0.95,,,,
B,30,10,125,spline,3,0.0,0.5,0.3,,,,
B,30,10,125,spline,3,0.0,0.5,0.5,,,,
B,30,10,125,spline,3,0.0,0.5,0.95,,,,
B,30,10,125,spline,3,0.0,1.0,0.3,,,,
B,30,10,125,spline,3,0.0,1.0,0.5,,,,
B,30,10,125,spline,3,0.0,1.0,0.95,,,,
B,30,10,125,spline,3,0.1,0.0,0.3,,,,
B,30,10,125,spline,3,0.1,0.0,0.5,,,,
B,30,10,125,spline,3,0.1,0.0,0.95,,,,
B,30,10,125,spline,3,0.1,0.5,0.3,,,,
B,30,10,125,spline,3,0.1,0.5,0.5,,,,
B,30,10,125,spline,3,0.1,0.5,0.95,,,,
B,30,10,125,spline,3,0.1,1.0,0.3,,,,
B,30,10,125,spline,3,0.1,1.0,0.5,,,,
B,30,10,125,spline,3,0.1,1.0,0.95,,,,
B,30,10,125,spline,3,1.0,0.0,0.3,,,,
B,30,10,125,spline,3,1.0,0.0,0.5,,,,
B,30,10,125,spline,3,1.0,0.0,0.95,,,,
B,30,10,125,spline,3,1.0,0.5,0.3,,,,
B,30,10,125,spline,3,1.0,0.5,0.5,,,,
B,30,10,125,spline,3,1.0,0.5,0.95,,,,
B,30,10,125,spline,3,1.0,1.0,0.3,,,,
B,30,10,125,spline,3,1.0,1.0,0.5,,,,
B,30,10,125,spline,3,1.0,1.0,0.95,,,,
B,30,10,125,spline,5,0.0,0.0,0.3,,,,
B,30,10,125,spline,5,0.0,0.0,0.5,,,,
B,30,10,125,spline,5,0.0,0.0,0.95,,,,
B,30,10,125,spline,5,0.0,0.5,0.3,,,,
B,30,10,125,spline,5,0.0,0.5,0.5,,,,
B,30,10,125,spline,5,0.0,0.5,0.95,,,,
B,30,10,125,spline,5,0.0,1.0,0.3,,,,
B,30,10,125,spline,5,0.0,1.0,0.5,,,,
B,30,10,125,spline,5,0.0,1.0,0.95,,,,
B,30,10,125,spline,5,0.1,0.0,0.3,,,,
B,30,10,125,spline,5,0.1,0.0,0.5,,,,
B,30,10,125,spline,5,0.1,0.0,0.95,,,,
B,30,10,125,spline,5,0.1,0.5,0.3,,,,
B,30,10,125,spline,5,0.1,0.5,0.5,,,,
B,30,10,125,spline,5,0.1,0.5,0.95,,,,
B,30,10,125,spline,5,0.1,1.0,0.3,,,,
B,30,10,125,spline,5,0.1,1.0,0.5,,,,
B,30,10,125,spline,5,0.1,1.0,0.95,,,,
B,30,10,125,spline,5,1.0,0.0,0.3,,,,
B,30,10,125,spline,5,1.0,0.0,0.5,,,,
B,30,10,125,spline,5,1.0,0.0,0.95,,,,
B,30,10,125,spline,5,1.0,0.5,0.3,,,,
B,30,10,125,spline,5,1.0,0.5,0.5,,,,
B,30,10,125,spline,5,1.0,0.5,0.95,,,,
B,30,10,125,spline,5,1.0,1.0,0.3,,,,
B,30,10,125,spline,5,1.0,1.0,0.5,,,,
B,30,10,125,spline,5,1.0,1.0,0.95,,,,
B,30,15,115,breslow,3,0.0,0.0,0.3,,,,
B,30,15,115,breslow,3,0.0,0.0,0.5,,,,
B,30,15,115,breslow,3,0.0,0.0,0.95,,,,
B,30,15,115,breslow,3,0.0,0.5,0.3,,,,
B,30,15,115,breslow,3,0.0,0.5,0.5,,,,
B,30,15,115,breslow,3,0.0,0.5,0.95,,,,
B,30,15,115,breslow,3,0.0,1.0,0.3,,,,
B,30,15,115,breslow,3,0.0,1.0,0.5,,,,
B,30,15,115,breslow,3,0.0,1.0,0.95,,,,
B,30,15,115,breslow,3,0.1,0.0,0.3,7743.025904841246,0.5456751005902017,38.602703852237845,51.44346972159401
B,30,15,115,breslow,3,0.1,0.0,0.5,7852.646213841646,0.5438336798771475,38.651007649706195,51.54960895048252
B,30,15,115,breslow,3,0.1,0.0,0.95,,,,
B,30,15,115,breslow,3,0.1,0.5,0.3,7742.950720361092,0.5455272856355952,38.613741826921384,51.45252100240314
B,30,15,115,breslow,3,0.1,0.5,0.5,7852.646213841646,0.5438336798771475,38.651007649706195,51.54960895048252
B,30,15,115,breslow,3,0.1,0.5,0.95,,,,
B,30,15,115,breslow,3,0.1,1.0,0.3,7742.950720361092,0.5455272856355952,38.613741826921384,51.45252100240314
B,30,15,115,breslow,3,0.1,1.0,0.5,7852.646213841646,0.5438336798771475,38.651007649706195,51.54960895048252
B,30,15,115,breslow,3,0.1,1.0,0.95,,,,
B,30,15,115,breslow,3,1.0,0.0,0.3,7742.950720361092,0.5455272856355952,38.613741826921384,51.45252100240314
B,30,15,115,breslow,3,1.0,0.0,0.5,7852.646213841646,0.5438336798771475,38.651007649706195,51.54960895048252
B,30,15,115,breslow,3,1.0,0.0,0.95,,,,
B,30,15,115,breslow,3,1.0,0.5,0.3,7742.950720361092,0.5455272856355952,38.613741826921384,51.45252100240314
B,30,15,115,breslow,3,1.0,0.5,0.5,7852.646213841646,0.5438336798771475,38.651007649706195,51.54960895048252
B,30,15,115,breslow,3,1.0,0.5,0.95,,,,
B,30,15,115,breslow,3,1.0,1.0,0.3,7742.950720361092,0.5455272856355952,38.613741826921384,51.45252100240314
B,30,15,115,breslow,3,1.0,1.0,0.5,7852.646213841646,0.5438336798771475,38.651007649706195,51.54960895048252
B,30,15,115,breslow,3,1.0,1.0,0.95,,,,
B,30,15,115,breslow,5,0.0,0.0,0.3,,,,
B,30,15,115,breslow,5,0.0,0.0,0.5,,,,
B,30,15,115,breslow,5,0.0,0.0,0.95,,,,
B,30,15,115,breslow,5,0.0,0.5,0.3,,,,
B,30,15,115,breslow,5,0.0,0.5,0.5,,,,
B,30,15,115,breslow,5,0.0,0.5,0.95,,,,
B,30,15,115,breslow,5,0.0,1.0,0.3,,,,
B,30,15,115,breslow,5,0.0,1.0,0.5,,,,
B,30,15,115,breslow,5,0.0,1.0,0.95,,,,
B,30,15,115,breslow,5,0.1,0.0,0.3,7743.025904841246,0.5456751005902017,38.602703852237845,51.44346972159401
B,30,15,115,breslow,5,0.1,0.0,0.5,7852.646213841646,0.5438336798771475,38.651007649706195,51.54960895048252
B,30,15,115,breslow,5,0.1,0.0,0.95,,,,
B,30,15,115,breslow,5,0.1,0.5,0.3,7742.950720361092,0.5455272856355952,38.613741826921384,51.45252100240314
B,30,15,115,breslow,5,0.1,0.5,0.5,7852.646213841646,0.5438336798771475,38.651007649706195,51.54960895048252
B,30,15,115,breslow,5,0.1,0.5,0.95,,,,
B,30,15,115,breslow,5,0.1,1.0,0.3,7742.950720361092,0.5455272856355952,38.613741826921384,51.45252100240314
B,30,15,115,breslow,5,0.1,1.0,0.5,7852.646213841646,0.5438336798771475,38.651007649706195,51.54960895048252
B,30,15,115,breslow,5,0.1,1.0,0.95,,,,
B,30,15,115,breslow,5,1.0,0.0,0.3,7742.950720361092,0.5455272856355952,38.613741826921384,51.45252100240314
B,30,15,115,breslow,5,1.0,0.0,0.5,7852.646213841646,0.5438336798771475,38.651007649706195,51.54960895048252
B,30,15,115,breslow,5,1.0,0.0,0.95,,,,
B,30,15,115,breslow,5,1.0,0.5,0.3,7742.950720361092,0.5455272856355952,38.613741826921384,51.45252100240314
B,30,15,115,breslow,5,1.0,0.5,0.5,7852.646213841646,0.5438336798771475,38.651007649706195,51.54960895048252
B,30,15,115,breslow,5,1.0,0.5,0.95,,,,
B,30,15,115,breslow,5,1.0,1.0,0.3,7742.950720361092,0.5455272856355952,38.613741826921384,51.45252100240314
B,30,15,115,breslow,5,1.0,1.0,0.5,7852.646213841646,0.5438336798771475,38.651007649706195,51.54960895048252
B,30,15,115,breslow,5,1.0,1.0,0.95,,,,
B,30,15,115,spline,3,0.0,0.0,0.3,,,,
B,30,15,115,spline,3,0.0,0.0,0.5,,,,
B,30,15,115,spline,3,0.0,0.0,0.95,,,,
B,30,15,115,spline,3,0.0,0.5,0.3,,,,
B,30,15,115,spline,3,0.0,0.5,0.5,,,,
B,30,15,115,spline,3,0.0,0.5,0.95,,,,
B,30,15,115,spline,3,0.0,1.0,0.3,,,,
B,30,15,115,spline,3,0.0,1.0,0.5,,,,
B,30,15,115,spline,3,0.0,1.0,0.95,,,,
B,30,15,115,spline,3,0.1,0.0,0.3,,,,
B,30,15,115,spline,3,0.1,0.0,0.5,,,,
B,30,15,115,spline,3,0.1,0.0,0.95,,,,
B,30,15,115,spline,3,0.1,0.5,0.3,,,,
B,30,15,115,spline,3,0.1,0.5,0.5,,,,
B,30,15,115,spline,3,0.1,0.5,0.95,,,,
B,30,15,115,spline,3,0.1,1.0,0.3,,,,
B,30,15,115,spline,3,0.1,1.0,0.5,,,,
B,30,15,115,spline,3,0.1,1.0,0.95,,,,
B,30,15,115,spline,3,1.0,0.0,0.3,,,,
B,30,15,115,spline,3,1.0,0.0,0.5,,,,
B,30,15,115,spline,3,1.0,0.0,0.95,,,,
B,30,15,115,spline,3,1.0,0.5,0.3,,,,
B,30,15,115,spline,3,1.0,0.5,0.5,,,,
B,30,15,115,spline,3,1.0,0.5,0.95,,,,
B,30,15,115,spline,3,1.0,1.0,0.3,,,,
B,30,15,115,spline,3,1.0,1.0,0.5,,,,
B,30,15,115,spline,3,1.0,1.0,0.95,,,,
B,30,15,115,spline,5,0.0,0.0,0.3,,,,
B,30,15,115,spline,5,0.0,0.0,0.5,,,,
B,30,15,115,spline,5,0.0,0.0,0.95,,,,
B,30,15,115,spline,5,0.0,0.5,0.3,,,,
B,30,15,115,spline,5,0.0,0.5,0.5,,,,
B,30,15,115,spline,5,0.0,0.5,0.95,,,,
B,30,15,115,spline,5,0.0,1.0,0.3,,,,
B,30,15,115,spline,5,0.0,1.0,0.5,,,,
B,30,15,115,spline,5,0.0,1.0,0.95,,,,
B,30,15,115,spline,5,0.1,0.0,0.3,,,,
B,30,15,115,spline,5,0.1,0.0,0.5,,,,
B,30,15,115,spline,5,0.1,0.0,0.95,,,,
B,30,15,115,spline,5,0.1,0.5,0.3,,,,
B,30,15,115,spline,5,0.1,0.5,0.5,,,,
B,30,15,115,spline,5,0.1,0.5,0.95,,,,
B,30,15,115,spline,5,0.1,1.0,0.3,,,,
B,30,15,115,spline,5,0.1,1.0,0.5,,,,
B,30,15,115,spline,5,0.1,1.0,0.95,,,,
B,30,15,115,spline,5,1.0,0.0,0.3,,,,
B,30,15,115,spline,5,1.0,0.0,0.5,,,,
B,30,15,115,spline,5,1.0,0.0,0.95,,,,
B,30,15,115,spline,5,1.0,0.5,0.3,,,,
B,30,15,115,spline,5,1.0,0.5,0.5,,,,
B,30,15,115,spline,5,1.0,0.5,0.95,,,,
B,30,15,115,spline,5,1.0,1.0,0.3,,,,
B,30,15,115,spline,5,1.0,1.0,0.5,,,,
B,30,15,115,spline,5,1.0,1.0,0.95,,,,
B,30,15,120,breslow,3,0.0,0.0,0.3,,,,
B,30,15,120,breslow,3,0.0,0.0,0.5,,,,
B,30,15,120,breslow,3,0.0,0.0,0.95,,,,
B,30,15,120,breslow,3,0.0,0.5,0.3,,,,
B,30,15,120,breslow,3,0.0,0.5,0.5,,,,
B,30,15,120,breslow,3,0.0,0.5,0.95,,,,
B,30,15,120,breslow,3,0.0,1.0,0.3,,,,
B,30,15,120,breslow,3,0.0,1.0,0.5,,,,
B,30,15,120,breslow,3,0.0,1.0,0.95,,,,
B,30,15,120,breslow,3,0.1,0.0,0.3,7742.6346976366185,0.5442917802427522,36.62412204493993,51.167827124594325
B,30,15,120,breslow,3,0.1,0.0,0.5,7852.244890752654,0.5425205366442933,36.66634989304119,51.271459625474314
B,30,15,120,breslow,3,0.1,0.0,0.95,,,,
B,30,15,120,breslow,3,0.1,0.5,0.3,7742.562177002588,0.5441422279477907,36.63718533607917,51.177788892572245
B,30,15,120,breslow,3,0.1,0.5,0.5,7852.244890752654,0.5425205366442933,36.66634989304119,51.271459625474314
B,30,15,120,breslow,3,0.1,0.5,0.95,,,,
B,30,15,120,breslow,3,0.1,1.0,0.3,7742.562177002588,0.5441422279477907,36.63718533607917,51.177788892572245
B,30,15,120,breslow,3,0.1,1.0,0.5,7852.244890752654,0.5425205366442933,36.66634989304119,51.271459625474314
B,30,15,120,breslow,3,0.1,1.0,0.95,,,,
B,30,15,120,breslow,3,1.0,0.0,0.3,7742.562177002588,0.5441422279477907,36.63718533607917,51.177788892572245
B,30,15,120,breslow,3,1.0,0.0,0.5,7852.244890752654,0.5425205366442933,36.66634989304119,51.271459625474314
B,30,15,120,breslow,3,1.0,0.0,0.95,,,,
B,30,15,120,breslow,3,1.0,0.5,0.3,7742.562177002588,0.5441422279477907,36.63718533607917,51.177788892572245
B,30,15,120,breslow,3,1.0,0.5,0.5,7852.244890752654,0.5425205366442933,36.66634989304119,51.271459625474314
B,30,15,120,breslow,3,1.0,0.5,0.95,,,,
B,30,15,120,breslow,3,1.0,1.0,0.3,7742.562177002588,0.5441422279477907,36.63718533607917,51.177788892572245
B,30,15,120,breslow,3,1.0,1.0,0.5,7852.244890752654,0.5425205366442933,36.66634989304119,51.271459625474314
B,30,15,120,breslow,3,1.0,1.0,0.95,,,,
B,30,15,120,breslow,5,0.0,0.0,0.3,,,,
B,30,15,120,breslow,5,0.0,0.0,0.5,,,,
B,30,15,120,breslow,5,0.0,0.0,0.95,,,,
B,30,15,120,breslow,5,0.0,0.5,0.3,,,,
B,30,15,120,breslow,5,0.0,0.5,0.5,,,,
B,30,15,120,breslow,5,0.0,0.5,0.95,,,,
B,30,15,120,breslow,5,0.0,1.0,0.3,,,,
B,30,15,120,breslow,5,0.0,1.0,0.5,,,,
B,30,15,120,breslow,5,0.0,1.0,0.95,,,,
B,30,15,120,breslow,5,0.1,0.0,0.3,7742.6346976366185,0.5442917802427522,36.62412204493993,51.167827124594325
B,30,15,120,breslow,5,0.1,0.0,0.5,7852.244890752654,0.5425205366442933,36.66634989304119,51.271459625474314
B,30,15,120,breslow,5,0.1,0.0,0.95,,,,
B,30,15,120,breslow,5,0.1,0.5,0.3,7742.562177002588,0.5441422279477907,36.63718533607917,51.177788892572245
B,30,15,120,breslow,5,0.1,0.5,0.5,7852.244890752654,0.5425205366442933,36.66634989304119,51.271459625474314
B,30,15,120,breslow,5,0.1,0.5,0.95,,,,
B,30,15,120,breslow,5,0.1,1.0,0.3,7742.562177002588,0.5441422279477907,36.63718533607917,51.177788892572245
B,30,15,120,breslow,5,0.1,1.0,0.5,7852.244890752654,0.5425205366442933,36.66634989304119,51.271459625474314
B,30,15,120,breslow,5,0.1,1.0,0.95,,,,
B,30,15,120,breslow,5,1.0,0.0,0.3,7742.562177002588,0.5441422279477907,36.63718533607917,51.177788892572245
B,30,15,120,breslow,5,1.0,0.0,0.5,7852.244890752654,0.5425205366442933,36.66634989304119,51.271459625474314
B,30,15,120,breslow,5,1.0,0.0,0.95,,,,
B,30,15,120,breslow,5,1.0,0.5,0.3,7742.562177002588,0.5441422279477907,36.63718533607917,51.177788892572245
B,30,15,120,breslow,5,1.0,0.5,0.5,7852.244890752654,0.5425205366442933,36.66634989304119,51.271459625474314
B,30,15,120,breslow,5,1.0,0.5,0.95,,,,
B,30,15,120,breslow,5,1.0,1.0,0.3,7742.562177002588,0.5441422279477907,36.63718533607917,51.177788892572245
B,30,15,120,breslow,5,1.0,1.0,0.5,7852.244890752654,0.5425205366442933,36.66634989304119,51.271459625474314
B,30,15,120,breslow,5,1.0,1.0,0.95,,,,
B,30,15,120,spline,3,0.0,0.0,0.3,,,,
B,30,15,120,spline,3,0.0,0.0,0.5,,,,
B,30,15,120,spline,3,0.0,0.0,0.95,,,,
B,30,15,120,spline,3,0.0,0.5,0.3,,,,
B,30,15,120,spline,3,0.0,0.5,0.5,,,,
B,30,15,120,spline,3,0.0,0.5,0.95,,,,
B,30,15,120,spline,3,0.0,1.0,0.3,,,,
B,30,15,120,spline,3,0.0,1.0,0.5,,,,
B,30,15,120,spline,3,0.0,1.0,0.95,,,,
B,30,15,120,spline,3,0.1,0.0,0.3,,,,
B,30,15,120,spline,3,0.1,0.0,0.5,,,,
B,30,15,120,spline,3,0.1,0.0,0.95,,,,
B,30,15,120,spline,3,0.1,0.5,0.3,,,,
B,30,15,120,spline,3,0.1,0.5,0.5,,,,
B,30,15,120,spline,3,0.1,0.5,0.95,,,,
B,30,15,120,spline,3,0.1,1.0,0.3,,,,
B,30,15,120,spline,3,0.1,1.0,0.5,,,,
B,30,15,120,spline,3,0.1,1.0,0.95,,,,
B,30,15,120,spline,3,1.0,0.0,0.3,,,,
B,30,15,120,spline,3,1.0,0.0,0.5,,,,
B,30,15,120,spline,3,1.0,0.0,0.95,,,,
B,30,15,120,spline,3,1.0,0.5,0.3,,,,
B,30,15,120,spline,3,1.0,0.5,0.5,,,,
B,30,15,120,spline,3,1.0,0.5,0.95,,,,
B,30,15,120,spline,3,1.0,1.0,0.3,,,,
B,30,15,120,spline,3,1.0,1.0,0.5,,,,
B,30,15,120,spline,3,1.0,1.0,0.95,,,,
B,30,15,120,spline,5,0.0,0.0,0.3,,,,
B,30,15,120,spline,5,0.0,0.0,0.5,,,,
B,30,15,120,spline,5,0.0,0.0,0.95,,,,
B,30,15,120,spline,5,0.0,0.5,0.3,,,,
B,30,15,120,spline,5,0.0,0.5,0.5,,,,
B,30,15,120,spline,5,0.0,0.5,0.95,,,,
B,30,15,120,spline,5,0.0,1.0,0.3,,,,
B,30,15,120,spline,5,0.0,1.0,0.5,,,,
B,30,15,120,spline,5,0.0,1.0,0.95,,,,
B,30,15,120,spline,5,0.1,0.0,0.3,,,,
B,30,15,120,spline,5,0.1,0.0,0.5,,,,
B,30,15,120,spline,5,0.1,0.0,0.95,,,,
B,30,15,120,spline,5,0.1,0.5,0.3,,,,
B,30,15,120,spline,5,0.1,0.5,0.5,,,,
B,30,15,120,spline,5,0.1,0.5,0.95,,,,
B,30,15,120,spline,5,0.1,1.0,0.3,,,,
B,30,15,120,spline,5,0.1,1.0,0.5,,,,
B,30,15,120,spline,5,0.1,1.0,0.95,,,,
B,30,15,120,spline,5,1.0,0.0,0.3,,,,
B,30,15,120,spline,5,1.0,0.0,0.5,,,,
B,30,15,120,spline,5,1.0,0.0,0.95,,,,
B,30,15,120,spline,5,1.0,0.5,0.3,,,,
B,30,15,120,spline,5,1.0,0.5,0.5,,,,
B,30,15,120,spline,5,1.0,0.5,0.95,,,,
B,30,15,120,spline,5,1.0,1.0,0.3,,,,
B,30,15,120,spline,5,1.0,1.0,0.5,,,,
B,30,15,120,spline,5,1.0,1.0,0.95,,,,
B,30,15,125,breslow,3,0.0,0.0,0.3,,,,
B,30,15,125,breslow,3,0.0,0.0,0.5,,,,
B,30,15,125,breslow,3,0.0,0.0,0.95,,,,
B,30,15,125,breslow,3,0.0,0.5,0.3,,,,
B,30,15,125,breslow,3,0.0,0.5,0.5,,,,
B,30,15,125,breslow,3,0.0,0.5,0.95,,,,
B,30,15,125,breslow,3,0.0,1.0,0.3,,,,
B,30,15,125,breslow,3,0.0,1.0,0.5,,,,
B,30,15,125,breslow,3,0.0,1.0,0.95,,,,
B,30,15,125,breslow,3,0.1,0.0,0.3,7742.4404020860065,0.5431192742819202,34.80684358103113,51.09727584848477
B,30,15,125,breslow,3,0.1,0.0,0.5,7852.03916606796,0.5414133382478038,34.84299547976531,51.19821675670914
B,30,15,125,breslow,3,0.1,0.0,0.95,,,,
B,30,15,125,breslow,3,0.1,0.5,0.3,7742.3705255797395,0.5429677909707138,34.821932188626064,51.10801204130461
B,30,15,125,breslow,3,0.1,0.5,0.5,7852.03916606796,0.5414133382478038,34.84299547976531,51.19821675670914
B,30,15,125,breslow,3,0.1,0.5,0.95,,,,
B,30,15,125,breslow,3,0.1,1.0,0.3,7742.3705255797395,0.5429677909707138,34.821932188626064,51.10801204130461
B,30,15,125,breslow,3,0.1,1.0,0.5,7852.03916606796,0.5414133382478038,34.84299547976531,51.19821675670914
B,30,15,125,breslow,3,0.1,1.0,0.95,,,,
B,30,15,125,breslow,3,1.0,0.0,0.3,7742.3705255797395,0.5429677909707138,34.821932188626064,51.10801204130461
B,30,15,125,breslow,3,1.0,0.0,0.5,7852.03916606796,0.5414133382478038,34.84299547976531,51.19821675670914
B,30,15,125,breslow,3,1.0,0.0,0.95,,,,
B,30,15,125,breslow,3,1.0,0.5,0.3,7742.3705255797395,0.5429677909707138,34.821932188626064,51.10801204130461
B,30,15,125,breslow,3,1.0,0.5,0.5,7852.03916606796,0.5414133382478038,34.84299547976531,51.19821675670914
B,30,15,125,breslow,3,1.0,0.5,0.95,,,,
B,30,15,125,breslow,3,1.0,1.0,0.3,7742.3705255797395,0.5429677909707138,34.821932188626064,51.10801204130461
B,30,15,125,breslow,3,1.0,1.0,0.5,7852.03916606796,0.5414133382478038,34.84299547976531,51.19821675670914
B,30,15,125,breslow,3,1.0,1.0,0.95,,,,
B,30,15,125,breslow,5,0.0,0.0,0.3,,,,
B,30,15,125,breslow,5,0.0,0.0,0.5,,,,
B,30,15,125,breslow,5,0.0,0.0,0.95,,,,
B,30,15,125,breslow,5,0.0,0.5,0.3,,,,
B,30,15,125,breslow,5,0.0,0.5,0.5,,,,
B,30,15,125,breslow,5,0.0,0.5,0.95,,,,
B,30,15,125,breslow,5,0.0,1.0,0.3,,,,
B,30,15,125,breslow,5,0.0,1.0,0.5,,,,
B,30,15,125,breslow,5,0.0,1.0,0.95,,,,
B,30,15,125,breslow,5,0.1,0.0,0.3,7742.4404020860065,0.5431192742819202,34.80684358103113,51.09727584848477
B,30,15,125,breslow,5,0.1,0.0,0.5,7852.03916606796,0.5414133382478038,34.84299547976531,51.19821675670914
B,30,15,125,breslow,5,0.1,0.0,0.95,,,,
B,30,15,125,breslow,5,0.1,0.5,0.3,7742.3705255797395,0.5429677909707138,34.821932188626064,51.10801204130461
B,30,15,125,breslow,5,0.1,0.5,0.5,7852.03916606796,0.5414133382478038,34.84299547976531,51.19821675670914
B,30,15,125,breslow,5,0.1,0.5,0.95,,,,
B,30,15,125,breslow,5,0.1,1.0,0.3,7742.3705255797395,0.5429677909707138,34.821932188626064,51.10801204130461
B,30,15,125,breslow,5,0.1,1.0,0.5,7852.03916606796,0.5414133382478038,34.84299547976531,51.19821675670914
B,30,15,125,breslow,5,0.1,1.0,0.95,,,,
B,30,15,125,breslow,5,1.0,0.0,0.3,7742.3705255797395,0.5429677909707138,34.821932188626064,51.10801204130461
B,30,15,125,breslow,5,1.0,0.0,0.5,7852.03916606796,0.5414133382478038,34.84299547976531,51.19821675670914
B,30,15,125,breslow,5,1.0,0.0,0.95,,,,
B,30,15,125,breslow,5,1.0,0.5,0.3,7742.3705255797395,0.5429677909707138,34.821932188626064,51.10801204130461
B,30,15,125,breslow,5,1.0,0.5,0.5,7852.03916606796,0.5414133382478038,34.84299547976531,51.19821675670914
B,30,15,125,breslow,5,1.0,0.5,0.95,,,,
B,30,15,125,breslow,5,1.0,1.0,0.3,7742.3705255797395,0.5429677909707138,34.821932188626064,51.10801204130461
B,30,15,125,breslow,5,1.0,1.0,0.5,7852.03916606796,0.5414133382478038,34.84299547976531,51.19821675670914
B,30,15,125,breslow,5,1.0,1.0,0.95,,,,
B,30,15,125,spline,3,0.0,0.0,0.3,,,,
B,30,15,125,spline,3,0.0,0.0,0.5,,,,
B,30,15,125,spline,3,0.0,0.0,0.95,,,,
B,30,15,125,spline,3,0.0,0.5,0.3,,,,
B,30,15,125,spline,3,0.0,0.5,0.5,,,,
B,30,15,125,spline,3,0.0,0.5,0.95,,,,
B,30,15,125,spline,3,0.0,1.0,0.3,,,,
B,30,15,125,spline,3,0.0,1.0,0.5,,,,
B,30,15,125,spline,3,0.0,1.0,0.95,,,,
B,30,15,125,spline,3,0.1,0.0,0.3,,,,
B,30,15,125,spline,3,0.1,0.0,0.5,,,,
B,30,15,125,spline,3,0.1,0.0,0.95,,,,
B,30,15,125,spline,3,0.1,0.5,0.3,,,,
B,30,15,125,spline,3,0.1,0.5,0.5,,,,
B,30,15,125,spline,3,0.1,0.5,0.95,,,,
B,30,15,125,spline,3,0.1,1.0,0.3,,,,
B,30,15,125,spline,3,0.1,1.0,0.5,,,,
B,30,15,125,spline,3,0.1,1.0,0.95,,,,
B,30,15,125,spline,3,1.0,0.0,0.3,,,,
B,30,15,125,spline,3,1.0,0.0,0.5,,,,
B,30,15,125,spline,3,1.0,0.0,0.95,,,,
B,30,15,125,spline,3,1.0,0.5,0.3,,,,
B,30,15,125,spline,3,1.0,0.5,0.5,,,,
B,30,15,125,spline,3,1.0,0.5,0.95,,,,
B,30,15,125,spline,3,1.0,1.0,0.3,,,,
B,30,15,125,spline,3,1.0,1.0,0.5,,,,
B,30,15,125,spline,3,1.0,1.0,0.95,,,,
B,30,15,125,spline,5,0.0,0.0,0.3,,,,
B,30,15,125,spline,5,0.0,0.0,0.5,,,,
B,30,15,125,spline,5,0.0,0.0,0.95,,,,
B,30,15,125,spline,5,0.0,0.5,0.3,,,,
B,30,15,125,spline,5,0.0,0.5,0.5,,,,
B,30,15,125,spline,5,0.0,0.5,0.95,,,,
B,30,15,125,spline,5,0.0,1.0,0.3,,,,
B,30,15,125,spline,5,0.0,1.0,0.5,,,,
B,30,15,125,spline,5,0.0,1.0,0.95,,,,
B,30,15,125,spline,5,0.1,0.0,0.3,,,,
B,30,15,125,spline,5,0.1,0.0,0.5,,,,
B,30,15,125,spline,5,0.1,0.0,0.95,,,,
B,30,15,125,spline,5,0.1,0.5,0.3,,,,
B,30,15,125,spline,5,0.1,0.5,0.5,,,,
B,30,15,125,spline,5,0.1,0.5,0.95,,,,
B,30,15,125,spline,5,0.1,1.0,0.3,,,,
B,30,15,125,spline,5,0.1,1.0,0.5,,,,
B,30,15,125,spline,5,0.1,1.0,0.95,,,,
B,30,15,125,spline,5,1.0,0.0,0.3,,,,
B,30,15,125,spline,5,1.0,0.0,0.5,,,,
B,30,15,125,spline,5,1.0,0.0,0.95,,,,
B,30,15,125,spline,5,1.0,0.5,0.3,,,,
B,30,15,125,spline,5,1.0,0.5,0.5,,,,
B,30,15,125,spline,5,1.0,0.5,0.95,,,,
B,30,15,125,spline,5,1.0,1.0,0.3,,,,
B,30,15,125,spline,5,1.0,1.0,0.5,,,,
B,30,15,125,spline,5,1.0,1.0,0.95,,,,
B,30,20,115,breslow,3,0.0,0.0,0.3,,,,
B,30,20,115,breslow,3,0.0,0.0,0.5,,,,
B,30,20,115,breslow,3,0.0,0.0,0.95,,,,
B,30,20,115,breslow,3,0.0,0.5,0.3,,,,
B,30,20,115,breslow,3,0.0,0.5,0.5,,,,
B,30,20,115,breslow,3,0.0,0.5,0.95,,,,
B,30,20,115,breslow,3,0.0,1.0,0.3,,,,
B,30,20,115,breslow,3,0.0,1.0,0.5,,,,
B,30,20,115,breslow,3,0.0,1.0,0.95,,,,
B,30,20,115,breslow,3,0.1,0.0,0.3,7742.917672034242,0.5455737003637545,38.60381777628847,51.44316332076123
B,30,20,115,breslow,3,0.1,0.0,0.5,7852.646213841646,0.5438336798771475,38.651007649706195,51.54960895048252
B,30,20,115,breslow,3,0.1,0.0,0.95,,,,
B,30,20,115,breslow,3,0.1,0.5,0.3,7742.950720361092,0.5455272856355952,38.613741826921384,51.45252100240314
B,30,20,115,breslow,3,0.1,0.5,0.5,7852.646213841646,0.5438336798771475,38.651007649706195,51.54960895048252
B,30,20,115,breslow,3,0.1,0.5,0.95,,,,
B,30,20,115,breslow,3,0.1,1.0,0.3,7742.950720361092,0.5455272856355952,38.613741826921384,51.45252100240314
B,30,20,115,breslow,3,0.1,1.0,0.5,7852.646213841646,0.5438336798771475,38.651007649706195,51.54960895048252
B,30,20,115,breslow,3,0.1,1.0,0.95,,,,
B,30,20,115,breslow,3,1.0,0.0,0.3,7742.950720361092,0.5455272856355952,38.613741826921384,51.45252100240314
B,30,20,115,breslow,3,1.0,0.0,0.5,7852.646213841646,0.5438336798771475,38.651007649706195,51.54960895048252
B,30,20,115,breslow,3,1.0,0.0,0.95,,,,
B,30,20,115,breslow,3,1.0,0.5,0.3,7742.950720361092,0.5455272856355952,38.613741826921384,51.45252100240314
B,30,20,115,breslow,3,1.0,0.5,0.5,7852.646213841646,0.5438336798771475,38.651007649706195,51.54960895048252
B,30,20,115,breslow,3,1.0,0.5,0.95,,,,
B,30,20,115,breslow,3,1.0,1.0,0.3,7742.950720361092,0.5455272856355952,38.613741826921384,51.45252100240314
B,30,20,115,breslow,3,1.0,1.0,0.5,7852.646213841646,0.5438336798771475,38.651007649706195,51.54960895048252
B,30,20,115,breslow,3,1.0,1.0,0.95,,,,
B,30,20,115,breslow,5,0.0,0.0,0.3,,,,
B,30,20,115,breslow,5,0.0,0.0,0.5,,,,
B,30,20,115,breslow,5,0.0,0.0,0.95,,,,
B,30,20,115,breslow,5,0.0,0.5,0.3,,,,
B,30,20,115,breslow,5,0.0,0.5,0.5,,,,
B,30,20,115,breslow,5,0.0,0.5,0.95,,,,
B,30,20,115,breslow,5,0.0,1.0,0.3,,,,
B,30,20,115,breslow,5,0.0,1.0,0.5,,,,
B,30,20,115,breslow,5,0.0,1.0,0.95,,,,
B,30,20,115,breslow,5,0.1,0.0,0.3,7742.917672034242,0.5455737003637545,38.60381777628847,51.44316332076123
B,30,20,115,breslow,5,0.1,0.0,0.5,7852.646213841646,0.5438336798771475,38.651007649706195,51.54960895048252
B,30,20,115,breslow,5,0.1,0.0,0.95,,,,
B,30,20,115,breslow,5,0.1,0.5,0.3,7742.950720361092,0.5455272856355952,38.613741826921384,51.45252100240314
B,30,20,115,breslow,5,0.1,0.5,0.5,7852.646213841646,0.5438336798771475,38.651007649706195,51.54960895048252
B,30,20,115,breslow,5,0.1,0.5,0.95,,,,
B,30,20,115,breslow,5,0.1,1.0,0.3,7742.950720361092,0.5455272856355952,38.613741826921384,51.45252100240314
B,30,20,115,breslow,5,0.1,1.0,0.5,7852.646213841646,0.5438336798771475,38.651007649706195,51.54960895048252
B,30,20,115,breslow,5,0.1,1.0,0.95,,,,
B,30,20,115,breslow,5,1.0,0.0,0.3,7742.950720361092,0.5455272856355952,38.613741826921384,51.45252100240314
B,30,20,115,breslow,5,1.0,0.0,0.5,7852.646213841646,0.5438336798771475,38.651007649706195,51.54960895048252
B,30,20,115,breslow,5,1.0,0.0,0.95,,,,
B,30,20,115,breslow,5,1.0,0.5,0.3,7742.950720361092,0.5455272856355952,38.613741826921384,51.45252100240314
B,30,20,115,breslow,5,1.0,0.5,0.5,7852.646213841646,0.5438336798771475,38.651007649706195,51.54960895048252
B,30,20,115,breslow,5,1.0,0.5,0.95,,,,
B,30,20,115,breslow,5,1.0,1.0,0.3,7742.950720361092,0.5455272856355952,38.613741826921384,51.45252100240314
B,30,20,115,breslow,5,1.0,1.0,0.5,7852.646213841646,0.5438336798771475,38.651007649706195,51.54960895048252
B,30,20,115,breslow,5,1.0,1.0,0.95,,,,
B,30,20,115,spline,3,0.0,0.0,0.3,,,,
B,30,20,115,spline,3,0.0,0.0,0.5,,,,
B,30,20,115,spline,3,0.0,0.0,0.95,,,,
B,30,20,115,spline,3,0.0,0.5,0.3,,,,
B,30,20,115,spline,3,0.0,0.5,0.5,,,,
B,30,20,115,spline,3,0.0,0.5,0.95,,,,
B,30,20,115,spline,3,0.0,1.0,0.3,,,,
B,30,20,115,spline,3,0.0,1.0,0.5,,,,
B,30,20,115,spline,3,0.0,1.0,0.95,,,,
B,30,20,115,spline,3,0.1,0.0,0.3,,,,
B,30,20,115,spline,3,0.1,0.0,0.5,,,,
B,30,20,115,spline,3,0.1,0.0,0.95,,,,
B,30,20,115,spline,3,0.1,0.5,0.3,,,,
B,30,20,115,spline,3,0.1,0.5,0.5,,,,
B,30,20,115,spline,3,0.1,0.5,0.95,,,,
B,30,20,115,spline,3,0.1,1.0,0.3,,,,
B,30,20,115,spline,3,0.1,1.0,0.5,,,,
B,30,20,115,spline,3,0.1,1.0,0.95,,,,
B,30,20,115,spline,3,1.0,0.0,0.3,,,,
B,30,20,115,spline,3,1.0,0.0,0.5,,,,
B,30,20,115,spline,3,1.0,0.0,0.95,,,,
B,30,20,115,spline,3,1.0,0.5,0.3,,,,
B,30,20,115,spline,3,1.0,0.5,0.5,,,,
B,30,20,115,spline,3,1.0,0.5,0.95,,,,
B,30,20,115,spline,3,1.0,1.0,0.3,,,,
B,30,20,115,spline,3,1.0,1.0,0.5,,,,
B,30,20,115,spline,3,1.0,1.0,0.95,,,,
B,30,20,115,spline,5,0.0,0.0,0.3,,,,
B,30,20,115,spline,5,0.0,0.0,0.5,,,,
B,30,20,115,spline,5,0.0,0.0,0.95,,,,
B,30,20,115,spline,5,0.0,0.5,0.3,,,,
B,30,20,115,spline,5,0.0,0.5,0.5,,,,
B,30,20,115,spline,5,0.0,0.5,0.95,,,,
B,30,20,115,spline,5,0.0,1.0,0.3,,,,
B,30,20,115,spline,5,0.0,1.0,0.5,,,,
B,30,20,115,spline,5,0.0,1.0,0.95,,,,
B,30,20,115,spline,5,0.1,0.0,0.3,,,,
B,30,20,115,spline,5,0.1,0.0,0.5,,,,
B,30,20,115,spline,5,0.1,0.0,0.95,,,,
B,30,20,115,spline,5,0.1,0.5,0.3,,,,
B,30,20,115,spline,5,0.1,0.5,0.5,,,,
B,30,20,115,spline,5,0.1,0.5,0.95,,,,
B,30,20,115,spline,5,0.1,1.0,0.3,,,,
B,30,20,115,spline,5,0.1,1.0,0.5,,,,
B,30,20,115,spline,5,0.1,1.0,0.95,,,,
B,30,20,115,spline,5,1.0,0.0,0.3,,,,
B,30,20,115,spline,5,1.0,0.0,0.5,,,,
B,30,20,115,spline,5,1.0,0.0,0.95,,,,
B,30,20,115,spline,5,1.0,0.5,0.3,,,,
B,30,20,115,spline,5,1.0,0.5,0.5,,,,
B,30,20,115,spline,5,1.0,0.5,0.95,,,,
B,30,20,115,spline,5,1.0,1.0,0.3,,,,
B,30,20,115,spline,5,1.0,1.0,0.5,,,,
B,30,20,115,spline,5,1.0,1.0,0.95,,,,
B,30,20,120,breslow,3,0.0,0.0,0.3,,,,
B,30,20,120,breslow,3,0.0,0.0,0.5,,,,
B,30,20,120,breslow,3,0.0,0.0,0.95,,,,
B,30,20,120,breslow,3,0.0,0.5,0.3,,,,
B,30,20,120,breslow,3,0.0,0.5,0.5,,,,
B,30,20,120,breslow,3,0.0,0.5,0.95,,,,
B,30,20,120,breslow,3,0.0,1.0,0.3,,,,
B,30,20,120,breslow,3,0.0,1.0,0.5,,,,
B,30,20,120,breslow,3,0.0,1.0,0.95,,,,
B,30,20,120,breslow,3,0.1,0.0,0.3,7742.527401701198,0.5441881713961276,36.625944829750054,51.16790929278716
B,30,20,120,breslow,3,0.1,0.0,0.5,7852.244890752654,0.5425205366442933,36.66634989304119,51.271459625474314
B,30,20,120,breslow,3,0.1,0.0,0.95,,,,
B,30,20,120,breslow,3,0.1,0.5,0.3,7742.562177002588,0.5441422279477907,36.63718533607917,51.177788892572245
B,30,20,120,breslow,3,0.1,0.5,0.5,7852.244890752654,0.5425205366442933,36.66634989304119,51.271459625474314
B,30,20,120,breslow,3,0.1,0.5,0.95,,,,
B,30,20,120,breslow,3,0.1,1.0,0.3,7742.562177002588,0.5441422279477907,36.63718533607917,51.177788892572245
B,30,20,120,breslow,3,0.1,1.0,0.5,7852.244890752654,0.5425205366442933,36.66634989304119,51.271459625474314
B,30,20,120,breslow,3,0.1,1.0,0.95,,,,
B,30,20,120,breslow,3,1.0,0.0,0.3,7742.562177002588,0.5441422279477907,36.63718533607917,51.177788892572245
B,30,20,120,breslow,3,1.0,0.0,0.5,7852.244890752654,0.5425205366442933,36.66634989304119,51.271459625474314
B,30,20,120,breslow,3,1.0,0.0,0.95,,,,
B,30,20,120,breslow,3,1.0,0.5,0.3,7742.562177002588,0.5441422279477907,36.63718533607917,51.177788892572245
B,30,20,120,breslow,3,1.0,0.5,0.5,7852.244890752654,0.5425205366442933,36.66634989304119,51.271459625474314
B,30,20,120,breslow,3,1.0,0.5,0.95,,,,
B,30,20,120,breslow,3,1.0,1.0,0.3,7742.562177002588,0.5441422279477907,36.63718533607917,51.177788892572245
B,30,20,120,breslow,3,1.0,1.0,0.5,7852.244890752654,0.5425205366442933,36.66634989304119,51.271459625474314
B,30,20,120,breslow,3,1.0,1.0,0.95,,,,
B,30,20,120,breslow,5,0.0,0.0,0.3,,,,
B,30,20,120,breslow,5,0.0,0.0,0.5,,,,
B,30,20,120,breslow,5,0.0,0.0,0.95,,,,
B,30,20,120,breslow,5,0.0,0.5,0.3,,,,
B,30,20,120,breslow,5,0.0,0.5,0.5,,,,
B,30,20,120,breslow,5,0.0,0.5,0.95,,,,
B,30,20,120,breslow,5,0.0,1.0,0.3,,,,
B,30,20,120,breslow,5,0.0,1.0,0.5,,,,
B,30,20,120,breslow,5,0.0,1.0,0.95,,,,
B,30,20,120,breslow,5,0.1,0.0,0.3,7742.527401701198,0.5441881713961276,36.625944829750054,51.16790929278716
B,30,20,120,breslow,5,0.1,0.0,0.5,7852.244890752654,0.5425205366442933,36.66634989304119,51.271459625474314
B,30,20,120,breslow,5,0.1,0.0,0.95,,,,
B,30,20,120,breslow,5,0.1,0.5,0.3,7742.562177002588,0.5441422279477907,36.63718533607917,51.177788892572245
B,30,20,120,breslow,5,0.1,0.5,0.5,7852.244890752654,0.5425205366442933,36.66634989304119,51.271459625474314
B,30,20,120,breslow,5,0.1,0.5,0.95,,,,
B,30,20,120,breslow,5,0.1,1.0,0.3,7742.562177002588,0.5441422279477907,36.63718533607917,51.177788892572245
B,30,20,120,breslow,5,0.1,1.0,0.5,7852.244890752654,0.5425205366442933,36.66634989304119,51.271459625474314
B,30,20,120,breslow,5,0.1,1.0,0.95,,,,
B,30,20,120,breslow,5,1.0,0.0,0.3,7742.562177002588,0.5441422279477907,36.63718533607917,51.177788892572245
B,30,20,120,breslow,5,1.0,0.0,0.5,7852.244890752654,0.5425205366442933,36.66634989304119,51.271459625474314
B,30,20,120,breslow,5,1.0,0.0,0.95,,,,
B,30,20,120,breslow,5,1.0,0.5,0.3,7742.562177002588,0.5441422279477907,36.63718533607917,51.177788892572245
B,30,20,120,breslow,5,1.0,0.5,0.5,7852.244890752654,0.5425205366442933,36.66634989304119,51.271459625474314
B,30,20,120,breslow,5,1.0,0.5,0.95,,,,
B,30,20,120,breslow,5,1.0,1.0,0.3,7742.562177002588,0.5441422279477907,36.63718533607917,51.177788892572245
B,30,20,120,breslow,5,1.0,1.0,0.5,7852.244890752654,0.5425205366442933,36.66634989304119,51.271459625474314
B,30,20,120,breslow,5,1.0,1.0,0.95,,,,
B,30,20,120,spline,3,0.0,0.0,0.3,,,,
B,30,20,120,spline,3,0.0,0.0,0.5,,,,
B,30,20,120,spline,3,0.0,0.0,0.95,,,,
B,30,20,120,spline,3,0.0,0.5,0.3,,,,
B,30,20,120,spline,3,0.0,0.5,0.5,,,,
B,30,20,120,spline,3,0.0,0.5,0.95,,,,
B,30,20,120,spline,3,0.0,1.0,0.3,,,,
B,30,20,120,spline,3,0.0,1.0,0.5,,,,
B,30,20,120,spline,3,0.0,1.0,0.95,,,,
B,30,20,120,spline,3,0.1,0.0,0.3,,,,
B,30,20,120,spline,3,0.1,0.0,0.5,,,,
B,30,20,120,spline,3,0.1,0.0,0.95,,,,
B,30,20,120,spline,3,0.1,0.5,0.3,,,,
B,30,20,120,spline,3,0.1,0.5,0.5,,,,
B,30,20,120,spline,3,0.1,0.5,0.95,,,,
B,30,20,120,spline,3,0.1,1.0,0.3,,,,
B,30,20,120,spline,3,0.1,1.0,0.5,,,,
B,30,20,120,spline,3,0.1,1.0,0.95,,,,
B,30,20,120,spline,3,1.0,0.0,0.3,,,,
B,30,20,120,spline,3,1.0,0.0,0.5,,,,
B,30,20,120,spline,3,1.0,0.0,0.95,,,,
B,30,20,120,spline,3,1.0,0.5,0.3,,,,
B,30,20,120,spline,3,1.0,0.5,0.5,,,,
B,30,20,120,spline,3,1.0,0.5,0.95,,,,
B,30,20,120,spline,3,1.0,1.0,0.3,,,,
B,30,20,120,spline,3,1.0,1.0,0.5,,,,
B,30,20,120,spline,3,1.0,1.0,0.95,,,,
B,30,20,120,spline,5,0.0,0.0,0.3,,,,
B,30,20,120,spline,5,0.0,0.0,0.5,,,,
B,30,20,120,spline,5,0.0,0.0,0.95,,,,
B,30,20,120,spline,5,0.0,0.5,0.3,,,,
B,30,20,120,spline,5,0.0,0.5,0.5,,,,
B,30,20,120,spline,5,0.0,0.5,0.95,,,,
B,30,20,120,spline,5,0.0,1.0,0.3,,,,
B,30,20,120,spline,5,0.0,1.0,0.5,,,,
B,30,20,120,spline,5,0.0,1.0,0.95,,,,
B,30,20,120,spline,5,0.1,0.0,0.3,,,,
B,30,20,120,spline,5,0.1,0.0,0.5,,,,
B,30,20,120,spline,5,0.1,0.0,0.95,,,,
B,30,20,120,spline,5,0.1,0.5,0.3,,,,
B,30,20,120,spline,5,0.1,0.5,0.5,,,,
B,30,20,120,spline,5,0.1,0.5,0.95,,,,
B,30,20,120,spline,5,0.1,1.0,0.3,,,,
B,30,20,120,spline,5,0.1,1.0,0.5,,,,
B,30,20,120,spline,5,0.1,1.0,0.95,,,,
B,30,20,120,spline,5,1.0,0.0,0.3,,,,
B,30,20,120,spline,5,1.0,0.0,0.5,,,,
B,30,20,120,spline,5,1.0,0.0,0.95,,,,
B,30,20,120,spline,5,1.0,0.5,0.3,,,,
B,30,20,120,spline,5,1.0,0.5,0.5,,,,
B,30,20,120,spline,5,1.0,0.5,0.95,,,,
B,30,20,120,spline,5,1.0,1.0,0.3,,,,
B,30,20,120,spline,5,1.0,1.0,0.5,,,,
B,30,20,120,spline,5,1.0,1.0,0.95,,,,
B,30,20,125,breslow,3,0.0,0.0,0.3,,,,
B,30,20,125,breslow,3,0.0,0.0,0.5,,,,
B,30,20,125,breslow,3,0.0,0.0,0.95,,,,
B,30,20,125,breslow,3,0.0,0.5,0.3,,,,
B,30,20,125,breslow,3,0.0,0.5,0.5,,,,
B,30,20,125,breslow,3,0.0,0.5,0.95,,,,
B,30,20,125,breslow,3,0.0,1.0,0.3,,,,
B,30,20,125,breslow,3,0.0,1.0,0.5,,,,
B,30,20,125,breslow,3,0.0,1.0,0.95,,,,
B,30,20,125,breslow,3,0.1,0.0,0.3,7742.334378860962,0.5430131790099724,34.809679024069105,51.09774323207026
B,30,20,125,breslow,3,0.1,0.0,0.5,7852.03916606796,0.5414133382478038,34.84299547976531,51.19821675670914
B,30,20,125,breslow,3,0.1,0.0,0.95,,,,
B,30,20,125,breslow,3,0.1,0.5,0.3,7742.3705255797395,0.5429677909707138,34.821932188626064,51.10801204130461
B,30,20,125,breslow,3,0.1,0.5,0.5,7852.03916606796,0.5414133382478038,34.84299547976531,51.19821675670914
B,30,20,125,breslow,3,0.1,0.5,0.95,,,,
B,30,20,125,breslow,3,0.1,1.0,0.3,7742.3705255797395,0.5429677909707138,34.821932188626064,51.10801204130461
B,30,20,125,breslow,3,0.1,1.0,0.5,7852.03916606796,0.5414133382478038,34.84299547976531,51.19821675670914
B,30,20,125,breslow,3,0.1,1.0,0.95,,,,
B,30,20,125,breslow,3,1.0,0.0,0.3,7742.3705255797395,0.5429677909707138,34.821932188626064,51.10801204130461
B,30,20,125,breslow,3,1.0,0.0,0.5,7852.03916606796,0.5414133382478038,34.84299547976531,51.19821675670914
B,30,20,125,breslow,3,1.0,0.0,0.95,,,,
B,30,20,125,breslow,3,1.0,0.5,0.3,7742.3705255797395,0.5429677909707138,34.821932188626064,51.10801204130461
B,30,20,125,breslow,3,1.0,0.5,0.5,7852.03916606796,0.5414133382478038,34.84299547976531,51.19821675670914
B,30,20,125,breslow,3,1.0,0.5,0.95,,,,
B,30,20,125,breslow,3,1.0,1.0,0.3,7742.3705255797395,0.5429677909707138,34.821932188626064,51.10801204130461
B,30,20,125,breslow,3,1.0,1.0,0.5,7852.03916606796,0.5414133382478038,34.84299547976531,51.19821675670914
B,30,20,125,breslow,3,1.0,1.0,0.95,,,,
B,30,20,125,breslow,5,0.0,0.0,0.3,,,,
B,30,20,125,breslow,5,0.0,0.0,0.5,,,,
B,30,20,125,breslow,5,0.0,0.0,0.95,,,,
B,30,20,125,breslow,5,0.0,0.5,0.3,,,,
B,30,20,125,breslow,5,0.0,0.5,0.5,,,,
B,30,20,125,breslow,5,0.0,0.5,0.95,,,,
B,30,20,125,breslow,5,0.0,1.0,0.3,,,,
B,30,20,125,breslow,5,0.0,1.0,0.5,,,,
B,30,20,125,breslow,5,0.0,1.0,0.95,,,,
B,30,20,125,breslow,5,0.1,0.0,0.3,7742.334378860962,0.5430131790099724,34.809679024069105,51.09774323207026
B,30,20,125,breslow,5,0.1,0.0,0.5,7852.03916606796,0.5414133382478038,34.84299547976531,51.19821675670914
B,30,20,125,breslow,5,0.1,0.0,0.95,,,,
B,30,20,125,breslow,5,0.1,0.5,0.3,7742.3705255797395,0.5429677909707138,34.821932188626064,51.10801204130461
B,30,20,125,breslow,5,0.1,0.5,0.5,7852.03916606796,0.5414133382478038,34.84299547976531,51.19821675670914
B,30,20,125,breslow,5,0.1,0.5,0.95,,,,
B,30,20,125,breslow,5,0.1,1.0,0.3,7742.3705255797395,0.5429677909707138,34.821932188626064,51.10801204130461
B,30,20,125,breslow,5,0.1,1.0,0.5,7852.03916606796,0.5414133382478038,34.84299547976531,51.19821675670914
B,30,20,125,breslow,5,0.1,1.0,0.95,,,,
B,30,20,125,breslow,5,1.0,0.0,0.3,7742.3705255797395,0.5429677909707138,34.821932188626064,51.10801204130461
B,30,20,125,breslow,5,1.0,0.0,0.5,7852.03916606796,0.5414133382478038,34.84299547976531,51.19821675670914
B,30,20,125,breslow,5,1.0,0.0,0.95,,,,
B,30,20,125,breslow,5,1.0,0.5,0.3,7742.3705255797395,0.5429677909707138,34.821932188626064,51.10801204130461
B,30,20,125,breslow,5,1.0,0.5,0.5,7852.03916606796,0.5414133382478038,34.84299547976531,51.19821675670914
B,30,20,125,breslow,5,1.0,0.5,0.95,,,,
B,30,20,125,breslow,5,1.0,1.0,0.3,7742.3705255797395,0.5429677909707138,34.821932188626064,51.10801204130461
B,30,20,125,breslow,5,1.0,1.0,0.5,7852.03916606796,0.5414133382478038,34.84299547976531,51.19821675670914
B,30,20,125,breslow,5,1.0,1.0,0.95,,,,
B,30,20,125,spline,3,0.0,0.0,0.3,,,,
B,30,20,125,spline,3,0.0,0.0,0.5,,,,
B,30,20,125,spline,3,0.0,0.0,0.95,,,,
B,30,20,125,spline,3,0.0,0.5,0.3,,,,
B,30,20,125,spline,3,0.0,0.5,0.5,,,,
B,30,20,125,spline,3,0.0,0.5,0.95,,,,
B,30,20,125,spline,3,0.0,1.0,0.3,,,,
B,30,20,125,spline,3,0.0,1.0,0.5,,,,
B,30,20,125,spline,3,0.0,1.0,0.95,,,,
B,30,20,125,spline,3,0.1,0.0,0.3,,,,
B,30,20,125,spline,3,0.1,0.0,0.5,,,,
B,30,20,125,spline,3,0.1,0.0,0.95,,,,
B,30,20,125,spline,3,0.1,0.5,0.3,,,,
B,30,20,125,spline,3,0.1,0.5,0.5,,,,
B,30,20,125,spline,3,0.1,0.5,0.95,,,,
B,30,20,125,spline,3,0.1,1.0,0.3,,,,
B,30,20,125,spline,3,0.1,1.0,0.5,,,,
B,30,20,125,spline,3,0.1,1.0,0.95,,,,
B,30,20,125,spline,3,1.0,0.0,0.3,,,,
B,30,20,125,spline,3,1.0,0.0,0.5,,,,
B,30,20,125,spline,3,1.0,0.0,0.95,,,,
B,30,20,125,spline,3,1.0,0.5,0.3,,,,
B,30,20,125,spline,3,1.0,0.5,0.5,,,,
B,30,20,125,spline,3,1.0,0.5,0.95,,,,
B,30,20,125,spline,3,1.0,1.0,0.3,,,,
B,30,20,125,spline,3,1.0,1.0,0.5,,,,
B,30,20,125,spline,3,1.0,1.0,0.95,,,,
B,30,20,125,spline,5,0.0,0.0,0.3,,,,
B,30,20,125,spline,5,0.0,0.0,0.5,,,,
B,30,20,125,spline,5,0.0,0.0,0.95,,,,
B,30,20,125,spline,5,0.0,0.5,0.3,,,,
B,30,20,125,spline,5,0.0,0.5,0.5,,,,
B,30,20,125,spline,5,0.0,0.5,0.95,,,,
B,30,20,125,spline,5,0.0,1.0,0.3,,,,
B,30,20,125,spline,5,0.0,1.0,0.5,,,,
B,30,20,125,spline,5,0.0,1.0,0.95,,,,
B,30,20,125,spline,5,0.1,0.0,0.3,,,,
B,30,20,125,spline,5,0.1,0.0,0.5,,,,
B,30,20,125,spline,5,0.1,0.0,0.95,,,,
B,30,20,125,spline,5,0.1,0.5,0.3,,,,
B,30,20,125,spline,5,0.1,0.5,0.5,,,,
B,30,20,125,spline,5,0.1,0.5,0.95,,,,
B,30,20,125,spline,5,0.1,1.0,0.3,,,,
B,30,20,125,spline,5,0.1,1.0,0.5,,,,
B,30,20,125,spline,5,0.1,1.0,0.95,,,,
B,30,20,125,spline,5,1.0,0.0,0.3,,,,
B,30,20,125,spline,5,1.0,0.0,0.5,,,,
B,30,20,125,spline,5,1.0,0.0,0.95,,,,
B,30,20,125,spline,5,1.0,0.5,0.3,,,,
B,30,20,125,spline,5,1.0,0.5,0.5,,,,
B,30,20,125,spline,5,1.0,0.5,0.95,,,,
B,30,20,125,spline,5,1.0,1.0,0.3,,,,
B,30,20,125,spline,5,1.0,1.0,0.5,,,,
B,30,20,125,spline,5,1.0,1.0,0.95,,,,
C,20,10,115,breslow,3,0.0,0.0,0.3,,,,
C,20,10,115,breslow,3,0.0,0.0,0.5,,,,
C,20,10,115,breslow,3,0.0,0.0,0.95,,,,
C,20,10,115,breslow,3,0.0,0.5,0.3,,,,
C,20,10,115,breslow,3,0.0,0.5,0.5,,,,
C,20,10,115,breslow,3,0.0,0.5,0.95,,,,
C,20,10,115,breslow,3,0.0,1.0,0.3,,,,
C,20,10,115,breslow,3,0.0,1.0,0.5,,,,
C,20,10,115,breslow,3,0.0,1.0,0.95,,,,
C,20,10,115,breslow,3,0.1,0.0,0.3,7230.91000606076,0.5460939004812929,36.72075915855047,49.786810874706994
C,20,10,115,breslow,3,0.1,0.0,0.5,7333.347190314154,0.5442920775031949,36.758064123089476,49.88242254464081
C,20,10,115,breslow,3,0.1,0.0,0.95,,,,
C,20,10,115,breslow,3,0.1,0.5,0.3,7230.912864250752,0.5460325478352379,36.72326506871595,49.78873406985973
C,20,10,115,breslow,3,0.1,0.5,0.5,7333.347190314154,0.5442920775031949,36.758064123089476,49.88242254464081
C,20,10,115,breslow,3,0.1,0.5,0.95,,,,
C,20,10,115,breslow,3,0.1,1.0,0.3,7230.912864250752,0.5460325478352379,36.72326506871595,49.78873406985973
C,20,10,115,breslow,3,0.1,1.0,0.5,7333.347190314154,0.5442920775031949,36.758064123089476,49.88242254464081
C,20,10,115,breslow,3,0.1,1.0,0.95,,,,
C,20,10,115,breslow,3,1.0,0.0,0.3,7230.912864250752,0.5460325478352379,36.72326506871595,49.78873406985973
C,20,10,115,breslow,3,1.0,0.0,0.5,7333.347190314154,0.5442920775031949,36.758064123089476,49.88242254464081
C,20,10,115,breslow,3,1.0,0.0,0.95,,,,
C,20,10,115,breslow,3,1.0,0.5,0.3,7230.912864250752,0.5460325478352379,36.72326506871595,49.78873406985973
C,20,10,115,breslow,3,1.0,0.5,0.5,7333.347190314154,0.5442920775031949,36.758064123089476,49.88242254464081
C,20,10,115,breslow,3,1.0,0.5,0.95,,,,
C,20,10,115,breslow,3,1.0,1.0,0.3,7230.912864250752,0.5460325478352379,36.72326506871595,49.78873406985973
C,20,10,115,breslow,3,1.0,1.0,0.5,7333.347190314154,0.5442920775031949,36.758064123089476,49.88242254464081
C,20,10,115,breslow,3,1.0,1.0,0.95,,,,
C,20,10,115,breslow,5,0.0,0.0,0.3,,,,
C,20,10,115,breslow,5,0.0,0.0,0.5,,,,
C,20,10,115,breslow,5,0.0,0.0,0.95,,,,
C,20,10,115,breslow,5,0.0,0.5,0.3,,,,
C,20,10,115,breslow,5,0.0,0.5,0.5,,,,
C,20,10,115,breslow,5,0.0,0.5,0.95,,,,
C,20,10,115,breslow,5,0.0,1.0,0.3,,,,
C,20,10,115,breslow,5,0.0,1.0,0.5,,,,
C,20,10,115,breslow,5,0.0,1.0,0.95,,,,
C,20,10,115,breslow,5,0.1,0.0,0.3,7230.91000606076,0.5460939004812929,36.72075915855047,49.786810874706994
C,20,10,115,breslow,5,0.1,0.0,0.5,7333.347190314154,0.5442920775031949,36.758064123089476,49.88242254464081
C,20,10,115,breslow,5,0.1,0.0,0.95,,,,
C,20,10,115,breslow,5,0.1,0.5,0.3,7230.912864250752,0.5460325478352379,36.72326506871595,49.78873406985973
C,20,10,115,breslow,5,0.1,0.5,0.5,7333.347190314154,0.5442920775031949,36.758064123089476,49.88242254464081
C,20,10,115,breslow,5,0.1,0.5,0.95,,,,
C,20,10,115,breslow,5,0.1,1.0,0.3,7230.912864250752,0.5460325478352379,36.72326506871595,49.78873406985973
C,20,10,115,breslow,5,0.1,1.0,0.5,7333.347190314154,0.5442920775031949,36.758064123089476,49.88242254464081
C,20,10,115,breslow,5,0.1,1.0,0.95,,,,
C,20,10,115,breslow,5,1.0,0.0,0.3,7230.912864250752,0.5460325478352379,36.72326506871595,49.78873406985973
C,20,10,115,breslow,5,1.0,0.0,0.5,7333.347190314154,0.5442920775031949,36.758064123089476,49.88242254464081
C,20,10,115,breslow,5,1.0,0.0,0.95,,,,
C,20,10,115,breslow,5,1.0,0.5,0.3,7230.912864250752,0.5460325478352379,36.72326506871595,49.78873406985973
C,20,10,115,breslow,5,1.0,0.5,0.5,7333.347190314154,0.5442920775031949,36.758064123089476,49.88242254464081
C,20,10,115,breslow,5,1.0,0.5,0.95,,,,
C,20,10,115,breslow,5,1.0,1.0,0.3,7230.912864250752,0.5460325478352379,36.72326506871595,49.78873406985973
C,20,10,115,breslow,5,1.0,1.0,0.5,7333.347190314154,0.5442920775031949,36.758064123089476,49.88242254464081
C,20,10,115,breslow,5,1.0,1.0,0.95,,,,
C,20,10,115,spline,3,0.0,0.0,0.3,,,,
C,20,10,115,spline,3,0.0,0.0,0.5,,,,
C,20,10,115,spline,3,0.0,0.0,0.95,,,,
C,20,10,115,spline,3,0.0,0.5,0.3,,,,
C,20,10,115,spline,3,0.0,0.5,0.5,,,,
C,20,10,115,spline,3,0.0,0.5,0.95,,,,
C,20,10,115,spline,3,0.0,1.0,0.3,,,,
C,20,10,115,spline,3,0.0,1.0,0.5,,,,
C,20,10,115,spline,3,0.0,1.0,0.95,,,,
C,20,10,115,spline,3,0.1,0.0,0.3,,,,
C,20,10,115,spline,3,0.1,0.0,0.5,,,,
C,20,10,115,spline,3,0.1,0.0,0.95,,,,
C,20,10,115,spline,3,0.1,0.5,0.3,,,,
C,20,10,115,spline,3,0.1,0.5,0.5,,,,
C,20,10,115,spline,3,0.1,0.5,0.95,,,,
C,20,10,115,spline,3,0.1,1.0,0.3,,,,
C,20,10,115,spline,3,0.1,1.0,0.5,,,,
C,20,10,115,spline,3,0.1,1.0,0.95,,,,
C,20,10,115,spline,3,1.0,0.0,0.3,,,,
C,20,10,115,spline,3,1.0,0.0,0.5,,,,
C,20,10,115,spline,3,1.0,0.0,0.95,,,,
C,20,10,115,spline,3,1.0,0.5,0.3,,,,
C,20,10,115,spline,3,1.0,0.5,0.5,,,,
C,20,10,115,spline,3,1.0,0.5,0.95,,,,
C,20,10,115,spline,3,1.0,1.0,0.3,,,,
C,20,10,115,spline,3,1.0,1.0,0.5,,,,
C,20,10,115,spline,3,1.0,1.0,0.95,,,,
C,20,10,115,spline,5,0.0,0.0,0.3,,,,
C,20,10,115,spline,5,0.0,0.0,0.5,,,,
C,20,10,115,spline,5,0.0,0.0,0.95,,,,
C,20,10,115,spline,5,0.0,0.5,0.3,,,,
C,20,10,115,spline,5,0.0,0.5,0.5,,,,
C,20,10,115,spline,5,0.0,0.5,0.95,,,,
C,20,10,115,spline,5,0.0,1.0,0.3,,,,
C,20,10,115,spline,5,0.0,1.0,0.5,,,,
C,20,10,115,spline,5,0.0,1.0,0.95,,,,
C,20,10,115,spline,5,0.1,0.0,0.3,,,,
C,20,10,115,spline,5,0.1,0.0,0.5,,,,
C,20,10,115,spline,5,0.1,0.0,0.95,,,,
C,20,10,115,spline,5,0.1,0.5,0.3,,,,
C,20,10,115,spline,5,0.1,0.5,0.5,,,,
C,20,10,115,spline,5,0.1,0.5,0.95,,,,
C,20,10,115,spline,5,0.1,1.0,0.3,,,,
C,20,10,115,spline,5,0.1,1.0,0.5,,,,
C,20,10,115,spline,5,0.1,1.0,0.95,,,,
C,20,10,115,spline,5,1.0,0.0,0.3,,,,
C,20,10,115,spline,5,1.0,0.0,0.5,,,,
C,20,10,115,spline,5,1.0,0.0,0.95,,,,
C,20,10,115,spline,5,1.0,0.5,0.3,,,,
C,20,10,115,spline,5,1.0,0.5,0.5,,,,
C,20,10,115,spline,5,1.0,0.5,0.95,,,,
C,20,10,115,spline,5,1.0,1.0,0.3,,,,
C,20,10,115,spline,5,1.0,1.0,0.5,,,,
C,20,10,115,spline,5,1.0,1.0,0.95,,,,
C,20,10,120,breslow,3,0.0,0.0,0.3,,,,
C,20,10,120,breslow,3,0.0,0.0,0.5,,,,
C,20,10,120,breslow,3,0.0,0.0,0.95,,,,
C,20,10,120,breslow,3,0.0,0.5,0.3,,,,
C,20,10,120,breslow,3,0.0,0.5,0.5,,,,
C,20,10,120,breslow,3,0.0,0.5,0.95,,,,
C,20,10,120,breslow,3,0.0,1.0,0.3,,,,
C,20,10,120,breslow,3,0.0,1.0,0.5,,,,
C,20,10,120,breslow,3,0.0,1.0,0.95,,,,
C,20,10,120,breslow,3,0.1,0.0,0.3,7230.475977104451,0.5446037122685632,34.54878102112768,49.47189574670703
C,20,10,120,breslow,3,0.1,0.0,0.5,7332.902686069021,0.5428779793535482,34.578899224437365,49.564677783387346
C,20,10,120,breslow,3,0.1,0.0,0.95,,,,
C,20,10,120,breslow,3,0.1,0.5,0.3,7230.480293796501,0.5445412032071906,34.55166518188418,49.474194062061066
C,20,10,120,breslow,3,0.1,0.5,0.5,7332.902686069021,0.5428779793535482,34.578899224437365,49.564677783387346
C,20,10,120,breslow,3,0.1,0.5,0.95,,,,
C,20,10,120,breslow,3,0.1,1.0,0.3,7230.480293796501,0.5445412032071906,34.55166518188418,49.474194062061066
C,20,10,120,breslow,3,0.1,1.0,0.5,7332.902686069021,0.5428779793535482,34.578899224437365,49.564677783387346
C,20,10,120,breslow,3,0.1,1.0,0.95,,,,
C,20,10,120,breslow,3,1.0,0.0,0.3,7230.480293796501,0.5445412032071906,34.55166518188418,49.474194062061066
C,20,10,120,breslow,3,1.0,0.0,0.5,7332.902686069021,0.5428779793535482,34.578899224437365,49.564677783387346
C,20,10,120,breslow,3,1.0,0.0,0.95,,,,
C,20,10,120,breslow,3,1.0,0.5,0.3,7230.480293796501,0.5445412032071906,34.55166518188418,49.474194062061066
C,20,10,120,breslow,3,1.0,0.5,0.5,7332.902686069021,0.5428779793535482,34.578899224437365,49.564677783387346
C,20,10,120,breslow,3,1.0,0.5,0.95,,,,
C,20,10,120,breslow,3,1.0,1.0,0.3,7230.480293796501,0.5445412032071906,34.55166518188418,49.474194062061066
C,20,10,120,breslow,3,1.0,1.0,0.5,7332.902686069021,0.5428779793535482,34.578899224437365,49.564677783387346
C,20,10,120,breslow,3,1.0,1.0,0.95,,,,
C,20,10,120,breslow,5,0.0,0.0,0.3,,,,
C,20,10,120,breslow,5,0.0,0.0,0.5,,,,
C,20,10,120,breslow,5,0.0,0.0,0.95,,,,
C,20,10,120,breslow,5,0.0,0.5,0.3,,,,
C,20,10,120,breslow,5,0.0,0.5,0.5,,,,
C,20,10,120,breslow,5,0.0,0.5,0.95,,,,
C,20,10,120,breslow,5,0.0,1.0,0.3,,,,
C,20,10,120,breslow,5,0.0,1.0,0.5,,,,
C,20,10,120,breslow,5,0.0,1.0,0.95,,,,
C,20,10,120,breslow,5,0.1,0.0,0.3,7230.475977104451,0.5446037122685632,34.54878102112768,49.47189574670703
C,20,10,120,breslow,5,0.1,0.0,0.5,7332.902686069021,0.5428779793535482,34.578899224437365,49.564677783387346
C,20,10,120,breslow,5,0.1,0.0,0.95,,,,
C,20,10,120,breslow,5,0.1,0.5,0.3,7230.480293796501,0.5445412032071906,34.55166518188418,49.474194062061066
C,20,10,120,breslow,5,0.1,0.5,0.5,7332.902686069021,0.5428779793535482,34.578899224437365,49.564677783387346
C,20,10,120,breslow,5,0.1,0.5,0.95,,,,
C,20,10,120,breslow,5,0.1,1.0,0.3,7230.480293796501,0.5445412032071906,34.55166518188418,49.474194062061066
C,20,10,120,breslow,5,0.1,1.0,0.5,7332.902686069021,0.5428779793535482,34.578899224437365,49.564677783387346
C,20,10,120,breslow,5,0.1,1.0,0.95,,,,
C,20,10,120,breslow,5,1.0,0.0,0.3,7230.480293796501,0.5445412032071906,34.55166518188418,49.474194062061066
C,20,10,120,breslow,5,1.0,0.0,0.5,7332.902686069021,0.5428779793535482,34.578899224437365,49.564677783387346
C,20,10,120,breslow,5,1.0,0.0,0.95,,,,
C,20,10,120,breslow,5,1.0,0.5,0.3,7230.480293796501,0.5445412032071906,34.55166518188418,49.474194062061066
C,20,10,120,breslow,5,1.0,0.5,0.5,7332.902686069021,0.5428779793535482,34.578899224437365,49.564677783387346
C,20,10,120,breslow,5,1.0,0.5,0.95,,,,
C,20,10,120,breslow,5,1.0,1.0,0.3,7230.480293796501,0.5445412032071906,34.55166518188418,49.474194062061066
C,20,10,120,breslow,5,1.0,1.0,0.5,7332.902686069021,0.5428779793535482,34.578899224437365,49.564677783387346
C,20,10,120,breslow,5,1.0,1.0,0.95,,,,
C,20,10,120,spline,3,0.0,0.0,0.3,,,,
C,20,10,120,spline,3,0.0,0.0,0.5,,,,
C,20,10,120,spline,3,0.0,0.0,0.95,,,,
C,20,10,120,spline,3,0.0,0.5,0.3,,,,
C,20,10,120,spline,3,0.0,0.5,0.5,,,,
C,20,10,120,spline,3,0.0,0.5,0.95,,,,
C,20,10,120,spline,3,0.0,1.0,0.3,,,,
C,20,10,120,spline,3,0.0,1.0,0.5,,,,
C,20,10,120,spline,3,0.0,1.0,0.95,,,,
C,20,10,120,spline,3,0.1,0.0,0.3,,,,
C,20,10,120,spline,3,0.1,0.0,0.5,,,,
C,20,10,120,spline,3,0.1,0.0,0.95,,,,
C,20,10,120,spline,3,0.1,0.5,0.3,,,,
C,20,10,120,spline,3,0.1,0.5,0.5,,,,
C,20,10,120,spline,3,0.1,0.5,0.95,,,,
C,20,10,120,spline,3,0.1,1.0,0.3,,,,
C,20,10,120,spline,3,0.1,1.0,0.5,,,,
C,20,10,120,spline,3,0.1,1.0,0.95,,,,
C,20,10,120,spline,3,1.0,0.0,0.3,,,,
C,20,10,120,spline,3,1.0,0.0,0.5,,,,
C,20,10,120,spline,3,1.0,0.0,0.95,,,,
C,20,10,120,spline,3,1.0,0.5,0.3,,,,
C,20,10,120,spline,3,1.0,0.5,0.5,,,,
C,20,10,120,spline,3,1.0,0.5,0.95,,,,
C,20,10,120,spline,3,1.0,1.0,0.3,,,,
C,20,10,120,spline,3,1.0,1.0,0.5,,,,
C,20,10,120,spline,3,1.0,1.0,0.95,,,,
C,20,10,120,spline,5,0.0,0.0,0.3,,,,
C,20,10,120,spline,5,0.0,0.0,0.5,,,,
C,20,10,120,spline,5,0.0,0.0,0.95,,,,
C,20,10,120,spline,5,0.0,0.5,0.3,,,,
C,20,10,120,spline,5,0.0,0.5,0.5,,,,
C,20,10,120,spline,5,0.0,0.5,0.95,,,,
C,20,10,120,spline,5,0.0,1.0,0.3,,,,
C,20,10,120,spline,5,0.0,1.0,0.5,,,,
C,20,10,120,spline,5,0.0,1.0,0.95,,,,
C,20,10,120,spline,5,0.1,0.0,0.3,,,,
C,20,10,120,spline,5,0.1,0.0,0.5,,,,
C,20,10,120,spline,5,0.1,0.0,0.95,,,,
C,20,10,120,spline,5,0.1,0.5,0.3,,,,
C,20,10,120,spline,5,0.1,0.5,0.5,,,,
C,20,10,120,spline,5,0.1,0.5,0.95,,,,
C,20,10,120,spline,5,0.1,1.0,0.3,,,,
C,20,10,120,spline,5,0.1,1.0,0.5,,,,
C,20,10,120,spline,5,0.1,1.0,0.95,,,,
C,20,10,120,spline,5,1.0,0.0,0.3,,,,
C,20,10,120,spline,5,1.0,0.0,0.5,,,,
C,20,10,120,spline,5,1.0,0.0,0.95,,,,
C,20,10,120,spline,5,1.0,0.5,0.3,,,,
C,20,10,120,spline,5,1.0,0.5,0.5,,,,
C,20,10,120,spline,5,1.0,0.5,0.95,,,,
C,20,10,120,spline,5,1.0,1.0,0.3,,,,
C,20,10,120,spline,5,1.0,1.0,0.5,,,,
C,20,10,120,spline,5,1.0,1.0,0.95,,,,
C,20,10,125,breslow,3,0.0,0.0,0.3,,,,
C,20,10,125,breslow,3,0.0,0.0,0.5,,,,
C,20,10,125,breslow,3,0.0,0.0,0.95,,,,
C,20,10,125,breslow,3,0.0,0.5,0.3,,,,
C,20,10,125,breslow,3,0.0,0.5,0.5,,,,
C,20,10,125,breslow,3,0.0,0.5,0.95,,,,
C,20,10,125,breslow,3,0.0,1.0,0.3,,,,
C,20,10,125,breslow,3,0.0,1.0,0.5,,,,
C,20,10,125,breslow,3,0.0,1.0,0.95,,,,
C,20,10,125,breslow,3,0.1,0.0,0.3,7230.253758076567,0.5433071725215927,32.53485413147891,49.387956315876615
C,20,10,125,breslow,3,0.1,0.0,0.5,7332.669242304352,0.541651147182705,32.55806926150255,49.47776678035592
C,20,10,125,breslow,3,0.1,0.0,0.95,,,,
C,20,10,125,breslow,3,0.1,0.5,0.3,7230.259991730246,0.5432435643867091,32.53840023076969,49.39060149719758
C,20,10,125,breslow,3,0.1,0.5,0.5,7332.669242304352,0.541651147182705,32.55806926150255,49.47776678035592
C,20,10,125,breslow,3,0.1,0.5,0.95,,,,
C,20,10,125,breslow,3,0.1,1.0,0.3,7230.259991730246,0.5432435643867091,32.53840023076969,49.39060149719758
C,20,10,125,breslow,3,0.1,1.0,0.5,7332.669242304352,0.541651147182705,32.55806926150255,49.47776678035592
C,20,10,125,breslow,3,0.1,1.0,0.95,,,,
C,20,10,125,breslow,3,1.0,0.0,0.3,7230.259991730246,0.5432435643867091,32.53840023076969,49.39060149719758
C,20,10,125,breslow,3,1.0,0.0,0.5,7332.669242304352,0.541651147182705,32.55806926150255,49.47776678035592
C,20,10,125,breslow,3,1.0,0.0,0.95,,,,
C,20,10,125,breslow,3,1.0,0.5,0.3,7230.259991730246,0.5432435643867091,32.53840023076969,49.39060149719758
C,20,10,125,breslow,3,1.0,0.5,0.5,7332.669242304352,0.541651147182705,32.55806926150255,49.47776678035592
C,20,10,125,breslow,3,1.0,0.5,0.95,,,,
C,20,10,125,breslow,3,1.0,1.0,0.3,7230.259991730246,0.5432435643867091,32.53840023076969,49.39060149719758
C,20,10,125,breslow,3,1.0,1.0,0.5,7332.669242304352,0.541651147182705,32.55806926150255,49.47776678035592
C,20,10,125,breslow,3,1.0,1.0,0.95,,,,
C,20,10,125,breslow,5,0.0,0.0,0.3,,,,
C,20,10,125,breslow,5,0.0,0.0,0.5,,,,
C,20,10,125,breslow,5,0.0,0.0,0.95,,,,
C,20,10,125,breslow,5,0.0,0.5,0.3,,,,
C,20,10,125,breslow,5,0.0,0.5,0.5,,,,
C,20,10,125,breslow,5,0.0,0.5,0.95,,,,
C,20,10,125,breslow,5,0.0,1.0,0.3,,,,
C,20,10,125,breslow,5,0.0,1.0,0.5,,,,
C,20,10,125,breslow,5,0.0,1.0,0.95,,,,
C,20,10,125,breslow,5,0.1,0.0,0.3,7230.253758076567,0.5433071725215927,32.53485413147891,49.387956315876615
C,20,10,125,breslow,5,0.1,0.0,0.5,7332.669242304352,0.541651147182705,32.55806926150255,49.47776678035592
C,20,10,125,breslow,5,0.1,0.0,0.95,,,,
C,20,10,125,breslow,5,0.1,0.5,0.3,7230.259991730246,0.5432435643867091,32.53840023076969,49.39060149719758
C,20,10,125,breslow,5,0.1,0.5,0.5,7332.669242304352,0.541651147182705,32.55806926150255,49.47776678035592
C,20,10,125,breslow,5,0.1,0.5,0.95,,,,
C,20,10,125,breslow,5,0.1,1.0,0.3,7230.259991730246,0.5432435643867091,32.53840023076969,49.39060149719758
C,20,10,125,breslow,5,0.1,1.0,0.5,7332.669242304352,0.541651147182705,32.55806926150255,49.47776678035592
C,20,10,125,breslow,5,0.1,1.0,0.95,,,,
C,20,10,125,breslow,5,1.0,0.0,0.3,7230.259991730246,0.5432435643867091,32.53840023076969,49.39060149719758
C,20,10,125,breslow,5,1.0,0.0,0.5,7332.669242304352,0.541651147182705,32.55806926150255,49.47776678035592
C,20,10,125,breslow,5,1.0,0.0,0.95,,,,
C,20,10,125,breslow,5,1.0,0.5,0.3,7230.259991730246,0.5432435643867091,32.53840023076969,49.39060149719758
C,20,10,125,breslow,5,1.0,0.5,0.5,7332.669242304352,0.541651147182705,32.55806926150255,49.47776678035592
C,20,10,125,breslow,5,1.0,0.5,0.95,,,,
C,20,10,125,breslow,5,1.0,1.0,0.3,7230.259991730246,0.5432435643867091,32.53840023076969,49.39060149719758
C,20,10,125,breslow,5,1.0,1.0,0.5,7332.669242304352,0.541651147182705,32.55806926150255,49.47776678035592
C,20,10,125,breslow,5,1.0,1.0,0.95,,,,
C,20,10,125,spline,3,0.0,0.0,0.3,,,,
C,20,10,125,spline,3,0.0,0.0,0.5,,,,
C,20,10,125,spline,3,0.0,0.0,0.95,,,,
C,20,10,125,spline,3,0.0,0.5,0.3,,,,
C,20,10,125,spline,3,0.0,0.5,0.5,,,,
C,20,10,125,spline,3,0.0,0.5,0.95,,,,
C,20,10,125,spline,3,0.0,1.0,0.3,,,,
C,20,10,125,spline,3,0.0,1.0,0.5,,,,
C,20,10,125,spline,3,0.0,1.0,0.95,,,,
C,20,10,125,spline,3,0.1,0.0,0.3,,,,
C,20,10,125,spline,3,0.1,0.0,0.5,,,,
C,20,10,125,spline,3,0.1,0.0,0.95,,,,
C,20,10,125,spline,3,0.1,0.5,0.3,,,,
C,20,10,125,spline,3,0.1,0.5,0.5,,,,
C,20,10,125,spline,3,0.1,0.5,0.95,,,,
C,20,10,125,spline,3,0.1,1.0,0.3,,,,
C,20,10,125,spline,3,0.1,1.0,0.5,,,,
C,20,10,125,spline,3,0.1,1.0,0.95,,,,
C,20,10,125,spline,3,1.0,0.0,0.3,,,,
C,20,10,125,spline,3,1.0,0.0,0.5,,,,
C,20,10,125,spline,3,1.0,0.0,0.95,,,,
C,20,10,125,spline,3,1.0,0.5,0.3,,,,
C,20,10,125,spline,3,1.0,0.5,0.5,,,,
C,20,10,125,spline,3,1.0,0.5,0.95,,,,
C,20,10,125,spline,3,1.0,1.0,0.3,,,,
C,20,10,125,spline,3,1.0,1.0,0.5,,,,
C,20,10,125,spline,3,1.0,1.0,0.95,,,,
C,20,10,125,spline,5,0.0,0.0,0.3,,,,
C,20,10,125,spline,5,0.0,0.0,0.5,,,,
C,20,10,125,spline,5,0.0,0.0,0.95,,,,
C,20,10,125,spline,5,0.0,0.5,0.3,,,,
C,20,10,125,spline,5,0.0,0.5,0.5,,,,
C,20,10,125,spline,5,0.0,0.5,0.95,,,,
C,20,10,125,spline,5,0.0,1.0,0.3,,,,
C,20,10,125,spline,5,0.0,1.0,0.5,,,,
C,20,10,125,spline,5,0.0,1.0,0.95,,,,
C,20,10,125,spline,5,0.1,0.0,0.3,,,,
C,20,10,125,spline,5,0.1,0.0,0.5,,,,
C,20,10,125,spline,5,0.1,0.0,0.95,,,,
C,20,10,125,spline,5,0.1,0.5,0.3,,,,
C,20,10,125,spline,5,0.1,0.5,0.5,,,,
C,20,10,125,spline,5,0.1,0.5,0.95,,,,
C,20,10,125,spline,5,0.1,1.0,0.3,,,,
C,20,10,125,spline,5,0.1,1.0,0.5,,,,
C,20,10,125,spline,5,0.1,1.0,0.95,,,,
C,20,10,125,spline,5,1.0,0.0,0.3,,,,
C,20,10,125,spline,5,1.0,0.0,0.5,,,,
C,20,10,125,spline,5,1.0,0.0,0.95,,,,
C,20,10,125,spline,5,1.0,0.5,0.3,,,,
C,20,10,125,spline,5,1.0,0.5,0.5,,,,
C,20,10,125,spline,5,1.0,0.5,0.95,,,,
C,20,10,125,spline,5,1.0,1.0,0.3,,,,
C,20,10,125,spline,5,1.0,1.0,0.5,,,,
C,20,10,125,spline,5,1.0,1.0,0.95,,,,
C,20,15,115,breslow,3,0.0,0.0,0.3,,,,
C,20,15,115,breslow,3,0.0,0.0,0.5,,,,
C,20,15,115,breslow,3,0.0,0.0,0.95,,,,
C,20,15,115,breslow,3,0.0,0.5,0.3,,,,
C,20,15,115,breslow,3,0.0,0.5,0.5,,,,
C,20,15,115,breslow,3,0.0,0.5,0.95,,,,
C,20,15,115,breslow,3,0.0,1.0,0.3,,,,
C,20,15,115,breslow,3,0.0,1.0,0.5,,,,
C,20,15,115,breslow,3,0.0,1.0,0.95,,,,
C,20,15,115,breslow,3,0.1,0.0,0.3,7230.908963841242,0.5460725634721176,36.71995537604456,49.786314048246126
C,20,15,115,breslow,3,0.1,0.0,0.5,7333.347190314154,0.5442920775031949,36.758064123089476,49.88242254464081
C,20,15,115,breslow,3,0.1,0.0,0.95,,,,
C,20,15,115,breslow,3,0.1,0.5,0.3,7230.912864250752,0.5460325478352379,36.72326506871595,49.78873406985973
C,20,15,115,breslow,3,0.1,0.5,0.5,7333.347190314154,0.5442920775031949,36.758064123089476,49.88242254464081
C,20,15,115,breslow,3,0.1,0.5,0.95,,,,
C,20,15,115,breslow,3,0.1,1.0,0.3,7230.912864250752,0.5460325478352379,36.72326506871595,49.78873406985973
C,20,15,115,breslow,3,0.1,1.0,0.5,7333.347190314154,0.5442920775031949,36.758064123089476,49.88242254464081
C,20,15,115,breslow,3,0.1,1.0,0.95,,,,
C,20,15,115,breslow,3,1.0,0.0,0.3,7230.912864250752,0.5460325478352379,36.72326506871595,49.78873406985973
C,20,15,115,breslow,3,1.0,0.0,0.5,7333.347190314154,0.5442920775031949,36.758064123089476,49.88242254464081
C,20,15,115,breslow,3,1.0,0.0,0.95,,,,
C,20,15,115,breslow,3,1.0,0.5,0.3,7230.912864250752,0.5460325478352379,36.72326506871595,49.78873406985973
C,20,15,115,breslow,3,1.0,0.5,0.5,7333.347190314154,0.5442920775031949,36.758064123089476,49.88242254464081
C,20,15,115,breslow,3,1.0,0.5,0.95,,,,
C,20,15,115,breslow,3,1.0,1.0,0.3,7230.912864250752,0.5460325478352379,36.72326506871595,49.78873406985973
C,20,15,115,breslow,3,1.0,1.0,0.5,7333.347190314154,0.5442920775031949,36.758064123089476,49.88242254464081
C,20,15,115,breslow,3,1.0,1.0,0.95,,,,
C,20,15,115,breslow,5,0.0,0.0,0.3,,,,
C,20,15,115,breslow,5,0.0,0.0,0.5,,,,
C,20,15,115,breslow,5,0.0,0.0,0.95,,,,
C,20,15,115,breslow,5,0.0,0.5,0.3,,,,
C,20,15,115,breslow,5,0.0,0.5,0.5,,,,
C,20,15,115,breslow,5,0.0,0.5,0.95,,,,
C,20,15,115,breslow,5,0.0,1.0,0.3,,,,
C,20,15,115,breslow,5,0.0,1.0,0.5,,,,
C,20,15,115,breslow,5,0.0,1.0,0.95,,,,
C,20,15,115,breslow,5,0.1,0.0,0.3,7230.908963841242,0.5460725634721176,36.71995537604456,49.786314048246126
C,20,15,115,breslow,5,0.1,0.0,0.5,7333.347190314154,0.5442920775031949,36.758064123089476,49.88242254464081
C,20,15,115,breslow,5,0.1,0.0,0.95,,,,
C,20,15,115,breslow,5,0.1,0.5,0.3,7230.912864250752,0.5460325478352379,36.72326506871595,49.78873406985973
C,20,15,115,breslow,5,0.1,0.5,0.5,7333.347190314154,0.5442920775031949,36.758064123089476,49.88242254464081
C,20,15,115,breslow,5,0.1,0.5,0.95,,,,
C,20,15,115,breslow,5,0.1,1.0,0.3,7230.912864250752,0.5460325478352379,36.72326506871595,49.78873406985973
C,20,15,115,breslow,5,0.1,1.0,0.5,7333.347190314154,0.5442920775031949,36.758064123089476,49.88242254464081
C,20,15,115,breslow,5,0.1,1.0,0.95,,,,
C,20,15,115,breslow,5,1.0,0.0,0.3,7230.912864250752,0.5460325478352379,36.72326506871595,49.78873406985973
C,20,15,115,breslow,5,1.0,0.0,0.5,7333.347190314154,0.5442920775031949,36.758064123089476,49.88242254464081
C,20,15,115,breslow,5,1.0,0.0,0.95,,,,
C,20,15,115,breslow,5,1.0,0.5,0.3,7230.912864250752,0.5460325478352379,36.72326506871595,49.78873406985973
C,20,15,115,breslow,5,1.0,0.5,0.5,7333.347190314154,0.5442920775031949,36.758064123089476,49.88242254464081
C,20,15,115,breslow,5,1.0,0.5,0.95,,,,
C,20,15,115,breslow,5,1.0,1.0,0.3,7230.912864250752,0.5460325478352379,36.72326506871595,49.78873406985973
C,20,15,115,breslow,5,1.0,1.0,0.5,7333.347190314154,0.5442920775031949,36.758064123089476,49.88242254464081
C,20,15,115,breslow,5,1.0,1.0,0.95,,,,
C,20,15,115,spline,3,0.0,0.0,0.3,,,,
C,20,15,115,spline,3,0.0,0.0,0.5,,,,
C,20,15,115,spline,3,0.0,0.0,0.95,,,,
C,20,15,115,spline,3,0.0,0.5,0.3,,,,
C,20,15,115,spline,3,0.0,0.5,0.5,,,,
C,20,15,115,spline,3,0.0,0.5,0.95,,,,
C,20,15,115,spline,3,0.0,1.0,0.3,,,,
C,20,15,115,spline,3,0.0,1.0,0.5,,,,
C,20,15,115,spline,3,0.0,1.0,0.95,,,,
C,20,15,115,spline,3,0.1,0.0,0.3,,,,
C,20,15,115,spline,3,0.1,0.0,0.5,,,,
C,20,15,115,spline,3,0.1,0.0,0.95,,,,
C,20,15,115,spline,3,0.1,0.5,0.3,,,,
C,20,15,115,spline,3,0.1,0.5,0.5,,,,
C,20,15,115,spline,3,0.1,0.5,0.95,,,,
C,20,15,115,spline,3,0.1,1.0,0.3,,,,
C,20,15,115,spline,3,0.1,1.0,0.5,,,,
C,20,15,115,spline,3,0.1,1.0,0.95,,,,
C,20,15,115,spline,3,1.0,0.0,0.3,,,,
C,20,15,115,spline,3,1.0,0.0,0.5,,,,
C,20,15,115,spline,3,1.0,0.0,0.95,,,,
C,20,15,115,spline,3,1.0,0.5,0.3,,,,
C,20,15,115,spline,3,1.0,0.5,0.5,,,,
C,20,15,115,spline,3,1.0,0.5,0.95,,,,
C,20,15,115,spline,3,1.0,1.0,0.3,,,,
C,20,15,115,spline,3,1.0,1.0,0.5,,,,
C,20,15,115,spline,3,1.0,1.0,0.95,,,,
C,20,15,115,spline,5,0.0,0.0,0.3,,,,
C,20,15,115,spline,5,0.0,0.0,0.5,,,,
C,20,15,115,spline,5,0.0,0.0,0.95,,,,
C,20,15,115,spline,5,0.0,0.5,0.3,,,,
C,20,15,115,spline,5,0.0,0.5,0.5,,,,
C,20,15,115,spline,5,0.0,0.5,0.95,,,,
C,20,15,115,spline,5,0.0,1.0,0.3,,,,
C,20,15,115,spline,5,0.0,1.0,0.5,,,,
C,20,15,115,spline,5,0.0,1.0,0.95,,,,
C,20,15,115,spline,5,0.1,0.0,0.3,,,,
C,20,15,115,spline,5,0.1,0.0,0.5,,,,
C,20,15,115,spline,5,0.1,0.0,0.95,,,,
C,20,15,115,spline,5,0.1,0.5,0.3,,,,
C,20,15,115,spline,5,0.1,0.5,0.5,,,,
C,20,15,115,spline,5,0.1,0.5,0.95,,,,
C,20,15,115,spline,5,0.1,1.0,0.3,,,,
C,20,15,115,spline,5,0.1,1.0,0.5,,,,
C,20,15,115,spline,5,0.1,1.0,0.95,,,,
C,20,15,115,spline,5,1.0,0.0,0.3,,,,
C,20,15,115,spline,5,1.0,0.0,0.5,,,,
C,20,15,115,spline,5,1.0,0.0,0.95,,,,
C,20,15,115,spline,5,1.0,0.5,0.3,,,,
C,20,15,115,spline,5,1.0,0.5,0.5,,,,
C,20,15,115,spline,5,1.0,0.5,0.95,,,,
C,20,15,115,spline,5,1.0,1.0,0.3,,,,
C,20,15,115,spline,5,1.0,1.0,0.5,,,,
C,20,15,115,spline,5,1.0,1.0,0.95,,,,
C,20,15,120,breslow,3,0.0,0.0,0.3,,,,
C,20,15,120,breslow,3,0.0,0.0,0.5,,,,
C,20,15,120,breslow,3,0.0,0.0,0.95,,,,
C,20,15,120,breslow,3,0.0,0.5,0.3,,,,
C,20,15,120,breslow,3,0.0,0.5,0.5,,,,
C,20,15,120,breslow,3,0.0,0.5,0.95,,,,
C,20,15,120,breslow,3,0.0,1.0,0.3,,,,
C,20,15,120,breslow,3,0.0,1.0,0.5,,,,
C,20,15,120,breslow,3,0.0,1.0,0.95,,,,
C,20,15,120,breslow,3,0.1,0.0,0.3,7230.474443641406,0.5445817005075286,34.54797723862177,49.47132340805496
C,20,15,120,breslow,3,0.1,0.0,0.5,7332.902686069021,0.5428779793535482,34.578899224437365,49.564677783387346
C,20,15,120,breslow,3,0.1,0.0,0.95,,,,
C,20,15,120,breslow,3,0.1,0.5,0.3,7230.480293796501,0.5445412032071906,34.55166518188418,49.474194062061066
C,20,15,120,breslow,3,0.1,0.5,0.5,7332.902686069021,0.5428779793535482,34.578899224437365,49.564677783387346
C,20,15,120,breslow,3,0.1,0.5,0.95,,,,
C,20,15,120,breslow,3,0.1,1.0,0.3,7230.480293796501,0.5445412032071906,34.55166518188418,49.474194062061066
C,20,15,120,breslow,3,0.1,1.0,0.5,7332.902686069021,0.5428779793535482,34.578899224437365,49.564677783387346
C,20,15,120,breslow,3,0.1,1.0,0.95,,,,
C,20,15,120,breslow,3,1.0,0.0,0.3,7230.480293796501,0.5445412032071906,34.55166518188418,49.474194062061066
C,20,15,120,breslow,3,1.0,0.0,0.5,7332.902686069021,0.5428779793535482,34.578899224437365,49.564677783387346
C,20,15,120,breslow,3,1.0,0.0,0.95,,,,
C,20,15,120,breslow,3,1.0,0.5,0.3,7230.480293796501,0.5445412032071906,34.55166518188418,49.474194062061066
C,20,15,120,breslow,3,1.0,0.5,0.5,7332.902686069021,0.5428779793535482,34.578899224437365,49.564677783387346
C,20,15,120,breslow,3,1.0,0.5,0.95,,,,
C,20,15,120,breslow,3,1.0,1.0,0.3,7230.480293796501,0.5445412032071906,34.55166518188418,49.474194062061066
C,20,15,120,breslow,3,1.0,1.0,0.5,7332.902686069021,0.5428779793535482,34.578899224437365,49.564677783387346
C,20,15,120,breslow,3,1.0,1.0,0.95,,,,
C,20,15,120,breslow,5,0.0,0.0,0.3,,,,
C,20,15,120,breslow,5,0.0,0.0,0.5,,,,
C,20,15,120,breslow,5,0.0,0.0,0.95,,,,
C,20,15,120,breslow,5,0.0,0.5,0.3,,,,
C,20,15,120,breslow,5,0.0,0.5,0.5,,,,
C,20,15,120,breslow,5,0.0,0.5,0.95,,,,
C,20,15,120,breslow,5,0.0,1.0,0.3,,,,
C,20,15,120,breslow,5,0.0,1.0,0.5,,,,
C,20,15,120,breslow,5,0.0,1.0,0.95,,,,
C,20,15,120,breslow,5,0.1,0.0,0.3,7230.474443641406,0.5445817005075286,34.54797723862177,49.47132340805496
C,20,15,120,breslow,5,0.1,0.0,0.5,7332.902686069021,0.5428779793535482,34.578899224437365,49.564677783387346
C,20,15,120,breslow,5,0.1,0.0,0.95,,,,
C,20,15,120,breslow,5,0.1,0.5,0.3,7230.480293796501,0.5445412032071906,34.55166518188418,49.474194062061066
C,20,15,120,breslow,5,0.1,0.5,0.5,7332.902686069021,0.5428779793535482,34.578899224437365,49.564677783387346
C,20,15,120,breslow,5,0.1,0.5,0.95,,,,
C,20,15,120,breslow,5,0.1,1.0,0.3,7230.480293796501,0.5445412032071906,34.55166518188418,49.474194062061066
C,20,15,120,breslow,5,0.1,1.0,0.5,7332.902686069021,0.5428779793535482,34.578899224437365,49.564677783387346
C,20,15,120,breslow,5,0.1,1.0,0.95,,,,
C,20,15,120,breslow,5,1.0,0.0,0.3,7230.480293796501,0.5445412032071906,34.55166518188418,49.474194062061066
C,20,15,120,breslow,5,1.0,0.0,0.5,7332.902686069021,0.5428779793535482,34.578899224437365,49.564677783387346
C,20,15,120,breslow,5,1.0,0.0,0.95,,,,
C,20,15,120,breslow,5,1.0,0.5,0.3,7230.480293796501,0.5445412032071906,34.55166518188418,49.474194062061066
C,20,15,120,breslow,5,1.0,0.5,0.5,7332.902686069021,0.5428779793535482,34.578899224437365,49.564677783387346
C,20,15,120,breslow,5,1.0,0.5,0.95,,,,
C,20,15,120,breslow,5,1.0,1.0,0.3,7230.480293796501,0.5445412032071906,34.55166518188418,49.474194062061066
C,20,15,120,breslow,5,1.0,1.0,0.5,7332.902686069021,0.5428779793535482,34.578899224437365,49.564677783387346
C,20,15,120,breslow,5,1.0,1.0,0.95,,,,
C,20,15,120,spline,3,0.0,0.0,0.3,,,,
C,20,15,120,spline,3,0.0,0.0,0.5,,,,
C,20,15,120,spline,3,0.0,0.0,0.95,,,,
C,20,15,120,spline,3,0.0,0.5,0.3,,,,
C,20,15,120,spline,3,0.0,0.5,0.5,,,,
C,20,15,120,spline,3,0.0,0.5,0.95,,,,
C,20,15,120,spline,3,0.0,1.0,0.3,,,,
C,20,15,120,spline,3,0.0,1.0,0.5,,,,
C,20,15,120,spline,3,0.0,1.0,0.95,,,,
C,20,15,120,spline,3,0.1,0.0,0.3,,,,
C,20,15,120,spline,3,0.1,0.0,0.5,,,,
C,20,15,120,spline,3,0.1,0.0,0.95,,,,
C,20,15,120,spline,3,0.1,0.5,0.3,,,,
C,20,15,120,spline,3,0.1,0.5,0.5,,,,
C,20,15,120,spline,3,0.1,0.5,0.95,,,,
C,20,15,120,spline,3,0.1,1.0,0.3,,,,
C,20,15,120,spline,3,0.1,1.0,0.5,,,,
C,20,15,120,spline,3,0.1,1.0,0.95,,,,
C,20,15,120,spline,3,1.0,0.0,0.3,,,,
C,20,15,120,spline,3,1.0,0.0,0.5,,,,
C,20,15,120,spline,3,1.0,0.0,0.95,,,,
C,20,15,120,spline,3,1.0,0.5,0.3,,,,
C,20,15,120,spline,3,1.0,0.5,0.5,,,,
C,20,15,120,spline,3,1.0,0.5,0.95,,,,
C,20,15,120,spline,3,1.0,1.0,0.3,,,,
C,20,15,120,spline,3,1.0,1.0,0.5,,,,
C,20,15,120,spline,3,1.0,1.0,0.95,,,,
C,20,15,120,spline,5,0.0,0.0,0.3,,,,
C,20,15,120,spline,5,0.0,0.0,0.5,,,,
C,20,15,120,spline,5,0.0,0.0,0.95,,,,
C,20,15,120,spline,5,0.0,0.5,0.3,,,,
C,20,15,120,spline,5,0.0,0.5,0.5,,,,
C,20,15,120,spline,5,0.0,0.5,0.95,,,,
C,20,15,120,spline,5,0.0,1.0,0.3,,,,
C,20,15,120,spline,5,0.0,1.0,0.5,,,,
C,20,15,120,spline,5,0.0,1.0,0.95,,,,
C,20,15,120,spline,5,0.1,0.0,0.3,,,,
C,20,15,120,spline,5,0.1,0.0,0.5,,,,
C,20,15,120,spline,5,0.1,0.0,0.95,,,,
C,20,15,120,spline,5,0.1,0.5,0.3,,,,
C,20,15,120,spline,5,0.1,0.5,0.5,,,,
C,20,15,120,spline,5,0.1,0.5,0.95,,,,
C,20,15,120,spline,5,0.1,1.0,0.3,,,,
C,20,15,120,spline,5,0.1,1.0,0.5,,,,
C,20,15,120,spline,5,0.1,1.0,0.95,,,,
C,20,15,120,spline,5,1.0,0.0,0.3,,,,
C,20,15,120,spline,5,1.0,0.0,0.5,,,,
C,20,15,120,spline,5,1.0,0.0,0.95,,,,
C,20,15,120,spline,5,1.0,0.5,0.3,,,,
C,20,15,120,spline,5,1.0,0.5,0.5,,,,
C,20,15,120,spline,5,1.0,0.5,0.95,,,,
C,20,15,120,spline,5,1.0,1.0,0.3,,,,
C,20,15,120,spline,5,1.0,1.0,0.5,,,,
C,20,15,120,spline,5,1.0,1.0,0.95,,,,
C,20,15,125,breslow,3,0.0,0.0,0.3,,,,
C,20,15,125,breslow,3,0.0,0.0,0.5,,,,
C,20,15,125,breslow,3,0.0,0.0,0.95,,,,
C,20,15,125,breslow,3,0.0,0.5,0.3,,,,
C,20,15,125,breslow,3,0.0,0.5,0.5,,,,
C,20,15,125,breslow,3,0.0,0.5,0.95,,,,
C,20,15,125,breslow,3,0.0,1.0,0.3,,,,
C,20,15,125,breslow,3,0.0,1.0,0.5,,,,
C,20,15,125,breslow,3,0.0,1.0,0.95,,,,
C,20,15,125,breslow,3,0.1,0.0,0.3,7230.251487592252,0.5432844412117367,32.53376666102974,49.387310693586734
C,20,15,125,breslow,3,0.1,0.0,0.5,7332.669242304352,0.541651147182705,32.55806926150255,49.47776678035592
C,20,15,125,breslow,3,0.1,0.0,0.95,,,,
C,20,15,125,breslow,3,0.1,0.5,0.3,7230.259991730246,0.5432435643867091,32.53840023076969,49.39060149719758
C,20,15,125,breslow,3,0.1,0.5,0.5,7332.669242304352,0.541651147182705,32.55806926150255,49.47776678035592
C,20,15,125,breslow,3,0.1,0.5,0.95,,,,
C,20,15,125,breslow,3,0.1,1.0,0.3,7230.259991730246,0.5432435643867091,32.53840023076969,49.39060149719758
C,20,15,125,breslow,3,0.1,1.0,0.5,7332.669242304352,0.541651147182705,32.55806926150255,49.47776678035592
C,20,15,125,breslow,3,0.1,1.0,0.95,,,,
C,20,15,125,breslow,3,1.0,0.0,0.3,7230.259991730246,0.5432435643867091,32.53840023076969,49.39060149719758
C,20,15,125,breslow,3,1.0,0.0,0.5,7332.669242304352,0.541651147182705,32.55806926150255,49.47776678035592
C,20,15,125,breslow,3,1.0,0.0,0.95,,,,
C,20,15,125,breslow,3,1.0,0.5,0.3,7230.259991730246,0.5432435643867091,32.53840023076969,49.39060149719758
C,20,15,125,breslow,3,1.0,0.5,0.5,7332.669242304352,0.541651147182705,32.55806926150255,49.47776678035592
C,20,15,125,breslow,3,1.0,0.5,0.95,,,,
C,20,15,125,breslow,3,1.0,1.0,0.3,7230.259991730246,0.5432435643867091,32.53840023076969,49.39060149719758
C,20,15,125,breslow,3,1.0,1.0,0.5,7332.669242304352,0.541651147182705,32.55806926150255,49.47776678035592
C,20,15,125,breslow,3,1.0,1.0,0.95,,,,
C,20,15,125,breslow,5,0.0,0.0,0.3,,,,
C,20,15,125,breslow,5,0.0,0.0,0.5,,,,
C,20,15,125,breslow,5,0.0,0.0,0.95,,,,
C,20,15,125,breslow,5,0.0,0.5,0.3,,,,
C,20,15,125,breslow,5,0.0,0.5,0.5,,,,
C,20,15,125,breslow,5,0.0,0.5,0.95,,,,
C,20,15,125,breslow,5,0.0,1.0,0.3,,,,
C,20,15,125,breslow,5,0.0,1.0,0.5,,,,
C,20,15,125,breslow,5,0.0,1.0,0.95,,,,
C,20,15,125,breslow,5,0.1,0.0,0.3,7230.251487592252,0.5432844412117367,32.53376666102974,49.387310693586734
C,20,15,125,breslow,5,0.1,0.0,0.5,7332.669242304352,0.541651147182705,32.55806926150255,49.47776678035592
C,20,15,125,breslow,5,0.1,0.0,0.95,,,,
C,20,15,125,breslow,5,0.1,0.5,0.3,7230.259991730246,0.5432435643867091,32.53840023076969,49.39060149719758
C,20,15,125,breslow,5,0.1,0.5,0.5,7332.669242304352,0.541651147182705,32.55806926150255,49.47776678035592
C,20,15,125,breslow,5,0.1,0.5,0.95,,,,
C,20,15,125,breslow,5,0.1,1.0,0.3,7230.259991730246,0.5432435643867091,32.53840023076969,49.39060149719758
C,20,15,125,breslow,5,0.1,1.0,0.5,7332.669242304352,0.541651147182705,32.55806926150255,49.47776678035592
C,20,15,125,breslow,5,0.1,1.0,0.95,,,,
C,20,15,125,breslow,5,1.0,0.0,0.3,7230.259991730246,0.5432435643867091,32.53840023076969,49.39060149719758
C,20,15,125,breslow,5,1.0,0.0,0.5,7332.669242304352,0.541651147182705,32.55806926150255,49.47776678035592
C,20,15,125,breslow,5,1.0,0.0,0.95,,,,
C,20,15,125,breslow,5,1.0,0.5,0.3,7230.259991730246,0.5432435643867091,32.53840023076969,49.39060149719758
C,20,15,125,breslow,5,1.0,0.5,0.5,7332.669242304352,0.541651147182705,32.55806926150255,49.47776678035592
C,20,15,125,breslow,5,1.0,0.5,0.95,,,,
C,20,15,125,breslow,5,1.0,1.0,0.3,7230.259991730246,0.5432435643867091,32.53840023076969,49.39060149719758
C,20,15,125,breslow,5,1.0,1.0,0.5,7332.669242304352,0.541651147182705,32.55806926150255,49.47776678035592
C,20,15,125,breslow,5,1.0,1.0,0.95,,,,
C,20,15,125,spline,3,0.0,0.0,0.3,,,,
C,20,15,125,spline,3,0.0,0.0,0.5,,,,
C,20,15,125,spline,3,0.0,0.0,0.95,,,,
C,20,15,125,spline,3,0.0,0.5,0.3,,,,
C,20,15,125,spline,3,0.0,0.5,0.5,,,,
C,20,15,125,spline,3,0.0,0.5,0.95,,,,
C,20,15,125,spline,3,0.0,1.0,0.3,,,,
C,20,15,125,spline,3,0.0,1.0,0.5,,,,
C,20,15,125,spline,3,0.0,1.0,0.95,,,,
C,20,15,125,spline,3,0.1,0.0,0.3,,,,
C,20,15,125,spline,3,0.1,0.0,0.5,,,,
C,20,15,125,spline,3,0.1,0.0,0.95,,,,
C,20,15,125,spline,3,0.1,0.5,0.3,,,,
C,20,15,125,spline,3,0.1,0.5,0.5,,,,
C,20,15,125,spline,3,0.1,0.5,0.95,,,,
C,20,15,125,spline,3,0.1,1.0,0.3,,,,
C,20,15,125,spline,3,0.1,1.0,0.5,,,,
C,20,15,125,spline,3,0.1,1.0,0.95,,,,
C,20,15,125,spline,3,1.0,0.0,0.3,,,,
C,20,15,125,spline,3,1.0,0.0,0.5,,,,
C,20,15,125,spline,3,1.0,0.0,0.95,,,,
C,20,15,125,spline,3,1.0,0.5,0.3,,,,
C,20,15,125,spline,3,1.0,0.5,0.5,,,,
C,20,15,125,spline,3,1.0,0.5,0.95,,,,
C,20,15,125,spline,3,1.0,1.0,0.3,,,,
C,20,15,125,spline,3,1.0,1.0,0.5,,,,
C,20,15,125,spline,3,1.0,1.0,0.95,,,,
C,20,15,125,spline,5,0.0,0.0,0.3,,,,
C,20,15,125,spline,5,0.0,0.0,0.5,,,,
C,20,15,125,spline,5,0.0,0.0,0.95,,,,
C,20,15,125,spline,5,0.0,0.5,0.3,,,,
C,20,15,125,spline,5,0.0,0.5,0.5,,,,
C,20,15,125,spline,5,0.0,0.5,0.95,,,,
C,20,15,125,spline,5,0.0,1.0,0.3,,,,
C,20,15,125,spline,5,0.0,1.0,0.5,,,,
C,20,15,125,spline,5,0.0,1.0,0.95,,,,
C,20,15,125,spline,5,0.1,0.0,0.3,,,,
C,20,15,125,spline,5,0.1,0.0,0.5,,,,
C,20,15,125,spline,5,0.1,0.0,0.95,,,,
C,20,15,125,spline,5,0.1,0.5,0.3,,,,
C,20,15,125,spline,5,0.1,0.5,0.5,,,,
C,20,15,125,spline,5,0.1,0.5,0.95,,,,
C,20,15,125,spline,5,0.1,1.0,0.3,,,,
C,20,15,125,spline,5,0.1,1.0,0.5,,,,
C,20,15,125,spline,5,0.1,1.0,0.95,,,,
C,20,15,125,spline,5,1.0,0.0,0.3,,,,
C,20,15,125,spline,5,1.0,0.0,0.5,,,,
C,20,15,125,spline,5,1.0,0.0,0.95,,,,
C,20,15,125,spline,5,1.0,0.5,0.3,,,,
C,20,15,125,spline,5,1.0,0.5,0.5,,,,
C,20,15,125,spline,5,1.0,0.5,0.95,,,,
C,20,15,125,spline,5,1.0,1.0,0.3,,,,
C,20,15,125,spline,5,1.0,1.0,0.5,,,,
C,20,15,125,spline,5,1.0,1.0,0.95,,,,
C,20,20,115,breslow,3,0.0,0.0,0.3,,,,
C,20,20,115,breslow,3,0.0,0.0,0.5,,,,
C,20,20,115,breslow,3,0.0,0.0,0.95,,,,
C,20,20,115,breslow,3,0.0,0.5,0.3,,,,
C,20,20,115,breslow,3,0.0,0.5,0.5,,,,
C,20,20,115,breslow,3,0.0,0.5,0.95,,,,
C,20,20,115,breslow,3,0.0,1.0,0.3,,,,
C,20,20,115,breslow,3,0.0,1.0,0.5,,,,
C,20,20,115,breslow,3,0.0,1.0,0.95,,,,
C,20,20,115,breslow,3,0.1,0.0,0.3,7230.910589196143,0.546070968443235,36.72109012781761,49.787086336702444
C,20,20,115,breslow,3,0.1,0.0,0.5,7333.347190314154,0.5442920775031949,36.758064123089476,49.88242254464081
C,20,20,115,breslow,3,0.1,0.0,0.95,,,,
C,20,20,115,breslow,3,0.1,0.5,0.3,7230.912864250752,0.5460325478352379,36.72326506871595,49.78873406985973
C,20,20,115,breslow,3,0.1,0.5,0.5,7333.347190314154,0.5442920775031949,36.758064123089476,49.88242254464081
C,20,20,115,breslow,3,0.1,0.5,0.95,,,,
C,20,20,115,breslow,3,0.1,1.0,0.3,7230.912864250752,0.5460325478352379,36.72326506871595,49.78873406985973
C,20,20,115,breslow,3,0.1,1.0,0.5,7333.347190314154,0.5442920775031949,36.758064123089476,49.88242254464081
C,20,20,115,breslow,3,0.1,1.0,0.95,,,,
C,20,20,115,breslow,3,1.0,0.0,0.3,7230.912864250752,0.5460325478352379,36.72326506871595,49.78873406985973
C,20,20,115,breslow,3,1.0,0.0,0.5,7333.347190314154,0.5442920775031949,36.758064123089476,49.88242254464081
C,20,20,115,breslow,3,1.0,0.0,0.95,,,,
C,20,20,115,breslow,3,1.0,0.5,0.3,7230.912864250752,0.5460325478352379,36.72326506871595,49.78873406985973
C,20,20,115,breslow,3,1.0,0.5,0.5,7333.347190314154,0.5442920775031949,36.758064123089476,49.88242254464081
C,20,20,115,breslow,3,1.0,0.5,0.95,,,,
C,20,20,115,breslow,3,1.0,1.0,0.3,7230.912864250752,0.5460325478352379,36.72326506871595,49.78873406985973
C,20,20,115,breslow,3,1.0,1.0,0.5,7333.347190314154,0.5442920775031949,36.758064123089476,49.88242254464081
C,20,20,115,breslow,3,1.0,1.0,0.95,,,,
C,20,20,115,breslow,5,0.0,0.0,0.3,,,,
C,20,20,115,breslow,5,0.0,0.0,0.5,,,,
C,20,20,115,breslow,5,0.0,0.0,0.95,,,,
C,20,20,115,breslow,5,0.0,0.5,0.3,,,,
C,20,20,115,breslow,5,0.0,0.5,0.5,,,,
C,20,20,115,breslow,5,0.0,0.5,0.95,,,,
C,20,20,115,breslow,5,0.0,1.0,0.3,,,,
C,20,20,115,breslow,5,0.0,1.0,0.5,,,,
C,20,20,115,breslow,5,0.0,1.0,0.95,,,,
C,20,20,115,breslow,5,0.1,0.0,0.3,7230.910589196143,0.546070968443235,36.72109012781761,49.787086336702444
C,20,20,115,breslow,5,0.1,0.0,0.5,7333.347190314154,0.5442920775031949,36.758064123089476,49.88242254464081
C,20,20,115,breslow,5,0.1,0.0,0.95,,,,
C,20,20,115,breslow,5,0.1,0.5,0.3,7230.912864250752,0.5460325478352379,36.72326506871595,49.78873406985973
C,20,20,115,breslow,5,0.1,0.5,0.5,7333.347190314154,0.5442920775031949,36.758064123089476,49.88242254464081
C,20,20,115,breslow,5,0.1,0.5,0.95,,,,
C,20,20,115,breslow,5,0.1,1.0,0.3,7230.912864250752,0.5460325478352379,36.72326506871595,49.78873406985973
C,20,20,115,breslow,5,0.1,1.0,0.5,7333.347190314154,0.5442920775031949,36.758064123089476,49.88242254464081
C,20,20,115,breslow,5,0.1,1.0,0.95,,,,
C,20,20,115,breslow,5,1.0,0.0,0.3,7230.912864250752,0.5460325478352379,36.72326506871595,49.78873406985973
C,20,20,115,breslow,5,1.0,0.0,0.5,7333.347190314154,0.5442920775031949,36.758064123089476,49.88242254464081
C,20,20,115,breslow,5,1.0,0.0,0.95,,,,
C,20,20,115,breslow,5,1.0,0.5,0.3,7230.912864250752,0.5460325478352379,36.72326506871595,49.78873406985973
C,20,20,115,breslow,5,1.0,0.5,0.5,7333.347190314154,0.5442920775031949,36.758064123089476,49.88242254464081
C,20,20,115,breslow,5,1.0,0.5,0.95,,,,
C,20,20,115,breslow,5,1.0,1.0,0.3,7230.912864250752,0.5460325478352379,36.72326506871595,49.78873406985973
C,20,20,115,breslow,5,1.0,1.0,0.5,7333.347190314154,0.5442920775031949,36.758064123089476,49.88242254464081
C,20,20,115,breslow,5,1.0,1.0,0.95,,,,
C,20,20,115,spline,3,0.0,0.0,0.3,,,,
C,20,20,115,spline,3,0.0,0.0,0.5,,,,
C,20,20,115,spline,3,0.0,0.0,0.95,,,,
C,20,20,115,spline,3,0.0,0.5,0.3,,,,
C,20,20,115,spline,3,0.0,0.5,0.5,,,,
C,20,20,115,spline,3,0.0,0.5,0.95,,,,
C,20,20,115,spline,3,0.0,1.0,0.3,,,,
C,20,20,115,spline,3,0.0,1.0,0.5,,,,
C,20,20,115,spline,3,0.0,1.0,0.95,,,,
C,20,20,115,spline,3,0.1,0.0,0.3,,,,
C,20,20,115,spline,3,0.1,0.0,0.5,,,,
C,20,20,115,spline,3,0.1,0.0,0.95,,,,
C,20,20,115,spline,3,0.1,0.5,0.3,,,,
C,20,20,115,spline,3,0.1,0.5,0.5,,,,
C,20,20,115,spline,3,0.1,0.5,0.95,,,,
C,20,20,115,spline,3,0.1,1.0,0.3,,,,
C,20,20,115,spline,3,0.1,1.0,0.5,,,,
C,20,20,115,spline,3,0.1,1.0,0.95,,,,
C,20,20,115,spline,3,1.0,0.0,0.3,,,,
C,20,20,115,spline,3,1.0,0.0,0.5,,,,
C,20,20,115,spline,3,1.0,0.0,0.95,,,,
C,20,20,115,spline,3,1.0,0.5,0.3,,,,
C,20,20,115,spline,3,1.0,0.5,0.5,,,,
C,20,20,115,spline,3,1.0,0.5,0.95,,,,
C,20,20,115,spline,3,1.0,1.0,0.3,,,,
C,20,20,115,spline,3,1.0,1.0,0.5,,,,
C,20,20,115,spline,3,1.0,1.0,0.95,,,,
C,20,20,115,spline,5,0.0,0.0,0.3,,,,
C,20,20,115,spline,5,0.0,0.0,0.5,,,,
C,20,20,115,spline,5,0.0,0.0,0.95,,,,
C,20,20,115,spline,5,0.0,0.5,0.3,,,,
C,20,20,115,spline,5,0.0,0.5,0.5,,,,
C,20,20,115,spline,5,0.0,0.5,0.95,,,,
C,20,20,115,spline,5,0.0,1.0,0.3,,,,
C,20,20,115,spline,5,0.0,1.0,0.5,,,,
C,20,20,115,spline,5,0.0,1.0,0.95,,,,
C,20,20,115,spline,5,0.1,0.0,0.3,,,,
C,20,20,115,spline,5,0.1,0.0,0.5,,,,
C,20,20,115,spline,5,0.1,0.0,0.95,,,,
C,20,20,115,spline,5,0.1,0.5,0.3,,,,
C,20,20,115,spline,5,0.1,0.5,0.5,,,,
C,20,20,115,spline,5,0.1,0.5,0.95,,,,
C,20,20,115,spline,5,0.1,1.0,0.3,,,,
C,20,20,115,spline,5,0.1,1.0,0.5,,,,
C,20,20,115,spline,5,0.1,1.0,0.95,,,,
C,20,20,115,spline,5,1.0,0.0,0.3,,,,
C,20,20,115,spline,5,1.0,0.0,0.5,,,,
C,20,20,115,spline,5,1.0,0.0,0.95,,,,
C,20,20,115,spline,5,1.0,0.5,0.3,,,,
C,20,20,115,spline,5,1.0,0.5,0.5,,,,
C,20,20,115,spline,5,1.0,0.5,0.95,,,,
C,20,20,115,spline,5,1.0,1.0,0.3,,,,
C,20,20,115,spline,5,1.0,1.0,0.5,,,,
C,20,20,115,spline,5,1.0,1.0,0.95,,,,
C,20,20,120,breslow,3,0.0,0.0,0.3,,,,
C,20,20,120,breslow,3,0.0,0.0,0.5,,,,
C,20,20,120,breslow,3,0.0,0.0,0.95,,,,
C,20,20,120,breslow,3,0.0,0.5,0.3,,,,
C,20,20,120,breslow,3,0.0,0.5,0.5,,,,
C,20,20,120,breslow,3,0.0,0.5,0.95,,,,
C,20,20,120,breslow,3,0.0,1.0,0.3,,,,
C,20,20,120,breslow,3,0.0,1.0,0.5,,,,
C,20,20,120,breslow,3,0.0,1.0,0.95,,,,
C,20,20,120,breslow,3,0.1,0.0,0.3,7230.47681123961,0.5445799509590545,34.54911199039482,49.47217725241881
C,20,20,120,breslow,3,0.1,0.0,0.5,7332.902686069021,0.5428779793535482,34.578899224437365,49.564677783387346
C,20,20,120,breslow,3,0.1,0.0,0.95,,,,
C,20,20,120,breslow,3,0.1,0.5,0.3,7230.480293796501,0.5445412032071906,34.55166518188418,49.474194062061066
C,20,20,120,breslow,3,0.1,0.5,0.5,7332.902686069021,0.5428779793535482,34.578899224437365,49.564677783387346
C,20,20,120,breslow,3,0.1,0.5,0.95,,,,
C,20,20,120,breslow,3,0.1,1.0,0.3,7230.480293796501,0.5445412032071906,34.55166518188418,49.474194062061066
C,20,20,120,breslow,3,0.1,1.0,0.5,7332.902686069021,0.5428779793535482,34.578899224437365,49.564677783387346
C,20,20,120,breslow,3,0.1,1.0,0.95,,,,
C,20,20,120,breslow,3,1.0,0.0,0.3,7230.480293796501,0.5445412032071906,34.55166518188418,49.474194062061066
C,20,20,120,breslow,3,1.0,0.0,0.5,7332.902686069021,0.5428779793535482,34.578899224437365,49.564677783387346
C,20,20,120,breslow,3,1.0,0.0,0.95,,,,
C,20,20,120,breslow,3,1.0,0.5,0.3,7230.480293796501,0.5445412032071906,34.55166518188418,49.474194062061066
C,20,20,120,breslow,3,1.0,0.5,0.5,7332.902686069021,0.5428779793535482,34.578899224437365,49.564677783387346
C,20,20,120,breslow,3,1.0,0.5,0.95,,,,
C,20,20,120,breslow,3,1.0,1.0,0.3,7230.480293796501,0.5445412032071906,34.55166518188418,49.474194062061066
C,20,20,120,breslow,3,1.0,1.0,0.5,7332.902686069021,0.5428779793535482,34.578899224437365,49.564677783387346
C,20,20,120,breslow,3,1.0,1.0,0.95,,,,
C,20,20,120,breslow,5,0.0,0.0,0.3,,,,
C,20,20,120,breslow,5,0.0,0.0,0.5,,,,
C,20,20,120,breslow,5,0.0,0.0,0.95,,,,
C,20,20,120,breslow,5,0.0,0.5,0.3,,,,
C,20,20,120,breslow,5,0.0,0.5,0.5,,,,
C,20,20,120,breslow,5,0.0,0.5,0.95,,,,
C,20,20,120,breslow,5,0.0,1.0,0.3,,,,
C,20,20,120,breslow,5,0.0,1.0,0.5,,,,
C,20,20,120,breslow,5,0.0,1.0,0.95,,,,
C,20,20,120,breslow,5,0.1,0.0,0.3,7230.47681123961,0.5445799509590545,34.54911199039482,49.47217725241881
C,20,20,120,breslow,5,0.1,0.0,0.5,7332.902686069021,0.5428779793535482,34.578899224437365,49.564677783387346
C,20,20,120,breslow,5,0.1,0.0,0.95,,,,
C,20,20,120,breslow,5,0.1,0.5,0.3,7230.480293796501,0.5445412032071906,34.55166518188418,49.474194062061066
C,20,20,120,breslow,5,0.1,0.5,0.5,7332.902686069021,0.5428779793535482,34.578899224437365,49.564677783387346
C,20,20,120,breslow,5,0.1,0.5,0.95,,,,
C,20,20,120,breslow,5,0.1,1.0,0.3,7230.480293796501,0.5445412032071906,34.55166518188418,49.474194062061066
C,20,20,120,breslow,5,0.1,1.0,0.5,7332.902686069021,0.5428779793535482,34.578899224437365,49.564677783387346
C,20,20,120,breslow,5,0.1,1.0,0.95,,,,
C,20,20,120,breslow,5,1.0,0.0,0.3,7230.480293796501,0.5445412032071906,34.55166518188418,49.474194062061066
C,20,20,120,breslow,5,1.0,0.0,0.5,7332.902686069021,0.5428779793535482,34.578899224437365,49.564677783387346
C,20,20,120,breslow,5,1.0,0.0,0.95,,,,
C,20,20,120,breslow,5,1.0,0.5,0.3,7230.480293796501,0.5445412032071906,34.55166518188418,49.474194062061066
C,20,20,120,breslow,5,1.0,0.5,0.5,7332.902686069021,0.5428779793535482,34.578899224437365,49.564677783387346
C,20,20,120,breslow,5,1.0,0.5,0.95,,,,
C,20,20,120,breslow,5,1.0,1.0,0.3,7230.480293796501,0.5445412032071906,34.55166518188418,49.474194062061066
C,20,20,120,breslow,5,1.0,1.0,0.5,7332.902686069021,0.5428779793535482,34.578899224437365,49.564677783387346
C,20,20,120,breslow,5,1.0,1.0,0.95,,,,
C,20,20,120,spline,3,0.0,0.0,0.3,,,,
C,20,20,120,spline,3,0.0,0.0,0.5,,,,
C,20,20,120,spline,3,0.0,0.0,0.95,,,,
C,20,20,120,spline,3,0.0,0.5,0.3,,,,
C,20,20,120,spline,3,0.0,0.5,0.5,,,,
C,20,20,120,spline,3,0.0,0.5,0.95,,,,
C,20,20,120,spline,3,0.0,1.0,0.3,,,,
C,20,20,120,spline,3,0.0,1.0,0.5,,,,
C,20,20,120,spline,3,0.0,1.0,0.95,,,,
C,20,20,120,spline,3,0.1,0.0,0.3,,,,
C,20,20,120,spline,3,0.1,0.0,0.5,,,,
C,20,20,120,spline,3,0.1,0.0,0.95,,,,
C,20,20,120,spline,3,0.1,0.5,0.3,,,,
C,20,20,120,spline,3,0.1,0.5,0.5,,,,
C,20,20,120,spline,3,0.1,0.5,0.95,,,,
C,20,20,120,spline,3,0.1,1.0,0.3,,,,
C,20,20,120,spline,3,0.1,1.0,0.5,,,,
C,20,20,120,spline,3,0.1,1.0,0.95,,,,
C,20,20,120,spline,3,1.0,0.0,0.3,,,,
C,20,20,120,spline,3,1.0,0.0,0.5,,,,
C,20,20,120,spline,3,1.0,0.0,0.95,,,,
C,20,20,120,spline,3,1.0,0.5,0.3,,,,
C,20,20,120,spline,3,1.0,0.5,0.5,,,,
C,20,20,120,spline,3,1.0,0.5,0.95,,,,
C,20,20,120,spline,3,1.0,1.0,0.3,,,,
C,20,20,120,spline,3,1.0,1.0,0.5,,,,
C,20,20,120,spline,3,1.0,1.0,0.95,,,,
C,20,20,120,spline,5,0.0,0.0,0.3,,,,
C,20,20,120,spline,5,0.0,0.0,0.5,,,,
C,20,20,120,spline,5,0.0,0.0,0.95,,,,
C,20,20,120,spline,5,0.0,0.5,0.3,,,,
C,20,20,120,spline,5,0.0,0.5,0.5,,,,
C,20,20,120,spline,5,0.0,0.5,0.95,,,,
C,20,20,120,spline,5,0.0,1.0,0.3,,,,
C,20,20,120,spline,5,0.0,1.0,0.5,,,,
C,20,20,120,spline,5,0.0,1.0,0.95,,,,
C,20,20,120,spline,5,0.1,0.0,0.3,,,,
C,20,20,120,spline,5,0.1,0.0,0.5,,,,
C,20,20,120,spline,5,0.1,0.0,0.95,,,,
C,20,20,120,spline,5,0.1,0.5,0.3,,,,
C,20,20,120,spline,5,0.1,0.5,0.5,,,,
C,20,20,120,spline,5,0.1,0.5,0.95,,,,
C,20,20,120,spline,5,0.1,1.0,0.3,,,,
C,20,20,120,spline,5,0.1,1.0,0.5,,,,
C,20,20,120,spline,5,0.1,1.0,0.95,,,,
C,20,20,120,spline,5,1.0,0.0,0.3,,,,
C,20,20,120,spline,5,1.0,0.0,0.5,,,,
C,20,20,120,spline,5,1.0,0.0,0.95,,,,
C,20,20,120,spline,5,1.0,0.5,0.3,,,,
C,20,20,120,spline,5,1.0,0.5,0.5,,,,
C,20,20,120,spline,5,1.0,0.5,0.95,,,,
C,20,20,120,spline,5,1.0,1.0,0.3,,,,
C,20,20,120,spline,5,1.0,1.0,0.5,,,,
C,20,20,120,spline,5,1.0,1.0,0.95,,,,
C,20,20,125,breslow,3,0.0,0.0,0.3,,,,
C,20,20,125,breslow,3,0.0,0.0,0.5,,,,
C,20,20,125,breslow,3,0.0,0.0,0.95,,,,
C,20,20,125,breslow,3,0.0,0.5,0.3,,,,
C,20,20,125,breslow,3,0.0,0.5,0.5,,,,
C,20,20,125,breslow,3,0.0,0.5,0.95,,,,
C,20,20,125,breslow,3,0.0,1.0,0.3,,,,
C,20,20,125,breslow,3,0.0,1.0,0.5,,,,
C,20,20,125,breslow,3,0.0,1.0,0.95,,,,
C,20,20,125,breslow,3,0.1,0.0,0.3,7230.254980041585,0.5432822669125331,32.53490141280278,49.388246562633455
C,20,20,125,breslow,3,0.1,0.0,0.5,7332.669242304352,0.541651147182705,32.55806926150255,49.47776678035592
C,20,20,125,breslow,3,0.1,0.0,0.95,,,,
C,20,20,125,breslow,3,0.1,0.5,0.3,7230.259991730246,0.5432435643867091,32.53840023076969,49.39060149719758
C,20,20,125,breslow,3,0.1,0.5,0.5,7332.669242304352,0.541651147182705,32.55806926150255,49.47776678035592
C,20,20,125,breslow,3,0.1,0.5,0.95,,,,
C,20,20,125,breslow,3,0.1,1.0,0.3,7230.259991730246,0.5432435643867091,32.53840023076969,49.39060149719758
C,20,20,125,breslow,3,0.1,1.0,0.5,7332.669242304352,0.541651147182705,32.55806926150255,49.47776678035592
C,20,20,125,breslow,3,0.1,1.0,0.95,,,,
C,20,20,125,breslow,3,1.0,0.0,0.3,7230.259991730246,0.5432435643867091,32.53840023076969,49.39060149719758
C,20,20,125,breslow,3,1.0,0.0,0.5,7332.669242304352,0.541651147182705,32.55806926150255,49.47776678035592
C,20,20,125,breslow,3,1.0,0.0,0.95,,,,
C,20,20,125,breslow,3,1.0,0.5,0.3,7230.259991730246,0.5432435643867091,32.53840023076969,49.39060149719758
C,20,20,125,breslow,3,1.0,0.5,0.5,7332.669242304352,0.541651147182705,32.55806926150255,49.47776678035592
C,20,20,125,breslow,3,1.0,0.5,0.95,,,,
C,20,20,125,breslow,3,1.0,1.0,0.3,7230.259991730246,0.5432435643867091,32.53840023076969,49.39060149719758
C,20,20,125,breslow,3,1.0,1.0,0.5,7332.669242304352,0.541651147182705,32.55806926150255,49.47776678035592
C,20,20,125,breslow,3,1.0,1.0,0.95,,,,
C,20,20,125,breslow,5,0.0,0.0,0.3,,,,
C,20,20,125,breslow,5,0.0,0.0,0.5,,,,
C,20,20,125,breslow,5,0.0,0.0,0.95,,,,
C,20,20,125,breslow,5,0.0,0.5,0.3,,,,
C,20,20,125,breslow,5,0.0,0.5,0.5,,,,
C,20,20,125,breslow,5,0.0,0.5,0.95,,,,
C,20,20,125,breslow,5,0.0,1.0,0.3,,,,
C,20,20,125,breslow,5,0.0,1.0,0.5,,,,
C,20,20,125,breslow,5,0.0,1.0,0.95,,,,
C,20,20,125,breslow,5,0.1,0.0,0.3,7230.254980041585,0.5432822669125331,32.53490141280278,49.388246562633455
C,20,20,125,breslow,5,0.1,0.0,0.5,7332.669242304352,0.541651147182705,32.55806926150255,49.47776678035592
C,20,20,125,breslow,5,0.1,0.0,0.95,,,,
C,20,20,125,breslow,5,0.1,0.5,0.3,7230.259991730246,0.5432435643867091,32.53840023076969,49.39060149719758
C,20,20,125,breslow,5,0.1,0.5,0.5,7332.669242304352,0.541651147182705,32.55806926150255,49.47776678035592
C,20,20,125,breslow,5,0.1,0.5,0.95,,,,
C,20,20,125,breslow,5,0.1,1.0,0.3,7230.259991730246,0.5432435643867091,32.53840023076969,49.39060149719758
C,20,20,125,breslow,5,0.1,1.0,0.5,7332.669242304352,0.541651147182705,32.55806926150255,49.47776678035592
C,20,20,125,breslow,5,0.1,1.0,0.95,,,,
C,20,20,125,breslow,5,1.0,0.0,0.3,7230.259991730246,0.5432435643867091,32.53840023076969,49.39060149719758
C,20,20,125,breslow,5,1.0,0.0,0.5,7332.669242304352,0.541651147182705,32.55806926150255,49.47776678035592
C,20,20,125,breslow,5,1.0,0.0,0.95,,,,
C,20,20,125,breslow,5,1.0,0.5,0.3,7230.259991730246,0.5432435643867091,32.53840023076969,49.39060149719758
C,20,20,125,breslow,5,1.0,0.5,0.5,7332.669242304352,0.541651147182705,32.55806926150255,49.47776678035592
C,20,20,125,breslow,5,1.0,0.5,0.95,,,,
C,20,20,125,breslow,5,1.0,1.0,0.3,7230.259991730246,0.5432435643867091,32.53840023076969,49.39060149719758
C,20,20,125,breslow,5,1.0,1.0,0.5,7332.669242304352,0.541651147182705,32.55806926150255,49.47776678035592
C,20,20,125,breslow,5,1.0,1.0,0.95,,,,
C,20,20,125,spline,3,0.0,0.0,0.3,,,,
C,20,20,125,spline,3,0.0,0.0,0.5,,,,
C,20,20,125,spline,3,0.0,0.0,0.95,,,,
C,20,20,125,spline,3,0.0,0.5,0.3,,,,
C,20,20,125,spline,3,0.0,0.5,0.5,,,,
C,20,20,125,spline,3,0.0,0.5,0.95,,,,
C,20,20,125,spline,3,0.0,1.0,0.3,,,,
C,20,20,125,spline,3,0.0,1.0,0.5,,,,
C,20,20,125,spline,3,0.0,1.0,0.95,,,,
C,20,20,125,spline,3,0.1,0.0,0.3,,,,
C,20,20,125,spline,3,0.1,0.0,0.5,,,,
C,20,20,125,spline,3,0.1,0.0,0.95,,,,
C,20,20,125,spline,3,0.1,0.5,0.3,,,,
C,20,20,125,spline,3,0.1,0.5,0.5,,,,
C,20,20,125,spline,3,0.1,0.5,0.95,,,,
C,20,20,125,spline,3,0.1,1.0,0.3,,,,
C,20,20,125,spline,3,0.1,1.0,0.5,,,,
C,20,20,125,spline,3,0.1,1.0,0.95,,,,
C,20,20,125,spline,3,1.0,0.0,0.3,,,,
C,20,20,125,spline,3,1.0,0.0,0.5,,,,
C,20,20,125,spline,3,1.0,0.0,0.95,,,,
C,20,20,125,spline,3,1.0,0.5,0.3,,,,
C,20,20,125,spline,3,1.0,0.5,0.5,,,,
C,20,20,125,spline,3,1.0,0.5,0.95,,,,
C,20,20,125,spline,3,1.0,1.0,0.3,,,,
C,20,20,125,spline,3,1.0,1.0,0.5,,,,
C,20,20,125,spline,3,1.0,1.0,0.95,,,,
C,20,20,125,spline,5,0.0,0.0,0.3,,,,
C,20,20,125,spline,5,0.0,0.0,0.5,,,,
C,20,20,125,spline,5,0.0,0.0,0.95,,,,
C,20,20,125,spline,5,0.0,0.5,0.3,,,,
C,20,20,125,spline,5,0.0,0.5,0.5,,,,
C,20,20,125,spline,5,0.0,0.5,0.95,,,,
C,20,20,125,spline,5,0.0,1.0,0.3,,,,
C,20,20,125,spline,5,0.0,1.0,0.5,,,,
C,20,20,125,spline,5,0.0,1.0,0.95,,,,
C,20,20,125,spline,5,0.1,0.0,0.3,,,,
C,20,20,125,spline,5,0.1,0.0,0.5,,,,
C,20,20,125,spline,5,0.1,0.0,0.95,,,,
C,20,20,125,spline,5,0.1,0.5,0.3,,,,
C,20,20,125,spline,5,0.1,0.5,0.5,,,,
C,20,20,125,spline,5,0.1,0.5,0.95,,,,
C,20,20,125,spline,5,0.1,1.0,0.3,,,,
C,20,20,125,spline,5,0.1,1.0,0.5,,,,
C,20,20,125,spline,5,0.1,1.0,0.95,,,,
C,20,20,125,spline,5,1.0,0.0,0.3,,,,
C,20,20,125,spline,5,1.0,0.0,0.5,,,,
C,20,20,125,spline,5,1.0,0.0,0.95,,,,
C,20,20,125,spline,5,1.0,0.5,0.3,,,,
C,20,20,125,spline,5,1.0,0.5,0.5,,,,
C,20,20,125,spline,5,1.0,0.5,0.95,,,,
C,20,20,125,spline,5,1.0,1.0,0.3,,,,
C,20,20,125,spline,5,1.0,1.0,0.5,,,,
C,20,20,125,spline,5,1.0,1.0,0.95,,,,
C,25,10,115,breslow,3,0.0,0.0,0.3,,,,
C,25,10,115,breslow,3,0.0,0.0,0.5,,,,
C,25,10,115,breslow,3,0.0,0.0,0.95,,,,
C,25,10,115,breslow,3,0.0,0.5,0.3,,,,
C,25,10,115,breslow,3,0.0,0.5,0.5,,,,
C,25,10,115,breslow,3,0.0,0.5,0.95,,,,
C,25,10,115,breslow,3,0.0,1.0,0.3,,,,
C,25,10,115,breslow,3,0.0,1.0,0.5,,,,
C,25,10,115,breslow,3,0.0,1.0,0.95,,,,
C,25,10,115,breslow,3,0.1,0.0,0.3,7478.266797402031,0.5459576691441864,37.623871629280025,50.592253373992136
C,25,10,115,breslow,3,0.1,0.0,0.5,7584.116015113768,0.5440663591916233,37.67286918429225,50.694544799673075
C,25,10,115,breslow,3,0.1,0.0,0.95,,,,
C,25,10,115,breslow,3,0.1,0.5,0.3,7478.175379600763,0.5457838986995048,37.63687896424335,50.59919988346058
C,25,10,115,breslow,3,0.1,0.5,0.5,7584.116015113768,0.5440663591916233,37.67286918429225,50.694544799673075
C,25,10,115,breslow,3,0.1,0.5,0.95,,,,
C,25,10,115,breslow,3,0.1,1.0,0.3,7478.175379600763,0.5457838986995048,37.63687896424335,50.59919988346058
C,25,10,115,breslow,3,0.1,1.0,0.5,7584.116015113768,0.5440663591916233,37.67286918429225,50.694544799673075
C,25,10,115,breslow,3,0.1,1.0,0.95,,,,
C,25,10,115,breslow,3,1.0,0.0,0.3,7478.175379600763,0.5457838986995048,37.63687896424335,50.59919988346058
C,25,10,115,breslow,3,1.0,0.0,0.5,7584.116015113768,0.5440663591916233,37.67286918429225,50.694544799673075
C,25,10,115,breslow,3,1.0,0.0,0.95,,,,
C,25,10,115,breslow,3,1.0,0.5,0.3,7478.175379600763,0.5457838986995048,37.63687896424335,50.59919988346058
C,25,10,115,breslow,3,1.0,0.5,0.5,7584.116015113768,0.5440663591916233,37.67286918429225,50.694544799673075
C,25,10,115,breslow,3,1.0,0.5,0.95,,,,
C,25,10,115,breslow,3,1.0,1.0,0.3,7478.175379600763,0.5457838986995048,37.63687896424335,50.59919988346058
C,25,10,115,breslow,3,1.0,1.0,0.5,7584.116015113768,0.5440663591916233,37.67286918429225,50.694544799673075
C,25,10,115,breslow,3,1.0,1.0,0.95,,,,
C,25,10,115,breslow,5,0.0,0.0,0.3,,,,
C,25,10,115,breslow,5,0.0,0.0,0.5,,,,
C,25,10,115,breslow,5,0.0,0.0,0.95,,,,
C,25,10,115,breslow,5,0.0,0.5,0.3,,,,
C,25,10,115,breslow,5,0.0,0.5,0.5,,,,
C,25,10,115,breslow,5,0.0,0.5,0.95,,,,
C,25,10,115,breslow,5,0.0,1.0,0.3,,,,
C,25,10,115,breslow,5,0.0,1.0,0.5,,,,
C,25,10,115,breslow,5,0.0,1.0,0.95,,,,
C,25,10,115,breslow,5,0.1,0.0,0.3,7478.266797402031,0.5459576691441864,37.623871629280025,50.592253373992136
C,25,10,115,breslow,5,0.1,0.0,0.5,7584.116015113768,0.5440663591916233,37.67286918429225,50.694544799673075
C,25,10,115,breslow,5,0.1,0.0,0.95,,,,
C,25,10,115,breslow,5,0.1,0.5,0.3,7478.175379600763,0.5457838986995048,37.63687896424335,50.59919988346058
C,25,10,115,breslow,5,0.1,0.5,0.5,7584.116015113768,0.5440663591916233,37.67286918429225,50.694544799673075
C,25,10,115,breslow,5,0.1,0.5,0.95,,,,
C,25,10,115,breslow,5,0.1,1.0,0.3,7478.175379600763,0.5457838986995048,37.63687896424335,50.59919988346058
C,25,10,115,breslow,5,0.1,1.0,0.5,7584.116015113768,0.5440663591916233,37.67286918429225,50.694544799673075
C,25,10,115,breslow,5,0.1,1.0,0.95,,,,
C,25,10,115,breslow,5,1.0,0.0,0.3,7478.175379600763,0.5457838986995048,37.63687896424335,50.59919988346058
C,25,10,115,breslow,5,1.0,0.0,0.5,7584.116015113768,0.5440663591916233,37.67286918429225,50.694544799673075
C,25,10,115,breslow,5,1.0,0.0,0.95,,,,
C,25,10,115,breslow,5,1.0,0.5,0.3,7478.175379600763,0.5457838986995048,37.63687896424335,50.59919988346058
C,25,10,115,breslow,5,1.0,0.5,0.5,7584.116015113768,0.5440663591916233,37.67286918429225,50.694544799673075
C,25,10,115,breslow,5,1.0,0.5,0.95,,,,
C,25,10,115,breslow,5,1.0,1.0,0.3,7478.175379600763,0.5457838986995048,37.63687896424335,50.59919988346058
C,25,10,115,breslow,5,1.0,1.0,0.5,7584.116015113768,0.5440663591916233,37.67286918429225,50.694544799673075
C,25,10,115,breslow,5,1.0,1.0,0.95,,,,
C,25,10,115,spline,3,0.0,0.0,0.3,,,,
C,25,10,115,spline,3,0.0,0.0,0.5,,,,
C,25,10,115,spline,3,0.0,0.0,0.95,,,,
C,25,10,115,spline,3,0.0,0.5,0.3,,,,
C,25,10,115,spline,3,0.0,0.5,0.5,,,,
C,25,10,115,spline,3,0.0,0.5,0.95,,,,
C,25,10,115,spline,3,0.0,1.0,0.3,,,,
C,25,10,115,spline,3,0.0,1.0,0.5,,,,
C,25,10,115,spline,3,0.0,1.0,0.95,,,,
C,25,10,115,spline,3,0.1,0.0,0.3,,,,
C,25,10,115,spline,3,0.1,0.0,0.5,,,,
C,25,10,115,spline,3,0.1,0.0,0.95,,,,
C,25,10,115,spline,3,0.1,0.5,0.3,,,,
C,25,10,115,spline,3,0.1,0.5,0.5,,,,
C,25,10,115,spline,3,0.1,0.5,0.95,,,,
C,25,10,115,spline,3,0.1,1.0,0.3,,,,
C,25,10,115,spline,3,0.1,1.0,0.5,,,,
C,25,10,115,spline,3,0.1,1.0,0.95,,,,
C,25,10,115,spline,3,1.0,0.0,0.3,,,,
C,25,10,115,spline,3,1.0,0.0,0.5,,,,
C,25,10,115,spline,3,1.0,0.0,0.95,,,,
C,25,10,115,spline,3,1.0,0.5,0.3,,,,
C,25,10,115,spline,3,1.0,0.5,0.5,,,,
C,25,10,115,spline,3,1.0,0.5,0.95,,,,
C,25,10,115,spline,3,1.0,1.0,0.3,,,,
C,25,10,115,spline,3,1.0,1.0,0.5,,,,
C,25,10,115,spline,3,1.0,1.0,0.95,,,,
C,25,10,115,spline,5,0.0,0.0,0.3,,,,
C,25,10,115,spline,5,0.0,0.0,0.5,,,,
C,25,10,115,spline,5,0.0,0.0,0.95,,,,
C,25,10,115,spline,5,0.0,0.5,0.3,,,,
C,25,10,115,spline,5,0.0,0.5,0.5,,,,
C,25,10,115,spline,5,0.0,0.5,0.95,,,,
C,25,10,115,spline,5,0.0,1.0,0.3,,,,
C,25,10,115,spline,5,0.0,1.0,0.5,,,,
C,25,10,115,spline,5,0.0,1.0,0.95,,,,
C,25,10,115,spline,5,0.1,0.0,0.3,,,,
C,25,10,115,spline,5,0.1,0.0,0.5,,,,
C,25,10,115,spline,5,0.1,0.0,0.95,,,,
C,25,10,115,spline,5,0.1,0.5,0.3,,,,
C,25,10,115,spline,5,0.1,0.5,0.5,,,,
C,25,10,115,spline,5,0.1,0.5,0.95,,,,
C,25,10,115,spline,5,0.1,1.0,0.3,,,,
C,25,10,115,spline,5,0.1,1.0,0.5,,,,
C,25,10,115,spline,5,0.1,1.0,0.95,,,,
C,25,10,115,spline,5,1.0,0.0,0.3,,,,
C,25,10,115,spline,5,1.0,0.0,0.5,,,,
C,25,10,115,spline,5,1.0,0.0,0.95,,,,
C,25,10,115,spline,5,1.0,0.5,0.3,,,,
C,25,10,115,spline,5,1.0,0.5,0.5,,,,
C,25,10,115,spline,5,1.0,0.5,0.95,,,,
C,25,10,115,spline,5,1.0,1.0,0.3,,,,
C,25,10,115,spline,5,1.0,1.0,0.5,,,,
C,25,10,115,spline,5,1.0,1.0,0.95,,,,
C,25,10,120,breslow,3,0.0,0.0,0.3,,,,
C,25,10,120,breslow,3,0.0,0.0,0.5,,,,
C,25,10,120,breslow,3,0.0,0.0,0.95,,,,
C,25,10,120,breslow,3,0.0,0.5,0.3,,,,
C,25,10,120,breslow,3,0.0,0.5,0.5,,,,
C,25,10,120,breslow,3,0.0,0.5,0.95,,,,
C,25,10,120,breslow,3,0.0,1.0,0.3,,,,
C,25,10,120,breslow,3,0.0,1.0,0.5,,,,
C,25,10,120,breslow,3,0.0,1.0,0.95,,,,
C,25,10,120,breslow,3,0.1,0.0,0.3,7477.852438282969,0.544509808050906,35.54506334473854,50.295986818775134
C,25,10,120,breslow,3,0.1,0.0,0.5,7583.692596642146,0.5426912949106195,35.58877972615663,50.39645488270408
C,25,10,120,breslow,3,0.1,0.0,0.95,,,,
C,25,10,120,breslow,3,0.1,0.5,0.3,7477.764303411643,0.5443340015533689,35.56061346698793,50.304419236514015
C,25,10,120,breslow,3,0.1,0.5,0.5,7583.692596642146,0.5426912949106195,35.58877972615663,50.39645488270408
C,25,10,120,breslow,3,0.1,0.5,0.95,,,,
C,25,10,120,breslow,3,0.1,1.0,0.3,7477.764303411643,0.5443340015533689,35.56061346698793,50.304419236514015
C,25,10,120,breslow,3,0.1,1.0,0.5,7583.692596642146,0.5426912949106195,35.58877972615663,50.39645488270408
C,25,10,120,breslow,3,0.1,1.0,0.95,,,,
C,25,10,120,breslow,3,1.0,0.0,0.3,7477.764303411643,0.5443340015533689,35.56061346698793,50.304419236514015
C,25,10,120,breslow,3,1.0,0.0,0.5,7583.692596642146,0.5426912949106195,35.58877972615663,50.39645488270408
C,25,10,120,breslow,3,1.0,0.0,0.95,,,,
C,25,10,120,breslow,3,1.0,0.5,0.3,7477.764303411643,0.5443340015533689,35.56061346698793,50.304419236514015
C,25,10,120,breslow,3,1.0,0.5,0.5,7583.692596642146,0.5426912949106195,35.58877972615663,50.39645488270408
C,25,10,120,breslow,3,1.0,0.5,0.95,,,,
C,25,10,120,breslow,3,1.0,1.0,0.3,7477.764303411643,0.5443340015533689,35.56061346698793,50.304419236514015
C,25,10,120,breslow,3,1.0,1.0,0.5,7583.692596642146,0.5426912949106195,35.58877972615663,50.39645488270408
C,25,10,120,breslow,3,1.0,1.0,0.95,,,,
C,25,10,120,breslow,5,0.0,0.0,0.3,,,,
C,25,10,120,breslow,5,0.0,0.0,0.5,,,,
C,25,10,120,breslow,5,0.0,0.0,0.95,,,,
C,25,10,120,breslow,5,0.0,0.5,0.3,,,,
C,25,10,120,breslow,5,0.0,0.5,0.5,,,,
C,25,10,120,breslow,5,0.0,0.5,0.95,,,,
C,25,10,120,breslow,5,0.0,1.0,0.3,,,,
C,25,10,120,breslow,5,0.0,1.0,0.5,,,,
C,25,10,120,breslow,5,0.0,1.0,0.95,,,,
C,25,10,120,breslow,5,0.1,0.0,0.3,7477.852438282969,0.544509808050906,35.54506334473854,50.295986818775134
C,25,10,120,breslow,5,0.1,0.0,0.5,7583.692596642146,0.5426912949106195,35.58877972615663,50.39645488270408
C,25,10,120,breslow,5,0.1,0.0,0.95,,,,
C,25,10,120,breslow,5,0.1,0.5,0.3,7477.764303411643,0.5443340015533689,35.56061346698793,50.304419236514015
C,25,10,120,breslow,5,0.1,0.5,0.5,7583.692596642146,0.5426912949106195,35.58877972615663,50.39645488270408
C,25,10,120,breslow,5,0.1,0.5,0.95,,,,
C,25,10,120,breslow,5,0.1,1.0,0.3,7477.764303411643,0.5443340015533689,35.56061346698793,50.304419236514015
C,25,10,120,breslow,5,0.1,1.0,0.5,7583.692596642146,0.5426912949106195,35.58877972615663,50.39645488270408
C,25,10,120,breslow,5,0.1,1.0,0.95,,,,
C,25,10,120,breslow,5,1.0,0.0,0.3,7477.764303411643,0.5443340015533689,35.56061346698793,50.304419236514015
C,25,10,120,breslow,5,1.0,0.0,0.5,7583.692596642146,0.5426912949106195,35.58877972615663,50.39645488270408
C,25,10,120,breslow,5,1.0,0.0,0.95,,,,
C,25,10,120,breslow,5,1.0,0.5,0.3,7477.764303411643,0.5443340015533689,35.56061346698793,50.304419236514015
C,25,10,120,breslow,5,1.0,0.5,0.5,7583.692596642146,0.5426912949106195,35.58877972615663,50.39645488270408
C,25,10,120,breslow,5,1.0,0.5,0.95,,,,
C,25,10,120,breslow,5,1.0,1.0,0.3,7477.764303411643,0.5443340015533689,35.56061346698793,50.304419236514015
C,25,10,120,breslow,5,1.0,1.0,0.5,7583.692596642146,0.5426912949106195,35.58877972615663,50.39645488270408
C,25,10,120,breslow,5,1.0,1.0,0.95,,,,
C,25,10,120,spline,3,0.0,0.0,0.3,,,,
C,25,10,120,spline,3,0.0,0.0,0.5,,,,
C,25,10,120,spline,3,0.0,0.0,0.95,,,,
C,25,10,120,spline,3,0.0,0.5,0.3,,,,
C,25,10,120,spline,3,0.0,0.5,0.5,,,,
C,25,10,120,spline,3,0.0,0.5,0.95,,,,
C,25,10,120,spline,3,0.0,1.0,0.3,,,,
C,25,10,120,spline,3,0.0,1.0,0.5,,,,
C,25,10,120,spline,3,0.0,1.0,0.95,,,,
C,25,10,120,spline,3,0.1,0.0,0.3,,,,
C,25,10,120,spline,3,0.1,0.0,0.5,,,,
C,25,10,120,spline,3,0.1,0.0,0.95,,,,
C,25,10,120,spline,3,0.1,0.5,0.3,,,,
C,25,10,120,spline,3,0.1,0.5,0.5,,,,
C,25,10,120,spline,3,0.1,0.5,0.95,,,,
C,25,10,120,spline,3,0.1,1.0,0.3,,,,
C,25,10,120,spline,3,0.1,1.0,0.5,,,,
C,25,10,120,spline,3,0.1,1.0,0.95,,,,
C,25,10,120,spline,3,1.0,0.0,0.3,,,,
C,25,10,120,spline,3,1.0,0.0,0.5,,,,
C,25,10,120,spline,3,1.0,0.0,0.95,,,,
C,25,10,120,spline,3,1.0,0.5,0.3,,,,
C,25,10,120,spline,3,1.0,0.5,0.5,,,,
C,25,10,120,spline,3,1.0,0.5,0.95,,,,
C,25,10,120,spline,3,1.0,1.0,0.3,,,,
C,25,10,120,spline,3,1.0,1.0,0.5,,,,
C,25,10,120,spline,3,1.0,1.0,0.95,,,,
C,25,10,120,spline,5,0.0,0.0,0.3,,,,
C,25,10,120,spline,5,0.0,0.0,0.5,,,,
C,25,10,120,spline,5,0.0,0.0,0.95,,,,
C,25,10,120,spline,5,0.0,0.5,0.3,,,,
C,25,10,120,spline,5,0.0,0.5,0.5,,,,
C,25,10,120,spline,5,0.0,0.5,0.95,,,,
C,25,10,120,spline,5,0.0,1.0,0.3,,,,
C,25,10,120,spline,5,0.0,1.0,0.5,,,,
C,25,10,120,spline,5,0.0,1.0,0.95,,,,
C,25,10,120,spline,5,0.1,0.0,0.3,,,,
C,25,10,120,spline,5,0.1,0.0,0.5,,,,
C,25,10,120,spline,5,0.1,0.0,0.95,,,,
C,25,10,120,spline,5,0.1,0.5,0.3,,,,
C,25,10,120,spline,5,0.1,0.5,0.5,,,,
C,25,10,120,spline,5,0.1,0.5,0.95,,,,
C,25,10,120,spline,5,0.1,1.0,0.3,,,,
C,25,10,120,spline,5,0.1,1.0,0.5,,,,
C,25,10,120,spline,5,0.1,1.0,0.95,,,,
C,25,10,120,spline,5,1.0,0.0,0.3,,,,
C,25,10,120,spline,5,1.0,0.0,0.5,,,,
C,25,10,120,spline,5,1.0,0.0,0.95,,,,
C,25,10,120,spline,5,1.0,0.5,0.3,,,,
C,25,10,120,spline,5,1.0,0.5,0.5,,,,
C,25,10,120,spline,5,1.0,0.5,0.95,,,,
C,25,10,120,spline,5,1.0,1.0,0.3,,,,
C,25,10,120,spline,5,1.0,1.0,0.5,,,,
C,25,10,120,spline,5,1.0,1.0,0.95,,,,
C,25,10,125,breslow,3,0.0,0.0,0.3,,,,
C,25,10,125,breslow,3,0.0,0.0,0.5,,,,
C,25,10,125,breslow,3,0.0,0.0,0.95,,,,
C,25,10,125,breslow,3,0.0,0.5,0.3,,,,
C,25,10,125,breslow,3,0.0,0.5,0.5,,,,
C,25,10,125,breslow,3,0.0,0.5,0.95,,,,
C,25,10,125,breslow,3,0.0,1.0,0.3,,,,
C,25,10,125,breslow,3,0.0,1.0,0.5,,,,
C,25,10,125,breslow,3,0.0,1.0,0.95,,,,
C,25,10,125,breslow,3,0.1,0.0,0.3,7477.642623825463,0.5432719303423672,33.62829561612365,50.2179438754479
C,25,10,125,breslow,3,0.1,0.0,0.5,7583.472895803864,0.5415205359092371,33.666144026881604,50.316398354048914
C,25,10,125,breslow,3,0.1,0.0,0.95,,,,
C,25,10,125,breslow,3,0.1,0.5,0.3,7477.558194109862,0.5430950950089966,33.64580172859309,50.22775319621904
C,25,10,125,breslow,3,0.1,0.5,0.5,7583.472895803864,0.5415205359092371,33.666144026881604,50.316398354048914
C,25,10,125,breslow,3,0.1,0.5,0.95,,,,
C,25,10,125,breslow,3,0.1,1.0,0.3,7477.558194109862,0.5430950950089966,33.64580172859309,50.22775319621904
C,25,10,125,breslow,3,0.1,1.0,0.5,7583.472895803864,0.5415205359092371,33.666144026881604,50.316398354048914
C,25,10,125,breslow,3,0.1,1.0,0.95,,,,
C,25,10,125,breslow,3,1.0,0.0,0.3,7477.558194109862,0.5430950950089966,33.64580172859309,50.22775319621904
C,25,10,125,breslow,3,1.0,0.0,0.5,7583.472895803864,0.5415205359092371,33.666144026881604,50.316398354048914
C,25,10,125,breslow,3,1.0,0.0,0.95,,,,
C,25,10,125,breslow,3,1.0,0.5,0.3,7477.558194109862,0.5430950950089966,33.64580172859309,50.22775319621904
C,25,10,125,breslow,3,1.0,0.5,0.5,7583.472895803864,0.5415205359092371,33.666144026881604,50.316398354048914
C,25,10,125,breslow,3,1.0,0.5,0.95,,,,
C,25,10,125,breslow,3,1.0,1.0,0.3,7477.558194109862,0.5430950950089966,33.64580172859309,50.22775319621904
C,25,10,125,breslow,3,1.0,1.0,0.5,7583.472895803864,0.5415205359092371,33.666144026881604,50.316398354048914
C,25,10,125,breslow,3,1.0,1.0,0.95,,,,
C,25,10,125,breslow,5,0.0,0.0,0.3,,,,
C,25,10,125,breslow,5,0.0,0.0,0.5,,,,
C,25,10,125,breslow,5,0.0,0.0,0.95,,,,
C,25,10,125,breslow,5,0.0,0.5,0.3,,,,
C,25,10,125,breslow,5,0.0,0.5,0.5,,,,
C,25,10,125,breslow,5,0.0,0.5,0.95,,,,
C,25,10,125,breslow,5,0.0,1.0,0.3,,,,
C,25,10,125,breslow,5,0.0,1.0,0.5,,,,
C,25,10,125,breslow,5,0.0,1.0,0.95,,,,
C,25,10,125,breslow,5,0.1,0.0,0.3,7477.642623825463,0.5432719303423672,33.62829561612365,50.2179438754479
C,25,10,125,breslow,5,0.1,0.0,0.5,7583.472895803864,0.5415205359092371,33.666144026881604,50.316398354048914
C,25,10,125,breslow,5,0.1,0.0,0.95,,,,
C,25,10,125,breslow,5,0.1,0.5,0.3,7477.558194109862,0.5430950950089966,33.64580172859309,50.22775319621904
C,25,10,125,breslow,5,0.1,0.5,0.5,7583.472895803864,0.5415205359092371,33.666144026881604,50.316398354048914
C,25,10,125,breslow,5,0.1,0.5,0.95,,,,
C,25,10,125,breslow,5,0.1,1.0,0.3,7477.558194109862,0.5430950950089966,33.64580172859309,50.22775319621904
C,25,10,125,breslow,5,0.1,1.0,0.5,7583.472895803864,0.5415205359092371,33.666144026881604,50.316398354048914
C,25,10,125,breslow,5,0.1,1.0,0.95,,,,
C,25,10,125,breslow,5,1.0,0.0,0.3,7477.558194109862,0.5430950950089966,33.64580172859309,50.22775319621904
C,25,10,125,breslow,5,1.0,0.0,0.5,7583.472895803864,0.5415205359092371,33.666144026881604,50.316398354048914
C,25,10,125,breslow,5,1.0,0.0,0.95,,,,
C,25,10,125,breslow,5,1.0,0.5,0.3,7477.558194109862,0.5430950950089966,33.64580172859309,50.22775319621904
C,25,10,125,breslow,5,1.0,0.5,0.5,7583.472895803864,0.5415205359092371,33.666144026881604,50.316398354048914
C,25,10,125,breslow,5,1.0,0.5,0.95,,,,
C,25,10,125,breslow,5,1.0,1.0,0.3,7477.558194109862,0.5430950950089966,33.64580172859309,50.22775319621904
C,25,10,125,breslow,5,1.0,1.0,0.5,7583.472895803864,0.5415205359092371,33.666144026881604,50.316398354048914
C,25,10,125,breslow,5,1.0,1.0,0.95,,,,
C,25,10,125,spline,3,0.0,0.0,0.3,,,,
C,25,10,125,spline,3,0.0,0.0,0.5,,,,
C,25,10,125,spline,3,0.0,0.0,0.95,,,,
C,25,10,125,spline,3,0.0,0.5,0.3,,,,
C,25,10,125,spline,3,0.0,0.5,0.5,,,,
C,25,10,125,spline,3,0.0,0.5,0.95,,,,
C,25,10,125,spline,3,0.0,1.0,0.3,,,,
C,25,10,125,spline,3,0.0,1.0,0.5,,,,
C,25,10,125,spline,3,0.0,1.0,0.95,,,,
C,25,10,125,spline,3,0.1,0.0,0.3,,,,
C,25,10,125,spline,3,0.1,0.0,0.5,,,,
C,25,10,125,spline,3,0.1,0.0,0.95,,,,
C,25,10,125,spline,3,0.1,0.5,0.3,,,,
C,25,10,125,spline,3,0.1,0.5,0.5,,,,
C,25,10,125,spline,3,0.1,0.5,0.95,,,,
C,25,10,125,spline,3,0.1,1.0,0.3,,,,
C,25,10,125,spline,3,0.1,1.0,0.5,,,,
C,25,10,125,spline,3,0.1,1.0,0.95,,,,
C,25,10,125,spline,3,1.0,0.0,0.3,,,,
C,25,10,125,spline,3,1.0,0.0,0.5,,,,
C,25,10,125,spline,3,1.0,0.0,0.95,,,,
C,25,10,125,spline,3,1.0,0.5,0.3,,,,
C,25,10,125,spline,3,1.0,0.5,0.5,,,,
C,25,10,125,spline,3,1.0,0.5,0.95,,,,
C,25,10,125,spline,3,1.0,1.0,0.3,,,,
C,25,10,125,spline,3,1.0,1.0,0.5,,,,
C,25,10,125,spline,3,1.0,1.0,0.95,,,,
C,25,10,125,spline,5,0.0,0.0,0.3,,,,
C,25,10,125,spline,5,0.0,0.0,0.5,,,,
C,25,10,125,spline,5,0.0,0.0,0.95,,,,
C,25,10,125,spline,5,0.0,0.5,0.3,,,,
C,25,10,125,spline,5,0.0,0.5,0.5,,,,
C,25,10,125,spline,5,0.0,0.5,0.95,,,,
C,25,10,125,spline,5,0.0,1.0,0.3,,,,
C,25,10,125,spline,5,0.0,1.0,0.5,,,,
C,25,10,125,spline,5,0.0,1.0,0.95,,,,
C,25,10,125,spline,5,0.1,0.0,0.3,,,,
C,25,10,125,spline,5,0.1,0.0,0.5,,,,
C,25,10,125,spline,5,0.1,0.0,0.95,,,,
C,25,10,125,spline,5,0.1,0.5,0.3,,,,
C,25,10,125,spline,5,0.1,0.5,0.5,,,,
C,25,10,125,spline,5,0.1,0.5,0.95,,,,
C,25,10,125,spline,5,0.1,1.0,0.3,,,,
C,25,10,125,spline,5,0.1,1.0,0.5,,,,
C,25,10,125,spline,5,0.1,1.0,0.95,,,,
C,25,10,125,spline,5,1.0,0.0,0.3,,,,
C,25,10,125,spline,5,1.0,0.0,0.5,,,,
C,25,10,125,spline,5,1.0,0.0,0.95,,,,
C,25,10,125,spline,5,1.0,0.5,0.3,,,,
C,25,10,125,spline,5,1.0,0.5,0.5,,,,
C,25,10,125,spline,5,1.0,0.5,0.95,,,,
C,25,10,125,spline,5,1.0,1.0,0.3,,,,
C,25,10,125,spline,5,1.0,1.0,0.5,,,,
C,25,10,125,spline,5,1.0,1.0,0.95,,,,
C,25,15,115,breslow,3,0.0,0.0,0.3,,,,
C,25,15,115,breslow,3,0.0,0.0,0.5,,,,
C,25,15,115,breslow,3,0.0,0.0,0.95,,,,
C,25,15,115,breslow,3,0.0,0.5,0.3,,,,
C,25,15,115,breslow,3,0.0,0.5,0.5,,,,
C,25,15,115,breslow,3,0.0,0.5,0.95,,,,
C,25,15,115,breslow,3,0.0,1.0,0.3,,,,
C,25,15,115,breslow,3,0.0,1.0,0.5,,,,
C,25,15,115,breslow,3,0.0,1.0,0.95,,,,
C,25,15,115,breslow,3,0.1,0.0,0.3,7478.273776163556,0.5459421238094441,37.628272607275136,50.594755038922436
C,25,15,115,breslow,3,0.1,0.0,0.5,7584.116015113768,0.5440663591916233,37.67286918429225,50.694544799673075
C,25,15,115,breslow,3,0.1,0.0,0.95,,,,
C,25,15,115,breslow,3,0.1,0.5,0.3,7478.175379600763,0.5457838986995048,37.63687896424335,50.59919988346058
C,25,15,115,breslow,3,0.1,0.5,0.5,7584.116015113768,0.5440663591916233,37.67286918429225,50.694544799673075
C,25,15,115,breslow,3,0.1,0.5,0.95,,,,
C,25,15,115,breslow,3,0.1,1.0,0.3,7478.175379600763,0.5457838986995048,37.63687896424335,50.59919988346058
C,25,15,115,breslow,3,0.1,1.0,0.5,7584.116015113768,0.5440663591916233,37.67286918429225,50.694544799673075
C,25,15,115,breslow,3,0.1,1.0,0.95,,,,
C,25,15,115,breslow,3,1.0,0.0,0.3,7478.175379600763,0.5457838986995048,37.63687896424335,50.59919988346058
C,25,15,115,breslow,3,1.0,0.0,0.5,7584.116015113768,0.5440663591916233,37.67286918429225,50.694544799673075
C,25,15,115,breslow,3,1.0,0.0,0.95,,,,
C,25,15,115,breslow,3,1.0,0.5,0.3,7478.175379600763,0.5457838986995048,37.63687896424335,50.59919988346058
C,25,15,115,breslow,3,1.0,0.5,0.5,7584.116015113768,0.5440663591916233,37.67286918429225,50.694544799673075
C,25,15,115,breslow,3,1.0,0.5,0.95,,,,
C,25,15,115,breslow,3,1.0,1.0,0.3,7478.175379600763,0.5457838986995048,37.63687896424335,50.59919988346058
C,25,15,115,breslow,3,1.0,1.0,0.5,7584.116015113768,0.5440663591916233,37.67286918429225,50.694544799673075
C,25,15,115,breslow,3,1.0,1.0,0.95,,,,
C,25,15,115,breslow,5,0.0,0.0,0.3,,,,
C,25,15,115,breslow,5,0.0,0.0,0.5,,,,
C,25,15,115,breslow,5,0.0,0.0,0.95,,,,
C,25,15,115,breslow,5,0.0,0.5,0.3,,,,
C,25,15,115,breslow,5,0.0,0.5,0.5,,,,
C,25,15,115,breslow,5,0.0,0.5,0.95,,,,
C,25,15,115,breslow,5,0.0,1.0,0.3,,,,
C,25,15,115,breslow,5,0.0,1.0,0.5,,,,
C,25,15,115,breslow,5,0.0,1.0,0.95,,,,
C,25,15,115,breslow,5,0.1,0.0,0.3,7478.273776163556,0.5459421238094441,37.628272607275136,50.594755038922436
C,25,15,115,breslow,5,0.1,0.0,0.5,7584.116015113768,0.5440663591916233,37.67286918429225,50.694544799673075
C,25,15,115,breslow,5,0.1,0.0,0.95,,,,
C,25,15,115,breslow,5,0.1,0.5,0.3,7478.175379600763,0.5457838986995048,37.63687896424335,50.59919988346058
C,25,15,115,breslow,5,0.1,0.5,0.5,7584.116015113768,0.5440663591916233,37.67286918429225,50.694544799673075
C,25,15,115,breslow,5,0.1,0.5,0.95,,,,
C,25,15,115,breslow,5,0.1,1.0,0.3,7478.175379600763,0.5457838986995048,37.63687896424335,50.59919988346058
C,25,15,115,breslow,5,0.1,1.0,0.5,7584.116015113768,0.5440663591916233,37.67286918429225,50.694544799673075
C,25,15,115,breslow,5,0.1,1.0,0.95,,,,
C,25,15,115,breslow,5,1.0,0.0,0.3,7478.175379600763,0.5457838986995048,37.63687896424335,50.59919988346058
C,25,15,115,breslow,5,1.0,0.0,0.5,7584.116015113768,0.5440663591916233,37.67286918429225,50.694544799673075
C,25,15,115,breslow,5,1.0,0.0,0.95,,,,
C,25,15,115,breslow,5,1.0,0.5,0.3,7478.175379600763,0.5457838986995048,37.63687896424335,50.59919988346058
C,25,15,115,breslow,5,1.0,0.5,0.5,7584.116015113768,0.5440663591916233,37.67286918429225,50.694544799673075
C,25,15,115,breslow,5,1.0,0.5,0.95,,,,
C,25,15,115,breslow,5,1.0,1.0,0.3,7478.175379600763,0.5457838986995048,37.63687896424335,50.59919988346058
C,25,15,115,breslow,5,1.0,1.0,0.5,7584.116015113768,0.5440663591916233,37.67286918429225,50.694544799673075
C,25,15,115,breslow,5,1.0,1.0,0.95,,,,
C,25,15,115,spline,3,0.0,0.0,0.3,,,,
C,25,15,115,spline,3,0.0,0.0,0.5,,,,
C,25,15,115,spline,3,0.0,0.0,0.95,,,,
C,25,15,115,spline,3,0.0,0.5,0.3,,,,
C,25,15,115,spline,3,0.0,0.5,0.5,,,,
C,25,15,115,spline,3,0.0,0.5,0.95,,,,
C,25,15,115,spline,3,0.0,1.0,0.3,,,,
C,25,15,115,spline,3,0.0,1.0,0.5,,,,
C,25,15,115,spline,3,0.0,1.0,0.95,,,,
C,25,15,115,spline,3,0.1,0.0,0.3,,,,
C,25,15,115,spline,3,0.1,0.0,0.5,,,,
C,25,15,115,spline,3,0.1,0.0,0.95,,,,
C,25,15,115,spline,3,0.1,0.5,0.3,,,,
C,25,15,115,spline,3,0.1,0.5,0.5,,,,
C,25,15,115,spline,3,0.1,0.5,0.95,,,,
C,25,15,115,spline,3,0.1,1.0,0.3,,,,
C,25,15,115,spline,3,0.1,1.0,0.5,,,,
C,25,15,115,spline,3,0.1,1.0,0.95,,,,
C,25,15,115,spline,3,1.0,0.0,0.3,,,,
C,25,15,115,spline,3,1.0,0.0,0.5,,,,
C,25,15,115,spline,3,1.0,0.0,0.95,,,,
C,25,15,115,spline,3,1.0,0.5,0.3,,,,
C,25,15,115,spline,3,1.0,0.5,0.5,,,,
C,25,15,115,spline,3,1.0,0.5,0.95,,,,
C,25,15,115,spline,3,1.0,1.0,0.3,,,,
C,25,15,115,spline,3,1.0,1.0,0.5,,,,
C,25,15,115,spline,3,1.0,1.0,0.95,,,,
C,25,15,115,spline,5,0.0,0.0,0.3,,,,
C,25,15,115,spline,5,0.0,0.0,0.5,,,,
C,25,15,115,spline,5,0.0,0.0,0.95,,,,
C,25,15,115,spline,5,0.0,0.5,0.3,,,,
C,25,15,115,spline,5,0.0,0.5,0.5,,,,
C,25,15,115,spline,5,0.0,0.5,0.95,,,,
C,25,15,115,spline,5,0.0,1.0,0.3,,,,
C,25,15,115,spline,5,0.0,1.0,0.5,,,,
C,25,15,115,spline,5,0.0,1.0,0.95,,,,
C,25,15,115,spline,5,0.1,0.0,0.3,,,,
C,25,15,115,spline,5,0.1,0.0,0.5,,,,
C,25,15,115,spline,5,0.1,0.0,0.95,,,,
C,25,15,115,spline,5,0.1,0.5,0.3,,,,
C,25,15,115,spline,5,0.1,0.5,0.5,,,,
C,25,15,115,spline,5,0.1,0.5,0.95,,,,
C,25,15,115,spline,5,0.1,1.0,0.3,,,,
C,25,15,115,spline,5,0.1,1.0,0.5,,,,
C,25,15,115,spline,5,0.1,1.0,0.95,,,,
C,25,15,115,spline,5,1.0,0.0,0.3,,,,
C,25,15,115,spline,5,1.0,0.0,0.5,,,,
C,25,15,115,spline,5,1.0,0.0,0.95,,,,
C,25,15,115,spline,5,1.0,0.5,0.3,,,,
C,25,15,115,spline,5,1.0,0.5,0.5,,,,
C,25,15,115,spline,5,1.0,0.5,0.95,,,,
C,25,15,115,spline,5,1.0,1.0,0.3,,,,
C,25,15,115,spline,5,1.0,1.0,0.5,,,,
C,25,15,115,spline,5,1.0,1.0,0.95,,,,
C,25,15,120,breslow,3,0.0,0.0,0.3,,,,
C,25,15,120,breslow,3,0.0,0.0,0.5,,,,
C,25,15,120,breslow,3,0.0,0.0,0.95,,,,
C,25,15,120,breslow,3,0.0,0.5,0.3,,,,
C,25,15,120,breslow,3,0.0,0.5,0.5,,,,
C,25,15,120,breslow,3,0.0,0.5,0.95,,,,
C,25,15,120,breslow,3,0.0,1.0,0.3,,,,
C,25,15,120,breslow,3,0.0,1.0,0.5,,,,
C,25,15,120,breslow,3,0.0,1.0,0.95,,,,
C,25,15,120,breslow,3,0.1,0.0,0.3,7477.860497481908,0.5444943756885017,35.54956212224465,50.29883662070906
C,25,15,120,breslow,3,0.1,0.0,0.5,7583.692596642146,0.5426912949106195,35.58877972615663,50.39645488270408
C,25,15,120,breslow,3,0.1,0.0,0.95,,,,
C,25,15,120,breslow,3,0.1,0.5,0.3,7477.764303411643,0.5443340015533689,35.56061346698793,50.304419236514015
C,25,15,120,breslow,3,0.1,0.5,0.5,7583.692596642146,0.5426912949106195,35.58877972615663,50.39645488270408
C,25,15,120,breslow,3,0.1,0.5,0.95,,,,
C,25,15,120,breslow,3,0.1,1.0,0.3,7477.764303411643,0.5443340015533689,35.56061346698793,50.304419236514015
C,25,15,120,breslow,3,0.1,1.0,0.5,7583.692596642146,0.5426912949106195,35.58877972615663,50.39645488270408
C,25,15,120,breslow,3,0.1,1.0,0.95,,,,
C,25,15,120,breslow,3,1.0,0.0,0.3,7477.764303411643,0.5443340015533689,35.56061346698793,50.304419236514015
C,25,15,120,breslow,3,1.0,0.0,0.5,7583.692596642146,0.5426912949106195,35.58877972615663,50.39645488270408
C,25,15,120,breslow,3,1.0,0.0,0.95,,,,
C,25,15,120,breslow,3,1.0,0.5,0.3,7477.764303411643,0.5443340015533689,35.56061346698793,50.304419236514015
C,25,15,120,breslow,3,1.0,0.5,0.5,7583.692596642146,0.5426912949106195,35.58877972615663,50.39645488270408
C,25,15,120,breslow,3,1.0,0.5,0.95,,,,
C,25,15,120,breslow,3,1.0,1.0,0.3,7477.764303411643,0.5443340015533689,35.56061346698793,50.304419236514015
C,25,15,120,breslow,3,1.0,1.0,0.5,7583.692596642146,0.5426912949106195,35.58877972615663,50.39645488270408
C,25,15,120,breslow,3,1.0,1.0,0.95,,,,
C,25,15,120,breslow,5,0.0,0.0,0.3,,,,
C,25,15,120,breslow,5,0.0,0.0,0.5,,,,
C,25,15,120,breslow,5,0.0,0.0,0.95,,,,
C,25,15,120,breslow,5,0.0,0.5,0.3,,,,
C,25,15,120,breslow,5,0.0,0.5,0.5,,,,
C,25,15,120,breslow,5,0.0,0.5,0.95,,,,
C,25,15,120,breslow,5,0.0,1.0,0.3,,,,
C,25,15,120,breslow,5,0.0,1.0,0.5,,,,
C,25,15,120,breslow,5,0.0,1.0,0.95,,,,
C,25,15,120,breslow,5,0.1,0.0,0.3,7477.860497481908,0.5444943756885017,35.54956212224465,50.29883662070906
C,25,15,120,breslow,5,0.1,0.0,0.5,7583.692596642146,0.5426912949106195,35.58877972615663,50.39645488270408
C,25,15,120,breslow,5,0.1,0.0,0.95,,,,
C,25,15,120,breslow,5,0.1,0.5,0.3,7477.764303411643,0.5443340015533689,35.56061346698793,50.304419236514015
C,25,15,120,breslow,5,0.1,0.5,0.5,7583.692596642146,0.5426912949106195,35.58877972615663,50.39645488270408
C,25,15,120,breslow,5,0.1,0.5,0.95,,,,
C,25,15,120,breslow,5,0.1,1.0,0.3,7477.764303411643,0.5443340015533689,35.56061346698793,50.304419236514015
C,25,15,120,breslow,5,0.1,1.0,0.5,7583.692596642146,0.5426912949106195,35.58877972615663,50.39645488270408
C,25,15,120,breslow,5,0.1,1.0,0.95,,,,
C,25,15,120,breslow,5,1.0,0.0,0.3,7477.764303411643,0.5443340015533689,35.56061346698793,50.304419236514015
C,25,15,120,breslow,5,1.0,0.0,0.5,7583.692596642146,0.5426912949106195,35.58877972615663,50.39645488270408
C,25,15,120,breslow,5,1.0,0.0,0.95,,,,
C,25,15,120,breslow,5,1.0,0.5,0.3,7477.764303411643,0.5443340015533689,35.56061346698793,50.304419236514015
C,25,15,120,breslow,5,1.0,0.5,0.5,7583.692596642146,0.5426912949106195,35.58877972615663,50.39645488270408
C,25,15,120,breslow,5,1.0,0.5,0.95,,,,
C,25,15,120,breslow,5,1.0,1.0,0.3,7477.764303411643,0.5443340015533689,35.56061346698793,50.304419236514015
C,25,15,120,breslow,5,1.0,1.0,0.5,7583.692596642146,0.5426912949106195,35.58877972615663,50.39645488270408
C,25,15,120,breslow,5,1.0,1.0,0.95,,,,
C,25,15,120,spline,3,0.0,0.0,0.3,,,,
C,25,15,120,spline,3,0.0,0.0,0.5,,,,
C,25,15,120,spline,3,0.0,0.0,0.95,,,,
C,25,15,120,spline,3,0.0,0.5,0.3,,,,
C,25,15,120,spline,3,0.0,0.5,0.5,,,,
C,25,15,120,spline,3,0.0,0.5,0.95,,,,
C,25,15,120,spline,3,0.0,1.0,0.3,,,,
C,25,15,120,spline,3,0.0,1.0,0.5,,,,
C,25,15,120,spline,3,0.0,1.0,0.95,,,,
C,25,15,120,spline,3,0.1,0.0,0.3,,,,
C,25,15,120,spline,3,0.1,0.0,0.5,,,,
C,25,15,120,spline,3,0.1,0.0,0.95,,,,
C,25,15,120,spline,3,0.1,0.5,0.3,,,,
C,25,15,120,spline,3,0.1,0.5,0.5,,,,
C,25,15,120,spline,3,0.1,0.5,0.95,,,,
C,25,15,120,spline,3,0.1,1.0,0.3,,,,
C,25,15,120,spline,3,0.1,1.0,0.5,,,,
C,25,15,120,spline,3,0.1,1.0,0.95,,,,
C,25,15,120,spline,3,1.0,0.0,0.3,,,,
C,25,15,120,spline,3,1.0,0.0,0.5,,,,
C,25,15,120,spline,3,1.0,0.0,0.95,,,,
C,25,15,120,spline,3,1.0,0.5,0.3,,,,
C,25,15,120,spline,3,1.0,0.5,0.5,,,,
C,25,15,120,spline,3,1.0,0.5,0.95,,,,
C,25,15,120,spline,3,1.0,1.0,0.3,,,,
C,25,15,120,spline,3,1.0,1.0,0.5,,,,
C,25,15,120,spline,3,1.0,1.0,0.95,,,,
C,25,15,120,spline,5,0.0,0.0,0.3,,,,
C,25,15,120,spline,5,0.0,0.0,0.5,,,,
C,25,15,120,spline,5,0.0,0.0,0.95,,,,
C,25,15,120,spline,5,0.0,0.5,0.3,,,,
C,25,15,120,spline,5,0.0,0.5,0.5,,,,
C,25,15,120,spline,5,0.0,0.5,0.95,,,,
C,25,15,120,spline,5,0.0,1.0,0.3,,,,
C,25,15,120,spline,5,0.0,1.0,0.5,,,,
C,25,15,120,spline,5,0.0,1.0,0.95,,,,
C,25,15,120,spline,5,0.1,0.0,0.3,,,,
C,25,15,120,spline,5,0.1,0.0,0.5,,,,
C,25,15,120,spline,5,0.1,0.0,0.95,,,,
C,25,15,120,spline,5,0.1,0.5,0.3,,,,
C,25,15,120,spline,5,0.1,0.5,0.5,,,,
C,25,15,120,spline,5,0.1,0.5,0.95,,,,
C,25,15,120,spline,5,0.1,1.0,0.3,,,,
C,25,15,120,spline,5,0.1,1.0,0.5,,,,
C,25,15,120,spline,5,0.1,1.0,0.95,,,,
C,25,15,120,spline,5,1.0,0.0,0.3,,,,
C,25,15,120,spline,5,1.0,0.0,0.5,,,,
C,25,15,120,spline,5,1.0,0.0,0.95,,,,
C,25,15,120,spline,5,1.0,0.5,0.3,,,,
C,25,15,120,spline,5,1.0,0.5,0.5,,,,
C,25,15,120,spline,5,1.0,0.5,0.95,,,,
C,25,15,120,spline,5,1.0,1.0,0.3,,,,
C,25,15,120,spline,5,1.0,1.0,0.5,,,,
C,25,15,120,spline,5,1.0,1.0,0.95,,,,
C,25,15,125,breslow,3,0.0,0.0,0.3,,,,
C,25,15,125,breslow,3,0.0,0.0,0.5,,,,
C,25,15,125,breslow,3,0.0,0.0,0.95,,,,
C,25,15,125,breslow,3,0.0,0.5,0.3,,,,
C,25,15,125,breslow,3,0.0,0.5,0.5,,,,
C,25,15,125,breslow,3,0.0,0.5,0.95,,,,
C,25,15,125,breslow,3,0.0,1.0,0.3,,,,
C,25,15,125,breslow,3,0.0,1.0,0.5,,,,
C,25,15,125,breslow,3,0.0,1.0,0.95,,,,
C,25,15,125,breslow,3,0.1,0.0,0.3,7477.652167662842,0.5432569943171871,33.632794393629766,50.22112742712754
C,25,15,125,breslow,3,0.1,0.0,0.5,7583.472895803864,0.5415205359092371,33.666144026881604,50.316398354048914
C,25,15,125,breslow,3,0.1,0.0,0.95,,,,
C,25,15,125,breslow,3,0.1,0.5,0.3,7477.558194109862,0.5430950950089966,33.64580172859309,50.22775319621904
C,25,15,125,breslow,3,0.1,0.5,0.5,7583.472895803864,0.5415205359092371,33.666144026881604,50.316398354048914
C,25,15,125,breslow,3,0.1,0.5,0.95,,,,
C,25,15,125,breslow,3,0.1,1.0,0.3,7477.558194109862,0.5430950950089966,33.64580172859309,50.22775319621904
C,25,15,125,breslow,3,0.1,1.0,0.5,7583.472895803864,0.5415205359092371,33.666144026881604,50.316398354048914
C,25,15,125,breslow,3,0.1,1.0,0.95,,,,
C,25,15,125,breslow,3,1.0,0.0,0.3,7477.558194109862,0.5430950950089966,33.64580172859309,50.22775319621904
C,25,15,125,breslow,3,1.0,0.0,0.5,7583.472895803864,0.5415205359092371,33.666144026881604,50.316398354048914
C,25,15,125,breslow,3,1.0,0.0,0.95,,,,
C,25,15,125,breslow,3,1.0,0.5,0.3,7477.558194109862,0.5430950950089966,33.64580172859309,50.22775319621904
C,25,15,125,breslow,3,1.0,0.5,0.5,7583.472895803864,0.5415205359092371,33.666144026881604,50.316398354048914
C,25,15,125,breslow,3,1.0,0.5,0.95,,,,
C,25,15,125,breslow,3,1.0,1.0,0.3,7477.558194109862,0.5430950950089966,33.64580172859309,50.22775319621904
C,25,15,125,breslow,3,1.0,1.0,0.5,7583.472895803864,0.5415205359092371,33.666144026881604,50.316398354048914
C,25,15,125,breslow,3,1.0,1.0,0.95,,,,
C,25,15,125,breslow,5,0.0,0.0,0.3,,,,
C,25,15,125,breslow,5,0.0,0.0,0.5,,,,
C,25,15,125,breslow,5,0.0,0.0,0.95,,,,
C,25,15,125,breslow,5,0.0,0.5,0.3,,,,
C,25,15,125,breslow,5,0.0,0.5,0.5,,,,
C,25,15,125,breslow,5,0.0,0.5,0.95,,,,
C,25,15,125,breslow,5,0.0,1.0,0.3,,,,
C,25,15,125,breslow,5,0.0,1.0,0.5,,,,
C,25,15,125,breslow,5,0.0,1.0,0.95,,,,
C,25,15,125,breslow,5,0.1,0.0,0.3,7477.652167662842,0.5432569943171871,33.632794393629766,50.22112742712754
C,25,15,125,breslow,5,0.1,0.0,0.5,7583.472895803864,0.5415205359092371,33.666144026881604,50.316398354048914
C,25,15,125,breslow,5,0.1,0.0,0.95,,,,
C,25,15,125,breslow,5,0.1,0.5,0.3,7477.558194109862,0.5430950950089966,33.64580172859309,50.22775319621904
C,25,15,125,breslow,5,0.1,0.5,0.5,7583.472895803864,0.5415205359092371,33.666144026881604,50.316398354048914
C,25,15,125,breslow,5,0.1,0.5,0.95,,,,
C,25,15,125,breslow,5,0.1,1.0,0.3,7477.558194109862,0.5430950950089966,33.64580172859309,50.22775319621904
C,25,15,125,breslow,5,0.1,1.0,0.5,7583.472895803864,0.5415205359092371,33.666144026881604,50.316398354048914
C,25,15,125,breslow,5,0.1,1.0,0.95,,,,
C,25,15,125,breslow,5,1.0,0.0,0.3,7477.558194109862,0.5430950950089966,33.64580172859309,50.22775319621904
C,25,15,125,breslow,5,1.0,0.0,0.5,7583.472895803864,0.5415205359092371,33.666144026881604,50.316398354048914
C,25,15,125,breslow,5,1.0,0.0,0.95,,,,
C,25,15,125,breslow,5,1.0,0.5,0.3,7477.558194109862,0.5430950950089966,33.64580172859309,50.22775319621904
C,25,15,125,breslow,5,1.0,0.5,0.5,7583.472895803864,0.5415205359092371,33.666144026881604,50.316398354048914
C,25,15,125,breslow,5,1.0,0.5,0.95,,,,
C,25,15,125,breslow,5,1.0,1.0,0.3,7477.558194109862,0.5430950950089966,33.64580172859309,50.22775319621904
C,25,15,125,breslow,5,1.0,1.0,0.5,7583.472895803864,0.5415205359092371,33.666144026881604,50.316398354048914
C,25,15,125,breslow,5,1.0,1.0,0.95,,,,
C,25,15,125,spline,3,0.0,0.0,0.3,,,,
C,25,15,125,spline,3,0.0,0.0,0.5,,,,
C,25,15,125,spline,3,0.0,0.0,0.95,,,,
C,25,15,125,spline,3,0.0,0.5,0.3,,,,
C,25,15,125,spline,3,0.0,0.5,0.5,,,,
C,25,15,125,spline,3,0.0,0.5,0.95,,,,
C,25,15,125,spline,3,0.0,1.0,0.3,,,,
C,25,15,125,spline,3,0.0,1.0,0.5,,,,
C,25,15,125,spline,3,0.0,1.0,0.95,,,,
C,25,15,125,spline,3,0.1,0.0,0.3,,,,
C,25,15,125,spline,3,0.1,0.0,0.5,,,,
C,25,15,125,spline,3,0.1,0.0,0.95,,,,
C,25,15,125,spline,3,0.1,0.5,0.3,,,,
C,25,15,125,spline,3,0.1,0.5,0.5,,,,
C,25,15,125,spline,3,0.1,0.5,0.95,,,,
C,25,15,125,spline,3,0.1,1.0,0.3,,,,
C,25,15,125,spline,3,0.1,1.0,0.5,,,,
C,25,15,125,spline,3,0.1,1.0,0.95,,,,
C,25,15,125,spline,3,1.0,0.0,0.3,,,,
C,25,15,125,spline,3,1.0,0.0,0.5,,,,
C,25,15,125,spline,3,1.0,0.0,0.95,,,,
C,25,15,125,spline,3,1.0,0.5,0.3,,,,
C,25,15,125,spline,3,1.0,0.5,0.5,,,,
C,25,15,125,spline,3,1.0,0.5,0.95,,,,
C,25,15,125,spline,3,1.0,1.0,0.3,,,,
C,25,15,125,spline,3,1.0,1.0,0.5,,,,
C,25,15,125,spline,3,1.0,1.0,0.95,,,,
C,25,15,125,spline,5,0.0,0.0,0.3,,,,
C,25,15,125,spline,5,0.0,0.0,0.5,,,,
C,25,15,125,spline,5,0.0,0.0,0.95,,,,
C,25,15,125,spline,5,0.0,0.5,0.3,,,,
C,25,15,125,spline,5,0.0,0.5,0.5,,,,
C,25,15,125,spline,5,0.0,0.5,0.95,,,,
C,25,15,125,spline,5,0.0,1.0,0.3,,,,
C,25,15,125,spline,5,0.0,1.0,0.5,,,,
C,25,15,125,spline,5,0.0,1.0,0.95,,,,
C,25,15,125,spline,5,0.1,0.0,0.3,,,,
C,25,15,125,spline,5,0.1,0.0,0.5,,,,
C,25,15,125,spline,5,0.1,0.0,0.95,,,,
C,25,15,125,spline,5,0.1,0.5,0.3,,,,
C,25,15,125,spline,5,0.1,0.5,0.5,,,,
C,25,15,125,spline,5,0.1,0.5,0.95,,,,
C,25,15,125,spline,5,0.1,1.0,0.3,,,,
C,25,15,125,spline,5,0.1,1.0,0.5,,,,
C,25,15,125,spline,5,0.1,1.0,0.95,,,,
C,25,15,125,spline,5,1.0,0.0,0.3,,,,
C,25,15,125,spline,5,1.0,0.0,0.5,,,,
C,25,15,125,spline,5,1.0,0.0,0.95,,,,
C,25,15,125,spline,5,1.0,0.5,0.3,,,,
C,25,15,125,spline,5,1.0,0.5,0.5,,,,
C,25,15,125,spline,5,1.0,0.5,0.95,,,,
C,25,15,125,spline,5,1.0,1.0,0.3,,,,
C,25,15,125,spline,5,1.0,1.0,0.5,,,,
C,25,15,125,spline,5,1.0,1.0,0.95,,,,
C,25,20,115,breslow,3,0.0,0.0,0.3,,,,
C,25,20,115,breslow,3,0.0,0.0,0.5,,,,
C,25,20,115,breslow,3,0.0,0.0,0.95,,,,
C,25,20,115,breslow,3,0.0,0.5,0.3,,,,
C,25,20,115,breslow,3,0.0,0.5,0.5,,,,
C,25,20,115,breslow,3,0.0,0.5,0.95,,,,
C,25,20,115,breslow,3,0.0,1.0,0.3,,,,
C,25,20,115,breslow,3,0.0,1.0,0.5,,,,
C,25,20,115,breslow,3,0.0,1.0,0.95,,,,
C,25,20,115,breslow,3,0.1,0.0,0.3,7478.403096213978,0.5459584317455134,37.627001213632106,50.59586271619596
C,25,20,115,breslow,3,0.1,0.0,0.5,7584.116015113768,0.5440663591916233,37.67286918429225,50.694544799673075
C,25,20,115,breslow,3,0.1,0.0,0.95,,,,
C,25,20,115,breslow,3,0.1,0.5,0.3,7478.175379600763,0.5457838986995048,37.63687896424335,50.59919988346058
C,25,20,115,breslow,3,0.1,0.5,0.5,7584.116015113768,0.5440663591916233,37.67286918429225,50.694544799673075
C,25,20,115,breslow,3,0.1,0.5,0.95,,,,
C,25,20,115,breslow,3,0.1,1.0,0.3,7478.175379600763,0.5457838986995048,37.63687896424335,50.59919988346058
C,25,20,115,breslow,3,0.1,1.0,0.5,7584.116015113768,0.5440663591916233,37.67286918429225,50.694544799673075
C,25,20,115,breslow,3,0.1,1.0,0.95,,,,
C,25,20,115,breslow,3,1.0,0.0,0.3,7478.175379600763,0.5457838986995048,37.63687896424335,50.59919988346058
C,25,20,115,breslow,3,1.0,0.0,0.5,7584.116015113768,0.5440663591916233,37.67286918429225,50.694544799673075
C,25,20,115,breslow,3,1.0,0.0,0.95,,,,
C,25,20,115,breslow,3,1.0,0.5,0.3,7478.175379600763,0.5457838986995048,37.63687896424335,50.59919988346058
C,25,20,115,breslow,3,1.0,0.5,0.5,7584.116015113768,0.5440663591916233,37.67286918429225,50.694544799673075
C,25,20,115,breslow,3,1.0,0.5,0.95,,,,
C,25,20,115,breslow,3,1.0,1.0,0.3,7478.175379600763,0.5457838986995048,37.63687896424335,50.59919988346058
C,25,20,115,breslow,3,1.0,1.0,0.5,7584.116015113768,0.5440663591916233,37.67286918429225,50.694544799673075
C,25,20,115,breslow,3,1.0,1.0,0.95,,,,
C,25,20,115,breslow,5,0.0,0.0,0.3,,,,
C,25,20,115,breslow,5,0.0,0.0,0.5,,,,
C,25,20,115,breslow,5,0.0,0.0,0.95,,,,
C,25,20,115,breslow,5,0.0,0.5,0.3,,,,
C,25,20,115,breslow,5,0.0,0.5,0.5,,,,
C,25,20,115,breslow,5,0.0,0.5,0.95,,,,
C,25,20,115,breslow,5,0.0,1.0,0.3,,,,
C,25,20,115,breslow,5,0.0,1.0,0.5,,,,
C,25,20,115,breslow,5,0.0,1.0,0.95,,,,
C,25,20,115,breslow,5,0.1,0.0,0.3,7478.403096213978,0.5459584317455134,37.627001213632106,50.59586271619596
C,25,20,115,breslow,5,0.1,0.0,0.5,7584.116015113768,0.5440663591916233,37.67286918429225,50.694544799673075
C,25,20,115,breslow,5,0.1,0.0,0.95,,,,
C,25,20,115,breslow,5,0.1,0.5,0.3,7478.175379600763,0.5457838986995048,37.63687896424335,50.59919988346058
C,25,20,115,breslow,5,0.1,0.5,0.5,7584.116015113768,0.5440663591916233,37.67286918429225,50.694544799673075
C,25,20,115,breslow,5,0.1,0.5,0.95,,,,
C,25,20,115,breslow,5,0.1,1.0,0.3,7478.175379600763,0.5457838986995048,37.63687896424335,50.59919988346058
C,25,20,115,breslow,5,0.1,1.0,0.5,7584.116015113768,0.5440663591916233,37.67286918429225,50.694544799673075
C,25,20,115,breslow,5,0.1,1.0,0.95,,,,
C,25,20,115,breslow,5,1.0,0.0,0.3,7478.175379600763,0.5457838986995048,37.63687896424335,50.59919988346058
C,25,20,115,breslow,5,1.0,0.0,0.5,7584.116015113768,0.5440663591916233,37.67286918429225,50.694544799673075
C,25,20,115,breslow,5,1.0,0.0,0.95,,,,
C,25,20,115,breslow,5,1.0,0.5,0.3,7478.175379600763,0.5457838986995048,37.63687896424335,50.59919988346058
C,25,20,115,breslow,5,1.0,0.5,0.5,7584.116015113768,0.5440663591916233,37.67286918429225,50.694544799673075
C,25,20,115,breslow,5,1.0,0.5,0.95,,,,
C,25,20,115,breslow,5,1.0,1.0,0.3,7478.175379600763,0.5457838986995048,37.63687896424335,50.59919988346058
C,25,20,115,breslow,5,1.0,1.0,0.5,7584.116015113768,0.5440663591916233,37.67286918429225,50.694544799673075
C,25,20,115,breslow,5,1.0,1.0,0.95,,,,
C,25,20,115,spline,3,0.0,0.0,0.3,,,,
C,25,20,115,spline,3,0.0,0.0,0.5,,,,
C,25,20,115,spline,3,0.0,0.0,0.95,,,,
C,25,20,115,spline,3,0.0,0.5,0.3,,,,
C,25,20,115,spline,3,0.0,0.5,0.5,,,,
C,25,20,115,spline,3,0.0,0.5,0.95,,,,
C,25,20,115,spline,3,0.0,1.0,0.3,,,,
C,25,20,115,spline,3,0.0,1.0,0.5,,,,
C,25,20,115,spline,3,0.0,1.0,0.95,,,,
C,25,20,115,spline,3,0.1,0.0,0.3,,,,
C,25,20,115,spline,3,0.1,0.0,0.5,,,,
C,25,20,115,spline,3,0.1,0.0,0.95,,,,
C,25,20,115,spline,3,0.1,0.5,0.3,,,,
C,25,20,115,spline,3,0.1,0.5,0.5,,,,
C,25,20,115,spline,3,0.1,0.5,0.95,,,,
C,25,20,115,spline,3,0.1,1.0,0.3,,,,
C,25,20,115,spline,3,0.1,1.0,0.5,,,,
C,25,20,115,spline,3,0.1,1.0,0.95,,,,
C,25,20,115,spline,3,1.0,0.0,0.3,,,,
C,25,20,115,spline,3,1.0,0.0,0.5,,,,
C,25,20,115,spline,3,1.0,0.0,0.95,,,,
C,25,20,115,spline,3,1.0,0.5,0.3,,,,
C,25,20,115,spline,3,1.0,0.5,0.5,,,,
C,25,20,115,spline,3,1.0,0.5,0.95,,,,
C,25,20,115,spline,3,1.0,1.0,0.3,,,,
C,25,20,115,spline,3,1.0,1.0,0.5,,,,
C,25,20,115,spline,3,1.0,1.0,0.95,,,,
C,25,20,115,spline,5,0.0,0.0,0.3,,,,
C,25,20,115,spline,5,0.0,0.0,0.5,,,,
C,25,20,115,spline,5,0.0,0.0,0.95,,,,
C,25,20,115,spline,5,0.0,0.5,0.3,,,,
C,25,20,115,spline,5,0.0,0.5,0.5,,,,
C,25,20,115,spline,5,0.0,0.5,0.95,,,,
C,25,20,115,spline,5,0.0,1.0,0.3,,,,
C,25,20,115,spline,5,0.0,1.0,0.5,,,,
C,25,20,115,spline,5,0.0,1.0,0.95,,,,
C,25,20,115,spline,5,0.1,0.0,0.3,,,,
C,25,20,115,spline,5,0.1,0.0,0.5,,,,
C,25,20,115,spline,5,0.1,0.0,0.95,,,,
C,25,20,115,spline,5,0.1,0.5,0.3,,,,
C,25,20,115,spline,5,0.1,0.5,0.5,,,,
C,25,20,115,spline,5,0.1,0.5,0.95,,,,
C,25,20,115,spline,5,0.1,1.0,0.3,,,,
C,25,20,115,spline,5,0.1,1.0,0.5,,,,
C,25,20,115,spline,5,0.1,1.0,0.95,,,,
C,25,20,115,spline,5,1.0,0.0,0.3,,,,
C,25,20,115,spline,5,1.0,0.0,0.5,,,,
C,25,20,115,spline,5,1.0,0.0,0.95,,,,
C,25,20,115,spline,5,1.0,0.5,0.3,,,,
C,25,20,115,spline,5,1.0,0.5,0.5,,,,
C,25,20,115,spline,5,1.0,0.5,0.95,,,,
C,25,20,115,spline,5,1.0,1.0,0.3,,,,
C,25,20,115,spline,5,1.0,1.0,0.5,,,,
C,25,20,115,spline,5,1.0,1.0,0.95,,,,
C,25,20,120,breslow,3,0.0,0.0,0.3,,,,
C,25,20,120,breslow,3,0.0,0.0,0.5,,,,
C,25,20,120,breslow,3,0.0,0.0,0.95,,,,
C,25,20,120,breslow,3,0.0,0.5,0.3,,,,
C,25,20,120,breslow,3,0.0,0.5,0.5,,,,
C,25,20,120,breslow,3,0.0,0.5,0.95,,,,
C,25,20,120,breslow,3,0.0,1.0,0.3,,,,
C,25,20,120,breslow,3,0.0,1.0,0.5,,,,
C,25,20,120,breslow,3,0.0,1.0,0.95,,,,
C,25,20,120,breslow,3,0.1,0.0,0.3,7477.989350432169,0.5445088826786215,35.548192929090625,50.29969737718947
C,25,20,120,breslow,3,0.1,0.0,0.5,7583.692596642146,0.5426912949106195,35.58877972615663,50.39645488270408
C,25,20,120,breslow,3,0.1,0.0,0.95,,,,
C,25,20,120,breslow,3,0.1,0.5,0.3,7477.764303411643,0.5443340015533689,35.56061346698793,50.304419236514015
C,25,20,120,breslow,3,0.1,0.5,0.5,7583.692596642146,0.5426912949106195,35.58877972615663,50.39645488270408
C,25,20,120,breslow,3,0.1,0.5,0.95,,,,
C,25,20,120,breslow,3,0.1,1.0,0.3,7477.764303411643,0.5443340015533689,35.56061346698793,50.304419236514015
C,25,20,120,breslow,3,0.1,1.0,0.5,7583.692596642146,0.5426912949106195,35.58877972615663,50.39645488270408
C,25,20,120,breslow,3,0.1,1.0,0.95,,,,
C,25,20,120,breslow,3,1.0,0.0,0.3,7477.764303411643,0.5443340015533689,35.56061346698793,50.304419236514015
C,25,20,120,breslow,3,1.0,0.0,0.5,7583.692596642146,0.5426912949106195,35.58877972615663,50.39645488270408
C,25,20,120,breslow,3,1.0,0.0,0.95,,,,
C,25,20,120,breslow,3,1.0,0.5,0.3,7477.764303411643,0.5443340015533689,35.56061346698793,50.304419236514015
C,25,20,120,breslow,3,1.0,0.5,0.5,7583.692596642146,0.5426912949106195,35.58877972615663,50.39645488270408
C,25,20,120,breslow,3,1.0,0.5,0.95,,,,
C,25,20,120,breslow,3,1.0,1.0,0.3,7477.764303411643,0.5443340015533689,35.56061346698793,50.304419236514015
C,25,20,120,breslow,3,1.0,1.0,0.5,7583.692596642146,0.5426912949106195,35.58877972615663,50.39645488270408
C,25,20,120,breslow,3,1.0,1.0,0.95,,,,
C,25,20,120,breslow,5,0.0,0.0,0.3,,,,
C,25,20,120,breslow,5,0.0,0.0,0.5,,,,
C,25,20,120,breslow,5,0.0,0.0,0.95,,,,
C,25,20,120,breslow,5,0.0,0.5,0.3,,,,
C,25,20,120,breslow,5,0.0,0.5,0.5,,,,
C,25,20,120,breslow,5,0.0,0.5,0.95,,,,
C,25,20,120,breslow,5,0.0,1.0,0.3,,,,
C,25,20,120,breslow,5,0.0,1.0,0.5,,,,
C,25,20,120,breslow,5,0.0,1.0,0.95,,,,
C,25,20,120,breslow,5,0.1,0.0,0.3,7477.989350432169,0.5445088826786215,35.548192929090625,50.29969737718947
C,25,20,120,breslow,5,0.1,0.0,0.5,7583.692596642146,0.5426912949106195,35.58877972615663,50.39645488270408
C,25,20,120,breslow,5,0.1,0.0,0.95,,,,
C,25,20,120,breslow,5,0.1,0.5,0.3,7477.764303411643,0.5443340015533689,35.56061346698793,50.304419236514015
C,25,20,120,breslow,5,0.1,0.5,0.5,7583.692596642146,0.5426912949106195,35.58877972615663,50.39645488270408
C,25,20,120,breslow,5,0.1,0.5,0.95,,,,
C,25,20,120,breslow,5,0.1,1.0,0.3,7477.764303411643,0.5443340015533689,35.56061346698793,50.304419236514015
C,25,20,120,breslow,5,0.1,1.0,0.5,7583.692596642146,0.5426912949106195,35.58877972615663,50.39645488270408
C,25,20,120,breslow,5,0.1,1.0,0.95,,,,
C,25,20,120,breslow,5,1.0,0.0,0.3,7477.764303411643,0.5443340015533689,35.56061346698793,50.304419236514015
C,25,20,120,breslow,5,1.0,0.0,0.5,7583.692596642146,0.5426912949106195,35.58877972615663,50.39645488270408
C,25,20,120,breslow,5,1.0,0.0,0.95,,,,
C,25,20,120,breslow,5,1.0,0.5,0.3,7477.764303411643,0.5443340015533689,35.56061346698793,50.304419236514015
C,25,20,120,breslow,5,1.0,0.5,0.5,7583.692596642146,0.5426912949106195,35.58877972615663,50.39645488270408
C,25,20,120,breslow,5,1.0,0.5,0.95,,,,
C,25,20,120,breslow,5,1.0,1.0,0.3,7477.764303411643,0.5443340015533689,35.56061346698793,50.304419236514015
C,25,20,120,breslow,5,1.0,1.0,0.5,7583.692596642146,0.5426912949106195,35.58877972615663,50.39645488270408
C,25,20,120,breslow,5,1.0,1.0,0.95,,,,
C,25,20,120,spline,3,0.0,0.0,0.3,,,,
C,25,20,120,spline,3,0.0,0.0,0.5,,,,
C,25,20,120,spline,3,0.0,0.0,0.95,,,,
C,25,20,120,spline,3,0.0,0.5,0.3,,,,
C,25,20,120,spline,3,0.0,0.5,0.5,,,,
C,25,20,120,spline,3,0.0,0.5,0.95,,,,
C,25,20,120,spline,3,0.0,1.0,0.3,,,,
C,25,20,120,spline,3,0.0,1.0,0.5,,,,
C,25,20,120,spline,3,0.0,1.0,0.95,,,,
C,25,20,120,spline,3,0.1,0.0,0.3,,,,
C,25,20,120,spline,3,0.1,0.0,0.5,,,,
C,25,20,120,spline,3,0.1,0.0,0.95,,,,
C,25,20,120,spline,3,0.1,0.5,0.3,,,,
C,25,20,120,spline,3,0.1,0.5,0.5,,,,
C,25,20,120,spline,3,0.1,0.5,0.95,,,,
C,25,20,120,spline,3,0.1,1.0,0.3,,,,
C,25,20,120,spline,3,0.1,1.0,0.5,,,,
C,25,20,120,spline,3,0.1,1.0,0.95,,,,
C,25,20,120,spline,3,1.0,0.0,0.3,,,,
C,25,20,120,spline,3,1.0,0.0,0.5,,,,
C,25,20,120,spline,3,1.0,0.0,0.95,,,,
C,25,20,120,spline,3,1.0,0.5,0.3,,,,
C,25,20,120,spline,3,1.0,0.5,0.5,,,,
C,25,20,120,spline,3,1.0,0.5,0.95,,,,
C,25,20,120,spline,3,1.0,1.0,0.3,,,,
C,25,20,120,spline,3,1.0,1.0,0.5,,,,
C,25,20,120,spline,3,1.0,1.0,0.95,,,,
C,25,20,120,spline,5,0.0,0.0,0.3,,,,
C,25,20,120,spline,5,0.0,0.0,0.5,,,,
C,25,20,120,spline,5,0.0,0.0,0.95,,,,
C,25,20,120,spline,5,0.0,0.5,0.3,,,,
C,25,20,120,spline,5,0.0,0.5,0.5,,,,
C,25,20,120,spline,5,0.0,0.5,0.95,,,,
C,25,20,120,spline,5,0.0,1.0,0.3,,,,
C,25,20,120,spline,5,0.0,1.0,0.5,,,,
C,25,20,120,spline,5,0.0,1.0,0.95,,,,
C,25,20,120,spline,5,0.1,0.0,0.3,,,,
C,25,20,120,spline,5,0.1,0.0,0.5,,,,
C,25,20,120,spline,5,0.1,0.0,0.95,,,,
C,25,20,120,spline,5,0.1,0.5,0.3,,,,
C,25,20,120,spline,5,0.1,0.5,0.5,,,,
C,25,20,120,spline,5,0.1,0.5,0.95,,,,
C,25,20,120,spline,5,0.1,1.0,0.3,,,,
C,25,20,120,spline,5,0.1,1.0,0.5,,,,
C,25,20,120,spline,5,0.1,1.0,0.95,,,,
C,25,20,120,spline,5,1.0,0.0,0.3,,,,
C,25,20,120,spline,5,1.0,0.0,0.5,,,,
C,25,20,120,spline,5,1.0,0.0,0.95,,,,
C,25,20,120,spline,5,1.0,0.5,0.3,,,,
C,25,20,120,spline,5,1.0,0.5,0.5,,,,
C,25,20,120,spline,5,1.0,0.5,0.95,,,,
C,25,20,120,spline,5,1.0,1.0,0.3,,,,
C,25,20,120,spline,5,1.0,1.0,0.5,,,,
C,25,20,120,spline,5,1.0,1.0,0.95,,,,
C,25,20,125,breslow,3,0.0,0.0,0.3,,,,
C,25,20,125,breslow,3,0.0,0.0,0.5,,,,
C,25,20,125,breslow,3,0.0,0.0,0.95,,,,
C,25,20,125,breslow,3,0.0,0.5,0.3,,,,
C,25,20,125,breslow,3,0.0,0.5,0.5,,,,
C,25,20,125,breslow,3,0.0,0.5,0.95,,,,
C,25,20,125,breslow,3,0.0,1.0,0.3,,,,
C,25,20,125,breslow,3,0.0,1.0,0.5,,,,
C,25,20,125,breslow,3,0.0,1.0,0.95,,,,
C,25,20,125,breslow,3,0.1,0.0,0.3,7477.780365059516,0.5432711128790225,33.63142520047573,50.221768793837526
C,25,20,125,breslow,3,0.1,0.0,0.5,7583.472895803864,0.5415205359092371,33.666144026881604,50.316398354048914
C,25,20,125,breslow,3,0.1,0.0,0.95,,,,
C,25,20,125,breslow,3,0.1,0.5,0.3,7477.558194109862,0.5430950950089966,33.64580172859309,50.22775319621904
C,25,20,125,breslow,3,0.1,0.5,0.5,7583.472895803864,0.5415205359092371,33.666144026881604,50.316398354048914
C,25,20,125,breslow,3,0.1,0.5,0.95,,,,
C,25,20,125,breslow,3,0.1,1.0,0.3,7477.558194109862,0.5430950950089966,33.64580172859309,50.22775319621904
C,25,20,125,breslow,3,0.1,1.0,0.5,7583.472895803864,0.5415205359092371,33.666144026881604,50.316398354048914
C,25,20,125,breslow,3,0.1,1.0,0.95,,,,
C,25,20,125,breslow,3,1.0,0.0,0.3,7477.558194109862,0.5430950950089966,33.64580172859309,50.22775319621904
C,25,20,125,breslow,3,1.0,0.0,0.5,7583.472895803864,0.5415205359092371,33.666144026881604,50.316398354048914
C,25,20,125,breslow,3,1.0,0.0,0.95,,,,
C,25,20,125,breslow,3,1.0,0.5,0.3,7477.558194109862,0.5430950950089966,33.64580172859309,50.22775319621904
C,25,20,125,breslow,3,1.0,0.5,0.5,7583.472895803864,0.5415205359092371,33.666144026881604,50.316398354048914
C,25,20,125,breslow,3,1.0,0.5,0.95,,,,
C,25,20,125,breslow,3,1.0,1.0,0.3,7477.558194109862,0.5430950950089966,33.64580172859309,50.22775319621904
C,25,20,125,breslow,3,1.0,1.0,0.5,7583.472895803864,0.5415205359092371,33.666144026881604,50.316398354048914
C,25,20,125,breslow,3,1.0,1.0,0.95,,,,
C,25,20,125,breslow,5,0.0,0.0,0.3,,,,
C,25,20,125,breslow,5,0.0,0.0,0.5,,,,
C,25,20,125,breslow,5,0.0,0.0,0.95,,,,
C,25,20,125,breslow,5,0.0,0.5,0.3,,,,
C,25,20,125,breslow,5,0.0,0.5,0.5,,,,
C,25,20,125,breslow,5,0.0,0.5,0.95,,,,
C,25,20,125,breslow,5,0.0,1.0,0.3,,,,
C,25,20,125,breslow,5,0.0,1.0,0.5,,,,
C,25,20,125,breslow,5,0.0,1.0,0.95,,,,
C,25,20,125,breslow,5,0.1,0.0,0.3,7477.780365059516,0.5432711128790225,33.63142520047573,50.221768793837526
C,25,20,125,breslow,5,0.1,0.0,0.5,7583.472895803864,0.5415205359092371,33.666144026881604,50.316398354048914
C,25,20,125,breslow,5,0.1,0.0,0.95,,,,
C,25,20,125,breslow,5,0.1,0.5,0.3,7477.558194109862,0.5430950950089966,33.64580172859309,50.22775319621904
C,25,20,125,breslow,5,0.1,0.5,0.5,7583.472895803864,0.5415205359092371,33.666144026881604,50.316398354048914
C,25,20,125,breslow,5,0.1,0.5,0.95,,,,
C,25,20,125,breslow,5,0.1,1.0,0.3,7477.558194109862,0.5430950950089966,33.64580172859309,50.22775319621904
C,25,20,125,breslow,5,0.1,1.0,0.5,7583.472895803864,0.5415205359092371,33.666144026881604,50.316398354048914
C,25,20,125,breslow,5,0.1,1.0,0.95,,,,
C,25,20,125,breslow,5,1.0,0.0,0.3,7477.558194109862,0.5430950950089966,33.64580172859309,50.22775319621904
C,25,20,125,breslow,5,1.0,0.0,0.5,7583.472895803864,0.5415205359092371,33.666144026881604,50.316398354048914
C,25,20,125,breslow,5,1.0,0.0,0.95,,,,
C,25,20,125,breslow,5,1.0,0.5,0.3,7477.558194109862,0.5430950950089966,33.64580172859309,50.22775319621904
C,25,20,125,breslow,5,1.0,0.5,0.5,7583.472895803864,0.5415205359092371,33.666144026881604,50.316398354048914
C,25,20,125,breslow,5,1.0,0.5,0.95,,,,
C,25,20,125,breslow,5,1.0,1.0,0.3,7477.558194109862,0.5430950950089966,33.64580172859309,50.22775319621904
C,25,20,125,breslow,5,1.0,1.0,0.5,7583.472895803864,0.5415205359092371,33.666144026881604,50.316398354048914
C,25,20,125,breslow,5,1.0,1.0,0.95,,,,
C,25,20,125,spline,3,0.0,0.0,0.3,,,,
C,25,20,125,spline,3,0.0,0.0,0.5,,,,
C,25,20,125,spline,3,0.0,0.0,0.95,,,,
C,25,20,125,spline,3,0.0,0.5,0.3,,,,
C,25,20,125,spline,3,0.0,0.5,0.5,,,,
C,25,20,125,spline,3,0.0,0.5,0.95,,,,
C,25,20,125,spline,3,0.0,1.0,0.3,,,,
C,25,20,125,spline,3,0.0,1.0,0.5,,,,
C,25,20,125,spline,3,0.0,1.0,0.95,,,,
C,25,20,125,spline,3,0.1,0.0,0.3,,,,
C,25,20,125,spline,3,0.1,0.0,0.5,,,,
C,25,20,125,spline,3,0.1,0.0,0.95,,,,
C,25,20,125,spline,3,0.1,0.5,0.3,,,,
C,25,20,125,spline,3,0.1,0.5,0.5,,,,
C,25,20,125,spline,3,0.1,0.5,0.95,,,,
C,25,20,125,spline,3,0.1,1.0,0.3,,,,
C,25,20,125,spline,3,0.1,1.0,0.5,,,,
C,25,20,125,spline,3,0.1,1.0,0.95,,,,
C,25,20,125,spline,3,1.0,0.0,0.3,,,,
C,25,20,125,spline,3,1.0,0.0,0.5,,,,
C,25,20,125,spline,3,1.0,0.0,0.95,,,,
C,25,20,125,spline,3,1.0,0.5,0.3,,,,
C,25,20,125,spline,3,1.0,0.5,0.5,,,,
C,25,20,125,spline,3,1.0,0.5,0.95,,,,
C,25,20,125,spline,3,1.0,1.0,0.3,,,,
C,25,20,125,spline,3,1.0,1.0,0.5,,,,
C,25,20,125,spline,3,1.0,1.0,0.95,,,,
C,25,20,125,spline,5,0.0,0.0,0.3,,,,
C,25,20,125,spline,5,0.0,0.0,0.5,,,,
C,25,20,125,spline,5,0.0,0.0,0.95,,,,
C,25,20,125,spline,5,0.0,0.5,0.3,,,,
C,25,20,125,spline,5,0.0,0.5,0.5,,,,
C,25,20,125,spline,5,0.0,0.5,0.95,,,,
C,25,20,125,spline,5,0.0,1.0,0.3,,,,
C,25,20,125,spline,5,0.0,1.0,0.5,,,,
C,25,20,125,spline,5,0.0,1.0,0.95,,,,
C,25,20,125,spline,5,0.1,0.0,0.3,,,,
C,25,20,125,spline,5,0.1,0.0,0.5,,,,
C,25,20,125,spline,5,0.1,0.0,0.95,,,,
C,25,20,125,spline,5,0.1,0.5,0.3,,,,
C,25,20,125,spline,5,0.1,0.5,0.5,,,,
C,25,20,125,spline,5,0.1,0.5,0.95,,,,
C,25,20,125,spline,5,0.1,1.0,0.3,,,,
C,25,20,125,spline,5,0.1,1.0,0.5,,,,
C,25,20,125,spline,5,0.1,1.0,0.95,,,,
C,25,20,125,spline,5,1.0,0.0,0.3,,,,
C,25,20,125,spline,5,1.0,0.0,0.5,,,,
C,25,20,125,spline,5,1.0,0.0,0.95,,,,
C,25,20,125,spline,5,1.0,0.5,0.3,,,,
C,25,20,125,spline,5,1.0,0.5,0.5,,,,
C,25,20,125,spline,5,1.0,0.5,0.95,,,,
C,25,20,125,spline,5,1.0,1.0,0.3,,,,
C,25,20,125,spline,5,1.0,1.0,0.5,,,,
C,25,20,125,spline,5,1.0,1.0,0.95,,,,
C,30,10,115,breslow,3,0.0,0.0,0.3,,,,
C,30,10,115,breslow,3,0.0,0.0,0.5,,,,
C,30,10,115,breslow,3,0.0,0.0,0.95,,,,
C,30,10,115,breslow,3,0.0,0.5,0.3,,,,
C,30,10,115,breslow,3,0.0,0.5,0.5,,,,
C,30,10,115,breslow,3,0.0,0.5,0.95,,,,
C,30,10,115,breslow,3,0.0,1.0,0.3,,,,
C,30,10,115,breslow,3,0.0,1.0,0.5,,,,
C,30,10,115,breslow,3,0.0,1.0,0.95,,,,
C,30,10,115,breslow,3,0.1,0.0,0.3,7743.0492807998435,0.5457370382779281,38.6036152446429,51.44852650928997
C,30,10,115,breslow,3,0.1,0.0,0.5,7852.646213841646,0.5438336798771475,38.651007649706195,51.54960895048252
C,30,10,115,breslow,3,0.1,0.0,0.95,,,,
C,30,10,115,breslow,3,0.1,0.5,0.3,7742.950720361092,0.5455272856355952,38.613741826921384,51.45252100240314
C,30,10,115,breslow,3,0.1,0.5,0.5,7852.646213841646,0.5438336798771475,38.651007649706195,51.54960895048252
C,30,10,115,breslow,3,0.1,0.5,0.95,,,,
C,30,10,115,breslow,3,0.1,1.0,0.3,7742.950720361092,0.5455272856355952,38.613741826921384,51.45252100240314
C,30,10,115,breslow,3,0.1,1.0,0.5,7852.646213841646,0.5438336798771475,38.651007649706195,51.54960895048252
C,30,10,115,breslow,3,0.1,1.0,0.95,,,,
C,30,10,115,breslow,3,1.0,0.0,0.3,7742.950720361092,0.5455272856355952,38.613741826921384,51.45252100240314
C,30,10,115,breslow,3,1.0,0.0,0.5,7852.646213841646,0.5438336798771475,38.651007649706195,51.54960895048252
C,30,10,115,breslow,3,1.0,0.0,0.95,,,,
C,30,10,115,breslow,3,1.0,0.5,0.3,7742.950720361092,0.5455272856355952,38.613741826921384,51.45252100240314
C,30,10,115,breslow,3,1.0,0.5,0.5,7852.646213841646,0.5438336798771475,38.651007649706195,51.54960895048252
C,30,10,115,breslow,3,1.0,0.5,0.95,,,,
C,30,10,115,breslow,3,1.0,1.0,0.3,7742.950720361092,0.5455272856355952,38.613741826921384,51.45252100240314
C,30,10,115,breslow,3,1.0,1.0,0.5,7852.646213841646,0.5438336798771475,38.651007649706195,51.54960895048252
C,30,10,115,breslow,3,1.0,1.0,0.95,,,,
C,30,10,115,breslow,5,0.0,0.0,0.3,,,,
C,30,10,115,breslow,5,0.0,0.0,0.5,,,,
C,30,10,115,breslow,5,0.0,0.0,0.95,,,,
C,30,10,115,breslow,5,0.0,0.5,0.3,,,,
C,30,10,115,breslow,5,0.0,0.5,0.5,,,,
C,30,10,115,breslow,5,0.0,0.5,0.95,,,,
C,30,10,115,breslow,5,0.0,1.0,0.3,,,,
C,30,10,115,breslow,5,0.0,1.0,0.5,,,,
C,30,10,115,breslow,5,0.0,1.0,0.95,,,,
C,30,10,115,breslow,5,0.1,0.0,0.3,7743.0492807998435,0.5457370382779281,38.6036152446429,51.44852650928997
C,30,10,115,breslow,5,0.1,0.0,0.5,7852.646213841646,0.5438336798771475,38.651007649706195,51.54960895048252
C,30,10,115,breslow,5,0.1,0.0,0.95,,,,
C,30,10,115,breslow,5,0.1,0.5,0.3,7742.950720361092,0.5455272856355952,38.613741826921384,51.45252100240314
C,30,10,115,breslow,5,0.1,0.5,0.5,7852.646213841646,0.5438336798771475,38.651007649706195,51.54960895048252
C,30,10,115,breslow,5,0.1,0.5,0.95,,,,
C,30,10,115,breslow,5,0.1,1.0,0.3,7742.950720361092,0.5455272856355952,38.613741826921384,51.45252100240314
C,30,10,115,breslow,5,0.1,1.0,0.5,7852.646213841646,0.5438336798771475,38.651007649706195,51.54960895048252
C,30,10,115,breslow,5,0.1,1.0,0.95,,,,
C,30,10,115,breslow,5,1.0,0.0,0.3,7742.950720361092,0.5455272856355952,38.613741826921384,51.45252100240314
C,30,10,115,breslow,5,1.0,0.0,0.5,7852.646213841646,0.5438336798771475,38.651007649706195,51.54960895048252
C,30,10,115,breslow,5,1.0,0.0,0.95,,,,
C,30,10,115,breslow,5,1.0,0.5,0.3,7742.950720361092,0.5455272856355952,38.613741826921384,51.45252100240314
C,30,10,115,breslow,5,1.0,0.5,0.5,7852.646213841646,0.5438336798771475,38.651007649706195,51.54960895048252
C,30,10,115,breslow,5,1.0,0.5,0.95,,,,
C,30,10,115,breslow,5,1.0,1.0,0.3,7742.950720361092,0.5455272856355952,38.613741826921384,51.45252100240314
C,30,10,115,breslow,5,1.0,1.0,0.5,7852.646213841646,0.5438336798771475,38.651007649706195,51.54960895048252
C,30,10,115,breslow,5,1.0,1.0,0.95,,,,
C,30,10,115,spline,3,0.0,0.0,0.3,,,,
C,30,10,115,spline,3,0.0,0.0,0.5,,,,
C,30,10,115,spline,3,0.0,0.0,0.95,,,,
C,30,10,115,spline,3,0.0,0.5,0.3,,,,
C,30,10,115,spline,3,0.0,0.5,0.5,,,,
C,30,10,115,spline,3,0.0,0.5,0.95,,,,
C,30,10,115,spline,3,0.0,1.0,0.3,,,,
C,30,10,115,spline,3,0.0,1.0,0.5,,,,
C,30,10,115,spline,3,0.0,1.0,0.95,,,,
C,30,10,115,spline,3,0.1,0.0,0.3,,,,
C,30,10,115,spline,3,0.1,0.0,0.5,,,,
C,30,10,115,spline,3,0.1,0.0,0.95,,,,
C,30,10,115,spline,3,0.1,0.5,0.3,,,,
C,30,10,115,spline,3,0.1,0.5,0.5,,,,
C,30,10,115,spline,3,0.1,0.5,0.95,,,,
C,30,10,115,spline,3,0.1,1.0,0.3,,,,
C,30,10,115,spline,3,0.1,1.0,0.5,,,,
C,30,10,115,spline,3,0.1,1.0,0.95,,,,
C,30,10,115,spline,3,1.0,0.0,0.3,,,,
C,30,10,115,spline,3,1.0,0.0,0.5,,,,
C,30,10,115,spline,3,1.0,0.0,0.95,,,,
C,30,10,115,spline,3,1.0,0.5,0.3,,,,
C,30,10,115,spline,3,1.0,0.5,0.5,,,,
C,30,10,115,spline,3,1.0,0.5,0.95,,,,
C,30,10,115,spline,3,1.0,1.0,0.3,,,,
C,30,10,115,spline,3,1.0,1.0,0.5,,,,
C,30,10,115,spline,3,1.0,1.0,0.95,,,,
C,30,10,115,spline,5,0.0,0.0,0.3,,,,
C,30,10,115,spline,5,0.0,0.0,0.5,,,,
C,30,10,115,spline,5,0.0,0.0,0.95,,,,
C,30,10,115,spline,5,0.0,0.5,0.3,,,,
C,30,10,115,spline,5,0.0,0.5,0.5,,,,
C,30,10,115,spline,5,0.0,0.5,0.95,,,,
C,30,10,115,spline,5,0.0,1.0,0.3,,,,
C,30,10,115,spline,5,0.0,1.0,0.5,,,,
C,30,10,115,spline,5,0.0,1.0,0.95,,,,
C,30,10,115,spline,5,0.1,0.0,0.3,,,,
C,30,10,115,spline,5,0.1,0.0,0.5,,,,
C,30,10,115,spline,5,0.1,0.0,0.95,,,,
C,30,10,115,spline,5,0.1,0.5,0.3,,,,
C,30,10,115,spline,5,0.1,0.5,0.5,,,,
C,30,10,115,spline,5,0.1,0.5,0.95,,,,
C,30,10,115,spline,5,0.1,1.0,0.3,,,,
C,30,10,115,spline,5,0.1,1.0,0.5,,,,
C,30,10,115,spline,5,0.1,1.0,0.95,,,,
C,30,10,115,spline,5,1.0,0.0,0.3,,,,
C,30,10,115,spline,5,1.0,0.0,0.5,,,,
C,30,10,115,spline,5,1.0,0.0,0.95,,,,
C,30,10,115,spline,5,1.0,0.5,0.3,,,,
C,30,10,115,spline,5,1.0,0.5,0.5,,,,
C,30,10,115,spline,5,1.0,0.5,0.95,,,,
C,30,10,115,spline,5,1.0,1.0,0.3,,,,
C,30,10,115,spline,5,1.0,1.0,0.5,,,,
C,30,10,115,spline,5,1.0,1.0,0.95,,,,
C,30,10,120,breslow,3,0.0,0.0,0.3,,,,
C,30,10,120,breslow,3,0.0,0.0,0.5,,,,
C,30,10,120,breslow,3,0.0,0.0,0.95,,,,
C,30,10,120,breslow,3,0.0,0.5,0.3,,,,
C,30,10,120,breslow,3,0.0,0.5,0.5,,,,
C,30,10,120,breslow,3,0.0,0.5,0.95,,,,
C,30,10,120,breslow,3,0.0,1.0,0.3,,,,
C,30,10,120,breslow,3,0.0,1.0,0.5,,,,
C,30,10,120,breslow,3,0.0,1.0,0.95,,,,
C,30,10,120,breslow,3,0.1,0.0,0.3,7742.657816627683,0.5443547669866058,36.624830905699426,51.17234638525675
C,30,10,120,breslow,3,0.1,0.0,0.5,7852.244890752654,0.5425205366442933,36.66634989304119,51.271459625474314
C,30,10,120,breslow,3,0.1,0.0,0.95,,,,
C,30,10,120,breslow,3,0.1,0.5,0.3,7742.562177002588,0.5441422279477907,36.63718533607917,51.177788892572245
C,30,10,120,breslow,3,0.1,0.5,0.5,7852.244890752654,0.5425205366442933,36.66634989304119,51.271459625474314
C,30,10,120,breslow,3,0.1,0.5,0.95,,,,
C,30,10,120,breslow,3,0.1,1.0,0.3,7742.562177002588,0.5441422279477907,36.63718533607917,51.177788892572245
C,30,10,120,breslow,3,0.1,1.0,0.5,7852.244890752654,0.5425205366442933,36.66634989304119,51.271459625474314
C,30,10,120,breslow,3,0.1,1.0,0.95,,,,
C,30,10,120,breslow,3,1.0,0.0,0.3,7742.562177002588,0.5441422279477907,36.63718533607917,51.177788892572245
C,30,10,120,breslow,3,1.0,0.0,0.5,7852.244890752654,0.5425205366442933,36.66634989304119,51.271459625474314
C,30,10,120,breslow,3,1.0,0.0,0.95,,,,
C,30,10,120,breslow,3,1.0,0.5,0.3,7742.562177002588,0.5441422279477907,36.63718533607917,51.177788892572245
C,30,10,120,breslow,3,1.0,0.5,0.5,7852.244890752654,0.5425205366442933,36.66634989304119,51.271459625474314
C,30,10,120,breslow,3,1.0,0.5,0.95,,,,
C,30,10,120,breslow,3,1.0,1.0,0.3,7742.562177002588,0.5441422279477907,36.63718533607917,51.177788892572245
C,30,10,120,breslow,3,1.0,1.0,0.5,7852.244890752654,0.5425205366442933,36.66634989304119,51.271459625474314
C,30,10,120,breslow,3,1.0,1.0,0.95,,,,
C,30,10,120,breslow,5,0.0,0.0,0.3,,,,
C,30,10,120,breslow,5,0.0,0.0,0.5,,,,
C,30,10,120,breslow,5,0.0,0.0,0.95,,,,
C,30,10,120,breslow,5,0.0,0.5,0.3,,,,
C,30,10,120,breslow,5,0.0,0.5,0.5,,,,
C,30,10,120,breslow,5,0.0,0.5,0.95,,,,
C,30,10,120,breslow,5,0.0,1.0,0.3,,,,
C,30,10,120,breslow,5,0.0,1.0,0.5,,,,
C,30,10,120,breslow,5,0.0,1.0,0.95,,,,
C,30,10,120,breslow,5,0.1,0.0,0.3,7742.657816627683,0.5443547669866058,36.624830905699426,51.17234638525675
C,30,10,120,breslow,5,0.1,0.0,0.5,7852.244890752654,0.5425205366442933,36.66634989304119,51.271459625474314
C,30,10,120,breslow,5,0.1,0.0,0.95,,,,
C,30,10,120,breslow,5,0.1,0.5,0.3,7742.562177002588,0.5441422279477907,36.63718533607917,51.177788892572245
C,30,10,120,breslow,5,0.1,0.5,0.5,7852.244890752654,0.5425205366442933,36.66634989304119,51.271459625474314
C,30,10,120,breslow,5,0.1,0.5,0.95,,,,
C,30,10,120,breslow,5,0.1,1.0,0.3,7742.562177002588,0.5441422279477907,36.63718533607917,51.177788892572245
C,30,10,120,breslow,5,0.1,1.0,0.5,7852.244890752654,0.5425205366442933,36.66634989304119,51.271459625474314
C,30,10,120,breslow,5,0.1,1.0,0.95,,,,
C,30,10,120,breslow,5,1.0,0.0,0.3,7742.562177002588,0.5441422279477907,36.63718533607917,51.177788892572245
C,30,10,120,breslow,5,1.0,0.0,0.5,7852.244890752654,0.5425205366442933,36.66634989304119,51.271459625474314
C,30,10,120,breslow,5,1.0,0.0,0.95,,,,
C,30,10,120,breslow,5,1.0,0.5,0.3,7742.562177002588,0.5441422279477907,36.63718533607917,51.177788892572245
C,30,10,120,breslow,5,1.0,0.5,0.5,7852.244890752654,0.5425205366442933,36.66634989304119,51.271459625474314
C,30,10,120,breslow,5,1.0,0.5,0.95,,,,
C,30,10,120,breslow,5,1.0,1.0,0.3,7742.562177002588,0.5441422279477907,36.63718533607917,51.177788892572245
C,30,10,120,breslow,5,1.0,1.0,0.5,7852.244890752654,0.5425205366442933,36.66634989304119,51.271459625474314
C,30,10,120,breslow,5,1.0,1.0,0.95,,,,
C,30,10,120,spline,3,0.0,0.0,0.3,,,,
C,30,10,120,spline,3,0.0,0.0,0.5,,,,
C,30,10,120,spline,3,0.0,0.0,0.95,,,,
C,30,10,120,spline,3,0.0,0.5,0.3,,,,
C,30,10,120,spline,3,0.0,0.5,0.5,,,,
C,30,10,120,spline,3,0.0,0.5,0.95,,,,
C,30,10,120,spline,3,0.0,1.0,0.3,,,,
C,30,10,120,spline,3,0.0,1.0,0.5,,,,
C,30,10,120,spline,3,0.0,1.0,0.95,,,,
C,30,10,120,spline,3,0.1,0.0,0.3,,,,
C,30,10,120,spline,3,0.1,0.0,0.5,,,,
C,30,10,120,spline,3,0.1,0.0,0.95,,,,
C,30,10,120,spline,3,0.1,0.5,0.3,,,,
C,30,10,120,spline,3,0.1,0.5,0.5,,,,
C,30,10,120,spline,3,0.1,0.5,0.95,,,,
C,30,10,120,spline,3,0.1,1.0,0.3,,,,
C,30,10,120,spline,3,0.1,1.0,0.5,,,,
C,30,10,120,spline,3,0.1,1.0,0.95,,,,
C,30,10,120,spline,3,1.0,0.0,0.3,,,,
C,30,10,120,spline,3,1.0,0.0,0.5,,,,
C,30,10,120,spline,3,1.0,0.0,0.95,,,,
C,30,10,120,spline,3,1.0,0.5,0.3,,,,
C,30,10,120,spline,3,1.0,0.5,0.5,,,,
C,30,10,120,spline,3,1.0,0.5,0.95,,,,
C,30,10,120,spline,3,1.0,1.0,0.3,,,,
C,30,10,120,spline,3,1.0,1.0,0.5,,,,
C,30,10,120,spline,3,1.0,1.0,0.95,,,,
C,30,10,120,spline,5,0.0,0.0,0.3,,,,
C,30,10,120,spline,5,0.0,0.0,0.5,,,,
C,30,10,120,spline,5,0.0,0.0,0.95,,,,
C,30,10,120,spline,5,0.0,0.5,0.3,,,,
C,30,10,120,spline,5,0.0,0.5,0.5,,,,
C,30,10,120,spline,5,0.0,0.5,0.95,,,,
C,30,10,120,spline,5,0.0,1.0,0.3,,,,
C,30,10,120,spline,5,0.0,1.0,0.5,,,,
C,30,10,120,spline,5,0.0,1.0,0.95,,,,
C,30,10,120,spline,5,0.1,0.0,0.3,,,,
C,30,10,120,spline,5,0.1,0.0,0.5,,,,
C,30,10,120,spline,5,0.1,0.0,0.95,,,,
C,30,10,120,spline,5,0.1,0.5,0.3,,,,
C,30,10,120,spline,5,0.1,0.5,0.5,,,,
C,30,10,120,spline,5,0.1,0.5,0.95,,,,
C,30,10,120,spline,5,0.1,1.0,0.3,,,,
C,30,10,120,spline,5,0.1,1.0,0.5,,,,
C,30,10,120,spline,5,0.1,1.0,0.95,,,,
C,30,10,120,spline,5,1.0,0.0,0.3,,,,
C,30,10,120,spline,5,1.0,0.0,0.5,,,,
C,30,10,120,spline,5,1.0,0.0,0.95,,,,
C,30,10,120,spline,5,1.0,0.5,0.3,,,,
C,30,10,120,spline,5,1.0,0.5,0.5,,,,
C,30,10,120,spline,5,1.0,0.5,0.95,,,,
C,30,10,120,spline,5,1.0,1.0,0.3,,,,
C,30,10,120,spline,5,1.0,1.0,0.5,,,,
C,30,10,120,spline,5,1.0,1.0,0.95,,,,
C,30,10,125,breslow,3,0.0,0.0,0.3,,,,
C,30,10,125,breslow,3,0.0,0.0,0.5,,,,
C,30,10,125,breslow,3,0.0,0.0,0.95,,,,
C,30,10,125,breslow,3,0.0,0.5,0.3,,,,
C,30,10,125,breslow,3,0.0,0.5,0.5,,,,
C,30,10,125,breslow,3,0.0,0.5,0.95,,,,
C,30,10,125,breslow,3,0.0,1.0,0.3,,,,
C,30,10,125,breslow,3,0.0,1.0,0.5,,,,
C,30,10,125,breslow,3,0.0,1.0,0.95,,,,
C,30,10,125,breslow,3,0.1,0.0,0.3,7742.463103767577,0.5431821428498121,34.80714737849949,51.101235243746245
C,30,10,125,breslow,3,0.1,0.0,0.5,7852.03916606796,0.5414133382478038,34.84299547976531,51.19821675670914
C,30,10,125,breslow,3,0.1,0.0,0.95,,,,
C,30,10,125,breslow,3,0.1,0.5,0.3,7742.3705255797395,0.5429677909707138,34.821932188626064,51.10801204130461
C,30,10,125,breslow,3,0.1,0.5,0.5,7852.03916606796,0.5414133382478038,34.84299547976531,51.19821675670914
C,30,10,125,breslow,3,0.1,0.5,0.95,,,,
C,30,10,125,breslow,3,0.1,1.0,0.3,7742.3705255797395,0.5429677909707138,34.821932188626064,51.10801204130461
C,30,10,125,breslow,3,0.1,1.0,0.5,7852.03916606796,0.5414133382478038,34.84299547976531,51.19821675670914
C,30,10,125,breslow,3,0.1,1.0,0.95,,,,
C,30,10,125,breslow,3,1.0,0.0,0.3,7742.3705255797395,0.5429677909707138,34.821932188626064,51.10801204130461
C,30,10,125,breslow,3,1.0,0.0,0.5,7852.03916606796,0.5414133382478038,34.84299547976531,51.19821675670914
C,30,10,125,breslow,3,1.0,0.0,0.95,,,,
C,30,10,125,breslow,3,1.0,0.5,0.3,7742.3705255797395,0.5429677909707138,34.821932188626064,51.10801204130461
C,30,10,125,breslow,3,1.0,0.5,0.5,7852.03916606796,0.5414133382478038,34.84299547976531,51.19821675670914
C,30,10,125,breslow,3,1.0,0.5,0.95,,,,
C,30,10,125,breslow,3,1.0,1.0,0.3,7742.3705255797395,0.5429677909707138,34.821932188626064,51.10801204130461
C,30,10,125,breslow,3,1.0,1.0,0.5,7852.03916606796,0.5414133382478038,34.84299547976531,51.19821675670914
C,30,10,125,breslow,3,1.0,1.0,0.95,,,,
C,30,10,125,breslow,5,0.0,0.0,0.3,,,,
C,30,10,125,breslow,5,0.0,0.0,0.5,,,,
C,30,10,125,breslow,5,0.0,0.0,0.95,,,,
C,30,10,125,breslow,5,0.0,0.5,0.3,,,,
C,30,10,125,breslow,5,0.0,0.5,0.5,,,,
C,30,10,125,breslow,5,0.0,0.5,0.95,,,,
C,30,10,125,breslow,5,0.0,1.0,0.3,,,,
C,30,10,125,breslow,5,0.0,1.0,0.5,,,,
C,30,10,125,breslow,5,0.0,1.0,0.95,,,,
C,30,10,125,breslow,5,0.1,0.0,0.3,7742.463103767577,0.5431821428498121,34.80714737849949,51.101235243746245
C,30,10,125,breslow,5,0.1,0.0,0.5,7852.03916606796,0.5414133382478038,34.84299547976531,51.19821675670914
C,30,10,125,breslow,5,0.1,0.0,0.95,,,,
C,30,10,125,breslow,5,0.1,0.5,0.3,7742.3705255797395,0.5429677909707138,34.821932188626064,51.10801204130461
C,30,10,125,breslow,5,0.1,0.5,0.5,7852.03916606796,0.5414133382478038,34.84299547976531,51.19821675670914
C,30,10,125,breslow,5,0.1,0.5,0.95,,,,
C,30,10,125,breslow,5,0.1,1.0,0.3,7742.3705255797395,0.5429677909707138,34.821932188626064,51.10801204130461
C,30,10,125,breslow,5,0.1,1.0,0.5,7852.03916606796,0.5414133382478038,34.84299547976531,51.19821675670914
C,30,10,125,breslow,5,0.1,1.0,0.95,,,,
C,30,10,125,breslow,5,1.0,0.0,0.3,7742.3705255797395,0.5429677909707138,34.821932188626064,51.10801204130461
C,30,10,125,breslow,5,1.0,0.0,0.5,7852.03916606796,0.5414133382478038,34.84299547976531,51.19821675670914
C,30,10,125,breslow,5,1.0,0.0,0.95,,,,
C,30,10,125,breslow,5,1.0,0.5,0.3,7742.3705255797395,0.5429677909707138,34.821932188626064,51.10801204130461
C,30,10,125,breslow,5,1.0,0.5,0.5,7852.03916606796,0.5414133382478038,34.84299547976531,51.19821675670914
C,30,10,125,breslow,5,1.0,0.5,0.95,,,,
C,30,10,125,breslow,5,1.0,1.0,0.3,7742.3705255797395,0.5429677909707138,34.821932188626064,51.10801204130461
C,30,10,125,breslow,5,1.0,1.0,0.5,7852.03916606796,0.5414133382478038,34.84299547976531,51.19821675670914
C,30,10,125,breslow,5,1.0,1.0,0.95,,,,
C,30,10,125,spline,3,0.0,0.0,0.3,,,,
C,30,10,125,spline,3,0.0,0.0,0.5,,,,
C,30,10,125,spline,3,0.0,0.0,0.95,,,,
C,30,10,125,spline,3,0.0,0.5,0.3,,,,
C,30,10,125,spline,3,0.0,0.5,0.5,,,,
C,30,10,125,spline,3,0.0,0.5,0.95,,,,
C,30,10,125,spline,3,0.0,1.0,0.3,,,,
C,30,10,125,spline,3,0.0,1.0,0.5,,,,
C,30,10,125,spline,3,0.0,1.0,0.95,,,,
C,30,10,125,spline,3,0.1,0.0,0.3,,,,
C,30,10,125,spline,3,0.1,0.0,0.5,,,,
C,30,10,125,spline,3,0.1,0.0,0.95,,,,
C,30,10,125,spline,3,0.1,0.5,0.3,,,,
C,30,10,125,spline,3,0.1,0.5,0.5,,,,
C,30,10,125,spline,3,0.1,0.5,0.95,,,,
C,30,10,125,spline,3,0.1,1.0,0.3,,,,
C,30,10,125,spline,3,0.1,1.0,0.5,,,,
C,30,10,125,spline,3,0.1,1.0,0.95,,,,
C,30,10,125,spline,3,1.0,0.0,0.3,,,,
C,30,10,125,spline,3,1.0,0.0,0.5,,,,
C,30,10,125,spline,3,1.0,0.0,0.95,,,,
C,30,10,125,spline,3,1.0,0.5,0.3,,,,
C,30,10,125,spline,3,1.0,0.5,0.5,,,,
C,30,10,125,spline,3,1.0,0.5,0.95,,,,
C,30,10,125,spline,3,1.0,1.0,0.3,,,,
C,30,10,125,spline,3,1.0,1.0,0.5,,,,
C,30,10,125,spline,3,1.0,1.0,0.95,,,,
C,30,10,125,spline,5,0.0,0.0,0.3,,,,
C,30,10,125,spline,5,0.0,0.0,0.5,,,,
C,30,10,125,spline,5,0.0,0.0,0.95,,,,
C,30,10,125,spline,5,0.0,0.5,0.3,,,,
C,30,10,125,spline,5,0.0,0.5,0.5,,,,
C,30,10,125,spline,5,0.0,0.5,0.95,,,,
C,30,10,125,spline,5,0.0,1.0,0.3,,,,
C,30,10,125,spline,5,0.0,1.0,0.5,,,,
C,30,10,125,spline,5,0.0,1.0,0.95,,,,
C,30,10,125,spline,5,0.1,0.0,0.3,,,,
C,30,10,125,spline,5,0.1,0.0,0.5,,,,
C,30,10,125,spline,5,0.1,0.0,0.95,,,,
C,30,10,125,spline,5,0.1,0.5,0.3,,,,
C,30,10,125,spline,5,0.1,0.5,0.5,,,,
C,30,10,125,spline,5,0.1,0.5,0.95,,,,
C,30,10,125,spline,5,0.1,1.0,0.3,,,,
C,30,10,125,spline,5,0.1,1.0,0.5,,,,
C,30,10,125,spline,5,0.1,1.0,0.95,,,,
C,30,10,125,spline,5,1.0,0.0,0.3,,,,
C,30,10,125,spline,5,1.0,0.0,0.5,,,,
C,30,10,125,spline,5,1.0,0.0,0.95,,,,
C,30,10,125,spline,5,1.0,0.5,0.3,,,,
C,30,10,125,spline,5,1.0,0.5,0.5,,,,
C,30,10,125,spline,5,1.0,0.5,0.95,,,,
C,30,10,125,spline,5,1.0,1.0,0.3,,,,
C,30,10,125,spline,5,1.0,1.0,0.5,,,,
C,30,10,125,spline,5,1.0,1.0,0.95,,,,
C,30,15,115,breslow,3,0.0,0.0,0.3,,,,
C,30,15,115,breslow,3,0.0,0.0,0.5,,,,
C,30,15,115,breslow,3,0.0,0.0,0.95,,,,
C,30,15,115,breslow,3,0.0,0.5,0.3,,,,
C,30,15,115,breslow,3,0.0,0.5,0.5,,,,
C,30,15,115,breslow,3,0.0,0.5,0.95,,,,
C,30,15,115,breslow,3,0.0,1.0,0.3,,,,
C,30,15,115,breslow,3,0.0,1.0,0.5,,,,
C,30,15,115,breslow,3,0.0,1.0,0.95,,,,
C,30,15,115,breslow,3,0.1,0.0,0.3,7742.97450965944,0.5456746843837387,38.60928613071885,51.450731609769015
C,30,15,115,breslow,3,0.1,0.0,0.5,7852.646213841646,0.5438336798771475,38.651007649706195,51.54960895048252
C,30,15,115,breslow,3,0.1,0.0,0.95,,,,
C,30,15,115,breslow,3,0.1,0.5,0.3,7742.950720361092,0.5455272856355952,38.613741826921384,51.45252100240314
C,30,15,115,breslow,3,0.1,0.5,0.5,7852.646213841646,0.5438336798771475,38.651007649706195,51.54960895048252
C,30,15,115,breslow,3,0.1,0.5,0.95,,,,
C,30,15,115,breslow,3,0.1,1.0,0.3,7742.950720361092,0.5455272856355952,38.613741826921384,51.45252100240314
C,30,15,115,breslow,3,0.1,1.0,0.5,7852.646213841646,0.5438336798771475,38.651007649706195,51.54960895048252
C,30,15,115,breslow,3,0.1,1.0,0.95,,,,
C,30,15,115,breslow,3,1.0,0.0,0.3,7742.950720361092,0.5455272856355952,38.613741826921384,51.45252100240314
C,30,15,115,breslow,3,1.0,0.0,0.5,7852.646213841646,0.5438336798771475,38.651007649706195,51.54960895048252
C,30,15,115,breslow,3,1.0,0.0,0.95,,,,
C,30,15,115,breslow,3,1.0,0.5,0.3,7742.950720361092,0.5455272856355952,38.613741826921384,51.45252100240314
C,30,15,115,breslow,3,1.0,0.5,0.5,7852.646213841646,0.5438336798771475,38.651007649706195,51.54960895048252
C,30,15,115,breslow,3,1.0,0.5,0.95,,,,
C,30,15,115,breslow,3,1.0,1.0,0.3,7742.950720361092,0.5455272856355952,38.613741826921384,51.45252100240314
C,30,15,115,breslow,3,1.0,1.0,0.5,7852.646213841646,0.5438336798771475,38.651007649706195,51.54960895048252
C,30,15,115,breslow,3,1.0,1.0,0.95,,,,
C,30,15,115,breslow,5,0.0,0.0,0.3,,,,
C,30,15,115,breslow,5,0.0,0.0,0.5,,,,
C,30,15,115,breslow,5,0.0,0.0,0.95,,,,
C,30,15,115,breslow,5,0.0,0.5,0.3,,,,
C,30,15,115,breslow,5,0.0,0.5,0.5,,,,
C,30,15,115,breslow,5,0.0,0.5,0.95,,,,
C,30,15,115,breslow,5,0.0,1.0,0.3,,,,
C,30,15,115,breslow,5,0.0,1.0,0.5,,,,
C,30,15,115,breslow,5,0.0,1.0,0.95,,,,
C,30,15,115,breslow,5,0.1,0.0,0.3,7742.97450965944,0.5456746843837387,38.60928613071885,51.450731609769015
C,30,15,115,breslow,5,0.1,0.0,0.5,7852.646213841646,0.5438336798771475,38.651007649706195,51.54960895048252
C,30,15,115,breslow,5,0.1,0.0,0.95,,,,
C,30,15,115,breslow,5,0.1,0.5,0.3,7742.950720361092,0.5455272856355952,38.613741826921384,51.45252100240314
C,30,15,115,breslow,5,0.1,0.5,0.5,7852.646213841646,0.5438336798771475,38.651007649706195,51.54960895048252
C,30,15,115,breslow,5,0.1,0.5,0.95,,,,
C,30,15,115,breslow,5,0.1,1.0,0.3,7742.950720361092,0.5455272856355952,38.613741826921384,51.45252100240314
C,30,15,115,breslow,5,0.1,1.0,0.5,7852.646213841646,0.5438336798771475,38.651007649706195,51.54960895048252
C,30,15,115,breslow,5,0.1,1.0,0.95,,,,
C,30,15,115,breslow,5,1.0,0.0,0.3,7742.950720361092,0.5455272856355952,38.613741826921384,51.45252100240314
C,30,15,115,breslow,5,1.0,0.0,0.5,7852.646213841646,0.5438336798771475,38.651007649706195,51.54960895048252
C,30,15,115,breslow,5,1.0,0.0,0.95,,,,
C,30,15,115,breslow,5,1.0,0.5,0.3,7742.950720361092,0.5455272856355952,38.613741826921384,51.45252100240314
C,30,15,115,breslow,5,1.0,0.5,0.5,7852.646213841646,0.5438336798771475,38.651007649706195,51.54960895048252
C,30,15,115,breslow,5,1.0,0.5,0.95,,,,
C,30,15,115,breslow,5,1.0,1.0,0.3,7742.950720361092,0.5455272856355952,38.613741826921384,51.45252100240314
C,30,15,115,breslow,5,1.0,1.0,0.5,7852.646213841646,0.5438336798771475,38.651007649706195,51.54960895048252
C,30,15,115,breslow,5,1.0,1.0,0.95,,,,
C,30,15,115,spline,3,0.0,0.0,0.3,,,,
C,30,15,115,spline,3,0.0,0.0,0.5,,,,
C,30,15,115,spline,3,0.0,0.0,0.95,,,,
C,30,15,115,spline,3,0.0,0.5,0.3,,,,
C,30,15,115,spline,3,0.0,0.5,0.5,,,,
C,30,15,115,spline,3,0.0,0.5,0.95,,,,
C,30,15,115,spline,3,0.0,1.0,0.3,,,,
C,30,15,115,spline,3,0.0,1.0,0.5,,,,
C,30,15,115,spline,3,0.0,1.0,0.95,,,,
C,30,15,115,spline,3,0.1,0.0,0.3,,,,
C,30,15,115,spline,3,0.1,0.0,0.5,,,,
C,30,15,115,spline,3,0.1,0.0,0.95,,,,
C,30,15,115,spline,3,0.1,0.5,0.3,,,,
C,30,15,115,spline,3,0.1,0.5,0.5,,,,
C,30,15,115,spline,3,0.1,0.5,0.95,,,,
C,30,15,115,spline,3,0.1,1.0,0.3,,,,
C,30,15,115,spline,3,0.1,1.0,0.5,,,,
C,30,15,115,spline,3,0.1,1.0,0.95,,,,
C,30,15,115,spline,3,1.0,0.0,0.3,,,,
C,30,15,115,spline,3,1.0,0.0,0.5,,,,
C,30,15,115,spline,3,1.0,0.0,0.95,,,,
C,30,15,115,spline,3,1.0,0.5,0.3,,,,
C,30,15,115,spline,3,1.0,0.5,0.5,,,,
C,30,15,115,spline,3,1.0,0.5,0.95,,,,
C,30,15,115,spline,3,1.0,1.0,0.3,,,,
C,30,15,115,spline,3,1.0,1.0,0.5,,,,
C,30,15,115,spline,3,1.0,1.0,0.95,,,,
C,30,15,115,spline,5,0.0,0.0,0.3,,,,
C,30,15,115,spline,5,0.0,0.0,0.5,,,,
C,30,15,115,spline,5,0.0,0.0,0.95,,,,
C,30,15,115,spline,5,0.0,0.5,0.3,,,,
C,30,15,115,spline,5,0.0,0.5,0.5,,,,
C,30,15,115,spline,5,0.0,0.5,0.95,,,,
C,30,15,115,spline,5,0.0,1.0,0.3,,,,
C,30,15,115,spline,5,0.0,1.0,0.5,,,,
C,30,15,115,spline,5,0.0,1.0,0.95,,,,
C,30,15,115,spline,5,0.1,0.0,0.3,,,,
C,30,15,115,spline,5,0.1,0.0,0.5,,,,
C,30,15,115,spline,5,0.1,0.0,0.95,,,,
C,30,15,115,spline,5,0.1,0.5,0.3,,,,
C,30,15,115,spline,5,0.1,0.5,0.5,,,,
C,30,15,115,spline,5,0.1,0.5,0.95,,,,
C,30,15,115,spline,5,0.1,1.0,0.3,,,,
C,30,15,115,spline,5,0.1,1.0,0.5,,,,
C,30,15,115,spline,5,0.1,1.0,0.95,,,,
C,30,15,115,spline,5,1.0,0.0,0.3,,,,
C,30,15,115,spline,5,1.0,0.0,0.5,,,,
C,30,15,115,spline,5,1.0,0.0,0.95,,,,
C,30,15,115,spline,5,1.0,0.5,0.3,,,,
C,30,15,115,spline,5,1.0,0.5,0.5,,,,
C,30,15,115,spline,5,1.0,0.5,0.95,,,,
C,30,15,115,spline,5,1.0,1.0,0.3,,,,
C,30,15,115,spline,5,1.0,1.0,0.5,,,,
C,30,15,115,spline,5,1.0,1.0,0.95,,,,
C,30,15,120,breslow,3,0.0,0.0,0.3,,,,
C,30,15,120,breslow,3,0.0,0.0,0.5,,,,
C,30,15,120,breslow,3,0.0,0.0,0.95,,,,
C,30,15,120,breslow,3,0.0,0.5,0.3,,,,
C,30,15,120,breslow,3,0.0,0.5,0.5,,,,
C,30,15,120,breslow,3,0.0,0.5,0.95,,,,
C,30,15,120,breslow,3,0.0,1.0,0.3,,,,
C,30,15,120,breslow,3,0.0,1.0,0.5,,,,
C,30,15,120,breslow,3,0.0,1.0,0.95,,,,
C,30,15,120,breslow,3,0.1,0.0,0.3,7742.583989898114,0.544292709604513,36.631311918357646,51.17521752786047
C,30,15,120,breslow,3,0.1,0.0,0.5,7852.244890752654,0.5425205366442933,36.66634989304119,51.271459625474314
C,30,15,120,breslow,3,0.1,0.0,0.95,,,,
C,30,15,120,breslow,3,0.1,0.5,0.3,7742.562177002588,0.5441422279477907,36.63718533607917,51.177788892572245
C,30,15,120,breslow,3,0.1,0.5,0.5,7852.244890752654,0.5425205366442933,36.66634989304119,51.271459625474314
C,30,15,120,breslow,3,0.1,0.5,0.95,,,,
C,30,15,120,breslow,3,0.1,1.0,0.3,7742.562177002588,0.5441422279477907,36.63718533607917,51.177788892572245
C,30,15,120,breslow,3,0.1,1.0,0.5,7852.244890752654,0.5425205366442933,36.66634989304119,51.271459625474314
C,30,15,120,breslow,3,0.1,1.0,0.95,,,,
C,30,15,120,breslow,3,1.0,0.0,0.3,7742.562177002588,0.5441422279477907,36.63718533607917,51.177788892572245
C,30,15,120,breslow,3,1.0,0.0,0.5,7852.244890752654,0.5425205366442933,36.66634989304119,51.271459625474314
C,30,15,120,breslow,3,1.0,0.0,0.95,,,,
C,30,15,120,breslow,3,1.0,0.5,0.3,7742.562177002588,0.5441422279477907,36.63718533607917,51.177788892572245
C,30,15,120,breslow,3,1.0,0.5,0.5,7852.244890752654,0.5425205366442933,36.66634989304119,51.271459625474314
C,30,15,120,breslow,3,1.0,0.5,0.95,,,,
C,30,15,120,breslow,3,1.0,1.0,0.3,7742.562177002588,0.5441422279477907,36.63718533607917,51.177788892572245
C,30,15,120,breslow,3,1.0,1.0,0.5,7852.244890752654,0.5425205366442933,36.66634989304119,51.271459625474314
C,30,15,120,breslow,3,1.0,1.0,0.95,,,,
C,30,15,120,breslow,5,0.0,0.0,0.3,,,,
C,30,15,120,breslow,5,0.0,0.0,0.5,,,,
C,30,15,120,breslow,5,0.0,0.0,0.95,,,,
C,30,15,120,breslow,5,0.0,0.5,0.3,,,,
C,30,15,120,breslow,5,0.0,0.5,0.5,,,,
C,30,15,120,breslow,5,0.0,0.5,0.95,,,,
C,30,15,120,breslow,5,0.0,1.0,0.3,,,,
C,30,15,120,breslow,5,0.0,1.0,0.5,,,,
C,30,15,120,breslow,5,0.0,1.0,0.95,,,,
C,30,15,120,breslow,5,0.1,0.0,0.3,7742.583989898114,0.544292709604513,36.631311918357646,51.17521752786047
C,30,15,120,breslow,5,0.1,0.0,0.5,7852.244890752654,0.5425205366442933,36.66634989304119,51.271459625474314
C,30,15,120,breslow,5,0.1,0.0,0.95,,,,
C,30,15,120,breslow,5,0.1,0.5,0.3,7742.562177002588,0.5441422279477907,36.63718533607917,51.177788892572245
C,30,15,120,breslow,5,0.1,0.5,0.5,7852.244890752654,0.5425205366442933,36.66634989304119,51.271459625474314
C,30,15,120,breslow,5,0.1,0.5,0.95,,,,
C,30,15,120,breslow,5,0.1,1.0,0.3,7742.562177002588,0.5441422279477907,36.63718533607917,51.177788892572245
C,30,15,120,breslow,5,0.1,1.0,0.5,7852.244890752654,0.5425205366442933,36.66634989304119,51.271459625474314
C,30,15,120,breslow,5,0.1,1.0,0.95,,,,
C,30,15,120,breslow,5,1.0,0.0,0.3,7742.562177002588,0.5441422279477907,36.63718533607917,51.177788892572245
C,30,15,120,breslow,5,1.0,0.0,0.5,7852.244890752654,0.5425205366442933,36.66634989304119,51.271459625474314
C,30,15,120,breslow,5,1.0,0.0,0.95,,,,
C,30,15,120,breslow,5,1.0,0.5,0.3,7742.562177002588,0.5441422279477907,36.63718533607917,51.177788892572245
C,30,15,120,breslow,5,1.0,0.5,0.5,7852.244890752654,0.5425205366442933,36.66634989304119,51.271459625474314
C,30,15,120,breslow,5,1.0,0.5,0.95,,,,
C,30,15,120,breslow,5,1.0,1.0,0.3,7742.562177002588,0.5441422279477907,36.63718533607917,51.177788892572245
C,30,15,120,breslow,5,1.0,1.0,0.5,7852.244890752654,0.5425205366442933,36.66634989304119,51.271459625474314
C,30,15,120,breslow,5,1.0,1.0,0.95,,,,
C,30,15,120,spline,3,0.0,0.0,0.3,,,,
C,30,15,120,spline,3,0.0,0.0,0.5,,,,
C,30,15,120,spline,3,0.0,0.0,0.95,,,,
C,30,15,120,spline,3,0.0,0.5,0.3,,,,
C,30,15,120,spline,3,0.0,0.5,0.5,,,,
C,30,15,120,spline,3,0.0,0.5,0.95,,,,
C,30,15,120,spline,3,0.0,1.0,0.3,,,,
C,30,15,120,spline,3,0.0,1.0,0.5,,,,
C,30,15,120,spline,3,0.0,1.0,0.95,,,,
C,30,15,120,spline,3,0.1,0.0,0.3,,,,
C,30,15,120,spline,3,0.1,0.0,0.5,,,,
C,30,15,120,spline,3,0.1,0.0,0.95,,,,
C,30,15,120,spline,3,0.1,0.5,0.3,,,,
C,30,15,120,spline,3,0.1,0.5,0.5,,,,
C,30,15,120,spline,3,0.1,0.5,0.95,,,,
C,30,15,120,spline,3,0.1,1.0,0.3,,,,
C,30,15,120,spline,3,0.1,1.0,0.5,,,,
C,30,15,120,spline,3,0.1,1.0,0.95,,,,
C,30,15,120,spline,3,1.0,0.0,0.3,,,,
C,30,15,120,spline,3,1.0,0.0,0.5,,,,
C,30,15,120,spline,3,1.0,0.0,0.95,,,,
C,30,15,120,spline,3,1.0,0.5,0.3,,,,
C,30,15,120,spline,3,1.0,0.5,0.5,,,,
C,30,15,120,spline,3,1.0,0.5,0.95,,,,
C,30,15,120,spline,3,1.0,1.0,0.3,,,,
C,30,15,120,spline,3,1.0,1.0,0.5,,,,
C,30,15,120,spline,3,1.0,1.0,0.95,,,,
C,30,15,120,spline,5,0.0,0.0,0.3,,,,
C,30,15,120,spline,5,0.0,0.0,0.5,,,,
C,30,15,120,spline,5,0.0,0.0,0.95,,,,
C,30,15,120,spline,5,0.0,0.5,0.3,,,,
C,30,15,120,spline,5,0.0,0.5,0.5,,,,
C,30,15,120,spline,5,0.0,0.5,0.95,,,,
C,30,15,120,spline,5,0.0,1.0,0.3,,,,
C,30,15,120,spline,5,0.0,1.0,0.5,,,,
C,30,15,120,spline,5,0.0,1.0,0.95,,,,
C,30,15,120,spline,5,0.1,0.0,0.3,,,,
C,30,15,120,spline,5,0.1,0.0,0.5,,,,
C,30,15,120,spline,5,0.1,0.0,0.95,,,,
C,30,15,120,spline,5,0.1,0.5,0.3,,,,
C,30,15,120,spline,5,0.1,0.5,0.5,,,,
C,30,15,120,spline,5,0.1,0.5,0.95,,,,
C,30,15,120,spline,5,0.1,1.0,0.3,,,,
C,30,15,120,spline,5,0.1,1.0,0.5,,,,
C,30,15,120,spline,5,0.1,1.0,0.95,,,,
C,30,15,120,spline,5,1.0,0.0,0.3,,,,
C,30,15,120,spline,5,1.0,0.0,0.5,,,,
C,30,15,120,spline,5,1.0,0.0,0.95,,,,
C,30,15,120,spline,5,1.0,0.5,0.3,,,,
C,30,15,120,spline,5,1.0,0.5,0.5,,,,
C,30,15,120,spline,5,1.0,0.5,0.95,,,,
C,30,15,120,spline,5,1.0,1.0,0.3,,,,
C,30,15,120,spline,5,1.0,1.0,0.5,,,,
C,30,15,120,spline,5,1.0,1.0,0.95,,,,
C,30,15,125,breslow,3,0.0,0.0,0.3,,,,
C,30,15,125,breslow,3,0.0,0.0,0.5,,,,
C,30,15,125,breslow,3,0.0,0.0,0.95,,,,
C,30,15,125,breslow,3,0.0,0.5,0.3,,,,
C,30,15,125,breslow,3,0.0,0.5,0.5,,,,
C,30,15,125,breslow,3,0.0,0.5,0.95,,,,
C,30,15,125,breslow,3,0.0,1.0,0.3,,,,
C,30,15,125,breslow,3,0.0,1.0,0.5,,,,
C,30,15,125,breslow,3,0.0,1.0,0.95,,,,
C,30,15,125,breslow,3,0.1,0.0,0.3,7742.390308725085,0.5431201212916619,34.81433725191721,51.1047392059474
C,30,15,125,breslow,3,0.1,0.0,0.5,7852.03916606796,0.5414133382478038,34.84299547976531,51.19821675670914
C,30,15,125,breslow,3,0.1,0.0,0.95,,,,
C,30,15,125,breslow,3,0.1,0.5,0.3,7742.3705255797395,0.5429677909707138,34.821932188626064,51.10801204130461
C,30,15,125,breslow,3,0.1,0.5,0.5,7852.03916606796,0.5414133382478038,34.84299547976531,51.19821675670914
C,30,15,125,breslow,3,0.1,0.5,0.95,,,,
C,30,15,125,breslow,3,0.1,1.0,0.3,7742.3705255797395,0.5429677909707138,34.821932188626064,51.10801204130461
C,30,15,125,breslow,3,0.1,1.0,0.5,7852.03916606796,0.5414133382478038,34.84299547976531,51.19821675670914
C,30,15,125,breslow,3,0.1,1.0,0.95,,,,
C,30,15,125,breslow,3,1.0,0.0,0.3,7742.3705255797395,0.5429677909707138,34.821932188626064,51.10801204130461
C,30,15,125,breslow,3,1.0,0.0,0.5,7852.03916606796,0.5414133382478038,34.84299547976531,51.19821675670914
C,30,15,125,breslow,3,1.0,0.0,0.95,,,,
C,30,15,125,breslow,3,1.0,0.5,0.3,7742.3705255797395,0.5429677909707138,34.821932188626064,51.10801204130461
C,30,15,125,breslow,3,1.0,0.5,0.5,7852.03916606796,0.5414133382478038,34.84299547976531,51.19821675670914
C,30,15,125,breslow,3,1.0,0.5,0.95,,,,
C,30,15,125,breslow,3,1.0,1.0,0.3,7742.3705255797395,0.5429677909707138,34.821932188626064,51.10801204130461
C,30,15,125,breslow,3,1.0,1.0,0.5,7852.03916606796,0.5414133382478038,34.84299547976531,51.19821675670914
C,30,15,125,breslow,3,1.0,1.0,0.95,,,,
C,30,15,125,breslow,5,0.0,0.0,0.3,,,,
C,30,15,125,breslow,5,0.0,0.0,0.5,,,,
C,30,15,125,breslow,5,0.0,0.0,0.95,,,,
C,30,15,125,breslow,5,0.0,0.5,0.3,,,,
C,30,15,125,breslow,5,0.0,0.5,0.5,,,,
C,30,15,125,breslow,5,0.0,0.5,0.95,,,,
C,30,15,125,breslow,5,0.0,1.0,0.3,,,,
C,30,15,125,breslow,5,0.0,1.0,0.5,,,,
C,30,15,125,breslow,5,0.0,1.0,0.95,,,,
C,30,15,125,breslow,5,0.1,0.0,0.3,7742.390308725085,0.5431201212916619,34.81433725191721,51.1047392059474
C,30,15,125,breslow,5,0.1,0.0,0.5,7852.03916606796,0.5414133382478038,34.84299547976531,51.19821675670914
C,30,15,125,breslow,5,0.1,0.0,0.95,,,,
C,30,15,125,breslow,5,0.1,0.5,0.3,7742.3705255797395,0.5429677909707138,34.821932188626064,51.10801204130461
C,30,15,125,breslow,5,0.1,0.5,0.5,7852.03916606796,0.5414133382478038,34.84299547976531,51.19821675670914
C,30,15,125,breslow,5,0.1,0.5,0.95,,,,
C,30,15,125,breslow,5,0.1,1.0,0.3,7742.3705255797395,0.5429677909707138,34.821932188626064,51.10801204130461
C,30,15,125,breslow,5,0.1,1.0,0.5,7852.03916606796,0.5414133382478038,34.84299547976531,51.19821675670914
C,30,15,125,breslow,5,0.1,1.0,0.95,,,,
C,30,15,125,breslow,5,1.0,0.0,0.3,7742.3705255797395,0.5429677909707138,34.821932188626064,51.10801204130461
C,30,15,125,breslow,5,1.0,0.0,0.5,7852.03916606796,0.5414133382478038,34.84299547976531,51.19821675670914
C,30,15,125,breslow,5,1.0,0.0,0.95,,,,
C,30,15,125,breslow,5,1.0,0.5,0.3,7742.3705255797395,0.5429677909707138,34.821932188626064,51.10801204130461
C,30,15,125,breslow,5,1.0,0.5,0.5,7852.03916606796,0.5414133382478038,34.84299547976531,51.19821675670914
C,30,15,125,breslow,5,1.0,0.5,0.95,,,,
C,30,15,125,breslow,5,1.0,1.0,0.3,7742.3705255797395,0.5429677909707138,34.821932188626064,51.10801204130461
C,30,15,125,breslow,5,1.0,1.0,0.5,7852.03916606796,0.5414133382478038,34.84299547976531,51.19821675670914
C,30,15,125,breslow,5,1.0,1.0,0.95,,,,
C,30,15,125,spline,3,0.0,0.0,0.3,,,,
C,30,15,125,spline,3,0.0,0.0,0.5,,,,
C,30,15,125,spline,3,0.0,0.0,0.95,,,,
C,30,15,125,spline,3,0.0,0.5,0.3,,,,
C,30,15,125,spline,3,0.0,0.5,0.5,,,,
C,30,15,125,spline,3,0.0,0.5,0.95,,,,
C,30,15,125,spline,3,0.0,1.0,0.3,,,,
C,30,15,125,spline,3,0.0,1.0,0.5,,,,
C,30,15,125,spline,3,0.0,1.0,0.95,,,,
C,30,15,125,spline,3,0.1,0.0,0.3,,,,
C,30,15,125,spline,3,0.1,0.0,0.5,,,,
C,30,15,125,spline,3,0.1,0.0,0.95,,,,
C,30,15,125,spline,3,0.1,0.5,0.3,,,,
C,30,15,125,spline,3,0.1,0.5,0.5,,,,
C,30,15,125,spline,3,0.1,0.5,0.95,,,,
C,30,15,125,spline,3,0.1,1.0,0.3,,,,
C,30,15,125,spline,3,0.1,1.0,0.5,,,,
C,30,15,125,spline,3,0.1,1.0,0.95,,,,
C,30,15,125,spline,3,1.0,0.0,0.3,,,,
C,30,15,125,spline,3,1.0,0.0,0.5,,,,
C,30,15,125,spline,3,1.0,0.0,0.95,,,,
C,30,15,125,spline,3,1.0,0.5,0.3,,,,
C,30,15,125,spline,3,1.0,0.5,0.5,,,,
C,30,15,125,spline,3,1.0,0.5,0.95,,,,
C,30,15,125,spline,3,1.0,1.0,0.3,,,,
C,30,15,125,spline,3,1.0,1.0,0.5,,,,
C,30,15,125,spline,3,1.0,1.0,0.95,,,,
C,30,15,125,spline,5,0.0,0.0,0.3,,,,
C,30,15,125,spline,5,0.0,0.0,0.5,,,,
C,30,15,125,spline,5,0.0,0.0,0.95,,,,
C,30,15,125,spline,5,0.0,0.5,0.3,,,,
C,30,15,125,spline,5,0.0,0.5,0.5,,,,
C,30,15,125,spline,5,0.0,0.5,0.95,,,,
C,30,15,125,spline,5,0.0,1.0,0.3,,,,
C,30,15,125,spline,5,0.0,1.0,0.5,,,,
C,30,15,125,spline,5,0.0,1.0,0.95,,,,
C,30,15,125,spline,5,0.1,0.0,0.3,,,,
C,30,15,125,spline,5,0.1,0.0,0.5,,,,
C,30,15,125,spline,5,0.1,0.0,0.95,,,,
C,30,15,125,spline,5,0.1,0.5,0.3,,,,
C,30,15,125,spline,5,0.1,0.5,0.5,,,,
C,30,15,125,spline,5,0.1,0.5,0.95,,,,
C,30,15,125,spline,5,0.1,1.0,0.3,,,,
C,30,15,125,spline,5,0.1,1.0,0.5,,,,
C,30,15,125,spline,5,0.1,1.0,0.95,,,,
C,30,15,125,spline,5,1.0,0.0,0.3,,,,
C,30,15,125,spline,5,1.0,0.0,0.5,,,,
C,30,15,125,spline,5,1.0,0.0,0.95,,,,
C,30,15,125,spline,5,1.0,0.5,0.3,,,,
C,30,15,125,spline,5,1.0,0.5,0.5,,,,
C,30,15,125,spline,5,1.0,0.5,0.95,,,,
C,30,15,125,spline,5,1.0,1.0,0.3,,,,
C,30,15,125,spline,5,1.0,1.0,0.5,,,,
C,30,15,125,spline,5,1.0,1.0,0.95,,,,
C,30,20,115,breslow,3,0.0,0.0,0.3,,,,
C,30,20,115,breslow,3,0.0,0.0,0.5,,,,
C,30,20,115,breslow,3,0.0,0.0,0.95,,,,
C,30,20,115,breslow,3,0.0,0.5,0.3,,,,
C,30,20,115,breslow,3,0.0,0.5,0.5,,,,
C,30,20,115,breslow,3,0.0,0.5,0.95,,,,
C,30,20,115,breslow,3,0.0,1.0,0.3,,,,
C,30,20,115,breslow,3,0.0,1.0,0.5,,,,
C,30,20,115,breslow,3,0.0,1.0,0.95,,,,
C,30,20,115,breslow,3,0.1,0.0,0.3,7742.96791001085,0.5455463848877338,38.60979245983278,51.450746766892394
C,30,20,115,breslow,3,0.1,0.0,0.5,7852.646213841646,0.5438336798771475,38.651007649706195,51.54960895048252
C,30,20,115,breslow,3,0.1,0.0,0.95,,,,
C,30,20,115,breslow,3,0.1,0.5,0.3,7742.950720361092,0.5455272856355952,38.613741826921384,51.45252100240314
C,30,20,115,breslow,3,0.1,0.5,0.5,7852.646213841646,0.5438336798771475,38.651007649706195,51.54960895048252
C,30,20,115,breslow,3,0.1,0.5,0.95,,,,
C,30,20,115,breslow,3,0.1,1.0,0.3,7742.950720361092,0.5455272856355952,38.613741826921384,51.45252100240314
C,30,20,115,breslow,3,0.1,1.0,0.5,7852.646213841646,0.5438336798771475,38.651007649706195,51.54960895048252
C,30,20,115,breslow,3,0.1,1.0,0.95,,,,
C,30,20,115,breslow,3,1.0,0.0,0.3,7742.950720361092,0.5455272856355952,38.613741826921384,51.45252100240314
C,30,20,115,breslow,3,1.0,0.0,0.5,7852.646213841646,0.5438336798771475,38.651007649706195,51.54960895048252
C,30,20,115,breslow,3,1.0,0.0,0.95,,,,
C,30,20,115,breslow,3,1.0,0.5,0.3,7742.950720361092,0.5455272856355952,38.613741826921384,51.45252100240314
C,30,20,115,breslow,3,1.0,0.5,0.5,7852.646213841646,0.5438336798771475,38.651007649706195,51.54960895048252
C,30,20,115,breslow,3,1.0,0.5,0.95,,,,
C,30,20,115,breslow,3,1.0,1.0,0.3,7742.950720361092,0.5455272856355952,38.613741826921384,51.45252100240314
C,30,20,115,breslow,3,1.0,1.0,0.5,7852.646213841646,0.5438336798771475,38.651007649706195,51.54960895048252
C,30,20,115,breslow,3,1.0,1.0,0.95,,,,
C,30,20,115,breslow,5,0.0,0.0,0.3,,,,
C,30,20,115,breslow,5,0.0,0.0,0.5,,,,
C,30,20,115,breslow,5,0.0,0.0,0.95,,,,
C,30,20,115,breslow,5,0.0,0.5,0.3,,,,
C,30,20,115,breslow,5,0.0,0.5,0.5,,,,
C,30,20,115,breslow,5,0.0,0.5,0.95,,,,
C,30,20,115,breslow,5,0.0,1.0,0.3,,,,
C,30,20,115,breslow,5,0.0,1.0,0.5,,,,
C,30,20,115,breslow,5,0.0,1.0,0.95,,,,
C,30,20,115,breslow,5,0.1,0.0,0.3,7742.96791001085,0.5455463848877338,38.60979245983278,51.450746766892394
C,30,20,115,breslow,5,0.1,0.0,0.5,7852.646213841646,0.5438336798771475,38.651007649706195,51.54960895048252
C,30,20,115,breslow,5,0.1,0.0,0.95,,,,
C,30,20,115,breslow,5,0.1,0.5,0.3,7742.950720361092,0.5455272856355952,38.613741826921384,51.45252100240314
C,30,20,115,breslow,5,0.1,0.5,0.5,7852.646213841646,0.5438336798771475,38.651007649706195,51.54960895048252
C,30,20,115,breslow,5,0.1,0.5,0.95,,,,
C,30,20,115,breslow,5,0.1,1.0,0.3,7742.950720361092,0.5455272856355952,38.613741826921384,51.45252100240314
C,30,20,115,breslow,5,0.1,1.0,0.5,7852.646213841646,0.5438336798771475,38.651007649706195,51.54960895048252
C,30,20,115,breslow,5,0.1,1.0,0.95,,,,
C,30,20,115,breslow,5,1.0,0.0,0.3,7742.950720361092,0.5455272856355952,38.613741826921384,51.45252100240314
C,30,20,115,breslow,5,1.0,0.0,0.5,7852.646213841646,0.5438336798771475,38.651007649706195,51.54960895048252
C,30,20,115,breslow,5,1.0,0.0,0.95,,,,
C,30,20,115,breslow,5,1.0,0.5,0.3,7742.950720361092,0.5455272856355952,38.613741826921384,51.45252100240314
C,30,20,115,breslow,5,1.0,0.5,0.5,7852.646213841646,0.5438336798771475,38.651007649706195,51.54960895048252
C,30,20,115,breslow,5,1.0,0.5,0.95,,,,
C,30,20,115,breslow,5,1.0,1.0,0.3,7742.950720361092,0.5455272856355952,38.613741826921384,51.45252100240314
C,30,20,115,breslow,5,1.0,1.0,0.5,7852.646213841646,0.5438336798771475,38.651007649706195,51.54960895048252
C,30,20,115,breslow,5,1.0,1.0,0.95,,,,
C,30,20,115,spline,3,0.0,0.0,0.3,,,,
C,30,20,115,spline,3,0.0,0.0,0.5,,,,
C,30,20,115,spline,3,0.0,0.0,0.95,,,,
C,30,20,115,spline,3,0.0,0.5,0.3,,,,
C,30,20,115,spline,3,0.0,0.5,0.5,,,,
C,30,20,115,spline,3,0.0,0.5,0.95,,,,
C,30,20,115,spline,3,0.0,1.0,0.3,,,,
C,30,20,115,spline,3,0.0,1.0,0.5,,,,
C,30,20,115,spline,3,0.0,1.0,0.95,,,,
C,30,20,115,spline,3,0.1,0.0,0.3,,,,
C,30,20,115,spline,3,0.1,0.0,0.5,,,,
C,30,20,115,spline,3,0.1,0.0,0.95,,,,
C,30,20,115,spline,3,0.1,0.5,0.3,,,,
C,30,20,115,spline,3,0.1,0.5,0.5,,,,
C,30,20,115,spline,3,0.1,0.5,0.95,,,,
C,30,20,115,spline,3,0.1,1.0,0.3,,,,
C,30,20,115,spline,3,0.1,1.0,0.5,,,,
C,30,20,115,spline,3,0.1,1.0,0.95,,,,
C,30,20,115,spline,3,1.0,0.0,0.3,,,,
C,30,20,115,spline,3,1.0,0.0,0.5,,,,
C,30,20,115,spline,3,1.0,0.0,0.95,,,,
C,30,20,115,spline,3,1.0,0.5,0.3,,,,
C,30,20,115,spline,3,1.0,0.5,0.5,,,,
C,30,20,115,spline,3,1.0,0.5,0.95,,,,
C,30,20,115,spline,3,1.0,1.0,0.3,,,,
C,30,20,115,spline,3,1.0,1.0,0.5,,,,
C,30,20,115,spline,3,1.0,1.0,0.95,,,,
C,30,20,115,spline,5,0.0,0.0,0.3,,,,
C,30,20,115,spline,5,0.0,0.0,0.5,,,,
C,30,20,115,spline,5,0.0,0.0,0.95,,,,
C,30,20,115,spline,5,0.0,0.5,0.3,,,,
C,30,20,115,spline,5,0.0,0.5,0.5,,,,
C,30,20,115,spline,5,0.0,0.5,0.95,,,,
C,30,20,115,spline,5,0.0,1.0,0.3,,,,
C,30,20,115,spline,5,0.0,1.0,0.5,,,,
C,30,20,115,spline,5,0.0,1.0,0.95,,,,
C,30,20,115,spline,5,0.1,0.0,0.3,,,,
C,30,20,115,spline,5,0.1,0.0,0.5,,,,
C,30,20,115,spline,5,0.1,0.0,0.95,,,,
C,30,20,115,spline,5,0.1,0.5,0.3,,,,
C,30,20,115,spline,5,0.1,0.5,0.5,,,,
C,30,20,115,spline,5,0.1,0.5,0.95,,,,
C,30,20,115,spline,5,0.1,1.0,0.3,,,,
C,30,20,115,spline,5,0.1,1.0,0.5,,,,
C,30,20,115,spline,5,0.1,1.0,0.95,,,,
C,30,20,115,spline,5,1.0,0.0,0.3,,,,
C,30,20,115,spline,5,1.0,0.0,0.5,,,,
C,30,20,115,spline,5,1.0,0.0,0.95,,,,
C,30,20,115,spline,5,1.0,0.5,0.3,,,,
C,30,20,115,spline,5,1.0,0.5,0.5,,,,
C,30,20,115,spline,5,1.0,0.5,0.95,,,,
C,30,20,115,spline,5,1.0,1.0,0.3,,,,
C,30,20,115,spline,5,1.0,1.0,0.5,,,,
C,30,20,115,spline,5,1.0,1.0,0.95,,,,
C,30,20,120,breslow,3,0.0,0.0,0.3,,,,
C,30,20,120,breslow,3,0.0,0.0,0.5,,,,
C,30,20,120,breslow,3,0.0,0.0,0.95,,,,
C,30,20,120,breslow,3,0.0,0.5,0.3,,,,
C,30,20,120,breslow,3,0.0,0.5,0.5,,,,
C,30,20,120,breslow,3,0.0,0.5,0.95,,,,
C,30,20,120,breslow,3,0.0,1.0,0.3,,,,
C,30,20,120,breslow,3,0.0,1.0,0.5,,,,
C,30,20,120,breslow,3,0.0,1.0,0.95,,,,
C,30,20,120,breslow,3,0.1,0.0,0.3,7742.578109987451,0.544160800193301,36.632729639876636,51.17558751269561
C,30,20,120,breslow,3,0.1,0.0,0.5,7852.244890752654,0.5425205366442933,36.66634989304119,51.271459625474314
C,30,20,120,breslow,3,0.1,0.0,0.95,,,,
C,30,20,120,breslow,3,0.1,0.5,0.3,7742.562177002588,0.5441422279477907,36.63718533607917,51.177788892572245
C,30,20,120,breslow,3,0.1,0.5,0.5,7852.244890752654,0.5425205366442933,36.66634989304119,51.271459625474314
C,30,20,120,breslow,3,0.1,0.5,0.95,,,,
C,30,20,120,breslow,3,0.1,1.0,0.3,7742.562177002588,0.5441422279477907,36.63718533607917,51.177788892572245
C,30,20,120,breslow,3,0.1,1.0,0.5,7852.244890752654,0.5425205366442933,36.66634989304119,51.271459625474314
C,30,20,120,breslow,3,0.1,1.0,0.95,,,,
C,30,20,120,breslow,3,1.0,0.0,0.3,7742.562177002588,0.5441422279477907,36.63718533607917,51.177788892572245
C,30,20,120,breslow,3,1.0,0.0,0.5,7852.244890752654,0.5425205366442933,36.66634989304119,51.271459625474314
C,30,20,120,breslow,3,1.0,0.0,0.95,,,,
C,30,20,120,breslow,3,1.0,0.5,0.3,7742.562177002588,0.5441422279477907,36.63718533607917,51.177788892572245
C,30,20,120,breslow,3,1.0,0.5,0.5,7852.244890752654,0.5425205366442933,36.66634989304119,51.271459625474314
C,30,20,120,breslow,3,1.0,0.5,0.95,,,,
C,30,20,120,breslow,3,1.0,1.0,0.3,7742.562177002588,0.5441422279477907,36.63718533607917,51.177788892572245
C,30,20,120,breslow,3,1.0,1.0,0.5,7852.244890752654,0.5425205366442933,36.66634989304119,51.271459625474314
C,30,20,120,breslow,3,1.0,1.0,0.95,,,,
C,30,20,120,breslow,5,0.0,0.0,0.3,,,,
C,30,20,120,breslow,5,0.0,0.0,0.5,,,,
C,30,20,120,breslow,5,0.0,0.0,0.95,,,,
C,30,20,120,breslow,5,0.0,0.5,0.3,,,,
C,30,20,120,breslow,5,0.0,0.5,0.5,,,,
C,30,20,120,breslow,5,0.0,0.5,0.95,,,,
C,30,20,120,breslow,5,0.0,1.0,0.3,,,,
C,30,20,120,breslow,5,0.0,1.0,0.5,,,,
C,30,20,120,breslow,5,0.0,1.0,0.95,,,,
C,30,20,120,breslow,5,0.1,0.0,0.3,7742.578109987451,0.544160800193301,36.632729639876636,51.17558751269561
C,30,20,120,breslow,5,0.1,0.0,0.5,7852.244890752654,0.5425205366442933,36.66634989304119,51.271459625474314
C,30,20,120,breslow,5,0.1,0.0,0.95,,,,
C,30,20,120,breslow,5,0.1,0.5,0.3,7742.562177002588,0.5441422279477907,36.63718533607917,51.177788892572245
C,30,20,120,breslow,5,0.1,0.5,0.5,7852.244890752654,0.5425205366442933,36.66634989304119,51.271459625474314
C,30,20,120,breslow,5,0.1,0.5,0.95,,,,
C,30,20,120,breslow,5,0.1,1.0,0.3,7742.562177002588,0.5441422279477907,36.63718533607917,51.177788892572245
C,30,20,120,breslow,5,0.1,1.0,0.5,7852.244890752654,0.5425205366442933,36.66634989304119,51.271459625474314
C,30,20,120,breslow,5,0.1,1.0,0.95,,,,
C,30,20,120,breslow,5,1.0,0.0,0.3,7742.562177002588,0.5441422279477907,36.63718533607917,51.177788892572245
C,30,20,120,breslow,5,1.0,0.0,0.5,7852.244890752654,0.5425205366442933,36.66634989304119,51.271459625474314
C,30,20,120,breslow,5,1.0,0.0,0.95,,,,
C,30,20,120,breslow,5,1.0,0.5,0.3,7742.562177002588,0.5441422279477907,36.63718533607917,51.177788892572245
C,30,20,120,breslow,5,1.0,0.5,0.5,7852.244890752654,0.5425205366442933,36.66634989304119,51.271459625474314
C,30,20,120,breslow,5,1.0,0.5,0.95,,,,
C,30,20,120,breslow,5,1.0,1.0,0.3,7742.562177002588,0.5441422279477907,36.63718533607917,51.177788892572245
C,30,20,120,breslow,5,1.0,1.0,0.5,7852.244890752654,0.5425205366442933,36.66634989304119,51.271459625474314
C,30,20,120,breslow,5,1.0,1.0,0.95,,,,
C,30,20,120,spline,3,0.0,0.0,0.3,,,,
C,30,20,120,spline,3,0.0,0.0,0.5,,,,
C,30,20,120,spline,3,0.0,0.0,0.95,,,,
C,30,20,120,spline,3,0.0,0.5,0.3,,,,
C,30,20,120,spline,3,0.0,0.5,0.5,,,,
C,30,20,120,spline,3,0.0,0.5,0.95,,,,
C,30,20,120,spline,3,0.0,1.0,0.3,,,,
C,30,20,120,spline,3,0.0,1.0,0.5,,,,
C,30,20,120,spline,3,0.0,1.0,0.95,,,,
C,30,20,120,spline,3,0.1,0.0,0.3,,,,
C,30,20,120,spline,3,0.1,0.0,0.5,,,,
C,30,20,120,spline,3,0.1,0.0,0.95,,,,
C,30,20,120,spline,3,0.1,0.5,0.3,,,,
C,30,20,120,spline,3,0.1,0.5,0.5,,,,
C,30,20,120,spline,3,0.1,0.5,0.95,,,,
C,30,20,120,spline,3,0.1,1.0,0.3,,,,
C,30,20,120,spline,3,0.1,1.0,0.5,,,,
C,30,20,120,spline,3,0.1,1.0,0.95,,,,
C,30,20,120,spline,3,1.0,0.0,0.3,,,,
C,30,20,120,spline,3,1.0,0.0,0.5,,,,
C,30,20,120,spline,3,1.0,0.0,0.95,,,,
C,30,20,120,spline,3,1.0,0.5,0.3,,,,
C,30,20,120,spline,3,1.0,0.5,0.5,,,,
C,30,20,120,spline,3,1.0,0.5,0.95,,,,
C,30,20,120,spline,3,1.0,1.0,0.3,,,,
C,30,20,120,spline,3,1.0,1.0,0.5,,,,
C,30,20,120,spline,3,1.0,1.0,0.95,,,,
C,30,20,120,spline,5,0.0,0.0,0.3,,,,
C,30,20,120,spline,5,0.0,0.0,0.5,,,,
C,30,20,120,spline,5,0.0,0.0,0.95,,,,
C,30,20,120,spline,5,0.0,0.5,0.3,,,,
C,30,20,120,spline,5,0.0,0.5,0.5,,,,
C,30,20,120,spline,5,0.0,0.5,0.95,,,,
C,30,20,120,spline,5,0.0,1.0,0.3,,,,
C,30,20,120,spline,5,0.0,1.0,0.5,,,,
C,30,20,120,spline,5,0.0,1.0,0.95,,,,
C,30,20,120,spline,5,0.1,0.0,0.3,,,,
C,30,20,120,spline,5,0.1,0.0,0.5,,,,
C,30,20,120,spline,5,0.1,0.0,0.95,,,,
C,30,20,120,spline,5,0.1,0.5,0.3,,,,
C,30,20,120,spline,5,0.1,0.5,0.5,,,,
C,30,20,120,spline,5,0.1,0.5,0.95,,,,
C,30,20,120,spline,5,0.1,1.0,0.3,,,,
C,30,20,120,spline,5,0.1,1.0,0.5,,,,
C,30,20,120,spline,5,0.1,1.0,0.95,,,,
C,30,20,120,spline,5,1.0,0.0,0.3,,,,
C,30,20,120,spline,5,1.0,0.0,0.5,,,,
C,30,20,120,spline,5,1.0,0.0,0.95,,,,
C,30,20,120,spline,5,1.0,0.5,0.3,,,,
C,30,20,120,spline,5,1.0,0.5,0.5,,,,
C,30,20,120,spline,5,1.0,0.5,0.95,,,,
C,30,20,120,spline,5,1.0,1.0,0.3,,,,
C,30,20,120,spline,5,1.0,1.0,0.5,,,,
C,30,20,120,spline,5,1.0,1.0,0.95,,,,
C,30,20,125,breslow,3,0.0,0.0,0.3,,,,
C,30,20,125,breslow,3,0.0,0.0,0.5,,,,
C,30,20,125,breslow,3,0.0,0.0,0.95,,,,
C,30,20,125,breslow,3,0.0,0.5,0.3,,,,
C,30,20,125,breslow,3,0.0,0.5,0.5,,,,
C,30,20,125,breslow,3,0.0,0.5,0.95,,,,
C,30,20,125,breslow,3,0.0,1.0,0.3,,,,
C,30,20,125,breslow,3,0.0,1.0,0.5,,,,
C,30,20,125,breslow,3,0.0,1.0,0.95,,,,
C,30,20,125,breslow,3,0.1,0.0,0.3,7742.385439750661,0.54298495021979,34.81747649242354,51.105463556175316
C,30,20,125,breslow,3,0.1,0.0,0.5,7852.03916606796,0.5414133382478038,34.84299547976531,51.19821675670914
C,30,20,125,breslow,3,0.1,0.0,0.95,,,,
C,30,20,125,breslow,3,0.1,0.5,0.3,7742.3705255797395,0.5429677909707138,34.821932188626064,51.10801204130461
C,30,20,125,breslow,3,0.1,0.5,0.5,7852.03916606796,0.5414133382478038,34.84299547976531,51.19821675670914
C,30,20,125,breslow,3,0.1,0.5,0.95,,,,
C,30,20,125,breslow,3,0.1,1.0,0.3,7742.3705255797395,0.5429677909707138,34.821932188626064,51.10801204130461
C,30,20,125,breslow,3,0.1,1.0,0.5,7852.03916606796,0.5414133382478038,34.84299547976531,51.19821675670914
C,30,20,125,breslow,3,0.1,1.0,0.95,,,,
C,30,20,125,breslow,3,1.0,0.0,0.3,7742.3705255797395,0.5429677909707138,34.821932188626064,51.10801204130461
C,30,20,125,breslow,3,1.0,0.0,0.5,7852.03916606796,0.5414133382478038,34.84299547976531,51.19821675670914
C,30,20,125,breslow,3,1.0,0.0,0.95,,,,
C,30,20,125,breslow,3,1.0,0.5,0.3,7742.3705255797395,0.5429677909707138,34.821932188626064,51.10801204130461
C,30,20,125,breslow,3,1.0,0.5,0.5,7852.03916606796,0.5414133382478038,34.84299547976531,51.19821675670914
C,30,20,125,breslow,3,1.0,0.5,0.95,,,,
C,30,20,125,breslow,3,1.0,1.0,0.3,7742.3705255797395,0.5429677909707138,34.821932188626064,51.10801204130461
C,30,20,125,breslow,3,1.0,1.0,0.5,7852.03916606796,0.5414133382478038,34.84299547976531,51.19821675670914
C,30,20,125,breslow,3,1.0,1.0,0.95,,,,
C,30,20,125,breslow,5,0.0,0.0,0.3,,,,
C,30,20,125,breslow,5,0.0,0.0,0.5,,,,
C,30,20,125,breslow,5,0.0,0.0,0.95,,,,
C,30,20,125,breslow,5,0.0,0.5,0.3,,,,
C,30,20,125,breslow,5,0.0,0.5,0.5,,,,
C,30,20,125,breslow,5,0.0,0.5,0.95,,,,
C,30,20,125,breslow,5,0.0,1.0,0.3,,,,
C,30,20,125,breslow,5,0.0,1.0,0.5,,,,
C,30,20,125,breslow,5,0.0,1.0,0.95,,,,
C,30,20,125,breslow,5,0.1,0.0,0.3,7742.385439750661,0.54298495021979,34.81747649242354,51.105463556175316
C,30,20,125,breslow,5,0.1,0.0,0.5,7852.03916606796,0.5414133382478038,34.84299547976531,51.19821675670914
C,30,20,125,breslow,5,0.1,0.0,0.95,,,,
C,30,20,125,breslow,5,0.1,0.5,0.3,7742.3705255797395,0.5429677909707138,34.821932188626064,51.10801204130461
C,30,20,125,breslow,5,0.1,0.5,0.5,7852.03916606796,0.5414133382478038,34.84299547976531,51.19821675670914
C,30,20,125,breslow,5,0.1,0.5,0.95,,,,
C,30,20,125,breslow,5,0.1,1.0,0.3,7742.3705255797395,0.5429677909707138,34.821932188626064,51.10801204130461
C,30,20,125,breslow,5,0.1,1.0,0.5,7852.03916606796,0.5414133382478038,34.84299547976531,51.19821675670914
C,30,20,125,breslow,5,0.1,1.0,0.95,,,,
C,30,20,125,breslow,5,1.0,0.0,0.3,7742.3705255797395,0.5429677909707138,34.821932188626064,51.10801204130461
C,30,20,125,breslow,5,1.0,0.0,0.5,7852.03916606796,0.5414133382478038,34.84299547976531,51.19821675670914
C,30,20,125,breslow,5,1.0,0.0,0.95,,,,
C,30,20,125,breslow,5,1.0,0.5,0.3,7742.3705255797395,0.5429677909707138,34.821932188626064,51.10801204130461
C,30,20,125,breslow,5,1.0,0.5,0.5,7852.03916606796,0.5414133382478038,34.84299547976531,51.19821675670914
C,30,20,125,breslow,5,1.0,0.5,0.95,,,,
C,30,20,125,breslow,5,1.0,1.0,0.3,7742.3705255797395,0.5429677909707138,34.821932188626064,51.10801204130461
C,30,20,125,breslow,5,1.0,1.0,0.5,7852.03916606796,0.5414133382478038,34.84299547976531,51.19821675670914
C,30,20,125,breslow,5,1.0,1.0,0.95,,,,
C,30,20,125,spline,3,0.0,0.0,0.3,,,,
C,30,20,125,spline,3,0.0,0.0,0.5,,,,
C,30,20,125,spline,3,0.0,0.0,0.95,,,,
C,30,20,125,spline,3,0.0,0.5,0.3,,,,
C,30,20,125,spline,3,0.0,0.5,0.5,,,,
C,30,20,125,spline,3,0.0,0.5,0.95,,,,
C,30,20,125,spline,3,0.0,1.0,0.3,,,,
C,30,20,125,spline,3,0.0,1.0,0.5,,,,
C,30,20,125,spline,3,0.0,1.0,0.95,,,,
C,30,20,125,spline,3,0.1,0.0,0.3,,,,
C,30,20,125,spline,3,0.1,0.0,0.5,,,,
C,30,20,125,spline,3,0.1,0.0,0.95,,,,
C,30,20,125,spline,3,0.1,0.5,0.3,,,,
C,30,20,125,spline,3,0.1,0.5,0.5,,,,
C,30,20,125,spline,3,0.1,0.5,0.95,,,,
C,30,20,125,spline,3,0.1,1.0,0.3,,,,
C,30,20,125,spline,3,0.1,1.0,0.5,,,,
C,30,20,125,spline,3,0.1,1.0,0.95,,,,
C,30,20,125,spline,3,1.0,0.0,0.3,,,,
C,30,20,125,spline,3,1.0,0.0,0.5,,,,
C,30,20,125,spline,3,1.0,0.0,0.95,,,,
C,30,20,125,spline,3,1.0,0.5,0.3,,,,
C,30,20,125,spline,3,1.0,0.5,0.5,,,,
C,30,20,125,spline,3,1.0,0.5,0.95,,,,
C,30,20,125,spline,3,1.0,1.0,0.3,,,,
C,30,20,125,spline,3,1.0,1.0,0.5,,,,
C,30,20,125,spline,3,1.0,1.0,0.95,,,,
C,30,20,125,spline,5,0.0,0.0,0.3,,,,
C,30,20,125,spline,5,0.0,0.0,0.5,,,,
C,30,20,125,spline,5,0.0,0.0,0.95,,,,
C,30,20,125,spline,5,0.0,0.5,0.3,,,,
C,30,20,125,spline,5,0.0,0.5,0.5,,,,
C,30,20,125,spline,5,0.0,0.5,0.95,,,,
C,30,20,125,spline,5,0.0,1.0,0.3,,,,
C,30,20,125,spline,5,0.0,1.0,0.5,,,,
C,30,20,125,spline,5,0.0,1.0,0.95,,,,
C,30,20,125,spline,5,0.1,0.0,0.3,,,,
C,30,20,125,spline,5,0.1,0.0,0.5,,,,
C,30,20,125,spline,5,0.1,0.0,0.95,,,,
C,30,20,125,spline,5,0.1,0.5,0.3,,,,
C,30,20,125,spline,5,0.1,0.5,0.5,,,,
C,30,20,125,spline,5,0.1,0.5,0.95,,,,
C,30,20,125,spline,5,0.1,1.0,0.3,,,,
C,30,20,125,spline,5,0.1,1.0,0.5,,,,
C,30,20,125,spline,5,0.1,1.0,0.95,,,,
C,30,20,125,spline,5,1.0,0.0,0.3,,,,
C,30,20,125,spline,5,1.0,0.0,0.5,,,,
C,30,20,125,spline,5,1.0,0.0,0.95,,,,
C,30,20,125,spline,5,1.0,0.5,0.3,,,,
C,30,20,125,spline,5,1.0,0.5,0.5,,,,
C,30,20,125,spline,5,1.0,0.5,0.95,,,,
C,30,20,125,spline,5,1.0,1.0,0.3,,,,
C,30,20,125,spline,5,1.0,1.0,0.5,,,,
C,30,20,125,spline,5,1.0,1.0,0.95,,,,
D,20,10,115,breslow,3,0.0,0.0,0.3,,,,
D,20,10,115,breslow,3,0.0,0.0,0.5,,,,
D,20,10,115,breslow,3,0.0,0.0,0.95,,,,
D,20,10,115,breslow,3,0.0,0.5,0.3,,,,
D,20,10,115,breslow,3,0.0,0.5,0.5,,,,
D,20,10,115,breslow,3,0.0,0.5,0.95,,,,
D,20,10,115,breslow,3,0.0,1.0,0.3,,,,
D,20,10,115,breslow,3,0.0,1.0,0.5,,,,
D,20,10,115,breslow,3,0.0,1.0,0.95,,,,
D,20,10,115,breslow,3,0.1,0.0,0.3,7230.9066172960665,0.5460678063684326,36.720144501340066,49.785896674843194
D,20,10,115,breslow,3,0.1,0.0,0.5,7333.3429749871775,0.5442923013668978,36.75787499779396,49.882213976982996
D,20,10,115,breslow,3,0.1,0.0,0.95,,,,
D,20,10,115,breslow,3,0.1,0.5,0.3,7230.912864250752,0.5460325478352379,36.72326506871595,49.78873406985973
D,20,10,115,breslow,3,0.1,0.5,0.5,7333.347190314154,0.5442920775031949,36.758064123089476,49.88242254464081
D,20,10,115,breslow,3,0.1,0.5,0.95,,,,
D,20,10,115,breslow,3,0.1,1.0,0.3,7230.912864250752,0.5460325478352379,36.72326506871595,49.78873406985973
D,20,10,115,breslow,3,0.1,1.0,0.5,7333.347190314154,0.5442920775031949,36.758064123089476,49.88242254464081
D,20,10,115,breslow,3,0.1,1.0,0.95,,,,
D,20,10,115,breslow,3,1.0,0.0,0.3,7230.912864250752,0.5460325478352379,36.72326506871595,49.78873406985973
D,20,10,115,breslow,3,1.0,0.0,0.5,7333.347190314154,0.5442920775031949,36.758064123089476,49.88242254464081
D,20,10,115,breslow,3,1.0,0.0,0.95,,,,
D,20,10,115,breslow,3,1.0,0.5,0.3,7230.912864250752,0.5460325478352379,36.72326506871595,49.78873406985973
D,20,10,115,breslow,3,1.0,0.5,0.5,7333.347190314154,0.5442920775031949,36.758064123089476,49.88242254464081
D,20,10,115,breslow,3,1.0,0.5,0.95,,,,
D,20,10,115,breslow,3,1.0,1.0,0.3,7230.912864250752,0.5460325478352379,36.72326506871595,49.78873406985973
D,20,10,115,breslow,3,1.0,1.0,0.5,7333.347190314154,0.5442920775031949,36.758064123089476,49.88242254464081
D,20,10,115,breslow,3,1.0,1.0,0.95,,,,
D,20,10,115,breslow,5,0.0,0.0,0.3,,,,
D,20,10,115,breslow,5,0.0,0.0,0.5,,,,
D,20,10,115,breslow,5,0.0,0.0,0.95,,,,
D,20,10,115,breslow,5,0.0,0.5,0.3,,,,
D,20,10,115,breslow,5,0.0,0.5,0.5,,,,
D,20,10,115,breslow,5,0.0,0.5,0.95,,,,
D,20,10,115,breslow,5,0.0,1.0,0.3,,,,
D,20,10,115,breslow,5,0.0,1.0,0.5,,,,
D,20,10,115,breslow,5,0.0,1.0,0.95,,,,
D,20,10,115,breslow,5,0.1,0.0,0.3,7230.9066172960665,0.5460678063684326,36.720144501340066,49.785896674843194
D,20,10,115,breslow,5,0.1,0.0,0.5,7333.3429749871775,0.5442923013668978,36.75787499779396,49.882213976982996
D,20,10,115,breslow,5,0.1,0.0,0.95,,,,
D,20,10,115,breslow,5,0.1,0.5,0.3,7230.912864250752,0.5460325478352379,36.72326506871595,49.78873406985973
D,20,10,115,breslow,5,0.1,0.5,0.5,7333.347190314154,0.5442920775031949,36.758064123089476,49.88242254464081
D,20,10,115,breslow,5,0.1,0.5,0.95,,,,
D,20,10,115,breslow,5,0.1,1.0,0.3,7230.912864250752,0.5460325478352379,36.72326506871595,49.78873406985973
D,20,10,115,breslow,5,0.1,1.0,0.5,7333.347190314154,0.5442920775031949,36.758064123089476,49.88242254464081
D,20,10,115,breslow,5,0.1,1.0,0.95,,,,
D,20,10,115,breslow,5,1.0,0.0,0.3,7230.912864250752,0.5460325478352379,36.72326506871595,49.78873406985973
D,20,10,115,breslow,5,1.0,0.0,0.5,7333.347190314154,0.5442920775031949,36.758064123089476,49.88242254464081
D,20,10,115,breslow,5,1.0,0.0,0.95,,,,
D,20,10,115,breslow,5,1.0,0.5,0.3,7230.912864250752,0.5460325478352379,36.72326506871595,49.78873406985973
D,20,10,115,breslow,5,1.0,0.5,0.5,7333.347190314154,0.5442920775031949,36.758064123089476,49.88242254464081
D,20,10,115,breslow,5,1.0,0.5,0.95,,,,
D,20,10,115,breslow,5,1.0,1.0,0.3,7230.912864250752,0.5460325478352379,36.72326506871595,49.78873406985973
D,20,10,115,breslow,5,1.0,1.0,0.5,7333.347190314154,0.5442920775031949,36.758064123089476,49.88242254464081
D,20,10,115,breslow,5,1.0,1.0,0.95,,,,
D,20,10,115,spline,3,0.0,0.0,0.3,,,,
D,20,10,115,spline,3,0.0,0.0,0.5,,,,
D,20,10,115,spline,3,0.0,0.0,0.95,,,,
D,20,10,115,spline,3,0.0,0.5,0.3,,,,
D,20,10,115,spline,3,0.0,0.5,0.5,,,,
D,20,10,115,spline,3,0.0,0.5,0.95,,,,
D,20,10,115,spline,3,0.0,1.0,0.3,,,,
D,20,10,115,spline,3,0.0,1.0,0.5,,,,
D,20,10,115,spline,3,0.0,1.0,0.95,,,,
D,20,10,115,spline,3,0.1,0.0,0.3,,,,
D,20,10,115,spline,3,0.1,0.0,0.5,,,,
D,20,10,115,spline,3,0.1,0.0,0.95,,,,
D,20,10,115,spline,3,0.1,0.5,0.3,,,,
D,20,10,115,spline,3,0.1,0.5,0.5,,,,
D,20,10,115,spline,3,0.1,0.5,0.95,,,,
D,20,10,115,spline,3,0.1,1.0,0.3,,,,
D,20,10,115,spline,3,0.1,1.0,0.5,,,,
D,20,10,115,spline,3,0.1,1.0,0.95,,,,
D,20,10,115,spline,3,1.0,0.0,0.3,,,,
D,20,10,115,spline,3,1.0,0.0,0.5,,,,
D,20,10,115,spline,3,1.0,0.0,0.95,,,,
D,20,10,115,spline,3,1.0,0.5,0.3,,,,
D,20,10,115,spline,3,1.0,0.5,0.5,,,,
D,20,10,115,spline,3,1.0,0.5,0.95,,,,
D,20,10,115,spline,3,1.0,1.0,0.3,,,,
D,20,10,115,spline,3,1.0,1.0,0.5,,,,
D,20,10,115,spline,3,1.0,1.0,0.95,,,,
D,20,10,115,spline,5,0.0,0.0,0.3,,,,
D,20,10,115,spline,5,0.0,0.0,0.5,,,,
D,20,10,115,spline,5,0.0,0.0,0.95,,,,
D,20,10,115,spline,5,0.0,0.5,0.3,,,,
D,20,10,115,spline,5,0.0,0.5,0.5,,,,
D,20,10,115,spline,5,0.0,0.5,0.95,,,,
D,20,10,115,spline,5,0.0,1.0,0.3,,,,
D,20,10,115,spline,5,0.0,1.0,0.5,,,,
D,20,10,115,spline,5,0.0,1.0,0.95,,,,
D,20,10,115,spline,5,0.1,0.0,0.3,,,,
D,20,10,115,spline,5,0.1,0.0,0.5,,,,
D,20,10,115,spline,5,0.1,0.0,0.95,,,,
D,20,10,115,spline,5,0.1,0.5,0.3,,,,
D,20,10,115,spline,5,0.1,0.5,0.5,,,,
D,20,10,115,spline,5,0.1,0.5,0.95,,,,
D,20,10,115,spline,5,0.1,1.0,0.3,,,,
D,20,10,115,spline,5,0.1,1.0,0.5,,,,
D,20,10,115,spline,5,0.1,1.0,0.95,,,,
D,20,10,115,spline,5,1.0,0.0,0.3,,,,
D,20,10,115,spline,5,1.0,0.0,0.5,,,,
D,20,10,115,spline,5,1.0,0.0,0.95,,,,
D,20,10,115,spline,5,1.0,0.5,0.3,,,,
D,20,10,115,spline,5,1.0,0.5,0.5,,,,
D,20,10,115,spline,5,1.0,0.5,0.95,,,,
D,20,10,115,spline,5,1.0,1.0,0.3,,,,
D,20,10,115,spline,5,1.0,1.0,0.5,,,,
D,20,10,115,spline,5,1.0,1.0,0.95,,,,
D,20,10,120,breslow,3,0.0,0.0,0.3,,,,
D,20,10,120,breslow,3,0.0,0.0,0.5,,,,
D,20,10,120,breslow,3,0.0,0.0,0.95,,,,
D,20,10,120,breslow,3,0.0,0.5,0.3,,,,
D,20,10,120,breslow,3,0.0,0.5,0.5,,,,
D,20,10,120,breslow,3,0.0,0.5,0.95,,,,
D,20,10,120,breslow,3,0.0,1.0,0.3,,,,
D,20,10,120,breslow,3,0.0,1.0,0.5,,,,
D,20,10,120,breslow,3,0.0,1.0,0.95,,,,
D,20,10,120,breslow,3,0.1,0.0,0.3,7230.473091814029,0.5445768722962359,34.54797723862177,49.47106097283089
D,20,10,120,breslow,3,0.1,0.0,0.5,7332.898470742044,0.5428781963518086,34.578710099141865,49.56446829418677
D,20,10,120,breslow,3,0.1,0.0,0.95,,,,
D,20,10,120,breslow,3,0.1,0.5,0.3,7230.480293796501,0.5445412032071906,34.55166518188418,49.474194062061066
D,20,10,120,breslow,3,0.1,0.5,0.5,7332.902686069021,0.5428779793535482,34.578899224437365,49.564677783387346
D,20,10,120,breslow,3,0.1,0.5,0.95,,,,
D,20,10,120,breslow,3,0.1,1.0,0.3,7230.480293796501,0.5445412032071906,34.55166518188418,49.474194062061066
D,20,10,120,breslow,3,0.1,1.0,0.5,7332.902686069021,0.5428779793535482,34.578899224437365,49.564677783387346
D,20,10,120,breslow,3,0.1,1.0,0.95,,,,
D,20,10,120,breslow,3,1.0,0.0,0.3,7230.480293796501,0.5445412032071906,34.55166518188418,49.474194062061066
D,20,10,120,breslow,3,1.0,0.0,0.5,7332.902686069021,0.5428779793535482,34.578899224437365,49.564677783387346
D,20,10,120,breslow,3,1.0,0.0,0.95,,,,
D,20,10,120,breslow,3,1.0,0.5,0.3,7230.480293796501,0.5445412032071906,34.55166518188418,49.474194062061066
D,20,10,120,breslow,3,1.0,0.5,0.5,7332.902686069021,0.5428779793535482,34.578899224437365,49.564677783387346
D,20,10,120,breslow,3,1.0,0.5,0.95,,,,
D,20,10,120,breslow,3,1.0,1.0,0.3,7230.480293796501,0.5445412032071906,34.55166518188418,49.474194062061066
D,20,10,120,breslow,3,1.0,1.0,0.5,7332.902686069021,0.5428779793535482,34.578899224437365,49.564677783387346
D,20,10,120,breslow,3,1.0,1.0,0.95,,,,
D,20,10,120,breslow,5,0.0,0.0,0.3,,,,
D,20,10,120,breslow,5,0.0,0.0,0.5,,,,
D,20,10,120,breslow,5,0.0,0.0,0.95,,,,
D,20,10,120,breslow,5,0.0,0.5,0.3,,,,
D,20,10,120,breslow,5,0.0,0.5,0.5,,,,
D,20,10,120,breslow,5,0.0,0.5,0.95,,,,
D,20,10,120,breslow,5,0.0,1.0,0.3,,,,
D,20,10,120,breslow,5,0.0,1.0,0.5,,,,
D,20,10,120,breslow,5,0.0,1.0,0.95,,,,
D,20,10,120,breslow,5,0.1,0.0,0.3,7230.473091814029,0.5445768722962359,34.54797723862177,49.47106097283089
D,20,10,120,breslow,5,0.1,0.0,0.5,7332.898470742044,0.5428781963518086,34.578710099141865,49.56446829418677
D,20,10,120,breslow,5,0.1,0.0,0.95,,,,
D,20,10,120,breslow,5,0.1,0.5,0.3,7230.480293796501,0.5445412032071906,34.55166518188418,49.474194062061066
D,20,10,120,breslow,5,0.1,0.5,0.5,7332.902686069021,0.5428779793535482,34.578899224437365,49.564677783387346
D,20,10,120,breslow,5,0.1,0.5,0.95,,,,
D,20,10,120,breslow,5,0.1,1.0,0.3,7230.480293796501,0.5445412032071906,34.55166518188418,49.474194062061066
D,20,10,120,breslow,5,0.1,1.0,0.5,7332.902686069021,0.5428779793535482,34.578899224437365,49.564677783387346
D,20,10,120,breslow,5,0.1,1.0,0.95,,,,
D,20,10,120,breslow,5,1.0,0.0,0.3,7230.480293796501,0.5445412032071906,34.55166518188418,49.474194062061066
D,20,10,120,breslow,5,1.0,0.0,0.5,7332.902686069021,0.5428779793535482,34.578899224437365,49.564677783387346
D,20,10,120,breslow,5,1.0,0.0,0.95,,,,
D,20,10,120,breslow,5,1.0,0.5,0.3,7230.480293796501,0.5445412032071906,34.55166518188418,49.474194062061066
D,20,10,120,breslow,5,1.0,0.5,0.5,7332.902686069021,0.5428779793535482,34.578899224437365,49.564677783387346
D,20,10,120,breslow,5,1.0,0.5,0.95,,,,
D,20,10,120,breslow,5,1.0,1.0,0.3,7230.480293796501,0.5445412032071906,34.55166518188418,49.474194062061066
D,20,10,120,breslow,5,1.0,1.0,0.5,7332.902686069021,0.5428779793535482,34.578899224437365,49.564677783387346
D,20,10,120,breslow,5,1.0,1.0,0.95,,,,
D,20,10,120,spline,3,0.0,0.0,0.3,,,,
D,20,10,120,spline,3,0.0,0.0,0.5,,,,
D,20,10,120,spline,3,0.0,0.0,0.95,,,,
D,20,10,120,spline,3,0.0,0.5,0.3,,,,
D,20,10,120,spline,3,0.0,0.5,0.5,,,,
D,20,10,120,spline,3,0.0,0.5,0.95,,,,
D,20,10,120,spline,3,0.0,1.0,0.3,,,,
D,20,10,120,spline,3,0.0,1.0,0.5,,,,
D,20,10,120,spline,3,0.0,1.0,0.95,,,,
D,20,10,120,spline,3,0.1,0.0,0.3,,,,
D,20,10,120,spline,3,0.1,0.0,0.5,,,,
D,20,10,120,spline,3,0.1,0.0,0.95,,,,
D,20,10,120,spline,3,0.1,0.5,0.3,,,,
D,20,10,120,spline,3,0.1,0.5,0.5,,,,
D,20,10,120,spline,3,0.1,0.5,0.95,,,,
D,20,10,120,spline,3,0.1,1.0,0.3,,,,
D,20,10,120,spline,3,0.1,1.0,0.5,,,,
D,20,10,120,spline,3,0.1,1.0,0.95,,,,
D,20,10,120,spline,3,1.0,0.0,0.3,,,,
D,20,10,120,spline,3,1.0,0.0,0.5,,,,
D,20,10,120,spline,3,1.0,0.0,0.95,,,,
D,20,10,120,spline,3,1.0,0.5,0.3,,,,
D,20,10,120,spline,3,1.0,0.5,0.5,,,,
D,20,10,120,spline,3,1.0,0.5,0.95,,,,
D,20,10,120,spline,3,1.0,1.0,0.3,,,,
D,20,10,120,spline,3,1.0,1.0,0.5,,,,
D,20,10,120,spline,3,1.0,1.0,0.95,,,,
D,20,10,120,spline,5,0.0,0.0,0.3,,,,
D,20,10,120,spline,5,0.0,0.0,0.5,,,,
D,20,10,120,spline,5,0.0,0.0,0.95,,,,
D,20,10,120,spline,5,0.0,0.5,0.3,,,,
D,20,10,120,spline,5,0.0,0.5,0.5,,,,
D,20,10,120,spline,5,0.0,0.5,0.95,,,,
D,20,10,120,spline,5,0.0,1.0,0.3,,,,
D,20,10,120,spline,5,0.0,1.0,0.5,,,,
D,20,10,120,spline,5,0.0,1.0,0.95,,,,
D,20,10,120,spline,5,0.1,0.0,0.3,,,,
D,20,10,120,spline,5,0.1,0.0,0.5,,,,
D,20,10,120,spline,5,0.1,0.0,0.95,,,,
D,20,10,120,spline,5,0.1,0.5,0.3,,,,
D,20,10,120,spline,5,0.1,0.5,0.5,,,,
D,20,10,120,spline,5,0.1,0.5,0.95,,,,
D,20,10,120,spline,5,0.1,1.0,0.3,,,,
D,20,10,120,spline,5,0.1,1.0,0.5,,,,
D,20,10,120,spline,5,0.1,1.0,0.95,,,,
D,20,10,120,spline,5,1.0,0.0,0.3,,,,
D,20,10,120,spline,5,1.0,0.0,0.5,,,,
D,20,10,120,spline,5,1.0,0.0,0.95,,,,
D,20,10,120,spline,5,1.0,0.5,0.3,,,,
D,20,10,120,spline,5,1.0,0.5,0.5,,,,
D,20,10,120,spline,5,1.0,0.5,0.95,,,,
D,20,10,120,spline,5,1.0,1.0,0.3,,,,
D,20,10,120,spline,5,1.0,1.0,0.5,,,,
D,20,10,120,spline,5,1.0,1.0,0.95,,,,
D,20,10,125,breslow,3,0.0,0.0,0.3,,,,
D,20,10,125,breslow,3,0.0,0.0,0.5,,,,
D,20,10,125,breslow,3,0.0,0.0,0.95,,,,
D,20,10,125,breslow,3,0.0,0.5,0.3,,,,
D,20,10,125,breslow,3,0.0,0.5,0.5,,,,
D,20,10,125,breslow,3,0.0,0.5,0.95,,,,
D,20,10,125,breslow,3,0.0,1.0,0.3,,,,
D,20,10,125,breslow,3,0.0,1.0,0.5,,,,
D,20,10,125,breslow,3,0.0,1.0,0.95,,,,
D,20,10,125,breslow,3,0.1,0.0,0.3,7230.2517466332165,0.5432791701833644,32.533955786325244,49.387216710095096
D,20,10,125,breslow,3,0.1,0.0,0.5,7332.665026977376,0.54165135802384,32.55788013620705,49.47755727819286
D,20,10,125,breslow,3,0.1,0.0,0.95,,,,
D,20,10,125,breslow,3,0.1,0.5,0.3,7230.259991730246,0.5432435643867091,32.53840023076969,49.39060149719758
D,20,10,125,breslow,3,0.1,0.5,0.5,7332.669242304352,0.541651147182705,32.55806926150255,49.47776678035592
D,20,10,125,breslow,3,0.1,0.5,0.95,,,,
D,20,10,125,breslow,3,0.1,1.0,0.3,7230.259991730246,0.5432435643867091,32.53840023076969,49.39060149719758
D,20,10,125,breslow,3,0.1,1.0,0.5,7332.669242304352,0.541651147182705,32.55806926150255,49.47776678035592
D,20,10,125,breslow,3,0.1,1.0,0.95,,,,
D,20,10,125,breslow,3,1.0,0.0,0.3,7230.259991730246,0.5432435643867091,32.53840023076969,49.39060149719758
D,20,10,125,breslow,3,1.0,0.0,0.5,7332.669242304352,0.541651147182705,32.55806926150255,49.47776678035592
D,20,10,125,breslow,3,1.0,0.0,0.95,,,,
D,20,10,125,breslow,3,1.0,0.5,0.3,7230.259991730246,0.5432435643867091,32.53840023076969,49.39060149719758
D,20,10,125,breslow,3,1.0,0.5,0.5,7332.669242304352,0.541651147182705,32.55806926150255,49.47776678035592
D,20,10,125,breslow,3,1.0,0.5,0.95,,,,
D,20,10,125,breslow,3,1.0,1.0,0.3,7230.259991730246,0.5432435643867091,32.53840023076969,49.39060149719758
D,20,10,125,breslow,3,1.0,1.0,0.5,7332.669242304352,0.541651147182705,32.55806926150255,49.47776678035592
D,20,10,125,breslow,3,1.0,1.0,0.95,,,,
D,20,10,125,breslow,5,0.0,0.0,0.3,,,,
D,20,10,125,breslow,5,0.0,0.0,0.5,,,,
D,20,10,125,breslow,5,0.0,0.0,0.95,,,,
D,20,10,125,breslow,5,0.0,0.5,0.3,,,,
D,20,10,125,breslow,5,0.0,0.5,0.5,,,,
D,20,10,125,breslow,5,0.0,0.5,0.95,,,,
D,20,10,125,breslow,5,0.0,1.0,0.3,,,,
D,20,10,125,breslow,5,0.0,1.0,0.5,,,,
D,20,10,125,breslow,5,0.0,1.0,0.95,,,,
D,20,10,125,breslow,5,0.1,0.0,0.3,7230.2517466332165,0.5432791701833644,32.533955786325244,49.387216710095096
D,20,10,125,breslow,5,0.1,0.0,0.5,7332.665026977376,0.54165135802384,32.55788013620705,49.47755727819286
D,20,10,125,breslow,5,0.1,0.0,0.95,,,,
D,20,10,125,breslow,5,0.1,0.5,0.3,7230.259991730246,0.5432435643867091,32.53840023076969,49.39060149719758
D,20,10,125,breslow,5,0.1,0.5,0.5,7332.669242304352,0.541651147182705,32.55806926150255,49.47776678035592
D,20,10,125,breslow,5,0.1,0.5,0.95,,,,
D,20,10,125,breslow,5,0.1,1.0,0.3,7230.259991730246,0.5432435643867091,32.53840023076969,49.39060149719758
D,20,10,125,breslow,5,0.1,1.0,0.5,7332.669242304352,0.541651147182705,32.55806926150255,49.47776678035592
D,20,10,125,breslow,5,0.1,1.0,0.95,,,,
D,20,10,125,breslow,5,1.0,0.0,0.3,7230.259991730246,0.5432435643867091,32.53840023076969,49.39060149719758
D,20,10,125,breslow,5,1.0,0.0,0.5,7332.669242304352,0.541651147182705,32.55806926150255,49.47776678035592
D,20,10,125,breslow,5,1.0,0.0,0.95,,,,
D,20,10,125,breslow,5,1.0,0.5,0.3,7230.259991730246,0.5432435643867091,32.53840023076969,49.39060149719758
D,20,10,125,breslow,5,1.0,0.5,0.5,7332.669242304352,0.541651147182705,32.55806926150255,49.47776678035592
D,20,10,125,breslow,5,1.0,0.5,0.95,,,,
D,20,10,125,breslow,5,1.0,1.0,0.3,7230.259991730246,0.5432435643867091,32.53840023076969,49.39060149719758
D,20,10,125,breslow,5,1.0,1.0,0.5,7332.669242304352,0.541651147182705,32.55806926150255,49.47776678035592
D,20,10,125,breslow,5,1.0,1.0,0.95,,,,
D,20,10,125,spline,3,0.0,0.0,0.3,,,,
D,20,10,125,spline,3,0.0,0.0,0.5,,,,
D,20,10,125,spline,3,0.0,0.0,0.95,,,,
D,20,10,125,spline,3,0.0,0.5,0.3,,,,
D,20,10,125,spline,3,0.0,0.5,0.5,,,,
D,20,10,125,spline,3,0.0,0.5,0.95,,,,
D,20,10,125,spline,3,0.0,1.0,0.3,,,,
D,20,10,125,spline,3,0.0,1.0,0.5,,,,
D,20,10,125,spline,3,0.0,1.0,0.95,,,,
D,20,10,125,spline,3,0.1,0.0,0.3,,,,
D,20,10,125,spline,3,0.1,0.0,0.5,,,,
D,20,10,125,spline,3,0.1,0.0,0.95,,,,
D,20,10,125,spline,3,0.1,0.5,0.3,,,,
D,20,10,125,spline,3,0.1,0.5,0.5,,,,
D,20,10,125,spline,3,0.1,0.5,0.95,,,,
D,20,10,125,spline,3,0.1,1.0,0.3,,,,
D,20,10,125,spline,3,0.1,1.0,0.5,,,,
D,20,10,125,spline,3,0.1,1.0,0.95,,,,
D,20,10,125,spline,3,1.0,0.0,0.3,,,,
D,20,10,125,spline,3,1.0,0.0,0.5,,,,
D,20,10,125,spline,3,1.0,0.0,0.95,,,,
D,20,10,125,spline,3,1.0,0.5,0.3,,,,
D,20,10,125,spline,3,1.0,0.5,0.5,,,,
D,20,10,125,spline,3,1.0,0.5,0.95,,,,
D,20,10,125,spline,3,1.0,1.0,0.3,,,,
D,20,10,125,spline,3,1.0,1.0,0.5,,,,
D,20,10,125,spline,3,1.0,1.0,0.95,,,,
D,20,10,125,spline,5,0.0,0.0,0.3,,,,
D,20,10,125,spline,5,0.0,0.0,0.5,,,,
D,20,10,125,spline,5,0.0,0.0,0.95,,,,
D,20,10,125,spline,5,0.0,0.5,0.3,,,,
D,20,10,125,spline,5,0.0,0.5,0.5,,,,
D,20,10,125,spline,5,0.0,0.5,0.95,,,,
D,20,10,125,spline,5,0.0,1.0,0.3,,,,
D,20,10,125,spline,5,0.0,1.0,0.5,,,,
D,20,10,125,spline,5,0.0,1.0,0.95,,,,
D,20,10,125,spline,5,0.1,0.0,0.3,,,,
D,20,10,125,spline,5,0.1,0.0,0.5,,,,
D,20,10,125,spline,5,0.1,0.0,0.95,,,,
D,20,10,125,spline,5,0.1,0.5,0.3,,,,
D,20,10,125,spline,5,0.1,0.5,0.5,,,,
D,20,10,125,spline,5,0.1,0.5,0.95,,,,
D,20,10,125,spline,5,0.1,1.0,0.3,,,,
D,20,10,125,spline,5,0.1,1.0,0.5,,,,
D,20,10,125,spline,5,0.1,1.0,0.95,,,,
D,20,10,125,spline,5,1.0,0.0,0.3,,,,
D,20,10,125,spline,5,1.0,0.0,0.5,,,,
D,20,10,125,spline,5,1.0,0.0,0.95,,,,
D,20,10,125,spline,5,1.0,0.5,0.3,,,,
D,20,10,125,spline,5,1.0,0.5,0.5,,,,
D,20,10,125,spline,5,1.0,0.5,0.95,,,,
D,20,10,125,spline,5,1.0,1.0,0.3,,,,
D,20,10,125,spline,5,1.0,1.0,0.5,,,,
D,20,10,125,spline,5,1.0,1.0,0.95,,,,
D,20,15,115,breslow,3,0.0,0.0,0.3,,,,
D,20,15,115,breslow,3,0.0,0.0,0.5,,,,
D,20,15,115,breslow,3,0.0,0.0,0.95,,,,
D,20,15,115,breslow,3,0.0,0.5,0.3,,,,
D,20,15,115,breslow,3,0.0,0.5,0.5,,,,
D,20,15,115,breslow,3,0.0,0.5,0.95,,,,
D,20,15,115,breslow,3,0.0,1.0,0.3,,,,
D,20,15,115,breslow,3,0.0,1.0,0.5,,,,
D,20,15,115,breslow,3,0.0,1.0,0.95,,,,
D,20,15,115,breslow,3,0.1,0.0,0.3,7230.906086333582,0.546070940460272,36.71976625074905,49.785549500102185
D,20,15,115,breslow,3,0.1,0.0,0.5,7333.3429749871775,0.5442923013668978,36.75787499779396,49.882213976982996
D,20,15,115,breslow,3,0.1,0.0,0.95,,,,
D,20,15,115,breslow,3,0.1,0.5,0.3,7230.912864250752,0.5460325478352379,36.72326506871595,49.78873406985973
D,20,15,115,breslow,3,0.1,0.5,0.5,7333.347190314154,0.5442920775031949,36.758064123089476,49.88242254464081
D,20,15,115,breslow,3,0.1,0.5,0.95,,,,
D,20,15,115,breslow,3,0.1,1.0,0.3,7230.912864250752,0.5460325478352379,36.72326506871595,49.78873406985973
D,20,15,115,breslow,3,0.1,1.0,0.5,7333.347190314154,0.5442920775031949,36.758064123089476,49.88242254464081
D,20,15,115,breslow,3,0.1,1.0,0.95,,,,
D,20,15,115,breslow,3,1.0,0.0,0.3,7230.912864250752,0.5460325478352379,36.72326506871595,49.78873406985973
D,20,15,115,breslow,3,1.0,0.0,0.5,7333.347190314154,0.5442920775031949,36.758064123089476,49.88242254464081
D,20,15,115,breslow,3,1.0,0.0,0.95,,,,
D,20,15,115,breslow,3,1.0,0.5,0.3,7230.912864250752,0.5460325478352379,36.72326506871595,49.78873406985973
D,20,15,115,breslow,3,1.0,0.5,0.5,7333.347190314154,0.5442920775031949,36.758064123089476,49.88242254464081
D,20,15,115,breslow,3,1.0,0.5,0.95,,,,
D,20,15,115,breslow,3,1.0,1.0,0.3,7230.912864250752,0.5460325478352379,36.72326506871595,49.78873406985973
D,20,15,115,breslow,3,1.0,1.0,0.5,7333.347190314154,0.5442920775031949,36.758064123089476,49.88242254464081
D,20,15,115,breslow,3,1.0,1.0,0.95,,,,
D,20,15,115,breslow,5,0.0,0.0,0.3,,,,
D,20,15,115,breslow,5,0.0,0.0,0.5,,,,
D,20,15,115,breslow,5,0.0,0.0,0.95,,,,
D,20,15,115,breslow,5,0.0,0.5,0.3,,,,
D,20,15,115,breslow,5,0.0,0.5,0.5,,,,
D,20,15,115,breslow,5,0.0,0.5,0.95,,,,
D,20,15,115,breslow,5,0.0,1.0,0.3,,,,
D,20,15,115,breslow,5,0.0,1.0,0.5,,,,
D,20,15,115,breslow,5,0.0,1.0,0.95,,,,
D,20,15,115,breslow,5,0.1,0.0,0.3,7230.906086333582,0.546070940460272,36.71976625074905,49.785549500102185
D,20,15,115,breslow,5,0.1,0.0,0.5,7333.3429749871775,0.5442923013668978,36.75787499779396,49.882213976982996
D,20,15,115,breslow,5,0.1,0.0,0.95,,,,
D,20,15,115,breslow,5,0.1,0.5,0.3,7230.912864250752,0.5460325478352379,36.72326506871595,49.78873406985973
D,20,15,115,breslow,5,0.1,0.5,0.5,7333.347190314154,0.5442920775031949,36.758064123089476,49.88242254464081
D,20,15,115,breslow,5,0.1,0.5,0.95,,,,
D,20,15,115,breslow,5,0.1,1.0,0.3,7230.912864250752,0.5460325478352379,36.72326506871595,49.78873406985973
D,20,15,115,breslow,5,0.1,1.0,0.5,7333.347190314154,0.5442920775031949,36.758064123089476,49.88242254464081
D,20,15,115,breslow,5,0.1,1.0,0.95,,,,
D,20,15,115,breslow,5,1.0,0.0,0.3,7230.912864250752,0.5460325478352379,36.72326506871595,49.78873406985973
D,20,15,115,breslow,5,1.0,0.0,0.5,7333.347190314154,0.5442920775031949,36.758064123089476,49.88242254464081
D,20,15,115,breslow,5,1.0,0.0,0.95,,,,
D,20,15,115,breslow,5,1.0,0.5,0.3,7230.912864250752,0.5460325478352379,36.72326506871595,49.78873406985973
D,20,15,115,breslow,5,1.0,0.5,0.5,7333.347190314154,0.5442920775031949,36.758064123089476,49.88242254464081
D,20,15,115,breslow,5,1.0,0.5,0.95,,,,
D,20,15,115,breslow,5,1.0,1.0,0.3,7230.912864250752,0.5460325478352379,36.72326506871595,49.78873406985973
D,20,15,115,breslow,5,1.0,1.0,0.5,7333.347190314154,0.5442920775031949,36.758064123089476,49.88242254464081
D,20,15,115,breslow,5,1.0,1.0,0.95,,,,
D,20,15,115,spline,3,0.0,0.0,0.3,,,,
D,20,15,115,spline,3,0.0,0.0,0.5,,,,
D,20,15,115,spline,3,0.0,0.0,0.95,,,,
D,20,15,115,spline,3,0.0,0.5,0.3,,,,
D,20,15,115,spline,3,0.0,0.5,0.5,,,,
D,20,15,115,spline,3,0.0,0.5,0.95,,,,
D,20,15,115,spline,3,0.0,1.0,0.3,,,,
D,20,15,115,spline,3,0.0,1.0,0.5,,,,
D,20,15,115,spline,3,0.0,1.0,0.95,,,,
D,20,15,115,spline,3,0.1,0.0,0.3,,,,
D,20,15,115,spline,3,0.1,0.0,0.5,,,,
D,20,15,115,spline,3,0.1,0.0,0.95,,,,
D,20,15,115,spline,3,0.1,0.5,0.3,,,,
D,20,15,115,spline,3,0.1,0.5,0.5,,,,
D,20,15,115,spline,3,0.1,0.5,0.95,,,,
D,20,15,115,spline,3,0.1,1.0,0.3,,,,
D,20,15,115,spline,3,0.1,1.0,0.5,,,,
D,20,15,115,spline,3,0.1,1.0,0.95,,,,
D,20,15,115,spline,3,1.0,0.0,0.3,,,,
D,20,15,115,spline,3,1.0,0.0,0.5,,,,
D,20,15,115,spline,3,1.0,0.0,0.95,,,,
D,20,15,115,spline,3,1.0,0.5,0.3,,,,
D,20,15,115,spline,3,1.0,0.5,0.5,,,,
D,20,15,115,spline,3,1.0,0.5,0.95,,,,
D,20,15,115,spline,3,1.0,1.0,0.3,,,,
D,20,15,115,spline,3,1.0,1.0,0.5,,,,
D,20,15,115,spline,3,1.0,1.0,0.95,,,,
D,20,15,115,spline,5,0.0,0.0,0.3,,,,
D,20,15,115,spline,5,0.0,0.0,0.5,,,,
D,20,15,115,spline,5,0.0,0.0,0.95,,,,
D,20,15,115,spline,5,0.0,0.5,0.3,,,,
D,20,15,115,spline,5,0.0,0.5,0.5,,,,
D,20,15,115,spline,5,0.0,0.5,0.95,,,,
D,20,15,115,spline,5,0.0,1.0,0.3,,,,
D,20,15,115,spline,5,0.0,1.0,0.5,,,,
D,20,15,115,spline,5,0.0,1.0,0.95,,,,
D,20,15,115,spline,5,0.1,0.0,0.3,,,,
D,20,15,115,spline,5,0.1,0.0,0.5,,,,
D,20,15,115,spline,5,0.1,0.0,0.95,,,,
D,20,15,115,spline,5,0.1,0.5,0.3,,,,
D,20,15,115,spline,5,0.1,0.5,0.5,,,,
D,20,15,115,spline,5,0.1,0.5,0.95,,,,
D,20,15,115,spline,5,0.1,1.0,0.3,,,,
D,20,15,115,spline,5,0.1,1.0,0.5,,,,
D,20,15,115,spline,5,0.1,1.0,0.95,,,,
D,20,15,115,spline,5,1.0,0.0,0.3,,,,
D,20,15,115,spline,5,1.0,0.0,0.5,,,,
D,20,15,115,spline,5,1.0,0.0,0.95,,,,
D,20,15,115,spline,5,1.0,0.5,0.3,,,,
D,20,15,115,spline,5,1.0,0.5,0.5,,,,
D,20,15,115,spline,5,1.0,0.5,0.95,,,,
D,20,15,115,spline,5,1.0,1.0,0.3,,,,
D,20,15,115,spline,5,1.0,1.0,0.5,,,,
D,20,15,115,spline,5,1.0,1.0,0.95,,,,
D,20,15,120,breslow,3,0.0,0.0,0.3,,,,
D,20,15,120,breslow,3,0.0,0.0,0.5,,,,
D,20,15,120,breslow,3,0.0,0.0,0.95,,,,
D,20,15,120,breslow,3,0.0,0.5,0.3,,,,
D,20,15,120,breslow,3,0.0,0.5,0.5,,,,
D,20,15,120,breslow,3,0.0,0.5,0.95,,,,
D,20,15,120,breslow,3,0.0,1.0,0.3,,,,
D,20,15,120,breslow,3,0.0,1.0,0.5,,,,
D,20,15,120,breslow,3,0.0,1.0,0.95,,,,
D,20,15,120,breslow,3,0.1,0.0,0.3,7230.472278735433,0.5445799238342721,34.54759898803075,49.47063401073342
D,20,15,120,breslow,3,0.1,0.0,0.5,7332.898470742044,0.5428781963518086,34.578710099141865,49.56446829418677
D,20,15,120,breslow,3,0.1,0.0,0.95,,,,
D,20,15,120,breslow,3,0.1,0.5,0.3,7230.480293796501,0.5445412032071906,34.55166518188418,49.474194062061066
D,20,15,120,breslow,3,0.1,0.5,0.5,7332.902686069021,0.5428779793535482,34.578899224437365,49.564677783387346
D,20,15,120,breslow,3,0.1,0.5,0.95,,,,
D,20,15,120,breslow,3,0.1,1.0,0.3,7230.480293796501,0.5445412032071906,34.55166518188418,49.474194062061066
D,20,15,120,breslow,3,0.1,1.0,0.5,7332.902686069021,0.5428779793535482,34.578899224437365,49.564677783387346
D,20,15,120,breslow,3,0.1,1.0,0.95,,,,
D,20,15,120,breslow,3,1.0,0.0,0.3,7230.480293796501,0.5445412032071906,34.55166518188418,49.474194062061066
D,20,15,120,breslow,3,1.0,0.0,0.5,7332.902686069021,0.5428779793535482,34.578899224437365,49.564677783387346
D,20,15,120,breslow,3,1.0,0.0,0.95,,,,
D,20,15,120,breslow,3,1.0,0.5,0.3,7230.480293796501,0.5445412032071906,34.55166518188418,49.474194062061066
D,20,15,120,breslow,3,1.0,0.5,0.5,7332.902686069021,0.5428779793535482,34.578899224437365,49.564677783387346
D,20,15,120,breslow,3,1.0,0.5,0.95,,,,
D,20,15,120,breslow,3,1.0,1.0,0.3,7230.480293796501,0.5445412032071906,34.55166518188418,49.474194062061066
D,20,15,120,breslow,3,1.0,1.0,0.5,7332.902686069021,0.5428779793535482,34.578899224437365,49.564677783387346
D,20,15,120,breslow,3,1.0,1.0,0.95,,,,
D,20,15,120,breslow,5,0.0,0.0,0.3,,,,
D,20,15,120,breslow,5,0.0,0.0,0.5,,,,
D,20,15,120,breslow,5,0.0,0.0,0.95,,,,
D,20,15,120,breslow,5,0.0,0.5,0.3,,,,
D,20,15,120,breslow,5,0.0,0.5,0.5,,,,
D,20,15,120,breslow,5,0.0,0.5,0.95,,,,
D,20,15,120,breslow,5,0.0,1.0,0.3,,,,
D,20,15,120,breslow,5,0.0,1.0,0.5,,,,
D,20,15,120,breslow,5,0.0,1.0,0.95,,,,
D,20,15,120,breslow,5,0.1,0.0,0.3,7230.472278735433,0.5445799238342721,34.54759898803075,49.47063401073342
D,20,15,120,breslow,5,0.1,0.0,0.5,7332.898470742044,0.5428781963518086,34.578710099141865,49.56446829418677
D,20,15,120,breslow,5,0.1,0.0,0.95,,,,
D,20,15,120,breslow,5,0.1,0.5,0.3,7230.480293796501,0.5445412032071906,34.55166518188418,49.474194062061066
D,20,15,120,breslow,5,0.1,0.5,0.5,7332.902686069021,0.5428779793535482,34.578899224437365,49.564677783387346
D,20,15,120,breslow,5,0.1,0.5,0.95,,,,
D,20,15,120,breslow,5,0.1,1.0,0.3,7230.480293796501,0.5445412032071906,34.55166518188418,49.474194062061066
D,20,15,120,breslow,5,0.1,1.0,0.5,7332.902686069021,0.5428779793535482,34.578899224437365,49.564677783387346
D,20,15,120,breslow,5,0.1,1.0,0.95,,,,
D,20,15,120,breslow,5,1.0,0.0,0.3,7230.480293796501,0.5445412032071906,34.55166518188418,49.474194062061066
D,20,15,120,breslow,5,1.0,0.0,0.5,7332.902686069021,0.5428779793535482,34.578899224437365,49.564677783387346
D,20,15,120,breslow,5,1.0,0.0,0.95,,,,
D,20,15,120,breslow,5,1.0,0.5,0.3,7230.480293796501,0.5445412032071906,34.55166518188418,49.474194062061066
D,20,15,120,breslow,5,1.0,0.5,0.5,7332.902686069021,0.5428779793535482,34.578899224437365,49.564677783387346
D,20,15,120,breslow,5,1.0,0.5,0.95,,,,
D,20,15,120,breslow,5,1.0,1.0,0.3,7230.480293796501,0.5445412032071906,34.55166518188418,49.474194062061066
D,20,15,120,breslow,5,1.0,1.0,0.5,7332.902686069021,0.5428779793535482,34.578899224437365,49.564677783387346
D,20,15,120,breslow,5,1.0,1.0,0.95,,,,
D,20,15,120,spline,3,0.0,0.0,0.3,,,,
D,20,15,120,spline,3,0.0,0.0,0.5,,,,
D,20,15,120,spline,3,0.0,0.0,0.95,,,,
D,20,15,120,spline,3,0.0,0.5,0.3,,,,
D,20,15,120,spline,3,0.0,0.5,0.5,,,,
D,20,15,120,spline,3,0.0,0.5,0.95,,,,
D,20,15,120,spline,3,0.0,1.0,0.3,,,,
D,20,15,120,spline,3,0.0,1.0,0.5,,,,
D,20,15,120,spline,3,0.0,1.0,0.95,,,,
D,20,15,120,spline,3,0.1,0.0,0.3,,,,
D,20,15,120,spline,3,0.1,0.0,0.5,,,,
D,20,15,120,spline,3,0.1,0.0,0.95,,,,
D,20,15,120,spline,3,0.1,0.5,0.3,,,,
D,20,15,120,spline,3,0.1,0.5,0.5,,,,
D,20,15,120,spline,3,0.1,0.5,0.95,,,,
D,20,15,120,spline,3,0.1,1.0,0.3,,,,
D,20,15,120,spline,3,0.1,1.0,0.5,,,,
D,20,15,120,spline,3,0.1,1.0,0.95,,,,
D,20,15,120,spline,3,1.0,0.0,0.3,,,,
D,20,15,120,spline,3,1.0,0.0,0.5,,,,
D,20,15,120,spline,3,1.0,0.0,0.95,,,,
D,20,15,120,spline,3,1.0,0.5,0.3,,,,
D,20,15,120,spline,3,1.0,0.5,0.5,,,,
D,20,15,120,spline,3,1.0,0.5,0.95,,,,
D,20,15,120,spline,3,1.0,1.0,0.3,,,,
D,20,15,120,spline,3,1.0,1.0,0.5,,,,
D,20,15,120,spline,3,1.0,1.0,0.95,,,,
D,20,15,120,spline,5,0.0,0.0,0.3,,,,
D,20,15,120,spline,5,0.0,0.0,0.5,,,,
D,20,15,120,spline,5,0.0,0.0,0.95,,,,
D,20,15,120,spline,5,0.0,0.5,0.3,,,,
D,20,15,120,spline,5,0.0,0.5,0.5,,,,
D,20,15,120,spline,5,0.0,0.5,0.95,,,,
D,20,15,120,spline,5,0.0,1.0,0.3,,,,
D,20,15,120,spline,5,0.0,1.0,0.5,,,,
D,20,15,120,spline,5,0.0,1.0,0.95,,,,
D,20,15,120,spline,5,0.1,0.0,0.3,,,,
D,20,15,120,spline,5,0.1,0.0,0.5,,,,
D,20,15,120,spline,5,0.1,0.0,0.95,,,,
D,20,15,120,spline,5,0.1,0.5,0.3,,,,
D,20,15,120,spline,5,0.1,0.5,0.5,,,,
D,20,15,120,spline,5,0.1,0.5,0.95,,,,
D,20,15,120,spline,5,0.1,1.0,0.3,,,,
D,20,15,120,spline,5,0.1,1.0,0.5,,,,
D,20,15,120,spline,5,0.1,1.0,0.95,,,,
D,20,15,120,spline,5,1.0,0.0,0.3,,,,
D,20,15,120,spline,5,1.0,0.0,0.5,,,,
D,20,15,120,spline,5,1.0,0.0,0.95,,,,
D,20,15,120,spline,5,1.0,0.5,0.3,,,,
D,20,15,120,spline,5,1.0,0.5,0.5,,,,
D,20,15,120,spline,5,1.0,0.5,0.95,,,,
D,20,15,120,spline,5,1.0,1.0,0.3,,,,
D,20,15,120,spline,5,1.0,1.0,0.5,,,,
D,20,15,120,spline,5,1.0,1.0,0.95,,,,
D,20,15,125,breslow,3,0.0,0.0,0.3,,,,
D,20,15,125,breslow,3,0.0,0.0,0.5,,,,
D,20,15,125,breslow,3,0.0,0.0,0.95,,,,
D,20,15,125,breslow,3,0.0,0.5,0.3,,,,
D,20,15,125,breslow,3,0.0,0.5,0.5,,,,
D,20,15,125,breslow,3,0.0,0.5,0.95,,,,
D,20,15,125,breslow,3,0.0,1.0,0.3,,,,
D,20,15,125,breslow,3,0.0,1.0,0.5,,,,
D,20,15,125,breslow,3,0.0,1.0,0.95,,,,
D,20,15,125,breslow,3,0.1,0.0,0.3,7230.250499622608,0.5432821746695368,32.533199285143205,49.38671153315939
D,20,15,125,breslow,3,0.1,0.0,0.5,7332.665026977376,0.54165135802384,32.55788013620705,49.47755727819286
D,20,15,125,breslow,3,0.1,0.0,0.95,,,,
D,20,15,125,breslow,3,0.1,0.5,0.3,7230.259991730246,0.5432435643867091,32.53840023076969,49.39060149719758
D,20,15,125,breslow,3,0.1,0.5,0.5,7332.669242304352,0.541651147182705,32.55806926150255,49.47776678035592
D,20,15,125,breslow,3,0.1,0.5,0.95,,,,
D,20,15,125,breslow,3,0.1,1.0,0.3,7230.259991730246,0.5432435643867091,32.53840023076969,49.39060149719758
D,20,15,125,breslow,3,0.1,1.0,0.5,7332.669242304352,0.541651147182705,32.55806926150255,49.47776678035592
D,20,15,125,breslow,3,0.1,1.0,0.95,,,,
D,20,15,125,breslow,3,1.0,0.0,0.3,7230.259991730246,0.5432435643867091,32.53840023076969,49.39060149719758
D,20,15,125,breslow,3,1.0,0.0,0.5,7332.669242304352,0.541651147182705,32.55806926150255,49.47776678035592
D,20,15,125,breslow,3,1.0,0.0,0.95,,,,
D,20,15,125,breslow,3,1.0,0.5,0.3,7230.259991730246,0.5432435643867091,32.53840023076969,49.39060149719758
D,20,15,125,breslow,3,1.0,0.5,0.5,7332.669242304352,0.541651147182705,32.55806926150255,49.47776678035592
D,20,15,125,breslow,3,1.0,0.5,0.95,,,,
D,20,15,125,breslow,3,1.0,1.0,0.3,7230.259991730246,0.5432435643867091,32.53840023076969,49.39060149719758
D,20,15,125,breslow,3,1.0,1.0,0.5,7332.669242304352,0.541651147182705,32.55806926150255,49.47776678035592
D,20,15,125,breslow,3,1.0,1.0,0.95,,,,
D,20,15,125,breslow,5,0.0,0.0,0.3,,,,
D,20,15,125,breslow,5,0.0,0.0,0.5,,,,
D,20,15,125,breslow,5,0.0,0.0,0.95,,,,
D,20,15,125,breslow,5,0.0,0.5,0.3,,,,
D,20,15,125,breslow,5,0.0,0.5,0.5,,,,
D,20,15,125,breslow,5,0.0,0.5,0.95,,,,
D,20,15,125,breslow,5,0.0,1.0,0.3,,,,
D,20,15,125,breslow,5,0.0,1.0,0.5,,,,
D,20,15,125,breslow,5,0.0,1.0,0.95,,,,
D,20,15,125,breslow,5,0.1,0.0,0.3,7230.250499622608,0.5432821746695368,32.533199285143205,49.38671153315939
D,20,15,125,breslow,5,0.1,0.0,0.5,7332.665026977376,0.54165135802384,32.55788013620705,49.47755727819286
D,20,15,125,breslow,5,0.1,0.0,0.95,,,,
D,20,15,125,breslow,5,0.1,0.5,0.3,7230.259991730246,0.5432435643867091,32.53840023076969,49.39060149719758
D,20,15,125,breslow,5,0.1,0.5,0.5,7332.669242304352,0.541651147182705,32.55806926150255,49.47776678035592
D,20,15,125,breslow,5,0.1,0.5,0.95,,,,
D,20,15,125,breslow,5,0.1,1.0,0.3,7230.259991730246,0.5432435643867091,32.53840023076969,49.39060149719758
D,20,15,125,breslow,5,0.1,1.0,0.5,7332.669242304352,0.541651147182705,32.55806926150255,49.47776678035592
D,20,15,125,breslow,5,0.1,1.0,0.95,,,,
D,20,15,125,breslow,5,1.0,0.0,0.3,7230.259991730246,0.5432435643867091,32.53840023076969,49.39060149719758
D,20,15,125,breslow,5,1.0,0.0,0.5,7332.669242304352,0.541651147182705,32.55806926150255,49.47776678035592
D,20,15,125,breslow,5,1.0,0.0,0.95,,,,
D,20,15,125,breslow,5,1.0,0.5,0.3,7230.259991730246,0.5432435643867091,32.53840023076969,49.39060149719758
D,20,15,125,breslow,5,1.0,0.5,0.5,7332.669242304352,0.541651147182705,32.55806926150255,49.47776678035592
D,20,15,125,breslow,5,1.0,0.5,0.95,,,,
D,20,15,125,breslow,5,1.0,1.0,0.3,7230.259991730246,0.5432435643867091,32.53840023076969,49.39060149719758
D,20,15,125,breslow,5,1.0,1.0,0.5,7332.669242304352,0.541651147182705,32.55806926150255,49.47776678035592
D,20,15,125,breslow,5,1.0,1.0,0.95,,,,
D,20,15,125,spline,3,0.0,0.0,0.3,,,,
D,20,15,125,spline,3,0.0,0.0,0.5,,,,
D,20,15,125,spline,3,0.0,0.0,0.95,,,,
D,20,15,125,spline,3,0.0,0.5,0.3,,,,
D,20,15,125,spline,3,0.0,0.5,0.5,,,,
D,20,15,125,spline,3,0.0,0.5,0.95,,,,
D,20,15,125,spline,3,0.0,1.0,0.3,,,,
D,20,15,125,spline,3,0.0,1.0,0.5,,,,
D,20,15,125,spline,3,0.0,1.0,0.95,,,,
D,20,15,125,spline,3,0.1,0.0,0.3,,,,
D,20,15,125,spline,3,0.1,0.0,0.5,,,,
D,20,15,125,spline,3,0.1,0.0,0.95,,,,
D,20,15,125,spline,3,0.1,0.5,0.3,,,,
D,20,15,125,spline,3,0.1,0.5,0.5,,,,
D,20,15,125,spline,3,0.1,0.5,0.95,,,,
D,20,15,125,spline,3,0.1,1.0,0.3,,,,
D,20,15,125,spline,3,0.1,1.0,0.5,,,,
D,20,15,125,spline,3,0.1,1.0,0.95,,,,
D,20,15,125,spline,3,1.0,0.0,0.3,,,,
D,20,15,125,spline,3,1.0,0.0,0.5,,,,
D,20,15,125,spline,3,1.0,0.0,0.95,,,,
D,20,15,125,spline,3,1.0,0.5,0.3,,,,
D,20,15,125,spline,3,1.0,0.5,0.5,,,,
D,20,15,125,spline,3,1.0,0.5,0.95,,,,
D,20,15,125,spline,3,1.0,1.0,0.3,,,,
D,20,15,125,spline,3,1.0,1.0,0.5,,,,
D,20,15,125,spline,3,1.0,1.0,0.95,,,,
D,20,15,125,spline,5,0.0,0.0,0.3,,,,
D,20,15,125,spline,5,0.0,0.0,0.5,,,,
D,20,15,125,spline,5,0.0,0.0,0.95,,,,
D,20,15,125,spline,5,0.0,0.5,0.3,,,,
D,20,15,125,spline,5,0.0,0.5,0.5,,,,
D,20,15,125,spline,5,0.0,0.5,0.95,,,,
D,20,15,125,spline,5,0.0,1.0,0.3,,,,
D,20,15,125,spline,5,0.0,1.0,0.5,,,,
D,20,15,125,spline,5,0.0,1.0,0.95,,,,
D,20,15,125,spline,5,0.1,0.0,0.3,,,,
D,20,15,125,spline,5,0.1,0.0,0.5,,,,
D,20,15,125,spline,5,0.1,0.0,0.95,,,,
D,20,15,125,spline,5,0.1,0.5,0.3,,,,
D,20,15,125,spline,5,0.1,0.5,0.5,,,,
D,20,15,125,spline,5,0.1,0.5,0.95,,,,
D,20,15,125,spline,5,0.1,1.0,0.3,,,,
D,20,15,125,spline,5,0.1,1.0,0.5,,,,
D,20,15,125,spline,5,0.1,1.0,0.95,,,,
D,20,15,125,spline,5,1.0,0.0,0.3,,,,
D,20,15,125,spline,5,1.0,0.0,0.5,,,,
D,20,15,125,spline,5,1.0,0.0,0.95,,,,
D,20,15,125,spline,5,1.0,0.5,0.3,,,,
D,20,15,125,spline,5,1.0,0.5,0.5,,,,
D,20,15,125,spline,5,1.0,0.5,0.95,,,,
D,20,15,125,spline,5,1.0,1.0,0.3,,,,
D,20,15,125,spline,5,1.0,1.0,0.5,,,,
D,20,15,125,spline,5,1.0,1.0,0.95,,,,
D,20,20,115,breslow,3,0.0,0.0,0.3,,,,
D,20,20,115,breslow,3,0.0,0.0,0.5,,,,
D,20,20,115,breslow,3,0.0,0.0,0.95,,,,
D,20,20,115,breslow,3,0.0,0.5,0.3,,,,
D,20,20,115,breslow,3,0.0,0.5,0.5,,,,
D,20,20,115,breslow,3,0.0,0.5,0.95,,,,
D,20,20,115,breslow,3,0.0,1.0,0.3,,,,
D,20,20,115,breslow,3,0.0,1.0,0.5,,,,
D,20,20,115,breslow,3,0.0,1.0,0.95,,,,
D,20,20,115,breslow,3,0.1,0.0,0.3,7230.90898112601,0.5460407328518724,36.721184690465364,49.786760656898224
D,20,20,115,breslow,3,0.1,0.0,0.5,7333.3429749871775,0.5442923013668978,36.75787499779396,49.882213976982996
D,20,20,115,breslow,3,0.1,0.0,0.95,,,,
D,20,20,115,breslow,3,0.1,0.5,0.3,7230.912864250752,0.5460325478352379,36.72326506871595,49.78873406985973
D,20,20,115,breslow,3,0.1,0.5,0.5,7333.347190314154,0.5442920775031949,36.758064123089476,49.88242254464081
D,20,20,115,breslow,3,0.1,0.5,0.95,,,,
D,20,20,115,breslow,3,0.1,1.0,0.3,7230.912864250752,0.5460325478352379,36.72326506871595,49.78873406985973
D,20,20,115,breslow,3,0.1,1.0,0.5,7333.347190314154,0.5442920775031949,36.758064123089476,49.88242254464081
D,20,20,115,breslow,3,0.1,1.0,0.95,,,,
D,20,20,115,breslow,3,1.0,0.0,0.3,7230.912864250752,0.5460325478352379,36.72326506871595,49.78873406985973
D,20,20,115,breslow,3,1.0,0.0,0.5,7333.347190314154,0.5442920775031949,36.758064123089476,49.88242254464081
D,20,20,115,breslow,3,1.0,0.0,0.95,,,,
D,20,20,115,breslow,3,1.0,0.5,0.3,7230.912864250752,0.5460325478352379,36.72326506871595,49.78873406985973
D,20,20,115,breslow,3,1.0,0.5,0.5,7333.347190314154,0.5442920775031949,36.758064123089476,49.88242254464081
D,20,20,115,breslow,3,1.0,0.5,0.95,,,,
D,20,20,115,breslow,3,1.0,1.0,0.3,7230.912864250752,0.5460325478352379,36.72326506871595,49.78873406985973
D,20,20,115,breslow,3,1.0,1.0,0.5,7333.347190314154,0.5442920775031949,36.758064123089476,49.88242254464081
D,20,20,115,breslow,3,1.0,1.0,0.95,,,,
D,20,20,115,breslow,5,0.0,0.0,0.3,,,,
D,20,20,115,breslow,5,0.0,0.0,0.5,,,,
D,20,20,115,breslow,5,0.0,0.0,0.95,,,,
D,20,20,115,breslow,5,0.0,0.5,0.3,,,,
D,20,20,115,breslow,5,0.0,0.5,0.5,,,,
D,20,20,115,breslow,5,0.0,0.5,0.95,,,,
D,20,20,115,breslow,5,0.0,1.0,0.3,,,,
D,20,20,115,breslow,5,0.0,1.0,0.5,,,,
D,20,20,115,breslow,5,0.0,1.0,0.95,,,,
D,20,20,115,breslow,5,0.1,0.0,0.3,7230.90898112601,0.5460407328518724,36.721184690465364,49.786760656898224
D,20,20,115,breslow,5,0.1,0.0,0.5,7333.3429749871775,0.5442923013668978,36.75787499779396,49.882213976982996
D,20,20,115,breslow,5,0.1,0.0,0.95,,,,
D,20,20,115,breslow,5,0.1,0.5,0.3,7230.912864250752,0.5460325478352379,36.72326506871595,49.78873406985973
D,20,20,115,breslow,5,0.1,0.5,0.5,7333.347190314154,0.5442920775031949,36.758064123089476,49.88242254464081
D,20,20,115,breslow,5,0.1,0.5,0.95,,,,
D,20,20,115,breslow,5,0.1,1.0,0.3,7230.912864250752,0.5460325478352379,36.72326506871595,49.78873406985973
D,20,20,115,breslow,5,0.1,1.0,0.5,7333.347190314154,0.5442920775031949,36.758064123089476,49.88242254464081
D,20,20,115,breslow,5,0.1,1.0,0.95,,,,
D,20,20,115,breslow,5,1.0,0.0,0.3,7230.912864250752,0.5460325478352379,36.72326506871595,49.78873406985973
D,20,20,115,breslow,5,1.0,0.0,0.5,7333.347190314154,0.5442920775031949,36.758064123089476,49.88242254464081
D,20,20,115,breslow,5,1.0,0.0,0.95,,,,
D,20,20,115,breslow,5,1.0,0.5,0.3,7230.912864250752,0.5460325478352379,36.72326506871595,49.78873406985973
D,20,20,115,breslow,5,1.0,0.5,0.5,7333.347190314154,0.5442920775031949,36.758064123089476,49.88242254464081
D,20,20,115,breslow,5,1.0,0.5,0.95,,,,
D,20,20,115,breslow,5,1.0,1.0,0.3,7230.912864250752,0.5460325478352379,36.72326506871595,49.78873406985973
D,20,20,115,breslow,5,1.0,1.0,0.5,7333.347190314154,0.5442920775031949,36.758064123089476,49.88242254464081
D,20,20,115,breslow,5,1.0,1.0,0.95,,,,
D,20,20,115,spline,3,0.0,0.0,0.3,,,,
D,20,20,115,spline,3,0.0,0.0,0.5,,,,
D,20,20,115,spline,3,0.0,0.0,0.95,,,,
D,20,20,115,spline,3,0.0,0.5,0.3,,,,
D,20,20,115,spline,3,0.0,0.5,0.5,,,,
D,20,20,115,spline,3,0.0,0.5,0.95,,,,
D,20,20,115,spline,3,0.0,1.0,0.3,,,,
D,20,20,115,spline,3,0.0,1.0,0.5,,,,
D,20,20,115,spline,3,0.0,1.0,0.95,,,,
D,20,20,115,spline,3,0.1,0.0,0.3,,,,
D,20,20,115,spline,3,0.1,0.0,0.5,,,,
D,20,20,115,spline,3,0.1,0.0,0.95,,,,
D,20,20,115,spline,3,0.1,0.5,0.3,,,,
D,20,20,115,spline,3,0.1,0.5,0.5,,,,
D,20,20,115,spline,3,0.1,0.5,0.95,,,,
D,20,20,115,spline,3,0.1,1.0,0.3,,,,
D,20,20,115,spline,3,0.1,1.0,0.5,,,,
D,20,20,115,spline,3,0.1,1.0,0.95,,,,
D,20,20,115,spline,3,1.0,0.0,0.3,,,,
D,20,20,115,spline,3,1.0,0.0,0.5,,,,
D,20,20,115,spline,3,1.0,0.0,0.95,,,,
D,20,20,115,spline,3,1.0,0.5,0.3,,,,
D,20,20,115,spline,3,1.0,0.5,0.5,,,,
D,20,20,115,spline,3,1.0,0.5,0.95,,,,
D,20,20,115,spline,3,1.0,1.0,0.3,,,,
D,20,20,115,spline,3,1.0,1.0,0.5,,,,
D,20,20,115,spline,3,1.0,1.0,0.95,,,,
D,20,20,115,spline,5,0.0,0.0,0.3,,,,
D,20,20,115,spline,5,0.0,0.0,0.5,,,,
D,20,20,115,spline,5,0.0,0.0,0.95,,,,
D,20,20,115,spline,5,0.0,0.5,0.3,,,,
D,20,20,115,spline,5,0.0,0.5,0.5,,,,
D,20,20,115,spline,5,0.0,0.5,0.95,,,,
D,20,20,115,spline,5,0.0,1.0,0.3,,,,
D,20,20,115,spline,5,0.0,1.0,0.5,,,,
D,20,20,115,spline,5,0.0,1.0,0.95,,,,
D,20,20,115,spline,5,0.1,0.0,0.3,,,,
D,20,20,115,spline,5,0.1,0.0,0.5,,,,
D,20,20,115,spline,5,0.1,0.0,0.95,,,,
D,20,20,115,spline,5,0.1,0.5,0.3,,,,
D,20,20,115,spline,5,0.1,0.5,0.5,,,,
D,20,20,115,spline,5,0.1,0.5,0.95,,,,
D,20,20,115,spline,5,0.1,1.0,0.3,,,,
D,20,20,115,spline,5,0.1,1.0,0.5,,,,
D,20,20,115,spline,5,0.1,1.0,0.95,,,,
D,20,20,115,spline,5,1.0,0.0,0.3,,,,
D,20,20,115,spline,5,1.0,0.0,0.5,,,,
D,20,20,115,spline,5,1.0,0.0,0.95,,,,
D,20,20,115,spline,5,1.0,0.5,0.3,,,,
D,20,20,115,spline,5,1.0,0.5,0.5,,,,
D,20,20,115,spline,5,1.0,0.5,0.95,,,,
D,20,20,115,spline,5,1.0,1.0,0.3,,,,
D,20,20,115,spline,5,1.0,1.0,0.5,,,,
D,20,20,115,spline,5,1.0,1.0,0.95,,,,
D,20,20,120,breslow,3,0.0,0.0,0.3,,,,
D,20,20,120,breslow,3,0.0,0.0,0.5,,,,
D,20,20,120,breslow,3,0.0,0.0,0.95,,,,
D,20,20,120,breslow,3,0.0,0.5,0.3,,,,
D,20,20,120,breslow,3,0.0,0.5,0.5,,,,
D,20,20,120,breslow,3,0.0,0.5,0.95,,,,
D,20,20,120,breslow,3,0.0,1.0,0.3,,,,
D,20,20,120,breslow,3,0.0,1.0,0.5,,,,
D,20,20,120,breslow,3,0.0,1.0,0.95,,,,
D,20,20,120,breslow,3,0.1,0.0,0.3,7230.475503728774,0.5445488795206505,34.54901742774706,49.47198142322708
D,20,20,120,breslow,3,0.1,0.0,0.5,7332.898470742044,0.5428781963518086,34.578710099141865,49.56446829418677
D,20,20,120,breslow,3,0.1,0.0,0.95,,,,
D,20,20,120,breslow,3,0.1,0.5,0.3,7230.480293796501,0.5445412032071906,34.55166518188418,49.474194062061066
D,20,20,120,breslow,3,0.1,0.5,0.5,7332.902686069021,0.5428779793535482,34.578899224437365,49.564677783387346
D,20,20,120,breslow,3,0.1,0.5,0.95,,,,
D,20,20,120,breslow,3,0.1,1.0,0.3,7230.480293796501,0.5445412032071906,34.55166518188418,49.474194062061066
D,20,20,120,breslow,3,0.1,1.0,0.5,7332.902686069021,0.5428779793535482,34.578899224437365,49.564677783387346
D,20,20,120,breslow,3,0.1,1.0,0.95,,,,
D,20,20,120,breslow,3,1.0,0.0,0.3,7230.480293796501,0.5445412032071906,34.55166518188418,49.474194062061066
D,20,20,120,breslow,3,1.0,0.0,0.5,7332.902686069021,0.5428779793535482,34.578899224437365,49.564677783387346
D,20,20,120,breslow,3,1.0,0.0,0.95,,,,
D,20,20,120,breslow,3,1.0,0.5,0.3,7230.480293796501,0.5445412032071906,34.55166518188418,49.474194062061066
D,20,20,120,breslow,3,1.0,0.5,0.5,7332.902686069021,0.5428779793535482,34.578899224437365,49.564677783387346
D,20,20,120,breslow,3,1.0,0.5,0.95,,,,
D,20,20,120,breslow,3,1.0,1.0,0.3,7230.480293796501,0.5445412032071906,34.55166518188418,49.474194062061066
D,20,20,120,breslow,3,1.0,1.0,0.5,7332.902686069021,0.5428779793535482,34.578899224437365,49.564677783387346
D,20,20,120,breslow,3,1.0,1.0,0.95,,,,
D,20,20,120,breslow,5,0.0,0.0,0.3,,,,
D,20,20,120,breslow,5,0.0,0.0,0.5,,,,
D,20,20,120,breslow,5,0.0,0.0,0.95,,,,
D,20,20,120,breslow,5,0.0,0.5,0.3,,,,
D,20,20,120,breslow,5,0.0,0.5,0.5,,,,
D,20,20,120,breslow,5,0.0,0.5,0.95,,,,
D,20,20,120,breslow,5,0.0,1.0,0.3,,,,
D,20,20,120,breslow,5,0.0,1.0,0.5,,,,
D,20,20,120,breslow,5,0.0,1.0,0.95,,,,
D,20,20,120,breslow,5,0.1,0.0,0.3,7230.475503728774,0.5445488795206505,34.54901742774706,49.47198142322708
D,20,20,120,breslow,5,0.1,0.0,0.5,7332.898470742044,0.5428781963518086,34.578710099141865,49.56446829418677
D,20,20,120,breslow,5,0.1,0.0,0.95,,,,
D,20,20,120,breslow,5,0.1,0.5,0.3,7230.480293796501,0.5445412032071906,34.55166518188418,49.474194062061066
D,20,20,120,breslow,5,0.1,0.5,0.5,7332.902686069021,0.5428779793535482,34.578899224437365,49.564677783387346
D,20,20,120,breslow,5,0.1,0.5,0.95,,,,
D,20,20,120,breslow,5,0.1,1.0,0.3,7230.480293796501,0.5445412032071906,34.55166518188418,49.474194062061066
D,20,20,120,breslow,5,0.1,1.0,0.5,7332.902686069021,0.5428779793535482,34.578899224437365,49.564677783387346
D,20,20,120,breslow,5,0.1,1.0,0.95,,,,
D,20,20,120,breslow,5,1.0,0.0,0.3,7230.480293796501,0.5445412032071906,34.55166518188418,49.474194062061066
D,20,20,120,breslow,5,1.0,0.0,0.5,7332.902686069021,0.5428779793535482,34.578899224437365,49.564677783387346
D,20,20,120,breslow,5,1.0,0.0,0.95,,,,
D,20,20,120,breslow,5,1.0,0.5,0.3,7230.480293796501,0.5445412032071906,34.55166518188418,49.474194062061066
D,20,20,120,breslow,5,1.0,0.5,0.5,7332.902686069021,0.5428779793535482,34.578899224437365,49.564677783387346
D,20,20,120,breslow,5,1.0,0.5,0.95,,,,
D,20,20,120,breslow,5,1.0,1.0,0.3,7230.480293796501,0.5445412032071906,34.55166518188418,49.474194062061066
D,20,20,120,breslow,5,1.0,1.0,0.5,7332.902686069021,0.5428779793535482,34.578899224437365,49.564677783387346
D,20,20,120,breslow,5,1.0,1.0,0.95,,,,
D,20,20,120,spline,3,0.0,0.0,0.3,,,,
D,20,20,120,spline,3,0.0,0.0,0.5,,,,
D,20,20,120,spline,3,0.0,0.0,0.95,,,,
D,20,20,120,spline,3,0.0,0.5,0.3,,,,
D,20,20,120,spline,3,0.0,0.5,0.5,,,,
D,20,20,120,spline,3,0.0,0.5,0.95,,,,
D,20,20,120,spline,3,0.0,1.0,0.3,,,,
D,20,20,120,spline,3,0.0,1.0,0.5,,,,
D,20,20,120,spline,3,0.0,1.0,0.95,,,,
D,20,20,120,spline,3,0.1,0.0,0.3,,,,
D,20,20,120,spline,3,0.1,0.0,0.5,,,,
D,20,20,120,spline,3,0.1,0.0,0.95,,,,
D,20,20,120,spline,3,0.1,0.5,0.3,,,,
D,20,20,120,spline,3,0.1,0.5,0.5,,,,
D,20,20,120,spline,3,0.1,0.5,0.95,,,,
D,20,20,120,spline,3,0.1,1.0,0.3,,,,
D,20,20,120,spline,3,0.1,1.0,0.5,,,,
D,20,20,120,spline,3,0.1,1.0,0.95,,,,
D,20,20,120,spline,3,1.0,0.0,0.3,,,,
D,20,20,120,spline,3,1.0,0.0,0.5,,,,
D,20,20,120,spline,3,1.0,0.0,0.95,,,,
D,20,20,120,spline,3,1.0,0.5,0.3,,,,
D,20,20,120,spline,3,1.0,0.5,0.5,,,,
D,20,20,120,spline,3,1.0,0.5,0.95,,,,
D,20,20,120,spline,3,1.0,1.0,0.3,,,,
D,20,20,120,spline,3,1.0,1.0,0.5,,,,
D,20,20,120,spline,3,1.0,1.0,0.95,,,,
D,20,20,120,spline,5,0.0,0.0,0.3,,,,
D,20,20,120,spline,5,0.0,0.0,0.5,,,,
D,20,20,120,spline,5,0.0,0.0,0.95,,,,
D,20,20,120,spline,5,0.0,0.5,0.3,,,,
D,20,20,120,spline,5,0.0,0.5,0.5,,,,
D,20,20,120,spline,5,0.0,0.5,0.95,,,,
D,20,20,120,spline,5,0.0,1.0,0.3,,,,
D,20,20,120,spline,5,0.0,1.0,0.5,,,,
D,20,20,120,spline,5,0.0,1.0,0.95,,,,
D,20,20,120,spline,5,0.1,0.0,0.3,,,,
D,20,20,120,spline,5,0.1,0.0,0.5,,,,
D,20,20,120,spline,5,0.1,0.0,0.95,,,,
D,20,20,120,spline,5,0.1,0.5,0.3,,,,
D,20,20,120,spline,5,0.1,0.5,0.5,,,,
D,20,20,120,spline,5,0.1,0.5,0.95,,,,
D,20,20,120,spline,5,0.1,1.0,0.3,,,,
D,20,20,120,spline,5,0.1,1.0,0.5,,,,
D,20,20,120,spline,5,0.1,1.0,0.95,,,,
D,20,20,120,spline,5,1.0,0.0,0.3,,,,
D,20,20,120,spline,5,1.0,0.0,0.5,,,,
D,20,20,120,spline,5,1.0,0.0,0.95,,,,
D,20,20,120,spline,5,1.0,0.5,0.3,,,,
D,20,20,120,spline,5,1.0,0.5,0.5,,,,
D,20,20,120,spline,5,1.0,0.5,0.95,,,,
D,20,20,120,spline,5,1.0,1.0,0.3,,,,
D,20,20,120,spline,5,1.0,1.0,0.5,,,,
D,20,20,120,spline,5,1.0,1.0,0.95,,,,
D,20,20,125,breslow,3,0.0,0.0,0.3,,,,
D,20,20,125,breslow,3,0.0,0.0,0.5,,,,
D,20,20,125,breslow,3,0.0,0.0,0.95,,,,
D,20,20,125,breslow,3,0.0,0.5,0.3,,,,
D,20,20,125,breslow,3,0.0,0.5,0.5,,,,
D,20,20,125,breslow,3,0.0,0.5,0.95,,,,
D,20,20,125,breslow,3,0.0,1.0,0.3,,,,
D,20,20,125,breslow,3,0.0,1.0,0.5,,,,
D,20,20,125,breslow,3,0.0,1.0,0.95,,,,
D,20,20,125,breslow,3,0.1,0.0,0.3,7230.254405397083,0.5432504957890189,32.53518510074604,49.388205448951865
D,20,20,125,breslow,3,0.1,0.0,0.5,7332.665026977376,0.54165135802384,32.55788013620705,49.47755727819286
D,20,20,125,breslow,3,0.1,0.0,0.95,,,,
D,20,20,125,breslow,3,0.1,0.5,0.3,7230.259991730246,0.5432435643867091,32.53840023076969,49.39060149719758
D,20,20,125,breslow,3,0.1,0.5,0.5,7332.669242304352,0.541651147182705,32.55806926150255,49.47776678035592
D,20,20,125,breslow,3,0.1,0.5,0.95,,,,
D,20,20,125,breslow,3,0.1,1.0,0.3,7230.259991730246,0.5432435643867091,32.53840023076969,49.39060149719758
D,20,20,125,breslow,3,0.1,1.0,0.5,7332.669242304352,0.541651147182705,32.55806926150255,49.47776678035592
D,20,20,125,breslow,3,0.1,1.0,0.95,,,,
D,20,20,125,breslow,3,1.0,0.0,0.3,7230.259991730246,0.5432435643867091,32.53840023076969,49.39060149719758
D,20,20,125,breslow,3,1.0,0.0,0.5,7332.669242304352,0.541651147182705,32.55806926150255,49.47776678035592
D,20,20,125,breslow,3,1.0,0.0,0.95,,,,
D,20,20,125,breslow,3,1.0,0.5,0.3,7230.259991730246,0.5432435643867091,32.53840023076969,49.39060149719758
D,20,20,125,breslow,3,1.0,0.5,0.5,7332.669242304352,0.541651147182705,32.55806926150255,49.47776678035592
D,20,20,125,breslow,3,1.0,0.5,0.95,,,,
D,20,20,125,breslow,3,1.0,1.0,0.3,7230.259991730246,0.5432435643867091,32.53840023076969,49.39060149719758
D,20,20,125,breslow,3,1.0,1.0,0.5,7332.669242304352,0.541651147182705,32.55806926150255,49.47776678035592
D,20,20,125,breslow,3,1.0,1.0,0.95,,,,
D,20,20,125,breslow,5,0.0,0.0,0.3,,,,
D,20,20,125,breslow,5,0.0,0.0,0.5,,,,
D,20,20,125,breslow,5,0.0,0.0,0.95,,,,
D,20,20,125,breslow,5,0.0,0.5,0.3,,,,
D,20,20,125,breslow,5,0.0,0.5,0.5,,,,
D,20,20,125,breslow,5,0.0,0.5,0.95,,,,
D,20,20,125,breslow,5,0.0,1.0,0.3,,,,
D,20,20,125,breslow,5,0.0,1.0,0.5,,,,
D,20,20,125,breslow,5,0.0,1.0,0.95,,,,
D,20,20,125,breslow,5,0.1,0.0,0.3,7230.254405397083,0.5432504957890189,32.53518510074604,49.388205448951865
D,20,20,125,breslow,5,0.1,0.0,0.5,7332.665026977376,0.54165135802384,32.55788013620705,49.47755727819286
D,20,20,125,breslow,5,0.1,0.0,0.95,,,,
D,20,20,125,breslow,5,0.1,0.5,0.3,7230.259991730246,0.5432435643867091,32.53840023076969,49.39060149719758
D,20,20,125,breslow,5,0.1,0.5,0.5,7332.669242304352,0.541651147182705,32.55806926150255,49.47776678035592
D,20,20,125,breslow,5,0.1,0.5,0.95,,,,
D,20,20,125,breslow,5,0.1,1.0,0.3,7230.259991730246,0.5432435643867091,32.53840023076969,49.39060149719758
D,20,20,125,breslow,5,0.1,1.0,0.5,7332.669242304352,0.541651147182705,32.55806926150255,49.47776678035592
D,20,20,125,breslow,5,0.1,1.0,0.95,,,,
D,20,20,125,breslow,5,1.0,0.0,0.3,7230.259991730246,0.5432435643867091,32.53840023076969,49.39060149719758
D,20,20,125,breslow,5,1.0,0.0,0.5,7332.669242304352,0.541651147182705,32.55806926150255,49.47776678035592
D,20,20,125,breslow,5,1.0,0.0,0.95,,,,
D,20,20,125,breslow,5,1.0,0.5,0.3,7230.259991730246,0.5432435643867091,32.53840023076969,49.39060149719758
D,20,20,125,breslow,5,1.0,0.5,0.5,7332.669242304352,0.541651147182705,32.55806926150255,49.47776678035592
D,20,20,125,breslow,5,1.0,0.5,0.95,,,,
D,20,20,125,breslow,5,1.0,1.0,0.3,7230.259991730246,0.5432435643867091,32.53840023076969,49.39060149719758
D,20,20,125,breslow,5,1.0,1.0,0.5,7332.669242304352,0.541651147182705,32.55806926150255,49.47776678035592
D,20,20,125,breslow,5,1.0,1.0,0.95,,,,
D,20,20,125,spline,3,0.0,0.0,0.3,,,,
D,20,20,125,spline,3,0.0,0.0,0.5,,,,
D,20,20,125,spline,3,0.0,0.0,0.95,,,,
D,20,20,125,spline,3,0.0,0.5,0.3,,,,
D,20,20,125,spline,3,0.0,0.5,0.5,,,,
D,20,20,125,spline,3,0.0,0.5,0.95,,,,
D,20,20,125,spline,3,0.0,1.0,0.3,,,,
D,20,20,125,spline,3,0.0,1.0,0.5,,,,
D,20,20,125,spline,3,0.0,1.0,0.95,,,,
D,20,20,125,spline,3,0.1,0.0,0.3,,,,
D,20,20,125,spline,3,0.1,0.0,0.5,,,,
D,20,20,125,spline,3,0.1,0.0,0.95,,,,
D,20,20,125,spline,3,0.1,0.5,0.3,,,,
D,20,20,125,spline,3,0.1,0.5,0.5,,,,
D,20,20,125,spline,3,0.1,0.5,0.95,,,,
D,20,20,125,spline,3,0.1,1.0,0.3,,,,
D,20,20,125,spline,3,0.1,1.0,0.5,,,,
D,20,20,125,spline,3,0.1,1.0,0.95,,,,
D,20,20,125,spline,3,1.0,0.0,0.3,,,,
D,20,20,125,spline,3,1.0,0.0,0.5,,,,
D,20,20,125,spline,3,1.0,0.0,0.95,,,,
D,20,20,125,spline,3,1.0,0.5,0.3,,,,
D,20,20,125,spline,3,1.0,0.5,0.5,,,,
D,20,20,125,spline,3,1.0,0.5,0.95,,,,
D,20,20,125,spline,3,1.0,1.0,0.3,,,,
D,20,20,125,spline,3,1.0,1.0,0.5,,,,
D,20,20,125,spline,3,1.0,1.0,0.95,,,,
D,20,20,125,spline,5,0.0,0.0,0.3,,,,
D,20,20,125,spline,5,0.0,0.0,0.5,,,,
D,20,20,125,spline,5,0.0,0.0,0.95,,,,
D,20,20,125,spline,5,0.0,0.5,0.3,,,,
D,20,20,125,spline,5,0.0,0.5,0.5,,,,
D,20,20,125,spline,5,0.0,0.5,0.95,,,,
D,20,20,125,spline,5,0.0,1.0,0.3,,,,
D,20,20,125,spline,5,0.0,1.0,0.5,,,,
D,20,20,125,spline,5,0.0,1.0,0.95,,,,
D,20,20,125,spline,5,0.1,0.0,0.3,,,,
D,20,20,125,spline,5,0.1,0.0,0.5,,,,
D,20,20,125,spline,5,0.1,0.0,0.95,,,,
D,20,20,125,spline,5,0.1,0.5,0.3,,,,
D,20,20,125,spline,5,0.1,0.5,0.5,,,,
D,20,20,125,spline,5,0.1,0.5,0.95,,,,
D,20,20,125,spline,5,0.1,1.0,0.3,,,,
D,20,20,125,spline,5,0.1,1.0,0.5,,,,
D,20,20,125,spline,5,0.1,1.0,0.95,,,,
D,20,20,125,spline,5,1.0,0.0,0.3,,,,
D,20,20,125,spline,5,1.0,0.0,0.5,,,,
D,20,20,125,spline,5,1.0,0.0,0.95,,,,
D,20,20,125,spline,5,1.0,0.5,0.3,,,,
D,20,20,125,spline,5,1.0,0.5,0.5,,,,
D,20,20,125,spline,5,1.0,0.5,0.95,,,,
D,20,20,125,spline,5,1.0,1.0,0.3,,,,
D,20,20,125,spline,5,1.0,1.0,0.5,,,,
D,20,20,125,spline,5,1.0,1.0,0.95,,,,
D,25,10,115,breslow,3,0.0,0.0,0.3,,,,
D,25,10,115,breslow,3,0.0,0.0,0.5,,,,
D,25,10,115,breslow,3,0.0,0.0,0.95,,,,
D,25,10,115,breslow,3,0.0,0.5,0.3,,,,
D,25,10,115,breslow,3,0.0,0.5,0.5,,,,
D,25,10,115,breslow,3,0.0,0.5,0.95,,,,
D,25,10,115,breslow,3,0.0,1.0,0.3,,,,
D,25,10,115,breslow,3,0.0,1.0,0.5,,,,
D,25,10,115,breslow,3,0.0,1.0,0.95,,,,
D,25,10,115,breslow,3,0.1,0.0,0.3,7478.164121775047,0.5457994733650674,37.632380186737244,50.59488804617697
D,25,10,115,breslow,3,0.1,0.0,0.5,7584.111655496871,0.5440665938381853,37.672673585270246,50.69433254588787
D,25,10,115,breslow,3,0.1,0.0,0.95,,,,
D,25,10,115,breslow,3,0.1,0.5,0.3,7478.175379600763,0.5457838986995048,37.63687896424335,50.59919988346058
D,25,10,115,breslow,3,0.1,0.5,0.5,7584.116015113768,0.5440663591916233,37.67286918429225,50.694544799673075
D,25,10,115,breslow,3,0.1,0.5,0.95,,,,
D,25,10,115,breslow,3,0.1,1.0,0.3,7478.175379600763,0.5457838986995048,37.63687896424335,50.59919988346058
D,25,10,115,breslow,3,0.1,1.0,0.5,7584.116015113768,0.5440663591916233,37.67286918429225,50.694544799673075
D,25,10,115,breslow,3,0.1,1.0,0.95,,,,
D,25,10,115,breslow,3,1.0,0.0,0.3,7478.175379600763,0.5457838986995048,37.63687896424335,50.59919988346058
D,25,10,115,breslow,3,1.0,0.0,0.5,7584.116015113768,0.5440663591916233,37.67286918429225,50.694544799673075
D,25,10,115,breslow,3,1.0,0.0,0.95,,,,
D,25,10,115,breslow,3,1.0,0.5,0.3,7478.175379600763,0.5457838986995048,37.63687896424335,50.59919988346058
D,25,10,115,breslow,3,1.0,0.5,0.5,7584.116015113768,0.5440663591916233,37.67286918429225,50.694544799673075
D,25,10,115,breslow,3,1.0,0.5,0.95,,,,
D,25,10,115,breslow,3,1.0,1.0,0.3,7478.175379600763,0.5457838986995048,37.63687896424335,50.59919988346058
D,25,10,115,breslow,3,1.0,1.0,0.5,7584.116015113768,0.5440663591916233,37.67286918429225,50.694544799673075
D,25,10,115,breslow,3,1.0,1.0,0.95,,,,
D,25,10,115,breslow,5,0.0,0.0,0.3,,,,
D,25,10,115,breslow,5,0.0,0.0,0.5,,,,
D,25,10,115,breslow,5,0.0,0.0,0.95,,,,
D,25,10,115,breslow,5,0.0,0.5,0.3,,,,
D,25,10,115,breslow,5,0.0,0.5,0.5,,,,
D,25,10,115,breslow,5,0.0,0.5,0.95,,,,
D,25,10,115,breslow,5,0.0,1.0,0.3,,,,
D,25,10,115,breslow,5,0.0,1.0,0.5,,,,
D,25,10,115,breslow,5,0.0,1.0,0.95,,,,
D,25,10,115,breslow,5,0.1,0.0,0.3,7478.164121775047,0.5457994733650674,37.632380186737244,50.59488804617697
D,25,10,115,breslow,5,0.1,0.0,0.5,7584.111655496871,0.5440665938381853,37.672673585270246,50.69433254588787
D,25,10,115,breslow,5,0.1,0.0,0.95,,,,
D,25,10,115,breslow,5,0.1,0.5,0.3,7478.175379600763,0.5457838986995048,37.63687896424335,50.59919988346058
D,25,10,115,breslow,5,0.1,0.5,0.5,7584.116015113768,0.5440663591916233,37.67286918429225,50.694544799673075
D,25,10,115,breslow,5,0.1,0.5,0.95,,,,
D,25,10,115,breslow,5,0.1,1.0,0.3,7478.175379600763,0.5457838986995048,37.63687896424335,50.59919988346058
D,25,10,115,breslow,5,0.1,1.0,0.5,7584.116015113768,0.5440663591916233,37.67286918429225,50.694544799673075
D,25,10,115,breslow,5,0.1,1.0,0.95,,,,
D,25,10,115,breslow,5,1.0,0.0,0.3,7478.175379600763,0.5457838986995048,37.63687896424335,50.59919988346058
D,25,10,115,breslow,5,1.0,0.0,0.5,7584.116015113768,0.5440663591916233,37.67286918429225,50.694544799673075
D,25,10,115,breslow,5,1.0,0.0,0.95,,,,
D,25,10,115,breslow,5,1.0,0.5,0.3,7478.175379600763,0.5457838986995048,37.63687896424335,50.59919988346058
D,25,10,115,breslow,5,1.0,0.5,0.5,7584.116015113768,0.5440663591916233,37.67286918429225,50.694544799673075
D,25,10,115,breslow,5,1.0,0.5,0.95,,,,
D,25,10,115,breslow,5,1.0,1.0,0.3,7478.175379600763,0.5457838986995048,37.63687896424335,50.59919988346058
D,25,10,115,breslow,5,1.0,1.0,0.5,7584.116015113768,0.5440663591916233,37.67286918429225,50.694544799673075
D,25,10,115,breslow,5,1.0,1.0,0.95,,,,
D,25,10,115,spline,3,0.0,0.0,0.3,,,,
D,25,10,115,spline,3,0.0,0.0,0.5,,,,
D,25,10,115,spline,3,0.0,0.0,0.95,,,,
D,25,10,115,spline,3,0.0,0.5,0.3,,,,
D,25,10,115,spline,3,0.0,0.5,0.5,,,,
D,25,10,115,spline,3,0.0,0.5,0.95,,,,
D,25,10,115,spline,3,0.0,1.0,0.3,,,,
D,25,10,115,spline,3,0.0,1.0,0.5,,,,
D,25,10,115,spline,3,0.0,1.0,0.95,,,,
D,25,10,115,spline,3,0.1,0.0,0.3,,,,
D,25,10,115,spline,3,0.1,0.0,0.5,,,,
D,25,10,115,spline,3,0.1,0.0,0.95,,,,
D,25,10,115,spline,3,0.1,0.5,0.3,,,,
D,25,10,115,spline,3,0.1,0.5,0.5,,,,
D,25,10,115,spline,3,0.1,0.5,0.95,,,,
D,25,10,115,spline,3,0.1,1.0,0.3,,,,
D,25,10,115,spline,3,0.1,1.0,0.5,,,,
D,25,10,115,spline,3,0.1,1.0,0.95,,,,
D,25,10,115,spline,3,1.0,0.0,0.3,,,,
D,25,10,115,spline,3,1.0,0.0,0.5,,,,
D,25,10,115,spline,3,1.0,0.0,0.95,,,,
D,25,10,115,spline,3,1.0,0.5,0.3,,,,
D,25,10,115,spline,3,1.0,0.5,0.5,,,,
D,25,10,115,spline,3,1.0,0.5,0.95,,,,
D,25,10,115,spline,3,1.0,1.0,0.3,,,,
D,25,10,115,spline,3,1.0,1.0,0.5,,,,
D,25,10,115,spline,3,1.0,1.0,0.95,,,,
D,25,10,115,spline,5,0.0,0.0,0.3,,,,
D,25,10,115,spline,5,0.0,0.0,0.5,,,,
D,25,10,115,spline,5,0.0,0.0,0.95,,,,
D,25,10,115,spline,5,0.0,0.5,0.3,,,,
D,25,10,115,spline,5,0.0,0.5,0.5,,,,
D,25,10,115,spline,5,0.0,0.5,0.95,,,,
D,25,10,115,spline,5,0.0,1.0,0.3,,,,
D,25,10,115,spline,5,0.0,1.0,0.5,,,,
D,25,10,115,spline,5,0.0,1.0,0.95,,,,
D,25,10,115,spline,5,0.1,0.0,0.3,,,,
D,25,10,115,spline,5,0.1,0.0,0.5,,,,
D,25,10,115,spline,5,0.1,0.0,0.95,,,,
D,25,10,115,spline,5,0.1,0.5,0.3,,,,
D,25,10,115,spline,5,0.1,0.5,0.5,,,,
D,25,10,115,spline,5,0.1,0.5,0.95,,,,
D,25,10,115,spline,5,0.1,1.0,0.3,,,,
D,25,10,115,spline,5,0.1,1.0,0.5,,,,
D,25,10,115,spline,5,0.1,1.0,0.95,,,,
D,25,10,115,spline,5,1.0,0.0,0.3,,,,
D,25,10,115,spline,5,1.0,0.0,0.5,,,,
D,25,10,115,spline,5,1.0,0.0,0.95,,,,
D,25,10,115,spline,5,1.0,0.5,0.3,,,,
D,25,10,115,spline,5,1.0,0.5,0.5,,,,
D,25,10,115,spline,5,1.0,0.5,0.95,,,,
D,25,10,115,spline,5,1.0,1.0,0.3,,,,
D,25,10,115,spline,5,1.0,1.0,0.5,,,,
D,25,10,115,spline,5,1.0,1.0,0.95,,,,
D,25,10,120,breslow,3,0.0,0.0,0.3,,,,
D,25,10,120,breslow,3,0.0,0.0,0.5,,,,
D,25,10,120,breslow,3,0.0,0.0,0.95,,,,
D,25,10,120,breslow,3,0.0,0.5,0.3,,,,
D,25,10,120,breslow,3,0.0,0.5,0.5,,,,
D,25,10,120,breslow,3,0.0,0.5,0.95,,,,
D,25,10,120,breslow,3,0.0,1.0,0.3,,,,
D,25,10,120,breslow,3,0.0,1.0,0.5,,,,
D,25,10,120,breslow,3,0.0,1.0,0.95,,,,
D,25,10,120,breslow,3,0.1,0.0,0.3,7477.751843099599,0.5443486224354622,35.5551366943718,50.299757149142614
D,25,10,120,breslow,3,0.1,0.0,0.5,7583.688237025248,0.5426915226945664,35.58858412713463,50.396241800815176
D,25,10,120,breslow,3,0.1,0.0,0.95,,,,
D,25,10,120,breslow,3,0.1,0.5,0.3,7477.764303411643,0.5443340015533689,35.56061346698793,50.304419236514015
D,25,10,120,breslow,3,0.1,0.5,0.5,7583.692596642146,0.5426912949106195,35.58877972615663,50.39645488270408
D,25,10,120,breslow,3,0.1,0.5,0.95,,,,
D,25,10,120,breslow,3,0.1,1.0,0.3,7477.764303411643,0.5443340015533689,35.56061346698793,50.304419236514015
D,25,10,120,breslow,3,0.1,1.0,0.5,7583.692596642146,0.5426912949106195,35.58877972615663,50.39645488270408
D,25,10,120,breslow,3,0.1,1.0,0.95,,,,
D,25,10,120,breslow,3,1.0,0.0,0.3,7477.764303411643,0.5443340015533689,35.56061346698793,50.304419236514015
D,25,10,120,breslow,3,1.0,0.0,0.5,7583.692596642146,0.5426912949106195,35.58877972615663,50.39645488270408
D,25,10,120,breslow,3,1.0,0.0,0.95,,,,
D,25,10,120,breslow,3,1.0,0.5,0.3,7477.764303411643,0.5443340015533689,35.56061346698793,50.304419236514015
D,25,10,120,breslow,3,1.0,0.5,0.5,7583.692596642146,0.5426912949106195,35.58877972615663,50.39645488270408
D,25,10,120,breslow,3,1.0,0.5,0.95,,,,
D,25,10,120,breslow,3,1.0,1.0,0.3,7477.764303411643,0.5443340015533689,35.56061346698793,50.304419236514015
D,25,10,120,breslow,3,1.0,1.0,0.5,7583.692596642146,0.5426912949106195,35.58877972615663,50.39645488270408
D,25,10,120,breslow,3,1.0,1.0,0.95,,,,
D,25,10,120,breslow,5,0.0,0.0,0.3,,,,
D,25,10,120,breslow,5,0.0,0.0,0.5,,,,
D,25,10,120,breslow,5,0.0,0.0,0.95,,,,
D,25,10,120,breslow,5,0.0,0.5,0.3,,,,
D,25,10,120,breslow,5,0.0,0.5,0.5,,,,
D,25,10,120,breslow,5,0.0,0.5,0.95,,,,
D,25,10,120,breslow,5,0.0,1.0,0.3,,,,
D,25,10,120,breslow,5,0.0,1.0,0.5,,,,
D,25,10,120,breslow,5,0.0,1.0,0.95,,,,
D,25,10,120,breslow,5,0.1,0.0,0.3,7477.751843099599,0.5443486224354622,35.5551366943718,50.299757149142614
D,25,10,120,breslow,5,0.1,0.0,0.5,7583.688237025248,0.5426915226945664,35.58858412713463,50.396241800815176
D,25,10,120,breslow,5,0.1,0.0,0.95,,,,
D,25,10,120,breslow,5,0.1,0.5,0.3,7477.764303411643,0.5443340015533689,35.56061346698793,50.304419236514015
D,25,10,120,breslow,5,0.1,0.5,0.5,7583.692596642146,0.5426912949106195,35.58877972615663,50.39645488270408
D,25,10,120,breslow,5,0.1,0.5,0.95,,,,
D,25,10,120,breslow,5,0.1,1.0,0.3,7477.764303411643,0.5443340015533689,35.56061346698793,50.304419236514015
D,25,10,120,breslow,5,0.1,1.0,0.5,7583.692596642146,0.5426912949106195,35.58877972615663,50.39645488270408
D,25,10,120,breslow,5,0.1,1.0,0.95,,,,
D,25,10,120,breslow,5,1.0,0.0,0.3,7477.764303411643,0.5443340015533689,35.56061346698793,50.304419236514015
D,25,10,120,breslow,5,1.0,0.0,0.5,7583.692596642146,0.5426912949106195,35.58877972615663,50.39645488270408
D,25,10,120,breslow,5,1.0,0.0,0.95,,,,
D,25,10,120,breslow,5,1.0,0.5,0.3,7477.764303411643,0.5443340015533689,35.56061346698793,50.304419236514015
D,25,10,120,breslow,5,1.0,0.5,0.5,7583.692596642146,0.5426912949106195,35.58877972615663,50.39645488270408
D,25,10,120,breslow,5,1.0,0.5,0.95,,,,
D,25,10,120,breslow,5,1.0,1.0,0.3,7477.764303411643,0.5443340015533689,35.56061346698793,50.304419236514015
D,25,10,120,breslow,5,1.0,1.0,0.5,7583.692596642146,0.5426912949106195,35.58877972615663,50.39645488270408
D,25,10,120,breslow,5,1.0,1.0,0.95,,,,
D,25,10,120,spline,3,0.0,0.0,0.3,,,,
D,25,10,120,spline,3,0.0,0.0,0.5,,,,
D,25,10,120,spline,3,0.0,0.0,0.95,,,,
D,25,10,120,spline,3,0.0,0.5,0.3,,,,
D,25,10,120,spline,3,0.0,0.5,0.5,,,,
D,25,10,120,spline,3,0.0,0.5,0.95,,,,
D,25,10,120,spline,3,0.0,1.0,0.3,,,,
D,25,10,120,spline,3,0.0,1.0,0.5,,,,
D,25,10,120,spline,3,0.0,1.0,0.95,,,,
D,25,10,120,spline,3,0.1,0.0,0.3,,,,
D,25,10,120,spline,3,0.1,0.0,0.5,,,,
D,25,10,120,spline,3,0.1,0.0,0.95,,,,
D,25,10,120,spline,3,0.1,0.5,0.3,,,,
D,25,10,120,spline,3,0.1,0.5,0.5,,,,
D,25,10,120,spline,3,0.1,0.5,0.95,,,,
D,25,10,120,spline,3,0.1,1.0,0.3,,,,
D,25,10,120,spline,3,0.1,1.0,0.5,,,,
D,25,10,120,spline,3,0.1,1.0,0.95,,,,
D,25,10,120,spline,3,1.0,0.0,0.3,,,,
D,25,10,120,spline,3,1.0,0.0,0.5,,,,
D,25,10,120,spline,3,1.0,0.0,0.95,,,,
D,25,10,120,spline,3,1.0,0.5,0.3,,,,
D,25,10,120,spline,3,1.0,0.5,0.5,,,,
D,25,10,120,spline,3,1.0,0.5,0.95,,,,
D,25,10,120,spline,3,1.0,1.0,0.3,,,,
D,25,10,120,spline,3,1.0,1.0,0.5,,,,
D,25,10,120,spline,3,1.0,1.0,0.95,,,,
D,25,10,120,spline,5,0.0,0.0,0.3,,,,
D,25,10,120,spline,5,0.0,0.0,0.5,,,,
D,25,10,120,spline,5,0.0,0.0,0.95,,,,
D,25,10,120,spline,5,0.0,0.5,0.3,,,,
D,25,10,120,spline,5,0.0,0.5,0.5,,,,
D,25,10,120,spline,5,0.0,0.5,0.95,,,,
D,25,10,120,spline,5,0.0,1.0,0.3,,,,
D,25,10,120,spline,5,0.0,1.0,0.5,,,,
D,25,10,120,spline,5,0.0,1.0,0.95,,,,
D,25,10,120,spline,5,0.1,0.0,0.3,,,,
D,25,10,120,spline,5,0.1,0.0,0.5,,,,
D,25,10,120,spline,5,0.1,0.0,0.95,,,,
D,25,10,120,spline,5,0.1,0.5,0.3,,,,
D,25,10,120,spline,5,0.1,0.5,0.5,,,,
D,25,10,120,spline,5,0.1,0.5,0.95,,,,
D,25,10,120,spline,5,0.1,1.0,0.3,,,,
D,25,10,120,spline,5,0.1,1.0,0.5,,,,
D,25,10,120,spline,5,0.1,1.0,0.95,,,,
D,25,10,120,spline,5,1.0,0.0,0.3,,,,
D,25,10,120,spline,5,1.0,0.0,0.5,,,,
D,25,10,120,spline,5,1.0,0.0,0.95,,,,
D,25,10,120,spline,5,1.0,0.5,0.3,,,,
D,25,10,120,spline,5,1.0,0.5,0.5,,,,
D,25,10,120,spline,5,1.0,0.5,0.95,,,,
D,25,10,120,spline,5,1.0,1.0,0.3,,,,
D,25,10,120,spline,5,1.0,1.0,0.5,,,,
D,25,10,120,spline,5,1.0,1.0,0.95,,,,
D,25,10,125,breslow,3,0.0,0.0,0.3,,,,
D,25,10,125,breslow,3,0.0,0.0,0.5,,,,
D,25,10,125,breslow,3,0.0,0.0,0.95,,,,
D,25,10,125,breslow,3,0.0,0.5,0.3,,,,
D,25,10,125,breslow,3,0.0,0.5,0.5,,,,
D,25,10,125,breslow,3,0.0,0.5,0.95,,,,
D,25,10,125,breslow,3,0.0,1.0,0.3,,,,
D,25,10,125,breslow,3,0.0,1.0,0.5,,,,
D,25,10,125,breslow,3,0.0,1.0,0.95,,,,
D,25,10,125,breslow,3,0.1,0.0,0.3,7477.544665680909,0.5431084930946637,33.63934696086693,50.22281839370648
D,25,10,125,breslow,3,0.1,0.0,0.5,7583.468536186968,0.541520757594212,33.6659484278596,50.31618529501307
D,25,10,125,breslow,3,0.1,0.0,0.95,,,,
D,25,10,125,breslow,3,0.1,0.5,0.3,7477.558194109862,0.5430950950089966,33.64580172859309,50.22775319621904
D,25,10,125,breslow,3,0.1,0.5,0.5,7583.472895803864,0.5415205359092371,33.666144026881604,50.316398354048914
D,25,10,125,breslow,3,0.1,0.5,0.95,,,,
D,25,10,125,breslow,3,0.1,1.0,0.3,7477.558194109862,0.5430950950089966,33.64580172859309,50.22775319621904
D,25,10,125,breslow,3,0.1,1.0,0.5,7583.472895803864,0.5415205359092371,33.666144026881604,50.316398354048914
D,25,10,125,breslow,3,0.1,1.0,0.95,,,,
D,25,10,125,breslow,3,1.0,0.0,0.3,7477.558194109862,0.5430950950089966,33.64580172859309,50.22775319621904
D,25,10,125,breslow,3,1.0,0.0,0.5,7583.472895803864,0.5415205359092371,33.666144026881604,50.316398354048914
D,25,10,125,breslow,3,1.0,0.0,0.95,,,,
D,25,10,125,breslow,3,1.0,0.5,0.3,7477.558194109862,0.5430950950089966,33.64580172859309,50.22775319621904
D,25,10,125,breslow,3,1.0,0.5,0.5,7583.472895803864,0.5415205359092371,33.666144026881604,50.316398354048914
D,25,10,125,breslow,3,1.0,0.5,0.95,,,,
D,25,10,125,breslow,3,1.0,1.0,0.3,7477.558194109862,0.5430950950089966,33.64580172859309,50.22775319621904
D,25,10,125,breslow,3,1.0,1.0,0.5,7583.472895803864,0.5415205359092371,33.666144026881604,50.316398354048914
D,25,10,125,breslow,3,1.0,1.0,0.95,,,,
D,25,10,125,breslow,5,0.0,0.0,0.3,,,,
D,25,10,125,breslow,5,0.0,0.0,0.5,,,,
D,25,10,125,breslow,5,0.0,0.0,0.95,,,,
D,25,10,125,breslow,5,0.0,0.5,0.3,,,,
D,25,10,125,breslow,5,0.0,0.5,0.5,,,,
D,25,10,125,breslow,5,0.0,0.5,0.95,,,,
D,25,10,125,breslow,5,0.0,1.0,0.3,,,,
D,25,10,125,breslow,5,0.0,1.0,0.5,,,,
D,25,10,125,breslow,5,0.0,1.0,0.95,,,,
D,25,10,125,breslow,5,0.1,0.0,0.3,7477.544665680909,0.5431084930946637,33.63934696086693,50.22281839370648
D,25,10,125,breslow,5,0.1,0.0,0.5,7583.468536186968,0.541520757594212,33.6659484278596,50.31618529501307
D,25,10,125,breslow,5,0.1,0.0,0.95,,,,
D,25,10,125,breslow,5,0.1,0.5,0.3,7477.558194109862,0.5430950950089966,33.64580172859309,50.22775319621904
D,25,10,125,breslow,5,0.1,0.5,0.5,7583.472895803864,0.5415205359092371,33.666144026881604,50.316398354048914
D,25,10,125,breslow,5,0.1,0.5,0.95,,,,
D,25,10,125,breslow,5,0.1,1.0,0.3,7477.558194109862,0.5430950950089966,33.64580172859309,50.22775319621904
D,25,10,125,breslow,5,0.1,1.0,0.5,7583.472895803864,0.5415205359092371,33.666144026881604,50.316398354048914
D,25,10,125,breslow,5,0.1,1.0,0.95,,,,
D,25,10,125,breslow,5,1.0,0.0,0.3,7477.558194109862,0.5430950950089966,33.64580172859309,50.22775319621904
D,25,10,125,breslow,5,1.0,0.0,0.5,7583.472895803864,0.5415205359092371,33.666144026881604,50.316398354048914
D,25,10,125,breslow,5,1.0,0.0,0.95,,,,
D,25,10,125,breslow,5,1.0,0.5,0.3,7477.558194109862,0.5430950950089966,33.64580172859309,50.22775319621904
D,25,10,125,breslow,5,1.0,0.5,0.5,7583.472895803864,0.5415205359092371,33.666144026881604,50.316398354048914
D,25,10,125,breslow,5,1.0,0.5,0.95,,,,
D,25,10,125,breslow,5,1.0,1.0,0.3,7477.558194109862,0.5430950950089966,33.64580172859309,50.22775319621904
D,25,10,125,breslow,5,1.0,1.0,0.5,7583.472895803864,0.5415205359092371,33.666144026881604,50.316398354048914
D,25,10,125,breslow,5,1.0,1.0,0.95,,,,
D,25,10,125,spline,3,0.0,0.0,0.3,,,,
D,25,10,125,spline,3,0.0,0.0,0.5,,,,
D,25,10,125,spline,3,0.0,0.0,0.95,,,,
D,25,10,125,spline,3,0.0,0.5,0.3,,,,
D,25,10,125,spline,3,0.0,0.5,0.5,,,,
D,25,10,125,spline,3,0.0,0.5,0.95,,,,
D,25,10,125,spline,3,0.0,1.0,0.3,,,,
D,25,10,125,spline,3,0.0,1.0,0.5,,,,
D,25,10,125,spline,3,0.0,1.0,0.95,,,,
D,25,10,125,spline,3,0.1,0.0,0.3,,,,
D,25,10,125,spline,3,0.1,0.0,0.5,,,,
D,25,10,125,spline,3,0.1,0.0,0.95,,,,
D,25,10,125,spline,3,0.1,0.5,0.3,,,,
D,25,10,125,spline,3,0.1,0.5,0.5,,,,
D,25,10,125,spline,3,0.1,0.5,0.95,,,,
D,25,10,125,spline,3,0.1,1.0,0.3,,,,
D,25,10,125,spline,3,0.1,1.0,0.5,,,,
D,25,10,125,spline,3,0.1,1.0,0.95,,,,
D,25,10,125,spline,3,1.0,0.0,0.3,,,,
D,25,10,125,spline,3,1.0,0.0,0.5,,,,
D,25,10,125,spline,3,1.0,0.0,0.95,,,,
D,25,10,125,spline,3,1.0,0.5,0.3,,,,
D,25,10,125,spline,3,1.0,0.5,0.5,,,,
D,25,10,125,spline,3,1.0,0.5,0.95,,,,
D,25,10,125,spline,3,1.0,1.0,0.3,,,,
D,25,10,125,spline,3,1.0,1.0,0.5,,,,
D,25,10,125,spline,3,1.0,1.0,0.95,,,,
D,25,10,125,spline,5,0.0,0.0,0.3,,,,
D,25,10,125,spline,5,0.0,0.0,0.5,,,,
D,25,10,125,spline,5,0.0,0.0,0.95,,,,
D,25,10,125,spline,5,0.0,0.5,0.3,,,,
D,25,10,125,spline,5,0.0,0.5,0.5,,,,
D,25,10,125,spline,5,0.0,0.5,0.95,,,,
D,25,10,125,spline,5,0.0,1.0,0.3,,,,
D,25,10,125,spline,5,0.0,1.0,0.5,,,,
D,25,10,125,spline,5,0.0,1.0,0.95,,,,
D,25,10,125,spline,5,0.1,0.0,0.3,,,,
D,25,10,125,spline,5,0.1,0.0,0.5,,,,
D,25,10,125,spline,5,0.1,0.0,0.95,,,,
D,25,10,125,spline,5,0.1,0.5,0.3,,,,
D,25,10,125,spline,5,0.1,0.5,0.5,,,,
D,25,10,125,spline,5,0.1,0.5,0.95,,,,
D,25,10,125,spline,5,0.1,1.0,0.3,,,,
D,25,10,125,spline,5,0.1,1.0,0.5,,,,
D,25,10,125,spline,5,0.1,1.0,0.95,,,,
D,25,10,125,spline,5,1.0,0.0,0.3,,,,
D,25,10,125,spline,5,1.0,0.0,0.5,,,,
D,25,10,125,spline,5,1.0,0.0,0.95,,,,
D,25,10,125,spline,5,1.0,0.5,0.3,,,,
D,25,10,125,spline,5,1.0,0.5,0.5,,,,
D,25,10,125,spline,5,1.0,0.5,0.95,,,,
D,25,10,125,spline,5,1.0,1.0,0.3,,,,
D,25,10,125,spline,5,1.0,1.0,0.5,,,,
D,25,10,125,spline,5,1.0,1.0,0.95,,,,
D,25,15,115,breslow,3,0.0,0.0,0.3,,,,
D,25,15,115,breslow,3,0.0,0.0,0.5,,,,
D,25,15,115,breslow,3,0.0,0.0,0.95,,,,
D,25,15,115,breslow,3,0.0,0.5,0.3,,,,
D,25,15,115,breslow,3,0.0,0.5,0.5,,,,
D,25,15,115,breslow,3,0.0,0.5,0.95,,,,
D,25,15,115,breslow,3,0.0,1.0,0.3,,,,
D,25,15,115,breslow,3,0.0,1.0,0.5,,,,
D,25,15,115,breslow,3,0.0,1.0,0.95,,,,
D,25,15,115,breslow,3,0.1,0.0,0.3,7478.242595490359,0.5458058968147063,37.632575785759244,50.59542402736509
D,25,15,115,breslow,3,0.1,0.0,0.5,7584.111655496871,0.5440665938381853,37.672673585270246,50.69433254588787
D,25,15,115,breslow,3,0.1,0.0,0.95,,,,
D,25,15,115,breslow,3,0.1,0.5,0.3,7478.175379600763,0.5457838986995048,37.63687896424335,50.59919988346058
D,25,15,115,breslow,3,0.1,0.5,0.5,7584.116015113768,0.5440663591916233,37.67286918429225,50.694544799673075
D,25,15,115,breslow,3,0.1,0.5,0.95,,,,
D,25,15,115,breslow,3,0.1,1.0,0.3,7478.175379600763,0.5457838986995048,37.63687896424335,50.59919988346058
D,25,15,115,breslow,3,0.1,1.0,0.5,7584.116015113768,0.5440663591916233,37.67286918429225,50.694544799673075
D,25,15,115,breslow,3,0.1,1.0,0.95,,,,
D,25,15,115,breslow,3,1.0,0.0,0.3,7478.175379600763,0.5457838986995048,37.63687896424335,50.59919988346058
D,25,15,115,breslow,3,1.0,0.0,0.5,7584.116015113768,0.5440663591916233,37.67286918429225,50.694544799673075
D,25,15,115,breslow,3,1.0,0.0,0.95,,,,
D,25,15,115,breslow,3,1.0,0.5,0.3,7478.175379600763,0.5457838986995048,37.63687896424335,50.59919988346058
D,25,15,115,breslow,3,1.0,0.5,0.5,7584.116015113768,0.5440663591916233,37.67286918429225,50.694544799673075
D,25,15,115,breslow,3,1.0,0.5,0.95,,,,
D,25,15,115,breslow,3,1.0,1.0,0.3,7478.175379600763,0.5457838986995048,37.63687896424335,50.59919988346058
D,25,15,115,breslow,3,1.0,1.0,0.5,7584.116015113768,0.5440663591916233,37.67286918429225,50.694544799673075
D,25,15,115,breslow,3,1.0,1.0,0.95,,,,
D,25,15,115,breslow,5,0.0,0.0,0.3,,,,
D,25,15,115,breslow,5,0.0,0.0,0.5,,,,
D,25,15,115,breslow,5,0.0,0.0,0.95,,,,
D,25,15,115,breslow,5,0.0,0.5,0.3,,,,
D,25,15,115,breslow,5,0.0,0.5,0.5,,,,
D,25,15,115,breslow,5,0.0,0.5,0.95,,,,
D,25,15,115,breslow,5,0.0,1.0,0.3,,,,
D,25,15,115,breslow,5,0.0,1.0,0.5,,,,
D,25,15,115,breslow,5,0.0,1.0,0.95,,,,
D,25,15,115,breslow,5,0.1,0.0,0.3,7478.242595490359,0.5458058968147063,37.632575785759244,50.59542402736509
D,25,15,115,breslow,5,0.1,0.0,0.5,7584.111655496871,0.5440665938381853,37.672673585270246,50.69433254588787
D,25,15,115,breslow,5,0.1,0.0,0.95,,,,
D,25,15,115,breslow,5,0.1,0.5,0.3,7478.175379600763,0.5457838986995048,37.63687896424335,50.59919988346058
D,25,15,115,breslow,5,0.1,0.5,0.5,7584.116015113768,0.5440663591916233,37.67286918429225,50.694544799673075
D,25,15,115,breslow,5,0.1,0.5,0.95,,,,
D,25,15,115,breslow,5,0.1,1.0,0.3,7478.175379600763,0.5457838986995048,37.63687896424335,50.59919988346058
D,25,15,115,breslow,5,0.1,1.0,0.5,7584.116015113768,0.5440663591916233,37.67286918429225,50.694544799673075
D,25,15,115,breslow,5,0.1,1.0,0.95,,,,
D,25,15,115,breslow,5,1.0,0.0,0.3,7478.175379600763,0.5457838986995048,37.63687896424335,50.59919988346058
D,25,15,115,breslow,5,1.0,0.0,0.5,7584.116015113768,0.5440663591916233,37.67286918429225,50.694544799673075
D,25,15,115,breslow,5,1.0,0.0,0.95,,,,
D,25,15,115,breslow,5,1.0,0.5,0.3,7478.175379600763,0.5457838986995048,37.63687896424335,50.59919988346058
D,25,15,115,breslow,5,1.0,0.5,0.5,7584.116015113768,0.5440663591916233,37.67286918429225,50.694544799673075
D,25,15,115,breslow,5,1.0,0.5,0.95,,,,
D,25,15,115,breslow,5,1.0,1.0,0.3,7478.175379600763,0.5457838986995048,37.63687896424335,50.59919988346058
D,25,15,115,breslow,5,1.0,1.0,0.5,7584.116015113768,0.5440663591916233,37.67286918429225,50.694544799673075
D,25,15,115,breslow,5,1.0,1.0,0.95,,,,
D,25,15,115,spline,3,0.0,0.0,0.3,,,,
D,25,15,115,spline,3,0.0,0.0,0.5,,,,
D,25,15,115,spline,3,0.0,0.0,0.95,,,,
D,25,15,115,spline,3,0.0,0.5,0.3,,,,
D,25,15,115,spline,3,0.0,0.5,0.5,,,,
D,25,15,115,spline,3,0.0,0.5,0.95,,,,
D,25,15,115,spline,3,0.0,1.0,0.3,,,,
D,25,15,115,spline,3,0.0,1.0,0.5,,,,
D,25,15,115,spline,3,0.0,1.0,0.95,,,,
D,25,15,115,spline,3,0.1,0.0,0.3,,,,
D,25,15,115,spline,3,0.1,0.0,0.5,,,,
D,25,15,115,spline,3,0.1,0.0,0.95,,,,
D,25,15,115,spline,3,0.1,0.5,0.3,,,,
D,25,15,115,spline,3,0.1,0.5,0.5,,,,
D,25,15,115,spline,3,0.1,0.5,0.95,,,,
D,25,15,115,spline,3,0.1,1.0,0.3,,,,
D,25,15,115,spline,3,0.1,1.0,0.5,,,,
D,25,15,115,spline,3,0.1,1.0,0.95,,,,
D,25,15,115,spline,3,1.0,0.0,0.3,,,,
D,25,15,115,spline,3,1.0,0.0,0.5,,,,
D,25,15,115,spline,3,1.0,0.0,0.95,,,,
D,25,15,115,spline,3,1.0,0.5,0.3,,,,
D,25,15,115,spline,3,1.0,0.5,0.5,,,,
D,25,15,115,spline,3,1.0,0.5,0.95,,,,
D,25,15,115,spline,3,1.0,1.0,0.3,,,,
D,25,15,115,spline,3,1.0,1.0,0.5,,,,
D,25,15,115,spline,3,1.0,1.0,0.95,,,,
D,25,15,115,spline,5,0.0,0.0,0.3,,,,
D,25,15,115,spline,5,0.0,0.0,0.5,,,,
D,25,15,115,spline,5,0.0,0.0,0.95,,,,
D,25,15,115,spline,5,0.0,0.5,0.3,,,,
D,25,15,115,spline,5,0.0,0.5,0.5,,,,
D,25,15,115,spline,5,0.0,0.5,0.95,,,,
D,25,15,115,spline,5,0.0,1.0,0.3,,,,
D,25,15,115,spline,5,0.0,1.0,0.5,,,,
D,25,15,115,spline,5,0.0,1.0,0.95,,,,
D,25,15,115,spline,5,0.1,0.0,0.3,,,,
D,25,15,115,spline,5,0.1,0.0,0.5,,,,
D,25,15,115,spline,5,0.1,0.0,0.95,,,,
D,25,15,115,spline,5,0.1,0.5,0.3,,,,
D,25,15,115,spline,5,0.1,0.5,0.5,,,,
D,25,15,115,spline,5,0.1,0.5,0.95,,,,
D,25,15,115,spline,5,0.1,1.0,0.3,,,,
D,25,15,115,spline,5,0.1,1.0,0.5,,,,
D,25,15,115,spline,5,0.1,1.0,0.95,,,,
D,25,15,115,spline,5,1.0,0.0,0.3,,,,
D,25,15,115,spline,5,1.0,0.0,0.5,,,,
D,25,15,115,spline,5,1.0,0.0,0.95,,,,
D,25,15,115,spline,5,1.0,0.5,0.3,,,,
D,25,15,115,spline,5,1.0,0.5,0.5,,,,
D,25,15,115,spline,5,1.0,0.5,0.95,,,,
D,25,15,115,spline,5,1.0,1.0,0.3,,,,
D,25,15,115,spline,5,1.0,1.0,0.5,,,,
D,25,15,115,spline,5,1.0,1.0,0.95,,,,
D,25,15,120,breslow,3,0.0,0.0,0.3,,,,
D,25,15,120,breslow,3,0.0,0.0,0.5,,,,
D,25,15,120,breslow,3,0.0,0.0,0.95,,,,
D,25,15,120,breslow,3,0.0,0.5,0.3,,,,
D,25,15,120,breslow,3,0.0,0.5,0.5,,,,
D,25,15,120,breslow,3,0.0,0.5,0.95,,,,
D,25,15,120,breslow,3,0.0,1.0,0.3,,,,
D,25,15,120,breslow,3,0.0,1.0,0.5,,,,
D,25,15,120,breslow,3,0.0,1.0,0.95,,,,
D,25,15,120,breslow,3,0.1,0.0,0.3,7477.829992603397,0.5443547726020291,35.55435429828377,50.30016757339234
D,25,15,120,breslow,3,0.1,0.0,0.5,7583.688237025248,0.5426915226945664,35.58858412713463,50.396241800815176
D,25,15,120,breslow,3,0.1,0.0,0.95,,,,
D,25,15,120,breslow,3,0.1,0.5,0.3,7477.764303411643,0.5443340015533689,35.56061346698793,50.304419236514015
D,25,15,120,breslow,3,0.1,0.5,0.5,7583.692596642146,0.5426912949106195,35.58877972615663,50.39645488270408
D,25,15,120,breslow,3,0.1,0.5,0.95,,,,
D,25,15,120,breslow,3,0.1,1.0,0.3,7477.764303411643,0.5443340015533689,35.56061346698793,50.304419236514015
D,25,15,120,breslow,3,0.1,1.0,0.5,7583.692596642146,0.5426912949106195,35.58877972615663,50.39645488270408
D,25,15,120,breslow,3,0.1,1.0,0.95,,,,
D,25,15,120,breslow,3,1.0,0.0,0.3,7477.764303411643,0.5443340015533689,35.56061346698793,50.304419236514015
D,25,15,120,breslow,3,1.0,0.0,0.5,7583.692596642146,0.5426912949106195,35.58877972615663,50.39645488270408
D,25,15,120,breslow,3,1.0,0.0,0.95,,,,
D,25,15,120,breslow,3,1.0,0.5,0.3,7477.764303411643,0.5443340015533689,35.56061346698793,50.304419236514015
D,25,15,120,breslow,3,1.0,0.5,0.5,7583.692596642146,0.5426912949106195,35.58877972615663,50.39645488270408
D,25,15,120,breslow,3,1.0,0.5,0.95,,,,
D,25,15,120,breslow,3,1.0,1.0,0.3,7477.764303411643,0.5443340015533689,35.56061346698793,50.304419236514015
D,25,15,120,breslow,3,1.0,1.0,0.5,7583.692596642146,0.5426912949106195,35.58877972615663,50.39645488270408
D,25,15,120,breslow,3,1.0,1.0,0.95,,,,
D,25,15,120,breslow,5,0.0,0.0,0.3,,,,
D,25,15,120,breslow,5,0.0,0.0,0.5,,,,
D,25,15,120,breslow,5,0.0,0.0,0.95,,,,
D,25,15,120,breslow,5,0.0,0.5,0.3,,,,
D,25,15,120,breslow,5,0.0,0.5,0.5,,,,
D,25,15,120,breslow,5,0.0,0.5,0.95,,,,
D,25,15,120,breslow,5,0.0,1.0,0.3,,,,
D,25,15,120,breslow,5,0.0,1.0,0.5,,,,
D,25,15,120,breslow,5,0.0,1.0,0.95,,,,
D,25,15,120,breslow,5,0.1,0.0,0.3,7477.829992603397,0.5443547726020291,35.55435429828377,50.30016757339234
D,25,15,120,breslow,5,0.1,0.0,0.5,7583.688237025248,0.5426915226945664,35.58858412713463,50.396241800815176
D,25,15,120,breslow,5,0.1,0.0,0.95,,,,
D,25,15,120,breslow,5,0.1,0.5,0.3,7477.764303411643,0.5443340015533689,35.56061346698793,50.304419236514015
D,25,15,120,breslow,5,0.1,0.5,0.5,7583.692596642146,0.5426912949106195,35.58877972615663,50.39645488270408
D,25,15,120,breslow,5,0.1,0.5,0.95,,,,
D,25,15,120,breslow,5,0.1,1.0,0.3,7477.764303411643,0.5443340015533689,35.56061346698793,50.304419236514015
D,25,15,120,breslow,5,0.1,1.0,0.5,7583.692596642146,0.5426912949106195,35.58877972615663,50.39645488270408
D,25,15,120,breslow,5,0.1,1.0,0.95,,,,
D,25,15,120,breslow,5,1.0,0.0,0.3,7477.764303411643,0.5443340015533689,35.56061346698793,50.304419236514015
D,25,15,120,breslow,5,1.0,0.0,0.5,7583.692596642146,0.5426912949106195,35.58877972615663,50.39645488270408
D,25,15,120,breslow,5,1.0,0.0,0.95,,,,
D,25,15,120,breslow,5,1.0,0.5,0.3,7477.764303411643,0.5443340015533689,35.56061346698793,50.304419236514015
D,25,15,120,breslow,5,1.0,0.5,0.5,7583.692596642146,0.5426912949106195,35.58877972615663,50.39645488270408
D,25,15,120,breslow,5,1.0,0.5,0.95,,,,
D,25,15,120,breslow,5,1.0,1.0,0.3,7477.764303411643,0.5443340015533689,35.56061346698793,50.304419236514015
D,25,15,120,breslow,5,1.0,1.0,0.5,7583.692596642146,0.5426912949106195,35.58877972615663,50.39645488270408
D,25,15,120,breslow,5,1.0,1.0,0.95,,,,
D,25,15,120,spline,3,0.0,0.0,0.3,,,,
D,25,15,120,spline,3,0.0,0.0,0.5,,,,
D,25,15,120,spline,3,0.0,0.0,0.95,,,,
D,25,15,120,spline,3,0.0,0.5,0.3,,,,
D,25,15,120,spline,3,0.0,0.5,0.5,,,,
D,25,15,120,spline,3,0.0,0.5,0.95,,,,
D,25,15,120,spline,3,0.0,1.0,0.3,,,,
D,25,15,120,spline,3,0.0,1.0,0.5,,,,
D,25,15,120,spline,3,0.0,1.0,0.95,,,,
D,25,15,120,spline,3,0.1,0.0,0.3,,,,
D,25,15,120,spline,3,0.1,0.0,0.5,,,,
D,25,15,120,spline,3,0.1,0.0,0.95,,,,
D,25,15,120,spline,3,0.1,0.5,0.3,,,,
D,25,15,120,spline,3,0.1,0.5,0.5,,,,
D,25,15,120,spline,3,0.1,0.5,0.95,,,,
D,25,15,120,spline,3,0.1,1.0,0.3,,,,
D,25,15,120,spline,3,0.1,1.0,0.5,,,,
D,25,15,120,spline,3,0.1,1.0,0.95,,,,
D,25,15,120,spline,3,1.0,0.0,0.3,,,,
D,25,15,120,spline,3,1.0,0.0,0.5,,,,
D,25,15,120,spline,3,1.0,0.0,0.95,,,,
D,25,15,120,spline,3,1.0,0.5,0.3,,,,
D,25,15,120,spline,3,1.0,0.5,0.5,,,,
D,25,15,120,spline,3,1.0,0.5,0.95,,,,
D,25,15,120,spline,3,1.0,1.0,0.3,,,,
D,25,15,120,spline,3,1.0,1.0,0.5,,,,
D,25,15,120,spline,3,1.0,1.0,0.95,,,,
D,25,15,120,spline,5,0.0,0.0,0.3,,,,
D,25,15,120,spline,5,0.0,0.0,0.5,,,,
D,25,15,120,spline,5,0.0,0.0,0.95,,,,
D,25,15,120,spline,5,0.0,0.5,0.3,,,,
D,25,15,120,spline,5,0.0,0.5,0.5,,,,
D,25,15,120,spline,5,0.0,0.5,0.95,,,,
D,25,15,120,spline,5,0.0,1.0,0.3,,,,
D,25,15,120,spline,5,0.0,1.0,0.5,,,,
D,25,15,120,spline,5,0.0,1.0,0.95,,,,
D,25,15,120,spline,5,0.1,0.0,0.3,,,,
D,25,15,120,spline,5,0.1,0.0,0.5,,,,
D,25,15,120,spline,5,0.1,0.0,0.95,,,,
D,25,15,120,spline,5,0.1,0.5,0.3,,,,
D,25,15,120,spline,5,0.1,0.5,0.5,,,,
D,25,15,120,spline,5,0.1,0.5,0.95,,,,
D,25,15,120,spline,5,0.1,1.0,0.3,,,,
D,25,15,120,spline,5,0.1,1.0,0.5,,,,
D,25,15,120,spline,5,0.1,1.0,0.95,,,,
D,25,15,120,spline,5,1.0,0.0,0.3,,,,
D,25,15,120,spline,5,1.0,0.0,0.5,,,,
D,25,15,120,spline,5,1.0,0.0,0.95,,,,
D,25,15,120,spline,5,1.0,0.5,0.3,,,,
D,25,15,120,spline,5,1.0,0.5,0.5,,,,
D,25,15,120,spline,5,1.0,0.5,0.95,,,,
D,25,15,120,spline,5,1.0,1.0,0.3,,,,
D,25,15,120,spline,5,1.0,1.0,0.5,,,,
D,25,15,120,spline,5,1.0,1.0,0.95,,,,
D,25,15,125,breslow,3,0.0,0.0,0.3,,,,
D,25,15,125,breslow,3,0.0,0.0,0.5,,,,
D,25,15,125,breslow,3,0.0,0.0,0.95,,,,
D,25,15,125,breslow,3,0.0,0.5,0.3,,,,
D,25,15,125,breslow,3,0.0,0.5,0.5,,,,
D,25,15,125,breslow,3,0.0,0.5,0.95,,,,
D,25,15,125,breslow,3,0.0,1.0,0.3,,,,
D,25,15,125,breslow,3,0.0,1.0,0.5,,,,
D,25,15,125,breslow,3,0.0,1.0,0.95,,,,
D,25,15,125,breslow,3,0.1,0.0,0.3,7477.622728475244,0.5431146448527155,33.63856456477891,50.22312508672223
D,25,15,125,breslow,3,0.1,0.0,0.5,7583.468536186968,0.541520757594212,33.6659484278596,50.31618529501307
D,25,15,125,breslow,3,0.1,0.0,0.95,,,,
D,25,15,125,breslow,3,0.1,0.5,0.3,7477.558194109862,0.5430950950089966,33.64580172859309,50.22775319621904
D,25,15,125,breslow,3,0.1,0.5,0.5,7583.472895803864,0.5415205359092371,33.666144026881604,50.316398354048914
D,25,15,125,breslow,3,0.1,0.5,0.95,,,,
D,25,15,125,breslow,3,0.1,1.0,0.3,7477.558194109862,0.5430950950089966,33.64580172859309,50.22775319621904
D,25,15,125,breslow,3,0.1,1.0,0.5,7583.472895803864,0.5415205359092371,33.666144026881604,50.316398354048914
D,25,15,125,breslow,3,0.1,1.0,0.95,,,,
D,25,15,125,breslow,3,1.0,0.0,0.3,7477.558194109862,0.5430950950089966,33.64580172859309,50.22775319621904
D,25,15,125,breslow,3,1.0,0.0,0.5,7583.472895803864,0.5415205359092371,33.666144026881604,50.316398354048914
D,25,15,125,breslow,3,1.0,0.0,0.95,,,,
D,25,15,125,breslow,3,1.0,0.5,0.3,7477.558194109862,0.5430950950089966,33.64580172859309,50.22775319621904
D,25,15,125,breslow,3,1.0,0.5,0.5,7583.472895803864,0.5415205359092371,33.666144026881604,50.316398354048914
D,25,15,125,breslow,3,1.0,0.5,0.95,,,,
D,25,15,125,breslow,3,1.0,1.0,0.3,7477.558194109862,0.5430950950089966,33.64580172859309,50.22775319621904
D,25,15,125,breslow,3,1.0,1.0,0.5,7583.472895803864,0.5415205359092371,33.666144026881604,50.316398354048914
D,25,15,125,breslow,3,1.0,1.0,0.95,,,,
D,25,15,125,breslow,5,0.0,0.0,0.3,,,,
D,25,15,125,breslow,5,0.0,0.0,0.5,,,,
D,25,15,125,breslow,5,0.0,0.0,0.95,,,,
D,25,15,125,breslow,5,0.0,0.5,0.3,,,,
D,25,15,125,breslow,5,0.0,0.5,0.5,,,,
D,25,15,125,breslow,5,0.0,0.5,0.95,,,,
D,25,15,125,breslow,5,0.0,1.0,0.3,,,,
D,25,15,125,breslow,5,0.0,1.0,0.5,,,,
D,25,15,125,breslow,5,0.0,1.0,0.95,,,,
D,25,15,125,breslow,5,0.1,0.0,0.3,7477.622728475244,0.5431146448527155,33.63856456477891,50.22312508672223
D,25,15,125,breslow,5,0.1,0.0,0.5,7583.468536186968,0.541520757594212,33.6659484278596,50.31618529501307
D,25,15,125,breslow,5,0.1,0.0,0.95,,,,
D,25,15,125,breslow,5,0.1,0.5,0.3,7477.558194109862,0.5430950950089966,33.64580172859309,50.22775319621904
D,25,15,125,breslow,5,0.1,0.5,0.5,7583.472895803864,0.5415205359092371,33.666144026881604,50.316398354048914
D,25,15,125,breslow,5,0.1,0.5,0.95,,,,
D,25,15,125,breslow,5,0.1,1.0,0.3,7477.558194109862,0.5430950950089966,33.64580172859309,50.22775319621904
D,25,15,125,breslow,5,0.1,1.0,0.5,7583.472895803864,0.5415205359092371,33.666144026881604,50.316398354048914
D,25,15,125,breslow,5,0.1,1.0,0.95,,,,
D,25,15,125,breslow,5,1.0,0.0,0.3,7477.558194109862,0.5430950950089966,33.64580172859309,50.22775319621904
D,25,15,125,breslow,5,1.0,0.0,0.5,7583.472895803864,0.5415205359092371,33.666144026881604,50.316398354048914
D,25,15,125,breslow,5,1.0,0.0,0.95,,,,
D,25,15,125,breslow,5,1.0,0.5,0.3,7477.558194109862,0.5430950950089966,33.64580172859309,50.22775319621904
D,25,15,125,breslow,5,1.0,0.5,0.5,7583.472895803864,0.5415205359092371,33.666144026881604,50.316398354048914
D,25,15,125,breslow,5,1.0,0.5,0.95,,,,
D,25,15,125,breslow,5,1.0,1.0,0.3,7477.558194109862,0.5430950950089966,33.64580172859309,50.22775319621904
D,25,15,125,breslow,5,1.0,1.0,0.5,7583.472895803864,0.5415205359092371,33.666144026881604,50.316398354048914
D,25,15,125,breslow,5,1.0,1.0,0.95,,,,
D,25,15,125,spline,3,0.0,0.0,0.3,,,,
D,25,15,125,spline,3,0.0,0.0,0.5,,,,
D,25,15,125,spline,3,0.0,0.0,0.95,,,,
D,25,15,125,spline,3,0.0,0.5,0.3,,,,
D,25,15,125,spline,3,0.0,0.5,0.5,,,,
D,25,15,125,spline,3,0.0,0.5,0.95,,,,
D,25,15,125,spline,3,0.0,1.0,0.3,,,,
D,25,15,125,spline,3,0.0,1.0,0.5,,,,
D,25,15,125,spline,3,0.0,1.0,0.95,,,,
D,25,15,125,spline,3,0.1,0.0,0.3,,,,
D,25,15,125,spline,3,0.1,0.0,0.5,,,,
D,25,15,125,spline,3,0.1,0.0,0.95,,,,
D,25,15,125,spline,3,0.1,0.5,0.3,,,,
D,25,15,125,spline,3,0.1,0.5,0.5,,,,
D,25,15,125,spline,3,0.1,0.5,0.95,,,,
D,25,15,125,spline,3,0.1,1.0,0.3,,,,
D,25,15,125,spline,3,0.1,1.0,0.5,,,,
D,25,15,125,spline,3,0.1,1.0,0.95,,,,
D,25,15,125,spline,3,1.0,0.0,0.3,,,,
D,25,15,125,spline,3,1.0,0.0,0.5,,,,
D,25,15,125,spline,3,1.0,0.0,0.95,,,,
D,25,15,125,spline,3,1.0,0.5,0.3,,,,
D,25,15,125,spline,3,1.0,0.5,0.5,,,,
D,25,15,125,spline,3,1.0,0.5,0.95,,,,
D,25,15,125,spline,3,1.0,1.0,0.3,,,,
D,25,15,125,spline,3,1.0,1.0,0.5,,,,
D,25,15,125,spline,3,1.0,1.0,0.95,,,,
D,25,15,125,spline,5,0.0,0.0,0.3,,,,
D,25,15,125,spline,5,0.0,0.0,0.5,,,,
D,25,15,125,spline,5,0.0,0.0,0.95,,,,
D,25,15,125,spline,5,0.0,0.5,0.3,,,,
D,25,15,125,spline,5,0.0,0.5,0.5,,,,
D,25,15,125,spline,5,0.0,0.5,0.95,,,,
D,25,15,125,spline,5,0.0,1.0,0.3,,,,
D,25,15,125,spline,5,0.0,1.0,0.5,,,,
D,25,15,125,spline,5,0.0,1.0,0.95,,,,
D,25,15,125,spline,5,0.1,0.0,0.3,,,,
D,25,15,125,spline,5,0.1,0.0,0.5,,,,
D,25,15,125,spline,5,0.1,0.0,0.95,,,,
D,25,15,125,spline,5,0.1,0.5,0.3,,,,
D,25,15,125,spline,5,0.1,0.5,0.5,,,,
D,25,15,125,spline,5,0.1,0.5,0.95,,,,
D,25,15,125,spline,5,0.1,1.0,0.3,,,,
D,25,15,125,spline,5,0.1,1.0,0.5,,,,
D,25,15,125,spline,5,0.1,1.0,0.95,,,,
D,25,15,125,spline,5,1.0,0.0,0.3,,,,
D,25,15,125,spline,5,1.0,0.0,0.5,,,,
D,25,15,125,spline,5,1.0,0.0,0.95,,,,
D,25,15,125,spline,5,1.0,0.5,0.3,,,,
D,25,15,125,spline,5,1.0,0.5,0.5,,,,
D,25,15,125,spline,5,1.0,0.5,0.95,,,,
D,25,15,125,spline,5,1.0,1.0,0.3,,,,
D,25,15,125,spline,5,1.0,1.0,0.5,,,,
D,25,15,125,spline,5,1.0,1.0,0.95,,,,
D,25,20,115,breslow,3,0.0,0.0,0.3,,,,
D,25,20,115,breslow,3,0.0,0.0,0.5,,,,
D,25,20,115,breslow,3,0.0,0.0,0.95,,,,
D,25,20,115,breslow,3,0.0,0.5,0.3,,,,
D,25,20,115,breslow,3,0.0,0.5,0.5,,,,
D,25,20,115,breslow,3,0.0,0.5,0.95,,,,
D,25,20,115,breslow,3,0.0,1.0,0.3,,,,
D,25,20,115,breslow,3,0.0,1.0,0.5,,,,
D,25,20,115,breslow,3,0.0,1.0,0.95,,,,
D,25,20,115,breslow,3,0.1,0.0,0.3,7478.219074542928,0.5457899261830701,37.63433617695729,50.59669140764035
D,25,20,115,breslow,3,0.1,0.0,0.5,7584.111655496871,0.5440665938381853,37.672673585270246,50.69433254588787
D,25,20,115,breslow,3,0.1,0.0,0.95,,,,
D,25,20,115,breslow,3,0.1,0.5,0.3,7478.175379600763,0.5457838986995048,37.63687896424335,50.59919988346058
D,25,20,115,breslow,3,0.1,0.5,0.5,7584.116015113768,0.5440663591916233,37.67286918429225,50.694544799673075
D,25,20,115,breslow,3,0.1,0.5,0.95,,,,
D,25,20,115,breslow,3,0.1,1.0,0.3,7478.175379600763,0.5457838986995048,37.63687896424335,50.59919988346058
D,25,20,115,breslow,3,0.1,1.0,0.5,7584.116015113768,0.5440663591916233,37.67286918429225,50.694544799673075
D,25,20,115,breslow,3,0.1,1.0,0.95,,,,
D,25,20,115,breslow,3,1.0,0.0,0.3,7478.175379600763,0.5457838986995048,37.63687896424335,50.59919988346058
D,25,20,115,breslow,3,1.0,0.0,0.5,7584.116015113768,0.5440663591916233,37.67286918429225,50.694544799673075
D,25,20,115,breslow,3,1.0,0.0,0.95,,,,
D,25,20,115,breslow,3,1.0,0.5,0.3,7478.175379600763,0.5457838986995048,37.63687896424335,50.59919988346058
D,25,20,115,breslow,3,1.0,0.5,0.5,7584.116015113768,0.5440663591916233,37.67286918429225,50.694544799673075
D,25,20,115,breslow,3,1.0,0.5,0.95,,,,
D,25,20,115,breslow,3,1.0,1.0,0.3,7478.175379600763,0.5457838986995048,37.63687896424335,50.59919988346058
D,25,20,115,breslow,3,1.0,1.0,0.5,7584.116015113768,0.5440663591916233,37.67286918429225,50.694544799673075
D,25,20,115,breslow,3,1.0,1.0,0.95,,,,
D,25,20,115,breslow,5,0.0,0.0,0.3,,,,
D,25,20,115,breslow,5,0.0,0.0,0.5,,,,
D,25,20,115,breslow,5,0.0,0.0,0.95,,,,
D,25,20,115,breslow,5,0.0,0.5,0.3,,,,
D,25,20,115,breslow,5,0.0,0.5,0.5,,,,
D,25,20,115,breslow,5,0.0,0.5,0.95,,,,
D,25,20,115,breslow,5,0.0,1.0,0.3,,,,
D,25,20,115,breslow,5,0.0,1.0,0.5,,,,
D,25,20,115,breslow,5,0.0,1.0,0.95,,,,
D,25,20,115,breslow,5,0.1,0.0,0.3,7478.219074542928,0.5457899261830701,37.63433617695729,50.59669140764035
D,25,20,115,breslow,5,0.1,0.0,0.5,7584.111655496871,0.5440665938381853,37.672673585270246,50.69433254588787
D,25,20,115,breslow,5,0.1,0.0,0.95,,,,
D,25,20,115,breslow,5,0.1,0.5,0.3,7478.175379600763,0.5457838986995048,37.63687896424335,50.59919988346058
D,25,20,115,breslow,5,0.1,0.5,0.5,7584.116015113768,0.5440663591916233,37.67286918429225,50.694544799673075
D,25,20,115,breslow,5,0.1,0.5,0.95,,,,
D,25,20,115,breslow,5,0.1,1.0,0.3,7478.175379600763,0.5457838986995048,37.63687896424335,50.59919988346058
D,25,20,115,breslow,5,0.1,1.0,0.5,7584.116015113768,0.5440663591916233,37.67286918429225,50.694544799673075
D,25,20,115,breslow,5,0.1,1.0,0.95,,,,
D,25,20,115,breslow,5,1.0,0.0,0.3,7478.175379600763,0.5457838986995048,37.63687896424335,50.59919988346058
D,25,20,115,breslow,5,1.0,0.0,0.5,7584.116015113768,0.5440663591916233,37.67286918429225,50.694544799673075
D,25,20,115,breslow,5,1.0,0.0,0.95,,,,
D,25,20,115,breslow,5,1.0,0.5,0.3,7478.175379600763,0.5457838986995048,37.63687896424335,50.59919988346058
D,25,20,115,breslow,5,1.0,0.5,0.5,7584.116015113768,0.5440663591916233,37.67286918429225,50.694544799673075
D,25,20,115,breslow,5,1.0,0.5,0.95,,,,
D,25,20,115,breslow,5,1.0,1.0,0.3,7478.175379600763,0.5457838986995048,37.63687896424335,50.59919988346058
D,25,20,115,breslow,5,1.0,1.0,0.5,7584.116015113768,0.5440663591916233,37.67286918429225,50.694544799673075
D,25,20,115,breslow,5,1.0,1.0,0.95,,,,
D,25,20,115,spline,3,0.0,0.0,0.3,,,,
D,25,20,115,spline,3,0.0,0.0,0.5,,,,
D,25,20,115,spline,3,0.0,0.0,0.95,,,,
D,25,20,115,spline,3,0.0,0.5,0.3,,,,
D,25,20,115,spline,3,0.0,0.5,0.5,,,,
D,25,20,115,spline,3,0.0,0.5,0.95,,,,
D,25,20,115,spline,3,0.0,1.0,0.3,,,,
D,25,20,115,spline,3,0.0,1.0,0.5,,,,
D,25,20,115,spline,3,0.0,1.0,0.95,,,,
D,25,20,115,spline,3,0.1,0.0,0.3,,,,
D,25,20,115,spline,3,0.1,0.0,0.5,,,,
D,25,20,115,spline,3,0.1,0.0,0.95,,,,
D,25,20,115,spline,3,0.1,0.5,0.3,,,,
D,25,20,115,spline,3,0.1,0.5,0.5,,,,
D,25,20,115,spline,3,0.1,0.5,0.95,,,,
D,25,20,115,spline,3,0.1,1.0,0.3,,,,
D,25,20,115,spline,3,0.1,1.0,0.5,,,,
D,25,20,115,spline,3,0.1,1.0,0.95,,,,
D,25,20,115,spline,3,1.0,0.0,0.3,,,,
D,25,20,115,spline,3,1.0,0.0,0.5,,,,
D,25,20,115,spline,3,1.0,0.0,0.95,,,,
D,25,20,115,spline,3,1.0,0.5,0.3,,,,
D,25,20,115,spline,3,1.0,0.5,0.5,,,,
D,25,20,115,spline,3,1.0,0.5,0.95,,,,
D,25,20,115,spline,3,1.0,1.0,0.3,,,,
D,25,20,115,spline,3,1.0,1.0,0.5,,,,
D,25,20,115,spline,3,1.0,1.0,0.95,,,,
D,25,20,115,spline,5,0.0,0.0,0.3,,,,
D,25,20,115,spline,5,0.0,0.0,0.5,,,,
D,25,20,115,spline,5,0.0,0.0,0.95,,,,
D,25,20,115,spline,5,0.0,0.5,0.3,,,,
D,25,20,115,spline,5,0.0,0.5,0.5,,,,
D,25,20,115,spline,5,0.0,0.5,0.95,,,,
D,25,20,115,spline,5,0.0,1.0,0.3,,,,
D,25,20,115,spline,5,0.0,1.0,0.5,,,,
D,25,20,115,spline,5,0.0,1.0,0.95,,,,
D,25,20,115,spline,5,0.1,0.0,0.3,,,,
D,25,20,115,spline,5,0.1,0.0,0.5,,,,
D,25,20,115,spline,5,0.1,0.0,0.95,,,,
D,25,20,115,spline,5,0.1,0.5,0.3,,,,
D,25,20,115,spline,5,0.1,0.5,0.5,,,,
D,25,20,115,spline,5,0.1,0.5,0.95,,,,
D,25,20,115,spline,5,0.1,1.0,0.3,,,,
D,25,20,115,spline,5,0.1,1.0,0.5,,,,
D,25,20,115,spline,5,0.1,1.0,0.95,,,,
D,25,20,115,spline,5,1.0,0.0,0.3,,,,
D,25,20,115,spline,5,1.0,0.0,0.5,,,,
D,25,20,115,spline,5,1.0,0.0,0.95,,,,
D,25,20,115,spline,5,1.0,0.5,0.3,,,,
D,25,20,115,spline,5,1.0,0.5,0.5,,,,
D,25,20,115,spline,5,1.0,0.5,0.95,,,,
D,25,20,115,spline,5,1.0,1.0,0.3,,,,
D,25,20,115,spline,5,1.0,1.0,0.5,,,,
D,25,20,115,spline,5,1.0,1.0,0.95,,,,
D,25,20,120,breslow,3,0.0,0.0,0.3,,,,
D,25,20,120,breslow,3,0.0,0.0,0.5,,,,
D,25,20,120,breslow,3,0.0,0.0,0.95,,,,
D,25,20,120,breslow,3,0.0,0.5,0.3,,,,
D,25,20,120,breslow,3,0.0,0.5,0.5,,,,
D,25,20,120,breslow,3,0.0,0.5,0.95,,,,
D,25,20,120,breslow,3,0.0,1.0,0.3,,,,
D,25,20,120,breslow,3,0.0,1.0,0.5,,,,
D,25,20,120,breslow,3,0.0,1.0,0.95,,,,
D,25,20,120,breslow,3,0.1,0.0,0.3,7477.80733806619,0.5443392832936382,35.55777728116887,50.301746351398926
D,25,20,120,breslow,3,0.1,0.0,0.5,7583.688237025248,0.5426915226945664,35.58858412713463,50.396241800815176
D,25,20,120,breslow,3,0.1,0.0,0.95,,,,
D,25,20,120,breslow,3,0.1,0.5,0.3,7477.764303411643,0.5443340015533689,35.56061346698793,50.304419236514015
D,25,20,120,breslow,3,0.1,0.5,0.5,7583.692596642146,0.5426912949106195,35.58877972615663,50.39645488270408
D,25,20,120,breslow,3,0.1,0.5,0.95,,,,
D,25,20,120,breslow,3,0.1,1.0,0.3,7477.764303411643,0.5443340015533689,35.56061346698793,50.304419236514015
D,25,20,120,breslow,3,0.1,1.0,0.5,7583.692596642146,0.5426912949106195,35.58877972615663,50.39645488270408
D,25,20,120,breslow,3,0.1,1.0,0.95,,,,
D,25,20,120,breslow,3,1.0,0.0,0.3,7477.764303411643,0.5443340015533689,35.56061346698793,50.304419236514015
D,25,20,120,breslow,3,1.0,0.0,0.5,7583.692596642146,0.5426912949106195,35.58877972615663,50.39645488270408
D,25,20,120,breslow,3,1.0,0.0,0.95,,,,
D,25,20,120,breslow,3,1.0,0.5,0.3,7477.764303411643,0.5443340015533689,35.56061346698793,50.304419236514015
D,25,20,120,breslow,3,1.0,0.5,0.5,7583.692596642146,0.5426912949106195,35.58877972615663,50.39645488270408
D,25,20,120,breslow,3,1.0,0.5,0.95,,,,
D,25,20,120,breslow,3,1.0,1.0,0.3,7477.764303411643,0.5443340015533689,35.56061346698793,50.304419236514015
D,25,20,120,breslow,3,1.0,1.0,0.5,7583.692596642146,0.5426912949106195,35.58877972615663,50.39645488270408
D,25,20,120,breslow,3,1.0,1.0,0.95,,,,
D,25,20,120,breslow,5,0.0,0.0,0.3,,,,
D,25,20,120,breslow,5,0.0,0.0,0.5,,,,
D,25,20,120,breslow,5,0.0,0.0,0.95,,,,
D,25,20,120,breslow,5,0.0,0.5,0.3,,,,
D,25,20,120,breslow,5,0.0,0.5,0.5,,,,
D,25,20,120,breslow,5,0.0,0.5,0.95,,,,
D,25,20,120,breslow,5,0.0,1.0,0.3,,,,
D,25,20,120,breslow,5,0.0,1.0,0.5,,,,
D,25,20,120,breslow,5,0.0,1.0,0.95,,,,
D,25,20,120,breslow,5,0.1,0.0,0.3,7477.80733806619,0.5443392832936382,35.55777728116887,50.301746351398926
D,25,20,120,breslow,5,0.1,0.0,0.5,7583.688237025248,0.5426915226945664,35.58858412713463,50.396241800815176
D,25,20,120,breslow,5,0.1,0.0,0.95,,,,
D,25,20,120,breslow,5,0.1,0.5,0.3,7477.764303411643,0.5443340015533689,35.56061346698793,50.304419236514015
D,25,20,120,breslow,5,0.1,0.5,0.5,7583.692596642146,0.5426912949106195,35.58877972615663,50.39645488270408
D,25,20,120,breslow,5,0.1,0.5,0.95,,,,
D,25,20,120,breslow,5,0.1,1.0,0.3,7477.764303411643,0.5443340015533689,35.56061346698793,50.304419236514015
D,25,20,120,breslow,5,0.1,1.0,0.5,7583.692596642146,0.5426912949106195,35.58877972615663,50.39645488270408
D,25,20,120,breslow,5,0.1,1.0,0.95,,,,
D,25,20,120,breslow,5,1.0,0.0,0.3,7477.764303411643,0.5443340015533689,35.56061346698793,50.304419236514015
D,25,20,120,breslow,5,1.0,0.0,0.5,7583.692596642146,0.5426912949106195,35.58877972615663,50.39645488270408
D,25,20,120,breslow,5,1.0,0.0,0.95,,,,
D,25,20,120,breslow,5,1.0,0.5,0.3,7477.764303411643,0.5443340015533689,35.56061346698793,50.304419236514015
D,25,20,120,breslow,5,1.0,0.5,0.5,7583.692596642146,0.5426912949106195,35.58877972615663,50.39645488270408
D,25,20,120,breslow,5,1.0,0.5,0.95,,,,
D,25,20,120,breslow,5,1.0,1.0,0.3,7477.764303411643,0.5443340015533689,35.56061346698793,50.304419236514015
D,25,20,120,breslow,5,1.0,1.0,0.5,7583.692596642146,0.5426912949106195,35.58877972615663,50.39645488270408
D,25,20,120,breslow,5,1.0,1.0,0.95,,,,
D,25,20,120,spline,3,0.0,0.0,0.3,,,,
D,25,20,120,spline,3,0.0,0.0,0.5,,,,
D,25,20,120,spline,3,0.0,0.0,0.95,,,,
D,25,20,120,spline,3,0.0,0.5,0.3,,,,
D,25,20,120,spline,3,0.0,0.5,0.5,,,,
D,25,20,120,spline,3,0.0,0.5,0.95,,,,
D,25,20,120,spline,3,0.0,1.0,0.3,,,,
D,25,20,120,spline,3,0.0,1.0,0.5,,,,
D,25,20,120,spline,3,0.0,1.0,0.95,,,,
D,25,20,120,spline,3,0.1,0.0,0.3,,,,
D,25,20,120,spline,3,0.1,0.0,0.5,,,,
D,25,20,120,spline,3,0.1,0.0,0.95,,,,
D,25,20,120,spline,3,0.1,0.5,0.3,,,,
D,25,20,120,spline,3,0.1,0.5,0.5,,,,
D,25,20,120,spline,3,0.1,0.5,0.95,,,,
D,25,20,120,spline,3,0.1,1.0,0.3,,,,
D,25,20,120,spline,3,0.1,1.0,0.5,,,,
D,25,20,120,spline,3,0.1,1.0,0.95,,,,
D,25,20,120,spline,3,1.0,0.0,0.3,,,,
D,25,20,120,spline,3,1.0,0.0,0.5,,,,
D,25,20,120,spline,3,1.0,0.0,0.95,,,,
D,25,20,120,spline,3,1.0,0.5,0.3,,,,
D,25,20,120,spline,3,1.0,0.5,0.5,,,,
D,25,20,120,spline,3,1.0,0.5,0.95,,,,
D,25,20,120,spline,3,1.0,1.0,0.3,,,,
D,25,20,120,spline,3,1.0,1.0,0.5,,,,
D,25,20,120,spline,3,1.0,1.0,0.95,,,,
D,25,20,120,spline,5,0.0,0.0,0.3,,,,
D,25,20,120,spline,5,0.0,0.0,0.5,,,,
D,25,20,120,spline,5,0.0,0.0,0.95,,,,
D,25,20,120,spline,5,0.0,0.5,0.3,,,,
D,25,20,120,spline,5,0.0,0.5,0.5,,,,
D,25,20,120,spline,5,0.0,0.5,0.95,,,,
D,25,20,120,spline,5,0.0,1.0,0.3,,,,
D,25,20,120,spline,5,0.0,1.0,0.5,,,,
D,25,20,120,spline,5,0.0,1.0,0.95,,,,
D,25,20,120,spline,5,0.1,0.0,0.3,,,,
D,25,20,120,spline,5,0.1,0.0,0.5,,,,
D,25,20,120,spline,5,0.1,0.0,0.95,,,,
D,25,20,120,spline,5,0.1,0.5,0.3,,,,
D,25,20,120,spline,5,0.1,0.5,0.5,,,,
D,25,20,120,spline,5,0.1,0.5,0.95,,,,
D,25,20,120,spline,5,0.1,1.0,0.3,,,,
D,25,20,120,spline,5,0.1,1.0,0.5,,,,
D,25,20,120,spline,5,0.1,1.0,0.95,,,,
D,25,20,120,spline,5,1.0,0.0,0.3,,,,
D,25,20,120,spline,5,1.0,0.0,0.5,,,,
D,25,20,120,spline,5,1.0,0.0,0.95,,,,
D,25,20,120,spline,5,1.0,0.5,0.3,,,,
D,25,20,120,spline,5,1.0,0.5,0.5,,,,
D,25,20,120,spline,5,1.0,0.5,0.95,,,,
D,25,20,120,spline,5,1.0,1.0,0.3,,,,
D,25,20,120,spline,5,1.0,1.0,0.5,,,,
D,25,20,120,spline,5,1.0,1.0,0.95,,,,
D,25,20,125,breslow,3,0.0,0.0,0.3,,,,
D,25,20,125,breslow,3,0.0,0.0,0.5,,,,
D,25,20,125,breslow,3,0.0,0.0,0.95,,,,
D,25,20,125,breslow,3,0.0,0.5,0.3,,,,
D,25,20,125,breslow,3,0.0,0.5,0.5,,,,
D,25,20,125,breslow,3,0.0,0.5,0.95,,,,
D,25,20,125,breslow,3,0.0,1.0,0.3,,,,
D,25,20,125,breslow,3,0.0,1.0,0.5,,,,
D,25,20,125,breslow,3,0.0,1.0,0.95,,,,
D,25,20,125,breslow,3,0.1,0.0,0.3,7477.600829338748,0.543099417866006,33.642085347175,50.2249819681548
D,25,20,125,breslow,3,0.1,0.0,0.5,7583.468536186968,0.541520757594212,33.6659484278596,50.31618529501307
D,25,20,125,breslow,3,0.1,0.0,0.95,,,,
D,25,20,125,breslow,3,0.1,0.5,0.3,7477.558194109862,0.5430950950089966,33.64580172859309,50.22775319621904
D,25,20,125,breslow,3,0.1,0.5,0.5,7583.472895803864,0.5415205359092371,33.666144026881604,50.316398354048914
D,25,20,125,breslow,3,0.1,0.5,0.95,,,,
D,25,20,125,breslow,3,0.1,1.0,0.3,7477.558194109862,0.5430950950089966,33.64580172859309,50.22775319621904
D,25,20,125,breslow,3,0.1,1.0,0.5,7583.472895803864,0.5415205359092371,33.666144026881604,50.316398354048914
D,25,20,125,breslow,3,0.1,1.0,0.95,,,,
D,25,20,125,breslow,3,1.0,0.0,0.3,7477.558194109862,0.5430950950089966,33.64580172859309,50.22775319621904
D,25,20,125,breslow,3,1.0,0.0,0.5,7583.472895803864,0.5415205359092371,33.666144026881604,50.316398354048914
D,25,20,125,breslow,3,1.0,0.0,0.95,,,,
D,25,20,125,breslow,3,1.0,0.5,0.3,7477.558194109862,0.5430950950089966,33.64580172859309,50.22775319621904
D,25,20,125,breslow,3,1.0,0.5,0.5,7583.472895803864,0.5415205359092371,33.666144026881604,50.316398354048914
D,25,20,125,breslow,3,1.0,0.5,0.95,,,,
D,25,20,125,breslow,3,1.0,1.0,0.3,7477.558194109862,0.5430950950089966,33.64580172859309,50.22775319621904
D,25,20,125,breslow,3,1.0,1.0,0.5,7583.472895803864,0.5415205359092371,33.666144026881604,50.316398354048914
D,25,20,125,breslow,3,1.0,1.0,0.95,,,,
D,25,20,125,breslow,5,0.0,0.0,0.3,,,,
D,25,20,125,breslow,5,0.0,0.0,0.5,,,,
D,25,20,125,breslow,5,0.0,0.0,0.95,,,,
D,25,20,125,breslow,5,0.0,0.5,0.3,,,,
D,25,20,125,breslow,5,0.0,0.5,0.5,,,,
D,25,20,125,breslow,5,0.0,0.5,0.95,,,,
D,25,20,125,breslow,5,0.0,1.0,0.3,,,,
D,25,20,125,breslow,5,0.0,1.0,0.5,,,,
D,25,20,125,breslow,5,0.0,1.0,0.95,,,,
D,25,20,125,breslow,5,0.1,0.0,0.3,7477.600829338748,0.543099417866006,33.642085347175,50.2249819681548
D,25,20,125,breslow,5,0.1,0.0,0.5,7583.468536186968,0.541520757594212,33.6659484278596,50.31618529501307
D,25,20,125,breslow,5,0.1,0.0,0.95,,,,
D,25,20,125,breslow,5,0.1,0.5,0.3,7477.558194109862,0.5430950950089966,33.64580172859309,50.22775319621904
D,25,20,125,breslow,5,0.1,0.5,0.5,7583.472895803864,0.5415205359092371,33.666144026881604,50.316398354048914
D,25,20,125,breslow,5,0.1,0.5,0.95,,,,
D,25,20,125,breslow,5,0.1,1.0,0.3,7477.558194109862,0.5430950950089966,33.64580172859309,50.22775319621904
D,25,20,125,breslow,5,0.1,1.0,0.5,7583.472895803864,0.5415205359092371,33.666144026881604,50.316398354048914
D,25,20,125,breslow,5,0.1,1.0,0.95,,,,
D,25,20,125,breslow,5,1.0,0.0,0.3,7477.558194109862,0.5430950950089966,33.64580172859309,50.22775319621904
D,25,20,125,breslow,5,1.0,0.0,0.5,7583.472895803864,0.5415205359092371,33.666144026881604,50.316398354048914
D,25,20,125,breslow,5,1.0,0.0,0.95,,,,
D,25,20,125,breslow,5,1.0,0.5,0.3,7477.558194109862,0.5430950950089966,33.64580172859309,50.22775319621904
D,25,20,125,breslow,5,1.0,0.5,0.5,7583.472895803864,0.5415205359092371,33.666144026881604,50.316398354048914
D,25,20,125,breslow,5,1.0,0.5,0.95,,,,
D,25,20,125,breslow,5,1.0,1.0,0.3,7477.558194109862,0.5430950950089966,33.64580172859309,50.22775319621904
D,25,20,125,breslow,5,1.0,1.0,0.5,7583.472895803864,0.5415205359092371,33.666144026881604,50.316398354048914
D,25,20,125,breslow,5,1.0,1.0,0.95,,,,
D,25,20,125,spline,3,0.0,0.0,0.3,,,,
D,25,20,125,spline,3,0.0,0.0,0.5,,,,
D,25,20,125,spline,3,0.0,0.0,0.95,,,,
D,25,20,125,spline,3,0.0,0.5,0.3,,,,
D,25,20,125,spline,3,0.0,0.5,0.5,,,,
D,25,20,125,spline,3,0.0,0.5,0.95,,,,
D,25,20,125,spline,3,0.0,1.0,0.3,,,,
D,25,20,125,spline,3,0.0,1.0,0.5,,,,
D,25,20,125,spline,3,0.0,1.0,0.95,,,,
D,25,20,125,spline,3,0.1,0.0,0.3,,,,
D,25,20,125,spline,3,0.1,0.0,0.5,,,,
D,25,20,125,spline,3,0.1,0.0,0.95,,,,
D,25,20,125,spline,3,0.1,0.5,0.3,,,,
D,25,20,125,spline,3,0.1,0.5,0.5,,,,
D,25,20,125,spline,3,0.1,0.5,0.95,,,,
D,25,20,125,spline,3,0.1,1.0,0.3,,,,
D,25,20,125,spline,3,0.1,1.0,0.5,,,,
D,25,20,125,spline,3,0.1,1.0,0.95,,,,
D,25,20,125,spline,3,1.0,0.0,0.3,,,,
D,25,20,125,spline,3,1.0,0.0,0.5,,,,
D,25,20,125,spline,3,1.0,0.0,0.95,,,,
D,25,20,125,spline,3,1.0,0.5,0.3,,,,
D,25,20,125,spline,3,1.0,0.5,0.5,,,,
D,25,20,125,spline,3,1.0,0.5,0.95,,,,
D,25,20,125,spline,3,1.0,1.0,0.3,,,,
D,25,20,125,spline,3,1.0,1.0,0.5,,,,
D,25,20,125,spline,3,1.0,1.0,0.95,,,,
D,25,20,125,spline,5,0.0,0.0,0.3,,,,
D,25,20,125,spline,5,0.0,0.0,0.5,,,,
D,25,20,125,spline,5,0.0,0.0,0.95,,,,
D,25,20,125,spline,5,0.0,0.5,0.3,,,,
D,25,20,125,spline,5,0.0,0.5,0.5,,,,
D,25,20,125,spline,5,0.0,0.5,0.95,,,,
D,25,20,125,spline,5,0.0,1.0,0.3,,,,
D,25,20,125,spline,5,0.0,1.0,0.5,,,,
D,25,20,125,spline,5,0.0,1.0,0.95,,,,
D,25,20,125,spline,5,0.1,0.0,0.3,,,,
D,25,20,125,spline,5,0.1,0.0,0.5,,,,
D,25,20,125,spline,5,0.1,0.0,0.95,,,,
D,25,20,125,spline,5,0.1,0.5,0.3,,,,
D,25,20,125,spline,5,0.1,0.5,0.5,,,,
D,25,20,125,spline,5,0.1,0.5,0.95,,,,
D,25,20,125,spline,5,0.1,1.0,0.3,,,,
D,25,20,125,spline,5,0.1,1.0,0.5,,,,
D,25,20,125,spline,5,0.1,1.0,0.95,,,,
D,25,20,125,spline,5,1.0,0.0,0.3,,,,
D,25,20,125,spline,5,1.0,0.0,0.5,,,,
D,25,20,125,spline,5,1.0,0.0,0.95,,,,
D,25,20,125,spline,5,1.0,0.5,0.3,,,,
D,25,20,125,spline,5,1.0,0.5,0.5,,,,
D,25,20,125,spline,5,1.0,0.5,0.95,,,,
D,25,20,125,spline,5,1.0,1.0,0.3,,,,
D,25,20,125,spline,5,1.0,1.0,0.5,,,,
D,25,20,125,spline,5,1.0,1.0,0.95,,,,
D,30,10,115,breslow,3,0.0,0.0,0.3,,,,
D,30,10,115,breslow,3,0.0,0.0,0.5,,,,
D,30,10,115,breslow,3,0.0,0.0,0.95,,,,
D,30,10,115,breslow,3,0.0,0.5,0.3,,,,
D,30,10,115,breslow,3,0.0,0.5,0.5,,,,
D,30,10,115,breslow,3,0.0,0.5,0.95,,,,
D,30,10,115,breslow,3,0.0,1.0,0.3,,,,
D,30,10,115,breslow,3,0.0,1.0,0.5,,,,
D,30,10,115,breslow,3,0.0,1.0,0.95,,,,
D,30,10,115,breslow,3,0.1,0.0,0.3,7742.946049998398,0.5455313860400091,38.611412712997335,51.45061338342
D,30,10,115,breslow,3,0.1,0.0,0.5,7852.641699706683,0.5438339265180145,38.650805118060624,51.54939281786623
D,30,10,115,breslow,3,0.1,0.0,0.95,,,,
D,30,10,115,breslow,3,0.1,0.5,0.3,7742.950720361092,0.5455272856355952,38.613741826921384,51.45252100240314
D,30,10,115,breslow,3,0.1,0.5,0.5,7852.646213841646,0.5438336798771475,38.651007649706195,51.54960895048252
D,30,10,115,breslow,3,0.1,0.5,0.95,,,,
D,30,10,115,breslow,3,0.1,1.0,0.3,7742.950720361092,0.5455272856355952,38.613741826921384,51.45252100240314
D,30,10,115,breslow,3,0.1,1.0,0.5,7852.646213841646,0.5438336798771475,38.651007649706195,51.54960895048252
D,30,10,115,breslow,3,0.1,1.0,0.95,,,,
D,30,10,115,breslow,3,1.0,0.0,0.3,7742.950720361092,0.5455272856355952,38.613741826921384,51.45252100240314
D,30,10,115,breslow,3,1.0,0.0,0.5,7852.646213841646,0.5438336798771475,38.651007649706195,51.54960895048252
D,30,10,115,breslow,3,1.0,0.0,0.95,,,,
D,30,10,115,breslow,3,1.0,0.5,0.3,7742.950720361092,0.5455272856355952,38.613741826921384,51.45252100240314
D,30,10,115,breslow,3,1.0,0.5,0.5,7852.646213841646,0.5438336798771475,38.651007649706195,51.54960895048252
D,30,10,115,breslow,3,1.0,0.5,0.95,,,,
D,30,10,115,breslow,3,1.0,1.0,0.3,7742.950720361092,0.5455272856355952,38.613741826921384,51.45252100240314
D,30,10,115,breslow,3,1.0,1.0,0.5,7852.646213841646,0.5438336798771475,38.651007649706195,51.54960895048252
D,30,10,115,breslow,3,1.0,1.0,0.95,,,,
D,30,10,115,breslow,5,0.0,0.0,0.3,,,,
D,30,10,115,breslow,5,0.0,0.0,0.5,,,,
D,30,10,115,breslow,5,0.0,0.0,0.95,,,,
D,30,10,115,breslow,5,0.0,0.5,0.3,,,,
D,30,10,115,breslow,5,0.0,0.5,0.5,,,,
D,30,10,115,breslow,5,0.0,0.5,0.95,,,,
D,30,10,115,breslow,5,0.0,1.0,0.3,,,,
D,30,10,115,breslow,5,0.0,1.0,0.5,,,,
D,30,10,115,breslow,5,0.0,1.0,0.95,,,,
D,30,10,115,breslow,5,0.1,0.0,0.3,7742.946049998398,0.5455313860400091,38.611412712997335,51.45061338342
D,30,10,115,breslow,5,0.1,0.0,0.5,7852.641699706683,0.5438339265180145,38.650805118060624,51.54939281786623
D,30,10,115,breslow,5,0.1,0.0,0.95,,,,
D,30,10,115,breslow,5,0.1,0.5,0.3,7742.950720361092,0.5455272856355952,38.613741826921384,51.45252100240314
D,30,10,115,breslow,5,0.1,0.5,0.5,7852.646213841646,0.5438336798771475,38.651007649706195,51.54960895048252
D,30,10,115,breslow,5,0.1,0.5,0.95,,,,
D,30,10,115,breslow,5,0.1,1.0,0.3,7742.950720361092,0.5455272856355952,38.613741826921384,51.45252100240314
D,30,10,115,breslow,5,0.1,1.0,0.5,7852.646213841646,0.5438336798771475,38.651007649706195,51.54960895048252
D,30,10,115,breslow,5,0.1,1.0,0.95,,,,
D,30,10,115,breslow,5,1.0,0.0,0.3,7742.950720361092,0.5455272856355952,38.613741826921384,51.45252100240314
D,30,10,115,breslow,5,1.0,0.0,0.5,7852.646213841646,0.5438336798771475,38.651007649706195,51.54960895048252
D,30,10,115,breslow,5,1.0,0.0,0.95,,,,
D,30,10,115,breslow,5,1.0,0.5,0.3,7742.950720361092,0.5455272856355952,38.613741826921384,51.45252100240314
D,30,10,115,breslow,5,1.0,0.5,0.5,7852.646213841646,0.5438336798771475,38.651007649706195,51.54960895048252
D,30,10,115,breslow,5,1.0,0.5,0.95,,,,
D,30,10,115,breslow,5,1.0,1.0,0.3,7742.950720361092,0.5455272856355952,38.613741826921384,51.45252100240314
D,30,10,115,breslow,5,1.0,1.0,0.5,7852.646213841646,0.5438336798771475,38.651007649706195,51.54960895048252
D,30,10,115,breslow,5,1.0,1.0,0.95,,,,
D,30,10,115,spline,3,0.0,0.0,0.3,,,,
D,30,10,115,spline,3,0.0,0.0,0.5,,,,
D,30,10,115,spline,3,0.0,0.0,0.95,,,,
D,30,10,115,spline,3,0.0,0.5,0.3,,,,
D,30,10,115,spline,3,0.0,0.5,0.5,,,,
D,30,10,115,spline,3,0.0,0.5,0.95,,,,
D,30,10,115,spline,3,0.0,1.0,0.3,,,,
D,30,10,115,spline,3,0.0,1.0,0.5,,,,
D,30,10,115,spline,3,0.0,1.0,0.95,,,,
D,30,10,115,spline,3,0.1,0.0,0.3,,,,
D,30,10,115,spline,3,0.1,0.0,0.5,,,,
D,30,10,115,spline,3,0.1,0.0,0.95,,,,
D,30,10,115,spline,3,0.1,0.5,0.3,,,,
D,30,10,115,spline,3,0.1,0.5,0.5,,,,
D,30,10,115,spline,3,0.1,0.5,0.95,,,,
D,30,10,115,spline,3,0.1,1.0,0.3,,,,
D,30,10,115,spline,3,0.1,1.0,0.5,,,,
D,30,10,115,spline,3,0.1,1.0,0.95,,,,
D,30,10,115,spline,3,1.0,0.0,0.3,,,,
D,30,10,115,spline,3,1.0,0.0,0.5,,,,
D,30,10,115,spline,3,1.0,0.0,0.95,,,,
D,30,10,115,spline,3,1.0,0.5,0.3,,,,
D,30,10,115,spline,3,1.0,0.5,0.5,,,,
D,30,10,115,spline,3,1.0,0.5,0.95,,,,
D,30,10,115,spline,3,1.0,1.0,0.3,,,,
D,30,10,115,spline,3,1.0,1.0,0.5,,,,
D,30,10,115,spline,3,1.0,1.0,0.95,,,,
D,30,10,115,spline,5,0.0,0.0,0.3,,,,
D,30,10,115,spline,5,0.0,0.0,0.5,,,,
D,30,10,115,spline,5,0.0,0.0,0.95,,,,
D,30,10,115,spline,5,0.0,0.5,0.3,,,,
D,30,10,115,spline,5,0.0,0.5,0.5,,,,
D,30,10,115,spline,5,0.0,0.5,0.95,,,,
D,30,10,115,spline,5,0.0,1.0,0.3,,,,
D,30,10,115,spline,5,0.0,1.0,0.5,,,,
D,30,10,115,spline,5,0.0,1.0,0.95,,,,
D,30,10,115,spline,5,0.1,0.0,0.3,,,,
D,30,10,115,spline,5,0.1,0.0,0.5,,,,
D,30,10,115,spline,5,0.1,0.0,0.95,,,,
D,30,10,115,spline,5,0.1,0.5,0.3,,,,
D,30,10,115,spline,5,0.1,0.5,0.5,,,,
D,30,10,115,spline,5,0.1,0.5,0.95,,,,
D,30,10,115,spline,5,0.1,1.0,0.3,,,,
D,30,10,115,spline,5,0.1,1.0,0.5,,,,
D,30,10,115,spline,5,0.1,1.0,0.95,,,,
D,30,10,115,spline,5,1.0,0.0,0.3,,,,
D,30,10,115,spline,5,1.0,0.0,0.5,,,,
D,30,10,115,spline,5,1.0,0.0,0.95,,,,
D,30,10,115,spline,5,1.0,0.5,0.3,,,,
D,30,10,115,spline,5,1.0,0.5,0.5,,,,
D,30,10,115,spline,5,1.0,0.5,0.95,,,,
D,30,10,115,spline,5,1.0,1.0,0.3,,,,
D,30,10,115,spline,5,1.0,1.0,0.5,,,,
D,30,10,115,spline,5,1.0,1.0,0.95,,,,
D,30,10,120,breslow,3,0.0,0.0,0.3,,,,
D,30,10,120,breslow,3,0.0,0.0,0.5,,,,
D,30,10,120,breslow,3,0.0,0.0,0.95,,,,
D,30,10,120,breslow,3,0.0,0.5,0.3,,,,
D,30,10,120,breslow,3,0.0,0.5,0.5,,,,
D,30,10,120,breslow,3,0.0,0.5,0.95,,,,
D,30,10,120,breslow,3,0.0,1.0,0.3,,,,
D,30,10,120,breslow,3,0.0,1.0,0.5,,,,
D,30,10,120,breslow,3,0.0,1.0,0.95,,,,
D,30,10,120,breslow,3,0.1,0.0,0.3,7742.5570930068525,0.5441456755801293,36.6343498930412,51.175765911445765
D,30,10,120,breslow,3,0.1,0.0,0.5,7852.240376617689,0.5425207764795864,36.66614736139563,51.27124275840763
D,30,10,120,breslow,3,0.1,0.0,0.95,,,,
D,30,10,120,breslow,3,0.1,0.5,0.3,7742.562177002588,0.5441422279477907,36.63718533607917,51.177788892572245
D,30,10,120,breslow,3,0.1,0.5,0.5,7852.244890752654,0.5425205366442933,36.66634989304119,51.271459625474314
D,30,10,120,breslow,3,0.1,0.5,0.95,,,,
D,30,10,120,breslow,3,0.1,1.0,0.3,7742.562177002588,0.5441422279477907,36.63718533607917,51.177788892572245
D,30,10,120,breslow,3,0.1,1.0,0.5,7852.244890752654,0.5425205366442933,36.66634989304119,51.271459625474314
D,30,10,120,breslow,3,0.1,1.0,0.95,,,,
D,30,10,120,breslow,3,1.0,0.0,0.3,7742.562177002588,0.5441422279477907,36.63718533607917,51.177788892572245
D,30,10,120,breslow,3,1.0,0.0,0.5,7852.244890752654,0.5425205366442933,36.66634989304119,51.271459625474314
D,30,10,120,breslow,3,1.0,0.0,0.95,,,,
D,30,10,120,breslow,3,1.0,0.5,0.3,7742.562177002588,0.5441422279477907,36.63718533607917,51.177788892572245
D,30,10,120,breslow,3,1.0,0.5,0.5,7852.244890752654,0.5425205366442933,36.66634989304119,51.271459625474314
D,30,10,120,breslow,3,1.0,0.5,0.95,,,,
D,30,10,120,breslow,3,1.0,1.0,0.3,7742.562177002588,0.5441422279477907,36.63718533607917,51.177788892572245
D,30,10,120,breslow,3,1.0,1.0,0.5,7852.244890752654,0.5425205366442933,36.66634989304119,51.271459625474314
D,30,10,120,breslow,3,1.0,1.0,0.95,,,,
D,30,10,120,breslow,5,0.0,0.0,0.3,,,,
D,30,10,120,breslow,5,0.0,0.0,0.5,,,,
D,30,10,120,breslow,5,0.0,0.0,0.95,,,,
D,30,10,120,breslow,5,0.0,0.5,0.3,,,,
D,30,10,120,breslow,5,0.0,0.5,0.5,,,,
D,30,10,120,breslow,5,0.0,0.5,0.95,,,,
D,30,10,120,breslow,5,0.0,1.0,0.3,,,,
D,30,10,120,breslow,5,0.0,1.0,0.5,,,,
D,30,10,120,breslow,5,0.0,1.0,0.95,,,,
D,30,10,120,breslow,5,0.1,0.0,0.3,7742.5570930068525,0.5441456755801293,36.6343498930412,51.175765911445765
D,30,10,120,breslow,5,0.1,0.0,0.5,7852.240376617689,0.5425207764795864,36.66614736139563,51.27124275840763
D,30,10,120,breslow,5,0.1,0.0,0.95,,,,
D,30,10,120,breslow,5,0.1,0.5,0.3,7742.562177002588,0.5441422279477907,36.63718533607917,51.177788892572245
D,30,10,120,breslow,5,0.1,0.5,0.5,7852.244890752654,0.5425205366442933,36.66634989304119,51.271459625474314
D,30,10,120,breslow,5,0.1,0.5,0.95,,,,
D,30,10,120,breslow,5,0.1,1.0,0.3,7742.562177002588,0.5441422279477907,36.63718533607917,51.177788892572245
D,30,10,120,breslow,5,0.1,1.0,0.5,7852.244890752654,0.5425205366442933,36.66634989304119,51.271459625474314
D,30,10,120,breslow,5,0.1,1.0,0.95,,,,
D,30,10,120,breslow,5,1.0,0.0,0.3,7742.562177002588,0.5441422279477907,36.63718533607917,51.177788892572245
D,30,10,120,breslow,5,1.0,0.0,0.5,7852.244890752654,0.5425205366442933,36.66634989304119,51.271459625474314
D,30,10,120,breslow,5,1.0,0.0,0.95,,,,
D,30,10,120,breslow,5,1.0,0.5,0.3,7742.562177002588,0.5441422279477907,36.63718533607917,51.177788892572245
D,30,10,120,breslow,5,1.0,0.5,0.5,7852.244890752654,0.5425205366442933,36.66634989304119,51.271459625474314
D,30,10,120,breslow,5,1.0,0.5,0.95,,,,
D,30,10,120,breslow,5,1.0,1.0,0.3,7742.562177002588,0.5441422279477907,36.63718533607917,51.177788892572245
D,30,10,120,breslow,5,1.0,1.0,0.5,7852.244890752654,0.5425205366442933,36.66634989304119,51.271459625474314
D,30,10,120,breslow,5,1.0,1.0,0.95,,,,
D,30,10,120,spline,3,0.0,0.0,0.3,,,,
D,30,10,120,spline,3,0.0,0.0,0.5,,,,
D,30,10,120,spline,3,0.0,0.0,0.95,,,,
D,30,10,120,spline,3,0.0,0.5,0.3,,,,
D,30,10,120,spline,3,0.0,0.5,0.5,,,,
D,30,10,120,spline,3,0.0,0.5,0.95,,,,
D,30,10,120,spline,3,0.0,1.0,0.3,,,,
D,30,10,120,spline,3,0.0,1.0,0.5,,,,
D,30,10,120,spline,3,0.0,1.0,0.95,,,,
D,30,10,120,spline,3,0.1,0.0,0.3,,,,
D,30,10,120,spline,3,0.1,0.0,0.5,,,,
D,30,10,120,spline,3,0.1,0.0,0.95,,,,
D,30,10,120,spline,3,0.1,0.5,0.3,,,,
D,30,10,120,spline,3,0.1,0.5,0.5,,,,
D,30,10,120,spline,3,0.1,0.5,0.95,,,,
D,30,10,120,spline,3,0.1,1.0,0.3,,,,
D,30,10,120,spline,3,0.1,1.0,0.5,,,,
D,30,10,120,spline,3,0.1,1.0,0.95,,,,
D,30,10,120,spline,3,1.0,0.0,0.3,,,,
D,30,10,120,spline,3,1.0,0.0,0.5,,,,
D,30,10,120,spline,3,1.0,0.0,0.95,,,,
D,30,10,120,spline,3,1.0,0.5,0.3,,,,
D,30,10,120,spline,3,1.0,0.5,0.5,,,,
D,30,10,120,spline,3,1.0,0.5,0.95,,,,
D,30,10,120,spline,3,1.0,1.0,0.3,,,,
D,30,10,120,spline,3,1.0,1.0,0.5,,,,
D,30,10,120,spline,3,1.0,1.0,0.95,,,,
D,30,10,120,spline,5,0.0,0.0,0.3,,,,
D,30,10,120,spline,5,0.0,0.0,0.5,,,,
D,30,10,120,spline,5,0.0,0.0,0.95,,,,
D,30,10,120,spline,5,0.0,0.5,0.3,,,,
D,30,10,120,spline,5,0.0,0.5,0.5,,,,
D,30,10,120,spline,5,0.0,0.5,0.95,,,,
D,30,10,120,spline,5,0.0,1.0,0.3,,,,
D,30,10,120,spline,5,0.0,1.0,0.5,,,,
D,30,10,120,spline,5,0.0,1.0,0.95,,,,
D,30,10,120,spline,5,0.1,0.0,0.3,,,,
D,30,10,120,spline,5,0.1,0.0,0.5,,,,
D,30,10,120,spline,5,0.1,0.0,0.95,,,,
D,30,10,120,spline,5,0.1,0.5,0.3,,,,
D,30,10,120,spline,5,0.1,0.5,0.5,,,,
D,30,10,120,spline,5,0.1,0.5,0.95,,,,
D,30,10,120,spline,5,0.1,1.0,0.3,,,,
D,30,10,120,spline,5,0.1,1.0,0.5,,,,
D,30,10,120,spline,5,0.1,1.0,0.95,,,,
D,30,10,120,spline,5,1.0,0.0,0.3,,,,
D,30,10,120,spline,5,1.0,0.0,0.5,,,,
D,30,10,120,spline,5,1.0,0.0,0.95,,,,
D,30,10,120,spline,5,1.0,0.5,0.3,,,,
D,30,10,120,spline,5,1.0,0.5,0.5,,,,
D,30,10,120,spline,5,1.0,0.5,0.95,,,,
D,30,10,120,spline,5,1.0,1.0,0.3,,,,
D,30,10,120,spline,5,1.0,1.0,0.5,,,,
D,30,10,120,spline,5,1.0,1.0,0.95,,,,
D,30,10,125,breslow,3,0.0,0.0,0.3,,,,
D,30,10,125,breslow,3,0.0,0.0,0.5,,,,
D,30,10,125,breslow,3,0.0,0.0,0.95,,,,
D,30,10,125,breslow,3,0.0,0.5,0.3,,,,
D,30,10,125,breslow,3,0.0,0.5,0.5,,,,
D,30,10,125,breslow,3,0.0,0.5,0.95,,,,
D,30,10,125,breslow,3,0.0,1.0,0.3,,,,
D,30,10,125,breslow,3,0.0,1.0,0.5,,,,
D,30,10,125,breslow,3,0.0,1.0,0.95,,,,
D,30,10,125,breslow,3,0.1,0.0,0.3,7742.3653414425835,0.5429710767843667,34.81909674558809,51.10592144001113
D,30,10,125,breslow,3,0.1,0.0,0.5,7852.034651932995,0.5414135719056635,34.84279294811974,51.19799994931914
D,30,10,125,breslow,3,0.1,0.0,0.95,,,,
D,30,10,125,breslow,3,0.1,0.5,0.3,7742.3705255797395,0.5429677909707138,34.821932188626064,51.10801204130461
D,30,10,125,breslow,3,0.1,0.5,0.5,7852.03916606796,0.5414133382478038,34.84299547976531,51.19821675670914
D,30,10,125,breslow,3,0.1,0.5,0.95,,,,
D,30,10,125,breslow,3,0.1,1.0,0.3,7742.3705255797395,0.5429677909707138,34.821932188626064,51.10801204130461
D,30,10,125,breslow,3,0.1,1.0,0.5,7852.03916606796,0.5414133382478038,34.84299547976531,51.19821675670914
D,30,10,125,breslow,3,0.1,1.0,0.95,,,,
D,30,10,125,breslow,3,1.0,0.0,0.3,7742.3705255797395,0.5429677909707138,34.821932188626064,51.10801204130461
D,30,10,125,breslow,3,1.0,0.0,0.5,7852.03916606796,0.5414133382478038,34.84299547976531,51.19821675670914
D,30,10,125,breslow,3,1.0,0.0,0.95,,,,
D,30,10,125,breslow,3,1.0,0.5,0.3,7742.3705255797395,0.5429677909707138,34.821932188626064,51.10801204130461
D,30,10,125,breslow,3,1.0,0.5,0.5,7852.03916606796,0.5414133382478038,34.84299547976531,51.19821675670914
D,30,10,125,breslow,3,1.0,0.5,0.95,,,,
D,30,10,125,breslow,3,1.0,1.0,0.3,7742.3705255797395,0.5429677909707138,34.821932188626064,51.10801204130461
D,30,10,125,breslow,3,1.0,1.0,0.5,7852.03916606796,0.5414133382478038,34.84299547976531,51.19821675670914
D,30,10,125,breslow,3,1.0,1.0,0.95,,,,
D,30,10,125,breslow,5,0.0,0.0,0.3,,,,
D,30,10,125,breslow,5,0.0,0.0,0.5,,,,
D,30,10,125,breslow,5,0.0,0.0,0.95,,,,
D,30,10,125,breslow,5,0.0,0.5,0.3,,,,
D,30,10,125,breslow,5,0.0,0.5,0.5,,,,
D,30,10,125,breslow,5,0.0,0.5,0.95,,,,
D,30,10,125,breslow,5,0.0,1.0,0.3,,,,
D,30,10,125,breslow,5,0.0,1.0,0.5,,,,
D,30,10,125,breslow,5,0.0,1.0,0.95,,,,
D,30,10,125,breslow,5,0.1,0.0,0.3,7742.3653414425835,0.5429710767843667,34.81909674558809,51.10592144001113
D,30,10,125,breslow,5,0.1,0.0,0.5,7852.034651932995,0.5414135719056635,34.84279294811974,51.19799994931914
D,30,10,125,breslow,5,0.1,0.0,0.95,,,,
D,30,10,125,breslow,5,0.1,0.5,0.3,7742.3705255797395,0.5429677909707138,34.821932188626064,51.10801204130461
D,30,10,125,breslow,5,0.1,0.5,0.5,7852.03916606796,0.5414133382478038,34.84299547976531,51.19821675670914
D,30,10,125,breslow,5,0.1,0.5,0.95,,,,
D,30,10,125,breslow,5,0.1,1.0,0.3,7742.3705255797395,0.5429677909707138,34.821932188626064,51.10801204130461
D,30,10,125,breslow,5,0.1,1.0,0.5,7852.03916606796,0.5414133382478038,34.84299547976531,51.19821675670914
D,30,10,125,breslow,5,0.1,1.0,0.95,,,,
D,30,10,125,breslow,5,1.0,0.0,0.3,7742.3705255797395,0.5429677909707138,34.821932188626064,51.10801204130461
D,30,10,125,breslow,5,1.0,0.0,0.5,7852.03916606796,0.5414133382478038,34.84299547976531,51.19821675670914
D,30,10,125,breslow,5,1.0,0.0,0.95,,,,
D,30,10,125,breslow,5,1.0,0.5,0.3,7742.3705255797395,0.5429677909707138,34.821932188626064,51.10801204130461
D,30,10,125,breslow,5,1.0,0.5,0.5,7852.03916606796,0.5414133382478038,34.84299547976531,51.19821675670914
D,30,10,125,breslow,5,1.0,0.5,0.95,,,,
D,30,10,125,breslow,5,1.0,1.0,0.3,7742.3705255797395,0.5429677909707138,34.821932188626064,51.10801204130461
D,30,10,125,breslow,5,1.0,1.0,0.5,7852.03916606796,0.5414133382478038,34.84299547976531,51.19821675670914
D,30,10,125,breslow,5,1.0,1.0,0.95,,,,
D,30,10,125,spline,3,0.0,0.0,0.3,,,,
D,30,10,125,spline,3,0.0,0.0,0.5,,,,
D,30,10,125,spline,3,0.0,0.0,0.95,,,,
D,30,10,125,spline,3,0.0,0.5,0.3,,,,
D,30,10,125,spline,3,0.0,0.5,0.5,,,,
D,30,10,125,spline,3,0.0,0.5,0.95,,,,
D,30,10,125,spline,3,0.0,1.0,0.3,,,,
D,30,10,125,spline,3,0.0,1.0,0.5,,,,
D,30,10,125,spline,3,0.0,1.0,0.95,,,,
D,30,10,125,spline,3,0.1,0.0,0.3,,,,
D,30,10,125,spline,3,0.1,0.0,0.5,,,,
D,30,10,125,spline,3,0.1,0.0,0.95,,,,
D,30,10,125,spline,3,0.1,0.5,0.3,,,,
D,30,10,125,spline,3,0.1,0.5,0.5,,,,
D,30,10,125,spline,3,0.1,0.5,0.95,,,,
D,30,10,125,spline,3,0.1,1.0,0.3,,,,
D,30,10,125,spline,3,0.1,1.0,0.5,,,,
D,30,10,125,spline,3,0.1,1.0,0.95,,,,
D,30,10,125,spline,3,1.0,0.0,0.3,,,,
D,30,10,125,spline,3,1.0,0.0,0.5,,,,
D,30,10,125,spline,3,1.0,0.0,0.95,,,,
D,30,10,125,spline,3,1.0,0.5,0.3,,,,
D,30,10,125,spline,3,1.0,0.5,0.5,,,,
D,30,10,125,spline,3,1.0,0.5,0.95,,,,
D,30,10,125,spline,3,1.0,1.0,0.3,,,,
D,30,10,125,spline,3,1.0,1.0,0.5,,,,
D,30,10,125,spline,3,1.0,1.0,0.95,,,,
D,30,10,125,spline,5,0.0,0.0,0.3,,,,
D,30,10,125,spline,5,0.0,0.0,0.5,,,,
D,30,10,125,spline,5,0.0,0.0,0.95,,,,
D,30,10,125,spline,5,0.0,0.5,0.3,,,,
D,30,10,125,spline,5,0.0,0.5,0.5,,,,
D,30,10,125,spline,5,0.0,0.5,0.95,,,,
D,30,10,125,spline,5,0.0,1.0,0.3,,,,
D,30,10,125,spline,5,0.0,1.0,0.5,,,,
D,30,10,125,spline,5,0.0,1.0,0.95,,,,
D,30,10,125,spline,5,0.1,0.0,0.3,,,,
D,30,10,125,spline,5,0.1,0.0,0.5,,,,
D,30,10,125,spline,5,0.1,0.0,0.95,,,,
D,30,10,125,spline,5,0.1,0.5,0.3,,,,
D,30,10,125,spline,5,0.1,0.5,0.5,,,,
D,30,10,125,spline,5,0.1,0.5,0.95,,,,
D,30,10,125,spline,5,0.1,1.0,0.3,,,,
D,30,10,125,spline,5,0.1,1.0,0.5,,,,
D,30,10,125,spline,5,0.1,1.0,0.95,,,,
D,30,10,125,spline,5,1.0,0.0,0.3,,,,
D,30,10,125,spline,5,1.0,0.0,0.5,,,,
D,30,10,125,spline,5,1.0,0.0,0.95,,,,
D,30,10,125,spline,5,1.0,0.5,0.3,,,,
D,30,10,125,spline,5,1.0,0.5,0.5,,,,
D,30,10,125,spline,5,1.0,0.5,0.95,,,,
D,30,10,125,spline,5,1.0,1.0,0.3,,,,
D,30,10,125,spline,5,1.0,1.0,0.5,,,,
D,30,10,125,spline,5,1.0,1.0,0.95,,,,
D,30,15,115,breslow,3,0.0,0.0,0.3,,,,
D,30,15,115,breslow,3,0.0,0.0,0.5,,,,
D,30,15,115,breslow,3,0.0,0.0,0.95,,,,
D,30,15,115,breslow,3,0.0,0.5,0.3,,,,
D,30,15,115,breslow,3,0.0,0.5,0.5,,,,
D,30,15,115,breslow,3,0.0,0.5,0.95,,,,
D,30,15,115,breslow,3,0.0,1.0,0.3,,,,
D,30,15,115,breslow,3,0.0,1.0,0.5,,,,
D,30,15,115,breslow,3,0.0,1.0,0.95,,,,
D,30,15,115,breslow,3,0.1,0.0,0.3,7742.946098543982,0.545533837033625,38.611007649706195,51.450520418131795
D,30,15,115,breslow,3,0.1,0.0,0.5,7852.641699706683,0.5438339265180145,38.650805118060624,51.54939281786623
D,30,15,115,breslow,3,0.1,0.0,0.95,,,,
D,30,15,115,breslow,3,0.1,0.5,0.3,7742.950720361092,0.5455272856355952,38.613741826921384,51.45252100240314
D,30,15,115,breslow,3,0.1,0.5,0.5,7852.646213841646,0.5438336798771475,38.651007649706195,51.54960895048252
D,30,15,115,breslow,3,0.1,0.5,0.95,,,,
D,30,15,115,breslow,3,0.1,1.0,0.3,7742.950720361092,0.5455272856355952,38.613741826921384,51.45252100240314
D,30,15,115,breslow,3,0.1,1.0,0.5,7852.646213841646,0.5438336798771475,38.651007649706195,51.54960895048252
D,30,15,115,breslow,3,0.1,1.0,0.95,,,,
D,30,15,115,breslow,3,1.0,0.0,0.3,7742.950720361092,0.5455272856355952,38.613741826921384,51.45252100240314
D,30,15,115,breslow,3,1.0,0.0,0.5,7852.646213841646,0.5438336798771475,38.651007649706195,51.54960895048252
D,30,15,115,breslow,3,1.0,0.0,0.95,,,,
D,30,15,115,breslow,3,1.0,0.5,0.3,7742.950720361092,0.5455272856355952,38.613741826921384,51.45252100240314
D,30,15,115,breslow,3,1.0,0.5,0.5,7852.646213841646,0.5438336798771475,38.651007649706195,51.54960895048252
D,30,15,115,breslow,3,1.0,0.5,0.95,,,,
D,30,15,115,breslow,3,1.0,1.0,0.3,7742.950720361092,0.5455272856355952,38.613741826921384,51.45252100240314
D,30,15,115,breslow,3,1.0,1.0,0.5,7852.646213841646,0.5438336798771475,38.651007649706195,51.54960895048252
D,30,15,115,breslow,3,1.0,1.0,0.95,,,,
D,30,15,115,breslow,5,0.0,0.0,0.3,,,,
D,30,15,115,breslow,5,0.0,0.0,0.5,,,,
D,30,15,115,breslow,5,0.0,0.0,0.95,,,,
D,30,15,115,breslow,5,0.0,0.5,0.3,,,,
D,30,15,115,breslow,5,0.0,0.5,0.5,,,,
D,30,15,115,breslow,5,0.0,0.5,0.95,,,,
D,30,15,115,breslow,5,0.0,1.0,0.3,,,,
D,30,15,115,breslow,5,0.0,1.0,0.5,,,,
D,30,15,115,breslow,5,0.0,1.0,0.95,,,,
D,30,15,115,breslow,5,0.1,0.0,0.3,7742.946098543982,0.545533837033625,38.611007649706195,51.450520418131795
D,30,15,115,breslow,5,0.1,0.0,0.5,7852.641699706683,0.5438339265180145,38.650805118060624,51.54939281786623
D,30,15,115,breslow,5,0.1,0.0,0.95,,,,
D,30,15,115,breslow,5,0.1,0.5,0.3,7742.950720361092,0.5455272856355952,38.613741826921384,51.45252100240314
D,30,15,115,breslow,5,0.1,0.5,0.5,7852.646213841646,0.5438336798771475,38.651007649706195,51.54960895048252
D,30,15,115,breslow,5,0.1,0.5,0.95,,,,
D,30,15,115,breslow,5,0.1,1.0,0.3,7742.950720361092,0.5455272856355952,38.613741826921384,51.45252100240314
D,30,15,115,breslow,5,0.1,1.0,0.5,7852.646213841646,0.5438336798771475,38.651007649706195,51.54960895048252
D,30,15,115,breslow,5,0.1,1.0,0.95,,,,
D,30,15,115,breslow,5,1.0,0.0,0.3,7742.950720361092,0.5455272856355952,38.613741826921384,51.45252100240314
D,30,15,115,breslow,5,1.0,0.0,0.5,7852.646213841646,0.5438336798771475,38.651007649706195,51.54960895048252
D,30,15,115,breslow,5,1.0,0.0,0.95,,,,
D,30,15,115,breslow,5,1.0,0.5,0.3,7742.950720361092,0.5455272856355952,38.613741826921384,51.45252100240314
D,30,15,115,breslow,5,1.0,0.5,0.5,7852.646213841646,0.5438336798771475,38.651007649706195,51.54960895048252
D,30,15,115,breslow,5,1.0,0.5,0.95,,,,
D,30,15,115,breslow,5,1.0,1.0,0.3,7742.950720361092,0.5455272856355952,38.613741826921384,51.45252100240314
D,30,15,115,breslow,5,1.0,1.0,0.5,7852.646213841646,0.5438336798771475,38.651007649706195,51.54960895048252
D,30,15,115,breslow,5,1.0,1.0,0.95,,,,
D,30,15,115,spline,3,0.0,0.0,0.3,,,,
D,30,15,115,spline,3,0.0,0.0,0.5,,,,
D,30,15,115,spline,3,0.0,0.0,0.95,,,,
D,30,15,115,spline,3,0.0,0.5,0.3,,,,
D,30,15,115,spline,3,0.0,0.5,0.5,,,,
D,30,15,115,spline,3,0.0,0.5,0.95,,,,
D,30,15,115,spline,3,0.0,1.0,0.3,,,,
D,30,15,115,spline,3,0.0,1.0,0.5,,,,
D,30,15,115,spline,3,0.0,1.0,0.95,,,,
D,30,15,115,spline,3,0.1,0.0,0.3,,,,
D,30,15,115,spline,3,0.1,0.0,0.5,,,,
D,30,15,115,spline,3,0.1,0.0,0.95,,,,
D,30,15,115,spline,3,0.1,0.5,0.3,,,,
D,30,15,115,spline,3,0.1,0.5,0.5,,,,
D,30,15,115,spline,3,0.1,0.5,0.95,,,,
D,30,15,115,spline,3,0.1,1.0,0.3,,,,
D,30,15,115,spline,3,0.1,1.0,0.5,,,,
D,30,15,115,spline,3,0.1,1.0,0.95,,,,
D,30,15,115,spline,3,1.0,0.0,0.3,,,,
D,30,15,115,spline,3,1.0,0.0,0.5,,,,
D,30,15,115,spline,3,1.0,0.0,0.95,,,,
D,30,15,115,spline,3,1.0,0.5,0.3,,,,
D,30,15,115,spline,3,1.0,0.5,0.5,,,,
D,30,15,115,spline,3,1.0,0.5,0.95,,,,
D,30,15,115,spline,3,1.0,1.0,0.3,,,,
D,30,15,115,spline,3,1.0,1.0,0.5,,,,
D,30,15,115,spline,3,1.0,1.0,0.95,,,,
D,30,15,115,spline,5,0.0,0.0,0.3,,,,
D,30,15,115,spline,5,0.0,0.0,0.5,,,,
D,30,15,115,spline,5,0.0,0.0,0.95,,,,
D,30,15,115,spline,5,0.0,0.5,0.3,,,,
D,30,15,115,spline,5,0.0,0.5,0.5,,,,
D,30,15,115,spline,5,0.0,0.5,0.95,,,,
D,30,15,115,spline,5,0.0,1.0,0.3,,,,
D,30,15,115,spline,5,0.0,1.0,0.5,,,,
D,30,15,115,spline,5,0.0,1.0,0.95,,,,
D,30,15,115,spline,5,0.1,0.0,0.3,,,,
D,30,15,115,spline,5,0.1,0.0,0.5,,,,
D,30,15,115,spline,5,0.1,0.0,0.95,,,,
D,30,15,115,spline,5,0.1,0.5,0.3,,,,
D,30,15,115,spline,5,0.1,0.5,0.5,,,,
D,30,15,115,spline,5,0.1,0.5,0.95,,,,
D,30,15,115,spline,5,0.1,1.0,0.3,,,,
D,30,15,115,spline,5,0.1,1.0,0.5,,,,
D,30,15,115,spline,5,0.1,1.0,0.95,,,,
D,30,15,115,spline,5,1.0,0.0,0.3,,,,
D,30,15,115,spline,5,1.0,0.0,0.5,,,,
D,30,15,115,spline,5,1.0,0.0,0.95,,,,
D,30,15,115,spline,5,1.0,0.5,0.3,,,,
D,30,15,115,spline,5,1.0,0.5,0.5,,,,
D,30,15,115,spline,5,1.0,0.5,0.95,,,,
D,30,15,115,spline,5,1.0,1.0,0.3,,,,
D,30,15,115,spline,5,1.0,1.0,0.5,,,,
D,30,15,115,spline,5,1.0,1.0,0.95,,,,
D,30,15,120,breslow,3,0.0,0.0,0.3,,,,
D,30,15,120,breslow,3,0.0,0.0,0.5,,,,
D,30,15,120,breslow,3,0.0,0.0,0.95,,,,
D,30,15,120,breslow,3,0.0,0.5,0.3,,,,
D,30,15,120,breslow,3,0.0,0.5,0.5,,,,
D,30,15,120,breslow,3,0.0,0.5,0.95,,,,
D,30,15,120,breslow,3,0.0,1.0,0.3,,,,
D,30,15,120,breslow,3,0.0,1.0,0.5,,,,
D,30,15,120,breslow,3,0.0,1.0,0.95,,,,
D,30,15,120,breslow,3,0.1,0.0,0.3,7742.556947851785,0.5441482388198244,36.63394482975006,51.17561183998549
D,30,15,120,breslow,3,0.1,0.0,0.5,7852.240376617689,0.5425207764795864,36.66614736139563,51.27124275840763
D,30,15,120,breslow,3,0.1,0.0,0.95,,,,
D,30,15,120,breslow,3,0.1,0.5,0.3,7742.562177002588,0.5441422279477907,36.63718533607917,51.177788892572245
D,30,15,120,breslow,3,0.1,0.5,0.5,7852.244890752654,0.5425205366442933,36.66634989304119,51.271459625474314
D,30,15,120,breslow,3,0.1,0.5,0.95,,,,
D,30,15,120,breslow,3,0.1,1.0,0.3,7742.562177002588,0.5441422279477907,36.63718533607917,51.177788892572245
D,30,15,120,breslow,3,0.1,1.0,0.5,7852.244890752654,0.5425205366442933,36.66634989304119,51.271459625474314
D,30,15,120,breslow,3,0.1,1.0,0.95,,,,
D,30,15,120,breslow,3,1.0,0.0,0.3,7742.562177002588,0.5441422279477907,36.63718533607917,51.177788892572245
D,30,15,120,breslow,3,1.0,0.0,0.5,7852.244890752654,0.5425205366442933,36.66634989304119,51.271459625474314
D,30,15,120,breslow,3,1.0,0.0,0.95,,,,
D,30,15,120,breslow,3,1.0,0.5,0.3,7742.562177002588,0.5441422279477907,36.63718533607917,51.177788892572245
D,30,15,120,breslow,3,1.0,0.5,0.5,7852.244890752654,0.5425205366442933,36.66634989304119,51.271459625474314
D,30,15,120,breslow,3,1.0,0.5,0.95,,,,
D,30,15,120,breslow,3,1.0,1.0,0.3,7742.562177002588,0.5441422279477907,36.63718533607917,51.177788892572245
D,30,15,120,breslow,3,1.0,1.0,0.5,7852.244890752654,0.5425205366442933,36.66634989304119,51.271459625474314
D,30,15,120,breslow,3,1.0,1.0,0.95,,,,
D,30,15,120,breslow,5,0.0,0.0,0.3,,,,
D,30,15,120,breslow,5,0.0,0.0,0.5,,,,
D,30,15,120,breslow,5,0.0,0.0,0.95,,,,
D,30,15,120,breslow,5,0.0,0.5,0.3,,,,
D,30,15,120,breslow,5,0.0,0.5,0.5,,,,
D,30,15,120,breslow,5,0.0,0.5,0.95,,,,
D,30,15,120,breslow,5,0.0,1.0,0.3,,,,
D,30,15,120,breslow,5,0.0,1.0,0.5,,,,
D,30,15,120,breslow,5,0.0,1.0,0.95,,,,
D,30,15,120,breslow,5,0.1,0.0,0.3,7742.556947851785,0.5441482388198244,36.63394482975006,51.17561183998549
D,30,15,120,breslow,5,0.1,0.0,0.5,7852.240376617689,0.5425207764795864,36.66614736139563,51.27124275840763
D,30,15,120,breslow,5,0.1,0.0,0.95,,,,
D,30,15,120,breslow,5,0.1,0.5,0.3,7742.562177002588,0.5441422279477907,36.63718533607917,51.177788892572245
D,30,15,120,breslow,5,0.1,0.5,0.5,7852.244890752654,0.5425205366442933,36.66634989304119,51.271459625474314
D,30,15,120,breslow,5,0.1,0.5,0.95,,,,
D,30,15,120,breslow,5,0.1,1.0,0.3,7742.562177002588,0.5441422279477907,36.63718533607917,51.177788892572245
D,30,15,120,breslow,5,0.1,1.0,0.5,7852.244890752654,0.5425205366442933,36.66634989304119,51.271459625474314
D,30,15,120,breslow,5,0.1,1.0,0.95,,,,
D,30,15,120,breslow,5,1.0,0.0,0.3,7742.562177002588,0.5441422279477907,36.63718533607917,51.177788892572245
D,30,15,120,breslow,5,1.0,0.0,0.5,7852.244890752654,0.5425205366442933,36.66634989304119,51.271459625474314
D,30,15,120,breslow,5,1.0,0.0,0.95,,,,
D,30,15,120,breslow,5,1.0,0.5,0.3,7742.562177002588,0.5441422279477907,36.63718533607917,51.177788892572245
D,30,15,120,breslow,5,1.0,0.5,0.5,7852.244890752654,0.5425205366442933,36.66634989304119,51.271459625474314
D,30,15,120,breslow,5,1.0,0.5,0.95,,,,
D,30,15,120,breslow,5,1.0,1.0,0.3,7742.562177002588,0.5441422279477907,36.63718533607917,51.177788892572245
D,30,15,120,breslow,5,1.0,1.0,0.5,7852.244890752654,0.5425205366442933,36.66634989304119,51.271459625474314
D,30,15,120,breslow,5,1.0,1.0,0.95,,,,
D,30,15,120,spline,3,0.0,0.0,0.3,,,,
D,30,15,120,spline,3,0.0,0.0,0.5,,,,
D,30,15,120,spline,3,0.0,0.0,0.95,,,,
D,30,15,120,spline,3,0.0,0.5,0.3,,,,
D,30,15,120,spline,3,0.0,0.5,0.5,,,,
D,30,15,120,spline,3,0.0,0.5,0.95,,,,
D,30,15,120,spline,3,0.0,1.0,0.3,,,,
D,30,15,120,spline,3,0.0,1.0,0.5,,,,
D,30,15,120,spline,3,0.0,1.0,0.95,,,,
D,30,15,120,spline,3,0.1,0.0,0.3,,,,
D,30,15,120,spline,3,0.1,0.0,0.5,,,,
D,30,15,120,spline,3,0.1,0.0,0.95,,,,
D,30,15,120,spline,3,0.1,0.5,0.3,,,,
D,30,15,120,spline,3,0.1,0.5,0.5,,,,
D,30,15,120,spline,3,0.1,0.5,0.95,,,,
D,30,15,120,spline,3,0.1,1.0,0.3,,,,
D,30,15,120,spline,3,0.1,1.0,0.5,,,,
D,30,15,120,spline,3,0.1,1.0,0.95,,,,
D,30,15,120,spline,3,1.0,0.0,0.3,,,,
D,30,15,120,spline,3,1.0,0.0,0.5,,,,
D,30,15,120,spline,3,1.0,0.0,0.95,,,,
D,30,15,120,spline,3,1.0,0.5,0.3,,,,
D,30,15,120,spline,3,1.0,0.5,0.5,,,,
D,30,15,120,spline,3,1.0,0.5,0.95,,,,
D,30,15,120,spline,3,1.0,1.0,0.3,,,,
D,30,15,120,spline,3,1.0,1.0,0.5,,,,
D,30,15,120,spline,3,1.0,1.0,0.95,,,,
D,30,15,120,spline,5,0.0,0.0,0.3,,,,
D,30,15,120,spline,5,0.0,0.0,0.5,,,,
D,30,15,120,spline,5,0.0,0.0,0.95,,,,
D,30,15,120,spline,5,0.0,0.5,0.3,,,,
D,30,15,120,spline,5,0.0,0.5,0.5,,,,
D,30,15,120,spline,5,0.0,0.5,0.95,,,,
D,30,15,120,spline,5,0.0,1.0,0.3,,,,
D,30,15,120,spline,5,0.0,1.0,0.5,,,,
D,30,15,120,spline,5,0.0,1.0,0.95,,,,
D,30,15,120,spline,5,0.1,0.0,0.3,,,,
D,30,15,120,spline,5,0.1,0.0,0.5,,,,
D,30,15,120,spline,5,0.1,0.0,0.95,,,,
D,30,15,120,spline,5,0.1,0.5,0.3,,,,
D,30,15,120,spline,5,0.1,0.5,0.5,,,,
D,30,15,120,spline,5,0.1,0.5,0.95,,,,
D,30,15,120,spline,5,0.1,1.0,0.3,,,,
D,30,15,120,spline,5,0.1,1.0,0.5,,,,
D,30,15,120,spline,5,0.1,1.0,0.95,,,,
D,30,15,120,spline,5,1.0,0.0,0.3,,,,
D,30,15,120,spline,5,1.0,0.0,0.5,,,,
D,30,15,120,spline,5,1.0,0.0,0.95,,,,
D,30,15,120,spline,5,1.0,0.5,0.3,,,,
D,30,15,120,spline,5,1.0,0.5,0.5,,,,
D,30,15,120,spline,5,1.0,0.5,0.95,,,,
D,30,15,120,spline,5,1.0,1.0,0.3,,,,
D,30,15,120,spline,5,1.0,1.0,0.5,,,,
D,30,15,120,spline,5,1.0,1.0,0.95,,,,
D,30,15,125,breslow,3,0.0,0.0,0.3,,,,
D,30,15,125,breslow,3,0.0,0.0,0.5,,,,
D,30,15,125,breslow,3,0.0,0.0,0.95,,,,
D,30,15,125,breslow,3,0.0,0.5,0.3,,,,
D,30,15,125,breslow,3,0.0,0.5,0.5,,,,
D,30,15,125,breslow,3,0.0,0.5,0.95,,,,
D,30,15,125,breslow,3,0.0,1.0,0.3,,,,
D,30,15,125,breslow,3,0.0,1.0,0.5,,,,
D,30,15,125,breslow,3,0.0,1.0,0.95,,,,
D,30,15,125,breslow,3,0.1,0.0,0.3,7742.365078005668,0.542973267326802,34.81869168229696,51.10572289118874
D,30,15,125,breslow,3,0.1,0.0,0.5,7852.034651932995,0.5414135719056635,34.84279294811974,51.19799994931914
D,30,15,125,breslow,3,0.1,0.0,0.95,,,,
D,30,15,125,breslow,3,0.1,0.5,0.3,7742.3705255797395,0.5429677909707138,34.821932188626064,51.10801204130461
D,30,15,125,breslow,3,0.1,0.5,0.5,7852.03916606796,0.5414133382478038,34.84299547976531,51.19821675670914
D,30,15,125,breslow,3,0.1,0.5,0.95,,,,
D,30,15,125,breslow,3,0.1,1.0,0.3,7742.3705255797395,0.5429677909707138,34.821932188626064,51.10801204130461
D,30,15,125,breslow,3,0.1,1.0,0.5,7852.03916606796,0.5414133382478038,34.84299547976531,51.19821675670914
D,30,15,125,breslow,3,0.1,1.0,0.95,,,,
D,30,15,125,breslow,3,1.0,0.0,0.3,7742.3705255797395,0.5429677909707138,34.821932188626064,51.10801204130461
D,30,15,125,breslow,3,1.0,0.0,0.5,7852.03916606796,0.5414133382478038,34.84299547976531,51.19821675670914
D,30,15,125,breslow,3,1.0,0.0,0.95,,,,
D,30,15,125,breslow,3,1.0,0.5,0.3,7742.3705255797395,0.5429677909707138,34.821932188626064,51.10801204130461
D,30,15,125,breslow,3,1.0,0.5,0.5,7852.03916606796,0.5414133382478038,34.84299547976531,51.19821675670914
D,30,15,125,breslow,3,1.0,0.5,0.95,,,,
D,30,15,125,breslow,3,1.0,1.0,0.3,7742.3705255797395,0.5429677909707138,34.821932188626064,51.10801204130461
D,30,15,125,breslow,3,1.0,1.0,0.5,7852.03916606796,0.5414133382478038,34.84299547976531,51.19821675670914
D,30,15,125,breslow,3,1.0,1.0,0.95,,,,
D,30,15,125,breslow,5,0.0,0.0,0.3,,,,
D,30,15,125,breslow,5,0.0,0.0,0.5,,,,
D,30,15,125,breslow,5,0.0,0.0,0.95,,,,
D,30,15,125,breslow,5,0.0,0.5,0.3,,,,
D,30,15,125,breslow,5,0.0,0.5,0.5,,,,
D,30,15,125,breslow,5,0.0,0.5,0.95,,,,
D,30,15,125,breslow,5,0.0,1.0,0.3,,,,
D,30,15,125,breslow,5,0.0,1.0,0.5,,,,
D,30,15,125,breslow,5,0.0,1.0,0.95,,,,
D,30,15,125,breslow,5,0.1,0.0,0.3,7742.365078005668,0.542973267326802,34.81869168229696,51.10572289118874
D,30,15,125,breslow,5,0.1,0.0,0.5,7852.034651932995,0.5414135719056635,34.84279294811974,51.19799994931914
D,30,15,125,breslow,5,0.1,0.0,0.95,,,,
D,30,15,125,breslow,5,0.1,0.5,0.3,7742.3705255797395,0.5429677909707138,34.821932188626064,51.10801204130461
D,30,15,125,breslow,5,0.1,0.5,0.5,7852.03916606796,0.5414133382478038,34.84299547976531,51.19821675670914
D,30,15,125,breslow,5,0.1,0.5,0.95,,,,
D,30,15,125,breslow,5,0.1,1.0,0.3,7742.3705255797395,0.5429677909707138,34.821932188626064,51.10801204130461
D,30,15,125,breslow,5,0.1,1.0,0.5,7852.03916606796,0.5414133382478038,34.84299547976531,51.19821675670914
D,30,15,125,breslow,5,0.1,1.0,0.95,,,,
D,30,15,125,breslow,5,1.0,0.0,0.3,7742.3705255797395,0.5429677909707138,34.821932188626064,51.10801204130461
D,30,15,125,breslow,5,1.0,0.0,0.5,7852.03916606796,0.5414133382478038,34.84299547976531,51.19821675670914
D,30,15,125,breslow,5,1.0,0.0,0.95,,,,
D,30,15,125,breslow,5,1.0,0.5,0.3,7742.3705255797395,0.5429677909707138,34.821932188626064,51.10801204130461
D,30,15,125,breslow,5,1.0,0.5,0.5,7852.03916606796,0.5414133382478038,34.84299547976531,51.19821675670914
D,30,15,125,breslow,5,1.0,0.5,0.95,,,,
D,30,15,125,breslow,5,1.0,1.0,0.3,7742.3705255797395,0.5429677909707138,34.821932188626064,51.10801204130461
D,30,15,125,breslow,5,1.0,1.0,0.5,7852.03916606796,0.5414133382478038,34.84299547976531,51.19821675670914
D,30,15,125,breslow,5,1.0,1.0,0.95,,,,
D,30,15,125,spline,3,0.0,0.0,0.3,,,,
D,30,15,125,spline,3,0.0,0.0,0.5,,,,
D,30,15,125,spline,3,0.0,0.0,0.95,,,,
D,30,15,125,spline,3,0.0,0.5,0.3,,,,
D,30,15,125,spline,3,0.0,0.5,0.5,,,,
D,30,15,125,spline,3,0.0,0.5,0.95,,,,
D,30,15,125,spline,3,0.0,1.0,0.3,,,,
D,30,15,125,spline,3,0.0,1.0,0.5,,,,
D,30,15,125,spline,3,0.0,1.0,0.95,,,,
D,30,15,125,spline,3,0.1,0.0,0.3,,,,
D,30,15,125,spline,3,0.1,0.0,0.5,,,,
D,30,15,125,spline,3,0.1,0.0,0.95,,,,
D,30,15,125,spline,3,0.1,0.5,0.3,,,,
D,30,15,125,spline,3,0.1,0.5,0.5,,,,
D,30,15,125,spline,3,0.1,0.5,0.95,,,,
D,30,15,125,spline,3,0.1,1.0,0.3,,,,
D,30,15,125,spline,3,0.1,1.0,0.5,,,,
D,30,15,125,spline,3,0.1,1.0,0.95,,,,
D,30,15,125,spline,3,1.0,0.0,0.3,,,,
D,30,15,125,spline,3,1.0,0.0,0.5,,,,
D,30,15,125,spline,3,1.0,0.0,0.95,,,,
D,30,15,125,spline,3,1.0,0.5,0.3,,,,
D,30,15,125,spline,3,1.0,0.5,0.5,,,,
D,30,15,125,spline,3,1.0,0.5,0.95,,,,
D,30,15,125,spline,3,1.0,1.0,0.3,,,,
D,30,15,125,spline,3,1.0,1.0,0.5,,,,
D,30,15,125,spline,3,1.0,1.0,0.95,,,,
D,30,15,125,spline,5,0.0,0.0,0.3,,,,
D,30,15,125,spline,5,0.0,0.0,0.5,,,,
D,30,15,125,spline,5,0.0,0.0,0.95,,,,
D,30,15,125,spline,5,0.0,0.5,0.3,,,,
D,30,15,125,spline,5,0.0,0.5,0.5,,,,
D,30,15,125,spline,5,0.0,0.5,0.95,,,,
D,30,15,125,spline,5,0.0,1.0,0.3,,,,
D,30,15,125,spline,5,0.0,1.0,0.5,,,,
D,30,15,125,spline,5,0.0,1.0,0.95,,,,
D,30,15,125,spline,5,0.1,0.0,0.3,,,,
D,30,15,125,spline,5,0.1,0.0,0.5,,,,
D,30,15,125,spline,5,0.1,0.0,0.95,,,,
D,30,15,125,spline,5,0.1,0.5,0.3,,,,
D,30,15,125,spline,5,0.1,0.5,0.5,,,,
D,30,15,125,spline,5,0.1,0.5,0.95,,,,
D,30,15,125,spline,5,0.1,1.0,0.3,,,,
D,30,15,125,spline,5,0.1,1.0,0.5,,,,
D,30,15,125,spline,5,0.1,1.0,0.95,,,,
D,30,15,125,spline,5,1.0,0.0,0.3,,,,
D,30,15,125,spline,5,1.0,0.0,0.5,,,,
D,30,15,125,spline,5,1.0,0.0,0.95,,,,
D,30,15,125,spline,5,1.0,0.5,0.3,,,,
D,30,15,125,spline,5,1.0,0.5,0.5,,,,
D,30,15,125,spline,5,1.0,0.5,0.95,,,,
D,30,15,125,spline,5,1.0,1.0,0.3,,,,
D,30,15,125,spline,5,1.0,1.0,0.5,,,,
D,30,15,125,spline,5,1.0,1.0,0.95,,,,
D,30,20,115,breslow,3,0.0,0.0,0.3,,,,
D,30,20,115,breslow,3,0.0,0.0,0.5,,,,
D,30,20,115,breslow,3,0.0,0.0,0.95,,,,
D,30,20,115,breslow,3,0.0,0.5,0.3,,,,
D,30,20,115,breslow,3,0.0,0.5,0.5,,,,
D,30,20,115,breslow,3,0.0,0.5,0.95,,,,
D,30,20,115,breslow,3,0.0,1.0,0.3,,,,
D,30,20,115,breslow,3,0.0,1.0,0.5,,,,
D,30,20,115,breslow,3,0.0,1.0,0.95,,,,
D,30,20,115,breslow,3,0.1,0.0,0.3,7742.948874320873,0.5455265611280484,38.612931700339104,51.451809729301296
D,30,20,115,breslow,3,0.1,0.0,0.5,7852.641699706683,0.5438339265180145,38.650805118060624,51.54939281786623
D,30,20,115,breslow,3,0.1,0.0,0.95,,,,
D,30,20,115,breslow,3,0.1,0.5,0.3,7742.950720361092,0.5455272856355952,38.613741826921384,51.45252100240314
D,30,20,115,breslow,3,0.1,0.5,0.5,7852.646213841646,0.5438336798771475,38.651007649706195,51.54960895048252
D,30,20,115,breslow,3,0.1,0.5,0.95,,,,
D,30,20,115,breslow,3,0.1,1.0,0.3,7742.950720361092,0.5455272856355952,38.613741826921384,51.45252100240314
D,30,20,115,breslow,3,0.1,1.0,0.5,7852.646213841646,0.5438336798771475,38.651007649706195,51.54960895048252
D,30,20,115,breslow,3,0.1,1.0,0.95,,,,
D,30,20,115,breslow,3,1.0,0.0,0.3,7742.950720361092,0.5455272856355952,38.613741826921384,51.45252100240314
D,30,20,115,breslow,3,1.0,0.0,0.5,7852.646213841646,0.5438336798771475,38.651007649706195,51.54960895048252
D,30,20,115,breslow,3,1.0,0.0,0.95,,,,
D,30,20,115,breslow,3,1.0,0.5,0.3,7742.950720361092,0.5455272856355952,38.613741826921384,51.45252100240314
D,30,20,115,breslow,3,1.0,0.5,0.5,7852.646213841646,0.5438336798771475,38.651007649706195,51.54960895048252
D,30,20,115,breslow,3,1.0,0.5,0.95,,,,
D,30,20,115,breslow,3,1.0,1.0,0.3,7742.950720361092,0.5455272856355952,38.613741826921384,51.45252100240314
D,30,20,115,breslow,3,1.0,1.0,0.5,7852.646213841646,0.5438336798771475,38.651007649706195,51.54960895048252
D,30,20,115,breslow,3,1.0,1.0,0.95,,,,
D,30,20,115,breslow,5,0.0,0.0,0.3,,,,
D,30,20,115,breslow,5,0.0,0.0,0.5,,,,
D,30,20,115,breslow,5,0.0,0.0,0.95,,,,
D,30,20,115,breslow,5,0.0,0.5,0.3,,,,
D,30,20,115,breslow,5,0.0,0.5,0.5,,,,
D,30,20,115,breslow,5,0.0,0.5,0.95,,,,
D,30,20,115,breslow,5,0.0,1.0,0.3,,,,
D,30,20,115,breslow,5,0.0,1.0,0.5,,,,
D,30,20,115,breslow,5,0.0,1.0,0.95,,,,
D,30,20,115,breslow,5,0.1,0.0,0.3,7742.948874320873,0.5455265611280484,38.612931700339104,51.451809729301296
D,30,20,115,breslow,5,0.1,0.0,0.5,7852.641699706683,0.5438339265180145,38.650805118060624,51.54939281786623
D,30,20,115,breslow,5,0.1,0.0,0.95,,,,
D,30,20,115,breslow,5,0.1,0.5,0.3,7742.950720361092,0.5455272856355952,38.613741826921384,51.45252100240314
D,30,20,115,breslow,5,0.1,0.5,0.5,7852.646213841646,0.5438336798771475,38.651007649706195,51.54960895048252
D,30,20,115,breslow,5,0.1,0.5,0.95,,,,
D,30,20,115,breslow,5,0.1,1.0,0.3,7742.950720361092,0.5455272856355952,38.613741826921384,51.45252100240314
D,30,20,115,breslow,5,0.1,1.0,0.5,7852.646213841646,0.5438336798771475,38.651007649706195,51.54960895048252
D,30,20,115,breslow,5,0.1,1.0,0.95,,,,
D,30,20,115,breslow,5,1.0,0.0,0.3,7742.950720361092,0.5455272856355952,38.613741826921384,51.45252100240314
D,30,20,115,breslow,5,1.0,0.0,0.5,7852.646213841646,0.5438336798771475,38.651007649706195,51.54960895048252
D,30,20,115,breslow,5,1.0,0.0,0.95,,,,
D,30,20,115,breslow,5,1.0,0.5,0.3,7742.950720361092,0.5455272856355952,38.613741826921384,51.45252100240314
D,30,20,115,breslow,5,1.0,0.5,0.5,7852.646213841646,0.5438336798771475,38.651007649706195,51.54960895048252
D,30,20,115,breslow,5,1.0,0.5,0.95,,,,
D,30,20,115,breslow,5,1.0,1.0,0.3,7742.950720361092,0.5455272856355952,38.613741826921384,51.45252100240314
D,30,20,115,breslow,5,1.0,1.0,0.5,7852.646213841646,0.5438336798771475,38.651007649706195,51.54960895048252
D,30,20,115,breslow,5,1.0,1.0,0.95,,,,
D,30,20,115,spline,3,0.0,0.0,0.3,,,,
D,30,20,115,spline,3,0.0,0.0,0.5,,,,
D,30,20,115,spline,3,0.0,0.0,0.95,,,,
D,30,20,115,spline,3,0.0,0.5,0.3,,,,
D,30,20,115,spline,3,0.0,0.5,0.5,,,,
D,30,20,115,spline,3,0.0,0.5,0.95,,,,
D,30,20,115,spline,3,0.0,1.0,0.3,,,,
D,30,20,115,spline,3,0.0,1.0,0.5,,,,
D,30,20,115,spline,3,0.0,1.0,0.95,,,,
D,30,20,115,spline,3,0.1,0.0,0.3,,,,
D,30,20,115,spline,3,0.1,0.0,0.5,,,,
D,30,20,115,spline,3,0.1,0.0,0.95,,,,
D,30,20,115,spline,3,0.1,0.5,0.3,,,,
D,30,20,115,spline,3,0.1,0.5,0.5,,,,
D,30,20,115,spline,3,0.1,0.5,0.95,,,,
D,30,20,115,spline,3,0.1,1.0,0.3,,,,
D,30,20,115,spline,3,0.1,1.0,0.5,,,,
D,30,20,115,spline,3,0.1,1.0,0.95,,,,
D,30,20,115,spline,3,1.0,0.0,0.3,,,,
D,30,20,115,spline,3,1.0,0.0,0.5,,,,
D,30,20,115,spline,3,1.0,0.0,0.95,,,,
D,30,20,115,spline,3,1.0,0.5,0.3,,,,
D,30,20,115,spline,3,1.0,0.5,0.5,,,,
D,30,20,115,spline,3,1.0,0.5,0.95,,,,
D,30,20,115,spline,3,1.0,1.0,0.3,,,,
D,30,20,115,spline,3,1.0,1.0,0.5,,,,
D,30,20,115,spline,3,1.0,1.0,0.95,,,,
D,30,20,115,spline,5,0.0,0.0,0.3,,,,
D,30,20,115,spline,5,0.0,0.0,0.5,,,,
D,30,20,115,spline,5,0.0,0.0,0.95,,,,
D,30,20,115,spline,5,0.0,0.5,0.3,,,,
D,30,20,115,spline,5,0.0,0.5,0.5,,,,
D,30,20,115,spline,5,0.0,0.5,0.95,,,,
D,30,20,115,spline,5,0.0,1.0,0.3,,,,
D,30,20,115,spline,5,0.0,1.0,0.5,,,,
D,30,20,115,spline,5,0.0,1.0,0.95,,,,
D,30,20,115,spline,5,0.1,0.0,0.3,,,,
D,30,20,115,spline,5,0.1,0.0,0.5,,,,
D,30,20,115,spline,5,0.1,0.0,0.95,,,,
D,30,20,115,spline,5,0.1,0.5,0.3,,,,
D,30,20,115,spline,5,0.1,0.5,0.5,,,,
D,30,20,115,spline,5,0.1,0.5,0.95,,,,
D,30,20,115,spline,5,0.1,1.0,0.3,,,,
D,30,20,115,spline,5,0.1,1.0,0.5,,,,
D,30,20,115,spline,5,0.1,1.0,0.95,,,,
D,30,20,115,spline,5,1.0,0.0,0.3,,,,
D,30,20,115,spline,5,1.0,0.0,0.5,,,,
D,30,20,115,spline,5,1.0,0.0,0.95,,,,
D,30,20,115,spline,5,1.0,0.5,0.3,,,,
D,30,20,115,spline,5,1.0,0.5,0.5,,,,
D,30,20,115,spline,5,1.0,0.5,0.95,,,,
D,30,20,115,spline,5,1.0,1.0,0.3,,,,
D,30,20,115,spline,5,1.0,1.0,0.5,,,,
D,30,20,115,spline,5,1.0,1.0,0.95,,,,
D,30,20,120,breslow,3,0.0,0.0,0.3,,,,
D,30,20,120,breslow,3,0.0,0.0,0.5,,,,
D,30,20,120,breslow,3,0.0,0.0,0.95,,,,
D,30,20,120,breslow,3,0.0,0.5,0.3,,,,
D,30,20,120,breslow,3,0.0,0.5,0.5,,,,
D,30,20,120,breslow,3,0.0,0.5,0.95,,,,
D,30,20,120,breslow,3,0.0,1.0,0.3,,,,
D,30,20,120,breslow,3,0.0,1.0,0.5,,,,
D,30,20,120,breslow,3,0.0,1.0,0.95,,,,
D,30,20,120,breslow,3,0.1,0.0,0.3,7742.560330962369,0.5441415234316171,36.63637520949689,51.17707542293742
D,30,20,120,breslow,3,0.1,0.0,0.5,7852.240376617689,0.5425207764795864,36.66614736139563,51.27124275840763
D,30,20,120,breslow,3,0.1,0.0,0.95,,,,
D,30,20,120,breslow,3,0.1,0.5,0.3,7742.562177002588,0.5441422279477907,36.63718533607917,51.177788892572245
D,30,20,120,breslow,3,0.1,0.5,0.5,7852.244890752654,0.5425205366442933,36.66634989304119,51.271459625474314
D,30,20,120,breslow,3,0.1,0.5,0.95,,,,
D,30,20,120,breslow,3,0.1,1.0,0.3,7742.562177002588,0.5441422279477907,36.63718533607917,51.177788892572245
D,30,20,120,breslow,3,0.1,1.0,0.5,7852.244890752654,0.5425205366442933,36.66634989304119,51.271459625474314
D,30,20,120,breslow,3,0.1,1.0,0.95,,,,
D,30,20,120,breslow,3,1.0,0.0,0.3,7742.562177002588,0.5441422279477907,36.63718533607917,51.177788892572245
D,30,20,120,breslow,3,1.0,0.0,0.5,7852.244890752654,0.5425205366442933,36.66634989304119,51.271459625474314
D,30,20,120,breslow,3,1.0,0.0,0.95,,,,
D,30,20,120,breslow,3,1.0,0.5,0.3,7742.562177002588,0.5441422279477907,36.63718533607917,51.177788892572245
D,30,20,120,breslow,3,1.0,0.5,0.5,7852.244890752654,0.5425205366442933,36.66634989304119,51.271459625474314
D,30,20,120,breslow,3,1.0,0.5,0.95,,,,
D,30,20,120,breslow,3,1.0,1.0,0.3,7742.562177002588,0.5441422279477907,36.63718533607917,51.177788892572245
D,30,20,120,breslow,3,1.0,1.0,0.5,7852.244890752654,0.5425205366442933,36.66634989304119,51.271459625474314
D,30,20,120,breslow,3,1.0,1.0,0.95,,,,
D,30,20,120,breslow,5,0.0,0.0,0.3,,,,
D,30,20,120,breslow,5,0.0,0.0,0.5,,,,
D,30,20,120,breslow,5,0.0,0.0,0.95,,,,
D,30,20,120,breslow,5,0.0,0.5,0.3,,,,
D,30,20,120,breslow,5,0.0,0.5,0.5,,,,
D,30,20,120,breslow,5,0.0,0.5,0.95,,,,
D,30,20,120,breslow,5,0.0,1.0,0.3,,,,
D,30,20,120,breslow,5,0.0,1.0,0.5,,,,
D,30,20,120,breslow,5,0.0,1.0,0.95,,,,
D,30,20,120,breslow,5,0.1,0.0,0.3,7742.560330962369,0.5441415234316171,36.63637520949689,51.17707542293742
D,30,20,120,breslow,5,0.1,0.0,0.5,7852.240376617689,0.5425207764795864,36.66614736139563,51.27124275840763
D,30,20,120,breslow,5,0.1,0.0,0.95,,,,
D,30,20,120,breslow,5,0.1,0.5,0.3,7742.562177002588,0.5441422279477907,36.63718533607917,51.177788892572245
D,30,20,120,breslow,5,0.1,0.5,0.5,7852.244890752654,0.5425205366442933,36.66634989304119,51.271459625474314
D,30,20,120,breslow,5,0.1,0.5,0.95,,,,
D,30,20,120,breslow,5,0.1,1.0,0.3,7742.562177002588,0.5441422279477907,36.63718533607917,51.177788892572245
D,30,20,120,breslow,5,0.1,1.0,0.5,7852.244890752654,0.5425205366442933,36.66634989304119,51.271459625474314
D,30,20,120,breslow,5,0.1,1.0,0.95,,,,
D,30,20,120,breslow,5,1.0,0.0,0.3,7742.562177002588,0.5441422279477907,36.63718533607917,51.177788892572245
D,30,20,120,breslow,5,1.0,0.0,0.5,7852.244890752654,0.5425205366442933,36.66634989304119,51.271459625474314
D,30,20,120,breslow,5,1.0,0.0,0.95,,,,
D,30,20,120,breslow,5,1.0,0.5,0.3,7742.562177002588,0.5441422279477907,36.63718533607917,51.177788892572245
D,30,20,120,breslow,5,1.0,0.5,0.5,7852.244890752654,0.5425205366442933,36.66634989304119,51.271459625474314
D,30,20,120,breslow,5,1.0,0.5,0.95,,,,
D,30,20,120,breslow,5,1.0,1.0,0.3,7742.562177002588,0.5441422279477907,36.63718533607917,51.177788892572245
D,30,20,120,breslow,5,1.0,1.0,0.5,7852.244890752654,0.5425205366442933,36.66634989304119,51.271459625474314
D,30,20,120,breslow,5,1.0,1.0,0.95,,,,
D,30,20,120,spline,3,0.0,0.0,0.3,,,,
D,30,20,120,spline,3,0.0,0.0,0.5,,,,
D,30,20,120,spline,3,0.0,0.0,0.95,,,,
D,30,20,120,spline,3,0.0,0.5,0.3,,,,
D,30,20,120,spline,3,0.0,0.5,0.5,,,,
D,30,20,120,spline,3,0.0,0.5,0.95,,,,
D,30,20,120,spline,3,0.0,1.0,0.3,,,,
D,30,20,120,spline,3,0.0,1.0,0.5,,,,
D,30,20,120,spline,3,0.0,1.0,0.95,,,,
D,30,20,120,spline,3,0.1,0.0,0.3,,,,
D,30,20,120,spline,3,0.1,0.0,0.5,,,,
D,30,20,120,spline,3,0.1,0.0,0.95,,,,
D,30,20,120,spline,3,0.1,0.5,0.3,,,,
D,30,20,120,spline,3,0.1,0.5,0.5,,,,
D,30,20,120,spline,3,0.1,0.5,0.95,,,,
D,30,20,120,spline,3,0.1,1.0,0.3,,,,
D,30,20,120,spline,3,0.1,1.0,0.5,,,,
D,30,20,120,spline,3,0.1,1.0,0.95,,,,
D,30,20,120,spline,3,1.0,0.0,0.3,,,,
D,30,20,120,spline,3,1.0,0.0,0.5,,,,
D,30,20,120,spline,3,1.0,0.0,0.95,,,,
D,30,20,120,spline,3,1.0,0.5,0.3,,,,
D,30,20,120,spline,3,1.0,0.5,0.5,,,,
D,30,20,120,spline,3,1.0,0.5,0.95,,,,
D,30,20,120,spline,3,1.0,1.0,0.3,,,,
D,30,20,120,spline,3,1.0,1.0,0.5,,,,
D,30,20,120,spline,3,1.0,1.0,0.95,,,,
D,30,20,120,spline,5,0.0,0.0,0.3,,,,
D,30,20,120,spline,5,0.0,0.0,0.5,,,,
D,30,20,120,spline,5,0.0,0.0,0.95,,,,
D,30,20,120,spline,5,0.0,0.5,0.3,,,,
D,30,20,120,spline,5,0.0,0.5,0.5,,,,
D,30,20,120,spline,5,0.0,0.5,0.95,,,,
D,30,20,120,spline,5,0.0,1.0,0.3,,,,
D,30,20,120,spline,5,0.0,1.0,0.5,,,,
D,30,20,120,spline,5,0.0,1.0,0.95,,,,
D,30,20,120,spline,5,0.1,0.0,0.3,,,,
D,30,20,120,spline,5,0.1,0.0,0.5,,,,
D,30,20,120,spline,5,0.1,0.0,0.95,,,,
D,30,20,120,spline,5,0.1,0.5,0.3,,,,
D,30,20,120,spline,5,0.1,0.5,0.5,,,,
D,30,20,120,spline,5,0.1,0.5,0.95,,,,
D,30,20,120,spline,5,0.1,1.0,0.3,,,,
D,30,20,120,spline,5,0.1,1.0,0.5,,,,
D,30,20,120,spline,5,0.1,1.0,0.95,,,,
D,30,20,120,spline,5,1.0,0.0,0.3,,,,
D,30,20,120,spline,5,1.0,0.0,0.5,,,,
D,30,20,120,spline,5,1.0,0.0,0.95,,,,
D,30,20,120,spline,5,1.0,0.5,0.3,,,,
D,30,20,120,spline,5,1.0,0.5,0.5,,,,
D,30,20,120,spline,5,1.0,0.5,0.95,,,,
D,30,20,120,spline,5,1.0,1.0,0.3,,,,
D,30,20,120,spline,5,1.0,1.0,0.5,,,,
D,30,20,120,spline,5,1.0,1.0,0.95,,,,
D,30,20,125,breslow,3,0.0,0.0,0.3,,,,
D,30,20,125,breslow,3,0.0,0.0,0.5,,,,
D,30,20,125,breslow,3,0.0,0.0,0.95,,,,
D,30,20,125,breslow,3,0.0,0.5,0.3,,,,
D,30,20,125,breslow,3,0.0,0.5,0.5,,,,
D,30,20,125,breslow,3,0.0,0.5,0.95,,,,
D,30,20,125,breslow,3,0.0,1.0,0.3,,,,
D,30,20,125,breslow,3,0.0,1.0,0.5,,,,
D,30,20,125,breslow,3,0.0,1.0,0.95,,,,
D,30,20,125,breslow,3,0.1,0.0,0.3,7742.368679539519,0.5429671046007507,34.82112206204379,51.10729901711865
D,30,20,125,breslow,3,0.1,0.0,0.5,7852.034651932995,0.5414135719056635,34.84279294811974,51.19799994931914
D,30,20,125,breslow,3,0.1,0.0,0.95,,,,
D,30,20,125,breslow,3,0.1,0.5,0.3,7742.3705255797395,0.5429677909707138,34.821932188626064,51.10801204130461
D,30,20,125,breslow,3,0.1,0.5,0.5,7852.03916606796,0.5414133382478038,34.84299547976531,51.19821675670914
D,30,20,125,breslow,3,0.1,0.5,0.95,,,,
D,30,20,125,breslow,3,0.1,1.0,0.3,7742.3705255797395,0.5429677909707138,34.821932188626064,51.10801204130461
D,30,20,125,breslow,3,0.1,1.0,0.5,7852.03916606796,0.5414133382478038,34.84299547976531,51.19821675670914
D,30,20,125,breslow,3,0.1,1.0,0.95,,,,
D,30,20,125,breslow,3,1.0,0.0,0.3,7742.3705255797395,0.5429677909707138,34.821932188626064,51.10801204130461
D,30,20,125,breslow,3,1.0,0.0,0.5,7852.03916606796,0.5414133382478038,34.84299547976531,51.19821675670914
D,30,20,125,breslow,3,1.0,0.0,0.95,,,,
D,30,20,125,breslow,3,1.0,0.5,0.3,7742.3705255797395,0.5429677909707138,34.821932188626064,51.10801204130461
D,30,20,125,breslow,3,1.0,0.5,0.5,7852.03916606796,0.5414133382478038,34.84299547976531,51.19821675670914
D,30,20,125,breslow,3,1.0,0.5,0.95,,,,
D,30,20,125,breslow,3,1.0,1.0,0.3,7742.3705255797395,0.5429677909707138,34.821932188626064,51.10801204130461
D,30,20,125,breslow,3,1.0,1.0,0.5,7852.03916606796,0.5414133382478038,34.84299547976531,51.19821675670914
D,30,20,125,breslow,3,1.0,1.0,0.95,,,,
D,30,20,125,breslow,5,0.0,0.0,0.3,,,,
D,30,20,125,breslow,5,0.0,0.0,0.5,,,,
D,30,20,125,breslow,5,0.0,0.0,0.95,,,,
D,30,20,125,breslow,5,0.0,0.5,0.3,,,,
D,30,20,125,breslow,5,0.0,0.5,0.5,,,,
D,30,20,125,breslow,5,0.0,0.5,0.95,,,,
D,30,20,125,breslow,5,0.0,1.0,0.3,,,,
D,30,20,125,breslow,5,0.0,1.0,0.5,,,,
D,30,20,125,breslow,5,0.0,1.0,0.95,,,,
D,30,20,125,breslow,5,0.1,0.0,0.3,7742.368679539519,0.5429671046007507,34.82112206204379,51.10729901711865
D,30,20,125,breslow,5,0.1,0.0,0.5,7852.034651932995,0.5414135719056635,34.84279294811974,51.19799994931914
D,30,20,125,breslow,5,0.1,0.0,0.95,,,,
D,30,20,125,breslow,5,0.1,0.5,0.3,7742.3705255797395,0.5429677909707138,34.821932188626064,51.10801204130461
D,30,20,125,breslow,5,0.1,0.5,0.5,7852.03916606796,0.5414133382478038,34.84299547976531,51.19821675670914
D,30,20,125,breslow,5,0.1,0.5,0.95,,,,
D,30,20,125,breslow,5,0.1,1.0,0.3,7742.3705255797395,0.5429677909707138,34.821932188626064,51.10801204130461
D,30,20,125,breslow,5,0.1,1.0,0.5,7852.03916606796,0.5414133382478038,34.84299547976531,51.19821675670914
D,30,20,125,breslow,5,0.1,1.0,0.95,,,,
D,30,20,125,breslow,5,1.0,0.0,0.3,7742.3705255797395,0.5429677909707138,34.821932188626064,51.10801204130461
D,30,20,125,breslow,5,1.0,0.0,0.5,7852.03916606796,0.5414133382478038,34.84299547976531,51.19821675670914
D,30,20,125,breslow,5,1.0,0.0,0.95,,,,
D,30,20,125,breslow,5,1.0,0.5,0.3,7742.3705255797395,0.5429677909707138,34.821932188626064,51.10801204130461
D,30,20,125,breslow,5,1.0,0.5,0.5,7852.03916606796,0.5414133382478038,34.84299547976531,51.19821675670914
D,30,20,125,breslow,5,1.0,0.5,0.95,,,,
D,30,20,125,breslow,5,1.0,1.0,0.3,7742.3705255797395,0.5429677909707138,34.821932188626064,51.10801204130461
D,30,20,125,breslow,5,1.0,1.0,0.5,7852.03916606796,0.5414133382478038,34.84299547976531,51.19821675670914
D,30,20,125,breslow,5,1.0,1.0,0.95,,,,
D,30,20,125,spline,3,0.0,0.0,0.3,,,,
D,30,20,125,spline,3,0.0,0.0,0.5,,,,
D,30,20,125,spline,3,0.0,0.0,0.95,,,,
D,30,20,125,spline,3,0.0,0.5,0.3,,,,
D,30,20,125,spline,3,0.0,0.5,0.5,,,,
D,30,20,125,spline,3,0.0,0.5,0.95,,,,
D,30,20,125,spline,3,0.0,1.0,0.3,,,,
D,30,20,125,spline,3,0.0,1.0,0.5,,,,
D,30,20,125,spline,3,0.0,1.0,0.95,,,,
D,30,20,125,spline,3,0.1,0.0,0.3,,,,
D,30,20,125,spline,3,0.1,0.0,0.5,,,,
D,30,20,125,spline,3,0.1,0.0,0.95,,,,
D,30,20,125,spline,3,0.1,0.5,0.3,,,,
D,30,20,125,spline,3,0.1,0.5,0.5,,,,
D,30,20,125,spline,3,0.1,0.5,0.95,,,,
D,30,20,125,spline,3,0.1,1.0,0.3,,,,
D,30,20,125,spline,3,0.1,1.0,0.5,,,,
D,30,20,125,spline,3,0.1,1.0,0.95,,,,
D,30,20,125,spline,3,1.0,0.0,0.3,,,,
D,30,20,125,spline,3,1.0,0.0,0.5,,,,
D,30,20,125,spline,3,1.0,0.0,0.95,,,,
D,30,20,125,spline,3,1.0,0.5,0.3,,,,
D,30,20,125,spline,3,1.0,0.5,0.5,,,,
D,30,20,125,spline,3,1.0,0.5,0.95,,,,
D,30,20,125,spline,3,1.0,1.0,0.3,,,,
D,30,20,125,spline,3,1.0,1.0,0.5,,,,
D,30,20,125,spline,3,1.0,1.0,0.95,,,,
D,30,20,125,spline,5,0.0,0.0,0.3,,,,
D,30,20,125,spline,5,0.0,0.0,0.5,,,,
D,30,20,125,spline,5,0.0,0.0,0.95,,,,
D,30,20,125,spline,5,0.0,0.5,0.3,,,,
D,30,20,125,spline,5,0.0,0.5,0.5,,,,
D,30,20,125,spline,5,0.0,0.5,0.95,,,,
D,30,20,125,spline,5,0.0,1.0,0.3,,,,
D,30,20,125,spline,5,0.0,1.0,0.5,,,,
D,30,20,125,spline,5,0.0,1.0,0.95,,,,
D,30,20,125,spline,5,0.1,0.0,0.3,,,,
D,30,20,125,spline,5,0.1,0.0,0.5,,,,
D,30,20,125,spline,5,0.1,0.0,0.95,,,,
D,30,20,125,spline,5,0.1,0.5,0.3,,,,
D,30,20,125,spline,5,0.1,0.5,0.5,,,,
D,30,20,125,spline,5,0.1,0.5,0.95,,,,
D,30,20,125,spline,5,0.1,1.0,0.3,,,,
D,30,20,125,spline,5,0.1,1.0,0.5,,,,
D,30,20,125,spline,5,0.1,1.0,0.95,,,,
D,30,20,125,spline,5,1.0,0.0,0.3,,,,
D,30,20,125,spline,5,1.0,0.0,0.5,,,,
D,30,20,125,spline,5,1.0,0.0,0.95,,,,
D,30,20,125,spline,5,1.0,0.5,0.3,,,,
D,30,20,125,spline,5,1.0,0.5,0.5,,,,
D,30,20,125,spline,5,1.0,0.5,0.95,,,,
D,30,20,125,spline,5,1.0,1.0,0.3,,,,
D,30,20,125,spline,5,1.0,1.0,0.5,,,,
D,30,20,125,spline,5,1.0,1.0,0.95,,,,
