feature_set,window_size,n_components,clipping_threshold,max_depth,min_samples_leaf,min_samples_split,max_features,mean_S_score,mean_C_index,mean_MAE,mean_RMSE
A,15,10,115,5.0,1,2,sqrt,31.026604403727145,0.7379141528109362,15.044443193043477,19.407344252530653
A,15,10,115,5.0,1,2,1.0,5.414158391212285,0.8658317494464216,9.951116461326862,14.503163093255683
A,15,10,115,5.0,1,10,sqrt,30.13238911594407,0.7313980772444536,15.513614570921769,19.961705820061745
A,15,10,115,5.0,1,10,1.0,5.414158391212285,0.8658317494464216,9.951116461326862,14.503163093255683
A,15,10,115,5.0,5,2,sqrt,30.103309727131762,0.731820776386363,15.509402183752574,19.95651486410997
A,15,10,115,5.0,5,2,1.0,5.414158391212285,0.8658317494464216,9.951116461326862,14.503163093255683
A,15,10,115,5.0,5,10,sqrt,30.103309727131762,0.731820776386363,15.509402183752574,19.95651486410997
A,15,10,115,5.0,5,10,1.0,5.414158391212285,0.8658317494464216,9.951116461326862,14.503163093255683
A,15,10,115,5.0,10,2,sqrt,19.557682334712247,0.7398404169861463,14.90383772280018,19.226407603434904
A,15,10,115,5.0,10,2,1.0,5.41403637146831,0.8660018597589273,9.944883476651103,14.49816708016598
A,15,10,115,5.0,10,10,sqrt,19.557682334712247,0.7398404169861463,14.90383772280018,19.226407603434904
A,15,10,115,5.0,10,10,1.0,5.41403637146831,0.8660018597589273,9.944883476651103,14.49816708016598
A,15,10,115,10.0,1,2,sqrt,17.977974053760367,0.8290894313198628,11.522261392545772,16.53772386388639
A,15,10,115,10.0,1,2,1.0,8.155041316804052,0.8635449671395741,9.756863521462602,15.371579357284551
A,15,10,115,10.0,1,10,sqrt,11.985077124579567,0.8326223311912946,11.42860198257731,16.359039681238222
A,15,10,115,10.0,1,10,1.0,7.723639753336381,0.8654193358557194,9.735999932369822,15.29048734908071
A,15,10,115,10.0,5,2,sqrt,11.157725452790961,0.8211131662798932,11.98526271956813,16.975468471811148
A,15,10,115,10.0,5,2,1.0,7.0088136270291015,0.8667021510377415,9.610892204332124,15.052512646767903
A,15,10,115,10.0,5,10,sqrt,11.157725452790961,0.8211131662798932,11.98526271956813,16.975468471811148
A,15,10,115,10.0,5,10,1.0,7.0088136270291015,0.8667021510377415,9.610892204332124,15.052512646767903
A,15,10,115,10.0,10,2,sqrt,10.706240725078207,0.8304743858862935,11.534254517349845,16.51055753745602
A,15,10,115,10.0,10,2,1.0,6.43557155669752,0.8686502823605574,9.542179661029763,14.846049864288176
A,15,10,115,10.0,10,10,sqrt,10.706240725078207,0.8304743858862935,11.534254517349845,16.51055753745602
A,15,10,115,10.0,10,10,1.0,6.43557155669752,0.8686502823605574,9.542179661029763,14.846049864288176
A,15,10,115,,1,2,sqrt,22.860033097763033,0.8065094755196599,12.01405655169675,19.745232736742704
A,15,10,115,,1,2,1.0,16.524576617630252,0.8164231927085519,11.136732136792787,18.872961603923617
A,15,10,115,,1,10,sqrt,30.90405747636576,0.8215700700672768,11.55212215331353,18.514314130108346
A,15,10,115,,1,10,1.0,12.426954869597584,0.8294599482467502,10.839512959275194,17.97032509457514
A,15,10,115,,5,2,sqrt,11.558348086021324,0.8354021801953447,10.941317527501662,17.456525608535983
A,15,10,115,,5,2,1.0,9.856624419773572,0.8375320010742637,10.248087473579515,16.866213603904676
A,15,10,115,,5,10,sqrt,11.558348086021324,0.8354021801953447,10.941317527501662,17.456525608535983
A,15,10,115,,5,10,1.0,9.856624419773572,0.8375320010742637,10.248087473579515,16.866213603904676
A,15,10,115,,10,2,sqrt,12.432091718383607,0.8389397255311135,11.038223537373444,16.952032997882633
A,15,10,115,,10,2,1.0,7.864164571623457,0.8510916301805864,9.814917411595752,15.767653672513697
A,15,10,115,,10,10,sqrt,12.432091718383607,0.8389397255311135,11.038223537373444,16.952032997882633
A,15,10,115,,10,10,1.0,7.864164571623457,0.8510916301805864,9.814917411595752,15.767653672513697
A,15,10,120,5.0,1,2,sqrt,53.63881616972405,0.7296804096387245,16.453025656117376,20.925977023395248
A,15,10,120,5.0,1,2,1.0,6.985711348446294,0.8587127016435625,11.010556801605802,15.69500037421362
A,15,10,120,5.0,1,10,sqrt,51.60105028943293,0.723466394394103,16.92128785274145,21.503745585742898
A,15,10,120,5.0,1,10,1.0,6.985711348446294,0.8587127016435625,11.010556801605802,15.69500037421362
A,15,10,120,5.0,5,2,sqrt,40.79298126589541,0.7250173180313008,16.888087628443554,21.421780152412047
A,15,10,120,5.0,5,2,1.0,6.985711348446294,0.8587127016435625,11.010556801605802,15.69500037421362
A,15,10,120,5.0,5,10,sqrt,40.79298126589541,0.7250173180313008,16.888087628443554,21.421780152412047
A,15,10,120,5.0,5,10,1.0,6.985711348446294,0.8587127016435625,11.010556801605802,15.69500037421362
A,15,10,120,5.0,10,2,sqrt,27.874428359474955,0.7325348939052215,16.297265496929906,20.710932168804913
A,15,10,120,5.0,10,2,1.0,6.985711348446294,0.8587127016435625,11.010556801605802,15.69500037421362
A,15,10,120,5.0,10,10,sqrt,27.874428359474955,0.7325348939052215,16.297265496929906,20.710932168804913
A,15,10,120,5.0,10,10,1.0,6.985711348446294,0.8587127016435625,11.010556801605802,15.69500037421362
A,15,10,120,10.0,1,2,sqrt,11.51464376659022,0.8314215840154257,12.343183329889074,17.269020413548795
A,15,10,120,10.0,1,2,1.0,12.72952028305703,0.8529589732238483,10.946999678856969,16.825841578010984
A,15,10,120,10.0,1,10,sqrt,25.191873661055098,0.8126083123830595,13.536624374207582,18.837491233626377
A,15,10,120,10.0,1,10,1.0,11.11858129889429,0.8555225821293112,10.89445531813124,16.681477699788644
A,15,10,120,10.0,5,2,sqrt,13.269844312362807,0.83228052189056,12.388903107607058,17.38414991514804
A,15,10,120,10.0,5,2,1.0,10.119731051197116,0.8543932618012011,10.815942274757973,16.472296864334105
A,15,10,120,10.0,5,10,sqrt,13.269844312362807,0.83228052189056,12.388903107607058,17.38414991514804
A,15,10,120,10.0,5,10,1.0,10.119731051197116,0.8543932618012011,10.815942274757973,16.472296864334105
A,15,10,120,10.0,10,2,sqrt,27.869072100471065,0.8078447446339583,13.614913157995897,18.837690557070076
A,15,10,120,10.0,10,2,1.0,8.566459696757926,0.8576903257014925,10.660383257573452,16.155158599304695
A,15,10,120,10.0,10,10,sqrt,27.869072100471065,0.8078447446339583,13.614913157995897,18.837690557070076
A,15,10,120,10.0,10,10,1.0,8.566459696757926,0.8576903257014925,10.660383257573452,16.155158599304695
A,15,10,120,,1,2,sqrt,26.72654403472769,0.7982740053320775,13.447002903456148,21.407815122163367
A,15,10,120,,1,2,1.0,23.354238685228605,0.8112691219272122,12.441055077648695,20.450822286558644
A,15,10,120,,1,10,sqrt,22.740203106194382,0.8150728890385939,12.833871738514024,20.158903503881323
A,15,10,120,,1,10,1.0,19.14243076301824,0.8218498044691476,12.101393770099495,19.56459137835086
A,15,10,120,,5,2,sqrt,25.548905167826188,0.8202204311415036,12.53744864472862,19.38610732892659
A,15,10,120,,5,2,1.0,14.833119027611176,0.8314748466923157,11.468381562982227,18.363909074356727
A,15,10,120,,5,10,sqrt,25.548905167826188,0.8202204311415036,12.53744864472862,19.38610732892659
A,15,10,120,,5,10,1.0,14.833119027611176,0.8314748466923157,11.468381562982227,18.363909074356727
A,15,10,120,,10,2,sqrt,10.651451243575554,0.8371069864873546,11.817613455801359,17.672245807458662
A,15,10,120,,10,2,1.0,10.513346481433702,0.8442381259201006,10.926765638354341,17.108826118340254
A,15,10,120,,10,10,sqrt,10.651451243575554,0.8371069864873546,11.817613455801359,17.672245807458662
A,15,10,120,,10,10,1.0,10.513346481433702,0.8442381259201006,10.926765638354341,17.108826118340254
A,15,10,125,5.0,1,2,sqrt,72.59857373659683,0.7268058207953245,17.752586430291803,22.34054678146312
A,15,10,125,5.0,1,2,1.0,9.249194770441628,0.8498113345724825,12.17272514637566,17.025422557179656
A,15,10,125,5.0,1,10,sqrt,70.10097131643649,0.7193540207649847,18.27436044123827,22.928556080708056
A,15,10,125,5.0,1,10,1.0,9.249194770441628,0.8498113345724825,12.17272514637566,17.025422557179656
A,15,10,125,5.0,5,2,sqrt,52.37082837566875,0.7205633543813758,18.242259348686957,22.847991138721653
A,15,10,125,5.0,5,2,1.0,9.249194770441628,0.8498113345724825,12.17272514637566,17.025422557179656
A,15,10,125,5.0,5,10,sqrt,52.37082837566875,0.7205633543813758,18.242259348686957,22.847991138721653
A,15,10,125,5.0,5,10,1.0,9.249194770441628,0.8498113345724825,12.17272514637566,17.025422557179656
A,15,10,125,5.0,10,2,sqrt,35.8863349035165,0.7276786034596835,17.64593634280488,22.110631039067222
A,15,10,125,5.0,10,2,1.0,9.249194770441628,0.8498113345724825,12.17272514637566,17.025422557179656
A,15,10,125,5.0,10,10,sqrt,35.8863349035165,0.7276786034596835,17.64593634280488,22.110631039067222
A,15,10,125,5.0,10,10,1.0,9.249194770441628,0.8498113345724825,12.17272514637566,17.025422557179656
A,15,10,125,10.0,1,2,sqrt,19.24084259924647,0.8205034464126248,13.55260630376257,18.790190027618582
A,15,10,125,10.0,1,2,1.0,16.60835573849864,0.8466815418549833,11.94423704186757,17.971248399206655
A,15,10,125,10.0,1,10,sqrt,16.020978794053867,0.8149112219657061,13.924995887982817,19.022541687206775
A,15,10,125,10.0,1,10,1.0,15.648862838943236,0.8477839310154394,11.93390214473176,17.888107443039765
A,15,10,125,10.0,5,2,sqrt,13.08194820378813,0.8286262503867071,13.183986481526087,18.1765184729203
A,15,10,125,10.0,5,2,1.0,12.97828475829077,0.8485609946670687,11.865878095971022,17.667563874326877
A,15,10,125,10.0,5,10,sqrt,13.08194820378813,0.8286262503867071,13.183986481526087,18.1765184729203
A,15,10,125,10.0,5,10,1.0,12.97828475829077,0.8485609946670687,11.865878095971022,17.667563874326877
A,15,10,125,10.0,10,2,sqrt,21.89126515127836,0.8125946293358755,14.267038079100752,19.3678149152863
A,15,10,125,10.0,10,2,1.0,11.419011702686811,0.8513757962729936,11.732063360873186,17.380811853319525
A,15,10,125,10.0,10,10,sqrt,21.89126515127836,0.8125946293358755,14.267038079100752,19.3678149152863
A,15,10,125,10.0,10,10,1.0,11.419011702686811,0.8513757962729936,11.732063360873186,17.380811853319525
A,15,10,125,,1,2,sqrt,41.899552914075606,0.7951935902701484,14.658437453927343,22.957257044927957
A,15,10,125,,1,2,1.0,32.279545010319154,0.8046189894840066,13.804566519292681,22.051052204595045
A,15,10,125,,1,10,sqrt,43.139219494757015,0.8095956608702268,14.056634675023513,21.566756043231866
A,15,10,125,,1,10,1.0,24.891084501787233,0.8142604758814243,13.389845801428356,20.99433253631994
A,15,10,125,,5,2,sqrt,22.023841641580656,0.8162055720256163,13.585807834412744,20.42505703669611
A,15,10,125,,5,2,1.0,19.599949974923014,0.8236880704618198,12.766790723193782,19.8435805835905
A,15,10,125,,5,10,sqrt,22.023841641580656,0.8162055720256163,13.585807834412744,20.42505703669611
A,15,10,125,,5,10,1.0,19.599949974923014,0.8236880704618198,12.766790723193782,19.8435805835905
A,15,10,125,,10,2,sqrt,18.024732265678885,0.82508708790434,13.255879021017424,19.297345901970782
A,15,10,125,,10,2,1.0,14.756076631572402,0.8350770661843094,12.224416263524128,18.595089267068076
A,15,10,125,,10,10,sqrt,18.024732265678885,0.82508708790434,13.255879021017424,19.297345901970782
A,15,10,125,,10,10,1.0,14.756076631572402,0.8350770661843094,12.224416263524128,18.595089267068076
A,15,10,130,5.0,1,2,sqrt,86.61559513603974,0.7297475796879249,16.9967864700603,22.36335863865347
A,15,10,130,5.0,1,2,1.0,11.035993831168675,0.8496752488798889,11.514109562185059,17.211174998904486
A,15,10,130,5.0,1,10,sqrt,82.69171438057634,0.7218243218770761,17.52523990032804,22.937418435697715
A,15,10,130,5.0,1,10,1.0,11.035993831168675,0.8496752488798889,11.514109562185059,17.211174998904486
A,15,10,130,5.0,5,2,sqrt,64.89193551145456,0.7230291279891523,17.498123494848805,22.861876151718633
A,15,10,130,5.0,5,2,1.0,11.035993831168675,0.8496752488798889,11.514109562185059,17.211174998904486
A,15,10,130,5.0,5,10,sqrt,64.89193551145456,0.7230291279891523,17.498123494848805,22.861876151718633
A,15,10,130,5.0,5,10,1.0,11.035993831168675,0.8496752488798889,11.514109562185059,17.211174998904486
A,15,10,130,5.0,10,2,sqrt,42.19751058280451,0.7328119536183755,16.72419975424335,22.00792361001648
A,15,10,130,5.0,10,2,1.0,11.035993831168675,0.8496752488798889,11.514109562185059,17.211174998904486
A,15,10,130,5.0,10,10,sqrt,42.19751058280451,0.7328119536183755,16.72419975424335,22.00792361001648
A,15,10,130,5.0,10,10,1.0,11.035993831168675,0.8496752488798889,11.514109562185059,17.211174998904486
A,15,10,130,10.0,1,2,sqrt,61.22765511837137,0.8094396922838463,13.630712548798874,19.85571871172673
A,15,10,130,10.0,1,2,1.0,20.874461860525365,0.8426520977663703,11.539402465125358,18.37015181488575
A,15,10,130,10.0,1,10,sqrt,27.9573437897261,0.8206384890731068,13.165463243982241,19.29670152860533
A,15,10,130,10.0,1,10,1.0,18.66637789613305,0.8446072820534873,11.471427302108756,18.18158207645569
A,15,10,130,10.0,5,2,sqrt,17.242584663540704,0.8258917224619895,12.739984194649017,18.603209071694046
A,15,10,130,10.0,5,2,1.0,16.48323530171353,0.8459083566611343,11.442649758741439,18.028113327929354
A,15,10,130,10.0,5,10,sqrt,17.242584663540704,0.8258917224619895,12.739984194649017,18.603209071694046
A,15,10,130,10.0,5,10,1.0,16.48323530171353,0.8459083566611343,11.442649758741439,18.028113327929354
A,15,10,130,10.0,10,2,sqrt,22.74574936302128,0.8184323383388815,13.073186336228293,19.07266576082636
A,15,10,130,10.0,10,2,1.0,14.086918887585037,0.8479360543940982,11.250669152680688,17.702415159488645
A,15,10,130,10.0,10,10,sqrt,22.74574936302128,0.8184323383388815,13.073186336228293,19.07266576082636
A,15,10,130,10.0,10,10,1.0,14.086918887585037,0.8479360543940982,11.250669152680688,17.702415159488645
A,15,10,130,,1,2,sqrt,89.08154736297116,0.7979831355886425,14.468840439553599,22.817726454808103
A,15,10,130,,1,2,1.0,33.19516833795764,0.8075767355940726,13.611387658634891,21.944013927873435
A,15,10,130,,1,10,sqrt,41.84645205813432,0.8050937227939137,14.196819921584932,21.922878136545055
A,15,10,130,,1,10,1.0,28.29486773095909,0.8142358765788063,13.15597084085654,21.019866300966008
A,15,10,130,,5,2,sqrt,25.608538548081714,0.8134940730607788,13.349465858534662,20.492884831375846
A,15,10,130,,5,2,1.0,22.459108449383105,0.8205663717207242,12.776576967897544,20.171185088992445
A,15,10,130,,5,10,sqrt,25.608538548081714,0.8134940730607788,13.349465858534662,20.492884831375846
A,15,10,130,,5,10,1.0,22.459108449383105,0.8205663717207242,12.776576967897544,20.171185088992445
A,15,10,130,,10,2,sqrt,20.327418234608853,0.8179850843615813,13.245919626456853,19.986631808694675
A,15,10,130,,10,2,1.0,17.583396803432745,0.8313889595080116,11.984628780274162,18.899973151081753
A,15,10,130,,10,10,sqrt,20.327418234608853,0.8179850843615813,13.245919626456853,19.986631808694675
A,15,10,130,,10,10,1.0,17.583396803432745,0.8313889595080116,11.984628780274162,18.899973151081753
A,15,15,115,5.0,1,2,sqrt,15.819027374045172,0.7567156294044791,13.749292830635351,18.002606491792694
A,15,15,115,5.0,1,2,1.0,5.414158391212285,0.8658317494464216,9.951116461326862,14.503163093255683
A,15,15,115,5.0,1,10,sqrt,16.34642867644539,0.7505585519141696,13.893795778330992,18.18279223310666
A,15,15,115,5.0,1,10,1.0,5.414158391212285,0.8658317494464216,9.951116461326862,14.503163093255683
A,15,15,115,5.0,5,2,sqrt,16.107766664384094,0.7503037249270513,13.949627548710847,18.183187064955327
A,15,15,115,5.0,5,2,1.0,5.414158391212285,0.8658317494464216,9.951116461326862,14.503163093255683
A,15,15,115,5.0,5,10,sqrt,16.107766664384094,0.7503037249270513,13.949627548710847,18.183187064955327
A,15,15,115,5.0,5,10,1.0,5.414158391212285,0.8658317494464216,9.951116461326862,14.503163093255683
A,15,15,115,5.0,10,2,sqrt,15.534182989839389,0.7579483864364696,13.688149283511347,17.964689764339788
A,15,15,115,5.0,10,2,1.0,5.41403637146831,0.8660018597589273,9.944883476651103,14.49816708016598
A,15,15,115,5.0,10,10,sqrt,15.534182989839389,0.7579483864364696,13.688149283511347,17.964689764339788
A,15,15,115,5.0,10,10,1.0,5.41403637146831,0.8660018597589273,9.944883476651103,14.49816708016598
A,15,15,115,10.0,1,2,sqrt,12.670495923933316,0.8077423813330139,12.116441125646052,17.147107570028332
A,15,15,115,10.0,1,2,1.0,9.015218526188402,0.8616698280818001,9.914239597287995,15.619516191649613
A,15,15,115,10.0,1,10,sqrt,12.40384639420377,0.8253184697296005,12.22147342757756,17.424350887218814
A,15,15,115,10.0,1,10,1.0,8.629592037480505,0.8631845593443552,9.89569690406476,15.521649777886292
A,15,15,115,10.0,5,2,sqrt,13.174335862341703,0.8110923229577105,12.66060779204573,17.896590962746114
A,15,15,115,10.0,5,2,1.0,7.494626153397123,0.8626305748730747,9.852763151605863,15.46749775444123
A,15,15,115,10.0,5,10,sqrt,13.174335862341703,0.8110923229577105,12.66060779204573,17.896590962746114
A,15,15,115,10.0,5,10,1.0,7.494626153397123,0.8626305748730747,9.852763151605863,15.46749775444123
A,15,15,115,10.0,10,2,sqrt,10.642002977227321,0.8242434790024806,12.309770833601855,17.498726263657062
A,15,15,115,10.0,10,2,1.0,6.7238666696695475,0.8658807070699537,9.682527288592743,15.102558193023095
A,15,15,115,10.0,10,10,sqrt,10.642002977227321,0.8242434790024806,12.309770833601855,17.498726263657062
A,15,15,115,10.0,10,10,1.0,6.7238666696695475,0.8658807070699537,9.682527288592743,15.102558193023095
A,15,15,115,,1,2,sqrt,26.594511697784363,0.7948942067071915,12.92916681358048,21.041195983942803
A,15,15,115,,1,2,1.0,17.018210655163596,0.8182936802279148,11.169738141159403,18.918683316846682
A,15,15,115,,1,10,sqrt,20.037579419877108,0.8052185057769876,12.385406100386037,19.651741004345023
A,15,15,115,,1,10,1.0,13.536938160367848,0.8291369443073424,10.859677505729378,18.09375382243781
A,15,15,115,,5,2,sqrt,14.267442121579649,0.8180437983456399,11.884924904147065,18.55138001186853
A,15,15,115,,5,2,1.0,11.500924913136869,0.8364797460313935,10.442716251958592,17.260937641758005
A,15,15,115,,5,10,sqrt,14.267442121579649,0.8180437983456399,11.884924904147065,18.55138001186853
A,15,15,115,,5,10,1.0,11.500924913136869,0.8364797460313935,10.442716251958592,17.260937641758005
A,15,15,115,,10,2,sqrt,10.522572844730469,0.824439003541362,11.412767959816218,17.279007017609466
A,15,15,115,,10,2,1.0,9.058993284564412,0.8479115423487139,10.066774191986797,16.20622530350473
A,15,15,115,,10,10,sqrt,10.522572844730469,0.824439003541362,11.412767959816218,17.279007017609466
A,15,15,115,,10,10,1.0,9.058993284564412,0.8479115423487139,10.066774191986797,16.20622530350473
A,15,15,120,5.0,1,2,sqrt,20.129257507628946,0.7500075557285356,15.011215988763619,19.30977963733444
A,15,15,120,5.0,1,2,1.0,6.985711348446294,0.8587127016435625,11.010556801605802,15.69500037421362
A,15,15,120,5.0,1,10,sqrt,20.57529075174497,0.7484486336785414,15.117868472145167,19.423231816675983
A,15,15,120,5.0,1,10,1.0,6.985711348446294,0.8587127016435625,11.010556801605802,15.69500037421362
A,15,15,120,5.0,5,2,sqrt,20.367523283481965,0.7484549603349195,15.132162210645651,19.410242225369007
A,15,15,120,5.0,5,2,1.0,6.985711348446294,0.8587127016435625,11.010556801605802,15.69500037421362
A,15,15,120,5.0,5,10,sqrt,20.367523283481965,0.7484549603349195,15.132162210645651,19.410242225369007
A,15,15,120,5.0,5,10,1.0,6.985711348446294,0.8587127016435625,11.010556801605802,15.69500037421362
A,15,15,120,5.0,10,2,sqrt,20.066299924429977,0.7529913345285715,14.93432228520471,19.25484816935299
A,15,15,120,5.0,10,2,1.0,6.985711348446294,0.8587127016435625,11.010556801605802,15.69500037421362
A,15,15,120,5.0,10,10,sqrt,20.066299924429977,0.7529913345285715,14.93432228520471,19.25484816935299
A,15,15,120,5.0,10,10,1.0,6.985711348446294,0.8587127016435625,11.010556801605802,15.69500037421362
A,15,15,120,10.0,1,2,sqrt,23.862832936375938,0.7981097088789552,13.704390446772996,19.165063382576367
A,15,15,120,10.0,1,2,1.0,13.70025105796778,0.8515843844811828,11.10092377160557,17.093936114159256
A,15,15,120,10.0,1,10,sqrt,15.629567402580232,0.804209805098804,13.62198872865992,18.804560752916405
A,15,15,120,10.0,1,10,1.0,12.4615092957026,0.8530642427786213,11.040928411077687,16.939167289168626
A,15,15,120,10.0,5,2,sqrt,13.96549138516158,0.814694335211744,13.575865950529224,18.681200081820272
A,15,15,120,10.0,5,2,1.0,10.9390438327866,0.8534639911372844,10.94231328024104,16.71926140595042
A,15,15,120,10.0,5,10,sqrt,13.96549138516158,0.814694335211744,13.575865950529224,18.681200081820272
A,15,15,120,10.0,5,10,1.0,10.9390438327866,0.8534639911372844,10.94231328024104,16.71926140595042
A,15,15,120,10.0,10,2,sqrt,14.088670693436729,0.810270849658291,13.83295933834172,18.991532393093298
A,15,15,120,10.0,10,2,1.0,9.081732328953212,0.8563888904705529,10.756060750910615,16.31435145463977
A,15,15,120,10.0,10,10,sqrt,14.088670693436729,0.810270849658291,13.83295933834172,18.991532393093298
A,15,15,120,10.0,10,10,1.0,9.081732328953212,0.8563888904705529,10.756060750910615,16.31435145463977
A,15,15,120,,1,2,sqrt,33.13403158235982,0.7922335275486465,13.95169949080928,22.127469763479695
A,15,15,120,,1,2,1.0,24.963925435216918,0.8099637557119891,12.499718618342971,20.54862090655152
A,15,15,120,,1,10,sqrt,21.003286344741106,0.8083433991493892,13.201863488188035,20.43599853471586
A,15,15,120,,1,10,1.0,19.107434382418955,0.8179223912772369,12.236644366495902,19.71962531636722
A,15,15,120,,5,2,sqrt,19.88056271592016,0.804377271821167,13.463578559203867,20.220284822747534
A,15,15,120,,5,2,1.0,15.742244754040726,0.8252287668504603,11.8483402428136,18.87433058622554
A,15,15,120,,5,10,sqrt,19.88056271592016,0.804377271821167,13.463578559203867,20.220284822747534
A,15,15,120,,5,10,1.0,15.742244754040726,0.8252287668504603,11.8483402428136,18.87433058622554
A,15,15,120,,10,2,sqrt,15.17965476293521,0.8142220352561509,13.222521124625569,19.43261184854064
A,15,15,120,,10,2,1.0,11.142197010959316,0.8406371729844733,11.150478995448385,17.432338040022763
A,15,15,120,,10,10,sqrt,15.17965476293521,0.8142220352561509,13.222521124625569,19.43261184854064
A,15,15,120,,10,10,1.0,11.142197010959316,0.8406371729844733,11.150478995448385,17.432338040022763
A,15,15,125,5.0,1,2,sqrt,25.670607103197348,0.7447325350919718,16.3532674581029,20.711828568115788
A,15,15,125,5.0,1,2,1.0,9.249194770441628,0.8498113345724825,12.17272514637566,17.025422557179656
A,15,15,125,5.0,1,10,sqrt,26.257874450242745,0.7420608484944752,16.48165581955546,20.85300071558508
A,15,15,125,5.0,1,10,1.0,9.249194770441628,0.8498113345724825,12.17272514637566,17.025422557179656
A,15,15,125,5.0,5,2,sqrt,26.27440938710019,0.7421682929853144,16.460889062282707,20.837645680028913
A,15,15,125,5.0,5,2,1.0,9.249194770441628,0.8498113345724825,12.17272514637566,17.025422557179656
A,15,15,125,5.0,5,10,sqrt,26.27440938710019,0.7421682929853144,16.460889062282707,20.837645680028913
A,15,15,125,5.0,5,10,1.0,9.249194770441628,0.8498113345724825,12.17272514637566,17.025422557179656
A,15,15,125,5.0,10,2,sqrt,26.025921721021973,0.7455015348785388,16.27967934493,20.70798025070257
A,15,15,125,5.0,10,2,1.0,9.249194770441628,0.8498113345724825,12.17272514637566,17.025422557179656
A,15,15,125,5.0,10,10,sqrt,26.025921721021973,0.7455015348785388,16.27967934493,20.70798025070257
A,15,15,125,5.0,10,10,1.0,9.249194770441628,0.8498113345724825,12.17272514637566,17.025422557179656
A,15,15,125,10.0,1,2,sqrt,19.6894396703785,0.8010508733267852,14.737580617739933,19.999695776055596
A,15,15,125,10.0,1,2,1.0,19.04986071999256,0.8434746801987287,12.166781978178573,18.363782437329952
A,15,15,125,10.0,1,10,sqrt,20.09917831816271,0.8004822769255178,14.805453598203766,20.221932178399477
A,15,15,125,10.0,1,10,1.0,16.282803767404186,0.8454056385051727,12.10285202889163,18.1870824155246
A,15,15,125,10.0,5,2,sqrt,16.98350414824972,0.8114109108146804,14.643950963250514,19.990684557534962
A,15,15,125,10.0,5,2,1.0,13.91801649150411,0.8468774708596115,11.998590510632146,17.919497053111307
A,15,15,125,10.0,5,10,sqrt,16.98350414824972,0.8114109108146804,14.643950963250514,19.990684557534962
A,15,15,125,10.0,5,10,1.0,13.91801649150411,0.8468774708596115,11.998590510632146,17.919497053111307
A,15,15,125,10.0,10,2,sqrt,18.772321389417886,0.8075753434405886,14.755153802002306,20.12916143017407
A,15,15,125,10.0,10,2,1.0,12.24822562245059,0.8486031221924838,11.864238839795563,17.614572152208336
A,15,15,125,10.0,10,10,sqrt,18.772321389417886,0.8075753434405886,14.755153802002306,20.12916143017407
A,15,15,125,10.0,10,10,1.0,12.24822562245059,0.8486031221924838,11.864238839795563,17.614572152208336
A,15,15,125,,1,2,sqrt,43.587331118987606,0.7858190470203367,15.626309771760187,24.070174266743145
A,15,15,125,,1,2,1.0,35.21040027211468,0.8024072516002411,14.008667264504458,22.385401974754842
A,15,15,125,,1,10,sqrt,37.89795668998045,0.7927561928055067,15.064742092805385,22.6409505668914
A,15,15,125,,1,10,1.0,27.53926655481505,0.8104622556791374,13.677673845236967,21.555199745337188
A,15,15,125,,5,2,sqrt,20.858997523089908,0.8043073102099314,14.247268048857222,21.18638133148242
A,15,15,125,,5,2,1.0,21.836450027368024,0.8185963059478756,13.038478027868146,20.339915500053415
A,15,15,125,,5,10,sqrt,20.858997523089908,0.8043073102099314,14.247268048857222,21.18638133148242
A,15,15,125,,5,10,1.0,21.836450027368024,0.8185963059478756,13.038478027868146,20.339915500053415
A,15,15,125,,10,2,sqrt,21.43535257093171,0.8055265589815347,14.403150071237102,20.705379992108654
A,15,15,125,,10,2,1.0,15.524193443267512,0.8294744216438271,12.520064240460313,19.05478034371628
A,15,15,125,,10,10,sqrt,21.43535257093171,0.8055265589815347,14.403150071237102,20.705379992108654
A,15,15,125,,10,10,1.0,15.524193443267512,0.8294744216438271,12.520064240460313,19.05478034371628
A,15,15,130,5.0,1,2,sqrt,34.077570164565955,0.741265624852816,15.740202307389026,20.93000269765833
A,15,15,130,5.0,1,2,1.0,11.035993831168675,0.8496752488798889,11.514109562185059,17.211174998904486
A,15,15,130,5.0,1,10,sqrt,34.077570164565955,0.741265624852816,15.740202307389026,20.93000269765833
A,15,15,130,5.0,1,10,1.0,11.035993831168675,0.8496752488798889,11.514109562185059,17.211174998904486
A,15,15,130,5.0,5,2,sqrt,34.0851624217621,0.7415832708921142,15.713775661073004,20.90886250052758
A,15,15,130,5.0,5,2,1.0,11.035993831168675,0.8496752488798889,11.514109562185059,17.211174998904486
A,15,15,130,5.0,5,10,sqrt,34.0851624217621,0.7415832708921142,15.713775661073004,20.90886250052758
A,15,15,130,5.0,5,10,1.0,11.035993831168675,0.8496752488798889,11.514109562185059,17.211174998904486
A,15,15,130,5.0,10,2,sqrt,32.86410326254188,0.7458210386528362,15.606379465182698,20.85028812822004
A,15,15,130,5.0,10,2,1.0,11.035993831168675,0.8496752488798889,11.514109562185059,17.211174998904486
A,15,15,130,5.0,10,10,sqrt,32.86410326254188,0.7458210386528362,15.606379465182698,20.85028812822004
A,15,15,130,5.0,10,10,1.0,11.035993831168675,0.8496752488798889,11.514109562185059,17.211174998904486
A,15,15,130,10.0,1,2,sqrt,27.309229890564644,0.8018549463476091,13.959073529177658,20.266370633029048
A,15,15,130,10.0,1,2,1.0,20.70461239268829,0.8401353304356872,11.632818312655095,18.50378450848219
A,15,15,130,10.0,1,10,sqrt,25.140366853506862,0.8122983486220384,13.579358674734811,19.93827541492049
A,15,15,130,10.0,1,10,1.0,18.897668340408266,0.8419485525812476,11.576608648431757,18.34344686684647
A,15,15,130,10.0,5,2,sqrt,27.909542689998183,0.8005725643337197,14.594192046302378,20.86157636925556
A,15,15,130,10.0,5,2,1.0,17.020556438682352,0.8438954873922235,11.498149027848736,18.121175970737262
A,15,15,130,10.0,5,10,sqrt,27.909542689998183,0.8005725643337197,14.594192046302378,20.86157636925556
A,15,15,130,10.0,5,10,1.0,17.020556438682352,0.8438954873922235,11.498149027848736,18.121175970737262
A,15,15,130,10.0,10,2,sqrt,21.116717719511463,0.8084082618130152,13.8009827312992,19.976630293726362
A,15,15,130,10.0,10,2,1.0,14.61183311185718,0.8465787571695509,11.345257594770972,17.855398376136005
A,15,15,130,10.0,10,10,sqrt,21.116717719511463,0.8084082618130152,13.8009827312992,19.976630293726362
A,15,15,130,10.0,10,10,1.0,14.61183311185718,0.8465787571695509,11.345257594770972,17.855398376136005
A,15,15,130,,1,2,sqrt,44.94768784234445,0.7854580703774161,15.341533851645163,23.90050639928993
A,15,15,130,,1,2,1.0,36.66768614870965,0.8031706196738375,13.824009191713916,22.17392950828642
A,15,15,130,,1,10,sqrt,34.68816695841562,0.7976214596570257,14.576836401627428,22.35856686259112
A,15,15,130,,1,10,1.0,28.458126406187677,0.8101615493697828,13.31938097019073,21.157914322368676
A,15,15,130,,5,2,sqrt,29.016759566542326,0.8010280614926794,14.244401726928274,21.617227561165755
A,15,15,130,,5,2,1.0,23.532812636592,0.8167916397477006,12.849002047332103,20.284134118473567
A,15,15,130,,5,10,sqrt,29.016759566542326,0.8010280614926794,14.244401726928274,21.617227561165755
A,15,15,130,,5,10,1.0,23.532812636592,0.8167916397477006,12.849002047332103,20.284134118473567
A,15,15,130,,10,2,sqrt,23.876951546618034,0.8071391577191769,13.882097834507102,20.62471130730021
A,15,15,130,,10,2,1.0,17.628664557128317,0.8269201958471971,12.214100901262551,19.153407012797068
A,15,15,130,,10,10,sqrt,23.876951546618034,0.8071391577191769,13.882097834507102,20.62471130730021
A,15,15,130,,10,10,1.0,17.628664557128317,0.8269201958471971,12.214100901262551,19.153407012797068
A,15,20,115,5.0,1,2,sqrt,99.8370435300292,0.6958675807843668,19.237718479375808,24.30062930466287
A,15,20,115,5.0,1,2,1.0,5.419661460974313,0.8657770435370541,9.952635087008384,14.509575150360257
A,15,20,115,5.0,1,10,sqrt,99.6774430748527,0.707476123463002,19.2110974014848,24.27235143217833
A,15,20,115,5.0,1,10,1.0,5.419661460974313,0.8657770435370541,9.952635087008384,14.509575150360257
A,15,20,115,5.0,5,2,sqrt,121.60699092101363,0.6766487141149264,20.88065619726921,26.031861324493963
A,15,20,115,5.0,5,2,1.0,5.419661460974313,0.8657770435370541,9.952635087008384,14.509575150360257
A,15,20,115,5.0,5,10,sqrt,121.60699092101363,0.6766487141149264,20.88065619726921,26.031861324493963
A,15,20,115,5.0,5,10,1.0,5.419661460974313,0.8657770435370541,9.952635087008384,14.509575150360257
A,15,20,115,5.0,10,2,sqrt,118.25193336273371,0.6817328291293878,21.036190658899798,26.28269893132914
A,15,20,115,5.0,10,2,1.0,5.419539441230336,0.8659471538495598,9.946402102332623,14.504579137270557
A,15,20,115,5.0,10,10,sqrt,118.25193336273371,0.6817328291293878,21.036190658899798,26.28269893132914
A,15,20,115,5.0,10,10,1.0,5.419539441230336,0.8659471538495598,9.946402102332623,14.504579137270557
A,15,20,115,10.0,1,2,sqrt,38.67355842996537,0.7906710700422919,13.854370601407231,19.507172345897768
A,15,20,115,10.0,1,2,1.0,8.77553885021818,0.8600550324253978,9.973557460834039,15.738069221811651
A,15,20,115,10.0,1,10,sqrt,26.397626458239937,0.7963341487124093,13.93674458828641,19.423503655389485
A,15,20,115,10.0,1,10,1.0,8.144994228879069,0.8616479801256587,9.955146506320858,15.656815651047904
A,15,20,115,10.0,5,2,sqrt,42.35188967373931,0.7846760323444886,14.312661778733446,19.8872756860285
A,15,20,115,10.0,5,2,1.0,8.009258859327925,0.8597181988159391,9.9282770289636,15.653557209700745
A,15,20,115,10.0,5,10,sqrt,42.35188967373931,0.7846760323444886,14.312661778733446,19.8872756860285
A,15,20,115,10.0,5,10,1.0,8.009258859327925,0.8597181988159391,9.9282770289636,15.653557209700745
A,15,20,115,10.0,10,2,sqrt,25.619449605211788,0.7851743183634993,14.354994140483708,20.093967316474032
A,15,20,115,10.0,10,2,1.0,6.797745761689309,0.8648602569425663,9.715898691573345,15.254611474524356
A,15,20,115,10.0,10,10,sqrt,25.619449605211788,0.7851743183634993,14.354994140483708,20.093967316474032
A,15,20,115,10.0,10,10,1.0,6.797745761689309,0.8648602569425663,9.715898691573345,15.254611474524356
A,15,20,115,,1,2,sqrt,55.678790242477476,0.7833537188598255,13.896394524978756,22.391454906475094
A,15,20,115,,1,2,1.0,13.995855214641043,0.8170281927893015,11.259803051406871,18.813559063021053
A,15,20,115,,1,10,sqrt,41.73919806738023,0.7929362098907099,13.792188223347486,21.797679855011566
A,15,20,115,,1,10,1.0,12.18158666096724,0.8262893060655797,10.961975263809569,18.118402363366414
A,15,20,115,,5,2,sqrt,38.02306990754009,0.8020102671019004,13.464239909977366,20.787070333063127
A,15,20,115,,5,2,1.0,11.333153648892452,0.8334940533091076,10.669388860667805,17.51297743679097
A,15,20,115,,5,10,sqrt,38.02306990754009,0.8020102671019004,13.464239909977366,20.787070333063127
A,15,20,115,,5,10,1.0,11.333153648892452,0.8334940533091076,10.669388860667805,17.51297743679097
A,15,20,115,,10,2,sqrt,47.85145212179609,0.8022036641118622,13.62784285363476,20.45385506465324
A,15,20,115,,10,2,1.0,8.30203125842402,0.8486006924251536,10.012746209869698,16.22048899622395
A,15,20,115,,10,10,sqrt,47.85145212179609,0.8022036641118622,13.62784285363476,20.45385506465324
A,15,20,115,,10,10,1.0,8.30203125842402,0.8486006924251536,10.012746209869698,16.22048899622395
A,15,20,120,5.0,1,2,sqrt,127.94938783022818,0.6938127637333762,20.55538046685041,25.681943427166505
A,15,20,120,5.0,1,2,1.0,6.990731606148122,0.8586959792730268,11.01378149108707,15.699278721469662
A,15,20,120,5.0,1,10,sqrt,128.7156081916191,0.7018249526185139,20.687651219781507,25.80788868940556
A,15,20,120,5.0,1,10,1.0,6.990731606148122,0.8586959792730268,11.01378149108707,15.699278721469662
A,15,20,120,5.0,5,2,sqrt,154.99254038401662,0.6735886761208664,22.32557899808076,27.546135606753488
A,15,20,120,5.0,5,2,1.0,6.990731606148122,0.8586959792730268,11.01378149108707,15.699278721469662
A,15,20,120,5.0,5,10,sqrt,154.99254038401662,0.6735886761208664,22.32557899808076,27.546135606753488
A,15,20,120,5.0,5,10,1.0,6.990731606148122,0.8586959792730268,11.01378149108707,15.699278721469662
A,15,20,120,5.0,10,2,sqrt,151.00509937873306,0.6774087058274132,22.45266798581631,27.757658025636182
A,15,20,120,5.0,10,2,1.0,6.990731606148122,0.8586959792730268,11.01378149108707,15.699278721469662
A,15,20,120,5.0,10,10,sqrt,151.00509937873306,0.6774087058274132,22.45266798581631,27.757658025636182
A,15,20,120,5.0,10,10,1.0,6.990731606148122,0.8586959792730268,11.01378149108707,15.699278721469662
A,15,20,120,10.0,1,2,sqrt,71.4420359258655,0.7684542759898287,16.334816558972392,22.199756079067164
A,15,20,120,10.0,1,2,1.0,12.31438291037726,0.8510488088064936,11.097351904262517,17.07615732387054
A,15,20,120,10.0,1,10,sqrt,59.00415633643577,0.7821690690279695,15.62735182826494,21.565859747541047
A,15,20,120,10.0,1,10,1.0,11.377989143594812,0.8527309934765741,11.049428926261665,16.96655445287207
A,15,20,120,10.0,5,2,sqrt,55.62167492512697,0.7711484665454554,16.54010701294701,22.483153611420093
A,15,20,120,10.0,5,2,1.0,10.249776727393803,0.8520279685946157,11.020070414988306,16.827627860569425
A,15,20,120,10.0,5,10,sqrt,55.62167492512697,0.7711484665454554,16.54010701294701,22.483153611420093
A,15,20,120,10.0,5,10,1.0,10.249776727393803,0.8520279685946157,11.020070414988306,16.827627860569425
A,15,20,120,10.0,10,2,sqrt,67.09422602084763,0.763451882883367,16.927655132876556,23.004032295199238
A,15,20,120,10.0,10,2,1.0,8.882775101993193,0.8555974484212239,10.83974239003109,16.462707254086585
A,15,20,120,10.0,10,10,sqrt,67.09422602084763,0.763451882883367,16.927655132876556,23.004032295199238
A,15,20,120,10.0,10,10,1.0,8.882775101993193,0.8555974484212239,10.83974239003109,16.462707254086585
A,15,20,120,,1,2,sqrt,57.58568445232038,0.7808294439928002,15.099995616221815,23.70673493578719
A,15,20,120,,1,2,1.0,21.427084883778132,0.8076730503223736,12.5664490993673,20.414845742508884
A,15,20,120,,1,10,sqrt,70.34306065573774,0.7888888168844571,14.984487949656636,22.996755847217276
A,15,20,120,,1,10,1.0,17.007566194739162,0.8171380653336142,12.198047980650458,19.635130980208107
A,15,20,120,,5,2,sqrt,52.54748896241652,0.7919023412293351,14.705563575358363,22.215883274805563
A,15,20,120,,5,2,1.0,14.269393397192076,0.8242101346967106,11.822111407507744,18.81085301685834
A,15,20,120,,5,10,sqrt,52.54748896241652,0.7919023412293351,14.705563575358363,22.215883274805563
A,15,20,120,,5,10,1.0,14.269393397192076,0.8242101346967106,11.822111407507744,18.81085301685834
A,15,20,120,,10,2,sqrt,45.20989129371784,0.7982620736631614,14.451423487295354,21.137875448106776
A,15,20,120,,10,2,1.0,11.05557760809243,0.8374219799855753,11.3003876757974,17.638326458661638
A,15,20,120,,10,10,sqrt,45.20989129371784,0.7982620736631614,14.451423487295354,21.137875448106776
A,15,20,120,,10,10,1.0,11.05557760809243,0.8374219799855753,11.3003876757974,17.638326458661638
A,15,20,125,5.0,1,2,sqrt,164.00458418364073,0.6943475893150385,22.04270307906131,27.283577571850106
A,15,20,125,5.0,1,2,1.0,9.255028496216998,0.8497158041429287,12.17826410803237,17.031221989708126
A,15,20,125,5.0,1,10,sqrt,165.4837550878613,0.6962019325464881,22.12190452788199,27.299099925378563
A,15,20,125,5.0,1,10,1.0,9.255028496216998,0.8497158041429287,12.17826410803237,17.031221989708126
A,15,20,125,5.0,5,2,sqrt,199.79566333743466,0.6680438993319887,23.88747854708733,29.224400315753705
A,15,20,125,5.0,5,2,1.0,9.255028496216998,0.8497158041429287,12.17826410803237,17.031221989708126
A,15,20,125,5.0,5,10,sqrt,199.79566333743466,0.6680438993319887,23.88747854708733,29.224400315753705
A,15,20,125,5.0,5,10,1.0,9.255028496216998,0.8497158041429287,12.17826410803237,17.031221989708126
A,15,20,125,5.0,10,2,sqrt,193.8508587158422,0.6733737492283594,23.94379927951101,29.351591890256334
A,15,20,125,5.0,10,2,1.0,9.254679659096574,0.8497813710648539,12.176512087127085,17.029999519366704
A,15,20,125,5.0,10,10,sqrt,193.8508587158422,0.6733737492283594,23.94379927951101,29.351591890256334
A,15,20,125,5.0,10,10,1.0,9.254679659096574,0.8497813710648539,12.176512087127085,17.029999519366704
A,15,20,125,10.0,1,2,sqrt,94.62685857649156,0.7772841686014405,17.050361726037444,23.272661442624745
A,15,20,125,10.0,1,2,1.0,17.55354304575183,0.8434222133249243,12.258914347643653,18.46811751889316
A,15,20,125,10.0,1,10,sqrt,75.56404041427766,0.7638829589121638,17.489488764412158,23.391659259631
A,15,20,125,10.0,1,10,1.0,16.73585368972393,0.84458222691798,12.22737918260649,18.384166510728534
A,15,20,125,10.0,5,2,sqrt,29.641975664037325,0.793824974337373,16.097744612121776,21.74160603240461
A,15,20,125,10.0,5,2,1.0,14.359718933061998,0.8455548117550034,12.145726908257226,18.108980666012265
A,15,20,125,10.0,5,10,sqrt,29.641975664037325,0.793824974337373,16.097744612121776,21.74160603240461
A,15,20,125,10.0,5,10,1.0,14.359718933061998,0.8455548117550034,12.145726908257226,18.108980666012265
A,15,20,125,10.0,10,2,sqrt,50.93667319791947,0.7735527334897694,17.117888263434402,22.799827284699706
A,15,20,125,10.0,10,2,1.0,11.82120817418986,0.8479292936223544,11.941714365705968,17.68382808206053
A,15,20,125,10.0,10,10,sqrt,50.93667319791947,0.7735527334897694,17.117888263434402,22.799827284699706
A,15,20,125,10.0,10,10,1.0,11.82120817418986,0.8479292936223544,11.941714365705968,17.68382808206053
A,15,20,125,,1,2,sqrt,165.41398034591177,0.7690288080665688,16.974244634119483,26.03947850948204
A,15,20,125,,1,2,1.0,32.51962987246994,0.8019330437930179,13.933419675449596,22.212791750448105
A,15,20,125,,1,10,sqrt,95.45808837144307,0.7790969524937097,16.590964487343832,24.78899586431129
A,15,20,125,,1,10,1.0,27.82075806714182,0.807753453021083,13.756982159431612,21.55975620585346
A,15,20,125,,5,2,sqrt,63.00908974195397,0.7850613251556414,16.050230399174353,23.768532932126682
A,15,20,125,,5,2,1.0,21.114376038655905,0.8163084448422454,13.199364441006235,20.48421179172086
A,15,20,125,,5,10,sqrt,63.00908974195397,0.7850613251556414,16.050230399174353,23.768532932126682
A,15,20,125,,5,10,1.0,21.114376038655905,0.8163084448422454,13.199364441006235,20.48421179172086
A,15,20,125,,10,2,sqrt,72.007337317581,0.7882590030880511,16.169650247842082,23.28261044642075
A,15,20,125,,10,2,1.0,16.192747385546014,0.8286551433757877,12.586761456393267,19.16045224969098
A,15,20,125,,10,10,sqrt,72.007337317581,0.7882590030880511,16.169650247842082,23.28261044642075
A,15,20,125,,10,10,1.0,16.192747385546014,0.8286551433757877,12.586761456393267,19.16045224969098
A,15,20,130,5.0,1,2,sqrt,203.81107952732683,0.6959741717977792,21.38806323248513,27.32226792940795
A,15,20,130,5.0,1,2,1.0,11.095854751781417,0.8495437124179629,11.530602485896539,17.248145726005884
A,15,20,130,5.0,1,10,sqrt,205.95004404852617,0.69824767719103,21.355591571023012,27.23779193827923
A,15,20,130,5.0,1,10,1.0,11.095854751781417,0.8495437124179629,11.530602485896539,17.248145726005884
A,15,20,130,5.0,5,2,sqrt,249.61154127886488,0.6729058570724362,22.977811599655723,28.960907078032555
A,15,20,130,5.0,5,2,1.0,11.095854751781417,0.8495437124179629,11.530602485896539,17.248145726005884
A,15,20,130,5.0,5,10,sqrt,249.61154127886488,0.6729058570724362,22.977811599655723,28.960907078032555
A,15,20,130,5.0,5,10,1.0,11.095854751781417,0.8495437124179629,11.530602485896539,17.248145726005884
A,15,20,130,5.0,10,2,sqrt,240.35326801965667,0.6713643152028042,23.240077424015805,29.165228978172667
A,15,20,130,5.0,10,2,1.0,11.095854751781417,0.8495437124179629,11.530602485896539,17.248145726005884
A,15,20,130,5.0,10,10,sqrt,240.35326801965667,0.6713643152028042,23.240077424015805,29.165228978172667
A,15,20,130,5.0,10,10,1.0,11.095854751781417,0.8495437124179629,11.530602485896539,17.248145726005884
A,15,20,130,10.0,1,2,sqrt,121.03943371650143,0.7681219178159429,16.756551382284734,23.506163812143853
A,15,20,130,10.0,1,2,1.0,21.179716185368882,0.8385815566330279,11.701804978747486,18.694622654948176
A,15,20,130,10.0,1,10,sqrt,80.41007485984501,0.779976587442395,15.948665812388782,22.6070357643208
A,15,20,130,10.0,1,10,1.0,19.911486756591188,0.8399827396051375,11.655078922497104,18.564451823899013
A,15,20,130,10.0,5,2,sqrt,67.90307881561255,0.7776907224862551,16.60272799982231,23.17086816615803
A,15,20,130,10.0,5,2,1.0,18.7003776090676,0.8417676460646895,11.626985125399333,18.406888075107236
A,15,20,130,10.0,5,10,sqrt,67.90307881561255,0.7776907224862551,16.60272799982231,23.17086816615803
A,15,20,130,10.0,5,10,1.0,18.7003776090676,0.8417676460646895,11.626985125399333,18.406888075107236
A,15,20,130,10.0,10,2,sqrt,74.32626352013646,0.7697133448868633,16.56676187400062,23.21382052139872
A,15,20,130,10.0,10,2,1.0,15.750785827535816,0.8445184417731048,11.460229679322467,18.055397496104028
A,15,20,130,10.0,10,10,sqrt,74.32626352013646,0.7697133448868633,16.56676187400062,23.21382052139872
A,15,20,130,10.0,10,10,1.0,15.750785827535816,0.8445184417731048,11.460229679322467,18.055397496104028
A,15,20,130,,1,2,sqrt,133.9706455448409,0.7697295509060769,16.972494902904167,26.09201221249524
A,15,20,130,,1,2,1.0,36.31391433254247,0.7999106001944244,14.064074688562789,22.358491564952608
A,15,20,130,,1,10,sqrt,76.31926350278947,0.7788395952834744,16.29819664856671,24.609848854712055
A,15,20,130,,1,10,1.0,30.83986979323247,0.8065492441264579,13.6177429925919,21.51527631094634
A,15,20,130,,5,2,sqrt,94.49578777525616,0.7777803710462384,16.22131911373086,24.278297566997313
A,15,20,130,,5,2,1.0,25.596321976951877,0.8132524230429798,13.14138589627235,20.71937414289718
A,15,20,130,,5,10,sqrt,94.49578777525616,0.7777803710462384,16.22131911373086,24.278297566997313
A,15,20,130,,5,10,1.0,25.596321976951877,0.8132524230429798,13.14138589627235,20.71937414289718
A,15,20,130,,10,2,sqrt,64.4542391647914,0.7910670814411578,15.458018747448074,22.837329101139154
A,15,20,130,,10,2,1.0,19.201816608043565,0.8227931390674712,12.434290973644565,19.387380853383426
A,15,20,130,,10,10,sqrt,64.4542391647914,0.7910670814411578,15.458018747448074,22.837329101139154
A,15,20,130,,10,10,1.0,19.201816608043565,0.8227931390674712,12.434290973644565,19.387380853383426
A,20,10,115,5.0,1,2,sqrt,12.81969569940046,0.7761761370449333,13.776385870430047,18.15982412009431
A,20,10,115,5.0,1,2,1.0,4.112062372781019,0.8757088712759387,9.347676513885556,13.595012496785387
A,20,10,115,5.0,1,10,sqrt,12.792334973254516,0.7762249458095958,13.738263246583113,18.11984256530826
A,20,10,115,5.0,1,10,1.0,4.112062372781019,0.8757088712759387,9.347676513885556,13.595012496785387
A,20,10,115,5.0,5,2,sqrt,12.725388997634184,0.7758607072057345,13.78843991995917,18.165241310109504
A,20,10,115,5.0,5,2,1.0,4.112062372781019,0.8757088712759387,9.347676513885556,13.595012496785387
A,20,10,115,5.0,5,10,sqrt,12.725388997634184,0.7758607072057345,13.78843991995917,18.165241310109504
A,20,10,115,5.0,5,10,1.0,4.112062372781019,0.8757088712759387,9.347676513885556,13.595012496785387
A,20,10,115,5.0,10,2,sqrt,12.758937419360631,0.7751683498031336,13.801348036774908,18.18514487635313
A,20,10,115,5.0,10,2,1.0,4.112062372781019,0.8757088712759387,9.347676513885556,13.595012496785387
A,20,10,115,5.0,10,10,sqrt,12.758937419360631,0.7751683498031336,13.801348036774908,18.18514487635313
A,20,10,115,5.0,10,10,1.0,4.112062372781019,0.8757088712759387,9.347676513885556,13.595012496785387
A,20,10,115,10.0,1,2,sqrt,14.016738665958949,0.8497404864240157,10.620563233714574,15.60696337093132
A,20,10,115,10.0,1,2,1.0,7.157236757149252,0.8707856023841387,9.16413185894122,14.673364335707694
A,20,10,115,10.0,1,10,sqrt,7.15262127603778,0.8529106523346,10.312122393914334,15.212389959855098
A,20,10,115,10.0,1,10,1.0,6.837212465179152,0.8724628973842161,9.129630077900387,14.582557248292307
A,20,10,115,10.0,5,2,sqrt,35.14924628818386,0.8414837549146219,11.083521251740985,16.361449297468972
A,20,10,115,10.0,5,2,1.0,6.002264642779734,0.874373664231695,9.024602605541013,14.347135388446556
A,20,10,115,10.0,5,10,sqrt,35.14924628818386,0.8414837549146219,11.083521251740985,16.361449297468972
A,20,10,115,10.0,5,10,1.0,6.002264642779734,0.874373664231695,9.024602605541013,14.347135388446556
A,20,10,115,10.0,10,2,sqrt,7.4210170125622925,0.8464124433067314,10.713827167514237,15.455417908653317
A,20,10,115,10.0,10,2,1.0,5.3707689370997,0.8769286936916163,8.94748486217124,14.173541112826332
A,20,10,115,10.0,10,10,sqrt,7.4210170125622925,0.8464124433067314,10.713827167514237,15.455417908653317
A,20,10,115,10.0,10,10,1.0,5.3707689370997,0.8769286936916163,8.94748486217124,14.173541112826332
A,20,10,115,,1,2,sqrt,25.552321414288695,0.8220564320158875,11.370624286038387,18.75659256160619
A,20,10,115,,1,2,1.0,10.206306046176351,0.8359728683858929,10.10933365335817,17.05150175505663
A,20,10,115,,1,10,sqrt,11.328738900254091,0.8357367422582787,10.722478689445907,17.403183643675955
A,20,10,115,,1,10,1.0,9.390163696551415,0.8454093093577795,9.903823781162538,16.46324211222123
A,20,10,115,,5,2,sqrt,9.058897080193487,0.8402715088718093,10.639125835602513,16.779898596040443
A,20,10,115,,5,2,1.0,7.374732852532735,0.8552008919565264,9.471222858963868,15.617942126573046
A,20,10,115,,5,10,sqrt,9.058897080193487,0.8402715088718093,10.639125835602513,16.779898596040443
A,20,10,115,,5,10,1.0,7.374732852532735,0.8552008919565264,9.471222858963868,15.617942126573046
A,20,10,115,,10,2,sqrt,11.4720726965474,0.8523535930195976,10.184256732889727,15.91997849262872
A,20,10,115,,10,2,1.0,6.179277217795546,0.8647506943850118,9.186555222547247,14.915648487158483
A,20,10,115,,10,10,sqrt,11.4720726965474,0.8523535930195976,10.184256732889727,15.91997849262872
A,20,10,115,,10,10,1.0,6.179277217795546,0.8647506943850118,9.186555222547247,14.915648487158483
A,20,10,120,5.0,1,2,sqrt,17.38003933675749,0.7773753137559516,14.939655552722177,19.274448202241082
A,20,10,120,5.0,1,2,1.0,5.068406818235838,0.8669970873460086,10.406496017913849,14.691745327128638
A,20,10,120,5.0,1,10,sqrt,17.35464601866807,0.7773897092332673,14.90304659436364,19.238194650043997
A,20,10,120,5.0,1,10,1.0,5.068406818235838,0.8669970873460086,10.406496017913849,14.691745327128638
A,20,10,120,5.0,5,2,sqrt,17.28906254032575,0.7770450142907938,14.952814618967192,19.28048183371592
A,20,10,120,5.0,5,2,1.0,5.068406818235838,0.8669970873460086,10.406496017913849,14.691745327128638
A,20,10,120,5.0,5,10,sqrt,17.28906254032575,0.7770450142907938,14.952814618967192,19.28048183371592
A,20,10,120,5.0,5,10,1.0,5.068406818235838,0.8669970873460086,10.406496017913849,14.691745327128638
A,20,10,120,5.0,10,2,sqrt,17.329959301094057,0.7764347369238088,14.966248486934486,19.300750546955822
A,20,10,120,5.0,10,2,1.0,5.068406818235838,0.8669970873460086,10.406496017913849,14.691745327128638
A,20,10,120,5.0,10,10,sqrt,17.329959301094057,0.7764347369238088,14.966248486934486,19.300750546955822
A,20,10,120,5.0,10,10,1.0,5.068406818235838,0.8669970873460086,10.406496017913849,14.691745327128638
A,20,10,120,10.0,1,2,sqrt,9.38649931592982,0.8413844426253829,11.513975035493242,16.30294844057567
A,20,10,120,10.0,1,2,1.0,8.865670507485955,0.8654517679548077,10.094732138148292,15.783376835030683
A,20,10,120,10.0,1,10,sqrt,13.659747460784008,0.8347366705445933,12.11198759709367,17.17301327487401
A,20,10,120,10.0,1,10,1.0,8.243461866949456,0.8666242333414118,10.076607347255074,15.711808392136339
A,20,10,120,10.0,5,2,sqrt,28.396233337391823,0.8390662036630099,11.704437384361306,16.607427754483588
A,20,10,120,10.0,5,2,1.0,7.231919028799214,0.8681718898663515,9.986730187057407,15.472516396567524
A,20,10,120,10.0,5,10,sqrt,28.396233337391823,0.8390662036630099,11.704437384361306,16.607427754483588
A,20,10,120,10.0,5,10,1.0,7.231919028799214,0.8681718898663515,9.986730187057407,15.472516396567524
A,20,10,120,10.0,10,2,sqrt,27.22441362983548,0.8301464142013069,12.492323710262157,17.541236916657404
A,20,10,120,10.0,10,2,1.0,6.314147478461474,0.8700746818503508,9.927369731762916,15.244188044474706
A,20,10,120,10.0,10,10,sqrt,27.22441362983548,0.8301464142013069,12.492323710262157,17.541236916657404
A,20,10,120,10.0,10,10,1.0,6.314147478461474,0.8700746818503508,9.927369731762916,15.244188044474706
A,20,10,120,,1,2,sqrt,20.326959793695934,0.815871295390996,12.409269588524321,19.888244899903142
A,20,10,120,,1,2,1.0,14.21692559620866,0.8304443584115461,11.284998393881878,18.485061043741016
A,20,10,120,,1,10,sqrt,24.80818358733608,0.8305489540127567,11.928702616895151,18.66035730737211
A,20,10,120,,1,10,1.0,11.995965543335528,0.8390787553686222,11.041848700784868,17.872342588744715
A,20,10,120,,5,2,sqrt,18.867588740441654,0.837195465053606,11.545985747644368,17.81135367329198
A,20,10,120,,5,2,1.0,9.323919753828676,0.848021945511985,10.560204772188499,16.976945630040575
A,20,10,120,,5,10,sqrt,18.867588740441654,0.837195465053606,11.545985747644368,17.81135367329198
A,20,10,120,,5,10,1.0,9.323919753828676,0.848021945511985,10.560204772188499,16.976945630040575
A,20,10,120,,10,2,sqrt,7.553492316350303,0.8492417724149025,10.794724306494455,16.35689372380686
A,20,10,120,,10,2,1.0,7.471827052973171,0.85635617837272,10.201272773047489,16.05242615834883
A,20,10,120,,10,10,sqrt,7.553492316350303,0.8492417724149025,10.794724306494455,16.35689372380686
A,20,10,120,,10,10,1.0,7.471827052973171,0.85635617837272,10.201272773047489,16.05242615834883
A,20,10,125,5.0,1,2,sqrt,23.18283077698933,0.769592034291662,16.310598107573604,20.83858680093403
A,20,10,125,5.0,1,2,1.0,6.4209198213793,0.856894729960711,11.560131735330206,15.955772408657094
A,20,10,125,5.0,1,10,sqrt,23.14831445789623,0.7697692408979442,16.2543169240696,20.79507743034914
A,20,10,125,5.0,1,10,1.0,6.4209198213793,0.856894729960711,11.560131735330206,15.955772408657094
A,20,10,125,5.0,5,2,sqrt,23.086933379318886,0.7694174412598079,16.305875048484165,20.835532092496145
A,20,10,125,5.0,5,2,1.0,6.4209198213793,0.856894729960711,11.560131735330206,15.955772408657094
A,20,10,125,5.0,5,10,sqrt,23.086933379318886,0.7694174412598079,16.305875048484165,20.835532092496145
A,20,10,125,5.0,5,10,1.0,6.4209198213793,0.856894729960711,11.560131735330206,15.955772408657094
A,20,10,125,5.0,10,2,sqrt,23.1450899565197,0.7690148813122224,16.320880519212114,20.858333824614597
A,20,10,125,5.0,10,2,1.0,6.4209198213793,0.856894729960711,11.560131735330206,15.955772408657094
A,20,10,125,5.0,10,10,sqrt,23.1450899565197,0.7690148813122224,16.320880519212114,20.858333824614597
A,20,10,125,5.0,10,10,1.0,6.4209198213793,0.856894729960711,11.560131735330206,15.955772408657094
A,20,10,125,10.0,1,2,sqrt,38.26614174019085,0.8508752322409621,12.114014331472776,17.204186109269063
A,20,10,125,10.0,1,2,1.0,10.487897878549111,0.8583630673569804,11.20510063166591,16.912873912208138
A,20,10,125,10.0,1,10,sqrt,56.72314415567713,0.8131944831398249,14.074171370117995,19.496570116368442
A,20,10,125,10.0,1,10,1.0,9.720550044428666,0.8592802171918544,11.158579187320017,16.81902667399542
A,20,10,125,10.0,5,2,sqrt,13.013607527070729,0.8510358784591603,12.080688893919234,17.17180255456011
A,20,10,125,10.0,5,2,1.0,8.696986357213856,0.8613399069193669,11.050727464418603,16.537071638124917
A,20,10,125,10.0,5,10,sqrt,13.013607527070729,0.8510358784591603,12.080688893919234,17.17180255456011
A,20,10,125,10.0,5,10,1.0,8.696986357213856,0.8613399069193669,11.050727464418603,16.537071638124917
A,20,10,125,10.0,10,2,sqrt,27.838782824029778,0.8377789601256905,13.022839549750122,18.245846989272675
A,20,10,125,10.0,10,2,1.0,7.9174943793148795,0.8631184272264875,10.956624989724276,16.394428834809204
A,20,10,125,10.0,10,10,sqrt,27.838782824029778,0.8377789601256905,13.022839549750122,18.245846989272675
A,20,10,125,10.0,10,10,1.0,7.9174943793148795,0.8631184272264875,10.956624989724276,16.394428834809204
A,20,10,125,,1,2,sqrt,25.368842246832962,0.8120367576403547,13.602487780693718,21.08937227925433
A,20,10,125,,1,2,1.0,20.016304958629625,0.8236878864042974,12.641079754085881,20.307224196783885
A,20,10,125,,1,10,sqrt,26.733946285448717,0.8184586876424472,13.46208410229356,20.464346170308
A,20,10,125,,1,10,1.0,15.64689651443842,0.8324425586847044,12.220877544352764,19.373384718647777
A,20,10,125,,5,2,sqrt,16.141732278985543,0.8280264983297215,12.747536478091893,19.249428903816664
A,20,10,125,,5,2,1.0,13.168303577299422,0.8405379215145417,11.745944274078457,18.441719755009427
A,20,10,125,,5,10,sqrt,16.141732278985543,0.8280264983297215,12.747536478091893,19.249428903816664
A,20,10,125,,5,10,1.0,13.168303577299422,0.8405379215145417,11.745944274078457,18.441719755009427
A,20,10,125,,10,2,sqrt,16.453450864845585,0.8357821677016497,12.635621544551642,18.67879458358386
A,20,10,125,,10,2,1.0,10.228577461730186,0.8484653526148962,11.364256898368915,17.504595000492753
A,20,10,125,,10,10,sqrt,16.453450864845585,0.8357821677016497,12.635621544551642,18.67879458358386
A,20,10,125,,10,10,1.0,10.228577461730186,0.8484653526148962,11.364256898368915,17.504595000492753
A,20,10,130,5.0,1,2,sqrt,43.33611559340242,0.7702115856469481,15.450891868210466,20.84555351782107
A,20,10,130,5.0,1,2,1.0,7.7114489340478,0.8577605430140295,10.865390857559023,16.104440464259753
A,20,10,130,5.0,1,10,sqrt,43.35493546112586,0.7700370517606234,15.46081329887114,20.861838809219442
A,20,10,130,5.0,1,10,1.0,7.7114489340478,0.8577605430140295,10.865390857559023,16.104440464259753
A,20,10,130,5.0,5,2,sqrt,26.301449677019445,0.7703722724420152,15.43754740515863,20.795482550599253
A,20,10,130,5.0,5,2,1.0,7.7114489340478,0.8577605430140295,10.865390857559023,16.104440464259753
A,20,10,130,5.0,5,10,sqrt,26.301449677019445,0.7703722724420152,15.43754740515863,20.795482550599253
A,20,10,130,5.0,5,10,1.0,7.7114489340478,0.8577605430140295,10.865390857559023,16.104440464259753
A,20,10,130,5.0,10,2,sqrt,26.323037906827512,0.7699440620601588,15.421302432460084,20.797740157118252
A,20,10,130,5.0,10,2,1.0,7.7114489340478,0.8577605430140295,10.865390857559023,16.104440464259753
A,20,10,130,5.0,10,10,sqrt,26.323037906827512,0.7699440620601588,15.421302432460084,20.797740157118252
A,20,10,130,5.0,10,10,1.0,7.7114489340478,0.8577605430140295,10.865390857559023,16.104440464259753
A,20,10,130,10.0,1,2,sqrt,33.3207861939713,0.8384077320911094,12.270385254430874,18.105729064090752
A,20,10,130,10.0,1,2,1.0,11.280132976443678,0.8571323371242743,10.636468805891132,17.030143949770235
A,20,10,130,10.0,1,10,sqrt,13.002680679858235,0.8434882060711615,11.853227806034218,17.844211045580067
A,20,10,130,10.0,1,10,1.0,10.896495752511974,0.8582867693110362,10.591088033701345,16.935830062803962
A,20,10,130,10.0,5,2,sqrt,12.203450068210838,0.8465614133721685,11.710628871816487,17.68035029940419
A,20,10,130,10.0,5,2,1.0,10.250727132800009,0.8590684083043971,10.539081083527611,16.76904146117215
A,20,10,130,10.0,5,10,sqrt,12.203450068210838,0.8465614133721685,11.710628871816487,17.68035029940419
A,20,10,130,10.0,5,10,1.0,10.250727132800009,0.8590684083043971,10.539081083527611,16.76904146117215
A,20,10,130,10.0,10,2,sqrt,14.229018913326911,0.8492162419781746,11.60553610476498,17.47234135387496
A,20,10,130,10.0,10,2,1.0,9.428859811242917,0.8594714279804403,10.590268258888074,16.707300592591118
A,20,10,130,10.0,10,10,sqrt,14.229018913326911,0.8492162419781746,11.60553610476498,17.47234135387496
A,20,10,130,10.0,10,10,1.0,9.428859811242917,0.8594714279804403,10.590268258888074,16.707300592591118
A,20,10,130,,1,2,sqrt,37.90187730898183,0.8076610273174154,13.92153808823673,21.63606825653944
A,20,10,130,,1,2,1.0,19.46766538143507,0.8202796450537306,12.711402987308825,20.264733951919023
A,20,10,130,,1,10,sqrt,44.84280962998545,0.813863149746982,13.412757970520847,20.724015820488848
A,20,10,130,,1,10,1.0,16.048221535410526,0.8294186925445318,12.174850842645146,19.400067172552166
A,20,10,130,,5,2,sqrt,29.30839939056664,0.8252888916982857,12.82725437234381,19.74916336437891
A,20,10,130,,5,2,1.0,13.590646572701411,0.837496359527609,11.610063939691086,18.482118963596086
A,20,10,130,,5,10,sqrt,29.30839939056664,0.8252888916982857,12.82725437234381,19.74916336437891
A,20,10,130,,5,10,1.0,13.590646572701411,0.837496359527609,11.610063939691086,18.482118963596086
A,20,10,130,,10,2,sqrt,29.164205874567806,0.8300158538748004,12.516024332863186,19.13855495807876
A,20,10,130,,10,2,1.0,11.362237788252003,0.8453968475456752,11.142781244260144,17.610680359873733
A,20,10,130,,10,10,sqrt,29.164205874567806,0.8300158538748004,12.516024332863186,19.13855495807876
A,20,10,130,,10,10,1.0,11.362237788252003,0.8453968475456752,11.142781244260144,17.610680359873733
A,20,15,115,5.0,1,2,sqrt,14.529923058530594,0.7719872651858651,13.666391726737947,17.80345794876853
A,20,15,115,5.0,1,2,1.0,4.120380938682478,0.8757522993697627,9.35140225380518,13.61090055186349
A,20,15,115,5.0,1,10,sqrt,15.2971929895437,0.7556891365513387,13.980947284237914,18.227481192599974
A,20,15,115,5.0,1,10,1.0,4.120380938682478,0.8757522993697627,9.35140225380518,13.61090055186349
A,20,15,115,5.0,5,2,sqrt,14.956924731062056,0.7518964811925871,14.072770331319896,18.299252614796707
A,20,15,115,5.0,5,2,1.0,4.120380938682478,0.8757522993697627,9.35140225380518,13.61090055186349
A,20,15,115,5.0,5,10,sqrt,14.956924731062056,0.7518964811925871,14.072770331319896,18.299252614796707
A,20,15,115,5.0,5,10,1.0,4.120380938682478,0.8757522993697627,9.35140225380518,13.61090055186349
A,20,15,115,5.0,10,2,sqrt,14.406196279498994,0.7544339537549019,13.866976007252958,18.02764158556523
A,20,15,115,5.0,10,2,1.0,4.120682726517581,0.8757522993697627,9.351593308694376,13.61156602173025
A,20,15,115,5.0,10,10,sqrt,14.406196279498994,0.7544339537549019,13.866976007252958,18.02764158556523
A,20,15,115,5.0,10,10,1.0,4.120682726517581,0.8757522993697627,9.351593308694376,13.61156602173025
A,20,15,115,10.0,1,2,sqrt,11.32036101311914,0.8327186598282662,11.47636031535092,16.425714933048944
A,20,15,115,10.0,1,2,1.0,6.379107483953843,0.8703357270103215,9.221209226586783,14.718861800875024
A,20,15,115,10.0,1,10,sqrt,10.18211167815766,0.8303992111169345,11.614222943253163,16.72497018449372
A,20,15,115,10.0,1,10,1.0,6.268686359694394,0.8721644523660265,9.207024635702712,14.647082770607861
A,20,15,115,10.0,5,2,sqrt,8.147926481877727,0.8319521186679253,11.324614438884058,16.27083786699233
A,20,15,115,10.0,5,2,1.0,5.993296043797218,0.8731964643019857,9.158332163033416,14.570398139929305
A,20,15,115,10.0,5,10,sqrt,8.147926481877727,0.8319521186679253,11.324614438884058,16.27083786699233
A,20,15,115,10.0,5,10,1.0,5.993296043797218,0.8731964643019857,9.158332163033416,14.570398139929305
A,20,15,115,10.0,10,2,sqrt,9.815307603223049,0.8330981654877094,11.543704291230869,16.534919688332543
A,20,15,115,10.0,10,2,1.0,5.703629402315375,0.8759580813455587,9.05654814509666,14.381504817434646
A,20,15,115,10.0,10,10,sqrt,9.815307603223049,0.8330981654877094,11.543704291230869,16.534919688332543
A,20,15,115,10.0,10,10,1.0,5.703629402315375,0.8759580813455587,9.05654814509666,14.381504817434646
A,20,15,115,,1,2,sqrt,13.629064440853838,0.815583334671139,11.62674304721799,18.7770709510009
A,20,15,115,,1,2,1.0,11.024027287395066,0.8308072739364857,10.337476780966279,17.3209710868157
A,20,15,115,,1,10,sqrt,12.014281595284867,0.8189291799831852,11.697419862644082,18.36957702404945
A,20,15,115,,1,10,1.0,9.559548247278268,0.8417713128980393,10.08243957994189,16.69539070067638
A,20,15,115,,5,2,sqrt,9.342667331240612,0.8327855566274389,11.125939529413946,17.309814583985695
A,20,15,115,,5,2,1.0,8.359538720853163,0.8480340551908269,9.693629783488465,15.953869953465276
A,20,15,115,,5,10,sqrt,9.342667331240612,0.8327855566274389,11.125939529413946,17.309814583985695
A,20,15,115,,5,10,1.0,8.359538720853163,0.8480340551908269,9.693629783488465,15.953869953465276
A,20,15,115,,10,2,sqrt,8.522225665596043,0.8403791682972945,10.743528726407064,16.32482321236364
A,20,15,115,,10,2,1.0,6.604396731462873,0.8605734232520863,9.324378607427134,15.158094021349104
A,20,15,115,,10,10,sqrt,8.522225665596043,0.8403791682972945,10.743528726407064,16.32482321236364
A,20,15,115,,10,10,1.0,6.604396731462873,0.8605734232520863,9.324378607427134,15.158094021349104
A,20,15,120,5.0,1,2,sqrt,18.532307898958493,0.7561128847623573,15.01939033290078,19.333500480835134
A,20,15,120,5.0,1,2,1.0,5.068406818235838,0.8669970873460086,10.406496017913849,14.691745327128638
A,20,15,120,5.0,1,10,sqrt,19.545966905824038,0.7541889146353009,15.028325142037534,19.317706915313188
A,20,15,120,5.0,1,10,1.0,5.068406818235838,0.8669970873460086,10.406496017913849,14.691745327128638
A,20,15,120,5.0,5,2,sqrt,19.065695803716643,0.7503440842737275,15.118013593514041,19.38619175243958
A,20,15,120,5.0,5,2,1.0,5.068406818235838,0.8669970873460086,10.406496017913849,14.691745327128638
A,20,15,120,5.0,5,10,sqrt,19.065695803716643,0.7503440842737275,15.118013593514041,19.38619175243958
A,20,15,120,5.0,5,10,1.0,5.068406818235838,0.8669970873460086,10.406496017913849,14.691745327128638
A,20,15,120,5.0,10,2,sqrt,19.929002449265635,0.7475370586872082,15.541487204315672,19.915426772161748
A,20,15,120,5.0,10,2,1.0,5.068406818235838,0.8669970873460086,10.406496017913849,14.691745327128638
A,20,15,120,5.0,10,10,sqrt,19.929002449265635,0.7475370586872082,15.541487204315672,19.915426772161748
A,20,15,120,5.0,10,10,1.0,5.068406818235838,0.8669970873460086,10.406496017913849,14.691745327128638
A,20,15,120,10.0,1,2,sqrt,11.346649970190862,0.831056142974588,12.250946954766524,17.294150827990876
A,20,15,120,10.0,1,2,1.0,8.508468326146147,0.8653237839528132,10.213653400288441,15.93438945188043
A,20,15,120,10.0,1,10,sqrt,12.389214231371954,0.8272839256246417,12.846580150784087,17.835465671890226
A,20,15,120,10.0,1,10,1.0,7.806941078516556,0.8668261893622924,10.16540382206095,15.792106070412737
A,20,15,120,10.0,5,2,sqrt,10.30836072534193,0.8264429502685584,12.65962627857186,17.675979249233624
A,20,15,120,10.0,5,2,1.0,6.828133933998825,0.868388175479034,10.033701697845526,15.515140333483206
A,20,15,120,10.0,5,10,sqrt,10.30836072534193,0.8264429502685584,12.65962627857186,17.675979249233624
A,20,15,120,10.0,5,10,1.0,6.828133933998825,0.868388175479034,10.033701697845526,15.515140333483206
A,20,15,120,10.0,10,2,sqrt,12.653976872920154,0.8188711895475951,13.043048568173315,17.992671179344534
A,20,15,120,10.0,10,2,1.0,6.640108775460227,0.8697182082735623,10.027633865239565,15.478738415247781
A,20,15,120,10.0,10,10,sqrt,12.653976872920154,0.8188711895475951,13.043048568173315,17.992671179344534
A,20,15,120,10.0,10,10,1.0,6.640108775460227,0.8697182082735623,10.027633865239565,15.478738415247781
A,20,15,120,,1,2,sqrt,22.91813388251637,0.8061409697398269,13.449264054001073,21.02963251016147
A,20,15,120,,1,2,1.0,14.426425511146778,0.8273455205138381,11.378660986578055,18.704722731359603
A,20,15,120,,1,10,sqrt,17.576847195555295,0.811954050492395,13.340924450597026,20.234075075411447
A,20,15,120,,1,10,1.0,12.489437754229245,0.8345118472510409,11.140631263614024,18.078215625482652
A,20,15,120,,5,2,sqrt,16.27654598773218,0.820241692154158,12.576332651249292,19.159227229610813
A,20,15,120,,5,2,1.0,10.014171337475757,0.8440047691356772,10.788941107700385,17.327505696370274
A,20,15,120,,5,10,sqrt,16.27654598773218,0.820241692154158,12.576332651249292,19.159227229610813
A,20,15,120,,5,10,1.0,10.014171337475757,0.8440047691356772,10.788941107700385,17.327505696370274
A,20,15,120,,10,2,sqrt,13.528964218779242,0.8275273678219367,12.513227865388666,18.529035446321217
A,20,15,120,,10,2,1.0,8.049162344902754,0.8530820563306154,10.506399382651173,16.52346386571046
A,20,15,120,,10,10,sqrt,13.528964218779242,0.8275273678219367,12.513227865388666,18.529035446321217
A,20,15,120,,10,10,1.0,8.049162344902754,0.8530820563306154,10.506399382651173,16.52346386571046
A,20,15,125,5.0,1,2,sqrt,24.366034330252734,0.7495880946860146,16.35587714327165,20.789701193928103
A,20,15,125,5.0,1,2,1.0,6.4209198213793,0.856894729960711,11.560131735330206,15.955772408657094
A,20,15,125,5.0,1,10,sqrt,25.734630096819494,0.7503328077802974,16.3569677118223,20.766085062696863
A,20,15,125,5.0,1,10,1.0,6.4209198213793,0.856894729960711,11.560131735330206,15.955772408657094
A,20,15,125,5.0,5,2,sqrt,23.948031715205108,0.743694942277356,16.418109007908804,20.77039997350626
A,20,15,125,5.0,5,2,1.0,6.4209198213793,0.856894729960711,11.560131735330206,15.955772408657094
A,20,15,125,5.0,5,10,sqrt,23.948031715205108,0.743694942277356,16.418109007908804,20.77039997350626
A,20,15,125,5.0,5,10,1.0,6.4209198213793,0.856894729960711,11.560131735330206,15.955772408657094
A,20,15,125,5.0,10,2,sqrt,24.087827226007498,0.7432329840601943,16.626371077436477,20.97447583243675
A,20,15,125,5.0,10,2,1.0,6.4209198213793,0.856894729960711,11.560131735330206,15.955772408657094
A,20,15,125,5.0,10,10,sqrt,24.087827226007498,0.7432329840601943,16.626371077436477,20.97447583243675
A,20,15,125,5.0,10,10,1.0,6.4209198213793,0.856894729960711,11.560131735330206,15.955772408657094
A,20,15,125,10.0,1,2,sqrt,28.651045003034437,0.8230098851240193,13.6164636705135,18.984964532448252
A,20,15,125,10.0,1,2,1.0,11.085381148394188,0.8559991129707694,11.362579274962865,17.202436774095723
A,20,15,125,10.0,1,10,sqrt,28.887627745071256,0.8198727461682491,13.730429765227356,18.8873479435071
A,20,15,125,10.0,1,10,1.0,9.57896219130286,0.8572796306604978,11.340656479239758,17.079455975702157
A,20,15,125,10.0,5,2,sqrt,17.00093041517773,0.8159191552885184,14.241169789294498,19.35768421201167
A,20,15,125,10.0,5,2,1.0,8.785264449664954,0.8588033822381421,11.226180163782221,16.806667022177457
A,20,15,125,10.0,5,10,sqrt,17.00093041517773,0.8159191552885184,14.241169789294498,19.35768421201167
A,20,15,125,10.0,5,10,1.0,8.785264449664954,0.8588033822381421,11.226180163782221,16.806667022177457
A,20,15,125,10.0,10,2,sqrt,16.383216825346885,0.8120613917634764,14.317808547700361,19.44712160989725
A,20,15,125,10.0,10,2,1.0,8.158242363900888,0.8610915531317062,11.136465213084787,16.630836129834865
A,20,15,125,10.0,10,10,sqrt,16.383216825346885,0.8120613917634764,14.317808547700361,19.44712160989725
A,20,15,125,10.0,10,10,1.0,8.158242363900888,0.8610915531317062,11.136465213084787,16.630836129834865
A,20,15,125,,1,2,sqrt,53.36102335962711,0.7969939746564701,14.82656470775953,22.696948154563206
A,20,15,125,,1,2,1.0,19.470357033324383,0.8223492983068208,12.72957531336344,20.262961183711347
A,20,15,125,,1,10,sqrt,26.61766211283279,0.8050331232224653,14.293430127978832,21.508603358803033
A,20,15,125,,1,10,1.0,16.244226395418732,0.8274558564054868,12.50351711086132,19.61541278495876
A,20,15,125,,5,2,sqrt,19.115857916147753,0.8157658330695134,13.694708104837147,20.342205179647856
A,20,15,125,,5,2,1.0,13.742925112270097,0.8343185258683097,12.092128473890018,18.838867500335105
A,20,15,125,,5,10,sqrt,19.115857916147753,0.8157658330695134,13.694708104837147,20.342205179647856
A,20,15,125,,5,10,1.0,13.742925112270097,0.8343185258683097,12.092128473890018,18.838867500335105
A,20,15,125,,10,2,sqrt,15.059633525481175,0.8262383949463837,13.141232230376314,19.10905469200116
A,20,15,125,,10,2,1.0,10.778153592210964,0.8452957265543593,11.511422179773351,17.71449553235755
A,20,15,125,,10,10,sqrt,15.059633525481175,0.8262383949463837,13.141232230376314,19.10905469200116
A,20,15,125,,10,10,1.0,10.778153592210964,0.8452957265543593,11.511422179773351,17.71449553235755
A,20,15,130,5.0,1,2,sqrt,30.049229344013156,0.7505346699059973,15.751953102421462,20.91997251133867
A,20,15,130,5.0,1,2,1.0,7.7114489340478,0.8577605430140295,10.865390857559023,16.104440464259753
A,20,15,130,5.0,1,10,sqrt,32.28003115746414,0.7520485972164622,15.708278397748288,20.85913718261842
A,20,15,130,5.0,1,10,1.0,7.7114489340478,0.8577605430140295,10.865390857559023,16.104440464259753
A,20,15,130,5.0,5,2,sqrt,29.495090431392157,0.7482936155140888,15.782325872651478,20.866344136217656
A,20,15,130,5.0,5,2,1.0,7.7114489340478,0.8577605430140295,10.865390857559023,16.104440464259753
A,20,15,130,5.0,5,10,sqrt,29.495090431392157,0.7482936155140888,15.782325872651478,20.866344136217656
A,20,15,130,5.0,5,10,1.0,7.7114489340478,0.8577605430140295,10.865390857559023,16.104440464259753
A,20,15,130,5.0,10,2,sqrt,29.870385121089477,0.7457356519180072,16.12070173700763,21.215025636815092
A,20,15,130,5.0,10,2,1.0,7.7114489340478,0.8577605430140295,10.865390857559023,16.104440464259753
A,20,15,130,5.0,10,10,sqrt,29.870385121089477,0.7457356519180072,16.12070173700763,21.215025636815092
A,20,15,130,5.0,10,10,1.0,7.7114489340478,0.8577605430140295,10.865390857559023,16.104440464259753
A,20,15,130,10.0,1,2,sqrt,17.849800639744227,0.8246578570997919,12.937471416136892,19.056029541895633
A,20,15,130,10.0,1,2,1.0,12.514554307737871,0.8549698714550636,10.825285301749352,17.33192161059432
A,20,15,130,10.0,1,10,sqrt,21.147779540193657,0.8260754044940406,12.900548173142022,18.988011321212745
A,20,15,130,10.0,1,10,1.0,11.857232352629287,0.8558276794813715,10.799003654499762,17.27357163531156
A,20,15,130,10.0,5,2,sqrt,17.843120426360343,0.8196195435904322,13.567515812561728,19.630401651017756
A,20,15,130,10.0,5,2,1.0,10.593517374673318,0.8571656563834239,10.724477195033751,17.020066607685987
A,20,15,130,10.0,5,10,sqrt,17.843120426360343,0.8196195435904322,13.567515812561728,19.630401651017756
A,20,15,130,10.0,5,10,1.0,10.593517374673318,0.8571656563834239,10.724477195033751,17.020066607685987
A,20,15,130,10.0,10,2,sqrt,15.278230531850593,0.8288853023717764,12.99125823222607,18.783350428672538
A,20,15,130,10.0,10,2,1.0,9.757198405738945,0.8587535458175264,10.666931337208236,16.83674061289915
A,20,15,130,10.0,10,10,sqrt,15.278230531850593,0.8288853023717764,12.99125823222607,18.783350428672538
A,20,15,130,10.0,10,10,1.0,9.757198405738945,0.8587535458175264,10.666931337208236,16.83674061289915
A,20,15,130,,1,2,sqrt,33.94177666264086,0.7964404669165388,14.87677149411789,22.785794190031375
A,20,15,130,,1,2,1.0,21.50942792964795,0.8193972418673381,12.7931048916036,20.396713774654593
A,20,15,130,,1,10,sqrt,25.1772982234697,0.8063060681247312,14.133436584770044,21.44552778685729
A,20,15,130,,1,10,1.0,17.362862672880677,0.8262289784767619,12.373542932493583,19.66320622637173
A,20,15,130,,5,2,sqrt,19.818762624154996,0.8137759140698062,13.519494791115127,20.31475701953025
A,20,15,130,,5,2,1.0,14.673671474928629,0.8319468481685766,11.930177899904056,18.867638853318528
A,20,15,130,,5,10,sqrt,19.818762624154996,0.8137759140698062,13.519494791115127,20.31475701953025
A,20,15,130,,5,10,1.0,14.673671474928629,0.8319468481685766,11.930177899904056,18.867638853318528
A,20,15,130,,10,2,sqrt,18.669377212883813,0.8267853038695863,12.95056529185691,19.36595217295483
A,20,15,130,,10,2,1.0,12.243641079616548,0.8425467891935183,11.314791808359265,17.837205379485432
A,20,15,130,,10,10,sqrt,18.669377212883813,0.8267853038695863,12.95056529185691,19.36595217295483
A,20,15,130,,10,10,1.0,12.243641079616548,0.8425467891935183,11.314791808359265,17.837205379485432
A,20,20,115,5.0,1,2,sqrt,11.272193645380076,0.7786746217490462,13.75410849013663,18.216022721916097
A,20,20,115,5.0,1,2,1.0,4.120380938682478,0.8757522993697627,9.35140225380518,13.61090055186349
A,20,20,115,5.0,1,10,sqrt,11.94798036556772,0.7803174737038594,13.943666308390473,18.44548924868237
A,20,20,115,5.0,1,10,1.0,4.120380938682478,0.8757522993697627,9.35140225380518,13.61090055186349
A,20,20,115,5.0,5,2,sqrt,12.203464602426532,0.7771645554504161,13.95468147510157,18.43106614980207
A,20,20,115,5.0,5,2,1.0,4.120380938682478,0.8757522993697627,9.35140225380518,13.61090055186349
A,20,20,115,5.0,5,10,sqrt,12.203464602426532,0.7771645554504161,13.95468147510157,18.43106614980207
A,20,20,115,5.0,5,10,1.0,4.120380938682478,0.8757522993697627,9.35140225380518,13.61090055186349
A,20,20,115,5.0,10,2,sqrt,10.608853244125594,0.7906922506526033,13.463297486680585,17.828505831143854
A,20,20,115,5.0,10,2,1.0,4.120682726517581,0.8757522993697627,9.351593308694376,13.61156602173025
A,20,20,115,5.0,10,10,sqrt,10.608853244125594,0.7906922506526033,13.463297486680585,17.828505831143854
A,20,20,115,5.0,10,10,1.0,4.120682726517581,0.8757522993697627,9.351593308694376,13.61156602173025
A,20,20,115,10.0,1,2,sqrt,64.55313111988205,0.8143629194728451,12.776502524660154,18.318495892644034
A,20,20,115,10.0,1,2,1.0,6.68866732779455,0.8694166690121197,9.218761268148933,14.768093303761338
A,20,20,115,10.0,1,10,sqrt,18.40524940768061,0.8101935430030613,12.793719990498753,18.107945093548302
A,20,20,115,10.0,1,10,1.0,6.778618452174018,0.8701752339922212,9.236750765027795,14.75926360062183
A,20,20,115,10.0,5,2,sqrt,13.818535256420637,0.8214671695163869,12.296703262858058,17.65356491783562
A,20,20,115,10.0,5,2,1.0,6.189384477991123,0.8731986905796137,9.145035604691884,14.542513984434237
A,20,20,115,10.0,5,10,sqrt,13.818535256420637,0.8214671695163869,12.296703262858058,17.65356491783562
A,20,20,115,10.0,5,10,1.0,6.189384477991123,0.8731986905796137,9.145035604691884,14.542513984434237
A,20,20,115,10.0,10,2,sqrt,31.210653144468786,0.8127706541912927,13.399252016087612,18.70027549944992
A,20,20,115,10.0,10,2,1.0,5.6535939823812384,0.8753986240584595,9.112338985825241,14.445741108438398
A,20,20,115,10.0,10,10,sqrt,31.210653144468786,0.8127706541912927,13.399252016087612,18.70027549944992
A,20,20,115,10.0,10,10,1.0,5.6535939823812384,0.8753986240584595,9.112338985825241,14.445741108438398
A,20,20,115,,1,2,sqrt,38.771046255294856,0.8047677539539373,12.689957134275545,20.3713093061587
A,20,20,115,,1,2,1.0,10.420894226338763,0.8337512823612009,10.213552844960436,17.16583039424443
A,20,20,115,,1,10,sqrt,32.11463675284827,0.8043178341239917,13.080087115029603,20.631443137536525
A,20,20,115,,1,10,1.0,9.666928887588474,0.8409311295488034,10.026563839404387,16.614883374937694
A,20,20,115,,5,2,sqrt,13.460345858775668,0.8324823272655928,11.399123750901126,17.83718348261238
A,20,20,115,,5,2,1.0,8.14705392290128,0.8484633778647129,9.646170150109317,15.85144095395577
A,20,20,115,,5,10,sqrt,13.460345858775668,0.8324823272655928,11.399123750901126,17.83718348261238
A,20,20,115,,5,10,1.0,8.14705392290128,0.8484633778647129,9.646170150109317,15.85144095395577
A,20,20,115,,10,2,sqrt,38.373041311829965,0.8211149538502841,12.464488612857254,19.094659532233
A,20,20,115,,10,2,1.0,6.9351186343103866,0.858592013860455,9.44603234809705,15.352216506457571
A,20,20,115,,10,10,sqrt,38.373041311829965,0.8211149538502841,12.464488612857254,19.094659532233
A,20,20,115,,10,10,1.0,6.9351186343103866,0.858592013860455,9.44603234809705,15.352216506457571
A,20,20,120,5.0,1,2,sqrt,44.181128613813826,0.7499651393648205,16.538782841212573,21.205872860942648
A,20,20,120,5.0,1,2,1.0,5.068406818235838,0.8669970873460086,10.406496017913849,14.691745327128638
A,20,20,120,5.0,1,10,sqrt,14.104897207343587,0.777878929269786,14.765507959450778,19.194833130314173
A,20,20,120,5.0,1,10,1.0,5.068406818235838,0.8669970873460086,10.406496017913849,14.691745327128638
A,20,20,120,5.0,5,2,sqrt,14.28334495586478,0.772964367280295,14.944707768663045,19.35519042654331
A,20,20,120,5.0,5,2,1.0,5.068406818235838,0.8669970873460086,10.406496017913849,14.691745327128638
A,20,20,120,5.0,5,10,sqrt,14.28334495586478,0.772964367280295,14.944707768663045,19.35519042654331
A,20,20,120,5.0,5,10,1.0,5.068406818235838,0.8669970873460086,10.406496017913849,14.691745327128638
A,20,20,120,5.0,10,2,sqrt,21.76836524699213,0.7698868848348477,15.588874260636619,20.194969209713417
A,20,20,120,5.0,10,2,1.0,5.068406818235838,0.8669970873460086,10.406496017913849,14.691745327128638
A,20,20,120,5.0,10,10,sqrt,21.76836524699213,0.7698868848348477,15.588874260636619,20.194969209713417
A,20,20,120,5.0,10,10,1.0,5.068406818235838,0.8669970873460086,10.406496017913849,14.691745327128638
A,20,20,120,10.0,1,2,sqrt,30.670729550992853,0.8210134526790478,13.367077844533394,19.01530819393772
A,20,20,120,10.0,1,2,1.0,9.961197579920585,0.8635866545431548,10.345999592804477,16.20904135774683
A,20,20,120,10.0,1,10,sqrt,27.423055934588984,0.808511970170378,14.15361230677683,19.753187527427244
A,20,20,120,10.0,1,10,1.0,8.924633685211617,0.8654974052576436,10.260007205333334,16.025564107496958
A,20,20,120,10.0,5,2,sqrt,39.18158319203825,0.8047164979169537,14.166578420443987,19.583747404193353
A,20,20,120,10.0,5,2,1.0,8.004846994540781,0.8672018151812072,10.195703341550027,15.812831688916285
A,20,20,120,10.0,5,10,sqrt,39.18158319203825,0.8047164979169537,14.166578420443987,19.583747404193353
A,20,20,120,10.0,5,10,1.0,8.004846994540781,0.8672018151812072,10.195703341550027,15.812831688916285
A,20,20,120,10.0,10,2,sqrt,32.95083938585273,0.7978461285749188,14.998738556844728,20.542955250612458
A,20,20,120,10.0,10,2,1.0,6.9285370918026725,0.8693574858511928,10.116821906386527,15.633261218115129
A,20,20,120,10.0,10,10,sqrt,32.95083938585273,0.7978461285749188,14.998738556844728,20.542955250612458
A,20,20,120,10.0,10,10,1.0,6.9285370918026725,0.8693574858511928,10.116821906386527,15.633261218115129
A,20,20,120,,1,2,sqrt,47.57638912015305,0.7983785579894722,14.119563461879661,22.05374367967006
A,20,20,120,,1,2,1.0,14.645040638874036,0.8277062289371372,11.489103321699256,18.735026164508103
A,20,20,120,,1,10,sqrt,26.704217035886423,0.8036586941298737,13.936138830516871,21.284894554639003
A,20,20,120,,1,10,1.0,12.672682632335201,0.8351488301990079,11.280823029561986,18.155900372342767
A,20,20,120,,5,2,sqrt,19.72710651014342,0.8237813189882811,12.988508951010775,19.715657194279164
A,20,20,120,,5,2,1.0,10.649982413830264,0.8420290475849288,10.894894408222074,17.46289427320358
A,20,20,120,,5,10,sqrt,19.72710651014342,0.8237813189882811,12.988508951010775,19.715657194279164
A,20,20,120,,5,10,1.0,10.649982413830264,0.8420290475849288,10.894894408222074,17.46289427320358
A,20,20,120,,10,2,sqrt,33.18422583014707,0.8213298485525223,13.051237163573067,19.504317368763964
A,20,20,120,,10,2,1.0,8.531026592717287,0.8513131894782069,10.515496553313007,16.656194475320877
A,20,20,120,,10,10,sqrt,33.18422583014707,0.8213298485525223,13.051237163573067,19.504317368763964
A,20,20,120,,10,10,1.0,8.531026592717287,0.8513131894782069,10.515496553313007,16.656194475320877
A,20,20,125,5.0,1,2,sqrt,25.221421832877724,0.76930397959022,16.137784064453832,20.58097702339464
A,20,20,125,5.0,1,2,1.0,6.4209198213793,0.856894729960711,11.560131735330206,15.955772408657094
A,20,20,125,5.0,1,10,sqrt,25.221421832877724,0.76930397959022,16.137784064453832,20.58097702339464
A,20,20,125,5.0,1,10,1.0,6.4209198213793,0.856894729960711,11.560131735330206,15.955772408657094
A,20,20,125,5.0,5,2,sqrt,18.44916455000534,0.7708784416728061,16.017879892674905,20.515678067171457
A,20,20,125,5.0,5,2,1.0,6.4209198213793,0.856894729960711,11.560131735330206,15.955772408657094
A,20,20,125,5.0,5,10,sqrt,18.44916455000534,0.7708784416728061,16.017879892674905,20.515678067171457
A,20,20,125,5.0,5,10,1.0,6.4209198213793,0.856894729960711,11.560131735330206,15.955772408657094
A,20,20,125,5.0,10,2,sqrt,28.47815219400515,0.7638474295667919,16.867556402961746,21.50778925709082
A,20,20,125,5.0,10,2,1.0,6.4209198213793,0.856894729960711,11.560131735330206,15.955772408657094
A,20,20,125,5.0,10,10,sqrt,28.47815219400515,0.7638474295667919,16.867556402961746,21.50778925709082
A,20,20,125,5.0,10,10,1.0,6.4209198213793,0.856894729960711,11.560131735330206,15.955772408657094
A,20,20,125,10.0,1,2,sqrt,33.02417340029297,0.8130528189033301,14.646346266099902,20.3463722872455
A,20,20,125,10.0,1,2,1.0,13.409758290359813,0.8538819775183194,11.488308912450304,17.440648137965
A,20,20,125,10.0,1,10,sqrt,18.81780252783953,0.8125486649402143,14.376841995704726,19.557357802534018
A,20,20,125,10.0,1,10,1.0,11.535939185892063,0.8554399089973606,11.452178336114347,17.30532328956951
A,20,20,125,10.0,5,2,sqrt,27.934172982052672,0.8034865318270249,15.369747254601839,20.875089029269528
A,20,20,125,10.0,5,2,1.0,10.670152865293925,0.8575443604131492,11.283427179586972,16.99458422793929
A,20,20,125,10.0,5,10,sqrt,27.934172982052672,0.8034865318270249,15.369747254601839,20.875089029269528
A,20,20,125,10.0,5,10,1.0,10.670152865293925,0.8575443604131492,11.283427179586972,16.99458422793929
A,20,20,125,10.0,10,2,sqrt,26.491349431935145,0.8089036171912032,14.912691586468949,20.325625020999958
A,20,20,125,10.0,10,2,1.0,8.563195344263516,0.8585271921353603,11.22686875393848,16.807646775407868
A,20,20,125,10.0,10,10,sqrt,26.491349431935145,0.8089036171912032,14.912691586468949,20.325625020999958
A,20,20,125,10.0,10,10,1.0,8.563195344263516,0.8585271921353603,11.22686875393848,16.807646775407868
A,20,20,125,,1,2,sqrt,40.61429222947557,0.801348006230095,14.544008277081494,22.4596103878119
A,20,20,125,,1,2,1.0,20.60118477647173,0.8202870614546462,12.890777276026942,20.429209744655385
A,20,20,125,,1,10,sqrt,53.665219106457656,0.7968824434917523,15.195706917797276,22.800673871598377
A,20,20,125,,1,10,1.0,18.172395699191192,0.8267188005267518,12.668203147156879,19.869437836194294
A,20,20,125,,5,2,sqrt,28.096025556644282,0.8056676408463483,14.568904053552933,21.537054611646745
A,20,20,125,,5,2,1.0,16.116154857645263,0.8332349915488819,12.129057173507608,19.020357499874667
A,20,20,125,,5,10,sqrt,28.096025556644282,0.8056676408463483,14.568904053552933,21.537054611646745
A,20,20,125,,5,10,1.0,16.116154857645263,0.8332349915488819,12.129057173507608,19.020357499874667
A,20,20,125,,10,2,sqrt,36.08070153821357,0.8161393041345718,14.427919909319513,20.797989792926007
A,20,20,125,,10,2,1.0,11.839523642520577,0.8426989433518843,11.677463895535126,17.998785575666986
A,20,20,125,,10,10,sqrt,36.08070153821357,0.8161393041345718,14.427919909319513,20.797989792926007
A,20,20,125,,10,10,1.0,11.839523642520577,0.8426989433518843,11.677463895535126,17.998785575666986
A,20,20,130,5.0,1,2,sqrt,31.060338309973798,0.7699219720977938,15.553951161474089,20.792274452187236
A,20,20,130,5.0,1,2,1.0,7.7114489340478,0.8577605430140295,10.865390857559023,16.104440464259753
A,20,20,130,5.0,1,10,sqrt,31.060338309973798,0.7699219720977938,15.553951161474089,20.792274452187236
A,20,20,130,5.0,1,10,1.0,7.7114489340478,0.8577605430140295,10.865390857559023,16.104440464259753
A,20,20,130,5.0,5,2,sqrt,21.279359434652697,0.7738666715767764,15.229032334715935,20.526033880202004
A,20,20,130,5.0,5,2,1.0,7.7114489340478,0.8577605430140295,10.865390857559023,16.104440464259753
A,20,20,130,5.0,5,10,sqrt,21.279359434652697,0.7738666715767764,15.229032334715935,20.526033880202004
A,20,20,130,5.0,5,10,1.0,7.7114489340478,0.8577605430140295,10.865390857559023,16.104440464259753
A,20,20,130,5.0,10,2,sqrt,26.334479226903568,0.7813504107485099,15.534500553471393,21.022213225784217
A,20,20,130,5.0,10,2,1.0,7.7114489340478,0.8577605430140295,10.865390857559023,16.104440464259753
A,20,20,130,5.0,10,10,sqrt,26.334479226903568,0.7813504107485099,15.534500553471393,21.022213225784217
A,20,20,130,5.0,10,10,1.0,7.7114489340478,0.8577605430140295,10.865390857559023,16.104440464259753
A,20,20,130,10.0,1,2,sqrt,70.565902823288,0.8218557822576391,13.36524677057453,19.715511242390214
A,20,20,130,10.0,1,2,1.0,14.894494923227398,0.8510102973782644,10.99863286218917,17.637411683936115
A,20,20,130,10.0,1,10,sqrt,65.76788218127817,0.8013633444385615,14.746489828778726,21.2099200343998
A,20,20,130,10.0,1,10,1.0,14.150276635412553,0.8527317653265489,10.959689430613558,17.561157224275963
A,20,20,130,10.0,5,2,sqrt,28.041527634669954,0.814603702371441,14.114864642433616,20.512523982033798
A,20,20,130,10.0,5,2,1.0,12.197333748567885,0.854714151708232,10.832595694210815,17.238337901488993
A,20,20,130,10.0,5,10,sqrt,28.041527634669954,0.814603702371441,14.114864642433616,20.512523982033798
A,20,20,130,10.0,5,10,1.0,12.197333748567885,0.854714151708232,10.832595694210815,17.238337901488993
A,20,20,130,10.0,10,2,sqrt,46.928664622877534,0.8013951071034772,14.773209118072383,21.168590169356488
A,20,20,130,10.0,10,2,1.0,10.477959582160803,0.8562140089755319,10.775494082960263,17.04708497087537
A,20,20,130,10.0,10,10,sqrt,46.928664622877534,0.8013951071034772,14.773209118072383,21.168590169356488
A,20,20,130,10.0,10,10,1.0,10.477959582160803,0.8562140089755319,10.775494082960263,17.04708497087537
A,20,20,130,,1,2,sqrt,113.68835695588007,0.7942983625376057,15.270325749571828,23.483935556165054
A,20,20,130,,1,2,1.0,20.099300606986674,0.818044983164514,12.827002283920459,20.396335490607004
A,20,20,130,,1,10,sqrt,73.7129699881525,0.8053599774623444,14.602990488291923,22.364267749873754
A,20,20,130,,1,10,1.0,19.19084612630999,0.8228652635780488,12.514277374791206,19.854285299921223
A,20,20,130,,5,2,sqrt,38.31677389735614,0.8103002220726155,14.211599827335807,21.64003623120317
A,20,20,130,,5,2,1.0,16.68194352238738,0.829480647512922,12.017435245329626,19.027310832085618
A,20,20,130,,5,10,sqrt,38.31677389735614,0.8103002220726155,14.211599827335807,21.64003623120317
A,20,20,130,,5,10,1.0,16.68194352238738,0.829480647512922,12.017435245329626,19.027310832085618
A,20,20,130,,10,2,sqrt,44.766586668738626,0.8119600089851506,14.121221369493563,21.061235429632443
A,20,20,130,,10,2,1.0,12.583328243592753,0.8399191888493979,11.418020695925456,17.988583809684048
A,20,20,130,,10,10,sqrt,44.766586668738626,0.8119600089851506,14.121221369493563,21.061235429632443
A,20,20,130,,10,10,1.0,12.583328243592753,0.8399191888493979,11.418020695925456,17.988583809684048
A,25,10,115,5.0,1,2,sqrt,11.122986336191456,0.7868734355535213,13.533682793081036,17.89240212475412
A,25,10,115,5.0,1,2,1.0,3.5662244453663505,0.8788675155832995,9.060897159227835,13.062884863388845
A,25,10,115,5.0,1,10,sqrt,10.503094923779972,0.7909941482827173,13.414714921505208,17.798704280445385
A,25,10,115,5.0,1,10,1.0,3.5662244453663505,0.8788675155832995,9.060897159227835,13.062884863388845
A,25,10,115,5.0,5,2,sqrt,10.528453179356145,0.7911271286188584,13.428240242254054,17.815478552604922
A,25,10,115,5.0,5,2,1.0,3.5662244453663505,0.8788675155832995,9.060897159227835,13.062884863388845
A,25,10,115,5.0,5,10,sqrt,10.528453179356145,0.7911271286188584,13.428240242254054,17.815478552604922
A,25,10,115,5.0,5,10,1.0,3.5662244453663505,0.8788675155832995,9.060897159227835,13.062884863388845
A,25,10,115,5.0,10,2,sqrt,11.023668135171205,0.7875387164731242,13.509270368401555,17.853612253066398
A,25,10,115,5.0,10,2,1.0,3.5662244453663505,0.8788675155832995,9.060897159227835,13.062884863388845
A,25,10,115,5.0,10,10,sqrt,11.023668135171205,0.7875387164731242,13.509270368401555,17.853612253066398
A,25,10,115,5.0,10,10,1.0,3.5662244453663505,0.8788675155832995,9.060897159227835,13.062884863388845
A,25,10,115,10.0,1,2,sqrt,17.0116428737938,0.8451001482946918,10.982033535189078,15.78450831243137
A,25,10,115,10.0,1,2,1.0,4.848292025246061,0.8816905932021019,8.452098978796622,13.643003294565156
A,25,10,115,10.0,1,10,sqrt,14.913461106800153,0.8480721144442003,10.471351189871774,15.375799751743688
A,25,10,115,10.0,1,10,1.0,4.544040730111362,0.8840045459508425,8.387287708427149,13.474806393542792
A,25,10,115,10.0,5,2,sqrt,10.187019941324465,0.8497294608442368,10.699970955393585,15.795809643186718
A,25,10,115,10.0,5,2,1.0,4.075421608534728,0.8845309142717497,8.349579976841543,13.355142647616855
A,25,10,115,10.0,5,10,sqrt,10.187019941324465,0.8497294608442368,10.699970955393585,15.795809643186718
A,25,10,115,10.0,5,10,1.0,4.075421608534728,0.8845309142717497,8.349579976841543,13.355142647616855
A,25,10,115,10.0,10,2,sqrt,13.03865902683496,0.8711038757400191,9.53652225400852,14.21710187437771
A,25,10,115,10.0,10,2,1.0,3.7445870377453985,0.8888445543168206,8.210060057970948,13.08688907310324
A,25,10,115,10.0,10,10,sqrt,13.03865902683496,0.8711038757400191,9.53652225400852,14.21710187437771
A,25,10,115,10.0,10,10,1.0,3.7445870377453985,0.8888445543168206,8.210060057970948,13.08688907310324
A,25,10,115,,1,2,sqrt,19.936656769740544,0.8425013482405408,10.243732205460708,16.885505008360532
A,25,10,115,,1,2,1.0,8.060003452448354,0.8488766629862887,9.324095637413452,15.758237174571974
A,25,10,115,,1,10,sqrt,10.255906059817226,0.8554397173768656,9.945477621078274,15.992108861361539
A,25,10,115,,1,10,1.0,6.259550501897678,0.8582666664700721,9.089952952267103,15.124500633960782
A,25,10,115,,5,2,sqrt,24.91663975625792,0.8566058974834083,9.675000084784484,15.518269078173557
A,25,10,115,,5,2,1.0,5.605465518772188,0.8662641078867008,8.795066071949043,14.58429357110551
A,25,10,115,,5,10,sqrt,24.91663975625792,0.8566058974834083,9.675000084784484,15.518269078173557
A,25,10,115,,5,10,1.0,5.605465518772188,0.8662641078867008,8.795066071949043,14.58429357110551
A,25,10,115,,10,2,sqrt,8.418368862719278,0.8674604432616324,9.480309134777391,14.915738638279285
A,25,10,115,,10,2,1.0,4.252725812932617,0.876671391688934,8.38872111857994,13.706678862329644
A,25,10,115,,10,10,sqrt,8.418368862719278,0.8674604432616324,9.480309134777391,14.915738638279285
A,25,10,115,,10,10,1.0,4.252725812932617,0.876671391688934,8.38872111857994,13.706678862329644
A,25,10,120,5.0,1,2,sqrt,13.839100960043954,0.7810105287271344,14.70303528645238,19.08069846722867
A,25,10,120,5.0,1,2,1.0,4.411501969642939,0.8721799637058412,9.948751908687154,14.011236815467635
A,25,10,120,5.0,1,10,sqrt,13.164232955369522,0.7885271653491248,14.562588457212366,19.00820077950176
A,25,10,120,5.0,1,10,1.0,4.411501969642939,0.8721799637058412,9.948751908687154,14.011236815467635
A,25,10,120,5.0,5,2,sqrt,13.187980022131914,0.7886175037457044,14.575111773274813,19.023891545769224
A,25,10,120,5.0,5,2,1.0,4.411501969642939,0.8721799637058412,9.948751908687154,14.011236815467635
A,25,10,120,5.0,5,10,sqrt,13.187980022131914,0.7886175037457044,14.575111773274813,19.023891545769224
A,25,10,120,5.0,5,10,1.0,4.411501969642939,0.8721799637058412,9.948751908687154,14.011236815467635
A,25,10,120,5.0,10,2,sqrt,13.70074010556346,0.7817102665084567,14.67815612209622,19.039796354903437
A,25,10,120,5.0,10,2,1.0,4.411501969642939,0.8721799637058412,9.948751908687154,14.011236815467635
A,25,10,120,5.0,10,10,sqrt,13.70074010556346,0.7817102665084567,14.67815612209622,19.039796354903437
A,25,10,120,5.0,10,10,1.0,4.411501969642939,0.8721799637058412,9.948751908687154,14.011236815467635
A,25,10,120,10.0,1,2,sqrt,22.963299189434032,0.8471398283018836,11.349914322011482,16.315898486981578
A,25,10,120,10.0,1,2,1.0,7.348663386024496,0.8749899603705533,9.480040992335987,14.78853792743466
A,25,10,120,10.0,1,10,sqrt,8.639656186521787,0.8569617286389913,11.079890990041022,15.906472399434843
A,25,10,120,10.0,1,10,1.0,6.670577427499401,0.8765448231131755,9.45217646280187,14.70280694194895
A,25,10,120,10.0,5,2,sqrt,11.20142015732481,0.8427340202089427,11.536807436052722,16.52203952434349
A,25,10,120,10.0,5,2,1.0,5.214418337906755,0.8788521232458448,9.301533557862646,14.379123157509008
A,25,10,120,10.0,5,10,sqrt,11.20142015732481,0.8427340202089427,11.536807436052722,16.52203952434349
A,25,10,120,10.0,5,10,1.0,5.214418337906755,0.8788521232458448,9.301533557862646,14.379123157509008
A,25,10,120,10.0,10,2,sqrt,11.572547669931575,0.8517569230595813,11.30759477773748,16.266352465841315
A,25,10,120,10.0,10,2,1.0,4.954566778974851,0.8788326531963835,9.279551973657835,14.35656909238197
A,25,10,120,10.0,10,10,sqrt,11.572547669931575,0.8517569230595813,11.30759477773748,16.266352465841315
A,25,10,120,10.0,10,10,1.0,4.954566778974851,0.8788326531963835,9.279551973657835,14.35656909238197
A,25,10,120,,1,2,sqrt,29.29224471560938,0.8345619441042871,11.572224524384627,18.584379481632773
A,25,10,120,,1,2,1.0,9.876751279704846,0.8446490314599224,10.354904876966433,16.980738781382513
A,25,10,120,,1,10,sqrt,21.74407430010945,0.842242542657166,11.391871918794473,17.89291277788405
A,25,10,120,,1,10,1.0,8.847151611255873,0.8525174293661021,10.145279117116923,16.433615392360444
A,25,10,120,,5,2,sqrt,35.61746508521637,0.8500293735107135,10.922482137461518,16.933699471962885
A,25,10,120,,5,2,1.0,6.819709612890063,0.8605130068324061,9.709529794410589,15.651884193826564
A,25,10,120,,5,10,sqrt,35.61746508521637,0.8500293735107135,10.922482137461518,16.933699471962885
A,25,10,120,,5,10,1.0,6.819709612890063,0.8605130068324061,9.709529794410589,15.651884193826564
A,25,10,120,,10,2,sqrt,8.107340638114469,0.8587091002118206,10.640442609017688,16.16436535320015
A,25,10,120,,10,2,1.0,5.879299551864362,0.8681860085622505,9.485127969003088,15.093046874425719
A,25,10,120,,10,10,sqrt,8.107340638114469,0.8587091002118206,10.640442609017688,16.16436535320015
A,25,10,120,,10,10,1.0,5.879299551864362,0.8681860085622505,9.485127969003088,15.093046874425719
A,25,10,125,5.0,1,2,sqrt,17.13445588809031,0.7755672141792549,15.852231900462964,20.217575740011657
A,25,10,125,5.0,1,2,1.0,5.423520764745566,0.8653535958130526,10.96574087639161,15.165894658644651
A,25,10,125,5.0,1,10,sqrt,16.142383494961603,0.7836882330310949,15.700174791980283,20.140435857256186
A,25,10,125,5.0,1,10,1.0,5.423520764745566,0.8653535958130526,10.96574087639161,15.165894658644651
A,25,10,125,5.0,5,2,sqrt,16.178171074390114,0.783799819699377,15.709227626846268,20.152240768895297
A,25,10,125,5.0,5,2,1.0,5.423520764745566,0.8653535958130526,10.96574087639161,15.165894658644651
A,25,10,125,5.0,5,10,sqrt,16.178171074390114,0.783799819699377,15.709227626846268,20.152240768895297
A,25,10,125,5.0,5,10,1.0,5.423520764745566,0.8653535958130526,10.96574087639161,15.165894658644651
A,25,10,125,5.0,10,2,sqrt,16.961086199922967,0.7762534831873381,15.82543566974465,20.177737498636553
A,25,10,125,5.0,10,2,1.0,5.423520764745566,0.8653535958130526,10.96574087639161,15.165894658644651
A,25,10,125,5.0,10,10,sqrt,16.961086199922967,0.7762534831873381,15.82543566974465,20.177737498636553
A,25,10,125,5.0,10,10,1.0,5.423520764745566,0.8653535958130526,10.96574087639161,15.165894658644651
A,25,10,125,10.0,1,2,sqrt,22.32706074733495,0.8426357078766028,12.370385470206585,17.161498899245878
A,25,10,125,10.0,1,2,1.0,7.5333683877023505,0.8694348780730667,10.33471748543979,15.67369575733569
A,25,10,125,10.0,1,10,sqrt,10.607020909942097,0.8552054234872104,11.776387287410119,16.765512490648895
A,25,10,125,10.0,1,10,1.0,9.1239278660607,0.8694938469425658,10.368134624514072,15.741672064081541
A,25,10,125,10.0,5,2,sqrt,17.266960671448516,0.8332600467626635,12.492720266178612,17.454174118113965
A,25,10,125,10.0,5,2,1.0,6.916370424161886,0.8708283777959449,10.313262931460953,15.579038406934709
A,25,10,125,10.0,5,10,sqrt,17.266960671448516,0.8332600467626635,12.492720266178612,17.454174118113965
A,25,10,125,10.0,5,10,1.0,6.916370424161886,0.8708283777959449,10.313262931460953,15.579038406934709
A,25,10,125,10.0,10,2,sqrt,36.39021692092284,0.8453915037746693,12.341641191953688,17.30347703461694
A,25,10,125,10.0,10,2,1.0,6.27175296266509,0.8721740669952702,10.204231224054064,15.376212642213266
A,25,10,125,10.0,10,10,sqrt,36.39021692092284,0.8453915037746693,12.341641191953688,17.30347703461694
A,25,10,125,10.0,10,10,1.0,6.27175296266509,0.8721740669952702,10.204231224054064,15.376212642213266
A,25,10,125,,1,2,sqrt,25.597234283468907,0.8256502184462114,12.919239479609416,20.036547797256922
A,25,10,125,,1,2,1.0,12.190473185766816,0.8408548478691422,11.432947660988953,18.17385930783062
A,25,10,125,,1,10,sqrt,24.6308289395462,0.839067645464664,12.20052444946506,18.57628041545464
A,25,10,125,,1,10,1.0,10.721697737380499,0.8463284376640866,11.188004740865736,17.576968923920788
A,25,10,125,,5,2,sqrt,12.066356275540338,0.8453460968099644,11.911962430134707,18.09702294635421
A,25,10,125,,5,2,1.0,9.588432518639497,0.8533201376550412,10.831864035571527,16.999639807398122
A,25,10,125,,5,10,sqrt,12.066356275540338,0.8453460968099644,11.911962430134707,18.09702294635421
A,25,10,125,,5,10,1.0,9.588432518639497,0.8533201376550412,10.831864035571527,16.999639807398122
A,25,10,125,,10,2,sqrt,23.43106499088719,0.8507011617803378,11.824950187394458,17.797939298367705
A,25,10,125,,10,2,1.0,7.909099621084414,0.86238821657254,10.468362370896966,16.20775725547808
A,25,10,125,,10,10,sqrt,23.43106499088719,0.8507011617803378,11.824950187394458,17.797939298367705
A,25,10,125,,10,10,1.0,7.909099621084414,0.86238821657254,10.468362370896966,16.20775725547808
A,25,10,130,5.0,1,2,sqrt,20.690181583484662,0.7774177005470222,15.257726725974516,20.414318082986075
A,25,10,130,5.0,1,2,1.0,5.387453269784638,0.8724430844373193,10.175995445000881,15.071868836066008
A,25,10,130,5.0,1,10,sqrt,19.31961264527403,0.7851897231595821,15.077427336814072,20.33487854596899
A,25,10,130,5.0,1,10,1.0,5.387453269784638,0.8724430844373193,10.175995445000881,15.071868836066008
A,25,10,130,5.0,5,2,sqrt,18.33759907614067,0.7876704809275352,14.890217472232024,20.030706325185253
A,25,10,130,5.0,5,2,1.0,5.387453269784638,0.8724430844373193,10.175995445000881,15.071868836066008
A,25,10,130,5.0,5,10,sqrt,18.33759907614067,0.7876704809275352,14.890217472232024,20.030706325185253
A,25,10,130,5.0,5,10,1.0,5.387453269784638,0.8724430844373193,10.175995445000881,15.071868836066008
A,25,10,130,5.0,10,2,sqrt,19.438539083454003,0.7806330018000499,15.03384864566652,20.04815935896114
A,25,10,130,5.0,10,2,1.0,5.387453269784638,0.8724430844373193,10.175995445000881,15.071868836066008
A,25,10,130,5.0,10,10,sqrt,19.438539083454003,0.7806330018000499,15.03384864566652,20.04815935896114
A,25,10,130,5.0,10,10,1.0,5.387453269784638,0.8724430844373193,10.175995445000881,15.071868836066008
A,25,10,130,10.0,1,2,sqrt,69.22837165680865,0.8484262427142717,11.438428638760566,17.30895203959286
A,25,10,130,10.0,1,2,1.0,10.671215733539315,0.8645476567014454,10.05608520127795,16.065202333383105
A,25,10,130,10.0,1,10,sqrt,18.338743317211737,0.834689828007755,12.129670006722876,17.780009473038017
A,25,10,130,10.0,1,10,1.0,10.365037583138733,0.8643197436406698,10.07922128781356,16.11241172042414
A,25,10,130,10.0,5,2,sqrt,17.361326309050444,0.8320938210095612,12.306577310552512,18.13615097920593
A,25,10,130,10.0,5,2,1.0,8.308094270337156,0.8665602362978906,10.002691034104075,15.860683411793854
A,25,10,130,10.0,5,10,sqrt,17.361326309050444,0.8320938210095612,12.306577310552512,18.13615097920593
A,25,10,130,10.0,5,10,1.0,8.308094270337156,0.8665602362978906,10.002691034104075,15.860683411793854
A,25,10,130,10.0,10,2,sqrt,186.91064874400325,0.8412981580621114,12.045116931952828,18.576884874403124
A,25,10,130,10.0,10,2,1.0,7.60078728295472,0.867674897982843,9.902541343707012,15.70690072107902
A,25,10,130,10.0,10,10,sqrt,186.91064874400325,0.8412981580621114,12.045116931952828,18.576884874403124
A,25,10,130,10.0,10,10,1.0,7.60078728295472,0.867674897982843,9.902541343707012,15.70690072107902
A,25,10,130,,1,2,sqrt,81.719674334322,0.8209566362519212,13.380577341386523,21.015305948461272
A,25,10,130,,1,2,1.0,13.881082854964967,0.8362951937463334,11.62384905294137,18.523699784222906
A,25,10,130,,1,10,sqrt,20.965690333557912,0.8321416481508326,12.509361194445551,19.38692006325889
A,25,10,130,,1,10,1.0,11.680654980682624,0.8427221053151637,11.273654614570248,17.903928792878826
A,25,10,130,,5,2,sqrt,14.069610645912793,0.840807004078736,11.86323936828931,18.156221493472653
A,25,10,130,,5,2,1.0,10.557312618620124,0.8482927476359455,10.927738621937834,17.242477232382573
A,25,10,130,,5,10,sqrt,14.069610645912793,0.840807004078736,11.86323936828931,18.156221493472653
A,25,10,130,,5,10,1.0,10.557312618620124,0.8482927476359455,10.927738621937834,17.242477232382573
A,25,10,130,,10,2,sqrt,17.644073484804494,0.8452280291202248,11.700755749054064,17.771659012476512
A,25,10,130,,10,2,1.0,9.187072227748828,0.8558226510243614,10.458537506690817,16.5876624084635
A,25,10,130,,10,10,sqrt,17.644073484804494,0.8452280291202248,11.700755749054064,17.771659012476512
A,25,10,130,,10,10,1.0,9.187072227748828,0.8558226510243614,10.458537506690817,16.5876624084635
A,25,15,115,5.0,1,2,sqrt,10.99498936261315,0.7872528321347595,13.34425841020896,17.400970035960704
A,25,15,115,5.0,1,2,1.0,3.5955542873321797,0.8787168836489915,9.072030589040155,13.082026376701288
A,25,15,115,5.0,1,10,sqrt,11.983238139412297,0.7869848802843568,13.34048884582343,17.482629488611018
A,25,15,115,5.0,1,10,1.0,3.5955542873321797,0.8787168836489915,9.072030589040155,13.082026376701288
A,25,15,115,5.0,5,2,sqrt,12.524571444210807,0.7847869368257797,13.75024992923824,17.954802140561203
A,25,15,115,5.0,5,2,1.0,3.5955542873321797,0.8787168836489915,9.072030589040155,13.082026376701288
A,25,15,115,5.0,5,10,sqrt,12.524571444210807,0.7847869368257797,13.75024992923824,17.954802140561203
A,25,15,115,5.0,5,10,1.0,3.5955542873321797,0.8787168836489915,9.072030589040155,13.082026376701288
A,25,15,115,5.0,10,2,sqrt,12.027283110743202,0.7867506099607358,13.21836765473338,17.356935316027265
A,25,15,115,5.0,10,2,1.0,3.5955542873321797,0.8787168836489915,9.072030589040155,13.082026376701288
A,25,15,115,5.0,10,10,sqrt,12.027283110743202,0.7867506099607358,13.21836765473338,17.356935316027265
A,25,15,115,5.0,10,10,1.0,3.5955542873321797,0.8787168836489915,9.072030589040155,13.082026376701288
A,25,15,115,10.0,1,2,sqrt,10.298752526521158,0.8383697785982628,11.275708821080185,16.353100732866604
A,25,15,115,10.0,1,2,1.0,5.458624280463274,0.8815547498408426,8.531636492447147,13.825867725855588
A,25,15,115,10.0,1,10,sqrt,8.411438183704558,0.8473775634251416,10.970445657350805,15.876090496402032
A,25,15,115,10.0,1,10,1.0,5.461403771541448,0.8828205382010432,8.509060886619512,13.77260581352462
A,25,15,115,10.0,5,2,sqrt,11.712157983042841,0.8322554732726889,11.757712560070754,16.760921916296176
A,25,15,115,10.0,5,2,1.0,4.180761094273422,0.8852559126260278,8.38407897422788,13.434919310615737
A,25,15,115,10.0,5,10,sqrt,11.712157983042841,0.8322554732726889,11.757712560070754,16.760921916296176
A,25,15,115,10.0,5,10,1.0,4.180761094273422,0.8852559126260278,8.38407897422788,13.434919310615737
A,25,15,115,10.0,10,2,sqrt,7.7275795011640955,0.8507827085977622,11.016671388034474,16.070641503673848
A,25,15,115,10.0,10,2,1.0,4.000457995450384,0.8865508057433967,8.367449222730013,13.355936167029236
A,25,15,115,10.0,10,10,sqrt,7.7275795011640955,0.8507827085977622,11.016671388034474,16.070641503673848
A,25,15,115,10.0,10,10,1.0,4.000457995450384,0.8865508057433967,8.367449222730013,13.355936167029236
A,25,15,115,,1,2,sqrt,12.262930872848596,0.824169245441756,11.49475806200104,18.3262592886753
A,25,15,115,,1,2,1.0,6.590289298595091,0.8519032453474671,9.305457578590225,15.586829557494857
A,25,15,115,,1,10,sqrt,9.606747307043952,0.8376228150389926,10.985255751740898,17.309244333508055
A,25,15,115,,1,10,1.0,6.630757284128633,0.8586420737012121,9.110042385214932,15.164924895639881
A,25,15,115,,5,2,sqrt,9.509669001821447,0.8439581771841776,10.861260913227214,16.880978440563858
A,25,15,115,,5,2,1.0,5.282785310627173,0.8652372877426975,8.804775306445583,14.55420817418001
A,25,15,115,,5,10,sqrt,9.509669001821447,0.8439581771841776,10.861260913227214,16.880978440563858
A,25,15,115,,5,10,1.0,5.282785310627173,0.8652372877426975,8.804775306445583,14.55420817418001
A,25,15,115,,10,2,sqrt,8.455009837309518,0.8522164088914803,10.573262557181042,16.192667425664826
A,25,15,115,,10,2,1.0,4.370413828998084,0.8744193025880044,8.535792570011582,13.901345079643818
A,25,15,115,,10,10,sqrt,8.455009837309518,0.8522164088914803,10.573262557181042,16.192667425664826
A,25,15,115,,10,10,1.0,4.370413828998084,0.8744193025880044,8.535792570011582,13.901345079643818
A,25,15,120,5.0,1,2,sqrt,14.409666541641894,0.7834786242804073,14.721701147159882,18.879099381690192
A,25,15,120,5.0,1,2,1.0,4.4483174333831625,0.8720752802018549,9.972842805581516,14.049186883792533
A,25,15,120,5.0,1,10,sqrt,16.088322341604986,0.7784545065800978,14.852544083078598,19.116997395791365
A,25,15,120,5.0,1,10,1.0,4.4483174333831625,0.8720752802018549,9.972842805581516,14.049186883792533
A,25,15,120,5.0,5,2,sqrt,16.057834256872223,0.7785433633736709,14.852746462423692,19.115911919262018
A,25,15,120,5.0,5,2,1.0,4.4483174333831625,0.8720752802018549,9.972842805581516,14.049186883792533
A,25,15,120,5.0,5,10,sqrt,16.057834256872223,0.7785433633736709,14.852746462423692,19.115911919262018
A,25,15,120,5.0,5,10,1.0,4.4483174333831625,0.8720752802018549,9.972842805581516,14.049186883792533
A,25,15,120,5.0,10,2,sqrt,14.62867931864975,0.7848467035253706,14.510475029051374,18.73648173033565
A,25,15,120,5.0,10,2,1.0,4.4483174333831625,0.8720752802018549,9.972842805581516,14.049186883792533
A,25,15,120,5.0,10,10,sqrt,14.62867931864975,0.7848467035253706,14.510475029051374,18.73648173033565
A,25,15,120,5.0,10,10,1.0,4.4483174333831625,0.8720752802018549,9.972842805581516,14.049186883792533
A,25,15,120,10.0,1,2,sqrt,11.41134554073913,0.8415651540341237,12.503991534039924,17.75477637912231
A,25,15,120,10.0,1,2,1.0,7.8159327303331,0.8723255254558919,9.685658640817303,15.183621823333885
A,25,15,120,10.0,1,10,sqrt,13.8491836340062,0.8354909084423395,12.352064167044794,17.45995676360024
A,25,15,120,10.0,1,10,1.0,6.080688627383846,0.8751189064024654,9.595699511545783,14.942557850880382
A,25,15,120,10.0,5,2,sqrt,11.686362556391302,0.8274881848302764,13.084493178290078,18.110559618223412
A,25,15,120,10.0,5,2,1.0,5.159069190598173,0.8765379245526199,9.489759302789725,14.675854704940196
A,25,15,120,10.0,5,10,sqrt,11.686362556391302,0.8274881848302764,13.084493178290078,18.110559618223412
A,25,15,120,10.0,5,10,1.0,5.159069190598173,0.8765379245526199,9.489759302789725,14.675854704940196
A,25,15,120,10.0,10,2,sqrt,8.728109251052533,0.846020843602534,11.964031717723183,17.051311896005704
A,25,15,120,10.0,10,2,1.0,5.137243014873369,0.8766654304795946,9.49134173803412,14.666179456762654
A,25,15,120,10.0,10,10,sqrt,8.728109251052533,0.846020843602534,11.964031717723183,17.051311896005704
A,25,15,120,10.0,10,10,1.0,5.137243014873369,0.8766654304795946,9.49134173803412,14.666179456762654
A,25,15,120,,1,2,sqrt,17.86853065003256,0.8244879410254251,12.33075436922922,19.2329908544574
A,25,15,120,,1,2,1.0,10.519368559258407,0.8438770583687388,10.561173693647001,17.24821742720924
A,25,15,120,,1,10,sqrt,13.771090664257642,0.8324646024108215,12.100868676461891,18.51411628342981
A,25,15,120,,1,10,1.0,8.867299617209701,0.850712417506718,10.330899546737786,16.720656073478715
A,25,15,120,,5,2,sqrt,10.313315076631813,0.844100849986783,11.368378163716581,17.446266541028038
A,25,15,120,,5,2,1.0,7.141175900776348,0.8566361925505053,10.049926930847088,16.02652950893094
A,25,15,120,,5,10,sqrt,10.313315076631813,0.844100849986783,11.368378163716581,17.446266541028038
A,25,15,120,,5,10,1.0,7.141175900776348,0.8566361925505053,10.049926930847088,16.02652950893094
A,25,15,120,,10,2,sqrt,11.346653518303404,0.8407324638180951,12.059471325614952,17.81555292617909
A,25,15,120,,10,2,1.0,5.949839502962689,0.8653281550255553,9.734595788817042,15.362353011625103
A,25,15,120,,10,10,sqrt,11.346653518303404,0.8407324638180951,12.059471325614952,17.81555292617909
A,25,15,120,,10,10,1.0,5.949839502962689,0.8653281550255553,9.734595788817042,15.362353011625103
A,25,15,125,5.0,1,2,sqrt,17.341058599761375,0.7773898441660554,15.836260216308165,20.029269173126877
A,25,15,125,5.0,1,2,1.0,5.437840704815546,0.8652329793801823,10.979881963619533,15.185390437665166
A,25,15,125,5.0,1,10,sqrt,19.437918891864914,0.7748053158673024,15.75995751889204,20.007153696321925
A,25,15,125,5.0,1,10,1.0,5.437840704815546,0.8652329793801823,10.979881963619533,15.185390437665166
A,25,15,125,5.0,5,2,sqrt,19.44492074768111,0.7747618193201149,15.763142296133717,20.012020323975715
A,25,15,125,5.0,5,2,1.0,5.437840704815546,0.8652329793801823,10.979881963619533,15.185390437665166
A,25,15,125,5.0,5,10,sqrt,19.44492074768111,0.7747618193201149,15.763142296133717,20.012020323975715
A,25,15,125,5.0,5,10,1.0,5.437840704815546,0.8652329793801823,10.979881963619533,15.185390437665166
A,25,15,125,5.0,10,2,sqrt,19.491929900480745,0.7708549004729968,15.93751896043525,20.199442268579293
A,25,15,125,5.0,10,2,1.0,5.437840704815546,0.8652329793801823,10.979881963619533,15.185390437665166
A,25,15,125,5.0,10,10,sqrt,19.491929900480745,0.7708549004729968,15.93751896043525,20.199442268579293
A,25,15,125,5.0,10,10,1.0,5.437840704815546,0.8652329793801823,10.979881963619533,15.185390437665166
A,25,15,125,10.0,1,2,sqrt,14.323869283498937,0.8283557242405205,13.422386551889673,18.55879388722524
A,25,15,125,10.0,1,2,1.0,8.561403453819619,0.8683367578031514,10.504763928250355,16.009766707008804
A,25,15,125,10.0,1,10,sqrt,10.743096638887476,0.8367370652437451,12.861203658069986,17.757480978041663
A,25,15,125,10.0,1,10,1.0,10.412637287751945,0.8677559225594654,10.514965566103314,16.069704751380126
A,25,15,125,10.0,5,2,sqrt,16.10956643931152,0.833032615584447,13.570784552044472,18.876163585557084
A,25,15,125,10.0,5,2,1.0,7.17323584118582,0.8702901776527657,10.422851324489876,15.758841743948057
A,25,15,125,10.0,5,10,sqrt,16.10956643931152,0.833032615584447,13.570784552044472,18.876163585557084
A,25,15,125,10.0,5,10,1.0,7.17323584118582,0.8702901776527657,10.422851324489876,15.758841743948057
A,25,15,125,10.0,10,2,sqrt,17.19580755864738,0.8301937848460412,13.675259909894947,18.93977328480843
A,25,15,125,10.0,10,2,1.0,6.941815273603121,0.8707029748811606,10.404364049454367,15.642539754065563
A,25,15,125,10.0,10,10,sqrt,17.19580755864738,0.8301937848460412,13.675259909894947,18.93977328480843
A,25,15,125,10.0,10,10,1.0,6.941815273603121,0.8707029748811606,10.404364049454367,15.642539754065563
A,25,15,125,,1,2,sqrt,53.35606169790194,0.8122558051843509,14.30500241757349,21.70396364858607
A,25,15,125,,1,2,1.0,13.616234014266784,0.8392620992053338,11.545463556892432,18.434772925986657
A,25,15,125,,1,10,sqrt,22.90481873573473,0.8225445669986561,13.563283363877664,20.448325615764244
A,25,15,125,,1,10,1.0,13.559107264627013,0.8452892828601826,11.35870251614239,17.966284678399212
A,25,15,125,,5,2,sqrt,35.13978020417809,0.8271205081499045,13.303015945228498,19.94933228178231
A,25,15,125,,5,2,1.0,10.971816459736601,0.8518564234589295,11.093067895948076,17.418857523016822
A,25,15,125,,5,10,sqrt,35.13978020417809,0.8271205081499045,13.303015945228498,19.94933228178231
A,25,15,125,,5,10,1.0,10.971816459736601,0.8518564234589295,11.093067895948076,17.418857523016822
A,25,15,125,,10,2,sqrt,14.216617361052922,0.8364217133155574,12.872359415321046,18.658584142403903
A,25,15,125,,10,2,1.0,8.562421360663354,0.8606597006081407,10.6494838713456,16.457780536236623
A,25,15,125,,10,10,sqrt,14.216617361052922,0.8364217133155574,12.872359415321046,18.658584142403903
A,25,15,125,,10,10,1.0,8.562421360663354,0.8606597006081407,10.6494838713456,16.457780536236623
A,25,15,130,5.0,1,2,sqrt,21.652789209916858,0.7769183726914346,15.140822638822243,19.9539853126383
A,25,15,130,5.0,1,2,1.0,5.401820635373053,0.8723852193906062,10.190639132487084,15.090997509376686
A,25,15,130,5.0,1,10,sqrt,24.527277560568272,0.7741897747146156,15.079587920641004,20.055748289579746
A,25,15,130,5.0,1,10,1.0,5.401820635373053,0.8723852193906062,10.190639132487084,15.090997509376686
A,25,15,130,5.0,5,2,sqrt,24.5250773048018,0.7741498515887005,15.083043426819046,20.055537261672697
A,25,15,130,5.0,5,2,1.0,5.401820635373053,0.8723852193906062,10.190639132487084,15.090997509376686
A,25,15,130,5.0,5,10,sqrt,24.5250773048018,0.7741498515887005,15.083043426819046,20.055537261672697
A,25,15,130,5.0,5,10,1.0,5.401820635373053,0.8723852193906062,10.190639132487084,15.090997509376686
A,25,15,130,5.0,10,2,sqrt,24.250288130296646,0.7694002764519735,15.173015101787644,20.140824072628583
A,25,15,130,5.0,10,2,1.0,5.401820635373053,0.8723852193906062,10.190639132487084,15.090997509376686
A,25,15,130,5.0,10,10,sqrt,24.250288130296646,0.7694002764519735,15.173015101787644,20.140824072628583
A,25,15,130,5.0,10,10,1.0,5.401820635373053,0.8723852193906062,10.190639132487084,15.090997509376686
A,25,15,130,10.0,1,2,sqrt,19.23399041529617,0.8323867519492026,12.88915780151299,18.88932801022097
A,25,15,130,10.0,1,2,1.0,10.681304483932994,0.863151917371151,10.242571929563784,16.387225560999955
A,25,15,130,10.0,1,10,sqrt,17.074321438652184,0.8341153296847779,12.718286585431485,18.641568227648165
A,25,15,130,10.0,1,10,1.0,9.780153734355368,0.8650047385085167,10.213569524162422,16.328700682252574
A,25,15,130,10.0,5,2,sqrt,18.199563589518796,0.8311572722135635,12.85924517335172,18.80962048523902
A,25,15,130,10.0,5,2,1.0,8.659493118977657,0.8662827274436559,10.140640199564416,16.066348051208053
A,25,15,130,10.0,5,10,sqrt,18.199563589518796,0.8311572722135635,12.85924517335172,18.80962048523902
A,25,15,130,10.0,5,10,1.0,8.659493118977657,0.8662827274436559,10.140640199564416,16.066348051208053
A,25,15,130,10.0,10,2,sqrt,16.76050730914135,0.8306614642268965,12.814704791450064,18.64931488897482
A,25,15,130,10.0,10,2,1.0,7.996018738773735,0.8671448825705366,10.152368460276842,16.04784285316501
A,25,15,130,10.0,10,10,sqrt,16.76050730914135,0.8306614642268965,12.814704791450064,18.64931488897482
A,25,15,130,10.0,10,10,1.0,7.996018738773735,0.8671448825705366,10.152368460276842,16.04784285316501
A,25,15,130,,1,2,sqrt,19.611971804463657,0.8202145320810901,13.52062114504486,20.56691234605433
A,25,15,130,,1,2,1.0,14.014731826994097,0.8379229350974823,11.737219095740631,18.542937040032108
A,25,15,130,,1,10,sqrt,18.15583037136807,0.8250102384073579,13.27378552544899,20.101535062906503
A,25,15,130,,1,10,1.0,12.129538140276438,0.8425727498765546,11.463509712189794,18.062002634722557
A,25,15,130,,5,2,sqrt,15.138426171489844,0.8285953925291221,13.121111085406543,19.452729866855087
A,25,15,130,,5,2,1.0,10.78156371178074,0.8467888137821251,11.07962361421921,17.461545275581265
A,25,15,130,,5,10,sqrt,15.138426171489844,0.8285953925291221,13.121111085406543,19.452729866855087
A,25,15,130,,5,10,1.0,10.78156371178074,0.8467888137821251,11.07962361421921,17.461545275581265
A,25,15,130,,10,2,sqrt,17.81527809300259,0.831562768640403,12.945121690567593,19.221931828495503
A,25,15,130,,10,2,1.0,9.28526598023656,0.8551786561608804,10.678733039076175,16.84760461396069
A,25,15,130,,10,10,sqrt,17.81527809300259,0.831562768640403,12.945121690567593,19.221931828495503
A,25,15,130,,10,10,1.0,9.28526598023656,0.8551786561608804,10.678733039076175,16.84760461396069
A,25,20,115,5.0,1,2,sqrt,8.373743497201712,0.8141130766372141,12.570702516057775,16.969518804507896
A,25,20,115,5.0,1,2,1.0,3.6023418836640806,0.878756283130064,9.071215821636116,13.084810733057179
A,25,20,115,5.0,1,10,sqrt,9.791505814356423,0.8025124111004238,13.254209382474574,17.7109300616504
A,25,20,115,5.0,1,10,1.0,3.6023418836640806,0.878756283130064,9.071215821636116,13.084810733057179
A,25,20,115,5.0,5,2,sqrt,9.741859996530698,0.8027738167540537,13.250034398146667,17.694154519142607
A,25,20,115,5.0,5,2,1.0,3.6023418836640806,0.878756283130064,9.071215821636116,13.084810733057179
A,25,20,115,5.0,5,10,sqrt,9.741859996530698,0.8027738167540537,13.250034398146667,17.694154519142607
A,25,20,115,5.0,5,10,1.0,3.6023418836640806,0.878756283130064,9.071215821636116,13.084810733057179
A,25,20,115,5.0,10,2,sqrt,57.637073624232265,0.7873376401315221,14.3674735418497,19.331153956448134
A,25,20,115,5.0,10,2,1.0,3.5732492600315147,0.8787937389618319,9.068468712044844,13.070500926850656
A,25,20,115,5.0,10,10,sqrt,57.637073624232265,0.7873376401315221,14.3674735418497,19.331153956448134
A,25,20,115,5.0,10,10,1.0,3.5732492600315147,0.8787937389618319,9.068468712044844,13.070500926850656
A,25,20,115,10.0,1,2,sqrt,14.738828512985531,0.8289874633884267,11.826733443698757,16.842406849939454
A,25,20,115,10.0,1,2,1.0,4.614252851825238,0.8807918053771692,8.598438587997391,13.768645264014685
A,25,20,115,10.0,1,10,sqrt,44.830748508007055,0.8093587368094838,12.827418911222853,17.918364868290674
A,25,20,115,10.0,1,10,1.0,4.495804370032467,0.8821772262546785,8.589301288041185,13.729942859941804
A,25,20,115,10.0,5,2,sqrt,11.25269213589069,0.8434210511553217,11.480042436456232,16.507831351510706
A,25,20,115,10.0,5,2,1.0,4.273925819587106,0.882953294543414,8.510541505942678,13.627426945193452
A,25,20,115,10.0,5,10,sqrt,11.25269213589069,0.8434210511553217,11.480042436456232,16.507831351510706
A,25,20,115,10.0,5,10,1.0,4.273925819587106,0.882953294543414,8.510541505942678,13.627426945193452
A,25,20,115,10.0,10,2,sqrt,34.62209549040673,0.8276923199854176,11.834944969537492,16.858746978260555
A,25,20,115,10.0,10,2,1.0,4.0346391360111316,0.8836775251078166,8.478121092041452,13.487449692725978
A,25,20,115,10.0,10,10,sqrt,34.62209549040673,0.8276923199854176,11.834944969537492,16.858746978260555
A,25,20,115,10.0,10,10,1.0,4.0346391360111316,0.8836775251078166,8.478121092041452,13.487449692725978
A,25,20,115,,1,2,sqrt,46.821683674107625,0.8221028248620513,12.042340858028163,19.546376445042597
A,25,20,115,,1,2,1.0,7.063676352305177,0.8514004313384644,9.372170792056261,15.633622550506862
A,25,20,115,,1,10,sqrt,16.249187579096862,0.8436359971190874,10.805422676056988,17.183400613836994
A,25,20,115,,1,10,1.0,5.684449074585303,0.8589887845700164,9.092849667068043,15.044070945337932
A,25,20,115,,5,2,sqrt,18.20385467548766,0.8415419568911755,10.941302863256652,17.202546431950516
A,25,20,115,,5,2,1.0,5.1047563727473095,0.8616516505498639,8.89662765602486,14.639127748556259
A,25,20,115,,5,10,sqrt,18.20385467548766,0.8415419568911755,10.941302863256652,17.202546431950516
A,25,20,115,,5,10,1.0,5.1047563727473095,0.8616516505498639,8.89662765602486,14.639127748556259
A,25,20,115,,10,2,sqrt,32.3411577702444,0.8365085315912945,11.822526189522241,18.031795634923736
A,25,20,115,,10,2,1.0,4.472384159499056,0.8707666545886262,8.702824942265593,14.131047414462236
A,25,20,115,,10,10,sqrt,32.3411577702444,0.8365085315912945,11.822526189522241,18.031795634923736
A,25,20,115,,10,10,1.0,4.472384159499056,0.8707666545886262,8.702824942265593,14.131047414462236
A,25,20,120,5.0,1,2,sqrt,10.280122640785159,0.8102119541115667,13.692061249273157,18.093877759840943
A,25,20,120,5.0,1,2,1.0,4.4773902994016925,0.871980123115151,9.975356239875603,14.062093851631966
A,25,20,120,5.0,1,10,sqrt,14.914249683057381,0.7960032703803638,14.347618547324396,18.807958189747882
A,25,20,120,5.0,1,10,1.0,4.4773902994016925,0.871980123115151,9.975356239875603,14.062093851631966
A,25,20,120,5.0,5,2,sqrt,14.869675287196824,0.796180010322846,14.34432805484175,18.800012639015893
A,25,20,120,5.0,5,2,1.0,4.4773902994016925,0.871980123115151,9.975356239875603,14.062093851631966
A,25,20,120,5.0,5,10,sqrt,14.869675287196824,0.796180010322846,14.34432805484175,18.800012639015893
A,25,20,120,5.0,5,10,1.0,4.4773902994016925,0.871980123115151,9.975356239875603,14.062093851631966
A,25,20,120,5.0,10,2,sqrt,34.90077140368441,0.7829474722518355,15.620899243200196,20.282905257190087
A,25,20,120,5.0,10,2,1.0,4.4483174333831625,0.8720752802018549,9.972842805581516,14.049186883792533
A,25,20,120,5.0,10,10,sqrt,34.90077140368441,0.7829474722518355,15.620899243200196,20.282905257190087
A,25,20,120,5.0,10,10,1.0,4.4483174333831625,0.8720752802018549,9.972842805581516,14.049186883792533
A,25,20,120,10.0,1,2,sqrt,16.233295710537373,0.8237073915018183,13.004708529486987,17.94416598277622
A,25,20,120,10.0,1,2,1.0,8.386693458628269,0.8704812384421425,9.781499341833214,15.2745420993239
A,25,20,120,10.0,1,10,sqrt,15.17197507038286,0.8365694584560204,12.168598133120337,17.246973302474352
A,25,20,120,10.0,1,10,1.0,6.615849547501215,0.8739808866672167,9.734857798737492,15.122619510545217
A,25,20,120,10.0,5,2,sqrt,61.271285945752574,0.8159146568869513,13.672362501551083,18.82235867096238
A,25,20,120,10.0,5,2,1.0,5.299378714509987,0.8758830682444902,9.563656774242268,14.778615343510506
A,25,20,120,10.0,5,10,sqrt,61.271285945752574,0.8159146568869513,13.672362501551083,18.82235867096238
A,25,20,120,10.0,5,10,1.0,5.299378714509987,0.8758830682444902,9.563656774242268,14.778615343510506
A,25,20,120,10.0,10,2,sqrt,21.84694198228728,0.8187767820887071,13.503429494547373,18.700461848873047
A,25,20,120,10.0,10,2,1.0,5.123476507809152,0.8760242664134683,9.55448209434029,14.700952144147934
A,25,20,120,10.0,10,10,sqrt,21.84694198228728,0.8187767820887071,13.503429494547373,18.700461848873047
A,25,20,120,10.0,10,10,1.0,5.123476507809152,0.8760242664134683,9.55448209434029,14.700952144147934
A,25,20,120,,1,2,sqrt,35.118105228634384,0.8202489406551041,12.74803352679,20.055845039435763
A,25,20,120,,1,2,1.0,10.82698346814619,0.8446841935235658,10.546621570943035,17.124218521667004
A,25,20,120,,1,10,sqrt,27.986072667978203,0.8214298316347802,13.121545116862979,20.430583952785895
A,25,20,120,,1,10,1.0,8.223352859619272,0.8501723242435288,10.38974350889205,16.680725942588232
A,25,20,120,,5,2,sqrt,13.342039002249546,0.8410789633047747,11.786734752088211,18.06569210824498
A,25,20,120,,5,2,1.0,6.770544739871532,0.8565790503933229,10.069594365872426,16.102294098214855
A,25,20,120,,5,10,sqrt,13.342039002249546,0.8410789633047747,11.786734752088211,18.06569210824498
A,25,20,120,,5,10,1.0,6.770544739871532,0.8565790503933229,10.069594365872426,16.102294098214855
A,25,20,120,,10,2,sqrt,25.673240974247715,0.8359803981345827,12.419603882309143,18.689845582688243
A,25,20,120,,10,2,1.0,5.777910332131385,0.8649538062305057,9.692060708936253,15.314251591949679
A,25,20,120,,10,10,sqrt,25.673240974247715,0.8359803981345827,12.419603882309143,18.689845582688243
A,25,20,120,,10,10,1.0,5.777910332131385,0.8649538062305057,9.692060708936253,15.314251591949679
A,25,20,125,5.0,1,2,sqrt,13.017658193826751,0.8031037817453577,14.886351600025591,19.312672126334434
A,25,20,125,5.0,1,2,1.0,5.466913570834075,0.8652068053757939,10.98239539791362,15.197718301246812
A,25,20,125,5.0,1,10,sqrt,18.32560701982598,0.7877286657732898,15.486582246391166,19.890750617759117
A,25,20,125,5.0,1,10,1.0,5.466913570834075,0.8652068053757939,10.98239539791362,15.197718301246812
A,25,20,125,5.0,5,2,sqrt,18.28371808282933,0.7878988162672174,15.485398616549983,19.884605208692456
A,25,20,125,5.0,5,2,1.0,5.466913570834075,0.8652068053757939,10.98239539791362,15.197718301246812
A,25,20,125,5.0,5,10,sqrt,18.28371808282933,0.7878988162672174,15.485398616549983,19.884605208692456
A,25,20,125,5.0,5,10,1.0,5.466913570834075,0.8652068053757939,10.98239539791362,15.197718301246812
A,25,20,125,5.0,10,2,sqrt,45.06111218930907,0.7760933857803283,16.77428406130062,21.421286207944934
A,25,20,125,5.0,10,2,1.0,5.437840704815546,0.8652329793801823,10.979881963619533,15.185390437665166
A,25,20,125,5.0,10,10,sqrt,45.06111218930907,0.7760933857803283,16.77428406130062,21.421286207944934
A,25,20,125,5.0,10,10,1.0,5.437840704815546,0.8652329793801823,10.979881963619533,15.185390437665166
A,25,20,125,10.0,1,2,sqrt,83.5548852301677,0.8026956441756269,15.315580918990841,21.155082369830247
A,25,20,125,10.0,1,2,1.0,10.384495816502682,0.8649721789676622,10.718685561591455,16.314181554329593
A,25,20,125,10.0,1,10,sqrt,56.782959108266766,0.8270937503026395,13.786960253745548,19.18234026575047
A,25,20,125,10.0,1,10,1.0,9.89483271019356,0.8659013701794886,10.732806542488067,16.285318967521157
A,25,20,125,10.0,5,2,sqrt,151.68526704310187,0.8035013281756497,14.979264722634834,20.412724191084727
A,25,20,125,10.0,5,2,1.0,7.014110362788022,0.8682314099295011,10.578963224280178,15.923519963000881
A,25,20,125,10.0,5,10,sqrt,151.68526704310187,0.8035013281756497,14.979264722634834,20.412724191084727
A,25,20,125,10.0,5,10,1.0,7.014110362788022,0.8682314099295011,10.578963224280178,15.923519963000881
A,25,20,125,10.0,10,2,sqrt,51.07851728017796,0.8169665226526417,14.355188502250561,19.382474965194557
A,25,20,125,10.0,10,2,1.0,6.790814397091117,0.8694343267507623,10.500163157689304,15.78060581928106
A,25,20,125,10.0,10,10,sqrt,51.07851728017796,0.8169665226526417,14.355188502250561,19.382474965194557
A,25,20,125,10.0,10,10,1.0,6.790814397091117,0.8694343267507623,10.500163157689304,15.78060581928106
A,25,20,125,,1,2,sqrt,95.8966337509784,0.8040810087850401,14.857598226246788,22.528482803355732
A,25,20,125,,1,2,1.0,15.929680548268937,0.8368350675696725,11.73616671965144,18.632210159498506
A,25,20,125,,1,10,sqrt,47.33481839217752,0.8165696706945346,14.037564549437002,21.216570817463616
A,25,20,125,,1,10,1.0,12.418561211884432,0.8417414184170242,11.636548848832522,18.236063035508938
A,25,20,125,,5,2,sqrt,34.08794529194718,0.8298864939464803,12.901940068131983,19.372615999430984
A,25,20,125,,5,2,1.0,9.895542588387476,0.8480078614987592,11.238352523872939,17.52620317946707
A,25,20,125,,5,10,sqrt,34.08794529194718,0.8298864939464803,12.901940068131983,19.372615999430984
A,25,20,125,,5,10,1.0,9.895542588387476,0.8480078614987592,11.238352523872939,17.52620317946707
A,25,20,125,,10,2,sqrt,20.910944669867526,0.8239415075065194,13.767127285968735,20.007512145801307
A,25,20,125,,10,2,1.0,8.371349007182587,0.8568492281376654,10.793739733745047,16.620577558641646
A,25,20,125,,10,10,sqrt,20.910944669867526,0.8239415075065194,13.767127285968735,20.007512145801307
A,25,20,125,,10,10,1.0,8.371349007182587,0.8568492281376654,10.793739733745047,16.620577558641646
A,25,20,130,5.0,1,2,sqrt,16.759485984522538,0.803401202058734,14.273606381345648,19.61263125721036
A,25,20,130,5.0,1,2,1.0,5.4321605116401965,0.8722675712949174,10.195649599045613,15.105084848579793
A,25,20,130,5.0,1,10,sqrt,25.06907672848811,0.7876994758182122,14.997661468386397,20.311185213781226
A,25,20,130,5.0,1,10,1.0,5.4321605116401965,0.8722675712949174,10.195649599045613,15.105084848579793
A,25,20,130,5.0,5,2,sqrt,24.127732480557324,0.7883958437502532,14.971483588814092,20.27024145023488
A,25,20,130,5.0,5,2,1.0,5.430893501391582,0.8723028540348887,10.193152566781173,15.10304105347279
A,25,20,130,5.0,5,10,sqrt,24.127732480557324,0.7883958437502532,14.971483588814092,20.27024145023488
A,25,20,130,5.0,5,10,1.0,5.430893501391582,0.8723028540348887,10.193152566781173,15.10304105347279
A,25,20,130,5.0,10,2,sqrt,53.30186658715597,0.7774297871566593,16.24195742195547,21.688104513686188
A,25,20,130,5.0,10,2,1.0,5.401820635373053,0.8723852193906062,10.190639132487084,15.090997509376686
A,25,20,130,5.0,10,10,sqrt,53.30186658715597,0.7774297871566593,16.24195742195547,21.688104513686188
A,25,20,130,5.0,10,10,1.0,5.401820635373053,0.8723852193906062,10.190639132487084,15.090997509376686
A,25,20,130,10.0,1,2,sqrt,32.90587796592697,0.8236372442511783,14.15615759351771,20.68725271405092
A,25,20,130,10.0,1,2,1.0,12.689869210409181,0.8605368061359119,10.4406636791709,16.797606760726957
A,25,20,130,10.0,1,10,sqrt,47.86858010857768,0.8266640378875273,13.38459731193918,19.43919596560275
A,25,20,130,10.0,1,10,1.0,10.803412970675797,0.8620857963272777,10.461632938788366,16.756794339666904
A,25,20,130,10.0,5,2,sqrt,101.56964726959993,0.8154477825840193,14.23193303635124,20.6932721768788
A,25,20,130,10.0,5,2,1.0,8.959407492148216,0.8646279289357162,10.287189613945452,16.376307963663322
A,25,20,130,10.0,5,10,sqrt,101.56964726959993,0.8154477825840193,14.23193303635124,20.6932721768788
A,25,20,130,10.0,5,10,1.0,8.959407492148216,0.8646279289357162,10.287189613945452,16.376307963663322
A,25,20,130,10.0,10,2,sqrt,27.374215212349192,0.8213740772468127,13.538052458047236,19.665141830192137
A,25,20,130,10.0,10,2,1.0,8.226752648659422,0.8655597928110439,10.22730927135334,16.227822279249004
A,25,20,130,10.0,10,10,sqrt,27.374215212349192,0.8213740772468127,13.538052458047236,19.665141830192137
A,25,20,130,10.0,10,10,1.0,8.226752648659422,0.8655597928110439,10.22730927135334,16.227822279249004
A,25,20,130,,1,2,sqrt,94.01924883556714,0.8098159986283383,14.521822323250003,22.241823745069578
A,25,20,130,,1,2,1.0,15.07412018143143,0.8356736751653298,11.779673266648278,18.733099174068286
A,25,20,130,,1,10,sqrt,163.5999693776745,0.8107728643463652,14.36037352254311,21.83952958180145
A,25,20,130,,1,10,1.0,13.938114157027076,0.8391666809296726,11.604876455524959,18.333961706286082
A,25,20,130,,5,2,sqrt,123.73117081982545,0.8203103536647,13.889539556768074,21.005012190771556
A,25,20,130,,5,2,1.0,11.567831359830702,0.8445413301288761,11.154394900840034,17.713749757303827
A,25,20,130,,5,10,sqrt,123.73117081982545,0.8203103536647,13.889539556768074,21.005012190771556
A,25,20,130,,5,10,1.0,11.567831359830702,0.8445413301288761,11.154394900840034,17.713749757303827
A,25,20,130,,10,2,sqrt,23.54758246194432,0.8307439034763897,13.054967111787601,19.57752678979597
A,25,20,130,,10,2,1.0,9.655717719123732,0.8521184839401037,10.830050326275659,17.047619972206437
A,25,20,130,,10,10,sqrt,23.54758246194432,0.8307439034763897,13.054967111787601,19.57752678979597
A,25,20,130,,10,10,1.0,9.655717719123732,0.8521184839401037,10.830050326275659,17.047619972206437
A,30,10,115,5.0,1,2,sqrt,12.46510960093218,0.7864125285923539,13.68487583808965,17.963572150809103
A,30,10,115,5.0,1,2,1.0,3.120990829513261,0.8855158991779277,8.8014654128094,12.558237530011656
A,30,10,115,5.0,1,10,sqrt,12.162618810871715,0.7885417435466963,13.689809763730981,18.036679125172846
A,30,10,115,5.0,1,10,1.0,3.120990829513261,0.8855158991779277,8.8014654128094,12.558237530011656
A,30,10,115,5.0,5,2,sqrt,12.171013986755293,0.7884841010549595,13.700205137103486,18.047005856366933
A,30,10,115,5.0,5,2,1.0,3.120981150722154,0.8855158991779277,8.801398223510663,12.55822325378511
A,30,10,115,5.0,5,10,sqrt,12.171013986755293,0.7884841010549595,13.700205137103486,18.047005856366933
A,30,10,115,5.0,5,10,1.0,3.120981150722154,0.8855158991779277,8.801398223510663,12.55822325378511
A,30,10,115,5.0,10,2,sqrt,12.442027311519492,0.7879381756362215,13.763055940360852,18.12843843849218
A,30,10,115,5.0,10,2,1.0,3.1218200735089705,0.8854506759526606,8.804238625044103,12.560418610079973
A,30,10,115,5.0,10,10,sqrt,12.442027311519492,0.7879381756362215,13.763055940360852,18.12843843849218
A,30,10,115,5.0,10,10,1.0,3.1218200735089705,0.8854506759526606,8.804238625044103,12.560418610079973
A,30,10,115,10.0,1,2,sqrt,14.876238024321253,0.8644130141726105,10.023778709538814,14.578387439468486
A,30,10,115,10.0,1,2,1.0,2.9960838958254663,0.8901009339914797,7.842105723647275,12.41468870472141
A,30,10,115,10.0,1,10,sqrt,5.549525003318079,0.86608528373349,9.490497758859322,14.103267685438372
A,30,10,115,10.0,1,10,1.0,2.9082723911112303,0.8915668743621579,7.81436330317864,12.328285160728491
A,30,10,115,10.0,5,2,sqrt,15.446600610681276,0.8515014634335545,10.305825766841851,15.206798651299602
A,30,10,115,10.0,5,2,1.0,2.920258330763756,0.8914599336484802,7.826275333021035,12.326988895043941
A,30,10,115,10.0,5,10,sqrt,15.446600610681276,0.8515014634335545,10.305825766841851,15.206798651299602
A,30,10,115,10.0,5,10,1.0,2.920258330763756,0.8914599336484802,7.826275333021035,12.326988895043941
A,30,10,115,10.0,10,2,sqrt,10.450420976298965,0.8537930578438138,10.430263047295739,15.171297028156738
A,30,10,115,10.0,10,2,1.0,2.7554198945351156,0.893368056760352,7.786387214659811,12.218420709432952
A,30,10,115,10.0,10,10,sqrt,10.450420976298965,0.8537930578438138,10.430263047295739,15.171297028156738
A,30,10,115,10.0,10,10,1.0,2.7554198945351156,0.893368056760352,7.786387214659811,12.218420709432952
A,30,10,115,,1,2,sqrt,7.7889304161268,0.8514564228207337,9.97403896561315,16.0245267158305
A,30,10,115,,1,2,1.0,4.086398329060873,0.8666495241265675,8.539109612098525,14.105521048178526
A,30,10,115,,1,10,sqrt,16.5384760760582,0.8619229039210172,9.50498312801837,15.160065385296843
A,30,10,115,,1,10,1.0,3.7162163023656825,0.8739284948395266,8.38092164429403,13.706674822990177
A,30,10,115,,5,2,sqrt,9.868123694598191,0.8640752715226622,9.563606002700764,15.208890432948857
A,30,10,115,,5,2,1.0,3.4212252551075215,0.8786195785735492,8.146413350184538,13.247110008870777
A,30,10,115,,5,10,sqrt,9.868123694598191,0.8640752715226622,9.563606002700764,15.208890432948857
A,30,10,115,,5,10,1.0,3.4212252551075215,0.8786195785735492,8.146413350184538,13.247110008870777
A,30,10,115,,10,2,sqrt,5.78924125419574,0.8725997524804667,9.380600757158032,14.661200187450325
A,30,10,115,,10,2,1.0,3.060583966305463,0.8840360502473323,8.03467718290403,12.79516631102852
A,30,10,115,,10,10,sqrt,5.78924125419574,0.8725997524804667,9.380600757158032,14.661200187450325
A,30,10,115,,10,10,1.0,3.060583966305463,0.8840360502473323,8.03467718290403,12.79516631102852
A,30,10,120,5.0,1,2,sqrt,15.324288346316669,0.7834973040966944,14.748921694239868,19.057812318556486
A,30,10,120,5.0,1,2,1.0,3.5938954442902427,0.8799143992067101,9.667410980758694,13.451871094644584
A,30,10,120,5.0,1,10,sqrt,14.859447729954542,0.7853286780019162,14.741757681814168,19.11334250644168
A,30,10,120,5.0,1,10,1.0,3.5938954442902427,0.8799143992067101,9.667410980758694,13.451871094644584
A,30,10,120,5.0,5,2,sqrt,14.869134778625625,0.7852591363960164,14.753412338370875,19.124259534079652
A,30,10,120,5.0,5,2,1.0,3.5938857654991354,0.8799143992067101,9.667343791459956,13.451857894048814
A,30,10,120,5.0,5,10,sqrt,14.869134778625625,0.7852591363960164,14.753412338370875,19.124259534079652
A,30,10,120,5.0,5,10,1.0,3.5938857654991354,0.8799143992067101,9.667343791459956,13.451857894048814
A,30,10,120,5.0,10,2,sqrt,15.182090748678851,0.7850757295875892,14.776257176985883,19.166281009962518
A,30,10,120,5.0,10,2,1.0,3.5966124616420467,0.879887845458437,9.669876964557597,13.456063614670597
A,30,10,120,5.0,10,10,sqrt,15.182090748678851,0.7850757295875892,14.776257176985883,19.166281009962518
A,30,10,120,5.0,10,10,1.0,3.5966124616420467,0.879887845458437,9.669876964557597,13.456063614670597
A,30,10,120,10.0,1,2,sqrt,6.734514594902568,0.8617372313362281,10.91086182318401,15.48169114844888
A,30,10,120,10.0,1,2,1.0,3.6279474221695067,0.8822975648174735,8.798990315373,13.462925104173886
A,30,10,120,10.0,1,10,sqrt,11.485422203845136,0.8597298629480438,11.02832578688045,16.013742903541885
A,30,10,120,10.0,1,10,1.0,3.573979219349647,0.8829131547190858,8.817299909948334,13.458224918056192
A,30,10,120,10.0,5,2,sqrt,27.32970276659381,0.8373678651122912,12.134753450547308,16.97663737221977
A,30,10,120,10.0,5,2,1.0,3.540650734009902,0.8834627481188818,8.781292790156696,13.412465545338929
A,30,10,120,10.0,5,10,sqrt,27.32970276659381,0.8373678651122912,12.134753450547308,16.97663737221977
A,30,10,120,10.0,5,10,1.0,3.540650734009902,0.8834627481188818,8.781292790156696,13.412465545338929
A,30,10,120,10.0,10,2,sqrt,6.837405373910316,0.8663084937117175,10.904455126791708,15.722457565962193
A,30,10,120,10.0,10,2,1.0,3.4131962110670946,0.8850211264366676,8.714261214111287,13.27298751577926
A,30,10,120,10.0,10,10,sqrt,6.837405373910316,0.8663084937117175,10.904455126791708,15.722457565962193
A,30,10,120,10.0,10,10,1.0,3.4131962110670946,0.8850211264366676,8.714261214111287,13.27298751577926
A,30,10,120,,1,2,sqrt,28.711557653130335,0.8428678857889969,11.18632218635443,17.758071054724304
A,30,10,120,,1,2,1.0,5.196957561478641,0.8577273612055425,9.78439629848246,15.554198903712802
A,30,10,120,,1,10,sqrt,17.611483344420392,0.853969643190637,10.945068268826954,17.18124724901302
A,30,10,120,,1,10,1.0,4.780740910543649,0.8636373264428459,9.530737853200606,15.075133887685869
A,30,10,120,,5,2,sqrt,7.688618847753361,0.8618076948657357,10.402263421417796,16.069141245068597
A,30,10,120,,5,2,1.0,4.2924739873836995,0.8705176428716614,9.17489119648007,14.511338914491699
A,30,10,120,,5,10,sqrt,7.688618847753361,0.8618076948657357,10.402263421417796,16.069141245068597
A,30,10,120,,5,10,1.0,4.2924739873836995,0.8705176428716614,9.17489119648007,14.511338914491699
A,30,10,120,,10,2,sqrt,15.928534218586345,0.8637094360270702,10.41934815436494,16.016735656223478
A,30,10,120,,10,2,1.0,3.8455820652029344,0.8767993606095121,8.940215786730253,13.974123561111877
A,30,10,120,,10,10,sqrt,15.928534218586345,0.8637094360270702,10.41934815436494,16.016735656223478
A,30,10,120,,10,10,1.0,3.8455820652029344,0.8767993606095121,8.940215786730253,13.974123561111877
A,30,10,125,5.0,1,2,sqrt,15.816170065234354,0.7848219770965517,15.65453714882322,20.088249898362438
A,30,10,125,5.0,1,2,1.0,4.5660938651685,0.8734527589724171,10.68084170504266,14.63027215928824
A,30,10,125,5.0,1,10,sqrt,14.9871205250549,0.7896146063992175,15.612866156998152,20.122820727440963
A,30,10,125,5.0,1,10,1.0,4.5660938651685,0.8734527589724171,10.68084170504266,14.63027215928824
A,30,10,125,5.0,5,2,sqrt,14.81659123236398,0.788867881295281,15.602145725787413,19.904054075374905
A,30,10,125,5.0,5,2,1.0,4.5660938651685,0.8734527589724171,10.68084170504266,14.63027215928824
A,30,10,125,5.0,5,10,sqrt,14.81659123236398,0.788867881295281,15.602145725787413,19.904054075374905
A,30,10,125,5.0,5,10,1.0,4.5660938651685,0.8734527589724171,10.68084170504266,14.63027215928824
A,30,10,125,5.0,10,2,sqrt,15.11198171865004,0.7883872977476808,15.68701299039147,20.005702767647158
A,30,10,125,5.0,10,2,1.0,4.568803895695142,0.8734269965509858,10.683177177987051,14.634168130985035
A,30,10,125,5.0,10,10,sqrt,15.11198171865004,0.7883872977476808,15.68701299039147,20.005702767647158
A,30,10,125,5.0,10,10,1.0,4.568803895695142,0.8734269965509858,10.683177177987051,14.634168130985035
A,30,10,125,10.0,1,2,sqrt,63.13487649095568,0.8443635949225182,12.427764721652991,17.431350582827996
A,30,10,125,10.0,1,2,1.0,4.666685736545836,0.8746794051833693,9.85304188749032,14.750185388584336
A,30,10,125,10.0,1,10,sqrt,19.80679276452895,0.8552217097026711,11.838021876073833,16.692039027663533
A,30,10,125,10.0,1,10,1.0,4.517268885281849,0.8764967016823647,9.795833721041427,14.635812773013939
A,30,10,125,10.0,5,2,sqrt,10.160062382977898,0.8578627719015763,11.61399960628836,16.26266102931629
A,30,10,125,10.0,5,2,1.0,4.545931391017592,0.8761483730354049,9.742815237607479,14.58934064352579
A,30,10,125,10.0,5,10,sqrt,10.160062382977898,0.8578627719015763,11.61399960628836,16.26266102931629
A,30,10,125,10.0,5,10,1.0,4.545931391017592,0.8761483730354049,9.742815237607479,14.58934064352579
A,30,10,125,10.0,10,2,sqrt,6.071126351295659,0.8607383652882813,11.274178288923357,15.633251407093931
A,30,10,125,10.0,10,2,1.0,4.467190429958718,0.8778957607550073,9.642567163534284,14.446627644974281
A,30,10,125,10.0,10,10,sqrt,6.071126351295659,0.8607383652882813,11.274178288923357,15.633251407093931
A,30,10,125,10.0,10,10,1.0,4.467190429958718,0.8778957607550073,9.642567163534284,14.446627644974281
A,30,10,125,,1,2,sqrt,11.61211350353817,0.8400312234118088,12.042651853244877,18.443691364049265
A,30,10,125,,1,2,1.0,7.283998189829839,0.8525059528339824,10.976619924538397,17.102926919307976
A,30,10,125,,1,10,sqrt,13.053896771312846,0.8496464203200187,11.610752223863885,17.80339599581812
A,30,10,125,,1,10,1.0,6.542686846316315,0.8581195567978096,10.664865854869358,16.495300207834433
A,30,10,125,,5,2,sqrt,9.297591771178906,0.8499133616973538,11.903819867475939,17.899661163363948
A,30,10,125,,5,2,1.0,5.863100337894666,0.8642717585701918,10.165907775680557,15.748339088646821
A,30,10,125,,5,10,sqrt,9.297591771178906,0.8499133616973538,11.903819867475939,17.899661163363948
A,30,10,125,,5,10,1.0,5.863100337894666,0.8642717585701918,10.165907775680557,15.748339088646821
A,30,10,125,,10,2,sqrt,12.346805092269632,0.854955174951973,11.656269101087918,17.17556081663928
A,30,10,125,,10,2,1.0,5.162683572095301,0.8676930747276022,9.950375996904175,15.261395059197474
A,30,10,125,,10,10,sqrt,12.346805092269632,0.854955174951973,11.656269101087918,17.17556081663928
A,30,10,125,,10,10,1.0,5.162683572095301,0.8676930747276022,9.950375996904175,15.261395059197474
A,30,10,130,5.0,1,2,sqrt,17.90735010878576,0.7878931947210438,15.038334413563138,20.234959808863263
A,30,10,130,5.0,1,2,1.0,4.8095419224529845,0.8770834646443484,9.944790788605765,14.62143864942289
A,30,10,130,5.0,1,10,sqrt,17.473846084358676,0.7913463420629471,15.028201303692166,20.355794766251183
A,30,10,130,5.0,1,10,1.0,4.8095419224529845,0.8770834646443484,9.944790788605765,14.62143864942289
A,30,10,130,5.0,5,2,sqrt,17.28178830341226,0.7904497102570471,15.025080654699442,20.11285374810424
A,30,10,130,5.0,5,2,1.0,4.808559980266198,0.8770840600266823,9.942903742367829,14.61943405324972
A,30,10,130,5.0,5,10,sqrt,17.28178830341226,0.7904497102570471,15.025080654699442,20.11285374810424
A,30,10,130,5.0,5,10,1.0,4.808559980266198,0.8770840600266823,9.942903742367829,14.61943405324972
A,30,10,130,5.0,10,2,sqrt,17.576168988858107,0.7909370039893863,15.147360854118892,20.48377499117593
A,30,10,130,5.0,10,2,1.0,4.811238317985095,0.8770561999769004,9.944903819760578,14.62319450934756
A,30,10,130,5.0,10,10,sqrt,17.576168988858107,0.7909370039893863,15.147360854118892,20.48377499117593
A,30,10,130,5.0,10,10,1.0,4.811238317985095,0.8770561999769004,9.944903819760578,14.62319450934756
A,30,10,130,10.0,1,2,sqrt,59.0533750106535,0.859650758768414,11.284396127724886,16.914026990867505
A,30,10,130,10.0,1,2,1.0,5.310112712327497,0.8754326436413787,9.433987955151771,14.913530107365613
A,30,10,130,10.0,1,10,sqrt,9.01393769406853,0.8612133504724999,10.668200043152181,16.150895514596815
A,30,10,130,10.0,1,10,1.0,5.282958236384642,0.8759013261711862,9.423116278818089,14.890468964265121
A,30,10,130,10.0,5,2,sqrt,23.68999301601842,0.848615528679898,11.312015554177966,16.79519282761057
A,30,10,130,10.0,5,2,1.0,5.023287737555738,0.8758163760197952,9.395027620611492,14.788711920572975
A,30,10,130,10.0,5,10,sqrt,23.68999301601842,0.848615528679898,11.312015554177966,16.79519282761057
A,30,10,130,10.0,5,10,1.0,5.023287737555738,0.8758163760197952,9.395027620611492,14.788711920572975
A,30,10,130,10.0,10,2,sqrt,11.099363430898114,0.8578763291915766,11.25632155346734,16.80372224969418
A,30,10,130,10.0,10,2,1.0,4.834443361384553,0.8765716680067184,9.301177904876784,14.614682016242089
A,30,10,130,10.0,10,10,sqrt,11.099363430898114,0.8578763291915766,11.25632155346734,16.80372224969418
A,30,10,130,10.0,10,10,1.0,4.834443361384553,0.8765716680067184,9.301177904876784,14.614682016242089
A,30,10,130,,1,2,sqrt,35.39751414341701,0.8352505756342051,12.406882904022194,19.303322889142166
A,30,10,130,,1,2,1.0,7.657106298685842,0.8547710999858211,10.720131770595998,16.84605865001825
A,30,10,130,,1,10,sqrt,76.55327692089345,0.8437032911419763,11.907715074978846,18.510477886893987
A,30,10,130,,1,10,1.0,6.712552076949336,0.8587977038155963,10.472781423023765,16.423849389943985
A,30,10,130,,5,2,sqrt,26.120286359502916,0.8482401315291869,11.638373173849455,18.034169190769155
A,30,10,130,,5,2,1.0,6.099323334915438,0.8623596823473691,10.139624602374706,15.952462037190523
A,30,10,130,,5,10,sqrt,26.120286359502916,0.8482401315291869,11.638373173849455,18.034169190769155
A,30,10,130,,5,10,1.0,6.099323334915438,0.8623596823473691,10.139624602374706,15.952462037190523
A,30,10,130,,10,2,sqrt,20.73599934041181,0.853906541088443,11.177020485733447,17.03230622945286
A,30,10,130,,10,2,1.0,5.4348387060776115,0.8677207158432731,9.772344275087411,15.299119928950443
A,30,10,130,,10,10,sqrt,20.73599934041181,0.853906541088443,11.177020485733447,17.03230622945286
A,30,10,130,,10,10,1.0,5.4348387060776115,0.8677207158432731,9.772344275087411,15.299119928950443
A,30,15,115,5.0,1,2,sqrt,10.338648466186617,0.7958234661350871,13.360130240395979,17.523875915857754
A,30,15,115,5.0,1,2,1.0,3.135159322509849,0.8851232675335833,8.808309328405208,12.566987384661164
A,30,15,115,5.0,1,10,sqrt,10.508529429686394,0.7956149210556308,13.301431362282866,17.459407545701104
A,30,15,115,5.0,1,10,1.0,3.135159322509849,0.8851232675335833,8.808309328405208,12.566987384661164
A,30,15,115,5.0,5,2,sqrt,10.530062372052816,0.7963206233592028,13.349204906039347,17.502187376046383
A,30,15,115,5.0,5,2,1.0,3.120981150722154,0.8855158991779277,8.801398223510663,12.55822325378511
A,30,15,115,5.0,5,10,sqrt,10.530062372052816,0.7963206233592028,13.349204906039347,17.502187376046383
A,30,15,115,5.0,5,10,1.0,3.120981150722154,0.8855158991779277,8.801398223510663,12.55822325378511
A,30,15,115,5.0,10,2,sqrt,10.141029565413774,0.7977053925552912,13.07536496948452,17.179930710060734
A,30,15,115,5.0,10,2,1.0,3.1218200735089705,0.8854506759526606,8.804238625044103,12.560418610079973
A,30,15,115,5.0,10,10,sqrt,10.141029565413774,0.7977053925552912,13.07536496948452,17.179930710060734
A,30,15,115,5.0,10,10,1.0,3.1218200735089705,0.8854506759526606,8.804238625044103,12.560418610079973
A,30,15,115,10.0,1,2,sqrt,8.398883827220576,0.8488027466977843,10.90095824654348,15.95538181026256
A,30,15,115,10.0,1,2,1.0,3.1835931978189604,0.8881852514103356,7.984426765620867,12.692491651004843
A,30,15,115,10.0,1,10,sqrt,7.452392621622759,0.8523288720339626,10.901802954110483,15.687688343855779
A,30,15,115,10.0,1,10,1.0,3.0942221814681945,0.8898335640480177,7.954175284361403,12.61554357961678
A,30,15,115,10.0,5,2,sqrt,9.620831130805609,0.8496924328439057,10.700258694519217,15.70959222464219
A,30,15,115,10.0,5,2,1.0,3.053011249307257,0.8907802046318934,7.938242837660981,12.534399048939026
A,30,15,115,10.0,5,10,sqrt,9.620831130805609,0.8496924328439057,10.700258694519217,15.70959222464219
A,30,15,115,10.0,5,10,1.0,3.053011249307257,0.8907802046318934,7.938242837660981,12.534399048939026
A,30,15,115,10.0,10,2,sqrt,9.582212695945122,0.8446927875512316,11.45057314280813,16.385380601677895
A,30,15,115,10.0,10,2,1.0,2.903363664476829,0.8930969866521948,7.8758590879318175,12.430472653285609
A,30,15,115,10.0,10,10,sqrt,9.582212695945122,0.8446927875512316,11.45057314280813,16.385380601677895
A,30,15,115,10.0,10,10,1.0,2.903363664476829,0.8930969866521948,7.8758590879318175,12.430472653285609
A,30,15,115,,1,2,sqrt,10.572941270936663,0.8387455664404009,10.814381369180046,17.46067056894027
A,30,15,115,,1,2,1.0,4.458130376451142,0.8619615216195964,8.79725997995421,14.474805237628678
A,30,15,115,,1,10,sqrt,8.649298035740644,0.8507982419407757,10.459300410822749,16.420712328062045
A,30,15,115,,1,10,1.0,4.052901722793208,0.8703377828034213,8.562582960449639,14.017667557561225
A,30,15,115,,5,2,sqrt,12.204877967009326,0.8487467679711355,10.818323586433646,16.777399132843104
A,30,15,115,,5,2,1.0,3.7373809417139383,0.8763040022681958,8.31998809641141,13.559953015882787
A,30,15,115,,5,10,sqrt,12.204877967009326,0.8487467679711355,10.818323586433646,16.777399132843104
A,30,15,115,,5,10,1.0,3.7373809417139383,0.8763040022681958,8.31998809641141,13.559953015882787
A,30,15,115,,10,2,sqrt,9.898527721912894,0.8538954093278612,10.539527920554722,16.12395206004734
A,30,15,115,,10,2,1.0,3.3032494207505523,0.8816010358673789,8.137928715476534,13.080756465216208
A,30,15,115,,10,10,sqrt,9.898527721912894,0.8538954093278612,10.539527920554722,16.12395206004734
A,30,15,115,,10,10,1.0,3.3032494207505523,0.8816010358673789,8.137928715476534,13.080756465216208
A,30,15,120,5.0,1,2,sqrt,12.576424030862336,0.7881073143600675,14.576979507492439,18.75945385104031
A,30,15,120,5.0,1,2,1.0,3.620073416945819,0.8795334661747372,9.675491795374015,13.462942544154354
A,30,15,120,5.0,1,10,sqrt,13.81434880262837,0.7859506888386762,14.683315038982133,18.83411703791453
A,30,15,120,5.0,1,10,1.0,3.620073416945819,0.8795334661747372,9.675491795374015,13.462942544154354
A,30,15,120,5.0,5,2,sqrt,13.855550604273384,0.7850571157358867,14.529547094909528,18.720448616987007
A,30,15,120,5.0,5,2,1.0,3.5938857654991354,0.8799143992067101,9.667343791459956,13.451857894048814
A,30,15,120,5.0,5,10,sqrt,13.855550604273384,0.7850571157358867,14.529547094909528,18.720448616987007
A,30,15,120,5.0,5,10,1.0,3.5938857654991354,0.8799143992067101,9.667343791459956,13.451857894048814
A,30,15,120,5.0,10,2,sqrt,13.522298151194189,0.7860501837614369,14.35174513713116,18.479131832495362
A,30,15,120,5.0,10,2,1.0,3.5966124616420467,0.879887845458437,9.669876964557597,13.456063614670597
A,30,15,120,5.0,10,10,sqrt,13.522298151194189,0.7860501837614369,14.35174513713116,18.479131832495362
A,30,15,120,5.0,10,10,1.0,3.5966124616420467,0.879887845458437,9.669876964557597,13.456063614670597
A,30,15,120,10.0,1,2,sqrt,10.387335657664797,0.8442143370432248,11.806185682131913,16.810492735825544
A,30,15,120,10.0,1,2,1.0,3.8123654210496505,0.8830827519670068,8.872090481425792,13.676049301414611
A,30,15,120,10.0,1,10,sqrt,14.361706211436262,0.8407922673477868,12.131252481116931,17.291164410587232
A,30,15,120,10.0,1,10,1.0,3.710533078393248,0.8848031197870172,8.812572109982888,13.569730576345165
A,30,15,120,10.0,5,2,sqrt,9.759911134660342,0.8471424998288646,11.653900213083418,16.659372751280554
A,30,15,120,10.0,5,2,1.0,3.5386405213317387,0.8862067122707245,8.769451061985901,13.436790275890786
A,30,15,120,10.0,5,10,sqrt,9.759911134660342,0.8471424998288646,11.653900213083418,16.659372751280554
A,30,15,120,10.0,5,10,1.0,3.5386405213317387,0.8862067122707245,8.769451061985901,13.436790275890786
A,30,15,120,10.0,10,2,sqrt,9.586750045106475,0.8344751936433269,12.28408873368643,17.018556477872096
A,30,15,120,10.0,10,2,1.0,3.3937416614642943,0.8874565659659162,8.70045536627494,13.273144267961158
A,30,15,120,10.0,10,10,sqrt,9.586750045106475,0.8344751936433269,12.28408873368643,17.018556477872096
A,30,15,120,10.0,10,10,1.0,3.3937416614642943,0.8874565659659162,8.70045536627494,13.273144267961158
A,30,15,120,,1,2,sqrt,17.923727400919834,0.8257868968044597,12.601497642641984,19.538850675403033
A,30,15,120,,1,2,1.0,5.38787680146702,0.8582919321389036,9.751286502310567,15.68289297047004
A,30,15,120,,1,10,sqrt,14.512357628414838,0.8384747503014559,12.00275683867913,18.422091154158988
A,30,15,120,,1,10,1.0,4.919472716403722,0.8634052638690278,9.6012703657638,15.262605162219412
A,30,15,120,,5,2,sqrt,12.781628729330762,0.8401595101062295,11.843984429073805,17.980767748088745
A,30,15,120,,5,2,1.0,4.34351872423707,0.8699226780693097,9.24659105270749,14.623253991423672
A,30,15,120,,5,10,sqrt,12.781628729330762,0.8401595101062295,11.843984429073805,17.980767748088745
A,30,15,120,,5,10,1.0,4.34351872423707,0.8699226780693097,9.24659105270749,14.623253991423672
A,30,15,120,,10,2,sqrt,25.4795999396912,0.8451110065726178,11.82496206995458,17.71259409211851
A,30,15,120,,10,2,1.0,3.818111544504327,0.877022485387792,9.000018353064998,14.004277951035107
A,30,15,120,,10,10,sqrt,25.4795999396912,0.8451110065726178,11.82496206995458,17.71259409211851
A,30,15,120,,10,10,1.0,3.818111544504327,0.877022485387792,9.000018353064998,14.004277951035107
A,30,15,125,5.0,1,2,sqrt,15.745831463175625,0.7832708649569041,15.678142059422063,19.88282663333205
A,30,15,125,5.0,1,2,1.0,4.5660938651685,0.8734527589724171,10.68084170504266,14.63027215928824
A,30,15,125,5.0,1,10,sqrt,17.907858457407535,0.7791549205921346,15.956194007397164,20.08548174653672
A,30,15,125,5.0,1,10,1.0,4.5660938651685,0.8734527589724171,10.68084170504266,14.63027215928824
A,30,15,125,5.0,5,2,sqrt,17.86033774878795,0.7791464047331909,15.965214111157508,20.086051489139834
A,30,15,125,5.0,5,2,1.0,4.5660938651685,0.8734527589724171,10.68084170504266,14.63027215928824
A,30,15,125,5.0,5,10,sqrt,17.86033774878795,0.7791464047331909,15.965214111157508,20.086051489139834
A,30,15,125,5.0,5,10,1.0,4.5660938651685,0.8734527589724171,10.68084170504266,14.63027215928824
A,30,15,125,5.0,10,2,sqrt,14.172224383788976,0.788333941609834,14.861219936607643,18.902049546785612
A,30,15,125,5.0,10,2,1.0,4.568803895695142,0.8734269965509858,10.683177177987051,14.634168130985035
A,30,15,125,5.0,10,10,sqrt,14.172224383788976,0.788333941609834,14.861219936607643,18.902049546785612
A,30,15,125,5.0,10,10,1.0,4.568803895695142,0.8734269965509858,10.683177177987051,14.634168130985035
A,30,15,125,10.0,1,2,sqrt,13.513431658167391,0.8365923978416901,13.277741052230345,18.424077287222765
A,30,15,125,10.0,1,2,1.0,5.9028700339764875,0.8720232678534261,10.042274942015293,15.049409623820043
A,30,15,125,10.0,1,10,sqrt,12.453904644952473,0.8334619712624513,12.964784310327952,17.918367318328965
A,30,15,125,10.0,1,10,1.0,5.787146568602493,0.8734925091843488,9.96307989641345,14.928221583404575
A,30,15,125,10.0,5,2,sqrt,9.782427013766874,0.843537109527858,12.577332701608945,17.3808111432648
A,30,15,125,10.0,5,2,1.0,4.794387503714907,0.8753447568230174,9.860949481296043,14.742954143381278
A,30,15,125,10.0,5,10,sqrt,9.782427013766874,0.843537109527858,12.577332701608945,17.3808111432648
A,30,15,125,10.0,5,10,1.0,4.794387503714907,0.8753447568230174,9.860949481296043,14.742954143381278
A,30,15,125,10.0,10,2,sqrt,14.530574314041724,0.8396233928522188,13.335374382695713,18.5853285227451
A,30,15,125,10.0,10,2,1.0,4.569501223196271,0.8774012325538221,9.771148306349051,14.582837263318448
A,30,15,125,10.0,10,10,sqrt,14.530574314041724,0.8396233928522188,13.335374382695713,18.5853285227451
A,30,15,125,10.0,10,10,1.0,4.569501223196271,0.8774012325538221,9.771148306349051,14.582837263318448
A,30,15,125,,1,2,sqrt,32.10197792965293,0.8189097796378084,13.844115954839982,20.9090466305685
A,30,15,125,,1,2,1.0,8.522583619638656,0.8516756411909163,10.806332572368376,17.037287512562308
A,30,15,125,,1,10,sqrt,16.508441011015513,0.830834934506378,13.047467920532293,19.645001983822596
A,30,15,125,,1,10,1.0,8.00524148967925,0.8555586796887205,10.674484285161352,16.723275802133614
A,30,15,125,,5,2,sqrt,13.65656165118765,0.839281892612283,12.600873996776997,18.62652099571444
A,30,15,125,,5,2,1.0,6.3821532610621174,0.8616731185057394,10.320500291868232,16.019920175590062
A,30,15,125,,5,10,sqrt,13.65656165118765,0.839281892612283,12.600873996776997,18.62652099571444
A,30,15,125,,5,10,1.0,6.3821532610621174,0.8616731185057394,10.320500291868232,16.019920175590062
A,30,15,125,,10,2,sqrt,16.890298301723792,0.8332743876805704,13.135876267861676,19.035920870324578
A,30,15,125,,10,2,1.0,5.2759927279457335,0.8682467261313661,10.000395870556071,15.266341834894524
A,30,15,125,,10,10,sqrt,16.890298301723792,0.8332743876805704,13.135876267861676,19.035920870324578
A,30,15,125,,10,10,1.0,5.2759927279457335,0.8682467261313661,10.000395870556071,15.266341834894524
A,30,15,130,5.0,1,2,sqrt,20.446257262818598,0.7806763658973825,15.393089421965765,20.657018946660383
A,30,15,130,5.0,1,2,1.0,4.8095419224529845,0.8770834646443484,9.944790788605765,14.62143864942289
A,30,15,130,5.0,1,10,sqrt,18.40017817876248,0.7871265991369463,14.392967212297625,19.27720373989279
A,30,15,130,5.0,1,10,1.0,4.8095419224529845,0.8770834646443484,9.944790788605765,14.62143864942289
A,30,15,130,5.0,5,2,sqrt,18.344046458494752,0.7872173207523098,14.398751450116086,19.270476809548068
A,30,15,130,5.0,5,2,1.0,4.808559980266198,0.8770840600266823,9.942903742367829,14.61943405324972
A,30,15,130,5.0,5,10,sqrt,18.344046458494752,0.7872173207523098,14.398751450116086,19.270476809548068
A,30,15,130,5.0,5,10,1.0,4.808559980266198,0.8770840600266823,9.942903742367829,14.61943405324972
A,30,15,130,5.0,10,2,sqrt,16.799976851075694,0.7957745319894947,13.664937102603805,18.517241223599633
A,30,15,130,5.0,10,2,1.0,4.811238317985095,0.8770561999769004,9.944903819760578,14.62319450934756
A,30,15,130,5.0,10,10,sqrt,16.799976851075694,0.7957745319894947,13.664937102603805,18.517241223599633
A,30,15,130,5.0,10,10,1.0,4.811238317985095,0.8770561999769004,9.944903819760578,14.62319450934756
A,30,15,130,10.0,1,2,sqrt,19.777008246223886,0.8316231090587951,12.990627682396328,18.770142847601115
A,30,15,130,10.0,1,2,1.0,5.828792883493601,0.8723698748743439,9.567026279277242,15.228503351953018
A,30,15,130,10.0,1,10,sqrt,19.764397489420034,0.8324151663654751,12.820375424315639,18.446621750252252
A,30,15,130,10.0,1,10,1.0,5.9556833124435915,0.8728444443094713,9.555116422311576,15.204544923915611
A,30,15,130,10.0,5,2,sqrt,13.582726393401908,0.8416004390015356,12.346874001502275,18.281144558660536
A,30,15,130,10.0,5,2,1.0,5.579234384322143,0.8743412494922336,9.48050896962466,14.970369211633875
A,30,15,130,10.0,5,10,sqrt,13.582726393401908,0.8416004390015356,12.346874001502275,18.281144558660536
A,30,15,130,10.0,5,10,1.0,5.579234384322143,0.8743412494922336,9.48050896962466,14.970369211633875
A,30,15,130,10.0,10,2,sqrt,13.24239213822228,0.8365545996275705,12.464603280795924,18.157855876355196
A,30,15,130,10.0,10,2,1.0,5.280830418783378,0.874891191625345,9.44635945840697,14.849656862633008
A,30,15,130,10.0,10,10,sqrt,13.24239213822228,0.8365545996275705,12.464603280795924,18.157855876355196
A,30,15,130,10.0,10,10,1.0,5.280830418783378,0.874891191625345,9.44635945840697,14.849656862633008
A,30,15,130,,1,2,sqrt,19.572157580992958,0.8181132335049129,13.903975359220146,20.85501989059149
A,30,15,130,,1,2,1.0,7.523726307200322,0.8526351280880091,10.864864030685357,17.158155527045203
A,30,15,130,,1,10,sqrt,18.148058878740095,0.8291163492044691,13.087638201494372,19.731746091717923
A,30,15,130,,1,10,1.0,7.082975277875431,0.8574227834311667,10.58519746728198,16.67548744755759
A,30,15,130,,5,2,sqrt,15.443264482299531,0.8415545700518299,12.326287460473647,18.58926663951982
A,30,15,130,,5,2,1.0,6.485122528178399,0.8621570125821515,10.221297380178058,16.11564856397282
A,30,15,130,,5,10,sqrt,15.443264482299531,0.8415545700518299,12.326287460473647,18.58926663951982
A,30,15,130,,5,10,1.0,6.485122528178399,0.8621570125821515,10.221297380178058,16.11564856397282
A,30,15,130,,10,2,sqrt,11.468322831198822,0.8405698176343183,12.178140838040164,18.10730374862927
A,30,15,130,,10,2,1.0,5.782074620420877,0.8670672757348686,9.92606156114252,15.515856154811633
A,30,15,130,,10,10,sqrt,11.468322831198822,0.8405698176343183,12.178140838040164,18.10730374862927
A,30,15,130,,10,10,1.0,5.782074620420877,0.8670672757348686,9.92606156114252,15.515856154811633
A,30,20,115,5.0,1,2,sqrt,7.460292945487515,0.8083960470862988,12.568328965189995,16.503273988581846
A,30,20,115,5.0,1,2,1.0,3.1726962394989484,0.8822586412000817,8.797372754141978,12.585449431974395
A,30,20,115,5.0,1,10,sqrt,13.297944356903585,0.7876150572503506,13.77751653016023,18.11396831238683
A,30,20,115,5.0,1,10,1.0,3.1726962394989484,0.8822586412000817,8.797372754141978,12.585449431974395
A,30,20,115,5.0,5,2,sqrt,13.13762665550476,0.7875072675256523,13.804863926932939,18.14054133464611
A,30,20,115,5.0,5,2,1.0,3.1585049774943754,0.8826512728444262,8.790368430161601,12.57668397792947
A,30,20,115,5.0,5,10,sqrt,13.13762665550476,0.7875072675256523,13.804863926932939,18.14054133464611
A,30,20,115,5.0,5,10,1.0,3.1585049774943754,0.8826512728444262,8.790368430161601,12.57668397792947
A,30,20,115,5.0,10,2,sqrt,9.734437138994295,0.8021064049150276,13.085977626482338,17.360804670028703
A,30,20,115,5.0,10,2,1.0,3.1593439002811925,0.882586049619159,8.79320883169504,12.57887933422433
A,30,20,115,5.0,10,10,sqrt,9.734437138994295,0.8021064049150276,13.085977626482338,17.360804670028703
A,30,20,115,5.0,10,10,1.0,3.1593439002811925,0.882586049619159,8.79320883169504,12.57887933422433
A,30,20,115,10.0,1,2,sqrt,7.8105996808545495,0.8467088948457135,10.92072232576964,15.800930544822796
A,30,20,115,10.0,1,2,1.0,3.4129092582528715,0.8862186911848922,8.011429153945105,12.713771919910632
A,30,20,115,10.0,1,10,sqrt,10.537435097665366,0.8514348829802767,10.905518461976046,15.857524511287867
A,30,20,115,10.0,1,10,1.0,3.296146096512968,0.8872634626354945,8.0199896356338,12.724493820156505
A,30,20,115,10.0,5,2,sqrt,20.605685886923677,0.8406103943467848,11.35502020510332,16.172852014900663
A,30,20,115,10.0,5,2,1.0,3.285025459381063,0.8897915360319294,8.063690323717108,12.691065532198527
A,30,20,115,10.0,5,10,sqrt,20.605685886923677,0.8406103943467848,11.35502020510332,16.172852014900663
A,30,20,115,10.0,5,10,1.0,3.285025459381063,0.8897915360319294,8.063690323717108,12.691065532198527
A,30,20,115,10.0,10,2,sqrt,41.97696123918263,0.8352996833574521,11.837323250408073,17.165405238109955
A,30,20,115,10.0,10,2,1.0,3.1661217153869226,0.8901683344411039,8.016129320514594,12.601305220288893
A,30,20,115,10.0,10,10,sqrt,41.97696123918263,0.8352996833574521,11.837323250408073,17.165405238109955
A,30,20,115,10.0,10,10,1.0,3.1661217153869226,0.8901683344411039,8.016129320514594,12.601305220288893
A,30,20,115,,1,2,sqrt,27.28824231259274,0.8297651915612219,11.797535272792155,18.964902572575124
A,30,20,115,,1,2,1.0,4.647337774005441,0.8646889128434836,8.665277091316852,14.375652615906379
A,30,20,115,,1,10,sqrt,61.527966124677235,0.829473162997032,11.923715327673687,18.83923072516281
A,30,20,115,,1,10,1.0,4.211550614198411,0.8695430240986759,8.573212508383538,14.046460073394252
A,30,20,115,,5,2,sqrt,12.258246197186216,0.8447840231438439,11.074532619079957,17.103453012673775
A,30,20,115,,5,2,1.0,3.867444065036625,0.8752308887105296,8.406797355685837,13.652771531242848
A,30,20,115,,5,10,sqrt,12.258246197186216,0.8447840231438439,11.074532619079957,17.103453012673775
A,30,20,115,,5,10,1.0,3.867444065036625,0.8752308887105296,8.406797355685837,13.652771531242848
A,30,20,115,,10,2,sqrt,9.649720838168273,0.8536277800946062,10.785455080273314,16.464344534159796
A,30,20,115,,10,2,1.0,3.5844374351212673,0.8801217937351906,8.2241406853757,13.225847944983325
A,30,20,115,,10,10,sqrt,9.649720838168273,0.8536277800946062,10.785455080273314,16.464344534159796
A,30,20,115,,10,10,1.0,3.5844374351212673,0.8801217937351906,8.2241406853757,13.225847944983325
A,30,20,120,5.0,1,2,sqrt,10.162655146103157,0.8047044076836377,13.771528802637224,17.88439825239733
A,30,20,120,5.0,1,2,1.0,3.632692591350268,0.8795072139224132,9.674838743742958,13.469626247323674
A,30,20,120,5.0,1,10,sqrt,14.549257249129417,0.7892178721846795,14.91062999375869,19.240180310223376
A,30,20,120,5.0,1,10,1.0,3.632692591350268,0.8795072139224132,9.674838743742958,13.469626247323674
A,30,20,120,5.0,5,2,sqrt,14.3826740682181,0.7889671605152412,14.92518421661617,19.252859474356466
A,30,20,120,5.0,5,2,1.0,3.6064918496867064,0.8798881469543863,9.666597520743071,13.45854413754806
A,30,20,120,5.0,5,10,sqrt,14.3826740682181,0.7889671605152412,14.92518421661617,19.252859474356466
A,30,20,120,5.0,5,10,1.0,3.6064918496867064,0.8798881469543863,9.666597520743071,13.45854413754806
A,30,20,120,5.0,10,2,sqrt,12.129849519908577,0.7943510208923753,14.505098207920014,18.811236122306887
A,30,20,120,5.0,10,2,1.0,3.6092185458296173,0.879861593206113,9.669130693840708,13.462749858169843
A,30,20,120,5.0,10,10,sqrt,12.129849519908577,0.7943510208923753,14.505098207920014,18.811236122306887
A,30,20,120,5.0,10,10,1.0,3.6092185458296173,0.879861593206113,9.669130693840708,13.462749858169843
A,30,20,120,10.0,1,2,sqrt,32.732724926764675,0.8377578738578444,12.64604205771098,18.2437502174503
A,30,20,120,10.0,1,2,1.0,4.222700463818724,0.8804907134749479,8.97420666758858,13.890335310880966
A,30,20,120,10.0,1,10,sqrt,66.40706722877052,0.8372842346421605,12.673288191174931,18.14807194612583
A,30,20,120,10.0,1,10,1.0,3.9176748079616006,0.8824135821991549,8.934766655557151,13.762017176449609
A,30,20,120,10.0,5,2,sqrt,18.863447336249294,0.8415837461225502,12.302429965289386,17.54667439742348
A,30,20,120,10.0,5,2,1.0,3.6270267894641792,0.8845064112814903,8.865975905861308,13.532786212325073
A,30,20,120,10.0,5,10,sqrt,18.863447336249294,0.8415837461225502,12.302429965289386,17.54667439742348
A,30,20,120,10.0,5,10,1.0,3.6270267894641792,0.8845064112814903,8.865975905861308,13.532786212325073
A,30,20,120,10.0,10,2,sqrt,14.67059775258249,0.8287627606533269,12.935879068498934,17.949009003453877
A,30,20,120,10.0,10,2,1.0,3.6667737872437387,0.8855183983732082,8.894885426222737,13.56145221867823
A,30,20,120,10.0,10,10,sqrt,14.67059775258249,0.8287627606533269,12.935879068498934,17.949009003453877
A,30,20,120,10.0,10,10,1.0,3.6667737872437387,0.8855183983732082,8.894885426222737,13.56145221867823
A,30,20,120,,1,2,sqrt,52.64241065261854,0.8223932581120167,13.027210922221176,20.260656535378597
A,30,20,120,,1,2,1.0,5.870121084979012,0.8569379066342895,9.80858787722452,15.79860721720291
A,30,20,120,,1,10,sqrt,52.24127342793355,0.828074287118145,12.749880365894294,19.78553317481245
A,30,20,120,,1,10,1.0,5.025856546880232,0.8635947500845133,9.58232437956204,15.328987482592728
A,30,20,120,,5,2,sqrt,41.45191987533046,0.838936390421478,12.165181343577846,18.802491574329377
A,30,20,120,,5,2,1.0,4.544991472073338,0.8687245246941503,9.398599868953516,14.82495471973522
A,30,20,120,,5,10,sqrt,41.45191987533046,0.838936390421478,12.165181343577846,18.802491574329377
A,30,20,120,,5,10,1.0,4.544991472073338,0.8687245246941503,9.398599868953516,14.82495471973522
A,30,20,120,,10,2,sqrt,7.480722187013349,0.8502251196552418,11.395835074856587,16.924407097607123
A,30,20,120,,10,2,1.0,4.230428320568566,0.8753392336762433,9.186672096566474,14.340112647500643
A,30,20,120,,10,10,sqrt,7.480722187013349,0.8502251196552418,11.395835074856587,16.924407097607123
A,30,20,120,,10,10,1.0,4.230428320568566,0.8753392336762433,9.186672096566474,14.340112647500643
A,30,20,125,5.0,1,2,sqrt,12.328952654749504,0.8042804036322355,14.663719701179218,18.84104001679921
A,30,20,125,5.0,1,2,1.0,4.650500909893468,0.8698436070432077,10.674836213411126,14.65696324172022
A,30,20,125,5.0,1,10,sqrt,44.430802762938875,0.7811339828841913,16.832572348002746,21.446191901134654
A,30,20,125,5.0,1,10,1.0,4.650500909893468,0.8698436070432077,10.674836213411126,14.65696324172022
A,30,20,125,5.0,5,2,sqrt,38.504859681923286,0.7829797823969135,16.485778108044705,20.960627854179354
A,30,20,125,5.0,5,2,1.0,4.650500909893468,0.8698436070432077,10.674836213411126,14.65696324172022
A,30,20,125,5.0,5,10,sqrt,38.504859681923286,0.7829797823969135,16.485778108044705,20.960627854179354
A,30,20,125,5.0,5,10,1.0,4.650500909893468,0.8698436070432077,10.674836213411126,14.65696324172022
A,30,20,125,5.0,10,2,sqrt,14.115855695976364,0.7934345171738121,15.504142715104305,19.833628366251954
A,30,20,125,5.0,10,2,1.0,4.653210940420109,0.8698178446217764,10.677171686355518,14.660859213417012
A,30,20,125,5.0,10,10,sqrt,14.115855695976364,0.7934345171738121,15.504142715104305,19.833628366251954
A,30,20,125,5.0,10,10,1.0,4.653210940420109,0.8698178446217764,10.677171686355518,14.660859213417012
A,30,20,125,10.0,1,2,sqrt,50.4722786442088,0.82764938750203,13.72593521376358,19.11005950854302
A,30,20,125,10.0,1,2,1.0,6.481434226203243,0.8733094380220576,9.985768847828641,15.11052439857663
A,30,20,125,10.0,1,10,sqrt,16.87381457834725,0.8282815139491533,13.374136038927594,18.606089052032296
A,30,20,125,10.0,1,10,1.0,5.183239015015354,0.8757462074713771,9.947229825637011,14.974013749368021
A,30,20,125,10.0,5,2,sqrt,10.520707058303476,0.8419288017604059,12.681575255909491,17.619520413877893
A,30,20,125,10.0,5,2,1.0,5.031713711109944,0.8770830274332979,9.877370483476634,14.82353443356464
A,30,20,125,10.0,5,10,sqrt,10.520707058303476,0.8419288017604059,12.681575255909491,17.619520413877893
A,30,20,125,10.0,5,10,1.0,5.031713711109944,0.8770830274332979,9.877370483476634,14.82353443356464
A,30,20,125,10.0,10,2,sqrt,13.900701201346289,0.8395765517929391,13.00675885525177,18.189198445023116
A,30,20,125,10.0,10,2,1.0,4.86056283460133,0.8784863153466395,9.813336694991223,14.66454495549922
A,30,20,125,10.0,10,10,sqrt,13.900701201346289,0.8395765517929391,13.00675885525177,18.189198445023116
A,30,20,125,10.0,10,10,1.0,4.86056283460133,0.8784863153466395,9.813336694991223,14.66454495549922
A,30,20,125,,1,2,sqrt,88.9923266039324,0.8070419206402315,15.062260087247228,22.719023411521107
A,30,20,125,,1,2,1.0,9.208667144294068,0.8497065049319843,11.006387045482729,17.300715817737956
A,30,20,125,,1,10,sqrt,126.1025745322712,0.8187138325563229,14.236146176699606,21.502263759133847
A,30,20,125,,1,10,1.0,8.921193968918542,0.8538364382970165,10.850006537872039,16.920084059872472
A,30,20,125,,5,2,sqrt,76.62247827524001,0.8308977249978586,13.256929202472097,19.75949316119324
A,30,20,125,,5,2,1.0,6.78073535157877,0.8600176686644723,10.477678262164623,16.20860865766086
A,30,20,125,,5,10,sqrt,76.62247827524001,0.8308977249978586,13.256929202472097,19.75949316119324
A,30,20,125,,5,10,1.0,6.78073535157877,0.8600176686644723,10.477678262164623,16.20860865766086
A,30,20,125,,10,2,sqrt,14.313397942599277,0.8380886828819291,13.078111063822544,18.920592241223773
A,30,20,125,,10,2,1.0,5.784827233807737,0.8678960882220474,10.217873708722394,15.606216377065312
A,30,20,125,,10,10,sqrt,14.313397942599277,0.8380886828819291,13.078111063822544,18.920592241223773
A,30,20,125,,10,10,1.0,5.784827233807737,0.8678960882220474,10.217873708722394,15.606216377065312
A,30,20,130,5.0,1,2,sqrt,15.316850569923849,0.8007106953048595,14.240944800315372,19.37250118027031
A,30,20,130,5.0,1,2,1.0,4.8095419224529845,0.8770834646443484,9.944790788605765,14.62143864942289
A,30,20,130,5.0,1,10,sqrt,23.906444167945338,0.7898927571259191,15.329359590856294,20.408003159415905
A,30,20,130,5.0,1,10,1.0,4.8095419224529845,0.8770834646443484,9.944790788605765,14.62143864942289
A,30,20,130,5.0,5,2,sqrt,25.461143943845553,0.7900550832946618,15.326921581502688,20.40029414228612
A,30,20,130,5.0,5,2,1.0,4.808559980266198,0.8770840600266823,9.942903742367829,14.61943405324972
A,30,20,130,5.0,5,10,sqrt,25.461143943845553,0.7900550832946618,15.326921581502688,20.40029414228612
A,30,20,130,5.0,5,10,1.0,4.808559980266198,0.8770840600266823,9.942903742367829,14.61943405324972
A,30,20,130,5.0,10,2,sqrt,13.317615755269514,0.8086785388978972,14.454125102574176,19.56822967916741
A,30,20,130,5.0,10,2,1.0,4.811238317985095,0.8770561999769004,9.944903819760578,14.62319450934756
A,30,20,130,5.0,10,10,sqrt,13.317615755269514,0.8086785388978972,14.454125102574176,19.56822967916741
A,30,20,130,5.0,10,10,1.0,4.811238317985095,0.8770561999769004,9.944903819760578,14.62319450934756
A,30,20,130,10.0,1,2,sqrt,52.474927559055324,0.8185267768246437,13.110244976166166,18.96708209022762
A,30,20,130,10.0,1,2,1.0,6.260090623086024,0.8718762064349596,9.695765770111674,15.419440155899807
A,30,20,130,10.0,1,10,sqrt,79.9170357855705,0.8208318343868533,13.330827028947576,19.337353417024527
A,30,20,130,10.0,1,10,1.0,6.2633578256011,0.87216869480807,9.699375874508124,15.426682574962413
A,30,20,130,10.0,5,2,sqrt,31.25129987891877,0.8215755683468726,13.480120181265622,19.648270670580757
A,30,20,130,10.0,5,2,1.0,5.982602980836451,0.8730635753427682,9.663102964283684,15.274009573948964
A,30,20,130,10.0,5,10,sqrt,31.25129987891877,0.8215755683468726,13.480120181265622,19.648270670580757
A,30,20,130,10.0,5,10,1.0,5.982602980836451,0.8730635753427682,9.663102964283684,15.274009573948964
A,30,20,130,10.0,10,2,sqrt,27.495197875491744,0.8348172303741281,13.10885562461998,19.399416298864633
A,30,20,130,10.0,10,2,1.0,5.586377879288307,0.8737264700738191,9.65069389640716,15.137545412274303
A,30,20,130,10.0,10,10,sqrt,27.495197875491744,0.8348172303741281,13.10885562461998,19.399416298864633
A,30,20,130,10.0,10,10,1.0,5.586377879288307,0.8737264700738191,9.65069389640716,15.137545412274303
A,30,20,130,,1,2,sqrt,86.86273483138508,0.8101484447985132,14.907847908831442,22.677717959256604
A,30,20,130,,1,2,1.0,8.271376737076675,0.8491014605080072,11.048121369257904,17.36275934784568
A,30,20,130,,1,10,sqrt,59.92287371045491,0.8144254728025677,14.43350008213909,21.90555863580759
A,30,20,130,,1,10,1.0,7.232219611012229,0.8541982448177592,10.75616417515186,16.823951731251576
A,30,20,130,,5,2,sqrt,113.50022540467705,0.8236143273193377,13.697192537846018,20.659522864885176
A,30,20,130,,5,2,1.0,6.871623029315979,0.8582858392147109,10.445719315860725,16.32101919051818
A,30,20,130,,5,10,sqrt,113.50022540467705,0.8236143273193377,13.697192537846018,20.659522864885176
A,30,20,130,,5,10,1.0,6.871623029315979,0.8582858392147109,10.445719315860725,16.32101919051818
A,30,20,130,,10,2,sqrt,44.21494382341034,0.8344317759132556,13.146920453002684,19.6391622663768
A,30,20,130,,10,2,1.0,6.1886008056408395,0.8625715283128723,10.263536962526093,15.821193424148717
A,30,20,130,,10,10,sqrt,44.21494382341034,0.8344317759132556,13.146920453002684,19.6391622663768
A,30,20,130,,10,10,1.0,6.1886008056408395,0.8625715283128723,10.263536962526093,15.821193424148717
B,15,10,115,5.0,1,2,sqrt,61.11561599985431,0.7334855962708385,15.941165216900265,20.957321171828077
B,15,10,115,5.0,1,2,1.0,6.202572685114092,0.853304458364606,10.425955711390998,14.91457834227288
B,15,10,115,5.0,1,10,sqrt,62.010199096019434,0.7269480341247561,16.273406432166517,21.335313074428353
B,15,10,115,5.0,1,10,1.0,6.202572685114092,0.853304458364606,10.425955711390998,14.91457834227288
B,15,10,115,5.0,5,2,sqrt,58.92544510950165,0.7287510170106597,15.964000024779404,20.89467953315319
B,15,10,115,5.0,5,2,1.0,6.202572685114092,0.853304458364606,10.425955711390998,14.91457834227288
B,15,10,115,5.0,5,10,sqrt,58.92544510950165,0.7287510170106597,15.964000024779404,20.89467953315319
B,15,10,115,5.0,5,10,1.0,6.202572685114092,0.853304458364606,10.425955711390998,14.91457834227288
B,15,10,115,5.0,10,2,sqrt,73.78538231220108,0.7260024030181235,16.48111149301762,21.46047539235215
B,15,10,115,5.0,10,2,1.0,6.202576419102193,0.853304458364606,10.425965683503215,14.91459075389677
B,15,10,115,5.0,10,10,sqrt,73.78538231220108,0.7260024030181235,16.48111149301762,21.46047539235215
B,15,10,115,5.0,10,10,1.0,6.202576419102193,0.853304458364606,10.425965683503215,14.91459075389677
B,15,10,115,10.0,1,2,sqrt,17.756538694238508,0.8141486735069451,12.285118793199137,17.549275131903837
B,15,10,115,10.0,1,2,1.0,8.220101146939747,0.8646691717873501,9.623086873591605,15.213110900684558
B,15,10,115,10.0,1,10,sqrt,11.457104123408978,0.8343941742068663,11.440271141201475,16.748406678334042
B,15,10,115,10.0,1,10,1.0,8.094038683560196,0.8652867935447455,9.619899565087852,15.178236196054442
B,15,10,115,10.0,5,2,sqrt,8.516061968430414,0.8469373661998245,10.94655605664364,16.1305065257812
B,15,10,115,10.0,5,2,1.0,7.844204435338767,0.8668159275811782,9.5565105569249,15.045394396394801
B,15,10,115,10.0,5,10,sqrt,8.516061968430414,0.8469373661998245,10.94655605664364,16.1305065257812
B,15,10,115,10.0,5,10,1.0,7.844204435338767,0.8668159275811782,9.5565105569249,15.045394396394801
B,15,10,115,10.0,10,2,sqrt,9.739200733409213,0.8377955692771277,11.076014201561131,16.00223531390543
B,15,10,115,10.0,10,2,1.0,7.037749593005086,0.8686813446837789,9.50711275686451,14.895697111218857
B,15,10,115,10.0,10,10,sqrt,9.739200733409213,0.8377955692771277,11.076014201561131,16.00223531390543
B,15,10,115,10.0,10,10,1.0,7.037749593005086,0.8686813446837789,9.50711275686451,14.895697111218857
B,15,10,115,,1,2,sqrt,22.135053349480312,0.8128843576783741,11.619040087827994,19.393227017116814
B,15,10,115,,1,2,1.0,15.1694369867751,0.8248502024275334,10.873416648036894,18.54806873422975
B,15,10,115,,1,10,sqrt,19.767398844672375,0.8211899487590018,11.529619836391175,18.751994048350827
B,15,10,115,,1,10,1.0,12.711026003292739,0.8345996729563161,10.54202510036509,17.692478381423218
B,15,10,115,,5,2,sqrt,12.136547151096696,0.8335518062237828,10.953610368560232,17.618631442542103
B,15,10,115,,5,2,1.0,11.16613464232439,0.8410342861141057,10.214997822107394,17.09222470025109
B,15,10,115,,5,10,sqrt,12.136547151096696,0.8335518062237828,10.953610368560232,17.618631442542103
B,15,10,115,,5,10,1.0,11.16613464232439,0.8410342861141057,10.214997822107394,17.09222470025109
B,15,10,115,,10,2,sqrt,9.595424194967109,0.845134648404233,10.646932843497067,16.626122568809528
B,15,10,115,,10,2,1.0,8.188347101063199,0.8534143985007336,9.84015067775712,16.02117913285562
B,15,10,115,,10,10,sqrt,9.595424194967109,0.845134648404233,10.646932843497067,16.626122568809528
B,15,10,115,,10,10,1.0,8.188347101063199,0.8534143985007336,9.84015067775712,16.02117913285562
B,15,10,120,5.0,1,2,sqrt,71.38809820006378,0.7385949035529759,16.994116331091316,22.012198475304483
B,15,10,120,5.0,1,2,1.0,7.9535620048675115,0.8456777872036494,11.555540825852187,16.14685574575199
B,15,10,120,5.0,1,10,sqrt,72.64366088932546,0.7319045776875349,17.373321073255596,22.433890916376537
B,15,10,120,5.0,1,10,1.0,7.9535620048675115,0.8456777872036494,11.555540825852187,16.14685574575199
B,15,10,120,5.0,5,2,sqrt,68.27145831251099,0.7340998758709205,17.0199133505563,21.979601019392337
B,15,10,120,5.0,5,2,1.0,7.9535620048675115,0.8456777872036494,11.555540825852187,16.14685574575199
B,15,10,120,5.0,5,10,sqrt,68.27145831251099,0.7340998758709205,17.0199133505563,21.979601019392337
B,15,10,120,5.0,5,10,1.0,7.9535620048675115,0.8456777872036494,11.555540825852187,16.14685574575199
B,15,10,120,5.0,10,2,sqrt,84.65754748668317,0.7301511490863115,17.50840462700806,22.491743083472993
B,15,10,120,5.0,10,2,1.0,7.956147929642961,0.8456643502771876,11.560052350314887,16.150835429490023
B,15,10,120,5.0,10,10,sqrt,84.65754748668317,0.7301511490863115,17.50840462700806,22.491743083472993
B,15,10,120,5.0,10,10,1.0,7.956147929642961,0.8456643502771876,11.560052350314887,16.150835429490023
B,15,10,120,10.0,1,2,sqrt,28.124438166857704,0.8178887153357038,12.932844704359812,18.141082543500122
B,15,10,120,10.0,1,2,1.0,12.646705183168086,0.8601086757661722,10.630241721542257,16.34978690314575
B,15,10,120,10.0,1,10,sqrt,21.393863503324937,0.8292915319758565,12.553550913806934,17.878414643104957
B,15,10,120,10.0,1,10,1.0,11.425298043890802,0.8608555330129206,10.623767604469025,16.323513679086734
B,15,10,120,10.0,5,2,sqrt,28.76233186235762,0.8254538926185052,12.759706639712158,17.956425584885878
B,15,10,120,10.0,5,2,1.0,10.504765023073523,0.8625579520219404,10.528507405985115,16.14244265893757
B,15,10,120,10.0,5,10,sqrt,28.76233186235762,0.8254538926185052,12.759706639712158,17.956425584885878
B,15,10,120,10.0,5,10,1.0,10.504765023073523,0.8625579520219404,10.528507405985115,16.14244265893757
B,15,10,120,10.0,10,2,sqrt,17.247182855940853,0.8353374080972161,12.310585096369785,17.421438104034866
B,15,10,120,10.0,10,2,1.0,9.151152624308146,0.8634838820435853,10.485857914575238,16.043534704210124
B,15,10,120,10.0,10,10,sqrt,17.247182855940853,0.8353374080972161,12.310585096369785,17.421438104034866
B,15,10,120,10.0,10,10,1.0,9.151152624308146,0.8634838820435853,10.485857914575238,16.043534704210124
B,15,10,120,,1,2,sqrt,52.091591814885575,0.8084645921096587,13.00446076824441,21.133145923525266
B,15,10,120,,1,2,1.0,22.785159928354478,0.8171604811000213,12.1024905916779,20.017592910140706
B,15,10,120,,1,10,sqrt,32.32716801050014,0.8137967387169519,12.997328026006548,20.443225957623525
B,15,10,120,,1,10,1.0,17.7611459613204,0.8276835125207105,11.738792518953952,19.18126790164053
B,15,10,120,,5,2,sqrt,16.840643206376715,0.8289582560341457,12.153945950029126,18.928351493058756
B,15,10,120,,5,2,1.0,15.575282442310286,0.8337642489875627,11.417738348251756,18.530150724901567
B,15,10,120,,5,10,sqrt,16.840643206376715,0.8289582560341457,12.153945950029126,18.928351493058756
B,15,10,120,,5,10,1.0,15.575282442310286,0.8337642489875627,11.417738348251756,18.530150724901567
B,15,10,120,,10,2,sqrt,14.839318885364772,0.8371736230060242,11.981967970138866,18.256166721836856
B,15,10,120,,10,2,1.0,11.428569496524675,0.8444204390039307,10.866391599114396,17.31437224139874
B,15,10,120,,10,10,sqrt,14.839318885364772,0.8371736230060242,11.981967970138866,18.256166721836856
B,15,10,120,,10,10,1.0,11.428569496524675,0.8444204390039307,10.866391599114396,17.31437224139874
B,15,10,125,5.0,1,2,sqrt,91.9073056631047,0.7336609268278178,18.337319623273935,23.4252137184069
B,15,10,125,5.0,1,2,1.0,10.006242724276065,0.8403904619185582,12.623684917008475,17.436141187117613
B,15,10,125,5.0,1,10,sqrt,93.53966766726539,0.7268628071098157,18.71323794800089,23.853607376439676
B,15,10,125,5.0,1,10,1.0,10.006242724276065,0.8403904619185582,12.623684917008475,17.436141187117613
B,15,10,125,5.0,5,2,sqrt,87.73737747008936,0.7334995549141518,18.35587330211886,23.431490889289524
B,15,10,125,5.0,5,2,1.0,10.006242724276065,0.8403904619185582,12.623684917008475,17.436141187117613
B,15,10,125,5.0,5,10,sqrt,87.73737747008936,0.7334995549141518,18.35587330211886,23.431490889289524
B,15,10,125,5.0,5,10,1.0,10.006242724276065,0.8403904619185582,12.623684917008475,17.436141187117613
B,15,10,125,5.0,10,2,sqrt,108.33156117436151,0.7258453170246604,18.868500656185944,23.963733854779683
B,15,10,125,5.0,10,2,1.0,10.008725511288445,0.8403473637226536,12.629103942308394,17.439886154021828
B,15,10,125,5.0,10,10,sqrt,108.33156117436151,0.7258453170246604,18.868500656185944,23.963733854779683
B,15,10,125,5.0,10,10,1.0,10.008725511288445,0.8403473637226536,12.629103942308394,17.439886154021828
B,15,10,125,10.0,1,2,sqrt,18.83824050527817,0.8198684713631936,13.51406978621815,18.783515748611002
B,15,10,125,10.0,1,2,1.0,17.043698422123427,0.8477889536067538,12.005225410701641,18.03941012130243
B,15,10,125,10.0,1,10,sqrt,26.982403474781073,0.8162414607333481,14.362813160399032,19.956412293530246
B,15,10,125,10.0,1,10,1.0,16.07873048343903,0.8485778884320843,11.982862922782342,17.96491556920554
B,15,10,125,10.0,5,2,sqrt,20.07167188113701,0.825249413030973,13.612050819296584,18.85333862357355
B,15,10,125,10.0,5,2,1.0,14.076229442506996,0.8500746966689217,11.865928688186358,17.774129637826928
B,15,10,125,10.0,5,10,sqrt,20.07167188113701,0.825249413030973,13.612050819296584,18.85333862357355
B,15,10,125,10.0,5,10,1.0,14.076229442506996,0.8500746966689217,11.865928688186358,17.774129637826928
B,15,10,125,10.0,10,2,sqrt,23.948126375327007,0.8293618089144925,13.52005003855938,18.88181158331524
B,15,10,125,10.0,10,2,1.0,13.751773928997636,0.8510199104158541,11.81791643058946,17.680516960872872
B,15,10,125,10.0,10,10,sqrt,23.948126375327007,0.8293618089144925,13.52005003855938,18.88181158331524
B,15,10,125,10.0,10,10,1.0,13.751773928997636,0.8510199104158541,11.81791643058946,17.680516960872872
B,15,10,125,,1,2,sqrt,39.37543258362172,0.7957701462131925,14.765344043990826,23.214702338175613
B,15,10,125,,1,2,1.0,32.53339105306975,0.8081148022250637,13.589118791908092,21.91311292587208
B,15,10,125,,1,10,sqrt,34.96244749535474,0.8074749874806855,14.403199078521837,22.06540161065549
B,15,10,125,,1,10,1.0,27.492966285992544,0.8166143874278188,13.2098098697752,21.000593442202856
B,15,10,125,,5,2,sqrt,22.52221005274946,0.8179750370893064,13.403682211954134,20.41713025041688
B,15,10,125,,5,2,1.0,22.780667648228516,0.8212581877552074,12.80210578744387,20.170463114793165
B,15,10,125,,5,10,sqrt,22.52221005274946,0.8179750370893064,13.403682211954134,20.41713025041688
B,15,10,125,,5,10,1.0,22.780667648228516,0.8212581877552074,12.80210578744387,20.170463114793165
B,15,10,125,,10,2,sqrt,28.904931369710795,0.8220836012671869,13.555105937927683,19.98321833639206
B,15,10,125,,10,2,1.0,17.20080523265684,0.8330284504410146,12.31423831397078,19.010754648255762
B,15,10,125,,10,10,sqrt,28.904931369710795,0.8220836012671869,13.555105937927683,19.98321833639206
B,15,10,125,,10,10,1.0,17.20080523265684,0.8330284504410146,12.31423831397078,19.010754648255762
B,15,10,130,5.0,1,2,sqrt,130.9627363180836,0.7304288677143626,17.69737704383558,23.70453105194311
B,15,10,130,5.0,1,2,1.0,13.625475611643884,0.83894005968279,12.017568103001569,17.662606022366397
B,15,10,130,5.0,1,10,sqrt,133.2515884517993,0.7240358255281022,18.084537218623897,24.167353643750864
B,15,10,130,5.0,1,10,1.0,13.625475611643884,0.83894005968279,12.017568103001569,17.662606022366397
B,15,10,130,5.0,5,2,sqrt,109.98843571949476,0.7301429787533265,17.703203979272814,23.677023407124203
B,15,10,130,5.0,5,2,1.0,13.625513211406082,0.8389362399574729,12.01792483750877,17.662681407227126
B,15,10,130,5.0,5,10,sqrt,109.98843571949476,0.7301429787533265,17.703203979272814,23.677023407124203
B,15,10,130,5.0,5,10,1.0,13.625513211406082,0.8389362399574729,12.01792483750877,17.662681407227126
B,15,10,130,5.0,10,2,sqrt,136.64101073552345,0.719572399625614,18.461351638614797,24.437842124003378
B,15,10,130,5.0,10,2,1.0,13.628160153858094,0.838937850099923,12.023907924551489,17.666661913271312
B,15,10,130,5.0,10,10,sqrt,136.64101073552345,0.719572399625614,18.461351638614797,24.437842124003378
B,15,10,130,5.0,10,10,1.0,13.628160153858094,0.838937850099923,12.023907924551489,17.666661913271312
B,15,10,130,10.0,1,2,sqrt,26.178908145875504,0.8244494368934058,13.006176170758996,19.39470066522103
B,15,10,130,10.0,1,2,1.0,21.41983411957647,0.8454875256781843,11.528865159787646,18.31719105661344
B,15,10,130,10.0,1,10,sqrt,39.3557797385632,0.8243525214173557,13.180557837715691,19.795508695248696
B,15,10,130,10.0,1,10,1.0,20.09025185949367,0.8463719247513865,11.512843540092026,18.2551716979632
B,15,10,130,10.0,5,2,sqrt,19.927398832756033,0.822100968584396,13.348851261596698,19.622318835735843
B,15,10,130,10.0,5,2,1.0,17.544272910896094,0.847462136162919,11.427445646293638,18.062826424111204
B,15,10,130,10.0,5,10,sqrt,19.927398832756033,0.822100968584396,13.348851261596698,19.622318835735843
B,15,10,130,10.0,5,10,1.0,17.544272910896094,0.847462136162919,11.427445646293638,18.062826424111204
B,15,10,130,10.0,10,2,sqrt,28.381633782340977,0.8305535461744062,12.52443058564701,18.834510802329554
B,15,10,130,10.0,10,2,1.0,16.04009508260733,0.8482469867254634,11.323954152593657,17.936791499587464
B,15,10,130,10.0,10,10,sqrt,28.381633782340977,0.8305535461744062,12.52443058564701,18.834510802329554
B,15,10,130,10.0,10,10,1.0,16.04009508260733,0.8482469867254634,11.323954152593657,17.936791499587464
B,15,10,130,,1,2,sqrt,91.12986718403306,0.7975403448539954,14.44611348821799,22.843847632042635
B,15,10,130,,1,2,1.0,35.0989385112858,0.8063366393693402,13.637289164031191,21.994785436231485
B,15,10,130,,1,10,sqrt,43.42167770829576,0.8094966470081022,13.903564650628832,21.66465077371074
B,15,10,130,,1,10,1.0,29.921572214679475,0.8132393343777261,13.161241855898842,21.151758430429673
B,15,10,130,,5,2,sqrt,30.26396872863059,0.8141009900091796,13.383797574389451,20.697790605639227
B,15,10,130,,5,2,1.0,25.723449852785528,0.8201650663484059,12.657798577081527,20.263143911360395
B,15,10,130,,5,10,sqrt,30.26396872863059,0.8141009900091796,13.383797574389451,20.697790605639227
B,15,10,130,,5,10,1.0,25.723449852785528,0.8201650663484059,12.657798577081527,20.263143911360395
B,15,10,130,,10,2,sqrt,19.606246018019977,0.8235347323384378,13.040922255270825,19.85248399160748
B,15,10,130,,10,2,1.0,19.97409629204335,0.8294954376997088,12.035704721767617,19.151746372621062
B,15,10,130,,10,10,sqrt,19.606246018019977,0.8235347323384378,13.040922255270825,19.85248399160748
B,15,10,130,,10,10,1.0,19.97409629204335,0.8294954376997088,12.035704721767617,19.151746372621062
B,15,15,115,5.0,1,2,sqrt,20.083376316878166,0.7391533070950201,14.712731140446323,19.18434504914155
B,15,15,115,5.0,1,2,1.0,6.202232691143256,0.8533297699570273,10.424247156355213,14.91356909863903
B,15,15,115,5.0,1,10,sqrt,20.201616914694284,0.7331830051314825,14.842433081057496,19.25893782689839
B,15,15,115,5.0,1,10,1.0,6.202232691143256,0.8533297699570273,10.424247156355213,14.91356909863903
B,15,15,115,5.0,5,2,sqrt,20.442282096707636,0.7366071436414608,14.79848995680176,19.272487154936325
B,15,15,115,5.0,5,2,1.0,6.202232691143256,0.8533297699570273,10.424247156355213,14.91356909863903
B,15,15,115,5.0,5,10,sqrt,20.442282096707636,0.7366071436414608,14.79848995680176,19.272487154936325
B,15,15,115,5.0,5,10,1.0,6.202232691143256,0.8533297699570273,10.424247156355213,14.91356909863903
B,15,15,115,5.0,10,2,sqrt,18.436354209024522,0.7405614059087837,14.572567638435661,19.075163126466688
B,15,15,115,5.0,10,2,1.0,6.202236425131357,0.8533297699570273,10.424257128467428,14.913581510262919
B,15,15,115,5.0,10,10,sqrt,18.436354209024522,0.7405614059087837,14.572567638435661,19.075163126466688
B,15,15,115,5.0,10,10,1.0,6.202236425131357,0.8533297699570273,10.424257128467428,14.913581510262919
B,15,15,115,10.0,1,2,sqrt,12.964738114004735,0.8116678774279631,12.455944248274518,17.658776739897267
B,15,15,115,10.0,1,2,1.0,8.680127662093296,0.8637341257712571,9.697142815705575,15.359359872540775
B,15,15,115,10.0,1,10,sqrt,11.720613911302099,0.8114493993922842,12.750649555600953,17.82275331488552
B,15,15,115,10.0,1,10,1.0,8.235057336850058,0.8652319729287614,9.667621483362392,15.267696660267802
B,15,15,115,10.0,5,2,sqrt,12.813890342595844,0.7993164620832405,12.853736752982579,17.72212298007982
B,15,15,115,10.0,5,2,1.0,8.177315675074436,0.8661112569603926,9.628770600167838,15.21703812088949
B,15,15,115,10.0,5,10,sqrt,12.813890342595844,0.7993164620832405,12.853736752982579,17.72212298007982
B,15,15,115,10.0,5,10,1.0,8.177315675074436,0.8661112569603926,9.628770600167838,15.21703812088949
B,15,15,115,10.0,10,2,sqrt,11.692871780253546,0.8089774306944457,12.380281101261538,17.405329705424244
B,15,15,115,10.0,10,2,1.0,7.178317344538906,0.8679268553510058,9.55636149601261,14.978244506541623
B,15,15,115,10.0,10,10,sqrt,11.692871780253546,0.8089774306944457,12.380281101261538,17.405329705424244
B,15,15,115,10.0,10,10,1.0,7.178317344538906,0.8679268553510058,9.55636149601261,14.978244506541623
B,15,15,115,,1,2,sqrt,25.73051201653444,0.8011964061218027,12.531155351170714,20.527147100858635
B,15,15,115,,1,2,1.0,16.599096929820355,0.8202279256635148,11.00999767553093,18.71218809140138
B,15,15,115,,1,10,sqrt,15.62468235247194,0.8177850275669613,11.914862898633144,19.123424103667638
B,15,15,115,,1,10,1.0,12.404997929674767,0.8308280058544586,10.679263639666575,17.843327450719976
B,15,15,115,,5,2,sqrt,17.399167819725335,0.8138206059172445,12.312280597840452,19.067772305746672
B,15,15,115,,5,2,1.0,11.38710668829358,0.8402215070791834,10.336328149294342,17.2334147126309
B,15,15,115,,5,10,sqrt,17.399167819725335,0.8138206059172445,12.312280597840452,19.067772305746672
B,15,15,115,,5,10,1.0,11.38710668829358,0.8402215070791834,10.336328149294342,17.2334147126309
B,15,15,115,,10,2,sqrt,12.083035640986058,0.8241773395725442,11.676880445890989,17.772474423915824
B,15,15,115,,10,2,1.0,8.769405682658277,0.8488174106717381,9.983157202471208,16.18122808515325
B,15,15,115,,10,10,sqrt,12.083035640986058,0.8241773395725442,11.676880445890989,17.772474423915824
B,15,15,115,,10,10,1.0,8.769405682658277,0.8488174106717381,9.983157202471208,16.18122808515325
B,15,15,120,5.0,1,2,sqrt,25.224739978916936,0.7398717178312884,15.8812257049702,20.336408192488697
B,15,15,120,5.0,1,2,1.0,7.954553413352869,0.8456785423854883,11.556924201366963,16.147423205769236
B,15,15,120,5.0,1,10,sqrt,25.30001317791778,0.7348561896139987,15.888077510744441,20.320994934968287
B,15,15,120,5.0,1,10,1.0,7.954553413352869,0.8456785423854883,11.556924201366963,16.147423205769236
B,15,15,120,5.0,5,2,sqrt,25.3698541466048,0.7381817317988311,15.908675972827094,20.37754921599251
B,15,15,120,5.0,5,2,1.0,7.954553413352869,0.8456785423854883,11.556924201366963,16.147423205769236
B,15,15,120,5.0,5,10,sqrt,25.3698541466048,0.7381817317988311,15.908675972827094,20.37754921599251
B,15,15,120,5.0,5,10,1.0,7.954553413352869,0.8456785423854883,11.556924201366963,16.147423205769236
B,15,15,120,5.0,10,2,sqrt,23.458979057649625,0.7398648754351708,15.934982635116345,20.48975303723902
B,15,15,120,5.0,10,2,1.0,7.954691217206294,0.8456865155266075,11.556593896749085,16.147343155342732
B,15,15,120,5.0,10,10,sqrt,23.458979057649625,0.7398648754351708,15.934982635116345,20.48975303723902
B,15,15,120,5.0,10,10,1.0,7.954691217206294,0.8456865155266075,11.556593896749085,16.147343155342732
B,15,15,120,10.0,1,2,sqrt,19.10733605180575,0.7985044294477355,14.074235381309759,19.319865707396563
B,15,15,120,10.0,1,2,1.0,13.829769630537953,0.8580550945288135,10.720917496487854,16.533132672552554
B,15,15,120,10.0,1,10,sqrt,17.328597053099028,0.8052117228363596,14.024557906698817,19.401005905706782
B,15,15,120,10.0,1,10,1.0,11.005046016376747,0.8594055871109241,10.69030053025457,16.4335276709618
B,15,15,120,10.0,5,2,sqrt,16.209721328902138,0.8146016098887934,13.645768272401,18.866292435617105
B,15,15,120,10.0,5,2,1.0,10.510415178717494,0.8615338722666278,10.614401502619817,16.31792142129368
B,15,15,120,10.0,5,10,sqrt,16.209721328902138,0.8146016098887934,13.645768272401,18.866292435617105
B,15,15,120,10.0,5,10,1.0,10.510415178717494,0.8615338722666278,10.614401502619817,16.31792142129368
B,15,15,120,10.0,10,2,sqrt,14.160226718507792,0.8146322584431325,13.63698268194903,18.831580843817427
B,15,15,120,10.0,10,2,1.0,9.106047692813032,0.8626935872236668,10.532834204093891,16.11745930455832
B,15,15,120,10.0,10,10,sqrt,14.160226718507792,0.8146322584431325,13.63698268194903,18.831580843817427
B,15,15,120,10.0,10,10,1.0,9.106047692813032,0.8626935872236668,10.532834204093891,16.11745930455832
B,15,15,120,,1,2,sqrt,34.74031684191648,0.7906123674294576,14.201642528309236,22.44654625783442
B,15,15,120,,1,2,1.0,23.518762274386802,0.8137066236092034,12.319356896852474,20.301644600223028
B,15,15,120,,1,10,sqrt,23.644064878113472,0.8048991066454223,13.283377434877485,20.850156393377926
B,15,15,120,,1,10,1.0,18.599037124181926,0.8232348924726663,12.064273053659686,19.566803628286834
B,15,15,120,,5,2,sqrt,17.814205657737737,0.8165660127183434,12.862924886951879,19.769942633525226
B,15,15,120,,5,2,1.0,15.034937404173707,0.8306119298399036,11.634613881939789,18.7125782796505
B,15,15,120,,5,10,sqrt,17.814205657737737,0.8165660127183434,12.862924886951879,19.769942633525226
B,15,15,120,,5,10,1.0,15.034937404173707,0.8306119298399036,11.634613881939789,18.7125782796505
B,15,15,120,,10,2,sqrt,18.52678239761044,0.8150126646932614,13.227068301610291,19.733492001683057
B,15,15,120,,10,2,1.0,10.963455976060326,0.8439188105541925,11.043731360714153,17.45518516626151
B,15,15,120,,10,10,sqrt,18.52678239761044,0.8150126646932614,13.227068301610291,19.733492001683057
B,15,15,120,,10,10,1.0,10.963455976060326,0.8439188105541925,11.043731360714153,17.45518516626151
B,15,15,125,5.0,1,2,sqrt,43.56743888971926,0.7394659050364629,16.904646219612154,21.486880209394982
B,15,15,125,5.0,1,2,1.0,10.006269905728464,0.8403904619185582,12.623778405124051,17.43622926355665
B,15,15,125,5.0,1,10,sqrt,29.018867605189733,0.7402310066103649,17.013939620450916,21.520165082204894
B,15,15,125,5.0,1,10,1.0,10.006269905728464,0.8403904619185582,12.623778405124051,17.43622926355665
B,15,15,125,5.0,5,2,sqrt,28.510326336231333,0.7398028942063268,16.832499418152146,21.3888439895098
B,15,15,125,5.0,5,2,1.0,10.006269905728464,0.8403904619185582,12.623778405124051,17.43622926355665
B,15,15,125,5.0,5,10,sqrt,28.510326336231333,0.7398028942063268,16.832499418152146,21.3888439895098
B,15,15,125,5.0,5,10,1.0,10.006269905728464,0.8403904619185582,12.623778405124051,17.43622926355665
B,15,15,125,5.0,10,2,sqrt,29.13601722991668,0.7384807030477989,17.008529790538343,21.607329205881882
B,15,15,125,5.0,10,2,1.0,10.007165494910922,0.8403613065021027,12.62508467174709,17.43649943240331
B,15,15,125,5.0,10,10,sqrt,29.13601722991668,0.7384807030477989,17.008529790538343,21.607329205881882
B,15,15,125,5.0,10,10,1.0,10.007165494910922,0.8403613065021027,12.62508467174709,17.43649943240331
B,15,15,125,10.0,1,2,sqrt,22.376694691533856,0.8009942122447979,15.182970290978892,20.682931981231427
B,15,15,125,10.0,1,2,1.0,15.805458669733085,0.8491543563689639,12.001421813544265,18.049571626266303
B,15,15,125,10.0,1,10,sqrt,23.735647948184344,0.7985863862387501,15.490065735705354,21.028956790225983
B,15,15,125,10.0,1,10,1.0,15.972148371423694,0.8484074340067036,12.032959122796544,18.08785780021544
B,15,15,125,10.0,5,2,sqrt,23.5399232675286,0.7924743986134705,15.308901102835472,20.729508662894254
B,15,15,125,10.0,5,2,1.0,13.95354411778952,0.8509508848644576,11.874277958760036,17.819131198465595
B,15,15,125,10.0,5,10,sqrt,23.5399232675286,0.7924743986134705,15.308901102835472,20.729508662894254
B,15,15,125,10.0,5,10,1.0,13.95354411778952,0.8509508848644576,11.874277958760036,17.819131198465595
B,15,15,125,10.0,10,2,sqrt,15.554331530742946,0.8147203505135359,14.596910826909355,19.837661230664953
B,15,15,125,10.0,10,2,1.0,13.711471966173667,0.8516521289802021,11.790852945092965,17.650661195828118
B,15,15,125,10.0,10,10,sqrt,15.554331530742946,0.8147203505135359,14.596910826909355,19.837661230664953
B,15,15,125,10.0,10,10,1.0,13.711471966173667,0.8516521289802021,11.790852945092965,17.650661195828118
B,15,15,125,,1,2,sqrt,62.22037370068646,0.7917827600711823,15.09590753427661,23.648490227885386
B,15,15,125,,1,2,1.0,30.600508796779735,0.81006371350555,13.475829409076649,21.75270461981399
B,15,15,125,,1,10,sqrt,40.58299493754513,0.8007056263609451,14.77146572939137,22.42145923194426
B,15,15,125,,1,10,1.0,26.019573108718827,0.816390125550172,13.238280383983218,21.041127322971686
B,15,15,125,,5,2,sqrt,30.92031073817763,0.8024245280126454,14.574187902291564,21.801346531812456
B,15,15,125,,5,2,1.0,20.829217004786567,0.82299078725855,12.815421632922835,20.146732902006487
B,15,15,125,,5,10,sqrt,30.92031073817763,0.8024245280126454,14.574187902291564,21.801346531812456
B,15,15,125,,5,10,1.0,20.829217004786567,0.82299078725855,12.815421632922835,20.146732902006487
B,15,15,125,,10,2,sqrt,21.769732952492937,0.8106277804989409,14.423630590110823,20.903362091986732
B,15,15,125,,10,2,1.0,16.87352314218433,0.8337216898265843,12.320441701931045,18.99513307861763
B,15,15,125,,10,10,sqrt,21.769732952492937,0.8106277804989409,14.423630590110823,20.903362091986732
B,15,15,125,,10,10,1.0,16.87352314218433,0.8337216898265843,12.320441701931045,18.99513307861763
B,15,15,130,5.0,1,2,sqrt,52.69332395874553,0.7387799330386039,16.300076829139222,21.698770157792886
B,15,15,130,5.0,1,2,1.0,13.625475611643884,0.83894005968279,12.017568103001569,17.662606022366397
B,15,15,130,5.0,1,10,sqrt,37.0716106908222,0.739998738736863,16.459229055502995,21.80306641293899
B,15,15,130,5.0,1,10,1.0,13.625475611643884,0.83894005968279,12.017568103001569,17.662606022366397
B,15,15,130,5.0,5,2,sqrt,36.35118902087894,0.7403357735731837,16.167571594076236,21.554709526816275
B,15,15,130,5.0,5,2,1.0,13.625513211406082,0.8389362399574729,12.01792483750877,17.662681407227126
B,15,15,130,5.0,5,10,sqrt,36.35118902087894,0.7403357735731837,16.167571594076236,21.554709526816275
B,15,15,130,5.0,5,10,1.0,13.625513211406082,0.8389362399574729,12.01792483750877,17.662681407227126
B,15,15,130,5.0,10,2,sqrt,37.011066510360834,0.7397485571231871,16.27596081982333,21.720428959800937
B,15,15,130,5.0,10,2,1.0,13.626560429762657,0.8389478678651019,12.019785067359692,17.663323468042307
B,15,15,130,5.0,10,10,sqrt,37.011066510360834,0.7397485571231871,16.27596081982333,21.720428959800937
B,15,15,130,5.0,10,10,1.0,13.626560429762657,0.8389478678651019,12.019785067359692,17.663323468042307
B,15,15,130,10.0,1,2,sqrt,34.72101247021624,0.8055539227853192,14.119093396219863,20.471871056437113
B,15,15,130,10.0,1,2,1.0,21.562505705804465,0.8443904153229059,11.57196284267484,18.387306976599103
B,15,15,130,10.0,1,10,sqrt,39.27158027991153,0.7933733143179931,14.811725451288634,21.144655434457896
B,15,15,130,10.0,1,10,1.0,20.3096190586008,0.8443725192855629,11.57094430693044,18.407291494940445
B,15,15,130,10.0,5,2,sqrt,28.72530947628642,0.8011727853649975,14.280129208866082,20.541253590990152
B,15,15,130,10.0,5,2,1.0,18.03073096189787,0.8462919420814379,11.453701950503463,18.174426913840826
B,15,15,130,10.0,5,10,sqrt,28.72530947628642,0.8011727853649975,14.280129208866082,20.541253590990152
B,15,15,130,10.0,5,10,1.0,18.03073096189787,0.8462919420814379,11.453701950503463,18.174426913840826
B,15,15,130,10.0,10,2,sqrt,19.839705120176284,0.8125397019211581,13.945497103592322,20.124190327664515
B,15,15,130,10.0,10,2,1.0,16.453652092779016,0.847308730751198,11.34925925509199,17.975411710432212
B,15,15,130,10.0,10,10,sqrt,19.839705120176284,0.8125397019211581,13.945497103592322,20.124190327664515
B,15,15,130,10.0,10,10,1.0,16.453652092779016,0.847308730751198,11.34925925509199,17.975411710432212
B,15,15,130,,1,2,sqrt,50.71024868402322,0.7855339108267078,15.567705445253017,24.278208516078802
B,15,15,130,,1,2,1.0,33.27775735296144,0.8054842485946414,13.812106667335684,22.173851132787547
B,15,15,130,,1,10,sqrt,42.39772964595664,0.7894848859391035,15.148560557639845,23.15097095921811
B,15,15,130,,1,10,1.0,29.791635359870412,0.8124999355632612,13.365665216386422,21.402517856587586
B,15,15,130,,5,2,sqrt,46.625005145160436,0.7981297917636755,14.5566805715462,22.147584205767572
B,15,15,130,,5,2,1.0,25.42568234793266,0.8183360233367134,12.744492143103718,20.3765024856097
B,15,15,130,,5,10,sqrt,46.625005145160436,0.7981297917636755,14.5566805715462,22.147584205767572
B,15,15,130,,5,10,1.0,25.42568234793266,0.8183360233367134,12.744492143103718,20.3765024856097
B,15,15,130,,10,2,sqrt,24.96995173083504,0.8084023427886577,14.128642387020136,21.163928263938246
B,15,15,130,,10,2,1.0,19.930398415583742,0.828175036031961,12.225009028248701,19.353234828487878
B,15,15,130,,10,10,sqrt,24.96995173083504,0.8084023427886577,14.128642387020136,21.163928263938246
B,15,15,130,,10,10,1.0,19.930398415583742,0.828175036031961,12.225009028248701,19.353234828487878
B,15,20,115,5.0,1,2,sqrt,206.81442341435746,0.6115306790891109,23.452383823576138,29.21506796025517
B,15,20,115,5.0,1,2,1.0,6.274774796792919,0.8531589463427854,10.437513787964457,14.94783453955319
B,15,20,115,5.0,1,10,sqrt,194.20037661092277,0.6254343121845162,23.031356605551725,28.764049896739515
B,15,20,115,5.0,1,10,1.0,6.274774796792919,0.8531589463427854,10.437513787964457,14.94783453955319
B,15,20,115,5.0,5,2,sqrt,198.52895175905405,0.6250033809468086,23.1197952596812,28.901160276733844
B,15,20,115,5.0,5,2,1.0,6.274774796792919,0.8531589463427854,10.437513787964457,14.94783453955319
B,15,20,115,5.0,5,10,sqrt,198.52895175905405,0.6250033809468086,23.1197952596812,28.901160276733844
B,15,20,115,5.0,5,10,1.0,6.274774796792919,0.8531589463427854,10.437513787964457,14.94783453955319
B,15,20,115,5.0,10,2,sqrt,189.9521555183286,0.6312355607072184,23.042222054036365,28.73928634819676
B,15,20,115,5.0,10,2,1.0,6.2747785307810195,0.8531589463427854,10.437523760076674,14.947846951177079
B,15,20,115,5.0,10,10,sqrt,189.9521555183286,0.6312355607072184,23.042222054036365,28.73928634819676
B,15,20,115,5.0,10,10,1.0,6.2747785307810195,0.8531589463427854,10.437523760076674,14.947846951177079
B,15,20,115,10.0,1,2,sqrt,89.53870088096093,0.7562310423359404,16.49598517414334,22.533192433978886
B,15,20,115,10.0,1,2,1.0,10.901651416800117,0.8603117848949626,9.83190744418957,15.601174489494374
B,15,20,115,10.0,1,10,sqrt,46.92815119823333,0.7641886820852177,15.201980157315827,20.965143894573213
B,15,20,115,10.0,1,10,1.0,8.943898324272583,0.8616659367593794,9.84067343802733,15.51984028240731
B,15,20,115,10.0,5,2,sqrt,33.485466311534985,0.7912646125040039,13.531980213508863,18.984983902941334
B,15,20,115,10.0,5,2,1.0,8.9311471700446,0.8620574323428721,9.749698317476192,15.38013626304658
B,15,20,115,10.0,5,10,sqrt,33.485466311534985,0.7912646125040039,13.531980213508863,18.984983902941334
B,15,20,115,10.0,5,10,1.0,8.9311471700446,0.8620574323428721,9.749698317476192,15.38013626304658
B,15,20,115,10.0,10,2,sqrt,57.75535627343813,0.7428889393052763,16.265695676808143,21.973943348990154
B,15,20,115,10.0,10,2,1.0,8.108311194977265,0.8645055873754984,9.6180154071873,15.129738855508823
B,15,20,115,10.0,10,10,sqrt,57.75535627343813,0.7428889393052763,16.265695676808143,21.973943348990154
B,15,20,115,10.0,10,10,1.0,8.108311194977265,0.8645055873754984,9.6180154071873,15.129738855508823
B,15,20,115,,1,2,sqrt,113.93549266618565,0.7756342476830362,14.857728427133356,24.173559519952253
B,15,20,115,,1,2,1.0,17.122815218649443,0.8210847370788983,10.981946642811398,18.614662461133737
B,15,20,115,,1,10,sqrt,44.78547849894682,0.7922914412433009,13.731462476938452,21.844214708567186
B,15,20,115,,1,10,1.0,13.64318983586844,0.8296315415492301,10.819281446102732,18.04182667762238
B,15,20,115,,5,2,sqrt,39.08468331902675,0.8034124747147254,13.145847521034536,20.598757970518612
B,15,20,115,,5,2,1.0,12.050711397073323,0.8352913265749828,10.463439369938987,17.364058107662878
B,15,20,115,,5,10,sqrt,39.08468331902675,0.8034124747147254,13.145847521034536,20.598757970518612
B,15,20,115,,5,10,1.0,12.050711397073323,0.8352913265749828,10.463439369938987,17.364058107662878
B,15,20,115,,10,2,sqrt,35.16385246555523,0.8053976956142292,13.379205558739779,20.263269565718126
B,15,20,115,,10,2,1.0,10.189304266484404,0.8474642226611566,9.964182356184848,16.328525062276015
B,15,20,115,,10,10,sqrt,35.16385246555523,0.8053976956142292,13.379205558739779,20.263269565718126
B,15,20,115,,10,10,1.0,10.189304266484404,0.8474642226611566,9.964182356184848,16.328525062276015
B,15,20,120,5.0,1,2,sqrt,269.85342310086236,0.6090358656364266,25.163867884784388,31.0114939407102
B,15,20,120,5.0,1,2,1.0,8.043133525104128,0.8455468611812587,11.569612750933823,16.180250189651115
B,15,20,120,5.0,1,10,sqrt,251.74934030915946,0.6241199253163284,24.442927893584727,30.292246259284916
B,15,20,120,5.0,1,10,1.0,8.043133525104128,0.8455468611812587,11.569612750933823,16.180250189651115
B,15,20,120,5.0,5,2,sqrt,257.24304432959696,0.6235807032029859,24.53628965970571,30.43197547396693
B,15,20,120,5.0,5,2,1.0,8.043133525104128,0.8455468611812587,11.569612750933823,16.180250189651115
B,15,20,120,5.0,5,10,sqrt,257.24304432959696,0.6235807032029859,24.53628965970571,30.43197547396693
B,15,20,120,5.0,5,10,1.0,8.043133525104128,0.8455468611812587,11.569612750933823,16.180250189651115
B,15,20,120,5.0,10,2,sqrt,245.80397483831092,0.6295338459428037,24.419846986762188,30.22299586685644
B,15,20,120,5.0,10,2,1.0,8.043271328957553,0.8455548343223779,11.569282446315945,16.18016953320349
B,15,20,120,5.0,10,10,sqrt,245.80397483831092,0.6295338459428037,24.419846986762188,30.22299586685644
B,15,20,120,5.0,10,10,1.0,8.043271328957553,0.8455548343223779,11.569282446315945,16.18016953320349
B,15,20,120,10.0,1,2,sqrt,75.79826990987473,0.7655507799633936,16.593675255980525,22.35882345927276
B,15,20,120,10.0,1,2,1.0,16.670184776607517,0.8533015307154747,10.949950702950368,16.915207490025196
B,15,20,120,10.0,1,10,sqrt,50.55175294796361,0.7802293288749867,15.345325510390884,21.06169753402168
B,15,20,120,10.0,1,10,1.0,12.6140325530309,0.8544895799075413,10.946529440125836,16.82870065165655
B,15,20,120,10.0,5,2,sqrt,72.30400164422325,0.7743857566318266,16.16810166066073,21.97495268498587
B,15,20,120,10.0,5,2,1.0,11.662264506468539,0.8566735098301013,10.831804062786281,16.653458882220868
B,15,20,120,10.0,5,10,sqrt,72.30400164422325,0.7743857566318266,16.16810166066073,21.97495268498587
B,15,20,120,10.0,5,10,1.0,11.662264506468539,0.8566735098301013,10.831804062786281,16.653458882220868
B,15,20,120,10.0,10,2,sqrt,69.68577854953342,0.7599665310219037,16.832310915162168,22.797543214921724
B,15,20,120,10.0,10,2,1.0,9.469891008154352,0.8590587898618856,10.712107175109267,16.378788208014058
B,15,20,120,10.0,10,10,sqrt,69.68577854953342,0.7599665310219037,16.832310915162168,22.797543214921724
B,15,20,120,10.0,10,10,1.0,9.469891008154352,0.8590587898618856,10.712107175109267,16.378788208014058
B,15,20,120,,1,2,sqrt,111.85278339323834,0.7717647201878783,15.747241168418839,24.723519258474134
B,15,20,120,,1,2,1.0,26.161834975838325,0.8139303990563029,12.292537072298817,20.35260453664239
B,15,20,120,,1,10,sqrt,68.94637754988385,0.7866481368206697,15.252212505023522,23.473007759855303
B,15,20,120,,1,10,1.0,20.496808094342008,0.8231323926456268,12.017458101608934,19.656586476793052
B,15,20,120,,5,2,sqrt,37.34941401951316,0.7934995567199016,14.57373727858195,22.104374623909017
B,15,20,120,,5,2,1.0,17.005566331817796,0.8305622754475388,11.665671487080635,18.8789042005738
B,15,20,120,,5,10,sqrt,37.34941401951316,0.7934995567199016,14.57373727858195,22.104374623909017
B,15,20,120,,5,10,1.0,17.005566331817796,0.8305622754475388,11.665671487080635,18.8789042005738
B,15,20,120,,10,2,sqrt,52.29065400206086,0.8039986652434059,14.412085305246297,21.414714752437256
B,15,20,120,,10,2,1.0,11.680704592993388,0.8398293008757352,11.19441407177668,17.752849607694618
B,15,20,120,,10,10,sqrt,52.29065400206086,0.8039986652434059,14.412085305246297,21.414714752437256
B,15,20,120,,10,10,1.0,11.680704592993388,0.8398293008757352,11.19441407177668,17.752849607694618
B,15,20,125,5.0,1,2,sqrt,348.735223669457,0.6057492105427836,26.77119638103382,32.74760938581985
B,15,20,125,5.0,1,2,1.0,10.006032998174604,0.840373857884589,12.62299082250755,17.435818747731766
B,15,20,125,5.0,1,10,sqrt,348.5815104991981,0.6064878384822221,26.67263002579123,32.69937303327803
B,15,20,125,5.0,1,10,1.0,10.006032998174604,0.840373857884589,12.62299082250755,17.435818747731766
B,15,20,125,5.0,5,2,sqrt,355.43129516343413,0.6059366488921285,26.77430468594492,32.84884590863042
B,15,20,125,5.0,5,2,1.0,10.006032998174604,0.840373857884589,12.62299082250755,17.435818747731766
B,15,20,125,5.0,5,10,sqrt,355.43129516343413,0.6059366488921285,26.77430468594492,32.84884590863042
B,15,20,125,5.0,5,10,1.0,10.006032998174604,0.840373857884589,12.62299082250755,17.435818747731766
B,15,20,125,5.0,10,2,sqrt,327.02747114744636,0.6175354586757305,26.46308283094628,32.37138915470265
B,15,20,125,5.0,10,2,1.0,10.006928587357061,0.8403447024681334,12.624297089130588,17.436088916578417
B,15,20,125,5.0,10,10,sqrt,327.02747114744636,0.6175354586757305,26.46308283094628,32.37138915470265
B,15,20,125,5.0,10,10,1.0,10.006928587357061,0.8403447024681334,12.624297089130588,17.436088916578417
B,15,20,125,10.0,1,2,sqrt,125.30999366637107,0.7379751332397244,19.21559153289531,25.15432338943521
B,15,20,125,10.0,1,2,1.0,22.323621657792312,0.8431158558384514,12.23542570292307,18.42755864356755
B,15,20,125,10.0,1,10,sqrt,108.71247013387638,0.7569444580633682,18.2348333701419,24.106691358683456
B,15,20,125,10.0,1,10,1.0,21.25910503342838,0.8448898692797954,12.219552750104913,18.36297757161442
B,15,20,125,10.0,5,2,sqrt,104.63881388998414,0.752314902181056,18.41379068556418,24.42294144603934
B,15,20,125,10.0,5,2,1.0,14.465586162473182,0.8481768545177542,12.026306427235948,18.00244845819074
B,15,20,125,10.0,5,10,sqrt,104.63881388998414,0.752314902181056,18.41379068556418,24.42294144603934
B,15,20,125,10.0,5,10,1.0,14.465586162473182,0.8481768545177542,12.026306427235948,18.00244845819074
B,15,20,125,10.0,10,2,sqrt,115.44884904290647,0.7339596156014206,19.177641639699793,25.207804058389883
B,15,20,125,10.0,10,2,1.0,13.335216377483443,0.8501865264741844,11.875700480454215,17.76220120125246
B,15,20,125,10.0,10,10,sqrt,115.44884904290647,0.7339596156014206,19.177641639699793,25.207804058389883
B,15,20,125,10.0,10,10,1.0,13.335216377483443,0.8501865264741844,11.875700480454215,17.76220120125246
B,15,20,125,,1,2,sqrt,160.40464943318602,0.7680477176734316,17.268128402796727,26.449942828238676
B,15,20,125,,1,2,1.0,40.652401874793064,0.8035660101853592,13.843853441158421,22.232400983763547
B,15,20,125,,1,10,sqrt,149.71608628284577,0.779823875729387,16.583366006398215,25.06040887263432
B,15,20,125,,1,10,1.0,32.68474278141728,0.8119057524414653,13.475972783088418,21.292345803781025
B,15,20,125,,5,2,sqrt,73.90094666796641,0.7831767962306636,16.228549117393023,24.029421259607133
B,15,20,125,,5,2,1.0,23.490050940462744,0.8226307042134549,12.812894325356826,20.163949139067896
B,15,20,125,,5,10,sqrt,73.90094666796641,0.7831767962306636,16.228549117393023,24.029421259607133
B,15,20,125,,5,10,1.0,23.490050940462744,0.8226307042134549,12.812894325356826,20.163949139067896
B,15,20,125,,10,2,sqrt,57.212634041390416,0.7955198963806311,15.615398035529546,22.529658511427947
B,15,20,125,,10,2,1.0,18.002431048786267,0.8326956109238507,12.354140307130725,19.163945655786872
B,15,20,125,,10,10,sqrt,57.212634041390416,0.7955198963806311,15.615398035529546,22.529658511427947
B,15,20,125,,10,10,1.0,18.002431048786267,0.8326956109238507,12.354140307130725,19.163945655786872
B,15,20,130,5.0,1,2,sqrt,438.1788316260465,0.6055871102175356,26.267562894357944,32.860481467471175
B,15,20,130,5.0,1,2,1.0,13.625243865655372,0.8388765659470675,12.006995874575445,17.663174437068253
B,15,20,130,5.0,1,10,sqrt,438.02508846025376,0.6059458862451941,26.168985819783774,32.81224661496411
B,15,20,130,5.0,1,10,1.0,13.625243865655372,0.8388765659470675,12.006995874575445,17.663174437068253
B,15,20,130,5.0,5,2,sqrt,445.88586168812526,0.6054835759216483,26.27091240079603,32.965164318579866
B,15,20,130,5.0,5,2,1.0,13.625281465417569,0.8388727462217505,12.007352609082648,17.66324982192898
B,15,20,130,5.0,5,10,sqrt,445.88586168812526,0.6054835759216483,26.27091240079603,32.965164318579866
B,15,20,130,5.0,5,10,1.0,13.625281465417569,0.8388727462217505,12.007352609082648,17.66324982192898
B,15,20,130,5.0,10,2,sqrt,407.7731183200425,0.6199034785282918,25.796023521600336,32.360863438720344
B,15,20,130,5.0,10,2,1.0,13.626328683774148,0.8388843741293794,12.00921283893357,17.66389188274416
B,15,20,130,5.0,10,10,sqrt,407.7731183200425,0.6199034785282918,25.796023521600336,32.360863438720344
B,15,20,130,5.0,10,10,1.0,13.626328683774148,0.8388843741293794,12.00921283893357,17.66389188274416
B,15,20,130,10.0,1,2,sqrt,136.34199594625494,0.740819703481014,17.907502173229112,24.484172580191768
B,15,20,130,10.0,1,2,1.0,26.356981965848252,0.8390483313734259,11.722960907886181,18.675726788143475
B,15,20,130,10.0,1,10,sqrt,128.58792460507343,0.7629485778935775,17.16258364285353,23.886946410589417
B,15,20,130,10.0,1,10,1.0,25.77598804905218,0.8397137056951778,11.727955111216314,18.65836790369331
B,15,20,130,10.0,5,2,sqrt,229.439889154326,0.7227152952303084,19.52559289950775,26.50609722276885
B,15,20,130,10.0,5,2,1.0,19.4340055065203,0.8417622559138389,11.643198072422305,18.444529233830536
B,15,20,130,10.0,5,10,sqrt,229.439889154326,0.7227152952303084,19.52559289950775,26.50609722276885
B,15,20,130,10.0,5,10,1.0,19.4340055065203,0.8417622559138389,11.643198072422305,18.444529233830536
B,15,20,130,10.0,10,2,sqrt,89.87000316377359,0.7571885693265289,17.34148178957856,23.835357185229913
B,15,20,130,10.0,10,2,1.0,16.094512752327912,0.8443843848132133,11.47909492965801,18.13474765266205
B,15,20,130,10.0,10,10,sqrt,89.87000316377359,0.7571885693265289,17.34148178957856,23.835357185229913
B,15,20,130,10.0,10,10,1.0,16.094512752327912,0.8443843848132133,11.47909492965801,18.13474765266205
B,15,20,130,,1,2,sqrt,189.3359370572352,0.7605044017526447,17.84837222294501,27.394022608270365
B,15,20,130,,1,2,1.0,40.141621761295134,0.8037225234865218,13.79851771785324,22.207285749262876
B,15,20,130,,1,10,sqrt,138.04950827154613,0.7791733876946225,16.20694388183828,24.778940949291233
B,15,20,130,,1,10,1.0,35.172325563812656,0.8096600983644882,13.463935210320704,21.514015586876184
B,15,20,130,,5,2,sqrt,96.69709131792227,0.7821363475810037,15.937972093576903,23.90980047002892
B,15,20,130,,5,2,1.0,26.024454030625588,0.8178666700493997,12.91862862313468,20.63321098247949
B,15,20,130,,5,10,sqrt,96.69709131792227,0.7821363475810037,15.937972093576903,23.90980047002892
B,15,20,130,,5,10,1.0,26.024454030625588,0.8178666700493997,12.91862862313468,20.63321098247949
B,15,20,130,,10,2,sqrt,52.53324694102603,0.7951603745522,15.201617011649294,22.477730806810843
B,15,20,130,,10,2,1.0,19.33824730001162,0.8281900997279724,12.303643705226651,19.530316858740804
B,15,20,130,,10,10,sqrt,52.53324694102603,0.7951603745522,15.201617011649294,22.477730806810843
B,15,20,130,,10,10,1.0,19.33824730001162,0.8281900997279724,12.303643705226651,19.530316858740804
B,20,10,115,5.0,1,2,sqrt,37.72423175626041,0.7817253721637398,14.0695620583285,18.869006566992713
B,20,10,115,5.0,1,2,1.0,5.0402420918178334,0.8579291064151183,9.842071458797427,14.075683595826183
B,20,10,115,5.0,1,10,sqrt,38.58017859500835,0.7697557676622999,14.727758320667348,19.55742398135923
B,20,10,115,5.0,1,10,1.0,5.0402420918178334,0.8579291064151183,9.842071458797427,14.075683595826183
B,20,10,115,5.0,5,2,sqrt,38.59848710791292,0.7696697404705019,14.737193125994384,19.575227075411995
B,20,10,115,5.0,5,2,1.0,5.0402420918178334,0.8579291064151183,9.842071458797427,14.075683595826183
B,20,10,115,5.0,5,10,sqrt,38.59848710791292,0.7696697404705019,14.737193125994384,19.575227075411995
B,20,10,115,5.0,5,10,1.0,5.0402420918178334,0.8579291064151183,9.842071458797427,14.075683595826183
B,20,10,115,5.0,10,2,sqrt,39.56502829439584,0.7603121881603725,14.929616733198205,19.918079395950006
B,20,10,115,5.0,10,2,1.0,5.027619156634772,0.8578972707804503,9.841663984592564,14.070595570687056
B,20,10,115,5.0,10,10,sqrt,39.56502829439584,0.7603121881603725,14.929616733198205,19.918079395950006
B,20,10,115,5.0,10,10,1.0,5.027619156634772,0.8578972707804503,9.841663984592564,14.070595570687056
B,20,10,115,10.0,1,2,sqrt,29.02892158538338,0.81693897134497,12.031440826425307,17.396697355113794
B,20,10,115,10.0,1,2,1.0,5.375096587973739,0.8778396922588984,8.857532199348352,14.029080547317744
B,20,10,115,10.0,1,10,sqrt,9.317370846600767,0.8325170313891093,11.02033873511076,15.990114417492626
B,20,10,115,10.0,1,10,1.0,5.290367195289037,0.8782614862775837,8.858759920415476,14.034527182911194
B,20,10,115,10.0,5,2,sqrt,7.997110340016066,0.8395515887887631,11.120255873363817,16.08667614245737
B,20,10,115,10.0,5,2,1.0,5.252403266324848,0.8792844388435741,8.803624537286462,13.946731314633922
B,20,10,115,10.0,5,10,sqrt,7.997110340016066,0.8395515887887631,11.120255873363817,16.08667614245737
B,20,10,115,10.0,5,10,1.0,5.252403266324848,0.8792844388435741,8.803624537286462,13.946731314633922
B,20,10,115,10.0,10,2,sqrt,38.2814217881234,0.8086074367979347,12.851646439654264,18.1774162183256
B,20,10,115,10.0,10,2,1.0,4.84420853394815,0.8814546698950702,8.746675326192655,13.803919879312161
B,20,10,115,10.0,10,10,sqrt,38.2814217881234,0.8086074367979347,12.851646439654264,18.1774162183256
B,20,10,115,10.0,10,10,1.0,4.84420853394815,0.8814546698950702,8.746675326192655,13.803919879312161
B,20,10,115,,1,2,sqrt,22.30918571823485,0.826311296766389,11.117551845032898,18.266813627461538
B,20,10,115,,1,2,1.0,8.468637068699454,0.8412486545532663,9.829305350395863,16.630714650284304
B,20,10,115,,1,10,sqrt,27.436332621958336,0.8362648483960389,10.984673263038124,17.847297839319573
B,20,10,115,,1,10,1.0,7.584310286591756,0.852189443071232,9.61069200294617,16.0833377526235
B,20,10,115,,5,2,sqrt,10.927593179038706,0.8409158095882274,10.61796514971655,16.848474385959207
B,20,10,115,,5,2,1.0,7.077465095184211,0.8562882602161512,9.38793486270086,15.529622901826528
B,20,10,115,,5,10,sqrt,10.927593179038706,0.8409158095882274,10.61796514971655,16.848474385959207
B,20,10,115,,5,10,1.0,7.077465095184211,0.8562882602161512,9.38793486270086,15.529622901826528
B,20,10,115,,10,2,sqrt,7.1498344737586,0.8509335136118541,10.315169307986547,16.028359214455463
B,20,10,115,,10,2,1.0,5.584718171176576,0.865516485348168,9.030091251476454,14.726991519429694
B,20,10,115,,10,10,sqrt,7.1498344737586,0.8509335136118541,10.315169307986547,16.028359214455463
B,20,10,115,,10,10,1.0,5.584718171176576,0.865516485348168,9.030091251476454,14.726991519429694
B,20,10,120,5.0,1,2,sqrt,48.95340108794401,0.7747749323766683,15.370739077012638,20.2639867232808
B,20,10,120,5.0,1,2,1.0,6.4915911413041005,0.8526749925285337,10.83569301705221,15.22761971389644
B,20,10,120,5.0,1,10,sqrt,50.17177143661599,0.7638773685590002,16.047462783676053,20.98124413771965
B,20,10,120,5.0,1,10,1.0,6.4915911413041005,0.8526749925285337,10.83569301705221,15.22761971389644
B,20,10,120,5.0,5,2,sqrt,50.192622583958425,0.7636927346897509,16.056722147901453,20.997025149349348
B,20,10,120,5.0,5,2,1.0,6.4915911413041005,0.8526749925285337,10.83569301705221,15.22761971389644
B,20,10,120,5.0,5,10,sqrt,50.192622583958425,0.7636927346897509,16.056722147901453,20.997025149349348
B,20,10,120,5.0,5,10,1.0,6.4915911413041005,0.8526749925285337,10.83569301705221,15.22761971389644
B,20,10,120,5.0,10,2,sqrt,51.19391437300693,0.7574324411179212,15.989989225542796,21.023421221553228
B,20,10,120,5.0,10,2,1.0,6.491304429385113,0.8526928105140165,10.834696730469172,15.226550554649469
B,20,10,120,5.0,10,10,sqrt,51.19391437300693,0.7574324411179212,15.989989225542796,21.023421221553228
B,20,10,120,5.0,10,10,1.0,6.491304429385113,0.8526928105140165,10.834696730469172,15.226550554649469
B,20,10,120,10.0,1,2,sqrt,26.828273053731767,0.809321482669351,13.150526994959367,18.240336888207498
B,20,10,120,10.0,1,2,1.0,7.172504541158754,0.8669846880865011,10.000179343887847,15.462860215801745
B,20,10,120,10.0,1,10,sqrt,10.339214828774528,0.8466036300704362,11.412394141370388,16.534730370167672
B,20,10,120,10.0,1,10,1.0,6.748756026757244,0.8683212491478475,9.950390900170579,15.356289688981562
B,20,10,120,10.0,5,2,sqrt,9.265196789524847,0.8420519262206293,11.53477226650671,16.515840063755263
B,20,10,120,10.0,5,2,1.0,6.3777359837808065,0.8700116581609396,9.894593330197026,15.302739205762217
B,20,10,120,10.0,5,10,sqrt,9.265196789524847,0.8420519262206293,11.53477226650671,16.515840063755263
B,20,10,120,10.0,5,10,1.0,6.3777359837808065,0.8700116581609396,9.894593330197026,15.302739205762217
B,20,10,120,10.0,10,2,sqrt,12.136695127302879,0.8354311784364828,12.352763122381088,17.222617338262843
B,20,10,120,10.0,10,2,1.0,6.0481425389967605,0.872381148383367,9.80166834527994,15.075007768042624
B,20,10,120,10.0,10,10,sqrt,12.136695127302879,0.8354311784364828,12.352763122381088,17.222617338262843
B,20,10,120,10.0,10,10,1.0,6.0481425389967605,0.872381148383367,9.80166834527994,15.075007768042624
B,20,10,120,,1,2,sqrt,49.02666913478996,0.8169915354375871,12.47546406450028,20.048536597501684
B,20,10,120,,1,2,1.0,12.353374808813683,0.8327761324155633,11.270029191020912,18.45702764770972
B,20,10,120,,1,10,sqrt,19.361434514681385,0.8281598418094578,12.034575754315213,18.903967564239743
B,20,10,120,,1,10,1.0,10.681179643532225,0.8401065488176102,10.94993882107765,17.79882250588752
B,20,10,120,,5,2,sqrt,22.1792458142763,0.837733354953167,11.629753120675797,18.04635011930405
B,20,10,120,,5,2,1.0,9.389953202456848,0.8475312044067769,10.602674376553503,17.093594690383707
B,20,10,120,,5,10,sqrt,22.1792458142763,0.837733354953167,11.629753120675797,18.04635011930405
B,20,10,120,,5,10,1.0,9.389953202456848,0.8475312044067769,10.602674376553503,17.093594690383707
B,20,10,120,,10,2,sqrt,13.809272671243201,0.8424068130192042,11.488051518058963,17.43790838126352
B,20,10,120,,10,2,1.0,7.290566984556439,0.856541159832938,10.237681406573248,16.172592066234905
B,20,10,120,,10,10,sqrt,13.809272671243201,0.8424068130192042,11.488051518058963,17.43790838126352
B,20,10,120,,10,10,1.0,7.290566984556439,0.856541159832938,10.237681406573248,16.172592066234905
B,20,10,125,5.0,1,2,sqrt,62.229346690921815,0.7701282186591059,16.67534366287277,21.69750630733416
B,20,10,125,5.0,1,2,1.0,8.13462556459163,0.844300498478512,12.08273885509058,16.579817620543416
B,20,10,125,5.0,1,10,sqrt,63.719485447508006,0.7578955117183507,17.38111339671003,22.39393498007099
B,20,10,125,5.0,1,10,1.0,8.13462556459163,0.844300498478512,12.08273885509058,16.579817620543416
B,20,10,125,5.0,5,2,sqrt,63.7449430903858,0.7577089654670444,17.390029737258814,22.40976468091477
B,20,10,125,5.0,5,2,1.0,8.13462556459163,0.844300498478512,12.08273885509058,16.579817620543416
B,20,10,125,5.0,5,10,sqrt,63.7449430903858,0.7577089654670444,17.390029737258814,22.40976468091477
B,20,10,125,5.0,5,10,1.0,8.13462556459163,0.844300498478512,12.08273885509058,16.579817620543416
B,20,10,125,5.0,10,2,sqrt,65.06128577109146,0.7518318234556689,17.308389196282782,22.42093690296945
B,20,10,125,5.0,10,2,1.0,8.134257170641822,0.8443004850811823,12.081709403478152,16.57864571353648
B,20,10,125,5.0,10,10,sqrt,65.06128577109146,0.7518318234556689,17.308389196282782,22.42093690296945
B,20,10,125,5.0,10,10,1.0,8.134257170641822,0.8443004850811823,12.081709403478152,16.57864571353648
B,20,10,125,10.0,1,2,sqrt,28.84274414971454,0.8168162697817369,13.560681224171162,18.798554900946687
B,20,10,125,10.0,1,2,1.0,9.531971169725576,0.8599423520596883,11.19070938839705,16.816286972488165
B,20,10,125,10.0,1,10,sqrt,26.173966324708715,0.8264507231155275,13.313977344822328,18.48878699848752
B,20,10,125,10.0,1,10,1.0,8.993913909739579,0.8613127668423166,11.131103706157182,16.685188500516375
B,20,10,125,10.0,5,2,sqrt,14.745471933217141,0.8438665215747052,12.454067121342483,17.561015240382467
B,20,10,125,10.0,5,2,1.0,8.225000936742335,0.8623335645755785,11.033900284939502,16.548707873782167
B,20,10,125,10.0,5,10,sqrt,14.745471933217141,0.8438665215747052,12.454067121342483,17.561015240382467
B,20,10,125,10.0,5,10,1.0,8.225000936742335,0.8623335645755785,11.033900284939502,16.548707873782167
B,20,10,125,10.0,10,2,sqrt,12.822119486407042,0.8313128155015195,13.319770942729056,18.222767677656705
B,20,10,125,10.0,10,2,1.0,7.792915575505437,0.8639849955094541,10.918502566321814,16.34037191832652
B,20,10,125,10.0,10,10,sqrt,12.822119486407042,0.8313128155015195,13.319770942729056,18.222767677656705
B,20,10,125,10.0,10,10,1.0,7.792915575505437,0.8639849955094541,10.918502566321814,16.34037191832652
B,20,10,125,,1,2,sqrt,58.82841503496296,0.8077859663430577,14.116300464194495,22.068205120085928
B,20,10,125,,1,2,1.0,17.86278859156261,0.8270094033273059,12.413882473421234,19.902772347757463
B,20,10,125,,1,10,sqrt,16.701793347971122,0.8248897338377075,12.931394207414709,19.881847856498144
B,20,10,125,,1,10,1.0,15.576553547153603,0.8345523516879396,12.136647600081137,19.22377709628713
B,20,10,125,,5,2,sqrt,42.682387167359,0.8296821212641834,12.776339861093204,19.382537540104988
B,20,10,125,,5,2,1.0,12.040832953880923,0.8403350777735963,11.809644860765275,18.53578327465059
B,20,10,125,,5,10,sqrt,42.682387167359,0.8296821212641834,12.776339861093204,19.382537540104988
B,20,10,125,,5,10,1.0,12.040832953880923,0.8403350777735963,11.809644860765275,18.53578327465059
B,20,10,125,,10,2,sqrt,14.293153914968375,0.8336191319449282,12.645931366613395,18.804518818521238
B,20,10,125,,10,2,1.0,9.918617752170714,0.8489186222729149,11.325213136811303,17.4854228587269
B,20,10,125,,10,10,sqrt,14.293153914968375,0.8336191319449282,12.645931366613395,18.804518818521238
B,20,10,125,,10,10,1.0,9.918617752170714,0.8489186222729149,11.325213136811303,17.4854228587269
B,20,10,130,5.0,1,2,sqrt,77.27058773806667,0.7712108233900019,16.0044391308169,21.860679859406982
B,20,10,130,5.0,1,2,1.0,9.651348819912155,0.8464002299351497,11.391963102506148,16.824937482168327
B,20,10,130,5.0,1,10,sqrt,79.04330806090924,0.7615891765286069,16.704085432514184,22.59095373801216
B,20,10,130,5.0,1,10,1.0,9.651348819912155,0.8464002299351497,11.391963102506148,16.824937482168327
B,20,10,130,5.0,5,2,sqrt,78.96292834164987,0.7614572188870722,16.72699490924132,22.61473628800685
B,20,10,130,5.0,5,2,1.0,9.62845444848534,0.8464900590307737,11.383230116211958,16.81592820163242
B,20,10,130,5.0,5,10,sqrt,78.96292834164987,0.7614572188870722,16.72699490924132,22.61473628800685
B,20,10,130,5.0,5,10,1.0,9.62845444848534,0.8464900590307737,11.383230116211958,16.81592820163242
B,20,10,130,5.0,10,2,sqrt,80.72278267044528,0.7547564433761395,16.588059668996223,22.57769040324477
B,20,10,130,5.0,10,2,1.0,9.62845444848534,0.8464900590307737,11.383230116211958,16.81592820163242
B,20,10,130,5.0,10,10,sqrt,80.72278267044528,0.7547564433761395,16.588059668996223,22.57769040324477
B,20,10,130,5.0,10,10,1.0,9.62845444848534,0.8464900590307737,11.383230116211958,16.81592820163242
B,20,10,130,10.0,1,2,sqrt,48.454372870181224,0.805199736517662,13.750221797302576,19.877373337771264
B,20,10,130,10.0,1,2,1.0,11.337738771103691,0.8592357388658252,10.683050304648999,17.037288688381405
B,20,10,130,10.0,1,10,sqrt,22.24959029353018,0.8334635328896083,12.206155495915851,18.276449508648597
B,20,10,130,10.0,1,10,1.0,11.055811688100945,0.8599154646504381,10.642632879528758,16.954494955594708
B,20,10,130,10.0,5,2,sqrt,14.960236619877213,0.8253971662139825,12.511685977082422,18.42767487413598
B,20,10,130,10.0,5,2,1.0,10.050270191062628,0.860953295795922,10.578001705543873,16.85158166264072
B,20,10,130,10.0,5,10,sqrt,14.960236619877213,0.8253971662139825,12.511685977082422,18.42767487413598
B,20,10,130,10.0,5,10,1.0,10.050270191062628,0.860953295795922,10.578001705543873,16.85158166264072
B,20,10,130,10.0,10,2,sqrt,16.227012021863153,0.8419453513682373,12.137182544780675,17.798685429517167
B,20,10,130,10.0,10,2,1.0,9.057219153112356,0.8629772493201904,10.477276309817663,16.56258332614937
B,20,10,130,10.0,10,10,sqrt,16.227012021863153,0.8419453513682373,12.137182544780675,17.798685429517167
B,20,10,130,10.0,10,10,1.0,9.057219153112356,0.8629772493201904,10.477276309817663,16.56258332614937
B,20,10,130,,1,2,sqrt,37.33168243660551,0.8094641517289644,13.784103190284714,21.449231577296864
B,20,10,130,,1,2,1.0,18.410200624512264,0.821333874983899,12.662837482904166,20.130783398350825
B,20,10,130,,1,10,sqrt,21.772918435469165,0.8233430916523655,12.853933827354746,19.96887654021018
B,20,10,130,,1,10,1.0,16.81660332032646,0.8292706365857081,12.087422147841973,19.281909474890522
B,20,10,130,,5,2,sqrt,55.22305138335597,0.8244426785951395,12.96483887107615,19.934695848196537
B,20,10,130,,5,2,1.0,14.608681481462593,0.8353292187135113,11.825117282215304,18.769474891530685
B,20,10,130,,5,10,sqrt,55.22305138335597,0.8244426785951395,12.96483887107615,19.934695848196537
B,20,10,130,,5,10,1.0,14.608681481462593,0.8353292187135113,11.825117282215304,18.769474891530685
B,20,10,130,,10,2,sqrt,14.121348421533815,0.8354373624198072,12.198979306193372,18.68178315920489
B,20,10,130,,10,2,1.0,11.078256931438698,0.8453128963014676,11.156249520255477,17.597344596917722
B,20,10,130,,10,10,sqrt,14.121348421533815,0.8354373624198072,12.198979306193372,18.68178315920489
B,20,10,130,,10,10,1.0,11.078256931438698,0.8453128963014676,11.156249520255477,17.597344596917722
B,20,15,115,5.0,1,2,sqrt,17.655043197438296,0.752769204607936,14.37873605242493,18.600964151339166
B,20,15,115,5.0,1,2,1.0,5.0402420918178334,0.8579291064151183,9.842071458797427,14.075683595826183
B,20,15,115,5.0,1,10,sqrt,15.609485785220883,0.7613397213802096,14.047505983884292,18.225960609080865
B,20,15,115,5.0,1,10,1.0,5.0402420918178334,0.8579291064151183,9.842071458797427,14.075683595826183
B,20,15,115,5.0,5,2,sqrt,15.599489035464547,0.7629752006626619,14.086609162095357,18.226346271813473
B,20,15,115,5.0,5,2,1.0,5.0402420918178334,0.8579291064151183,9.842071458797427,14.075683595826183
B,20,15,115,5.0,5,10,sqrt,15.599489035464547,0.7629752006626619,14.086609162095357,18.226346271813473
B,20,15,115,5.0,5,10,1.0,5.0402420918178334,0.8579291064151183,9.842071458797427,14.075683595826183
B,20,15,115,5.0,10,2,sqrt,15.416330711656343,0.7560694881727571,14.481695103951106,18.83728777844498
B,20,15,115,5.0,10,2,1.0,5.027619156634772,0.8578972707804503,9.841663984592564,14.070595570687056
B,20,15,115,5.0,10,10,sqrt,15.416330711656343,0.7560694881727571,14.481695103951106,18.83728777844498
B,20,15,115,5.0,10,10,1.0,5.027619156634772,0.8578972707804503,9.841663984592564,14.070595570687056
B,20,15,115,10.0,1,2,sqrt,11.680157388531983,0.8193937572393111,12.364882830051629,17.31569910525633
B,20,15,115,10.0,1,2,1.0,6.035486616821222,0.8742559715523137,8.965589542968157,14.265055433388927
B,20,15,115,10.0,1,10,sqrt,10.9867852221026,0.8289208586560441,11.88911601166705,16.8488371575558
B,20,15,115,10.0,1,10,1.0,5.6985209027761385,0.8756433018625934,9.012521214600207,14.293245474468875
B,20,15,115,10.0,5,2,sqrt,10.678305975451673,0.8255831298524189,12.017896825639578,17.124483874654544
B,20,15,115,10.0,5,2,1.0,5.358040069316102,0.8775452942249121,8.95106499030734,14.135281588092539
B,20,15,115,10.0,5,10,sqrt,10.678305975451673,0.8255831298524189,12.017896825639578,17.124483874654544
B,20,15,115,10.0,5,10,1.0,5.358040069316102,0.8775452942249121,8.95106499030734,14.135281588092539
B,20,15,115,10.0,10,2,sqrt,11.14070456224779,0.8032910580865685,12.776987667300364,17.63065753619357
B,20,15,115,10.0,10,2,1.0,5.194722255662245,0.8794619185712055,8.856380946784125,14.000721797735576
B,20,15,115,10.0,10,10,sqrt,11.14070456224779,0.8032910580865685,12.776987667300364,17.63065753619357
B,20,15,115,10.0,10,10,1.0,5.194722255662245,0.8794619185712055,8.856380946784125,14.000721797735576
B,20,15,115,,1,2,sqrt,15.942399636454265,0.8112706780617067,11.836041303618634,19.26271744621558
B,20,15,115,,1,2,1.0,9.742241704947144,0.8349589036332021,10.05599943508121,16.94761525984555
B,20,15,115,,1,10,sqrt,17.67292174064762,0.8170589287278934,11.88724732788658,18.89640556505818
B,20,15,115,,1,10,1.0,8.374322135716705,0.8442130660169086,9.856105859149302,16.448162211385004
B,20,15,115,,5,2,sqrt,16.35948766849512,0.8278643985141627,11.644120437394541,18.218097328880027
B,20,15,115,,5,2,1.0,7.197792869449716,0.8513025584616976,9.620194630745667,15.821755259671704
B,20,15,115,,5,10,sqrt,16.35948766849512,0.8278643985141627,11.644120437394541,18.218097328880027
B,20,15,115,,5,10,1.0,7.197792869449716,0.8513025584616976,9.620194630745667,15.821755259671704
B,20,15,115,,10,2,sqrt,10.616067813170279,0.8314732451197028,11.52129022626824,17.44874439060697
B,20,15,115,,10,2,1.0,6.140192548919011,0.8606148604935366,9.226752516733805,15.025597354522612
B,20,15,115,,10,10,sqrt,10.616067813170279,0.8314732451197028,11.52129022626824,17.44874439060697
B,20,15,115,,10,10,1.0,6.140192548919011,0.8606148604935366,9.226752516733805,15.025597354522612
B,20,15,120,5.0,1,2,sqrt,18.146644305600013,0.7554798011246311,15.272104984658835,19.706203318764402
B,20,15,120,5.0,1,2,1.0,6.4915911413041005,0.8526749925285337,10.83569301705221,15.22761971389644
B,20,15,120,5.0,1,10,sqrt,18.377846381269062,0.7573546492108374,15.3728755003112,19.681289475692147
B,20,15,120,5.0,1,10,1.0,6.4915911413041005,0.8526749925285337,10.83569301705221,15.22761971389644
B,20,15,120,5.0,5,2,sqrt,18.437772127617706,0.7568929853219013,15.390276193041448,19.713378530854545
B,20,15,120,5.0,5,2,1.0,6.4915911413041005,0.8526749925285337,10.83569301705221,15.22761971389644
B,20,15,120,5.0,5,10,sqrt,18.437772127617706,0.7568929853219013,15.390276193041448,19.713378530854545
B,20,15,120,5.0,5,10,1.0,6.4915911413041005,0.8526749925285337,10.83569301705221,15.22761971389644
B,20,15,120,5.0,10,2,sqrt,20.468328023449885,0.7487299993381249,15.58857932916284,20.096064506709943
B,20,15,120,5.0,10,2,1.0,6.491304429385113,0.8526928105140165,10.834696730469172,15.226550554649469
B,20,15,120,5.0,10,10,sqrt,20.468328023449885,0.7487299993381249,15.58857932916284,20.096064506709943
B,20,15,120,5.0,10,10,1.0,6.491304429385113,0.8526928105140165,10.834696730469172,15.226550554649469
B,20,15,120,10.0,1,2,sqrt,30.60950780803956,0.8073461213286576,13.412039790531452,18.47869929150745
B,20,15,120,10.0,1,2,1.0,7.8390135440253115,0.8662342171083569,10.079360570422843,15.588007175742074
B,20,15,120,10.0,1,10,sqrt,14.192313781573556,0.8120321259816699,13.235690320488251,18.27621433066205
B,20,15,120,10.0,1,10,1.0,7.527662737773801,0.8672342675308868,10.051146647641252,15.537156103857281
B,20,15,120,10.0,5,2,sqrt,12.411738558783679,0.8206205149613129,13.32365231590661,18.30287689833089
B,20,15,120,10.0,5,2,1.0,6.842547564033884,0.8695262427672077,9.94185179907116,15.383867687054211
B,20,15,120,10.0,5,10,sqrt,12.411738558783679,0.8206205149613129,13.32365231590661,18.30287689833089
B,20,15,120,10.0,5,10,1.0,6.842547564033884,0.8695262427672077,9.94185179907116,15.383867687054211
B,20,15,120,10.0,10,2,sqrt,12.705145333204012,0.8158412473566459,13.074182171007518,18.00306881693095
B,20,15,120,10.0,10,2,1.0,6.463158045653946,0.8713921709076284,9.903136523915489,15.280093744835938
B,20,15,120,10.0,10,10,sqrt,12.705145333204012,0.8158412473566459,13.074182171007518,18.00306881693095
B,20,15,120,10.0,10,10,1.0,6.463158045653946,0.8713921709076284,9.903136523915489,15.280093744835938
B,20,15,120,,1,2,sqrt,25.398730732860475,0.8027457296295875,13.614381653664001,21.37964831113108
B,20,15,120,,1,2,1.0,13.029805958036633,0.8310510583210082,11.375365579589323,18.56772978083446
B,20,15,120,,1,10,sqrt,24.78868647459025,0.8126052264136184,13.097178945609267,20.34145525180697
B,20,15,120,,1,10,1.0,11.657837171323536,0.837895754612181,11.089579991426689,17.93660406583063
B,20,15,120,,5,2,sqrt,13.743490931519494,0.8237659332173649,12.434019911638314,18.843471695548885
B,20,15,120,,5,2,1.0,9.887386872391058,0.8449553911896048,10.648609522641074,17.202909918627533
B,20,15,120,,5,10,sqrt,13.743490931519494,0.8237659332173649,12.434019911638314,18.843471695548885
B,20,15,120,,5,10,1.0,9.887386872391058,0.8449553911896048,10.648609522641074,17.202909918627533
B,20,15,120,,10,2,sqrt,13.543472099105708,0.8260714969325564,12.68951884832926,18.70124618207489
B,20,15,120,,10,2,1.0,8.218934582684454,0.8527758535960157,10.36806974015985,16.50960615799541
B,20,15,120,,10,10,sqrt,13.543472099105708,0.8260714969325564,12.68951884832926,18.70124618207489
B,20,15,120,,10,10,1.0,8.218934582684454,0.8527758535960157,10.36806974015985,16.50960615799541
B,20,15,125,5.0,1,2,sqrt,23.836325633045085,0.7466850475072537,16.671986674399513,21.19376680319696
B,20,15,125,5.0,1,2,1.0,8.13462556459163,0.844300498478512,12.08273885509058,16.579817620543416
B,20,15,125,5.0,1,10,sqrt,26.296164279502506,0.7437747575749247,16.988490085818636,21.492190594640316
B,20,15,125,5.0,1,10,1.0,8.13462556459163,0.844300498478512,12.08273885509058,16.579817620543416
B,20,15,125,5.0,5,2,sqrt,26.362345238859245,0.7433628996365661,17.00850714122811,21.527903221639015
B,20,15,125,5.0,5,2,1.0,8.13462556459163,0.844300498478512,12.08273885509058,16.579817620543416
B,20,15,125,5.0,5,10,sqrt,26.362345238859245,0.7433628996365661,17.00850714122811,21.527903221639015
B,20,15,125,5.0,5,10,1.0,8.13462556459163,0.844300498478512,12.08273885509058,16.579817620543416
B,20,15,125,5.0,10,2,sqrt,27.01378609787961,0.7407542011651885,16.91391822494403,21.53632369506027
B,20,15,125,5.0,10,2,1.0,8.134257170641822,0.8443004850811823,12.081709403478152,16.57864571353648
B,20,15,125,5.0,10,10,sqrt,27.01378609787961,0.7407542011651885,16.91391822494403,21.53632369506027
B,20,15,125,5.0,10,10,1.0,8.134257170641822,0.8443004850811823,12.081709403478152,16.57864571353648
B,20,15,125,10.0,1,2,sqrt,20.661044550979817,0.7987317633541289,14.653530711368083,19.649331423328555
B,20,15,125,10.0,1,2,1.0,9.809022618623516,0.8589019089333091,11.188495904387633,16.776050350472566
B,20,15,125,10.0,1,10,sqrt,15.84609514647164,0.8253802036349077,13.803673027645322,19.053911628983574
B,20,15,125,10.0,1,10,1.0,9.799516461012578,0.8587112680620184,11.184358150472358,16.795888468591485
B,20,15,125,10.0,5,2,sqrt,22.771192184965827,0.8164038581401115,14.570115576329442,19.825290768612945
B,20,15,125,10.0,5,2,1.0,9.135189520100955,0.8593597536786703,11.168119571123437,16.77158378646551
B,20,15,125,10.0,5,10,sqrt,22.771192184965827,0.8164038581401115,14.570115576329442,19.825290768612945
B,20,15,125,10.0,5,10,1.0,9.135189520100955,0.8593597536786703,11.168119571123437,16.77158378646551
B,20,15,125,10.0,10,2,sqrt,16.418770439804504,0.8060561631221427,14.758286796676922,19.91194379740789
B,20,15,125,10.0,10,2,1.0,8.64379433619144,0.8609795034752562,11.095076699200172,16.600085144466707
B,20,15,125,10.0,10,10,sqrt,16.418770439804504,0.8060561631221427,14.758286796676922,19.91194379740789
B,20,15,125,10.0,10,10,1.0,8.64379433619144,0.8609795034752562,11.095076699200172,16.600085144466707
B,20,15,125,,1,2,sqrt,31.912206432726748,0.7966906696356876,14.830726968487323,22.79058793459458
B,20,15,125,,1,2,1.0,18.31644668808392,0.8215023268435221,12.727337322694623,20.137271685564773
B,20,15,125,,1,10,sqrt,28.808391700757586,0.8073459109755365,14.439726948704621,21.85259920442748
B,20,15,125,,1,10,1.0,15.997663043248554,0.8276359753655864,12.453189428543805,19.57324331907401
B,20,15,125,,5,2,sqrt,19.181177780628722,0.8168903539495614,13.603245858419637,20.365626919644512
B,20,15,125,,5,2,1.0,13.830988705443335,0.8330630371007366,12.058489822802773,18.906584295821794
B,20,15,125,,5,10,sqrt,19.181177780628722,0.8168903539495614,13.603245858419637,20.365626919644512
B,20,15,125,,5,10,1.0,13.830988705443335,0.8330630371007366,12.058489822802773,18.906584295821794
B,20,15,125,,10,2,sqrt,16.79439559342712,0.8235586139886225,13.386732790103476,19.52576631320992
B,20,15,125,,10,2,1.0,11.32744402894634,0.842566784791857,11.631371091477392,17.92856414685386
B,20,15,125,,10,10,sqrt,16.79439559342712,0.8235586139886225,13.386732790103476,19.52576631320992
B,20,15,125,,10,10,1.0,11.32744402894634,0.842566784791857,11.631371091477392,17.92856414685386
B,20,15,130,5.0,1,2,sqrt,36.78818950352183,0.7389900642964143,16.477167103513604,21.796139501981763
B,20,15,130,5.0,1,2,1.0,9.651348819912155,0.8464002299351497,11.391963102506148,16.824937482168327
B,20,15,130,5.0,1,10,sqrt,35.75698486745979,0.7415318324813468,16.355893847033045,21.68273571081273
B,20,15,130,5.0,1,10,1.0,9.651348819912155,0.8464002299351497,11.391963102506148,16.824937482168327
B,20,15,130,5.0,5,2,sqrt,35.69396063238461,0.741834818137379,16.356498639936763,21.672870318171114
B,20,15,130,5.0,5,2,1.0,9.62845444848534,0.8464900590307737,11.383230116211958,16.81592820163242
B,20,15,130,5.0,5,10,sqrt,35.69396063238461,0.741834818137379,16.356498639936763,21.672870318171114
B,20,15,130,5.0,5,10,1.0,9.62845444848534,0.8464900590307737,11.383230116211958,16.81592820163242
B,20,15,130,5.0,10,2,sqrt,32.45419375432975,0.7408522784170432,16.283317030283037,21.783466522026842
B,20,15,130,5.0,10,2,1.0,9.62845444848534,0.8464900590307737,11.383230116211958,16.81592820163242
B,20,15,130,5.0,10,10,sqrt,32.45419375432975,0.7408522784170432,16.283317030283037,21.783466522026842
B,20,15,130,5.0,10,10,1.0,9.62845444848534,0.8464900590307737,11.383230116211958,16.81592820163242
B,20,15,130,10.0,1,2,sqrt,18.85875978392351,0.815892352424691,13.448588395481092,19.8290025565861
B,20,15,130,10.0,1,2,1.0,12.316049820606802,0.8566320742459771,10.796736720902093,17.19096554042156
B,20,15,130,10.0,1,10,sqrt,26.131050623173252,0.8107738567003491,14.026642170844932,20.2831749991014
B,20,15,130,10.0,1,10,1.0,12.114361348404113,0.8571329970950519,10.801076870118745,17.14981585692687
B,20,15,130,10.0,5,2,sqrt,28.361368247637728,0.8217846646887095,13.849924391376083,20.286319385460384
B,20,15,130,10.0,5,2,1.0,11.087990923109013,0.8594799202639253,10.668026695111715,16.917153396151477
B,20,15,130,10.0,5,10,sqrt,28.361368247637728,0.8217846646887095,13.849924391376083,20.286319385460384
B,20,15,130,10.0,5,10,1.0,11.087990923109013,0.8594799202639253,10.668026695111715,16.917153396151477
B,20,15,130,10.0,10,2,sqrt,18.576781528446414,0.8174872178289604,13.821110244508583,19.728956770891195
B,20,15,130,10.0,10,2,1.0,10.116389408267832,0.8605068610797197,10.644573378000173,16.808180737905133
B,20,15,130,10.0,10,10,sqrt,18.576781528446414,0.8174872178289604,13.821110244508583,19.728956770891195
B,20,15,130,10.0,10,10,1.0,10.116389408267832,0.8605068610797197,10.644573378000173,16.808180737905133
B,20,15,130,,1,2,sqrt,34.45035574824482,0.7954782041700236,14.787833314824866,22.794172616142582
B,20,15,130,,1,2,1.0,19.265740350204254,0.8200927566312369,12.747962828782155,20.2185982321495
B,20,15,130,,1,10,sqrt,27.76845565741853,0.8052474764804023,14.16360978139935,21.672688198343447
B,20,15,130,,1,10,1.0,17.55896187699609,0.826663279787423,12.375616549142256,19.59264357986974
B,20,15,130,,5,2,sqrt,21.56438229821155,0.8114454380960664,13.518178866692526,20.503984610937845
B,20,15,130,,5,2,1.0,15.279067192626988,0.8316236415071419,11.962612873672843,18.92081782441754
B,20,15,130,,5,10,sqrt,21.56438229821155,0.8114454380960664,13.518178866692526,20.503984610937845
B,20,15,130,,5,10,1.0,15.279067192626988,0.8316236415071419,11.962612873672843,18.92081782441754
B,20,15,130,,10,2,sqrt,21.204441578566676,0.8196512908001532,13.42534698121666,20.125005367351452
B,20,15,130,,10,2,1.0,12.031620885444951,0.8422115869884514,11.44339244949498,18.030898563421896
B,20,15,130,,10,10,sqrt,21.204441578566676,0.8196512908001532,13.42534698121666,20.125005367351452
B,20,15,130,,10,10,1.0,12.031620885444951,0.8422115869884514,11.44339244949498,18.030898563421896
B,20,20,115,5.0,1,2,sqrt,170.2952945309104,0.6368624711565246,23.319351293539903,28.845648669538583
B,20,20,115,5.0,1,2,1.0,5.0402420918178334,0.8579291064151183,9.842071458797427,14.075683595826183
B,20,20,115,5.0,1,10,sqrt,133.19404162697214,0.6660978686956602,21.41877463526007,26.711410815771238
B,20,20,115,5.0,1,10,1.0,5.0402420918178334,0.8579291064151183,9.842071458797427,14.075683595826183
B,20,20,115,5.0,5,2,sqrt,130.98847937096366,0.6663434892847413,21.3272388702183,26.63945695215485
B,20,20,115,5.0,5,2,1.0,5.0402420918178334,0.8579291064151183,9.842071458797427,14.075683595826183
B,20,20,115,5.0,5,10,sqrt,130.98847937096366,0.6663434892847413,21.3272388702183,26.63945695215485
B,20,20,115,5.0,5,10,1.0,5.0402420918178334,0.8579291064151183,9.842071458797427,14.075683595826183
B,20,20,115,5.0,10,2,sqrt,163.76009220031878,0.6461766618140262,22.752255243036608,28.37549421437061
B,20,20,115,5.0,10,2,1.0,5.027619156634772,0.8578972707804503,9.841663984592564,14.070595570687056
B,20,20,115,5.0,10,10,sqrt,163.76009220031878,0.6461766618140262,22.752255243036608,28.37549421437061
B,20,20,115,5.0,10,10,1.0,5.027619156634772,0.8578972707804503,9.841663984592564,14.070595570687056
B,20,20,115,10.0,1,2,sqrt,29.943872682285637,0.8038155878964333,13.420223832247293,19.08222081075484
B,20,20,115,10.0,1,2,1.0,7.386072447633052,0.8708130430174622,9.130475621368635,14.623808485629734
B,20,20,115,10.0,1,10,sqrt,49.20104918438221,0.7577498955966762,15.677656109517025,21.27033845680348
B,20,20,115,10.0,1,10,1.0,6.92189959589728,0.8734848760926376,9.105590296065381,14.54961117250696
B,20,20,115,10.0,5,2,sqrt,34.586619982955185,0.7835213162716279,14.276507908463296,19.961450436774903
B,20,20,115,10.0,5,2,1.0,6.374456490070512,0.8745240991967389,9.066028997460364,14.435676344352014
B,20,20,115,10.0,5,10,sqrt,34.586619982955185,0.7835213162716279,14.276507908463296,19.961450436774903
B,20,20,115,10.0,5,10,1.0,6.374456490070512,0.8745240991967389,9.066028997460364,14.435676344352014
B,20,20,115,10.0,10,2,sqrt,50.04254761573651,0.7614384246463903,15.963288123605144,21.686296115229858
B,20,20,115,10.0,10,2,1.0,5.663434712560067,0.8780979150190827,8.9331255303288,14.205381790514531
B,20,20,115,10.0,10,10,sqrt,50.04254761573651,0.7614384246463903,15.963288123605144,21.686296115229858
B,20,20,115,10.0,10,10,1.0,5.663434712560067,0.8780979150190827,8.9331255303288,14.205381790514531
B,20,20,115,,1,2,sqrt,55.02375265258356,0.7954394995489498,13.583376272925927,22.04756637889548
B,20,20,115,,1,2,1.0,10.88300067065681,0.8332945273143473,10.136395035457133,17.180209587844274
B,20,20,115,,1,10,sqrt,40.134909825499754,0.8063481808213651,13.151625306062012,20.67877550853097
B,20,20,115,,1,10,1.0,9.679191395266859,0.8425852344928151,9.954806508889428,16.61977447907487
B,20,20,115,,5,2,sqrt,37.092229191265325,0.8087835617780913,12.853725428440063,20.160706085396537
B,20,20,115,,5,2,1.0,8.348087548751133,0.8493463042326134,9.636190313038691,16.010503006137366
B,20,20,115,,5,10,sqrt,37.092229191265325,0.8087835617780913,12.853725428440063,20.160706085396537
B,20,20,115,,5,10,1.0,8.348087548751133,0.8493463042326134,9.636190313038691,16.010503006137366
B,20,20,115,,10,2,sqrt,28.22489628134059,0.8240914874105725,12.379399881528977,19.044330952699447
B,20,20,115,,10,2,1.0,6.60607377709038,0.8584163975240372,9.322377453799032,15.247290180909607
B,20,20,115,,10,10,sqrt,28.22489628134059,0.8240914874105725,12.379399881528977,19.044330952699447
B,20,20,115,,10,10,1.0,6.60607377709038,0.8584163975240372,9.322377453799032,15.247290180909607
B,20,20,120,5.0,1,2,sqrt,198.49329326564506,0.6587019914249518,23.716844888246357,29.424630206251642
B,20,20,120,5.0,1,2,1.0,6.4915911413041005,0.8526749925285337,10.83569301705221,15.22761971389644
B,20,20,120,5.0,1,10,sqrt,149.86318650884468,0.6908781259953709,21.515524499846048,27.062424810157914
B,20,20,120,5.0,1,10,1.0,6.4915911413041005,0.8526749925285337,10.83569301705221,15.22761971389644
B,20,20,120,5.0,5,2,sqrt,147.49854625148413,0.6893839902436347,21.740647111493,27.288361510797152
B,20,20,120,5.0,5,2,1.0,6.4915911413041005,0.8526749925285337,10.83569301705221,15.22761971389644
B,20,20,120,5.0,5,10,sqrt,147.49854625148413,0.6893839902436347,21.740647111493,27.288361510797152
B,20,20,120,5.0,5,10,1.0,6.4915911413041005,0.8526749925285337,10.83569301705221,15.22761971389644
B,20,20,120,5.0,10,2,sqrt,186.35807893561042,0.6719586537449542,22.623738433076916,28.251545973975702
B,20,20,120,5.0,10,2,1.0,6.491304429385113,0.8526928105140165,10.834696730469172,15.226550554649469
B,20,20,120,5.0,10,10,sqrt,186.35807893561042,0.6719586537449542,22.623738433076916,28.251545973975702
B,20,20,120,5.0,10,10,1.0,6.491304429385113,0.8526928105140165,10.834696730469172,15.226550554649469
B,20,20,120,10.0,1,2,sqrt,47.50603203648302,0.783822677307666,14.956961581275475,20.49708921962236
B,20,20,120,10.0,1,2,1.0,8.568086288367306,0.86576258045713,10.120927110213085,15.74983694759563
B,20,20,120,10.0,1,10,sqrt,69.13826346724085,0.7538180629129371,16.99999404850942,22.67265496390815
B,20,20,120,10.0,1,10,1.0,8.043447850252225,0.8669637961340001,10.083793141453997,15.652484155763364
B,20,20,120,10.0,5,2,sqrt,55.01079467329566,0.7965957552239433,15.20654791230083,21.030788835831935
B,20,20,120,10.0,5,2,1.0,7.120189630391144,0.8700748359985434,9.977355111338387,15.430649047156177
B,20,20,120,10.0,5,10,sqrt,55.01079467329566,0.7965957552239433,15.20654791230083,21.030788835831935
B,20,20,120,10.0,5,10,1.0,7.120189630391144,0.8700748359985434,9.977355111338387,15.430649047156177
B,20,20,120,10.0,10,2,sqrt,21.272747824134193,0.7923243059952692,14.68557036756184,19.946836669847947
B,20,20,120,10.0,10,2,1.0,6.552699194424638,0.8715602501193069,9.935394569929564,15.294011476587784
B,20,20,120,10.0,10,10,sqrt,21.272747824134193,0.7923243059952692,14.68557036756184,19.946836669847947
B,20,20,120,10.0,10,10,1.0,6.552699194424638,0.8715602501193069,9.935394569929564,15.294011476587784
B,20,20,120,,1,2,sqrt,67.96323432052635,0.7887206032236934,15.00862835077874,23.45085690492065
B,20,20,120,,1,2,1.0,13.278568397406584,0.8294666200559011,11.367732478473688,18.587872961574757
B,20,20,120,,1,10,sqrt,51.487156681506306,0.8012781169576536,14.235215821708659,21.948619261671574
B,20,20,120,,1,10,1.0,10.855051086997573,0.8363917679824683,11.10427218396166,17.960438835134696
B,20,20,120,,5,2,sqrt,57.1053489695808,0.8094508719810701,13.887509063390146,21.144216840549678
B,20,20,120,,5,2,1.0,9.7959123254431,0.8421276809708965,10.85949688947352,17.451714048724295
B,20,20,120,,5,10,sqrt,57.1053489695808,0.8094508719810701,13.887509063390146,21.144216840549678
B,20,20,120,,5,10,1.0,9.7959123254431,0.8421276809708965,10.85949688947352,17.451714048724295
B,20,20,120,,10,2,sqrt,30.058265566501177,0.80662893515713,14.210572875822638,21.14146978872312
B,20,20,120,,10,2,1.0,8.255243400990674,0.8522934490725624,10.438129904099414,16.67428994533794
B,20,20,120,,10,10,sqrt,30.058265566501177,0.80662893515713,14.210572875822638,21.14146978872312
B,20,20,120,,10,10,1.0,8.255243400990674,0.8522934490725624,10.438129904099414,16.67428994533794
B,20,20,125,5.0,1,2,sqrt,250.1931188141597,0.656569879909336,25.041235332399644,30.83841277924363
B,20,20,125,5.0,1,2,1.0,8.13462556459163,0.844300498478512,12.08273885509058,16.579817620543416
B,20,20,125,5.0,1,10,sqrt,189.4034775782868,0.6877316749603531,22.861445952856524,28.469101554677525
B,20,20,125,5.0,1,10,1.0,8.13462556459163,0.844300498478512,12.08273885509058,16.579817620543416
B,20,20,125,5.0,5,2,sqrt,186.25774302193886,0.6862851807362694,23.093377534829646,28.693551779458822
B,20,20,125,5.0,5,2,1.0,8.13462556459163,0.844300498478512,12.08273885509058,16.579817620543416
B,20,20,125,5.0,5,10,sqrt,186.25774302193886,0.6862851807362694,23.093377534829646,28.693551779458822
B,20,20,125,5.0,5,10,1.0,8.13462556459163,0.844300498478512,12.08273885509058,16.579817620543416
B,20,20,125,5.0,10,2,sqrt,236.38718829977591,0.6692354888639408,23.998299774825803,29.717054544615223
B,20,20,125,5.0,10,2,1.0,8.134257170641822,0.8443004850811823,12.081709403478152,16.57864571353648
B,20,20,125,5.0,10,10,sqrt,236.38718829977591,0.6692354888639408,23.998299774825803,29.717054544615223
B,20,20,125,5.0,10,10,1.0,8.134257170641822,0.8443004850811823,12.081709403478152,16.57864571353648
B,20,20,125,10.0,1,2,sqrt,72.2882775199598,0.7648371783190913,16.749045901733098,22.53281598618101
B,20,20,125,10.0,1,2,1.0,12.5085924001597,0.8561052644202334,11.337871295882737,17.114999553493845
B,20,20,125,10.0,1,10,sqrt,111.11643087992047,0.7541684908796429,18.646180514876516,24.764578141661055
B,20,20,125,10.0,1,10,1.0,11.648764239275872,0.8571259834285712,11.316869097671624,17.040498589954396
B,20,20,125,10.0,5,2,sqrt,96.20282002975824,0.7791555617831186,16.713869186732342,22.62763402880399
B,20,20,125,10.0,5,2,1.0,9.493833912779689,0.859441097024393,11.202050368413104,16.77536177982186
B,20,20,125,10.0,5,10,sqrt,96.20282002975824,0.7791555617831186,16.713869186732342,22.62763402880399
B,20,20,125,10.0,5,10,1.0,9.493833912779689,0.859441097024393,11.202050368413104,16.77536177982186
B,20,20,125,10.0,10,2,sqrt,39.79865329354868,0.7902379719300476,16.01915864142627,21.602178630524545
B,20,20,125,10.0,10,2,1.0,8.655826710850786,0.8601289050895264,11.145001222610272,16.63064672703471
B,20,20,125,10.0,10,10,sqrt,39.79865329354868,0.7902379719300476,16.01915864142627,21.602178630524545
B,20,20,125,10.0,10,10,1.0,8.655826710850786,0.8601289050895264,11.145001222610272,16.63064672703471
B,20,20,125,,1,2,sqrt,125.88330732573525,0.7782821879865449,16.802197802688074,25.588428417386318
B,20,20,125,,1,2,1.0,19.36478827559465,0.8236025817200916,12.545090860808596,20.02198697031861
B,20,20,125,,1,10,sqrt,67.61951058104235,0.7968095818683615,15.533740877469768,23.500497792023967
B,20,20,125,,1,10,1.0,17.551802969770375,0.8269717576904723,12.35195697147169,19.571507149121274
B,20,20,125,,5,2,sqrt,104.58336092717691,0.7907683501666393,16.03492424319534,23.759433820082826
B,20,20,125,,5,2,1.0,13.610334701593976,0.8338158625798748,11.995958730080226,18.76583150406316
B,20,20,125,,5,10,sqrt,104.58336092717691,0.7907683501666393,16.03492424319534,23.759433820082826
B,20,20,125,,5,10,1.0,13.610334701593976,0.8338158625798748,11.995958730080226,18.76583150406316
B,20,20,125,,10,2,sqrt,40.13926120362537,0.8100508660842545,14.861926919468988,21.65452181905077
B,20,20,125,,10,2,1.0,10.918677582852958,0.8413510619034936,11.5835562159318,17.80699333429907
B,20,20,125,,10,10,sqrt,40.13926120362537,0.8100508660842545,14.861926919468988,21.65452181905077
B,20,20,125,,10,10,1.0,10.918677582852958,0.8413510619034936,11.5835562159318,17.80699333429907
B,20,20,130,5.0,1,2,sqrt,309.4829303936343,0.6563830458911848,24.523770355110877,30.88616694286991
B,20,20,130,5.0,1,2,1.0,9.651348819912155,0.8464002299351497,11.391963102506148,16.824937482168327
B,20,20,130,5.0,1,10,sqrt,234.3082712240474,0.6877943070587955,22.32015293057973,28.545187126111472
B,20,20,130,5.0,1,10,1.0,9.651348819912155,0.8464002299351497,11.391963102506148,16.824937482168327
B,20,20,130,5.0,5,2,sqrt,230.71460024168556,0.6864905470822011,22.537142491811405,28.744522374279978
B,20,20,130,5.0,5,2,1.0,9.62845444848534,0.8464900590307737,11.383230116211958,16.81592820163242
B,20,20,130,5.0,5,10,sqrt,230.71460024168556,0.6864905470822011,22.537142491811405,28.744522374279978
B,20,20,130,5.0,5,10,1.0,9.62845444848534,0.8464900590307737,11.383230116211958,16.81592820163242
B,20,20,130,5.0,10,2,sqrt,294.1890653700277,0.6693690413574829,23.489924146066265,29.81553022199322
B,20,20,130,5.0,10,2,1.0,9.62845444848534,0.8464900590307737,11.383230116211958,16.81592820163242
B,20,20,130,5.0,10,10,sqrt,294.1890653700277,0.6693690413574829,23.489924146066265,29.81553022199322
B,20,20,130,5.0,10,10,1.0,9.62845444848534,0.8464900590307737,11.383230116211958,16.81592820163242
B,20,20,130,10.0,1,2,sqrt,56.22506397486834,0.788951630284772,14.974373450903276,21.52506315702761
B,20,20,130,10.0,1,2,1.0,12.545368555442987,0.8542885070465396,10.927463452706496,17.37878257534253
B,20,20,130,10.0,1,10,sqrt,187.76430766536936,0.7339792711151445,18.907575860735285,25.81875684905779
B,20,20,130,10.0,1,10,1.0,12.53289241322959,0.8543288580656974,10.944783277785048,17.382616062012964
B,20,20,130,10.0,5,2,sqrt,129.21996814558366,0.75597913378809,17.71430795843029,24.2602542389103
B,20,20,130,10.0,5,2,1.0,11.442073767058933,0.8575796967052233,10.765679633870764,17.064975313894934
B,20,20,130,10.0,5,10,sqrt,129.21996814558366,0.75597913378809,17.71430795843029,24.2602542389103
B,20,20,130,10.0,5,10,1.0,11.442073767058933,0.8575796967052233,10.765679633870764,17.064975313894934
B,20,20,130,10.0,10,2,sqrt,130.00024944398086,0.7481077235592974,17.852783852977563,24.643512094079597
B,20,20,130,10.0,10,2,1.0,10.668934572746513,0.8586311120141261,10.670072519274859,16.8675466557959
B,20,20,130,10.0,10,10,sqrt,130.00024944398086,0.7481077235592974,17.852783852977563,24.643512094079597
B,20,20,130,10.0,10,10,1.0,10.668934572746513,0.8586311120141261,10.670072519274859,16.8675466557959
B,20,20,130,,1,2,sqrt,147.92382960636496,0.7762760589772835,16.87982191316036,25.639999640989128
B,20,20,130,,1,2,1.0,18.78597152501598,0.8181225486842851,12.834787283680736,20.3211828796282
B,20,20,130,,1,10,sqrt,125.12500554910957,0.7897097176664131,15.817889346343952,24.199310370453787
B,20,20,130,,1,10,1.0,17.292021432748022,0.8234342552124847,12.550374559962483,19.829786506572354
B,20,20,130,,5,2,sqrt,86.45571026341344,0.7964567991877257,15.483607764555671,23.144363361980375
B,20,20,130,,5,2,1.0,15.959261909467426,0.8284056988748129,12.057923949122635,19.06070274897527
B,20,20,130,,5,10,sqrt,86.45571026341344,0.7964567991877257,15.483607764555671,23.144363361980375
B,20,20,130,,5,10,1.0,15.959261909467426,0.8284056988748129,12.057923949122635,19.06070274897527
B,20,20,130,,10,2,sqrt,47.045255673337735,0.8073664844030427,14.418568732941486,21.7333685402855
B,20,20,130,,10,2,1.0,12.91710949861752,0.8375080576022815,11.583295593259336,18.166430514200606
B,20,20,130,,10,10,sqrt,47.045255673337735,0.8073664844030427,14.418568732941486,21.7333685402855
B,20,20,130,,10,10,1.0,12.91710949861752,0.8375080576022815,11.583295593259336,18.166430514200606
B,25,10,115,5.0,1,2,sqrt,9.154132201755077,0.805607862907673,12.575172908232453,16.95385005109616
B,25,10,115,5.0,1,2,1.0,4.114021843773192,0.8600561467066831,9.349470484509316,13.176578195980971
B,25,10,115,5.0,1,10,sqrt,8.164395506258781,0.8042107254298865,12.50524356451301,16.743472111165158
B,25,10,115,5.0,1,10,1.0,4.114021843773192,0.8600561467066831,9.349470484509316,13.176578195980971
B,25,10,115,5.0,5,2,sqrt,8.164874650533989,0.8041760884872033,12.50871376643764,16.748053345878414
B,25,10,115,5.0,5,2,1.0,4.114021843773192,0.8600561467066831,9.349470484509316,13.176578195980971
B,25,10,115,5.0,5,10,sqrt,8.164874650533989,0.8041760884872033,12.50871376643764,16.748053345878414
B,25,10,115,5.0,5,10,1.0,4.114021843773192,0.8600561467066831,9.349470484509316,13.176578195980971
B,25,10,115,5.0,10,2,sqrt,7.706406497092277,0.8061731299809193,12.612442642041334,16.667140982555395
B,25,10,115,5.0,10,2,1.0,4.114021843773192,0.8600561467066831,9.349470484509316,13.176578195980971
B,25,10,115,5.0,10,10,sqrt,7.706406497092277,0.8061731299809193,12.612442642041334,16.667140982555395
B,25,10,115,5.0,10,10,1.0,4.114021843773192,0.8600561467066831,9.349470484509316,13.176578195980971
B,25,10,115,10.0,1,2,sqrt,11.071380515616896,0.8392288391922229,10.81869264467106,15.514796400580114
B,25,10,115,10.0,1,2,1.0,4.546300419506484,0.882332653082701,8.347887144410503,13.272893917055345
B,25,10,115,10.0,1,10,sqrt,22.818897556646554,0.8407975989857727,10.895123979298875,15.696764579297724
B,25,10,115,10.0,1,10,1.0,4.284656288324027,0.8829394357301654,8.332809209148524,13.234302816593313
B,25,10,115,10.0,5,2,sqrt,7.695520686850808,0.8439847054103616,10.488056853656548,15.27012014397478
B,25,10,115,10.0,5,2,1.0,3.847628991777019,0.885256498228529,8.258298278024002,13.031778537396942
B,25,10,115,10.0,5,10,sqrt,7.695520686850808,0.8439847054103616,10.488056853656548,15.27012014397478
B,25,10,115,10.0,5,10,1.0,3.847628991777019,0.885256498228529,8.258298278024002,13.031778537396942
B,25,10,115,10.0,10,2,sqrt,11.320814335836857,0.8623671732962922,10.176332493250971,15.007947074633503
B,25,10,115,10.0,10,2,1.0,3.579464849450832,0.8875439835548043,8.161407231739677,12.860318018768046
B,25,10,115,10.0,10,10,sqrt,11.320814335836857,0.8623671732962922,10.176332493250971,15.007947074633503
B,25,10,115,10.0,10,10,1.0,3.579464849450832,0.8875439835548043,8.161407231739677,12.860318018768046
B,25,10,115,,1,2,sqrt,9.85711940262755,0.835266028800218,10.422258728383364,17.100156091180796
B,25,10,115,,1,2,1.0,6.519973010194451,0.8543629750975974,9.110559633030173,15.321083647596463
B,25,10,115,,1,10,sqrt,10.935409756871325,0.8440805849485121,10.351855373867732,16.560890979468162
B,25,10,115,,1,10,1.0,5.78346235893346,0.8626501525053067,9.0038926358914,14.999914219968105
B,25,10,115,,5,2,sqrt,7.385182180138706,0.855964527330227,9.688248644027794,15.400474497311254
B,25,10,115,,5,2,1.0,4.875356955364755,0.8674624270673,8.75050151860357,14.429253468252801
B,25,10,115,,5,10,sqrt,7.385182180138706,0.855964527330227,9.688248644027794,15.400474497311254
B,25,10,115,,5,10,1.0,4.875356955364755,0.8674624270673,8.75050151860357,14.429253468252801
B,25,10,115,,10,2,sqrt,18.887553810547427,0.8571719526918032,9.68796661935211,15.2365136415139
B,25,10,115,,10,2,1.0,4.152304525509043,0.8755868824067949,8.465986215638798,13.780409852527153
B,25,10,115,,10,10,sqrt,18.887553810547427,0.8571719526918032,9.68796661935211,15.2365136415139
B,25,10,115,,10,10,1.0,4.152304525509043,0.8755868824067949,8.465986215638798,13.780409852527153
B,25,10,120,5.0,1,2,sqrt,11.99756210459849,0.8003317247249114,13.772386332374026,18.230384831962745
B,25,10,120,5.0,1,2,1.0,5.27815034474642,0.8570118380533115,10.312044909428774,14.374539103367036
B,25,10,120,5.0,1,10,sqrt,10.86808847058722,0.7964856466231989,13.883234426650935,18.104030089804496
B,25,10,120,5.0,1,10,1.0,5.27815034474642,0.8570118380533115,10.312044909428774,14.374539103367036
B,25,10,120,5.0,5,2,sqrt,10.921402619457165,0.796422355213519,13.889715692759614,18.115701476318996
B,25,10,120,5.0,5,2,1.0,5.27815034474642,0.8570118380533115,10.312044909428774,14.374539103367036
B,25,10,120,5.0,5,10,sqrt,10.921402619457165,0.796422355213519,13.889715692759614,18.115701476318996
B,25,10,120,5.0,5,10,1.0,5.27815034474642,0.8570118380533115,10.312044909428774,14.374539103367036
B,25,10,120,5.0,10,2,sqrt,10.412756132632342,0.787390635899779,14.179052334447125,18.424423199960685
B,25,10,120,5.0,10,2,1.0,5.27815034474642,0.8570118380533115,10.312044909428774,14.374539103367036
B,25,10,120,5.0,10,10,sqrt,10.412756132632342,0.787390635899779,14.179052334447125,18.424423199960685
B,25,10,120,5.0,10,10,1.0,5.27815034474642,0.8570118380533115,10.312044909428774,14.374539103367036
B,25,10,120,10.0,1,2,sqrt,10.206406475468995,0.8278097138520056,11.934017877326273,16.606123874419445
B,25,10,120,10.0,1,2,1.0,5.059175755149463,0.8758215909010506,9.278197326255157,14.24803983507903
B,25,10,120,10.0,1,10,sqrt,11.19391923667573,0.8421081384042759,11.655966164705633,16.56158754348448
B,25,10,120,10.0,1,10,1.0,5.008240017851548,0.8765995843085612,9.312040919716484,14.298201253645937
B,25,10,120,10.0,5,2,sqrt,16.00728829398884,0.8448170735839537,11.34185890252785,16.024473423984084
B,25,10,120,10.0,5,2,1.0,4.732412280795272,0.877593771649677,9.237723288203227,14.121669338732811
B,25,10,120,10.0,5,10,sqrt,16.00728829398884,0.8448170735839537,11.34185890252785,16.024473423984084
B,25,10,120,10.0,5,10,1.0,4.732412280795272,0.877593771649677,9.237723288203227,14.121669338732811
B,25,10,120,10.0,10,2,sqrt,13.598365703356498,0.8558515440392078,11.328290023160795,16.11772158669619
B,25,10,120,10.0,10,2,1.0,4.400797673460616,0.8806187092119983,9.108245618476932,13.869681022416112
B,25,10,120,10.0,10,10,sqrt,13.598365703356498,0.8558515440392078,11.328290023160795,16.11772158669619
B,25,10,120,10.0,10,10,1.0,4.400797673460616,0.8806187092119983,9.108245618476932,13.869681022416112
B,25,10,120,,1,2,sqrt,13.938236119626222,0.8276782649876828,11.804301160397106,18.661417763647506
B,25,10,120,,1,2,1.0,8.193603197009956,0.8477715105327338,10.226731788475115,16.70975190776911
B,25,10,120,,1,10,sqrt,14.09089588263879,0.8430489412225082,11.027272272456925,17.330823410255224
B,25,10,120,,1,10,1.0,7.258062860389839,0.8518614515208123,10.154471272834819,16.398231631423762
B,25,10,120,,5,2,sqrt,12.149787776035817,0.8409344074922498,11.082953174815039,17.147145790982965
B,25,10,120,,5,2,1.0,6.461489635252581,0.8560977871756146,9.913498112984055,15.871318547305364
B,25,10,120,,5,10,sqrt,12.149787776035817,0.8409344074922498,11.082953174815039,17.147145790982965
B,25,10,120,,5,10,1.0,6.461489635252581,0.8560977871756146,9.913498112984055,15.871318547305364
B,25,10,120,,10,2,sqrt,10.70424608541297,0.8568242159613465,10.592974759443148,16.15147098583226
B,25,10,120,,10,2,1.0,5.408922889408761,0.8661101266766291,9.46210402261437,14.944593912815227
B,25,10,120,,10,10,sqrt,10.70424608541297,0.8568242159613465,10.592974759443148,16.15147098583226
B,25,10,120,,10,10,1.0,5.408922889408761,0.8661101266766291,9.46210402261437,14.944593912815227
B,25,10,125,5.0,1,2,sqrt,25.798222014398572,0.7908243823112067,15.154570220798742,19.73024317232532
B,25,10,125,5.0,1,2,1.0,6.70897745418633,0.8532620328374781,11.423092338825503,15.640558766686553
B,25,10,125,5.0,1,10,sqrt,13.918668907100919,0.7917160359256714,15.072345238411458,19.37605215206245
B,25,10,125,5.0,1,10,1.0,6.70897745418633,0.8532620328374781,11.423092338825503,15.640558766686553
B,25,10,125,5.0,5,2,sqrt,13.971944545326519,0.7916533515143852,15.078748651627336,19.386832895465933
B,25,10,125,5.0,5,2,1.0,6.70897745418633,0.8532620328374781,11.423092338825503,15.640558766686553
B,25,10,125,5.0,5,10,sqrt,13.971944545326519,0.7916533515143852,15.078748651627336,19.386832895465933
B,25,10,125,5.0,5,10,1.0,6.70897745418633,0.8532620328374781,11.423092338825503,15.640558766686553
B,25,10,125,5.0,10,2,sqrt,11.98564237951723,0.7951984368407274,14.748802384738022,19.068630541875876
B,25,10,125,5.0,10,2,1.0,6.70897745418633,0.8532620328374781,11.423092338825503,15.640558766686553
B,25,10,125,5.0,10,10,sqrt,11.98564237951723,0.7951984368407274,14.748802384738022,19.068630541875876
B,25,10,125,5.0,10,10,1.0,6.70897745418633,0.8532620328374781,11.423092338825503,15.640558766686553
B,25,10,125,10.0,1,2,sqrt,25.112101336631813,0.8140312519635662,13.739912038627143,18.46070341431176
B,25,10,125,10.0,1,2,1.0,6.686848700428397,0.8695458073124922,10.332567885671091,15.435913049444036
B,25,10,125,10.0,1,10,sqrt,13.44788903888645,0.8474664236718603,11.732825700522005,16.537701967395233
B,25,10,125,10.0,1,10,1.0,6.550139128327686,0.8701614468424437,10.302767152292699,15.363286891747691
B,25,10,125,10.0,5,2,sqrt,31.60832315674232,0.8218352514882576,13.147504188965048,17.977918595275575
B,25,10,125,10.0,5,2,1.0,5.71065225962635,0.8721830406378555,10.215306487861344,15.178496099233154
B,25,10,125,10.0,5,10,sqrt,31.60832315674232,0.8218352514882576,13.147504188965048,17.977918595275575
B,25,10,125,10.0,5,10,1.0,5.71065225962635,0.8721830406378555,10.215306487861344,15.178496099233154
B,25,10,125,10.0,10,2,sqrt,12.716244312814913,0.8522565092814048,12.052374967371625,16.80240938134644
B,25,10,125,10.0,10,2,1.0,5.155928271966675,0.8750258769826917,10.111933798482635,15.023570715200501
B,25,10,125,10.0,10,10,sqrt,12.716244312814913,0.8522565092814048,12.052374967371625,16.80240938134644
B,25,10,125,10.0,10,10,1.0,5.155928271966675,0.8750258769826917,10.111933798482635,15.023570715200501
B,25,10,125,,1,2,sqrt,24.866950927931533,0.825322252962845,12.784167690533424,19.899253010418533
B,25,10,125,,1,2,1.0,12.034755272715818,0.840610121638248,11.475095359414556,18.313509033037313
B,25,10,125,,1,10,sqrt,13.70751847216938,0.8348070898531954,12.423506441610488,19.041308196292704
B,25,10,125,,1,10,1.0,10.485875929761116,0.8452582562729031,11.339967878462764,17.900129194839863
B,25,10,125,,5,2,sqrt,25.644901784054667,0.8308731799174943,12.574161224563948,18.986942894239526
B,25,10,125,,5,2,1.0,8.87291942753134,0.8502752958609984,11.053591321626275,17.2435169520921
B,25,10,125,,5,10,sqrt,25.644901784054667,0.8308731799174943,12.574161224563948,18.986942894239526
B,25,10,125,,5,10,1.0,8.87291942753134,0.8502752958609984,11.053591321626275,17.2435169520921
B,25,10,125,,10,2,sqrt,11.909029374996944,0.8450710007202176,12.009592455918867,17.80856020777832
B,25,10,125,,10,2,1.0,6.802347779530524,0.8583464005253845,10.59408384746308,16.31264571950685
B,25,10,125,,10,10,sqrt,11.909029374996944,0.8450710007202176,12.009592455918867,17.80856020777832
B,25,10,125,,10,10,1.0,6.802347779530524,0.8583464005253845,10.59408384746308,16.31264571950685
B,25,10,130,5.0,1,2,sqrt,31.514305187615925,0.7882730858203365,14.812925898852848,20.129531839490276
B,25,10,130,5.0,1,2,1.0,6.801772216628346,0.8579013876453271,10.683921237013777,15.69393197296878
B,25,10,130,5.0,1,10,sqrt,18.568851122566176,0.7885533694537525,14.812411462769878,19.87652862957121
B,25,10,130,5.0,1,10,1.0,6.801772216628346,0.8579013876453271,10.683921237013777,15.69393197296878
B,25,10,130,5.0,5,2,sqrt,18.516923201076363,0.7886284075413863,14.797607023218399,19.849149921646863
B,25,10,130,5.0,5,2,1.0,6.801772216628346,0.8579013876453271,10.683921237013777,15.69393197296878
B,25,10,130,5.0,5,10,sqrt,18.516923201076363,0.7886284075413863,14.797607023218399,19.849149921646863
B,25,10,130,5.0,5,10,1.0,6.801772216628346,0.8579013876453271,10.683921237013777,15.69393197296878
B,25,10,130,5.0,10,2,sqrt,15.811107584524436,0.7946296977510412,14.52120936441293,19.688995523235565
B,25,10,130,5.0,10,2,1.0,6.8018582291760366,0.857883980389461,10.684489146789872,15.694263557515061
B,25,10,130,5.0,10,10,sqrt,15.811107584524436,0.7946296977510412,14.52120936441293,19.688995523235565
B,25,10,130,5.0,10,10,1.0,6.8018582291760366,0.857883980389461,10.684489146789872,15.694263557515061
B,25,10,130,10.0,1,2,sqrt,16.441465226547535,0.832236571778615,12.270389566751325,17.954781757611133
B,25,10,130,10.0,1,2,1.0,7.288185142422866,0.8665432127742891,9.917288626950912,15.703169163815142
B,25,10,130,10.0,1,10,sqrt,10.522163813552448,0.834637631248388,12.150192626316983,17.55207876892313
B,25,10,130,10.0,1,10,1.0,7.348644785731496,0.8663116179043107,9.954276992497267,15.740791748662247
B,25,10,130,10.0,5,2,sqrt,36.965292306751316,0.8155993063517452,13.075654023079148,18.856715331116554
B,25,10,130,10.0,5,2,1.0,6.4552755793921195,0.8678360542519105,9.872633182920328,15.520705822341323
B,25,10,130,10.0,5,10,sqrt,36.965292306751316,0.8155993063517452,13.075654023079148,18.856715331116554
B,25,10,130,10.0,5,10,1.0,6.4552755793921195,0.8678360542519105,9.872633182920328,15.520705822341323
B,25,10,130,10.0,10,2,sqrt,20.39642786807634,0.8372828743363241,12.096246150774475,17.67931911082914
B,25,10,130,10.0,10,2,1.0,6.18202863295474,0.8694345762200427,9.757330509542522,15.342698504635422
B,25,10,130,10.0,10,10,sqrt,20.39642786807634,0.8372828743363241,12.096246150774475,17.67931911082914
B,25,10,130,10.0,10,10,1.0,6.18202863295474,0.8694345762200427,9.757330509542522,15.342698504635422
B,25,10,130,,1,2,sqrt,19.63608088595016,0.822185822016614,13.042825665346522,20.129561757408034
B,25,10,130,,1,2,1.0,11.51294266827196,0.8400303053238207,11.491267384416803,18.227835185751882
B,25,10,130,,1,10,sqrt,16.197089836431502,0.8285817724285949,12.49549710507958,19.26089765949248
B,25,10,130,,1,10,1.0,10.447215962592988,0.8433954136022361,11.249754677251868,17.791010171130303
B,25,10,130,,5,2,sqrt,16.561102935488258,0.8348834812181867,12.223667062834357,18.774420387972853
B,25,10,130,,5,2,1.0,8.957529856424983,0.849379990886456,10.84526743097173,17.06406452560099
B,25,10,130,,5,10,sqrt,16.561102935488258,0.8348834812181867,12.223667062834357,18.774420387972853
B,25,10,130,,5,10,1.0,8.957529856424983,0.849379990886456,10.84526743097173,17.06406452560099
B,25,10,130,,10,2,sqrt,11.446677697364663,0.8436303845859374,11.577652182357557,17.820872480202134
B,25,10,130,,10,2,1.0,7.976176383234238,0.8540402032023403,10.436594234373134,16.31867326091654
B,25,10,130,,10,10,sqrt,11.446677697364663,0.8436303845859374,11.577652182357557,17.820872480202134
B,25,10,130,,10,10,1.0,7.976176383234238,0.8540402032023403,10.436594234373134,16.31867326091654
B,25,15,115,5.0,1,2,sqrt,11.912781863708307,0.7678938103364705,13.831769096792602,17.958102918139097
B,25,15,115,5.0,1,2,1.0,4.114021843773192,0.8600561467066831,9.349470484509316,13.176578195980971
B,25,15,115,5.0,1,10,sqrt,10.986483068057668,0.7708852983218646,13.794188324344384,17.923477910152563
B,25,15,115,5.0,1,10,1.0,4.114021843773192,0.8600561467066831,9.349470484509316,13.176578195980971
B,25,15,115,5.0,5,2,sqrt,10.996780935537945,0.7706037449351816,13.796535021377483,17.92911984123807
B,25,15,115,5.0,5,2,1.0,4.114021843773192,0.8600561467066831,9.349470484509316,13.176578195980971
B,25,15,115,5.0,5,10,sqrt,10.996780935537945,0.7706037449351816,13.796535021377483,17.92911984123807
B,25,15,115,5.0,5,10,1.0,4.114021843773192,0.8600561467066831,9.349470484509316,13.176578195980971
B,25,15,115,5.0,10,2,sqrt,12.719926486885493,0.7635802735621512,14.15759239121773,18.320185226017443
B,25,15,115,5.0,10,2,1.0,4.114021843773192,0.8600561467066831,9.349470484509316,13.176578195980971
B,25,15,115,5.0,10,10,sqrt,12.719926486885493,0.7635802735621512,14.15759239121773,18.320185226017443
B,25,15,115,5.0,10,10,1.0,4.114021843773192,0.8600561467066831,9.349470484509316,13.176578195980971
B,25,15,115,10.0,1,2,sqrt,9.220295294068,0.8324001808408751,11.651314624444385,16.69618544517237
B,25,15,115,10.0,1,2,1.0,4.5173862968612655,0.8806344153320996,8.506232683831898,13.515429204617096
B,25,15,115,10.0,1,10,sqrt,15.1494582953909,0.8320336312682649,11.433377964501762,16.34941459209896
B,25,15,115,10.0,1,10,1.0,4.316789305949799,0.8821299987418639,8.467563337412562,13.4371496160407
B,25,15,115,10.0,5,2,sqrt,9.275254260870888,0.8416863494507754,10.921839576795856,16.015810144479694
B,25,15,115,10.0,5,2,1.0,3.8867879614786696,0.8861859194887158,8.345617661851595,13.181244710196584
B,25,15,115,10.0,5,10,sqrt,9.275254260870888,0.8416863494507754,10.921839576795856,16.015810144479694
B,25,15,115,10.0,5,10,1.0,3.8867879614786696,0.8861859194887158,8.345617661851595,13.181244710196584
B,25,15,115,10.0,10,2,sqrt,9.01559787817935,0.8304854549844002,11.51439939067671,16.335003723609645
B,25,15,115,10.0,10,2,1.0,3.6541587307561287,0.8858656649390216,8.277348147791491,13.007898628151498
B,25,15,115,10.0,10,10,sqrt,9.01559787817935,0.8304854549844002,11.51439939067671,16.335003723609645
B,25,15,115,10.0,10,10,1.0,3.6541587307561287,0.8858656649390216,8.277348147791491,13.007898628151498
B,25,15,115,,1,2,sqrt,16.737179037973256,0.8250926069802158,11.16220832583488,18.25444647665055
B,25,15,115,,1,2,1.0,7.676898928590563,0.8471362673420784,9.472069550387989,15.900057819189215
B,25,15,115,,1,10,sqrt,18.73334250336301,0.8277947012987852,11.449300347716353,18.068516400853166
B,25,15,115,,1,10,1.0,6.632667318721152,0.8551434936668769,9.225704363730767,15.425081757212245
B,25,15,115,,5,2,sqrt,9.616476917734827,0.8376658809828852,10.904253531977805,17.119416596658123
B,25,15,115,,5,2,1.0,5.114896550214039,0.8631527177079121,8.886309976083908,14.655333136779603
B,25,15,115,,5,10,sqrt,9.616476917734827,0.8376658809828852,10.904253531977805,17.119416596658123
B,25,15,115,,5,10,1.0,5.114896550214039,0.8631527177079121,8.886309976083908,14.655333136779603
B,25,15,115,,10,2,sqrt,10.425640034268342,0.8443376072425878,10.934755344318349,16.748893294507113
B,25,15,115,,10,2,1.0,4.257632072029802,0.8705625034270271,8.631565919544977,13.941925308486029
B,25,15,115,,10,10,sqrt,10.425640034268342,0.8443376072425878,10.934755344318349,16.748893294507113
B,25,15,115,,10,10,1.0,4.257632072029802,0.8705625034270271,8.631565919544977,13.941925308486029
B,25,15,120,5.0,1,2,sqrt,15.365659749748321,0.7594897758908064,15.134751292339098,19.32558204575741
B,25,15,120,5.0,1,2,1.0,5.27815034474642,0.8570118380533115,10.312044909428774,14.374539103367036
B,25,15,120,5.0,1,10,sqrt,14.268944463492781,0.7606834729575535,15.158864739155055,19.350488828022062
B,25,15,120,5.0,1,10,1.0,5.27815034474642,0.8570118380533115,10.312044909428774,14.374539103367036
B,25,15,120,5.0,5,2,sqrt,14.288604375477709,0.7603987801751676,15.161723906829144,19.356567176840382
B,25,15,120,5.0,5,2,1.0,5.27815034474642,0.8570118380533115,10.312044909428774,14.374539103367036
B,25,15,120,5.0,5,10,sqrt,14.288604375477709,0.7603987801751676,15.161723906829144,19.356567176840382
B,25,15,120,5.0,5,10,1.0,5.27815034474642,0.8570118380533115,10.312044909428774,14.374539103367036
B,25,15,120,5.0,10,2,sqrt,16.497698632634574,0.7565952753094314,15.43128785755043,19.676753011057762
B,25,15,120,5.0,10,2,1.0,5.27815034474642,0.8570118380533115,10.312044909428774,14.374539103367036
B,25,15,120,5.0,10,10,sqrt,16.497698632634574,0.7565952753094314,15.43128785755043,19.676753011057762
B,25,15,120,5.0,10,10,1.0,5.27815034474642,0.8570118380533115,10.312044909428774,14.374539103367036
B,25,15,120,10.0,1,2,sqrt,15.52200276659595,0.8131019269363172,13.132101905414524,18.29677349377838
B,25,15,120,10.0,1,2,1.0,5.9540762862109835,0.8726923426245717,9.504605332322745,14.698775372617906
B,25,15,120,10.0,1,10,sqrt,13.13372013371075,0.8162039176121441,13.303212710962683,18.422541065789787
B,25,15,120,10.0,1,10,1.0,5.8989863639492786,0.8726796453459883,9.520562543387083,14.709588948657435
B,25,15,120,10.0,5,2,sqrt,13.090159725895806,0.8220499404230102,13.065092025699036,17.986008643528073
B,25,15,120,10.0,5,2,1.0,5.216399141360453,0.8753742187051226,9.41191259030202,14.403119988777357
B,25,15,120,10.0,5,10,sqrt,13.090159725895806,0.8220499404230102,13.065092025699036,17.986008643528073
B,25,15,120,10.0,5,10,1.0,5.216399141360453,0.8753742187051226,9.41191259030202,14.403119988777357
B,25,15,120,10.0,10,2,sqrt,11.985434608678416,0.8176504094226272,13.371249228676684,18.337045360014
B,25,15,120,10.0,10,2,1.0,4.923407118879561,0.8772820111981922,9.278477653985044,14.1945795538708
B,25,15,120,10.0,10,10,sqrt,11.985434608678416,0.8176504094226272,13.371249228676684,18.337045360014
B,25,15,120,10.0,10,10,1.0,4.923407118879561,0.8772820111981922,9.278477653985044,14.1945795538708
B,25,15,120,,1,2,sqrt,18.722280525894234,0.8091738537044467,13.14343888236067,20.474918525863497
B,25,15,120,,1,2,1.0,9.514348132883956,0.8430429796173555,10.562916878167812,17.178072612521945
B,25,15,120,,1,10,sqrt,13.36250827145887,0.8225115339612283,12.40672182075102,19.11372007269064
B,25,15,120,,1,10,1.0,8.580671566726801,0.8497702623153558,10.353183771013953,16.7190844142047
B,25,15,120,,5,2,sqrt,12.999916218187082,0.8242949750073325,12.28733086475089,18.744420438610558
B,25,15,120,,5,2,1.0,7.221968846093125,0.8539245772606655,10.077512127332273,16.11584011630212
B,25,15,120,,5,10,sqrt,12.999916218187082,0.8242949750073325,12.28733086475089,18.744420438610558
B,25,15,120,,5,10,1.0,7.221968846093125,0.8539245772606655,10.077512127332273,16.11584011630212
B,25,15,120,,10,2,sqrt,13.73051349520741,0.8344811890792212,12.110911340219932,18.042027076231967
B,25,15,120,,10,2,1.0,5.689021680539283,0.862639721153997,9.693700377225603,15.245159552443592
B,25,15,120,,10,10,sqrt,13.73051349520741,0.8344811890792212,12.110911340219932,18.042027076231967
B,25,15,120,,10,10,1.0,5.689021680539283,0.862639721153997,9.693700377225603,15.245159552443592
B,25,15,125,5.0,1,2,sqrt,19.67800415364676,0.7541983931589783,16.400334049928137,20.697127307683967
B,25,15,125,5.0,1,2,1.0,6.7174997984359575,0.853261457738775,11.42019270423193,15.646241120291341
B,25,15,125,5.0,1,10,sqrt,18.20586288169538,0.7555012964743936,16.418752437061045,20.702272946431787
B,25,15,125,5.0,1,10,1.0,6.7174997984359575,0.853261457738775,11.42019270423193,15.646241120291341
B,25,15,125,5.0,5,2,sqrt,18.164365952479034,0.755502880782576,16.42472079338578,20.707142246433484
B,25,15,125,5.0,5,2,1.0,6.70897745418633,0.8532620328374781,11.423092338825503,15.640558766686553
B,25,15,125,5.0,5,10,sqrt,18.164365952479034,0.755502880782576,16.42472079338578,20.707142246433484
B,25,15,125,5.0,5,10,1.0,6.70897745418633,0.8532620328374781,11.423092338825503,15.640558766686553
B,25,15,125,5.0,10,2,sqrt,17.698921692223543,0.7590676243686226,16.13521069260859,20.318168534056788
B,25,15,125,5.0,10,2,1.0,6.70897745418633,0.8532620328374781,11.423092338825503,15.640558766686553
B,25,15,125,5.0,10,10,sqrt,17.698921692223543,0.7590676243686226,16.13521069260859,20.318168534056788
B,25,15,125,5.0,10,10,1.0,6.70897745418633,0.8532620328374781,11.423092338825503,15.640558766686553
B,25,15,125,10.0,1,2,sqrt,20.915465530047147,0.7974273086699131,15.145143572695284,20.338025939192857
B,25,15,125,10.0,1,2,1.0,7.8289594339328445,0.8650800459347433,10.54642401613008,15.855729480531798
B,25,15,125,10.0,1,10,sqrt,20.68819503229701,0.8082236060975136,14.556944113082096,19.86847388257014
B,25,15,125,10.0,1,10,1.0,7.4585449157526345,0.8661008270039947,10.482832003381166,15.734947550096095
B,25,15,125,10.0,5,2,sqrt,17.596571047435752,0.8227413453754104,13.658588320633594,19.008433250630233
B,25,15,125,10.0,5,2,1.0,6.398519973003327,0.8685061688623575,10.399485194590419,15.513425454578122
B,25,15,125,10.0,5,10,sqrt,17.596571047435752,0.8227413453754104,13.658588320633594,19.008433250630233
B,25,15,125,10.0,5,10,1.0,6.398519973003327,0.8685061688623575,10.399485194590419,15.513425454578122
B,25,15,125,10.0,10,2,sqrt,12.415752574946485,0.8180004390122957,13.908969836624834,18.662837615290748
B,25,15,125,10.0,10,2,1.0,5.838847011011228,0.8710345459222271,10.268657522173033,15.2683200687372
B,25,15,125,10.0,10,10,sqrt,12.415752574946485,0.8180004390122957,13.908969836624834,18.662837615290748
B,25,15,125,10.0,10,10,1.0,5.838847011011228,0.8710345459222271,10.268657522173033,15.2683200687372
B,25,15,125,,1,2,sqrt,26.62221387306019,0.8125315701397721,13.805046862837973,21.22519479268472
B,25,15,125,,1,2,1.0,12.409463413192716,0.8348494897556404,11.867710951854875,18.696534779689642
B,25,15,125,,1,10,sqrt,24.567931499196277,0.8116347902843902,14.471186500071695,21.618269609376497
B,25,15,125,,1,10,1.0,11.278934118911167,0.8389180793901675,11.656797967725543,18.236511355554438
B,25,15,125,,5,2,sqrt,21.911112425706037,0.8234507114188571,13.44003437293649,20.051308256390023
B,25,15,125,,5,2,1.0,8.948367893649891,0.8466503690608139,11.228606562193324,17.395636374243857
B,25,15,125,,5,10,sqrt,21.911112425706037,0.8234507114188571,13.44003437293649,20.051308256390023
B,25,15,125,,5,10,1.0,8.948367893649891,0.8466503690608139,11.228606562193324,17.395636374243857
B,25,15,125,,10,2,sqrt,12.619403772136017,0.8227680933217452,13.359247243901999,19.326332414645023
B,25,15,125,,10,2,1.0,7.59589076654016,0.8557093417345734,10.757463501560462,16.556386792745215
B,25,15,125,,10,10,sqrt,12.619403772136017,0.8227680933217452,13.359247243901999,19.326332414645023
B,25,15,125,,10,10,1.0,7.59589076654016,0.8557093417345734,10.757463501560462,16.556386792745215
B,25,15,130,5.0,1,2,sqrt,24.669121229782675,0.761430746287672,15.486864142415891,20.466741150952647
B,25,15,130,5.0,1,2,1.0,6.801073507483855,0.857963690291949,10.676544077528831,15.693304951142684
B,25,15,130,5.0,1,10,sqrt,22.549082101954404,0.7641564570295412,15.394835792971065,20.367639614864245
B,25,15,130,5.0,1,10,1.0,6.801073507483855,0.857963690291949,10.676544077528831,15.693304951142684
B,25,15,130,5.0,5,2,sqrt,22.107616501003285,0.7661087428013751,15.17027527983212,20.217586393561426
B,25,15,130,5.0,5,2,1.0,6.801073507483855,0.857963690291949,10.676544077528831,15.693304951142684
B,25,15,130,5.0,5,10,sqrt,22.107616501003285,0.7661087428013751,15.17027527983212,20.217586393561426
B,25,15,130,5.0,5,10,1.0,6.801073507483855,0.857963690291949,10.676544077528831,15.693304951142684
B,25,15,130,5.0,10,2,sqrt,23.11917021448003,0.758261228190278,15.662096120067499,20.58982117419594
B,25,15,130,5.0,10,2,1.0,6.801115781153834,0.857963690291949,10.676832615315437,15.693454947541372
B,25,15,130,5.0,10,10,sqrt,23.11917021448003,0.758261228190278,15.662096120067499,20.58982117419594
B,25,15,130,5.0,10,10,1.0,6.801115781153834,0.857963690291949,10.676832615315437,15.693454947541372
B,25,15,130,10.0,1,2,sqrt,31.164372251359044,0.8063841798733188,13.75369806684608,20.018002529518355
B,25,15,130,10.0,1,2,1.0,8.26677863704981,0.8635053080932164,10.228020017680914,16.111372971533996
B,25,15,130,10.0,1,10,sqrt,24.35197079031126,0.8156773452981285,13.556568924376538,19.666273052451807
B,25,15,130,10.0,1,10,1.0,8.242063575776404,0.8636284664172924,10.235736000562309,16.122334827022055
B,25,15,130,10.0,5,2,sqrt,15.073367424611405,0.8245438348287077,12.926726573040451,18.664245258803227
B,25,15,130,10.0,5,2,1.0,6.938188144414771,0.86561017626046,10.08746551932647,15.776010274639933
B,25,15,130,10.0,5,10,sqrt,15.073367424611405,0.8245438348287077,12.926726573040451,18.664245258803227
B,25,15,130,10.0,5,10,1.0,6.938188144414771,0.86561017626046,10.08746551932647,15.776010274639933
B,25,15,130,10.0,10,2,sqrt,18.161229153467527,0.8260113814204427,13.38027164681733,19.33457866433853
B,25,15,130,10.0,10,2,1.0,6.722235156786047,0.8674174096734,9.978688950481473,15.596014678006009
B,25,15,130,10.0,10,10,sqrt,18.161229153467527,0.8260113814204427,13.38027164681733,19.33457866433853
B,25,15,130,10.0,10,10,1.0,6.722235156786047,0.8674174096734,9.978688950481473,15.596014678006009
B,25,15,130,,1,2,sqrt,59.53010282286088,0.8047528111226876,14.262873463518435,21.778570704976584
B,25,15,130,,1,2,1.0,12.232503277405275,0.8356998369023534,11.844439341882493,18.685823407221804
B,25,15,130,,1,10,sqrt,19.31370775415115,0.817641485021233,13.443567690538918,20.41858576273814
B,25,15,130,,1,10,1.0,11.13698331589395,0.8416661030731459,11.559323761534085,18.131498164459337
B,25,15,130,,5,2,sqrt,22.796958328011378,0.8206926042126421,13.419946264843821,20.315122203771512
B,25,15,130,,5,2,1.0,9.291889953039238,0.8447375783291629,11.098936739505827,17.408028838923165
B,25,15,130,,5,10,sqrt,22.796958328011378,0.8206926042126421,13.419946264843821,20.315122203771512
B,25,15,130,,5,10,1.0,9.291889953039238,0.8447375783291629,11.098936739505827,17.408028838923165
B,25,15,130,,10,2,sqrt,18.03746865060618,0.8185610535388328,13.54617458797926,20.10659111266195
B,25,15,130,,10,2,1.0,8.350254180836194,0.8538242633609521,10.589945480283877,16.587572509012094
B,25,15,130,,10,10,sqrt,18.03746865060618,0.8185610535388328,13.54617458797926,20.10659111266195
B,25,15,130,,10,10,1.0,8.350254180836194,0.8538242633609521,10.589945480283877,16.587572509012094
B,25,20,115,5.0,1,2,sqrt,171.8370099246185,0.6323351294934303,23.93036958117954,29.428762244615314
B,25,20,115,5.0,1,2,1.0,4.133848800322191,0.8600081789170384,9.364745771180882,13.208084080359248
B,25,20,115,5.0,1,10,sqrt,128.8708484623807,0.6767285562897208,20.78914117005557,25.853209924847828
B,25,20,115,5.0,1,10,1.0,4.133848800322191,0.8600081789170384,9.364745771180882,13.208084080359248
B,25,20,115,5.0,5,2,sqrt,128.76192274840196,0.6768904511090941,20.7822843147742,25.852308183638673
B,25,20,115,5.0,5,2,1.0,4.133848800322191,0.8600081789170384,9.364745771180882,13.208084080359248
B,25,20,115,5.0,5,10,sqrt,128.76192274840196,0.6768904511090941,20.7822843147742,25.852308183638673
B,25,20,115,5.0,5,10,1.0,4.133848800322191,0.8600081789170384,9.364745771180882,13.208084080359248
B,25,20,115,5.0,10,2,sqrt,176.0351228115855,0.6401064821277375,23.59202358166896,29.371954426318144
B,25,20,115,5.0,10,2,1.0,4.133848800322191,0.8600081789170384,9.364745771180882,13.208084080359248
B,25,20,115,5.0,10,10,sqrt,176.0351228115855,0.6401064821277375,23.59202358166896,29.371954426318144
B,25,20,115,5.0,10,10,1.0,4.133848800322191,0.8600081789170384,9.364745771180882,13.208084080359248
B,25,20,115,10.0,1,2,sqrt,70.38313528447725,0.7792182714720581,15.175138582812338,21.11205787834796
B,25,20,115,10.0,1,2,1.0,4.825372595432063,0.8793385703438567,8.54323053212928,13.623714017706678
B,25,20,115,10.0,1,10,sqrt,26.3829117340824,0.7943280522611429,13.381634841303967,18.59675484685934
B,25,20,115,10.0,1,10,1.0,4.4853362428818455,0.8816027473761852,8.52085570109475,13.543343432200695
B,25,20,115,10.0,5,2,sqrt,44.49468406283465,0.7767691980272412,15.416196854005733,20.797895817396235
B,25,20,115,10.0,5,2,1.0,4.171674763542271,0.8853305380907621,8.44322611461325,13.365605056305634
B,25,20,115,10.0,5,10,sqrt,44.49468406283465,0.7767691980272412,15.416196854005733,20.797895817396235
B,25,20,115,10.0,5,10,1.0,4.171674763542271,0.8853305380907621,8.44322611461325,13.365605056305634
B,25,20,115,10.0,10,2,sqrt,67.03351993275422,0.7531713138996896,16.114658129652465,21.721046561647583
B,25,20,115,10.0,10,2,1.0,3.795792506426886,0.8864948467605529,8.34879773788209,13.133582133895164
B,25,20,115,10.0,10,10,sqrt,67.03351993275422,0.7531713138996896,16.114658129652465,21.721046561647583
B,25,20,115,10.0,10,10,1.0,3.795792506426886,0.8864948467605529,8.34879773788209,13.133582133895164
B,25,20,115,,1,2,sqrt,55.5487370846981,0.8030984531203635,13.265829586702779,21.104776694905347
B,25,20,115,,1,2,1.0,7.616727341136349,0.8469409072216489,9.613455980681765,16.111785580637203
B,25,20,115,,1,10,sqrt,24.155774282732672,0.8240409070934678,12.148836987675953,19.232111069737847
B,25,20,115,,1,10,1.0,6.774105966752524,0.8537598576921214,9.450060533059467,15.688644820850167
B,25,20,115,,5,2,sqrt,24.425330226600522,0.826742103733441,12.11849746866746,18.984060873418535
B,25,20,115,,5,2,1.0,5.348150450519286,0.8618939455819528,9.010832217287803,14.830868194382182
B,25,20,115,,5,10,sqrt,24.425330226600522,0.826742103733441,12.11849746866746,18.984060873418535
B,25,20,115,,5,10,1.0,5.348150450519286,0.8618939455819528,9.010832217287803,14.830868194382182
B,25,20,115,,10,2,sqrt,27.1393322218418,0.8303149651137973,12.199177129832051,18.58475966435721
B,25,20,115,,10,2,1.0,4.4826575741062795,0.8679399033867001,8.815527581868073,14.24226656239667
B,25,20,115,,10,10,sqrt,27.1393322218418,0.8303149651137973,12.199177129832051,18.58475966435721
B,25,20,115,,10,10,1.0,4.4826575741062795,0.8679399033867001,8.815527581868073,14.24226656239667
B,25,20,120,5.0,1,2,sqrt,194.87513820256254,0.6524581770470433,24.23600709176981,29.84045298111356
B,25,20,120,5.0,1,2,1.0,5.27815034474642,0.8570118380533115,10.312044909428774,14.374539103367036
B,25,20,120,5.0,1,10,sqrt,158.23511927331072,0.6734134359997996,22.034853340551603,27.16011454610292
B,25,20,120,5.0,1,10,1.0,5.27815034474642,0.8570118380533115,10.312044909428774,14.374539103367036
B,25,20,120,5.0,5,2,sqrt,158.271364472689,0.673642702073923,22.013620063975686,27.159361339351783
B,25,20,120,5.0,5,2,1.0,5.27815034474642,0.8570118380533115,10.312044909428774,14.374539103367036
B,25,20,120,5.0,5,10,sqrt,158.271364472689,0.673642702073923,22.013620063975686,27.159361339351783
B,25,20,120,5.0,5,10,1.0,5.27815034474642,0.8570118380533115,10.312044909428774,14.374539103367036
B,25,20,120,5.0,10,2,sqrt,221.81858467729893,0.6366099005678103,24.980596709725653,30.83008768678833
B,25,20,120,5.0,10,2,1.0,5.27815034474642,0.8570118380533115,10.312044909428774,14.374539103367036
B,25,20,120,5.0,10,10,sqrt,221.81858467729893,0.6366099005678103,24.980596709725653,30.83008768678833
B,25,20,120,5.0,10,10,1.0,5.27815034474642,0.8570118380533115,10.312044909428774,14.374539103367036
B,25,20,120,10.0,1,2,sqrt,71.57264455250285,0.775140200129453,15.975788820137065,21.47010953198936
B,25,20,120,10.0,1,2,1.0,6.207410394381937,0.8719571810137561,9.63106370442475,14.919799758768637
B,25,20,120,10.0,1,10,sqrt,25.54897708265522,0.7874334707554651,14.175939729697774,19.06348590691995
B,25,20,120,10.0,1,10,1.0,5.8519204974525625,0.8732640280361121,9.59854813353546,14.817220526636698
B,25,20,120,10.0,5,2,sqrt,50.66916956808696,0.7778006093853819,15.532850538676138,21.12337849428876
B,25,20,120,10.0,5,2,1.0,5.411973903518987,0.8750919044341423,9.50740067904251,14.595279839354783
B,25,20,120,10.0,5,10,sqrt,50.66916956808696,0.7778006093853819,15.532850538676138,21.12337849428876
B,25,20,120,10.0,5,10,1.0,5.411973903518987,0.8750919044341423,9.50740067904251,14.595279839354783
B,25,20,120,10.0,10,2,sqrt,62.912350347215394,0.7588073720740297,16.941390499207237,22.736180424774986
B,25,20,120,10.0,10,2,1.0,5.206642873707071,0.8757403551348508,9.381406742044637,14.389273824249617
B,25,20,120,10.0,10,10,sqrt,62.912350347215394,0.7588073720740297,16.941390499207237,22.736180424774986
B,25,20,120,10.0,10,10,1.0,5.206642873707071,0.8757403551348508,9.381406742044637,14.389273824249617
B,25,20,120,,1,2,sqrt,80.6590431155948,0.7958125924964425,14.672024264714661,22.69810192814449
B,25,20,120,,1,2,1.0,8.931300774957222,0.8411406891836922,10.682586816223289,17.22897537730082
B,25,20,120,,1,10,sqrt,47.03294438084356,0.8049956232324259,13.916126851092383,21.270612499489683
B,25,20,120,,1,10,1.0,8.86736328570141,0.8464777551017495,10.54449564888449,16.88050049132005
B,25,20,120,,5,2,sqrt,22.136545333002225,0.822133282818581,12.971882032329194,19.48756369616446
B,25,20,120,,5,2,1.0,7.755500694150792,0.8503160903896573,10.269473377126875,16.33760283728718
B,25,20,120,,5,10,sqrt,22.136545333002225,0.822133282818581,12.971882032329194,19.48756369616446
B,25,20,120,,5,10,1.0,7.755500694150792,0.8503160903896573,10.269473377126875,16.33760283728718
B,25,20,120,,10,2,sqrt,31.02326954582989,0.8214477652328116,13.480514271962505,20.027265611699075
B,25,20,120,,10,2,1.0,6.355317036184305,0.8575971799859905,9.934112516970846,15.589372813113181
B,25,20,120,,10,10,sqrt,31.02326954582989,0.8214477652328116,13.480514271962505,20.027265611699075
B,25,20,120,,10,10,1.0,6.355317036184305,0.8575971799859905,9.934112516970846,15.589372813113181
B,25,20,125,5.0,1,2,sqrt,244.7750689404624,0.6485996358950796,25.631790982556783,31.326580037721065
B,25,20,125,5.0,1,2,1.0,6.7174997984359575,0.853261457738775,11.42019270423193,15.646241120291341
B,25,20,125,5.0,1,10,sqrt,199.41810385501054,0.6697508033370193,23.38419486843608,28.677853299711085
B,25,20,125,5.0,1,10,1.0,6.7174997984359575,0.853261457738775,11.42019270423193,15.646241120291341
B,25,20,125,5.0,5,2,sqrt,199.4483650724655,0.6699412202524433,23.378573463433657,28.677758541699887
B,25,20,125,5.0,5,2,1.0,6.70897745418633,0.8532620328374781,11.423092338825503,15.640558766686553
B,25,20,125,5.0,5,10,sqrt,199.4483650724655,0.6699412202524433,23.378573463433657,28.677758541699887
B,25,20,125,5.0,5,10,1.0,6.70897745418633,0.8532620328374781,11.423092338825503,15.640558766686553
B,25,20,125,5.0,10,2,sqrt,280.4093897455656,0.633013841574548,26.498766938959857,32.44454406314695
B,25,20,125,5.0,10,2,1.0,6.70897745418633,0.8532620328374781,11.423092338825503,15.640558766686553
B,25,20,125,5.0,10,10,sqrt,280.4093897455656,0.633013841574548,26.498766938959857,32.44454406314695
B,25,20,125,5.0,10,10,1.0,6.70897745418633,0.8532620328374781,11.423092338825503,15.640558766686553
B,25,20,125,10.0,1,2,sqrt,127.01487545294574,0.7644600007574842,17.952740850321504,23.969661675867275
B,25,20,125,10.0,1,2,1.0,7.726170422692621,0.8637126426574507,10.620620194344198,15.97828440625879
B,25,20,125,10.0,1,10,sqrt,38.335714898170366,0.7946903260172288,15.7903968358903,21.406496307410805
B,25,20,125,10.0,1,10,1.0,7.235197863232216,0.864648647587096,10.611420995048139,15.909747046370526
B,25,20,125,10.0,5,2,sqrt,65.75245852355528,0.771239404682688,16.785329351557117,22.42002952021667
B,25,20,125,10.0,5,2,1.0,6.663417141667085,0.8662300826168107,10.616266990513084,15.840100865476648
B,25,20,125,10.0,5,10,sqrt,65.75245852355528,0.771239404682688,16.785329351557117,22.42002952021667
B,25,20,125,10.0,5,10,1.0,6.663417141667085,0.8662300826168107,10.616266990513084,15.840100865476648
B,25,20,125,10.0,10,2,sqrt,104.68908038637676,0.7611548928143268,17.84630852581846,23.654012323452154
B,25,20,125,10.0,10,2,1.0,6.150916191237317,0.8685674033504547,10.423124366136166,15.51088174622098
B,25,20,125,10.0,10,10,sqrt,104.68908038637676,0.7611548928143268,17.84630852581846,23.654012323452154
B,25,20,125,10.0,10,10,1.0,6.150916191237317,0.8685674033504547,10.423124366136166,15.51088174622098
B,25,20,125,,1,2,sqrt,131.06548236050014,0.7879215326190483,15.897369818972809,24.335129149058464
B,25,20,125,,1,2,1.0,12.991871585114776,0.8331615660526008,11.96488510829472,18.879825146197806
B,25,20,125,,1,10,sqrt,133.875427237927,0.8035379839690554,15.016886071962347,22.546930745457097
B,25,20,125,,1,10,1.0,11.299753645468314,0.8379608374284693,11.798377419062525,18.399673505315338
B,25,20,125,,5,2,sqrt,25.37755125510963,0.8158667516834669,14.341070141641874,20.981903638774103
B,25,20,125,,5,2,1.0,9.255219237235627,0.8451115011729005,11.402826275328287,17.710589869206522
B,25,20,125,,5,10,sqrt,25.37755125510963,0.8158667516834669,14.341070141641874,20.981903638774103
B,25,20,125,,5,10,1.0,9.255219237235627,0.8451115011729005,11.402826275328287,17.710589869206522
B,25,20,125,,10,2,sqrt,55.48036615867657,0.8080402720325666,15.392412775304186,22.173670463206044
B,25,20,125,,10,2,1.0,8.266689389555708,0.8537945941370577,10.91035825298098,16.825077608909524
B,25,20,125,,10,10,sqrt,55.48036615867657,0.8080402720325666,15.392412775304186,22.173670463206044
B,25,20,125,,10,10,1.0,8.266689389555708,0.8537945941370577,10.91035825298098,16.825077608909524
B,25,20,130,5.0,1,2,sqrt,366.61486946779826,0.6271053651252145,26.777463659881164,33.2502032172485
B,25,20,130,5.0,1,2,1.0,6.8008705930181375,0.8579024250993935,10.671726338074958,15.69361188714548
B,25,20,130,5.0,1,10,sqrt,360.0017646930016,0.6288225992671919,26.61793642982041,33.10429080405019
B,25,20,130,5.0,1,10,1.0,6.8008705930181375,0.8579024250993935,10.671726338074958,15.69361188714548
B,25,20,130,5.0,5,2,sqrt,338.1637651327913,0.6333542146324739,26.002003755831936,32.56768042926062
B,25,20,130,5.0,5,2,1.0,6.801073507483855,0.857963690291949,10.676544077528831,15.693304951142684
B,25,20,130,5.0,5,10,sqrt,338.1637651327913,0.6333542146324739,26.002003755831936,32.56768042926062
B,25,20,130,5.0,5,10,1.0,6.801073507483855,0.857963690291949,10.676544077528831,15.693304951142684
B,25,20,130,5.0,10,2,sqrt,323.8666843684308,0.6448152230165538,25.753820939131096,32.083077409145076
B,25,20,130,5.0,10,2,1.0,6.801115781153834,0.857963690291949,10.676832615315437,15.693454947541372
B,25,20,130,5.0,10,10,sqrt,323.8666843684308,0.6448152230165538,25.753820939131096,32.083077409145076
B,25,20,130,5.0,10,10,1.0,6.801115781153834,0.857963690291949,10.676832615315437,15.693454947541372
B,25,20,130,10.0,1,2,sqrt,58.30562570596542,0.8072024999507393,14.126556917612803,20.28214801059496
B,25,20,130,10.0,1,2,1.0,8.017588837107397,0.8630745657178818,10.239626445054308,16.18908518740198
B,25,20,130,10.0,1,10,sqrt,98.97803181997695,0.7799347624213877,16.718812626904572,23.239406988656548
B,25,20,130,10.0,1,10,1.0,8.100000521459805,0.862845013158163,10.25321936670806,16.208570667080558
B,25,20,130,10.0,5,2,sqrt,137.17395296764454,0.750952901364187,18.034237850974,24.751656776465477
B,25,20,130,10.0,5,2,1.0,7.027181287208402,0.86450242905342,10.181615446369062,15.969010539396242
B,25,20,130,10.0,5,10,sqrt,137.17395296764454,0.750952901364187,18.034237850974,24.751656776465477
B,25,20,130,10.0,5,10,1.0,7.027181287208402,0.86450242905342,10.181615446369062,15.969010539396242
B,25,20,130,10.0,10,2,sqrt,125.16837623485446,0.7602978216471015,17.721077200412896,24.40766528832779
B,25,20,130,10.0,10,2,1.0,6.851031228368305,0.8671071400653471,10.05594778409519,15.761574518108393
B,25,20,130,10.0,10,10,sqrt,125.16837623485446,0.7602978216471015,17.721077200412896,24.40766528832779
B,25,20,130,10.0,10,10,1.0,6.851031228368305,0.8671071400653471,10.05594778409519,15.761574518108393
B,25,20,130,,1,2,sqrt,66.89786113723883,0.7921689799679806,15.514475276072934,23.49206877555276
B,25,20,130,,1,2,1.0,12.097068584627264,0.8352705536733127,11.812159657796034,18.562020878591923
B,25,20,130,,1,10,sqrt,130.2986665093412,0.7987581908653045,15.415769415763602,23.433294812446128
B,25,20,130,,1,10,1.0,11.081268226141288,0.8372724319966565,11.65073948749994,18.25908194247199
B,25,20,130,,5,2,sqrt,43.7306783993838,0.8071912967537095,14.777697143971906,22.16150373490486
B,25,20,130,,5,2,1.0,9.648654273195863,0.8423536675651846,11.275292161046472,17.716149661221234
B,25,20,130,,5,10,sqrt,43.7306783993838,0.8071912967537095,14.777697143971906,22.16150373490486
B,25,20,130,,5,10,1.0,9.648654273195863,0.8423536675651846,11.275292161046472,17.716149661221234
B,25,20,130,,10,2,sqrt,49.07114997646022,0.807643606470787,14.837665135534944,21.995689681605143
B,25,20,130,,10,2,1.0,8.476026513355217,0.8519564037304004,10.742423534787084,16.793204886533438
B,25,20,130,,10,10,sqrt,49.07114997646022,0.807643606470787,14.837665135534944,21.995689681605143
B,25,20,130,,10,10,1.0,8.476026513355217,0.8519564037304004,10.742423534787084,16.793204886533438
B,30,10,115,5.0,1,2,sqrt,8.914708008014179,0.791242019878645,13.025024373348064,17.257306327152182
B,30,10,115,5.0,1,2,1.0,3.5393520803446363,0.8645239688067582,9.121665006986277,12.73917143840475
B,30,10,115,5.0,1,10,sqrt,23.149723096640876,0.7613465955526701,14.498105030177015,18.717573447196422
B,30,10,115,5.0,1,10,1.0,3.5393520803446363,0.8645239688067582,9.121665006986277,12.73917143840475
B,30,10,115,5.0,5,2,sqrt,39.99109376084501,0.7425293728715101,15.9252638890603,20.246325210035213
B,30,10,115,5.0,5,2,1.0,3.5393520803446363,0.8645239688067582,9.121665006986277,12.73917143840475
B,30,10,115,5.0,5,10,sqrt,39.99109376084501,0.7425293728715101,15.9252638890603,20.246325210035213
B,30,10,115,5.0,5,10,1.0,3.5393520803446363,0.8645239688067582,9.121665006986277,12.73917143840475
B,30,10,115,5.0,10,2,sqrt,24.727803423886296,0.7802851318664134,14.362091359100944,18.642937715824736
B,30,10,115,5.0,10,2,1.0,3.5393520803446363,0.8645239688067582,9.121665006986277,12.73917143840475
B,30,10,115,5.0,10,10,sqrt,24.727803423886296,0.7802851318664134,14.362091359100944,18.642937715824736
B,30,10,115,5.0,10,10,1.0,3.5393520803446363,0.8645239688067582,9.121665006986277,12.73917143840475
B,30,10,115,10.0,1,2,sqrt,6.082718052595148,0.8389150068480845,10.384830461597685,14.622757630508431
B,30,10,115,10.0,1,2,1.0,3.529273610618211,0.8893082789136507,7.827569114781374,12.429546481505437
B,30,10,115,10.0,1,10,sqrt,31.770747573307773,0.8408874426174954,11.00447550604709,16.151341957337245
B,30,10,115,10.0,1,10,1.0,3.411014466467767,0.8903051330187693,7.8368812075441365,12.408593494114262
B,30,10,115,10.0,5,2,sqrt,4.97977546227659,0.8436620819951898,10.08227335659303,14.249587406334893
B,30,10,115,10.0,5,2,1.0,3.3339512184098012,0.8898639833219353,7.828723255027086,12.411498853365918
B,30,10,115,10.0,5,10,sqrt,4.97977546227659,0.8436620819951898,10.08227335659303,14.249587406334893
B,30,10,115,10.0,5,10,1.0,3.3339512184098012,0.8898639833219353,7.828723255027086,12.411498853365918
B,30,10,115,10.0,10,2,sqrt,5.258192274022623,0.8663972575342493,9.81401584880545,14.31872719350722
B,30,10,115,10.0,10,2,1.0,2.9529780781705943,0.8916108154186263,7.737483018767473,12.196542792908057
B,30,10,115,10.0,10,10,sqrt,5.258192274022623,0.8663972575342493,9.81401584880545,14.31872719350722
B,30,10,115,10.0,10,10,1.0,2.9529780781705943,0.8916108154186263,7.737483018767473,12.196542792908057
B,30,10,115,,1,2,sqrt,14.462519837796574,0.8473456614216289,10.126744979905387,16.4955099528665
B,30,10,115,,1,2,1.0,4.452918092814625,0.8630767681058128,8.405658555685381,14.100927274359005
B,30,10,115,,1,10,sqrt,7.559493002353993,0.849943993397372,9.929409244868792,15.911110253354897
B,30,10,115,,1,10,1.0,4.080200744952836,0.8679938429765546,8.288189472045401,13.754465172468514
B,30,10,115,,5,2,sqrt,7.572306143109593,0.8572433455610955,9.732294022300618,15.451634949755377
B,30,10,115,,5,2,1.0,3.7690233131239665,0.8727796937378891,8.159692521987667,13.464786693142594
B,30,10,115,,5,10,sqrt,7.572306143109593,0.8572433455610955,9.732294022300618,15.451634949755377
B,30,10,115,,5,10,1.0,3.7690233131239665,0.8727796937378891,8.159692521987667,13.464786693142594
B,30,10,115,,10,2,sqrt,7.800442082389566,0.8682978645653681,9.189000958615338,14.37487828529358
B,30,10,115,,10,2,1.0,3.561183268392328,0.878764335295579,7.942102479149858,12.972809622810782
B,30,10,115,,10,10,sqrt,7.800442082389566,0.8682978645653681,9.189000958615338,14.37487828529358
B,30,10,115,,10,10,1.0,3.561183268392328,0.878764335295579,7.942102479149858,12.972809622810782
B,30,10,120,5.0,1,2,sqrt,12.710443318812107,0.7724337762320725,14.880431596788014,19.090509425832252
B,30,10,120,5.0,1,2,1.0,4.3949280016499115,0.8593031473239486,10.076899804287262,13.832927386696037
B,30,10,120,5.0,1,10,sqrt,13.127959406772103,0.767183633398982,15.187240645225438,19.39568135166009
B,30,10,120,5.0,1,10,1.0,4.3949280016499115,0.8593031473239486,10.076899804287262,13.832927386696037
B,30,10,120,5.0,5,2,sqrt,34.82624071200187,0.7506927814442681,16.621465192204106,20.92786161205357
B,30,10,120,5.0,5,2,1.0,4.3949280016499115,0.8593031473239486,10.076899804287262,13.832927386696037
B,30,10,120,5.0,5,10,sqrt,34.82624071200187,0.7506927814442681,16.621465192204106,20.92786161205357
B,30,10,120,5.0,5,10,1.0,4.3949280016499115,0.8593031473239486,10.076899804287262,13.832927386696037
B,30,10,120,5.0,10,2,sqrt,31.00857381560072,0.7736348970653506,15.631180542163397,19.682961644407456
B,30,10,120,5.0,10,2,1.0,4.3949280016499115,0.8593031473239486,10.076899804287262,13.832927386696037
B,30,10,120,5.0,10,10,sqrt,31.00857381560072,0.7736348970653506,15.631180542163397,19.682961644407456
B,30,10,120,5.0,10,10,1.0,4.3949280016499115,0.8593031473239486,10.076899804287262,13.832927386696037
B,30,10,120,10.0,1,2,sqrt,29.55793785014339,0.8361280828917999,11.463529972872362,16.329721919362306
B,30,10,120,10.0,1,2,1.0,4.503746502828571,0.8827623126626458,8.829496941844113,13.61064052107038
B,30,10,120,10.0,1,10,sqrt,28.770529364997294,0.8250052909334897,12.481799331358115,17.230257169364453
B,30,10,120,10.0,1,10,1.0,4.384326788063504,0.8838591865871571,8.783586834747194,13.491831640090908
B,30,10,120,10.0,5,2,sqrt,6.950124582910144,0.8530307130581178,11.012232625161966,15.213687820201505
B,30,10,120,10.0,5,2,1.0,4.279560990561397,0.884210501819935,8.77783480659438,13.435803012641198
B,30,10,120,10.0,5,10,sqrt,6.950124582910144,0.8530307130581178,11.012232625161966,15.213687820201505
B,30,10,120,10.0,5,10,1.0,4.279560990561397,0.884210501819935,8.77783480659438,13.435803012641198
B,30,10,120,10.0,10,2,sqrt,5.436924107850997,0.8570709462197724,10.674123277051129,14.918014959237505
B,30,10,120,10.0,10,2,1.0,3.8253111292090374,0.8854718903388787,8.728438353109548,13.309514417451734
B,30,10,120,10.0,10,10,sqrt,5.436924107850997,0.8570709462197724,10.674123277051129,14.918014959237505
B,30,10,120,10.0,10,10,1.0,3.8253111292090374,0.8854718903388787,8.728438353109548,13.309514417451734
B,30,10,120,,1,2,sqrt,45.37986075487115,0.8386610308011123,11.275287091276294,17.874247557782972
B,30,10,120,,1,2,1.0,6.206212014615531,0.8581247926148035,9.658958933889135,15.672089130913548
B,30,10,120,,1,10,sqrt,16.69081256835321,0.8433928849966887,11.199558504429058,17.46417682316123
B,30,10,120,,1,10,1.0,6.038158997150825,0.8628562852705752,9.54536595703719,15.31026767401307
B,30,10,120,,5,2,sqrt,7.979915157362642,0.8512558929837452,10.773801890668427,16.333044166731657
B,30,10,120,,5,2,1.0,5.394863846227234,0.866210618912217,9.302489168212428,14.783533169321458
B,30,10,120,,5,10,sqrt,7.979915157362642,0.8512558929837452,10.773801890668427,16.333044166731657
B,30,10,120,,5,10,1.0,5.394863846227234,0.866210618912217,9.302489168212428,14.783533169321458
B,30,10,120,,10,2,sqrt,26.688323882255798,0.8540387849503667,11.025644947729681,16.749483105475026
B,30,10,120,,10,2,1.0,4.475805760630179,0.8732311393725526,8.991542373838382,14.187414054579289
B,30,10,120,,10,10,sqrt,26.688323882255798,0.8540387849503667,11.025644947729681,16.749483105475026
B,30,10,120,,10,10,1.0,4.475805760630179,0.8732311393725526,8.991542373838382,14.187414054579289
B,30,10,125,5.0,1,2,sqrt,14.81075103045146,0.7724185516559317,15.99290280704297,20.209121787192316
B,30,10,125,5.0,1,2,1.0,5.375842370842916,0.8562120713892186,11.046525468730213,14.977350058774643
B,30,10,125,5.0,1,10,sqrt,15.178356879823465,0.7679160727336121,16.345026408496643,20.538202007416423
B,30,10,125,5.0,1,10,1.0,5.375842370842916,0.8562120713892186,11.046525468730213,14.977350058774643
B,30,10,125,5.0,5,2,sqrt,14.92614643365925,0.7702144692333329,16.322364737992743,20.455210331088992
B,30,10,125,5.0,5,2,1.0,5.375842370842916,0.8562120713892186,11.046525468730213,14.977350058774643
B,30,10,125,5.0,5,10,sqrt,14.92614643365925,0.7702144692333329,16.322364737992743,20.455210331088992
B,30,10,125,5.0,5,10,1.0,5.375842370842916,0.8562120713892186,11.046525468730213,14.977350058774643
B,30,10,125,5.0,10,2,sqrt,12.147114543437544,0.7865347539312645,15.677276461263613,19.72456666225838
B,30,10,125,5.0,10,2,1.0,5.375842370842916,0.8562120713892186,11.046525468730213,14.977350058774643
B,30,10,125,5.0,10,10,sqrt,12.147114543437544,0.7865347539312645,15.677276461263613,19.72456666225838
B,30,10,125,5.0,10,10,1.0,5.375842370842916,0.8562120713892186,11.046525468730213,14.977350058774643
B,30,10,125,10.0,1,2,sqrt,24.403218907955214,0.8281111295717724,13.059859378615817,17.710694127199154
B,30,10,125,10.0,1,2,1.0,5.987723810456141,0.8743394407142094,9.891527411298092,14.848027379097115
B,30,10,125,10.0,1,10,sqrt,37.395195061791775,0.8232198093215229,13.157102416226488,18.180411984104552
B,30,10,125,10.0,1,10,1.0,5.236649800685312,0.8748849242805641,9.873605275267806,14.724051121443296
B,30,10,125,10.0,5,2,sqrt,8.429066293463729,0.861846987587578,11.234051416030677,15.921656166963222
B,30,10,125,10.0,5,2,1.0,4.929345597961477,0.8750366300595497,9.845228516940523,14.666630609592591
B,30,10,125,10.0,5,10,sqrt,8.429066293463729,0.861846987587578,11.234051416030677,15.921656166963222
B,30,10,125,10.0,5,10,1.0,4.929345597961477,0.8750366300595497,9.845228516940523,14.666630609592591
B,30,10,125,10.0,10,2,sqrt,7.154923177902927,0.8493029499252571,11.714451868491139,16.13438002754273
B,30,10,125,10.0,10,2,1.0,4.770537335754778,0.8741240450834376,9.84010242516265,14.672235157197187
B,30,10,125,10.0,10,10,sqrt,7.154923177902927,0.8493029499252571,11.714451868491139,16.13438002754273
B,30,10,125,10.0,10,10,1.0,4.770537335754778,0.8741240450834376,9.84010242516265,14.672235157197187
B,30,10,125,,1,2,sqrt,80.38005844295849,0.8343391910220115,12.075108932439965,18.68189139693401
B,30,10,125,,1,2,1.0,9.226227525688577,0.8468778371624394,10.993958463372177,17.320090025646614
B,30,10,125,,1,10,sqrt,16.840320713260418,0.8360274080171287,12.54262344982626,18.96528358142037
B,30,10,125,,1,10,1.0,7.722933854328393,0.8520221981355016,10.760598507382038,16.748582158292635
B,30,10,125,,5,2,sqrt,37.270669054728316,0.847688054631193,11.681055123973724,17.655213663571015
B,30,10,125,,5,2,1.0,6.913615562694962,0.8601175662866855,10.375377379887777,16.071982489720106
B,30,10,125,,5,10,sqrt,37.270669054728316,0.847688054631193,11.681055123973724,17.655213663571015
B,30,10,125,,5,10,1.0,6.913615562694962,0.8601175662866855,10.375377379887777,16.071982489720106
B,30,10,125,,10,2,sqrt,37.12251946921357,0.8433071676295437,11.999220518924426,17.835982469964446
B,30,10,125,,10,2,1.0,5.79380179781504,0.8657398851027857,10.02806417994681,15.44180000913498
B,30,10,125,,10,10,sqrt,37.12251946921357,0.8433071676295437,11.999220518924426,17.835982469964446
B,30,10,125,,10,10,1.0,5.79380179781504,0.8657398851027857,10.02806417994681,15.44180000913498
B,30,10,130,5.0,1,2,sqrt,17.069819570481275,0.7778944693506482,15.23349235470788,20.123498615903312
B,30,10,130,5.0,1,2,1.0,6.26591596260099,0.8637330884517258,10.237699274914851,15.07336813809761
B,30,10,130,5.0,1,10,sqrt,17.68324662497343,0.7726341985727754,15.66999077542079,20.52858273803018
B,30,10,130,5.0,1,10,1.0,6.26591596260099,0.8637330884517258,10.237699274914851,15.07336813809761
B,30,10,130,5.0,5,2,sqrt,17.344105958007596,0.7746779755705377,15.641774873328137,20.433458177881327
B,30,10,130,5.0,5,2,1.0,6.26591596260099,0.8637330884517258,10.237699274914851,15.07336813809761
B,30,10,130,5.0,5,10,sqrt,17.344105958007596,0.7746779755705377,15.641774873328137,20.433458177881327
B,30,10,130,5.0,5,10,1.0,6.26591596260099,0.8637330884517258,10.237699274914851,15.07336813809761
B,30,10,130,5.0,10,2,sqrt,14.201606578843595,0.7891749413015722,15.063369579594957,19.80737556912154
B,30,10,130,5.0,10,2,1.0,6.26591596260099,0.8637330884517258,10.237699274914851,15.07336813809761
B,30,10,130,5.0,10,10,sqrt,14.201606578843595,0.7891749413015722,15.063369579594957,19.80737556912154
B,30,10,130,5.0,10,10,1.0,6.26591596260099,0.8637330884517258,10.237699274914851,15.07336813809761
B,30,10,130,10.0,1,2,sqrt,35.93609702854987,0.8225824301739305,12.693118749667745,18.167435974148653
B,30,10,130,10.0,1,2,1.0,6.510439654948831,0.8722012403441071,9.367622277739443,14.851294755590313
B,30,10,130,10.0,1,10,sqrt,28.066638449119978,0.8221927217393175,12.679915629222705,18.39099111302061
B,30,10,130,10.0,1,10,1.0,6.369642541624567,0.8724954257803527,9.363188430388991,14.811851930389285
B,30,10,130,10.0,5,2,sqrt,42.79384800776526,0.8371914448574665,11.955357627946348,17.353081740931618
B,30,10,130,10.0,5,2,1.0,6.092817948780172,0.8736892071124516,9.385415686268537,14.78922725242845
B,30,10,130,10.0,5,10,sqrt,42.79384800776526,0.8371914448574665,11.955357627946348,17.353081740931618
B,30,10,130,10.0,5,10,1.0,6.092817948780172,0.8736892071124516,9.385415686268537,14.78922725242845
B,30,10,130,10.0,10,2,sqrt,9.70501129506687,0.8537593040945494,11.408113294001385,16.69436852191488
B,30,10,130,10.0,10,2,1.0,5.121364997531546,0.8752061171013639,9.254624149953395,14.568206042498776
B,30,10,130,10.0,10,10,sqrt,9.70501129506687,0.8537593040945494,11.408113294001385,16.69436852191488
B,30,10,130,10.0,10,10,1.0,5.121364997531546,0.8752061171013639,9.254624149953395,14.568206042498776
B,30,10,130,,1,2,sqrt,15.302012346265354,0.8346651504560596,12.35380957820511,18.975953102540167
B,30,10,130,,1,2,1.0,8.610481898605585,0.8468970017699011,10.973269308855425,17.133909065339786
B,30,10,130,,1,10,sqrt,14.729645848599421,0.8403451510377418,12.161113867230197,18.51163467701463
B,30,10,130,,1,10,1.0,9.006094856449714,0.8500641639352582,10.792577418506635,16.90262363006832
B,30,10,130,,5,2,sqrt,17.214715991560805,0.8401865616025388,11.83368516151558,18.125872273998233
B,30,10,130,,5,2,1.0,7.424546413044737,0.8556292275469829,10.404230852809114,16.24609700443875
B,30,10,130,,5,10,sqrt,17.214715991560805,0.8401865616025388,11.83368516151558,18.125872273998233
B,30,10,130,,5,10,1.0,7.424546413044737,0.8556292275469829,10.404230852809114,16.24609700443875
B,30,10,130,,10,2,sqrt,12.41534944914845,0.8432001160237247,11.748599655729157,17.95004024338308
B,30,10,130,,10,2,1.0,6.017119825048271,0.864489791769395,9.938509925718504,15.507394358130062
B,30,10,130,,10,10,sqrt,12.41534944914845,0.8432001160237247,11.748599655729157,17.95004024338308
B,30,10,130,,10,10,1.0,6.017119825048271,0.864489791769395,9.938509925718504,15.507394358130062
B,30,15,115,5.0,1,2,sqrt,11.593910760467903,0.7715115445638769,13.749373155228255,17.73050839572972
B,30,15,115,5.0,1,2,1.0,3.5501964993618835,0.8641474110904651,9.12958841602888,12.747918570546826
B,30,15,115,5.0,1,10,sqrt,11.594406671040002,0.7714993398693902,13.753809542930053,17.732097880140863
B,30,15,115,5.0,1,10,1.0,3.5501964993618835,0.8641474110904651,9.12958841602888,12.747918570546826
B,30,15,115,5.0,5,2,sqrt,11.60042131601772,0.7715015997314214,13.755058729497785,17.737154533983656
B,30,15,115,5.0,5,2,1.0,3.5501964993618835,0.8641474110904651,9.12958841602888,12.747918570546826
B,30,15,115,5.0,5,10,sqrt,11.60042131601772,0.7715015997314214,13.755058729497785,17.737154533983656
B,30,15,115,5.0,5,10,1.0,3.5501964993618835,0.8641474110904651,9.12958841602888,12.747918570546826
B,30,15,115,5.0,10,2,sqrt,11.581291517959603,0.7715082428975214,13.75105505200366,17.72759849319287
B,30,15,115,5.0,10,2,1.0,3.5393520803446363,0.8645239688067582,9.121665006986277,12.73917143840475
B,30,15,115,5.0,10,10,sqrt,11.581291517959603,0.7715082428975214,13.75105505200366,17.72759849319287
B,30,15,115,5.0,10,10,1.0,3.5393520803446363,0.8645239688067582,9.121665006986277,12.73917143840475
B,30,15,115,10.0,1,2,sqrt,9.131688611649162,0.8195196858504922,11.789709612971123,16.75009344427758
B,30,15,115,10.0,1,2,1.0,4.106266248706859,0.8847163736654341,7.993917691400656,12.832634925908746
B,30,15,115,10.0,1,10,sqrt,11.30128072936353,0.8170951936463486,12.282439111890454,17.22928375344979
B,30,15,115,10.0,1,10,1.0,3.8163287565744213,0.8871916194183672,7.925004832386627,12.683653114944775
B,30,15,115,10.0,5,2,sqrt,7.863863275928094,0.8429642527689951,11.324251459593807,16.274149026902187
B,30,15,115,10.0,5,2,1.0,3.9675092962431835,0.8852205834770291,8.001718426864857,12.809997102638704
B,30,15,115,10.0,5,10,sqrt,7.863863275928094,0.8429642527689951,11.324251459593807,16.274149026902187
B,30,15,115,10.0,5,10,1.0,3.9675092962431835,0.8852205834770291,8.001718426864857,12.809997102638704
B,30,15,115,10.0,10,2,sqrt,7.894965210229555,0.8291943303568114,11.708251221071254,16.425256532377098
B,30,15,115,10.0,10,2,1.0,3.3438685456906825,0.8888659476082152,7.862155928331227,12.48180003547749
B,30,15,115,10.0,10,10,sqrt,7.894965210229555,0.8291943303568114,11.708251221071254,16.425256532377098
B,30,15,115,10.0,10,10,1.0,3.3438685456906825,0.8888659476082152,7.862155928331227,12.48180003547749
B,30,15,115,,1,2,sqrt,27.504396557047265,0.8228375656329538,11.444720359244226,18.471316619939113
B,30,15,115,,1,2,1.0,5.67902749251404,0.8595016150105804,8.723881349347042,14.56100168601128
B,30,15,115,,1,10,sqrt,12.008579981330497,0.8355305355638049,10.978560143669446,17.16420393611066
B,30,15,115,,1,10,1.0,5.251785902923709,0.8637716571291392,8.662579369336022,14.398187864864207
B,30,15,115,,5,2,sqrt,20.445908297934402,0.8279683288796782,11.810966493284411,18.17529216780867
B,30,15,115,,5,2,1.0,4.378709449608128,0.8697907302616408,8.393196815832363,13.839272407003852
B,30,15,115,,5,10,sqrt,20.445908297934402,0.8279683288796782,11.810966493284411,18.17529216780867
B,30,15,115,,5,10,1.0,4.378709449608128,0.8697907302616408,8.393196815832363,13.839272407003852
B,30,15,115,,10,2,sqrt,6.906287320409028,0.847789403200322,10.702451639200245,16.094149341804716
B,30,15,115,,10,2,1.0,3.7539855927309516,0.8770835846596666,8.165999425380578,13.296587978336529
B,30,15,115,,10,10,sqrt,6.906287320409028,0.847789403200322,10.702451639200245,16.094149341804716
B,30,15,115,,10,10,1.0,3.7539855927309516,0.8770835846596666,8.165999425380578,13.296587978336529
B,30,15,120,5.0,1,2,sqrt,15.220983493161125,0.7615152599935755,14.978021782685792,19.00019006952011
B,30,15,120,5.0,1,2,1.0,4.394315550561535,0.8593664408626939,10.074879326950057,13.831863175456704
B,30,15,120,5.0,1,10,sqrt,15.221479403733223,0.7615034189427021,14.982458170387591,19.001669384972086
B,30,15,120,5.0,1,10,1.0,4.394315550561535,0.8593664408626939,10.074879326950057,13.831863175456704
B,30,15,120,5.0,5,2,sqrt,15.22914018451991,0.7614457477550974,14.991088116588065,19.012502658499496
B,30,15,120,5.0,5,2,1.0,4.394315550561535,0.8593664408626939,10.074879326950057,13.831863175456704
B,30,15,120,5.0,5,10,sqrt,15.22914018451991,0.7614457477550974,14.991088116588065,19.012502658499496
B,30,15,120,5.0,5,10,1.0,4.394315550561535,0.8593664408626939,10.074879326950057,13.831863175456704
B,30,15,120,5.0,10,2,sqrt,15.537755748672556,0.7617462685561169,15.024196309922464,19.11814888614744
B,30,15,120,5.0,10,2,1.0,4.394315550561535,0.8593664408626939,10.074879326950057,13.831863175456704
B,30,15,120,5.0,10,10,sqrt,15.537755748672556,0.7617462685561169,15.024196309922464,19.11814888614744
B,30,15,120,5.0,10,10,1.0,4.394315550561535,0.8593664408626939,10.074879326950057,13.831863175456704
B,30,15,120,10.0,1,2,sqrt,10.578059332675977,0.8166586242901465,12.66078950959412,17.412490785324078
B,30,15,120,10.0,1,2,1.0,5.3522341900395025,0.8789298355686412,8.89518243737287,13.803324228340818
B,30,15,120,10.0,1,10,sqrt,12.136990074978245,0.820229045620304,13.136507275600508,18.178353553881383
B,30,15,120,10.0,1,10,1.0,4.833236003667284,0.8805381557905315,8.844191319717913,13.66353982126348
B,30,15,120,10.0,5,2,sqrt,10.28119893971807,0.8177153633070837,12.639919846880856,17.555526654952637
B,30,15,120,10.0,5,2,1.0,4.644467017221686,0.8803372528689826,8.82896615874322,13.61495535997319
B,30,15,120,10.0,5,10,sqrt,10.28119893971807,0.8177153633070837,12.639919846880856,17.555526654952637
B,30,15,120,10.0,5,10,1.0,4.644467017221686,0.8803372528689826,8.82896615874322,13.61495535997319
B,30,15,120,10.0,10,2,sqrt,9.168674512091567,0.8350703608065505,12.731830914631319,17.63039197445348
B,30,15,120,10.0,10,2,1.0,4.183806541708221,0.8824521383662866,8.84557329132046,13.57184363199256
B,30,15,120,10.0,10,10,sqrt,9.168674512091567,0.8350703608065505,12.731830914631319,17.63039197445348
B,30,15,120,10.0,10,10,1.0,4.183806541708221,0.8824521383662866,8.84557329132046,13.57184363199256
B,30,15,120,,1,2,sqrt,17.951453742273525,0.823630936091986,12.403612437074612,19.410463178509616
B,30,15,120,,1,2,1.0,8.469842591451892,0.8527208362711095,9.814893179857368,16.0675137103203
B,30,15,120,,1,10,sqrt,15.087558950932811,0.8277284297435561,12.60703133871458,19.09255841122967
B,30,15,120,,1,10,1.0,6.3225081665977285,0.8600377634412183,9.53982333821472,15.39825670439869
B,30,15,120,,5,2,sqrt,13.24504950615067,0.831083733031899,12.267430038964022,18.359586324398283
B,30,15,120,,5,2,1.0,5.475287445672009,0.865191267454214,9.281797541367387,14.914711000775332
B,30,15,120,,5,10,sqrt,13.24504950615067,0.831083733031899,12.267430038964022,18.359586324398283
B,30,15,120,,5,10,1.0,5.475287445672009,0.865191267454214,9.281797541367387,14.914711000775332
B,30,15,120,,10,2,sqrt,13.493640088350364,0.8352547543453651,12.18283510003046,18.136255590895143
B,30,15,120,,10,2,1.0,4.830961870190338,0.871507526132792,9.129876853227156,14.477807292263815
B,30,15,120,,10,10,sqrt,13.493640088350364,0.8352547543453651,12.18283510003046,18.136255590895143
B,30,15,120,,10,10,1.0,4.830961870190338,0.871507526132792,9.129876853227156,14.477807292263815
B,30,15,125,5.0,1,2,sqrt,19.333194835554195,0.7587866774653949,16.13478957135647,20.27679009789632
B,30,15,125,5.0,1,2,1.0,5.375842370842916,0.8562120713892186,11.046525468730213,14.977350058774643
B,30,15,125,5.0,1,10,sqrt,19.370440903291826,0.7576907715922226,16.05000382411273,20.23746390534538
B,30,15,125,5.0,1,10,1.0,5.375842370842916,0.8562120713892186,11.046525468730213,14.977350058774643
B,30,15,125,5.0,5,2,sqrt,19.377883745536746,0.7576262237696362,16.060475288253702,20.248637013318394
B,30,15,125,5.0,5,2,1.0,5.375842370842916,0.8562120713892186,11.046525468730213,14.977350058774643
B,30,15,125,5.0,5,10,sqrt,19.377883745536746,0.7576262237696362,16.060475288253702,20.248637013318394
B,30,15,125,5.0,5,10,1.0,5.375842370842916,0.8562120713892186,11.046525468730213,14.977350058774643
B,30,15,125,5.0,10,2,sqrt,19.4697492168065,0.7603317034635901,16.027921464218462,20.218214053720878
B,30,15,125,5.0,10,2,1.0,5.375842370842916,0.8562120713892186,11.046525468730213,14.977350058774643
B,30,15,125,5.0,10,10,sqrt,19.4697492168065,0.7603317034635901,16.027921464218462,20.218214053720878
B,30,15,125,5.0,10,10,1.0,5.375842370842916,0.8562120713892186,11.046525468730213,14.977350058774643
B,30,15,125,10.0,1,2,sqrt,15.551037146717084,0.8136582638007255,13.989305671829602,19.27486792404181
B,30,15,125,10.0,1,2,1.0,5.702344896208333,0.8731344292810552,10.021158335218276,14.985041787386782
B,30,15,125,10.0,1,10,sqrt,79.13558905043324,0.7972504872778586,14.992534806345006,20.140529255340237
B,30,15,125,10.0,1,10,1.0,6.525576916015102,0.8730842128297077,10.034901328620442,15.033198170348992
B,30,15,125,10.0,5,2,sqrt,17.203994345172767,0.8210495484283797,14.320402494507714,19.652016161829287
B,30,15,125,10.0,5,2,1.0,5.113445558995534,0.8746425591556506,9.955605506444986,14.752301922967305
B,30,15,125,10.0,5,10,sqrt,17.203994345172767,0.8210495484283797,14.320402494507714,19.652016161829287
B,30,15,125,10.0,5,10,1.0,5.113445558995534,0.8746425591556506,9.955605506444986,14.752301922967305
B,30,15,125,10.0,10,2,sqrt,13.018586175481868,0.8165712770254341,13.93106483488781,18.91116953731538
B,30,15,125,10.0,10,2,1.0,4.818773499834636,0.8743733134167442,9.904119453598705,14.660761418963608
B,30,15,125,10.0,10,10,sqrt,13.018586175481868,0.8165712770254341,13.93106483488781,18.91116953731538
B,30,15,125,10.0,10,10,1.0,4.818773499834636,0.8743733134167442,9.904119453598705,14.660761418963608
B,30,15,125,,1,2,sqrt,26.488238521066968,0.812636353512892,14.068640060099238,21.279852072202868
B,30,15,125,,1,2,1.0,8.818316902193303,0.8489670746362223,10.946078705041346,17.2063220066151
B,30,15,125,,1,10,sqrt,20.88428421583159,0.8223823705430077,13.581110701020076,20.21442342650461
B,30,15,125,,1,10,1.0,8.384588357314291,0.8532718470292349,10.709364287121563,16.748190037584692
B,30,15,125,,5,2,sqrt,17.75971455188107,0.8219412904178721,13.638980053886721,20.007037352642236
B,30,15,125,,5,2,1.0,6.492095639289957,0.8592384012384002,10.457072070262072,16.19255887182661
B,30,15,125,,5,10,sqrt,17.75971455188107,0.8219412904178721,13.638980053886721,20.007037352642236
B,30,15,125,,5,10,1.0,6.492095639289957,0.8592384012384002,10.457072070262072,16.19255887182661
B,30,15,125,,10,2,sqrt,12.64242607119034,0.8307067673999479,13.22012184942452,19.02334842791317
B,30,15,125,,10,2,1.0,5.661836136575228,0.8659595670485318,10.166302755586512,15.631743557821014
B,30,15,125,,10,10,sqrt,12.64242607119034,0.8307067673999479,13.22012184942452,19.02334842791317
B,30,15,125,,10,10,1.0,5.661836136575228,0.8659595670485318,10.166302755586512,15.631743557821014
B,30,15,130,5.0,1,2,sqrt,23.15559678542604,0.7613249589421427,15.493224599991667,20.27295855263727
B,30,15,130,5.0,1,2,1.0,6.26591596260099,0.8637330884517258,10.237699274914851,15.07336813809761
B,30,15,130,5.0,1,10,sqrt,23.151637892761897,0.7607912159311596,15.410296115184508,20.23080653082675
B,30,15,130,5.0,1,10,1.0,6.26591596260099,0.8637330884517258,10.237699274914851,15.07336813809761
B,30,15,130,5.0,5,2,sqrt,23.162320583014683,0.7607427859937903,15.420091358408971,20.24283343214937
B,30,15,130,5.0,5,2,1.0,6.26591596260099,0.8637330884517258,10.237699274914851,15.07336813809761
B,30,15,130,5.0,5,10,sqrt,23.162320583014683,0.7607427859937903,15.420091358408971,20.24283343214937
B,30,15,130,5.0,5,10,1.0,6.26591596260099,0.8637330884517258,10.237699274914851,15.07336813809761
B,30,15,130,5.0,10,2,sqrt,23.27637002079377,0.7630616560910688,15.404787366770384,20.259105440842415
B,30,15,130,5.0,10,2,1.0,6.26591596260099,0.8637330884517258,10.237699274914851,15.07336813809761
B,30,15,130,5.0,10,10,sqrt,23.27637002079377,0.7630616560910688,15.404787366770384,20.259105440842415
B,30,15,130,5.0,10,10,1.0,6.26591596260099,0.8637330884517258,10.237699274914851,15.07336813809761
B,30,15,130,10.0,1,2,sqrt,20.804584784598557,0.8110501160286117,13.958499347729077,19.908024459707175
B,30,15,130,10.0,1,2,1.0,6.191283857949955,0.8704058158729179,9.417712384093248,14.869917508409333
B,30,15,130,10.0,1,10,sqrt,20.450107178500353,0.8086665961925569,14.160705264162809,20.09206553253498
B,30,15,130,10.0,1,10,1.0,6.581077464141815,0.8703801257529452,9.4240634481076,14.87651927940298
B,30,15,130,10.0,5,2,sqrt,19.256584675907618,0.8241206702608517,13.288203279240275,19.314750238314485
B,30,15,130,10.0,5,2,1.0,6.188162269121706,0.8706635624096217,9.381839807171147,14.800406118619254
B,30,15,130,10.0,5,10,sqrt,19.256584675907618,0.8241206702608517,13.288203279240275,19.314750238314485
B,30,15,130,10.0,5,10,1.0,6.188162269121706,0.8706635624096217,9.381839807171147,14.800406118619254
B,30,15,130,10.0,10,2,sqrt,18.628863006963716,0.8089848981912715,14.099846311511266,19.98789085119499
B,30,15,130,10.0,10,2,1.0,5.09806945249117,0.8724841707336605,9.352900310634203,14.673240348616066
B,30,15,130,10.0,10,10,sqrt,18.628863006963716,0.8089848981912715,14.099846311511266,19.98789085119499
B,30,15,130,10.0,10,10,1.0,5.09806945249117,0.8724841707336605,9.352900310634203,14.673240348616066
B,30,15,130,,1,2,sqrt,28.41408686102689,0.8082230546479016,14.264582639745754,21.653988535906038
B,30,15,130,,1,2,1.0,9.518872409270099,0.8471661414102378,10.981135494563379,17.28164905262924
B,30,15,130,,1,10,sqrt,22.6816978067152,0.8159954222447203,13.74894601506325,20.579143491194387
B,30,15,130,,1,10,1.0,8.646417503241905,0.8518407246669513,10.694762220172674,16.733518939433413
B,30,15,130,,5,2,sqrt,21.335034932246664,0.8240613019033918,13.336820998902562,19.771821636502995
B,30,15,130,,5,2,1.0,7.634021494793904,0.8548319524355517,10.489707933594977,16.459799073287556
B,30,15,130,,5,10,sqrt,21.335034932246664,0.8240613019033918,13.336820998902562,19.771821636502995
B,30,15,130,,5,10,1.0,7.634021494793904,0.8548319524355517,10.489707933594977,16.459799073287556
B,30,15,130,,10,2,sqrt,63.543441713680934,0.8200347145619036,13.593182115936852,19.808409756714482
B,30,15,130,,10,2,1.0,6.0695361494527065,0.8613639521380385,10.065340867172859,15.661059876008272
B,30,15,130,,10,10,sqrt,63.543441713680934,0.8200347145619036,13.593182115936852,19.808409756714482
B,30,15,130,,10,10,1.0,6.0695361494527065,0.8613639521380385,10.065340867172859,15.661059876008272
B,30,20,115,5.0,1,2,sqrt,122.778701875473,0.6655294084032548,21.91467720312567,27.3765606353872
B,30,20,115,5.0,1,2,1.0,3.5501964993618835,0.8641474110904651,9.12958841602888,12.747918570546826
B,30,20,115,5.0,1,10,sqrt,174.01664368416922,0.642125584872036,24.18318825643016,30.03080736460177
B,30,20,115,5.0,1,10,1.0,3.5501964993618835,0.8641474110904651,9.12958841602888,12.747918570546826
B,30,20,115,5.0,5,2,sqrt,173.9672264682243,0.6419903383443595,24.17330713311788,30.015567458031295
B,30,20,115,5.0,5,2,1.0,3.5501964993618835,0.8641474110904651,9.12958841602888,12.747918570546826
B,30,20,115,5.0,5,10,sqrt,173.9672264682243,0.6419903383443595,24.17330713311788,30.015567458031295
B,30,20,115,5.0,5,10,1.0,3.5501964993618835,0.8641474110904651,9.12958841602888,12.747918570546826
B,30,20,115,5.0,10,2,sqrt,151.67995004519642,0.6658187829940783,22.40406037555851,27.99529889448339
B,30,20,115,5.0,10,2,1.0,3.5393520803446363,0.8645239688067582,9.121665006986277,12.73917143840475
B,30,20,115,5.0,10,10,sqrt,151.67995004519642,0.6658187829940783,22.40406037555851,27.99529889448339
B,30,20,115,5.0,10,10,1.0,3.5393520803446363,0.8645239688067582,9.121665006986277,12.73917143840475
B,30,20,115,10.0,1,2,sqrt,83.65478693390227,0.7966344068949845,14.307156075634783,20.210211320853187
B,30,20,115,10.0,1,2,1.0,4.107948532411843,0.8824162801719174,8.151430258851741,13.024587525183867
B,30,20,115,10.0,1,10,sqrt,39.777629383244204,0.8088523462906061,13.185208465809552,18.739102084775546
B,30,20,115,10.0,1,10,1.0,4.116682485812686,0.8833281789205518,8.119811504186968,12.996411235557014
B,30,20,115,10.0,5,2,sqrt,47.13078396053395,0.8008350783323939,13.4003757594685,19.148493875660215
B,30,20,115,10.0,5,2,1.0,4.029097753053867,0.8839622585413027,8.131804278031634,12.98025592637297
B,30,20,115,10.0,5,10,sqrt,47.13078396053395,0.8008350783323939,13.4003757594685,19.148493875660215
B,30,20,115,10.0,5,10,1.0,4.029097753053867,0.8839622585413027,8.131804278031634,12.98025592637297
B,30,20,115,10.0,10,2,sqrt,46.051279230611236,0.7967072974840224,14.022022902361309,19.39633035900595
B,30,20,115,10.0,10,2,1.0,3.478685960778048,0.886716586495808,8.003220471596826,12.657374399830093
B,30,20,115,10.0,10,10,sqrt,46.051279230611236,0.7967072974840224,14.022022902361309,19.39633035900595
B,30,20,115,10.0,10,10,1.0,3.478685960778048,0.886716586495808,8.003220471596826,12.657374399830093
B,30,20,115,,1,2,sqrt,30.93007121374,0.8173362593795316,12.142105629341305,19.501962456222923
B,30,20,115,,1,2,1.0,5.596413823295156,0.8592616181386848,8.832140017876558,14.767890582426265
B,30,20,115,,1,10,sqrt,56.38584095430548,0.8132345298999761,13.202195557804448,20.553837925132118
B,30,20,115,,1,10,1.0,4.876172152910049,0.8654588322320217,8.646720882365948,14.33329627384264
B,30,20,115,,5,2,sqrt,41.06852153012671,0.8223614328838721,12.581325487295505,19.2635696904773
B,30,20,115,,5,2,1.0,4.715279461863035,0.8682421668788475,8.494893040967472,14.047921269316864
B,30,20,115,,5,10,sqrt,41.06852153012671,0.8223614328838721,12.581325487295505,19.2635696904773
B,30,20,115,,5,10,1.0,4.715279461863035,0.8682421668788475,8.494893040967472,14.047921269316864
B,30,20,115,,10,2,sqrt,29.605488461825548,0.8192367056052667,13.423369587412719,20.349744436719703
B,30,20,115,,10,2,1.0,4.095777054997841,0.8751440863338209,8.343405877644214,13.503212635730375
B,30,20,115,,10,10,sqrt,29.605488461825548,0.8192367056052667,13.423369587412719,20.349744436719703
B,30,20,115,,10,10,1.0,4.095777054997841,0.8751440863338209,8.343405877644214,13.503212635730375
B,30,20,120,5.0,1,2,sqrt,157.42445823612167,0.6607314082755348,23.371872619444627,28.9630747359899
B,30,20,120,5.0,1,2,1.0,4.395583946781497,0.8592935094095813,10.079654112763308,13.835116282182714
B,30,20,120,5.0,1,10,sqrt,166.0097474430087,0.6576554013382362,24.262233635715297,30.047010319961906
B,30,20,120,5.0,1,10,1.0,4.395583946781497,0.8592935094095813,10.079654112763308,13.835116282182714
B,30,20,120,5.0,5,2,sqrt,165.79216377999836,0.657865217998539,24.218601419567083,29.97019906185613
B,30,20,120,5.0,5,2,1.0,4.395583946781497,0.8592935094095813,10.079654112763308,13.835116282182714
B,30,20,120,5.0,5,10,sqrt,165.79216377999836,0.657865217998539,24.218601419567083,29.97019906185613
B,30,20,120,5.0,5,10,1.0,4.395583946781497,0.8592935094095813,10.079654112763308,13.835116282182714
B,30,20,120,5.0,10,2,sqrt,137.3317734388958,0.681407903511064,22.40458345807123,27.89027837209389
B,30,20,120,5.0,10,2,1.0,4.395583946781497,0.8592935094095813,10.079654112763308,13.835116282182714
B,30,20,120,5.0,10,10,sqrt,137.3317734388958,0.681407903511064,22.40458345807123,27.89027837209389
B,30,20,120,5.0,10,10,1.0,4.395583946781497,0.8592935094095813,10.079654112763308,13.835116282182714
B,30,20,120,10.0,1,2,sqrt,47.728873128177824,0.7956272646634475,14.974469863458586,20.532221429728107
B,30,20,120,10.0,1,2,1.0,5.745362608414693,0.876416041949053,9.04532320541865,14.063436336507408
B,30,20,120,10.0,1,10,sqrt,52.31628085541746,0.7793689056262879,15.573757773152092,21.279772479864935
B,30,20,120,10.0,1,10,1.0,5.556668294201435,0.8758544756686758,9.058799754785358,14.025234390539959
B,30,20,120,10.0,5,2,sqrt,82.06591194944755,0.8020509040625876,15.035140464736605,21.115656827371904
B,30,20,120,10.0,5,2,1.0,5.132996820582837,0.8792616463091341,8.98909581790195,13.915006345925113
B,30,20,120,10.0,5,10,sqrt,82.06591194944755,0.8020509040625876,15.035140464736605,21.115656827371904
B,30,20,120,10.0,5,10,1.0,5.132996820582837,0.8792616463091341,8.98909581790195,13.915006345925113
B,30,20,120,10.0,10,2,sqrt,43.950400494263896,0.7930260574436885,15.231480662046517,20.688785906965514
B,30,20,120,10.0,10,2,1.0,4.721632711113476,0.8797592357666645,8.979861907731486,13.767488922779691
B,30,20,120,10.0,10,10,sqrt,43.950400494263896,0.7930260574436885,15.231480662046517,20.688785906965514
B,30,20,120,10.0,10,10,1.0,4.721632711113476,0.8797592357666645,8.979861907731486,13.767488922779691
B,30,20,120,,1,2,sqrt,77.10540197591914,0.7966135204582814,14.76327545664952,22.55264760987756
B,30,20,120,,1,2,1.0,7.357022084104041,0.8524318860072533,9.955322156287991,16.0101858517839
B,30,20,120,,1,10,sqrt,77.86019769963812,0.8199197606277607,13.102224570108799,20.0699574726343
B,30,20,120,,1,10,1.0,7.0101664037170535,0.8561550626596981,9.786282934477779,15.702701282350688
B,30,20,120,,5,2,sqrt,52.25203941937252,0.8193817206113417,13.457505448353265,20.350398789450676
B,30,20,120,,5,2,1.0,6.504336589984554,0.8598750166642943,9.50460553652017,15.25782411853514
B,30,20,120,,5,10,sqrt,52.25203941937252,0.8193817206113417,13.457505448353265,20.350398789450676
B,30,20,120,,5,10,1.0,6.504336589984554,0.8598750166642943,9.50460553652017,15.25782411853514
B,30,20,120,,10,2,sqrt,55.773483131222136,0.8166095697640067,13.671193033675175,20.4560833582105
B,30,20,120,,10,2,1.0,5.423816331602053,0.8671958967612732,9.438753973566467,14.772992767306699
B,30,20,120,,10,10,sqrt,55.773483131222136,0.8166095697640067,13.671193033675175,20.4560833582105
B,30,20,120,,10,10,1.0,5.423816331602053,0.8671958967612732,9.438753973566467,14.772992767306699
B,30,20,125,5.0,1,2,sqrt,198.1136319721744,0.654959457556348,24.801564730965392,30.52856400853174
B,30,20,125,5.0,1,2,1.0,5.379273914339453,0.8561172349525279,11.064156687215114,14.98888176756536
B,30,20,125,5.0,1,10,sqrt,207.9940703125667,0.6515458715052175,25.661918310119244,31.54415112643729
B,30,20,125,5.0,1,10,1.0,5.379273914339453,0.8561172349525279,11.064156687215114,14.98888176756536
B,30,20,125,5.0,5,2,sqrt,207.7769181919736,0.6517418056225764,25.61940732501475,31.471006002910087
B,30,20,125,5.0,5,2,1.0,5.379273914339453,0.8561172349525279,11.064156687215114,14.98888176756536
B,30,20,125,5.0,5,10,sqrt,207.7769181919736,0.6517418056225764,25.61940732501475,31.471006002910087
B,30,20,125,5.0,5,10,1.0,5.379273914339453,0.8561172349525279,11.064156687215114,14.98888176756536
B,30,20,125,5.0,10,2,sqrt,171.3445071399017,0.6755629542896185,23.732003038337503,29.38061926570959
B,30,20,125,5.0,10,2,1.0,5.379273914339453,0.8561172349525279,11.064156687215114,14.98888176756536
B,30,20,125,5.0,10,10,sqrt,171.3445071399017,0.6755629542896185,23.732003038337503,29.38061926570959
B,30,20,125,5.0,10,10,1.0,5.379273914339453,0.8561172349525279,11.064156687215114,14.98888176756536
B,30,20,125,10.0,1,2,sqrt,92.04554724403314,0.7741171193551718,17.408046084761537,23.370856078512283
B,30,20,125,10.0,1,2,1.0,6.750981280863803,0.8688387753229222,10.20793062915585,15.325050968953585
B,30,20,125,10.0,1,10,sqrt,157.52291378528383,0.7539017475019626,18.949529898253786,25.2868678757571
B,30,20,125,10.0,1,10,1.0,6.418421440147341,0.8683316483320965,10.21492404404866,15.302877450599714
B,30,20,125,10.0,5,2,sqrt,80.79617724652205,0.7841067359666929,16.5735933355354,22.3785238447581
B,30,20,125,10.0,5,2,1.0,5.734158947503937,0.8698686950192807,10.196665318322479,15.13081735299762
B,30,20,125,10.0,5,10,sqrt,80.79617724652205,0.7841067359666929,16.5735933355354,22.3785238447581
B,30,20,125,10.0,5,10,1.0,5.734158947503937,0.8698686950192807,10.196665318322479,15.13081735299762
B,30,20,125,10.0,10,2,sqrt,51.1569918265515,0.7796006334320055,16.87981969331158,22.47820235574155
B,30,20,125,10.0,10,2,1.0,5.381682572629887,0.8704204235044799,10.096964434865969,14.950592251341458
B,30,20,125,10.0,10,10,sqrt,51.1569918265515,0.7796006334320055,16.87981969331158,22.47820235574155
B,30,20,125,10.0,10,10,1.0,5.381682572629887,0.8704204235044799,10.096964434865969,14.950592251341458
B,30,20,125,,1,2,sqrt,148.2632359658463,0.8004733548732139,15.4638931335862,23.508820928537045
B,30,20,125,,1,2,1.0,10.049893162606457,0.8441579186445365,11.242516932796981,17.593255473244962
B,30,20,125,,1,10,sqrt,52.75895194760973,0.8038130851258665,15.323682810371375,22.476668144391418
B,30,20,125,,1,10,1.0,8.306668122551205,0.8486007946189968,11.099118480448332,17.20357371871702
B,30,20,125,,5,2,sqrt,35.5017762066307,0.8226628507174656,14.025437101648276,20.547569695996156
B,30,20,125,,5,2,1.0,7.874026457574393,0.8548824334960384,10.787875294279424,16.65459711936396
B,30,20,125,,5,10,sqrt,35.5017762066307,0.8226628507174656,14.025437101648276,20.547569695996156
B,30,20,125,,5,10,1.0,7.874026457574393,0.8548824334960384,10.787875294279424,16.65459711936396
B,30,20,125,,10,2,sqrt,52.39538307908227,0.818696725384983,14.408135356377873,21.000101250065885
B,30,20,125,,10,2,1.0,6.454024278775821,0.8589315529603706,10.575233071504023,16.078506379301547
B,30,20,125,,10,10,sqrt,52.39538307908227,0.818696725384983,14.408135356377873,21.000101250065885
B,30,20,125,,10,10,1.0,6.454024278775821,0.8589315529603706,10.575233071504023,16.078506379301547
B,30,20,130,5.0,1,2,sqrt,241.09563862186573,0.6559525959602486,24.373121502485812,30.603552905730282
B,30,20,130,5.0,1,2,1.0,6.269347506097526,0.8636382520150351,10.255330493399754,15.084675398076314
B,30,20,130,5.0,1,10,sqrt,253.04226851914115,0.6520898904603257,25.274893427591973,31.643248256594926
B,30,20,130,5.0,1,10,1.0,6.269347506097526,0.8636382520150351,10.255330493399754,15.084675398076314
B,30,20,130,5.0,5,2,sqrt,252.67862181243336,0.6522632217820868,25.23095104041201,31.564873022783296
B,30,20,130,5.0,5,2,1.0,6.269347506097526,0.8636382520150351,10.255330493399754,15.084675398076314
B,30,20,130,5.0,5,10,sqrt,252.67862181243336,0.6522632217820868,25.23095104041201,31.564873022783296
B,30,20,130,5.0,5,10,1.0,6.269347506097526,0.8636382520150351,10.255330493399754,15.084675398076314
B,30,20,130,5.0,10,2,sqrt,208.27231746373246,0.6773377264988975,23.33715317554861,29.565051902454336
B,30,20,130,5.0,10,2,1.0,6.269347506097526,0.8636382520150351,10.255330493399754,15.084675398076314
B,30,20,130,5.0,10,10,sqrt,208.27231746373246,0.6773377264988975,23.33715317554861,29.565051902454336
B,30,20,130,5.0,10,10,1.0,6.269347506097526,0.8636382520150351,10.255330493399754,15.084675398076314
B,30,20,130,10.0,1,2,sqrt,60.04807843842811,0.7861393616851956,15.993124030265943,22.21732787213933
B,30,20,130,10.0,1,2,1.0,7.553212847091561,0.8661126473657736,9.696895627607017,15.347671786213084
B,30,20,130,10.0,1,10,sqrt,82.30986893147428,0.7884593183557856,15.81847097139591,22.15073362452765
B,30,20,130,10.0,1,10,1.0,7.880507153170898,0.866411594725734,9.756788050876015,15.423178519779336
B,30,20,130,10.0,5,2,sqrt,37.51262042611141,0.7997143567392719,14.616192256794955,20.629280071323095
B,30,20,130,10.0,5,2,1.0,6.802851797224531,0.8684931006198617,9.667567836020448,15.232144396385845
B,30,20,130,10.0,5,10,sqrt,37.51262042611141,0.7997143567392719,14.616192256794955,20.629280071323095
B,30,20,130,10.0,5,10,1.0,6.802851797224531,0.8684931006198617,9.667567836020448,15.232144396385845
B,30,20,130,10.0,10,2,sqrt,45.137621256027124,0.7761727003052432,15.651894122136614,21.913974284003107
B,30,20,130,10.0,10,2,1.0,5.698488554499274,0.869714757964009,9.620008449843995,15.069247922747033
B,30,20,130,10.0,10,10,sqrt,45.137621256027124,0.7761727003052432,15.651894122136614,21.913974284003107
B,30,20,130,10.0,10,10,1.0,5.698488554499274,0.869714757964009,9.620008449843995,15.069247922747033
B,30,20,130,,1,2,sqrt,170.23126761277783,0.7954173142440845,16.095831320517114,24.09988938229602
B,30,20,130,,1,2,1.0,10.30167679361382,0.8436544106223595,11.155442736715226,17.45023219128787
B,30,20,130,,1,10,sqrt,67.50413124362578,0.8100263994229427,14.637589253328315,22.166681377999538
B,30,20,130,,1,10,1.0,9.24982871167832,0.8471153591040068,10.957697499847153,17.12960139522492
B,30,20,130,,5,2,sqrt,114.13947743740985,0.7970559653728818,15.85048958063594,23.540004063623307
B,30,20,130,,5,2,1.0,8.108683587820167,0.8531042309301684,10.612168220476487,16.632471063299118
B,30,20,130,,5,10,sqrt,114.13947743740985,0.7970559653728818,15.85048958063594,23.540004063623307
B,30,20,130,,5,10,1.0,8.108683587820167,0.8531042309301684,10.612168220476487,16.632471063299118
B,30,20,130,,10,2,sqrt,44.77335985761682,0.8267095986677244,13.738089514097009,20.48497101266422
B,30,20,130,,10,2,1.0,6.6561092741252,0.8579649299374038,10.343531828249782,16.113330455391967
B,30,20,130,,10,10,sqrt,44.77335985761682,0.8267095986677244,13.738089514097009,20.48497101266422
B,30,20,130,,10,10,1.0,6.6561092741252,0.8579649299374038,10.343531828249782,16.113330455391967
C,15,10,115,5.0,1,2,sqrt,37.37330484965904,0.7371154488671608,15.12777408665039,19.627548477996502
C,15,10,115,5.0,1,2,1.0,6.479839397259454,0.851687683019723,10.494538442305846,15.043947035109301
C,15,10,115,5.0,1,10,sqrt,36.17351868014015,0.7451204351029475,14.898593836598687,19.391962661115635
C,15,10,115,5.0,1,10,1.0,6.479839397259454,0.851687683019723,10.494538442305846,15.043947035109301
C,15,10,115,5.0,5,2,sqrt,37.18995751462539,0.7452064083372997,14.909920447489629,19.40735251211573
C,15,10,115,5.0,5,2,1.0,6.479849482784137,0.851687683019723,10.494569390932844,15.043983111578473
C,15,10,115,5.0,5,10,sqrt,37.18995751462539,0.7452064083372997,14.909920447489629,19.40735251211573
C,15,10,115,5.0,5,10,1.0,6.479849482784137,0.851687683019723,10.494569390932844,15.043983111578473
C,15,10,115,5.0,10,2,sqrt,28.039989968076004,0.7469606894590293,14.70886073743865,19.269438999986434
C,15,10,115,5.0,10,2,1.0,6.4699976638457075,0.8516737674565602,10.493728018484251,15.041809461524446
C,15,10,115,5.0,10,10,sqrt,28.039989968076004,0.7469606894590293,14.70886073743865,19.269438999986434
C,15,10,115,5.0,10,10,1.0,6.4699976638457075,0.8516737674565602,10.493728018484251,15.041809461524446
C,15,10,115,10.0,1,2,sqrt,31.41391788999791,0.8061564520897507,12.838551850748905,18.09114547612758
C,15,10,115,10.0,1,2,1.0,8.997019403439609,0.8617457792391516,9.890914102355305,15.714657049372494
C,15,10,115,10.0,1,10,sqrt,16.292317996737303,0.8311821160497452,11.51015863372657,16.827163407569174
C,15,10,115,10.0,1,10,1.0,8.766627544736272,0.8645973155043827,9.858444876225482,15.634953681747053
C,15,10,115,10.0,5,2,sqrt,11.760382262186516,0.8281035486631945,11.587886969338141,16.799176564519865
C,15,10,115,10.0,5,2,1.0,8.410866832275497,0.865627231855863,9.773037508409056,15.509076212780622
C,15,10,115,10.0,5,10,sqrt,11.760382262186516,0.8281035486631945,11.587886969338141,16.799176564519865
C,15,10,115,10.0,5,10,1.0,8.410866832275497,0.865627231855863,9.773037508409056,15.509076212780622
C,15,10,115,10.0,10,2,sqrt,16.130179177648778,0.8156226707014916,11.844097386685144,17.04840381446207
C,15,10,115,10.0,10,2,1.0,7.894672439368129,0.866181824440812,9.7437985997804,15.397427218372949
C,15,10,115,10.0,10,10,sqrt,16.130179177648778,0.8156226707014916,11.844097386685144,17.04840381446207
C,15,10,115,10.0,10,10,1.0,7.894672439368129,0.866181824440812,9.7437985997804,15.397427218372949
C,15,10,115,,1,2,sqrt,30.95788179150939,0.80564150267437,12.124949991385524,20.0976886939202
C,15,10,115,,1,2,1.0,16.872299839009152,0.8188543126094616,11.17715977859404,19.014940209555647
C,15,10,115,,1,10,sqrt,16.12610426257968,0.8211514047634896,11.405435482168363,18.64640399927027
C,15,10,115,,1,10,1.0,15.429686047008744,0.8282237416418704,10.933898870080597,18.373873475675886
C,15,10,115,,5,2,sqrt,14.15056220307045,0.8322836471212538,11.189382462403042,18.044576393996486
C,15,10,115,,5,2,1.0,12.05942672675094,0.8372352317521378,10.446211844784365,17.33298931012474
C,15,10,115,,5,10,sqrt,14.15056220307045,0.8322836471212538,11.189382462403042,18.044576393996486
C,15,10,115,,5,10,1.0,12.05942672675094,0.8372352317521378,10.446211844784365,17.33298931012474
C,15,10,115,,10,2,sqrt,13.785420635348805,0.8387949309908921,10.906192640212444,17.167037110251005
C,15,10,115,,10,2,1.0,9.634977560932631,0.8489289445590066,10.090104013251818,16.463898164093916
C,15,10,115,,10,10,sqrt,13.785420635348805,0.8387949309908921,10.906192640212444,17.167037110251005
C,15,10,115,,10,10,1.0,9.634977560932631,0.8489289445590066,10.090104013251818,16.463898164093916
C,15,10,120,5.0,1,2,sqrt,48.95645830322865,0.7295427799093779,16.519293481438062,21.08678239058363
C,15,10,120,5.0,1,2,1.0,8.23292255215008,0.8461232616163678,11.521212394251398,16.2026660145037
C,15,10,120,5.0,1,10,sqrt,47.494959113803866,0.73780664689011,16.277969554466743,20.855267954855933
C,15,10,120,5.0,1,10,1.0,8.23292255215008,0.8461232616163678,11.521212394251398,16.2026660145037
C,15,10,120,5.0,5,2,sqrt,48.587345994204064,0.7379464868188796,16.283605228271167,20.868311129348196
C,15,10,120,5.0,5,2,1.0,8.221626589443208,0.8461409620187738,11.517551361158956,16.197608090704698
C,15,10,120,5.0,5,10,sqrt,48.587345994204064,0.7379464868188796,16.283605228271167,20.868311129348196
C,15,10,120,5.0,5,10,1.0,8.221626589443208,0.8461409620187738,11.517551361158956,16.197608090704698
C,15,10,120,5.0,10,2,sqrt,37.00089892598168,0.7396953652940463,16.108523247411025,20.747354081759273
C,15,10,120,5.0,10,2,1.0,8.221482295319772,0.8461469446848554,11.517146363987317,16.197148841510273
C,15,10,120,5.0,10,10,sqrt,37.00089892598168,0.7396953652940463,16.108523247411025,20.747354081759273
C,15,10,120,5.0,10,10,1.0,8.221482295319772,0.8461469446848554,11.517146363987317,16.197148841510273
C,15,10,120,10.0,1,2,sqrt,21.553307891476262,0.8110377767556836,13.175580953142141,18.618275833462803
C,15,10,120,10.0,1,2,1.0,12.991286515048571,0.8553248694057878,10.957530826508226,16.946418124369824
C,15,10,120,10.0,1,10,sqrt,21.95713486866155,0.8204063229554105,12.662499060689592,18.091013919159703
C,15,10,120,10.0,1,10,1.0,12.613723773742162,0.8569077973376562,10.925318377159083,16.88255581843338
C,15,10,120,10.0,5,2,sqrt,17.887918513277068,0.8232375674862062,12.805178351903674,18.25880208464698
C,15,10,120,10.0,5,2,1.0,11.628809082150307,0.8570426622476773,10.917761385283136,16.842073438523304
C,15,10,120,10.0,5,10,sqrt,17.887918513277068,0.8232375674862062,12.805178351903674,18.25880208464698
C,15,10,120,10.0,5,10,1.0,11.628809082150307,0.8570426622476773,10.917761385283136,16.842073438523304
C,15,10,120,10.0,10,2,sqrt,22.3406655873303,0.8114309598438115,13.190205873470802,18.404933277919334
C,15,10,120,10.0,10,2,1.0,10.9842893891901,0.8586554022265493,10.819431348821993,16.671310299406258
C,15,10,120,10.0,10,10,sqrt,22.3406655873303,0.8114309598438115,13.190205873470802,18.404933277919334
C,15,10,120,10.0,10,10,1.0,10.9842893891901,0.8586554022265493,10.819431348821993,16.671310299406258
C,15,10,120,,1,2,sqrt,30.40173549006578,0.8005546641838832,13.586517271847423,21.837730046593588
C,15,10,120,,1,2,1.0,25.743036362533662,0.8131370780934924,12.601945183215735,20.82805470343506
C,15,10,120,,1,10,sqrt,34.93695938495951,0.8139309454411714,12.889530981186198,20.47798109364159
C,15,10,120,,1,10,1.0,21.416755844198555,0.8243643749389499,12.145051873820975,19.809994000463824
C,15,10,120,,5,2,sqrt,19.7680325364953,0.821561257845319,12.58783752540943,19.622043004629813
C,15,10,120,,5,2,1.0,17.2575670791044,0.8279132728032008,11.779608987485513,19.01778854252809
C,15,10,120,,5,10,sqrt,19.7680325364953,0.821561257845319,12.58783752540943,19.622043004629813
C,15,10,120,,5,10,1.0,17.2575670791044,0.8279132728032008,11.779608987485513,19.01778854252809
C,15,10,120,,10,2,sqrt,14.566895726370797,0.8306537264759857,12.235492943601672,18.6588943009779
C,15,10,120,,10,2,1.0,14.547210982144003,0.8387875508046132,11.374370957134781,18.10712795616636
C,15,10,120,,10,10,sqrt,14.566895726370797,0.8306537264759857,12.235492943601672,18.6588943009779
C,15,10,120,,10,10,1.0,14.547210982144003,0.8387875508046132,11.374370957134781,18.10712795616636
C,15,10,125,5.0,1,2,sqrt,26.878825852496714,0.74313144997802,16.477248878239333,21.028220920046106
C,15,10,125,5.0,1,2,1.0,10.668135844170399,0.8379433732457571,12.730985565644719,17.60150939422561
C,15,10,125,5.0,1,10,sqrt,27.840731779103454,0.746260319401423,16.682965059744998,21.319014382256164
C,15,10,125,5.0,1,10,1.0,10.668135844170399,0.8379433732457571,12.730985565644719,17.60150939422561
C,15,10,125,5.0,5,2,sqrt,27.52716682077223,0.7499111074550657,16.462224536183108,21.040224936145126
C,15,10,125,5.0,5,2,1.0,10.652714173388024,0.8379605099093667,12.727324532552277,17.59673222759087
C,15,10,125,5.0,5,10,sqrt,27.52716682077223,0.7499111074550657,16.462224536183108,21.040224936145126
C,15,10,125,5.0,5,10,1.0,10.652714173388024,0.8379605099093667,12.727324532552277,17.59673222759087
C,15,10,125,5.0,10,2,sqrt,47.986397468202725,0.7334354646109776,17.515873842054454,22.230198234007716
C,15,10,125,5.0,10,2,1.0,10.651760261925233,0.8380719254750723,12.726935459790663,17.595251065097024
C,15,10,125,5.0,10,10,sqrt,47.986397468202725,0.7334354646109776,17.515873842054454,22.230198234007716
C,15,10,125,5.0,10,10,1.0,10.651760261925233,0.8380719254750723,12.726935459790663,17.595251065097024
C,15,10,125,10.0,1,2,sqrt,38.26523122220443,0.8130310842828312,14.103252089317635,19.54543600737039
C,15,10,125,10.0,1,2,1.0,17.27608620626736,0.8461521692406123,12.051146553619787,18.151508164745525
C,15,10,125,10.0,1,10,sqrt,23.772545547658876,0.8228744827120608,13.645225479238686,19.161710269047383
C,15,10,125,10.0,1,10,1.0,15.999301739650814,0.8477386118931964,11.98966138143424,18.017435318038657
C,15,10,125,10.0,5,2,sqrt,23.596158093913584,0.8135610727057901,13.8439349423142,19.237983073934682
C,15,10,125,10.0,5,2,1.0,14.859614162087059,0.8476438463835937,11.996040206171706,18.022612447959308
C,15,10,125,10.0,5,10,sqrt,23.596158093913584,0.8135610727057901,13.8439349423142,19.237983073934682
C,15,10,125,10.0,5,10,1.0,14.859614162087059,0.8476438463835937,11.996040206171706,18.022612447959308
C,15,10,125,10.0,10,2,sqrt,25.33811786408456,0.8092851730965396,14.540251947176438,19.827854798906248
C,15,10,125,10.0,10,2,1.0,14.806462048001018,0.8491081812572208,11.91334068865477,17.906411447422748
C,15,10,125,10.0,10,10,sqrt,25.33811786408456,0.8092851730965396,14.540251947176438,19.827854798906248
C,15,10,125,10.0,10,10,1.0,14.806462048001018,0.8491081812572208,11.91334068865477,17.906411447422748
C,15,10,125,,1,2,sqrt,51.537594919651156,0.7955806573712605,14.698313441625604,23.269877804371667
C,15,10,125,,1,2,1.0,33.07790442279973,0.8053522929672822,13.675450713728676,21.989642763550854
C,15,10,125,,1,10,sqrt,37.61487420184291,0.8078276287767278,14.205476164585528,21.854788919719557
C,15,10,125,,1,10,1.0,29.48184689809877,0.8134324582182272,13.362362323841404,21.198326239059735
C,15,10,125,,5,2,sqrt,22.151021205278262,0.8193178939276635,13.375979944270131,20.459861802451446
C,15,10,125,,5,2,1.0,24.538682130293022,0.82126896596743,12.92729244772257,20.354956013690657
C,15,10,125,,5,10,sqrt,22.151021205278262,0.8193178939276635,13.375979944270131,20.459861802451446
C,15,10,125,,5,10,1.0,24.538682130293022,0.82126896596743,12.92729244772257,20.354956013690657
C,15,10,125,,10,2,sqrt,17.681887271233858,0.8230645741506457,13.20115001846971,19.684923078806115
C,15,10,125,,10,2,1.0,20.487924049104624,0.8314998557751293,12.45718850499475,19.374480556181734
C,15,10,125,,10,10,sqrt,17.681887271233858,0.8230645741506457,13.20115001846971,19.684923078806115
C,15,10,125,,10,10,1.0,20.487924049104624,0.8314998557751293,12.45718850499475,19.374480556181734
C,15,10,130,5.0,1,2,sqrt,34.06281952259502,0.7450201970959004,15.851939406562376,21.29774577670957
C,15,10,130,5.0,1,2,1.0,14.18926516735371,0.8369461414185733,12.125347015494961,17.807934137065015
C,15,10,130,5.0,1,10,sqrt,35.05783633946891,0.7469283882927374,15.936214642920913,21.490089032769003
C,15,10,130,5.0,1,10,1.0,14.18926516735371,0.8369461414185733,12.125347015494961,17.807934137065015
C,15,10,130,5.0,5,2,sqrt,34.92459116522602,0.7514974122513927,15.77582812842364,21.218482888316167
C,15,10,130,5.0,5,2,1.0,14.173821730944706,0.8369632780821827,12.12165503377552,17.803259010591407
C,15,10,130,5.0,5,10,sqrt,34.92459116522602,0.7514974122513927,15.77582812842364,21.218482888316167
C,15,10,130,5.0,5,10,1.0,14.173821730944706,0.8369632780821827,12.12165503377552,17.803259010591407
C,15,10,130,5.0,10,2,sqrt,60.49501518233128,0.7353778531037781,16.838685501185424,22.432276371316657
C,15,10,130,5.0,10,2,1.0,14.173269303669695,0.8370311336855993,12.120774778245913,17.802147846071005
C,15,10,130,5.0,10,10,sqrt,60.49501518233128,0.7353778531037781,16.838685501185424,22.432276371316657
C,15,10,130,5.0,10,10,1.0,14.173269303669695,0.8370311336855993,12.120774778245913,17.802147846071005
C,15,10,130,10.0,1,2,sqrt,40.63699825983964,0.8083572711926429,13.575145366492894,19.969453481877544
C,15,10,130,10.0,1,2,1.0,19.69876911845646,0.8467910576493146,11.444271720206174,18.231430439302834
C,15,10,130,10.0,1,10,sqrt,24.209703190094505,0.8149431937329163,13.24908241103075,19.516591627119634
C,15,10,130,10.0,1,10,1.0,19.104661898780762,0.8471560973366522,11.432297796887227,18.161441289111696
C,15,10,130,10.0,5,2,sqrt,37.644935961467475,0.8138742909336733,13.33146335207382,19.607505205476862
C,15,10,130,10.0,5,2,1.0,17.235293382587635,0.8475756857067791,11.438777127695973,18.16007536449894
C,15,10,130,10.0,5,10,sqrt,37.644935961467475,0.8138742909336733,13.33146335207382,19.607505205476862
C,15,10,130,10.0,5,10,1.0,17.235293382587635,0.8475756857067791,11.438777127695973,18.16007536449894
C,15,10,130,10.0,10,2,sqrt,25.67468244550521,0.8124168620891682,13.170688286690227,19.30003595429782
C,15,10,130,10.0,10,2,1.0,17.39021245393954,0.848581534512301,11.340226065449071,18.0000462252686
C,15,10,130,10.0,10,10,sqrt,25.67468244550521,0.8124168620891682,13.170688286690227,19.30003595429782
C,15,10,130,10.0,10,10,1.0,17.39021245393954,0.848581534512301,11.340226065449071,18.0000462252686
C,15,10,130,,1,2,sqrt,55.74184518053197,0.7905575186394191,15.06466290571235,23.703399669564682
C,15,10,130,,1,2,1.0,34.43754632458625,0.805905003129339,13.631444299091134,21.96627826415135
C,15,10,130,,1,10,sqrt,32.34167344210025,0.8076820084062293,13.96540491356825,21.887011478839003
C,15,10,130,,1,10,1.0,29.660314451514534,0.8127787337160675,13.176304075816375,21.124228050398834
C,15,10,130,,5,2,sqrt,32.24956352199435,0.8093825408488143,13.714443951971706,21.1801541162341
C,15,10,130,,5,2,1.0,25.193456180413378,0.8191872156456613,12.74155403964564,20.437142150102968
C,15,10,130,,5,10,sqrt,32.24956352199435,0.8093825408488143,13.714443951971706,21.1801541162341
C,15,10,130,,5,10,1.0,25.193456180413378,0.8191872156456613,12.74155403964564,20.437142150102968
C,15,10,130,,10,2,sqrt,22.195269563042494,0.8256377893364778,12.824426729296533,19.798577284930296
C,15,10,130,,10,2,1.0,22.29313019935599,0.8277619534340286,12.200035410464224,19.444093551484812
C,15,10,130,,10,10,sqrt,22.195269563042494,0.8256377893364778,12.824426729296533,19.798577284930296
C,15,10,130,,10,10,1.0,22.29313019935599,0.8277619534340286,12.200035410464224,19.444093551484812
C,15,15,115,5.0,1,2,sqrt,18.910733064128358,0.7403892680826507,14.377673370422816,18.762156101092835
C,15,15,115,5.0,1,2,1.0,6.479839397259454,0.851687683019723,10.494538442305846,15.043947035109301
C,15,15,115,5.0,1,10,sqrt,17.63512247193511,0.7460323676387486,14.21207034488052,18.647142624544774
C,15,15,115,5.0,1,10,1.0,6.479839397259454,0.851687683019723,10.494538442305846,15.043947035109301
C,15,15,115,5.0,5,2,sqrt,17.63638563960733,0.7459968429276197,14.212701543935385,18.64612317990852
C,15,15,115,5.0,5,2,1.0,6.479849482784137,0.851687683019723,10.494569390932844,15.043983111578473
C,15,15,115,5.0,5,10,sqrt,17.63638563960733,0.7459968429276197,14.212701543935385,18.64612317990852
C,15,15,115,5.0,5,10,1.0,6.479849482784137,0.851687683019723,10.494569390932844,15.043983111578473
C,15,15,115,5.0,10,2,sqrt,18.618199847525755,0.7361276574677891,14.715911194772398,19.128921256362833
C,15,15,115,5.0,10,2,1.0,6.4699976638457075,0.8516737674565602,10.493728018484251,15.041809461524446
C,15,15,115,5.0,10,10,sqrt,18.618199847525755,0.7361276574677891,14.715911194772398,19.128921256362833
C,15,15,115,5.0,10,10,1.0,6.4699976638457075,0.8516737674565602,10.493728018484251,15.041809461524446
C,15,15,115,10.0,1,2,sqrt,16.82404107740122,0.7902192803342595,12.983187156709477,17.87755409862906
C,15,15,115,10.0,1,2,1.0,10.381549415289138,0.8613087041067266,10.032135538678148,16.033119253543028
C,15,15,115,10.0,1,10,sqrt,13.796236075508938,0.8218999492995455,12.5895640571613,17.80439777736525
C,15,15,115,10.0,1,10,1.0,10.251790527137484,0.8625768543655807,10.02348834829869,15.974373219093469
C,15,15,115,10.0,5,2,sqrt,14.030515154828795,0.8053304310563145,12.82278370014049,17.887896366503742
C,15,15,115,10.0,5,2,1.0,9.746272623341486,0.8635200492013766,9.907797242194626,15.80564606637862
C,15,15,115,10.0,5,10,sqrt,14.030515154828795,0.8053304310563145,12.82278370014049,17.887896366503742
C,15,15,115,10.0,5,10,1.0,9.746272623341486,0.8635200492013766,9.907797242194626,15.80564606637862
C,15,15,115,10.0,10,2,sqrt,13.287105052300385,0.797486606450463,12.998189414845598,18.008784201927618
C,15,15,115,10.0,10,2,1.0,8.845187593166965,0.86466120316066,9.831280485335803,15.593633645936098
C,15,15,115,10.0,10,10,sqrt,13.287105052300385,0.797486606450463,12.998189414845598,18.008784201927618
C,15,15,115,10.0,10,10,1.0,8.845187593166965,0.86466120316066,9.831280485335803,15.593633645936098
C,15,15,115,,1,2,sqrt,23.92878638348471,0.7965602872280263,12.754753553163763,20.801210754186876
C,15,15,115,,1,2,1.0,17.392449316147893,0.8165733834368334,11.18040880636952,18.997783202740855
C,15,15,115,,1,10,sqrt,20.578030646704217,0.8115612907714542,12.400589497674275,19.954724205456024
C,15,15,115,,1,10,1.0,15.421648642688956,0.82685787398367,10.953116646304755,18.429624866378386
C,15,15,115,,5,2,sqrt,15.399757393504512,0.8162304073183566,12.00109142171375,18.749631758719726
C,15,15,115,,5,2,1.0,13.183120941615721,0.836708101975567,10.56322359045337,17.687224512363947
C,15,15,115,,5,10,sqrt,15.399757393504512,0.8162304073183566,12.00109142171375,18.749631758719726
C,15,15,115,,5,10,1.0,13.183120941615721,0.836708101975567,10.56322359045337,17.687224512363947
C,15,15,115,,10,2,sqrt,13.992396705434576,0.8185967425616794,12.076378562846964,18.500559157995042
C,15,15,115,,10,2,1.0,10.466142141626793,0.8441185410645525,10.279309558464554,16.792234140400193
C,15,15,115,,10,10,sqrt,13.992396705434576,0.8185967425616794,12.076378562846964,18.500559157995042
C,15,15,115,,10,10,1.0,10.466142141626793,0.8441185410645525,10.279309558464554,16.792234140400193
C,15,15,120,5.0,1,2,sqrt,22.96754356266851,0.7394042338629293,15.646072883875082,20.162440663090525
C,15,15,120,5.0,1,2,1.0,8.23362637672219,0.8461195898030427,11.523909092856982,16.204516221845928
C,15,15,120,5.0,1,10,sqrt,22.926883738482367,0.7369001211912847,15.813098156624983,20.279141106173284
C,15,15,120,5.0,1,10,1.0,8.23362637672219,0.8461195898030427,11.523909092856982,16.204516221845928
C,15,15,120,5.0,5,2,sqrt,22.879697648836576,0.7374774936324124,15.816580444415854,20.26476343721165
C,15,15,120,5.0,5,2,1.0,8.222330414015318,0.8461372902054487,11.52024805976454,16.199458298046927
C,15,15,120,5.0,5,10,sqrt,22.879697648836576,0.7374774936324124,15.816580444415854,20.26476343721165
C,15,15,120,5.0,5,10,1.0,8.222330414015318,0.8461372902054487,11.52024805976454,16.199458298046927
C,15,15,120,5.0,10,2,sqrt,24.116855661208504,0.7292489826177482,16.051103817924066,20.552255163280783
C,15,15,120,5.0,10,2,1.0,8.222186119891882,0.8461432728715303,11.519843062592901,16.198999048852507
C,15,15,120,5.0,10,10,sqrt,24.116855661208504,0.7292489826177482,16.051103817924066,20.552255163280783
C,15,15,120,5.0,10,10,1.0,8.222186119891882,0.8461432728715303,11.519843062592901,16.198999048852507
C,15,15,120,10.0,1,2,sqrt,18.701691490648024,0.8034140323707313,13.965439644858066,19.31838505499602
C,15,15,120,10.0,1,2,1.0,14.416392093253322,0.8532719515603638,11.057359489479245,17.15845487151811
C,15,15,120,10.0,1,10,sqrt,16.5165156748388,0.8295665335859319,12.904915485401318,18.254784185048216
C,15,15,120,10.0,1,10,1.0,14.157615010591439,0.8537781006255136,11.046710990112008,17.11611142721589
C,15,15,120,10.0,5,2,sqrt,19.213333317551147,0.8098393361898275,14.006171777472758,19.384626247759645
C,15,15,120,10.0,5,2,1.0,12.195823428664745,0.8549422393795305,10.992382407859703,16.976776155319726
C,15,15,120,10.0,5,10,sqrt,19.213333317551147,0.8098393361898275,14.006171777472758,19.384626247759645
C,15,15,120,10.0,5,10,1.0,12.195823428664745,0.8549422393795305,10.992382407859703,16.976776155319726
C,15,15,120,10.0,10,2,sqrt,14.622405646975782,0.8113425061256594,13.582619566510667,18.611763780254996
C,15,15,120,10.0,10,2,1.0,11.406588991852846,0.8558767646832317,10.934824950751358,16.836362832585145
C,15,15,120,10.0,10,10,sqrt,14.622405646975782,0.8113425061256594,13.582619566510667,18.611763780254996
C,15,15,120,10.0,10,10,1.0,11.406588991852846,0.8558767646832317,10.934824950751358,16.836362832585145
C,15,15,120,,1,2,sqrt,45.38652074407575,0.7890604561661207,14.177187635786387,22.609687093065517
C,15,15,120,,1,2,1.0,23.99834056626799,0.8120259828583156,12.49722899768037,20.521536626490768
C,15,15,120,,1,10,sqrt,26.65126554130712,0.803937839846259,13.720387352426991,21.40812754200151
C,15,15,120,,1,10,1.0,20.657192381292425,0.818324832257401,12.247493801848076,19.921715661197275
C,15,15,120,,5,2,sqrt,24.54273685033116,0.8067471175845284,13.52652830245521,20.766439640428295
C,15,15,120,,5,2,1.0,17.711195111192204,0.8284312323485278,11.754948767942565,19.089142804376724
C,15,15,120,,5,10,sqrt,24.54273685033116,0.8067471175845284,13.52652830245521,20.766439640428295
C,15,15,120,,5,10,1.0,17.711195111192204,0.8284312323485278,11.754948767942565,19.089142804376724
C,15,15,120,,10,2,sqrt,16.398389873530704,0.8208353215853812,12.823025784328886,19.236059839219813
C,15,15,120,,10,2,1.0,13.865458879761226,0.8388662241481857,11.362094601281802,18.056764756320185
C,15,15,120,,10,10,sqrt,16.398389873530704,0.8208353215853812,12.823025784328886,19.236059839219813
C,15,15,120,,10,10,1.0,13.865458879761226,0.8388662241481857,11.362094601281802,18.056764756320185
C,15,15,125,5.0,1,2,sqrt,30.431876712310178,0.7291111621348533,17.013543157761465,21.506480964237603
C,15,15,125,5.0,1,2,1.0,10.668217722973072,0.8379575455225166,12.732242989426412,17.60123041728856
C,15,15,125,5.0,1,10,sqrt,29.432068174229435,0.7296303466294527,17.06123556418775,21.5926960427155
C,15,15,125,5.0,1,10,1.0,10.668217722973072,0.8379575455225166,12.732242989426412,17.60123041728856
C,15,15,125,5.0,5,2,sqrt,29.474871051713755,0.7285542231027677,17.167932289428855,21.65996112621887
C,15,15,125,5.0,5,2,1.0,10.652794850750492,0.837974682186126,12.728576014815337,17.596442916144078
C,15,15,125,5.0,5,10,sqrt,29.474871051713755,0.7285542231027677,17.167932289428855,21.65996112621887
C,15,15,125,5.0,5,10,1.0,10.652794850750492,0.837974682186126,12.728576014815337,17.596442916144078
C,15,15,125,5.0,10,2,sqrt,29.71106582911873,0.7279264229138376,17.17070895211118,21.783686344667057
C,15,15,125,5.0,10,2,1.0,10.652469693042619,0.838066464432276,12.72964407804415,17.59699393726605
C,15,15,125,5.0,10,10,sqrt,29.71106582911873,0.7279264229138376,17.17070895211118,21.783686344667057
C,15,15,125,5.0,10,10,1.0,10.652469693042619,0.838066464432276,12.72964407804415,17.59699393726605
C,15,15,125,10.0,1,2,sqrt,24.55419368251892,0.7844317207757674,15.722845072598677,20.988711244751553
C,15,15,125,10.0,1,2,1.0,17.572458772054155,0.8452207841355641,12.186055359130485,18.389716343417618
C,15,15,125,10.0,1,10,sqrt,24.03329559866049,0.7922526092637832,15.39465806396548,20.870123699767465
C,15,15,125,10.0,1,10,1.0,17.34791771339752,0.8460452587751377,12.18836173730285,18.37628626551668
C,15,15,125,10.0,5,2,sqrt,22.96328185166498,0.8049417512796302,15.225075559991998,20.68502316561998
C,15,15,125,10.0,5,2,1.0,16.373816302723416,0.8461749444938673,12.11877054258363,18.242129440255194
C,15,15,125,10.0,5,10,sqrt,22.96328185166498,0.8049417512796302,15.225075559991998,20.68502316561998
C,15,15,125,10.0,5,10,1.0,16.373816302723416,0.8461749444938673,12.11877054258363,18.242129440255194
C,15,15,125,10.0,10,2,sqrt,20.25524817457775,0.8067479397817221,15.06843480880834,20.34413470158854
C,15,15,125,10.0,10,2,1.0,14.504859118172472,0.8475802632760709,12.094447053261046,18.08935382331412
C,15,15,125,10.0,10,10,sqrt,20.25524817457775,0.8067479397817221,15.06843480880834,20.34413470158854
C,15,15,125,10.0,10,10,1.0,14.504859118172472,0.8475802632760709,12.094447053261046,18.08935382331412
C,15,15,125,,1,2,sqrt,59.82764972523487,0.7861739525170243,15.382343198751451,23.96552482798669
C,15,15,125,,1,2,1.0,32.4919164763776,0.8046452603115487,13.743112663917142,22.044281398613712
C,15,15,125,,1,10,sqrt,38.45242480887933,0.7902852325051055,15.316361752657162,23.174646186568722
C,15,15,125,,1,10,1.0,29.023854831598765,0.8123458507481187,13.46938455627874,21.356965195110575
C,15,15,125,,5,2,sqrt,30.41457694581548,0.8043164494535977,14.563934241823693,21.9221218524575
C,15,15,125,,5,2,1.0,25.93447156747677,0.8189593818931942,12.981851971067243,20.55455077538616
C,15,15,125,,5,10,sqrt,30.41457694581548,0.8043164494535977,14.563934241823693,21.9221218524575
C,15,15,125,,5,10,1.0,25.93447156747677,0.8189593818931942,12.981851971067243,20.55455077538616
C,15,15,125,,10,2,sqrt,22.596468773393276,0.8109602710147856,14.25086754398556,20.839032573170712
C,15,15,125,,10,2,1.0,20.186556710111724,0.8283047013679218,12.615903551336272,19.57561480202281
C,15,15,125,,10,10,sqrt,22.596468773393276,0.8109602710147856,14.25086754398556,20.839032573170712
C,15,15,125,,10,10,1.0,20.186556710111724,0.8283047013679218,12.615903551336272,19.57561480202281
C,15,15,130,5.0,1,2,sqrt,39.1293292886196,0.7242788189705953,16.60028711973498,21.88141203689903
C,15,15,130,5.0,1,2,1.0,14.189718822498076,0.8369586549673805,12.128890446140144,17.808820232618235
C,15,15,130,5.0,1,10,sqrt,37.862539094835384,0.7247660599329266,16.67123716805992,21.994552028164303
C,15,15,130,5.0,1,10,1.0,14.189718822498076,0.8369586549673805,12.128890446140144,17.808820232618235
C,15,15,130,5.0,5,2,sqrt,37.82213082298129,0.7236926641556762,16.769634729895564,22.04813586182082
C,15,15,130,5.0,5,2,1.0,14.17427418464887,0.8369757916309901,12.125192522902072,17.804135046194137
C,15,15,130,5.0,5,10,sqrt,37.82213082298129,0.7236926641556762,16.769634729895564,22.04813586182082
C,15,15,130,5.0,5,10,1.0,14.17427418464887,0.8369757916309901,12.125192522902072,17.804135046194137
C,15,15,130,5.0,10,2,sqrt,38.28295962299458,0.7234965934260952,16.81316522504516,22.222028113425917
C,15,15,130,5.0,10,2,1.0,14.174350511128775,0.8370240139148508,12.12576940336289,17.8050021054457
C,15,15,130,5.0,10,10,sqrt,38.28295962299458,0.7234965934260952,16.81316522504516,22.222028113425917
C,15,15,130,5.0,10,10,1.0,14.174350511128775,0.8370240139148508,12.12576940336289,17.8050021054457
C,15,15,130,10.0,1,2,sqrt,29.26562933079392,0.8014044652591762,14.674211120256222,20.957476082008363
C,15,15,130,10.0,1,2,1.0,19.77505166548634,0.8442555539792844,11.625554533431798,18.539772225365432
C,15,15,130,10.0,1,10,sqrt,48.15329829426359,0.7898827217524215,15.151554809849893,21.36053151423306
C,15,15,130,10.0,1,10,1.0,19.281960437729566,0.8451166104306722,11.58732297119462,18.457883390453198
C,15,15,130,10.0,5,2,sqrt,28.0567045139586,0.8024259639701548,14.506561963491341,20.849265799325035
C,15,15,130,10.0,5,2,1.0,19.487360088287144,0.8444814965673484,11.583619109445726,18.42977431073559
C,15,15,130,10.0,5,10,sqrt,28.0567045139586,0.8024259639701548,14.506561963491341,20.849265799325035
C,15,15,130,10.0,5,10,1.0,19.487360088287144,0.8444814965673484,11.583619109445726,18.42977431073559
C,15,15,130,10.0,10,2,sqrt,27.442346009361508,0.7877191458917185,15.025429157332619,21.205117425866703
C,15,15,130,10.0,10,2,1.0,19.392153586046526,0.8459268268911855,11.542882722812827,18.33551095168726
C,15,15,130,10.0,10,10,sqrt,27.442346009361508,0.7877191458917185,15.025429157332619,21.205117425866703
C,15,15,130,10.0,10,10,1.0,19.392153586046526,0.8459268268911855,11.542882722812827,18.33551095168726
C,15,15,130,,1,2,sqrt,64.47438091569241,0.7891267961977737,15.536916842092491,24.089721013425883
C,15,15,130,,1,2,1.0,33.453305626884415,0.8049131467960319,13.63175467198038,21.873080692750612
C,15,15,130,,1,10,sqrt,45.69096346948176,0.7888991378144963,15.262960298059832,23.36837154920861
C,15,15,130,,1,10,1.0,30.23304876719694,0.8083746225620805,13.396379636696333,21.3321536189025
C,15,15,130,,5,2,sqrt,35.70626834822614,0.794126423968195,14.817784552254542,22.46974164287378
C,15,15,130,,5,2,1.0,26.462885938069025,0.8139802837987722,12.974077187606934,20.739211828790708
C,15,15,130,,5,10,sqrt,35.70626834822614,0.794126423968195,14.817784552254542,22.46974164287378
C,15,15,130,,5,10,1.0,26.462885938069025,0.8139802837987722,12.974077187606934,20.739211828790708
C,15,15,130,,10,2,sqrt,28.570423048202834,0.8058826486711006,14.06657612953417,21.147543978222778
C,15,15,130,,10,2,1.0,23.692120238149137,0.826330961472989,12.300988596444446,19.591903589405895
C,15,15,130,,10,10,sqrt,28.570423048202834,0.8058826486711006,14.06657612953417,21.147543978222778
C,15,15,130,,10,10,1.0,23.692120238149137,0.826330961472989,12.300988596444446,19.591903589405895
C,15,20,115,5.0,1,2,sqrt,188.17588789249862,0.6257578303977871,23.278267947760565,29.082979227578004
C,15,20,115,5.0,1,2,1.0,6.50756046874461,0.8516285443944461,10.509299170939041,15.062267261445452
C,15,20,115,5.0,1,10,sqrt,199.44421457516773,0.6153161702740192,23.742924297174383,29.560571406208453
C,15,20,115,5.0,1,10,1.0,6.50756046874461,0.8516285443944461,10.509299170939041,15.062267261445452
C,15,20,115,5.0,5,2,sqrt,176.60245199901743,0.6329958787797368,22.91257347695747,28.675457009369943
C,15,20,115,5.0,5,2,1.0,6.507570554269293,0.8516285443944461,10.50933011956604,15.062303337914624
C,15,20,115,5.0,5,10,sqrt,176.60245199901743,0.6329958787797368,22.91257347695747,28.675457009369943
C,15,20,115,5.0,5,10,1.0,6.507570554269293,0.8516285443944461,10.50933011956604,15.062303337914624
C,15,20,115,5.0,10,2,sqrt,127.99304163543763,0.6782381057064193,20.29409781683227,25.9355733968117
C,15,20,115,5.0,10,2,1.0,6.497718735330864,0.8516146288312834,10.508488747117447,15.0601296878606
C,15,20,115,5.0,10,10,sqrt,127.99304163543763,0.6782381057064193,20.29409781683227,25.9355733968117
C,15,20,115,5.0,10,10,1.0,6.497718735330864,0.8516146288312834,10.508488747117447,15.0601296878606
C,15,20,115,10.0,1,2,sqrt,47.57729464926286,0.7610607662371673,14.961378664798104,20.455290873715303
C,15,20,115,10.0,1,2,1.0,11.757798460813566,0.8591486715569623,10.082363085601656,16.074343108226408
C,15,20,115,10.0,1,10,sqrt,72.88838000290585,0.7703120497544446,15.243496978270162,21.001966724069803
C,15,20,115,10.0,1,10,1.0,11.132668548330725,0.8603556769289845,10.074475623380412,16.04580856191216
C,15,20,115,10.0,5,2,sqrt,49.6189001613228,0.7704416145474158,15.230069718932961,20.807873005698916
C,15,20,115,10.0,5,2,1.0,10.24624681448834,0.8619314873968026,9.962073883447852,15.823889983628641
C,15,20,115,10.0,5,10,sqrt,49.6189001613228,0.7704416145474158,15.230069718932961,20.807873005698916
C,15,20,115,10.0,5,10,1.0,10.24624681448834,0.8619314873968026,9.962073883447852,15.823889983628641
C,15,20,115,10.0,10,2,sqrt,29.773511933844247,0.7867121921875387,14.330828620574874,19.929874650829294
C,15,20,115,10.0,10,2,1.0,9.357990771919972,0.8637546389312281,9.89831052117282,15.70046672724836
C,15,20,115,10.0,10,10,sqrt,29.773511933844247,0.7867121921875387,14.330828620574874,19.929874650829294
C,15,20,115,10.0,10,10,1.0,9.357990771919972,0.8637546389312281,9.89831052117282,15.70046672724836
C,15,20,115,,1,2,sqrt,69.89444820413772,0.7809883231248481,13.73854310467397,22.486115114585644
C,15,20,115,,1,2,1.0,18.453759028150987,0.8169564126596107,11.214139440024015,19.065182023049505
C,15,20,115,,1,10,sqrt,69.92472159002283,0.7932921330071644,13.632017572174636,21.893158051482477
C,15,20,115,,1,10,1.0,15.521155553334514,0.825556023587126,10.953682364365417,18.41514455848177
C,15,20,115,,5,2,sqrt,38.4841101968141,0.8037356544344689,13.123695435559261,20.583469760216094
C,15,20,115,,5,2,1.0,13.72008275065294,0.8327043571020194,10.629796402115108,17.742653944442885
C,15,20,115,,5,10,sqrt,38.4841101968141,0.8037356544344689,13.123695435559261,20.583469760216094
C,15,20,115,,5,10,1.0,13.72008275065294,0.8327043571020194,10.629796402115108,17.742653944442885
C,15,20,115,,10,2,sqrt,37.182006660396794,0.80745815950721,13.38490832120571,20.592334000048147
C,15,20,115,,10,2,1.0,10.99909057435725,0.8427902750595081,10.330058669833871,16.860251242456645
C,15,20,115,,10,10,sqrt,37.182006660396794,0.80745815950721,13.38490832120571,20.592334000048147
C,15,20,115,,10,10,1.0,10.99909057435725,0.8427902750595081,10.330058669833871,16.860251242456645
C,15,20,120,5.0,1,2,sqrt,255.6979874750894,0.6211630334697675,24.992811591062146,30.935300434533083
C,15,20,120,5.0,1,2,1.0,8.264908411249413,0.8460549027887254,11.542771666396648,16.224917081772226
C,15,20,120,5.0,1,10,sqrt,256.9830942197342,0.6206609692686706,25.015878059943454,30.938673316074507
C,15,20,120,5.0,1,10,1.0,8.264908411249413,0.8460549027887254,11.542771666396648,16.224917081772226
C,15,20,120,5.0,5,2,sqrt,255.8995011587834,0.6212338143996948,24.998857670115704,30.94215360453004
C,15,20,120,5.0,5,2,1.0,8.25361244854254,0.8460726031911312,11.539110633304205,16.21985915797322
C,15,20,120,5.0,5,10,sqrt,255.8995011587834,0.6212338143996948,24.998857670115704,30.94215360453004
C,15,20,120,5.0,5,10,1.0,8.25361244854254,0.8460726031911312,11.539110633304205,16.21985915797322
C,15,20,120,5.0,10,2,sqrt,192.80619598781863,0.6663378613223371,22.26887227184911,28.116566738460982
C,15,20,120,5.0,10,2,1.0,8.253468154419105,0.8460785858572129,11.538705636132566,16.219399908778797
C,15,20,120,5.0,10,10,sqrt,192.80619598781863,0.6663378613223371,22.26887227184911,28.116566738460982
C,15,20,120,5.0,10,10,1.0,8.253468154419105,0.8460785858572129,11.538705636132566,16.219399908778797
C,15,20,120,10.0,1,2,sqrt,93.62291995758234,0.7498607091984419,16.885471280265122,22.671257667719814
C,15,20,120,10.0,1,2,1.0,14.545604673994433,0.8510097642004653,11.154973084003363,17.28444250955858
C,15,20,120,10.0,1,10,sqrt,103.06789043627444,0.7388411964503282,18.359133164919825,24.426860686151752
C,15,20,120,10.0,1,10,1.0,13.836512577123756,0.8526358469117203,11.128599871244054,17.195105710155083
C,15,20,120,10.0,5,2,sqrt,55.27861829147063,0.7712043480913419,16.07226256760735,21.84568539635319
C,15,20,120,10.0,5,2,1.0,11.706325042640568,0.8543133257436855,11.011039603278594,16.941069515223127
C,15,20,120,10.0,5,10,sqrt,55.27861829147063,0.7712043480913419,16.07226256760735,21.84568539635319
C,15,20,120,10.0,5,10,1.0,11.706325042640568,0.8543133257436855,11.011039603278594,16.941069515223127
C,15,20,120,10.0,10,2,sqrt,57.84998443374178,0.7521084408176568,17.13630129756121,22.736335338852193
C,15,20,120,10.0,10,2,1.0,11.401901160822835,0.856178191677541,10.934476435371426,16.843437760613153
C,15,20,120,10.0,10,10,sqrt,57.84998443374178,0.7521084408176568,17.13630129756121,22.736335338852193
C,15,20,120,10.0,10,10,1.0,11.401901160822835,0.856178191677541,10.934476435371426,16.843437760613153
C,15,20,120,,1,2,sqrt,85.2667230407467,0.7737313286167751,15.730933823918084,24.817149612080463
C,15,20,120,,1,2,1.0,23.2124925943804,0.8105406597341155,12.412563169444274,20.518652028133282
C,15,20,120,,1,10,sqrt,90.85459937261872,0.7787614065605064,15.676161997661605,24.079177673466766
C,15,20,120,,1,10,1.0,20.95144008781954,0.8176780722713023,12.239142732871056,20.021035574425845
C,15,20,120,,5,2,sqrt,41.40358433784087,0.7970823005509767,14.564539673061926,22.058833213884412
C,15,20,120,,5,2,1.0,17.314798789304398,0.8275394175386893,11.703270434508491,18.984214882779586
C,15,20,120,,5,10,sqrt,41.40358433784087,0.7970823005509767,14.564539673061926,22.058833213884412
C,15,20,120,,5,10,1.0,17.314798789304398,0.8275394175386893,11.703270434508491,18.984214882779586
C,15,20,120,,10,2,sqrt,50.54769282673701,0.798537008083026,14.76914354856354,21.896295484917527
C,15,20,120,,10,2,1.0,14.0974077435803,0.8361346347287432,11.435030534786417,18.177679545467825
C,15,20,120,,10,10,sqrt,50.54769282673701,0.798537008083026,14.76914354856354,21.896295484917527
C,15,20,120,,10,10,1.0,14.0974077435803,0.8361346347287432,11.435030534786417,18.177679545467825
C,15,20,125,5.0,1,2,sqrt,328.37899635404176,0.6164325816494789,26.554316111564297,32.59560436579156
C,15,20,125,5.0,1,2,1.0,10.665452624312437,0.8379986535902217,12.730443539350771,17.598433337557715
C,15,20,125,5.0,1,10,sqrt,326.84149697721017,0.6181844894743663,26.683948793650757,32.64779415218099
C,15,20,125,5.0,1,10,1.0,10.665452624312437,0.8379986535902217,12.730443539350771,17.598433337557715
C,15,20,125,5.0,5,2,sqrt,328.3413793325124,0.6163051994756423,26.56425388750396,32.60101187151265
C,15,20,125,5.0,5,2,1.0,10.650029752089857,0.8380157902538313,12.726776564739698,17.593645836413234
C,15,20,125,5.0,5,10,sqrt,328.3413793325124,0.6163051994756423,26.56425388750396,32.60101187151265
C,15,20,125,5.0,5,10,1.0,10.650029752089857,0.8380157902538313,12.726776564739698,17.593645836413234
C,15,20,125,5.0,10,2,sqrt,248.5106919680994,0.656780540661984,23.812300425740634,29.714059218099795
C,15,20,125,5.0,10,2,1.0,10.649704594381983,0.8381075724999812,12.727844627968508,17.594196857535202
C,15,20,125,5.0,10,10,sqrt,248.5106919680994,0.656780540661984,23.812300425740634,29.714059218099795
C,15,20,125,5.0,10,10,1.0,10.649704594381983,0.8381075724999812,12.727844627968508,17.594196857535202
C,15,20,125,10.0,1,2,sqrt,93.14663433612343,0.7400363821163636,18.284781455302234,24.101482834972185
C,15,20,125,10.0,1,2,1.0,17.600601552317933,0.8416417805269735,12.411708622919743,18.661956144155585
C,15,20,125,10.0,1,10,sqrt,101.99402991725245,0.7370936850660472,18.672952106593456,24.520643794134617
C,15,20,125,10.0,1,10,1.0,16.587812006080206,0.8428693023710256,12.379828154653518,18.56975361112689
C,15,20,125,10.0,5,2,sqrt,80.48250706265893,0.7844242690335143,16.756580180525038,22.92814891002759
C,15,20,125,10.0,5,2,1.0,15.939882610072797,0.8433932551470755,12.338493742676562,18.46450195788288
C,15,20,125,10.0,5,10,sqrt,80.48250706265893,0.7844242690335143,16.756580180525038,22.92814891002759
C,15,20,125,10.0,5,10,1.0,15.939882610072797,0.8433932551470755,12.338493742676562,18.46450195788288
C,15,20,125,10.0,10,2,sqrt,68.50511176694177,0.7630691417255973,17.442590229280523,23.11205683678327
C,15,20,125,10.0,10,2,1.0,14.669148887263827,0.8452960664843214,12.209267257584463,18.23339655171986
C,15,20,125,10.0,10,10,sqrt,68.50511176694177,0.7630691417255973,17.442590229280523,23.11205683678327
C,15,20,125,10.0,10,10,1.0,14.669148887263827,0.8452960664843214,12.209267257584463,18.23339655171986
C,15,20,125,,1,2,sqrt,236.67744742135815,0.7563735993142906,18.377458106737205,27.959589106816175
C,15,20,125,,1,2,1.0,31.30423224554781,0.8051773265544424,13.71278404251284,22.03558658198319
C,15,20,125,,1,10,sqrt,94.5389683968118,0.7822330212740767,16.359697493133805,24.726639450467886
C,15,20,125,,1,10,1.0,29.06111575381225,0.8118888137731881,13.476152511290952,21.445911417516548
C,15,20,125,,5,2,sqrt,72.90029203152194,0.7916955443357852,15.62174446616387,23.333105239885967
C,15,20,125,,5,2,1.0,25.22529969855899,0.8174542334176144,13.111620918536705,20.692256983498172
C,15,20,125,,5,10,sqrt,72.90029203152194,0.7916955443357852,15.62174446616387,23.333105239885967
C,15,20,125,,5,10,1.0,25.22529969855899,0.8174542334176144,13.111620918536705,20.692256983498172
C,15,20,125,,10,2,sqrt,48.6950617809046,0.7876132347399584,16.029260960152346,23.161142672725713
C,15,20,125,,10,2,1.0,19.61885107672289,0.8282650206800696,12.684919013663514,19.639820366758578
C,15,20,125,,10,10,sqrt,48.6950617809046,0.7876132347399584,16.029260960152346,23.161142672725713
C,15,20,125,,10,10,1.0,19.61885107672289,0.8282650206800696,12.684919013663514,19.639820366758578
C,15,20,130,5.0,1,2,sqrt,392.91263939692396,0.6233049957784079,25.709661790376202,32.317419256580735
C,15,20,130,5.0,1,2,1.0,14.189718822498076,0.8369586549673805,12.128890446140144,17.808820232618235
C,15,20,130,5.0,1,10,sqrt,414.71600569339546,0.6172766050857483,26.130951283239774,32.79674143578518
C,15,20,130,5.0,1,10,1.0,14.189718822498076,0.8369586549673805,12.128890446140144,17.808820232618235
C,15,20,130,5.0,5,2,sqrt,411.85101546561356,0.6167876083849857,25.99337515897052,32.65154984396245
C,15,20,130,5.0,5,2,1.0,14.17427418464887,0.8369757916309901,12.125192522902072,17.804135046194137
C,15,20,130,5.0,5,10,sqrt,411.85101546561356,0.6167876083849857,25.99337515897052,32.65154984396245
C,15,20,130,5.0,5,10,1.0,14.17427418464887,0.8369757916309901,12.125192522902072,17.804135046194137
C,15,20,130,5.0,10,2,sqrt,311.05039621810477,0.6612312450447316,23.20576345877151,29.78606495178453
C,15,20,130,5.0,10,2,1.0,14.174350511128775,0.8370240139148508,12.12576940336289,17.8050021054457
C,15,20,130,5.0,10,10,sqrt,311.05039621810477,0.6612312450447316,23.20576345877151,29.78606495178453
C,15,20,130,5.0,10,10,1.0,14.174350511128775,0.8370240139148508,12.12576940336289,17.8050021054457
C,15,20,130,10.0,1,2,sqrt,105.47983318259601,0.7625670031630193,16.966610314855412,23.75453163065523
C,15,20,130,10.0,1,2,1.0,20.52942697764962,0.8446110862896419,11.655181660743894,18.574555888724916
C,15,20,130,10.0,1,10,sqrt,78.39758206914942,0.7849972428720926,15.796275811842454,22.81269458806598
C,15,20,130,10.0,1,10,1.0,20.26199939214042,0.8453305665261848,11.618647412003744,18.500553631145056
C,15,20,130,10.0,5,2,sqrt,87.07376737114538,0.763320050404373,16.937319081305922,23.670429147868152
C,15,20,130,10.0,5,2,1.0,19.274914881121077,0.8466997224274324,11.584373335991511,18.406906673997337
C,15,20,130,10.0,5,10,sqrt,87.07376737114538,0.763320050404373,16.937319081305922,23.670429147868152
C,15,20,130,10.0,5,10,1.0,19.274914881121077,0.8466997224274324,11.584373335991511,18.406906673997337
C,15,20,130,10.0,10,2,sqrt,94.80484987200944,0.7562468098639068,17.46458899761793,24.052286500998218
C,15,20,130,10.0,10,2,1.0,18.151127665446367,0.8474584090596883,11.477337272907281,18.206329351790163
C,15,20,130,10.0,10,10,sqrt,94.80484987200944,0.7562468098639068,17.46458899761793,24.052286500998218
C,15,20,130,10.0,10,10,1.0,18.151127665446367,0.8474584090596883,11.477337272907281,18.206329351790163
C,15,20,130,,1,2,sqrt,113.1850058433909,0.7717613010733183,17.019112860691564,26.121972447501992
C,15,20,130,,1,2,1.0,32.29391918521587,0.8052495020566237,13.638459493833398,21.887018898154203
C,15,20,130,,1,10,sqrt,95.98039220806902,0.7779754413983943,16.28008890731015,24.84763107211499
C,15,20,130,,1,10,1.0,28.915876893380563,0.8097598165269358,13.358308158301394,21.306249313870296
C,15,20,130,,5,2,sqrt,80.2019671271232,0.7900593190463794,15.34028031290008,23.37808566446349
C,15,20,130,,5,2,1.0,26.619071755431662,0.81708249950872,12.832943256703066,20.511108946640427
C,15,20,130,,5,10,sqrt,80.2019671271232,0.7900593190463794,15.34028031290008,23.37808566446349
C,15,20,130,,5,10,1.0,26.619071755431662,0.81708249950872,12.832943256703066,20.511108946640427
C,15,20,130,,10,2,sqrt,102.8925570125718,0.783695003800594,15.981338980671486,24.029990672998984
C,15,20,130,,10,2,1.0,21.687396991360053,0.8274047731030348,12.253061683259757,19.43152588479222
C,15,20,130,,10,10,sqrt,102.8925570125718,0.783695003800594,15.981338980671486,24.029990672998984
C,15,20,130,,10,10,1.0,21.687396991360053,0.8274047731030348,12.253061683259757,19.43152588479222
C,20,10,115,5.0,1,2,sqrt,28.948626897498627,0.778283738240877,13.742574267632232,18.520682164793858
C,20,10,115,5.0,1,2,1.0,5.133570884936185,0.8586418550926975,9.823441507002693,14.114124799866284
C,20,10,115,5.0,1,10,sqrt,29.78284582686838,0.7648850932382288,14.192443440119751,18.945000630908417
C,20,10,115,5.0,1,10,1.0,5.133570884936185,0.8586418550926975,9.823441507002693,14.114124799866284
C,20,10,115,5.0,5,2,sqrt,29.369370689449205,0.7649653522136028,14.18221677188301,18.921325564726974
C,20,10,115,5.0,5,2,1.0,5.134871297101737,0.8586083721758632,9.824015078125862,14.116801502112342
C,20,10,115,5.0,5,10,sqrt,29.369370689449205,0.7649653522136028,14.18221677188301,18.921325564726974
C,20,10,115,5.0,5,10,1.0,5.134871297101737,0.8586083721758632,9.824015078125862,14.116801502112342
C,20,10,115,5.0,10,2,sqrt,28.629035899759646,0.7854302977781175,13.441593810477002,18.137648573461124
C,20,10,115,5.0,10,2,1.0,5.109359653992497,0.8585513231772236,9.823796621214928,14.107761211265768
C,20,10,115,5.0,10,10,sqrt,28.629035899759646,0.7854302977781175,13.441593810477002,18.137648573461124
C,20,10,115,5.0,10,10,1.0,5.109359653992497,0.8585513231772236,9.823796621214928,14.107761211265768
C,20,10,115,10.0,1,2,sqrt,11.020195131484325,0.8247040251956657,11.442437427012976,16.24199781395466
C,20,10,115,10.0,1,2,1.0,6.54232156917841,0.8709800121853553,9.179763046343252,14.670656152484295
C,20,10,115,10.0,1,10,sqrt,16.797423336402414,0.8397458977505409,11.47570240392293,16.626332606599387
C,20,10,115,10.0,1,10,1.0,6.486084917171075,0.8716869035712305,9.173949961655717,14.631342491960448
C,20,10,115,10.0,5,2,sqrt,12.978704897410768,0.8280449837314086,11.677385847551538,17.027536888104116
C,20,10,115,10.0,5,2,1.0,5.963030598472283,0.8723069612460037,9.180626863896295,14.547321063987534
C,20,10,115,10.0,5,10,sqrt,12.978704897410768,0.8280449837314086,11.677385847551538,17.027536888104116
C,20,10,115,10.0,5,10,1.0,5.963030598472283,0.8723069612460037,9.180626863896295,14.547321063987534
C,20,10,115,10.0,10,2,sqrt,9.170875959164414,0.8399986715128792,11.038758932370865,16.021402958843638
C,20,10,115,10.0,10,2,1.0,5.624265480606561,0.875790303506261,9.071495977627663,14.424835027985925
C,20,10,115,10.0,10,10,sqrt,9.170875959164414,0.8399986715128792,11.038758932370865,16.021402958843638
C,20,10,115,10.0,10,10,1.0,5.624265480606561,0.875790303506261,9.071495977627663,14.424835027985925
C,20,10,115,,1,2,sqrt,34.960478672846655,0.8213103734255046,11.327160946365966,18.81561203690171
C,20,10,115,,1,2,1.0,10.759748642372392,0.8325714780745134,10.209898925920001,17.25941500174458
C,20,10,115,,1,10,sqrt,11.153355536341632,0.8336064311621151,10.696874609910216,17.589961071932283
C,20,10,115,,1,10,1.0,9.340100855353047,0.8412476584072437,9.954892601401912,16.693535008133992
C,20,10,115,,5,2,sqrt,13.802173704428565,0.8366712666487173,10.75866387872404,17.19059712505436
C,20,10,115,,5,2,1.0,7.934292624894458,0.8497174663461331,9.692334707898942,16.1083158242517
C,20,10,115,,5,10,sqrt,13.802173704428565,0.8366712666487173,10.75866387872404,17.19059712505436
C,20,10,115,,5,10,1.0,7.934292624894458,0.8497174663461331,9.692334707898942,16.1083158242517
C,20,10,115,,10,2,sqrt,10.390273904807811,0.8461734298240866,10.566342436178966,16.711141706174082
C,20,10,115,,10,2,1.0,6.584622222734858,0.8592337281104578,9.31653799689361,15.299227648105823
C,20,10,115,,10,10,sqrt,10.390273904807811,0.8461734298240866,10.566342436178966,16.711141706174082
C,20,10,115,,10,10,1.0,6.584622222734858,0.8592337281104578,9.31653799689361,15.299227648105823
C,20,10,120,5.0,1,2,sqrt,37.11553705110342,0.774254749900094,14.983208782716208,19.78046603125082
C,20,10,120,5.0,1,2,1.0,6.420327014424862,0.8542635175682266,10.810380762526973,15.271066997636845
C,20,10,120,5.0,1,10,sqrt,38.86172483296498,0.7523695247271298,15.558509369473843,20.359264549661255
C,20,10,120,5.0,1,10,1.0,6.420327014424862,0.8542635175682266,10.810380762526973,15.271066997636845
C,20,10,120,5.0,5,2,sqrt,38.72618979078491,0.7524497697784236,15.550324040385272,20.344700970520528
C,20,10,120,5.0,5,2,1.0,6.420327014424862,0.8542635175682266,10.810380762526973,15.271066997636845
C,20,10,120,5.0,5,10,sqrt,38.72618979078491,0.7524497697784236,15.550324040385272,20.344700970520528
C,20,10,120,5.0,5,10,1.0,6.420327014424862,0.8542635175682266,10.810380762526973,15.271066997636845
C,20,10,120,5.0,10,2,sqrt,37.433120839143,0.775727967613792,14.981507386282335,19.816684147312436
C,20,10,120,5.0,10,2,1.0,6.392637849821733,0.854387662019637,10.799431585457395,15.245068425447538
C,20,10,120,5.0,10,10,sqrt,37.433120839143,0.775727967613792,14.981507386282335,19.816684147312436
C,20,10,120,5.0,10,10,1.0,6.392637849821733,0.854387662019637,10.799431585457395,15.245068425447538
C,20,10,120,10.0,1,2,sqrt,26.241420533497802,0.8396425540023585,12.018909044882093,17.354183767426548
C,20,10,120,10.0,1,2,1.0,8.710488138714151,0.8643376316867538,10.257997306315314,15.928665014029935
C,20,10,120,10.0,1,10,sqrt,17.721829622316736,0.8206431565241458,12.378265107485063,17.54477971315449
C,20,10,120,10.0,1,10,1.0,8.082624065840124,0.8654440373022021,10.236492373211634,15.851602268919402
C,20,10,120,10.0,5,2,sqrt,16.021267437913018,0.8366632113602469,12.302157176946784,17.474653345271264
C,20,10,120,10.0,5,2,1.0,7.475980347911948,0.8663164267902419,10.15836900438022,15.645590673552025
C,20,10,120,10.0,5,10,sqrt,16.021267437913018,0.8366632113602469,12.302157176946784,17.474653345271264
C,20,10,120,10.0,5,10,1.0,7.475980347911948,0.8663164267902419,10.15836900438022,15.645590673552025
C,20,10,120,10.0,10,2,sqrt,21.232892472916024,0.8360891127634495,12.320774443656678,17.483900196725237
C,20,10,120,10.0,10,2,1.0,6.833898457995369,0.8675034537219952,10.024422601560982,15.406814207996963
C,20,10,120,10.0,10,10,sqrt,21.232892472916024,0.8360891127634495,12.320774443656678,17.483900196725237
C,20,10,120,10.0,10,10,1.0,6.833898457995369,0.8675034537219952,10.024422601560982,15.406814207996963
C,20,10,120,,1,2,sqrt,29.495506257798308,0.8128582773343496,12.556719228705498,20.310547426305256
C,20,10,120,,1,2,1.0,15.17034762588661,0.8291707983407841,11.32088743762893,18.727518030366365
C,20,10,120,,1,10,sqrt,16.990065011659592,0.8263349609930067,11.834144414165781,18.841129397129237
C,20,10,120,,1,10,1.0,12.824994429040075,0.8365925792670224,11.089505289474648,18.120031494706883
C,20,10,120,,5,2,sqrt,15.571066400287481,0.8311144186198458,11.906264147294143,18.667308342849285
C,20,10,120,,5,2,1.0,10.59147159688256,0.8426479722905311,10.78993883822795,17.39593707857807
C,20,10,120,,5,10,sqrt,15.571066400287481,0.8311144186198458,11.906264147294143,18.667308342849285
C,20,10,120,,5,10,1.0,10.59147159688256,0.8426479722905311,10.78993883822795,17.39593707857807
C,20,10,120,,10,2,sqrt,13.395078403640733,0.8413821861042579,11.522727229910808,17.82718320926305
C,20,10,120,,10,2,1.0,8.473268769103832,0.852910458099972,10.329820084024034,16.36486250235231
C,20,10,120,,10,10,sqrt,13.395078403640733,0.8413821861042579,11.522727229910808,17.82718320926305
C,20,10,120,,10,10,1.0,8.473268769103832,0.852910458099972,10.329820084024034,16.36486250235231
C,20,10,125,5.0,1,2,sqrt,49.10701286975508,0.7691309787924561,16.268719446931062,21.125396214923306
C,20,10,125,5.0,1,2,1.0,7.915056183192336,0.8489992509588842,11.831570516922868,16.473509779477126
C,20,10,125,5.0,1,10,sqrt,51.28252655312529,0.7456616964125391,17.065422224494476,21.966026481363308
C,20,10,125,5.0,1,10,1.0,7.915056183192336,0.8489992509588842,11.831570516922868,16.473509779477126
C,20,10,125,5.0,5,2,sqrt,51.25828558642338,0.7456213738350854,17.059058985022496,21.956624584231808
C,20,10,125,5.0,5,2,1.0,7.915056183192336,0.8489992509588842,11.831570516922868,16.473509779477126
C,20,10,125,5.0,5,10,sqrt,51.25828558642338,0.7456213738350854,17.059058985022496,21.956624584231808
C,20,10,125,5.0,5,10,1.0,7.915056183192336,0.8489992509588842,11.831570516922868,16.473509779477126
C,20,10,125,5.0,10,2,sqrt,49.534595140570666,0.7700228312407924,16.268526833043552,21.195695680551403
C,20,10,125,5.0,10,2,1.0,7.88222824489838,0.8491111004428864,11.820573463320356,16.448583402098286
C,20,10,125,5.0,10,10,sqrt,49.534595140570666,0.7700228312407924,16.268526833043552,21.195695680551403
C,20,10,125,5.0,10,10,1.0,7.88222824489838,0.8491111004428864,11.820573463320356,16.448583402098286
C,20,10,125,10.0,1,2,sqrt,43.57613989628631,0.8052872922792724,14.567614667794365,20.024614511500623
C,20,10,125,10.0,1,2,1.0,10.834392724682392,0.8590584192168297,11.215449117816396,17.00458086874155
C,20,10,125,10.0,1,10,sqrt,16.863653830921756,0.8236447575361426,13.280548293330563,18.28240897282248
C,20,10,125,10.0,1,10,1.0,9.979281707321915,0.8595987229261658,11.194809143232993,16.94572951158203
C,20,10,125,10.0,5,2,sqrt,48.810718087000836,0.823514474666214,13.485077596705992,18.734766122438167
C,20,10,125,10.0,5,2,1.0,9.573141582066832,0.8601228193282126,11.126371150877375,16.773683364359915
C,20,10,125,10.0,5,10,sqrt,48.810718087000836,0.823514474666214,13.485077596705992,18.734766122438167
C,20,10,125,10.0,5,10,1.0,9.573141582066832,0.8601228193282126,11.126371150877375,16.773683364359915
C,20,10,125,10.0,10,2,sqrt,14.949213789755834,0.8264658844440873,13.452186830748044,18.63852004450206
C,20,10,125,10.0,10,2,1.0,9.05166284556298,0.8618230672760193,11.0131953174668,16.543569923265032
C,20,10,125,10.0,10,10,sqrt,14.949213789755834,0.8264658844440873,13.452186830748044,18.63852004450206
C,20,10,125,10.0,10,10,1.0,9.05166284556298,0.8618230672760193,11.0131953174668,16.543569923265032
C,20,10,125,,1,2,sqrt,26.49360335593076,0.8051991234907085,14.09156722757479,21.92319617693156
C,20,10,125,,1,2,1.0,18.48991269192108,0.8238471074255245,12.637891448475768,20.237492544179826
C,20,10,125,,1,10,sqrt,34.587050647227194,0.8185642882871894,13.491688408403888,20.81361750993613
C,20,10,125,,1,10,1.0,16.092252341270832,0.8283005052908587,12.465303856174339,19.75904604989984
C,20,10,125,,5,2,sqrt,20.439595121102194,0.8244514748617068,13.213421406905429,20.017895699876966
C,20,10,125,,5,2,1.0,14.13791011932113,0.8328966094440441,12.100580137177236,18.93996198449377
C,20,10,125,,5,10,sqrt,20.439595121102194,0.8244514748617068,13.213421406905429,20.017895699876966
C,20,10,125,,5,10,1.0,14.13791011932113,0.8328966094440441,12.100580137177236,18.93996198449377
C,20,10,125,,10,2,sqrt,21.491147111688804,0.8322241449570524,12.897987800147586,19.119590772595394
C,20,10,125,,10,2,1.0,11.431602204716082,0.8461340380873654,11.529962638790888,17.839871706222574
C,20,10,125,,10,10,sqrt,21.491147111688804,0.8322241449570524,12.897987800147586,19.119590772595394
C,20,10,125,,10,10,1.0,11.431602204716082,0.8461340380873654,11.529962638790888,17.839871706222574
C,20,10,130,5.0,1,2,sqrt,60.346121804665174,0.7686104610548185,15.648747978977957,21.523932609941117
C,20,10,130,5.0,1,2,1.0,9.120483191928406,0.8490712292451071,11.281905707590957,16.65891399827415
C,20,10,130,5.0,1,10,sqrt,61.50860265229462,0.749242602181212,16.308869585966086,22.017829291859954
C,20,10,130,5.0,1,10,1.0,9.120483191928406,0.8490712292451071,11.281905707590957,16.65891399827415
C,20,10,130,5.0,5,2,sqrt,61.48567981938161,0.7491496607045491,16.307275915785198,22.01216697310889
C,20,10,130,5.0,5,2,1.0,9.120483191928406,0.8490712292451071,11.281905707590957,16.65891399827415
C,20,10,130,5.0,5,10,sqrt,61.48567981938161,0.7491496607045491,16.307275915785198,22.01216697310889
C,20,10,130,5.0,5,10,1.0,9.120483191928406,0.8490712292451071,11.281905707590957,16.65891399827415
C,20,10,130,5.0,10,2,sqrt,61.29385434190617,0.7690064933449144,15.71233913123164,21.596464109386467
C,20,10,130,5.0,10,2,1.0,9.120277273586527,0.8490556077341397,11.281057561961916,16.658073328388795
C,20,10,130,5.0,10,10,sqrt,61.29385434190617,0.7690064933449144,15.71233913123164,21.596464109386467
C,20,10,130,5.0,10,10,1.0,9.120277273586527,0.8490556077341397,11.281057561961916,16.658073328388795
C,20,10,130,10.0,1,2,sqrt,36.030495426070445,0.8234891169519303,12.886517812936479,19.130825277138417
C,20,10,130,10.0,1,2,1.0,12.869222853567667,0.854785864898821,10.94473406206669,17.529265598502654
C,20,10,130,10.0,1,10,sqrt,26.730029892018848,0.8266334683956478,12.753696749095885,18.749803198031504
C,20,10,130,10.0,1,10,1.0,12.100752508534212,0.8548802168394415,10.946383248105512,17.483356892647056
C,20,10,130,10.0,5,2,sqrt,35.39163801316216,0.8256879635690281,12.81944669117263,19.058329423958625
C,20,10,130,10.0,5,2,1.0,11.600858512655245,0.8569190595261249,10.867291159658796,17.30392022577762
C,20,10,130,10.0,5,10,sqrt,35.39163801316216,0.8256879635690281,12.81944669117263,19.058329423958625
C,20,10,130,10.0,5,10,1.0,11.600858512655245,0.8569190595261249,10.867291159658796,17.30392022577762
C,20,10,130,10.0,10,2,sqrt,13.779008738827425,0.8339456287319207,12.563896219780892,18.466088640282315
C,20,10,130,10.0,10,2,1.0,10.688599296202545,0.8576777765841284,10.85795691661308,17.13655401833916
C,20,10,130,10.0,10,10,sqrt,13.779008738827425,0.8339456287319207,12.563896219780892,18.466088640282315
C,20,10,130,10.0,10,10,1.0,10.688599296202545,0.8576777765841284,10.85795691661308,17.13655401833916
C,20,10,130,,1,2,sqrt,29.421598901783273,0.8047968524613438,14.19833382272463,21.993745978180762
C,20,10,130,,1,2,1.0,20.354247107738892,0.820683262337077,12.912442795645486,20.637116665207323
C,20,10,130,,1,10,sqrt,25.662039036292207,0.8168293538094499,13.450086359143441,20.993614904921802
C,20,10,130,,1,10,1.0,17.117350094065724,0.827070142925486,12.381612698811017,19.77413582576987
C,20,10,130,,5,2,sqrt,55.07998759730712,0.8183926600424781,13.304914195375147,20.60383772015906
C,20,10,130,,5,2,1.0,15.390657532038361,0.8330574037652438,11.971041845097915,19.072779259193304
C,20,10,130,,5,10,sqrt,55.07998759730712,0.8183926600424781,13.304914195375147,20.60383772015906
C,20,10,130,,5,10,1.0,15.390657532038361,0.8330574037652438,11.971041845097915,19.072779259193304
C,20,10,130,,10,2,sqrt,20.888120127416684,0.8205831876143946,13.183440605392708,19.887858951169374
C,20,10,130,,10,2,1.0,13.298589571108323,0.8403408796003259,11.692507384946264,18.364304738408155
C,20,10,130,,10,10,sqrt,20.888120127416684,0.8205831876143946,13.183440605392708,19.887858951169374
C,20,10,130,,10,10,1.0,13.298589571108323,0.8403408796003259,11.692507384946264,18.364304738408155
C,20,15,115,5.0,1,2,sqrt,17.420050062141364,0.7381821589280977,14.73929436313841,19.11963123188972
C,20,15,115,5.0,1,2,1.0,5.1347589448310895,0.8586873820005545,9.82229320891866,14.114792054420949
C,20,15,115,5.0,1,10,sqrt,17.9626345676472,0.7446994941028595,14.683255144422896,19.069650878706874
C,20,15,115,5.0,1,10,1.0,5.1347589448310895,0.8586873820005545,9.82229320891866,14.114792054420949
C,20,15,115,5.0,5,2,sqrt,17.974706825008873,0.7449132007364493,14.682912589242699,19.066320176575495
C,20,15,115,5.0,5,2,1.0,5.1361576812398,0.8586467798866636,9.823222255358363,14.11768186070826
C,20,15,115,5.0,5,10,sqrt,17.974706825008873,0.7449132007364493,14.682912589242699,19.066320176575495
C,20,15,115,5.0,5,10,1.0,5.1361576812398,0.8586467798866636,9.823222255358363,14.11768186070826
C,20,15,115,5.0,10,2,sqrt,18.873033763360002,0.7434509388545487,14.687235053362537,19.107321277257387
C,20,15,115,5.0,10,2,1.0,5.11064603813056,0.8585897308880239,9.823003798447427,14.108641569861684
C,20,15,115,5.0,10,10,sqrt,18.873033763360002,0.7434509388545487,14.687235053362537,19.107321277257387
C,20,15,115,5.0,10,10,1.0,5.11064603813056,0.8585897308880239,9.823003798447427,14.108641569861684
C,20,15,115,10.0,1,2,sqrt,13.862643809234754,0.8033735013032306,12.5526177963884,17.42646887192054
C,20,15,115,10.0,1,2,1.0,7.4742441937382695,0.8684614470264631,9.363392768249664,14.926828894262153
C,20,15,115,10.0,1,10,sqrt,10.687336055079381,0.830954824514707,12.159184008858137,17.322759915102377
C,20,15,115,10.0,1,10,1.0,6.687224144716062,0.870271862296186,9.320696141349023,14.822828962484888
C,20,15,115,10.0,5,2,sqrt,14.539128697738974,0.7885130310413769,13.301299702862147,18.296640921140174
C,20,15,115,10.0,5,2,1.0,6.486494821729856,0.8709147616848764,9.309394526637906,14.793682612180797
C,20,15,115,10.0,5,10,sqrt,14.539128697738974,0.7885130310413769,13.301299702862147,18.296640921140174
C,20,15,115,10.0,5,10,1.0,6.486494821729856,0.8709147616848764,9.309394526637906,14.793682612180797
C,20,15,115,10.0,10,2,sqrt,10.602635861568542,0.8284785748875464,12.24322496115885,17.371856554095395
C,20,15,115,10.0,10,2,1.0,6.025376497052504,0.8724378242494677,9.242910809429883,14.665877932326373
C,20,15,115,10.0,10,10,sqrt,10.602635861568542,0.8284785748875464,12.24322496115885,17.371856554095395
C,20,15,115,10.0,10,10,1.0,6.025376497052504,0.8724378242494677,9.242910809429883,14.665877932326373
C,20,15,115,,1,2,sqrt,25.63228647424529,0.8057979422732698,12.347232493223771,20.06735586520831
C,20,15,115,,1,2,1.0,11.217820775225084,0.8318611477888049,10.242826490560322,17.41501038497779
C,20,15,115,,1,10,sqrt,27.143668023782453,0.8101269444662741,12.414860761755033,19.523045731137756
C,20,15,115,,1,10,1.0,9.902143437080323,0.8384341443455927,10.073470374204167,16.984790436736212
C,20,15,115,,5,2,sqrt,18.36246079903257,0.8230225477082678,11.673400434358356,18.2294660139355
C,20,15,115,,5,2,1.0,8.636396606259733,0.8461452312169294,9.871948267177633,16.405559198702058
C,20,15,115,,5,10,sqrt,18.36246079903257,0.8230225477082678,11.673400434358356,18.2294660139355
C,20,15,115,,5,10,1.0,8.636396606259733,0.8461452312169294,9.871948267177633,16.405559198702058
C,20,15,115,,10,2,sqrt,13.24584217040316,0.8262927107849652,11.713912552485487,17.93334488339287
C,20,15,115,,10,2,1.0,7.189559737187599,0.8553541870466554,9.469222765179293,15.56292821679158
C,20,15,115,,10,10,sqrt,13.24584217040316,0.8262927107849652,11.713912552485487,17.93334488339287
C,20,15,115,,10,10,1.0,7.189559737187599,0.8553541870466554,9.469222765179293,15.56292821679158
C,20,15,120,5.0,1,2,sqrt,21.580352697310616,0.74426665953433,15.765324056383179,20.102201521781524
C,20,15,120,5.0,1,2,1.0,6.420719043607667,0.8542201909479445,10.815525304885178,15.272763028618254
C,20,15,120,5.0,1,10,sqrt,24.697918551771632,0.7252350757336603,16.516925978988404,21.04574904672991
C,20,15,120,5.0,1,10,1.0,6.420719043607667,0.8542201909479445,10.815525304885178,15.272763028618254
C,20,15,120,5.0,5,2,sqrt,24.59388644848161,0.725513542728908,16.48357462670281,20.98521488275636
C,20,15,120,5.0,5,2,1.0,6.420719043607667,0.8542201909479445,10.815525304885178,15.272763028618254
C,20,15,120,5.0,5,10,sqrt,24.59388644848161,0.725513542728908,16.48357462670281,20.98521488275636
C,20,15,120,5.0,5,10,1.0,6.420719043607667,0.8542201909479445,10.815525304885178,15.272763028618254
C,20,15,120,5.0,10,2,sqrt,22.093820408740285,0.7511580248132081,15.387236602000348,19.899868970481872
C,20,15,120,5.0,10,2,1.0,6.393029879004539,0.854344335399355,10.8045761278156,15.24683629197801
C,20,15,120,5.0,10,10,sqrt,22.093820408740285,0.7511580248132081,15.387236602000348,19.899868970481872
C,20,15,120,5.0,10,10,1.0,6.393029879004539,0.854344335399355,10.8045761278156,15.24683629197801
C,20,15,120,10.0,1,2,sqrt,24.538479199617303,0.8107084407076497,13.499973707743115,18.799033395426207
C,20,15,120,10.0,1,2,1.0,9.234155099398688,0.8623363369056465,10.342220312376444,16.088791868023716
C,20,15,120,10.0,1,10,sqrt,15.089152487813507,0.8016865191024676,13.490513539809891,18.53379327733301
C,20,15,120,10.0,1,10,1.0,9.041811051847608,0.8645774251726059,10.2881260727184,15.960743318316414
C,20,15,120,10.0,5,2,sqrt,12.265521938357452,0.8236050985806942,12.728808820610613,17.68917750022621
C,20,15,120,10.0,5,2,1.0,7.639070368902009,0.8663190694151204,10.130944531924818,15.671238123901611
C,20,15,120,10.0,5,10,sqrt,12.265521938357452,0.8236050985806942,12.728808820610613,17.68917750022621
C,20,15,120,10.0,5,10,1.0,7.639070368902009,0.8663190694151204,10.130944531924818,15.671238123901611
C,20,15,120,10.0,10,2,sqrt,13.48538229907361,0.8201318992231428,13.343585178992026,18.5965615179104
C,20,15,120,10.0,10,2,1.0,7.354601362035147,0.8664741918167508,10.05549635220243,15.483638890937314
C,20,15,120,10.0,10,10,sqrt,13.48538229907361,0.8201318992231428,13.343585178992026,18.5965615179104
C,20,15,120,10.0,10,10,1.0,7.354601362035147,0.8664741918167508,10.05549635220243,15.483638890937314
C,20,15,120,,1,2,sqrt,28.40978447410299,0.806562173797205,13.56406832666475,21.38775733181243
C,20,15,120,,1,2,1.0,15.023840753357248,0.8288666022853362,11.260605751776904,18.699899899724176
C,20,15,120,,1,10,sqrt,22.930125302642068,0.8152875646130859,12.993957455109472,20.21222507595482
C,20,15,120,,1,10,1.0,13.11202998229904,0.8351450637293372,11.206659058689663,18.3001161994364
C,20,15,120,,5,2,sqrt,17.74309928626967,0.8168493064477401,12.743193678322566,19.71117390860275
C,20,15,120,,5,2,1.0,10.948690305906098,0.8399586280576378,10.940788677076217,17.69946609110797
C,20,15,120,,5,10,sqrt,17.74309928626967,0.8168493064477401,12.743193678322566,19.71117390860275
C,20,15,120,,5,10,1.0,10.948690305906098,0.8399586280576378,10.940788677076217,17.69946609110797
C,20,15,120,,10,2,sqrt,13.539792791879236,0.823737043394258,12.784335481484913,18.973494769339883
C,20,15,120,,10,2,1.0,9.05397858804369,0.8485037804227185,10.522515905321374,16.667113845581856
C,20,15,120,,10,10,sqrt,13.539792791879236,0.823737043394258,12.784335481484913,18.973494769339883
C,20,15,120,,10,10,1.0,9.05397858804369,0.8485037804227185,10.522515905321374,16.667113845581856
C,20,15,125,5.0,1,2,sqrt,29.552989254117744,0.733143583446352,17.211512535502617,21.625770689447922
C,20,15,125,5.0,1,2,1.0,7.915802927593712,0.8489254360656547,11.845607394111873,16.48099246407388
C,20,15,125,5.0,1,10,sqrt,29.78638352774683,0.7302783456789198,17.42374291409009,21.96970428588616
C,20,15,125,5.0,1,10,1.0,7.915802927593712,0.8489254360656547,11.845607394111873,16.48099246407388
C,20,15,125,5.0,5,2,sqrt,29.670358349111304,0.7305029509094594,17.39054439517081,21.91180621145479
C,20,15,125,5.0,5,2,1.0,7.915802927593712,0.8489254360656547,11.845607394111873,16.48099246407388
C,20,15,125,5.0,5,10,sqrt,29.670358349111304,0.7305029509094594,17.39054439517081,21.91180621145479
C,20,15,125,5.0,5,10,1.0,7.915802927593712,0.8489254360656547,11.845607394111873,16.48099246407388
C,20,15,125,5.0,10,2,sqrt,31.496192088222905,0.7366709509736292,17.06663270609255,21.73739470862488
C,20,15,125,5.0,10,2,1.0,7.882974989299757,0.8490372855496571,11.83461034050936,16.45612503694877
C,20,15,125,5.0,10,10,sqrt,31.496192088222905,0.7366709509736292,17.06663270609255,21.73739470862488
C,20,15,125,5.0,10,10,1.0,7.882974989299757,0.8490372855496571,11.83461034050936,16.45612503694877
C,20,15,125,10.0,1,2,sqrt,22.802697357855525,0.7955059383281655,15.334292965371262,20.569903827252126
C,20,15,125,10.0,1,2,1.0,11.858389969419223,0.8565724304705025,11.225669191440282,17.118791739111607
C,20,15,125,10.0,1,10,sqrt,23.587482481334234,0.778128186126295,15.392008891731086,20.59429648614202
C,20,15,125,10.0,1,10,1.0,11.544698029851423,0.8568475404687612,11.20973378658347,17.078102965173997
C,20,15,125,10.0,5,2,sqrt,21.109840750342304,0.8048819384757593,14.551486391080436,19.880755714305103
C,20,15,125,10.0,5,2,1.0,9.872256169892104,0.8603091775163783,11.09570644009031,16.786086707440738
C,20,15,125,10.0,5,10,sqrt,21.109840750342304,0.8048819384757593,14.551486391080436,19.880755714305103
C,20,15,125,10.0,5,10,1.0,9.872256169892104,0.8603091775163783,11.09570644009031,16.786086707440738
C,20,15,125,10.0,10,2,sqrt,14.832884098968984,0.8172152396793603,14.361628450372592,19.55157300736727
C,20,15,125,10.0,10,2,1.0,9.994887383197101,0.8607218303312953,11.046377309374098,16.684971429221115
C,20,15,125,10.0,10,10,sqrt,14.832884098968984,0.8172152396793603,14.361628450372592,19.55157300736727
C,20,15,125,10.0,10,10,1.0,9.994887383197101,0.8607218303312953,11.046377309374098,16.684971429221115
C,20,15,125,,1,2,sqrt,31.23655046625501,0.7987122087690077,15.063228542024518,23.031294002240806
C,20,15,125,,1,2,1.0,19.90717558074027,0.8238076301490034,12.593180603625068,20.30524611113656
C,20,15,125,,1,10,sqrt,26.58783470200849,0.8143756837265951,14.284908220334874,21.5720740932717
C,20,15,125,,1,10,1.0,16.40527764651843,0.8302594454975788,12.200966233722802,19.591855180929073
C,20,15,125,,5,2,sqrt,25.656369843667182,0.8131522755858389,14.203200492420468,21.239371788753395
C,20,15,125,,5,2,1.0,14.299531235916387,0.8349883530203728,11.987638395993375,18.92709078532288
C,20,15,125,,5,10,sqrt,25.656369843667182,0.8131522755858389,14.203200492420468,21.239371788753395
C,20,15,125,,5,10,1.0,14.299531235916387,0.8349883530203728,11.987638395993375,18.92709078532288
C,20,15,125,,10,2,sqrt,20.27910111480167,0.8191920977979377,13.83109471758326,20.42723382864578
C,20,15,125,,10,2,1.0,12.206944502839201,0.8448689702319315,11.568041412548093,17.983141658146828
C,20,15,125,,10,10,sqrt,20.27910111480167,0.8191920977979377,13.83109471758326,20.42723382864578
C,20,15,125,,10,10,1.0,12.206944502839201,0.8448689702319315,11.568041412548093,17.983141658146828
C,20,15,130,5.0,1,2,sqrt,36.719677424265385,0.7350986408781941,16.565170125773108,21.736078432118283
C,20,15,130,5.0,1,2,1.0,9.135157430669159,0.8489239831382488,11.30310006526115,16.677169290118393
C,20,15,130,5.0,1,10,sqrt,35.38688463776502,0.7369299272122128,16.415956331028717,21.688308590946445
C,20,15,130,5.0,1,10,1.0,9.135157430669159,0.8489239831382488,11.30310006526115,16.677169290118393
C,20,15,130,5.0,5,2,sqrt,35.3107163758447,0.73721779535367,16.374738826592115,21.630368035765436
C,20,15,130,5.0,5,2,1.0,9.135157430669159,0.8489239831382488,11.30310006526115,16.677169290118393
C,20,15,130,5.0,5,10,sqrt,35.3107163758447,0.73721779535367,16.374738826592115,21.630368035765436
C,20,15,130,5.0,5,10,1.0,9.135157430669159,0.8489239831382488,11.30310006526115,16.677169290118393
C,20,15,130,5.0,10,2,sqrt,41.574690922955675,0.7309455770359419,16.87799178264725,22.381709588578016
C,20,15,130,5.0,10,2,1.0,9.139701673486432,0.8489068833480411,11.305547516830803,16.678271318956227
C,20,15,130,5.0,10,10,sqrt,41.574690922955675,0.7309455770359419,16.87799178264725,22.381709588578016
C,20,15,130,5.0,10,10,1.0,9.139701673486432,0.8489068833480411,11.305547516830803,16.678271318956227
C,20,15,130,10.0,1,2,sqrt,34.16591349482044,0.7974066572637666,14.245036413187844,20.550622717781796
C,20,15,130,10.0,1,2,1.0,11.973556265132682,0.8556259715185954,10.819951453456813,17.234722741159153
C,20,15,130,10.0,1,10,sqrt,23.99396328773298,0.801075034521307,14.521496552047825,20.635049412565202
C,20,15,130,10.0,1,10,1.0,11.735257367481044,0.8561707452901672,10.816783477337001,17.220394322584713
C,20,15,130,10.0,5,2,sqrt,21.78042501237684,0.8067777627147562,14.310826449683228,20.556850335171283
C,20,15,130,10.0,5,2,1.0,10.635247551003207,0.8577616594263475,10.7656938389878,17.049257520700063
C,20,15,130,10.0,5,10,sqrt,21.78042501237684,0.8067777627147562,14.310826449683228,20.556850335171283
C,20,15,130,10.0,5,10,1.0,10.635247551003207,0.8577616594263475,10.7656938389878,17.049257520700063
C,20,15,130,10.0,10,2,sqrt,22.83652106717654,0.8180231485876194,13.791739330012629,20.13872013223367
C,20,15,130,10.0,10,2,1.0,11.036040739912007,0.8586736577400803,10.74702274791515,17.021590968713454
C,20,15,130,10.0,10,10,sqrt,22.83652106717654,0.8180231485876194,13.791739330012629,20.13872013223367
C,20,15,130,10.0,10,10,1.0,11.036040739912007,0.8586736577400803,10.74702274791515,17.021590968713454
C,20,15,130,,1,2,sqrt,33.29632647509804,0.795943883713897,15.025856958082793,23.006142100451658
C,20,15,130,,1,2,1.0,19.96740375206923,0.8240577436052818,12.56293095365918,20.223959074519655
C,20,15,130,,1,10,sqrt,34.57809217420603,0.8004617255825913,14.788182144474643,22.554717096807238
C,20,15,130,,1,10,1.0,17.945405181282414,0.8296505769065441,12.274354025281598,19.67685892790627
C,20,15,130,,5,2,sqrt,27.666414873787936,0.8039661524336597,14.517785456266708,21.863683452340187
C,20,15,130,,5,2,1.0,14.397498701892193,0.8356083273474889,11.752499582639858,18.739630625517123
C,20,15,130,,5,10,sqrt,27.666414873787936,0.8039661524336597,14.517785456266708,21.863683452340187
C,20,15,130,,5,10,1.0,14.397498701892193,0.8356083273474889,11.752499582639858,18.739630625517123
C,20,15,130,,10,2,sqrt,27.68934445998201,0.8126008586068304,14.056425895090758,21.13541075389314
C,20,15,130,,10,2,1.0,13.923499190085513,0.8402956424540642,11.507634652265452,18.219321499310176
C,20,15,130,,10,10,sqrt,27.68934445998201,0.8126008586068304,14.056425895090758,21.13541075389314
C,20,15,130,,10,10,1.0,13.923499190085513,0.8402956424540642,11.507634652265452,18.219321499310176
C,20,20,115,5.0,1,2,sqrt,220.06442400247815,0.5998204735398188,25.273252945520206,31.001323197782984
C,20,20,115,5.0,1,2,1.0,5.1347589448310895,0.8586873820005545,9.82229320891866,14.114792054420949
C,20,20,115,5.0,1,10,sqrt,222.14594915802255,0.5994586060416784,25.325906251197907,31.0663102865868
C,20,20,115,5.0,1,10,1.0,5.1347589448310895,0.8586873820005545,9.82229320891866,14.114792054420949
C,20,20,115,5.0,5,2,sqrt,220.02824549080395,0.59959497402116,25.348712654518504,31.060879573515003
C,20,20,115,5.0,5,2,1.0,5.1361576812398,0.8586467798866636,9.823222255358363,14.11768186070826
C,20,20,115,5.0,5,10,sqrt,220.02824549080395,0.59959497402116,25.348712654518504,31.060879573515003
C,20,20,115,5.0,5,10,1.0,5.1361576812398,0.8586467798866636,9.823222255358363,14.11768186070826
C,20,20,115,5.0,10,2,sqrt,221.39060235809265,0.5952981154217508,25.495195607402003,31.195508118414967
C,20,20,115,5.0,10,2,1.0,5.11064603813056,0.8585897308880239,9.823003798447427,14.108641569861684
C,20,20,115,5.0,10,10,sqrt,221.39060235809265,0.5952981154217508,25.495195607402003,31.195508118414967
C,20,20,115,5.0,10,10,1.0,5.11064603813056,0.8585897308880239,9.823003798447427,14.108641569861684
C,20,20,115,10.0,1,2,sqrt,79.83408009246804,0.7372269819779259,16.760315993106527,22.383732875215195
C,20,20,115,10.0,1,2,1.0,6.951893385535792,0.8662170334299066,9.469577320959344,15.049358138681034
C,20,20,115,10.0,1,10,sqrt,121.44622170386951,0.7201540403465094,17.976444850858595,24.238892988166405
C,20,20,115,10.0,1,10,1.0,6.793316118473046,0.868278080204879,9.466598977577313,15.032922169714487
C,20,20,115,10.0,5,2,sqrt,36.08810187709226,0.7565104766009284,15.020071755596268,20.358846755650745
C,20,20,115,10.0,5,2,1.0,6.540394623410239,0.8706808559560255,9.37266834765441,14.862113236125504
C,20,20,115,10.0,5,10,sqrt,36.08810187709226,0.7565104766009284,15.020071755596268,20.358846755650745
C,20,20,115,10.0,5,10,1.0,6.540394623410239,0.8706808559560255,9.37266834765441,14.862113236125504
C,20,20,115,10.0,10,2,sqrt,48.998567939398406,0.7794351511314922,14.328126220459776,19.900476316132615
C,20,20,115,10.0,10,2,1.0,6.107664043246717,0.8723059107738326,9.297503998284261,14.74268501753419
C,20,20,115,10.0,10,10,sqrt,48.998567939398406,0.7794351511314922,14.328126220459776,19.900476316132615
C,20,20,115,10.0,10,10,1.0,6.107664043246717,0.8723059107738326,9.297503998284261,14.74268501753419
C,20,20,115,,1,2,sqrt,76.99881102219186,0.7882291050542254,13.847851586062182,22.326708354531462
C,20,20,115,,1,2,1.0,10.781960777332987,0.8258461109308565,10.553641952586526,17.66860268214371
C,20,20,115,,1,10,sqrt,51.950406022534125,0.7998641850637804,13.388963000518121,21.299489859959415
C,20,20,115,,1,10,1.0,9.38453371296384,0.834755745107778,10.316332853766921,17.12536218521589
C,20,20,115,,5,2,sqrt,23.62792033771413,0.809797657739978,12.781484411619443,19.957096187413637
C,20,20,115,,5,2,1.0,8.609825735621351,0.8417342924341351,10.027713503919305,16.544000021989024
C,20,20,115,,5,10,sqrt,23.62792033771413,0.809797657739978,12.781484411619443,19.957096187413637
C,20,20,115,,5,10,1.0,8.609825735621351,0.8417342924341351,10.027713503919305,16.544000021989024
C,20,20,115,,10,2,sqrt,45.78106964526172,0.8139108527191482,13.332144753334736,20.32921133470409
C,20,20,115,,10,2,1.0,7.534333533437023,0.8519413474887164,9.707122131367681,15.8201215743801
C,20,20,115,,10,10,sqrt,45.78106964526172,0.8139108527191482,13.332144753334736,20.32921133470409
C,20,20,115,,10,10,1.0,7.534333533437023,0.8519413474887164,9.707122131367681,15.8201215743801
C,20,20,120,5.0,1,2,sqrt,283.97684572780594,0.5963981824726272,26.86298740280837,32.69342393662514
C,20,20,120,5.0,1,2,1.0,6.421025140507081,0.8542172890852111,10.817207963440056,15.273721946133415
C,20,20,120,5.0,1,10,sqrt,287.39948770759645,0.5958669466103882,26.915796759405435,32.75776968854772
C,20,20,120,5.0,1,10,1.0,6.421025140507081,0.8542172890852111,10.817207963440056,15.273721946133415
C,20,20,120,5.0,5,2,sqrt,283.93126825039667,0.5961794349042276,26.92338460397291,32.745322945317504
C,20,20,120,5.0,5,2,1.0,6.421021037739491,0.8542172890852111,10.81719490544063,15.273718690781653
C,20,20,120,5.0,5,10,sqrt,283.93126825039667,0.5961794349042276,26.92338460397291,32.745322945317504
C,20,20,120,5.0,5,10,1.0,6.421021037739491,0.8542172890852111,10.81719490544063,15.273718690781653
C,20,20,120,5.0,10,2,sqrt,285.2452059142928,0.5922064089121013,27.0680899531222,32.86211828289571
C,20,20,120,5.0,10,2,1.0,6.393029879004539,0.854344335399355,10.8045761278156,15.24683629197801
C,20,20,120,5.0,10,10,sqrt,285.2452059142928,0.5922064089121013,27.0680899531222,32.86211828289571
C,20,20,120,5.0,10,10,1.0,6.393029879004539,0.854344335399355,10.8045761278156,15.24683629197801
C,20,20,120,10.0,1,2,sqrt,115.24262272877647,0.7222214811054556,18.523138467236386,24.33646210691762
C,20,20,120,10.0,1,2,1.0,9.436130171926331,0.8598025631308499,10.440673128990474,16.198059149758137
C,20,20,120,10.0,1,10,sqrt,173.3618017632315,0.7085900955324893,19.324650754792607,25.66998090210289
C,20,20,120,10.0,1,10,1.0,9.31046951724999,0.8608648225236953,10.433173424204899,16.132242239069917
C,20,20,120,10.0,5,2,sqrt,24.29562778933589,0.7822107135231844,14.763374220978744,20.15095937259652
C,20,20,120,10.0,5,2,1.0,7.583200719106254,0.8633822085228158,10.238034320198626,15.781859935914014
C,20,20,120,10.0,5,10,sqrt,24.29562778933589,0.7822107135231844,14.763374220978744,20.15095937259652
C,20,20,120,10.0,5,10,1.0,7.583200719106254,0.8633822085228158,10.238034320198626,15.781859935914014
C,20,20,120,10.0,10,2,sqrt,96.99299532508921,0.769505556828919,16.120522915066637,21.86796672910394
C,20,20,120,10.0,10,2,1.0,7.386522199253433,0.8646312611221532,10.173641433345622,15.60366570168767
C,20,20,120,10.0,10,10,sqrt,96.99299532508921,0.769505556828919,16.120522915066637,21.86796672910394
C,20,20,120,10.0,10,10,1.0,7.386522199253433,0.8646312611221532,10.173641433345622,15.60366570168767
C,20,20,120,,1,2,sqrt,125.25663777860927,0.7769322727838144,15.790869316450081,24.63894227623087
C,20,20,120,,1,2,1.0,14.985112912137373,0.8257742052239321,11.632912789095155,19.015153266578857
C,20,20,120,,1,10,sqrt,107.99001031828342,0.7911195677297088,15.043004527599484,23.356633765345588
C,20,20,120,,1,10,1.0,14.259112730800814,0.830076793863576,11.542137368685095,18.637457318215134
C,20,20,120,,5,2,sqrt,46.20177801178899,0.8023224796957674,14.291597003026544,21.76172105031075
C,20,20,120,,5,2,1.0,11.10555640417858,0.8370855978547287,11.106066929111844,17.802259722870794
C,20,20,120,,5,10,sqrt,46.20177801178899,0.8023224796957674,14.291597003026544,21.76172105031075
C,20,20,120,,5,10,1.0,11.10555640417858,0.8370855978547287,11.106066929111844,17.802259722870794
C,20,20,120,,10,2,sqrt,54.80124325471387,0.7960357743718613,15.0320864153741,22.07926067455852
C,20,20,120,,10,2,1.0,9.029090390681596,0.845344715526975,10.648266361640166,16.78100491392174
C,20,20,120,,10,10,sqrt,54.80124325471387,0.7960357743718613,15.0320864153741,22.07926067455852
C,20,20,120,,10,10,1.0,9.029090390681596,0.845344715526975,10.648266361640166,16.78100491392174
C,20,20,125,5.0,1,2,sqrt,355.1059231137902,0.5940483250040723,28.301720041103927,34.2407422382571
C,20,20,125,5.0,1,2,1.0,7.915802927593712,0.8489254360656547,11.845607394111873,16.48099246407388
C,20,20,125,5.0,1,10,sqrt,360.6230627291981,0.593888487453501,28.280150760636353,34.249960885775614
C,20,20,125,5.0,1,10,1.0,7.915802927593712,0.8489254360656547,11.845607394111873,16.48099246407388
C,20,20,125,5.0,5,2,sqrt,354.9383776383289,0.594034695014406,28.286962556403342,34.2366948353277
C,20,20,125,5.0,5,2,1.0,7.915802927593712,0.8489254360656547,11.845607394111873,16.48099246407388
C,20,20,125,5.0,5,10,sqrt,354.9383776383289,0.594034695014406,28.286962556403342,34.2366948353277
C,20,20,125,5.0,5,10,1.0,7.915802927593712,0.8489254360656547,11.845607394111873,16.48099246407388
C,20,20,125,5.0,10,2,sqrt,356.71551092240554,0.5902007648656188,28.39294910220665,34.315314053922386
C,20,20,125,5.0,10,2,1.0,7.882974989299757,0.8490372855496571,11.83461034050936,16.45612503694877
C,20,20,125,5.0,10,10,sqrt,356.71551092240554,0.5902007648656188,28.39294910220665,34.315314053922386
C,20,20,125,5.0,10,10,1.0,7.882974989299757,0.8490372855496571,11.83461034050936,16.45612503694877
C,20,20,125,10.0,1,2,sqrt,146.43225893350254,0.7271251616758955,19.685838973436166,25.90876760031073
C,20,20,125,10.0,1,2,1.0,12.43637759430322,0.8554984771261012,11.384006930595762,17.335592805292855
C,20,20,125,10.0,1,10,sqrt,213.11643488782374,0.6875860822250027,21.90836244745819,28.24129578010112
C,20,20,125,10.0,1,10,1.0,11.243709992508036,0.8565199695916157,11.369014433799196,17.237215832670763
C,20,20,125,10.0,5,2,sqrt,92.97409782584232,0.7456751588698538,18.462448543520324,24.16031353282644
C,20,20,125,10.0,5,2,1.0,10.79365058631139,0.8558382694362991,11.329205904266804,17.117769739246576
C,20,20,125,10.0,5,10,sqrt,92.97409782584232,0.7456751588698538,18.462448543520324,24.16031353282644
C,20,20,125,10.0,5,10,1.0,10.79365058631139,0.8558382694362991,11.329205904266804,17.117769739246576
C,20,20,125,10.0,10,2,sqrt,136.84362858664312,0.737203709128378,18.799268621532455,24.50741414422302
C,20,20,125,10.0,10,2,1.0,10.407867755106473,0.8587621183167471,11.230000292116856,16.93544945435898
C,20,20,125,10.0,10,10,sqrt,136.84362858664312,0.737203709128378,18.799268621532455,24.50741414422302
C,20,20,125,10.0,10,10,1.0,10.407867755106473,0.8587621183167471,11.230000292116856,16.93544945435898
C,20,20,125,,1,2,sqrt,96.69017394618581,0.7848327350247966,16.026758041123763,24.458434230649253
C,20,20,125,,1,2,1.0,20.12742040829162,0.8185988221243872,12.832333754633387,20.497165704678515
C,20,20,125,,1,10,sqrt,117.4026496643914,0.7811973002610942,16.7677916034528,25.297912869133324
C,20,20,125,,1,10,1.0,16.861378180684852,0.8241368741754819,12.61472968339955,19.974279535788213
C,20,20,125,,5,2,sqrt,80.24871494536725,0.791272984931437,16.019567808015797,23.763656458892406
C,20,20,125,,5,2,1.0,15.12560380338565,0.8311139630507034,12.263120206930605,19.203706749258302
C,20,20,125,,5,10,sqrt,80.24871494536725,0.791272984931437,16.019567808015797,23.763656458892406
C,20,20,125,,5,10,1.0,15.12560380338565,0.8311139630507034,12.263120206930605,19.203706749258302
C,20,20,125,,10,2,sqrt,43.51290518217753,0.7991313601028909,15.587254938591718,22.61974968684951
C,20,20,125,,10,2,1.0,13.2547165468701,0.8402705164703865,11.871445082617228,18.387813725609
C,20,20,125,,10,10,sqrt,43.51290518217753,0.7991313601028909,15.587254938591718,22.61974968684951
C,20,20,125,,10,10,1.0,13.2547165468701,0.8402705164703865,11.871445082617228,18.387813725609
C,20,20,130,5.0,1,2,sqrt,402.9655607197454,0.6034217537252248,27.306632587781756,33.6439781274935
C,20,20,130,5.0,1,2,1.0,9.135157430669159,0.8489239831382488,11.30310006526115,16.677169290118393
C,20,20,130,5.0,1,10,sqrt,408.49299709415266,0.6030942937226907,27.32983301787694,33.67971886082251
C,20,20,130,5.0,1,10,1.0,9.135157430669159,0.8489239831382488,11.30310006526115,16.677169290118393
C,20,20,130,5.0,5,2,sqrt,402.78917070840504,0.6032415032772495,27.33541178981352,33.67119834967556
C,20,20,130,5.0,5,2,1.0,9.135157430669159,0.8489239831382488,11.30310006526115,16.677169290118393
C,20,20,130,5.0,5,10,sqrt,402.78917070840504,0.6032415032772495,27.33541178981352,33.67119834967556
C,20,20,130,5.0,5,10,1.0,9.135157430669159,0.8489239831382488,11.30310006526115,16.677169290118393
C,20,20,130,5.0,10,2,sqrt,338.8992221234245,0.6358321812841614,25.131949643470925,31.5582444016743
C,20,20,130,5.0,10,2,1.0,9.139701673486432,0.8489068833480411,11.305547516830803,16.678271318956227
C,20,20,130,5.0,10,10,sqrt,338.8992221234245,0.6358321812841614,25.131949643470925,31.5582444016743
C,20,20,130,5.0,10,10,1.0,9.139701673486432,0.8489068833480411,11.305547516830803,16.678271318956227
C,20,20,130,10.0,1,2,sqrt,167.63364188431717,0.7473817858738917,17.784258351449306,24.421941386080537
C,20,20,130,10.0,1,2,1.0,12.810773238087464,0.8540425164798833,10.915454739020804,17.380491440378837
C,20,20,130,10.0,1,10,sqrt,207.47811279664847,0.7257313929593663,19.112981000422838,26.019147269431414
C,20,20,130,10.0,1,10,1.0,12.953431230095564,0.8542443932001712,10.918612342108448,17.367158454040894
C,20,20,130,10.0,5,2,sqrt,140.98108025068984,0.7405138377303923,18.25539829776706,24.903024319648
C,20,20,130,10.0,5,2,1.0,11.847678248526279,0.854816140775575,10.876668398362543,17.256453036749356
C,20,20,130,10.0,5,10,sqrt,140.98108025068984,0.7405138377303923,18.25539829776706,24.903024319648
C,20,20,130,10.0,5,10,1.0,11.847678248526279,0.854816140775575,10.876668398362543,17.256453036749356
C,20,20,130,10.0,10,2,sqrt,148.3444684099025,0.7537248940914435,17.41883535922948,24.11866238104485
C,20,20,130,10.0,10,2,1.0,11.223404650048113,0.8556486432566037,10.905648512668604,17.26636029865631
C,20,20,130,10.0,10,10,sqrt,148.3444684099025,0.7537248940914435,17.41883535922948,24.11866238104485
C,20,20,130,10.0,10,10,1.0,11.223404650048113,0.8556486432566037,10.905648512668604,17.26636029865631
C,20,20,130,,1,2,sqrt,120.15702982484936,0.778014238826042,16.302511168696263,25.0031676031566
C,20,20,130,,1,2,1.0,20.437857517375114,0.8202389153331575,12.699090013826245,20.192143222984818
C,20,20,130,,1,10,sqrt,86.18237929396348,0.7849721227151258,16.093484937267856,24.60702987892336
C,20,20,130,,1,10,1.0,20.04507089546791,0.8245277648807866,12.378940874769693,19.665683070456872
C,20,20,130,,5,2,sqrt,79.9178244152309,0.7960760939359212,15.372584682212779,23.23415386301361
C,20,20,130,,5,2,1.0,15.162499707724189,0.8297428975910103,12.107605929755943,19.0851372084062
C,20,20,130,,5,10,sqrt,79.9178244152309,0.7960760939359212,15.372584682212779,23.23415386301361
C,20,20,130,,5,10,1.0,15.162499707724189,0.8297428975910103,12.107605929755943,19.0851372084062
C,20,20,130,,10,2,sqrt,128.0396907624176,0.794696994618112,15.629429895066878,23.401060354463404
C,20,20,130,,10,2,1.0,13.65404436330033,0.8344089511918227,11.777042178286575,18.51737541442433
C,20,20,130,,10,10,sqrt,128.0396907624176,0.794696994618112,15.629429895066878,23.401060354463404
C,20,20,130,,10,10,1.0,13.65404436330033,0.8344089511918227,11.777042178286575,18.51737541442433
C,25,10,115,5.0,1,2,sqrt,8.868912081385972,0.7944665633179138,12.80501406135304,16.943761614307192
C,25,10,115,5.0,1,2,1.0,4.691672452756356,0.8543744277687315,9.670336555413568,13.65936786300603
C,25,10,115,5.0,1,10,sqrt,9.338163757318176,0.7955809719899112,12.761440107677888,17.024472738837694
C,25,10,115,5.0,1,10,1.0,4.691672452756356,0.8543744277687315,9.670336555413568,13.65936786300603
C,25,10,115,5.0,5,2,sqrt,9.317018381334552,0.7957143051847966,12.759843245712695,17.020782201726618
C,25,10,115,5.0,5,2,1.0,4.691672452756356,0.8543744277687315,9.670336555413568,13.65936786300603
C,25,10,115,5.0,5,10,sqrt,9.317018381334552,0.7957143051847966,12.759843245712695,17.020782201726618
C,25,10,115,5.0,5,10,1.0,4.691672452756356,0.8543744277687315,9.670336555413568,13.65936786300603
C,25,10,115,5.0,10,2,sqrt,8.967979625941913,0.807714779305172,12.30189050017182,16.597441292792404
C,25,10,115,5.0,10,2,1.0,4.691672452756356,0.8543744277687315,9.670336555413568,13.65936786300603
C,25,10,115,5.0,10,10,sqrt,8.967979625941913,0.807714779305172,12.30189050017182,16.597441292792404
C,25,10,115,5.0,10,10,1.0,4.691672452756356,0.8543744277687315,9.670336555413568,13.65936786300603
C,25,10,115,10.0,1,2,sqrt,60.47099861259612,0.8205475860026652,11.995397035473484,17.23158086533756
C,25,10,115,10.0,1,2,1.0,5.116817480754672,0.8790077648133574,8.566290921780995,13.71269291813547
C,25,10,115,10.0,1,10,sqrt,38.15608114606394,0.794099263705917,13.4232142526612,18.668486926076405
C,25,10,115,10.0,1,10,1.0,4.8954296277897855,0.8804578172431853,8.535310457946728,13.63330306353647
C,25,10,115,10.0,5,2,sqrt,6.994173727882445,0.856582033408797,9.692371074272572,14.215890933629364
C,25,10,115,10.0,5,2,1.0,4.5112720279564815,0.8828610079703614,8.394103735535044,13.392572500652832
C,25,10,115,10.0,5,10,sqrt,6.994173727882445,0.856582033408797,9.692371074272572,14.215890933629364
C,25,10,115,10.0,5,10,1.0,4.5112720279564815,0.8828610079703614,8.394103735535044,13.392572500652832
C,25,10,115,10.0,10,2,sqrt,6.190436820191731,0.858839447272676,9.908457286876798,14.705500460110224
C,25,10,115,10.0,10,2,1.0,4.191397597672518,0.8876080284328423,8.275340752195305,13.158224450733218
C,25,10,115,10.0,10,10,sqrt,6.190436820191731,0.858839447272676,9.908457286876798,14.705500460110224
C,25,10,115,10.0,10,10,1.0,4.191397597672518,0.8876080284328423,8.275340752195305,13.158224450733218
C,25,10,115,,1,2,sqrt,16.65918344959636,0.8369220898597876,10.313703027821166,16.8765325378663
C,25,10,115,,1,2,1.0,7.8681253779445175,0.8500415464262954,9.177805866925256,15.588362600363542
C,25,10,115,,1,10,sqrt,25.814269780912742,0.8449479695877988,10.350523648674042,16.860572588751342
C,25,10,115,,1,10,1.0,6.976162324640247,0.8575289632607863,8.96760120653298,15.099696507430096
C,25,10,115,,5,2,sqrt,9.626831898476981,0.848195344311009,10.269220768502809,16.39688087196975
C,25,10,115,,5,2,1.0,6.191597637517683,0.8652340801103783,8.69799261998309,14.582232283273347
C,25,10,115,,5,10,sqrt,9.626831898476981,0.848195344311009,10.269220768502809,16.39688087196975
C,25,10,115,,5,10,1.0,6.191597637517683,0.8652340801103783,8.69799261998309,14.582232283273347
C,25,10,115,,10,2,sqrt,16.681771774212248,0.8527616186415751,10.153748589409094,16.00436853097808
C,25,10,115,,10,2,1.0,5.3932572918176005,0.8737532116051732,8.393924486231104,13.937536350420345
C,25,10,115,,10,10,sqrt,16.681771774212248,0.8527616186415751,10.153748589409094,16.00436853097808
C,25,10,115,,10,10,1.0,5.3932572918176005,0.8737532116051732,8.393924486231104,13.937536350420345
C,25,10,120,5.0,1,2,sqrt,13.957944996131536,0.7723176260269788,14.994492559516962,19.271287871382718
C,25,10,120,5.0,1,2,1.0,5.650343044318381,0.8553178909066521,10.370897589417307,14.478561562074507
C,25,10,120,5.0,1,10,sqrt,12.58848128947047,0.7925861769624132,13.977408792233623,18.37175536568617
C,25,10,120,5.0,1,10,1.0,5.650343044318381,0.8553178909066521,10.370897589417307,14.478561562074507
C,25,10,120,5.0,5,2,sqrt,12.575617617862333,0.792573147152641,13.98229141043756,18.379213443407924
C,25,10,120,5.0,5,2,1.0,5.650343044318381,0.8553178909066521,10.370897589417307,14.478561562074507
C,25,10,120,5.0,5,10,sqrt,12.575617617862333,0.792573147152641,13.98229141043756,18.379213443407924
C,25,10,120,5.0,5,10,1.0,5.650343044318381,0.8553178909066521,10.370897589417307,14.478561562074507
C,25,10,120,5.0,10,2,sqrt,11.760766674258672,0.8002925054870704,13.356068919129115,17.7825574761936
C,25,10,120,5.0,10,2,1.0,5.650343044318381,0.8553178909066521,10.370897589417307,14.478561562074507
C,25,10,120,5.0,10,10,sqrt,11.760766674258672,0.8002925054870704,13.356068919129115,17.7825574761936
C,25,10,120,5.0,10,10,1.0,5.650343044318381,0.8553178909066521,10.370897589417307,14.478561562074507
C,25,10,120,10.0,1,2,sqrt,10.46168114751464,0.8436477359214688,11.50885929283912,16.40611202809843
C,25,10,120,10.0,1,2,1.0,5.743073391747997,0.8762994202151692,9.40456995673059,14.704796512638328
C,25,10,120,10.0,1,10,sqrt,19.615028207851847,0.8471050234366061,11.388648551139692,16.211341217694475
C,25,10,120,10.0,1,10,1.0,5.617398061113947,0.8772499762352742,9.346003479580176,14.617077577935243
C,25,10,120,10.0,5,2,sqrt,8.014933843652647,0.8467682588816045,11.229644203268952,16.160885123136485
C,25,10,120,10.0,5,2,1.0,5.336932651876845,0.8790558381992767,9.207846090224095,14.359173474746257
C,25,10,120,10.0,5,10,sqrt,8.014933843652647,0.8467682588816045,11.229644203268952,16.160885123136485
C,25,10,120,10.0,5,10,1.0,5.336932651876845,0.8790558381992767,9.207846090224095,14.359173474746257
C,25,10,120,10.0,10,2,sqrt,7.980432913783562,0.8561945987592233,11.114018054270701,15.998561379854404
C,25,10,120,10.0,10,2,1.0,5.15499330235548,0.8800834261941916,9.137734374365667,14.226726041184978
C,25,10,120,10.0,10,10,sqrt,7.980432913783562,0.8561945987592233,11.114018054270701,15.998561379854404
C,25,10,120,10.0,10,10,1.0,5.15499330235548,0.8800834261941916,9.137734374365667,14.226726041184978
C,25,10,120,,1,2,sqrt,40.26676515670769,0.8264630727398506,11.860128454639568,18.962213717826774
C,25,10,120,,1,2,1.0,10.382472695441844,0.8443842416963815,10.383208097894451,17.03678683843902
C,25,10,120,,1,10,sqrt,12.683595279049362,0.8410385627915616,11.160036914519399,17.805288876139578
C,25,10,120,,1,10,1.0,8.522493658167205,0.852770742131519,10.097451454570063,16.392889403889495
C,25,10,120,,5,2,sqrt,11.340105235919328,0.8402161247526004,11.340082087806758,17.559201141687918
C,25,10,120,,5,2,1.0,7.630059571573045,0.8593865103768723,9.819733619516434,15.841871052036087
C,25,10,120,,5,10,sqrt,11.340105235919328,0.8402161247526004,11.340082087806758,17.559201141687918
C,25,10,120,,5,10,1.0,7.630059571573045,0.8593865103768723,9.819733619516434,15.841871052036087
C,25,10,120,,10,2,sqrt,15.564941774093544,0.8461546623638974,11.150167029370351,17.04287052135499
C,25,10,120,,10,2,1.0,6.581142194923674,0.8686310376426738,9.422236961655234,15.160588306863696
C,25,10,120,,10,10,sqrt,15.564941774093544,0.8461546623638974,11.150167029370351,17.04287052135499
C,25,10,120,,10,10,1.0,6.581142194923674,0.8686310376426738,9.422236961655234,15.160588306863696
C,25,10,125,5.0,1,2,sqrt,37.67683939578534,0.7581071060586817,16.287284733026212,20.757563815155216
C,25,10,125,5.0,1,2,1.0,6.723776900400398,0.8514268135343752,11.499649695530735,15.64845524597954
C,25,10,125,5.0,1,10,sqrt,36.86798329156147,0.7660925018111765,15.950523304862813,20.307853256766954
C,25,10,125,5.0,1,10,1.0,6.723776900400398,0.8514268135343752,11.499649695530735,15.64845524597954
C,25,10,125,5.0,5,2,sqrt,18.596948902053192,0.7666046129687624,15.920518900309023,20.22031821894143
C,25,10,125,5.0,5,2,1.0,6.723776900400398,0.8514268135343752,11.499649695530735,15.64845524597954
C,25,10,125,5.0,5,10,sqrt,18.596948902053192,0.7666046129687624,15.920518900309023,20.22031821894143
C,25,10,125,5.0,5,10,1.0,6.723776900400398,0.8514268135343752,11.499649695530735,15.64845524597954
C,25,10,125,5.0,10,2,sqrt,17.20688290289474,0.7980902883505454,14.333503591481588,18.776647406263024
C,25,10,125,5.0,10,2,1.0,6.723776900400398,0.8514268135343752,11.499649695530735,15.64845524597954
C,25,10,125,5.0,10,10,sqrt,17.20688290289474,0.7980902883505454,14.333503591481588,18.776647406263024
C,25,10,125,5.0,10,10,1.0,6.723776900400398,0.8514268135343752,11.499649695530735,15.64845524597954
C,25,10,125,10.0,1,2,sqrt,25.030609613727897,0.832290886152838,12.94674681512368,18.03259459635765
C,25,10,125,10.0,1,2,1.0,7.957642993828439,0.8701907600336168,10.494858992799811,15.94271751575333
C,25,10,125,10.0,1,10,sqrt,14.338294403309977,0.8251945791555837,12.760397207463,17.434775092228943
C,25,10,125,10.0,1,10,1.0,7.4827497953492355,0.8714586664213735,10.442087980075893,15.844468807536089
C,25,10,125,10.0,5,2,sqrt,14.314481090296757,0.8535060255335001,11.954636267992608,17.12535199979271
C,25,10,125,10.0,5,2,1.0,7.08503179982421,0.8716850371146083,10.398020919175679,15.698346779143742
C,25,10,125,10.0,5,10,sqrt,14.314481090296757,0.8535060255335001,11.954636267992608,17.12535199979271
C,25,10,125,10.0,5,10,1.0,7.08503179982421,0.8716850371146083,10.398020919175679,15.698346779143742
C,25,10,125,10.0,10,2,sqrt,7.34479922402395,0.8517499461844432,11.52135056327168,16.03823749974934
C,25,10,125,10.0,10,2,1.0,6.98662978538098,0.8719250961939128,10.328207863494178,15.613416135519046
C,25,10,125,10.0,10,10,sqrt,7.34479922402395,0.8517499461844432,11.52135056327168,16.03823749974934
C,25,10,125,10.0,10,10,1.0,6.98662978538098,0.8719250961939128,10.328207863494178,15.613416135519046
C,25,10,125,,1,2,sqrt,24.39630909545315,0.8250352220528454,12.906185943327518,20.162894902775747
C,25,10,125,,1,2,1.0,13.660037461069459,0.8372433206800565,11.872903120988266,18.85054183594159
C,25,10,125,,1,10,sqrt,19.00930214606554,0.826339703347367,13.045021131996918,19.942067442861955
C,25,10,125,,1,10,1.0,12.587713603509156,0.8437283257989707,11.60317456630563,18.361038164729337
C,25,10,125,,5,2,sqrt,19.2398463011983,0.8329060060187983,12.529505957533576,19.036705544687145
C,25,10,125,,5,2,1.0,10.643043324908794,0.8511542603471657,11.087301145611262,17.517398370717334
C,25,10,125,,5,10,sqrt,19.2398463011983,0.8329060060187983,12.529505957533576,19.036705544687145
C,25,10,125,,5,10,1.0,10.643043324908794,0.8511542603471657,11.087301145611262,17.517398370717334
C,25,10,125,,10,2,sqrt,9.876965612363104,0.845675357754074,11.796318498735042,17.593897661193775
C,25,10,125,,10,2,1.0,8.91008545742414,0.8556810647721138,10.846606206447117,16.92245260457218
C,25,10,125,,10,10,sqrt,9.876965612363104,0.845675357754074,11.796318498735042,17.593897661193775
C,25,10,125,,10,10,1.0,8.91008545742414,0.8556810647721138,10.846606206447117,16.92245260457218
C,25,10,130,5.0,1,2,sqrt,41.048167894744225,0.7652254772294125,15.578317327168898,20.83060712577244
C,25,10,130,5.0,1,2,1.0,7.937988581878699,0.8565314409387204,10.759818306519188,15.771855518700352
C,25,10,130,5.0,1,10,sqrt,40.57463850488447,0.7687784704640025,15.356169746668092,20.49353858092347
C,25,10,130,5.0,1,10,1.0,7.937988581878699,0.8565314409387204,10.759818306519188,15.771855518700352
C,25,10,130,5.0,5,2,sqrt,21.758639423149877,0.7691746585910065,15.318878570087247,20.38213669017437
C,25,10,130,5.0,5,2,1.0,7.937988581878699,0.8565314409387204,10.759818306519188,15.771855518700352
C,25,10,130,5.0,5,10,sqrt,21.758639423149877,0.7691746585910065,15.318878570087247,20.38213669017437
C,25,10,130,5.0,5,10,1.0,7.937988581878699,0.8565314409387204,10.759818306519188,15.771855518700352
C,25,10,130,5.0,10,2,sqrt,20.32896365343661,0.8009348879510073,13.74141745714835,19.030163683293104
C,25,10,130,5.0,10,2,1.0,7.937988581878699,0.8565314409387204,10.759818306519188,15.771855518700352
C,25,10,130,5.0,10,10,sqrt,20.32896365343661,0.8009348879510073,13.74141745714835,19.030163683293104
C,25,10,130,5.0,10,10,1.0,7.937988581878699,0.8565314409387204,10.759818306519188,15.771855518700352
C,25,10,130,10.0,1,2,sqrt,30.940703300757754,0.831842196871772,12.418688933945072,18.24001918333513
C,25,10,130,10.0,1,2,1.0,8.400133305494014,0.8677382009146504,10.084640189581185,16.129864391436733
C,25,10,130,10.0,1,10,sqrt,21.306598516592807,0.8280645971673579,12.611557612662345,18.201914827932377
C,25,10,130,10.0,1,10,1.0,8.343222423427772,0.8683680981405917,10.053965691347363,16.082254903470943
C,25,10,130,10.0,5,2,sqrt,11.040652783180889,0.849596075683906,11.498589653261003,17.06336839947506
C,25,10,130,10.0,5,2,1.0,8.371473962060117,0.8688840137460385,9.969597596035273,15.981530837300335
C,25,10,130,10.0,5,10,sqrt,11.040652783180889,0.849596075683906,11.498589653261003,17.06336839947506
C,25,10,130,10.0,5,10,1.0,8.371473962060117,0.8688840137460385,9.969597596035273,15.981530837300335
C,25,10,130,10.0,10,2,sqrt,10.925169428210856,0.8454193117019626,11.449827198189322,17.07657985755781
C,25,10,130,10.0,10,2,1.0,8.292017771343604,0.8689547630333333,9.975436321555758,15.94144537889284
C,25,10,130,10.0,10,10,sqrt,10.925169428210856,0.8454193117019626,11.449827198189322,17.07657985755781
C,25,10,130,10.0,10,10,1.0,8.292017771343604,0.8689547630333333,9.975436321555758,15.94144537889284
C,25,10,130,,1,2,sqrt,19.443780754797743,0.8255347858268447,12.799924934091269,20.050251922126677
C,25,10,130,,1,2,1.0,13.6426595167449,0.8358874446877265,11.929331229360146,18.96892120138222
C,25,10,130,,1,10,sqrt,25.95045232106757,0.828447896821725,12.73306064027773,19.883679054479085
C,25,10,130,,1,10,1.0,12.474951555734311,0.8417400992678019,11.583468026949634,18.442422139714882
C,25,10,130,,5,2,sqrt,13.711974586992477,0.8335497511572578,12.19416088258679,18.718814424571235
C,25,10,130,,5,2,1.0,11.761269419124515,0.8453130611345834,11.14529503628261,17.804869670489087
C,25,10,130,,5,10,sqrt,13.711974586992477,0.8335497511572578,12.19416088258679,18.718814424571235
C,25,10,130,,5,10,1.0,11.761269419124515,0.8453130611345834,11.14529503628261,17.804869670489087
C,25,10,130,,10,2,sqrt,24.606077727090828,0.8397190125551136,11.991126599673972,18.35486644557443
C,25,10,130,,10,2,1.0,10.71496828994125,0.8510609726229472,10.798049385173858,17.25340058762299
C,25,10,130,,10,10,sqrt,24.606077727090828,0.8397190125551136,11.991126599673972,18.35486644557443
C,25,10,130,,10,10,1.0,10.71496828994125,0.8510609726229472,10.798049385173858,17.25340058762299
C,25,15,115,5.0,1,2,sqrt,12.452832374748676,0.7622733086027588,13.943305512185091,18.01501126344967
C,25,15,115,5.0,1,2,1.0,4.7037697721969165,0.8543191489558788,9.683823656470429,13.677388730365541
C,25,15,115,5.0,1,10,sqrt,11.63540111004695,0.7688736215903729,13.602600869970448,17.761471249946304
C,25,15,115,5.0,1,10,1.0,4.7037697721969165,0.8543191489558788,9.683823656470429,13.677388730365541
C,25,15,115,5.0,5,2,sqrt,11.754321137325025,0.767318667271015,13.479560170677235,17.661993606735997
C,25,15,115,5.0,5,2,1.0,4.7037697721969165,0.8543191489558788,9.683823656470429,13.677388730365541
C,25,15,115,5.0,5,10,sqrt,11.754321137325025,0.767318667271015,13.479560170677235,17.661993606735997
C,25,15,115,5.0,5,10,1.0,4.7037697721969165,0.8543191489558788,9.683823656470429,13.677388730365541
C,25,15,115,5.0,10,2,sqrt,12.519082583487895,0.766570449063986,13.84713759820097,17.970545005293918
C,25,15,115,5.0,10,2,1.0,4.7037697721969165,0.8543191489558788,9.683823656470429,13.677388730365541
C,25,15,115,5.0,10,10,sqrt,12.519082583487895,0.766570449063986,13.84713759820097,17.970545005293918
C,25,15,115,5.0,10,10,1.0,4.7037697721969165,0.8543191489558788,9.683823656470429,13.677388730365541
C,25,15,115,10.0,1,2,sqrt,8.932694830619262,0.8236102350036549,11.770894504386977,16.74525313678255
C,25,15,115,10.0,1,2,1.0,5.492454350563142,0.8766331772038102,8.600353941881638,13.789953496976556
C,25,15,115,10.0,1,10,sqrt,9.902956724565618,0.8238142219614385,12.046166558784668,17.025302662693186
C,25,15,115,10.0,1,10,1.0,5.346611537143711,0.8776853893763562,8.59328714381039,13.76109078485075
C,25,15,115,10.0,5,2,sqrt,11.75593466251307,0.8253099285179639,11.900887617091234,16.85079940524673
C,25,15,115,10.0,5,2,1.0,4.86501118665265,0.8809278049158618,8.440816295472052,13.499084455385196
C,25,15,115,10.0,5,10,sqrt,11.75593466251307,0.8253099285179639,11.900887617091234,16.85079940524673
C,25,15,115,10.0,5,10,1.0,4.86501118665265,0.8809278049158618,8.440816295472052,13.499084455385196
C,25,15,115,10.0,10,2,sqrt,12.015352832323064,0.8154008726724001,12.63387295856578,17.58792434520952
C,25,15,115,10.0,10,2,1.0,4.733393024926727,0.88418856073252,8.407351562213373,13.415019393175024
C,25,15,115,10.0,10,10,sqrt,12.015352832323064,0.8154008726724001,12.63387295856578,17.58792434520952
C,25,15,115,10.0,10,10,1.0,4.733393024926727,0.88418856073252,8.407351562213373,13.415019393175024
C,25,15,115,,1,2,sqrt,21.410592590679997,0.8191811251976627,11.876386143600145,19.15400102727863
C,25,15,115,,1,2,1.0,7.943820454250826,0.8504641965504461,9.302670841226526,15.820022474624315
C,25,15,115,,1,10,sqrt,14.004785036247242,0.8324104826833754,11.150278525270005,18.001440382554676
C,25,15,115,,1,10,1.0,7.032913441025402,0.8570808815521334,9.158779338077341,15.421262502890107
C,25,15,115,,5,2,sqrt,10.552532741012708,0.8328682123239977,10.969140019750036,17.216514650681198
C,25,15,115,,5,2,1.0,6.0251773626350325,0.8647895256714115,8.766614393026067,14.745273374828638
C,25,15,115,,5,10,sqrt,10.552532741012708,0.8328682123239977,10.969140019750036,17.216514650681198
C,25,15,115,,5,10,1.0,6.0251773626350325,0.8647895256714115,8.766614393026067,14.745273374828638
C,25,15,115,,10,2,sqrt,9.877599336788652,0.833093894493681,11.496785890831518,17.50456529968133
C,25,15,115,,10,2,1.0,5.637575729333968,0.8700399320802269,8.580371069167018,14.209701113409764
C,25,15,115,,10,10,sqrt,9.877599336788652,0.833093894493681,11.496785890831518,17.50456529968133
C,25,15,115,,10,10,1.0,5.637575729333968,0.8700399320802269,8.580371069167018,14.209701113409764
C,25,15,120,5.0,1,2,sqrt,16.330809844597006,0.7575917198273142,15.136365749521985,19.398588431613746
C,25,15,120,5.0,1,2,1.0,5.6465939121847,0.8553229642917527,10.369607177321626,14.471344865837864
C,25,15,120,5.0,1,10,sqrt,18.149570981966914,0.7572998754162228,15.20725569448489,19.654428990939333
C,25,15,120,5.0,1,10,1.0,5.6465939121847,0.8553229642917527,10.369607177321626,14.471344865837864
C,25,15,120,5.0,5,2,sqrt,17.94487894172241,0.755444295761734,15.109482889568227,19.528104043187078
C,25,15,120,5.0,5,2,1.0,5.6465939121847,0.8553229642917527,10.369607177321626,14.471344865837864
C,25,15,120,5.0,5,10,sqrt,17.94487894172241,0.755444295761734,15.109482889568227,19.528104043187078
C,25,15,120,5.0,5,10,1.0,5.6465939121847,0.8553229642917527,10.369607177321626,14.471344865837864
C,25,15,120,5.0,10,2,sqrt,15.728509370354374,0.7614387117155996,14.977767393444134,19.216520726510765
C,25,15,120,5.0,10,2,1.0,5.6465939121847,0.8553229642917527,10.369607177321626,14.471344865837864
C,25,15,120,5.0,10,10,sqrt,15.728509370354374,0.7614387117155996,14.977767393444134,19.216520726510765
C,25,15,120,5.0,10,10,1.0,5.6465939121847,0.8553229642917527,10.369607177321626,14.471344865837864
C,25,15,120,10.0,1,2,sqrt,14.475948447110406,0.8300263071093189,12.27058292295185,17.327950091125796
C,25,15,120,10.0,1,2,1.0,6.558854975461027,0.8731923323209532,9.598124140969736,14.929926854377317
C,25,15,120,10.0,1,10,sqrt,13.133334884612442,0.8263902397269838,12.85880780780875,18.016672290767538
C,25,15,120,10.0,1,10,1.0,6.56329711651717,0.8746855018875672,9.511007699551309,14.824002802535128
C,25,15,120,10.0,5,2,sqrt,11.680891163652955,0.8274413974449872,12.825085806664145,17.951261643302875
C,25,15,120,10.0,5,2,1.0,6.225765359402894,0.8765693527375611,9.467254003591417,14.706364766970648
C,25,15,120,10.0,5,10,sqrt,11.680891163652955,0.8274413974449872,12.825085806664145,17.951261643302875
C,25,15,120,10.0,5,10,1.0,6.225765359402894,0.8765693527375611,9.467254003591417,14.706364766970648
C,25,15,120,10.0,10,2,sqrt,11.291663045986038,0.8257837257202392,12.708198612936238,17.579550365775926
C,25,15,120,10.0,10,2,1.0,6.106948684241044,0.877319923147159,9.435447949334991,14.617548506444502
C,25,15,120,10.0,10,10,sqrt,11.291663045986038,0.8257837257202392,12.708198612936238,17.579550365775926
C,25,15,120,10.0,10,10,1.0,6.106948684241044,0.877319923147159,9.435447949334991,14.617548506444502
C,25,15,120,,1,2,sqrt,17.35497724025263,0.8169103343206754,12.79595406807234,20.117566135704593
C,25,15,120,,1,2,1.0,9.664420901114573,0.8459612615057182,10.493046846423065,17.053162383019558
C,25,15,120,,1,10,sqrt,25.681447747497156,0.8213140382372229,12.84597444099131,19.810272469535356
C,25,15,120,,1,10,1.0,8.963066439348342,0.8509892188981057,10.35463725048836,16.70056506140351
C,25,15,120,,5,2,sqrt,14.135402022097812,0.8253866539444449,12.524827194817746,18.876118948525548
C,25,15,120,,5,2,1.0,8.073209401757326,0.8563969104796625,10.029305905949396,16.125592245989445
C,25,15,120,,5,10,sqrt,14.135402022097812,0.8253866539444449,12.524827194817746,18.876118948525548
C,25,15,120,,5,10,1.0,8.073209401757326,0.8563969104796625,10.029305905949396,16.125592245989445
C,25,15,120,,10,2,sqrt,19.290711764550927,0.832389703317429,12.264500296772848,18.32583519871944
C,25,15,120,,10,2,1.0,7.233253325926718,0.8647208209671922,9.694246617142792,15.46526299300462
C,25,15,120,,10,10,sqrt,19.290711764550927,0.832389703317429,12.264500296772848,18.32583519871944
C,25,15,120,,10,10,1.0,7.233253325926718,0.8647208209671922,9.694246617142792,15.46526299300462
C,25,15,125,5.0,1,2,sqrt,20.673183415422276,0.7549671616876396,16.249718091586125,20.618339274239396
C,25,15,125,5.0,1,2,1.0,6.723776900400398,0.8514268135343752,11.499649695530735,15.64845524597954
C,25,15,125,5.0,1,10,sqrt,22.689206198574578,0.7547343250585048,16.340089782511107,20.825835273907483
C,25,15,125,5.0,1,10,1.0,6.723776900400398,0.8514268135343752,11.499649695530735,15.64845524597954
C,25,15,125,5.0,5,2,sqrt,22.48190470404366,0.7549170360131983,16.32746420831291,20.791915623918428
C,25,15,125,5.0,5,2,1.0,6.723776900400398,0.8514268135343752,11.499649695530735,15.64845524597954
C,25,15,125,5.0,5,10,sqrt,22.48190470404366,0.7549170360131983,16.32746420831291,20.791915623918428
C,25,15,125,5.0,5,10,1.0,6.723776900400398,0.8514268135343752,11.499649695530735,15.64845524597954
C,25,15,125,5.0,10,2,sqrt,20.087864991876828,0.7593417892246208,16.141516869485493,20.497575080418137
C,25,15,125,5.0,10,2,1.0,6.723776900400398,0.8514268135343752,11.499649695530735,15.64845524597954
C,25,15,125,5.0,10,10,sqrt,20.087864991876828,0.7593417892246208,16.141516869485493,20.497575080418137
C,25,15,125,5.0,10,10,1.0,6.723776900400398,0.8514268135343752,11.499649695530735,15.64845524597954
C,25,15,125,10.0,1,2,sqrt,15.454451971699541,0.8030499309743717,14.301302832426487,19.219047950963255
C,25,15,125,10.0,1,2,1.0,8.827510167042961,0.8651810725357281,10.735304144037192,16.243320523967853
C,25,15,125,10.0,1,10,sqrt,41.32736433409232,0.8153192354456256,13.929260418917142,19.134148682816907
C,25,15,125,10.0,1,10,1.0,8.259485995635355,0.8664054977337209,10.698645886561552,16.167683101530407
C,25,15,125,10.0,5,2,sqrt,15.561847122550512,0.8239179247253852,13.720685417902573,18.734957263432936
C,25,15,125,10.0,5,2,1.0,7.856852918668591,0.8673574827457378,10.6376815797623,16.078911926974516
C,25,15,125,10.0,5,10,sqrt,15.561847122550512,0.8239179247253852,13.720685417902573,18.734957263432936
C,25,15,125,10.0,5,10,1.0,7.856852918668591,0.8673574827457378,10.6376815797623,16.078911926974516
C,25,15,125,10.0,10,2,sqrt,16.012020705878324,0.8286002516329665,13.685934483885877,18.813844116881413
C,25,15,125,10.0,10,2,1.0,7.748073788442264,0.8683282126730056,10.504102869069282,15.878100787834603
C,25,15,125,10.0,10,10,sqrt,16.012020705878324,0.8286002516329665,13.685934483885877,18.813844116881413
C,25,15,125,10.0,10,10,1.0,7.748073788442264,0.8683282126730056,10.504102869069282,15.878100787834603
C,25,15,125,,1,2,sqrt,21.673290724528464,0.8124960407520192,14.06512549470111,21.414445096480456
C,25,15,125,,1,2,1.0,15.104718649165758,0.834886337062159,11.989686333000645,19.116127424065834
C,25,15,125,,1,10,sqrt,19.251184991498427,0.8213043897136905,13.558690628971272,20.55332905916594
C,25,15,125,,1,10,1.0,13.269195870535103,0.8407228154144054,11.738159706954674,18.503499946183947
C,25,15,125,,5,2,sqrt,19.716437931635966,0.8236699297684069,13.567203605946082,20.12080551457409
C,25,15,125,,5,2,1.0,11.108403185377549,0.8478483702650583,11.295106873208777,17.802303213629294
C,25,15,125,,5,10,sqrt,19.716437931635966,0.8236699297684069,13.567203605946082,20.12080551457409
C,25,15,125,,5,10,1.0,11.108403185377549,0.8478483702650583,11.295106873208777,17.802303213629294
C,25,15,125,,10,2,sqrt,15.284275709768627,0.8282093189161902,13.234818940026667,19.26763391080673
C,25,15,125,,10,2,1.0,9.45732853496391,0.8561566660970508,10.844894562649339,16.896971310031343
C,25,15,125,,10,10,sqrt,15.284275709768627,0.8282093189161902,13.234818940026667,19.26763391080673
C,25,15,125,,10,10,1.0,9.45732853496391,0.8561566660970508,10.844894562649339,16.896971310031343
C,25,15,130,5.0,1,2,sqrt,25.74484884553241,0.755566878822729,15.757622528574126,20.813873880138782
C,25,15,130,5.0,1,2,1.0,7.946501821681426,0.856517193636533,10.771379833745371,15.78493093307139
C,25,15,130,5.0,1,10,sqrt,31.957444088754574,0.7559848015202103,15.772086073265072,21.000398570175445
C,25,15,130,5.0,1,10,1.0,7.946501821681426,0.856517193636533,10.771379833745371,15.78493093307139
C,25,15,130,5.0,5,2,sqrt,28.031946939027556,0.7562203244120231,15.794746203570185,21.00012704461737
C,25,15,130,5.0,5,2,1.0,7.946501821681426,0.856517193636533,10.771379833745371,15.78493093307139
C,25,15,130,5.0,5,10,sqrt,28.031946939027556,0.7562203244120231,15.794746203570185,21.00012704461737
C,25,15,130,5.0,5,10,1.0,7.946501821681426,0.856517193636533,10.771379833745371,15.78493093307139
C,25,15,130,5.0,10,2,sqrt,24.915516673511753,0.756917409623062,15.659078407077004,20.697111308348344
C,25,15,130,5.0,10,2,1.0,7.946501821681426,0.856517193636533,10.771379833745371,15.78493093307139
C,25,15,130,5.0,10,10,sqrt,24.915516673511753,0.756917409623062,15.659078407077004,20.697111308348344
C,25,15,130,5.0,10,10,1.0,7.946501821681426,0.856517193636533,10.771379833745371,15.78493093307139
C,25,15,130,10.0,1,2,sqrt,34.414996000364674,0.8045169239362011,14.016905429962899,20.225172324468446
C,25,15,130,10.0,1,2,1.0,9.086162904728841,0.8657001203281631,10.227075441975602,16.37300255163313
C,25,15,130,10.0,1,10,sqrt,17.29056428184731,0.8210084240858496,13.387582131379972,19.19167558080029
C,25,15,130,10.0,1,10,1.0,9.091395283220994,0.8654771487535733,10.283117886353342,16.45638092556664
C,25,15,130,10.0,5,2,sqrt,24.32852614466875,0.8177984560197775,13.443406175335287,19.28672201794302
C,25,15,130,10.0,5,2,1.0,8.612837886321852,0.8673415095827492,10.137113005856376,16.25015403040572
C,25,15,130,10.0,5,10,sqrt,24.32852614466875,0.8177984560197775,13.443406175335287,19.28672201794302
C,25,15,130,10.0,5,10,1.0,8.612837886321852,0.8673415095827492,10.137113005856376,16.25015403040572
C,25,15,130,10.0,10,2,sqrt,16.506875108155164,0.8141755820764143,13.827176921959985,19.707253039953223
C,25,15,130,10.0,10,2,1.0,8.531736808287278,0.8668093528699746,10.124713105298952,16.113125583525008
C,25,15,130,10.0,10,10,sqrt,16.506875108155164,0.8141755820764143,13.827176921959985,19.707253039953223
C,25,15,130,10.0,10,10,1.0,8.531736808287278,0.8668093528699746,10.124713105298952,16.113125583525008
C,25,15,130,,1,2,sqrt,20.955058259046655,0.8120616705329692,14.008151165154327,21.313753271171045
C,25,15,130,,1,2,1.0,15.092720400717605,0.8359527665427203,11.872591298099232,18.95653842311868
C,25,15,130,,1,10,sqrt,31.667609334812916,0.8123437228465333,13.928009492958077,21.22422628819941
C,25,15,130,,1,10,1.0,13.654111294998643,0.8406973479638419,11.598711945844082,18.49612198336728
C,25,15,130,,5,2,sqrt,18.82914368741055,0.8193325972945231,13.473756902905958,20.12530540338703
C,25,15,130,,5,2,1.0,12.567477059745295,0.8480334375914615,11.089232754554857,17.873737200610783
C,25,15,130,,5,10,sqrt,18.82914368741055,0.8193325972945231,13.473756902905958,20.12530540338703
C,25,15,130,,5,10,1.0,12.567477059745295,0.8480334375914615,11.089232754554857,17.873737200610783
C,25,15,130,,10,2,sqrt,15.241355818982447,0.8241350860350224,13.266787966767515,19.434110687342386
C,25,15,130,,10,2,1.0,10.663306609888735,0.8523510651473284,10.745497826005716,17.09494134361193
C,25,15,130,,10,10,sqrt,15.241355818982447,0.8241350860350224,13.266787966767515,19.434110687342386
C,25,15,130,,10,10,1.0,10.663306609888735,0.8523510651473284,10.745497826005716,17.09494134361193
C,25,20,115,5.0,1,2,sqrt,154.91955052514348,0.6353419072048931,23.336195725116983,28.949708292097178
C,25,20,115,5.0,1,2,1.0,4.7037697721969165,0.8543191489558788,9.683823656470429,13.677388730365541
C,25,20,115,5.0,1,10,sqrt,125.45561951196672,0.6636393934194285,21.601936101909757,26.90243459990831
C,25,20,115,5.0,1,10,1.0,4.7037697721969165,0.8543191489558788,9.683823656470429,13.677388730365541
C,25,20,115,5.0,5,2,sqrt,125.41843581715219,0.6631526675552624,21.725530623312984,26.97378689071838
C,25,20,115,5.0,5,2,1.0,4.7037697721969165,0.8543191489558788,9.683823656470429,13.677388730365541
C,25,20,115,5.0,5,10,sqrt,125.41843581715219,0.6631526675552624,21.725530623312984,26.97378689071838
C,25,20,115,5.0,5,10,1.0,4.7037697721969165,0.8543191489558788,9.683823656470429,13.677388730365541
C,25,20,115,5.0,10,2,sqrt,122.55886810465674,0.665471689095942,21.43929257033646,26.62292221606173
C,25,20,115,5.0,10,2,1.0,4.7037697721969165,0.8543191489558788,9.683823656470429,13.677388730365541
C,25,20,115,5.0,10,10,sqrt,122.55886810465674,0.665471689095942,21.43929257033646,26.62292221606173
C,25,20,115,5.0,10,10,1.0,4.7037697721969165,0.8543191489558788,9.683823656470429,13.677388730365541
C,25,20,115,10.0,1,2,sqrt,39.38247162512056,0.7917740950562615,13.953004733898675,19.639719769840795
C,25,20,115,10.0,1,2,1.0,5.5896094399999345,0.8755262011875866,8.638847272327066,13.855872700065257
C,25,20,115,10.0,1,10,sqrt,27.96230367352523,0.7915307292671547,13.537332824695884,18.96676344549037
C,25,20,115,10.0,1,10,1.0,5.23082787439366,0.8782597812115505,8.587028088597908,13.739968995085196
C,25,20,115,10.0,5,2,sqrt,25.93684391416907,0.8103988725271579,13.135507826685034,18.598933773554204
C,25,20,115,10.0,5,2,1.0,4.612512536863264,0.881562050268094,8.454765101057136,13.46694473359434
C,25,20,115,10.0,5,10,sqrt,25.93684391416907,0.8103988725271579,13.135507826685034,18.598933773554204
C,25,20,115,10.0,5,10,1.0,4.612512536863264,0.881562050268094,8.454765101057136,13.46694473359434
C,25,20,115,10.0,10,2,sqrt,28.972006592149103,0.7926054147916246,13.687132831014091,18.90930552161689
C,25,20,115,10.0,10,2,1.0,4.512718307392146,0.885157199377443,8.361172167263895,13.302084551656062
C,25,20,115,10.0,10,10,sqrt,28.972006592149103,0.7926054147916246,13.687132831014091,18.90930552161689
C,25,20,115,10.0,10,10,1.0,4.512718307392146,0.885157199377443,8.361172167263895,13.302084551656062
C,25,20,115,,1,2,sqrt,63.29247153376482,0.7947409126517369,13.647849222274209,21.748974239459308
C,25,20,115,,1,2,1.0,8.92192111329398,0.8471427394949927,9.470721196310759,15.999701674094586
C,25,20,115,,1,10,sqrt,54.23516478313985,0.8058897117581483,13.100664526105072,20.752975701344504
C,25,20,115,,1,10,1.0,6.833371683101054,0.8553216398290049,9.196543013415328,15.373860220564605
C,25,20,115,,5,2,sqrt,22.935107141607382,0.8267249042547495,11.828888149505392,18.7098222290665
C,25,20,115,,5,2,1.0,5.893905707060813,0.8600360062383272,8.99719009548483,14.888534566165522
C,25,20,115,,5,10,sqrt,22.935107141607382,0.8267249042547495,11.828888149505392,18.7098222290665
C,25,20,115,,5,10,1.0,5.893905707060813,0.8600360062383272,8.99719009548483,14.888534566165522
C,25,20,115,,10,2,sqrt,23.070931397720592,0.8414699050762946,11.189863059403603,17.55388077643493
C,25,20,115,,10,2,1.0,5.264510275815555,0.8685237090659383,8.663108647110372,14.24796004463093
C,25,20,115,,10,10,sqrt,23.070931397720592,0.8414699050762946,11.189863059403603,17.55388077643493
C,25,20,115,,10,10,1.0,5.264510275815555,0.8685237090659383,8.663108647110372,14.24796004463093
C,25,20,120,5.0,1,2,sqrt,201.88574885283316,0.6300005649998525,24.922759039977297,30.650015915190703
C,25,20,120,5.0,1,2,1.0,5.672925117101497,0.8549788828041038,10.395305742318477,14.518424992203336
C,25,20,120,5.0,1,10,sqrt,163.52422615241545,0.6578461757494458,23.155675537242693,28.547143113172844
C,25,20,120,5.0,1,10,1.0,5.672925117101497,0.8549788828041038,10.395305742318477,14.518424992203336
C,25,20,120,5.0,5,2,sqrt,163.4080555499316,0.6574509986000657,23.25420618008012,28.600380059285364
C,25,20,120,5.0,5,2,1.0,5.672925117101497,0.8549788828041038,10.395305742318477,14.518424992203336
C,25,20,120,5.0,5,10,sqrt,163.4080555499316,0.6574509986000657,23.25420618008012,28.600380059285364
C,25,20,120,5.0,5,10,1.0,5.672925117101497,0.8549788828041038,10.395305742318477,14.518424992203336
C,25,20,120,5.0,10,2,sqrt,159.3744122380137,0.6593368814880023,23.07601005747907,28.30936725185739
C,25,20,120,5.0,10,2,1.0,5.672925117101497,0.8549788828041038,10.395305742318477,14.518424992203336
C,25,20,120,5.0,10,10,sqrt,159.3744122380137,0.6593368814880023,23.07601005747907,28.30936725185739
C,25,20,120,5.0,10,10,1.0,5.672925117101497,0.8549788828041038,10.395305742318477,14.518424992203336
C,25,20,120,10.0,1,2,sqrt,105.40092265128582,0.7565874597004031,17.32818639982096,23.080141496165954
C,25,20,120,10.0,1,2,1.0,6.97929291939478,0.8716352288870176,9.708039260086412,15.10929733595924
C,25,20,120,10.0,1,10,sqrt,71.33889180524059,0.7820286173333526,15.42847603245865,21.054382235623514
C,25,20,120,10.0,1,10,1.0,6.994266502332847,0.8734890021467289,9.629143522739774,15.038580125602252
C,25,20,120,10.0,5,2,sqrt,105.6184543681596,0.7778307630034417,16.230648409490534,22.1701398074235
C,25,20,120,10.0,5,2,1.0,6.459067929919141,0.8758070265403634,9.546547302234194,14.832264096661612
C,25,20,120,10.0,5,10,sqrt,105.6184543681596,0.7778307630034417,16.230648409490534,22.1701398074235
C,25,20,120,10.0,5,10,1.0,6.459067929919141,0.8758070265403634,9.546547302234194,14.832264096661612
C,25,20,120,10.0,10,2,sqrt,18.812646362712236,0.7938499229658036,14.018596414629153,19.05609412239903
C,25,20,120,10.0,10,2,1.0,6.176946815216581,0.8778798830016481,9.495500595743243,14.736162492525272
C,25,20,120,10.0,10,10,sqrt,18.812646362712236,0.7938499229658036,14.018596414629153,19.05609412239903
C,25,20,120,10.0,10,10,1.0,6.176946815216581,0.8778798830016481,9.495500595743243,14.736162492525272
C,25,20,120,,1,2,sqrt,108.30263397659664,0.7944297054119884,14.78956763404679,23.012432123918707
C,25,20,120,,1,2,1.0,10.651892593913258,0.8424364787788351,10.657759127053179,17.350051927370522
C,25,20,120,,1,10,sqrt,76.97686424255339,0.7986418375996454,14.596844937413469,22.692223725492397
C,25,20,120,,1,10,1.0,9.30063403744516,0.8492628973352639,10.482150558514638,16.89979110123129
C,25,20,120,,5,2,sqrt,51.97054654189706,0.811347855408776,13.806859204473486,21.129932440102294
C,25,20,120,,5,2,1.0,9.09015607062905,0.8546040830018912,10.25404272205266,16.49056170609247
C,25,20,120,,5,10,sqrt,51.97054654189706,0.811347855408776,13.806859204473486,21.129932440102294
C,25,20,120,,5,10,1.0,9.09015607062905,0.8546040830018912,10.25404272205266,16.49056170609247
C,25,20,120,,10,2,sqrt,30.446723918119467,0.8243755880822865,12.804479847352642,19.438478282112513
C,25,20,120,,10,2,1.0,7.5337116372242505,0.8611216930966814,9.896682112880427,15.712829803277373
C,25,20,120,,10,10,sqrt,30.446723918119467,0.8243755880822865,12.804479847352642,19.438478282112513
C,25,20,120,,10,10,1.0,7.5337116372242505,0.8611216930966814,9.896682112880427,15.712829803277373
C,25,20,125,5.0,1,2,sqrt,254.12110263126345,0.6273261297132221,26.347094192013135,32.182968506448205
C,25,20,125,5.0,1,2,1.0,6.723867839774796,0.8514076068629759,11.50016276662773,15.648788531122952
C,25,20,125,5.0,1,10,sqrt,207.1200304107037,0.6550126707777448,24.718470855422936,30.19911024266012
C,25,20,125,5.0,1,10,1.0,6.723867839774796,0.8514076068629759,11.50016276662773,15.648788531122952
C,25,20,125,5.0,5,2,sqrt,207.08157215279684,0.6547695640641793,24.80960004909424,30.2487650227607
C,25,20,125,5.0,5,2,1.0,6.723867839774796,0.8514076068629759,11.50016276662773,15.648788531122952
C,25,20,125,5.0,5,10,sqrt,207.08157215279684,0.6547695640641793,24.80960004909424,30.2487650227607
C,25,20,125,5.0,5,10,1.0,6.723867839774796,0.8514076068629759,11.50016276662773,15.648788531122952
C,25,20,125,5.0,10,2,sqrt,201.1503151616277,0.6558911763514537,24.59720269852795,29.913605979276873
C,25,20,125,5.0,10,2,1.0,6.723867839774796,0.8514076068629759,11.50016276662773,15.648788531122952
C,25,20,125,5.0,10,10,sqrt,201.1503151616277,0.6558911763514537,24.59720269852795,29.913605979276873
C,25,20,125,5.0,10,10,1.0,6.723867839774796,0.8514076068629759,11.50016276662773,15.648788531122952
C,25,20,125,10.0,1,2,sqrt,76.30495412232605,0.7754370047243176,16.87507002894369,22.77163790797282
C,25,20,125,10.0,1,2,1.0,8.106591171879348,0.866298138886868,10.630242372237898,16.144518125630878
C,25,20,125,10.0,1,10,sqrt,126.27148127564988,0.7573447843887152,17.860856831041197,24.002792255679438
C,25,20,125,10.0,1,10,1.0,7.552253832980098,0.8673724457234435,10.61165831328491,16.03151431982531
C,25,20,125,10.0,5,2,sqrt,137.32740386844603,0.7540433462696228,18.069402685889322,23.813829102662886
C,25,20,125,10.0,5,2,1.0,7.853977339328151,0.8676141543714356,10.615283146070242,16.033342195544233
C,25,20,125,10.0,5,10,sqrt,137.32740386844603,0.7540433462696228,18.069402685889322,23.813829102662886
C,25,20,125,10.0,5,10,1.0,7.853977339328151,0.8676141543714356,10.615283146070242,16.033342195544233
C,25,20,125,10.0,10,2,sqrt,79.35315794284352,0.7515726192520853,18.42346697353797,24.11488608060208
C,25,20,125,10.0,10,2,1.0,7.141772659600629,0.86874169132807,10.484911108161748,15.794005716130055
C,25,20,125,10.0,10,10,sqrt,79.35315794284352,0.7515726192520853,18.42346697353797,24.11488608060208
C,25,20,125,10.0,10,10,1.0,7.141772659600629,0.86874169132807,10.484911108161748,15.794005716130055
C,25,20,125,,1,2,sqrt,45.91469023671674,0.7999613901008871,15.148341151997291,23.112528857499246
C,25,20,125,,1,2,1.0,14.919703857027343,0.83794961834523,11.767470432425617,18.767570421824047
C,25,20,125,,1,10,sqrt,72.22835152496025,0.7925793937804724,16.138166178185088,24.100496072291218
C,25,20,125,,1,10,1.0,12.494345382025182,0.843464303715914,11.537848932721284,18.266049309517076
C,25,20,125,,5,2,sqrt,58.27240942435541,0.8067688906772741,14.748472348792722,22.043286073647163
C,25,20,125,,5,2,1.0,12.00928820977315,0.8444206398550683,11.454765469412965,17.98767203576824
C,25,20,125,,5,10,sqrt,58.27240942435541,0.8067688906772741,14.748472348792722,22.043286073647163
C,25,20,125,,5,10,1.0,12.00928820977315,0.8444206398550683,11.454765469412965,17.98767203576824
C,25,20,125,,10,2,sqrt,37.979804740598745,0.8091831965725891,14.563870961147682,21.476210595886734
C,25,20,125,,10,2,1.0,9.920377291915901,0.8519434404477938,10.998998171104423,17.15466441408044
C,25,20,125,,10,10,sqrt,37.979804740598745,0.8091831965725891,14.563870961147682,21.476210595886734
C,25,20,125,,10,10,1.0,9.920377291915901,0.8519434404477938,10.998998171104423,17.15466441408044
C,25,20,130,5.0,1,2,sqrt,279.3218798095767,0.641261329529119,25.35318536984216,31.664256706428933
C,25,20,130,5.0,1,2,1.0,7.94664474398714,0.85647861107196,10.772279449089584,15.785434375218335
C,25,20,130,5.0,1,10,sqrt,258.13312193869575,0.6655623976154319,24.052983836691602,30.034984470945375
C,25,20,130,5.0,1,10,1.0,7.94664474398714,0.85647861107196,10.772279449089584,15.785434375218335
C,25,20,130,5.0,5,2,sqrt,258.10750963470804,0.66530738126582,24.14929734818316,30.088721934501212
C,25,20,130,5.0,5,2,1.0,7.94664474398714,0.85647861107196,10.772279449089584,15.785434375218335
C,25,20,130,5.0,5,10,sqrt,258.10750963470804,0.66530738126582,24.14929734818316,30.088721934501212
C,25,20,130,5.0,5,10,1.0,7.94664474398714,0.85647861107196,10.772279449089584,15.785434375218335
C,25,20,130,5.0,10,2,sqrt,250.47332401333279,0.6665684653934003,23.85817731808066,29.71513261847199
C,25,20,130,5.0,10,2,1.0,7.94664474398714,0.85647861107196,10.772279449089584,15.785434375218335
C,25,20,130,5.0,10,10,sqrt,250.47332401333279,0.6665684653934003,23.85817731808066,29.71513261847199
C,25,20,130,5.0,10,10,1.0,7.94664474398714,0.85647861107196,10.772279449089584,15.785434375218335
C,25,20,130,10.0,1,2,sqrt,45.52577942571615,0.810572974736008,14.989720016764124,21.514327176009388
C,25,20,130,10.0,1,2,1.0,9.379606390392771,0.8646223759838196,10.31671834284048,16.493889989762078
C,25,20,130,10.0,1,10,sqrt,144.6821718493912,0.7666337540029281,16.80852486362143,23.741938509015533
C,25,20,130,10.0,1,10,1.0,9.250601635468916,0.8650407845002173,10.319475465444373,16.454481094986384
C,25,20,130,10.0,5,2,sqrt,110.98708656542371,0.7470404641567615,18.5960648563129,25.268300078306815
C,25,20,130,10.0,5,2,1.0,8.892125009418987,0.8659046680655671,10.238521218848302,16.352839778054406
C,25,20,130,10.0,5,10,sqrt,110.98708656542371,0.7470404641567615,18.5960648563129,25.268300078306815
C,25,20,130,10.0,5,10,1.0,8.892125009418987,0.8659046680655671,10.238521218848302,16.352839778054406
C,25,20,130,10.0,10,2,sqrt,52.888563810776176,0.7787686835824112,15.840341199471599,22.073428567506145
C,25,20,130,10.0,10,2,1.0,8.190555707979454,0.8669111437075552,10.17167510476347,16.162963970608367
C,25,20,130,10.0,10,10,sqrt,52.888563810776176,0.7787686835824112,15.840341199471599,22.073428567506145
C,25,20,130,10.0,10,10,1.0,8.190555707979454,0.8669111437075552,10.17167510476347,16.162963970608367
C,25,20,130,,1,2,sqrt,149.6333887179507,0.7897398424847355,16.278470882042747,25.050353959504484
C,25,20,130,,1,2,1.0,14.975109968024526,0.8385871065548063,11.78594077963481,18.851731532966628
C,25,20,130,,1,10,sqrt,50.60519178971474,0.8079119159558023,14.763861870476214,22.535276868118245
C,25,20,130,,1,10,1.0,14.569495054284236,0.8406555337505655,11.632500302331257,18.549787148393644
C,25,20,130,,5,2,sqrt,71.43361981985461,0.8071911462003285,14.803713911846021,22.358956664238875
C,25,20,130,,5,2,1.0,11.87817665544789,0.8453120423316147,11.216031182892769,17.952175982481243
C,25,20,130,,5,10,sqrt,71.43361981985461,0.8071911462003285,14.803713911846021,22.358956664238875
C,25,20,130,,5,10,1.0,11.87817665544789,0.8453120423316147,11.216031182892769,17.952175982481243
C,25,20,130,,10,2,sqrt,30.97727056170057,0.8111265154908809,14.808394947013577,22.164706626872025
C,25,20,130,,10,2,1.0,10.868527785392464,0.8494076824134821,10.8660511044293,17.285969785449723
C,25,20,130,,10,10,sqrt,30.97727056170057,0.8111265154908809,14.808394947013577,22.164706626872025
C,25,20,130,,10,10,1.0,10.868527785392464,0.8494076824134821,10.8660511044293,17.285969785449723
C,30,10,115,5.0,1,2,sqrt,10.11108572995144,0.7725451653662462,13.677395177381237,17.70713568621868
C,30,10,115,5.0,1,2,1.0,3.445912376237323,0.8682436973579939,9.048900855286064,12.822477257300875
C,30,10,115,5.0,1,10,sqrt,10.11108572995144,0.7725451653662462,13.677395177381237,17.70713568621868
C,30,10,115,5.0,1,10,1.0,3.445912376237323,0.8682436973579939,9.048900855286064,12.822477257300875
C,30,10,115,5.0,5,2,sqrt,10.072841646363967,0.7730676571868145,13.682648053358117,17.707185621394565
C,30,10,115,5.0,5,2,1.0,3.445912376237323,0.8682436973579939,9.048900855286064,12.822477257300875
C,30,10,115,5.0,5,10,sqrt,10.072841646363967,0.7730676571868145,13.682648053358117,17.707185621394565
C,30,10,115,5.0,5,10,1.0,3.445912376237323,0.8682436973579939,9.048900855286064,12.822477257300875
C,30,10,115,5.0,10,2,sqrt,30.61558024000671,0.7600269667427477,14.938410265743855,19.20273839140295
C,30,10,115,5.0,10,2,1.0,3.4457188833875287,0.8683177139418715,9.046721173364611,12.822271428742772
C,30,10,115,5.0,10,10,sqrt,30.61558024000671,0.7600269667427477,14.938410265743855,19.20273839140295
C,30,10,115,5.0,10,10,1.0,3.4457188833875287,0.8683177139418715,9.046721173364611,12.822271428742772
C,30,10,115,10.0,1,2,sqrt,7.1039071955749,0.8328606660287996,11.484277849811381,15.903261668694034
C,30,10,115,10.0,1,2,1.0,3.7705545256564412,0.8863222329395176,8.234723684542528,13.082848219971865
C,30,10,115,10.0,1,10,sqrt,7.523013024475918,0.840790284592735,10.69235183086164,15.287903440966762
C,30,10,115,10.0,1,10,1.0,3.8260513253495425,0.8866907378146953,8.217868600672372,13.066890997622417
C,30,10,115,10.0,5,2,sqrt,8.418657080500724,0.8494904880035806,10.421860017196071,15.127556584821576
C,30,10,115,10.0,5,2,1.0,3.6419012961343045,0.8868262653079066,8.165242781684597,12.972246809166865
C,30,10,115,10.0,5,10,sqrt,8.418657080500724,0.8494904880035806,10.421860017196071,15.127556584821576
C,30,10,115,10.0,5,10,1.0,3.6419012961343045,0.8868262653079066,8.165242781684597,12.972246809166865
C,30,10,115,10.0,10,2,sqrt,30.155110740746785,0.8469727228394172,10.381360349957799,14.790865408990493
C,30,10,115,10.0,10,2,1.0,3.45005103385254,0.889984484680871,8.051980587945568,12.750165049534038
C,30,10,115,10.0,10,10,sqrt,30.155110740746785,0.8469727228394172,10.381360349957799,14.790865408990493
C,30,10,115,10.0,10,10,1.0,3.45005103385254,0.889984484680871,8.051980587945568,12.750165049534038
C,30,10,115,,1,2,sqrt,9.338716170795482,0.8447935754211212,10.590985848929556,16.963366139793475
C,30,10,115,,1,2,1.0,5.728879735191811,0.8603566544876061,9.03066645467912,15.087667849277318
C,30,10,115,,1,10,sqrt,10.989760848598161,0.8496878406824477,10.51301070350984,16.81207804211914
C,30,10,115,,1,10,1.0,5.170857962350736,0.8649520881982827,8.935427034549937,14.837454006060648
C,30,10,115,,5,2,sqrt,6.677367755490397,0.8572037864920683,9.818139692681282,15.595526093369855
C,30,10,115,,5,2,1.0,4.720102840534084,0.8707687019790484,8.6263190726368,14.315748133956609
C,30,10,115,,5,10,sqrt,6.677367755490397,0.8572037864920683,9.818139692681282,15.595526093369855
C,30,10,115,,5,10,1.0,4.720102840534084,0.8707687019790484,8.6263190726368,14.315748133956609
C,30,10,115,,10,2,sqrt,9.81653112680859,0.8616774605389897,9.779654495326954,15.184379952939926
C,30,10,115,,10,2,1.0,4.100317974824197,0.877398486737089,8.469087171699254,13.794915337145222
C,30,10,115,,10,10,sqrt,9.81653112680859,0.8616774605389897,9.779654495326954,15.184379952939926
C,30,10,115,,10,10,1.0,4.100317974824197,0.877398486737089,8.469087171699254,13.794915337145222
C,30,10,120,5.0,1,2,sqrt,12.78321942526451,0.7694426844875667,14.817964398151327,18.87915997307427
C,30,10,120,5.0,1,2,1.0,4.606383050427295,0.8579674699005594,10.281238288654354,14.127282390013757
C,30,10,120,5.0,1,10,sqrt,12.78321942526451,0.7694426844875667,14.817964398151327,18.87915997307427
C,30,10,120,5.0,1,10,1.0,4.606383050427295,0.8579674699005594,10.281238288654354,14.127282390013757
C,30,10,120,5.0,5,2,sqrt,12.693367245935752,0.7698710069966257,14.826664188424193,18.87970570733121
C,30,10,120,5.0,5,2,1.0,4.606383050427295,0.8579674699005594,10.281238288654354,14.127282390013757
C,30,10,120,5.0,5,10,sqrt,12.693367245935752,0.7698710069966257,14.826664188424193,18.87970570733121
C,30,10,120,5.0,5,10,1.0,4.606383050427295,0.8579674699005594,10.281238288654354,14.127282390013757
C,30,10,120,5.0,10,2,sqrt,39.038482482162166,0.7545088232115088,16.253955303421332,20.549440148554822
C,30,10,120,5.0,10,2,1.0,4.605854088182868,0.8579845227664228,10.28030720087153,14.12609075620961
C,30,10,120,5.0,10,10,sqrt,39.038482482162166,0.7545088232115088,16.253955303421332,20.549440148554822
C,30,10,120,5.0,10,10,1.0,4.605854088182868,0.8579845227664228,10.28030720087153,14.12609075620961
C,30,10,120,10.0,1,2,sqrt,9.010662230927512,0.8491264333077094,11.408807682056196,16.250164282015387
C,30,10,120,10.0,1,2,1.0,4.994755126871467,0.8791027998826839,9.199362955913873,14.128672960111478
C,30,10,120,10.0,1,10,sqrt,8.249158854297749,0.8431190201420851,11.223031662346639,15.961662333928587
C,30,10,120,10.0,1,10,1.0,4.804649061363257,0.8793362760684087,9.147659410964083,14.03658141136332
C,30,10,120,10.0,5,2,sqrt,15.155510647907889,0.8557553782570482,10.776315422178897,15.524498147203365
C,30,10,120,10.0,5,2,1.0,4.606408713042455,0.8808835355102509,9.121109939249203,13.996317835515018
C,30,10,120,10.0,5,10,sqrt,15.155510647907889,0.8557553782570482,10.776315422178897,15.524498147203365
C,30,10,120,10.0,5,10,1.0,4.606408713042455,0.8808835355102509,9.121109939249203,13.996317835515018
C,30,10,120,10.0,10,2,sqrt,8.020024203917021,0.8600775682294458,10.855070701691256,15.524881275270292
C,30,10,120,10.0,10,2,1.0,4.237723961667156,0.8835122786306968,9.000152112798988,13.752388272059267
C,30,10,120,10.0,10,10,sqrt,8.020024203917021,0.8600775682294458,10.855070701691256,15.524881275270292
C,30,10,120,10.0,10,10,1.0,4.237723961667156,0.8835122786306968,9.000152112798988,13.752388272059267
C,30,10,120,,1,2,sqrt,40.747057331067076,0.8374779972189964,11.339585059941616,17.81928981508025
C,30,10,120,,1,2,1.0,6.800687428606913,0.8537002545999526,10.00221235814052,16.241823760724696
C,30,10,120,,1,10,sqrt,11.004852959711954,0.8457559031991586,11.14710939368064,17.388296097827205
C,30,10,120,,1,10,1.0,6.254961957280801,0.8592128284978455,9.823768127827769,15.824449436934483
C,30,10,120,,5,2,sqrt,14.420921627313248,0.847720922764515,11.134410666011743,17.1018662879259
C,30,10,120,,5,2,1.0,5.716006096764865,0.8656320620184417,9.49878606158271,15.282210768986229
C,30,10,120,,5,10,sqrt,14.420921627313248,0.847720922764515,11.134410666011743,17.1018662879259
C,30,10,120,,5,10,1.0,5.716006096764865,0.8656320620184417,9.49878606158271,15.282210768986229
C,30,10,120,,10,2,sqrt,6.3742844936564085,0.8626925068953627,10.189954539500047,15.60098830310647
C,30,10,120,,10,2,1.0,4.676663535820748,0.8718744906395954,9.391442638355256,14.824155295073865
C,30,10,120,,10,10,sqrt,6.3742844936564085,0.8626925068953627,10.189954539500047,15.60098830310647
C,30,10,120,,10,10,1.0,4.676663535820748,0.8718744906395954,9.391442638355256,14.824155295073865
C,30,10,125,5.0,1,2,sqrt,16.228055774434345,0.7630930305410308,16.079766475108933,20.189434781689833
C,30,10,125,5.0,1,2,1.0,5.399292320152654,0.8557082861669241,11.080222523282952,14.996846659294267
C,30,10,125,5.0,1,10,sqrt,16.228055774434345,0.7630930305410308,16.079766475108933,20.189434781689833
C,30,10,125,5.0,1,10,1.0,5.399292320152654,0.8557082861669241,11.080222523282952,14.996846659294267
C,30,10,125,5.0,5,2,sqrt,16.069390617794284,0.7635159011199105,16.08912041629062,20.188443330530905
C,30,10,125,5.0,5,2,1.0,5.399292320152654,0.8557082861669241,11.080222523282952,14.996846659294267
C,30,10,125,5.0,5,10,sqrt,16.069390617794284,0.7635159011199105,16.08912041629062,20.188443330530905
C,30,10,125,5.0,5,10,1.0,5.399292320152654,0.8557082861669241,11.080222523282952,14.996846659294267
C,30,10,125,5.0,10,2,sqrt,14.67336677519267,0.7800604373153218,15.442935274036305,19.417479000296897
C,30,10,125,5.0,10,2,1.0,5.399275153104882,0.8557082861669241,11.080298876220764,14.996841896700648
C,30,10,125,5.0,10,10,sqrt,14.67336677519267,0.7800604373153218,15.442935274036305,19.417479000296897
C,30,10,125,5.0,10,10,1.0,5.399275153104882,0.8557082861669241,11.080298876220764,14.996841896700648
C,30,10,125,10.0,1,2,sqrt,29.85696305330394,0.8327941111048205,13.35299500540549,18.50622736952224
C,30,10,125,10.0,1,2,1.0,5.855236638248661,0.8743708188538489,10.088182317811434,15.105348622919394
C,30,10,125,10.0,1,10,sqrt,45.70506036817245,0.804089732239769,14.48972418579763,19.679421553179658
C,30,10,125,10.0,1,10,1.0,6.171387572324879,0.8745461226095292,10.051596181410854,15.056053116008291
C,30,10,125,10.0,5,2,sqrt,30.331362408670184,0.8244022435335662,13.44066288429794,18.466508246186436
C,30,10,125,10.0,5,2,1.0,5.403963699405051,0.8750455431603337,10.031564494743629,14.981721267713198
C,30,10,125,10.0,5,10,sqrt,30.331362408670184,0.8244022435335662,13.44066288429794,18.466508246186436
C,30,10,125,10.0,5,10,1.0,5.403963699405051,0.8750455431603337,10.031564494743629,14.981721267713198
C,30,10,125,10.0,10,2,sqrt,26.26155385926192,0.8603562535579717,11.356061462502455,15.975845514354948
C,30,10,125,10.0,10,2,1.0,5.058742115457483,0.8771788773252778,9.958467281863006,14.823424827914597
C,30,10,125,10.0,10,10,sqrt,26.26155385926192,0.8603562535579717,11.356061462502455,15.975845514354948
C,30,10,125,10.0,10,10,1.0,5.058742115457483,0.8771788773252778,9.958467281863006,14.823424827914597
C,30,10,125,,1,2,sqrt,33.49513905071514,0.8310429218277555,12.659201654082143,19.324472133298336
C,30,10,125,,1,2,1.0,9.15216076095131,0.8474913630740628,11.180136874821264,17.539778358889187
C,30,10,125,,1,10,sqrt,19.869459806266164,0.8388595337622826,12.366355819622834,18.507255559993077
C,30,10,125,,1,10,1.0,8.317504432630956,0.8528032409996806,10.966630305674542,17.118874653904527
C,30,10,125,,5,2,sqrt,16.942263131484765,0.841203778383346,12.38746625444318,18.517373385733265
C,30,10,125,,5,2,1.0,7.357573192973985,0.8547625932459045,10.764844899433466,16.695497542941588
C,30,10,125,,5,10,sqrt,16.942263131484765,0.841203778383346,12.38746625444318,18.517373385733265
C,30,10,125,,5,10,1.0,7.357573192973985,0.8547625932459045,10.764844899433466,16.695497542941588
C,30,10,125,,10,2,sqrt,11.062874773353297,0.8479175997897389,12.055632996718815,17.808193423769932
C,30,10,125,,10,2,1.0,6.333886931576253,0.8621281188254327,10.461423797085937,16.02913960201616
C,30,10,125,,10,10,sqrt,11.062874773353297,0.8479175997897389,12.055632996718815,17.808193423769932
C,30,10,125,,10,10,1.0,6.333886931576253,0.8621281188254327,10.461423797085937,16.02913960201616
C,30,10,130,5.0,1,2,sqrt,18.945792803165954,0.7693815791203356,15.427816035646606,20.23877791010619
C,30,10,130,5.0,1,2,1.0,6.411976168512737,0.8611648709795322,10.371775097863523,15.104528870964609
C,30,10,130,5.0,1,10,sqrt,18.945792803165954,0.7693815791203356,15.427816035646606,20.23877791010619
C,30,10,130,5.0,1,10,1.0,6.411976168512737,0.8611648709795322,10.371775097863523,15.104528870964609
C,30,10,130,5.0,5,2,sqrt,18.767539404291984,0.7699906552955298,15.436258773249879,20.236252456831288
C,30,10,130,5.0,5,2,1.0,6.411976168512737,0.8611648709795322,10.371775097863523,15.104528870964609
C,30,10,130,5.0,5,10,sqrt,18.767539404291984,0.7699906552955298,15.436258773249879,20.236252456831288
C,30,10,130,5.0,5,10,1.0,6.411976168512737,0.8611648709795322,10.371775097863523,15.104528870964609
C,30,10,130,5.0,10,2,sqrt,17.629720922705758,0.771965294413784,15.291315413210167,19.93656935665708
C,30,10,130,5.0,10,2,1.0,6.413480628241466,0.8610809953895743,10.376889328799669,15.10748722092147
C,30,10,130,5.0,10,10,sqrt,17.629720922705758,0.771965294413784,15.291315413210167,19.93656935665708
C,30,10,130,5.0,10,10,1.0,6.413480628241466,0.8610809953895743,10.376889328799669,15.10748722092147
C,30,10,130,10.0,1,2,sqrt,88.98249434991673,0.8142084298359066,14.014118499473707,20.427118694771544
C,30,10,130,10.0,1,2,1.0,6.447771697419448,0.8704681855613263,9.755010896076872,15.262668166700118
C,30,10,130,10.0,1,10,sqrt,14.456605549122543,0.8333540788512723,12.233782154279153,17.60022256865685
C,30,10,130,10.0,1,10,1.0,6.143862417856122,0.8706971201678755,9.724601787878372,15.169043025299521
C,30,10,130,10.0,5,2,sqrt,17.070090098851104,0.836484351792466,11.844752386414038,17.34756523100369
C,30,10,130,10.0,5,2,1.0,5.810594029740192,0.8721879459030764,9.612744755966826,15.021156712338424
C,30,10,130,10.0,5,10,sqrt,17.070090098851104,0.836484351792466,11.844752386414038,17.34756523100369
C,30,10,130,10.0,5,10,1.0,5.810594029740192,0.8721879459030764,9.612744755966826,15.021156712338424
C,30,10,130,10.0,10,2,sqrt,10.833435505806914,0.8501109148857395,11.45329035134865,17.04271051504016
C,30,10,130,10.0,10,2,1.0,5.729880184901357,0.8733017580332095,9.563895872959616,14.871035387941314
C,30,10,130,10.0,10,10,sqrt,10.833435505806914,0.8501109148857395,11.45329035134865,17.04271051504016
C,30,10,130,10.0,10,10,1.0,5.729880184901357,0.8733017580332095,9.563895872959616,14.871035387941314
C,30,10,130,,1,2,sqrt,100.95144346561015,0.8243932163646555,13.12503168514279,20.361773400565188
C,30,10,130,,1,2,1.0,9.369925305666838,0.8496221502174706,10.93254597798684,17.307746742687065
C,30,10,130,,1,10,sqrt,16.502558650903982,0.8393635241378654,12.135480861608754,18.499357486753187
C,30,10,130,,1,10,1.0,8.35948911632204,0.851064388701762,10.852831543505085,17.010615634088616
C,30,10,130,,5,2,sqrt,16.04121314959577,0.8383834718238774,12.23836064925673,18.514134108633677
C,30,10,130,,5,2,1.0,7.617632232304125,0.857411079155115,10.470617442913593,16.42267393628324
C,30,10,130,,5,10,sqrt,16.04121314959577,0.8383834718238774,12.23836064925673,18.514134108633677
C,30,10,130,,5,10,1.0,7.617632232304125,0.857411079155115,10.470617442913593,16.42267393628324
C,30,10,130,,10,2,sqrt,17.13635483802288,0.847173123046945,11.92089344337988,18.21954859273018
C,30,10,130,,10,2,1.0,6.653975257487002,0.8626735283442593,10.191929334788625,15.836086466418987
C,30,10,130,,10,10,sqrt,17.13635483802288,0.847173123046945,11.92089344337988,18.21954859273018
C,30,10,130,,10,10,1.0,6.653975257487002,0.8626735283442593,10.191929334788625,15.836086466418987
C,30,15,115,5.0,1,2,sqrt,9.787682623875616,0.7665298046033456,13.642236476449781,17.443760782169697
C,30,15,115,5.0,1,2,1.0,3.446329543966989,0.8680506163323749,9.047965835875917,12.82330000983804
C,30,15,115,5.0,1,10,sqrt,9.630531287336257,0.7779129588409829,13.392719823098233,17.28376000389474
C,30,15,115,5.0,1,10,1.0,3.446329543966989,0.8680506163323749,9.047965835875917,12.82330000983804
C,30,15,115,5.0,5,2,sqrt,9.83902805049991,0.7744637357695583,13.568895347139321,17.48216745247182
C,30,15,115,5.0,5,2,1.0,3.446329543966989,0.8680506163323749,9.047965835875917,12.82330000983804
C,30,15,115,5.0,5,10,sqrt,9.83902805049991,0.7744637357695583,13.568895347139321,17.48216745247182
C,30,15,115,5.0,5,10,1.0,3.446329543966989,0.8680506163323749,9.047965835875917,12.82330000983804
C,30,15,115,5.0,10,2,sqrt,10.618786914684605,0.7725309919613315,13.90402423124686,17.792939928357857
C,30,15,115,5.0,10,2,1.0,3.446136051117194,0.8681246329162524,9.045786153954463,12.823094124867046
C,30,15,115,5.0,10,10,sqrt,10.618786914684605,0.7725309919613315,13.90402423124686,17.792939928357857
C,30,15,115,5.0,10,10,1.0,3.446136051117194,0.8681246329162524,9.045786153954463,12.823094124867046
C,30,15,115,10.0,1,2,sqrt,12.866086248186281,0.8346178869750599,11.613143722926914,16.359817951513236
C,30,15,115,10.0,1,2,1.0,4.111461579766496,0.8840018757791551,8.398866601177307,13.351503175099307
C,30,15,115,10.0,1,10,sqrt,14.973728391664906,0.8493840378768386,11.170863523316797,16.1034309752197
C,30,15,115,10.0,1,10,1.0,4.114966973447979,0.884277928387054,8.392498602866416,13.294560645141814
C,30,15,115,10.0,5,2,sqrt,8.189818406421281,0.8371195306994548,11.77819818667489,16.729265280871225
C,30,15,115,10.0,5,2,1.0,3.891704009746642,0.8860426009125602,8.306543344195669,13.182658443291965
C,30,15,115,10.0,5,10,sqrt,8.189818406421281,0.8371195306994548,11.77819818667489,16.729265280871225
C,30,15,115,10.0,5,10,1.0,3.891704009746642,0.8860426009125602,8.306543344195669,13.182658443291965
C,30,15,115,10.0,10,2,sqrt,6.839804337805131,0.8446795220855872,11.133828810921907,15.708755476942297
C,30,15,115,10.0,10,2,1.0,3.5851191562796387,0.8878015212219642,8.223506996422906,12.998682324921859
C,30,15,115,10.0,10,10,sqrt,6.839804337805131,0.8446795220855872,11.133828810921907,15.708755476942297
C,30,15,115,10.0,10,10,1.0,3.5851191562796387,0.8878015212219642,8.223506996422906,12.998682324921859
C,30,15,115,,1,2,sqrt,12.930855214447163,0.8254514959414635,11.335723548621639,18.077379267195248
C,30,15,115,,1,2,1.0,5.569434507409568,0.8583234737810821,9.13736468156922,15.158105173048906
C,30,15,115,,1,10,sqrt,9.486599588313588,0.841375574789739,10.869976146852723,17.15830726153324
C,30,15,115,,1,10,1.0,5.217152887589416,0.8650902733245515,8.799729078110776,14.607634295200475
C,30,15,115,,5,2,sqrt,6.612389755649934,0.8469523949754226,10.303828873144248,16.001468746201276
C,30,15,115,,5,2,1.0,4.7939287703066205,0.8703578316968079,8.641565540015316,14.287763515748498
C,30,15,115,,5,10,sqrt,6.612389755649934,0.8469523949754226,10.303828873144248,16.001468746201276
C,30,15,115,,5,10,1.0,4.7939287703066205,0.8703578316968079,8.641565540015316,14.287763515748498
C,30,15,115,,10,2,sqrt,14.778322919853451,0.8473059090634785,10.796925108312964,16.54564142112929
C,30,15,115,,10,2,1.0,4.130829575753144,0.8758569123604492,8.466096993230195,13.686896054703135
C,30,15,115,,10,10,sqrt,14.778322919853451,0.8473059090634785,10.796925108312964,16.54564142112929
C,30,15,115,,10,10,1.0,4.130829575753144,0.8758569123604492,8.466096993230195,13.686896054703135
C,30,15,120,5.0,1,2,sqrt,13.294603360921391,0.7628123832044714,14.790427274228005,18.616223712532907
C,30,15,120,5.0,1,2,1.0,4.606383050427295,0.8579674699005594,10.281238288654354,14.127282390013757
C,30,15,120,5.0,1,10,sqrt,12.451542906481706,0.7662430472711129,14.648648929772577,18.63364178930621
C,30,15,120,5.0,1,10,1.0,4.606383050427295,0.8579674699005594,10.281238288654354,14.127282390013757
C,30,15,120,5.0,5,2,sqrt,12.680785557717078,0.7628945001644072,14.854412484990291,18.841994801820704
C,30,15,120,5.0,5,2,1.0,4.606383050427295,0.8579674699005594,10.281238288654354,14.127282390013757
C,30,15,120,5.0,5,10,sqrt,12.680785557717078,0.7628945001644072,14.854412484990291,18.841994801820704
C,30,15,120,5.0,5,10,1.0,4.606383050427295,0.8579674699005594,10.281238288654354,14.127282390013757
C,30,15,120,5.0,10,2,sqrt,12.753312561304032,0.7586203797871597,15.061694484351417,18.937860108027294
C,30,15,120,5.0,10,2,1.0,4.605854088182868,0.8579845227664228,10.28030720087153,14.12609075620961
C,30,15,120,5.0,10,10,sqrt,12.753312561304032,0.7586203797871597,15.061694484351417,18.937860108027294
C,30,15,120,5.0,10,10,1.0,4.605854088182868,0.8579845227664228,10.28030720087153,14.12609075620961
C,30,15,120,10.0,1,2,sqrt,13.42562014999146,0.8123532680822892,13.277878445021258,18.028352763731966
C,30,15,120,10.0,1,2,1.0,5.03598207200576,0.8770109421064867,9.300917614357118,14.245514702644083
C,30,15,120,10.0,1,10,sqrt,12.26589083567941,0.8340332713149881,12.676511133899556,17.545154570871226
C,30,15,120,10.0,1,10,1.0,4.9871325723642865,0.8781790576624224,9.253534824610174,14.184418046816116
C,30,15,120,10.0,5,2,sqrt,12.174880926031673,0.8425703505220712,12.340291439469535,17.58164021952742
C,30,15,120,10.0,5,2,1.0,4.8927026255474235,0.878501985563639,9.241698809140463,14.195766757681188
C,30,15,120,10.0,5,10,sqrt,12.174880926031673,0.8425703505220712,12.340291439469535,17.58164021952742
C,30,15,120,10.0,5,10,1.0,4.8927026255474235,0.878501985563639,9.241698809140463,14.195766757681188
C,30,15,120,10.0,10,2,sqrt,13.551992329811984,0.8158345982193014,13.499362241590214,18.344246586808197
C,30,15,120,10.0,10,2,1.0,4.698900182487856,0.8800262296431309,9.108279095428248,13.947407696825033
C,30,15,120,10.0,10,10,sqrt,13.551992329811984,0.8158345982193014,13.499362241590214,18.344246586808197
C,30,15,120,10.0,10,10,1.0,4.698900182487856,0.8800262296431309,9.108279095428248,13.947407696825033
C,30,15,120,,1,2,sqrt,19.334073943124775,0.8370604645016948,11.478916364951315,17.910284950448283
C,30,15,120,,1,2,1.0,7.001671715165929,0.8570299619320675,9.827123343680162,15.986450400288883
C,30,15,120,,1,10,sqrt,12.668081253452527,0.8313710331396733,12.497172968914464,19.029972590220062
C,30,15,120,,1,10,1.0,6.742929942916314,0.8612387864394233,9.743921027116352,15.733609625300593
C,30,15,120,,5,2,sqrt,15.911722224321455,0.8329850587973804,12.208631253675975,18.443278807981287
C,30,15,120,,5,2,1.0,6.1791002482390045,0.8652088031972737,9.530467740186877,15.337878556976506
C,30,15,120,,5,10,sqrt,15.911722224321455,0.8329850587973804,12.208631253675975,18.443278807981287
C,30,15,120,,5,10,1.0,6.1791002482390045,0.8652088031972737,9.530467740186877,15.337878556976506
C,30,15,120,,10,2,sqrt,17.41909381648635,0.8381342435240313,12.331547225617388,18.431153866681647
C,30,15,120,,10,2,1.0,5.424228365212278,0.8679615339754131,9.390328829734498,14.804934997254573
C,30,15,120,,10,10,sqrt,17.41909381648635,0.8381342435240313,12.331547225617388,18.431153866681647
C,30,15,120,,10,10,1.0,5.424228365212278,0.8679615339754131,9.390328829734498,14.804934997254573
C,30,15,125,5.0,1,2,sqrt,16.997561814659022,0.7602032291571381,16.077324924180477,20.09093527234148
C,30,15,125,5.0,1,2,1.0,5.3994638914206625,0.8559920864195257,11.071834507341869,14.995045093537186
C,30,15,125,5.0,1,10,sqrt,16.835369720157672,0.7622111487275156,16.16144892693196,20.205515499295135
C,30,15,125,5.0,1,10,1.0,5.3994638914206625,0.8559920864195257,11.071834507341869,14.995045093537186
C,30,15,125,5.0,5,2,sqrt,16.83907706058986,0.7618619245984162,16.173622672978034,20.21327086216672
C,30,15,125,5.0,5,2,1.0,5.3994638914206625,0.8559920864195257,11.071834507341869,14.995045093537186
C,30,15,125,5.0,5,10,sqrt,16.83907706058986,0.7618619245984162,16.173622672978034,20.21327086216672
C,30,15,125,5.0,5,10,1.0,5.3994638914206625,0.8559920864195257,11.071834507341869,14.995045093537186
C,30,15,125,5.0,10,2,sqrt,17.409925963960696,0.7602365124423971,16.345933204259577,20.401581366693456
C,30,15,125,5.0,10,2,1.0,5.3994638914206625,0.8559920864195257,11.071834507341869,14.995045093537186
C,30,15,125,5.0,10,10,sqrt,17.409925963960696,0.7602365124423971,16.345933204259577,20.401581366693456
C,30,15,125,5.0,10,10,1.0,5.3994638914206625,0.8559920864195257,11.071834507341869,14.995045093537186
C,30,15,125,10.0,1,2,sqrt,13.936496273928324,0.8137948405662044,14.198553848373376,19.030992703316038
C,30,15,125,10.0,1,2,1.0,6.36062572239799,0.8719555990782277,10.175150105281485,15.277841768349044
C,30,15,125,10.0,1,10,sqrt,10.78231190040157,0.8312237455162771,13.131584781869373,18.03610657444741
C,30,15,125,10.0,1,10,1.0,5.923296405498964,0.8726422723431512,10.148048924178564,15.182430734847141
C,30,15,125,10.0,5,2,sqrt,10.274498362853773,0.8399985164875486,12.755668251549153,17.575109053911692
C,30,15,125,10.0,5,2,1.0,6.128167218511934,0.8728558421085374,10.161270453086969,15.238034397657756
C,30,15,125,10.0,5,10,sqrt,10.274498362853773,0.8399985164875486,12.755668251549153,17.575109053911692
C,30,15,125,10.0,5,10,1.0,6.128167218511934,0.8728558421085374,10.161270453086969,15.238034397657756
C,30,15,125,10.0,10,2,sqrt,17.484914518111147,0.8102230295417432,14.408548461385891,19.353005738605077
C,30,15,125,10.0,10,2,1.0,5.727569871562283,0.8746945825071787,10.071055660479754,15.05038765551119
C,30,15,125,10.0,10,10,sqrt,17.484914518111147,0.8102230295417432,14.408548461385891,19.353005738605077
C,30,15,125,10.0,10,10,1.0,5.727569871562283,0.8746945825071787,10.071055660479754,15.05038765551119
C,30,15,125,,1,2,sqrt,18.484117698207886,0.8214132552723672,13.375077277987737,20.419736035644643
C,30,15,125,,1,2,1.0,8.763425188545156,0.8482588664595312,11.214397825088486,17.603635162411795
C,30,15,125,,1,10,sqrt,18.011654278861833,0.8181553275050302,13.744140964764913,20.503961051043653
C,30,15,125,,1,10,1.0,8.7361513607221,0.8502953507017945,11.124032880570466,17.370401613989586
C,30,15,125,,5,2,sqrt,26.416383195254912,0.8192385191275516,13.912640459365832,20.661678214812092
C,30,15,125,,5,2,1.0,7.60229533858583,0.8536597690951432,10.928316590966745,16.87698245401893
C,30,15,125,,5,10,sqrt,26.416383195254912,0.8192385191275516,13.912640459365832,20.661678214812092
C,30,15,125,,5,10,1.0,7.60229533858583,0.8536597690951432,10.928316590966745,16.87698245401893
C,30,15,125,,10,2,sqrt,16.24373836591831,0.8323795521770918,13.264285815247064,19.353734809095595
C,30,15,125,,10,2,1.0,6.529618532930876,0.8603969765480904,10.61353838417913,16.16410210974126
C,30,15,125,,10,10,sqrt,16.24373836591831,0.8323795521770918,13.264285815247064,19.353734809095595
C,30,15,125,,10,10,1.0,6.529618532930876,0.8603969765480904,10.61353838417913,16.16410210974126
C,30,15,130,5.0,1,2,sqrt,22.175597190266988,0.758140008812935,15.743289463208706,20.4957216900173
C,30,15,130,5.0,1,2,1.0,6.401230521020648,0.8611519907996918,10.361361122670791,15.089966255565088
C,30,15,130,5.0,1,10,sqrt,21.453905626361113,0.7611146810298577,15.720981031457905,20.50384207519614
C,30,15,130,5.0,1,10,1.0,6.401230521020648,0.8611519907996918,10.361361122670791,15.089966255565088
C,30,15,130,5.0,5,2,sqrt,21.868751075278666,0.7601951055872251,15.84672244467406,20.60270376988399
C,30,15,130,5.0,5,2,1.0,6.401230521020648,0.8611519907996918,10.361361122670791,15.089966255565088
C,30,15,130,5.0,5,10,sqrt,21.868751075278666,0.7601951055872251,15.84672244467406,20.60270376988399
C,30,15,130,5.0,5,10,1.0,6.401230521020648,0.8611519907996918,10.361361122670791,15.089966255565088
C,30,15,130,5.0,10,2,sqrt,21.468578083331238,0.7609179416137908,15.721302379809288,20.467682570885483
C,30,15,130,5.0,10,2,1.0,6.401230521020648,0.8611519907996918,10.361361122670791,15.089966255565088
C,30,15,130,5.0,10,10,sqrt,21.468578083331238,0.7609179416137908,15.721302379809288,20.467682570885483
C,30,15,130,5.0,10,10,1.0,6.401230521020648,0.8611519907996918,10.361361122670791,15.089966255565088
C,30,15,130,10.0,1,2,sqrt,17.266597891445493,0.8166283546207536,13.518344986423822,19.233792637758704
C,30,15,130,10.0,1,2,1.0,6.506446919656973,0.8696133487911035,9.766126172938975,15.465005023717557
C,30,15,130,10.0,1,10,sqrt,14.518172002151271,0.8115993603276135,13.61163585384107,19.13544046477356
C,30,15,130,10.0,1,10,1.0,6.273914921150239,0.8702200592043539,9.714424033838966,15.387229947369809
C,30,15,130,10.0,5,2,sqrt,16.755558320997277,0.821462165658288,13.234422064805198,19.006900537680984
C,30,15,130,10.0,5,2,1.0,6.214285792619542,0.8717243887383834,9.66716354956442,15.321275457280885
C,30,15,130,10.0,5,10,sqrt,16.755558320997277,0.821462165658288,13.234422064805198,19.006900537680984
C,30,15,130,10.0,5,10,1.0,6.214285792619542,0.8717243887383834,9.66716354956442,15.321275457280885
C,30,15,130,10.0,10,2,sqrt,30.56855699642562,0.820894188708215,13.559032055713208,19.213379596108584
C,30,15,130,10.0,10,2,1.0,6.015853143190972,0.8713892242688033,9.626852627154298,15.180703004048604
C,30,15,130,10.0,10,10,sqrt,30.56855699642562,0.820894188708215,13.559032055713208,19.213379596108584
C,30,15,130,10.0,10,10,1.0,6.015853143190972,0.8713892242688033,9.626852627154298,15.180703004048604
C,30,15,130,,1,2,sqrt,30.906524427999482,0.8218555192481063,13.655015622235391,20.696807884652795
C,30,15,130,,1,2,1.0,9.905668883716368,0.847494132039649,11.172978611282504,17.64159950401094
C,30,15,130,,1,10,sqrt,17.40322501831552,0.8246846625029652,13.67766192361196,20.36929606240458
C,30,15,130,,1,10,1.0,8.549993128895808,0.8507405958387754,10.97173827262176,17.23024221617442
C,30,15,130,,5,2,sqrt,18.189407586320648,0.8173090763587361,13.979556966321965,20.65633527959185
C,30,15,130,,5,2,1.0,7.41678942873407,0.8559607459006798,10.620198145278348,16.68257708671444
C,30,15,130,,5,10,sqrt,18.189407586320648,0.8173090763587361,13.979556966321965,20.65633527959185
C,30,15,130,,5,10,1.0,7.41678942873407,0.8559607459006798,10.620198145278348,16.68257708671444
C,30,15,130,,10,2,sqrt,13.845063944417424,0.8299120818352161,13.380789112276542,19.722972511316627
C,30,15,130,,10,2,1.0,7.038154534555114,0.860294562894409,10.315101068833824,16.16019755618744
C,30,15,130,,10,10,sqrt,13.845063944417424,0.8299120818352161,13.380789112276542,19.722972511316627
C,30,15,130,,10,10,1.0,7.038154534555114,0.860294562894409,10.315101068833824,16.16019755618744
C,30,20,115,5.0,1,2,sqrt,134.79826502372208,0.6639791941271258,21.842095665792158,27.229401603889148
C,30,20,115,5.0,1,2,1.0,3.446609501983331,0.8680391685181663,9.04900557310225,12.824104133811485
C,30,20,115,5.0,1,10,sqrt,162.24861729625815,0.6427072198962092,23.312514102567064,29.0054020097094
C,30,20,115,5.0,1,10,1.0,3.446609501983331,0.8680391685181663,9.04900557310225,12.824104133811485
C,30,20,115,5.0,5,2,sqrt,161.63247574491558,0.6438564714817898,23.2825070539286,28.978844682077813
C,30,20,115,5.0,5,2,1.0,3.446609501983331,0.8680391685181663,9.04900557310225,12.824104133811485
C,30,20,115,5.0,5,10,sqrt,161.63247574491558,0.6438564714817898,23.2825070539286,28.978844682077813
C,30,20,115,5.0,5,10,1.0,3.446609501983331,0.8680391685181663,9.04900557310225,12.824104133811485
C,30,20,115,5.0,10,2,sqrt,134.58215105921326,0.6620680116553286,22.128298812471073,27.508875589109085
C,30,20,115,5.0,10,2,1.0,3.446416009133536,0.8681131851020438,9.046825891180797,12.823898307474224
C,30,20,115,5.0,10,10,sqrt,134.58215105921326,0.6620680116553286,22.128298812471073,27.508875589109085
C,30,20,115,5.0,10,10,1.0,3.446416009133536,0.8681131851020438,9.046825891180797,12.823898307474224
C,30,20,115,10.0,1,2,sqrt,47.04323623211127,0.8021972486241837,13.329091883172087,18.8336409611286
C,30,20,115,10.0,1,2,1.0,4.179521654206271,0.884128913236944,8.373151230071642,13.281027127747219
C,30,20,115,10.0,1,10,sqrt,41.021149437629965,0.8114323764191514,12.809401374434287,18.1536556484953
C,30,20,115,10.0,1,10,1.0,4.254474869296891,0.8847186235148368,8.400243294725186,13.340699322328652
C,30,20,115,10.0,5,2,sqrt,28.635015139597765,0.813854066431834,13.136989053068527,18.40406593410187
C,30,20,115,10.0,5,2,1.0,3.927166659630786,0.8865633834885109,8.312711816246594,13.151733389578009
C,30,20,115,10.0,5,10,sqrt,28.635015139597765,0.813854066431834,13.136989053068527,18.40406593410187
C,30,20,115,10.0,5,10,1.0,3.927166659630786,0.8865633834885109,8.312711816246594,13.151733389578009
C,30,20,115,10.0,10,2,sqrt,41.50363920711927,0.799128805737249,14.328195052694559,20.233008807716836
C,30,20,115,10.0,10,2,1.0,3.8608120643504575,0.8872411658147568,8.200236079776396,12.961528101503351
C,30,20,115,10.0,10,10,sqrt,41.50363920711927,0.799128805737249,14.328195052694559,20.233008807716836
C,30,20,115,10.0,10,10,1.0,3.8608120643504575,0.8872411658147568,8.200236079776396,12.961528101503351
C,30,20,115,,1,2,sqrt,22.385635232693932,0.8185806987249282,12.474904143763919,19.810530595975866
C,30,20,115,,1,2,1.0,5.884637814997769,0.8578674941440918,9.144328120906524,15.119121918844431
C,30,20,115,,1,10,sqrt,40.57226359469517,0.817896532287452,13.150296690614052,20.35885162086242
C,30,20,115,,1,10,1.0,5.549409464290416,0.8634688035982101,8.953107319973586,14.700150230898696
C,30,20,115,,5,2,sqrt,21.465282958590535,0.8308013936674575,12.13544200208037,18.85176523871219
C,30,20,115,,5,2,1.0,5.132253381878281,0.866232007776509,8.808375684137513,14.40707253338817
C,30,20,115,,5,10,sqrt,21.465282958590535,0.8308013936674575,12.13544200208037,18.85176523871219
C,30,20,115,,5,10,1.0,5.132253381878281,0.866232007776509,8.808375684137513,14.40707253338817
C,30,20,115,,10,2,sqrt,21.854847710494575,0.827680774102498,12.43706109411166,18.73006874550875
C,30,20,115,,10,2,1.0,4.449846654238731,0.8743727262289653,8.502386548372735,13.726396589634595
C,30,20,115,,10,10,sqrt,21.854847710494575,0.827680774102498,12.43706109411166,18.73006874550875
C,30,20,115,,10,10,1.0,4.449846654238731,0.8743727262289653,8.502386548372735,13.726396589634595
C,30,20,120,5.0,1,2,sqrt,170.69173536026145,0.6645357327743855,23.185089269151632,28.7141669816507
C,30,20,120,5.0,1,2,1.0,4.606383050427295,0.8579674699005594,10.281238288654354,14.127282390013757
C,30,20,120,5.0,1,10,sqrt,170.69173536026145,0.6645357327743855,23.185089269151632,28.7141669816507
C,30,20,120,5.0,1,10,1.0,4.606383050427295,0.8579674699005594,10.281238288654354,14.127282390013757
C,30,20,120,5.0,5,2,sqrt,170.09035464686605,0.6659023800038045,23.15655157446588,28.6779010208775
C,30,20,120,5.0,5,2,1.0,4.606383050427295,0.8579674699005594,10.281238288654354,14.127282390013757
C,30,20,120,5.0,5,10,sqrt,170.09035464686605,0.6659023800038045,23.15655157446588,28.6779010208775
C,30,20,120,5.0,5,10,1.0,4.606383050427295,0.8579674699005594,10.281238288654354,14.127282390013757
C,30,20,120,5.0,10,2,sqrt,171.76293940311393,0.6613501966119266,23.542172221197543,29.12005267081297
C,30,20,120,5.0,10,2,1.0,4.605854088182868,0.8579845227664228,10.28030720087153,14.12609075620961
C,30,20,120,5.0,10,10,sqrt,171.76293940311393,0.6613501966119266,23.542172221197543,29.12005267081297
C,30,20,120,5.0,10,10,1.0,4.605854088182868,0.8579845227664228,10.28030720087153,14.12609075620961
C,30,20,120,10.0,1,2,sqrt,98.2588952761896,0.7682971791962271,16.31967823012366,22.210353934718576
C,30,20,120,10.0,1,2,1.0,5.221646187211079,0.8759752296238016,9.33901351316353,14.282455197508657
C,30,20,120,10.0,1,10,sqrt,72.18931611881146,0.7849631211056586,15.893740086332835,21.90622111940045
C,30,20,120,10.0,1,10,1.0,5.093015600810003,0.8767294903857682,9.358867828067535,14.271380344622548
C,30,20,120,10.0,5,2,sqrt,37.01494183368213,0.7815619591750547,15.81921641203861,21.489496568077307
C,30,20,120,10.0,5,2,1.0,5.1306487354048205,0.8775299547759594,9.325964810479704,14.268534917507392
C,30,20,120,10.0,5,10,sqrt,37.01494183368213,0.7815619591750547,15.81921641203861,21.489496568077307
C,30,20,120,10.0,5,10,1.0,5.1306487354048205,0.8775299547759594,9.325964810479704,14.268534917507392
C,30,20,120,10.0,10,2,sqrt,71.01793808832015,0.7844517317530302,16.29636180200765,22.437468010818556
C,30,20,120,10.0,10,2,1.0,4.882847298548244,0.8791207255944615,9.209222599201311,14.064803217921114
C,30,20,120,10.0,10,10,sqrt,71.01793808832015,0.7844517317530302,16.29636180200765,22.437468010818556
C,30,20,120,10.0,10,10,1.0,4.882847298548244,0.8791207255944615,9.209222599201311,14.064803217921114
C,30,20,120,,1,2,sqrt,76.38956072070161,0.8021099154998803,14.569743455629151,22.641291154911226
C,30,20,120,,1,2,1.0,7.1708017562139315,0.8543797161988869,9.994149586330359,16.09480375901212
C,30,20,120,,1,10,sqrt,51.20902170172786,0.8066941176322814,14.670532738096483,22.30900904565421
C,30,20,120,,1,10,1.0,6.705043767922118,0.8591467698564174,9.845584044225834,15.799623263763882
C,30,20,120,,5,2,sqrt,42.34590950803063,0.808489155845358,14.378919156141587,21.53000803747615
C,30,20,120,,5,2,1.0,6.300310151792305,0.8628149710435963,9.700697262261787,15.479591702605614
C,30,20,120,,5,10,sqrt,42.34590950803063,0.808489155845358,14.378919156141587,21.53000803747615
C,30,20,120,,5,10,1.0,6.300310151792305,0.8628149710435963,9.700697262261787,15.479591702605614
C,30,20,120,,10,2,sqrt,22.834494651325155,0.8180253953392416,13.726946928527166,20.392762982229463
C,30,20,120,,10,2,1.0,5.7802216468669645,0.8648698679433677,9.46444522791575,15.011841832272813
C,30,20,120,,10,10,sqrt,22.834494651325155,0.8180253953392416,13.726946928527166,20.392762982229463
C,30,20,120,,10,10,1.0,5.7802216468669645,0.8648698679433677,9.46444522791575,15.011841832272813
C,30,20,125,5.0,1,2,sqrt,215.3317101016966,0.6620834984843388,24.623330763906143,30.28840988744862
C,30,20,125,5.0,1,2,1.0,5.3994638914206625,0.8559920864195257,11.071834507341869,14.995045093537186
C,30,20,125,5.0,1,10,sqrt,215.3317101016966,0.6620834984843388,24.623330763906143,30.28840988744862
C,30,20,125,5.0,1,10,1.0,5.3994638914206625,0.8559920864195257,11.071834507341869,14.995045093537186
C,30,20,125,5.0,5,2,sqrt,214.73294346988104,0.6625328152915205,24.592582454162994,30.253729881200616
C,30,20,125,5.0,5,2,1.0,5.3994638914206625,0.8559920864195257,11.071834507341869,14.995045093537186
C,30,20,125,5.0,5,10,sqrt,214.73294346988104,0.6625328152915205,24.592582454162994,30.253729881200616
C,30,20,125,5.0,5,10,1.0,5.3994638914206625,0.8559920864195257,11.071834507341869,14.995045093537186
C,30,20,125,5.0,10,2,sqrt,216.61575663865565,0.656609322272468,24.976074766742602,30.63117476215003
C,30,20,125,5.0,10,2,1.0,5.3994638914206625,0.8559920864195257,11.071834507341869,14.995045093537186
C,30,20,125,5.0,10,10,sqrt,216.61575663865565,0.656609322272468,24.976074766742602,30.63117476215003
C,30,20,125,5.0,10,10,1.0,5.3994638914206625,0.8559920864195257,11.071834507341869,14.995045093537186
C,30,20,125,10.0,1,2,sqrt,42.220265176590026,0.7999469325733751,15.533872325531728,21.194702858596667
C,30,20,125,10.0,1,2,1.0,6.239351934693827,0.8703565196563765,10.346864118821559,15.457943187386684
C,30,20,125,10.0,1,10,sqrt,30.3987635978199,0.8067041905347813,15.284107160934017,21.189300919520388
C,30,20,125,10.0,1,10,1.0,6.080106101185914,0.8711865977461375,10.257853025776104,15.303547395888904
C,30,20,125,10.0,5,2,sqrt,21.768406003704467,0.8099266518632054,14.880266476760301,20.29286634942976
C,30,20,125,10.0,5,2,1.0,6.095738089571589,0.8705159187986566,10.259860585453135,15.354293107460006
C,30,20,125,10.0,5,10,sqrt,21.768406003704467,0.8099266518632054,14.880266476760301,20.29286634942976
C,30,20,125,10.0,5,10,1.0,6.095738089571589,0.8705159187986566,10.259860585453135,15.354293107460006
C,30,20,125,10.0,10,2,sqrt,60.82112363601309,0.7901561466008481,16.798017060902083,22.91944801637785
C,30,20,125,10.0,10,2,1.0,5.816568890425747,0.8721744559722472,10.16921802084776,15.197488083117085
C,30,20,125,10.0,10,10,sqrt,60.82112363601309,0.7901561466008481,16.798017060902083,22.91944801637785
C,30,20,125,10.0,10,10,1.0,5.816568890425747,0.8721744559722472,10.16921802084776,15.197488083117085
C,30,20,125,,1,2,sqrt,147.9959610596897,0.7956974081872799,15.988586947935294,24.053607320136756
C,30,20,125,,1,2,1.0,9.147032247165951,0.8447119851040913,11.223478126645666,17.546630214943015
C,30,20,125,,1,10,sqrt,69.90957012811968,0.8047026534761992,15.5140130899232,23.001298562094657
C,30,20,125,,1,10,1.0,8.853325901181146,0.8469908638761432,11.195660083816723,17.347996240943896
C,30,20,125,,5,2,sqrt,71.84843777175385,0.8022935858035295,15.679883431801553,23.036133456643988
C,30,20,125,,5,2,1.0,7.576352284400414,0.8524841383698266,10.875378372126528,16.82204543397294
C,30,20,125,,5,10,sqrt,71.84843777175385,0.8022935858035295,15.679883431801553,23.036133456643988
C,30,20,125,,5,10,1.0,7.576352284400414,0.8524841383698266,10.875378372126528,16.82204543397294
C,30,20,125,,10,2,sqrt,52.77829412565304,0.813296435449141,14.979639013900925,21.74395290806863
C,30,20,125,,10,2,1.0,6.9387244845312654,0.8599756059171749,10.534433127695353,16.19543160664675
C,30,20,125,,10,10,sqrt,52.77829412565304,0.813296435449141,14.979639013900925,21.74395290806863
C,30,20,125,,10,10,1.0,6.9387244845312654,0.8599756059171749,10.534433127695353,16.19543160664675
C,30,20,130,5.0,1,2,sqrt,263.0049593087721,0.6630416815341047,24.167995965942843,30.352856766069237
C,30,20,130,5.0,1,2,1.0,6.398498352673245,0.8611464047443723,10.362975505888622,15.090415155965738
C,30,20,130,5.0,1,10,sqrt,263.0049593087721,0.6630416815341047,24.167995965942843,30.352856766069237
C,30,20,130,5.0,1,10,1.0,6.398498352673245,0.8611464047443723,10.362975505888622,15.090415155965738
C,30,20,130,5.0,5,2,sqrt,262.3925402555378,0.6635092286158158,24.137412288595712,30.31843600762401
C,30,20,130,5.0,5,2,1.0,6.398498352673245,0.8611464047443723,10.362975505888622,15.090415155965738
C,30,20,130,5.0,5,10,sqrt,262.3925402555378,0.6635092286158158,24.137412288595712,30.31843600762401
C,30,20,130,5.0,5,10,1.0,6.398498352673245,0.8611464047443723,10.362975505888622,15.090415155965738
C,30,20,130,5.0,10,2,sqrt,264.52127444795,0.6576317062054428,24.51815098747584,30.676741312891664
C,30,20,130,5.0,10,2,1.0,6.398498352673245,0.8611464047443723,10.362975505888622,15.090415155965738
C,30,20,130,5.0,10,10,sqrt,264.52127444795,0.6576317062054428,24.51815098747584,30.676741312891664
C,30,20,130,5.0,10,10,1.0,6.398498352673245,0.8611464047443723,10.362975505888622,15.090415155965738
C,30,20,130,10.0,1,2,sqrt,90.76157150430201,0.784218308028222,15.936450712823808,22.423454330191156
C,30,20,130,10.0,1,2,1.0,6.880162454067215,0.8701161232012605,9.822070409739222,15.575892657026198
C,30,20,130,10.0,1,10,sqrt,57.91831083082661,0.7881296954969231,15.663843983703837,21.975930868294807
C,30,20,130,10.0,1,10,1.0,7.0770834384501295,0.8706968829726414,9.791756505888893,15.549963497075868
C,30,20,130,10.0,5,2,sqrt,142.1606281043461,0.7722694365013336,17.13751361573051,23.954989716029452
C,30,20,130,10.0,5,2,1.0,6.271453410536948,0.873008518870899,9.69509028586045,15.375709657107341
C,30,20,130,10.0,5,10,sqrt,142.1606281043461,0.7722694365013336,17.13751361573051,23.954989716029452
C,30,20,130,10.0,5,10,1.0,6.271453410536948,0.873008518870899,9.69509028586045,15.375709657107341
C,30,20,130,10.0,10,2,sqrt,120.02208336055635,0.7730329139020939,17.29802519241506,24.32132485381137
C,30,20,130,10.0,10,2,1.0,6.4858171569271805,0.8726838005997186,9.678560919875881,15.300420838115357
C,30,20,130,10.0,10,10,sqrt,120.02208336055635,0.7730329139020939,17.29802519241506,24.32132485381137
C,30,20,130,10.0,10,10,1.0,6.4858171569271805,0.8726838005997186,9.678560919875881,15.300420838115357
C,30,20,130,,1,2,sqrt,153.07299098284815,0.7997506851537477,15.510512040865347,23.2974746683455
C,30,20,130,,1,2,1.0,9.94526894659393,0.8472865908600757,11.146015857684187,17.670169199539377
C,30,20,130,,1,10,sqrt,65.47263236852469,0.8054714646421737,15.473758589900408,23.011738435599604
C,30,20,130,,1,10,1.0,8.911395533942331,0.8507502701204182,10.945017613959152,17.286243892193557
C,30,20,130,,5,2,sqrt,83.592298909902,0.8082091062766231,14.602831545734713,21.911667715573465
C,30,20,130,,5,2,1.0,8.168101080348563,0.8554990568765296,10.632667864965738,16.758208131693333
C,30,20,130,,5,10,sqrt,83.592298909902,0.8082091062766231,14.602831545734713,21.911667715573465
C,30,20,130,,5,10,1.0,8.168101080348563,0.8554990568765296,10.632667864965738,16.758208131693333
C,30,20,130,,10,2,sqrt,68.65627136143786,0.8106258258866589,15.11050179578086,22.27755567839886
C,30,20,130,,10,2,1.0,7.164883995507528,0.859642515189502,10.382763772487916,16.247021699984693
C,30,20,130,,10,10,sqrt,68.65627136143786,0.8106258258866589,15.11050179578086,22.27755567839886
C,30,20,130,,10,10,1.0,7.164883995507528,0.859642515189502,10.382763772487916,16.247021699984693
D,15,10,115,5.0,1,2,sqrt,79.28362455370423,0.716304186740152,16.796449563105895,21.75420930427083
D,15,10,115,5.0,1,2,1.0,6.088287734862601,0.8554196522342256,10.28061219390098,14.851462978924127
D,15,10,115,5.0,1,10,sqrt,79.46771653963236,0.7165441217562751,16.811427648767204,21.823743780348178
D,15,10,115,5.0,1,10,1.0,6.088287734862601,0.8554196522342256,10.28061219390098,14.851462978924127
D,15,10,115,5.0,5,2,sqrt,80.46358822966258,0.7162255349734865,16.840212152521147,21.8771034116128
D,15,10,115,5.0,5,2,1.0,6.088287734862601,0.8554196522342256,10.28061219390098,14.851462978924127
D,15,10,115,5.0,5,10,sqrt,80.46358822966258,0.7162255349734865,16.840212152521147,21.8771034116128
D,15,10,115,5.0,5,10,1.0,6.088287734862601,0.8554196522342256,10.28061219390098,14.851462978924127
D,15,10,115,5.0,10,2,sqrt,79.06753162700714,0.723522099755222,16.669202605828154,21.69076355644001
D,15,10,115,5.0,10,2,1.0,6.0895217589051445,0.8553914616564013,10.284084941648842,14.85584012760385
D,15,10,115,5.0,10,10,sqrt,79.06753162700714,0.723522099755222,16.669202605828154,21.69076355644001
D,15,10,115,5.0,10,10,1.0,6.0895217589051445,0.8553914616564013,10.284084941648842,14.85584012760385
D,15,10,115,10.0,1,2,sqrt,13.684783173970356,0.8091149258748545,12.24606708748566,17.21795827753875
D,15,10,115,10.0,1,2,1.0,9.100626786256168,0.8606179346087399,9.990219269630314,15.82637943692266
D,15,10,115,10.0,1,10,sqrt,10.76802582632509,0.8298469809409565,11.79764306657596,16.867530312308823
D,15,10,115,10.0,1,10,1.0,8.62883770898036,0.8620701466109374,9.985306730054985,15.782686635792823
D,15,10,115,10.0,5,2,sqrt,17.786468828981477,0.8383716847291792,11.415449191225594,16.648862633180705
D,15,10,115,10.0,5,2,1.0,8.182943314582442,0.8622832528849512,9.920411951569404,15.655486725587162
D,15,10,115,10.0,5,10,sqrt,17.786468828981477,0.8383716847291792,11.415449191225594,16.648862633180705
D,15,10,115,10.0,5,10,1.0,8.182943314582442,0.8622832528849512,9.920411951569404,15.655486725587162
D,15,10,115,10.0,10,2,sqrt,12.276059045690344,0.8412519217681576,11.208877885088917,16.482385341996338
D,15,10,115,10.0,10,2,1.0,7.31242576015682,0.8662299692215132,9.805171128905165,15.353189528068285
D,15,10,115,10.0,10,10,sqrt,12.276059045690344,0.8412519217681576,11.208877885088917,16.482385341996338
D,15,10,115,10.0,10,10,1.0,7.31242576015682,0.8662299692215132,9.805171128905165,15.353189528068285
D,15,10,115,,1,2,sqrt,25.347568930011082,0.8066589116368753,12.112098642287954,20.126657330030124
D,15,10,115,,1,2,1.0,16.97918505329299,0.8193709608375965,11.065908791478927,18.84993596729135
D,15,10,115,,1,10,sqrt,16.187751689160944,0.8249860783260445,11.490898496458396,18.719188613200394
D,15,10,115,,1,10,1.0,13.908656873288482,0.8298048260614841,10.819430177994667,18.129676132167084
D,15,10,115,,5,2,sqrt,13.487444838462983,0.8288565100793249,11.323783519809387,18.19019130502763
D,15,10,115,,5,2,1.0,12.130697464680155,0.8365115944563296,10.535659603350219,17.415755923820708
D,15,10,115,,5,10,sqrt,13.487444838462983,0.8288565100793249,11.323783519809387,18.19019130502763
D,15,10,115,,5,10,1.0,12.130697464680155,0.8365115944563296,10.535659603350219,17.415755923820708
D,15,10,115,,10,2,sqrt,10.179451657994523,0.8375759322912243,11.085367694816942,17.245638562224606
D,15,10,115,,10,2,1.0,9.107752171709722,0.8480281630584532,10.151684600818253,16.37990681673953
D,15,10,115,,10,10,sqrt,10.179451657994523,0.8375759322912243,11.085367694816942,17.245638562224606
D,15,10,115,,10,10,1.0,9.107752171709722,0.8480281630584532,10.151684600818253,16.37990681673953
D,15,10,120,5.0,1,2,sqrt,100.40051652801625,0.7129777843051585,18.09643663712933,23.124347469940282
D,15,10,120,5.0,1,2,1.0,7.4473863350102505,0.8472088898353508,11.47172794117958,16.096298745298498
D,15,10,120,5.0,1,10,sqrt,100.69252382248152,0.7134915770583703,18.109182592658044,23.196221361991906
D,15,10,120,5.0,1,10,1.0,7.4473863350102505,0.8472088898353508,11.47172794117958,16.096298745298498
D,15,10,120,5.0,5,2,sqrt,101.68993907247429,0.7131742591998421,18.138285831686932,23.246825600752125
D,15,10,120,5.0,5,2,1.0,7.4473863350102505,0.8472088898353508,11.47172794117958,16.096298745298498
D,15,10,120,5.0,5,10,sqrt,101.68993907247429,0.7131742591998421,18.138285831686932,23.246825600752125
D,15,10,120,5.0,5,10,1.0,7.4473863350102505,0.8472088898353508,11.47172794117958,16.096298745298498
D,15,10,120,5.0,10,2,sqrt,100.12985879191721,0.7198845450343907,17.964090596188804,23.079677567173164
D,15,10,120,5.0,10,2,1.0,7.449114544598999,0.8471785787333446,11.475526555468125,16.101365888932403
D,15,10,120,5.0,10,10,sqrt,100.12985879191721,0.7198845450343907,17.964090596188804,23.079677567173164
D,15,10,120,5.0,10,10,1.0,7.449114544598999,0.8471785787333446,11.475526555468125,16.101365888932403
D,15,10,120,10.0,1,2,sqrt,32.12945965645993,0.8212564085905395,12.909124712894277,18.319324723914303
D,15,10,120,10.0,1,2,1.0,13.389033551191684,0.8519556116439722,11.108040797746554,17.128485827654302
D,15,10,120,10.0,1,10,sqrt,17.37102455084554,0.8090973494448346,13.321914482293124,18.460330629481398
D,15,10,120,10.0,1,10,1.0,13.565789714177573,0.8522911891088298,11.11202894394539,17.106530436676394
D,15,10,120,10.0,5,2,sqrt,16.914746625774644,0.8335535627828558,12.526235146547268,17.777386374777763
D,15,10,120,10.0,5,2,1.0,11.820643410253059,0.8563008267000012,11.000490888351838,16.917494844827644
D,15,10,120,10.0,5,10,sqrt,16.914746625774644,0.8335535627828558,12.526235146547268,17.777386374777763
D,15,10,120,10.0,5,10,1.0,11.820643410253059,0.8563008267000012,11.000490888351838,16.917494844827644
D,15,10,120,10.0,10,2,sqrt,12.631823450697635,0.8312468994128983,12.660722946277867,17.87712818049507
D,15,10,120,10.0,10,2,1.0,11.431228827034078,0.8571032039889064,10.939962224632561,16.779039773340735
D,15,10,120,10.0,10,10,sqrt,12.631823450697635,0.8312468994128983,12.660722946277867,17.87712818049507
D,15,10,120,10.0,10,10,1.0,11.431228827034078,0.8571032039889064,10.939962224632561,16.779039773340735
D,15,10,120,,1,2,sqrt,73.20417801463205,0.7966652219580023,13.73519958109666,22.21900846828038
D,15,10,120,,1,2,1.0,24.28340951535253,0.8131183639963716,12.440275138391518,20.57389516561242
D,15,10,120,,1,10,sqrt,24.395316661022775,0.815397896895124,12.901200640048447,20.413971924006105
D,15,10,120,,1,10,1.0,21.68323164134347,0.8225466539177401,12.136651040119995,19.855325183543194
D,15,10,120,,5,2,sqrt,17.88049647260538,0.8260780346494536,12.310229132413887,19.38894990030515
D,15,10,120,,5,2,1.0,17.7396507101446,0.8289171239692085,11.774893578400095,18.980185727825003
D,15,10,120,,5,10,sqrt,17.88049647260538,0.8260780346494536,12.310229132413887,19.38894990030515
D,15,10,120,,5,10,1.0,17.7396507101446,0.8289171239692085,11.774893578400095,18.980185727825003
D,15,10,120,,10,2,sqrt,14.191336629964619,0.8352049453985659,12.093305225312793,18.296849314094572
D,15,10,120,,10,2,1.0,13.667984767756797,0.8400828135847419,11.370031952174534,18.02202086124439
D,15,10,120,,10,10,sqrt,14.191336629964619,0.8352049453985659,12.093305225312793,18.296849314094572
D,15,10,120,,10,10,1.0,13.667984767756797,0.8400828135847419,11.370031952174534,18.02202086124439
D,15,10,125,5.0,1,2,sqrt,132.49480944541284,0.7095766911545388,19.50753676288806,24.638789716619904
D,15,10,125,5.0,1,2,1.0,9.195018905284712,0.8469463584528063,12.34846001557798,17.115910523647138
D,15,10,125,5.0,1,10,sqrt,132.9503122572658,0.7103463680268074,19.461689696146102,24.685046098842683
D,15,10,125,5.0,1,10,1.0,9.195018905284712,0.8469463584528063,12.34846001557798,17.115910523647138
D,15,10,125,5.0,5,2,sqrt,133.98522139380123,0.7101222757556164,19.509484885584612,24.74265926929032
D,15,10,125,5.0,5,2,1.0,9.195018905284712,0.8469463584528063,12.34846001557798,17.115910523647138
D,15,10,125,5.0,5,10,sqrt,133.98522139380123,0.7101222757556164,19.509484885584612,24.74265926929032
D,15,10,125,5.0,5,10,1.0,9.195018905284712,0.8469463584528063,12.34846001557798,17.115910523647138
D,15,10,125,5.0,10,2,sqrt,131.91666777501297,0.7159517379199061,19.413931834430997,24.69236677252371
D,15,10,125,5.0,10,2,1.0,9.195018905284712,0.8469463584528063,12.34846001557798,17.115910523647138
D,15,10,125,5.0,10,10,sqrt,131.91666777501297,0.7159517379199061,19.413931834430997,24.69236677252371
D,15,10,125,5.0,10,10,1.0,9.195018905284712,0.8469463584528063,12.34846001557798,17.115910523647138
D,15,10,125,10.0,1,2,sqrt,44.76003925717439,0.7991036610535401,14.726082197744697,20.28120871427894
D,15,10,125,10.0,1,2,1.0,18.49556812845188,0.8453034530977312,12.310608685309319,18.499620955957152
D,15,10,125,10.0,1,10,sqrt,27.808723098206464,0.8062764372306148,14.616426397442817,19.95270849630695
D,15,10,125,10.0,1,10,1.0,17.2402432874945,0.8463801458563085,12.276285264469944,18.384777004486182
D,15,10,125,10.0,5,2,sqrt,18.40849061562668,0.8239492049546022,13.931488536609393,19.40006786851839
D,15,10,125,10.0,5,2,1.0,15.68649516542177,0.8471705878306001,12.193768235622258,18.22225532041909
D,15,10,125,10.0,5,10,sqrt,18.40849061562668,0.8239492049546022,13.931488536609393,19.40006786851839
D,15,10,125,10.0,5,10,1.0,15.68649516542177,0.8471705878306001,12.193768235622258,18.22225532041909
D,15,10,125,10.0,10,2,sqrt,23.292990203231557,0.816870881789624,14.399784639395397,19.832550610382185
D,15,10,125,10.0,10,2,1.0,13.84757625691887,0.8483074798373608,12.129982892759717,18.01910400566203
D,15,10,125,10.0,10,10,sqrt,23.292990203231557,0.816870881789624,14.399784639395397,19.832550610382185
D,15,10,125,10.0,10,10,1.0,13.84757625691887,0.8483074798373608,12.129982892759717,18.01910400566203
D,15,10,125,,1,2,sqrt,52.15444043753985,0.7925178225111655,14.871148153745633,23.373634444822812
D,15,10,125,,1,2,1.0,37.099891118087626,0.8046355958376482,13.818596420145374,22.16685933055482
D,15,10,125,,1,10,sqrt,34.22713205029885,0.8063188401888792,14.321323014219692,21.979078407867156
D,15,10,125,,1,10,1.0,28.945021463532697,0.8146104903431179,13.376263637356459,21.232725848980724
D,15,10,125,,5,2,sqrt,26.059272655474853,0.8117621103296196,13.99117464265351,21.31684844481554
D,15,10,125,,5,2,1.0,23.966144874302575,0.8217477725517192,13.027304674865514,20.472189827279035
D,15,10,125,,5,10,sqrt,26.059272655474853,0.8117621103296196,13.99117464265351,21.31684844481554
D,15,10,125,,5,10,1.0,23.966144874302575,0.8217477725517192,13.027304674865514,20.472189827279035
D,15,10,125,,10,2,sqrt,20.56428856210496,0.8191494932621642,13.796244343980362,20.367262234396296
D,15,10,125,,10,2,1.0,17.767106843263136,0.8311042553877034,12.65227568624241,19.42359609080102
D,15,10,125,,10,10,sqrt,20.56428856210496,0.8191494932621642,13.796244343980362,20.367262234396296
D,15,10,125,,10,10,1.0,17.767106843263136,0.8311042553877034,12.65227568624241,19.42359609080102
D,15,10,130,5.0,1,2,sqrt,166.75825153468514,0.7118617016098507,18.829882971337494,24.74479857852821
D,15,10,130,5.0,1,2,1.0,11.641630407636281,0.8458276557472946,11.76664064758196,17.44192301362606
D,15,10,130,5.0,1,10,sqrt,167.19938388451556,0.7141063225823066,18.73433758161387,24.813300414671254
D,15,10,130,5.0,1,10,1.0,11.641630407636281,0.8458276557472946,11.76664064758196,17.44192301362606
D,15,10,130,5.0,5,2,sqrt,167.17656451216112,0.7139053871756783,18.743980013260927,24.817160153761062
D,15,10,130,5.0,5,2,1.0,11.641630407636281,0.8458276557472946,11.76664064758196,17.44192301362606
D,15,10,130,5.0,5,10,sqrt,167.17656451216112,0.7139053871756783,18.743980013260927,24.817160153761062
D,15,10,130,5.0,5,10,1.0,11.641630407636281,0.8458276557472946,11.76664064758196,17.44192301362606
D,15,10,130,5.0,10,2,sqrt,166.02766704131793,0.7167304595378499,18.782479896479792,24.942881404910842
D,15,10,130,5.0,10,2,1.0,11.641630407636281,0.8458276557472946,11.76664064758196,17.44192301362606
D,15,10,130,5.0,10,10,sqrt,166.02766704131793,0.7167304595378499,18.782479896479792,24.942881404910842
D,15,10,130,5.0,10,10,1.0,11.641630407636281,0.8458276557472946,11.76664064758196,17.44192301362606
D,15,10,130,10.0,1,2,sqrt,54.67139263190703,0.8080527396932359,14.257367827300271,21.023904668649795
D,15,10,130,10.0,1,2,1.0,21.666782765650215,0.8409081934606906,11.85940248788552,18.80668962147688
D,15,10,130,10.0,1,10,sqrt,60.32039126439669,0.8008033784581631,14.000038827375196,20.438887405538765
D,15,10,130,10.0,1,10,1.0,20.712617854624305,0.842032389722857,11.80824701345129,18.687638291394997
D,15,10,130,10.0,5,2,sqrt,18.40009873088117,0.8178801298477957,13.281400059164913,19.43967131721567
D,15,10,130,10.0,5,2,1.0,18.597055327081755,0.8431373512701512,11.768699260603809,18.51575946135058
D,15,10,130,10.0,5,10,sqrt,18.40009873088117,0.8178801298477957,13.281400059164913,19.43967131721567
D,15,10,130,10.0,5,10,1.0,18.597055327081755,0.8431373512701512,11.768699260603809,18.51575946135058
D,15,10,130,10.0,10,2,sqrt,28.55370677724168,0.8006302191534148,14.366665504574337,20.686786800609152
D,15,10,130,10.0,10,2,1.0,16.38062446544256,0.8469306642511508,11.654495526964912,18.28601606361978
D,15,10,130,10.0,10,10,sqrt,28.55370677724168,0.8006302191534148,14.366665504574337,20.686786800609152
D,15,10,130,10.0,10,10,1.0,16.38062446544256,0.8469306642511508,11.654495526964912,18.28601606361978
D,15,10,130,,1,2,sqrt,47.47571659324794,0.7914452989988674,14.984789255353073,23.5805079866321
D,15,10,130,,1,2,1.0,36.32112440168308,0.8052199775897078,13.913005809060891,22.352657198925733
D,15,10,130,,1,10,sqrt,54.32412805852313,0.8025103706338583,14.241011309765616,22.178822915075493
D,15,10,130,,1,10,1.0,30.16069414653258,0.8133802235820037,13.416395404594397,21.40281538203175
D,15,10,130,,5,2,sqrt,30.302460642197605,0.8122652630418725,13.692646283242635,21.22069266597013
D,15,10,130,,5,2,1.0,24.917838139367447,0.8187702557434484,12.975629174753152,20.602329167839393
D,15,10,130,,5,10,sqrt,30.302460642197605,0.8122652630418725,13.692646283242635,21.22069266597013
D,15,10,130,,5,10,1.0,24.917838139367447,0.8187702557434484,12.975629174753152,20.602329167839393
D,15,10,130,,10,2,sqrt,24.702457820231547,0.8198002150006115,13.246899761237142,20.327020571390456
D,15,10,130,,10,2,1.0,20.521740373958764,0.8294443722250925,12.466900903790245,19.582869473759025
D,15,10,130,,10,10,sqrt,24.702457820231547,0.8198002150006115,13.246899761237142,20.327020571390456
D,15,10,130,,10,10,1.0,20.521740373958764,0.8294443722250925,12.466900903790245,19.582869473759025
D,15,15,115,5.0,1,2,sqrt,17.18120433016577,0.7527371607283245,14.173786613117183,18.556115698599072
D,15,15,115,5.0,1,2,1.0,6.093431689165892,0.8553848152085088,10.288658368948216,14.85899277589471
D,15,15,115,5.0,1,10,sqrt,20.46145595961,0.7425758487611989,15.187612430895593,19.75199163979068
D,15,15,115,5.0,1,10,1.0,6.093431689165892,0.8553848152085088,10.288658368948216,14.85899277589471
D,15,15,115,5.0,5,2,sqrt,19.99209250089533,0.7440713831068242,15.115129347425608,19.618397080041053
D,15,15,115,5.0,5,2,1.0,6.093431689165892,0.8553848152085088,10.288658368948216,14.85899277589471
D,15,15,115,5.0,5,10,sqrt,19.99209250089533,0.7440713831068242,15.115129347425608,19.618397080041053
D,15,15,115,5.0,5,10,1.0,6.093431689165892,0.8553848152085088,10.288658368948216,14.85899277589471
D,15,15,115,5.0,10,2,sqrt,18.85036630421231,0.7450984952962927,14.93038415742464,19.417194283671087
D,15,15,115,5.0,10,2,1.0,6.089376037698171,0.855389714266224,10.28356696886634,14.855600695188972
D,15,15,115,5.0,10,10,sqrt,18.85036630421231,0.7450984952962927,14.93038415742464,19.417194283671087
D,15,15,115,5.0,10,10,1.0,6.089376037698171,0.855389714266224,10.28356696886634,14.855600695188972
D,15,15,115,10.0,1,2,sqrt,18.239623991872698,0.8117053855302039,12.625409281981028,17.786159653451282
D,15,15,115,10.0,1,2,1.0,9.262443313430854,0.8598026026455482,10.065608187067141,15.966868337779966
D,15,15,115,10.0,1,10,sqrt,11.696679000477591,0.8194894939551662,12.155106278097248,17.21943923204868
D,15,15,115,10.0,1,10,1.0,8.740389930926053,0.8612862971735555,10.088656744805524,15.956928597867961
D,15,15,115,10.0,5,2,sqrt,12.351165313861395,0.8180593485808071,12.17570267538438,17.35110241488954
D,15,15,115,10.0,5,2,1.0,8.49546587219245,0.8603487998519418,10.050639985534607,15.841153851238056
D,15,15,115,10.0,5,10,sqrt,12.351165313861395,0.8180593485808071,12.17570267538438,17.35110241488954
D,15,15,115,10.0,5,10,1.0,8.49546587219245,0.8603487998519418,10.050639985534607,15.841153851238056
D,15,15,115,10.0,10,2,sqrt,11.897241698602091,0.8172051901766937,12.548662839750445,17.644958640375396
D,15,15,115,10.0,10,2,1.0,7.782659847757522,0.8642953498149197,9.92632088051945,15.610396383727126
D,15,15,115,10.0,10,10,sqrt,11.897241698602091,0.8172051901766937,12.548662839750445,17.644958640375396
D,15,15,115,10.0,10,10,1.0,7.782659847757522,0.8642953498149197,9.92632088051945,15.610396383727126
D,15,15,115,,1,2,sqrt,26.758765723967674,0.8008168931707029,12.661304494126778,20.76418451821145
D,15,15,115,,1,2,1.0,15.810127132278552,0.8194143395942441,11.052140687527999,18.830560982998133
D,15,15,115,,1,10,sqrt,20.757901652419,0.802443512685034,12.660109915786736,20.044881044409912
D,15,15,115,,1,10,1.0,13.69804467618801,0.827214900628028,10.881374419025027,18.279969199844025
D,15,15,115,,5,2,sqrt,13.851118318468474,0.8190852590054976,12.02969330088702,18.710958101107366
D,15,15,115,,5,2,1.0,12.394487769681172,0.8334664793465016,10.576276453042023,17.568216492665776
D,15,15,115,,5,10,sqrt,13.851118318468474,0.8190852590054976,12.02969330088702,18.710958101107366
D,15,15,115,,5,10,1.0,12.394487769681172,0.8334664793465016,10.576276453042023,17.568216492665776
D,15,15,115,,10,2,sqrt,12.520126490616729,0.8196992873703269,12.282107433343178,18.542808362316052
D,15,15,115,,10,2,1.0,9.813686991261743,0.8444154701225342,10.253679129397858,16.72427566380778
D,15,15,115,,10,10,sqrt,12.520126490616729,0.8196992873703269,12.282107433343178,18.542808362316052
D,15,15,115,,10,10,1.0,9.813686991261743,0.8444154701225342,10.253679129397858,16.72427566380778
D,15,15,120,5.0,1,2,sqrt,21.9448119551433,0.7452432102866313,15.547992801383606,20.023730356024124
D,15,15,120,5.0,1,2,1.0,7.452357627955723,0.8471702013488212,11.47738252150923,16.103144350429993
D,15,15,120,5.0,1,10,sqrt,26.193353324048267,0.7397256740197964,16.45848500208416,21.03374791825932
D,15,15,120,5.0,1,10,1.0,7.452357627955723,0.8471702013488212,11.47738252150923,16.103144350429993
D,15,15,120,5.0,5,2,sqrt,26.086737263955047,0.7397756578189324,16.45944033396486,21.03137134921306
D,15,15,120,5.0,5,2,1.0,7.452357627955723,0.8471702013488212,11.47738252150923,16.103144350429993
D,15,15,120,5.0,5,10,sqrt,26.086737263955047,0.7397756578189324,16.45944033396486,21.03137134921306
D,15,15,120,5.0,5,10,1.0,7.452357627955723,0.8471702013488212,11.47738252150923,16.103144350429993
D,15,15,120,5.0,10,2,sqrt,24.084570704627048,0.7407835441752061,16.22735555266221,20.717441094430946
D,15,15,120,5.0,10,2,1.0,7.448796162034208,0.8471717088281394,11.472616987968033,16.100917914881382
D,15,15,120,5.0,10,10,sqrt,24.084570704627048,0.7407835441752061,16.22735555266221,20.717441094430946
D,15,15,120,5.0,10,10,1.0,7.448796162034208,0.8471717088281394,11.472616987968033,16.100917914881382
D,15,15,120,10.0,1,2,sqrt,24.882824026540757,0.7877393286911964,14.606680966400429,19.940170286825655
D,15,15,120,10.0,1,2,1.0,14.328739186959524,0.8497263843398819,11.184313052757414,17.277518478424845
D,15,15,120,10.0,1,10,sqrt,16.244388768883272,0.813791399173404,13.61910762373725,19.006015232986023
D,15,15,120,10.0,1,10,1.0,13.83176547864341,0.8511825757384228,11.173249717436228,17.219676232099378
D,15,15,120,10.0,5,2,sqrt,16.22501048848598,0.8130335202822895,13.94199740152034,19.31688448225944
D,15,15,120,10.0,5,2,1.0,11.82155831234431,0.8539310717342691,11.056966297003394,16.982482184279355
D,15,15,120,10.0,5,10,sqrt,16.22501048848598,0.8130335202822895,13.94199740152034,19.31688448225944
D,15,15,120,10.0,5,10,1.0,11.82155831234431,0.8539310717342691,11.056966297003394,16.982482184279355
D,15,15,120,10.0,10,2,sqrt,13.122335233632498,0.8221844256430334,13.219024007385192,18.490482083599215
D,15,15,120,10.0,10,2,1.0,11.176831447771566,0.8567270636099653,10.989615481195301,16.86163347871851
D,15,15,120,10.0,10,10,sqrt,13.122335233632498,0.8221844256430334,13.219024007385192,18.490482083599215
D,15,15,120,10.0,10,10,1.0,11.176831447771566,0.8567270636099653,10.989615481195301,16.86163347871851
D,15,15,120,,1,2,sqrt,30.286141523374,0.7922041074483334,14.083697272480947,22.275049155418163
D,15,15,120,,1,2,1.0,22.60579164980112,0.8152551695986825,12.24526136063974,20.268078500636054
D,15,15,120,,1,10,sqrt,27.30220634442127,0.7962076840734892,13.783270356731183,21.470743086992414
D,15,15,120,,1,10,1.0,19.96106889852033,0.822090799775091,11.984540432274143,19.61313899408652
D,15,15,120,,5,2,sqrt,19.794457567134078,0.8067213134328224,13.302524582870168,20.389497674681596
D,15,15,120,,5,2,1.0,15.615382263832748,0.8279154839529452,11.711933304151298,18.875203425383756
D,15,15,120,,5,10,sqrt,19.794457567134078,0.8067213134328224,13.302524582870168,20.389497674681596
D,15,15,120,,5,10,1.0,15.615382263832748,0.8279154839529452,11.711933304151298,18.875203425383756
D,15,15,120,,10,2,sqrt,16.853502884458855,0.815373424632698,13.203685733117641,19.6622650088079
D,15,15,120,,10,2,1.0,13.093271685443174,0.8379815709195245,11.418592208916333,18.060465131430757
D,15,15,120,,10,10,sqrt,16.853502884458855,0.815373424632698,13.203685733117641,19.6622650088079
D,15,15,120,,10,10,1.0,13.093271685443174,0.8379815709195245,11.418592208916333,18.060465131430757
D,15,15,125,5.0,1,2,sqrt,30.85369690739458,0.7378683486470079,16.95646149090831,21.461719048609346
D,15,15,125,5.0,1,2,1.0,9.200827270556587,0.8469101968653086,12.357373001815564,17.12332881334518
D,15,15,125,5.0,1,10,sqrt,31.153601440788236,0.7402541669777635,17.398097190164542,21.938060952523507
D,15,15,125,5.0,1,10,1.0,9.200827270556587,0.8469101968653086,12.357373001815564,17.12332881334518
D,15,15,125,5.0,5,2,sqrt,33.35274909230104,0.7328006024342778,17.539856464554262,22.198336646476616
D,15,15,125,5.0,5,2,1.0,9.200827270556587,0.8469101968653086,12.357373001815564,17.12332881334518
D,15,15,125,5.0,5,10,sqrt,33.35274909230104,0.7328006024342778,17.539856464554262,22.198336646476616
D,15,15,125,5.0,5,10,1.0,9.200827270556587,0.8469101968653086,12.357373001815564,17.12332881334518
D,15,15,125,5.0,10,2,sqrt,30.717101894902818,0.7399320018376938,17.429439580202338,21.94047786195331
D,15,15,125,5.0,10,2,1.0,9.19491682607433,0.8469453875527257,12.348104564063703,17.1157969280388
D,15,15,125,5.0,10,10,sqrt,30.717101894902818,0.7399320018376938,17.429439580202338,21.94047786195331
D,15,15,125,5.0,10,10,1.0,9.19491682607433,0.8469453875527257,12.348104564063703,17.1157969280388
D,15,15,125,10.0,1,2,sqrt,27.91078736960568,0.790949854612197,15.35712099402112,20.560662916755852
D,15,15,125,10.0,1,2,1.0,18.907701066429418,0.844192014062064,12.281691117669297,18.52746805021329
D,15,15,125,10.0,1,10,sqrt,23.437641095233282,0.7972439093556404,15.176272439707892,20.65629855596616
D,15,15,125,10.0,1,10,1.0,17.49764513729093,0.8457622060577131,12.258714681317107,18.45025644221043
D,15,15,125,10.0,5,2,sqrt,22.103754972952476,0.7944267372540501,15.618274607962173,20.893250364168274
D,15,15,125,10.0,5,2,1.0,15.408554178534477,0.8459414894503648,12.246784881394117,18.320054811131303
D,15,15,125,10.0,5,10,sqrt,22.103754972952476,0.7944267372540501,15.618274607962173,20.893250364168274
D,15,15,125,10.0,5,10,1.0,15.408554178534477,0.8459414894503648,12.246784881394117,18.320054811131303
D,15,15,125,10.0,10,2,sqrt,17.523318453166514,0.8088076194313729,14.959296116565906,20.22896457334074
D,15,15,125,10.0,10,2,1.0,14.100003068649167,0.848031159516012,12.136161075983477,18.055916590329737
D,15,15,125,10.0,10,10,sqrt,17.523318453166514,0.8088076194313729,14.959296116565906,20.22896457334074
D,15,15,125,10.0,10,10,1.0,14.100003068649167,0.848031159516012,12.136161075983477,18.055916590329737
D,15,15,125,,1,2,sqrt,50.85667540905691,0.7855290058333447,15.632233427373786,24.225595396746904
D,15,15,125,,1,2,1.0,31.41376684477377,0.8057145152205802,13.91793997136466,22.268522288190297
D,15,15,125,,1,10,sqrt,37.40605668800861,0.7925928182374301,15.323871437736969,23.04658454928544
D,15,15,125,,1,10,1.0,27.75719756836383,0.8121079819501122,13.629354616145452,21.52433520270239
D,15,15,125,,5,2,sqrt,27.034559423120005,0.8002534549899802,14.731821446293154,21.840139797290377
D,15,15,125,,5,2,1.0,22.700536529059143,0.8188340720383701,13.154098017375777,20.662529379613062
D,15,15,125,,5,10,sqrt,27.034559423120005,0.8002534549899802,14.731821446293154,21.840139797290377
D,15,15,125,,5,10,1.0,22.700536529059143,0.8188340720383701,13.154098017375777,20.662529379613062
D,15,15,125,,10,2,sqrt,20.508672819515944,0.8065626755335569,14.496923356434163,21.0327369517312
D,15,15,125,,10,2,1.0,17.768512053157092,0.8287097962495296,12.702543273021616,19.532560601436955
D,15,15,125,,10,10,sqrt,20.508672819515944,0.8065626755335569,14.496923356434163,21.0327369517312
D,15,15,125,,10,10,1.0,17.768512053157092,0.8287097962495296,12.702543273021616,19.532560601436955
D,15,15,130,5.0,1,2,sqrt,34.74891191492455,0.7478560071606877,15.966297594441908,21.270259749477795
D,15,15,130,5.0,1,2,1.0,11.650729101588826,0.8458056643950714,11.774966920567966,17.451830337815164
D,15,15,130,5.0,1,10,sqrt,40.80140754919691,0.734768030654345,16.798374751800267,22.265071060772808
D,15,15,130,5.0,1,10,1.0,11.650729101588826,0.8458056643950714,11.774966920567966,17.451830337815164
D,15,15,130,5.0,5,2,sqrt,40.61138759346026,0.7349669002698006,16.790692801104036,22.246670617318593
D,15,15,130,5.0,5,2,1.0,11.650729101588826,0.8458056643950714,11.774966920567966,17.451830337815164
D,15,15,130,5.0,5,10,sqrt,40.61138759346026,0.7349669002698006,16.790692801104036,22.246670617318593
D,15,15,130,5.0,5,10,1.0,11.650729101588826,0.8458056643950714,11.774966920567966,17.451830337815164
D,15,15,130,5.0,10,2,sqrt,37.79128231339996,0.7389914414140486,16.959634966229128,22.367991135867943
D,15,15,130,5.0,10,2,1.0,11.64162369622795,0.845833826174578,11.767365001354541,17.44235887696302
D,15,15,130,5.0,10,10,sqrt,37.79128231339996,0.7389914414140486,16.959634966229128,22.367991135867943
D,15,15,130,5.0,10,10,1.0,11.64162369622795,0.845833826174578,11.767365001354541,17.44235887696302
D,15,15,130,10.0,1,2,sqrt,30.060875322148167,0.8066875814400156,14.246072199734243,20.715527514104483
D,15,15,130,10.0,1,2,1.0,21.913690200461662,0.8406441946286488,11.984840842281013,19.03755547893234
D,15,15,130,10.0,1,10,sqrt,26.151897445798994,0.800136224524902,14.291936543009143,20.704130389457745
D,15,15,130,10.0,1,10,1.0,20.353987874664103,0.841288953050171,11.947285780275696,18.954739296265537
D,15,15,130,10.0,5,2,sqrt,29.44202311017458,0.7826597517612974,15.298476893486008,21.472519415715798
D,15,15,130,10.0,5,2,1.0,16.803203376263262,0.84255130258836,11.8332905801521,18.652751691806966
D,15,15,130,10.0,5,10,sqrt,29.44202311017458,0.7826597517612974,15.298476893486008,21.472519415715798
D,15,15,130,10.0,5,10,1.0,16.803203376263262,0.84255130258836,11.8332905801521,18.652751691806966
D,15,15,130,10.0,10,2,sqrt,23.238061713345104,0.8097019676601646,13.997744815094318,20.05552805696686
D,15,15,130,10.0,10,2,1.0,16.29674255699361,0.8442562208296369,11.69429478619384,18.352288433154648
D,15,15,130,10.0,10,10,sqrt,23.238061713345104,0.8097019676601646,13.997744815094318,20.05552805696686
D,15,15,130,10.0,10,10,1.0,16.29674255699361,0.8442562208296369,11.69429478619384,18.352288433154648
D,15,15,130,,1,2,sqrt,42.0177812348888,0.7893876569986414,15.249799475247816,23.895205288583085
D,15,15,130,,1,2,1.0,32.561058019763436,0.8045311578658874,13.982398447468906,22.30803890763815
D,15,15,130,,1,10,sqrt,40.359497046998726,0.7887063416486589,15.106044458343655,23.05010802955967
D,15,15,130,,1,10,1.0,28.76354988677762,0.8097781885703735,13.673488659914117,21.699615317850565
D,15,15,130,,5,2,sqrt,34.31560336520172,0.8033486130176432,14.320833176286863,21.90250500070699
D,15,15,130,,5,2,1.0,23.573560983932225,0.8156081076889408,13.129603645627586,20.82845814480688
D,15,15,130,,5,10,sqrt,34.31560336520172,0.8033486130176432,14.320833176286863,21.90250500070699
D,15,15,130,,5,10,1.0,23.573560983932225,0.8156081076889408,13.129603645627586,20.82845814480688
D,15,15,130,,10,2,sqrt,27.717555968538875,0.7996642939371015,14.76452127567607,21.878023924066117
D,15,15,130,,10,2,1.0,19.750694446010638,0.8257347819957331,12.538932647080411,19.712546816478337
D,15,15,130,,10,10,sqrt,27.717555968538875,0.7996642939371015,14.76452127567607,21.878023924066117
D,15,15,130,,10,10,1.0,19.750694446010638,0.8257347819957331,12.538932647080411,19.712546816478337
D,15,20,115,5.0,1,2,sqrt,146.64802283583634,0.6370183694219549,22.59541101048846,28.069238191538496
D,15,20,115,5.0,1,2,1.0,6.096622947635756,0.8553515012034026,10.293934906382388,14.864666866317666
D,15,20,115,5.0,1,10,sqrt,161.93680885267932,0.638327443230261,22.86374514321249,28.56741510895616
D,15,20,115,5.0,1,10,1.0,6.096622947635756,0.8553515012034026,10.293934906382388,14.864666866317666
D,15,20,115,5.0,5,2,sqrt,161.93733095580984,0.638311554715569,22.861986300632758,28.56768560407578
D,15,20,115,5.0,5,2,1.0,6.096622947635756,0.8553515012034026,10.293934906382388,14.864666866317666
D,15,20,115,5.0,5,10,sqrt,161.93733095580984,0.638311554715569,22.861986300632758,28.56768560407578
D,15,20,115,5.0,5,10,1.0,6.096622947635756,0.8553515012034026,10.293934906382388,14.864666866317666
D,15,20,115,5.0,10,2,sqrt,159.4885394732582,0.639103806265128,22.49950090089671,28.190532364992606
D,15,20,115,5.0,10,2,1.0,6.090812730314303,0.8553797852562237,10.287840869432335,14.859022149178504
D,15,20,115,5.0,10,10,sqrt,159.4885394732582,0.639103806265128,22.49950090089671,28.190532364992606
D,15,20,115,5.0,10,10,1.0,6.090812730314303,0.8553797852562237,10.287840869432335,14.859022149178504
D,15,20,115,10.0,1,2,sqrt,59.49456280034966,0.7826797698716963,14.359743239700567,20.111947733070586
D,15,20,115,10.0,1,2,1.0,10.0670616233172,0.8562392228951475,10.20259841102626,16.21629221510174
D,15,20,115,10.0,1,10,sqrt,27.19130529631561,0.778067425962904,14.323078532684756,19.44979901691976
D,15,20,115,10.0,1,10,1.0,9.157291290819359,0.859030971523808,10.213022795031884,16.17668966184066
D,15,20,115,10.0,5,2,sqrt,30.812997184470362,0.7775103300705938,14.721961727052355,20.192424143095696
D,15,20,115,10.0,5,2,1.0,9.51960201211096,0.8589111724718748,10.196537382747978,16.124112732849344
D,15,20,115,10.0,5,10,sqrt,30.812997184470362,0.7775103300705938,14.721961727052355,20.192424143095696
D,15,20,115,10.0,5,10,1.0,9.51960201211096,0.8589111724718748,10.196537382747978,16.124112732849344
D,15,20,115,10.0,10,2,sqrt,15.340610859809257,0.808411461950542,13.25167403143385,18.675348328481398
D,15,20,115,10.0,10,2,1.0,8.326944727919894,0.8621981508856589,10.167596209949705,15.959631954794101
D,15,20,115,10.0,10,10,sqrt,15.340610859809257,0.808411461950542,13.25167403143385,18.675348328481398
D,15,20,115,10.0,10,10,1.0,8.326944727919894,0.8621981508856589,10.167596209949705,15.959631954794101
D,15,20,115,,1,2,sqrt,68.81029794835199,0.7797742258340697,14.073866704578705,22.74835610404486
D,15,20,115,,1,2,1.0,17.596333697034055,0.8177681411741797,11.133857500999165,19.02265770634753
D,15,20,115,,1,10,sqrt,30.50294652142319,0.8036597687995334,12.94923513250068,20.86237633530273
D,15,20,115,,1,10,1.0,13.994453294406963,0.8264859821981041,11.003146146435851,18.48841775999378
D,15,20,115,,5,2,sqrt,22.850818169581373,0.811943455984699,12.743299737520847,20.069840394455895
D,15,20,115,,5,2,1.0,12.904448058479185,0.831278591979616,10.72213289144786,17.79620476831193
D,15,20,115,,5,10,sqrt,22.850818169581373,0.811943455984699,12.743299737520847,20.069840394455895
D,15,20,115,,5,10,1.0,12.904448058479185,0.831278591979616,10.72213289144786,17.79620476831193
D,15,20,115,,10,2,sqrt,19.42594091803119,0.818622048586841,12.514010615978142,19.100962018088975
D,15,20,115,,10,2,1.0,10.400385424703138,0.8416026503230359,10.494175514530829,17.075708048246298
D,15,20,115,,10,10,sqrt,19.42594091803119,0.818622048586841,12.514010615978142,19.100962018088975
D,15,20,115,,10,10,1.0,10.400385424703138,0.8416026503230359,10.494175514530829,17.075708048246298
D,15,20,120,5.0,1,2,sqrt,190.8532626800978,0.6323510657708039,24.194512052583654,29.763032092358678
D,15,20,120,5.0,1,2,1.0,7.455584416372176,0.8471373625737655,11.482368629070631,16.108074909879825
D,15,20,120,5.0,1,10,sqrt,210.57893493799506,0.6336098923313616,24.474454494307246,30.240718756384553
D,15,20,120,5.0,1,10,1.0,7.455584416372176,0.8471373625737655,11.482368629070631,16.108074909879825
D,15,20,120,5.0,5,2,sqrt,210.61156704253617,0.6335920926948606,24.473237500420396,30.242557614204646
D,15,20,120,5.0,5,2,1.0,7.455584416372176,0.8471373625737655,11.482368629070631,16.108074909879825
D,15,20,120,5.0,5,10,sqrt,210.61156704253617,0.6335920926948606,24.473237500420396,30.242557614204646
D,15,20,120,5.0,5,10,1.0,7.455584416372176,0.8471373625737655,11.482368629070631,16.108074909879825
D,15,20,120,5.0,10,2,sqrt,210.0049912039761,0.6336314603689297,24.444073473704343,30.215049775457125
D,15,20,120,5.0,10,2,1.0,7.450268381859272,0.8471617860361583,11.476600015129655,16.103764345454586
D,15,20,120,5.0,10,10,sqrt,210.0049912039761,0.6336314603689297,24.444073473704343,30.215049775457125
D,15,20,120,5.0,10,10,1.0,7.450268381859272,0.8471617860361583,11.476600015129655,16.103764345454586
D,15,20,120,10.0,1,2,sqrt,68.19067176468714,0.763095342319571,16.66702834902292,22.499848517770623
D,15,20,120,10.0,1,2,1.0,14.889837652259477,0.8473382012674598,11.299611552653326,17.47349476377204
D,15,20,120,10.0,1,10,sqrt,84.31452268900512,0.7419517699148512,17.041997960737802,22.521499722879053
D,15,20,120,10.0,1,10,1.0,13.158386672329565,0.8497232735364465,11.228169116002777,17.281641760378438
D,15,20,120,10.0,5,2,sqrt,75.79199886934086,0.7478607702088262,17.713332228270197,23.6814022907042
D,15,20,120,10.0,5,2,1.0,12.290918173829604,0.8529412103413879,11.160551014844339,17.192291747615954
D,15,20,120,10.0,5,10,sqrt,75.79199886934086,0.7478607702088262,17.713332228270197,23.6814022907042
D,15,20,120,10.0,5,10,1.0,12.290918173829604,0.8529412103413879,11.160551014844339,17.192291747615954
D,15,20,120,10.0,10,2,sqrt,23.479332208527087,0.800448443786433,14.58927846712802,20.164126600827046
D,15,20,120,10.0,10,2,1.0,11.618612963858437,0.8555679861469427,11.117677008084287,17.05845630250089
D,15,20,120,10.0,10,10,sqrt,23.479332208527087,0.800448443786433,14.58927846712802,20.164126600827046
D,15,20,120,10.0,10,10,1.0,11.618612963858437,0.8555679861469427,11.117677008084287,17.05845630250089
D,15,20,120,,1,2,sqrt,79.74693934821897,0.783132985245621,14.967217904669894,23.79316977915329
D,15,20,120,,1,2,1.0,25.014997165749534,0.8111968077112126,12.41621416254289,20.47480994029442
D,15,20,120,,1,10,sqrt,37.30758786083505,0.7949243119782905,14.48209208480527,22.44155449138434
D,15,20,120,,1,10,1.0,19.749513307725866,0.8187312273527579,12.164396890526977,19.779677178321258
D,15,20,120,,5,2,sqrt,31.688268402323637,0.8013831046923219,14.27218687771554,21.651133740263752
D,15,20,120,,5,2,1.0,17.7393693051553,0.8248301443681427,11.882297761532039,19.192217595629373
D,15,20,120,,5,10,sqrt,31.688268402323637,0.8013831046923219,14.27218687771554,21.651133740263752
D,15,20,120,,5,10,1.0,17.7393693051553,0.8248301443681427,11.882297761532039,19.192217595629373
D,15,20,120,,10,2,sqrt,27.55217704559113,0.8086676773330549,14.057905552426046,20.951389420071802
D,15,20,120,,10,2,1.0,14.423050920683007,0.8351071582851395,11.500142031329146,18.2120938813919
D,15,20,120,,10,10,sqrt,27.55217704559113,0.8086676773330549,14.057905552426046,20.951389420071802
D,15,20,120,,10,10,1.0,14.423050920683007,0.8351071582851395,11.500142031329146,18.2120938813919
D,15,20,125,5.0,1,2,sqrt,244.27466222204725,0.6293729846816236,25.888705078262312,31.537111456279412
D,15,20,125,5.0,1,2,1.0,9.204054058973039,0.8468783615626663,12.362359109376966,17.127902157371757
D,15,20,125,5.0,1,10,sqrt,269.3482217977986,0.6306211174423668,26.170349894168414,31.999987833313533
D,15,20,125,5.0,1,10,1.0,9.204054058973039,0.8468783615626663,12.362359109376966,17.127902157371757
D,15,20,125,5.0,5,2,sqrt,269.3492964997664,0.6305947400664905,26.17017839097407,32.00069722084142
D,15,20,125,5.0,5,2,1.0,9.204054058973039,0.8468783615626663,12.362359109376966,17.127902157371757
D,15,20,125,5.0,5,10,sqrt,269.3492964997664,0.6305947400664905,26.17017839097407,32.00069722084142
D,15,20,125,5.0,5,10,1.0,9.204054058973039,0.8468783615626663,12.362359109376966,17.127902157371757
D,15,20,125,5.0,10,2,sqrt,271.01783699218925,0.6303406824112379,26.04911004749969,31.900923235219928
D,15,20,125,5.0,10,2,1.0,9.196389045899393,0.8469357679769273,12.352087591225326,17.11843702029513
D,15,20,125,5.0,10,10,sqrt,271.01783699218925,0.6303406824112379,26.04911004749969,31.900923235219928
D,15,20,125,5.0,10,10,1.0,9.196389045899393,0.8469357679769273,12.352087591225326,17.11843702029513
D,15,20,125,10.0,1,2,sqrt,77.16173339934558,0.7651546055627708,17.366520031454762,23.274358882957863
D,15,20,125,10.0,1,2,1.0,20.290211452106192,0.843499136732793,12.370205846439323,18.71810934013157
D,15,20,125,10.0,1,10,sqrt,86.85982757282113,0.7378686890188122,18.49278375732955,24.244969657453677
D,15,20,125,10.0,1,10,1.0,19.52032674485975,0.844259296581345,12.352609255093622,18.655032558786694
D,15,20,125,10.0,5,2,sqrt,57.25393734587749,0.7758208293240378,16.844044891554326,22.445056688294564
D,15,20,125,10.0,5,2,1.0,15.419452275852274,0.8457802216889698,12.278080944217038,18.43346150210912
D,15,20,125,10.0,5,10,sqrt,57.25393734587749,0.7758208293240378,16.844044891554326,22.445056688294564
D,15,20,125,10.0,5,10,1.0,15.419452275852274,0.8457802216889698,12.278080944217038,18.43346150210912
D,15,20,125,10.0,10,2,sqrt,29.004528289026858,0.8033942713988038,15.252863488376363,20.926503532595248
D,15,20,125,10.0,10,2,1.0,14.564942912558411,0.8479462590206817,12.141608992712467,18.127807803285023
D,15,20,125,10.0,10,10,sqrt,29.004528289026858,0.8033942713988038,15.252863488376363,20.926503532595248
D,15,20,125,10.0,10,10,1.0,14.564942912558411,0.8479462590206817,12.141608992712467,18.127807803285023
D,15,20,125,,1,2,sqrt,119.85037102673425,0.7773703923950711,16.422541923529685,25.399252778314974
D,15,20,125,,1,2,1.0,36.3982810699348,0.8054796506994203,14.004156536297103,22.500744652755493
D,15,20,125,,1,10,sqrt,145.5544746712629,0.7802340129484231,16.632415220898007,25.201265041063113
D,15,20,125,,1,10,1.0,30.329006212236273,0.813522325346297,13.666397513924199,21.70662219877854
D,15,20,125,,5,2,sqrt,66.3403355078055,0.7965891170257327,15.612266087156858,23.358796671309204
D,15,20,125,,5,2,1.0,23.14312255467981,0.8199427756336413,13.184930788470115,20.739852699376954
D,15,20,125,,5,10,sqrt,66.3403355078055,0.7965891170257327,15.612266087156858,23.358796671309204
D,15,20,125,,5,10,1.0,23.14312255467981,0.8199427756336413,13.184930788470115,20.739852699376954
D,15,20,125,,10,2,sqrt,25.571087663780496,0.8119742605655127,14.42362526226303,21.23620585348894
D,15,20,125,,10,2,1.0,19.396233350332672,0.8280589083593501,12.681070480301846,19.601924487797795
D,15,20,125,,10,10,sqrt,25.571087663780496,0.8119742605655127,14.42362526226303,21.23620585348894
D,15,20,125,,10,10,1.0,19.396233350332672,0.8280589083593501,12.681070480301846,19.601924487797795
D,15,20,130,5.0,1,2,sqrt,303.1143451190597,0.6308209427580996,25.2945811896314,31.53147377932217
D,15,20,130,5.0,1,2,1.0,11.653587947537394,0.8457768567676804,11.77832394695277,17.455484981386633
D,15,20,130,5.0,1,10,sqrt,335.6502934664985,0.631786148417195,25.584411871925095,32.02805404866379
D,15,20,130,5.0,1,10,1.0,11.653587947537394,0.8457768567676804,11.77832394695277,17.455484981386633
D,15,20,130,5.0,5,2,sqrt,335.88271536374066,0.6317548230376999,25.59381314842296,32.04479676927637
D,15,20,130,5.0,5,2,1.0,11.653587947537394,0.8457768567676804,11.77832394695277,17.455484981386633
D,15,20,130,5.0,5,10,sqrt,335.88271536374066,0.6317548230376999,25.59381314842296,32.04479676927637
D,15,20,130,5.0,5,10,1.0,11.653587947537394,0.8457768567676804,11.77832394695277,17.455484981386633
D,15,20,130,5.0,10,2,sqrt,336.45139117127127,0.6316608437189729,25.556533993308,32.031624442764965
D,15,20,130,5.0,10,2,1.0,11.64162369622795,0.845833826174578,11.767365001354541,17.44235887696302
D,15,20,130,5.0,10,10,sqrt,336.45139117127127,0.6316608437189729,25.556533993308,32.031624442764965
D,15,20,130,5.0,10,10,1.0,11.64162369622795,0.845833826174578,11.767365001354541,17.44235887696302
D,15,20,130,10.0,1,2,sqrt,124.9967387900301,0.7610476752040537,17.003792909015214,23.472968544564015
D,15,20,130,10.0,1,2,1.0,21.26394121689612,0.8387629501087736,12.10808843031155,19.211572625760123
D,15,20,130,10.0,1,10,sqrt,45.66706473180566,0.7709793856758252,16.18999018124345,22.881144261263017
D,15,20,130,10.0,1,10,1.0,20.741872326805467,0.8395743755569608,12.064009186530644,19.111942756948913
D,15,20,130,10.0,5,2,sqrt,81.1334598020887,0.7576855701451468,16.84428950539671,23.43800566390284
D,15,20,130,10.0,5,2,1.0,17.726253987016186,0.8406158932892784,11.990044834433295,18.926968609575834
D,15,20,130,10.0,5,10,sqrt,81.1334598020887,0.7576855701451468,16.84428950539671,23.43800566390284
D,15,20,130,10.0,5,10,1.0,17.726253987016186,0.8406158932892784,11.990044834433295,18.926968609575834
D,15,20,130,10.0,10,2,sqrt,81.4610000387992,0.7640667427514292,16.830315827136186,23.501897093903633
D,15,20,130,10.0,10,2,1.0,17.23392946474762,0.8414404832080462,11.828571675063015,18.62317715149302
D,15,20,130,10.0,10,10,sqrt,81.4610000387992,0.7640667427514292,16.830315827136186,23.501897093903633
D,15,20,130,10.0,10,10,1.0,17.23392946474762,0.8414404832080462,11.828571675063015,18.62317715149302
D,15,20,130,,1,2,sqrt,93.97670424800168,0.772359207659831,16.707181323001073,25.6519145565561
D,15,20,130,,1,2,1.0,31.822619003221263,0.8043962385717073,14.026220958988826,22.382961593274945
D,15,20,130,,1,10,sqrt,79.41754066369519,0.7869882510460251,15.545315281694732,23.916406867272933
D,15,20,130,,1,10,1.0,29.86914691953724,0.810441502252638,13.629520906849763,21.668282287086768
D,15,20,130,,5,2,sqrt,39.17956650022515,0.7936866873141518,14.934758486549061,22.60989015158915
D,15,20,130,,5,2,1.0,24.976630526682193,0.8148975030389675,13.24871669028091,20.953489024582225
D,15,20,130,,5,10,sqrt,39.17956650022515,0.7936866873141518,14.934758486549061,22.60989015158915
D,15,20,130,,5,10,1.0,24.976630526682193,0.8148975030389675,13.24871669028091,20.953489024582225
D,15,20,130,,10,2,sqrt,46.083276287569156,0.8015464123222259,14.577499257734402,22.009476731481083
D,15,20,130,,10,2,1.0,20.991616773620827,0.8247678861064894,12.667950739247225,19.965891051012264
D,15,20,130,,10,10,sqrt,46.083276287569156,0.8015464123222259,14.577499257734402,22.009476731481083
D,15,20,130,,10,10,1.0,20.991616773620827,0.8247678861064894,12.667950739247225,19.965891051012264
D,20,10,115,5.0,1,2,sqrt,12.296893019452765,0.7894530094127405,13.170441526055493,17.577119485397485
D,20,10,115,5.0,1,2,1.0,4.673811873735814,0.8676210071262697,9.611644420758932,13.822279932401305
D,20,10,115,5.0,1,10,sqrt,38.447242678975144,0.7606546248524964,14.671876520747096,19.475103786034463
D,20,10,115,5.0,1,10,1.0,4.673811873735814,0.8676210071262697,9.611644420758932,13.822279932401305
D,20,10,115,5.0,5,2,sqrt,38.54840092848349,0.7602939374828799,14.71630555657975,19.519413711157135
D,20,10,115,5.0,5,2,1.0,4.673811873735814,0.8676210071262697,9.611644420758932,13.822279932401305
D,20,10,115,5.0,5,10,sqrt,38.54840092848349,0.7602939374828799,14.71630555657975,19.519413711157135
D,20,10,115,5.0,5,10,1.0,4.673811873735814,0.8676210071262697,9.611644420758932,13.822279932401305
D,20,10,115,5.0,10,2,sqrt,13.29558372211697,0.7813787225042946,13.22970468148695,17.852123504254752
D,20,10,115,5.0,10,2,1.0,4.67343025662238,0.86764003067848,9.609256859647548,13.820599682282648
D,20,10,115,5.0,10,10,sqrt,13.29558372211697,0.7813787225042946,13.22970468148695,17.852123504254752
D,20,10,115,5.0,10,10,1.0,4.67343025662238,0.86764003067848,9.609256859647548,13.820599682282648
D,20,10,115,10.0,1,2,sqrt,12.899097249725463,0.8382501404416475,11.288959384095289,16.233806604646738
D,20,10,115,10.0,1,2,1.0,6.3936757899836065,0.8660861012568878,9.366233445796246,14.77913501860318
D,20,10,115,10.0,1,10,sqrt,11.177059233867922,0.8521261158739695,10.71786097752333,15.884435823372177
D,20,10,115,10.0,1,10,1.0,6.10711119105329,0.8679575204233849,9.349290678755294,14.729914551867633
D,20,10,115,10.0,5,2,sqrt,7.040137308449575,0.8529671773697993,10.50293560192095,15.425865491558138
D,20,10,115,10.0,5,2,1.0,5.663841148296629,0.8708227989456114,9.266578171583042,14.559829293531905
D,20,10,115,10.0,5,10,sqrt,7.040137308449575,0.8529671773697993,10.50293560192095,15.425865491558138
D,20,10,115,10.0,5,10,1.0,5.663841148296629,0.8708227989456114,9.266578171583042,14.559829293531905
D,20,10,115,10.0,10,2,sqrt,6.378726818783358,0.8587387057670746,10.19135241661127,14.793764462078865
D,20,10,115,10.0,10,2,1.0,5.25592214456199,0.8742249510123503,9.17338508817075,14.388394057125883
D,20,10,115,10.0,10,10,sqrt,6.378726818783358,0.8587387057670746,10.19135241661127,14.793764462078865
D,20,10,115,10.0,10,10,1.0,5.25592214456199,0.8742249510123503,9.17338508817075,14.388394057125883
D,20,10,115,,1,2,sqrt,15.027013005477443,0.8244640492733918,11.155507370285061,18.399899172988746
D,20,10,115,,1,2,1.0,10.447333437315933,0.8316947332385276,10.329523975253712,17.334652086392556
D,20,10,115,,1,10,sqrt,11.60617990574113,0.8335768008917149,11.10058425505195,17.864521182535324
D,20,10,115,,1,10,1.0,8.817698897246345,0.840394841738242,10.16236941968888,16.786366092529423
D,20,10,115,,5,2,sqrt,10.819673667175453,0.8412915794588992,10.611988999012661,17.019315020475087
D,20,10,115,,5,2,1.0,7.297377646506234,0.8505201660774422,9.814776837280075,16.109103974581046
D,20,10,115,,5,10,sqrt,10.819673667175453,0.8412915794588992,10.611988999012661,17.019315020475087
D,20,10,115,,5,10,1.0,7.297377646506234,0.8505201660774422,9.814776837280075,16.109103974581046
D,20,10,115,,10,2,sqrt,7.82365887117582,0.8512198238486806,10.199017212960532,15.878956060891685
D,20,10,115,,10,2,1.0,6.1322385674517506,0.858738023844275,9.411848528812216,15.204875165805088
D,20,10,115,,10,10,sqrt,7.82365887117582,0.8512198238486806,10.199017212960532,15.878956060891685
D,20,10,115,,10,10,1.0,6.1322385674517506,0.858738023844275,9.411848528812216,15.204875165805088
D,20,10,120,5.0,1,2,sqrt,15.11502832638595,0.7825163553960979,14.406166463902839,18.795096385178446
D,20,10,120,5.0,1,2,1.0,5.914031744964939,0.8606068702407885,10.619335687206437,14.937734569557145
D,20,10,120,5.0,1,10,sqrt,15.26166495153853,0.7840809873109112,14.374528354964468,18.752629892371132
D,20,10,120,5.0,1,10,1.0,5.914031744964939,0.8606068702407885,10.619335687206437,14.937734569557145
D,20,10,120,5.0,5,2,sqrt,15.346225512491813,0.7839927127909222,14.389174365548865,18.780868690726557
D,20,10,120,5.0,5,2,1.0,5.914031744964939,0.8606068702407885,10.619335687206437,14.937734569557145
D,20,10,120,5.0,5,10,sqrt,15.346225512491813,0.7839927127909222,14.389174365548865,18.780868690726557
D,20,10,120,5.0,5,10,1.0,5.914031744964939,0.8606068702407885,10.619335687206437,14.937734569557145
D,20,10,120,5.0,10,2,sqrt,16.442545623822216,0.7778078337529576,14.417970552953559,18.976516054431748
D,20,10,120,5.0,10,2,1.0,5.913650127851506,0.860625180307483,10.616948126095053,14.936184933500687
D,20,10,120,5.0,10,10,sqrt,16.442545623822216,0.7778078337529576,14.417970552953559,18.976516054431748
D,20,10,120,5.0,10,10,1.0,5.913650127851506,0.860625180307483,10.616948126095053,14.936184933500687
D,20,10,120,10.0,1,2,sqrt,10.704130492710863,0.8234435603506531,12.59827347260095,17.558100998384393
D,20,10,120,10.0,1,2,1.0,8.353187020656,0.8621344324976377,10.30415803419605,15.873790756834897
D,20,10,120,10.0,1,10,sqrt,16.335364718640612,0.8306804808201473,12.508420846924286,17.302507725555984
D,20,10,120,10.0,1,10,1.0,7.803760246473796,0.8642315860815357,10.244889094151555,15.741811213500023
D,20,10,120,10.0,5,2,sqrt,10.775187679905311,0.8299771469093455,12.187537519402412,16.965765648133683
D,20,10,120,10.0,5,2,1.0,7.591700976396166,0.8646415873241476,10.228787518942005,15.683778695497912
D,20,10,120,10.0,5,10,sqrt,10.775187679905311,0.8299771469093455,12.187537519402412,16.965765648133683
D,20,10,120,10.0,5,10,1.0,7.591700976396166,0.8646415873241476,10.228787518942005,15.683778695497912
D,20,10,120,10.0,10,2,sqrt,9.10360582414209,0.8424313586188481,11.795652296728223,16.776361281878533
D,20,10,120,10.0,10,2,1.0,7.055141531809985,0.8670423714769505,10.101241694707507,15.459179401209877
D,20,10,120,10.0,10,10,sqrt,9.10360582414209,0.8424313586188481,11.795652296728223,16.776361281878533
D,20,10,120,10.0,10,10,1.0,7.055141531809985,0.8670423714769505,10.101241694707507,15.459179401209877
D,20,10,120,,1,2,sqrt,24.014905894988864,0.8159658388832973,12.60836029409965,20.09953662349756
D,20,10,120,,1,2,1.0,13.890477272394884,0.8299879827683612,11.427874184006448,18.72046538017366
D,20,10,120,,1,10,sqrt,17.96857221088313,0.8313194136485624,11.832379304760124,18.669039264873867
D,20,10,120,,1,10,1.0,12.064325463737443,0.836718784089947,11.208794010902544,18.095018910997034
D,20,10,120,,5,2,sqrt,12.468427605072375,0.8326141701373595,11.799241026135704,18.298544222370758
D,20,10,120,,5,2,1.0,10.59147685452776,0.8430548182335457,10.824597024346195,17.340816995611497
D,20,10,120,,5,10,sqrt,12.468427605072375,0.8326141701373595,11.799241026135704,18.298544222370758
D,20,10,120,,5,10,1.0,10.59147685452776,0.8430548182335457,10.824597024346195,17.340816995611497
D,20,10,120,,10,2,sqrt,10.154650065405951,0.8459872253141795,11.299695426572814,17.20085522232163
D,20,10,120,,10,2,1.0,8.430365848570032,0.8538713030134689,10.416773607715502,16.4225157800608
D,20,10,120,,10,10,sqrt,10.154650065405951,0.8459872253141795,11.299695426572814,17.20085522232163
D,20,10,120,,10,10,1.0,8.430365848570032,0.8538713030134689,10.416773607715502,16.4225157800608
D,20,10,125,5.0,1,2,sqrt,19.45074876131067,0.7737434693199627,15.697074199543422,20.138048366159158
D,20,10,125,5.0,1,2,1.0,7.224606901445041,0.8531932133426003,11.721864506896242,16.100676068536238
D,20,10,125,5.0,1,10,sqrt,19.498382789258095,0.7798391451511488,15.450740613404566,19.913129048420057
D,20,10,125,5.0,1,10,1.0,7.224606901445041,0.8531932133426003,11.721864506896242,16.100676068536238
D,20,10,125,5.0,5,2,sqrt,19.752299141494063,0.7762382632738548,15.677175450413122,20.118856731494212
D,20,10,125,5.0,5,2,1.0,7.224606901445041,0.8531932133426003,11.721864506896242,16.100676068536238
D,20,10,125,5.0,5,10,sqrt,19.752299141494063,0.7762382632738548,15.677175450413122,20.118856731494212
D,20,10,125,5.0,5,10,1.0,7.224606901445041,0.8531932133426003,11.721864506896242,16.100676068536238
D,20,10,125,5.0,10,2,sqrt,21.32594222469114,0.7700068553440194,15.71157836809997,20.343801981466555
D,20,10,125,5.0,10,2,1.0,7.224225284331607,0.8532109052467252,11.719476945784859,16.09925106322168
D,20,10,125,5.0,10,10,sqrt,21.32594222469114,0.7700068553440194,15.71157836809997,20.343801981466555
D,20,10,125,5.0,10,10,1.0,7.224225284331607,0.8532109052467252,11.719476945784859,16.09925106322168
D,20,10,125,10.0,1,2,sqrt,17.217986656066643,0.8285838176137716,13.122819688678032,17.946900235114168
D,20,10,125,10.0,1,2,1.0,10.605597848872522,0.854599366574743,11.387823758937762,16.99193786795302
D,20,10,125,10.0,1,10,sqrt,11.369803157961886,0.8359326708111745,12.828862193913011,17.717879883747443
D,20,10,125,10.0,1,10,1.0,9.752925695799954,0.8565372012425279,11.336407667460946,16.88609450668202
D,20,10,125,10.0,5,2,sqrt,18.474833435983424,0.8193143773911986,13.560504092343086,18.453469677597525
D,20,10,125,10.0,5,2,1.0,9.34062275124921,0.8579478734707686,11.312229002722344,16.768882915851417
D,20,10,125,10.0,5,10,sqrt,18.474833435983424,0.8193143773911986,13.560504092343086,18.453469677597525
D,20,10,125,10.0,5,10,1.0,9.34062275124921,0.8579478734707686,11.312229002722344,16.768882915851417
D,20,10,125,10.0,10,2,sqrt,23.986894792734187,0.8194283217611208,14.007395051714505,19.201363965308275
D,20,10,125,10.0,10,2,1.0,8.948963999253163,0.8592965632588403,11.218505637372411,16.55262277789089
D,20,10,125,10.0,10,10,sqrt,23.986894792734187,0.8194283217611208,14.007395051714505,19.201363965308275
D,20,10,125,10.0,10,10,1.0,8.948963999253163,0.8592965632588403,11.218505637372411,16.55262277789089
D,20,10,125,,1,2,sqrt,29.11306394312813,0.8097214718607983,13.837448193927548,21.553240897808887
D,20,10,125,,1,2,1.0,18.347822165706006,0.8228679811568977,12.75049193817614,20.180223798217774
D,20,10,125,,1,10,sqrt,39.253812470499014,0.8174656821104795,13.490600515287799,20.611517322072423
D,20,10,125,,1,10,1.0,16.532010209127964,0.8288747870002705,12.485193107026308,19.602516988040087
D,20,10,125,,5,2,sqrt,18.61119176044631,0.828778659123629,12.958717992660317,19.591701241172945
D,20,10,125,,5,2,1.0,13.674744545373809,0.8371586873675618,12.050175582947471,18.753987058476202
D,20,10,125,,5,10,sqrt,18.61119176044631,0.828778659123629,12.958717992660317,19.591701241172945
D,20,10,125,,5,10,1.0,13.674744545373809,0.8371586873675618,12.050175582947471,18.753987058476202
D,20,10,125,,10,2,sqrt,15.559417607086653,0.8351409010690432,12.732585300299583,18.926873454093585
D,20,10,125,,10,2,1.0,11.581465190681936,0.8471544832229508,11.513171515964189,17.66621773604001
D,20,10,125,,10,10,sqrt,15.559417607086653,0.8351409010690432,12.732585300299583,18.926873454093585
D,20,10,125,,10,10,1.0,11.581465190681936,0.8471544832229508,11.513171515964189,17.66621773604001
D,20,10,130,5.0,1,2,sqrt,23.750477892235995,0.7775819999450603,14.959165199207845,20.26744250456516
D,20,10,130,5.0,1,2,1.0,8.598731920289264,0.8487959129340515,11.120718615411128,16.35766355222277
D,20,10,130,5.0,1,10,sqrt,23.843100227558352,0.7819186914461043,14.75018162134229,20.04178027345194
D,20,10,130,5.0,1,10,1.0,8.598731920289264,0.8487959129340515,11.120718615411128,16.35766355222277
D,20,10,130,5.0,5,2,sqrt,24.19810814763847,0.7787069684799912,14.95901353009998,20.241113501200562
D,20,10,130,5.0,5,2,1.0,8.598731920289264,0.8487959129340515,11.120718615411128,16.35766355222277
D,20,10,130,5.0,5,10,sqrt,24.19810814763847,0.7787069684799912,14.95901353009998,20.241113501200562
D,20,10,130,5.0,5,10,1.0,8.598731920289264,0.8487959129340515,11.120718615411128,16.35766355222277
D,20,10,130,5.0,10,2,sqrt,25.600554517474325,0.7751887228321672,15.012170894564681,20.494669347564304
D,20,10,130,5.0,10,2,1.0,8.598618674529986,0.8488007812673926,11.120049279419021,16.35724759259337
D,20,10,130,5.0,10,10,sqrt,25.600554517474325,0.7751887228321672,15.012170894564681,20.494669347564304
D,20,10,130,5.0,10,10,1.0,8.598618674529986,0.8488007812673926,11.120049279419021,16.35724759259337
D,20,10,130,10.0,1,2,sqrt,37.22699242309952,0.8107046611944682,13.92810203161902,20.0601192057316
D,20,10,130,10.0,1,2,1.0,11.774131490980082,0.8531839655371665,11.029309872672815,17.419703217238624
D,20,10,130,10.0,1,10,sqrt,22.49089642505894,0.831183156861725,12.505751243276718,18.44308523021969
D,20,10,130,10.0,1,10,1.0,11.774101693036807,0.8534124711314581,11.005725097171714,17.372911678296628
D,20,10,130,10.0,5,2,sqrt,17.496183851424888,0.8385830344736664,12.17759617356411,18.122771848662083
D,20,10,130,10.0,5,2,1.0,11.498350952404852,0.8541778457823146,11.032770965539099,17.35593513636846
D,20,10,130,10.0,5,10,sqrt,17.496183851424888,0.8385830344736664,12.17759617356411,18.122771848662083
D,20,10,130,10.0,5,10,1.0,11.498350952404852,0.8541778457823146,11.032770965539099,17.35593513636846
D,20,10,130,10.0,10,2,sqrt,13.098885703940923,0.8411923285830867,12.004554011218737,17.896416971970474
D,20,10,130,10.0,10,2,1.0,10.623791778094395,0.8557676845754907,10.90785387789191,17.137056943656084
D,20,10,130,10.0,10,10,sqrt,13.098885703940923,0.8411923285830867,12.004554011218737,17.896416971970474
D,20,10,130,10.0,10,10,1.0,10.623791778094395,0.8557676845754907,10.90785387789191,17.137056943656084
D,20,10,130,,1,2,sqrt,27.853174732473995,0.8096828932698708,13.741847412366255,21.393569652839034
D,20,10,130,,1,2,1.0,19.03401753821298,0.8234496908968474,12.850213836390395,20.405795824401267
D,20,10,130,,1,10,sqrt,26.775438014121455,0.8187738988030695,13.34385415463268,20.700017151310686
D,20,10,130,,1,10,1.0,17.629708198728423,0.827501482953045,12.482197521336467,19.772751106990995
D,20,10,130,,5,2,sqrt,18.751038427557678,0.8239253903845439,12.971631505742113,19.873017875488816
D,20,10,130,,5,2,1.0,15.574417665281754,0.832088199560552,12.176633045673233,19.132842586377162
D,20,10,130,,5,10,sqrt,18.751038427557678,0.8239253903845439,12.971631505742113,19.873017875488816
D,20,10,130,,5,10,1.0,15.574417665281754,0.832088199560552,12.176633045673233,19.132842586377162
D,20,10,130,,10,2,sqrt,16.41657590328843,0.8314905844349127,12.512933268032771,18.984484875268546
D,20,10,130,,10,2,1.0,12.901147953929165,0.8406875811579415,11.64671117675125,18.2228222265311
D,20,10,130,,10,10,sqrt,16.41657590328843,0.8314905844349127,12.512933268032771,18.984484875268546
D,20,10,130,,10,10,1.0,12.901147953929165,0.8406875811579415,11.64671117675125,18.2228222265311
D,20,15,115,5.0,1,2,sqrt,11.86148052006637,0.7704895529321181,13.4518726963841,17.48836138153031
D,20,15,115,5.0,1,2,1.0,4.676843027413765,0.867626835791589,9.612574792980606,13.828630924578878
D,20,15,115,5.0,1,10,sqrt,12.985452790737932,0.7679721965816576,13.714342376484083,17.797529231377084
D,20,15,115,5.0,1,10,1.0,4.676843027413765,0.867626835791589,9.612574792980606,13.828630924578878
D,20,15,115,5.0,5,2,sqrt,12.832728734052512,0.7685931833754942,13.626478760205146,17.676988098664346
D,20,15,115,5.0,5,2,1.0,4.676843027413765,0.867626835791589,9.612574792980606,13.828630924578878
D,20,15,115,5.0,5,10,sqrt,12.832728734052512,0.7685931833754942,13.626478760205146,17.676988098664346
D,20,15,115,5.0,5,10,1.0,4.676843027413765,0.867626835791589,9.612574792980606,13.828630924578878
D,20,15,115,5.0,10,2,sqrt,11.346713907994694,0.7733279030796334,13.30137058698044,17.415063748816756
D,20,15,115,5.0,10,2,1.0,4.676461410300332,0.8676458593437992,9.610187231869222,13.826950674460221
D,20,15,115,5.0,10,10,sqrt,11.346713907994694,0.7733279030796334,13.30137058698044,17.415063748816756
D,20,15,115,5.0,10,10,1.0,4.676461410300332,0.8676458593437992,9.610187231869222,13.826950674460221
D,20,15,115,10.0,1,2,sqrt,9.780441319315896,0.8203469777308902,11.67120177829876,16.496777279032578
D,20,15,115,10.0,1,2,1.0,7.090412556607842,0.863703912969832,9.474217516313443,15.004180346555193
D,20,15,115,10.0,1,10,sqrt,9.829544949046543,0.8276995722086206,11.652966579995898,16.74196438240513
D,20,15,115,10.0,1,10,1.0,6.644683922354199,0.865442310524636,9.45536439257632,14.943676422188492
D,20,15,115,10.0,5,2,sqrt,8.681283968057256,0.8302491683671306,11.545878935915873,16.495957627978665
D,20,15,115,10.0,5,2,1.0,6.064461908131058,0.8674494486431525,9.447698860116287,14.878410241278607
D,20,15,115,10.0,5,10,sqrt,8.681283968057256,0.8302491683671306,11.545878935915873,16.495957627978665
D,20,15,115,10.0,5,10,1.0,6.064461908131058,0.8674494486431525,9.447698860116287,14.878410241278607
D,20,15,115,10.0,10,2,sqrt,8.33702287100482,0.8374780431887082,11.504670913671145,16.50873426540394
D,20,15,115,10.0,10,2,1.0,5.74496100884687,0.8704387555532194,9.308901828337573,14.607866497529372
D,20,15,115,10.0,10,10,sqrt,8.33702287100482,0.8374780431887082,11.504670913671145,16.50873426540394
D,20,15,115,10.0,10,10,1.0,5.74496100884687,0.8704387555532194,9.308901828337573,14.607866497529372
D,20,15,115,,1,2,sqrt,15.24934875687185,0.8124095856630223,11.68722681740187,19.02532848415878
D,20,15,115,,1,2,1.0,10.770433342751977,0.8291969860802396,10.50618122086512,17.586378366682425
D,20,15,115,,1,10,sqrt,12.421541146076317,0.8261947015342586,11.257766293668205,18.042881191546023
D,20,15,115,,1,10,1.0,9.342425080986663,0.8384128100800986,10.134475104711726,16.85282006628526
D,20,15,115,,5,2,sqrt,10.963227082594802,0.8289627973952136,11.509693045511323,17.91332331793392
D,20,15,115,,5,2,1.0,8.027466824910857,0.846569418079311,9.944008769534662,16.369722644344506
D,20,15,115,,5,10,sqrt,10.963227082594802,0.8289627973952136,11.509693045511323,17.91332331793392
D,20,15,115,,5,10,1.0,8.027466824910857,0.846569418079311,9.944008769534662,16.369722644344506
D,20,15,115,,10,2,sqrt,10.111985750599292,0.8357820888875993,11.488621219064099,17.49240376811983
D,20,15,115,,10,2,1.0,6.873793815286909,0.8546092205790223,9.557997569241135,15.49821585279625
D,20,15,115,,10,10,sqrt,10.111985750599292,0.8357820888875993,11.488621219064099,17.49240376811983
D,20,15,115,,10,10,1.0,6.873793815286909,0.8546092205790223,9.557997569241135,15.49821585279625
D,20,15,120,5.0,1,2,sqrt,15.478130140187023,0.7634947435941603,14.81155800732817,18.95708244691608
D,20,15,120,5.0,1,2,1.0,5.914031744964939,0.8606068702407885,10.619335687206437,14.937734569557145
D,20,15,120,5.0,1,10,sqrt,18.107902518862822,0.7535637227541938,15.258357838887338,19.513094312925634
D,20,15,120,5.0,1,10,1.0,5.914031744964939,0.8606068702407885,10.619335687206437,14.937734569557145
D,20,15,120,5.0,5,2,sqrt,17.928799968918888,0.754191927685121,15.169850159011617,19.397052611259856
D,20,15,120,5.0,5,2,1.0,5.914031744964939,0.8606068702407885,10.619335687206437,14.937734569557145
D,20,15,120,5.0,5,10,sqrt,17.928799968918888,0.754191927685121,15.169850159011617,19.397052611259856
D,20,15,120,5.0,5,10,1.0,5.914031744964939,0.8606068702407885,10.619335687206437,14.937734569557145
D,20,15,120,5.0,10,2,sqrt,14.589707307322922,0.769031208778361,14.560610931101607,18.77212999532274
D,20,15,120,5.0,10,2,1.0,5.913650127851506,0.860625180307483,10.616948126095053,14.936184933500687
D,20,15,120,5.0,10,10,sqrt,14.589707307322922,0.769031208778361,14.560610931101607,18.77212999532274
D,20,15,120,5.0,10,10,1.0,5.913650127851506,0.860625180307483,10.616948126095053,14.936184933500687
D,20,15,120,10.0,1,2,sqrt,14.003063909704698,0.8262697296353458,12.616510612964523,17.984536860984957
D,20,15,120,10.0,1,2,1.0,9.123193610399255,0.8598379710011219,10.368479741680384,16.118348590849806
D,20,15,120,10.0,1,10,sqrt,12.32724081446906,0.8274343866589543,12.962194734656089,18.12986815829887
D,20,15,120,10.0,1,10,1.0,8.90007237796507,0.8609757533269068,10.326399395080738,16.045190638846723
D,20,15,120,10.0,5,2,sqrt,13.941493966242083,0.8259351349047461,13.18307550969531,18.50937139430949
D,20,15,120,10.0,5,2,1.0,8.334607723903266,0.862726223222813,10.307645813254695,15.922508945642624
D,20,15,120,10.0,5,10,sqrt,13.941493966242083,0.8259351349047461,13.18307550969531,18.50937139430949
D,20,15,120,10.0,5,10,1.0,8.334607723903266,0.862726223222813,10.307645813254695,15.922508945642624
D,20,15,120,10.0,10,2,sqrt,12.541212420825284,0.8345313275984596,12.515548429080809,17.584409501436305
D,20,15,120,10.0,10,2,1.0,7.6743972977035355,0.8651601313635731,10.251746869139325,15.74671942257454
D,20,15,120,10.0,10,10,sqrt,12.541212420825284,0.8345313275984596,12.515548429080809,17.584409501436305
D,20,15,120,10.0,10,10,1.0,7.6743972977035355,0.8651601313635731,10.251746869139325,15.74671942257454
D,20,15,120,,1,2,sqrt,23.730801263934424,0.8073774820797175,13.237766167769138,20.82773919149776
D,20,15,120,,1,2,1.0,14.940163389001281,0.8271348298013466,11.387008316475974,18.719653317399285
D,20,15,120,,1,10,sqrt,17.899938211044596,0.8191452465372681,12.941912026684836,19.994451737660793
D,20,15,120,,1,10,1.0,13.754623827410114,0.8327587615487524,11.242426679201355,18.29692093639071
D,20,15,120,,5,2,sqrt,17.427324619871246,0.8205875275904232,12.874528552667362,19.75673846375018
D,20,15,120,,5,2,1.0,11.457428644304247,0.8390547427484014,11.057009786608592,17.728654954102815
D,20,15,120,,5,10,sqrt,17.427324619871246,0.8205875275904232,12.874528552667362,19.75673846375018
D,20,15,120,,5,10,1.0,11.457428644304247,0.8390547427484014,11.057009786608592,17.728654954102815
D,20,15,120,,10,2,sqrt,16.581290050070557,0.8272390565978384,12.614253866879373,18.88716923483961
D,20,15,120,,10,2,1.0,9.303401832572318,0.8491745410847129,10.609045484297335,16.802741076404093
D,20,15,120,,10,10,sqrt,16.581290050070557,0.8272390565978384,12.614253866879373,18.88716923483961
D,20,15,120,,10,10,1.0,9.303401832572318,0.8491745410847129,10.609045484297335,16.802741076404093
D,20,15,125,5.0,1,2,sqrt,21.00894187046203,0.7519204274313596,16.43701638287569,20.747945615637555
D,20,15,125,5.0,1,2,1.0,7.224606901445041,0.8531932133426003,11.721864506896242,16.100676068536238
D,20,15,125,5.0,1,10,sqrt,20.519098144888453,0.7546165688959586,16.297539264372297,20.597420320038566
D,20,15,125,5.0,1,10,1.0,7.224606901445041,0.8531932133426003,11.721864506896242,16.100676068536238
D,20,15,125,5.0,5,2,sqrt,20.310367094383885,0.755252021033354,16.21291484642261,20.489280290294932
D,20,15,125,5.0,5,2,1.0,7.224606901445041,0.8531932133426003,11.721864506896242,16.100676068536238
D,20,15,125,5.0,5,10,sqrt,20.310367094383885,0.755252021033354,16.21291484642261,20.489280290294932
D,20,15,125,5.0,5,10,1.0,7.224606901445041,0.8531932133426003,11.721864506896242,16.100676068536238
D,20,15,125,5.0,10,2,sqrt,18.926997145758804,0.7611452588599816,15.92821476324412,20.201028866048937
D,20,15,125,5.0,10,2,1.0,7.224225284331607,0.8532109052467252,11.719476945784859,16.09925106322168
D,20,15,125,5.0,10,10,sqrt,18.926997145758804,0.7611452588599816,15.92821476324412,20.201028866048937
D,20,15,125,5.0,10,10,1.0,7.224225284331607,0.8532109052467252,11.719476945784859,16.09925106322168
D,20,15,125,10.0,1,2,sqrt,28.96170641344665,0.8283790796865758,13.488770578381743,18.840196832686203
D,20,15,125,10.0,1,2,1.0,11.80293345793055,0.852874258339112,11.499140119739852,17.265797158498078
D,20,15,125,10.0,1,10,sqrt,16.56993007099236,0.8141062663342886,13.977243362204216,19.08831200758764
D,20,15,125,10.0,1,10,1.0,11.675957660989607,0.852564592006839,11.488823886086095,17.25191774342617
D,20,15,125,10.0,5,2,sqrt,18.829496200284364,0.8252450044141865,13.966101720075292,19.139228085456217
D,20,15,125,10.0,5,2,1.0,11.144181285028491,0.8536389044101771,11.482101417096665,17.142218128098516
D,20,15,125,10.0,5,10,sqrt,18.829496200284364,0.8252450044141865,13.966101720075292,19.139228085456217
D,20,15,125,10.0,5,10,1.0,11.144181285028491,0.8536389044101771,11.482101417096665,17.142218128098516
D,20,15,125,10.0,10,2,sqrt,13.598274439937644,0.8232790860736545,13.775451248753217,18.871611806154895
D,20,15,125,10.0,10,2,1.0,9.992297083406893,0.8574797854543496,11.385911764759959,16.956579467189407
D,20,15,125,10.0,10,10,sqrt,13.598274439937644,0.8232790860736545,13.775451248753217,18.871611806154895
D,20,15,125,10.0,10,10,1.0,9.992297083406893,0.8574797854543496,11.385911764759959,16.956579467189407
D,20,15,125,,1,2,sqrt,30.56308578848051,0.7970776467646605,14.83051104351328,22.712420226153906
D,20,15,125,,1,2,1.0,21.196546760010133,0.8190960333575046,12.870190641395862,20.511796063293808
D,20,15,125,,1,10,sqrt,31.116747341877243,0.8062913036658795,14.364336294059006,21.772579534041128
D,20,15,125,,1,10,1.0,18.996512585505155,0.8252076575011162,12.591735843451792,19.831659015759463
D,20,15,125,,5,2,sqrt,22.2796111516018,0.8138941925834869,14.06266168446229,20.906310271748254
D,20,15,125,,5,2,1.0,16.35347598482567,0.8310508688106346,12.308694993979449,19.158135818203526
D,20,15,125,,5,10,sqrt,22.2796111516018,0.8138941925834869,14.06266168446229,20.906310271748254
D,20,15,125,,5,10,1.0,16.35347598482567,0.8310508688106346,12.308694993979449,19.158135818203526
D,20,15,125,,10,2,sqrt,16.07522501762748,0.8248454962109255,13.423069533267556,19.739702150158948
D,20,15,125,,10,2,1.0,12.97166557181709,0.843606115909467,11.695846720317586,18.049039928233274
D,20,15,125,,10,10,sqrt,16.07522501762748,0.8248454962109255,13.423069533267556,19.739702150158948
D,20,15,125,,10,10,1.0,12.97166557181709,0.843606115909467,11.695846720317586,18.049039928233274
D,20,15,130,5.0,1,2,sqrt,26.026330005880816,0.7537991393042138,15.692710292583723,20.703844188509567
D,20,15,130,5.0,1,2,1.0,8.598731920289264,0.8487959129340515,11.120718615411128,16.35766355222277
D,20,15,130,5.0,1,10,sqrt,25.793721629209944,0.755182810053793,15.728828762816452,20.727257399024534
D,20,15,130,5.0,1,10,1.0,8.598731920289264,0.8487959129340515,11.120718615411128,16.35766355222277
D,20,15,130,5.0,5,2,sqrt,25.37616655621439,0.7570601381815539,15.570575560133458,20.552163461989583
D,20,15,130,5.0,5,2,1.0,8.598731920289264,0.8487959129340515,11.120718615411128,16.35766355222277
D,20,15,130,5.0,5,10,sqrt,25.37616655621439,0.7570601381815539,15.570575560133458,20.552163461989583
D,20,15,130,5.0,5,10,1.0,8.598731920289264,0.8487959129340515,11.120718615411128,16.35766355222277
D,20,15,130,5.0,10,2,sqrt,24.730346236538367,0.7615727163962488,15.308743123311427,20.3090725043514
D,20,15,130,5.0,10,2,1.0,8.598618674529986,0.8488007812673926,11.120049279419021,16.35724759259337
D,20,15,130,5.0,10,10,sqrt,24.730346236538367,0.7615727163962488,15.308743123311427,20.3090725043514
D,20,15,130,5.0,10,10,1.0,8.598618674529986,0.8488007812673926,11.120049279419021,16.35724759259337
D,20,15,130,10.0,1,2,sqrt,21.08388070801747,0.8123110898494244,13.680363051363098,19.583527514027107
D,20,15,130,10.0,1,2,1.0,13.580822104493354,0.8518865910901434,11.100015139295696,17.723768730684487
D,20,15,130,10.0,1,10,sqrt,17.94940628283135,0.8252765922885349,13.376913366102162,19.426830722526216
D,20,15,130,10.0,1,10,1.0,13.055718346640537,0.8536605430282777,10.964721054050273,17.49170046530741
D,20,15,130,10.0,5,2,sqrt,21.73507577935696,0.817733511377084,13.94417406297166,20.04934345636761
D,20,15,130,10.0,5,2,1.0,12.449085196584807,0.8543944302367755,10.965553849698157,17.40911449671996
D,20,15,130,10.0,5,10,sqrt,21.73507577935696,0.817733511377084,13.94417406297166,20.04934345636761
D,20,15,130,10.0,5,10,1.0,12.449085196584807,0.8543944302367755,10.965553849698157,17.40911449671996
D,20,15,130,10.0,10,2,sqrt,18.46627317295791,0.8155719094670223,13.427254504580139,19.305096535451145
D,20,15,130,10.0,10,2,1.0,11.212930251116726,0.8553502079053814,10.89047193670375,17.206080712547706
D,20,15,130,10.0,10,10,sqrt,18.46627317295791,0.8155719094670223,13.427254504580139,19.305096535451145
D,20,15,130,10.0,10,10,1.0,11.212930251116726,0.8553502079053814,10.89047193670375,17.206080712547706
D,20,15,130,,1,2,sqrt,33.07105751942277,0.8022987807289919,14.25453149941697,22.012151211289865
D,20,15,130,,1,2,1.0,20.925728132551388,0.8192717918865153,12.798564081576297,20.446167839506728
D,20,15,130,,1,10,sqrt,29.047228796616928,0.8076666141128197,14.13662418460043,21.562952909559556
D,20,15,130,,1,10,1.0,18.94663780703563,0.8246588264830885,12.47487506288098,19.845388361728446
D,20,15,130,,5,2,sqrt,22.453403853777182,0.8110394413773914,13.698654198053905,20.76214931357834
D,20,15,130,,5,2,1.0,17.379348884528614,0.8279524020588045,12.225857983839642,19.369810680999358
D,20,15,130,,5,10,sqrt,22.453403853777182,0.8110394413773914,13.698654198053905,20.76214931357834
D,20,15,130,,5,10,1.0,17.379348884528614,0.8279524020588045,12.225857983839642,19.369810680999358
D,20,15,130,,10,2,sqrt,18.22803224277896,0.8238918949111651,13.235517650665907,19.86076807658918
D,20,15,130,,10,2,1.0,14.104602939499165,0.8385725362926368,11.566932580086107,18.2375860815526
D,20,15,130,,10,10,sqrt,18.22803224277896,0.8238918949111651,13.235517650665907,19.86076807658918
D,20,15,130,,10,10,1.0,14.104602939499165,0.8385725362926368,11.566932580086107,18.2375860815526
D,20,20,115,5.0,1,2,sqrt,86.5873666693836,0.6892430788894328,19.17122707479186,24.002460464715078
D,20,20,115,5.0,1,2,1.0,4.676843027413765,0.867626835791589,9.612574792980606,13.828630924578878
D,20,20,115,5.0,1,10,sqrt,115.73742672536034,0.6795966072839281,19.76550924079632,24.97855592934274
D,20,20,115,5.0,1,10,1.0,4.676843027413765,0.867626835791589,9.612574792980606,13.828630924578878
D,20,20,115,5.0,5,2,sqrt,115.73678876430009,0.6795512563654954,19.76607909748413,24.978807673046315
D,20,20,115,5.0,5,2,1.0,4.676843027413765,0.867626835791589,9.612574792980606,13.828630924578878
D,20,20,115,5.0,5,10,sqrt,115.73678876430009,0.6795512563654954,19.76607909748413,24.978807673046315
D,20,20,115,5.0,5,10,1.0,4.676843027413765,0.867626835791589,9.612574792980606,13.828630924578878
D,20,20,115,5.0,10,2,sqrt,97.8889971013953,0.6919429482976667,19.362867009533936,24.263869031706832
D,20,20,115,5.0,10,2,1.0,4.676461410300332,0.8676458593437992,9.610187231869222,13.826950674460221
D,20,20,115,5.0,10,10,sqrt,97.8889971013953,0.6919429482976667,19.362867009533936,24.263869031706832
D,20,20,115,5.0,10,10,1.0,4.676461410300332,0.8676458593437992,9.610187231869222,13.826950674460221
D,20,20,115,10.0,1,2,sqrt,12.749769082625827,0.8155043470636061,12.701225367335107,17.765491079935465
D,20,20,115,10.0,1,2,1.0,7.144531833013529,0.863044672068035,9.475474766814003,14.999159691522076
D,20,20,115,10.0,1,10,sqrt,29.45370986852068,0.7996544107710504,13.793889219245438,19.14796862399654
D,20,20,115,10.0,1,10,1.0,6.972939070218489,0.8645796943451372,9.47170530873501,14.97148102754951
D,20,20,115,10.0,5,2,sqrt,15.353289022881977,0.8140487869096397,12.751001007810961,18.127438560299584
D,20,20,115,10.0,5,2,1.0,6.799936441992555,0.8654948007823441,9.48098638937978,14.978947186591288
D,20,20,115,10.0,5,10,sqrt,15.353289022881977,0.8140487869096397,12.751001007810961,18.127438560299584
D,20,20,115,10.0,5,10,1.0,6.799936441992555,0.8654948007823441,9.48098638937978,14.978947186591288
D,20,20,115,10.0,10,2,sqrt,25.313407789946798,0.808001741238382,13.087789800891944,18.256000194000997
D,20,20,115,10.0,10,2,1.0,5.844152649166279,0.8692431279749971,9.368824932374531,14.70500954559363
D,20,20,115,10.0,10,10,sqrt,25.313407789946798,0.808001741238382,13.087789800891944,18.256000194000997
D,20,20,115,10.0,10,10,1.0,5.844152649166279,0.8692431279749971,9.368824932374531,14.70500954559363
D,20,20,115,,1,2,sqrt,50.127202701406304,0.803732791831789,12.717582513083977,20.50587980393735
D,20,20,115,,1,2,1.0,10.90379787173115,0.8327153361024466,10.38296858719649,17.35706374184579
D,20,20,115,,1,10,sqrt,18.804096201774826,0.8190910869012302,12.189485785559006,19.397588204671155
D,20,20,115,,1,10,1.0,9.814313485123279,0.8395767028201666,10.184273891549484,16.871634048590995
D,20,20,115,,5,2,sqrt,17.35570011158446,0.8217737599620198,12.406070676379477,19.34604339363991
D,20,20,115,,5,2,1.0,8.658720620004184,0.8441401774867078,10.014482608197063,16.47497718148165
D,20,20,115,,5,10,sqrt,17.35570011158446,0.8217737599620198,12.406070676379477,19.34604339363991
D,20,20,115,,5,10,1.0,8.658720620004184,0.8441401774867078,10.014482608197063,16.47497718148165
D,20,20,115,,10,2,sqrt,22.454005103026425,0.8218504148969993,12.647997228491935,19.427357343571963
D,20,20,115,,10,2,1.0,6.795673774448984,0.8555379403320031,9.613898488783736,15.503402741054733
D,20,20,115,,10,10,sqrt,22.454005103026425,0.8218504148969993,12.647997228491935,19.427357343571963
D,20,20,115,,10,10,1.0,6.795673774448984,0.8555379403320031,9.613898488783736,15.503402741054733
D,20,20,120,5.0,1,2,sqrt,111.86646750706377,0.6885522352773326,20.503557128940358,25.43686409647011
D,20,20,120,5.0,1,2,1.0,5.914031744964939,0.8606068702407885,10.619335687206437,14.937734569557145
D,20,20,120,5.0,1,10,sqrt,107.88932780474715,0.6989384272952022,20.063333123373454,25.00446058321022
D,20,20,120,5.0,1,10,1.0,5.914031744964939,0.8606068702407885,10.619335687206437,14.937734569557145
D,20,20,120,5.0,5,2,sqrt,107.88780050292489,0.6989369879426215,20.060153053966356,25.00229837128868
D,20,20,120,5.0,5,2,1.0,5.914031744964939,0.8606068702407885,10.619335687206437,14.937734569557145
D,20,20,120,5.0,5,10,sqrt,107.88780050292489,0.6989369879426215,20.060153053966356,25.00229837128868
D,20,20,120,5.0,5,10,1.0,5.914031744964939,0.8606068702407885,10.619335687206437,14.937734569557145
D,20,20,120,5.0,10,2,sqrt,125.19535832425993,0.6920012522354073,20.71625353939494,25.71235405338957
D,20,20,120,5.0,10,2,1.0,5.913650127851506,0.860625180307483,10.616948126095053,14.936184933500687
D,20,20,120,5.0,10,10,sqrt,125.19535832425993,0.6920012522354073,20.71625353939494,25.71235405338957
D,20,20,120,5.0,10,10,1.0,5.913650127851506,0.860625180307483,10.616948126095053,14.936184933500687
D,20,20,120,10.0,1,2,sqrt,31.771465950647457,0.8155997334393591,13.732583824142344,19.18684169057529
D,20,20,120,10.0,1,2,1.0,9.554814095067183,0.857902685714914,10.49194482111711,16.28191560115979
D,20,20,120,10.0,1,10,sqrt,48.42473973399217,0.7937169055898471,14.632648432690303,20.181927746503412
D,20,20,120,10.0,1,10,1.0,9.248197061053844,0.8588081207146008,10.488295893346647,16.24637556070157
D,20,20,120,10.0,5,2,sqrt,24.5761051612554,0.7895535145962136,14.880019146816982,20.32878137973704
D,20,20,120,10.0,5,2,1.0,8.355876628285774,0.8608184410842139,10.3958474231631,16.043300908419326
D,20,20,120,10.0,5,10,sqrt,24.5761051612554,0.7895535145962136,14.880019146816982,20.32878137973704
D,20,20,120,10.0,5,10,1.0,8.355876628285774,0.8608184410842139,10.3958474231631,16.043300908419326
D,20,20,120,10.0,10,2,sqrt,39.59180838206476,0.7962168153470606,14.896385571323501,20.262366703082744
D,20,20,120,10.0,10,2,1.0,7.951787782408171,0.862474154586329,10.35368522895636,15.932759909538367
D,20,20,120,10.0,10,10,sqrt,39.59180838206476,0.7962168153470606,14.896385571323501,20.262366703082744
D,20,20,120,10.0,10,10,1.0,7.951787782408171,0.862474154586329,10.35368522895636,15.932759909538367
D,20,20,120,,1,2,sqrt,51.3466788261641,0.7958671952318215,14.464399091313549,22.857058939762005
D,20,20,120,,1,2,1.0,15.432105401669034,0.8265136360582653,11.652721006247173,18.98934656010664
D,20,20,120,,1,10,sqrt,40.24517246040661,0.8079608913577163,13.77306763378618,21.18038811191286
D,20,20,120,,1,10,1.0,14.192341339386482,0.8341496905758097,11.389297233862266,18.464240982839296
D,20,20,120,,5,2,sqrt,23.09942000602763,0.8139756827254736,13.56837012846762,20.649743162693603
D,20,20,120,,5,2,1.0,11.433994067331676,0.8395694773359258,11.018623047561297,17.695563708281206
D,20,20,120,,5,10,sqrt,23.09942000602763,0.8139756827254736,13.56837012846762,20.649743162693603
D,20,20,120,,5,10,1.0,11.433994067331676,0.8395694773359258,11.018623047561297,17.695563708281206
D,20,20,120,,10,2,sqrt,20.75461206286436,0.8213616598766832,12.98495527000792,19.549086342333037
D,20,20,120,,10,2,1.0,9.902217330899001,0.8478428915292143,10.770742933766417,16.97975789627621
D,20,20,120,,10,10,sqrt,20.75461206286436,0.8213616598766832,12.98495527000792,19.549086342333037
D,20,20,120,,10,10,1.0,9.902217330899001,0.8478428915292143,10.770742933766417,16.97975789627621
D,20,20,125,5.0,1,2,sqrt,140.0673808023393,0.6805458976667931,21.775374291224345,26.76270088047275
D,20,20,125,5.0,1,2,1.0,7.224606901445041,0.8531932133426003,11.721864506896242,16.100676068536238
D,20,20,125,5.0,1,10,sqrt,140.80722461495824,0.6815608151949304,22.13947451922839,27.302245430219493
D,20,20,125,5.0,1,10,1.0,7.224606901445041,0.8531932133426003,11.721864506896242,16.100676068536238
D,20,20,125,5.0,5,2,sqrt,140.66700510856714,0.6818755897550777,22.138540670511112,27.294890117871653
D,20,20,125,5.0,5,2,1.0,7.224606901445041,0.8531932133426003,11.721864506896242,16.100676068536238
D,20,20,125,5.0,5,10,sqrt,140.66700510856714,0.6818755897550777,22.138540670511112,27.294890117871653
D,20,20,125,5.0,5,10,1.0,7.224606901445041,0.8531932133426003,11.721864506896242,16.100676068536238
D,20,20,125,5.0,10,2,sqrt,135.8767930013812,0.6833463046129733,21.723952148792318,26.6024913219457
D,20,20,125,5.0,10,2,1.0,7.224225284331607,0.8532109052467252,11.719476945784859,16.09925106322168
D,20,20,125,5.0,10,10,sqrt,135.8767930013812,0.6833463046129733,21.723952148792318,26.6024913219457
D,20,20,125,5.0,10,10,1.0,7.224225284331607,0.8532109052467252,11.719476945784859,16.09925106322168
D,20,20,125,10.0,1,2,sqrt,78.4374975201755,0.7795905050779302,16.648031334316496,22.328621567862626
D,20,20,125,10.0,1,2,1.0,11.672233663510259,0.8507920803000909,11.576661023837826,17.426405924484335
D,20,20,125,10.0,1,10,sqrt,72.66693769573703,0.763439147575635,17.731591818777254,23.670401362279556
D,20,20,125,10.0,1,10,1.0,11.384039982322083,0.8518176862363516,11.529510342051402,17.339450278688723
D,20,20,125,10.0,5,2,sqrt,45.993624478716804,0.781659846216509,16.354161188888508,21.955673744431216
D,20,20,125,10.0,5,2,1.0,10.522840503751281,0.8534080765471727,11.462320180279919,17.169745188014836
D,20,20,125,10.0,5,10,sqrt,45.993624478716804,0.781659846216509,16.354161188888508,21.955673744431216
D,20,20,125,10.0,5,10,1.0,10.522840503751281,0.8534080765471727,11.462320180279919,17.169745188014836
D,20,20,125,10.0,10,2,sqrt,47.19441079833683,0.7849091690672211,15.762454737381555,21.195925848538113
D,20,20,125,10.0,10,2,1.0,10.218380289066815,0.8544373494682901,11.463212944804903,17.142701630624266
D,20,20,125,10.0,10,10,sqrt,47.19441079833683,0.7849091690672211,15.762454737381555,21.195925848538113
D,20,20,125,10.0,10,10,1.0,10.218380289066815,0.8544373494682901,11.463212944804903,17.142701630624266
D,20,20,125,,1,2,sqrt,80.99662723623825,0.7914862848159723,15.581882846948323,23.87714411801405
D,20,20,125,,1,2,1.0,21.404900658999743,0.8193845662788591,12.79758373173659,20.38184271363729
D,20,20,125,,1,10,sqrt,43.729055330545386,0.8050986353936439,14.91152148246847,22.61310586741173
D,20,20,125,,1,10,1.0,18.478475307609763,0.8258993793345223,12.635726307314759,19.87224451900365
D,20,20,125,,5,2,sqrt,42.74724611674337,0.8080355113201113,14.73663324784109,21.935869489298955
D,20,20,125,,5,2,1.0,15.529057957920747,0.8323970016076098,12.233846141927545,19.12437461918064
D,20,20,125,,5,10,sqrt,42.74724611674337,0.8080355113201113,14.73663324784109,21.935869489298955
D,20,20,125,,5,10,1.0,15.529057957920747,0.8323970016076098,12.233846141927545,19.12437461918064
D,20,20,125,,10,2,sqrt,20.37944992307723,0.8137923268266984,14.379709147263142,20.883876992376095
D,20,20,125,,10,2,1.0,12.823719497028481,0.8419447588835374,11.856839414085979,18.25006749889759
D,20,20,125,,10,10,sqrt,20.37944992307723,0.8137923268266984,14.379709147263142,20.883876992376095
D,20,20,125,,10,10,1.0,12.823719497028481,0.8419447588835374,11.856839414085979,18.25006749889759
D,20,20,130,5.0,1,2,sqrt,198.71635321859853,0.678118214945207,21.67708821963763,27.571528538992872
D,20,20,130,5.0,1,2,1.0,8.598731920289264,0.8487959129340515,11.120718615411128,16.35766355222277
D,20,20,130,5.0,1,10,sqrt,206.18973122046276,0.6743527214726232,22.201188531804146,28.337319029919467
D,20,20,130,5.0,1,10,1.0,8.598731920289264,0.8487959129340515,11.120718615411128,16.35766355222277
D,20,20,130,5.0,5,2,sqrt,206.12136587666365,0.6745519242032405,22.20728478038351,28.334538618989473
D,20,20,130,5.0,5,2,1.0,8.598731920289264,0.8487959129340515,11.120718615411128,16.35766355222277
D,20,20,130,5.0,5,10,sqrt,206.12136587666365,0.6745519242032405,22.20728478038351,28.334538618989473
D,20,20,130,5.0,5,10,1.0,8.598731920289264,0.8487959129340515,11.120718615411128,16.35766355222277
D,20,20,130,5.0,10,2,sqrt,201.71272806476802,0.6745068349336163,21.987942873203853,27.892237265228648
D,20,20,130,5.0,10,2,1.0,8.598618674529986,0.8488007812673926,11.120049279419021,16.35724759259337
D,20,20,130,5.0,10,10,sqrt,201.71272806476802,0.6745068349336163,21.987942873203853,27.892237265228648
D,20,20,130,5.0,10,10,1.0,8.598618674529986,0.8488007812673926,11.120049279419021,16.35724759259337
D,20,20,130,10.0,1,2,sqrt,55.51491605413285,0.7960966963028406,15.029344064730466,21.227436744126305
D,20,20,130,10.0,1,2,1.0,12.848152983350005,0.8511322443577743,11.092167213694626,17.72562143496084
D,20,20,130,10.0,1,10,sqrt,130.87868551039577,0.7701011480535541,16.626993285237383,23.377556288276526
D,20,20,130,10.0,1,10,1.0,12.708401003679487,0.8517857806434301,11.087440670027581,17.71018946812697
D,20,20,130,10.0,5,2,sqrt,32.11172219682366,0.7965919608885612,14.396786675329494,20.480059166018282
D,20,20,130,10.0,5,2,1.0,11.835402346885592,0.8520434781484646,11.043110799507573,17.533485700803762
D,20,20,130,10.0,5,10,sqrt,32.11172219682366,0.7965919608885612,14.396786675329494,20.480059166018282
D,20,20,130,10.0,5,10,1.0,11.835402346885592,0.8520434781484646,11.043110799507573,17.533485700803762
D,20,20,130,10.0,10,2,sqrt,24.9911509980653,0.7983070670715883,14.461589629574743,20.45608001864703
D,20,20,130,10.0,10,2,1.0,10.865652564604613,0.8546515967117525,10.87128246403993,17.232416164293767
D,20,20,130,10.0,10,10,sqrt,24.9911509980653,0.7983070670715883,14.461589629574743,20.45608001864703
D,20,20,130,10.0,10,10,1.0,10.865652564604613,0.8546515967117525,10.87128246403993,17.232416164293767
D,20,20,130,,1,2,sqrt,66.60348192554027,0.7916502048203948,15.546044136747025,23.917444935687776
D,20,20,130,,1,2,1.0,20.165304570260133,0.8204438959913218,12.764419950311005,20.339893066845267
D,20,20,130,,1,10,sqrt,85.52467109410517,0.797451145084309,15.108561467236893,23.10414307386096
D,20,20,130,,1,10,1.0,18.844801628649375,0.8245610663082157,12.578713996516743,19.98120730321733
D,20,20,130,,5,2,sqrt,44.43068406111009,0.8022085721105103,14.918735535264762,22.44858954199007
D,20,20,130,,5,2,1.0,16.63553387576882,0.8298540968660422,12.178136016442512,19.274688761336268
D,20,20,130,,5,10,sqrt,44.43068406111009,0.8022085721105103,14.918735535264762,22.44858954199007
D,20,20,130,,5,10,1.0,16.63553387576882,0.8298540968660422,12.178136016442512,19.274688761336268
D,20,20,130,,10,2,sqrt,27.29089393894668,0.81400799586759,14.308432916457495,21.38496501963218
D,20,20,130,,10,2,1.0,13.591362719500145,0.8359242543498251,11.774246779166212,18.43969361546798
D,20,20,130,,10,10,sqrt,27.29089393894668,0.81400799586759,14.308432916457495,21.38496501963218
D,20,20,130,,10,10,1.0,13.591362719500145,0.8359242543498251,11.774246779166212,18.43969361546798
D,25,10,115,5.0,1,2,sqrt,17.68062179868436,0.7951728884931504,13.011942763593547,17.192702074261586
D,25,10,115,5.0,1,2,1.0,3.6264201353468706,0.8788857336004618,9.077629612164467,13.103073270069952
D,25,10,115,5.0,1,10,sqrt,17.708428236148443,0.7951108100725632,13.016335242064935,17.205172779783698
D,25,10,115,5.0,1,10,1.0,3.6264201353468706,0.8788857336004618,9.077629612164467,13.103073270069952
D,25,10,115,5.0,5,2,sqrt,17.72097063873923,0.794760528560191,13.021558665916254,17.20900806607134
D,25,10,115,5.0,5,2,1.0,3.6264201353468706,0.8788857336004618,9.077629612164467,13.103073270069952
D,25,10,115,5.0,5,10,sqrt,17.72097063873923,0.794760528560191,13.021558665916254,17.20900806607134
D,25,10,115,5.0,5,10,1.0,3.6264201353468706,0.8788857336004618,9.077629612164467,13.103073270069952
D,25,10,115,5.0,10,2,sqrt,17.70627743201468,0.7951845368800127,13.00546192290301,17.17812635413499
D,25,10,115,5.0,10,2,1.0,3.6264201353468706,0.8788857336004618,9.077629612164467,13.103073270069952
D,25,10,115,5.0,10,10,sqrt,17.70627743201468,0.7951845368800127,13.00546192290301,17.17812635413499
D,25,10,115,5.0,10,10,1.0,3.6264201353468706,0.8788857336004618,9.077629612164467,13.103073270069952
D,25,10,115,10.0,1,2,sqrt,27.608407066703894,0.8262347775521179,11.704623299614259,16.795730924635233
D,25,10,115,10.0,1,2,1.0,4.862648913974022,0.8790758411672683,8.724090372757795,13.921560261993548
D,25,10,115,10.0,1,10,sqrt,6.11799745785968,0.8654677099880596,10.110084408747614,14.84136704404988
D,25,10,115,10.0,1,10,1.0,4.791938702085231,0.8799500567954667,8.70056654498408,13.88453620492947
D,25,10,115,10.0,5,2,sqrt,13.403189571903928,0.8491789585233495,10.64208858723397,15.253878265977496
D,25,10,115,10.0,5,2,1.0,4.553226321442633,0.8803154010691779,8.635123817601839,13.783577773320815
D,25,10,115,10.0,5,10,sqrt,13.403189571903928,0.8491789585233495,10.64208858723397,15.253878265977496
D,25,10,115,10.0,5,10,1.0,4.553226321442633,0.8803154010691779,8.635123817601839,13.783577773320815
D,25,10,115,10.0,10,2,sqrt,6.369284644476859,0.8454955695608664,10.390600939699747,14.958984262539408
D,25,10,115,10.0,10,2,1.0,4.41939138457296,0.8811904975139839,8.625783768188816,13.666597802244207
D,25,10,115,10.0,10,10,sqrt,6.369284644476859,0.8454955695608664,10.390600939699747,14.958984262539408
D,25,10,115,10.0,10,10,1.0,4.41939138457296,0.8811904975139839,8.625783768188816,13.666597802244207
D,25,10,115,,1,2,sqrt,11.606772041866863,0.8349975533291094,10.70034553414128,17.418232880930024
D,25,10,115,,1,2,1.0,7.650737419983829,0.8476052680286511,9.54904548204998,16.101071443427788
D,25,10,115,,1,10,sqrt,8.334755910741475,0.8472815075122799,10.189218472198126,16.4479011475248
D,25,10,115,,1,10,1.0,6.851671343540509,0.8545338815424248,9.361113217082666,15.603929494474855
D,25,10,115,,5,2,sqrt,11.889223202083674,0.8467678546424091,10.449256290930792,16.552698290436325
D,25,10,115,,5,2,1.0,6.385304089527088,0.858584849280095,9.245766690966741,15.357967355502343
D,25,10,115,,5,10,sqrt,11.889223202083674,0.8467678546424091,10.449256290930792,16.552698290436325
D,25,10,115,,5,10,1.0,6.385304089527088,0.858584849280095,9.245766690966741,15.357967355502343
D,25,10,115,,10,2,sqrt,8.853734621493688,0.8575128209591268,9.954305330571433,15.701797988886636
D,25,10,115,,10,2,1.0,5.477511992031659,0.8647249185960714,8.966790378486188,14.59220606949022
D,25,10,115,,10,10,sqrt,8.853734621493688,0.8575128209591268,9.954305330571433,15.701797988886636
D,25,10,115,,10,10,1.0,5.477511992031659,0.8647249185960714,8.966790378486188,14.59220606949022
D,25,10,120,5.0,1,2,sqrt,22.16370345724468,0.7891793707389241,14.264947400251776,18.552225467929997
D,25,10,120,5.0,1,2,1.0,4.78385326943812,0.8705176545148199,10.16555415320139,14.364997592472104
D,25,10,120,5.0,1,10,sqrt,22.16370345724468,0.7891793707389241,14.264947400251776,18.552225467929997
D,25,10,120,5.0,1,10,1.0,4.78385326943812,0.8705176545148199,10.16555415320139,14.364997592472104
D,25,10,120,5.0,5,2,sqrt,22.1749943698346,0.7891502770329863,14.269107377220573,18.55558699776497
D,25,10,120,5.0,5,2,1.0,4.78385326943812,0.8705176545148199,10.16555415320139,14.364997592472104
D,25,10,120,5.0,5,10,sqrt,22.1749943698346,0.7891502770329863,14.269107377220573,18.55558699776497
D,25,10,120,5.0,5,10,1.0,4.78385326943812,0.8705176545148199,10.16555415320139,14.364997592472104
D,25,10,120,5.0,10,2,sqrt,21.528849277732046,0.7894763824550427,14.263256742218314,18.499701630427733
D,25,10,120,5.0,10,2,1.0,4.78385326943812,0.8705176545148199,10.16555415320139,14.364997592472104
D,25,10,120,5.0,10,10,sqrt,21.528849277732046,0.7894763824550427,14.263256742218314,18.499701630427733
D,25,10,120,5.0,10,10,1.0,4.78385326943812,0.8705176545148199,10.16555415320139,14.364997592472104
D,25,10,120,10.0,1,2,sqrt,35.171731217389606,0.8244981230753214,12.763581251453342,17.73266462972366
D,25,10,120,10.0,1,2,1.0,5.748944522637852,0.8745618509158737,9.659649087662869,14.976693597226117
D,25,10,120,10.0,1,10,sqrt,9.43459838738833,0.8479147256173494,11.569288941253994,16.561184459846466
D,25,10,120,10.0,1,10,1.0,5.909593888074504,0.8741940846928113,9.681304736838872,15.017679882713523
D,25,10,120,10.0,5,2,sqrt,7.183118491931971,0.8571206465226426,10.696909808294896,15.28697095835959
D,25,10,120,10.0,5,2,1.0,5.305170182220899,0.8751690776160158,9.657910553693767,14.907076886209007
D,25,10,120,10.0,5,10,sqrt,7.183118491931971,0.8571206465226426,10.696909808294896,15.28697095835959
D,25,10,120,10.0,5,10,1.0,5.305170182220899,0.8751690776160158,9.657910553693767,14.907076886209007
D,25,10,120,10.0,10,2,sqrt,6.820375273317692,0.8540504011761529,11.159175203329019,15.793009071125804
D,25,10,120,10.0,10,2,1.0,5.1429828759097775,0.8749512622591288,9.635854138063085,14.800916344199553
D,25,10,120,10.0,10,10,sqrt,6.820375273317692,0.8540504011761529,11.159175203329019,15.793009071125804
D,25,10,120,10.0,10,10,1.0,5.1429828759097775,0.8749512622591288,9.635854138063085,14.800916344199553
D,25,10,120,,1,2,sqrt,24.396756435549474,0.8251834496707111,12.102080446050243,19.156439694189736
D,25,10,120,,1,2,1.0,10.413992817804038,0.8385185641265913,10.872478054641887,17.65720057420735
D,25,10,120,,1,10,sqrt,33.11786157650554,0.8365945180973833,11.635890001401728,18.247324889261044
D,25,10,120,,1,10,1.0,9.189886413335277,0.8443633709322628,10.618452777566382,17.081796404294685
D,25,10,120,,5,2,sqrt,16.671786063808536,0.8412845772837076,11.555002801744456,17.925731041724895
D,25,10,120,,5,2,1.0,7.536104524403571,0.8513400664756523,10.266862571039473,16.457520284736795
D,25,10,120,,5,10,sqrt,16.671786063808536,0.8412845772837076,11.555002801744456,17.925731041724895
D,25,10,120,,5,10,1.0,7.536104524403571,0.8513400664756523,10.266862571039473,16.457520284736795
D,25,10,120,,10,2,sqrt,9.515974352977235,0.8500284214048154,11.063175697750989,16.692888478103036
D,25,10,120,,10,2,1.0,6.802844259857096,0.8587302422257913,9.971075911378923,15.773454584617792
D,25,10,120,,10,10,sqrt,9.515974352977235,0.8500284214048154,11.063175697750989,16.692888478103036
D,25,10,120,,10,10,1.0,6.802844259857096,0.8587302422257913,9.971075911378923,15.773454584617792
D,25,10,125,5.0,1,2,sqrt,30.811705046512884,0.7781892996339507,15.840735317727,20.357895165347095
D,25,10,125,5.0,1,2,1.0,5.974584966490603,0.8628625900200004,11.255564844459126,15.57755349781766
D,25,10,125,5.0,1,10,sqrt,30.811705046512884,0.7781892996339507,15.840735317727,20.357895165347095
D,25,10,125,5.0,1,10,1.0,5.974584966490603,0.8628625900200004,11.255564844459126,15.57755349781766
D,25,10,125,5.0,5,2,sqrt,30.829667614065386,0.7781208693308106,15.851402896062984,20.364541326974823
D,25,10,125,5.0,5,2,1.0,5.974584966490603,0.8628625900200004,11.255564844459126,15.57755349781766
D,25,10,125,5.0,5,10,sqrt,30.829667614065386,0.7781208693308106,15.851402896062984,20.364541326974823
D,25,10,125,5.0,5,10,1.0,5.974584966490603,0.8628625900200004,11.255564844459126,15.57755349781766
D,25,10,125,5.0,10,2,sqrt,29.89323284009646,0.7780668991659961,15.85609799884497,20.3210774565603
D,25,10,125,5.0,10,2,1.0,5.974584966490603,0.8628625900200004,11.255564844459126,15.57755349781766
D,25,10,125,5.0,10,10,sqrt,29.89323284009646,0.7780668991659961,15.85609799884497,20.3210774565603
D,25,10,125,5.0,10,10,1.0,5.974584966490603,0.8628625900200004,11.255564844459126,15.57755349781766
D,25,10,125,10.0,1,2,sqrt,24.177468935448438,0.8343791242837926,13.230585356853004,18.35956878043556
D,25,10,125,10.0,1,2,1.0,8.044908527903925,0.865246420072519,10.631514931695477,16.029586932314512
D,25,10,125,10.0,1,10,sqrt,10.292841304783138,0.8382600170919734,12.326116471804061,17.158385967868988
D,25,10,125,10.0,1,10,1.0,7.4410348039244125,0.8659952531682664,10.620577951416724,15.977132179015385
D,25,10,125,10.0,5,2,sqrt,10.460350448209832,0.8343531304191185,12.635161576060895,17.412948247721182
D,25,10,125,10.0,5,2,1.0,7.214476869628126,0.8666926701834152,10.602217657972698,15.949364264492434
D,25,10,125,10.0,5,10,sqrt,10.460350448209832,0.8343531304191185,12.635161576060895,17.412948247721182
D,25,10,125,10.0,5,10,1.0,7.214476869628126,0.8666926701834152,10.602217657972698,15.949364264492434
D,25,10,125,10.0,10,2,sqrt,8.869058182643101,0.8516472363870218,11.914217950274082,16.603958938487313
D,25,10,125,10.0,10,2,1.0,6.86071836020911,0.8672476795291251,10.598201959448186,15.874178299640581
D,25,10,125,10.0,10,10,sqrt,8.869058182643101,0.8516472363870218,11.914217950274082,16.603958938487313
D,25,10,125,10.0,10,10,1.0,6.86071836020911,0.8672476795291251,10.598201959448186,15.874178299640581
D,25,10,125,,1,2,sqrt,33.086024505731494,0.8220272556325117,13.282271056806797,20.582167184863515
D,25,10,125,,1,2,1.0,14.51728644182999,0.8327591835230187,11.926146640961798,19.019029817743313
D,25,10,125,,1,10,sqrt,35.09181256034468,0.8267760303654675,13.084184681272882,20.018315586304134
D,25,10,125,,1,10,1.0,13.085548315305806,0.8394645914453923,11.670481740696946,18.390330682081935
D,25,10,125,,5,2,sqrt,30.778675158501414,0.8320728490240701,12.555077953900193,19.18334165686691
D,25,10,125,,5,2,1.0,10.760389257599826,0.8468129388833832,11.32211238349908,17.76696693437597
D,25,10,125,,5,10,sqrt,30.778675158501414,0.8320728490240701,12.555077953900193,19.18334165686691
D,25,10,125,,5,10,1.0,10.760389257599826,0.8468129388833832,11.32211238349908,17.76696693437597
D,25,10,125,,10,2,sqrt,11.873319995114686,0.841697948970673,12.13438978848747,17.980906818554775
D,25,10,125,,10,2,1.0,9.207674773891588,0.8524601554813425,11.075579595309542,16.984369347183527
D,25,10,125,,10,10,sqrt,11.873319995114686,0.841697948970673,12.13438978848747,17.980906818554775
D,25,10,125,,10,10,1.0,9.207674773891588,0.8524601554813425,11.075579595309542,16.984369347183527
D,25,10,130,5.0,1,2,sqrt,37.13960488412535,0.7799440055944618,15.109900948237485,20.437730739288913
D,25,10,130,5.0,1,2,1.0,6.872898236272453,0.8652353981186977,10.534837473099522,15.621348101099096
D,25,10,130,5.0,1,10,sqrt,37.13960488412535,0.7799440055944618,15.109900948237485,20.437730739288913
D,25,10,130,5.0,1,10,1.0,6.872898236272453,0.8652353981186977,10.534837473099522,15.621348101099096
D,25,10,130,5.0,5,2,sqrt,37.15703081899463,0.7798710829591108,15.117809372317115,20.442977196187922
D,25,10,130,5.0,5,2,1.0,6.872898236272453,0.8652353981186977,10.534837473099522,15.621348101099096
D,25,10,130,5.0,5,10,sqrt,37.15703081899463,0.7798710829591108,15.117809372317115,20.442977196187922
D,25,10,130,5.0,5,10,1.0,6.872898236272453,0.8652353981186977,10.534837473099522,15.621348101099096
D,25,10,130,5.0,10,2,sqrt,36.22171883823999,0.7798132220630697,15.118929151129924,20.39758870025981
D,25,10,130,5.0,10,2,1.0,6.872898236272453,0.8652353981186977,10.534837473099522,15.621348101099096
D,25,10,130,5.0,10,10,sqrt,36.22171883823999,0.7798132220630697,15.118929151129924,20.39758870025981
D,25,10,130,5.0,10,10,1.0,6.872898236272453,0.8652353981186977,10.534837473099522,15.621348101099096
D,25,10,130,10.0,1,2,sqrt,24.029031105922034,0.8361239146299176,12.604316962432044,18.716807131057312
D,25,10,130,10.0,1,2,1.0,10.723829612204323,0.8607311304332951,10.47175618676352,16.613825048427223
D,25,10,130,10.0,1,10,sqrt,22.217976867980852,0.830741282481722,12.56638506014251,18.492947569510022
D,25,10,130,10.0,1,10,1.0,10.611878171115864,0.8606721502872474,10.5171563465518,16.688238364277886
D,25,10,130,10.0,5,2,sqrt,11.28657612926795,0.8527884999766927,11.376578391348973,17.056453677793325
D,25,10,130,10.0,5,2,1.0,9.223918631945926,0.8618220329834434,10.407437841940311,16.480390679857447
D,25,10,130,10.0,5,10,sqrt,11.28657612926795,0.8527884999766927,11.376578391348973,17.056453677793325
D,25,10,130,10.0,5,10,1.0,9.223918631945926,0.8618220329834434,10.407437841940311,16.480390679857447
D,25,10,130,10.0,10,2,sqrt,10.474670760912606,0.8496126200115347,11.61040860164023,17.3734293198118
D,25,10,130,10.0,10,2,1.0,7.984450483882993,0.8633549081733001,10.300056515906679,16.20588026553542
D,25,10,130,10.0,10,10,sqrt,10.474670760912606,0.8496126200115347,11.61040860164023,17.3734293198118
D,25,10,130,10.0,10,10,1.0,7.984450483882993,0.8633549081733001,10.300056515906679,16.20588026553542
D,25,10,130,,1,2,sqrt,16.159374371374533,0.8248752158325715,12.85664764950324,19.914109593175713
D,25,10,130,,1,2,1.0,16.229758489475337,0.8330614023312599,11.953260077748443,19.001798992850087
D,25,10,130,,1,10,sqrt,17.248142980395777,0.8300322414234838,12.693366038990012,19.646442774135675
D,25,10,130,,1,10,1.0,14.606570139082786,0.8391664986125296,11.593901359245187,18.371415820737887
D,25,10,130,,5,2,sqrt,15.911916908854653,0.8359013568583556,12.18665588360024,18.894070672654124
D,25,10,130,,5,2,1.0,13.00907082491614,0.840026946927698,11.436878309594555,18.081905840847533
D,25,10,130,,5,10,sqrt,15.911916908854653,0.8359013568583556,12.18665588360024,18.894070672654124
D,25,10,130,,5,10,1.0,13.00907082491614,0.840026946927698,11.436878309594555,18.081905840847533
D,25,10,130,,10,2,sqrt,15.670182695120975,0.8396816183434945,12.067181822875371,18.459983854157322
D,25,10,130,,10,2,1.0,10.825802260880993,0.8465948342587646,11.062795982394928,17.28676150456337
D,25,10,130,,10,10,sqrt,15.670182695120975,0.8396816183434945,12.067181822875371,18.459983854157322
D,25,10,130,,10,10,1.0,10.825802260880993,0.8465948342587646,11.062795982394928,17.28676150456337
D,25,15,115,5.0,1,2,sqrt,13.689599151429604,0.7582174708059746,13.857469273551207,17.918006361108816
D,25,15,115,5.0,1,2,1.0,3.626679082422579,0.878872402411955,9.081120310796248,13.103057354358418
D,25,15,115,5.0,1,10,sqrt,12.994796337928909,0.7806331498572594,13.21497060613245,17.2892078255743
D,25,15,115,5.0,1,10,1.0,3.626679082422579,0.878872402411955,9.081120310796248,13.103057354358418
D,25,15,115,5.0,5,2,sqrt,12.89616735590619,0.7808384940133137,13.179751276814972,17.24759382840217
D,25,15,115,5.0,5,2,1.0,3.6264201353468706,0.8788857336004618,9.077629612164467,13.103073270069952
D,25,15,115,5.0,5,10,sqrt,12.89616735590619,0.7808384940133137,13.179751276814972,17.24759382840217
D,25,15,115,5.0,5,10,1.0,3.6264201353468706,0.8788857336004618,9.077629612164467,13.103073270069952
D,25,15,115,5.0,10,2,sqrt,13.30480409257961,0.7726957638699974,13.502082373887253,17.672305537026737
D,25,15,115,5.0,10,2,1.0,3.6264201353468706,0.8788857336004618,9.077629612164467,13.103073270069952
D,25,15,115,5.0,10,10,sqrt,13.30480409257961,0.7726957638699974,13.502082373887253,17.672305537026737
D,25,15,115,5.0,10,10,1.0,3.6264201353468706,0.8788857336004618,9.077629612164467,13.103073270069952
D,25,15,115,10.0,1,2,sqrt,10.322808354951462,0.8218289011285993,11.958861644080695,16.801232786863515
D,25,15,115,10.0,1,2,1.0,4.898133096488008,0.879106653052229,8.764535575573131,13.981325755084379
D,25,15,115,10.0,1,10,sqrt,8.576174091898876,0.8445106229469971,11.258711004954307,16.130959382202445
D,25,15,115,10.0,1,10,1.0,4.792208465081832,0.8794332213138679,8.777950238295269,13.978354094100386
D,25,15,115,10.0,5,2,sqrt,7.899391997018521,0.8326081094349755,11.576739291088463,16.219616365138837
D,25,15,115,10.0,5,2,1.0,4.5260297543175,0.8803787676104198,8.710506739050375,13.85348411043013
D,25,15,115,10.0,5,10,sqrt,7.899391997018521,0.8326081094349755,11.576739291088463,16.219616365138837
D,25,15,115,10.0,5,10,1.0,4.5260297543175,0.8803787676104198,8.710506739050375,13.85348411043013
D,25,15,115,10.0,10,2,sqrt,7.73501422258289,0.8384757380988024,11.221027770236486,15.876826232389373
D,25,15,115,10.0,10,2,1.0,4.200857494901722,0.8819431147821959,8.591418468596528,13.601053086777991
D,25,15,115,10.0,10,10,sqrt,7.73501422258289,0.8384757380988024,11.221027770236486,15.876826232389373
D,25,15,115,10.0,10,10,1.0,4.200857494901722,0.8819431147821959,8.591418468596528,13.601053086777991
D,25,15,115,,1,2,sqrt,15.108929108929692,0.8214735863599266,11.645597632501904,18.591774525391735
D,25,15,115,,1,2,1.0,7.820708280684444,0.8485309046313265,9.533591045847635,16.1200619219203
D,25,15,115,,1,10,sqrt,9.474728621712057,0.8393118541466444,10.843401447104215,17.274783906257156
D,25,15,115,,1,10,1.0,7.2012712029081145,0.8551189214969697,9.406524227090134,15.734167647535434
D,25,15,115,,5,2,sqrt,9.724806358932865,0.8377730534251423,10.724263226957902,16.889630243873732
D,25,15,115,,5,2,1.0,6.41868545629039,0.8591692679414423,9.27910022911417,15.317322375394786
D,25,15,115,,5,10,sqrt,9.724806358932865,0.8377730534251423,10.724263226957902,16.889630243873732
D,25,15,115,,5,10,1.0,6.41868545629039,0.8591692679414423,9.27910022911417,15.317322375394786
D,25,15,115,,10,2,sqrt,7.631579860531747,0.8466078099993263,10.697464178066884,16.235110648833807
D,25,15,115,,10,2,1.0,5.159215984762512,0.867223229448865,8.865553954501758,14.449830856537059
D,25,15,115,,10,10,sqrt,7.631579860531747,0.8466078099993263,10.697464178066884,16.235110648833807
D,25,15,115,,10,10,1.0,5.159215984762512,0.867223229448865,8.865553954501758,14.449830856537059
D,25,15,120,5.0,1,2,sqrt,17.080010810935885,0.7602814088397392,14.960653240877486,19.07954511219237
D,25,15,120,5.0,1,2,1.0,4.7990658437088225,0.8703884615640701,10.18351823174802,14.383288677444796
D,25,15,120,5.0,1,10,sqrt,17.124309832845952,0.7690362445664511,14.703115237884901,18.909464704306874
D,25,15,120,5.0,1,10,1.0,4.7990658437088225,0.8703884615640701,10.18351823174802,14.383288677444796
D,25,15,120,5.0,5,2,sqrt,17.088553935205688,0.7695961613100849,14.611413245727766,18.851794745410707
D,25,15,120,5.0,5,2,1.0,4.7990658437088225,0.8703884615640701,10.18351823174802,14.383288677444796
D,25,15,120,5.0,5,10,sqrt,17.088553935205688,0.7695961613100849,14.611413245727766,18.851794745410707
D,25,15,120,5.0,5,10,1.0,4.7990658437088225,0.8703884615640701,10.18351823174802,14.383288677444796
D,25,15,120,5.0,10,2,sqrt,17.245888046677937,0.7695308375494396,14.719597493707772,18.923410376501394
D,25,15,120,5.0,10,2,1.0,4.7990658437088225,0.8703884615640701,10.18351823174802,14.383288677444796
D,25,15,120,5.0,10,10,sqrt,17.245888046677937,0.7695308375494396,14.719597493707772,18.923410376501394
D,25,15,120,5.0,10,10,1.0,4.7990658437088225,0.8703884615640701,10.18351823174802,14.383288677444796
D,25,15,120,10.0,1,2,sqrt,12.038702887347414,0.8309482921893009,12.32439260979567,17.276996287603872
D,25,15,120,10.0,1,2,1.0,5.9649040593415865,0.8728159183265722,9.736388157087044,15.072475758504993
D,25,15,120,10.0,1,10,sqrt,9.763687372666599,0.845946367310756,12.195717817333755,16.94393082886628
D,25,15,120,10.0,1,10,1.0,5.878786884766621,0.8724035408895713,9.804140557570786,15.172789573792539
D,25,15,120,10.0,5,2,sqrt,9.776693482681912,0.8284486384275397,12.450340626759578,17.17407348971455
D,25,15,120,10.0,5,2,1.0,5.542812197206316,0.8741967963320068,9.747195765971846,15.032238175225038
D,25,15,120,10.0,5,10,sqrt,9.776693482681912,0.8284486384275397,12.450340626759578,17.17407348971455
D,25,15,120,10.0,5,10,1.0,5.542812197206316,0.8741967963320068,9.747195765971846,15.032238175225038
D,25,15,120,10.0,10,2,sqrt,9.835061558851924,0.829621137884321,12.753171640521686,17.753153881712503
D,25,15,120,10.0,10,2,1.0,5.274240564878456,0.8755238598596728,9.634740759099694,14.822407829070329
D,25,15,120,10.0,10,10,sqrt,9.835061558851924,0.829621137884321,12.753171640521686,17.753153881712503
D,25,15,120,10.0,10,10,1.0,5.274240564878456,0.8755238598596728,9.634740759099694,14.822407829070329
D,25,15,120,,1,2,sqrt,35.01096518667319,0.8222735598588493,12.459442177723366,19.52857019782682
D,25,15,120,,1,2,1.0,9.099796315564305,0.8405857883674844,10.627344197456122,17.240782053376506
D,25,15,120,,1,10,sqrt,12.401173126493061,0.830956990363337,12.212124550445033,18.796430285766935
D,25,15,120,,1,10,1.0,8.392836225164356,0.8450638637757614,10.463903659551644,16.79940820250727
D,25,15,120,,5,2,sqrt,10.784537142825076,0.8349329350931803,11.935881155025166,18.16465300484993
D,25,15,120,,5,2,1.0,7.44648102017064,0.8499022878057054,10.26126921453707,16.3830886687153
D,25,15,120,,5,10,sqrt,10.784537142825076,0.8349329350931803,11.935881155025166,18.16465300484993
D,25,15,120,,5,10,1.0,7.44648102017064,0.8499022878057054,10.26126921453707,16.3830886687153
D,25,15,120,,10,2,sqrt,11.531101467030826,0.8335776745617437,12.114502445550716,17.986587447668406
D,25,15,120,,10,2,1.0,6.735266670801996,0.8579088481003121,9.999290491713927,15.76879594562052
D,25,15,120,,10,10,sqrt,11.531101467030826,0.8335776745617437,12.114502445550716,17.986587447668406
D,25,15,120,,10,10,1.0,6.735266670801996,0.8579088481003121,9.999290491713927,15.76879594562052
D,25,15,125,5.0,1,2,sqrt,20.98793998727379,0.756392078184038,16.05531563030475,20.213666639744353
D,25,15,125,5.0,1,2,1.0,5.990937700959911,0.8625555946997278,11.273736705861982,15.594546894862892
D,25,15,125,5.0,1,10,sqrt,20.48070364092442,0.766336070789107,15.792687396673694,19.974111274570898
D,25,15,125,5.0,1,10,1.0,5.990937700959911,0.8625555946997278,11.273736705861982,15.594546894862892
D,25,15,125,5.0,5,2,sqrt,19.77620858565694,0.767497968631382,15.487538696569237,19.620450917259458
D,25,15,125,5.0,5,2,1.0,5.990937700959911,0.8625555946997278,11.273736705861982,15.594546894862892
D,25,15,125,5.0,5,10,sqrt,19.77620858565694,0.767497968631382,15.487538696569237,19.620450917259458
D,25,15,125,5.0,5,10,1.0,5.990937700959911,0.8625555946997278,11.273736705861982,15.594546894862892
D,25,15,125,5.0,10,2,sqrt,21.773669935905435,0.7646101196682457,16.001286207312138,20.37665666534783
D,25,15,125,5.0,10,2,1.0,5.990937700959911,0.8625555946997278,11.273736705861982,15.594546894862892
D,25,15,125,5.0,10,10,sqrt,21.773669935905435,0.7646101196682457,16.001286207312138,20.37665666534783
D,25,15,125,5.0,10,10,1.0,5.990937700959911,0.8625555946997278,11.273736705861982,15.594546894862892
D,25,15,125,10.0,1,2,sqrt,15.483026568167697,0.8269167818778224,13.860959203598233,18.949644406006467
D,25,15,125,10.0,1,2,1.0,9.251992911221217,0.8636876889752539,10.78590622163741,16.219612425137683
D,25,15,125,10.0,1,10,sqrt,13.622436859990824,0.8118328269080758,13.821079241594493,18.595548536712712
D,25,15,125,10.0,1,10,1.0,8.267910543313985,0.8653863673533989,10.720977622464781,16.07533466062628
D,25,15,125,10.0,5,2,sqrt,13.68492040944615,0.8161008430320902,13.816537485789656,18.612787581691965
D,25,15,125,10.0,5,2,1.0,7.825428106247254,0.8656878780585938,10.712681082746276,15.997766684473174
D,25,15,125,10.0,5,10,sqrt,13.68492040944615,0.8161008430320902,13.816537485789656,18.612787581691965
D,25,15,125,10.0,5,10,1.0,7.825428106247254,0.8656878780585938,10.712681082746276,15.997766684473174
D,25,15,125,10.0,10,2,sqrt,11.242413401519935,0.8369928032854259,13.1293774323082,17.816535904274428
D,25,15,125,10.0,10,2,1.0,7.523105142507345,0.8667324950541072,10.630252215064553,15.912475302554835
D,25,15,125,10.0,10,10,sqrt,11.242413401519935,0.8369928032854259,13.1293774323082,17.816535904274428
D,25,15,125,10.0,10,10,1.0,7.523105142507345,0.8667324950541072,10.630252215064553,15.912475302554835
D,25,15,125,,1,2,sqrt,22.982711311361516,0.8151204299955271,13.887155287889533,21.133390477047886
D,25,15,125,,1,2,1.0,14.748541147186979,0.8319593408543934,11.950261075572277,19.002519508197572
D,25,15,125,,1,10,sqrt,18.30089205585037,0.818500436740947,13.614621850284076,20.44159900537009
D,25,15,125,,1,10,1.0,12.825691222155223,0.8402708997355731,11.600901873866263,18.311896339507502
D,25,15,125,,5,2,sqrt,21.641018224348873,0.8220025811255798,13.67561441587497,20.1906205603316
D,25,15,125,,5,2,1.0,11.059666471317389,0.845004743185684,11.34079673911713,17.697762963444518
D,25,15,125,,5,10,sqrt,21.641018224348873,0.8220025811255798,13.67561441587497,20.1906205603316
D,25,15,125,,5,10,1.0,11.059666471317389,0.845004743185684,11.34079673911713,17.697762963444518
D,25,15,125,,10,2,sqrt,14.422506876382892,0.835356786041508,12.864473917574495,18.926017577512674
D,25,15,125,,10,2,1.0,9.397479056723514,0.8503661726173937,11.088750146594725,17.05612507106054
D,25,15,125,,10,10,sqrt,14.422506876382892,0.835356786041508,12.864473917574495,18.926017577512674
D,25,15,125,,10,10,1.0,9.397479056723514,0.8503661726173937,11.088750146594725,17.05612507106054
D,25,15,130,5.0,1,2,sqrt,25.329458363485916,0.7547644748441228,15.832562402518993,20.70358688722024
D,25,15,130,5.0,1,2,1.0,6.907367755818333,0.8648756772984395,10.547834100213732,15.645753629249509
D,25,15,130,5.0,1,10,sqrt,24.57842425071656,0.7682744183534621,15.09646190528673,20.02929429849284
D,25,15,130,5.0,1,10,1.0,6.907367755818333,0.8648756772984395,10.547834100213732,15.645753629249509
D,25,15,130,5.0,5,2,sqrt,23.945181811076566,0.7654298640225641,15.242601814814616,20.121168097227162
D,25,15,130,5.0,5,2,1.0,6.907367755818333,0.8648756772984395,10.547834100213732,15.645753629249509
D,25,15,130,5.0,5,10,sqrt,23.945181811076566,0.7654298640225641,15.242601814814616,20.121168097227162
D,25,15,130,5.0,5,10,1.0,6.907367755818333,0.8648756772984395,10.547834100213732,15.645753629249509
D,25,15,130,5.0,10,2,sqrt,22.900690567276648,0.7723718190618315,14.894723581566698,19.839118754014322
D,25,15,130,5.0,10,2,1.0,6.907367755818333,0.8648756772984395,10.547834100213732,15.645753629249509
D,25,15,130,5.0,10,10,sqrt,22.900690567276648,0.7723718190618315,14.894723581566698,19.839118754014322
D,25,15,130,5.0,10,10,1.0,6.907367755818333,0.8648756772984395,10.547834100213732,15.645753629249509
D,25,15,130,10.0,1,2,sqrt,19.077897803906726,0.8071514060793886,13.66777589479264,19.454589158785826
D,25,15,130,10.0,1,2,1.0,10.20810504697675,0.8601284891305025,10.577905844509845,16.757235685116143
D,25,15,130,10.0,1,10,sqrt,14.30992001979693,0.8169560844443662,13.436806066908186,19.195389356864336
D,25,15,130,10.0,1,10,1.0,9.481684675616638,0.8604236423979591,10.553795691401316,16.707594699682353
D,25,15,130,10.0,5,2,sqrt,17.110314038736156,0.8161434354051957,13.37504577930054,19.370501252638924
D,25,15,130,10.0,5,2,1.0,9.657537954224587,0.8611377928655519,10.526176951936502,16.650075675610264
D,25,15,130,10.0,5,10,sqrt,17.110314038736156,0.8161434354051957,13.37504577930054,19.370501252638924
D,25,15,130,10.0,5,10,1.0,9.657537954224587,0.8611377928655519,10.526176951936502,16.650075675610264
D,25,15,130,10.0,10,2,sqrt,14.057811859933457,0.8362208692014995,12.37344507787146,18.044906263473646
D,25,15,130,10.0,10,2,1.0,8.755750701151147,0.863372365791566,10.450283833732666,16.461622343243558
D,25,15,130,10.0,10,10,sqrt,14.057811859933457,0.8362208692014995,12.37344507787146,18.044906263473646
D,25,15,130,10.0,10,10,1.0,8.755750701151147,0.863372365791566,10.450283833732666,16.461622343243558
D,25,15,130,,1,2,sqrt,21.49741137903505,0.8205721432620947,13.510898086105575,20.78846297060506
D,25,15,130,,1,2,1.0,16.824969235428085,0.8327885109458316,11.93633993744116,19.003400376876392
D,25,15,130,,1,10,sqrt,19.17837549261261,0.8194911464190806,13.630175510482584,20.440338251732317
D,25,15,130,,1,10,1.0,14.581050501101156,0.8383367421147782,11.622231754745718,18.4453866858734
D,25,15,130,,5,2,sqrt,18.430137494016922,0.8197692153620171,13.434083169254972,20.106386973041793
D,25,15,130,,5,2,1.0,12.871480367750134,0.8416690840999544,11.414921747214047,18.041696902672772
D,25,15,130,,5,10,sqrt,18.430137494016922,0.8197692153620171,13.434083169254972,20.106386973041793
D,25,15,130,,5,10,1.0,12.871480367750134,0.8416690840999544,11.414921747214047,18.041696902672772
D,25,15,130,,10,2,sqrt,16.279381469851707,0.8338903424678208,12.838476943783283,19.12270483701162
D,25,15,130,,10,2,1.0,11.065395748274387,0.8458511446640241,11.160661700073408,17.445583973627677
D,25,15,130,,10,10,sqrt,16.279381469851707,0.8338903424678208,12.838476943783283,19.12270483701162
D,25,15,130,,10,10,1.0,11.065395748274387,0.8458511446640241,11.160661700073408,17.445583973627677
D,25,20,115,5.0,1,2,sqrt,14.874689672915455,0.7570950806664888,14.554779310868593,18.770244222911536
D,25,20,115,5.0,1,2,1.0,3.6290470113836513,0.8787920027973788,9.083999248001668,13.11311403361174
D,25,20,115,5.0,1,10,sqrt,12.911660517053395,0.763023628267763,14.414459466184903,18.8117442059674
D,25,20,115,5.0,1,10,1.0,3.6290470113836513,0.8787920027973788,9.083999248001668,13.11311403361174
D,25,20,115,5.0,5,2,sqrt,12.940980976374473,0.7630242268293894,14.414330023797337,18.813181823217967
D,25,20,115,5.0,5,2,1.0,3.6290470113836513,0.8787920027973788,9.083999248001668,13.11311403361174
D,25,20,115,5.0,5,10,sqrt,12.940980976374473,0.7630242268293894,14.414330023797337,18.813181823217967
D,25,20,115,5.0,5,10,1.0,3.6290470113836513,0.8787920027973788,9.083999248001668,13.11311403361174
D,25,20,115,5.0,10,2,sqrt,10.074631374032316,0.7843154593822362,13.669463603251566,17.9276298404789
D,25,20,115,5.0,10,2,1.0,3.6290470113836513,0.8787920027973788,9.083999248001668,13.11311403361174
D,25,20,115,5.0,10,10,sqrt,10.074631374032316,0.7843154593822362,13.669463603251566,17.9276298404789
D,25,20,115,5.0,10,10,1.0,3.6290470113836513,0.8787920027973788,9.083999248001668,13.11311403361174
D,25,20,115,10.0,1,2,sqrt,14.468171956850037,0.8403172036197031,11.54038748833022,16.736950608348273
D,25,20,115,10.0,1,2,1.0,5.098215076616426,0.8760588474766264,8.837867752107897,14.092543252085798
D,25,20,115,10.0,1,10,sqrt,25.05396425629945,0.826789913169999,12.146063322648857,17.47485426281126
D,25,20,115,10.0,1,10,1.0,4.647691020882052,0.877720980475362,8.783714599397323,13.966735214202497
D,25,20,115,10.0,5,2,sqrt,20.057524109627956,0.8136893650874487,13.316491755482222,18.277995314994566
D,25,20,115,10.0,5,2,1.0,4.426050843208213,0.8790572592654176,8.791418520442596,13.911715510481002
D,25,20,115,10.0,5,10,sqrt,20.057524109627956,0.8136893650874487,13.316491755482222,18.277995314994566
D,25,20,115,10.0,5,10,1.0,4.426050843208213,0.8790572592654176,8.791418520442596,13.911715510481002
D,25,20,115,10.0,10,2,sqrt,20.996675962972827,0.8068925233758145,13.574083295329771,18.869559366680345
D,25,20,115,10.0,10,2,1.0,4.253387930593748,0.8817245522480203,8.723849298101893,13.801402200524393
D,25,20,115,10.0,10,10,sqrt,20.996675962972827,0.8068925233758145,13.574083295329771,18.869559366680345
D,25,20,115,10.0,10,10,1.0,4.253387930593748,0.8817245522480203,8.723849298101893,13.801402200524393
D,25,20,115,,1,2,sqrt,32.289933263303894,0.8111802496648467,12.704683888259733,20.397726581367614
D,25,20,115,,1,2,1.0,7.43745336098271,0.845053694114147,9.693738373451062,16.072671430188123
D,25,20,115,,1,10,sqrt,26.34306207419173,0.8229910358346852,12.001199474776518,18.886531012661493
D,25,20,115,,1,10,1.0,6.8369398546474045,0.8510836645639033,9.517132752818439,15.659218981522873
D,25,20,115,,5,2,sqrt,10.237747790240716,0.8364767836459519,11.13188432331434,17.56745646848095
D,25,20,115,,5,2,1.0,5.817086710427695,0.8548938900228638,9.447455110543773,15.40956641954744
D,25,20,115,,5,10,sqrt,10.237747790240716,0.8364767836459519,11.13188432331434,17.56745646848095
D,25,20,115,,5,10,1.0,5.817086710427695,0.8548938900228638,9.447455110543773,15.40956641954744
D,25,20,115,,10,2,sqrt,15.547884814379561,0.8357194496826024,11.73497484050252,18.029670919361934
D,25,20,115,,10,2,1.0,4.933265111245165,0.8658381148230108,8.980220705538635,14.527926308120886
D,25,20,115,,10,10,sqrt,15.547884814379561,0.8357194496826024,11.73497484050252,18.029670919361934
D,25,20,115,,10,10,1.0,4.933265111245165,0.8658381148230108,8.980220705538635,14.527926308120886
D,25,20,120,5.0,1,2,sqrt,18.12860032879635,0.7588081689707958,15.595141213563519,19.934993352118518
D,25,20,120,5.0,1,2,1.0,4.803210829540161,0.8703687008777786,10.19161281370969,14.39179257893677
D,25,20,120,5.0,1,10,sqrt,13.565617739673797,0.7703742711498212,15.083296296816062,19.431627221827632
D,25,20,120,5.0,1,10,1.0,4.803210829540161,0.8703687008777786,10.19161281370969,14.39179257893677
D,25,20,120,5.0,5,2,sqrt,15.715896712746138,0.7598316829148397,15.484238011982466,19.84768227358712
D,25,20,120,5.0,5,2,1.0,4.803210829540161,0.8703687008777786,10.19161281370969,14.39179257893677
D,25,20,120,5.0,5,10,sqrt,15.715896712746138,0.7598316829148397,15.484238011982466,19.84768227358712
D,25,20,120,5.0,5,10,1.0,4.803210829540161,0.8703687008777786,10.19161281370969,14.39179257893677
D,25,20,120,5.0,10,2,sqrt,14.997620347990637,0.7700064188839812,15.171052305559456,19.654271756220872
D,25,20,120,5.0,10,2,1.0,4.803210829540161,0.8703687008777786,10.19161281370969,14.39179257893677
D,25,20,120,5.0,10,10,sqrt,14.997620347990637,0.7700064188839812,15.171052305559456,19.654271756220872
D,25,20,120,5.0,10,10,1.0,4.803210829540161,0.8703687008777786,10.19161281370969,14.39179257893677
D,25,20,120,10.0,1,2,sqrt,38.2290123713036,0.8290517644298537,12.660591695522385,17.747308394828373
D,25,20,120,10.0,1,2,1.0,6.544651599910642,0.8706832035363631,9.914259082123824,15.384343899055324
D,25,20,120,10.0,1,10,sqrt,15.504746599240955,0.8244381459437747,12.830854270795484,17.835053514624743
D,25,20,120,10.0,1,10,1.0,6.427683916949009,0.8712275131956065,9.879691836223223,15.30587122300533
D,25,20,120,10.0,5,2,sqrt,21.147018020507794,0.8304646385564454,12.750955075025024,17.833505490359777
D,25,20,120,10.0,5,2,1.0,6.072875818732408,0.8711516885097363,9.880614511988119,15.252382081059741
D,25,20,120,10.0,5,10,sqrt,21.147018020507794,0.8304646385564454,12.750955075025024,17.833505490359777
D,25,20,120,10.0,5,10,1.0,6.072875818732408,0.8711516885097363,9.880614511988119,15.252382081059741
D,25,20,120,10.0,10,2,sqrt,59.238243317978515,0.7711510237816349,16.110960165386775,21.460318196236496
D,25,20,120,10.0,10,2,1.0,5.539943622159661,0.8733646351074761,9.746919242295709,14.938348668452624
D,25,20,120,10.0,10,10,sqrt,59.238243317978515,0.7711510237816349,16.110960165386775,21.460318196236496
D,25,20,120,10.0,10,10,1.0,5.539943622159661,0.8733646351074761,9.746919242295709,14.938348668452624
D,25,20,120,,1,2,sqrt,47.860365333631385,0.8074680178963656,13.924880964205808,21.62639807951726
D,25,20,120,,1,2,1.0,10.58980213855604,0.8389316335330609,10.717176981976937,17.385493585978235
D,25,20,120,,1,10,sqrt,37.53207079857947,0.8180895319288458,13.492441042982602,20.68177143286015
D,25,20,120,,1,10,1.0,9.547360711726002,0.844515102361474,10.48821549559214,16.928674758116983
D,25,20,120,,5,2,sqrt,15.318018292392718,0.8276884386124514,12.803568554225302,19.447766198176033
D,25,20,120,,5,2,1.0,8.279970851556874,0.8501892494349403,10.280759919460483,16.46754646059844
D,25,20,120,,5,10,sqrt,15.318018292392718,0.8276884386124514,12.803568554225302,19.447766198176033
D,25,20,120,,5,10,1.0,8.279970851556874,0.8501892494349403,10.280759919460483,16.46754646059844
D,25,20,120,,10,2,sqrt,28.182133648534506,0.8250176048980442,12.702773866922263,19.000689873072822
D,25,20,120,,10,2,1.0,7.1552603816253875,0.8567666874106331,10.051062277315742,15.792113850925066
D,25,20,120,,10,10,sqrt,28.182133648534506,0.8250176048980442,12.702773866922263,19.000689873072822
D,25,20,120,,10,10,1.0,7.1552603816253875,0.8567666874106331,10.051062277315742,15.792113850925066
D,25,20,125,5.0,1,2,sqrt,23.59484559360833,0.7508059345778764,16.965287685976673,21.34485523819732
D,25,20,125,5.0,1,2,1.0,5.990937700959911,0.8625555946997278,11.273736705861982,15.594546894862892
D,25,20,125,5.0,1,10,sqrt,17.209718203915735,0.7610134697100551,16.231271183207273,20.531231214412745
D,25,20,125,5.0,1,10,1.0,5.990937700959911,0.8625555946997278,11.273736705861982,15.594546894862892
D,25,20,125,5.0,5,2,sqrt,19.702730951299305,0.75848120834998,16.58818258481501,20.85644173614432
D,25,20,125,5.0,5,2,1.0,5.990937700959911,0.8625555946997278,11.273736705861982,15.594546894862892
D,25,20,125,5.0,5,10,sqrt,19.702730951299305,0.75848120834998,16.58818258481501,20.85644173614432
D,25,20,125,5.0,5,10,1.0,5.990937700959911,0.8625555946997278,11.273736705861982,15.594546894862892
D,25,20,125,5.0,10,2,sqrt,16.926055205399912,0.7673700433647149,16.294247146707907,20.664743422016684
D,25,20,125,5.0,10,2,1.0,5.990937700959911,0.8625555946997278,11.273736705861982,15.594546894862892
D,25,20,125,5.0,10,10,sqrt,16.926055205399912,0.7673700433647149,16.294247146707907,20.664743422016684
D,25,20,125,5.0,10,10,1.0,5.990937700959911,0.8625555946997278,11.273736705861982,15.594546894862892
D,25,20,125,10.0,1,2,sqrt,57.72121792134967,0.8207339723762386,14.01153337676198,19.47793287343357
D,25,20,125,10.0,1,2,1.0,9.616298261075258,0.8616053505712251,10.983466669139974,16.528743495779416
D,25,20,125,10.0,1,10,sqrt,19.878415371071107,0.8119793153833601,14.518796381841451,19.662375714557363
D,25,20,125,10.0,1,10,1.0,8.836506712220855,0.8616571269017186,11.035731544667952,16.58053907880953
D,25,20,125,10.0,5,2,sqrt,16.91554954087963,0.8233825252763189,13.980648789834694,19.235938272503624
D,25,20,125,10.0,5,2,1.0,8.330823222257195,0.8630674976191465,10.936670336484491,16.362010076970822
D,25,20,125,10.0,5,10,sqrt,16.91554954087963,0.8233825252763189,13.980648789834694,19.235938272503624
D,25,20,125,10.0,5,10,1.0,8.330823222257195,0.8630674976191465,10.936670336484491,16.362010076970822
D,25,20,125,10.0,10,2,sqrt,17.080392142895228,0.8125245205945519,14.513436434985312,19.577681347808262
D,25,20,125,10.0,10,2,1.0,7.8320459364388055,0.8645480961311683,10.894776124641158,16.330361006766374
D,25,20,125,10.0,10,10,sqrt,17.080392142895228,0.8125245205945519,14.513436434985312,19.577681347808262
D,25,20,125,10.0,10,10,1.0,7.8320459364388055,0.8645480961311683,10.894776124641158,16.330361006766374
D,25,20,125,,1,2,sqrt,64.81649763676917,0.8040873861114065,14.50615896302352,21.932196624527013
D,25,20,125,,1,2,1.0,13.16083997225341,0.8333442942074047,12.01232031169737,18.923659372421945
D,25,20,125,,1,10,sqrt,49.94908467307666,0.8056245542567991,15.215194287193986,22.682755929775333
D,25,20,125,,1,10,1.0,13.460698434319088,0.8375619817906461,11.838281947823358,18.591464864186456
D,25,20,125,,5,2,sqrt,19.414137007871165,0.8189037749295445,13.99612018328574,20.807911377776726
D,25,20,125,,5,2,1.0,11.083135201977687,0.8429709302414198,11.5629399015633,17.90965014502569
D,25,20,125,,5,10,sqrt,19.414137007871165,0.8189037749295445,13.99612018328574,20.807911377776726
D,25,20,125,,5,10,1.0,11.083135201977687,0.8429709302414198,11.5629399015633,17.90965014502569
D,25,20,125,,10,2,sqrt,17.776929242700025,0.8233566652842559,14.167043088480423,20.68992054581083
D,25,20,125,,10,2,1.0,9.279738173488855,0.848214024919314,11.329925771114382,17.289548832615246
D,25,20,125,,10,10,sqrt,17.776929242700025,0.8233566652842559,14.167043088480423,20.68992054581083
D,25,20,125,,10,10,1.0,9.279738173488855,0.848214024919314,11.329925771114382,17.289548832615246
D,25,20,130,5.0,1,2,sqrt,22.651246458012864,0.7513896056747327,16.415973757870557,21.496099102328902
D,25,20,130,5.0,1,2,1.0,6.935480020646918,0.8647955010292598,10.543131180110096,15.649206948472226
D,25,20,130,5.0,1,10,sqrt,19.08237249812165,0.770280753140278,15.288314691903656,20.21615355980932
D,25,20,130,5.0,1,10,1.0,6.935480020646918,0.8647955010292598,10.543131180110096,15.649206948472226
D,25,20,130,5.0,5,2,sqrt,23.148522874991876,0.7681401092715896,15.637015720096718,20.553663942727788
D,25,20,130,5.0,5,2,1.0,6.935480020646918,0.8647955010292598,10.543131180110096,15.649206948472226
D,25,20,130,5.0,5,10,sqrt,23.148522874991876,0.7681401092715896,15.637015720096718,20.553663942727788
D,25,20,130,5.0,5,10,1.0,6.935480020646918,0.8647955010292598,10.543131180110096,15.649206948472226
D,25,20,130,5.0,10,2,sqrt,20.479540186415683,0.7677920284116055,15.686713532334148,20.750090280937002
D,25,20,130,5.0,10,2,1.0,6.935480020646918,0.8647955010292598,10.543131180110096,15.649206948472226
D,25,20,130,5.0,10,10,sqrt,20.479540186415683,0.7677920284116055,15.686713532334148,20.750090280937002
D,25,20,130,5.0,10,10,1.0,6.935480020646918,0.8647955010292598,10.543131180110096,15.649206948472226
D,25,20,130,10.0,1,2,sqrt,34.341905967678485,0.8093315361685688,13.829994199627086,19.809123747886485
D,25,20,130,10.0,1,2,1.0,11.018368031931326,0.8582457754965709,10.719643472697333,17.08165438745689
D,25,20,130,10.0,1,10,sqrt,56.694107883911144,0.8051986443705388,14.651284402881206,21.220245141394834
D,25,20,130,10.0,1,10,1.0,10.19934121029016,0.8589082930978682,10.68257453320221,16.99399175518935
D,25,20,130,10.0,5,2,sqrt,21.339548111491343,0.8159235252693137,13.878154182649771,19.9880824786486
D,25,20,130,10.0,5,2,1.0,9.604259569224368,0.8597749709918553,10.612960907101213,16.810205557557346
D,25,20,130,10.0,5,10,sqrt,21.339548111491343,0.8159235252693137,13.878154182649771,19.9880824786486
D,25,20,130,10.0,5,10,1.0,9.604259569224368,0.8597749709918553,10.612960907101213,16.810205557557346
D,25,20,130,10.0,10,2,sqrt,23.705212091630973,0.8073032779428706,13.890647600516772,19.76549662673891
D,25,20,130,10.0,10,2,1.0,8.912342178063303,0.8620635436552144,10.50446793068698,16.59515322380856
D,25,20,130,10.0,10,10,sqrt,23.705212091630973,0.8073032779428706,13.890647600516772,19.76549662673891
D,25,20,130,10.0,10,10,1.0,8.912342178063303,0.8620635436552144,10.50446793068698,16.59515322380856
D,25,20,130,,1,2,sqrt,61.74712889519649,0.8031065347110898,14.781193513099666,22.30581149448953
D,25,20,130,,1,2,1.0,15.81787459219635,0.8340043653015072,11.926689053394345,19.008115567120676
D,25,20,130,,1,10,sqrt,40.33434280267325,0.8157481242403216,14.21401482324564,21.654530538627746
D,25,20,130,,1,10,1.0,13.724425421875733,0.8364301615595691,11.834099228040847,18.685916705322533
D,25,20,130,,5,2,sqrt,45.978198979070285,0.8094515114409908,14.684460339924325,21.910593679515028
D,25,20,130,,5,2,1.0,12.232098115462453,0.8407298497654715,11.508208794156044,18.114109889802812
D,25,20,130,,5,10,sqrt,45.978198979070285,0.8094515114409908,14.684460339924325,21.910593679515028
D,25,20,130,,5,10,1.0,12.232098115462453,0.8407298497654715,11.508208794156044,18.114109889802812
D,25,20,130,,10,2,sqrt,43.83198170295783,0.8193824344742099,13.871368900455696,20.712220579963205
D,25,20,130,,10,2,1.0,11.429114577565192,0.8452915069026513,11.184411127411632,17.517729832755727
D,25,20,130,,10,10,sqrt,43.83198170295783,0.8193824344742099,13.871368900455696,20.712220579963205
D,25,20,130,,10,10,1.0,11.429114577565192,0.8452915069026513,11.184411127411632,17.517729832755727
D,30,10,115,5.0,1,2,sqrt,8.416172657966992,0.7930153327971169,13.032716733305666,17.05185526916611
D,30,10,115,5.0,1,2,1.0,2.9953873600884724,0.8808280154040791,8.622768570948807,12.394301054681552
D,30,10,115,5.0,1,10,sqrt,7.114952193968807,0.8038425267313551,12.409946170112255,16.37321338378561
D,30,10,115,5.0,1,10,1.0,2.9953873600884724,0.8808280154040791,8.622768570948807,12.394301054681552
D,30,10,115,5.0,5,2,sqrt,7.000309766247746,0.8038979444061856,12.404818228496797,16.354828771039017
D,30,10,115,5.0,5,2,1.0,2.9953873600884724,0.8808280154040791,8.622768570948807,12.394301054681552
D,30,10,115,5.0,5,10,sqrt,7.000309766247746,0.8038979444061856,12.404818228496797,16.354828771039017
D,30,10,115,5.0,5,10,1.0,2.9953873600884724,0.8808280154040791,8.622768570948807,12.394301054681552
D,30,10,115,5.0,10,2,sqrt,6.91248648629181,0.8156885348786428,12.043086926910888,16.05664353643183
D,30,10,115,5.0,10,2,1.0,2.9953873600884724,0.8808280154040791,8.622768570948807,12.394301054681552
D,30,10,115,5.0,10,10,sqrt,6.91248648629181,0.8156885348786428,12.043086926910888,16.05664353643183
D,30,10,115,5.0,10,10,1.0,2.9953873600884724,0.8808280154040791,8.622768570948807,12.394301054681552
D,30,10,115,10.0,1,2,sqrt,6.010936551571974,0.8516704283092853,10.11749610566427,14.611664132243778
D,30,10,115,10.0,1,2,1.0,3.6931202221095694,0.8848537094002611,8.204942885934972,13.111223790431293
D,30,10,115,10.0,1,10,sqrt,4.976214732946459,0.8583648132309497,10.089353696676937,14.507522189467881
D,30,10,115,10.0,1,10,1.0,3.636264133192223,0.8864219627548447,8.146589279126086,13.00394970291253
D,30,10,115,10.0,5,2,sqrt,4.513583503917525,0.8695385789479282,9.666352241479597,14.02577513620432
D,30,10,115,10.0,5,2,1.0,3.4755949255987177,0.8863449352658804,8.150029120615415,12.967864103258318
D,30,10,115,10.0,5,10,sqrt,4.513583503917525,0.8695385789479282,9.666352241479597,14.02577513620432
D,30,10,115,10.0,5,10,1.0,3.4755949255987177,0.8863449352658804,8.150029120615415,12.967864103258318
D,30,10,115,10.0,10,2,sqrt,4.561869416253158,0.8705489073326476,9.581376680131694,14.044773683124362
D,30,10,115,10.0,10,2,1.0,3.2762740042423246,0.8878899955674088,8.0056898610318,12.700199451732594
D,30,10,115,10.0,10,10,sqrt,4.561869416253158,0.8705489073326476,9.581376680131694,14.044773683124362
D,30,10,115,10.0,10,10,1.0,3.2762740042423246,0.8878899955674088,8.0056898610318,12.700199451732594
D,30,10,115,,1,2,sqrt,6.608453714623005,0.8511293625013394,9.875302765360058,15.923982764401492
D,30,10,115,,1,2,1.0,5.3426004070825845,0.8600599524816065,8.817645431964023,14.784175894061624
D,30,10,115,,1,10,sqrt,6.420505982978274,0.8553371367516066,9.782397789967229,15.704684475158729
D,30,10,115,,1,10,1.0,5.04447983167592,0.866552376064378,8.668689789630193,14.485493755781516
D,30,10,115,,5,2,sqrt,8.884928193960402,0.8554649509164822,9.897278970988339,15.753540527340443
D,30,10,115,,5,2,1.0,4.165254090786853,0.870292441278305,8.477097304486914,13.982805549708079
D,30,10,115,,5,10,sqrt,8.884928193960402,0.8554649509164822,9.897278970988339,15.753540527340443
D,30,10,115,,5,10,1.0,4.165254090786853,0.870292441278305,8.477097304486914,13.982805549708079
D,30,10,115,,10,2,sqrt,5.1348110340949855,0.862677035623555,9.713100599373364,15.058766536985624
D,30,10,115,,10,2,1.0,3.6565464047532723,0.8768289417082797,8.131950679809455,13.248047313330503
D,30,10,115,,10,10,sqrt,5.1348110340949855,0.862677035623555,9.713100599373364,15.058766536985624
D,30,10,115,,10,10,1.0,3.6565464047532723,0.8768289417082797,8.131950679809455,13.248047313330503
D,30,10,120,5.0,1,2,sqrt,10.619848627666368,0.7858187847457746,14.254163322106091,18.303066325917673
D,30,10,120,5.0,1,2,1.0,3.775977274330726,0.87210018061055,9.736022119029915,13.662640217540362
D,30,10,120,5.0,1,10,sqrt,8.648042119108542,0.7963722559285117,13.61756271665887,17.61300883051073
D,30,10,120,5.0,1,10,1.0,3.775977274330726,0.87210018061055,9.736022119029915,13.662640217540362
D,30,10,120,5.0,5,2,sqrt,8.533436199335588,0.7964257414342794,13.612806488863052,17.59643831891178
D,30,10,120,5.0,5,2,1.0,3.775977274330726,0.87210018061055,9.736022119029915,13.662640217540362
D,30,10,120,5.0,5,10,sqrt,8.533436199335588,0.7964257414342794,13.612806488863052,17.59643831891178
D,30,10,120,5.0,5,10,1.0,3.775977274330726,0.87210018061055,9.736022119029915,13.662640217540362
D,30,10,120,5.0,10,2,sqrt,8.495456286093695,0.8063149526761887,13.168124224629002,17.20217028222206
D,30,10,120,5.0,10,2,1.0,3.775977274330726,0.87210018061055,9.736022119029915,13.662640217540362
D,30,10,120,5.0,10,10,sqrt,8.495456286093695,0.8063149526761887,13.168124224629002,17.20217028222206
D,30,10,120,5.0,10,10,1.0,3.775977274330726,0.87210018061055,9.736022119029915,13.662640217540362
D,30,10,120,10.0,1,2,sqrt,8.876347849102764,0.8519492453938332,11.203549232139853,15.856114573809393
D,30,10,120,10.0,1,2,1.0,4.801684436068987,0.8765460142224235,9.216111635176542,14.296143614962313
D,30,10,120,10.0,1,10,sqrt,6.360485619077471,0.8633043014138506,10.679186011319864,15.233613957145398
D,30,10,120,10.0,1,10,1.0,4.735244717123944,0.8771366442952073,9.230995331109707,14.306716813660964
D,30,10,120,10.0,5,2,sqrt,6.625104065328102,0.8586254167083966,10.93348801164552,15.50141175149344
D,30,10,120,10.0,5,2,1.0,4.733054476560872,0.8787271659409296,9.186647510394028,14.241922128326843
D,30,10,120,10.0,5,10,sqrt,6.625104065328102,0.8586254167083966,10.93348801164552,15.50141175149344
D,30,10,120,10.0,5,10,1.0,4.733054476560872,0.8787271659409296,9.186647510394028,14.241922128326843
D,30,10,120,10.0,10,2,sqrt,8.438849072230786,0.8552110662752135,11.044572322548394,15.741212449401326
D,30,10,120,10.0,10,2,1.0,4.486326186342437,0.8800026141650459,9.101527197486469,14.082668596778097
D,30,10,120,10.0,10,10,sqrt,8.438849072230786,0.8552110662752135,11.044572322548394,15.741212449401326
D,30,10,120,10.0,10,10,1.0,4.486326186342437,0.8800026141650459,9.101527197486469,14.082668596778097
D,30,10,120,,1,2,sqrt,33.604261901017956,0.8342645454267001,11.791698509870328,18.68551150530077
D,30,10,120,,1,2,1.0,6.988076825605255,0.8535854702949974,10.059345330157267,16.229703024325175
D,30,10,120,,1,10,sqrt,15.147728015620903,0.8396202984269682,11.431729854686305,17.620403337791764
D,30,10,120,,1,10,1.0,6.121634460907051,0.8600435524893285,9.806093192106477,15.79249843527999
D,30,10,120,,5,2,sqrt,10.33037528208639,0.8504981466513879,10.753856750893528,16.635789557427238
D,30,10,120,,5,2,1.0,6.06616962430296,0.8609020966847026,9.705502648637372,15.441834368021134
D,30,10,120,,5,10,sqrt,10.33037528208639,0.8504981466513879,10.753856750893528,16.635789557427238
D,30,10,120,,5,10,1.0,6.06616962430296,0.8609020966847026,9.705502648637372,15.441834368021134
D,30,10,120,,10,2,sqrt,6.911769960300025,0.8593288028639788,10.401512732460555,15.910337428441284
D,30,10,120,,10,2,1.0,5.09181044462567,0.8687220511504661,9.400925911404055,14.853624955424692
D,30,10,120,,10,10,sqrt,6.911769960300025,0.8593288028639788,10.401512732460555,15.910337428441284
D,30,10,120,,10,10,1.0,5.09181044462567,0.8687220511504661,9.400925911404055,14.853624955424692
D,30,10,125,5.0,1,2,sqrt,12.911760661063573,0.7856257062880578,15.464325441707999,19.521350430908072
D,30,10,125,5.0,1,2,1.0,4.596254396307581,0.8652729482346955,10.678468402758858,14.62204167611419
D,30,10,125,5.0,1,10,sqrt,10.076396888130393,0.8030434720177645,14.405922111379581,18.27808563588298
D,30,10,125,5.0,1,10,1.0,4.596254396307581,0.8652729482346955,10.678468402758858,14.62204167611419
D,30,10,125,5.0,5,2,sqrt,9.931547879220275,0.8033723959410521,14.390021505441391,18.24737046850793
D,30,10,125,5.0,5,2,1.0,4.596254396307581,0.8652729482346955,10.678468402758858,14.62204167611419
D,30,10,125,5.0,5,10,sqrt,9.931547879220275,0.8033723959410521,14.390021505441391,18.24737046850793
D,30,10,125,5.0,5,10,1.0,4.596254396307581,0.8652729482346955,10.678468402758858,14.62204167611419
D,30,10,125,5.0,10,2,sqrt,10.526629006620265,0.801227832677937,14.317247650121985,18.383320567482507
D,30,10,125,5.0,10,2,1.0,4.596254396307581,0.8652729482346955,10.678468402758858,14.62204167611419
D,30,10,125,5.0,10,10,sqrt,10.526629006620265,0.801227832677937,14.317247650121985,18.383320567482507
D,30,10,125,5.0,10,10,1.0,4.596254396307581,0.8652729482346955,10.678468402758858,14.62204167611419
D,30,10,125,10.0,1,2,sqrt,6.108136447926306,0.8649672496667797,11.189904287317995,15.80265256763945
D,30,10,125,10.0,1,2,1.0,7.015601452535682,0.8689748555024351,10.256248236331425,15.557756441376778
D,30,10,125,10.0,1,10,sqrt,19.78369034890256,0.8328677993918197,12.372643515680354,16.949362360540597
D,30,10,125,10.0,1,10,1.0,6.847111029477904,0.869842163298119,10.23742591656576,15.50836998442303
D,30,10,125,10.0,5,2,sqrt,11.599469822219392,0.8326141097036542,12.541629328057478,17.315038857018433
D,30,10,125,10.0,5,2,1.0,5.947755136277339,0.8723760846717076,10.132096337257625,15.281324395292028
D,30,10,125,10.0,5,10,sqrt,11.599469822219392,0.8326141097036542,12.541629328057478,17.315038857018433
D,30,10,125,10.0,5,10,1.0,5.947755136277339,0.8723760846717076,10.132096337257625,15.281324395292028
D,30,10,125,10.0,10,2,sqrt,10.962653805041162,0.8504890345498873,12.314863539930004,17.023532467470766
D,30,10,125,10.0,10,2,1.0,5.541240165236901,0.8737652814098305,10.046832705650052,15.138804342495316
D,30,10,125,10.0,10,10,sqrt,10.962653805041162,0.8504890345498873,12.314863539930004,17.023532467470766
D,30,10,125,10.0,10,10,1.0,5.541240165236901,0.8737652814098305,10.046832705650052,15.138804342495316
D,30,10,125,,1,2,sqrt,12.674315506251192,0.8342678572956063,12.48534859914007,19.124527264132407
D,30,10,125,,1,2,1.0,9.436406049222015,0.8471139042083052,11.176315321787182,17.598986107019396
D,30,10,125,,1,10,sqrt,66.63769803213393,0.8382599053165152,12.378325597977847,19.09555586011085
D,30,10,125,,1,10,1.0,8.870817078244686,0.8520025528358092,10.942708240966567,17.156069070150647
D,30,10,125,,5,2,sqrt,12.073976145691466,0.8447006151704091,11.876799458995825,17.839030489431888
D,30,10,125,,5,2,1.0,6.894321540493721,0.8569182147647227,10.685259217913268,16.519513172986077
D,30,10,125,,5,10,sqrt,12.073976145691466,0.8447006151704091,11.876799458995825,17.839030489431888
D,30,10,125,,5,10,1.0,6.894321540493721,0.8569182147647227,10.685259217913268,16.519513172986077
D,30,10,125,,10,2,sqrt,9.280234397956084,0.8476703494928592,11.941999770474267,17.401623448500764
D,30,10,125,,10,2,1.0,6.2336741012948895,0.8613824270500835,10.370933495362527,15.958432240202288
D,30,10,125,,10,10,sqrt,9.280234397956084,0.8476703494928592,11.941999770474267,17.401623448500764
D,30,10,125,,10,10,1.0,6.2336741012948895,0.8613824270500835,10.370933495362527,15.958432240202288
D,30,10,130,5.0,1,2,sqrt,15.546848702368607,0.7852861543910459,14.935526952438057,19.67967103621756
D,30,10,130,5.0,1,2,1.0,5.156804513274073,0.8663445255747805,10.115959712325473,14.85262616381566
D,30,10,130,5.0,1,10,sqrt,12.000436720730717,0.8039425517642783,13.807506783836601,18.44547447305861
D,30,10,130,5.0,1,10,1.0,5.156804513274073,0.8663445255747805,10.115959712325473,14.85262616381566
D,30,10,130,5.0,5,2,sqrt,11.855587889404694,0.8042996755847784,13.791609857945591,18.41513196741353
D,30,10,130,5.0,5,2,1.0,5.156804513274073,0.8663445255747805,10.115959712325473,14.85262616381566
D,30,10,130,5.0,5,10,sqrt,11.855587889404694,0.8042996755847784,13.791609857945591,18.41513196741353
D,30,10,130,5.0,5,10,1.0,5.156804513274073,0.8663445255747805,10.115959712325473,14.85262616381566
D,30,10,130,5.0,10,2,sqrt,12.428601592378723,0.8006370776898069,13.725422042082135,18.526527561473365
D,30,10,130,5.0,10,2,1.0,5.156804513274073,0.8663445255747805,10.115959712325473,14.85262616381566
D,30,10,130,5.0,10,10,sqrt,12.428601592378723,0.8006370776898069,13.725422042082135,18.526527561473365
D,30,10,130,5.0,10,10,1.0,5.156804513274073,0.8663445255747805,10.115959712325473,14.85262616381566
D,30,10,130,10.0,1,2,sqrt,8.753010117916272,0.8505716498685946,11.294954825314614,16.745920663730022
D,30,10,130,10.0,1,2,1.0,7.499251325912139,0.868391945965136,9.892006151135416,15.56051846029941
D,30,10,130,10.0,1,10,sqrt,13.682128989684253,0.8445413357193863,11.34474998838237,16.582955483595136
D,30,10,130,10.0,1,10,1.0,7.311666703423947,0.8684749192160768,9.85577394793287,15.508004756101158
D,30,10,130,10.0,5,2,sqrt,15.102631294477808,0.8391240355957376,11.868372563763355,17.495926279273583
D,30,10,130,10.0,5,2,1.0,7.332590308589296,0.8682686915270569,9.873166445006415,15.472216469906238
D,30,10,130,10.0,5,10,sqrt,15.102631294477808,0.8391240355957376,11.868372563763355,17.495926279273583
D,30,10,130,10.0,5,10,1.0,7.332590308589296,0.8682686915270569,9.873166445006415,15.472216469906238
D,30,10,130,10.0,10,2,sqrt,8.761425737669274,0.8543865294102113,11.237792931123725,16.554313557300734
D,30,10,130,10.0,10,2,1.0,6.703140590080524,0.8701106572929767,9.745959810834611,15.27322822378062
D,30,10,130,10.0,10,10,sqrt,8.761425737669274,0.8543865294102113,11.237792931123725,16.554313557300734
D,30,10,130,10.0,10,10,1.0,6.703140590080524,0.8701106572929767,9.745959810834611,15.27322822378062
D,30,10,130,,1,2,sqrt,12.6560467773391,0.8320534311559765,12.914098881567398,19.366134893394957
D,30,10,130,,1,2,1.0,10.222354946776317,0.8449428666780883,11.220392782645192,17.603976624070906
D,30,10,130,,1,10,sqrt,24.87662554334264,0.8366584281323337,12.531778766986896,19.42221506499063
D,30,10,130,,1,10,1.0,9.231780516835588,0.8490052698520408,10.892768040854767,17.06598637810851
D,30,10,130,,5,2,sqrt,11.61493291345655,0.8412771743518986,12.068226926237708,18.26218843660522
D,30,10,130,,5,2,1.0,8.28705135922407,0.8527511610781386,10.603285256601925,16.601051773954786
D,30,10,130,,5,10,sqrt,11.61493291345655,0.8412771743518986,12.068226926237708,18.26218843660522
D,30,10,130,,5,10,1.0,8.28705135922407,0.8527511610781386,10.603285256601925,16.601051773954786
D,30,10,130,,10,2,sqrt,40.573216703127045,0.84567681377324,11.68825963796841,17.509269123719456
D,30,10,130,,10,2,1.0,7.967110781308295,0.8577314943879519,10.256364922987753,16.084929255472463
D,30,10,130,,10,10,sqrt,40.573216703127045,0.84567681377324,11.68825963796841,17.509269123719456
D,30,10,130,,10,10,1.0,7.967110781308295,0.8577314943879519,10.256364922987753,16.084929255472463
D,30,15,115,5.0,1,2,sqrt,9.609576435234418,0.7759858525571246,13.502795853398434,17.26048044333428
D,30,15,115,5.0,1,2,1.0,2.99617305002541,0.880771470247607,8.626068724775209,12.397051841186201
D,30,15,115,5.0,1,10,sqrt,9.43694113609315,0.7783765859798334,13.253306762639514,16.993128814891385
D,30,15,115,5.0,1,10,1.0,2.99617305002541,0.880771470247607,8.626068724775209,12.397051841186201
D,30,15,115,5.0,5,2,sqrt,9.421429087535047,0.7787151649544978,13.215968170177439,16.96477916600694
D,30,15,115,5.0,5,2,1.0,2.9953873600884724,0.8808280154040791,8.622768570948807,12.394301054681552
D,30,15,115,5.0,5,10,sqrt,9.421429087535047,0.7787151649544978,13.215968170177439,16.96477916600694
D,30,15,115,5.0,5,10,1.0,2.9953873600884724,0.8808280154040791,8.622768570948807,12.394301054681552
D,30,15,115,5.0,10,2,sqrt,9.497221320799259,0.7758889604288399,13.36236555969864,17.100529852779133
D,30,15,115,5.0,10,2,1.0,2.9953873600884724,0.8808280154040791,8.622768570948807,12.394301054681552
D,30,15,115,5.0,10,10,sqrt,9.497221320799259,0.7758889604288399,13.36236555969864,17.100529852779133
D,30,15,115,5.0,10,10,1.0,2.9953873600884724,0.8808280154040791,8.622768570948807,12.394301054681552
D,30,15,115,10.0,1,2,sqrt,7.930988720871637,0.8362736097631448,11.267340073987455,15.795126307075602
D,30,15,115,10.0,1,2,1.0,3.731167998892347,0.8857458283283984,8.216923221144606,13.097545346275709
D,30,15,115,10.0,1,10,sqrt,11.337270843247598,0.8492475343906776,11.165135601977095,16.05644411400227
D,30,15,115,10.0,1,10,1.0,3.6312536958043196,0.8865447943057351,8.238363311002422,13.132146239484976
D,30,15,115,10.0,5,2,sqrt,6.348913493428455,0.848986827776643,10.905662799851239,15.54701522079182
D,30,15,115,10.0,5,2,1.0,3.5235974488568487,0.8860345392430993,8.262203769540715,13.106602552802542
D,30,15,115,10.0,5,10,sqrt,6.348913493428455,0.848986827776643,10.905662799851239,15.54701522079182
D,30,15,115,10.0,5,10,1.0,3.5235974488568487,0.8860345392430993,8.262203769540715,13.106602552802542
D,30,15,115,10.0,10,2,sqrt,7.404479829952661,0.8402964556452754,11.300207703948235,16.065492730415095
D,30,15,115,10.0,10,2,1.0,3.342912397303364,0.8860716208430537,8.22656736047982,13.017208015491832
D,30,15,115,10.0,10,10,sqrt,7.404479829952661,0.8402964556452754,11.300207703948235,16.065492730415095
D,30,15,115,10.0,10,10,1.0,3.342912397303364,0.8860716208430537,8.22656736047982,13.017208015491832
D,30,15,115,,1,2,sqrt,12.017599432272476,0.8365523540823687,10.764832216536302,17.211237467210356
D,30,15,115,,1,2,1.0,5.366372488141026,0.8577183096036727,8.98633753208481,14.85898062102989
D,30,15,115,,1,10,sqrt,9.380992337907777,0.837952165808397,11.206537913080467,17.236704277510718
D,30,15,115,,1,10,1.0,4.78372107999283,0.8621454739801655,8.868755013838868,14.545762669106859
D,30,15,115,,5,2,sqrt,6.723808763290954,0.8450201862281164,10.740947145309361,16.45897914226758
D,30,15,115,,5,2,1.0,4.3668899336730735,0.8675209928576024,8.645004171443007,14.186633518298738
D,30,15,115,,5,10,sqrt,6.723808763290954,0.8450201862281164,10.740947145309361,16.45897914226758
D,30,15,115,,5,10,1.0,4.3668899336730735,0.8675209928576024,8.645004171443007,14.186633518298738
D,30,15,115,,10,2,sqrt,6.668769182367248,0.8451084370866466,11.154409186979368,16.626725927499816
D,30,15,115,,10,2,1.0,3.836639271246041,0.8732015604288644,8.477156261491084,13.688921812591127
D,30,15,115,,10,10,sqrt,6.668769182367248,0.8451084370866466,11.154409186979368,16.626725927499816
D,30,15,115,,10,10,1.0,3.836639271246041,0.8732015604288644,8.477156261491084,13.688921812591127
D,30,15,120,5.0,1,2,sqrt,12.599189462796273,0.7699693114950572,14.795680409162975,18.60197820750924
D,30,15,120,5.0,1,2,1.0,3.7767629642676632,0.8720453778370215,9.739322272856315,13.665163999372334
D,30,15,120,5.0,1,10,sqrt,12.751594009456275,0.7691034115796483,14.829548383179283,18.662023365726952
D,30,15,120,5.0,1,10,1.0,3.7767629642676632,0.8720453778370215,9.739322272856315,13.665163999372334
D,30,15,120,5.0,5,2,sqrt,12.39255132811723,0.7726235764482839,14.500078043148855,18.318430629539233
D,30,15,120,5.0,5,2,1.0,3.775977274330726,0.87210018061055,9.736022119029915,13.662640217540362
D,30,15,120,5.0,5,10,sqrt,12.39255132811723,0.7726235764482839,14.500078043148855,18.318430629539233
D,30,15,120,5.0,5,10,1.0,3.775977274330726,0.87210018061055,9.736022119029915,13.662640217540362
D,30,15,120,5.0,10,2,sqrt,12.547730541851625,0.7709244725598912,14.609631581045273,18.436853537203717
D,30,15,120,5.0,10,2,1.0,3.775977274330726,0.87210018061055,9.736022119029915,13.662640217540362
D,30,15,120,5.0,10,10,sqrt,12.547730541851625,0.7709244725598912,14.609631581045273,18.436853537203717
D,30,15,120,5.0,10,10,1.0,3.775977274330726,0.87210018061055,9.736022119029915,13.662640217540362
D,30,15,120,10.0,1,2,sqrt,8.773685169954959,0.832179109801672,12.216884957731708,16.964028912130058
D,30,15,120,10.0,1,2,1.0,4.8979173991161495,0.8749239150337861,9.383599327959354,14.491705990016495
D,30,15,120,10.0,1,10,sqrt,6.731980093258981,0.8488258852916241,11.494748176224451,16.033104181163615
D,30,15,120,10.0,1,10,1.0,4.902085532782328,0.874991454296468,9.385339396243864,14.504633254280577
D,30,15,120,10.0,5,2,sqrt,6.961621428530293,0.8433739965835801,11.966234868115446,16.5539113016495
D,30,15,120,10.0,5,2,1.0,4.572009051842305,0.8781192067014902,9.321675352470507,14.365088970624731
D,30,15,120,10.0,5,10,sqrt,6.961621428530293,0.8433739965835801,11.966234868115446,16.5539113016495
D,30,15,120,10.0,5,10,1.0,4.572009051842305,0.8781192067014902,9.321675352470507,14.365088970624731
D,30,15,120,10.0,10,2,sqrt,9.7104139713835,0.8350549371733151,12.5896552554543,17.5858726048864
D,30,15,120,10.0,10,2,1.0,4.39327645044438,0.8793134188956637,9.238717999339267,14.244520522963825
D,30,15,120,10.0,10,10,sqrt,9.7104139713835,0.8350549371733151,12.5896552554543,17.5858726048864
D,30,15,120,10.0,10,10,1.0,4.39327645044438,0.8793134188956637,9.238717999339267,14.244520522963825
D,30,15,120,,1,2,sqrt,14.469574278820616,0.8287351525238613,12.43645726567182,19.04734626129222
D,30,15,120,,1,2,1.0,7.370389251555649,0.8500270400303161,10.269095139799076,16.502656270283843
D,30,15,120,,1,10,sqrt,18.133163685767766,0.833190892118645,12.077693479106996,18.350669862433225
D,30,15,120,,1,10,1.0,6.736055033634939,0.8542056754615792,10.170207214802797,16.19044012498256
D,30,15,120,,5,2,sqrt,8.990868337514673,0.835240772643427,11.856778181901888,17.64094826965205
D,30,15,120,,5,2,1.0,5.879253789049491,0.8603800378021889,9.916784671228656,15.679666176051722
D,30,15,120,,5,10,sqrt,8.990868337514673,0.835240772643427,11.856778181901888,17.64094826965205
D,30,15,120,,5,10,1.0,5.879253789049491,0.8603800378021889,9.916784671228656,15.679666176051722
D,30,15,120,,10,2,sqrt,8.503923884221308,0.8391269599108169,12.066599086820954,17.52347456345663
D,30,15,120,,10,2,1.0,5.157694208980232,0.8669547440790412,9.549893467339368,15.037216905037791
D,30,15,120,,10,10,sqrt,8.503923884221308,0.8391269599108169,12.066599086820954,17.52347456345663
D,30,15,120,,10,10,1.0,5.157694208980232,0.8669547440790412,9.549893467339368,15.037216905037791
D,30,15,125,5.0,1,2,sqrt,15.484645196080644,0.7666495968203833,15.945090663207424,19.838854646222494
D,30,15,125,5.0,1,2,1.0,4.600137425074853,0.8652749145779058,10.68766475242047,14.62967582060622
D,30,15,125,5.0,1,10,sqrt,14.065033170126089,0.7730249146824175,15.770313232603574,19.56445850925122
D,30,15,125,5.0,1,10,1.0,4.600137425074853,0.8652749145779058,10.68766475242047,14.62967582060622
D,30,15,125,5.0,5,2,sqrt,13.961734314057987,0.7724523363381705,15.743066815789751,19.506208062731858
D,30,15,125,5.0,5,2,1.0,4.5993517351379145,0.8653283284683473,10.684364598594073,14.627353813688833
D,30,15,125,5.0,5,10,sqrt,13.961734314057987,0.7724523363381705,15.743066815789751,19.506208062731858
D,30,15,125,5.0,5,10,1.0,4.5993517351379145,0.8653283284683473,10.684364598594073,14.627353813688833
D,30,15,125,5.0,10,2,sqrt,15.559500030562251,0.7677136142430853,15.601190456016559,19.51612611883541
D,30,15,125,5.0,10,2,1.0,4.5993517351379145,0.8653283284683473,10.684364598594073,14.627353813688833
D,30,15,125,5.0,10,10,sqrt,15.559500030562251,0.7677136142430853,15.601190456016559,19.51612611883541
D,30,15,125,5.0,10,10,1.0,4.5993517351379145,0.8653283284683473,10.684364598594073,14.627353813688833
D,30,15,125,10.0,1,2,sqrt,10.1566249733365,0.8359006584876433,12.8167029514855,17.60633501782113
D,30,15,125,10.0,1,2,1.0,6.347864358525138,0.8715031084569702,10.14283844968613,15.41481400736449
D,30,15,125,10.0,1,10,sqrt,10.128723368899646,0.8362984513372507,13.016883606110232,17.63957698757689
D,30,15,125,10.0,1,10,1.0,6.231723635893047,0.8725626543351058,10.117784360783102,15.362166352483797
D,30,15,125,10.0,5,2,sqrt,9.592772930899418,0.8319479832985166,13.404959220656451,18.07490326972249
D,30,15,125,10.0,5,2,1.0,6.2075776011437975,0.8728838334334723,10.103850400931528,15.277412210262094
D,30,15,125,10.0,5,10,sqrt,9.592772930899418,0.8319479832985166,13.404959220656451,18.07490326972249
D,30,15,125,10.0,5,10,1.0,6.2075776011437975,0.8728838334334723,10.103850400931528,15.277412210262094
D,30,15,125,10.0,10,2,sqrt,9.681684222502573,0.8424425329358266,13.204624796374219,18.12182971921255
D,30,15,125,10.0,10,2,1.0,5.3576278168125695,0.8742748396734485,10.087559686270765,15.177528994109124
D,30,15,125,10.0,10,10,sqrt,9.681684222502573,0.8424425329358266,13.204624796374219,18.12182971921255
D,30,15,125,10.0,10,10,1.0,5.3576278168125695,0.8742748396734485,10.087559686270765,15.177528994109124
D,30,15,125,,1,2,sqrt,16.06932342586523,0.8196156772391466,13.682243681648881,20.55935661827992
D,30,15,125,,1,2,1.0,9.511934539788008,0.847052214572234,11.30726851891014,17.729437495914404
D,30,15,125,,1,10,sqrt,19.135427317441703,0.8323921950463395,13.145162962229914,19.590635226911473
D,30,15,125,,1,10,1.0,8.549879376267084,0.8511695769554326,11.081013762005657,17.316781825290764
D,30,15,125,,5,2,sqrt,11.821777438400554,0.8327580908500554,13.020518043624104,18.98582648083287
D,30,15,125,,5,2,1.0,7.93238734837958,0.8551058369854024,10.944574314456043,16.906079541804615
D,30,15,125,,5,10,sqrt,11.821777438400554,0.8327580908500554,13.020518043624104,18.98582648083287
D,30,15,125,,5,10,1.0,7.93238734837958,0.8551058369854024,10.944574314456043,16.906079541804615
D,30,15,125,,10,2,sqrt,9.906792028579165,0.8440181622766703,12.479749062345624,18.08186434001268
D,30,15,125,,10,2,1.0,6.114741570502227,0.8623863065851272,10.497098256643989,16.06610568417492
D,30,15,125,,10,10,sqrt,9.906792028579165,0.8440181622766703,12.479749062345624,18.08186434001268
D,30,15,125,,10,10,1.0,6.114741570502227,0.8623863065851272,10.497098256643989,16.06610568417492
D,30,15,130,5.0,1,2,sqrt,21.395690427881565,0.7692040523984949,15.267112144321558,20.015702727213302
D,30,15,130,5.0,1,2,1.0,5.161380495843417,0.866312486366654,10.123846736082,14.86312471844071
D,30,15,130,5.0,1,10,sqrt,21.816627447008536,0.7666722912382619,15.490438950673115,20.289315105054023
D,30,15,130,5.0,1,10,1.0,5.161380495843417,0.866312486366654,10.123846736082,14.86312471844071
D,30,15,130,5.0,5,2,sqrt,21.166812871660262,0.7704788096415708,15.22619818349915,19.92459451643969
D,30,15,130,5.0,5,2,1.0,5.161380495843417,0.866312486366654,10.123846736082,14.86312471844071
D,30,15,130,5.0,5,10,sqrt,21.166812871660262,0.7704788096415708,15.22619818349915,19.92459451643969
D,30,15,130,5.0,5,10,1.0,5.161380495843417,0.866312486366654,10.123846736082,14.86312471844071
D,30,15,130,5.0,10,2,sqrt,21.422835499132567,0.7650068303649429,15.641478394936707,20.29772470856323
D,30,15,130,5.0,10,2,1.0,5.161380495843417,0.866312486366654,10.123846736082,14.86312471844071
D,30,15,130,5.0,10,10,sqrt,21.422835499132567,0.7650068303649429,15.641478394936707,20.29772470856323
D,30,15,130,5.0,10,10,1.0,5.161380495843417,0.866312486366654,10.123846736082,14.86312471844071
D,30,15,130,10.0,1,2,sqrt,12.646342739112688,0.8326494496860729,12.60644441603847,18.242603983070147
D,30,15,130,10.0,1,2,1.0,7.650340634568319,0.866750004430042,9.992900770015385,15.700144097109305
D,30,15,130,10.0,1,10,sqrt,11.511464879558877,0.8363182590149462,12.713035058054801,18.31226311541011
D,30,15,130,10.0,1,10,1.0,7.471380807947748,0.8670014489856499,9.974130629687796,15.624798926324695
D,30,15,130,10.0,5,2,sqrt,14.35049791309682,0.8284949027324174,13.126655957478457,18.600951564477448
D,30,15,130,10.0,5,2,1.0,6.325721180646214,0.8672540808039431,9.91370685586064,15.448509425742065
D,30,15,130,10.0,5,10,sqrt,14.35049791309682,0.8284949027324174,13.126655957478457,18.600951564477448
D,30,15,130,10.0,5,10,1.0,6.325721180646214,0.8672540808039431,9.91370685586064,15.448509425742065
D,30,15,130,10.0,10,2,sqrt,10.877102316036389,0.8410808265697135,12.857360243290168,18.335383821208083
D,30,15,130,10.0,10,2,1.0,6.268445784456187,0.8681974210913456,9.886711947197572,15.407362696294253
D,30,15,130,10.0,10,10,sqrt,10.877102316036389,0.8410808265697135,12.857360243290168,18.335383821208083
D,30,15,130,10.0,10,10,1.0,6.268445784456187,0.8681974210913456,9.886711947197572,15.407362696294253
D,30,15,130,,1,2,sqrt,16.078595572674022,0.8210658354815383,13.5128881816703,20.22637410196336
D,30,15,130,,1,2,1.0,9.428330346256118,0.8466703574872063,11.188168598978518,17.4926583794337
D,30,15,130,,1,10,sqrt,24.74685312817854,0.8262115550569268,13.379653811759823,19.889962766498876
D,30,15,130,,1,10,1.0,9.59694438972994,0.8473738390370608,11.100526087633762,17.310557449360623
D,30,15,130,,5,2,sqrt,16.97381025976123,0.8239537797431076,13.478850466721942,19.65714974491835
D,30,15,130,,5,2,1.0,7.775859125645712,0.8514539163639879,10.779721120529622,16.69692387872509
D,30,15,130,,5,10,sqrt,16.97381025976123,0.8239537797431076,13.478850466721942,19.65714974491835
D,30,15,130,,5,10,1.0,7.775859125645712,0.8514539163639879,10.779721120529622,16.69692387872509
D,30,15,130,,10,2,sqrt,11.908233684963847,0.8325072597823826,12.824137318699286,18.916914096879033
D,30,15,130,,10,2,1.0,7.137291272665704,0.85678469643241,10.429068152437207,16.242668425463563
D,30,15,130,,10,10,sqrt,11.908233684963847,0.8325072597823826,12.824137318699286,18.916914096879033
D,30,15,130,,10,10,1.0,7.137291272665704,0.85678469643241,10.429068152437207,16.242668425463563
D,30,20,115,5.0,1,2,sqrt,12.942941644893839,0.777399605492651,14.250393956076824,18.66435845191382
D,30,20,115,5.0,1,2,1.0,3.00514846633435,0.8806954898662482,8.64042430045303,12.415821764520228
D,30,20,115,5.0,1,10,sqrt,12.192396279925704,0.7860607023795476,13.550887457017893,17.710620130867976
D,30,20,115,5.0,1,10,1.0,3.00514846633435,0.8806954898662482,8.64042430045303,12.415821764520228
D,30,20,115,5.0,5,2,sqrt,12.204036034552344,0.7788026146541527,14.37118523603291,18.763349719900184
D,30,20,115,5.0,5,2,1.0,3.004362776397412,0.8807520350227203,8.637124146626629,12.413070978015583
D,30,20,115,5.0,5,10,sqrt,12.204036034552344,0.7788026146541527,14.37118523603291,18.763349719900184
D,30,20,115,5.0,5,10,1.0,3.004362776397412,0.8807520350227203,8.637124146626629,12.413070978015583
D,30,20,115,5.0,10,2,sqrt,10.24265534333615,0.7984936820723064,13.271944930519211,17.344092101581303
D,30,20,115,5.0,10,2,1.0,3.004362776397412,0.8807520350227203,8.637124146626629,12.413070978015583
D,30,20,115,5.0,10,10,sqrt,10.24265534333615,0.7984936820723064,13.271944930519211,17.344092101581303
D,30,20,115,5.0,10,10,1.0,3.004362776397412,0.8807520350227203,8.637124146626629,12.413070978015583
D,30,20,115,10.0,1,2,sqrt,19.798165539729794,0.8204781442651674,12.201041013859998,17.507280033266632
D,30,20,115,10.0,1,2,1.0,3.929990067906432,0.8825737634183308,8.39078259187185,13.42036614149101
D,30,20,115,10.0,1,10,sqrt,14.590850724015315,0.8484079773950283,11.332004929995275,16.502202838345635
D,30,20,115,10.0,1,10,1.0,3.800726227181433,0.8838299716657773,8.364291607769408,13.315837158414007
D,30,20,115,10.0,5,2,sqrt,12.641828316924066,0.8291696536749343,12.160584793778314,17.23469148134791
D,30,20,115,10.0,5,2,1.0,3.8518194710747453,0.8847431662824427,8.380966288229022,13.339171126363132
D,30,20,115,10.0,5,10,sqrt,12.641828316924066,0.8291696536749343,12.160584793778314,17.23469148134791
D,30,20,115,10.0,5,10,1.0,3.8518194710747453,0.8847431662824427,8.380966288229022,13.339171126363132
D,30,20,115,10.0,10,2,sqrt,26.365406096921344,0.7954995014830349,13.53744894986544,18.54871265309434
D,30,20,115,10.0,10,2,1.0,3.580286266948684,0.8847471953232064,8.2870388513868,13.123072516384662
D,30,20,115,10.0,10,10,sqrt,26.365406096921344,0.7954995014830349,13.53744894986544,18.54871265309434
D,30,20,115,10.0,10,10,1.0,3.580286266948684,0.8847471953232064,8.2870388513868,13.123072516384662
D,30,20,115,,1,2,sqrt,28.18694808065002,0.8178808289255519,12.640326112397565,19.778160496831347
D,30,20,115,,1,2,1.0,5.208993660960843,0.8546734347224122,9.112467341759244,15.04777840010513
D,30,20,115,,1,10,sqrt,32.625567664451026,0.8219122760057289,12.815660988909201,20.153769481508924
D,30,20,115,,1,10,1.0,4.832158938420285,0.8586834496107919,9.021613613757527,14.717355365519785
D,30,20,115,,5,2,sqrt,8.3822005071923,0.8507783634730213,10.51013726790671,16.273028783726126
D,30,20,115,,5,2,1.0,4.571068059821813,0.8642573710587298,8.888610905208788,14.40893255580655
D,30,20,115,,5,10,sqrt,8.3822005071923,0.8507783634730213,10.51013726790671,16.273028783726126
D,30,20,115,,5,10,1.0,4.571068059821813,0.8642573710587298,8.888610905208788,14.40893255580655
D,30,20,115,,10,2,sqrt,20.893746349863623,0.8401216419404299,11.728745614613825,17.946094882233496
D,30,20,115,,10,2,1.0,3.955643944222891,0.8713212720916704,8.543960804324481,13.76215202219483
D,30,20,115,,10,10,sqrt,20.893746349863623,0.8401216419404299,11.728745614613825,17.946094882233496
D,30,20,115,,10,10,1.0,3.955643944222891,0.8713212720916704,8.543960804324481,13.76215202219483
D,30,20,120,5.0,1,2,sqrt,13.052361771283291,0.7714869442379395,15.286681728610285,19.502772281147948
D,30,20,120,5.0,1,2,1.0,3.788264478279847,0.8715833402241074,9.759783562352197,13.693853191508586
D,30,20,120,5.0,1,10,sqrt,12.1756540755139,0.7769643949747135,14.77616525432246,18.9913764445977
D,30,20,120,5.0,1,10,1.0,3.788264478279847,0.8715833402241074,9.759783562352197,13.693853191508586
D,30,20,120,5.0,5,2,sqrt,12.188017410121514,0.7767719469593148,14.769622203352261,18.98745624225154
D,30,20,120,5.0,5,2,1.0,3.78747878834291,0.8716381429976359,9.756483408525797,13.691329409676616
D,30,20,120,5.0,5,10,sqrt,12.188017410121514,0.7767719469593148,14.769622203352261,18.98745624225154
D,30,20,120,5.0,5,10,1.0,3.78747878834291,0.8716381429976359,9.756483408525797,13.691329409676616
D,30,20,120,5.0,10,2,sqrt,12.598432517747472,0.7734794747798326,14.758044477176792,18.782255374772546
D,30,20,120,5.0,10,2,1.0,3.7865536591717635,0.8716626328396986,9.7554009983634,13.688403749453666
D,30,20,120,5.0,10,10,sqrt,12.598432517747472,0.7734794747798326,14.758044477176792,18.782255374772546
D,30,20,120,5.0,10,10,1.0,3.7865536591717635,0.8716626328396986,9.7554009983634,13.688403749453666
D,30,20,120,10.0,1,2,sqrt,35.42956336842696,0.7866442018844055,15.133572415071399,20.64059453916166
D,30,20,120,10.0,1,2,1.0,5.509445309603073,0.8711595354011689,9.649481029267292,14.91730291711499
D,30,20,120,10.0,1,10,sqrt,29.97361275416976,0.8164287377705799,13.426795401998538,18.896614273781854
D,30,20,120,10.0,1,10,1.0,5.402445769062465,0.8717890970781251,9.639809511080331,14.842899913624626
D,30,20,120,10.0,5,2,sqrt,15.03601491330178,0.8081172311384863,13.757029572994616,18.55109129006238
D,30,20,120,10.0,5,2,1.0,4.880056898997968,0.8740888535718432,9.563020457692938,14.655956518296131
D,30,20,120,10.0,5,10,sqrt,15.03601491330178,0.8081172311384863,13.757029572994616,18.55109129006238
D,30,20,120,10.0,5,10,1.0,4.880056898997968,0.8740888535718432,9.563020457692938,14.655956518296131
D,30,20,120,10.0,10,2,sqrt,20.692478717172598,0.8124667373023285,13.961932284984144,19.20960985632424
D,30,20,120,10.0,10,2,1.0,4.746286924832545,0.8753425883487373,9.438464252870375,14.461059532470978
D,30,20,120,10.0,10,10,sqrt,20.692478717172598,0.8124667373023285,13.961932284984144,19.20960985632424
D,30,20,120,10.0,10,10,1.0,4.746286924832545,0.8753425883487373,9.438464252870375,14.461059532470978
D,30,20,120,,1,2,sqrt,30.225418458485876,0.8157766712691469,13.50318218062083,20.952998764549168
D,30,20,120,,1,2,1.0,7.375401417560478,0.8488500776433063,10.540652915330478,16.804385005331334
D,30,20,120,,1,10,sqrt,51.282483074901435,0.8201228405290486,13.524324759638423,20.745564806868806
D,30,20,120,,1,10,1.0,6.4176855904356644,0.8553669184644009,10.372052713562638,16.34378771489721
D,30,20,120,,5,2,sqrt,9.873888736279289,0.8372958936142829,12.175070793490328,18.133670739254207
D,30,20,120,,5,2,1.0,6.161186704513279,0.8564495882534257,10.121186278540588,15.930053804990768
D,30,20,120,,5,10,sqrt,9.873888736279289,0.8372958936142829,12.175070793490328,18.133670739254207
D,30,20,120,,5,10,1.0,6.161186704513279,0.8564495882534257,10.121186278540588,15.930053804990768
D,30,20,120,,10,2,sqrt,24.36477795378867,0.8328424744939102,12.531612160383647,18.833810901490057
D,30,20,120,,10,2,1.0,5.4340647156799395,0.8630344245847216,9.785885360971646,15.270592198961946
D,30,20,120,,10,10,sqrt,24.36477795378867,0.8328424744939102,12.531612160383647,18.833810901490057
D,30,20,120,,10,10,1.0,5.4340647156799395,0.8630344245847216,9.785885360971646,15.270592198961946
D,30,20,125,5.0,1,2,sqrt,16.23315868226153,0.7616394657194265,16.553514858058776,20.766128987212337
D,30,20,125,5.0,1,2,1.0,4.613554927095459,0.8650038668286912,10.71862818970055,14.664140565665146
D,30,20,125,5.0,1,10,sqrt,14.89162126827576,0.7698069896806706,16.031412039038063,20.215564017358982
D,30,20,125,5.0,1,10,1.0,4.613554927095459,0.8650038668286912,10.71862818970055,14.664140565665146
D,30,20,125,5.0,5,2,sqrt,14.836380459656638,0.7696451595396363,16.024032581452932,20.209637164025395
D,30,20,125,5.0,5,2,1.0,4.612769237158521,0.8650572807191328,10.715328035874151,14.66181855874776
D,30,20,125,5.0,5,10,sqrt,14.836380459656638,0.7696451595396363,16.024032581452932,20.209637164025395
D,30,20,125,5.0,5,10,1.0,4.612769237158521,0.8650572807191328,10.715328035874151,14.66181855874776
D,30,20,125,5.0,10,2,sqrt,15.634464121142178,0.7666210871269709,15.996030120059567,20.01139127454767
D,30,20,125,5.0,10,2,1.0,4.609075816189561,0.865359272098172,10.706378414594463,14.647604376823892
D,30,20,125,5.0,10,10,sqrt,15.634464121142178,0.7666210871269709,15.996030120059567,20.01139127454767
D,30,20,125,5.0,10,10,1.0,4.609075816189561,0.865359272098172,10.706378414594463,14.647604376823892
D,30,20,125,10.0,1,2,sqrt,23.75875985033381,0.81057872802728,14.62130811147839,19.848173872356398
D,30,20,125,10.0,1,2,1.0,7.807344855613661,0.866294063540785,10.54192168459463,15.99855615316342
D,30,20,125,10.0,1,10,sqrt,12.990254499072355,0.8278922392779485,13.93984230737727,18.973609074320592
D,30,20,125,10.0,1,10,1.0,7.631512332165029,0.8658480078334426,10.5397634854293,15.99457877215876
D,30,20,125,10.0,5,2,sqrt,53.283905735751475,0.7965738827307783,15.534482967181777,20.81265602425396
D,30,20,125,10.0,5,2,1.0,6.384611454157119,0.8702171708825682,10.380521207479099,15.598089795032376
D,30,20,125,10.0,5,10,sqrt,53.283905735751475,0.7965738827307783,15.534482967181777,20.81265602425396
D,30,20,125,10.0,5,10,1.0,6.384611454157119,0.8702171708825682,10.380521207479099,15.598089795032376
D,30,20,125,10.0,10,2,sqrt,30.542852304394216,0.8007589247901702,15.525297680568196,20.71005668465228
D,30,20,125,10.0,10,2,1.0,5.6293862530251815,0.8734307224394318,10.233654229268078,15.316378770852978
D,30,20,125,10.0,10,10,sqrt,30.542852304394216,0.8007589247901702,15.525297680568196,20.71005668465228
D,30,20,125,10.0,10,10,1.0,5.6293862530251815,0.8734307224394318,10.233654229268078,15.316378770852978
D,30,20,125,,1,2,sqrt,65.0676389898672,0.7965191594912662,15.733918216393965,23.59409616824157
D,30,20,125,,1,2,1.0,11.315091961727513,0.8460209611257067,11.464384262372501,18.021231762187142
D,30,20,125,,1,10,sqrt,42.68542765061143,0.818440442518441,14.27890871492697,21.25924483399514
D,30,20,125,,1,10,1.0,9.862727517424037,0.8494783164481856,11.296864820177689,17.643753754072527
D,30,20,125,,5,2,sqrt,14.19703781348289,0.8262258113733552,13.534283021626823,19.685639807521152
D,30,20,125,,5,2,1.0,8.50133608764995,0.8541781453916034,11.027259681475282,16.993772474177955
D,30,20,125,,5,10,sqrt,14.19703781348289,0.8262258113733552,13.534283021626823,19.685639807521152
D,30,20,125,,5,10,1.0,8.50133608764995,0.8541781453916034,11.027259681475282,16.993772474177955
D,30,20,125,,10,2,sqrt,23.420520877461502,0.8250569936988775,14.03955527085852,20.550934333248176
D,30,20,125,,10,2,1.0,6.7995543867224075,0.8585898055920989,10.722338848640916,16.35386768949982
D,30,20,125,,10,10,sqrt,23.420520877461502,0.8250569936988775,14.03955527085852,20.550934333248176
D,30,20,125,,10,10,1.0,6.7995543867224075,0.8585898055920989,10.722338848640916,16.35386768949982
D,30,20,130,5.0,1,2,sqrt,84.25881701087314,0.7408051717998869,18.198519138252276,23.605031083105956
D,30,20,130,5.0,1,2,1.0,5.170960866136438,0.8664872262509429,10.143687909305779,14.8829639363402
D,30,20,130,5.0,1,10,sqrt,22.548308716933818,0.7653610995320597,16.531438196833033,21.901840299102435
D,30,20,130,5.0,1,10,1.0,5.170960866136438,0.8664872262509429,10.143687909305779,14.8829639363402
D,30,20,130,5.0,5,2,sqrt,22.492240315421334,0.7652133739693491,16.521598431296386,21.89508928512737
D,30,20,130,5.0,5,2,1.0,5.170960866136438,0.8664872262509429,10.143687909305779,14.8829639363402
D,30,20,130,5.0,5,10,sqrt,22.492240315421334,0.7652133739693491,16.521598431296386,21.89508928512737
D,30,20,130,5.0,5,10,1.0,5.170960866136438,0.8664872262509429,10.143687909305779,14.8829639363402
D,30,20,130,5.0,10,2,sqrt,19.84160719595613,0.7639676361209575,15.96123710256309,21.02284911048817
D,30,20,130,5.0,10,2,1.0,5.170960866136438,0.8664872262509429,10.143687909305779,14.8829639363402
D,30,20,130,5.0,10,10,sqrt,19.84160719595613,0.7639676361209575,15.96123710256309,21.02284911048817
D,30,20,130,5.0,10,10,1.0,5.170960866136438,0.8664872262509429,10.143687909305779,14.8829639363402
D,30,20,130,10.0,1,2,sqrt,55.86396601891082,0.8044234044859475,14.695019832012173,20.755676076453884
D,30,20,130,10.0,1,2,1.0,8.600685687131364,0.8650159873339623,10.200727713785033,16.04086953640138
D,30,20,130,10.0,1,10,sqrt,52.605660124382595,0.808211803982046,14.115403615732749,20.048617897894466
D,30,20,130,10.0,1,10,1.0,8.461678208381667,0.8651536674686595,10.179378278834875,15.98772535061737
D,30,20,130,10.0,5,2,sqrt,24.397712809119934,0.8161046884595713,13.44849444610657,19.353102848182548
D,30,20,130,10.0,5,2,1.0,6.621430282997949,0.8680098773379065,10.026876134780645,15.634402088498035
D,30,20,130,10.0,5,10,sqrt,24.397712809119934,0.8161046884595713,13.44849444610657,19.353102848182548
D,30,20,130,10.0,5,10,1.0,6.621430282997949,0.8680098773379065,10.026876134780645,15.634402088498035
D,30,20,130,10.0,10,2,sqrt,30.714734468967187,0.8097554172415702,14.667778357004664,20.58270179239241
D,30,20,130,10.0,10,2,1.0,6.450039494184378,0.8686198316891233,9.976874957159774,15.573804807566153
D,30,20,130,10.0,10,10,sqrt,30.714734468967187,0.8097554172415702,14.667778357004664,20.58270179239241
D,30,20,130,10.0,10,10,1.0,6.450039494184378,0.8686198316891233,9.976874957159774,15.573804807566153
D,30,20,130,,1,2,sqrt,57.30259305600657,0.8117180097489245,14.761269945014721,22.21255511367976
D,30,20,130,,1,2,1.0,10.83996239340461,0.84357107378978,11.368510421721238,17.7883986913316
D,30,20,130,,1,10,sqrt,102.47375627784815,0.8134325326013008,14.507897922954589,21.87332120390575
D,30,20,130,,1,10,1.0,10.599111601173433,0.8445329821227281,11.355371310289339,17.68625668775253
D,30,20,130,,5,2,sqrt,29.41367791430364,0.8237014632946638,13.707910035837557,20.367621195447203
D,30,20,130,,5,2,1.0,8.435930590753193,0.8500530508398431,10.970736403492582,17.08655637708339
D,30,20,130,,5,10,sqrt,29.41367791430364,0.8237014632946638,13.707910035837557,20.367621195447203
D,30,20,130,,5,10,1.0,8.435930590753193,0.8500530508398431,10.970736403492582,17.08655637708339
D,30,20,130,,10,2,sqrt,30.50764629917026,0.8227231409893317,13.920581508349851,20.57917964313884
D,30,20,130,,10,2,1.0,7.085981363681095,0.8553290971398599,10.608795498243056,16.444097094843983
D,30,20,130,,10,10,sqrt,30.50764629917026,0.8227231409893317,13.920581508349851,20.57917964313884
D,30,20,130,,10,10,1.0,7.085981363681095,0.8553290971398599,10.608795498243056,16.444097094843983
