feature_set,window_size,n_components,clipping_threshold,link_type,alpha,alpha_reg,l1_ratio,mean_S_score,mean_C_index,mean_MAE,mean_RMSE
A,15,10,115,log,0.1,0.0,0.0,4.781216335293324,0.8740162048837355,13.67140391458619,17.42445068431999
A,15,10,115,log,0.1,0.0,0.5,4.781216335293324,0.8740162048837355,13.67140391458619,17.42445068431999
A,15,10,115,log,0.1,0.0,1.0,4.781216335293324,0.8740162048837355,13.67140391458619,17.42445068431999
A,15,10,115,log,0.1,0.1,0.0,5.147397629286232,0.8745777737363859,14.462330804735894,18.602838247264085
A,15,10,115,log,0.1,0.1,0.5,4.938969928252516,0.8743273105499657,14.161514536865374,18.13404211363571
A,15,10,115,log,0.1,0.1,1.0,4.8119117417161,0.8738706295806546,13.91728506292432,17.730171181262385
A,15,10,115,log,0.1,0.5,0.0,10.191463467080428,0.8753000244376204,19.87757982352432,25.167626500861296
A,15,10,115,log,0.1,0.5,0.5,7.212823026564908,0.8742616895428832,17.138023550010594,22.04575847816493
A,15,10,115,log,0.5,0.0,0.0,4.970780905902349,0.8731322748687568,13.735651346093189,17.597556492210646
A,15,10,115,log,0.1,0.5,1.0,5.328495108407969,0.8718731271693028,15.065144538214083,19.25745843557498
A,15,10,115,log,0.5,0.0,0.5,4.970780905902349,0.8731322748687568,13.735651346093189,17.597556492210646
A,15,10,115,log,0.5,0.0,1.0,4.970780905902349,0.8731322748687568,13.735651346093189,17.597556492210646
A,15,10,115,log,0.5,0.1,0.0,9.469792283918952,0.8744658948557896,19.00826419841581,24.34205729007608
A,15,10,115,log,0.5,0.1,0.5,7.036111396857112,0.8733951906001334,16.7181318708461,21.646804735657675
A,15,10,115,log,0.5,0.1,1.0,5.427425432771176,0.8715758740632829,14.956544455596426,19.20720929684503
A,15,10,115,log,0.5,0.5,0.0,73.37977533925246,0.8749216032163811,42.23595733077055,47.390087305949095
A,15,10,115,log,0.5,0.5,0.5,38.8667934932228,0.8693530501397824,34.103255793189014,39.6364118328137
A,15,10,115,log,0.5,0.5,1.0,13.99324077919654,0.8503268869985565,22.166966645033035,28.21429619411649
A,15,10,115,log,1.0,0.0,0.0,5.010320451812721,0.8728856606023744,13.74999232923281,17.632590832471635
A,15,10,115,log,1.0,0.0,0.5,5.010320451812721,0.8728856606023744,13.74999232923281,17.632590832471635
A,15,10,115,log,1.0,0.0,1.0,5.010320451812721,0.8728856606023744,13.74999232923281,17.632590832471635
A,15,10,115,log,1.0,0.1,0.0,19.115511366811155,0.8744556322275244,25.81462551797953,31.4878486667478
A,15,10,115,log,1.0,0.1,0.5,11.638426793279187,0.8726228929292656,20.883020463241817,26.445363922757537
A,15,10,115,log,1.0,0.1,1.0,6.652768113693606,0.8674436291770184,16.554749008986082,21.30500389192469
A,15,10,115,log,1.0,0.5,0.0,203.86915449806304,0.8748256254206028,55.02479261264564,60.19772244294745
A,15,10,115,log,1.0,0.5,0.5,114.66192823422897,0.8636359226770981,47.44667198311815,52.79607534444368
A,15,10,115,log,1.0,0.5,1.0,32.74403823755889,0.8488863810222085,31.79767178954227,37.62738376636072
A,15,10,115,log,1.5,0.0,0.0,5.025110815668021,0.8728269003797398,13.75522515702716,17.64545114769468
A,15,10,115,log,1.5,0.0,0.5,5.025110815668021,0.8728269003797398,13.75522515702716,17.64545114769468
A,15,10,115,log,1.5,0.0,1.0,5.025110815668021,0.8728269003797398,13.75522515702716,17.64545114769468
A,15,10,115,log,1.5,0.1,0.0,32.7533174568492,0.8744410435211926,32.08801904134853,37.59792874018043
A,15,10,115,log,1.5,0.1,0.5,18.26997726467684,0.8715969784677613,25.33041990309197,31.09365159799044
A,15,10,115,log,1.5,0.1,1.0,8.530246511808892,0.8612140020634751,18.33850485237594,23.61468397551836
A,15,10,115,log,1.5,0.5,0.0,351.957988733826,0.8747710283944921,61.59892568951484,66.97254865904722
A,15,10,115,log,1.5,0.5,0.5,214.28474537531343,0.8588481561433211,55.04720628143343,60.5373714185674
A,15,10,115,log,1.5,0.5,1.0,62.06028967673755,0.8488863810222085,40.0071120624559,45.622568171550974
A,15,10,120,log,0.1,0.0,0.0,5.396577520058021,0.8658667194704991,13.45102577712698,17.95644015232852
A,15,10,120,log,0.1,0.0,0.5,5.396577520058021,0.8658667194704991,13.45102577712698,17.95644015232852
A,15,10,120,log,0.1,0.0,1.0,5.396577520058021,0.8658667194704991,13.45102577712698,17.95644015232852
A,15,10,120,log,0.1,0.1,0.0,5.872635697800812,0.866788307807641,14.40936541766086,19.245233378987987
A,15,10,120,log,0.1,0.1,0.5,5.614422397651163,0.8663965272969835,14.05149691868815,18.74117874347441
A,15,10,120,log,0.1,0.1,1.0,5.457399099694131,0.8658056126158019,13.756109939831324,18.30962140179448
A,15,10,120,log,0.1,0.5,0.0,11.983796431632587,0.8679096126492085,20.276874726943976,26.11724152795033
A,15,10,120,log,0.1,0.5,0.5,8.405975567917006,0.8665348000312832,17.3907189643214,22.901726988082864
A,15,10,120,log,0.1,0.5,1.0,6.106898329883287,0.8640166901010075,15.101902692284307,19.979452413641315
A,15,10,120,log,0.5,0.0,0.0,5.60949386016423,0.8648408232478317,13.45705579806124,18.10941598000433
A,15,10,120,log,0.5,0.0,0.5,5.60949386016423,0.8648408232478317,13.45705579806124,18.10941598000433
A,15,10,120,log,0.5,0.0,1.0,5.60949386016423,0.8648408232478317,13.45705579806124,18.10941598000433
A,15,10,120,log,0.5,0.1,0.0,11.151712617983971,0.866949518155719,19.360028291686383,25.28458438881731
A,15,10,120,log,0.5,0.1,0.5,8.206503522579915,0.8655390507690962,16.904332513855675,22.48702984107539
A,15,10,120,log,0.5,0.1,1.0,6.227251159325337,0.8635675535902095,14.911836123703084,19.902626797852683
A,15,10,120,log,0.5,0.5,0.0,90.95633746548764,0.8674945292055776,43.42429035573186,49.00013619385077
A,15,10,120,log,0.5,0.5,0.5,47.55083835510746,0.8619103143160094,35.0585867146175,41.04377982017554
A,15,10,120,log,0.5,0.5,1.0,16.823553691094396,0.8427957247040462,22.756572615489294,29.346438555718244
A,15,10,120,log,1.0,0.0,0.0,5.652391409928157,0.8646641843371959,13.460557332207532,18.14082543376913
A,15,10,120,log,1.0,0.0,0.5,5.652391409928157,0.8646641843371959,13.460557332207532,18.14082543376913
A,15,10,120,log,1.0,0.0,1.0,5.652391409928157,0.8646641843371959,13.460557332207532,18.14082543376913
A,15,10,120,log,1.0,0.1,0.0,22.9850983173034,0.8669832180106125,26.51786689386294,32.679243752918374
A,15,10,120,log,1.0,0.1,0.5,13.834961119009243,0.864953482318078,21.36748383721548,27.48668623216353
A,15,10,120,log,1.0,0.1,1.0,7.731956555707041,0.8596438465973504,16.685984854057143,22.131002957464226
A,15,10,120,log,1.0,0.5,0.0,259.8660052793164,0.8673904633790096,56.56758517992146,62.16409208483162
A,15,10,120,log,1.0,0.5,0.5,144.19987197761554,0.8563968041676041,48.76630424662024,54.55584329516493
A,15,10,120,log,1.0,0.5,1.0,40.1044975882037,0.8412656739361346,32.636445272643435,38.97901397176547
A,15,10,120,log,1.5,0.0,0.0,5.668439916252377,0.8645780847858168,13.4619116238672,18.152326847931644
A,15,10,120,log,1.5,0.0,0.5,5.668439916252377,0.8645780847858168,13.4619116238672,18.152326847931644
A,15,10,120,log,1.5,0.0,1.0,5.668439916252377,0.8645780847858168,13.4619116238672,18.152326847931644
A,15,10,120,log,1.5,0.1,0.0,39.891835914044194,0.8669839996339924,33.006834890666184,38.96617959821358
A,15,10,120,log,1.5,0.1,0.5,22.002780577992613,0.8640127253385869,26.024948869104257,32.28630984405652
A,15,10,120,log,1.5,0.1,1.0,10.02851452725228,0.8537198663203449,18.627004398107903,24.546352543524403
A,15,10,120,log,1.5,0.5,0.0,455.7661085209935,0.8673310789802023,63.31711402357534,69.12578394860832
A,15,10,120,log,1.5,0.5,0.5,274.0749793116992,0.8518199179340481,56.57522308822091,62.50762415450853
A,15,10,120,log,1.5,0.5,1.0,76.91219857651029,0.8412656739361346,41.03947550720395,47.158708554703885
A,15,10,125,log,0.1,0.0,0.0,6.195333822637008,0.8569726413154104,13.179287861784356,18.7298382193932
A,15,10,125,log,0.1,0.0,0.5,6.195333822637008,0.8569726413154104,13.179287861784356,18.7298382193932
A,15,10,125,log,0.1,0.0,1.0,6.195333822637008,0.8569726413154104,13.179287861784356,18.7298382193932
A,15,10,125,log,0.1,0.1,0.0,6.792729535936815,0.858037755224224,14.295758321806876,20.07196767995822
A,15,10,125,log,0.1,0.1,1.0,6.2857328444960725,0.8567483185283115,13.538504642083172,19.11098900446992
A,15,10,125,log,0.1,0.1,0.5,6.472886235668595,0.8576382161547501,13.88863277291308,19.553253798513555
A,15,10,125,log,0.1,0.5,0.0,14.172812604070606,0.8597623577639469,20.607202359422114,27.10955951044486
A,15,10,125,log,0.1,0.5,0.5,9.87660919574219,0.8582518457460493,17.578189303115046,23.8422742627909
A,15,10,125,log,0.1,0.5,1.0,7.09965869032308,0.8555405733094966,15.06410684516707,20.85814335609286
A,15,10,125,log,0.5,0.0,0.0,6.433751658279041,0.8558754319362889,13.13559358917876,18.877334392102355
A,15,10,125,log,0.5,0.0,0.5,6.433751658279041,0.8558754319362889,13.13559358917876,18.877334392102355
A,15,10,125,log,0.5,0.0,1.0,6.433751658279041,0.8558754319362889,13.13559358917876,18.877334392102355
A,15,10,125,log,0.5,0.1,0.0,13.219369497550314,0.8585984302261535,19.656765569096827,26.285401491559888
A,15,10,125,log,0.5,0.1,0.5,9.661259910397709,0.8570454571493105,17.031449883171582,23.430619023538053
A,15,10,125,log,0.5,0.1,1.0,7.254445777001375,0.8549117614256849,14.812234371521583,20.778277583203447
A,15,10,125,log,0.5,0.5,0.0,112.86367340857628,0.8594679212452648,44.53826465269823,50.54817065191888
A,15,10,125,log,0.5,0.5,0.5,58.297524058575576,0.8541829183053865,35.950012052856195,42.40685400341761
A,15,10,125,log,0.5,0.5,1.0,20.31738829168236,0.8354116804787841,23.284495376809083,30.49154103099896
A,15,10,125,log,1.0,0.0,0.0,6.484577359499893,0.8556215434263559,13.130239886928212,18.9079382568022
A,15,10,125,log,1.0,0.0,0.5,6.484577359499893,0.8556215434263559,13.130239886928212,18.9079382568022
A,15,10,125,log,1.0,0.0,1.0,6.484577359499893,0.8556215434263559,13.130239886928212,18.9079382568022
A,15,10,125,log,1.0,0.1,0.0,27.71046943389745,0.8588787689146054,27.15633290397106,33.858988110276336
A,15,10,125,log,1.0,0.1,0.5,16.53199312328744,0.8567972412200062,21.78095377926901,28.556886043475497
A,15,10,125,log,1.0,0.1,1.0,9.080554829757515,0.8512936635486386,16.746197353095788,23.075231227529763
A,15,10,125,log,1.0,0.5,0.0,331.1443683333374,0.8593763791967296,58.012991370828445,64.04230318403316
A,15,10,125,log,1.0,0.5,0.5,181.460513599814,0.8490304603271367,50.003136434287086,56.24290514015421
A,15,10,125,log,1.0,0.5,1.0,49.248014256473496,0.8338931577739253,33.43229116009449,40.2922832501385
A,15,10,125,log,1.5,0.0,0.0,6.503446922521637,0.8555232669714616,13.12827437251408,18.919077704629263
A,15,10,125,log,1.5,0.0,0.5,6.503446922521637,0.8555232669714616,13.12827437251408,18.919077704629263
A,15,10,125,log,1.5,0.0,1.0,6.503446922521637,0.8555232669714616,13.12827437251408,18.919077704629263
A,15,10,125,log,1.5,0.1,0.0,48.68333183580442,0.8589047153424877,33.85995774186896,40.29650551581334
A,15,10,125,log,1.5,0.1,0.5,26.585016302018875,0.8560262717563216,26.655477038732947,33.468164699554464
A,15,10,125,log,1.5,0.1,1.0,11.8798664106961,0.8461033343621104,18.83913331109704,25.55195027613276
A,15,10,125,log,1.5,0.5,0.0,589.5505477210767,0.8593191099817072,64.92599967695841,71.17766145020447
A,15,10,125,log,1.5,0.5,0.5,350.4385250146888,0.8447684650356967,58.00629621883147,64.38957201922022
A,15,10,125,log,1.5,0.5,1.0,95.50706128781668,0.8338931577739253,42.008403939615945,48.640247068328975
A,15,10,130,log,0.1,0.0,0.0,6.213005857017093,0.8562513870633209,12.748851774611513,18.320188970413348
A,15,10,130,log,0.1,0.0,0.5,6.213005857017093,0.8562513870633209,12.748851774611513,18.320188970413348
A,15,10,130,log,0.1,0.0,1.0,6.213005857017093,0.8562513870633209,12.748851774611513,18.320188970413348
A,15,10,130,log,0.1,0.1,0.0,6.567663627758617,0.8574485298150295,13.734516172893652,19.49612962380708
A,15,10,130,log,0.1,0.1,0.5,6.33749801926506,0.8569661688060304,13.37349144645458,19.02978512713603
A,15,10,130,log,0.1,0.1,1.0,6.237229795027663,0.8561050051813137,13.0721079477991,18.649151715397032
A,15,10,130,log,0.1,0.5,0.0,13.023070230650982,0.8595674217556711,19.640732778566907,26.166524045030464
A,15,10,130,log,0.1,0.5,0.5,9.144133576366087,0.8580471408404952,16.759040977041074,23.01186120926487
A,15,10,130,log,0.1,0.5,1.0,6.798783560572329,0.8551611409625091,14.464168274622562,20.22704290352994
A,15,10,130,log,0.5,0.0,0.0,6.4397303077350525,0.854758073614992,12.7269936840891,18.47865877760208
A,15,10,130,log,0.5,0.0,0.5,6.4397303077350525,0.854758073614992,12.7269936840891,18.47865877760208
A,15,10,130,log,0.5,0.0,1.0,6.4397303077350525,0.854758073614992,12.7269936840891,18.47865877760208
A,15,10,130,log,0.5,0.1,0.0,12.201562204399115,0.8583704146085152,18.757040216568072,25.404124499769324
A,15,10,130,log,0.5,0.1,0.5,9.008690909114804,0.8568086197302046,16.289008201674918,22.66589408414152
A,15,10,130,log,0.5,0.1,1.0,6.985716337778664,0.8543457806148599,14.265283382158517,20.19406732522833
A,15,10,130,log,0.5,0.5,0.0,105.53214086350653,0.8594627525504117,43.55793177697792,49.59607552995526
A,15,10,130,log,0.5,0.5,0.5,53.92543191249498,0.8542489739814669,34.80181353748661,41.3491457685636
A,15,10,130,log,0.5,0.5,1.0,18.630610364489463,0.8353401693280909,22.31827415539328,29.563969552646608
A,15,10,130,log,1.0,0.0,0.0,6.487448635695048,0.8545963309405463,12.725494701571463,18.51120526490435
A,15,10,130,log,1.0,0.0,0.5,6.487448635695048,0.8545963309405463,12.725494701571463,18.51120526490435
A,15,10,130,log,1.0,0.0,1.0,6.487448635695048,0.8545963309405463,12.725494701571463,18.51120526490435
A,15,10,130,log,1.0,0.1,0.0,25.5401639471138,0.8588280331059407,26.061541854423428,32.84476095206209
A,15,10,130,log,1.0,0.1,1.0,8.50703607024996,0.850981119277588,16.071504049225574,22.353188517178115
A,15,10,130,log,1.0,0.1,0.5,15.192460468592808,0.8566011307822725,20.798030856259096,27.615068584107224
A,15,10,130,log,1.0,0.5,0.0,314.12148854083205,0.8593625999267387,57.32853601351098,63.318949561234014
A,15,10,130,log,1.0,0.5,0.5,170.2991483344819,0.8492723753526448,49.12511778412771,55.35111413903296
A,15,10,130,log,1.0,0.5,1.0,45.23774272401734,0.8338931577739253,32.17013725494055,39.15382488177015
A,15,10,130,log,1.5,0.0,0.0,6.505490420396543,0.854551001133698,12.724994949875356,18.52314682363538
A,15,10,130,log,1.5,0.0,0.5,6.505490420396543,0.854551001133698,12.724994949875356,18.52314682363538
A,15,10,130,log,1.5,0.0,1.0,6.505490420396543,0.854551001133698,12.724994949875356,18.52314682363538
A,15,10,130,log,1.5,0.1,0.0,45.12048977854919,0.8588714975039344,32.74292909997597,39.26932213974269
A,15,10,130,log,1.5,0.1,0.5,24.446507561629105,0.8559419445967636,25.54759965213575,32.445642191023474
A,15,10,130,log,1.5,0.1,1.0,10.968353952724703,0.8460003164323956,18.068584269453417,24.736891626923644
A,15,10,130,log,1.5,0.5,0.0,563.9693425363228,0.8592944271649756,64.39302397768945,70.5966856002311
A,15,10,130,log,1.5,0.5,0.5,331.9006499281662,0.84517521960978,57.30795813337509,63.64793054775945
A,15,10,130,log,1.5,0.5,1.0,88.21567736805245,0.8338931577739253,40.88193027206058,47.52980930355384
A,15,15,115,log,0.1,0.0,0.0,4.772574231163208,0.8743826079947379,13.649079584890256,17.399796700311537
A,15,15,115,log,0.1,0.0,0.5,4.772574231163208,0.8743826079947379,13.649079584890256,17.399796700311537
A,15,15,115,log,0.1,0.0,1.0,4.772574231163208,0.8743826079947379,13.649079584890256,17.399796700311537
A,15,15,115,log,0.1,0.1,0.0,5.13789493270839,0.8748947502141279,14.440841292201984,18.57967936125943
A,15,15,115,log,0.1,0.1,1.0,4.8119117417161,0.8738706295806546,13.91728506292432,17.730171181262385
A,15,15,115,log,0.1,0.1,0.5,4.936368172326788,0.8744244978061602,14.156356912199875,18.127488711385915
A,15,15,115,log,0.1,0.5,0.0,10.172790226560403,0.875587703608517,19.86371076167034,25.15062842383337
A,15,15,115,log,0.1,0.5,0.5,7.212823026564908,0.8742616895428832,17.138023550010594,22.04575847816493
A,15,15,115,log,0.1,0.5,1.0,5.328495108407969,0.8718731271693028,15.065144538214083,19.25745843557498
A,15,15,115,log,0.5,0.0,0.0,4.95864844032301,0.8734990410383769,13.714144773321497,17.570413403622716
A,15,15,115,log,0.5,0.0,0.5,4.95864844032301,0.8734990410383769,13.714144773321497,17.570413403622716
A,15,15,115,log,0.5,0.0,1.0,4.95864844032301,0.8734990410383769,13.714144773321497,17.570413403622716
A,15,15,115,log,0.5,0.1,0.0,9.443416717405483,0.8748280704905296,18.99498660189895,24.318443242613533
A,15,15,115,log,0.5,0.1,0.5,7.036111396857112,0.8733951906001334,16.7181318708461,21.646804735657675
A,15,15,115,log,0.5,0.1,1.0,5.427425432771176,0.8715758740632829,14.956544455596426,19.20720929684503
A,15,15,115,log,0.5,0.5,0.0,73.2682831885394,0.8751832812605468,42.2307123345623,47.379825229641575
A,15,15,115,log,0.5,0.5,0.5,38.8667934932228,0.8693530501397824,34.103255793189014,39.6364118328137
A,15,15,115,log,0.5,0.5,1.0,13.99324077919654,0.8503268869985565,22.166966645033035,28.21429619411649
A,15,15,115,log,1.0,0.0,0.0,4.997180663811099,0.8732944268092778,13.7282657465199,17.605079780620436
A,15,15,115,log,1.0,0.0,0.5,4.997180663811099,0.8732944268092778,13.7282657465199,17.605079780620436
A,15,15,115,log,1.0,0.1,0.0,19.062913306647168,0.8748107974377801,25.806282715216128,31.466318200014577
A,15,15,115,log,1.0,0.0,1.0,4.997180663811099,0.8732944268092778,13.7282657465199,17.605079780620436
A,15,15,115,log,1.0,0.1,1.0,6.652768113693606,0.8674436291770184,16.554749008986082,21.30500389192469
A,15,15,115,log,1.0,0.1,0.5,11.638426793279187,0.8726228929292656,20.883020463241817,26.445363922757537
A,15,15,115,log,1.0,0.5,0.0,203.63506269937497,0.875083172977684,55.02086392762287,60.19041362041132
A,15,15,115,log,1.0,0.5,0.5,114.66192823422897,0.8636359226770981,47.44667198311815,52.79607534444368
A,15,15,115,log,1.0,0.5,1.0,32.74403823755889,0.8488863810222085,31.79767178954227,37.62738376636072
A,15,15,115,log,1.5,0.0,0.0,5.011651738082322,0.8731937554967469,13.7333562850665,17.617779853938003
A,15,15,115,log,1.5,0.0,0.5,5.011651738082322,0.8731937554967469,13.7333562850665,17.617779853938003
A,15,15,115,log,1.5,0.0,1.0,5.011651738082322,0.8731937554967469,13.7333562850665,17.617779853938003
A,15,15,115,log,1.5,0.1,0.0,32.67014171090371,0.8748013463613313,32.07906059173598,37.57848411037212
A,15,15,115,log,1.5,0.1,0.5,18.26997726467684,0.8715969784677613,25.33041990309197,31.09365159799044
A,15,15,115,log,1.5,0.1,1.0,8.530246511808892,0.8612140020634751,18.33850485237594,23.61468397551836
A,15,15,115,log,1.5,0.5,0.0,351.6315143115677,0.8750310185858226,61.5958134657713,66.96675283599484
A,15,15,115,log,1.5,0.5,0.5,214.28474537531343,0.8588481561433211,55.04720628143343,60.5373714185674
A,15,15,115,log,1.5,0.5,1.0,62.06028967673755,0.8488863810222085,40.0071120624559,45.622568171550974
A,15,15,120,log,0.1,0.0,0.0,5.386098160101356,0.866290572977857,13.423267833495544,17.924621960139117
A,15,15,120,log,0.1,0.0,0.5,5.386098160101356,0.866290572977857,13.423267833495544,17.924621960139117
A,15,15,120,log,0.1,0.0,1.0,5.386098160101356,0.866290572977857,13.423267833495544,17.924621960139117
A,15,15,120,log,0.1,0.1,0.0,5.857299926766373,0.8671613403920748,14.3813923793202,19.21434741813847
A,15,15,120,log,0.1,0.1,0.5,5.611240714910375,0.8664935530137917,14.044626669941588,18.732185307823045
A,15,15,120,log,0.1,0.1,1.0,5.457399099694131,0.8658056126158019,13.756109939831324,18.30962140179448
A,15,15,120,log,0.1,0.5,0.0,11.953809583366224,0.8681632695536953,20.2612571795484,26.09499356576419
A,15,15,120,log,0.1,0.5,0.5,8.405975567917006,0.8665348000312832,17.3907189643214,22.901726988082864
A,15,15,120,log,0.1,0.5,1.0,6.106898329883287,0.8640166901010075,15.101902692284307,19.979452413641315
A,15,15,120,log,0.5,0.0,0.0,5.594198106515331,0.8652752041706023,13.426981252798711,18.07389711525325
A,15,15,120,log,0.5,0.0,0.5,5.594198106515331,0.8652752041706023,13.426981252798711,18.07389711525325
A,15,15,120,log,0.5,0.0,1.0,5.594198106515331,0.8652752041706023,13.426981252798711,18.07389711525325
A,15,15,120,log,0.5,0.1,0.0,11.110130367309331,0.8673101183376375,19.34295160146637,25.254193158704112
A,15,15,120,log,0.5,0.1,0.5,8.206503522579915,0.8655390507690962,16.904332513855675,22.48702984107539
A,15,15,120,log,0.5,0.5,0.0,90.7701092570516,0.8677725188644431,43.416634367960015,48.98607925919467
A,15,15,120,log,0.5,0.1,1.0,6.227251159325337,0.8635675535902095,14.911836123703084,19.902626797852683
A,15,15,120,log,0.5,0.5,0.5,47.55083835510746,0.8619103143160094,35.0585867146175,41.04377982017554
A,15,15,120,log,0.5,0.5,1.0,16.823553691094396,0.8427957247040462,22.756572615489294,29.346438555718244
A,15,15,120,log,1.0,0.0,0.0,5.635165430282036,0.8650346481848228,13.430079588159368,18.1043933870318
A,15,15,120,log,1.0,0.0,0.5,5.635165430282036,0.8650346481848228,13.430079588159368,18.1043933870318
A,15,15,120,log,1.0,0.1,0.0,22.9006785286935,0.8673478419938817,26.505930948935266,32.65126704115297
A,15,15,120,log,1.0,0.0,1.0,5.635165430282036,0.8650346481848228,13.430079588159368,18.1043933870318
A,15,15,120,log,1.0,0.1,0.5,13.834961119009243,0.864953482318078,21.36748383721548,27.48668623216353
A,15,15,120,log,1.0,0.1,1.0,7.731956555707041,0.8596438465973504,16.685984854057143,22.131002957464226
A,15,15,120,log,1.0,0.5,0.0,259.47082226815826,0.8676509729654972,56.56224721672604,62.15424749801298
A,15,15,120,log,1.0,0.5,0.5,144.19987197761554,0.8563968041676041,48.76630424662024,54.55584329516493
A,15,15,120,log,1.0,0.5,1.0,40.1044975882037,0.8412656739361346,32.636445272643435,38.97901397176547
A,15,15,120,log,1.5,0.0,0.0,5.650153433627135,0.8649484946911035,13.431125178896446,18.11552001019141
A,15,15,120,log,1.5,0.0,0.5,5.650153433627135,0.8649484946911035,13.431125178896446,18.11552001019141
A,15,15,120,log,1.5,0.0,1.0,5.650153433627135,0.8649484946911035,13.431125178896446,18.11552001019141
A,15,15,120,log,1.5,0.1,0.0,39.75942268454667,0.8673275650381443,32.995223407744106,38.94087653738133
A,15,15,120,log,1.5,0.1,0.5,22.002780577992613,0.8640127253385869,26.024948869104257,32.28630984405652
A,15,15,120,log,1.5,0.1,1.0,10.02851452725228,0.8537198663203449,18.627004398107903,24.546352543524403
A,15,15,120,log,1.5,0.5,0.0,455.21029822548496,0.8675901466798891,63.31284941046348,69.11801118720443
A,15,15,120,log,1.5,0.5,0.5,274.0749793116992,0.8518199179340481,56.57522308822091,62.50762415450853
A,15,15,120,log,1.5,0.5,1.0,76.91219857651029,0.8412656739361346,41.03947550720395,47.158708554703885
A,15,15,125,log,0.1,0.0,0.0,6.179045442011497,0.8573135907281983,13.143315113281115,18.691866166430565
A,15,15,125,log,0.1,0.0,0.5,6.179045442011497,0.8573135907281983,13.143315113281115,18.691866166430565
A,15,15,125,log,0.1,0.0,1.0,6.179045442011497,0.8573135907281983,13.143315113281115,18.691866166430565
A,15,15,125,log,0.1,0.1,0.0,6.77129119607371,0.8583327161903709,14.265971647463264,20.03496127161792
A,15,15,125,log,0.1,0.1,0.5,6.46709369584064,0.8577433993603247,13.880129881061867,19.54187204210421
A,15,15,125,log,0.1,0.1,1.0,6.2857328444960725,0.8567483185283115,13.538504642083172,19.11098900446992
A,15,15,125,log,0.1,0.5,0.0,14.127815980843405,0.8600573521247036,20.58917799664064,27.08257868086277
A,15,15,125,log,0.1,0.5,0.5,9.87660919574219,0.8582518457460493,17.578189303115046,23.8422742627909
A,15,15,125,log,0.1,0.5,1.0,7.09965869032308,0.8555405733094966,15.06410684516707,20.85814335609286
A,15,15,125,log,0.5,0.0,0.0,6.405906558444499,0.856325655182682,13.09696503732231,18.83353838073652
A,15,15,125,log,0.5,0.0,0.5,6.405906558444499,0.856325655182682,13.09696503732231,18.83353838073652
A,15,15,125,log,0.5,0.0,1.0,6.405906558444499,0.856325655182682,13.09696503732231,18.83353838073652
A,15,15,125,log,0.5,0.1,0.0,13.157642716341886,0.8589795557181565,19.631844417232536,26.24884790282411
A,15,15,125,log,0.5,0.1,0.5,9.661259910397709,0.8570454571493105,17.031449883171582,23.430619023538053
A,15,15,125,log,0.5,0.1,1.0,7.254445777001375,0.8549117614256849,14.812234371521583,20.778277583203447
A,15,15,125,log,0.5,0.5,0.0,112.58210046439235,0.859760484568217,44.52910884264677,50.53082042192564
A,15,15,125,log,0.5,0.5,0.5,58.297524058575576,0.8541829183053865,35.950012052856195,42.40685400341761
A,15,15,125,log,0.5,0.5,1.0,20.31738829168236,0.8354116804787841,23.284495376809083,30.49154103099896
A,15,15,125,log,1.0,0.0,0.0,6.454672295151807,0.8561391914641376,13.091048159213836,18.86319618145061
A,15,15,125,log,1.0,0.0,0.5,6.454672295151807,0.8561391914641376,13.091048159213836,18.86319618145061
A,15,15,125,log,1.0,0.0,1.0,6.454672295151807,0.8561391914641376,13.091048159213836,18.86319618145061
A,15,15,125,log,1.0,0.1,0.0,27.590466672579463,0.8592503995564821,27.139939430700384,33.82542792272988
A,15,15,125,log,1.0,0.1,0.5,16.531993123287442,0.8567972412200062,21.78095377926901,28.556886043475497
A,15,15,125,log,1.0,0.1,1.0,9.080554829757515,0.8512936635486386,16.746197353095788,23.075231227529763
A,15,15,125,log,1.0,0.5,0.0,330.5369019118653,0.8596451213184693,58.00647500745818,64.03023631232034
A,15,15,125,log,1.0,0.5,0.5,181.460513599814,0.8490304603271367,50.003136434287086,56.24290514015421
A,15,15,125,log,1.0,0.5,1.0,49.248014256473496,0.8338931577739253,33.43229116009449,40.2922832501385
A,15,15,125,log,1.5,0.0,0.0,6.472777496503435,0.8560076368883456,13.088868502954238,18.873993178915214
A,15,15,125,log,1.5,0.0,0.5,6.472777496503435,0.8560076368883456,13.088868502954238,18.873993178915214
A,15,15,125,log,1.5,0.0,1.0,6.472777496503435,0.8560076368883456,13.088868502954238,18.873993178915214
A,15,15,125,log,1.5,0.1,0.0,48.489217003694655,0.859267297393831,33.845293757127266,40.26609171460548
A,15,15,125,log,1.5,0.1,0.5,26.585016302018893,0.8560262717563216,26.65547703873296,33.46816469955447
A,15,15,125,log,1.5,0.1,1.0,11.8798664106961,0.8461033343621104,18.83913331109704,25.55195027613276
A,15,15,125,log,1.5,0.5,0.0,588.6867969782372,0.8595876830434545,64.92076411568391,71.16814061733379
A,15,15,125,log,1.5,0.5,0.5,350.4385250146888,0.8447684650356967,58.00629621883147,64.38957201922022
A,15,15,125,log,1.5,0.5,1.0,95.50706128781668,0.8338931577739253,42.008403939615945,48.640247068328975
A,15,15,130,log,0.1,0.0,0.0,6.194522507597331,0.8565411122254594,12.709509165553744,18.28026124628463
A,15,15,130,log,0.1,0.0,0.5,6.194522507597331,0.8565411122254594,12.709509165553744,18.28026124628463
A,15,15,130,log,0.1,0.0,1.0,6.194522507597331,0.8565411122254594,12.709509165553744,18.28026124628463
A,15,15,130,log,0.1,0.1,0.0,6.550443087706332,0.8579045380022634,13.699786342193992,19.45757320658413
A,15,15,130,log,0.1,0.1,0.5,6.334117295546735,0.8571207676965173,13.36255552591668,19.01716011867916
A,15,15,130,log,0.1,0.1,1.0,6.237229795027663,0.8561050051813137,13.0721079477991,18.649151715397032
A,15,15,130,log,0.1,0.5,0.0,12.97914817300526,0.8599454199916721,19.620685733311813,26.137088776096142
A,15,15,130,log,0.1,0.5,0.5,9.144133576366087,0.8580471408404952,16.759040977041074,23.01186120926487
A,15,15,130,log,0.5,0.0,0.0,6.410365563249201,0.855304002709984,12.685261558627648,18.43259812249594
A,15,15,130,log,0.1,0.5,1.0,6.798783560572329,0.8551611409625091,14.464168274622562,20.22704290352994
A,15,15,130,log,0.5,0.0,0.5,6.410365563249201,0.855304002709984,12.685261558627648,18.43259812249594
A,15,15,130,log,0.5,0.0,1.0,6.410365563249201,0.855304002709984,12.685261558627648,18.43259812249594
A,15,15,130,log,0.5,0.1,0.0,12.140755585525154,0.8587913914568681,18.72973312232936,25.363614743843748
A,15,15,130,log,0.5,0.1,0.5,9.008690909114804,0.8568086197302046,16.289008201674918,22.66589408414152
A,15,15,130,log,0.5,0.1,1.0,6.985716337778664,0.8543457806148599,14.265283382158517,20.19406732522833
A,15,15,130,log,0.5,0.5,0.0,105.23369026733285,0.8597907103747693,43.54753581236196,49.57604550585111
A,15,15,130,log,0.5,0.5,0.5,53.92543191249498,0.8542489739814669,34.80181353748661,41.3491457685636
A,15,15,130,log,0.5,0.5,1.0,18.630610364489463,0.8353401693280909,22.31827415539328,29.563969552646608
A,15,15,130,log,1.0,0.0,0.0,6.456533185503557,0.8550129018371171,12.683343112566492,18.464158473955727
A,15,15,130,log,1.0,0.0,0.5,6.456533185503557,0.8550129018371171,12.683343112566492,18.464158473955727
A,15,15,130,log,1.0,0.0,1.0,6.456533185503557,0.8550129018371171,12.683343112566492,18.464158473955727
A,15,15,130,log,1.0,0.1,0.0,25.418152435753143,0.8592292295638668,26.042660645546945,32.807581862261735
A,15,15,130,log,1.0,0.1,0.5,15.192460468592808,0.8566011307822725,20.7980308562591,27.615068584107224
A,15,15,130,log,1.0,0.1,1.0,8.50703607024996,0.850981119277588,16.071504049225574,22.353188517178115
A,15,15,130,log,1.0,0.5,0.0,313.46455598303794,0.8596569720048179,57.32093108583924,63.30503937531013
A,15,15,130,log,1.0,0.5,0.5,170.2991483344819,0.8492723753526448,49.12511778412771,55.35111413903296
A,15,15,130,log,1.0,0.5,1.0,45.23774272401734,0.8338931577739253,32.17013725494055,39.15382488177015
A,15,15,130,log,1.5,0.0,0.0,6.4737506631876816,0.8549772999056753,12.682590157329944,18.47569214385296
A,15,15,130,log,1.5,0.0,0.5,6.4737506631876816,0.8549772999056753,12.682590157329944,18.47569214385296
A,15,15,130,log,1.5,0.0,1.0,6.4737506631876816,0.8549772999056753,12.682590157329944,18.47569214385296
A,15,15,130,log,1.5,0.1,0.0,44.91951341651542,0.8592749928895838,32.72598999663759,39.23498748812547
A,15,15,130,log,1.5,0.1,0.5,24.446507561629105,0.8559419445967636,25.54759965213575,32.44564219102348
A,15,15,130,log,1.5,0.1,1.0,10.968353952724703,0.8460003164323956,18.068584269453417,24.736891626923644
A,15,15,130,log,1.5,0.5,0.0,563.0275250762718,0.8595989597961265,64.38694711379546,70.58575872886017
A,15,15,130,log,1.5,0.5,0.5,331.9006499281662,0.84517521960978,57.30795813337509,63.64793054775945
A,15,15,130,log,1.5,0.5,1.0,88.21567736805245,0.8338931577739253,40.88193027206058,47.52980930355384
A,15,20,115,log,0.1,0.0,0.0,4.695295545991732,0.8753143174389999,13.592321614787428,17.32503589135495
A,15,20,115,log,0.1,0.0,0.5,4.695295545991732,0.8753143174389999,13.592321614787428,17.32503589135495
A,15,20,115,log,0.1,0.0,1.0,4.695295545991732,0.8753143174389999,13.592321614787428,17.32503589135495
A,15,20,115,log,0.1,0.1,0.0,5.069948310122763,0.8758601478635905,14.39867952148504,18.511796502701426
A,15,20,115,log,0.1,0.1,1.0,4.785079208154883,0.8741312198813235,13.903530588377,17.70404580734158
A,15,20,115,log,0.1,0.1,0.5,4.88784986662152,0.8750526665841253,14.124370787253218,18.07636798080088
A,15,20,115,log,0.1,0.5,0.0,10.116231853138522,0.8763823787785009,19.83816862887577,25.12342985831728
A,15,20,115,log,0.1,0.5,0.5,7.212823026564908,0.8742616895428832,17.138023550010594,22.04575847816493
A,15,20,115,log,0.1,0.5,1.0,5.328495108407969,0.8718731271693028,15.065144538214083,19.25745843557498
A,15,20,115,log,0.5,0.0,0.0,4.8817125434789945,0.8744795789798069,13.655467230139982,17.498058132951236
A,15,20,115,log,0.5,0.0,0.5,4.8817125434789945,0.8744795789798069,13.655467230139982,17.498058132951236
A,15,20,115,log,0.5,0.0,1.0,4.8817125434789945,0.8744795789798069,13.655467230139982,17.498058132951236
A,15,20,115,log,0.5,0.1,0.0,9.38331303842417,0.8756313595133227,18.966880184101708,24.288615598611763
A,15,20,115,log,0.5,0.1,0.5,7.036111396857438,0.8733951906001334,16.718131870846328,21.646804735658016
A,15,20,115,log,0.5,0.1,1.0,5.427425432771226,0.8715758740632829,14.956544455596475,19.2072092968451
A,15,20,115,log,0.5,0.5,0.0,73.12585270584628,0.8759081639822354,42.24591037815878,47.38524481429779
A,15,20,115,log,0.5,0.5,0.5,38.8667934932228,0.8693530501397824,34.103255793189014,39.6364118328137
A,15,20,115,log,0.5,0.5,1.0,13.99324077919654,0.8503268869985565,22.166966645033035,28.21429619411649
A,15,20,115,log,1.0,0.0,0.0,4.920935477712261,0.8742888975654107,13.670234676447311,17.533739674263025
A,15,20,115,log,1.0,0.0,0.5,4.920935477712261,0.8742888975654107,13.670234676447311,17.533739674263025
A,15,20,115,log,1.0,0.0,1.0,4.920935477712261,0.8742888975654107,13.670234676447311,17.533739674263025
A,15,20,115,log,1.0,0.1,0.0,18.983436343895043,0.875603159777771,25.814761441409026,31.459370684366725
A,15,20,115,log,1.0,0.1,0.5,11.638426793279349,0.8726228929292656,20.883020463241863,26.445363922757625
A,15,20,115,log,1.0,0.1,1.0,6.652768113693651,0.8674436291770184,16.554749008986107,21.30500389192475
A,15,20,115,log,1.0,0.5,0.0,203.45781300451728,0.8758042331756274,55.03252044187555,60.1968065016943
A,15,20,115,log,1.0,0.5,0.5,114.66192823422897,0.8636359226770981,47.44667198311815,52.79607534444368
A,15,20,115,log,1.0,0.5,1.0,32.74403823755889,0.8488863810222085,31.79767178954227,37.62738376636072
A,15,20,115,log,1.5,0.0,0.0,4.935783168674492,0.8742159109805515,13.675801532481188,17.54698735538409
A,15,20,115,log,1.5,0.0,0.5,4.935783168674492,0.8742159109805515,13.675801532481188,17.54698735538409
A,15,20,115,log,1.5,0.0,1.0,4.935783168674492,0.8742159109805515,13.675801532481188,17.54698735538409
A,15,20,115,log,1.5,0.1,0.0,32.566881356110024,0.875588471307968,32.10161275130439,37.58037115862372
A,15,20,115,log,1.5,0.1,0.5,18.269977264677056,0.8715969784677613,25.33041990309197,31.09365159799049
A,15,20,115,log,1.5,0.1,1.0,8.530246511808922,0.8612140020634751,18.338504852375955,23.61468397551837
A,15,20,115,log,1.5,0.5,0.0,351.4725715071985,0.8757473308469697,61.60525582236022,66.97258875759694
A,15,20,115,log,1.5,0.5,0.5,214.28474537531343,0.8588481561433211,55.04720628143343,60.5373714185674
A,15,20,115,log,1.5,0.5,1.0,62.06028967673755,0.8488863810222085,40.0071120624559,45.622568171550974
A,15,20,120,log,0.1,0.0,0.0,5.295061533198386,0.867548367822328,13.374466685664634,17.845474874079308
A,15,20,120,log,0.1,0.0,0.5,5.295061533198386,0.867548367822328,13.374466685664634,17.845474874079308
A,15,20,120,log,0.1,0.0,1.0,5.295061533198386,0.867548367822328,13.374466685664634,17.845474874079308
A,15,20,120,log,0.1,0.1,0.0,5.773734891939959,0.8681870700071839,14.346061539165666,19.144048829065376
A,15,20,120,log,0.1,0.1,0.5,5.54944307374822,0.8672135891957236,14.022638388831732,18.68003609342507
A,15,20,120,log,0.1,0.1,1.0,5.423831177086045,0.8661482832637037,13.74486224374032,18.28127543199422
A,15,20,120,log,0.1,0.5,0.0,11.870564838846558,0.8690578021517981,20.235838152571404,26.06374637057637
A,15,20,120,log,0.1,0.5,0.5,8.405975567917006,0.8665348000312832,17.3907189643214,22.901726988082864
A,15,20,120,log,0.1,0.5,1.0,6.106898329883287,0.8640166901010075,15.101902692284307,19.979452413641315
A,15,20,120,log,0.5,0.0,0.0,5.504857917021864,0.8664112547327403,13.37960680746902,17.99773330536891
A,15,20,120,log,0.5,0.0,0.5,5.504857917021864,0.8664112547327403,13.37960680746902,17.99773330536891
A,15,20,120,log,0.5,0.0,1.0,5.504857917021864,0.8664112547327403,13.37960680746902,17.99773330536891
A,15,20,120,log,0.5,0.1,0.0,11.021560052523975,0.8682483743649805,19.32018274206091,25.21978207435233
A,15,20,120,log,0.5,0.1,0.5,8.206503522580368,0.8655390507690962,16.904332513855923,22.48702984107578
A,15,20,120,log,0.5,0.1,1.0,6.227251159325408,0.8635675535902095,14.91183612370313,19.90262679785277
A,15,20,120,log,0.5,0.5,0.0,90.52791228126624,0.8685966614111671,43.43572036252816,48.99234107544736
A,15,20,120,log,0.5,0.5,0.5,47.55083835510746,0.8619103143160094,35.0585867146175,41.04377982017554
A,15,20,120,log,0.5,0.5,1.0,16.823553691094396,0.8427957247040462,22.756572615489294,29.346438555718244
A,15,20,120,log,1.0,0.0,0.0,5.548141067950892,0.8661326413904684,13.382765718730615,18.029143609995103
A,15,20,120,log,1.0,0.0,0.5,5.548141067950892,0.8661326413904684,13.382765718730615,18.029143609995103
A,15,20,120,log,1.0,0.0,1.0,5.548141067950892,0.8661326413904684,13.382765718730615,18.029143609995103
A,15,20,120,log,1.0,0.1,0.0,22.77767835799049,0.8682535395823328,26.51594627246229,32.642798684350936
A,15,20,120,log,1.0,0.1,0.5,13.83496111900951,0.864953482318078,21.36748383721553,27.486686232163656
A,15,20,120,log,1.0,0.1,1.0,7.731956555707052,0.8596438465973504,16.685984854057146,22.13100295746424
A,15,20,120,log,1.0,0.5,0.0,259.12721280758706,0.8684736640614439,56.57648304647754,62.16139960480426
A,15,20,120,log,1.0,0.5,0.5,144.19987197761554,0.8563968041676041,48.76630424662024,54.55584329516493
A,15,20,120,log,1.0,0.5,1.0,40.1044975882037,0.8412656739361346,32.636445272643435,38.97901397176547
A,15,20,120,log,1.5,0.0,0.5,5.563884830902925,0.866010536636262,13.383975129834443,18.0406758669178
A,15,20,120,log,1.5,0.0,0.0,5.563884830902925,0.866010536636262,13.383975129834443,18.0406758669178
A,15,20,120,log,1.5,0.1,0.0,39.58994040310588,0.8682446637539654,33.02104344851723,38.94207973361053
A,15,20,120,log,1.5,0.0,1.0,5.563884830902925,0.866010536636262,13.383975129834443,18.0406758669178
A,15,20,120,log,1.5,0.1,0.5,22.00278057799285,0.8640127253385869,26.024948869104257,32.28630984405657
A,15,20,120,log,1.5,0.1,1.0,10.028514527252357,0.8537198663203449,18.62700439810793,24.546352543524456
A,15,20,120,log,1.5,0.5,0.0,454.85965650761807,0.8684088824957163,63.32426199627916,69.12449051728831
A,15,20,120,log,1.5,0.5,0.5,274.0749793116992,0.8518199179340481,56.57522308822091,62.50762415450854
A,15,20,120,log,1.5,0.5,1.0,76.91219857651029,0.8412656739361346,41.03947550720395,47.158708554703885
A,15,20,125,log,0.1,0.0,0.0,6.068131613073644,0.8584325260443373,13.10934611962107,18.60787856013105
A,15,20,125,log,0.1,0.0,0.5,6.068131613073644,0.8584325260443373,13.10934611962107,18.60787856013105
A,15,20,125,log,0.1,0.0,1.0,6.068131613073644,0.8584325260443373,13.10934611962107,18.60787856013105
A,15,20,125,log,0.1,0.1,0.0,6.666269205890342,0.8593942649162234,14.23536103963065,19.96063861112259
A,15,20,125,log,0.1,0.1,0.5,6.395311082766474,0.8585172788042685,13.862638844802214,19.486684820987264
A,15,20,125,log,0.1,0.1,1.0,6.245078450771112,0.857120345366315,13.53014669603237,19.081169087866325
A,15,20,125,log,0.1,0.5,0.0,14.00912906094164,0.8610280579384335,20.571613134966675,27.048512663745136
A,15,20,125,log,0.1,0.5,0.5,9.87660919574219,0.8582518457460493,17.578189303115046,23.8422742627909
A,15,20,125,log,0.1,0.5,1.0,7.09965869032308,0.8555405733094966,15.06410684516707,20.85814335609286
A,15,20,125,log,0.5,0.0,0.0,6.298818293181583,0.8571516997182542,13.0617490765411,18.74857815717801
A,15,20,125,log,0.5,0.0,0.5,6.298818293181583,0.8571516997182542,13.0617490765411,18.74857815717801
A,15,20,125,log,0.5,0.0,1.0,6.298818293181583,0.8571516997182542,13.0617490765411,18.74857815717801
A,15,20,125,log,0.5,0.1,0.0,13.029042999321188,0.8599810090432767,19.61489547387332,26.209463240187524
A,15,20,125,log,0.5,0.1,0.5,9.661259910398346,0.8570454571493105,17.03144988317186,23.43061902353852
A,15,20,125,log,0.5,0.1,1.0,7.254445777001453,0.8549117614256849,14.812234371521626,20.77827758320353
A,15,20,125,log,0.5,0.5,0.0,112.19148175227804,0.8606582901145619,44.55081668699236,50.53742829253022
A,15,20,125,log,0.5,0.5,0.5,58.297524058575576,0.8541829183053865,35.950012052856195,42.40685400341761
A,15,20,125,log,0.5,0.5,1.0,20.31738829168236,0.8354116804787841,23.284495376809083,30.49154103099896
A,15,20,125,log,1.0,0.0,0.5,6.34666929266199,0.8569219262724592,13.055524987624612,18.7779364286332
A,15,20,125,log,1.0,0.0,0.0,6.34666929266199,0.8569219262724592,13.055524987624612,18.7779364286332
A,15,20,125,log,1.0,0.1,0.0,27.40205908023501,0.8602332420873863,27.149818187776265,33.81452531761742
A,15,20,125,log,1.0,0.0,1.0,6.34666929266199,0.8569219262724592,13.055524987624612,18.7779364286332
A,15,20,125,log,1.0,0.1,1.0,9.080554829757538,0.8512936635486386,16.7461973530958,23.075231227529777
A,15,20,125,log,1.0,0.1,0.5,16.531993123287805,0.8567972412200062,21.78095377926908,28.55688604347563
A,15,20,125,log,1.0,0.5,0.0,329.9397370471127,0.8605372491586465,58.02317046554718,64.03790598888979
A,15,20,125,log,1.0,0.5,0.5,181.460513599814,0.8490304603271367,50.003136434287086,56.24290514015421
A,15,20,125,log,1.0,0.5,1.0,49.248014256473496,0.8338931577739253,33.43229116009449,40.2922832501385
A,15,20,125,log,1.5,0.0,0.0,6.364519192849532,0.8568072464977259,13.053217479610606,18.78873936433587
A,15,20,125,log,1.5,0.0,0.5,6.364519192849532,0.8568072464977259,13.053217479610606,18.78873936433587
A,15,20,125,log,1.5,0.0,1.0,6.364519192849532,0.8568072464977259,13.053217479610606,18.78873936433587
A,15,20,125,log,1.5,0.1,0.0,48.22240972278923,0.8602444935941194,33.87391993087994,40.26596495964188
A,15,20,125,log,1.5,0.1,0.5,26.585016302019103,0.8560262717563216,26.655477038732947,33.46816469955451
A,15,20,125,log,1.5,0.1,1.0,11.87986641069621,0.8461033343621104,18.83913331109705,25.551950276132807
A,15,20,125,log,1.5,0.5,0.0,588.0334606570898,0.8604666769874842,64.9340517820759,71.17505267465332
A,15,20,125,log,1.5,0.5,1.0,95.50706128781668,0.8338931577739253,42.008403939615945,48.640247068328975
A,15,20,125,log,1.5,0.5,0.5,350.4385250146888,0.8447684650356967,58.00629621883147,64.38957201922022
A,15,20,130,log,0.1,0.0,0.0,6.075036519856545,0.8576144339832874,12.668774627592873,18.19122004118265
A,15,20,130,log,0.1,0.0,0.5,6.075036519856545,0.8576144339832874,12.668774627592873,18.19122004118265
A,15,20,130,log,0.1,0.0,1.0,6.075036519856545,0.8576144339832874,12.668774627592873,18.19122004118265
A,15,20,130,log,0.1,0.1,0.0,6.443760565410703,0.8591485622373891,13.66716345132987,19.379022987615045
A,15,20,130,log,0.1,0.1,1.0,6.191525406297673,0.8565204668023764,13.065360433935211,18.620462411977403
A,15,20,130,log,0.1,0.1,0.5,6.254166073749754,0.8580453558621937,13.342514032939247,18.958867104691286
A,15,20,130,log,0.1,0.5,0.0,12.859900263969983,0.8609364996868948,19.602091622994102,26.09884485653013
A,15,20,130,log,0.1,0.5,0.5,9.144133576366087,0.8580471408404952,16.759040977041074,23.01186120926487
A,15,20,130,log,0.1,0.5,1.0,6.798783560572329,0.8551611409625091,14.464168274622562,20.22704290352994
A,15,20,130,log,0.5,0.0,0.0,6.281750881354491,0.8563215050585384,12.641858795202094,18.339788592842226
A,15,20,130,log,0.5,0.0,0.5,6.281750881354491,0.8563215050585384,12.641858795202094,18.339788592842226
A,15,20,130,log,0.5,0.0,1.0,6.281750881354491,0.8563215050585384,12.641858795202094,18.339788592842226
A,15,20,130,log,0.5,0.1,0.0,12.00978196269846,0.8599242824234874,18.717814383726257,25.31866843995264
A,15,20,130,log,0.5,0.1,0.5,9.008690909114751,0.8568086197302046,16.289008201674868,22.66589408414144
A,15,20,130,log,0.5,0.1,1.0,6.9857163377787455,0.8543457806148599,14.265283382158566,20.194067325228424
A,15,20,130,log,0.5,0.5,0.0,104.83492786660116,0.8607223379792431,43.57325678660387,49.583468759179866
A,15,20,130,log,0.5,0.5,0.5,53.92543191249498,0.8542489739814669,34.80181353748661,41.3491457685636
A,15,20,130,log,0.5,0.5,1.0,18.630610364489463,0.8353401693280909,22.31827415539328,29.563969552646608
A,15,20,130,log,1.0,0.0,0.0,6.326877777907949,0.8560783265742673,12.639089349425154,18.37086383992663
A,15,20,130,log,1.0,0.0,0.5,6.326877777907949,0.8560783265742673,12.639089349425154,18.37086383992663
A,15,20,130,log,1.0,0.0,1.0,6.326877777907949,0.8560783265742673,12.639089349425154,18.37086383992663
A,15,20,130,log,1.0,0.1,0.0,25.2350499889614,0.8602223046458976,26.052486607261635,32.79419683217807
A,15,20,130,log,1.0,0.1,0.5,15.192460468593202,0.8566011307822725,20.798030856259167,27.615068584107377
A,15,20,130,log,1.0,0.1,1.0,8.507036070249978,0.850981119277588,16.07150404922558,22.353188517178125
A,15,20,130,log,1.0,0.5,0.0,312.8269038227004,0.8605837850087328,57.34004016334065,63.31355558687791
A,15,20,130,log,1.0,0.5,1.0,45.23774272401734,0.8338931577739253,32.17013725494055,39.15382488177015
A,15,20,130,log,1.0,0.5,0.5,170.2991483344819,0.8492723753526448,49.12511778412771,55.35111413903296
A,15,20,130,log,1.5,0.0,0.0,6.344002031761966,0.8560197247337882,12.638134859771728,18.38238204227764
A,15,20,130,log,1.5,0.0,0.5,6.344002031761966,0.8560197247337882,12.638134859771728,18.38238204227764
A,15,20,130,log,1.5,0.0,1.0,6.344002031761966,0.8560197247337882,12.638134859771728,18.38238204227764
A,15,20,130,log,1.5,0.1,0.0,44.65006502826533,0.8602803474574712,32.75684437604849,39.23386630274639
A,15,20,130,log,1.5,0.1,1.0,10.968353952724817,0.8460003164323956,18.06858426945344,24.736891626923704
A,15,20,130,log,1.5,0.1,0.5,24.446507561629147,0.8559419445967636,25.54759965213575,32.44564219102348
A,15,20,130,log,1.5,0.5,0.0,562.3101389205628,0.8605206106299216,64.40212604235379,70.59340001049623
A,15,20,130,log,1.5,0.5,0.5,331.9006499281662,0.84517521960978,57.30795813337509,63.64793054775945
A,15,20,130,log,1.5,0.5,1.0,88.21567736805245,0.8338931577739253,40.88193027206058,47.52980930355384
A,20,10,115,log,0.1,0.0,0.0,3.952664411536702,0.885460049079145,12.575596762438224,16.15173888848863
A,20,10,115,log,0.1,0.0,0.5,3.952664411536702,0.885460049079145,12.575596762438224,16.15173888848863
A,20,10,115,log,0.1,0.0,1.0,3.952664411536702,0.885460049079145,12.575596762438224,16.15173888848863
A,20,10,115,log,0.1,0.1,0.0,4.306834651501131,0.88591718529817,13.359556554313627,17.33781966370059
A,20,10,115,log,0.1,0.1,0.5,4.098049827717914,0.8854377354920768,13.030353812165856,16.837863884164378
A,20,10,115,log,0.1,0.1,1.0,3.9331226707665343,0.8852407421366506,12.748428724260844,16.368341470939576
A,20,10,115,log,0.1,0.5,0.0,8.869919587904572,0.8863673882821199,18.833180761477383,24.04679908330704
A,20,10,115,log,0.1,0.5,0.5,5.998613921166596,0.8867474112478794,16.015105287921266,20.672064816795604
A,20,10,115,log,0.1,0.5,1.0,4.205128456825199,0.8862243798106517,13.699306991746733,17.56456417356032
A,20,10,115,log,0.5,0.0,0.0,4.142791133634989,0.8845371745142694,12.657035567051448,16.34650243085563
A,20,10,115,log,0.5,0.0,0.5,4.142791133634989,0.8845371745142694,12.657035567051448,16.34650243085563
A,20,10,115,log,0.5,0.0,1.0,4.142791133634989,0.8845371745142694,12.657035567051448,16.34650243085563
A,20,10,115,log,0.5,0.1,0.0,8.198236764565516,0.8856676882490225,17.9829847614803,23.2033177934912
A,20,10,115,log,0.5,0.1,0.5,5.895221801311613,0.8852881620613097,15.601742929655808,20.319909880533096
A,20,10,115,log,0.5,0.1,1.0,4.315411951414457,0.8852471121961599,13.621473756824804,17.587085512550274
A,20,10,115,log,0.5,0.5,0.0,66.92932478354562,0.885856810850872,41.64900533460157,46.57609328086774
A,20,10,115,log,0.5,0.5,0.5,33.77399301433129,0.8853276091922355,33.87862599426062,38.90519333282988
A,20,10,115,log,0.5,0.5,1.0,11.141473440355773,0.8670552425969804,22.043204133102904,26.9820322434231
A,20,10,115,log,1.0,0.0,0.0,4.183199955407465,0.884305872927252,12.675894342756951,16.38760075282372
A,20,10,115,log,1.0,0.0,0.5,4.183199955407465,0.884305872927252,12.675894342756951,16.38760075282372
A,20,10,115,log,1.0,0.0,1.0,4.183199955407465,0.884305872927252,12.675894342756951,16.38760075282372
A,20,10,115,log,1.0,0.1,0.0,16.929749621282692,0.8856038377822388,25.03027799323525,30.503033994628577
A,20,10,115,log,1.0,0.1,0.5,9.863575896801958,0.8855137420084963,19.946021381037657,25.242880105176265
A,20,10,115,log,1.0,0.1,1.0,5.110271344956791,0.8846163416641708,15.149157965195569,19.438726931140664
A,20,10,115,log,1.0,0.5,0.0,189.5103233834895,0.8857762455543291,54.34590076944666,59.42022725500639
A,20,10,115,log,1.0,0.5,0.5,103.08896692179349,0.8823675736124873,47.20374281525061,52.317061846531466
A,20,10,115,log,1.0,0.5,1.0,28.36056202421119,0.8627879427170561,32.16193257879688,37.15811119056631
A,20,10,115,log,1.5,0.0,0.0,4.198384643737905,0.8842407362452253,12.683056791468626,16.40296448711502
A,20,10,115,log,1.5,0.0,0.5,4.198384643737905,0.8842407362452253,12.683056791468626,16.40296448711502
A,20,10,115,log,1.5,0.0,1.0,4.198384643737905,0.8842407362452253,12.683056791468626,16.40296448711502
A,20,10,115,log,1.5,0.1,0.0,29.41331834374351,0.885579868448659,31.47680675414931,36.71537898648937
A,20,10,115,log,1.5,0.1,0.5,15.692610265566316,0.8854406376369235,24.75755685672552,30.09434261197403
A,20,10,115,log,1.5,0.1,1.0,6.444907635428764,0.8814525995665697,17.16285531669459,21.71604932348556
A,20,10,115,log,1.5,0.5,0.0,330.36769443156334,0.8857512981844984,60.8667280200739,66.19977084662429
A,20,10,115,log,1.5,0.5,0.5,197.12576233922692,0.8792266360135313,54.708201929694575,60.10473068832505
A,20,10,115,log,1.5,0.5,1.0,55.94033440487952,0.8627879427170561,39.97563440164961,45.20457475927024
A,20,10,120,log,0.1,0.0,0.0,4.38953349732276,0.8772761503365164,12.293827177838772,16.578618754202534
A,20,10,120,log,0.1,0.0,0.5,4.38953349732276,0.8772761503365164,12.293827177838772,16.578618754202534
A,20,10,120,log,0.1,0.0,1.0,4.38953349732276,0.8772761503365164,12.293827177838772,16.578618754202534
A,20,10,120,log,0.1,0.1,0.0,4.838428258539217,0.877858440676268,13.245293467123783,17.882034505580854
A,20,10,120,log,0.1,0.1,0.5,4.591954909427672,0.8774073587560594,12.87341452263745,17.35079626085038
A,20,10,120,log,0.1,0.1,1.0,4.405353259379182,0.8769702075676559,12.551264116253275,16.86447627333911
A,20,10,120,log,0.1,0.5,0.0,10.31073822571457,0.8787783702681434,19.21782253986752,24.919780196268352
A,20,10,120,log,0.1,0.5,0.5,6.894381736681801,0.8788287897169285,16.275240311310558,21.45497070910288
A,20,10,120,log,0.1,0.5,1.0,4.742478588358457,0.8782113587819321,13.760341290930567,18.208174503091723
A,20,10,120,log,0.5,0.0,0.0,4.594420277710915,0.8760294147814653,12.31223084866571,16.74671010207224
A,20,10,120,log,0.5,0.0,0.5,4.594420277710915,0.8760294147814653,12.31223084866571,16.74671010207224
A,20,10,120,log,0.5,0.0,1.0,4.594420277710915,0.8760294147814653,12.31223084866571,16.74671010207224
A,20,10,120,log,0.5,0.1,0.0,9.532648165368306,0.8779826989498082,18.31929253382625,24.06486101918762
A,20,10,120,log,0.5,0.1,0.5,6.790008507666991,0.8771343558875395,15.789854854664844,21.091339956645
A,20,10,120,log,0.5,0.1,1.0,4.876447393315011,0.8768579507470733,13.60425689827404,18.21053328461577
A,20,10,120,log,0.5,0.5,0.0,82.14988532850074,0.8782781474809027,42.793230851795066,48.11755292332202
A,20,10,120,log,0.5,0.5,0.5,40.810065488527954,0.8776983217791713,34.821675243990015,40.2728587703236
A,20,10,120,log,0.5,0.5,1.0,13.074128647220764,0.8607677936147387,22.68623517792569,28.033396045534698
A,20,10,120,log,1.0,0.0,0.0,4.636947205617597,0.8757941039218077,12.32017411802457,16.782555269737294
A,20,10,120,log,1.0,0.0,0.5,4.636947205617597,0.8757941039218077,12.32017411802457,16.782555269737294
A,20,10,120,log,1.0,0.0,1.0,4.636947205617597,0.8757941039218077,12.32017411802457,16.782555269737294
A,20,10,120,log,1.0,0.1,0.0,20.10028163963016,0.8779934481493094,25.70055509492686,31.620285377623723
A,20,10,120,log,1.0,0.1,0.5,11.601040827935083,0.8775660183449387,20.448041174460943,26.233267621254555
A,20,10,120,log,1.0,0.5,0.0,239.7258465101725,0.8781798330968839,55.83132069837943,61.31603736179032
A,20,10,120,log,1.0,0.1,1.0,5.859190199689946,0.8767149621097801,15.37914113677067,20.21886378314753
A,20,10,120,log,1.0,0.5,1.0,34.23148573730286,0.8554715484347992,33.048314969588105,38.49650050939732
A,20,10,120,log,1.0,0.5,0.5,128.41682138902996,0.8750284741497623,48.50681150346197,54.04816300685998
A,20,10,120,log,1.5,0.0,0.0,4.652900432040822,0.8757086209520126,12.323325619113644,16.795983050907893
A,20,10,120,log,1.5,0.0,0.5,4.652900432040822,0.8757086209520126,12.323325619113644,16.795983050907893
A,20,10,120,log,1.5,0.0,1.0,4.652900432040822,0.8757086209520126,12.323325619113644,16.795983050907893
A,20,10,120,log,1.5,0.1,0.0,35.4066750293687,0.877974380232267,32.35007920985011,38.01172652807824
A,20,10,120,log,1.5,0.1,0.5,18.6733259080262,0.877560716818244,25.439213598189056,31.2374085546559
A,20,10,120,log,1.5,0.1,1.0,7.462838430551367,0.8740587462635622,17.573501253785153,22.608904142943828
A,20,10,120,log,1.5,0.5,0.0,425.0337513607896,0.8781489747743422,62.52022407788204,68.27991165000347
A,20,10,120,log,1.5,0.5,0.5,250.2619364466528,0.8721433229073667,56.20815580947534,62.0442799499535
A,20,10,120,log,1.5,0.5,1.0,68.58529079310881,0.8554715484347992,41.03329140708525,46.730462296608096
A,20,10,125,log,0.1,0.0,0.0,4.974662000001613,0.8678621669226407,11.97486947298345,17.273783755463352
A,20,10,125,log,0.1,0.0,0.5,4.974662000001613,0.8678621669226407,11.97486947298345,17.273783755463352
A,20,10,125,log,0.1,0.0,1.0,4.974662000001613,0.8678621669226407,11.97486947298345,17.273783755463352
A,20,10,125,log,0.1,0.1,0.0,5.535976357925044,0.8689597292668232,13.085541596963957,18.632213718304367
A,20,10,125,log,0.1,0.1,0.5,5.246666142522699,0.8685447822705588,12.671036227944398,18.09135362945972
A,20,10,125,log,0.1,0.1,1.0,5.032139783002428,0.8680508173741197,12.315159822473792,17.606676234698117
A,20,10,125,log,0.1,0.5,0.0,12.072101265676045,0.8704660801850259,19.537964778609723,25.838023692047862
A,20,10,125,log,0.1,0.5,0.5,8.01001481776735,0.870279623594989,16.471664411404333,22.32801835602337
A,20,10,125,log,0.1,0.5,1.0,5.44047527392071,0.8693731874802284,13.763297113390683,19.01565784669534
A,20,10,125,log,0.5,0.0,0.0,5.1913211528977135,0.8667196349703372,11.940433568817094,17.42658727431912
A,20,10,125,log,0.5,0.0,0.5,5.1913211528977135,0.8667196349703372,11.940433568817094,17.42658727431912
A,20,10,125,log,0.5,0.0,1.0,5.1913211528977135,0.8667196349703372,11.940433568817094,17.42658727431912
A,20,10,125,log,0.5,0.1,0.0,11.172559846796272,0.8695692608660913,18.5980798143007,24.987370645293083
A,20,10,125,log,0.5,0.1,0.5,7.916058016359831,0.8683905861195645,15.917317285170782,21.973118228474465
A,20,10,125,log,0.5,0.1,1.0,5.61935588118237,0.8680907168086346,13.542154148160677,19.022586197849456
A,20,10,125,log,0.5,0.5,0.0,101.08084023567916,0.8700926910478517,43.86032738210194,49.59685900304856
A,20,10,125,log,0.5,0.5,1.0,15.422517174361582,0.8542590599822641,23.27899544956923,29.086659529982683
A,20,10,125,log,0.5,0.5,0.5,49.49518348242397,0.8696501049562289,35.69990669018404,41.59564567809895
A,20,10,125,log,1.0,0.0,0.5,5.236919308802433,0.8665153435349844,11.938391736694498,17.45995612966373
A,20,10,125,log,1.0,0.0,0.0,5.236919308802433,0.8665153435349844,11.938391736694498,17.45995612966373
A,20,10,125,log,1.0,0.1,0.0,23.97906799334429,0.8697516338373722,26.310858276297644,32.72796740759897
A,20,10,125,log,1.0,0.0,1.0,5.236919308802433,0.8665153435349844,11.938391736694498,17.45995612966373
A,20,10,125,log,1.0,0.1,0.5,13.737170266474736,0.8691615659428228,20.894386706042333,27.251164396982524
A,20,10,125,log,1.0,0.1,1.0,6.79945022864954,0.8682581441897945,15.546271484947024,21.1078915722915
A,20,10,125,log,1.0,0.5,0.0,303.42740719660395,0.8699959973761515,57.21705657995053,63.1216986664305
A,20,10,125,log,1.0,0.5,0.5,160.20452234145222,0.8673126090611868,49.72327208284738,55.70407659829404
A,20,10,125,log,1.0,0.5,1.0,41.45288188202797,0.848198624947394,33.88288038398951,39.79781306115473
A,20,10,125,log,1.5,0.0,0.0,5.254302580754459,0.8664415901702929,11.937866576925945,17.472502943933215
A,20,10,125,log,1.5,0.0,0.5,5.254302580754459,0.8664415901702929,11.937866576925945,17.472502943933215
A,20,10,125,log,1.5,0.0,1.0,5.254302580754459,0.8664415901702929,11.937866576925945,17.472502943933215
A,20,10,125,log,1.5,0.1,0.0,42.78003740648551,0.8697403188132267,33.15843140025072,39.27153252484664
A,20,10,125,log,1.5,0.1,0.5,22.332645786063903,0.869261949999825,26.07373314273699,32.370069864368546
A,20,10,125,log,1.5,0.1,1.0,8.712082092224836,0.8662160463708111,17.929462501246803,23.56041092792425
A,20,10,125,log,1.5,0.5,0.0,546.5658291612999,0.8699619136119775,64.06172945996417,70.25576016709438
A,20,10,125,log,1.5,0.5,1.0,84.28316836958933,0.848198624947394,42.025627170678334,48.20149635760163
A,20,10,125,log,1.5,0.5,0.5,317.7627380670341,0.8647233709177726,57.6079306137984,63.89274464831546
A,20,10,130,log,0.1,0.0,0.0,4.945147638512181,0.8671924299548399,11.562877351657477,16.871067193540462
A,20,10,130,log,0.1,0.0,0.5,4.945147638512181,0.8671924299548399,11.562877351657477,16.871067193540462
A,20,10,130,log,0.1,0.0,1.0,4.945147638512181,0.8671924299548399,11.562877351657477,16.871067193540462
A,20,10,130,log,0.1,0.1,0.0,5.323385422522419,0.8686667506179251,12.534452906062176,18.06300593779148
A,20,10,130,log,0.1,0.1,1.0,4.969519513261548,0.8672660832303901,11.871522489459508,17.165814715174783
A,20,10,130,log,0.1,0.1,0.5,5.103444732133269,0.8680560452442044,12.166658362357904,17.574943189017116
A,20,10,130,log,0.1,0.5,0.0,11.057671972224982,0.870489268953512,18.588735903019177,24.89587212914707
A,20,10,130,log,0.1,0.5,0.5,7.369576710457197,0.8700740505155833,15.643181296790925,21.47936162324263
A,20,10,130,log,0.1,0.5,1.0,5.164662677642284,0.8690946561236907,13.133171712366954,18.365582268560928
A,20,10,130,log,0.5,0.0,0.0,5.156872186831839,0.8660997875498928,11.54987807017466,17.035190014530663
A,20,10,130,log,0.5,0.0,0.5,5.156872186831839,0.8660997875498928,11.54987807017466,17.035190014530663
A,20,10,130,log,0.5,0.0,1.0,5.156872186831839,0.8660997875498928,11.54987807017466,17.035190014530663
A,20,10,130,log,0.5,0.1,0.0,10.27814180953267,0.8695059609198023,17.717426481524257,24.10416849419563
A,20,10,130,log,0.5,0.1,0.5,7.353247347791909,0.8681437858175561,15.17173896418194,21.19903661064381
A,20,10,130,log,0.5,0.1,1.0,5.379606815502484,0.8677188589976866,12.972694219872256,18.427694061678675
A,20,10,130,log,0.5,0.5,0.0,94.4031004295462,0.8702046188162005,42.92510121300502,48.66504918159244
A,20,10,130,log,0.5,0.5,0.5,45.64046087823439,0.8696091221066988,34.601571043141995,40.53468661999311
A,20,10,130,log,0.5,0.5,1.0,13.917953730200356,0.8549524143777363,22.17377424413788,27.997492374606388
A,20,10,130,log,1.0,0.0,0.0,5.20337066829926,0.8658735075764372,11.551382109437256,17.07097933786443
A,20,10,130,log,1.0,0.0,0.5,5.20337066829926,0.8658735075764372,11.551382109437256,17.07097933786443
A,20,10,130,log,1.0,0.0,1.0,5.20337066829926,0.8658735075764372,11.551382109437256,17.07097933786443
A,20,10,130,log,1.0,0.1,0.0,22.056641191997688,0.8698259144230125,25.23317127266452,31.716937546429687
A,20,10,130,log,1.0,0.1,0.5,12.581671142676068,0.868952286749796,19.8996507860322,26.28706574366036
A,20,10,130,log,1.0,0.1,1.0,6.310740403014068,0.8678075418152673,14.795913957018216,20.32843676982382
A,20,10,130,log,1.0,0.5,0.0,287.60812685536604,0.8701018139630031,56.56593255696837,62.41892603158478
A,20,10,130,log,1.0,0.5,0.5,149.955038587042,0.8674285646525668,48.91662778636919,54.84985570324585
A,20,10,130,log,1.0,0.5,1.0,37.79892234237136,0.848198624947394,32.73320549548908,38.65856691935245
A,20,10,130,log,1.5,0.0,0.0,5.221055200820575,0.8658360264443881,11.552178936670094,17.08439685807371
A,20,10,130,log,1.5,0.0,0.5,5.221055200820575,0.8658360264443881,11.552178936670094,17.08439685807371
A,20,10,130,log,1.5,0.0,1.0,5.221055200820575,0.8658360264443881,11.552178936670094,17.08439685807371
A,20,10,130,log,1.5,0.1,0.0,39.57738160561226,0.8698338141735329,32.0756903196106,38.25443684136884
A,20,10,130,log,1.5,0.1,0.5,20.467543581584675,0.8691484334638228,24.952130578714296,31.322221050165933
A,20,10,130,log,1.5,0.1,1.0,7.948698395655938,0.8661294750051312,17.02214919377373,22.63594669523981
A,20,10,130,log,1.5,0.5,0.0,522.5833639885028,0.8700580339124139,63.55412109665063,69.69225223211235
A,20,10,130,log,1.5,0.5,0.5,300.39548108405626,0.8649663634866853,56.97009567589197,63.19497873713855
A,20,10,130,log,1.5,0.5,1.0,77.48997517078953,0.848198624947394,41.01403571064835,47.14224996714732
A,20,15,115,log,0.1,0.0,0.0,3.9312811597304913,0.8857614975002972,12.558509894538856,16.125779956179585
A,20,15,115,log,0.1,0.0,0.5,3.9312811597304913,0.8857614975002972,12.558509894538856,16.125779956179585
A,20,15,115,log,0.1,0.0,1.0,3.9312811597304913,0.8857614975002972,12.558509894538856,16.125779956179585
A,20,15,115,log,0.1,0.1,0.0,4.286861729139398,0.8862182999549704,13.339000709957308,17.313950731299975
A,20,15,115,log,0.1,0.1,0.5,4.091189340966631,0.8855144869813328,13.021440078183948,16.828514181508798
A,20,15,115,log,0.1,0.1,1.0,3.9331226707665343,0.8852407421366506,12.748428724260844,16.368341470939576
A,20,15,115,log,0.1,0.5,0.0,8.849613719040661,0.8866180703310047,18.827288852148243,24.033857348595085
A,20,15,115,log,0.1,0.5,0.5,5.998613921166596,0.8867474112478794,16.015105287921266,20.672064816795604
A,20,15,115,log,0.1,0.5,1.0,4.205128456825199,0.8862243798106517,13.699306991746733,17.56456417356032
A,20,15,115,log,0.5,0.0,0.0,4.119541278536592,0.8848142733586251,12.639676586157773,16.317257521069898
A,20,15,115,log,0.5,0.0,0.5,4.119541278536592,0.8848142733586251,12.639676586157773,16.317257521069898
A,20,15,115,log,0.5,0.0,1.0,4.119541278536592,0.8848142733586251,12.639676586157773,16.317257521069898
A,20,15,115,log,0.5,0.1,0.0,8.170842565987106,0.8859052766435171,17.97214139386769,23.184543462312085
A,20,15,115,log,0.5,0.1,0.5,5.895221801311613,0.8852881620613097,15.601742929655808,20.319909880533096
A,20,15,115,log,0.5,0.1,1.0,4.315411951414457,0.8852471121961599,13.621473756824804,17.587085512550274
A,20,15,115,log,0.5,0.5,0.0,66.8467887990004,0.8860923232074376,41.65771814676413,46.57811734109767
A,20,15,115,log,0.5,0.5,0.5,33.77399301433129,0.8853276091922355,33.87862599426062,38.90519333282988
A,20,15,115,log,0.5,0.5,1.0,11.141473440355773,0.8670552425969804,22.043204133102904,26.9820322434231
A,20,15,115,log,1.0,0.0,0.0,4.158058505064806,0.8845820777303297,12.658932825256102,16.357244795498634
A,20,15,115,log,1.0,0.0,0.5,4.158058505064806,0.8845820777303297,12.658932825256102,16.357244795498634
A,20,15,115,log,1.0,0.0,1.0,4.158058505064806,0.8845820777303297,12.658932825256102,16.357244795498634
A,20,15,115,log,1.0,0.1,0.0,16.887304431646626,0.8858584351416408,25.04142520391028,30.495558188529788
A,20,15,115,log,1.0,0.1,0.5,9.863575896801958,0.8855137420084963,19.946021381037657,25.242880105176265
A,20,15,115,log,1.0,0.1,1.0,5.110271344956791,0.8846163416641708,15.149157965195569,19.438726931140664
A,20,15,115,log,1.0,0.5,0.0,189.374784640263,0.8860067008538139,54.35170411849289,59.42278744416925
A,20,15,115,log,1.0,0.5,1.0,28.36056202421119,0.8627879427170561,32.16193257879688,37.15811119056631
A,20,15,115,log,1.0,0.5,0.5,103.08896692179349,0.8823675736124873,47.20374281525061,52.317061846531466
A,20,15,115,log,1.5,0.0,0.5,4.172469687754779,0.8844898319493802,12.666126169173804,16.372073299834927
A,20,15,115,log,1.5,0.0,0.0,4.172469687754779,0.8844898319493802,12.666126169173804,16.372073299834927
A,20,15,115,log,1.5,0.0,1.0,4.172469687754779,0.8844898319493802,12.666126169173804,16.372073299834927
A,20,15,115,log,1.5,0.1,0.0,29.35123122191948,0.8858331433361857,31.487773531411005,36.71303219479318
A,20,15,115,log,1.5,0.1,0.5,15.692610265566316,0.8854406376369235,24.757556856725515,30.09434261197403
A,20,15,115,log,1.5,0.1,1.0,6.444907635428764,0.8814525995665697,17.16285531669459,21.71604932348556
A,20,15,115,log,1.5,0.5,0.0,330.2113445417812,0.8859762960865643,60.87125499150388,66.20205816780971
A,20,15,115,log,1.5,0.5,0.5,197.12576233922692,0.8792266360135313,54.708201929694575,60.10473068832505
A,20,15,115,log,1.5,0.5,1.0,55.94033440487952,0.8627879427170561,39.97563440164961,45.20457475927024
A,20,15,120,log,0.1,0.0,0.0,4.368748853337071,0.8775576951084189,12.278613827252292,16.549743346566714
A,20,15,120,log,0.1,0.0,0.5,4.368748853337071,0.8775576951084189,12.278613827252292,16.549743346566714
A,20,15,120,log,0.1,0.0,1.0,4.368748853337071,0.8775576951084189,12.278613827252292,16.549743346566714
A,20,15,120,log,0.1,0.1,0.0,4.812605592933007,0.8781190048037573,13.22370197924794,17.854598224282505
A,20,15,120,log,0.1,0.1,1.0,4.405353259379182,0.8769702075676559,12.551264116253275,16.86447627333911
A,20,15,120,log,0.1,0.1,0.5,4.58116276373426,0.87747184621745,12.863370675144234,17.33861010213607
A,20,15,120,log,0.1,0.5,0.0,10.28027495133746,0.8790190750091519,19.215747622312573,24.90548830120239
A,20,15,120,log,0.1,0.5,0.5,6.894381736681801,0.8788287897169285,16.275240311310558,21.45497070910288
A,20,15,120,log,0.5,0.0,0.0,4.5671867125955,0.8763521790105294,12.297517563160907,16.713623902430765
A,20,15,120,log,0.1,0.5,1.0,4.742478588358457,0.8782113587819321,13.760341290930567,18.208174503091723
A,20,15,120,log,0.5,0.0,0.5,4.5671867125955,0.8763521790105294,12.297517563160907,16.713623902430765
A,20,15,120,log,0.5,0.0,1.0,4.5671867125955,0.8763521790105294,12.297517563160907,16.713623902430765
A,20,15,120,log,0.5,0.1,0.0,9.493595101662557,0.878222501902744,18.313090501820504,24.04448341813705
A,20,15,120,log,0.5,0.1,0.5,6.790008507666997,0.8771343558875395,15.78985485466485,21.091339956645
A,20,15,120,log,0.5,0.5,0.0,82.02413628581101,0.8785002992714924,42.80301642691349,48.11999003921339
A,20,15,120,log,0.5,0.1,1.0,4.876447393315011,0.8768579507470733,13.60425689827404,18.21053328461577
A,20,15,120,log,0.5,0.5,1.0,13.074128647220764,0.8607677936147387,22.68623517792569,28.033396045534698
A,20,15,120,log,0.5,0.5,0.5,40.810065488527954,0.8776983217791713,34.821675243990015,40.2728587703236
A,20,15,120,log,1.0,0.0,0.5,4.608095196322109,0.8761226195428946,12.304589007434384,16.748402824992947
A,20,15,120,log,1.0,0.0,0.0,4.608095196322109,0.8761226195428946,12.304589007434384,16.748402824992947
A,20,15,120,log,1.0,0.0,1.0,4.608095196322109,0.8761226195428946,12.304589007434384,16.748402824992947
A,20,15,120,log,1.0,0.1,0.0,20.03764836462117,0.8782337896603881,25.71168001718099,31.611975482154605
A,20,15,120,log,1.0,0.1,0.5,11.601040827935083,0.8775660183449387,20.448041174460943,26.233267621254555
A,20,15,120,log,1.0,0.1,1.0,5.859190199689946,0.8767149621097801,15.37914113677067,20.21886378314753
A,20,15,120,log,1.0,0.5,0.0,239.51840469601,0.8783942498610136,55.83799940711223,61.3190525394788
A,20,15,120,log,1.0,0.5,0.5,128.41682138902996,0.8750284741497623,48.50681150346197,54.04816300685998
A,20,15,120,log,1.0,0.5,1.0,34.23148573730286,0.8554715484347992,33.048314969588105,38.49650050939732
A,20,15,120,log,1.5,0.0,0.0,4.623095098669147,0.8759666805807065,12.307383305734753,16.76127763169106
A,20,15,120,log,1.5,0.0,0.5,4.623095098669147,0.8759666805807065,12.307383305734753,16.76127763169106
A,20,15,120,log,1.5,0.0,1.0,4.623095098669147,0.8759666805807065,12.307383305734753,16.76127763169106
A,20,15,120,log,1.5,0.1,0.0,35.31539502633883,0.8782156221732237,32.36248640583491,38.00926196782587
A,20,15,120,log,1.5,0.1,0.5,18.6733259080262,0.877560716818244,25.439213598189056,31.2374085546559
A,20,15,120,log,1.5,0.1,1.0,7.462838430551367,0.8740587462635622,17.573501253785153,22.608904142943828
A,20,15,120,log,1.5,0.5,0.0,424.7945454167434,0.8783603223308998,62.52542012360608,68.28258571701355
A,20,15,120,log,1.5,0.5,0.5,250.2619364466528,0.8721433229073667,56.20815580947534,62.0442799499535
A,20,15,120,log,1.5,0.5,1.0,68.58529079310881,0.8554715484347992,41.03329140708525,46.730462296608096
A,20,15,125,log,0.1,0.0,0.0,4.950511508592859,0.8683304381656975,11.953146403592129,17.240667279646765
A,20,15,125,log,0.1,0.0,0.5,4.950511508592859,0.8683304381656975,11.953146403592129,17.240667279646765
A,20,15,125,log,0.1,0.0,1.0,4.950511508592859,0.8683304381656975,11.953146403592129,17.240667279646765
A,20,15,125,log,0.1,0.1,0.0,5.503512816591102,0.8692615323435927,13.07015938371195,18.601374786905943
A,20,15,125,log,0.1,0.1,0.5,5.233402044152621,0.8686908494498458,12.66220338612636,18.07656578628357
A,20,15,125,log,0.1,0.1,1.0,5.032139783002428,0.8680508173741197,12.315159822473792,17.606676234698117
A,20,15,125,log,0.1,0.5,0.0,12.02829530351444,0.8707109714603977,19.54342055871281,25.8223380423534
A,20,15,125,log,0.1,0.5,0.5,8.01001481776735,0.870279623594989,16.471664411404333,22.32801835602337
A,20,15,125,log,0.1,0.5,1.0,5.44047527392071,0.8693731874802284,13.763297113390683,19.01565784669534
A,20,15,125,log,0.5,0.0,0.0,5.1617832420756296,0.8671131742795538,11.91915905828897,17.38922591124381
A,20,15,125,log,0.5,0.0,0.5,5.1617832420756296,0.8671131742795538,11.91915905828897,17.38922591124381
A,20,15,125,log,0.5,0.0,1.0,5.1617832420756296,0.8671131742795538,11.91915905828897,17.38922591124381
A,20,15,125,log,0.5,0.1,0.0,11.11935091783289,0.8698128106035161,18.59636162746765,24.965594911696424
A,20,15,125,log,0.5,0.1,0.5,7.916058016359838,0.8683905861195645,15.917317285170787,21.97311822847447
A,20,15,125,log,0.5,0.5,0.0,100.89595743564814,0.870307685730476,43.87217617058754,49.59981828471049
A,20,15,125,log,0.5,0.1,1.0,5.61935588118237,0.8680907168086346,13.542154148160677,19.022586197849456
A,20,15,125,log,0.5,0.5,1.0,15.422517174361582,0.8542590599822641,23.27899544956923,29.086659529982683
A,20,15,125,log,0.5,0.5,0.5,49.49518348242397,0.8696501049562289,35.69990669018404,41.59564567809895
A,20,15,125,log,1.0,0.0,0.0,5.20699729318297,0.8669348215487034,11.916521134011722,17.421470111714747
A,20,15,125,log,1.0,0.0,0.5,5.20699729318297,0.8669348215487034,11.916521134011722,17.421470111714747
A,20,15,125,log,1.0,0.0,1.0,5.20699729318297,0.8669348215487034,11.916521134011722,17.421470111714747
A,20,15,125,log,1.0,0.1,0.0,23.89058871198527,0.8699930042366729,26.32375880319072,32.71925285746911
A,20,15,125,log,1.0,0.1,0.5,13.737170266474743,0.8691615659428228,20.894386706042344,27.251164396982528
A,20,15,125,log,1.0,0.1,1.0,6.79945022864954,0.8682581441897945,15.546271484947024,21.1078915722915
A,20,15,125,log,1.0,0.5,0.0,303.11872005853394,0.8702123450980055,57.22455595588643,63.12516908492668
A,20,15,125,log,1.0,0.5,0.5,160.20452234145222,0.8673126090611868,49.72327208284738,55.70407659829404
A,20,15,125,log,1.0,0.5,1.0,41.45288188202797,0.848198624947394,33.88288038398951,39.79781306115473
A,20,15,125,log,1.5,0.0,0.0,5.223714839056921,0.8668794005930822,11.915801533231306,17.433475999927442
A,20,15,125,log,1.5,0.0,0.5,5.223714839056921,0.8668794005930822,11.915801533231306,17.433475999927442
A,20,15,125,log,1.5,0.0,1.0,5.223714839056921,0.8668794005930822,11.915801533231306,17.433475999927442
A,20,15,125,log,1.5,0.1,0.0,42.64982481228462,0.8699845554289846,33.172482499023175,39.26906652816517
A,20,15,125,log,1.5,0.1,0.5,22.332645786063903,0.869261949999825,26.07373314273699,32.370069864368546
A,20,15,125,log,1.5,0.1,1.0,8.712082092224836,0.8662160463708111,17.929462501246803,23.56041092792425
A,20,15,125,log,1.5,0.5,0.0,546.2105053050366,0.8701815079687408,64.06756461970181,70.25883614704976
A,20,15,125,log,1.5,0.5,1.0,84.28316836958933,0.848198624947394,42.025627170678334,48.20149635760163
A,20,15,125,log,1.5,0.5,0.5,317.7627380670341,0.8647233709177726,57.6079306137984,63.89274464831546
A,20,15,130,log,0.1,0.0,0.5,4.92048710440711,0.8675768205642399,11.54266895341514,16.836956053200833
A,20,15,130,log,0.1,0.0,0.0,4.92048710440711,0.8675768205642399,11.54266895341514,16.836956053200833
A,20,15,130,log,0.1,0.0,1.0,4.92048710440711,0.8675768205642399,11.54266895341514,16.836956053200833
A,20,15,130,log,0.1,0.1,0.0,5.2964446882390135,0.8690168789888595,12.518440968988164,18.03196084557028
A,20,15,130,log,0.1,0.1,1.0,4.969519513261548,0.8672660832303901,11.871522489459508,17.165814715174783
A,20,15,130,log,0.1,0.1,0.5,5.091983748004296,0.8682178305792384,12.155921521767969,17.559575983823358
A,20,15,130,log,0.1,0.5,0.0,11.015794953409284,0.8706977659768553,18.59075092380425,24.87857230209159
A,20,15,130,log,0.1,0.5,0.5,7.369576710457197,0.8700740505155833,15.643181296790925,21.47936162324263
A,20,15,130,log,0.5,0.0,0.0,5.128973549233749,0.8665136945519991,11.530963700559456,16.997292070410488
A,20,15,130,log,0.1,0.5,1.0,5.164662677642284,0.8690946561236907,13.133171712366954,18.365582268560928
A,20,15,130,log,0.5,0.0,0.5,5.128973549233749,0.8665136945519991,11.530963700559456,16.997292070410488
A,20,15,130,log,0.5,0.0,1.0,5.128973549233749,0.8665136945519991,11.530963700559456,16.997292070410488
A,20,15,130,log,0.5,0.1,0.0,10.225840468558795,0.8697678628380203,17.714474263009713,24.08006201904167
A,20,15,130,log,0.5,0.1,0.5,7.353247347791902,0.8681437858175561,15.171738964181936,21.199036610643805
A,20,15,130,log,0.5,0.1,1.0,5.379606815502484,0.8677188589976866,12.972694219872256,18.427694061678675
A,20,15,130,log,0.5,0.5,0.0,94.21372426779638,0.870414866461824,42.93834777311371,48.6680400407197
A,20,15,130,log,0.5,0.5,0.5,45.64046087823439,0.8696091221066988,34.601571043141995,40.53468661999311
A,20,15,130,log,0.5,0.5,1.0,13.917953730200356,0.8549524143777363,22.17377424413788,27.997492374606388
A,20,15,130,log,1.0,0.0,0.0,5.173112025687553,0.8662402033315061,11.532518477916572,17.03177198913716
A,20,15,130,log,1.0,0.0,0.5,5.173112025687553,0.8662402033315061,11.532518477916572,17.03177198913716
A,20,15,130,log,1.0,0.0,1.0,5.173112025687553,0.8662402033315061,11.532518477916572,17.03177198913716
A,20,15,130,log,1.0,0.1,0.0,21.96811899165157,0.870073034108654,25.24527935180684,31.70616557969612
A,20,15,130,log,1.0,0.1,0.5,12.58167114267608,0.868952286749796,19.899650786032204,26.287065743660367
A,20,15,130,log,1.0,0.1,1.0,6.310740403014068,0.8678075418152673,14.795913957018216,20.32843676982382
A,20,15,130,log,1.0,0.5,0.0,287.2848267847463,0.8703126789075313,56.57408523434693,62.422630214589184
A,20,15,130,log,1.0,0.5,0.5,149.955038587042,0.8674285646525668,48.91662778636919,54.84985570324585
A,20,15,130,log,1.0,0.5,1.0,37.79892234237136,0.848198624947394,32.73320549548908,38.65856691935245
A,20,15,130,log,1.5,0.0,0.0,5.189901671732336,0.8661063884690556,11.53319744437592,17.04462212706616
A,20,15,130,log,1.5,0.0,0.5,5.189901671732336,0.8661063884690556,11.53319744437592,17.04462212706616
A,20,15,130,log,1.5,0.0,1.0,5.189901671732336,0.8661063884690556,11.53319744437592,17.04462212706616
A,20,15,130,log,1.5,0.1,0.0,39.44576009183373,0.8700725749217604,32.090458288494844,38.250915258109146
A,20,15,130,log,1.5,0.1,0.5,20.46754358158467,0.8691484334638228,24.952130578714293,31.32222105016593
A,20,15,130,log,1.5,0.1,1.0,7.948698395655938,0.8661294750051312,17.02214919377373,22.63594669523981
A,20,15,130,log,1.5,0.5,0.0,522.2067964504249,0.870270662232558,63.5604402831378,69.69555884986504
A,20,15,130,log,1.5,0.5,0.5,300.39548108405626,0.8649663634866853,56.97009567589197,63.19497873713855
A,20,15,130,log,1.5,0.5,1.0,77.48997517078953,0.848198624947394,41.01403571064835,47.14224996714732
A,20,20,115,log,0.1,0.0,0.0,3.922197222590966,0.8857385659094825,12.54609904245929,16.11784627751765
A,20,20,115,log,0.1,0.0,0.5,3.922197222590966,0.8857385659094825,12.54609904245929,16.11784627751765
A,20,20,115,log,0.1,0.0,1.0,3.922197222590966,0.8857385659094825,12.54609904245929,16.11784627751765
A,20,20,115,log,0.1,0.1,0.0,4.281666921172254,0.8861732300614611,13.319324257381158,17.304216953845337
A,20,20,115,log,0.1,0.1,1.0,3.931912876598736,0.8852237949965212,12.748037724842169,16.36733365158281
A,20,20,115,log,0.1,0.1,0.5,4.086970683482669,0.8854752253004016,13.018737955673084,16.82456219572538
A,20,20,115,log,0.1,0.5,0.0,8.822477541449954,0.8865954033841332,18.80368286541921,24.01143439256795
A,20,20,115,log,0.1,0.5,0.5,5.998613921166596,0.8867474112478794,16.015105287921266,20.672064816795604
A,20,20,115,log,0.1,0.5,1.0,4.205128456825199,0.8862243798106517,13.699306991746733,17.56456417356032
A,20,20,115,log,0.5,0.0,0.0,4.111136218602596,0.8847438007484947,12.62615412505451,16.309261244396872
A,20,20,115,log,0.5,0.0,0.5,4.111136218602596,0.8847438007484947,12.62615412505451,16.309261244396872
A,20,20,115,log,0.5,0.0,1.0,4.111136218602596,0.8847438007484947,12.62615412505451,16.309261244396872
A,20,20,115,log,0.5,0.1,0.0,8.147539027483228,0.8858257569687217,17.95113545729965,23.16716141323569
A,20,20,115,log,0.5,0.1,0.5,5.895221801311609,0.8852881620613097,15.601742929655808,20.3199098805331
A,20,20,115,log,0.5,0.1,1.0,4.315411951414457,0.8852471121961599,13.621473756824804,17.587085512550274
A,20,20,115,log,0.5,0.5,0.0,66.73127575911262,0.8860455194857977,41.632480873441885,46.55418449996565
A,20,20,115,log,0.5,0.5,0.5,33.77399301433129,0.8853276091922355,33.87862599426062,38.90519333282988
A,20,20,115,log,0.5,0.5,1.0,11.141473440355773,0.8670552425969804,22.043204133102904,26.9820322434231
A,20,20,115,log,1.0,0.0,0.0,4.148786907033645,0.8845346661723692,12.644982639850536,16.349229235922852
A,20,20,115,log,1.0,0.0,0.5,4.148786907033645,0.8845346661723692,12.644982639850536,16.349229235922852
A,20,20,115,log,1.0,0.0,1.0,4.148786907033645,0.8845346661723692,12.644982639850536,16.349229235922852
A,20,20,115,log,1.0,0.1,0.0,16.846382816129953,0.8857834729812387,25.01847055253257,30.471744732099232
A,20,20,115,log,1.0,0.1,0.5,9.863575896801969,0.8855137420084963,19.94602138103766,25.24288010517628
A,20,20,115,log,1.0,0.1,1.0,5.1102713449568045,0.8846163416641708,15.14915796519558,19.43872693114068
A,20,20,115,log,1.0,0.5,0.0,189.1425561185136,0.8859588446098015,54.33527469038095,59.40567740943076
A,20,20,115,log,1.0,0.5,0.5,103.08896692179349,0.8823675736124873,47.20374281525061,52.317061846531466
A,20,20,115,log,1.0,0.5,1.0,28.36056202421119,0.8627879427170561,32.16193257879688,37.15811119056631
A,20,20,115,log,1.5,0.0,0.0,4.1630492272127,0.8844577225478558,12.652104137934636,16.36404789891688
A,20,20,115,log,1.5,0.0,0.5,4.1630492272127,0.8844577225478558,12.652104137934636,16.36404789891688
A,20,20,115,log,1.5,0.0,1.0,4.1630492272127,0.8844577225478558,12.652104137934636,16.36404789891688
A,20,20,115,log,1.5,0.1,0.0,29.293027545995123,0.8857643392117582,31.456139362142267,36.68797548876526
A,20,20,115,log,1.5,0.1,0.5,15.692610265566378,0.8854406376369235,24.75755685672554,30.094342611974053
A,20,20,115,log,1.5,0.1,1.0,6.444907635428775,0.8814525995665697,17.1628553166946,21.716049323485567
A,20,20,115,log,1.5,0.5,0.0,329.89151960828985,0.8859372852236065,60.85870827798817,66.1887933366899
A,20,20,115,log,1.5,0.5,0.5,197.12576233922692,0.8792266360135313,54.708201929694575,60.10473068832505
A,20,20,115,log,1.5,0.5,1.0,55.94033440487952,0.8627879427170561,39.97563440164961,45.20457475927024
A,20,20,120,log,0.1,0.0,0.0,4.350272816563522,0.8775091959464072,12.260721376977123,16.54020508742121
A,20,20,120,log,0.1,0.0,0.5,4.350272816563522,0.8775091959464072,12.260721376977123,16.54020508742121
A,20,20,120,log,0.1,0.0,1.0,4.350272816563522,0.8775091959464072,12.260721376977123,16.54020508742121
A,20,20,120,log,0.1,0.1,0.0,4.8027989814888965,0.8780304412454398,13.208657070734583,17.844603486919574
A,20,20,120,log,0.1,0.1,0.5,4.573442633198262,0.877387213271861,12.858209490770127,17.334906950910685
A,20,20,120,log,0.1,0.1,1.0,4.402424741296697,0.8769603564145971,12.5520628190061,16.86381255202053
A,20,20,120,log,0.1,0.5,0.0,10.251535651138315,0.8789690641031017,19.19342993796179,24.885766085022407
A,20,20,120,log,0.1,0.5,0.5,6.894381736681801,0.8788287897169285,16.275240311310558,21.45497070910288
A,20,20,120,log,0.1,0.5,1.0,4.742478588358457,0.8782113587819321,13.760341290930567,18.208174503091723
A,20,20,120,log,0.5,0.0,0.0,4.547100496322785,0.8763673224330161,12.283194160054045,16.705384094758895
A,20,20,120,log,0.5,0.0,0.5,4.547100496322785,0.8763673224330161,12.283194160054045,16.705384094758895
A,20,20,120,log,0.5,0.0,1.0,4.547100496322785,0.8763673224330161,12.283194160054045,16.705384094758895
A,20,20,120,log,0.5,0.1,0.0,9.470702488370986,0.8781258190034503,18.294234369519003,24.029648605015574
A,20,20,120,log,0.5,0.1,0.5,6.790008507666992,0.8771343558875395,15.789854854664847,21.091339956645
A,20,20,120,log,0.5,0.5,0.0,81.89461736108163,0.8784492714056491,42.77845324830992,48.09736360444023
A,20,20,120,log,0.5,0.1,1.0,4.876447393315011,0.8768579507470733,13.604256898274036,18.21053328461577
A,20,20,120,log,0.5,0.5,1.0,13.074128647220764,0.8607677936147387,22.68623517792569,28.033396045534698
A,20,20,120,log,0.5,0.5,0.5,40.810065488527954,0.8776983217791713,34.821675243990015,40.2728587703236
A,20,20,120,log,1.0,0.0,0.0,4.588817863256941,0.8760720178458217,12.290077336521378,16.740047655706864
A,20,20,120,log,1.0,0.0,0.5,4.588817863256941,0.8760720178458217,12.290077336521378,16.740047655706864
A,20,20,120,log,1.0,0.0,1.0,4.588817863256941,0.8760720178458217,12.290077336521378,16.740047655706864
A,20,20,120,log,1.0,0.1,0.0,19.997018171690275,0.8781522572138354,25.69182961162978,31.591210442597497
A,20,20,120,log,1.0,0.1,1.0,5.859190199689951,0.8767149621097801,15.379141136770674,20.218863783147533
A,20,20,120,log,1.0,0.1,0.5,11.601040827935096,0.8775660183449387,20.448041174460947,26.23326762125456
A,20,20,120,log,1.0,0.5,0.0,239.25004305012052,0.8783586866672541,55.82196505902651,61.30264427897123
A,20,20,120,log,1.0,0.5,0.5,128.41682138902996,0.8750284741497623,48.50681150346197,54.04816300685998
A,20,20,120,log,1.0,0.5,1.0,34.23148573730286,0.8554715484347992,33.048314969588105,38.49650050939732
A,20,20,120,log,1.5,0.0,0.0,4.604645688833332,0.875962760763606,12.292747471428497,16.752876847625753
A,20,20,120,log,1.5,0.0,0.5,4.604645688833332,0.875962760763606,12.292747471428497,16.752876847625753
A,20,20,120,log,1.5,0.0,1.0,4.604645688833332,0.875962760763606,12.292747471428497,16.752876847625753
A,20,20,120,log,1.5,0.1,0.0,35.25363047374166,0.8781401224868374,32.33432471429778,37.98673274387127
A,20,20,120,log,1.5,0.1,0.5,18.67332590802628,0.877560716818244,25.43921359818908,31.23740855465592
A,20,20,120,log,1.5,0.1,1.0,7.462838430551377,0.8740587462635622,17.573501253785164,22.60890414294384
A,20,20,120,log,1.5,0.5,0.0,424.41940143659366,0.8783277978619524,62.5132184861486,68.26984206659333
A,20,20,120,log,1.5,0.5,1.0,68.58529079310881,0.8554715484347992,41.03329140708525,46.730462296608096
A,20,20,120,log,1.5,0.5,0.5,250.2619364466528,0.8721433229073667,56.20815580947534,62.0442799499535
A,20,20,125,log,0.1,0.0,0.0,4.921258090188164,0.8682721449920212,11.935530126232877,17.23001611918716
A,20,20,125,log,0.1,0.0,0.5,4.921258090188164,0.8682721449920212,11.935530126232877,17.23001611918716
A,20,20,125,log,0.1,0.0,1.0,4.921258090188164,0.8682721449920212,11.935530126232877,17.23001611918716
A,20,20,125,log,0.1,0.1,0.0,5.4841115623344034,0.8692015589231273,13.053816205231511,18.59042653309559
A,20,20,125,log,0.1,0.1,1.0,5.029023245600786,0.8680306119248401,12.315566694590697,17.606397249916963
A,20,20,125,log,0.1,0.1,0.5,5.225621272021454,0.8687399612211507,12.656249334781728,18.073820742676705
A,20,20,125,log,0.1,0.5,0.0,11.999380016492106,0.8706319361221262,19.520910352841767,25.805020277056823
A,20,20,125,log,0.1,0.5,0.5,8.01001481776735,0.870279623594989,16.471664411404333,22.32801835602337
A,20,20,125,log,0.1,0.5,1.0,5.44047527392071,0.8693731874802284,13.763297113390683,19.01565784669534
A,20,20,125,log,0.5,0.0,0.0,5.138456904139323,0.8671082472272629,11.903740999154692,17.381026130938945
A,20,20,125,log,0.5,0.0,0.5,5.138456904139323,0.8671082472272629,11.903740999154692,17.381026130938945
A,20,20,125,log,0.5,0.0,1.0,5.138456904139323,0.8671082472272629,11.903740999154692,17.381026130938945
A,20,20,125,log,0.5,0.1,0.0,11.097413620918072,0.8697231641792247,18.5793521818298,24.95313408964207
A,20,20,125,log,0.5,0.1,0.5,7.916058016359839,0.8683905861195645,15.917317285170792,21.97311822847448
A,20,20,125,log,0.5,0.1,1.0,5.619355881182372,0.8680907168086346,13.542154148160671,19.022586197849456
A,20,20,125,log,0.5,0.5,0.0,100.7516639066881,0.8702589720884305,43.847484153219696,49.57859812525638
A,20,20,125,log,0.5,0.5,0.5,49.49518348242397,0.8696501049562289,35.69990669018404,41.59564567809895
A,20,20,125,log,0.5,0.5,1.0,15.422517174361582,0.8542590599822641,23.27899544956923,29.086659529982683
A,20,20,125,log,1.0,0.0,0.0,5.184255292548732,0.8668816338288838,11.901663734824126,17.413513664841965
A,20,20,125,log,1.0,0.0,0.5,5.184255292548732,0.8668816338288838,11.901663734824126,17.413513664841965
A,20,20,125,log,1.0,0.0,1.0,5.184255292548732,0.8668816338288838,11.901663734824126,17.413513664841965
A,20,20,125,log,1.0,0.1,0.0,23.84794980118294,0.8699192445260817,26.30600369146804,32.70142786437483
A,20,20,125,log,1.0,0.1,0.5,13.737170266474743,0.8691615659428228,20.894386706042333,27.251164396982528
A,20,20,125,log,1.0,0.1,1.0,6.799450228649555,0.8682581441897945,15.546271484947033,21.10789157229151
A,20,20,125,log,1.0,0.5,0.0,302.81142793275086,0.8701662083464793,57.20906663531574,63.10958445465021
A,20,20,125,log,1.0,0.5,0.5,160.20452234145222,0.8673126090611868,49.72327208284738,55.70407659829404
A,20,20,125,log,1.0,0.5,1.0,41.45288188202797,0.848198624947394,33.88288038398951,39.79781306115473
A,20,20,125,log,1.5,0.0,0.0,5.201586665395536,0.8667961003018068,11.901077305154596,17.42555165732208
A,20,20,125,log,1.5,0.0,0.5,5.201586665395536,0.8667961003018068,11.901077305154596,17.42555165732208
A,20,20,125,log,1.5,0.0,1.0,5.201586665395536,0.8667961003018068,11.901077305154596,17.42555165732208
A,20,20,125,log,1.5,0.1,0.0,42.58434090807864,0.8699113970382651,33.14847415878204,39.24882861140843
A,20,20,125,log,1.5,0.1,0.5,22.33264578606402,0.869261949999825,26.07373314273701,32.370069864368574
A,20,20,125,log,1.5,0.1,1.0,8.712082092224861,0.8662160463708111,17.92946250124681,23.560410927924263
A,20,20,125,log,1.5,0.5,0.0,545.773872984399,0.870143809956138,64.05578172653972,70.24669481905637
A,20,20,125,log,1.5,0.5,0.5,317.7627380670341,0.8647233709177726,57.6079306137984,63.89274464831546
A,20,20,125,log,1.5,0.5,1.0,84.28316836958933,0.848198624947394,42.025627170678334,48.20149635760163
A,20,20,130,log,0.1,0.0,0.0,4.890304498867643,0.8676629816116197,11.52877544438713,16.828770425597483
A,20,20,130,log,0.1,0.0,0.5,4.890304498867643,0.8676629816116197,11.52877544438713,16.828770425597483
A,20,20,130,log,0.1,0.0,1.0,4.890304498867643,0.8676629816116197,11.52877544438713,16.828770425597483
A,20,20,130,log,0.1,0.1,0.0,5.274697885714358,0.8688734711321964,12.496953673841984,18.02281235070985
A,20,20,130,log,0.1,0.1,1.0,4.963995769161542,0.86713376824981,11.87198634602212,17.164919190075146
A,20,20,130,log,0.1,0.1,0.5,5.07829879841489,0.8681891734980814,12.150837877295558,17.556892658240024
A,20,20,130,log,0.1,0.5,0.0,10.993122073588228,0.8706588517366084,18.57243400602869,24.86431229722633
A,20,20,130,log,0.1,0.5,0.5,7.369576710457197,0.8700740505155833,15.643181296790925,21.47936162324263
A,20,20,130,log,0.5,0.0,0.0,5.102463308864657,0.8665408061096999,11.52034023653749,16.991477065753156
A,20,20,130,log,0.1,0.5,1.0,5.164662677642284,0.8690946561236907,13.133171712366954,18.365582268560928
A,20,20,130,log,0.5,0.0,0.5,5.102463308864657,0.8665408061096999,11.52034023653749,16.991477065753156
A,20,20,130,log,0.5,0.0,1.0,5.102463308864657,0.8665408061096999,11.52034023653749,16.991477065753156
A,20,20,130,log,0.5,0.1,0.0,10.208358461414845,0.8696811902131133,17.703269878657885,24.07014834437441
A,20,20,130,log,0.5,0.1,0.5,7.353247347792002,0.8681437858175561,15.171738964182005,21.19903661064389
A,20,20,130,log,0.5,0.1,1.0,5.3796068155024885,0.8677188589976866,12.972694219872258,18.42769406167868
A,20,20,130,log,0.5,0.5,0.0,94.09347974294332,0.8703555206551135,42.91532471734131,48.647943740063326
A,20,20,130,log,0.5,0.5,0.5,45.64046087823439,0.8696091221066988,34.601571043141995,40.53468661999311
A,20,20,130,log,0.5,0.5,1.0,13.917953730200356,0.8549524143777363,22.17377424413788,27.997492374606388
A,20,20,130,log,1.0,0.0,0.0,5.148403156955281,0.8661877540284321,11.522231470485186,17.02629795540604
A,20,20,130,log,1.0,0.0,0.5,5.148403156955281,0.8661877540284321,11.522231470485186,17.02629795540604
A,20,20,130,log,1.0,0.0,1.0,5.148403156955281,0.8661877540284321,11.522231470485186,17.02629795540604
A,20,20,130,log,1.0,0.1,0.0,21.933254830426883,0.8699809644124873,25.23110885337092,31.690987665610383
A,20,20,130,log,1.0,0.1,0.5,12.581671142676075,0.868952286749796,19.899650786032204,26.287065743660367
A,20,20,130,log,1.0,0.1,1.0,6.310740403014082,0.8678075418152673,14.795913957018218,20.32843676982383
A,20,20,130,log,1.0,0.5,0.0,287.0218025980529,0.8702507952542552,56.55907147922541,62.40774670109349
A,20,20,130,log,1.0,0.5,0.5,149.955038587042,0.8674285646525668,48.91662778636919,54.84985570324585
A,20,20,130,log,1.0,0.5,1.0,37.79892234237136,0.848198624947394,32.73320549548908,38.65856691935245
A,20,20,130,log,1.5,0.0,0.0,5.165911820608453,0.86607127841447,11.52300446348265,17.03916968926499
A,20,20,130,log,1.5,0.0,0.5,5.165911820608453,0.86607127841447,11.52300446348265,17.03916968926499
A,20,20,130,log,1.5,0.0,1.0,5.165911820608453,0.86607127841447,11.52300446348265,17.03916968926499
A,20,20,130,log,1.5,0.1,0.0,39.392431499671005,0.8699974224046146,32.06827098246621,38.23288687602491
A,20,20,130,log,1.5,0.1,0.5,20.46754358158477,0.8691484334638228,24.95213057871431,31.32222105016596
A,20,20,130,log,1.5,0.1,1.0,7.948698395655951,0.8661294750051312,17.022149193773735,22.635946695239817
A,20,20,130,log,1.5,0.5,0.0,521.8254661336932,0.8702229121517062,63.54910855876962,69.68392171401402
A,20,20,130,log,1.5,0.5,0.5,300.39548108405626,0.8649663634866853,56.97009567589197,63.19497873713855
A,20,20,130,log,1.5,0.5,1.0,77.48997517078953,0.848198624947394,41.01403571064835,47.14224996714732
A,25,10,115,log,0.1,0.0,0.0,3.224010587912731,0.8952250055506239,11.575965029431156,14.94397536472923
A,25,10,115,log,0.1,0.0,0.5,3.224010587912731,0.8952250055506239,11.575965029431156,14.94397536472923
A,25,10,115,log,0.1,0.0,1.0,3.224010587912731,0.8952250055506239,11.575965029431156,14.94397536472923
A,25,10,115,log,0.1,0.1,0.0,3.5194343824544205,0.8955905272785063,12.326228704243343,16.104158913131677
A,25,10,115,log,0.1,0.1,1.0,3.2142211418900266,0.8950439506260819,11.712634176266771,15.142732285338074
A,25,10,115,log,0.1,0.1,0.5,3.3433719814058795,0.89535756476919,11.984675684902523,15.593716237950058
A,25,10,115,log,0.1,0.5,0.0,7.553225185308619,0.8958866833276777,18.05415203990098,22.960170946199977
A,25,10,115,log,0.1,0.5,0.5,5.085703390312178,0.8962363817864192,15.045578204894897,19.550180569887463
A,25,10,115,log,0.1,0.5,1.0,3.5083495148037094,0.8960327125990487,12.6499826841922,16.40096423635522
A,25,10,115,log,0.5,0.0,0.0,3.37760790262958,0.8941655403028946,11.673989767683016,15.14368787343319
A,25,10,115,log,0.5,0.0,0.5,3.37760790262958,0.8941655403028946,11.673989767683016,15.14368787343319
A,25,10,115,log,0.5,0.0,1.0,3.37760790262958,0.8941655403028946,11.673989767683016,15.14368787343319
A,25,10,115,log,0.5,0.1,0.0,6.932657540856148,0.8951233120189501,17.17936613920149,22.09940060887579
A,25,10,115,log,0.5,0.1,0.5,4.944607461729857,0.8946804691665238,14.65198778262339,19.174678147033937
A,25,10,115,log,0.5,0.1,1.0,3.608071431840122,0.8947159179404839,12.603760157023093,16.442639284147006
A,25,10,115,log,0.5,0.5,0.0,60.64239173828234,0.8953214429262791,41.12215768528616,45.81605664441746
A,25,10,115,log,0.5,0.5,0.5,30.899337929338305,0.8951325781018868,33.327862541672275,38.15727048607396
A,25,10,115,log,0.5,0.5,1.0,9.917401095426005,0.8827314074506682,21.58386315368316,26.244149086310085
A,25,10,115,log,1.0,0.0,0.0,3.4123841269952293,0.8939529915931758,11.697922922151312,15.18735047323013
A,25,10,115,log,1.0,0.0,0.5,3.4123841269952293,0.8939529915931758,11.697922922151312,15.18735047323013
A,25,10,115,log,1.0,0.0,1.0,3.4123841269952293,0.8939529915931758,11.697922922151312,15.18735047323013
A,25,10,115,log,1.0,0.1,0.0,14.795959463607549,0.8950453337835687,24.478378407024287,29.58764542472221
A,25,10,115,log,1.0,0.1,0.5,8.606673902278155,0.8947760136071737,19.200601438343607,24.27553850415007
A,25,10,115,log,1.0,0.1,1.0,4.405466757289828,0.8941993551067533,14.155462343584295,18.40448988508198
A,25,10,115,log,1.0,0.5,0.0,175.73920756368986,0.8952295498739374,53.680509576838496,58.67776791883207
A,25,10,115,log,1.0,0.5,0.5,96.51321741965556,0.8932762104802021,46.667953857676,51.67468309032584
A,25,10,115,log,1.0,0.5,1.0,26.87632439906495,0.8704692725494004,32.77746116549604,37.38556851855908
A,25,10,115,log,1.5,0.0,0.0,3.425737200267425,0.8938767563801356,11.707097367649297,15.20382328613446
A,25,10,115,log,1.5,0.0,0.5,3.425737200267425,0.8938767563801356,11.707097367649297,15.20382328613446
A,25,10,115,log,1.5,0.0,1.0,3.425737200267425,0.8938767563801356,11.707097367649297,15.20382328613446
A,25,10,115,log,1.5,0.1,0.0,26.163824374849924,0.8950056787878644,30.97157397631205,35.89833649493271
A,25,10,115,log,1.5,0.1,0.5,14.018292748409078,0.8947252222897497,24.118030613062583,29.239686220603925
A,25,10,115,log,1.5,0.1,1.0,5.673743200223409,0.8923694423936036,16.189254882319723,20.751891734974954
A,25,10,115,log,1.5,0.5,0.0,309.7389963488272,0.8951990869277207,60.12857629716338,65.44564037137741
A,25,10,115,log,1.5,0.5,0.5,186.65280462964165,0.8912271672590627,54.147191579522335,59.50052512251182
A,25,10,115,log,1.5,0.5,1.0,53.762887529275815,0.8707378350019284,40.32144259717266,45.41657126251996
A,25,10,120,log,0.1,0.0,0.0,3.545111324422781,0.8867025610130586,11.288037114352814,15.303338646633565
A,25,10,120,log,0.1,0.0,0.5,3.545111324422781,0.8867025610130586,11.288037114352814,15.303338646633565
A,25,10,120,log,0.1,0.0,1.0,3.545111324422781,0.8867025610130586,11.288037114352814,15.303338646633565
A,25,10,120,log,0.1,0.1,0.0,3.910292659079592,0.8874356679894971,12.216162482417191,16.585970761279064
A,25,10,120,log,0.1,0.1,0.5,3.700856496596465,0.8870959620394162,11.82420208868238,16.042839605227638
A,25,10,120,log,0.1,0.1,1.0,3.552740800991232,0.8864841697177205,11.519356115813409,15.572484243879313
A,25,10,120,log,0.1,0.5,0.0,8.686402517970613,0.888071873853766,18.42095472376025,23.76927494292401
A,25,10,120,log,0.1,0.5,0.5,5.795798855155472,0.888072304698668,15.28349796537563,20.27141731400784
A,25,10,120,log,0.1,0.5,1.0,3.932260667123741,0.8876976058541832,12.697772983400748,16.989338109759778
A,25,10,120,log,0.5,0.0,0.0,3.715192157510755,0.8854971666277762,11.329584758482094,15.476251488630458
A,25,10,120,log,0.5,0.0,0.5,3.715192157510755,0.8854971666277762,11.329584758482094,15.476251488630458
A,25,10,120,log,0.5,0.0,1.0,3.715192157510755,0.8854971666277762,11.329584758482094,15.476251488630458
A,25,10,120,log,0.5,0.1,0.0,7.973529388099058,0.8872157207223454,17.511538592698344,22.89997965355061
A,25,10,120,log,0.5,0.1,0.5,5.644614669893608,0.8863095349565884,14.838481788917054,19.88977130098832
A,25,10,120,log,0.5,0.5,0.0,73.83373681007234,0.887507591095576,42.22578630746241,47.29813856284345
A,25,10,120,log,0.5,0.1,1.0,4.046072288516191,0.886133322966996,12.584340839162945,17.01027715284298
A,25,10,120,log,0.5,0.5,0.5,37.08048062407156,0.8871261007758722,34.22307679879834,39.46220698109847
A,25,10,120,log,0.5,0.5,1.0,11.584603451216022,0.875836933459173,22.17134880933631,27.256088544843216
A,25,10,120,log,1.0,0.0,0.0,3.754280757544416,0.8851693316450518,11.34250628121355,15.51471172865854
A,25,10,120,log,1.0,0.0,0.5,3.754280757544416,0.8851693316450518,11.34250628121355,15.51471172865854
A,25,10,120,log,1.0,0.0,1.0,3.754280757544416,0.8851693316450518,11.34250628121355,15.51471172865854
A,25,10,120,log,1.0,0.1,0.0,17.392292401870122,0.8872229348497165,25.124222044027768,30.646865393729275
A,25,10,120,log,1.0,0.1,0.5,10.028835719628075,0.8865490917416239,19.67664358594512,25.20985021437999
A,25,10,120,log,1.0,0.1,1.0,5.021660821656137,0.8859282099749896,14.362319206274346,19.131363815716124
A,25,10,120,log,1.0,0.5,0.0,220.90831210667125,0.8874005467947119,55.10921661140427,60.50856253592861
A,25,10,120,log,1.0,0.5,0.5,119.54903305254314,0.8854419326290884,47.912314777150726,53.33606674015427
A,25,10,120,log,1.0,0.5,1.0,32.311307465044145,0.8631004218825031,33.65832696123566,38.72565288875646
A,25,10,120,log,1.5,0.0,0.0,3.769236018532035,0.8850895417617457,11.347526766778971,15.529190473498616
A,25,10,120,log,1.5,0.0,0.5,3.769236018532035,0.8850895417617457,11.347526766778971,15.529190473498616
A,25,10,120,log,1.5,0.0,1.0,3.769236018532035,0.8850895417617457,11.347526766778971,15.529190473498616
A,25,10,120,log,1.5,0.1,0.0,31.20598788855123,0.8871872234803275,31.82103620038729,37.13804431783005
A,25,10,120,log,1.5,0.1,0.5,16.543106517013534,0.8865536661687756,24.77354317342548,30.32964055100009
A,25,10,120,log,1.5,0.1,1.0,6.541644719735855,0.8844356208664703,16.564673488056563,21.59887525476405
A,25,10,120,log,1.5,0.5,0.0,396.3250330725884,0.8873704840353744,61.71682724169847,67.45598245403227
A,25,10,120,log,1.5,0.5,0.5,235.7550305457283,0.8835778572549573,55.581175688046,61.365960082252585
A,25,10,120,log,1.5,0.5,1.0,65.67588716458354,0.8636266516194228,41.39474506875566,46.96153208286415
A,25,10,125,log,0.1,0.0,0.0,3.997487146215741,0.8778964262239874,10.973275369983115,15.942458830001556
A,25,10,125,log,0.1,0.0,0.5,3.997487146215741,0.8778964262239874,10.973275369983115,15.942458830001556
A,25,10,125,log,0.1,0.0,1.0,3.997487146215741,0.8778964262239874,10.973275369983115,15.942458830001556
A,25,10,125,log,0.1,0.1,0.0,4.437276647282151,0.8791137650056771,12.062424605110548,17.278222867459323
A,25,10,125,log,0.1,0.1,1.0,4.025311164455271,0.8777376656136274,11.29465832155866,16.259622464995367
A,25,10,125,log,0.1,0.1,0.5,4.192941052455562,0.8787965148160275,11.62994686538282,16.724630752089894
A,25,10,125,log,0.1,0.5,0.0,10.064554805816886,0.8802667896357029,18.739894646118906,24.62392550985545
A,25,10,125,log,0.1,0.5,0.5,6.680911058471368,0.8800072054645346,15.468518028631246,21.08442551876687
A,25,10,125,log,0.5,0.0,0.0,4.187604302725222,0.8766963478068088,10.963528475321189,16.10026681480514
A,25,10,125,log,0.1,0.5,1.0,4.489784273151851,0.8794849554351932,12.70013909606201,17.74787727326191
A,25,10,125,log,0.5,0.0,0.5,4.187604302725222,0.8766963478068088,10.963528475321189,16.10026681480514
A,25,10,125,log,0.5,0.0,1.0,4.187604302725222,0.8766963478068088,10.963528475321189,16.10026681480514
A,25,10,125,log,0.5,0.1,0.0,9.247378704306604,0.8793658102318167,17.79940274715069,23.761776590705825
A,25,10,125,log,0.5,0.1,0.5,6.517981703094122,0.8782978057940412,14.974398180460296,20.70744029773185
A,25,10,125,log,0.5,0.1,1.0,4.628331722406726,0.8778026501386027,12.529289457008613,17.770370463332846
A,25,10,125,log,0.5,0.5,0.0,90.07183654202939,0.8797891819810003,43.25185592781754,48.71706985300016
A,25,10,125,log,0.5,0.5,0.5,44.6330974552388,0.8793565419658002,35.05588181236075,40.72390598559102
A,25,10,125,log,0.5,0.5,1.0,13.600927577178382,0.8691541915903725,22.717696923930504,28.26478815894049
A,25,10,125,log,1.0,0.0,0.0,4.230187715182742,0.8764232110183565,10.96649122241492,16.135724536349436
A,25,10,125,log,1.0,0.0,0.5,4.230187715182742,0.8764232110183565,10.96649122241492,16.135724536349436
A,25,10,125,log,1.0,0.0,1.0,4.230187715182742,0.8764232110183565,10.96649122241492,16.135724536349436
A,25,10,125,log,1.0,0.1,0.0,20.53074712204492,0.8794634825039808,25.710054704081703,31.69589412961783
A,25,10,125,log,1.0,0.1,0.5,11.762254395376123,0.8785119605904113,20.11183606535635,26.17254816088003
A,25,10,125,log,1.0,0.1,1.0,5.799604125852081,0.8779314444862528,14.5165561158619,19.97062992680414
A,25,10,125,log,1.0,0.5,0.0,277.74268531133964,0.8796812476250422,56.43605792685283,62.24674700585881
A,25,10,125,log,1.0,0.5,0.5,148.24946774566655,0.8778532456070618,49.06889908986257,54.92099806664792
A,25,10,125,log,1.0,0.5,1.0,38.97594727716923,0.8562234640062437,34.48075986470137,40.02453094844504
A,25,10,125,log,1.5,0.0,0.0,4.246546630925503,0.876272804599339,10.967982629223425,16.149125615186698
A,25,10,125,log,1.5,0.0,0.5,4.246546630925503,0.876272804599339,10.967982629223425,16.149125615186698
A,25,10,125,log,1.5,0.0,1.0,4.246546630925503,0.876272804599339,10.967982629223425,16.149125615186698
A,25,10,125,log,1.5,0.1,0.0,37.33661428352643,0.8794315981932872,32.60867809035705,38.34035251623284
A,25,10,125,log,1.5,0.1,0.5,19.608911424092287,0.8786211616917857,25.37649261875198,31.408506018500123
A,25,10,125,log,1.5,0.1,1.0,7.608903288154229,0.8766880055627222,16.89748909008418,22.503940544432385
A,25,10,125,log,1.5,0.5,0.0,506.7114006490403,0.8796416837459725,63.19078487183253,69.35900028087443
A,25,10,125,log,1.5,0.5,0.5,297.7548094083316,0.876165408583794,56.912585392496034,63.13714413135665
A,25,10,125,log,1.5,0.5,1.0,80.40589542112151,0.8569973882651165,42.39639349265558,48.4474965229234
A,25,10,130,log,0.1,0.0,0.0,3.995781475166319,0.8772268584414972,10.591823948946985,15.572884960051056
A,25,10,130,log,0.1,0.0,0.5,3.995781475166319,0.8772268584414972,10.591823948946985,15.572884960051056
A,25,10,130,log,0.1,0.0,1.0,3.995781475166319,0.8772268584414972,10.591823948946985,15.572884960051056
A,25,10,130,log,0.1,0.1,0.0,4.26727505619921,0.8786904958954288,11.534520365199842,16.72828525786733
A,25,10,130,log,0.1,0.1,0.5,4.083737782180605,0.8782272066879123,11.152699981732974,16.234438266692745
A,25,10,130,log,0.1,0.1,1.0,3.97711733455549,0.8772872162594354,10.865854645231831,15.833530001678788
A,25,10,130,log,0.1,0.5,0.0,9.182636069971243,0.8803396246083194,17.79495717933691,23.678941785615745
A,25,10,130,log,0.1,0.5,0.5,6.128755654124878,0.8798243395460386,14.656310843944286,20.241604756636427
A,25,10,130,log,0.1,0.5,1.0,4.251106115255553,0.8791961582547986,12.094058641372698,17.109292703461005
A,25,10,130,log,0.5,0.0,0.0,4.187928602638655,0.8758732151044011,10.599985426744489,15.740618799762164
A,25,10,130,log,0.5,0.0,1.0,4.187928602638655,0.8758732151044011,10.599985426744489,15.740618799762164
A,25,10,130,log,0.5,0.0,0.5,4.187928602638655,0.8758732151044011,10.599985426744489,15.740618799762164
A,25,10,130,log,0.5,0.1,0.0,8.470889293181717,0.8793536142189889,16.918975997777704,22.8736963140574
A,25,10,130,log,0.5,0.1,0.5,6.028976134012168,0.8780847404703465,14.23535113549702,19.934550341060707
A,25,10,130,log,0.5,0.1,1.0,4.414830400063836,0.8773269028918845,11.982629939789089,17.188044459891394
A,25,10,130,log,0.5,0.5,0.0,84.02559318883114,0.8799104585509493,42.36462949859642,47.80976226295918
A,25,10,130,log,0.5,0.5,0.5,41.14665009231212,0.879275996462245,34.00534595684469,39.69194108664226
A,25,10,130,log,0.5,0.5,1.0,12.24537149626454,0.8695684835273099,21.55518876676912,27.140275255857752
A,25,10,130,log,1.0,0.0,0.0,4.2331978262511125,0.8755331885969151,10.606022910681702,15.7782696533563
A,25,10,130,log,1.0,0.0,0.5,4.2331978262511125,0.8755331885969151,10.606022910681702,15.7782696533563
A,25,10,130,log,1.0,0.0,1.0,4.2331978262511125,0.8755331885969151,10.606022910681702,15.7782696533563
A,25,10,130,log,1.0,0.1,0.0,18.83448037172758,0.8795413712097927,24.66144752287591,30.690337209834823
A,25,10,130,log,1.0,0.1,0.5,10.738228987849222,0.8782951567855081,19.139267486201195,25.21209773506976
A,25,10,130,log,1.0,0.1,1.0,5.361507525417549,0.8774710444923528,13.789304722530442,19.197404929236807
A,25,10,130,log,1.0,0.5,0.0,263.1368861665229,0.8797774238158578,55.82127136194816,61.56969196390853
A,25,10,130,log,1.0,0.5,1.0,35.538411132694954,0.8560763555055138,33.40471039036872,38.90757628846672
A,25,10,130,log,1.0,0.5,0.5,138.821251719484,0.8778416833931291,48.29753983462128,54.09011569228022
A,25,10,130,log,1.5,0.0,0.0,4.249922309811204,0.8754162745880512,10.608535956698244,15.792430920548153
A,25,10,130,log,1.5,0.0,0.5,4.249922309811204,0.8754162745880512,10.608535956698244,15.792430920548153
A,25,10,130,log,1.5,0.0,1.0,4.249922309811204,0.8754162745880512,10.608535956698244,15.792430920548153
A,25,10,130,log,1.5,0.1,0.0,34.47839506649389,0.8795199466997264,31.5618277170236,37.33866618116974
A,25,10,130,log,1.5,0.1,0.5,17.942217295307554,0.8784698346646698,24.292741322373267,30.377814690647007
A,25,10,130,log,1.5,0.1,1.0,6.922553765614964,0.8765676167124623,16.005442288374145,21.5839953940453
A,25,10,130,log,1.5,0.5,0.0,484.3945542820306,0.87974363247268,62.711082060789366,68.81756599844503
A,25,10,130,log,1.5,0.5,0.5,281.5904384344809,0.8762215695668552,56.30169154159525,62.45735314337419
A,25,10,130,log,1.5,0.5,1.0,73.83729636083214,0.8569461343465553,41.48605552606455,47.45459165159362
A,25,15,115,log,0.1,0.0,0.0,3.2164789119366035,0.8951827891283302,11.581674516229524,14.93882906741799
A,25,15,115,log,0.1,0.0,0.5,3.2164789119366035,0.8951827891283302,11.581674516229524,14.93882906741799
A,25,15,115,log,0.1,0.0,1.0,3.2164789119366035,0.8951827891283302,11.581674516229524,14.93882906741799
A,25,15,115,log,0.1,0.1,0.0,3.5100843255939163,0.8956104201147126,12.32950050270971,16.099630978942372
A,25,15,115,log,0.1,0.1,0.5,3.341321017660852,0.8953708103364658,11.98904496565596,15.594173764399846
A,25,15,115,log,0.1,0.1,1.0,3.2142211418900266,0.8950439506260819,11.712634176266771,15.142732285338074
A,25,15,115,log,0.1,0.5,0.0,7.5376461529372545,0.8958365885353796,18.061304005333227,22.95991572038514
A,25,15,115,log,0.1,0.5,0.5,5.085703390312178,0.8962363817864192,15.045578204894897,19.550180569887463
A,25,15,115,log,0.1,0.5,1.0,3.5083495148037094,0.8960327125990487,12.6499826841922,16.40096423635522
A,25,15,115,log,0.5,0.0,0.0,3.366334810155672,0.8942009944942969,11.679413987548624,15.135665683596272
A,25,15,115,log,0.5,0.0,0.5,3.366334810155672,0.8942009944942969,11.679413987548624,15.135665683596272
A,25,15,115,log,0.5,0.0,1.0,3.366334810155672,0.8942009944942969,11.679413987548624,15.135665683596272
A,25,15,115,log,0.5,0.1,0.0,6.91562337966676,0.8951308818148711,17.187779504804787,22.098232022722524
A,25,15,115,log,0.5,0.1,0.5,4.944607461729861,0.8946804691665238,14.651987782623396,19.174678147033944
A,25,15,115,log,0.5,0.1,1.0,3.608071431840122,0.8947159179404839,12.603760157023093,16.442639284147006
A,25,15,115,log,0.5,0.5,0.0,60.60866941974007,0.895315402756436,41.1350344632108,45.82548250239218
A,25,15,115,log,0.5,0.5,0.5,30.899337929338305,0.8951325781018868,33.327862541672275,38.15727048607396
A,25,15,115,log,0.5,0.5,1.0,9.917401095426005,0.8827314074506682,21.58386315368316,26.244149086310085
A,25,15,115,log,1.0,0.0,0.0,3.399850072256784,0.8939954398123161,11.703040438528456,15.17801346068067
A,25,15,115,log,1.0,0.0,0.5,3.399850072256784,0.8939954398123161,11.703040438528456,15.17801346068067
A,25,15,115,log,1.0,0.0,1.0,3.399850072256784,0.8939954398123161,11.703040438528456,15.17801346068067
A,25,15,115,log,1.0,0.1,0.0,14.772040089993562,0.8950642759154036,24.49441872458948,29.594217562403525
A,25,15,115,log,1.0,0.1,0.5,8.60667390227816,0.8947760136071737,19.20060143834361,24.27553850415008
A,25,15,115,log,1.0,0.1,1.0,4.405466757289832,0.8941993551067533,14.1554623435843,18.404489885081983
A,25,15,115,log,1.0,0.5,0.0,175.71938983919955,0.8952195423041124,53.68904172918527,58.685488275140735
A,25,15,115,log,1.0,0.5,0.5,96.51321741965556,0.8932762104802021,46.667953857676,51.67468309032584
A,25,15,115,log,1.0,0.5,1.0,26.87632439906495,0.8704692725494004,32.77746116549604,37.38556851855908
A,25,15,115,log,1.5,0.0,0.0,3.412607814207494,0.8939090512042439,11.712042963973056,15.193808703394044
A,25,15,115,log,1.5,0.0,0.5,3.412607814207494,0.8939090512042439,11.712042963973056,15.193808703394044
A,25,15,115,log,1.5,0.0,1.0,3.412607814207494,0.8939090512042439,11.712042963973056,15.193808703394044
A,25,15,115,log,1.5,0.1,0.0,26.133621329356327,0.8950225497454461,30.98776800797908,35.907880457291434
A,25,15,115,log,1.5,0.1,1.0,5.673743200223409,0.8923694423936036,16.189254882319723,20.751891734974954
A,25,15,115,log,1.5,0.1,0.5,14.018292748409078,0.8947252222897497,24.118030613062583,29.239686220603925
A,25,15,115,log,1.5,0.5,0.0,309.7506250391799,0.8952069701824785,60.135136093279456,65.45192689196568
A,25,15,115,log,1.5,0.5,0.5,186.65280462964165,0.8912271672590627,54.147191579522335,59.50052512251182
A,25,15,115,log,1.5,0.5,1.0,53.762887529275815,0.8707378350019284,40.32144259717266,45.41657126251996
A,25,15,120,log,0.1,0.0,0.0,3.5344547093609107,0.8867433129419089,11.292671409963772,15.29590832849046
A,25,15,120,log,0.1,0.0,0.5,3.5344547093609107,0.8867433129419089,11.292671409963772,15.29590832849046
A,25,15,120,log,0.1,0.0,1.0,3.5344547093609107,0.8867433129419089,11.292671409963772,15.29590832849046
A,25,15,120,log,0.1,0.1,0.0,3.898697301466768,0.88746601206867,12.22017267084875,16.580555218861996
A,25,15,120,log,0.1,0.1,0.5,3.697326563464762,0.8871580510060847,11.825945448453172,16.04113698680019
A,25,15,120,log,0.1,0.1,1.0,3.552740800991232,0.8864841697177205,11.519356115813409,15.572484243879313
A,25,15,120,log,0.1,0.5,0.0,8.666649902413567,0.8880314880125058,18.43424889214055,23.770206132119444
A,25,15,120,log,0.1,0.5,0.5,5.795798855155472,0.888072304698668,15.28349796537563,20.27141731400784
A,25,15,120,log,0.5,0.0,0.0,3.70121296978886,0.8855479139113152,11.331663981815076,15.465702220833055
A,25,15,120,log,0.1,0.5,1.0,3.932260667123741,0.8876976058541832,12.697772983400748,16.989338109759778
A,25,15,120,log,0.5,0.0,0.5,3.70121296978886,0.8855479139113152,11.331663981815076,15.465702220833055
A,25,15,120,log,0.5,0.0,1.0,3.70121296978886,0.8855479139113152,11.331663981815076,15.465702220833055
A,25,15,120,log,0.5,0.1,0.0,7.951766533454292,0.8872584078000184,17.524096517272692,22.89928714547472
A,25,15,120,log,0.5,0.1,0.5,5.644614669893608,0.8863095349565884,14.838481788917054,19.88977130098832
A,25,15,120,log,0.5,0.1,1.0,4.046072288516191,0.886133322966996,12.584340839162945,17.01027715284298
A,25,15,120,log,0.5,0.5,0.0,73.78700535896776,0.8875243763310605,42.24030166449812,47.30888636685667
A,25,15,120,log,0.5,0.5,0.5,37.08048062407156,0.8871261007758722,34.22307679879834,39.46220698109847
A,25,15,120,log,0.5,0.5,1.0,11.584603451216022,0.875836933459173,22.17134880933631,27.256088544843216
A,25,15,120,log,1.0,0.0,0.0,3.738889487374194,0.8853062054245034,11.343903268475904,15.502779809311056
A,25,15,120,log,1.0,0.0,0.5,3.738889487374194,0.8853062054245034,11.343903268475904,15.502779809311056
A,25,15,120,log,1.0,0.0,1.0,3.738889487374194,0.8853062054245034,11.343903268475904,15.502779809311056
A,25,15,120,log,1.0,0.1,0.0,17.360465387104497,0.8872595613201686,25.14344537362353,30.65466286864157
A,25,15,120,log,1.0,0.1,0.5,10.028835719628091,0.8865490917416239,19.676643585945136,25.20985021438001
A,25,15,120,log,1.0,0.5,0.0,220.881014892876,0.8874242686907641,55.11874984913057,60.51724004702366
A,25,15,120,log,1.0,0.1,1.0,5.021660821656141,0.8859282099749896,14.362319206274352,19.13136381571613
A,25,15,120,log,1.0,0.5,0.5,119.54903305254314,0.8854419326290884,47.912314777150726,53.33606674015427
A,25,15,120,log,1.0,0.5,1.0,32.311307465044145,0.8631004218825031,33.65832696123566,38.72565288875646
A,25,15,120,log,1.5,0.0,0.0,3.7532031597490088,0.8852230333125448,11.348659193656747,15.516584077331212
A,25,15,120,log,1.5,0.0,0.5,3.7532031597490088,0.8852230333125448,11.348659193656747,15.516584077331212
A,25,15,120,log,1.5,0.0,1.0,3.7532031597490088,0.8852230333125448,11.348659193656747,15.516584077331212
A,25,15,120,log,1.5,0.1,0.0,31.165263997004484,0.8872217265632851,31.83953804936588,37.14903799079765
A,25,15,120,log,1.5,0.1,0.5,16.543106517013534,0.8865536661687756,24.77354317342548,30.32964055100009
A,25,15,120,log,1.5,0.1,1.0,6.541644719735855,0.8844356208664703,16.564673488056563,21.59887525476405
A,25,15,120,log,1.5,0.5,0.0,396.34500097546135,0.8873961339628499,61.72418057115173,67.46303140119493
A,25,15,120,log,1.5,0.5,0.5,235.7550305457283,0.8835778572549573,55.581175688046,61.365960082252585
A,25,15,120,log,1.5,0.5,1.0,65.67588716458354,0.8636266516194228,41.39474506875566,46.96153208286415
A,25,15,125,log,0.1,0.0,0.0,3.986371818150438,0.8778731077037815,10.97512032096632,15.934511599137515
A,25,15,125,log,0.1,0.0,0.5,3.986371818150438,0.8778731077037815,10.97512032096632,15.934511599137515
A,25,15,125,log,0.1,0.0,1.0,3.986371818150438,0.8778731077037815,10.97512032096632,15.934511599137515
A,25,15,125,log,0.1,0.1,0.0,4.422823512607705,0.8791115361351076,12.067184407461172,17.271936825580287
A,25,15,125,log,0.1,0.1,1.0,4.025311164455271,0.8777376656136274,11.29465832155866,16.259622464995367
A,25,15,125,log,0.1,0.1,0.5,4.187129637341629,0.8788402974986014,11.63113272927462,16.721374126994284
A,25,15,125,log,0.1,0.5,0.0,10.040223827138387,0.8802049775988582,18.756974301207144,24.62532454713221
A,25,15,125,log,0.1,0.5,0.5,6.680911058471368,0.8800072054645346,15.468518028631246,21.08442551876687
A,25,15,125,log,0.1,0.5,1.0,4.489784273151851,0.8794849554351932,12.70013909606201,17.74787727326191
A,25,15,125,log,0.5,0.0,0.0,4.172472111076031,0.8767101592810278,10.964780078112796,16.08886790387052
A,25,15,125,log,0.5,0.0,0.5,4.172472111076031,0.8767101592810278,10.964780078112796,16.08886790387052
A,25,15,125,log,0.5,0.0,1.0,4.172472111076031,0.8767101592810278,10.964780078112796,16.08886790387052
A,25,15,125,log,0.5,0.1,0.0,9.221391822778902,0.879360264170202,17.818213975974352,23.7615889928853
A,25,15,125,log,0.5,0.1,0.5,6.517981703094128,0.8782978057940412,14.974398180460302,20.707440297731857
A,25,15,125,log,0.5,0.1,1.0,4.628331722406726,0.8778026501386027,12.529289457008613,17.770370463332846
A,25,15,125,log,0.5,0.5,0.0,90.01297634731958,0.8797873704567281,43.26737720646466,48.72896119636865
A,25,15,125,log,0.5,0.5,0.5,44.6330974552388,0.8793565419658002,35.05588181236075,40.72390598559102
A,25,15,125,log,0.5,0.5,1.0,13.600927577178382,0.8691541915903725,22.717696923930504,28.26478815894049
A,25,15,125,log,1.0,0.0,0.0,4.214397820773987,0.8763774107408349,10.967121493938244,16.123008144045883
A,25,15,125,log,1.0,0.0,0.5,4.214397820773987,0.8763774107408349,10.967121493938244,16.123008144045883
A,25,15,125,log,1.0,0.0,1.0,4.214397820773987,0.8763774107408349,10.967121493938244,16.123008144045883
A,25,15,125,log,1.0,0.1,0.0,20.49110742700737,0.8794722605583685,25.73247051222551,31.70476691006048
A,25,15,125,log,1.0,0.1,0.5,11.762254395376123,0.8785119605904113,20.111836065356343,26.172548160880023
A,25,15,125,log,1.0,0.1,1.0,5.799604125852087,0.8779314444862528,14.516556115861908,19.97062992680415
A,25,15,125,log,1.0,0.5,0.0,277.71507281512515,0.8796831629484538,56.446441861262,62.25627434261603
A,25,15,125,log,1.0,0.5,0.5,148.24946774566655,0.8778532456070618,49.06889908986257,54.92099806664792
A,25,15,125,log,1.0,0.5,1.0,38.97594727716923,0.8562234640062437,34.48075986470137,40.02453094844504
A,25,15,125,log,1.5,0.0,0.0,4.23007489268969,0.8762683790210415,10.968282293426697,16.135671536282032
A,25,15,125,log,1.5,0.0,0.5,4.23007489268969,0.8762683790210415,10.968282293426697,16.135671536282032
A,25,15,125,log,1.5,0.0,1.0,4.23007489268969,0.8762683790210415,10.968282293426697,16.135671536282032
A,25,15,125,log,1.5,0.1,0.0,37.28528801729656,0.8794505827227328,32.62915151715868,38.35249036529223
A,25,15,125,log,1.5,0.1,0.5,19.608911424092287,0.8786211616917857,25.37649261875198,31.408506018500123
A,25,15,125,log,1.5,0.1,1.0,7.608903288154229,0.8766880055627222,16.89748909008418,22.503940544432385
A,25,15,125,log,1.5,0.5,0.0,506.7544634499872,0.8796508758078071,63.19879105414826,69.36671016119803
A,25,15,125,log,1.5,0.5,0.5,297.7548094083316,0.876165408583794,56.912585392496034,63.13714413135665
A,25,15,125,log,1.5,0.5,1.0,80.40589542112151,0.8569973882651165,42.39639349265558,48.4474965229234
A,25,15,130,log,0.1,0.0,0.0,3.984971844843829,0.8770657945313676,10.59186342094728,15.56256503797809
A,25,15,130,log,0.1,0.0,0.5,3.984971844843829,0.8770657945313676,10.59186342094728,15.56256503797809
A,25,15,130,log,0.1,0.0,1.0,3.984971844843829,0.8770657945313676,10.59186342094728,15.56256503797809
A,25,15,130,log,0.1,0.1,0.0,4.252736924570439,0.8786432367326589,11.538951854798045,16.720485731953822
A,25,15,130,log,0.1,0.1,1.0,3.977117334555492,0.8772872162594354,10.865854645231831,15.833530001678788
A,25,15,130,log,0.1,0.1,0.5,4.077298791627636,0.8782614191001118,11.152150557808827,16.230097090946092
A,25,15,130,log,0.1,0.5,0.0,9.158178765823257,0.8802518464038552,17.811594205264164,23.67865927812863
A,25,15,130,log,0.1,0.5,0.5,6.128755654124878,0.8798243395460386,14.656310843944286,20.241604756636427
A,25,15,130,log,0.5,0.0,0.0,4.1753599845980105,0.8758615827006846,10.59839056799515,15.726931418106222
A,25,15,130,log,0.1,0.5,1.0,4.251106115255553,0.8791961582547986,12.094058641372698,17.109292703461005
A,25,15,130,log,0.5,0.0,0.5,4.1753599845980105,0.8758615827006846,10.59839056799515,15.726931418106222
A,25,15,130,log,0.5,0.0,1.0,4.1753599845980105,0.8758615827006846,10.59839056799515,15.726931418106222
A,25,15,130,log,0.5,0.1,0.0,8.444866053116115,0.8793496699970333,16.934402784529773,22.87148490114803
A,25,15,130,log,0.5,0.1,0.5,6.028976134012167,0.8780847404703465,14.23535113549702,19.934550341060707
A,25,15,130,log,0.5,0.1,1.0,4.414830400063836,0.8773269028918845,11.982629939789089,17.188044459891394
A,25,15,130,log,0.5,0.5,0.0,83.96170258764361,0.879907354779019,42.38095985642328,47.82192823070231
A,25,15,130,log,0.5,0.5,0.5,41.14665009231212,0.879275996462245,34.00534595684469,39.69194108664226
A,25,15,130,log,0.5,0.5,1.0,12.24537149626454,0.8695684835273099,21.55518876676912,27.140275255857752
A,25,15,130,log,1.0,0.0,0.0,4.21848305107787,0.8755265241186635,10.60381771885768,15.762787958996473
A,25,15,130,log,1.0,0.0,0.5,4.21848305107787,0.8755265241186635,10.60381771885768,15.762787958996473
A,25,15,130,log,1.0,0.0,1.0,4.21848305107787,0.8755265241186635,10.60381771885768,15.762787958996473
A,25,15,130,log,1.0,0.1,0.0,18.79441390605945,0.8795444845997041,24.68514545213344,30.698122188630656
A,25,15,130,log,1.0,0.1,0.5,10.738228987849222,0.8782951567855081,19.1392674862012,25.212097735069754
A,25,15,130,log,1.0,0.1,1.0,5.361507525417549,0.8774710444923528,13.78930472253044,19.197404929236807
A,25,15,130,log,1.0,0.5,0.0,263.0989805547989,0.879789685871079,55.832339298086296,61.57965925962351
A,25,15,130,log,1.0,0.5,0.5,138.821251719484,0.8778416833931291,48.29753983462128,54.09011569228022
A,25,15,130,log,1.0,0.5,1.0,35.538411132694954,0.8560763555055138,33.40471039036872,38.90757628846672
A,25,15,130,log,1.5,0.0,0.0,4.2348962939025965,0.8754201672122726,10.605972698535023,15.776135627042857
A,25,15,130,log,1.5,0.0,0.5,4.2348962939025965,0.8754201672122726,10.605972698535023,15.776135627042857
A,25,15,130,log,1.5,0.0,1.0,4.2348962939025965,0.8754201672122726,10.605972698535023,15.776135627042857
A,25,15,130,log,1.5,0.1,0.0,34.42535900612927,0.8795366372583796,31.584111217848907,37.35051678016176
A,25,15,130,log,1.5,0.1,0.5,17.94221729530755,0.8784698346646698,24.29274132237326,30.377814690647007
A,25,15,130,log,1.5,0.1,1.0,6.922553765614964,0.8765676167124623,16.005442288374145,21.5839953940453
A,25,15,130,log,1.5,0.5,0.0,484.42427481154607,0.8797586237610077,62.7195849001346,68.82563857475503
A,25,15,130,log,1.5,0.5,1.0,73.83729636083214,0.8569461343465553,41.48605552606455,47.45459165159362
A,25,15,130,log,1.5,0.5,0.5,281.5904384344809,0.8762215695668552,56.30169154159525,62.45735314337419
A,25,20,115,log,0.1,0.0,0.0,3.2008126156187737,0.8953152675770918,11.57102733208944,14.92529305933514
A,25,20,115,log,0.1,0.0,0.5,3.2008126156187737,0.8953152675770918,11.57102733208944,14.92529305933514
A,25,20,115,log,0.1,0.0,1.0,3.2008126156187737,0.8953152675770918,11.57102733208944,14.92529305933514
A,25,20,115,log,0.1,0.1,0.0,3.5007753605305405,0.8956542530006859,12.317323190035747,16.086930582949957
A,25,20,115,log,0.1,0.1,0.5,3.334670715733508,0.8954556224159813,11.981955526508562,15.588348410951069
A,25,20,115,log,0.1,0.1,1.0,3.2142211418900266,0.8950439506260819,11.712634176266771,15.142732285338074
A,25,20,115,log,0.1,0.5,0.0,7.531245385122652,0.8959142616047334,18.055256672262963,22.950450883523
A,25,20,115,log,0.1,0.5,0.5,5.085703390312178,0.8962363817864192,15.045578204894897,19.550180569887463
A,25,20,115,log,0.5,0.0,0.0,3.34981308263534,0.8943097241982878,11.66865321887221,15.11924781923403
A,25,20,115,log,0.1,0.5,1.0,3.5083495148037094,0.8960327125990487,12.6499826841922,16.40096423635522
A,25,20,115,log,0.5,0.0,0.5,3.34981308263534,0.8943097241982878,11.66865321887221,15.11924781923403
A,25,20,115,log,0.5,0.0,1.0,3.34981308263534,0.8943097241982878,11.66865321887221,15.11924781923403
A,25,20,115,log,0.5,0.1,0.0,6.905412361347919,0.8951655743829481,17.177136535333936,22.08615121774915
A,25,20,115,log,0.5,0.1,0.5,4.944607461729873,0.8946804691665238,14.651987782623412,19.17467814703397
A,25,20,115,log,0.5,0.1,1.0,3.608071431840122,0.8947159179404839,12.603760157023093,16.442639284147006
A,25,20,115,log,0.5,0.5,0.0,60.55462182089568,0.8953239581192994,41.12800268270392,45.81596656652516
A,25,20,115,log,0.5,0.5,0.5,30.899337929338305,0.8951325781018868,33.327862541672275,38.15727048607396
A,25,20,115,log,0.5,0.5,1.0,9.917401095426005,0.8827314074506682,21.58386315368316,26.244149086310085
A,25,20,115,log,1.0,0.0,0.5,3.383794733058798,0.8940642013920019,11.69277816582971,15.16143814647056
A,25,20,115,log,1.0,0.0,0.0,3.383794733058798,0.8940642013920019,11.69277816582971,15.16143814647056
A,25,20,115,log,1.0,0.0,1.0,3.383794733058798,0.8940642013920019,11.69277816582971,15.16143814647056
A,25,20,115,log,1.0,0.1,0.0,14.752569170888076,0.895083105249016,24.48754002408171,29.583059997709217
A,25,20,115,log,1.0,0.1,0.5,8.606673902278157,0.8947760136071737,19.200601438343604,24.27553850415007
A,25,20,115,log,1.0,0.1,1.0,4.405466757289832,0.8941993551067533,14.1554623435843,18.404489885081983
A,25,20,115,log,1.0,0.5,0.0,175.59443941846894,0.8952492098821587,53.68380070697733,58.67786446906346
A,25,20,115,log,1.0,0.5,0.5,96.51321741965556,0.8932762104802021,46.667953857676,51.67468309032584
A,25,20,115,log,1.0,0.5,1.0,26.87632439906495,0.8704692725494004,32.77746116549604,37.38556851855908
A,25,20,115,log,1.5,0.0,0.0,3.3967840788402874,0.8939323870833628,11.702206664120595,15.17729176284783
A,25,20,115,log,1.5,0.0,0.5,3.3967840788402874,0.8939323870833628,11.702206664120595,15.17729176284783
A,25,20,115,log,1.5,0.0,1.0,3.3967840788402874,0.8939323870833628,11.702206664120595,15.17729176284783
A,25,20,115,log,1.5,0.1,0.0,26.104568184983258,0.8950431193994095,30.981017329703416,35.89785835577276
A,25,20,115,log,1.5,0.1,0.5,14.018292748409085,0.8947252222897497,24.118030613062587,29.239686220603925
A,25,20,115,log,1.5,0.1,1.0,5.673743200223409,0.8923694423936036,16.189254882319723,20.751891734974954
A,25,20,115,log,1.5,0.5,0.0,309.5643703887695,0.8952332451267054,60.13110556040361,65.44573957451418
A,25,20,115,log,1.5,0.5,0.5,186.65280462964165,0.8912271672590627,54.147191579522335,59.50052512251182
A,25,20,115,log,1.5,0.5,1.0,53.762887529275815,0.8707378350019284,40.32144259717266,45.41657126251996
A,25,20,120,log,0.1,0.0,0.0,3.5172511929651096,0.8869409865579758,11.274982076995387,15.282330806802364
A,25,20,120,log,0.1,0.0,0.5,3.5172511929651096,0.8869409865579758,11.274982076995387,15.282330806802364
A,25,20,120,log,0.1,0.0,1.0,3.5172511929651096,0.8869409865579758,11.274982076995387,15.282330806802364
A,25,20,120,log,0.1,0.1,0.0,3.89087915600546,0.8875238983325101,12.20808709984141,16.56938281149339
A,25,20,120,log,0.1,0.1,1.0,3.552740800991232,0.8864841697177205,11.519356115813409,15.572484243879313
A,25,20,120,log,0.1,0.1,0.5,3.691196930257392,0.8872437161251542,11.82108391264816,16.0367518604938
A,25,20,120,log,0.1,0.5,0.0,8.671875752143666,0.8880784948312659,18.42772398184594,23.762545395953744
A,25,20,120,log,0.1,0.5,0.5,5.795798855155472,0.888072304698668,15.28349796537563,20.27141731400784
A,25,20,120,log,0.1,0.5,1.0,3.932260667123741,0.8876976058541832,12.697772983400748,16.989338109759778
A,25,20,120,log,0.5,0.0,0.0,3.682832676082264,0.8856209442329537,11.31949650407149,15.449825839854574
A,25,20,120,log,0.5,0.0,0.5,3.682832676082264,0.8856209442329537,11.31949650407149,15.449825839854574
A,25,20,120,log,0.5,0.0,1.0,3.682832676082264,0.8856209442329537,11.31949650407149,15.449825839854574
A,25,20,120,log,0.5,0.1,0.0,7.953947039757002,0.8872698423594685,17.513914649046455,22.88997014739121
A,25,20,120,log,0.5,0.1,0.5,5.644614669893617,0.8863095349565884,14.838481788917065,19.889771300988333
A,25,20,120,log,0.5,0.1,1.0,4.046072288516191,0.886133322966996,12.584340839162945,17.01027715284298
A,25,20,120,log,0.5,0.5,0.0,73.76538778701425,0.8875173201275967,42.23417376455159,47.30073770519092
A,25,20,120,log,0.5,0.5,0.5,37.08048062407156,0.8871261007758722,34.22307679879834,39.46220698109847
A,25,20,120,log,0.5,0.5,1.0,11.584603451216022,0.875836933459173,22.17134880933631,27.256088544843216
A,25,20,120,log,1.0,0.0,0.0,3.7192815100910472,0.8852737910656531,11.333006515635647,15.486245092734748
A,25,20,120,log,1.0,0.0,0.5,3.7192815100910472,0.8852737910656531,11.333006515635647,15.486245092734748
A,25,20,120,log,1.0,0.0,1.0,3.7192815100910472,0.8852737910656531,11.333006515635647,15.486245092734748
A,25,20,120,log,1.0,0.1,0.0,17.358961964441953,0.8872435810384152,25.13855416353225,30.645488346537388
A,25,20,120,log,1.0,0.1,0.5,10.0288357196281,0.8865490917416239,19.676643585945143,25.20985021438001
A,25,20,120,log,1.0,0.1,1.0,5.021660821656141,0.8859282099749896,14.362319206274352,19.13136381571613
A,25,20,120,log,1.0,0.5,0.0,220.7937922100551,0.887426593643004,55.11427908170153,60.510474858278045
A,25,20,120,log,1.0,0.5,0.5,119.54903305254314,0.8854419326290884,47.912314777150726,53.33606674015427
A,25,20,120,log,1.0,0.5,1.0,32.311307465044145,0.8631004218825031,33.65832696123566,38.72565288875646
A,25,20,120,log,1.5,0.0,0.0,3.732896883375672,0.8851839777932204,11.33836418827364,15.499872706083456
A,25,20,120,log,1.5,0.0,0.5,3.732896883375672,0.8851839777932204,11.33836418827364,15.499872706083456
A,25,20,120,log,1.5,0.0,1.0,3.732896883375672,0.8851839777932204,11.33836418827364,15.499872706083456
A,25,20,120,log,1.5,0.1,0.0,31.15973312212717,0.8872115318614394,31.832866224730736,37.140652162102846
A,25,20,120,log,1.5,0.1,0.5,16.543106517013552,0.8865536661687756,24.773543173425487,30.329640551000097
A,25,20,120,log,1.5,0.1,1.0,6.541644719735855,0.8844356208664703,16.564673488056563,21.59887525476405
A,25,20,120,log,1.5,0.5,0.0,396.1911184853767,0.8874097966519109,61.72076478664203,67.4575090035792
A,25,20,120,log,1.5,0.5,0.5,235.7550305457283,0.8835778572549573,55.581175688046,61.365960082252585
A,25,20,120,log,1.5,0.5,1.0,65.67588716458354,0.8636266516194228,41.39474506875566,46.96153208286415
A,25,20,125,log,0.1,0.0,0.0,3.970325329064016,0.87788616153674,10.95416429969054,15.922085213102855
A,25,20,125,log,0.1,0.0,0.5,3.970325329064016,0.87788616153674,10.95416429969054,15.922085213102855
A,25,20,125,log,0.1,0.0,1.0,3.970325329064016,0.87788616153674,10.95416429969054,15.922085213102855
A,25,20,125,log,0.1,0.1,0.0,4.418331547465366,0.8792379014049105,12.049669998952306,17.26144513492907
A,25,20,125,log,0.1,0.1,1.0,4.025311164455271,0.8777376656136274,11.29465832155866,16.259622464995367
A,25,20,125,log,0.1,0.1,0.5,4.181802248396212,0.8787801988950648,11.626414821758711,16.71916613990564
A,25,20,125,log,0.1,0.5,0.0,10.06258033828389,0.8802079206354387,18.75133962683349,24.620491479509887
A,25,20,125,log,0.1,0.5,0.5,6.680911058471368,0.8800072054645346,15.468518028631246,21.08442551876687
A,25,20,125,log,0.1,0.5,1.0,4.489784273151851,0.8794849554351932,12.70013909606201,17.74787727326191
A,25,20,125,log,0.5,0.0,0.0,4.151721707532226,0.8767226340687465,10.948231202871217,16.07338520627672
A,25,20,125,log,0.5,0.0,0.5,4.151721707532226,0.8767226340687465,10.948231202871217,16.07338520627672
A,25,20,125,log,0.5,0.0,1.0,4.151721707532226,0.8767226340687465,10.948231202871217,16.07338520627672
A,25,20,125,log,0.5,0.1,0.0,9.240741353608785,0.8792980613969708,17.806940023732324,23.75430693853473
A,25,20,125,log,0.5,0.1,0.5,6.517981703094158,0.8782978057940412,14.974398180460335,20.707440297731893
A,25,20,125,log,0.5,0.1,1.0,4.628331722406726,0.8778026501386027,12.529289457008613,17.770370463332846
A,25,20,125,log,0.5,0.5,0.0,90.04418832092499,0.8797511410421945,43.262604197527466,48.722406925675365
A,25,20,125,log,0.5,0.5,0.5,44.6330974552388,0.8793565419658002,35.05588181236075,40.72390598559102
A,25,20,125,log,0.5,0.5,1.0,13.600927577178382,0.8691541915903725,22.717696923930504,28.26478815894049
A,25,20,125,log,1.0,0.0,0.0,4.193102736692271,0.8763992002801512,10.95241392312256,16.1070012100261
A,25,20,125,log,1.0,0.0,0.5,4.193102736692271,0.8763992002801512,10.95241392312256,16.1070012100261
A,25,20,125,log,1.0,0.0,1.0,4.193102736692271,0.8763992002801512,10.95241392312256,16.1070012100261
A,25,20,125,log,1.0,0.1,0.0,20.516458873911443,0.8794330354331708,25.731059960106457,31.69821577006735
A,25,20,125,log,1.0,0.1,0.5,11.762254395376145,0.8785119605904113,20.111836065356364,26.17254816088004
A,25,20,125,log,1.0,0.1,1.0,5.799604125852087,0.8779314444862528,14.516556115861908,19.97062992680415
A,25,20,125,log,1.0,0.5,0.0,277.6987778040671,0.8796442050906427,56.44274336065172,62.25046664007247
A,25,20,125,log,1.0,0.5,0.5,148.24946774566655,0.8778532456070618,49.06889908986257,54.92099806664792
A,25,20,125,log,1.0,0.5,1.0,38.97594727716923,0.8562234640062437,34.48075986470137,40.02453094844504
A,25,20,125,log,1.5,0.0,0.0,4.208922313288926,0.8762904258436027,10.954287583105948,16.11965263365712
A,25,20,125,log,1.5,0.0,0.5,4.208922313288926,0.8762904258436027,10.954287583105948,16.11965263365712
A,25,20,125,log,1.5,0.0,1.0,4.208922313288926,0.8762904258436027,10.954287583105948,16.11965263365712
A,25,20,125,log,1.5,0.1,0.0,37.31532661373748,0.8793974040410362,32.62199198617326,38.34602901717807
A,25,20,125,log,1.5,0.1,0.5,19.608911424092284,0.8786211616917857,25.37649261875198,31.40850601850012
A,25,20,125,log,1.5,0.1,1.0,7.608903288154229,0.8766880055627222,16.89748909008418,22.503940544432385
A,25,20,125,log,1.5,0.5,0.0,506.673786530546,0.879626131533576,63.19597273438974,69.36189694139834
A,25,20,125,log,1.5,0.5,0.5,297.7548094083316,0.876165408583794,56.912585392496034,63.13714413135665
A,25,20,125,log,1.5,0.5,1.0,80.40589542112151,0.8569973882651165,42.39639349265558,48.4474965229234
A,25,20,130,log,0.1,0.0,0.0,3.9636471667732978,0.8772732090403542,10.572464401718657,15.551448354405872
A,25,20,130,log,0.1,0.0,0.5,3.9636471667732978,0.8772732090403542,10.572464401718657,15.551448354405872
A,25,20,130,log,0.1,0.0,1.0,3.9636471667732978,0.8772732090403542,10.572464401718657,15.551448354405872
A,25,20,130,log,0.1,0.1,0.0,4.245293230714778,0.8787764375709258,11.523647214188191,16.712996440710825
A,25,20,130,log,0.1,0.1,1.0,3.977117334555492,0.8772872162594354,10.865854645231831,15.833530001678788
A,25,20,130,log,0.1,0.1,0.5,4.070481710819328,0.8782581272554257,11.148244023752564,16.22841737330525
A,25,20,130,log,0.1,0.5,0.0,9.183127797932272,0.8802520622448651,17.80406459824771,23.67563716943759
A,25,20,130,log,0.1,0.5,0.5,6.128755654124878,0.8798243395460386,14.656310843944286,20.241604756636427
A,25,20,130,log,0.1,0.5,1.0,4.251106115255553,0.8791961582547986,12.094058641372698,17.109292703461005
A,25,20,130,log,0.5,0.0,0.0,4.152366063444596,0.8759273264535624,10.582672527289706,15.712363383724846
A,25,20,130,log,0.5,0.0,0.5,4.152366063444596,0.8759273264535624,10.582672527289706,15.712363383724846
A,25,20,130,log,0.5,0.0,1.0,4.152366063444596,0.8759273264535624,10.582672527289706,15.712363383724846
A,25,20,130,log,0.5,0.1,0.0,8.466635927216254,0.879314302095095,16.922102989535997,22.8657333392768
A,25,20,130,log,0.5,0.1,0.5,6.028976134012167,0.8780847404703465,14.23535113549702,19.934550341060707
A,25,20,130,log,0.5,0.1,1.0,4.414830400063836,0.8773269028918845,11.982629939789089,17.188044459891394
A,25,20,130,log,0.5,0.5,0.0,84.00708660226607,0.879880378330871,42.377417946773576,47.816760004743
A,25,20,130,log,0.5,0.5,0.5,41.14665009231212,0.879275996462245,34.00534595684469,39.69194108664226
A,25,20,130,log,0.5,0.5,1.0,12.24537149626454,0.8695684835273099,21.55518876676912,27.140275255857752
A,25,20,130,log,1.0,0.0,0.0,4.196082049143503,0.8756778529260767,10.589400155934875,15.747889958082649
A,25,20,130,log,1.0,0.0,0.5,4.196082049143503,0.8756778529260767,10.589400155934875,15.747889958082649
A,25,20,130,log,1.0,0.0,1.0,4.196082049143503,0.8756778529260767,10.589400155934875,15.747889958082649
A,25,20,130,log,1.0,0.1,0.0,18.824121601859435,0.879509894401154,24.68695524147024,30.693118256853506
A,25,20,130,log,1.0,0.1,0.5,10.738228987849247,0.8782951567855081,19.139267486201213,25.21209773506978
A,25,20,130,log,1.0,0.1,1.0,5.361507525417549,0.8774710444923528,13.78930472253044,19.197404929236807
A,25,20,130,log,1.0,0.5,0.0,263.1108701611099,0.8797640467897064,55.82936686206299,61.57467751162218
A,25,20,130,log,1.0,0.5,0.5,138.821251719484,0.8778416833931291,48.29753983462128,54.09011569228022
A,25,20,130,log,1.0,0.5,1.0,35.538411132694954,0.8560763555055138,33.40471039036872,38.90757628846672
A,25,20,130,log,1.5,0.0,0.0,4.212648743981983,0.8755495419202697,10.592363532348893,15.76120638019754
A,25,20,130,log,1.5,0.0,0.5,4.212648743981983,0.8755495419202697,10.592363532348893,15.76120638019754
A,25,20,130,log,1.5,0.0,1.0,4.212648743981983,0.8755495419202697,10.592363532348893,15.76120638019754
A,25,20,130,log,1.5,0.1,0.0,34.46187468220988,0.8795055809465925,31.57802697236217,37.3455550611319
A,25,20,130,log,1.5,0.1,0.5,17.94221729530755,0.8784698346646698,24.29274132237326,30.377814690647007
A,25,20,130,log,1.5,0.5,0.0,484.3796662046041,0.8797313442065537,62.71729917448757,68.82141431780703
A,25,20,130,log,1.5,0.1,1.0,6.922553765614964,0.8765676167124623,16.005442288374145,21.5839953940453
A,25,20,130,log,1.5,0.5,1.0,73.83729636083214,0.8569461343465553,41.48605552606455,47.45459165159362
A,25,20,130,log,1.5,0.5,0.5,281.5904384344809,0.8762215695668552,56.30169154159525,62.45735314337419
A,30,10,115,log,0.1,0.0,0.0,2.715060287559678,0.9018953505226888,10.830400807786836,13.96093397382096
A,30,10,115,log,0.1,0.0,0.5,2.715060287559678,0.9018953505226888,10.830400807786836,13.96093397382096
A,30,10,115,log,0.1,0.0,1.0,2.715060287559678,0.9018953505226888,10.830400807786836,13.96093397382096
A,30,10,115,log,0.1,0.1,0.0,2.970169196035489,0.9022155974048828,11.556227380967442,15.095003945664814
A,30,10,115,log,0.1,0.1,0.5,2.814830595860097,0.902158729168428,11.209268161800823,14.581526562626626
A,30,10,115,log,0.1,0.1,1.0,2.710611066999376,0.9019177613041992,10.94206947453016,14.146609528007785
A,30,10,115,log,0.1,0.5,0.0,6.5744000567403615,0.902593593136508,17.443698682986103,22.05638753245544
A,30,10,115,log,0.1,0.5,0.5,4.405940663622379,0.9031420315214308,14.310912810505698,18.61252384038722
A,30,10,115,log,0.1,0.5,1.0,3.0228316451741337,0.9026766164387268,11.852634797530602,15.46498072099152
A,30,10,115,log,0.5,0.0,0.0,2.836994088658228,0.9007500504037848,10.95028016711453,14.159717690033006
A,30,10,115,log,0.5,0.0,0.5,2.836994088658228,0.9007500504037848,10.95028016711453,14.159717690033006
A,30,10,115,log,0.5,0.0,1.0,2.836994088658228,0.9007500504037848,10.95028016711453,14.159717690033006
A,30,10,115,log,0.5,0.1,0.0,6.014673059853903,0.9017599349456958,16.548938980126035,21.19068642823569
A,30,10,115,log,0.5,0.1,0.5,4.263946479930944,0.9013249348363668,13.920535597303743,18.22860106341541
A,30,10,115,log,0.5,0.1,1.0,3.1000201334131345,0.9010901787583429,11.84034568153537,15.51129736051244
A,30,10,115,log,0.5,0.5,0.0,55.55731102628749,0.9019338500611628,40.59762390859541,45.12326349392588
A,30,10,115,log,0.5,0.5,0.5,28.43924453875153,0.9016757172815282,32.800415212997805,37.45061626261321
A,30,10,115,log,0.5,0.5,1.0,9.216326717097786,0.8914800738224251,20.627286612085907,25.4853719651692
A,30,10,115,log,1.0,0.0,0.0,2.86452426292366,0.9004718853239714,10.97782120930784,14.203596301257628
A,30,10,115,log,1.0,0.0,0.5,2.86452426292366,0.9004718853239714,10.97782120930784,14.203596301257628
A,30,10,115,log,1.0,0.0,1.0,2.86452426292366,0.9004718853239714,10.97782120930784,14.203596301257628
A,30,10,115,log,1.0,0.1,0.0,13.171218986628697,0.9016306727407454,23.99676568982516,28.815606859286657
A,30,10,115,log,1.0,0.1,0.5,7.641431030743568,0.901226742667524,18.602785086504632,23.45985988125875
A,30,10,115,log,1.0,0.1,1.0,3.895324818100454,0.9004986579630554,13.42029823012225,17.571695447648345
A,30,10,115,log,1.0,0.5,0.0,164.1393836672045,0.9018046620978678,52.988865438358246,57.95705340928441
A,30,10,115,log,1.0,0.5,0.5,90.40497641871556,0.8999848638040298,45.99084351453647,50.92917200944586
A,30,10,115,log,1.0,0.5,1.0,26.375244303688977,0.8761045262871315,31.94419475591331,36.80883328306977
A,30,10,115,log,1.5,0.0,0.0,2.87503218545313,0.900409156479817,10.988329127128138,14.22015466749929
A,30,10,115,log,1.5,0.0,0.5,2.87503218545313,0.900409156479817,10.988329127128138,14.22015466749929
A,30,10,115,log,1.5,0.0,1.0,2.87503218545313,0.900409156479817,10.988329127128138,14.22015466749929
A,30,10,115,log,1.5,0.1,0.0,23.63485259761192,0.901580078330736,30.54296971005388,35.19631713179866
A,30,10,115,log,1.5,0.1,0.5,12.668533961854044,0.9010881577249634,23.59014535838411,28.498079306883795
A,30,10,115,log,1.5,0.1,1.0,5.131639105465726,0.8988599379019405,15.427986207688708,19.98844136912159
A,30,10,115,log,1.5,0.5,0.0,291.8681492256042,0.9017699976295712,59.35599115586532,64.69426668736749
A,30,10,115,log,1.5,0.5,0.5,176.0526389193638,0.898219152571313,53.3884801096345,58.71547977669176
A,30,10,115,log,1.5,0.5,1.0,52.94423804376317,0.8771789600612439,39.83310191177353,45.07531242187555
A,30,10,120,log,0.1,0.0,0.0,2.935549830816909,0.8938862858709136,10.565148747594076,14.26814785253354
A,30,10,120,log,0.1,0.0,0.5,2.935549830816909,0.8938862858709136,10.565148747594076,14.26814785253354
A,30,10,120,log,0.1,0.0,1.0,2.935549830816909,0.8938862858709136,10.565148747594076,14.26814785253354
A,30,10,120,log,0.1,0.1,0.0,3.2513436018502,0.8945466813821685,11.467851988798952,15.527647634312595
A,30,10,120,log,0.1,0.1,0.5,3.0697190259322857,0.8944070919675042,11.072554131248197,14.981808014946926
A,30,10,120,log,0.1,0.1,1.0,2.9485742558832264,0.8938390890480894,10.764543014248304,14.520207589710973
A,30,10,120,log,0.1,0.5,0.0,7.47983808422091,0.8952050847748569,17.794069321783546,22.815746190539087
A,30,10,120,log,0.1,0.5,0.5,4.968183091480066,0.8953775000434755,14.538161193505957,19.284960247770123
A,30,10,120,log,0.1,0.5,1.0,3.3504477899092224,0.8948032091157018,11.911922819000214,16.010171113631458
A,30,10,120,log,0.5,0.0,0.0,3.062610587668088,0.8926792375386876,10.627367890998183,14.437389835135637
A,30,10,120,log,0.5,0.0,0.5,3.062610587668088,0.8926792375386876,10.627367890998183,14.437389835135637
A,30,10,120,log,0.5,0.0,1.0,3.062610587668088,0.8926792375386876,10.627367890998183,14.437389835135637
A,30,10,120,log,0.5,0.1,0.0,6.845235781325995,0.8943185567743551,16.875128197631195,21.946022287080552
A,30,10,120,log,0.5,0.1,0.5,4.808692333428761,0.8934636383873258,14.107020633351189,18.893395996248422
A,30,10,120,log,0.5,0.1,1.0,3.436907297579541,0.892969291785116,11.841862893017169,16.03748349191514
A,30,10,120,log,0.5,0.5,0.0,67.13807273791046,0.8945578440274151,41.65916278703027,46.550168293222505
A,30,10,120,log,0.5,0.5,0.5,33.88943428976376,0.8939991543423303,33.6615701560306,38.704402485480685
A,30,10,120,log,0.5,0.5,1.0,10.725717409902751,0.8844805540415097,21.15595209307988,26.452495451715112
A,30,10,120,log,1.0,0.0,0.0,3.092632394511035,0.8924295148648808,10.644476914808823,14.476225701735691
A,30,10,120,log,1.0,0.0,0.5,3.092632394511035,0.8924295148648808,10.644476914808823,14.476225701735691
A,30,10,120,log,1.0,0.0,1.0,3.092632394511035,0.8924295148648808,10.644476914808823,14.476225701735691
A,30,10,120,log,1.0,0.1,0.0,15.336965200687969,0.8942417021182013,24.625117721538924,29.8283678582516
A,30,10,120,log,1.0,0.1,0.5,8.824031921077065,0.8934281418438912,19.06340671091707,24.349510106916
A,30,10,120,log,1.0,0.1,1.0,4.401511801558721,0.8925230781619005,13.61068924619049,18.25436326516173
A,30,10,120,log,1.0,0.5,0.0,205.14147035571932,0.8944189198278736,54.3575908288856,59.72333109299101
A,30,10,120,log,1.0,0.5,0.5,111.3792744081858,0.892388319914688,47.18231334420117,52.52926547423317
A,30,10,120,log,1.0,0.5,1.0,31.70587759609684,0.8687087247283675,32.73618750730106,38.07865885971249
A,30,10,120,log,1.5,0.0,0.0,3.1040758844866807,0.8923402539294187,10.650945882253742,14.49092891342372
A,30,10,120,log,1.5,0.0,0.5,3.1040758844866807,0.8923402539294187,10.650945882253742,14.49092891342372
A,30,10,120,log,1.5,0.0,1.0,3.1040758844866807,0.8923402539294187,10.650945882253742,14.49092891342372
A,30,10,120,log,1.5,0.1,0.0,27.948784465985163,0.8941773497952878,31.364177623841343,36.38706052227767
A,30,10,120,log,1.5,0.1,0.5,14.830172376335604,0.8932902536862217,24.221935174015147,29.54265723275865
A,30,10,120,log,1.5,0.1,1.0,5.876848836831667,0.8911288240999091,15.773129192339306,20.789202694277503
A,30,10,120,log,1.5,0.5,0.0,371.5841176879165,0.894373156817308,60.875626705351536,66.63391426329008
A,30,10,120,log,1.5,0.5,0.5,221.3032317223392,0.8907415832630111,54.75891212944608,60.51198080089627
A,30,10,120,log,1.5,0.5,1.0,64.57378601055737,0.8701354175735352,40.8077832129944,46.53821676470004
A,30,10,125,log,0.1,0.0,0.0,3.269145286876636,0.8858476185450893,10.27441510321412,14.8646680502383
A,30,10,125,log,0.1,0.0,0.5,3.269145286876636,0.8858476185450893,10.27441510321412,14.8646680502383
A,30,10,125,log,0.1,0.0,1.0,3.269145286876636,0.8858476185450893,10.27441510321412,14.8646680502383
A,30,10,125,log,0.1,0.1,0.0,3.649686017647756,0.8866612587543974,11.346731300156735,16.175853457287605
A,30,10,125,log,0.1,0.1,0.5,3.437286580228037,0.8865711836195576,10.90598481084179,15.619817097861562
A,30,10,125,log,0.1,0.1,1.0,3.3090583220694123,0.8857114529420078,10.574744711619967,15.172278437922111
A,30,10,125,log,0.1,0.5,0.0,8.586883676853608,0.8879121989991419,18.09970329694511,23.62369834103564
A,30,10,125,log,0.1,0.5,0.5,5.67401665498574,0.8877638960946603,14.738724958899304,20.054062154379142
A,30,10,125,log,0.1,0.5,1.0,3.791917511963832,0.8869620928882329,11.945086285073383,16.731813863501984
A,30,10,125,log,0.5,0.0,0.0,3.408425898557077,0.884615630823839,10.287144510244866,15.019724860435243
A,30,10,125,log,0.5,0.0,0.5,3.408425898557077,0.884615630823839,10.287144510244866,15.019724860435243
A,30,10,125,log,0.5,0.0,1.0,3.408425898557077,0.884615630823839,10.287144510244866,15.019724860435243
A,30,10,125,log,0.5,0.1,0.0,7.866139052102215,0.8868829035761859,17.163152802264698,22.76420261374269
A,30,10,125,log,0.5,0.1,0.5,5.503912449462412,0.8858374231204922,14.27526859822187,19.67434322654143
A,30,10,125,log,0.5,0.1,1.0,3.898231839605249,0.884877760125403,11.819657966212484,16.761927983519936
A,30,10,125,log,0.5,0.5,0.0,81.35466871228368,0.8873093190270935,42.64377925793694,47.91534186047982
A,30,10,125,log,0.5,0.5,0.5,40.534306737845,0.8865740585832196,34.461079674652964,39.91701925176531
A,30,10,125,log,0.5,0.5,1.0,12.550732986410624,0.8777577797867154,21.653593289716284,27.42056026539772
A,30,10,125,log,1.0,0.0,0.0,3.4409210579391654,0.8842594760327944,10.294089933381333,15.055419390788032
A,30,10,125,log,1.0,0.0,0.5,3.4409210579391654,0.8842594760327944,10.294089933381333,15.055419390788032
A,30,10,125,log,1.0,0.0,1.0,3.4409210579391654,0.8842594760327944,10.294089933381333,15.055419390788032
A,30,10,125,log,1.0,0.1,0.0,17.95160592860058,0.8869570121605299,25.19472798747416,30.83071779012506
A,30,10,125,log,1.0,0.1,0.5,10.266838604549584,0.8858198480664228,19.48217452309352,25.26954112735352
A,30,10,125,log,1.0,0.1,1.0,5.048195583716785,0.8848125144348943,13.773457694069114,19.05742447394089
A,30,10,125,log,1.0,0.5,0.0,256.5752458172577,0.8871512440937595,55.62442152896151,61.39727320950824
A,30,10,125,log,1.0,0.5,0.5,137.44422261246498,0.8850666391195352,48.28610649138286,54.053883349160834
A,30,10,125,log,1.0,0.5,1.0,38.24606228980765,0.8618198015525603,33.47117483904733,39.30779895318235
A,30,10,125,log,1.5,0.0,0.0,3.453400360967521,0.8841768411075644,10.296930461523756,15.06894717721046
A,30,10,125,log,1.5,0.0,0.5,3.453400360967521,0.8841768411075644,10.296930461523756,15.06894717721046
A,30,10,125,log,1.5,0.0,1.0,3.453400360967521,0.8841768411075644,10.296930461523756,15.06894717721046
A,30,10,125,log,1.5,0.1,0.0,33.18341849876252,0.8868988917636319,32.12466126209491,37.54184936472583
A,30,10,125,log,1.5,0.1,0.5,17.452296562211785,0.8857475506795168,24.80670351364476,30.577639528720383
A,30,10,125,log,1.5,0.1,1.0,6.797695750249423,0.8836335218533582,16.0813092828189,21.65553170842302
A,30,10,125,log,1.5,0.5,0.0,472.9011407589579,0.8870978993409995,62.28100863766544,68.46610514075766
A,30,10,125,log,1.5,0.5,0.5,278.2882699286994,0.8835418796485136,56.02696282472986,62.2147338208624
A,30,10,125,log,1.5,0.5,1.0,78.9536844692869,0.8634825175364969,41.71043087089152,47.94029475088922
A,30,10,130,log,0.1,0.0,0.0,3.260814886147557,0.8851309243825227,9.92357305138839,14.524136080027812
A,30,10,130,log,0.1,0.0,0.5,3.260814886147557,0.8851309243825227,9.92357305138839,14.524136080027812
A,30,10,130,log,0.1,0.0,1.0,3.260814886147557,0.8851309243825227,9.92357305138839,14.524136080027812
A,30,10,130,log,0.1,0.1,0.0,3.491878002645168,0.8864005851436136,10.841873306185136,15.639968780518547
A,30,10,130,log,0.1,0.1,0.5,3.326164414852056,0.886202534999561,10.452272045827652,15.141764146163316
A,30,10,130,log,0.1,0.1,1.0,3.2624616466424343,0.8849930147391477,10.192340559134724,14.781136841658348
A,30,10,130,log,0.1,0.5,0.0,7.811468967910599,0.8879173959513056,17.18022081193338,22.68380405633064
A,30,10,130,log,0.1,0.5,0.5,5.18204197147759,0.887599742444418,13.949988730549032,19.21611961546304
A,30,10,130,log,0.1,0.5,1.0,3.5683584501604386,0.8865703721252034,11.366044054807928,16.1036884020794
A,30,10,130,log,0.5,0.0,0.0,3.4043267609987176,0.883699726212595,9.951902521638768,14.687592794011127
A,30,10,130,log,0.5,0.0,0.5,3.4043267609987176,0.883699726212595,9.951902521638768,14.687592794011127
A,30,10,130,log,0.5,0.0,1.0,3.4043267609987176,0.883699726212595,9.951902521638768,14.687592794011127
A,30,10,130,log,0.5,0.1,0.0,7.180586728070206,0.8868662153105704,16.30489499774705,21.87775508143211
A,30,10,130,log,0.5,0.1,0.5,5.056348783763939,0.8858027560032437,13.546307510519512,18.8897819459536
A,30,10,130,log,0.5,0.1,1.0,3.70233922823284,0.8844621241594366,11.299977217234565,16.19277279347316
A,30,10,130,log,0.5,0.5,0.0,75.84413017560621,0.8874157214483815,41.80614532467431,47.03740175731848
A,30,10,130,log,0.5,0.5,0.5,37.37199352859293,0.8864789724940298,33.46379360242465,38.91924162402141
A,30,10,130,log,0.5,0.5,1.0,11.311276223701118,0.8780074901059572,20.545018550672623,26.33933446570048
A,30,10,130,log,1.0,0.0,0.0,3.4386688281028164,0.8833054213619554,9.961724163365052,14.725021776807452
A,30,10,130,log,1.0,0.0,0.5,3.4386688281028164,0.8833054213619554,9.961724163365052,14.725021776807452
A,30,10,130,log,1.0,0.0,1.0,3.4386688281028164,0.8833054213619554,9.961724163365052,14.725021776807452
A,30,10,130,log,1.0,0.1,0.0,16.438555896795496,0.887033258956891,24.17171565120598,29.83830770442421
A,30,10,130,log,1.0,0.1,0.5,9.352089577950585,0.8856237394604329,18.53881704747,24.32091251381577
A,30,10,130,log,1.0,0.1,1.0,4.650142994876426,0.8844367160383676,13.084400001435316,18.29897122600649
A,30,10,130,log,1.0,0.5,0.0,243.0724642609785,0.8872573936555493,55.04495151921854,60.74792170066396
A,30,10,130,log,1.0,0.5,0.5,128.81026168600545,0.8850065045043987,47.557037451271455,53.25766909834865
A,30,10,130,log,1.0,0.5,1.0,35.04024964455209,0.8616150249052288,32.404403337312885,38.2237246403101
A,30,10,130,log,1.5,0.0,0.0,3.45201098713927,0.8832120021346102,9.965589613960502,14.739228436797069
A,30,10,130,log,1.5,0.0,0.5,3.45201098713927,0.8832120021346102,9.965589613960502,14.739228436797069
A,30,10,130,log,1.5,0.0,1.0,3.45201098713927,0.8832120021346102,9.965589613960502,14.739228436797069
A,30,10,130,log,1.5,0.1,0.0,30.609491152976155,0.8869788801964186,31.121922542310067,36.56206902945949
A,30,10,130,log,1.5,0.1,0.5,15.95473151135124,0.8855823306756692,23.7588497797542,29.56931525860831
A,30,10,130,log,1.5,0.1,1.0,6.174546262894465,0.883421825405501,15.23520932305507,20.75900067814105
A,30,10,130,log,1.5,0.5,0.0,452.1598932364462,0.8871981460276965,61.82831333731866,67.94790042978391
A,30,10,130,log,1.5,0.5,0.5,263.44059456082493,0.8835439837558287,55.44831205379784,61.56382457533582
A,30,10,130,log,1.5,0.5,1.0,72.76403700195885,0.8633526417784297,40.79602755510311,46.95727997175108
A,30,15,115,log,0.1,0.0,0.0,2.7072409752413464,0.9019467175089092,10.826851685945808,13.95444505646232
A,30,15,115,log,0.1,0.0,0.5,2.7072409752413464,0.9019467175089092,10.826851685945808,13.95444505646232
A,30,15,115,log,0.1,0.0,1.0,2.7072409752413464,0.9019467175089092,10.826851685945808,13.95444505646232
A,30,15,115,log,0.1,0.1,0.0,2.961758823636024,0.902234625245156,11.553664739772769,15.094214721956906
A,30,15,115,log,0.1,0.1,0.5,2.8095547250371924,0.902388585721004,11.197501816327616,14.572281865696311
A,30,15,115,log,0.1,0.1,1.0,2.710611066999376,0.9019177613041992,10.94206947453016,14.146609528007785
A,30,15,115,log,0.1,0.5,0.0,6.571331013535439,0.9025242504896906,17.486390945209756,22.08344960488981
A,30,15,115,log,0.1,0.5,0.5,4.405940663622379,0.9031420315214308,14.310912810505698,18.61252384038722
A,30,15,115,log,0.1,0.5,1.0,3.0228316451741337,0.9026766164387268,11.852634797530602,15.46498072099152
A,30,15,115,log,0.5,0.0,0.0,2.824217493240705,0.9008488643792092,10.948253834883776,14.151697766892358
A,30,15,115,log,0.5,0.0,0.5,2.824217493240705,0.9008488643792092,10.948253834883776,14.151697766892358
A,30,15,115,log,0.5,0.0,1.0,2.824217493240705,0.9008488643792092,10.948253834883776,14.151697766892358
A,30,15,115,log,0.5,0.1,0.0,6.012566359243614,0.9017648261141632,16.595509608307417,21.21992028456622
A,30,15,115,log,0.5,0.1,0.5,4.263946479930955,0.9013249348363668,13.920535597303765,18.228601063415432
A,30,15,115,log,0.5,0.1,1.0,3.1000201334131345,0.9010901787583429,11.84034568153537,15.51129736051244
A,30,15,115,log,0.5,0.5,0.0,55.650052121562055,0.9018960784461032,40.648134343344005,45.17055821668317
A,30,15,115,log,0.5,0.5,0.5,28.43924453875153,0.9016757172815282,32.800415212997805,37.45061626261321
A,30,15,115,log,0.5,0.5,1.0,9.216326717097786,0.8914800738224251,20.627286612085907,25.4853719651692
A,30,15,115,log,1.0,0.0,0.0,2.8508567243163627,0.9006099563926991,10.97647772349328,14.195233432326823
A,30,15,115,log,1.0,0.0,0.5,2.8508567243163627,0.9006099563926991,10.97647772349328,14.195233432326823
A,30,15,115,log,1.0,0.0,1.0,2.8508567243163627,0.9006099563926991,10.97647772349328,14.195233432326823
A,30,15,115,log,1.0,0.1,0.0,13.186172656148935,0.901636688457011,24.06897293636838,28.8656620190537
A,30,15,115,log,1.0,0.1,0.5,7.641431030743567,0.901226742667524,18.60278508650463,23.459859881258748
A,30,15,115,log,1.0,0.5,0.0,164.44270696534323,0.901790268150648,53.02347314728924,57.99318039946566
A,30,15,115,log,1.0,0.1,1.0,3.895324818100454,0.9004986579630554,13.42029823012225,17.571695447648345
A,30,15,115,log,1.0,0.5,1.0,26.375244303688977,0.8761045262871315,31.94419475591331,36.80883328306977
A,30,15,115,log,1.0,0.5,0.5,90.40497641871556,0.8999848638040298,45.99084351453647,50.92917200944586
A,30,15,115,log,1.5,0.0,0.5,2.8609645640358186,0.9004792093168922,10.987210193690352,14.21148599416462
A,30,15,115,log,1.5,0.0,0.0,2.8609645640358186,0.9004792093168922,10.987210193690352,14.21148599416462
A,30,15,115,log,1.5,0.1,0.0,23.67139549163591,0.9015859882389384,30.60929670395693,35.25086248460693
A,30,15,115,log,1.5,0.0,1.0,2.8609645640358186,0.9004792093168922,10.987210193690352,14.21148599416462
A,30,15,115,log,1.5,0.1,0.5,12.668533961854052,0.9010881577249634,23.59014535838412,28.498079306883803
A,30,15,115,log,1.5,0.1,1.0,5.131639105465726,0.8988599379019405,15.427986207688704,19.98844136912159
A,30,15,115,log,1.5,0.5,0.0,292.37590401729346,0.9017645478922772,59.38268121885056,64.72305953649716
A,30,15,115,log,1.5,0.5,0.5,176.0526389193638,0.898219152571313,53.3884801096345,58.71547977669176
A,30,15,115,log,1.5,0.5,1.0,52.94423804376317,0.8771789600612439,39.83310191177353,45.07531242187555
A,30,15,120,log,0.1,0.0,0.0,2.9281997228072623,0.8940691103819969,10.566143980871235,14.26469235309904
A,30,15,120,log,0.1,0.0,0.5,2.9281997228072623,0.8940691103819969,10.566143980871235,14.26469235309904
A,30,15,120,log,0.1,0.0,1.0,2.9281997228072623,0.8940691103819969,10.566143980871235,14.26469235309904
A,30,15,120,log,0.1,0.1,0.0,3.244522411603228,0.8945300013655991,11.467929138122445,15.530220135388024
A,30,15,120,log,0.1,0.1,0.5,3.063717140294371,0.894612883069013,11.061964483055725,14.972050092228574
A,30,15,120,log,0.1,0.1,1.0,2.9485742558832264,0.8938390890480894,10.764543014248304,14.520207589710973
A,30,15,120,log,0.1,0.5,0.0,7.4786906695915665,0.8951798864160242,17.846416565395707,22.8464974300861
A,30,15,120,log,0.1,0.5,0.5,4.968183091480066,0.8953775000434755,14.538161193505957,19.284960247770123
A,30,15,120,log,0.1,0.5,1.0,3.3504477899092224,0.8948032091157018,11.911922819000214,16.010171113631458
A,30,15,120,log,0.5,0.0,0.0,3.052762538730581,0.8928901011406349,10.629903556658448,14.433983828078205
A,30,15,120,log,0.5,0.0,0.5,3.052762538730581,0.8928901011406349,10.629903556658448,14.433983828078205
A,30,15,120,log,0.5,0.0,1.0,3.052762538730581,0.8928901011406349,10.629903556658448,14.433983828078205
A,30,15,120,log,0.5,0.1,0.0,6.844873312889876,0.8943163348862871,16.928538453063616,21.97808663186141
A,30,15,120,log,0.5,0.1,0.5,4.808692333428773,0.8934636383873258,14.107020633351208,18.89339599624845
A,30,15,120,log,0.5,0.1,1.0,3.436907297579541,0.892969291785116,11.841862893017169,16.03748349191514
A,30,15,120,log,0.5,0.5,0.0,67.25834912271243,0.894543064371607,41.71200872007402,46.60006925661446
A,30,15,120,log,0.5,0.5,0.5,33.88943428976376,0.8939991543423303,33.6615701560306,38.704402485480685
A,30,15,120,log,0.5,0.5,1.0,10.725717409902751,0.8844805540415097,21.15595209307988,26.452495451715112
A,30,15,120,log,1.0,0.0,0.0,3.081262477066676,0.8925994135473418,10.64703839877083,14.471922534171142
A,30,15,120,log,1.0,0.0,0.5,3.081262477066676,0.8925994135473418,10.64703839877083,14.471922534171142
A,30,15,120,log,1.0,0.0,1.0,3.081262477066676,0.8925994135473418,10.64703839877083,14.471922534171142
A,30,15,120,log,1.0,0.1,0.0,15.356745001028296,0.8942670435588447,24.70258753440468,29.88144195694872
A,30,15,120,log,1.0,0.1,0.5,8.824031921077063,0.8934281418438912,19.06340671091707,24.349510106916
A,30,15,120,log,1.0,0.1,1.0,4.401511801558721,0.8925230781619005,13.610689246190486,18.25436326516173
A,30,15,120,log,1.0,0.5,0.0,205.5442856663352,0.8944236546455219,54.3937473937028,59.76124328917168
A,30,15,120,log,1.0,0.5,0.5,111.3792744081858,0.892388319914688,47.18231334420117,52.52926547423317
A,30,15,120,log,1.0,0.5,1.0,31.70587759609684,0.8687087247283675,32.73618750730106,38.07865885971249
A,30,15,120,log,1.5,0.0,0.0,3.0920304394992675,0.8924497747393376,10.653562526051568,14.48609185817894
A,30,15,120,log,1.5,0.0,0.5,3.0920304394992675,0.8924497747393376,10.653562526051568,14.48609185817894
A,30,15,120,log,1.5,0.0,1.0,3.0920304394992675,0.8924497747393376,10.653562526051568,14.48609185817894
A,30,15,120,log,1.5,0.1,0.0,27.995578245683426,0.8942079775426539,31.43411479439132,36.44459787656288
A,30,15,120,log,1.5,0.1,1.0,5.876848836831671,0.8911288240999091,15.773129192339308,20.78920269427752
A,30,15,120,log,1.5,0.1,0.5,14.830172376335607,0.8932902536862217,24.221935174015147,29.542657232758653
A,30,15,120,log,1.5,0.5,0.0,372.2708853489213,0.8943821141143526,60.903515645108925,66.66409059633939
A,30,15,120,log,1.5,0.5,0.5,221.3032317223392,0.8907415832630111,54.75891212944608,60.51198080089627
A,30,15,120,log,1.5,0.5,1.0,64.57378601055737,0.8701354175735352,40.8077832129944,46.53821676470004
A,30,15,125,log,0.1,0.0,0.0,3.264602714261797,0.8859209213497936,10.277884606467875,14.863768854534364
A,30,15,125,log,0.1,0.0,0.5,3.264602714261797,0.8859209213497936,10.277884606467875,14.863768854534364
A,30,15,125,log,0.1,0.0,1.0,3.264602714261797,0.8859209213497936,10.277884606467875,14.863768854534364
A,30,15,125,log,0.1,0.1,0.0,3.6444584070443526,0.8867860109059136,11.36011086357382,16.17936979438615
A,30,15,125,log,0.1,0.1,0.5,3.4297335673286256,0.886764790048507,10.897508854636715,15.609577641036337
A,30,15,125,log,0.1,0.1,1.0,3.3090583220694123,0.8857114529420078,10.574744711619967,15.172278437922111
A,30,15,125,log,0.1,0.5,0.0,8.589161351073546,0.8878562400894452,18.16033715230505,23.656201585562208
A,30,15,125,log,0.1,0.5,0.5,5.67401665498574,0.8877638960946603,14.738724958899304,20.054062154379142
A,30,15,125,log,0.1,0.5,1.0,3.791917511963832,0.8869620928882329,11.945086285073383,16.731813863501984
A,30,15,125,log,0.5,0.0,0.0,3.398753657701932,0.8846809760521582,10.292280250018392,15.016666836494702
A,30,15,125,log,0.5,0.0,0.5,3.398753657701932,0.8846809760521582,10.292280250018392,15.016666836494702
A,30,15,125,log,0.5,0.0,1.0,3.398753657701932,0.8846809760521582,10.292280250018392,15.016666836494702
A,30,15,125,log,0.5,0.1,0.0,7.86954523304829,0.8869533249000696,17.22490267993088,22.79777806072088
A,30,15,125,log,0.5,0.1,0.5,5.503912449462417,0.8858374231204922,14.275268598221876,19.674343226541435
A,30,15,125,log,0.5,0.1,1.0,3.898231839605249,0.884877760125403,11.819657966212484,16.761927983519936
A,30,15,125,log,0.5,0.5,0.0,81.51433623928554,0.8872928089602459,42.6984314436837,47.96752800879839
A,30,15,125,log,0.5,0.5,0.5,40.534306737845,0.8865740585832196,34.461079674652964,39.91701925176531
A,30,15,125,log,0.5,0.5,1.0,12.550732986410624,0.8777577797867154,21.653593289716284,27.42056026539772
A,30,15,125,log,1.0,0.0,0.0,3.429638184627131,0.8844348997588508,10.29941999773442,15.051482308882218
A,30,15,125,log,1.0,0.0,0.5,3.429638184627131,0.8844348997588508,10.29941999773442,15.051482308882218
A,30,15,125,log,1.0,0.0,1.0,3.429638184627131,0.8844348997588508,10.29941999773442,15.051482308882218
A,30,15,125,log,1.0,0.1,0.0,17.98020926786446,0.8869941340651906,25.27695223042387,30.88651054473773
A,30,15,125,log,1.0,0.1,0.5,10.266838604549593,0.8858198480664228,19.482174523093526,25.269541127353527
A,30,15,125,log,1.0,0.1,1.0,5.048195583716785,0.8848125144348943,13.773457694069114,19.05742447394089
A,30,15,125,log,1.0,0.5,0.0,257.11341291202183,0.8871561775086306,55.661832707578434,61.43673302054871
A,30,15,125,log,1.0,0.5,0.5,137.44422261246498,0.8850666391195352,48.28610649138286,54.053883349160834
A,30,15,125,log,1.0,0.5,1.0,38.24606228980765,0.8618198015525603,33.47117483904733,39.30779895318235
A,30,15,125,log,1.5,0.0,0.0,3.441443830642552,0.8843516558663838,10.302206518641828,15.064571699865258
A,30,15,125,log,1.5,0.0,0.5,3.441443830642552,0.8843516558663838,10.302206518641828,15.064571699865258
A,30,15,125,log,1.5,0.0,1.0,3.441443830642552,0.8843516558663838,10.302206518641828,15.064571699865258
A,30,15,125,log,1.5,0.1,0.0,33.2466744899526,0.8869335317993521,32.19691231978808,37.60194986801651
A,30,15,125,log,1.5,0.1,0.5,17.452296562211806,0.8857475506795168,24.806703513644774,30.5776395287204
A,30,15,125,log,1.5,0.1,1.0,6.797695750249423,0.8836335218533582,16.0813092828189,21.65553170842302
A,30,15,125,log,1.5,0.5,0.0,473.8297850462012,0.8871154206538947,62.309824580776784,68.49743220506448
A,30,15,125,log,1.5,0.5,0.5,278.2882699286994,0.8835418796485136,56.02696282472986,62.2147338208624
A,30,15,125,log,1.5,0.5,1.0,78.9536844692869,0.8634825175364969,41.71043087089152,47.94029475088922
A,30,15,130,log,0.1,0.0,0.0,3.25570771404552,0.8852298084334584,9.923440174597047,14.520861003675185
A,30,15,130,log,0.1,0.0,0.5,3.25570771404552,0.8852298084334584,9.923440174597047,14.520861003675185
A,30,15,130,log,0.1,0.0,1.0,3.25570771404552,0.8852298084334584,9.923440174597047,14.520861003675185
A,30,15,130,log,0.1,0.1,0.0,3.486994014180841,0.8865414787487442,10.85238756390137,15.641867436066804
A,30,15,130,log,0.1,0.1,1.0,3.2624616466424343,0.8849930147391477,10.192340559134724,14.781136841658348
A,30,15,130,log,0.1,0.1,0.5,3.320042324496499,0.886404425436577,10.44372758935608,15.132033435531977
A,30,15,130,log,0.1,0.5,0.0,7.811552693284345,0.8879116536275555,17.23464388378027,22.71143112516298
A,30,15,130,log,0.1,0.5,1.0,3.5683584501604386,0.8865703721252034,11.366044054807928,16.1036884020794
A,30,15,130,log,0.1,0.5,0.5,5.18204197147759,0.887599742444418,13.949988730549032,19.21611961546304
A,30,15,130,log,0.5,0.0,0.0,3.395061467622736,0.8838777151919366,9.953058349734794,14.68273099911465
A,30,15,130,log,0.5,0.0,0.5,3.395061467622736,0.8838777151919366,9.953058349734794,14.68273099911465
A,30,15,130,log,0.5,0.0,1.0,3.395061467622736,0.8838777151919366,9.953058349734794,14.68273099911465
A,30,15,130,log,0.5,0.1,0.0,7.182332980241688,0.8869119155570433,16.359718710226627,21.90639168538697
A,30,15,130,log,0.5,0.1,1.0,3.70233922823284,0.8844621241594366,11.299977217234565,16.19277279347316
A,30,15,130,log,0.5,0.1,0.5,5.056348783763951,0.8858027560032437,13.54630751051953,18.88978194595361
A,30,15,130,log,0.5,0.5,0.0,75.98644864347168,0.887411026292454,41.86200450721946,47.08986270422448
A,30,15,130,log,0.5,0.5,0.5,37.37199352859293,0.8864789724940298,33.46379360242465,38.91924162402141
A,30,15,130,log,1.0,0.0,0.0,3.4278539888132213,0.8836282370866944,9.963352251284531,14.719370367240122
A,30,15,130,log,0.5,0.5,1.0,11.311276223701118,0.8780074901059572,20.545018550672623,26.33933446570048
A,30,15,130,log,1.0,0.0,0.5,3.4278539888132213,0.8836282370866944,9.963352251284531,14.719370367240122
A,30,15,130,log,1.0,0.0,1.0,3.4278539888132213,0.8836282370866944,9.963352251284531,14.719370367240122
A,30,15,130,log,1.0,0.1,0.0,16.46240643140697,0.8870776614791049,24.25412590989552,29.890969559704853
A,30,15,130,log,1.0,0.1,0.5,9.352089577950592,0.8856237394604329,18.53881704747,24.320912513815777
A,30,15,130,log,1.0,0.1,1.0,4.650142994876426,0.8844367160383676,13.084400001435316,18.29897122600649
A,30,15,130,log,1.0,0.5,0.0,243.57166797420933,0.8872712205440054,55.08327831767124,60.7879256681196
A,30,15,130,log,1.0,0.5,0.5,128.81026168600545,0.8850065045043987,47.557037451271455,53.25766909834865
A,30,15,130,log,1.0,0.5,1.0,35.04024964455209,0.8616150249052288,32.404403337312885,38.2237246403101
A,30,15,130,log,1.5,0.0,0.0,3.4404667192062943,0.8835268066565799,9.967459477677894,14.733178725986798
A,30,15,130,log,1.5,0.0,0.5,3.4404667192062943,0.8835268066565799,9.967459477677894,14.733178725986798
A,30,15,130,log,1.5,0.0,1.0,3.4404667192062943,0.8835268066565799,9.967459477677894,14.733178725986798
A,30,15,130,log,1.5,0.1,0.0,30.66450216943384,0.8870331077597605,31.19608137921432,36.62111783679366
A,30,15,130,log,1.5,0.1,0.5,15.95473151135126,0.8855823306756692,23.758849779754208,29.56931525860832
A,30,15,130,log,1.5,0.1,1.0,6.174546262894465,0.883421825405501,15.23520932305507,20.75900067814105
A,30,15,130,log,1.5,0.5,0.0,453.03726337421006,0.8872131251793893,61.85783917097284,67.97973633433168
A,30,15,130,log,1.5,0.5,0.5,263.44059456082493,0.8835439837558287,55.44831205379784,61.56382457533582
A,30,15,130,log,1.5,0.5,1.0,72.76403700195885,0.8633526417784297,40.79602755510311,46.95727997175108
A,30,20,115,log,0.1,0.0,0.0,2.687611035146392,0.9022497120116072,10.797926176869137,13.919679080388956
A,30,20,115,log,0.1,0.0,0.5,2.687611035146392,0.9022497120116072,10.797926176869137,13.919679080388956
A,30,20,115,log,0.1,0.0,1.0,2.687611035146392,0.9022497120116072,10.797926176869137,13.919679080388956
A,30,20,115,log,0.1,0.1,0.0,2.9474761784674213,0.9025295041029456,11.521710836671224,15.06220496055117
A,30,20,115,log,0.1,0.1,0.5,2.806486228144988,0.90240689899059,11.191758759649172,14.561636430809116
A,30,20,115,log,0.1,0.1,1.0,2.710611066999376,0.9019177613041992,10.94206947453016,14.146609528007785
A,30,20,115,log,0.1,0.5,0.0,6.563692294757767,0.9027534907540498,17.45993698496619,22.06303206660139
A,30,20,115,log,0.1,0.5,0.5,4.405940663622379,0.9031420315214308,14.310912810505698,18.61252384038722
A,30,20,115,log,0.1,0.5,1.0,3.0228316451741337,0.9026766164387268,11.852634797530602,15.46498072099152
A,30,20,115,log,0.5,0.0,0.0,2.804867138581569,0.9011701378880476,10.91904518759041,14.113293258105372
A,30,20,115,log,0.5,0.0,1.0,2.804867138581569,0.9011701378880476,10.91904518759041,14.113293258105372
A,30,20,115,log,0.5,0.0,0.5,2.804867138581569,0.9011701378880476,10.91904518759041,14.113293258105372
A,30,20,115,log,0.5,0.1,0.0,5.99876106257309,0.9020127794131264,16.55886885149797,21.19022813620792
A,30,20,115,log,0.5,0.1,0.5,4.263946479930959,0.9013249348363668,13.920535597303768,18.22860106341544
A,30,20,115,log,0.5,0.1,1.0,3.1000201334131345,0.9010901787583429,11.84034568153537,15.51129736051244
A,30,20,115,log,0.5,0.5,0.0,55.59365632900911,0.9020256867632388,40.63537520645004,45.15517099588125
A,30,20,115,log,0.5,0.5,0.5,28.43924453875153,0.9016757172815282,32.800415212997805,37.45061626261321
A,30,20,115,log,0.5,0.5,1.0,9.216326717097786,0.8914800738224251,20.627286612085907,25.4853719651692
A,30,20,115,log,1.0,0.0,0.0,2.8316936714141767,0.9008387326307128,10.94710129469954,14.15601991535963
A,30,20,115,log,1.0,0.0,0.5,2.8316936714141767,0.9008387326307128,10.94710129469954,14.15601991535963
A,30,20,115,log,1.0,0.0,1.0,2.8316936714141767,0.9008387326307128,10.94710129469954,14.15601991535963
A,30,20,115,log,1.0,0.1,0.0,13.16017525366721,0.9018638566616776,24.0427312761752,28.83858934001451
A,30,20,115,log,1.0,0.1,0.5,7.641431030743574,0.901226742667524,18.60278508650464,23.45985988125876
A,30,20,115,log,1.0,0.1,1.0,3.895324818100454,0.9004986579630554,13.42029823012225,17.571695447648345
A,30,20,115,log,1.0,0.5,0.0,164.28706133303217,0.9019252546079584,53.01382160762383,57.980790969675375
A,30,20,115,log,1.0,0.5,0.5,90.40497641871556,0.8999848638040298,45.99084351453647,50.92917200944586
A,30,20,115,log,1.0,0.5,1.0,26.375244303688977,0.8761045262871315,31.94419475591331,36.80883328306977
A,30,20,115,log,1.5,0.0,0.0,2.8419892847203365,0.9007313222662076,10.957901910401072,14.172270407928451
A,30,20,115,log,1.5,0.0,0.5,2.8419892847203365,0.9007313222662076,10.957901910401072,14.172270407928451
A,30,20,115,log,1.5,0.0,1.0,2.8419892847203365,0.9007313222662076,10.957901910401072,14.172270407928451
A,30,20,115,log,1.5,0.1,0.0,23.628697130682816,0.9018030292781622,30.58899157926648,35.22579460394942
A,30,20,115,log,1.5,0.1,0.5,12.668533961854065,0.9010881577249634,23.590145358384124,28.49807930688381
A,30,20,115,log,1.5,0.1,1.0,5.131639105465725,0.8988599379019405,15.427986207688704,19.988441369121585
A,30,20,115,log,1.5,0.5,0.0,292.1229303589298,0.9018926434659632,59.37518186846198,64.71288379476161
A,30,20,115,log,1.5,0.5,0.5,176.0526389193638,0.898219152571313,53.3884801096345,58.71547977669176
A,30,20,115,log,1.5,0.5,1.0,52.94423804376317,0.8771789600612439,39.83310191177353,45.07531242187555
A,30,20,120,log,0.1,0.0,0.0,2.9043608878643625,0.8945217129167938,10.519534837227656,14.220600168171853
A,30,20,120,log,0.1,0.0,0.5,2.9043608878643625,0.8945217129167938,10.519534837227656,14.220600168171853
A,30,20,120,log,0.1,0.0,1.0,2.9043608878643625,0.8945217129167938,10.519534837227656,14.220600168171853
A,30,20,120,log,0.1,0.1,0.0,3.230057306006087,0.8949594246804333,11.42359908476908,15.491236102991383
A,30,20,120,log,0.1,0.1,1.0,2.9485742558832264,0.8938390890480894,10.764543014248304,14.520207589710973
A,30,20,120,log,0.1,0.1,0.5,3.060011010184272,0.8946851727328274,11.051256296063409,14.958092203380442
A,30,20,120,log,0.1,0.5,0.0,7.477714592126827,0.8954201595760972,17.813079053817265,22.821488981926528
A,30,20,120,log,0.1,0.5,0.5,4.968183091480066,0.8953775000434755,14.538161193505957,19.284960247770123
A,30,20,120,log,0.5,0.0,0.0,3.030475059020336,0.8933188598313098,10.58315332617699,14.387194225998009
A,30,20,120,log,0.1,0.5,1.0,3.3504477899092224,0.8948032091157018,11.911922819000214,16.010171113631458
A,30,20,120,log,0.5,0.0,0.5,3.030475059020336,0.8933188598313098,10.58315332617699,14.387194225998009
A,30,20,120,log,0.5,0.0,1.0,3.030475059020336,0.8933188598313098,10.58315332617699,14.387194225998009
A,30,20,120,log,0.5,0.1,0.0,6.834731626822188,0.894549703216955,16.880040174711073,21.94162947069214
A,30,20,120,log,0.5,0.1,0.5,4.8086923334287786,0.8934636383873258,14.107020633351215,18.89339599624845
A,30,20,120,log,0.5,0.1,1.0,3.436907297579541,0.892969291785116,11.841862893017169,16.03748349191514
A,30,20,120,log,0.5,0.5,0.0,67.20444732700932,0.8946925053178478,41.698000372448405,46.582145981725226
A,30,20,120,log,0.5,0.5,0.5,33.88943428976376,0.8939991543423303,33.6615701560306,38.704402485480685
A,30,20,120,log,0.5,0.5,1.0,10.725717409902751,0.8844805540415097,21.15595209307988,26.452495451715112
A,30,20,120,log,1.0,0.0,0.0,3.058947260688062,0.8929866526659687,10.60152839051457,14.424866851305566
A,30,20,120,log,1.0,0.0,0.5,3.058947260688062,0.8929866526659687,10.60152839051457,14.424866851305566
A,30,20,120,log,1.0,0.0,1.0,3.058947260688062,0.8929866526659687,10.60152839051457,14.424866851305566
A,30,20,120,log,1.0,0.1,0.0,15.33657225997982,0.8944895284713027,24.670306337885894,29.84923116766587
A,30,20,120,log,1.0,0.1,0.5,8.82403192107707,0.8934281418438912,19.063406710917075,24.349510106916007
A,30,20,120,log,1.0,0.1,1.0,4.401511801558721,0.8925230781619005,13.610689246190486,18.254363265161725
A,30,20,120,log,1.0,0.5,0.0,205.3516467611869,0.8945594448376374,54.38333536740015,59.74713368295996
A,30,20,120,log,1.0,0.5,0.5,111.3792744081858,0.892388319914688,47.18231334420117,52.52926547423317
A,30,20,120,log,1.0,0.5,1.0,31.70587759609684,0.8687087247283675,32.73618750730106,38.07865885971249
A,30,20,120,log,1.5,0.0,0.0,3.069885351451733,0.8928527243369164,10.609037310748205,14.43923002753944
A,30,20,120,log,1.5,0.0,0.5,3.069885351451733,0.8928527243369164,10.609037310748205,14.43923002753944
A,30,20,120,log,1.5,0.0,1.0,3.069885351451733,0.8928527243369164,10.609037310748205,14.43923002753944
A,30,20,120,log,1.5,0.1,0.0,27.95683806001431,0.8944238280428503,31.411252051002485,36.41515801596729
A,30,20,120,log,1.5,0.1,1.0,5.876848836831671,0.8911288240999091,15.773129192339308,20.78920269427751
A,30,20,120,log,1.5,0.1,0.5,14.830172376335629,0.8932902536862217,24.22193517401516,29.542657232758664
A,30,20,120,log,1.5,0.5,0.0,371.93141119795695,0.8945251939901885,60.89538813001118,66.65255444713932
A,30,20,120,log,1.5,0.5,0.5,221.3032317223392,0.8907415832630111,54.75891212944608,60.51198080089627
A,30,20,120,log,1.5,0.5,1.0,64.57378601055737,0.8701354175735352,40.8077832129944,46.53821676470004
A,30,20,125,log,0.1,0.0,0.0,3.2392856661632665,0.8864554362250849,10.215558986527835,14.816231506427352
A,30,20,125,log,0.1,0.0,1.0,3.2392856661632665,0.8864554362250849,10.215558986527835,14.816231506427352
A,30,20,125,log,0.1,0.0,0.5,3.2392856661632665,0.8864554362250849,10.215558986527835,14.816231506427352
A,30,20,125,log,0.1,0.1,0.0,3.6293869150197913,0.8871688665189984,11.295477622692577,16.134010417919832
A,30,20,125,log,0.1,0.1,0.5,3.425622869760896,0.8868332057705517,10.878820747519452,15.591136795868318
A,30,20,125,log,0.1,0.1,1.0,3.3090583220694123,0.8857114529420078,10.574744711619967,15.172278437922111
A,30,20,125,log,0.1,0.5,0.0,8.597280870861074,0.8880884351252576,18.12413104712332,23.627513989736443
A,30,20,125,log,0.1,0.5,0.5,5.67401665498574,0.8877638960946603,14.738724958899304,20.054062154379142
A,30,20,125,log,0.1,0.5,1.0,3.791917511963832,0.8869620928882329,11.945086285073383,16.731813863501984
A,30,20,125,log,0.5,0.0,0.0,3.375919810680031,0.8851534970075378,10.23009048004434,14.96677070687573
A,30,20,125,log,0.5,0.0,0.5,3.375919810680031,0.8851534970075378,10.23009048004434,14.96677070687573
A,30,20,125,log,0.5,0.0,1.0,3.375919810680031,0.8851534970075378,10.23009048004434,14.96677070687573
A,30,20,125,log,0.5,0.1,0.0,7.86688200673032,0.8872079488287694,17.17096131124881,22.756300558817664
A,30,20,125,log,0.5,0.1,0.5,5.503912449462423,0.8858374231204922,14.275268598221883,19.67434322654145
A,30,20,125,log,0.5,0.1,1.0,3.898231839605249,0.884877760125403,11.819657966212484,16.761927983519936
A,30,20,125,log,0.5,0.5,0.0,81.46764320657243,0.8874634472502242,42.6828574809992,47.94760272277182
A,30,20,125,log,0.5,0.5,0.5,40.534306737845,0.8865740585832196,34.461079674652964,39.91701925176531
A,30,20,125,log,0.5,0.5,1.0,12.550732986410624,0.8777577797867154,21.653593289716284,27.42056026539772
A,30,20,125,log,1.0,0.0,0.0,3.407623059011981,0.884891453232961,10.238674743669549,15.00140581295664
A,30,20,125,log,1.0,0.0,0.5,3.407623059011981,0.884891453232961,10.238674743669549,15.00140581295664
A,30,20,125,log,1.0,0.0,1.0,3.407623059011981,0.884891453232961,10.238674743669549,15.00140581295664
A,30,20,125,log,1.0,0.1,0.0,17.970063112056444,0.8872348891219506,25.24018481417669,30.85045010621256
A,30,20,125,log,1.0,0.1,0.5,10.26683860454958,0.8858198480664228,19.482174523093512,25.26954112735352
A,30,20,125,log,1.0,0.1,1.0,5.0481955837167884,0.8848125144348943,13.773457694069124,19.057424473940905
A,30,20,125,log,1.0,0.5,0.0,256.87641786610993,0.8873251188476194,55.650830506517686,61.42122277849791
A,30,20,125,log,1.0,0.5,0.5,137.44422261246498,0.8850666391195352,48.28610649138286,54.053883349160834
A,30,20,125,log,1.0,0.5,1.0,38.24606228980765,0.8618198015525603,33.47117483904733,39.30779895318235
A,30,20,125,log,1.5,0.0,0.0,3.419505897560677,0.88477110839855,10.242405505234014,15.014585901766996
A,30,20,125,log,1.5,0.0,0.5,3.419505897560677,0.88477110839855,10.242405505234014,15.014585901766996
A,30,20,125,log,1.5,0.0,1.0,3.419505897560677,0.88477110839855,10.242405505234014,15.014585901766996
A,30,20,125,log,1.5,0.1,0.0,33.21572860108769,0.8871782255393177,32.17116068721619,37.56892187039233
A,30,20,125,log,1.5,0.1,0.5,17.452296562211806,0.8857475506795168,24.80670351364477,30.5776395287204
A,30,20,125,log,1.5,0.1,1.0,6.79769575024943,0.8836335218533582,16.081309282818903,21.65553170842303
A,30,20,125,log,1.5,0.5,0.0,473.3824961020708,0.8872889984129936,62.30125067915903,68.48484251017643
A,30,20,125,log,1.5,0.5,0.5,278.2882699286994,0.8835418796485136,56.02696282472986,62.2147338208624
A,30,20,125,log,1.5,0.5,1.0,78.9536844692869,0.8634825175364969,41.71043087089152,47.94029475088922
A,30,20,130,log,0.1,0.0,0.0,3.2265716183243542,0.8859216834638453,9.868359185236448,14.476074678903942
A,30,20,130,log,0.1,0.0,0.5,3.2265716183243542,0.8859216834638453,9.868359185236448,14.476074678903942
A,30,20,130,log,0.1,0.0,1.0,3.2265716183243542,0.8859216834638453,9.868359185236448,14.476074678903942
A,30,20,130,log,0.1,0.1,0.0,3.4696273476074992,0.8870260450595051,10.78988863108469,15.597484062300769
A,30,20,130,log,0.1,0.1,0.5,3.312607113287369,0.8865700683465987,10.419887809781134,15.109156683731788
A,30,20,130,log,0.1,0.1,1.0,3.2624616466424343,0.8849930147391477,10.192340559134724,14.781136841658348
A,30,20,130,log,0.1,0.5,0.0,7.819717798004139,0.8882108143907892,17.193249927413554,22.68172816918821
A,30,20,130,log,0.1,0.5,0.5,5.18204197147759,0.887599742444418,13.949988730549032,19.21611961546304
A,30,20,130,log,0.5,0.0,0.0,3.367731203214073,0.8846365189325777,9.899206498764222,14.63586182288355
A,30,20,130,log,0.1,0.5,1.0,3.5683584501604386,0.8865703721252034,11.366044054807928,16.1036884020794
A,30,20,130,log,0.5,0.0,0.5,3.367731203214073,0.8846365189325777,9.899206498764222,14.63586182288355
A,30,20,130,log,0.5,0.0,1.0,3.367731203214073,0.8846365189325777,9.899206498764222,14.63586182288355
A,30,20,130,log,0.5,0.1,0.0,7.180251730141613,0.8872064623439059,16.300641937350097,21.863621132932327
A,30,20,130,log,0.5,0.1,0.5,5.056348783763957,0.8858027560032437,13.546307510519537,18.889781945953622
A,30,20,130,log,0.5,0.1,1.0,3.70233922823284,0.8844621241594366,11.299977217234565,16.19277279347316
A,30,20,130,log,0.5,0.5,0.0,75.94266140170004,0.8876103044127627,41.84607538952042,47.06875950595963
A,30,20,130,log,0.5,0.5,0.5,37.37199352859293,0.8864789724940298,33.46379360242465,38.91924162402141
A,30,20,130,log,0.5,0.5,1.0,11.311276223701118,0.8780074901059572,20.545018550672623,26.33933446570048
A,30,20,130,log,1.0,0.0,0.0,3.4001750496496315,0.8842621918124882,9.910177041090597,14.672097244442904
A,30,20,130,log,1.0,0.0,0.5,3.4001750496496315,0.8842621918124882,9.910177041090597,14.672097244442904
A,30,20,130,log,1.0,0.0,1.0,3.4001750496496315,0.8842621918124882,9.910177041090597,14.672097244442904
A,30,20,130,log,1.0,0.1,0.0,16.45389024200853,0.8873532898059293,24.21342550280418,29.852764816184525
A,30,20,130,log,1.0,0.1,0.5,9.35208957795059,0.8856237394604329,18.53881704747,24.320912513815777
A,30,20,130,log,1.0,0.1,1.0,4.6501429948764255,0.8844367160383676,13.084400001435313,18.29897122600649
A,30,20,130,log,1.0,0.5,0.0,243.3317254844821,0.8874607498025066,55.0716753420845,60.77146667354248
A,30,20,130,log,1.0,0.5,0.5,128.81026168600545,0.8850065045043987,47.557037451271455,53.25766909834865
A,30,20,130,log,1.0,0.5,1.0,35.04024964455209,0.8616150249052288,32.404403337312885,38.2237246403101
A,30,20,130,log,1.5,0.0,0.0,3.4126363268649533,0.8841707290265368,9.91467132078198,14.685888488254651
A,30,20,130,log,1.5,0.0,0.5,3.4126363268649533,0.8841707290265368,9.91467132078198,14.685888488254651
A,30,20,130,log,1.5,0.0,1.0,3.4126363268649533,0.8841707290265368,9.91467132078198,14.685888488254651
A,30,20,130,log,1.5,0.1,0.0,30.636088653887303,0.887294306171083,31.165379820814884,36.585992685340045
A,30,20,130,log,1.5,0.1,0.5,15.95473151135126,0.8855823306756692,23.758849779754208,29.56931525860832
A,30,20,130,log,1.5,0.1,1.0,6.174546262894465,0.883421825405501,15.23520932305507,20.75900067814105
A,30,20,130,log,1.5,0.5,0.0,452.5764696514525,0.8874184889417993,61.84879866264562,67.9663546765437
A,30,20,130,log,1.5,0.5,0.5,263.44059456082493,0.8835439837558287,55.44831205379784,61.56382457533582
A,30,20,130,log,1.5,0.5,1.0,72.76403700195885,0.8633526417784297,40.79602755510311,46.95727997175108
B,15,10,115,log,0.1,0.0,0.0,4.642492775004521,0.8775666626924921,13.456262448726482,17.175313934490315
B,15,10,115,log,0.1,0.0,0.5,4.642492775004521,0.8775666626924921,13.456262448726482,17.175313934490315
B,15,10,115,log,0.1,0.0,1.0,4.642492775004521,0.8775666626924921,13.456262448726482,17.175313934490315
B,15,10,115,log,0.1,0.1,0.0,4.994554451104982,0.8781589940373241,14.240365123374223,18.34905546669439
B,15,10,115,log,0.1,0.1,0.5,4.790766140266904,0.8783509039821669,13.916925793211345,17.851083466166138
B,15,10,115,log,0.1,0.1,1.0,4.648960434882122,0.878314584726916,13.635261636090352,17.398617679011654
B,15,10,115,log,0.1,0.5,0.0,9.969389366554465,0.8789263361180734,19.714902592466625,24.95190527115832
B,15,10,115,log,0.1,0.5,0.5,6.951611916092849,0.87888576287554,16.93340563451436,21.72304948015023
B,15,10,115,log,0.5,0.0,0.0,4.806777631368537,0.8769245047504057,13.510645260084004,17.32314265712949
B,15,10,115,log,0.1,0.5,1.0,5.093415595619962,0.8772864551262913,14.757438479539127,18.831689703575822
B,15,10,115,log,0.5,0.0,0.5,4.806777631368537,0.8769245047504057,13.510645260084004,17.32314265712949
B,15,10,115,log,0.5,0.0,1.0,4.806777631368537,0.8769245047504057,13.510645260084004,17.32314265712949
B,15,10,115,log,0.5,0.1,0.0,9.201208218029976,0.8782740765711956,18.82816296268866,24.081622225281382
B,15,10,115,log,0.5,0.1,0.5,6.733570962191355,0.8782878079958476,16.484410613304387,21.2773179093556
B,15,10,115,log,0.5,0.5,0.0,71.70037843406377,0.8788397345876717,42.15374124835194,47.2169635457028
B,15,10,115,log,0.5,0.1,1.0,5.161725768514828,0.8771174991272292,14.625933625081911,18.75419536925701
B,15,10,115,log,0.5,0.5,1.0,13.255519595975509,0.8555149912848089,22.277531743103744,27.9727858542035
B,15,10,115,log,0.5,0.5,0.5,37.22115783775356,0.875387881836468,34.082189832420354,39.411607974174615
B,15,10,115,log,1.0,0.0,0.5,4.841928383762194,0.876772133211783,13.521569741071186,17.352188467483586
B,15,10,115,log,1.0,0.0,0.0,4.841928383762194,0.876772133211783,13.521569741071186,17.352188467483586
B,15,10,115,log,1.0,0.1,0.0,18.580248794697567,0.8784066558008089,25.722333865161268,31.2594981623997
B,15,10,115,log,1.0,0.0,1.0,4.841928383762194,0.876772133211783,13.521569741071186,17.352188467483586
B,15,10,115,log,1.0,0.1,0.5,11.098304008675916,0.8779549302875175,20.70175565847473,26.098861149831247
B,15,10,115,log,1.0,0.1,1.0,6.252007440485883,0.8739905432329882,16.243543217692444,20.796067116377166
B,15,10,115,log,1.0,0.5,0.0,199.85075562326443,0.8787941009386842,54.9544502830736,60.05475612919636
B,15,10,115,log,1.0,0.5,0.5,110.61573304654556,0.8705779570718313,47.44849010504087,52.66270601765045
B,15,10,115,log,1.0,0.5,1.0,32.94843828194347,0.8489502945353037,31.664937263050923,37.54848432658819
B,15,10,115,log,1.5,0.0,0.0,4.85472679278206,0.8767089718191234,13.525445085561913,17.36261466308024
B,15,10,115,log,1.5,0.0,0.5,4.85472679278206,0.8767089718191234,13.525445085561913,17.36261466308024
B,15,10,115,log,1.5,0.0,1.0,4.85472679278206,0.8767089718191234,13.525445085561913,17.36261466308024
B,15,10,115,log,1.5,0.1,0.0,31.879159135490625,0.8784315880613386,31.99756244510068,37.39004777799778
B,15,10,115,log,1.5,0.1,0.5,17.43780794025915,0.8772015605772208,25.26072533313958,30.790573030087
B,15,10,115,log,1.5,0.5,0.0,345.8917378829563,0.8787691833298797,61.534679458684494,66.84763997158896
B,15,10,115,log,1.5,0.1,1.0,7.90639748835747,0.8687747311495901,18.0725486756086,23.08937217582932
B,15,10,115,log,1.5,0.5,1.0,64.50948917210965,0.8410357371095042,39.55836825230591,45.4119116667854
B,15,10,115,log,1.5,0.5,0.5,208.1309819793721,0.8663696839945839,55.05699952324619,60.44860698206742
B,15,10,120,log,0.1,0.0,0.0,5.23651983542381,0.8694096586196294,13.221229692761671,17.67208087905179
B,15,10,120,log,0.1,0.0,0.5,5.23651983542381,0.8694096586196294,13.221229692761671,17.67208087905179
B,15,10,120,log,0.1,0.0,1.0,5.23651983542381,0.8694096586196294,13.221229692761671,17.67208087905179
B,15,10,120,log,0.1,0.1,0.0,5.679109541321163,0.8702815528102675,14.17634248605793,18.957179630512552
B,15,10,120,log,0.1,0.1,1.0,5.254099830209364,0.8701827543594074,13.45253479835913,17.930817953096795
B,15,10,120,log,0.1,0.1,0.5,5.4312959543631605,0.8703042227589011,13.7970838614045,18.42175396277748
B,15,10,120,log,0.1,0.5,0.0,11.666272266729754,0.8714070273529032,20.09790481773281,25.87200799777934
B,15,10,120,log,0.1,0.5,0.5,8.0399706072314,0.8712336089346489,17.157639563227605,22.533744320468305
B,15,10,120,log,0.1,0.5,1.0,5.803176383928955,0.869466584156213,14.772049071826768,19.50201097076309
B,15,10,120,log,0.5,0.0,0.0,5.423975710792738,0.8684360888136966,13.215614361520592,17.79791023848082
B,15,10,120,log,0.5,0.0,0.5,5.423975710792738,0.8684360888136966,13.215614361520592,17.79791023848082
B,15,10,120,log,0.5,0.0,1.0,5.423975710792738,0.8684360888136966,13.215614361520592,17.79791023848082
B,15,10,120,log,0.5,0.1,0.0,10.772493805414175,0.8706218355830938,19.16791022463584,24.99394568734608
B,15,10,120,log,0.5,0.1,0.5,7.785201645385593,0.8705230348870432,16.642287847523892,22.06527548330508
B,15,10,120,log,0.5,0.5,0.0,88.58061499402496,0.8713284535000442,43.341103917959714,48.81220351892502
B,15,10,120,log,0.5,0.1,1.0,5.879815273007849,0.8690147313405058,14.567948530979518,19.39555518252834
B,15,10,120,log,0.5,0.5,0.5,45.27100884446038,0.867941685230716,35.03696639824167,40.79643601061826
B,15,10,120,log,0.5,0.5,1.0,15.81363800454029,0.8479665278144264,22.862111472331904,29.078569067013472
B,15,10,120,log,1.0,0.0,0.0,5.462063823105745,0.8682661185197788,13.214873801134132,17.821958221474283
B,15,10,120,log,1.0,0.0,0.5,5.462063823105745,0.8682661185197788,13.214873801134132,17.821958221474283
B,15,10,120,log,1.0,0.0,1.0,5.462063823105745,0.8682661185197788,13.214873801134132,17.821958221474283
B,15,10,120,log,1.0,0.1,0.0,22.230138528939268,0.8708474929248166,26.406503905810773,32.42646829339846
B,15,10,120,log,1.0,0.1,0.5,13.104122576880613,0.8702786663451111,21.1640131831678,27.101017766822384
B,15,10,120,log,1.0,0.1,1.0,7.20036786442396,0.8662225750540398,16.361070498198362,21.56911177545134
B,15,10,120,log,1.0,0.5,0.0,254.1649570544724,0.8712745481621115,56.49552297782905,62.010959814391455
B,15,10,120,log,1.0,0.5,0.5,138.51324206012754,0.8633153264160104,48.76974200029885,54.409947210777815
B,15,10,120,log,1.5,0.0,0.0,5.476074904991142,0.8681609668808619,13.214432216143011,17.830442527516173
B,15,10,120,log,1.0,0.5,1.0,40.18603569612425,0.8416982787111827,32.5211503621602,38.88446709271995
B,15,10,120,log,1.5,0.0,0.5,5.476074904991142,0.8681609668808619,13.214432216143011,17.830442527516173
B,15,10,120,log,1.5,0.0,1.0,5.476074904991142,0.8681609668808619,13.214432216143011,17.830442527516173
B,15,10,120,log,1.5,0.1,0.0,38.65940108913068,0.870874983762449,32.90741799939673,38.73858007933556
B,15,10,120,log,1.5,0.1,0.5,20.847148880046262,0.8696328601839305,25.93854314512492,31.949453878457383
B,15,10,120,log,1.5,0.5,0.0,447.1246655888425,0.87124313484293,63.250918275412765,68.99263951874529
B,15,10,120,log,1.5,0.1,1.0,9.223385343177508,0.8614008653342331,18.34768985060864,23.977317113489825
B,15,10,120,log,1.5,0.5,0.5,265.32502468541435,0.8593051647026074,56.58576019177515,62.41038958624129
B,15,10,120,log,1.5,0.5,1.0,79.92717212183481,0.8342760115207299,40.58832469370429,46.932084670791696
B,15,10,125,log,0.1,0.0,0.0,6.0099382717206655,0.8600497019799566,12.938614589244724,18.418238633002225
B,15,10,125,log,0.1,0.0,0.5,6.0099382717206655,0.8600497019799566,12.938614589244724,18.418238633002225
B,15,10,125,log,0.1,0.0,1.0,6.0099382717206655,0.8600497019799566,12.938614589244724,18.418238633002225
B,15,10,125,log,0.1,0.1,0.0,6.549180293035825,0.8614671471023323,14.05932221407186,19.75660725715976
B,15,10,125,log,0.1,0.1,1.0,6.025572006503919,0.8609164378706587,13.223832718930987,18.69777895615716
B,15,10,125,log,0.1,0.1,0.5,6.244586645573472,0.8613420502631237,13.62285249876104,19.203824900086147
B,15,10,125,log,0.1,0.5,0.0,13.72217666415689,0.8632220109170557,20.42052380690517,26.83923143525912
B,15,10,125,log,0.1,0.5,0.5,9.382073776537942,0.8627929487512077,17.32136731794419,23.43653431872871
B,15,10,125,log,0.1,0.5,1.0,6.700304930814855,0.8606485222296436,14.726890105254558,20.33999485392685
B,15,10,125,log,0.5,0.0,0.0,6.216745417375643,0.8591167696731287,12.877916945375386,18.531880240476653
B,15,10,125,log,0.5,0.0,0.5,6.216745417375643,0.8591167696731287,12.877916945375386,18.531880240476653
B,15,10,125,log,0.5,0.0,1.0,6.216745417375643,0.8591167696731287,12.877916945375386,18.531880240476653
B,15,10,125,log,0.5,0.1,0.0,12.686794696521243,0.8623132682766876,19.443058037257856,25.967119616853147
B,15,10,125,log,0.5,0.1,0.5,9.093309740768577,0.8619437123284985,16.74484580842256,22.967003274219103
B,15,10,125,log,0.5,0.1,1.0,6.793034842586346,0.8601288173501193,14.457053267782934,20.22410587264093
B,15,10,125,log,0.5,0.5,0.0,109.55567994074924,0.863250068470123,44.45380159547232,50.346532298855806
B,15,10,125,log,0.5,0.5,0.5,55.18044644155194,0.8601035610098645,35.928968329998526,42.138299455005225
B,15,10,125,log,0.5,0.5,1.0,18.956250282242387,0.840571392323173,23.37770059721071,30.195933354850848
B,15,10,125,log,1.0,0.0,0.0,6.259256568788757,0.8589399166614301,12.867154559933685,18.55376985748489
B,15,10,125,log,1.0,0.0,0.5,6.259256568788757,0.8589399166614301,12.867154559933685,18.55376985748489
B,15,10,125,log,1.0,0.0,1.0,6.259256568788757,0.8589399166614301,12.867154559933685,18.55376985748489
B,15,10,125,log,1.0,0.1,0.0,26.67314175251827,0.8627085964097342,27.02498889340361,33.58604135549669
B,15,10,125,log,1.0,0.1,1.0,8.39011980980168,0.8578333862035651,16.413574622821812,22.46942113719844
B,15,10,125,log,1.0,0.1,0.5,15.543734601134975,0.862085481501139,21.56721346872491,28.135421191256672
B,15,10,125,log,1.0,0.5,0.0,323.1777954491389,0.8632022548734044,57.93965944812406,63.87992984270318
B,15,10,125,log,1.0,0.5,0.5,173.58207921741297,0.8558054115307054,50.00843250192308,56.08534175071806
B,15,10,125,log,1.0,0.5,1.0,49.149075398451686,0.8346275019097439,33.330080177908975,40.1828757862604
B,15,10,125,log,1.5,0.0,0.0,6.274930722640904,0.8589278051890916,12.8628205391792,18.56138255775253
B,15,10,125,log,1.5,0.0,0.5,6.274930722640904,0.8589278051890916,12.8628205391792,18.56138255775253
B,15,10,125,log,1.5,0.0,1.0,6.274930722640904,0.8589278051890916,12.8628205391792,18.56138255775253
B,15,10,125,log,1.5,0.1,0.0,46.97329420326916,0.8627509205249269,33.75065168433544,40.05136630717322
B,15,10,125,log,1.5,0.1,0.5,25.00551731210131,0.8615898886741611,26.549878358816407,33.1002537580388
B,15,10,125,log,1.5,0.1,1.0,10.840606325328688,0.8535184701442112,18.55774378461986,24.941667171320194
B,15,10,125,log,1.5,0.5,0.0,577.4189201858474,0.8631682532472551,64.85820434121175,71.03698292758784
B,15,10,125,log,1.5,0.5,0.5,338.18504991380496,0.8520812956518002,58.01791631433408,64.28455092013138
B,15,10,125,log,1.5,0.5,1.0,99.21848712289544,0.8276401140948156,41.55566697298549,48.39841346736106
B,15,10,130,log,0.1,0.0,0.5,6.048827566905009,0.8590338769708638,12.50850495201214,18.011395958708853
B,15,10,130,log,0.1,0.0,0.0,6.048827566905009,0.8590338769708638,12.50850495201214,18.011395958708853
B,15,10,130,log,0.1,0.0,1.0,6.048827566905009,0.8590338769708638,12.50850495201214,18.011395958708853
B,15,10,130,log,0.1,0.1,0.0,6.351854290687598,0.8608404360658435,13.500096701815416,19.18499404859933
B,15,10,130,log,0.1,0.1,1.0,6.000103729011604,0.8602234439319867,12.756095499825808,18.24253537439801
B,15,10,130,log,0.1,0.1,0.5,6.127922474311995,0.860536094248727,13.10683455155178,18.686830823628306
B,15,10,130,log,0.1,0.5,0.0,12.598411170118084,0.8630642156988351,19.442278303330955,25.89085878777173
B,15,10,130,log,0.1,0.5,0.5,8.684583444899593,0.8625578731670677,16.492859530943157,22.59295709714823
B,15,10,130,log,0.1,0.5,1.0,6.420391049251125,0.8602247134501019,14.114191668063444,19.693059373074497
B,15,10,130,log,0.5,0.0,0.0,6.235419750472939,0.8580147026137134,12.471803198350711,18.135633676598047
B,15,10,130,log,0.5,0.0,0.5,6.235419750472939,0.8580147026137134,12.471803198350711,18.135633676598047
B,15,10,130,log,0.5,0.0,1.0,6.235419750472939,0.8580147026137134,12.471803198350711,18.135633676598047
B,15,10,130,log,0.5,0.1,0.0,11.696055112473786,0.8620647079414203,18.542246154504767,25.07932142870116
B,15,10,130,log,0.5,0.1,0.5,8.472323484134062,0.861672711820602,15.991400787524762,22.187172820957343
B,15,10,130,log,0.5,0.1,1.0,6.532541677999101,0.859695990319574,13.89317875724868,19.622148918727177
B,15,10,130,log,0.5,0.5,0.0,102.38706112299904,0.8632426326085669,43.47114030510927,49.390982111899305
B,15,10,130,log,0.5,0.5,0.5,50.94488037282997,0.8601747470234052,34.78115043883078,41.06773081315616
B,15,10,130,log,0.5,0.5,1.0,17.354573383779922,0.8405339325550765,22.367673012558,29.236026310051045
B,15,10,130,log,1.0,0.0,0.0,6.27325344350339,0.8577266084194901,12.46498409371539,18.15967789662699
B,15,10,130,log,1.0,0.0,0.5,6.27325344350339,0.8577266084194901,12.46498409371539,18.15967789662699
B,15,10,130,log,1.0,0.0,1.0,6.27325344350339,0.8577266084194901,12.46498409371539,18.15967789662699
B,15,10,130,log,1.0,0.1,0.0,24.575157548466454,0.8626227793596195,25.924932555321373,32.56670382819566
B,15,10,130,log,1.0,0.1,1.0,7.858788360466788,0.8573770225475791,15.714860951080391,21.71735366425034
B,15,10,130,log,1.0,0.1,0.5,14.261238263607012,0.8619521333834813,20.56942711929076,27.17512935565849
B,15,10,130,log,1.0,0.5,0.0,306.4159625894548,0.8631809901475638,57.25436018359553,63.15373061363524
B,15,10,130,log,1.0,0.5,0.5,162.60285656351817,0.8560258568479039,49.132301270030815,55.18671063524628
B,15,10,130,log,1.0,0.5,1.0,45.04201353413963,0.8349462040925164,32.09478610406525,39.054617439983936
B,15,10,130,log,1.5,0.0,0.0,6.2872365471537615,0.8577158534879004,12.462053689687218,18.168150553253803
B,15,10,130,log,1.5,0.0,0.5,6.2872365471537615,0.8577158534879004,12.462053689687218,18.168150553253803
B,15,10,130,log,1.5,0.0,1.0,6.2872365471537615,0.8577158534879004,12.462053689687218,18.168150553253803
B,15,10,130,log,1.5,0.1,0.0,43.50487284276116,0.8627166292964187,32.63233307084956,39.02053584450421
B,15,10,130,log,1.5,0.1,0.5,22.94917695709871,0.8615404175950019,25.425463457243136,32.05943797962931
B,15,10,130,log,1.5,0.1,1.0,10.000778788102796,0.853475361131349,17.75100571005992,24.086400933626635
B,15,10,130,log,1.5,0.5,0.0,552.1338328651964,0.863145211238284,64.32407667524377,70.45343390689165
B,15,10,130,log,1.5,0.5,1.0,91.64350274854664,0.8282975611064284,40.42946618380311,47.30211012604171
B,15,10,130,log,1.5,0.5,0.5,319.78583691256165,0.8524547535904847,57.32087823845037,63.538757570311056
B,15,15,115,log,0.1,0.0,0.5,4.6459231093964135,0.8775716820944766,13.452127661884017,17.178985173046637
B,15,15,115,log,0.1,0.0,0.0,4.6459231093964135,0.8775716820944766,13.452127661884017,17.178985173046637
B,15,15,115,log,0.1,0.0,1.0,4.6459231093964135,0.8775716820944766,13.452127661884017,17.178985173046637
B,15,15,115,log,0.1,0.1,0.0,4.993798030575183,0.878045341437795,14.245917180428032,18.353562893847503
B,15,15,115,log,0.1,0.1,1.0,4.648960434882122,0.878314584726916,13.635261636090352,17.398617679011654
B,15,15,115,log,0.1,0.1,0.5,4.791774860050888,0.8783075607853549,13.91757941749266,17.85350981801095
B,15,15,115,log,0.1,0.5,0.0,9.95613221674746,0.8788576278210884,19.73007691050312,24.96017757286445
B,15,15,115,log,0.1,0.5,0.5,6.951611916092849,0.87888576287554,16.93340563451436,21.72304948015023
B,15,15,115,log,0.1,0.5,1.0,5.093415595619962,0.8772864551262913,14.757438479539127,18.831689703575822
B,15,15,115,log,0.5,0.0,0.0,4.81242318648648,0.8767885913607438,13.510310742154422,17.331025462539667
B,15,15,115,log,0.5,0.0,0.5,4.81242318648648,0.8767885913607438,13.510310742154422,17.331025462539667
B,15,15,115,log,0.5,0.0,1.0,4.81242318648648,0.8767885913607438,13.510310742154422,17.331025462539667
B,15,15,115,log,0.5,0.1,0.0,9.197423407145056,0.8781481296947578,18.84409552823641,24.09304094944568
B,15,15,115,log,0.5,0.1,0.5,6.733570962191367,0.8782878079958476,16.484410613304398,21.27731790935561
B,15,15,115,log,0.5,0.1,1.0,5.161725768514828,0.8771174991272292,14.625933625081911,18.75419536925701
B,15,15,115,log,0.5,0.5,0.0,71.73224897363477,0.8787614880351752,42.18610340110144,47.23983463765007
B,15,15,115,log,0.5,0.5,0.5,37.22115783775356,0.875387881836468,34.082189832420354,39.411607974174615
B,15,15,115,log,0.5,0.5,1.0,13.255519595975509,0.8555149912848089,22.277531743103744,27.9727858542035
B,15,15,115,log,1.0,0.0,0.0,4.848399599122912,0.8766090513267162,13.52257582332183,17.360983088371643
B,15,15,115,log,1.0,0.0,0.5,4.848399599122912,0.8766090513267162,13.52257582332183,17.360983088371643
B,15,15,115,log,1.0,0.0,1.0,4.848399599122912,0.8766090513267162,13.52257582332183,17.360983088371643
B,15,15,115,log,1.0,0.1,0.0,18.581592692603188,0.8783002895800653,25.73940286462041,31.273952143741337
B,15,15,115,log,1.0,0.1,0.5,11.098304008675916,0.8779549302875175,20.70175565847473,26.09886114983125
B,15,15,115,log,1.0,0.1,1.0,6.252007440485885,0.8739905432329882,16.24354321769245,20.79606711637717
B,15,15,115,log,1.0,0.5,0.0,199.97839377592408,0.8787335535403578,54.97791652683823,60.07506305075276
B,15,15,115,log,1.0,0.5,0.5,110.61573304654556,0.8705779570718313,47.44849010504087,52.66270601765045
B,15,15,115,log,1.0,0.5,1.0,32.94843828194347,0.8489502945353037,31.664937263050923,37.54848432658819
B,15,15,115,log,1.5,0.0,0.0,4.861812385201222,0.8765906763331064,13.526893352256945,17.37178586082977
B,15,15,115,log,1.5,0.0,0.5,4.861812385201222,0.8765906763331064,13.526893352256945,17.37178586082977
B,15,15,115,log,1.5,0.0,1.0,4.861812385201222,0.8765906763331064,13.526893352256945,17.37178586082977
B,15,15,115,log,1.5,0.1,0.0,31.89517541225012,0.8783395205714095,32.02872310556184,37.41003256994113
B,15,15,115,log,1.5,0.1,0.5,17.437807940259166,0.8772015605772208,25.260725333139582,30.790573030087
B,15,15,115,log,1.5,0.1,1.0,7.906397488357472,0.8687747311495901,18.072548675608594,23.08937217582932
B,15,15,115,log,1.5,0.5,0.0,346.1215845462558,0.8787151891636171,61.55299978846468,66.86460294198048
B,15,15,115,log,1.5,0.5,0.5,208.1309819793721,0.8663696839945839,55.05699952324619,60.44860698206742
B,15,15,115,log,1.5,0.5,1.0,64.50948917210965,0.8410357371095042,39.55836825230591,45.4119116667854
B,15,15,120,log,0.1,0.0,0.0,5.244636836606181,0.8692862461199281,13.221004754720846,17.676105493956445
B,15,15,120,log,0.1,0.0,0.5,5.244636836606181,0.8692862461199281,13.221004754720846,17.676105493956445
B,15,15,120,log,0.1,0.0,1.0,5.244636836606181,0.8692862461199281,13.221004754720846,17.676105493956445
B,15,15,120,log,0.1,0.1,0.0,5.678309555550266,0.8702658341149917,14.185570986289,18.96314696552373
B,15,15,120,log,0.1,0.1,0.5,5.432914705968395,0.87029874430345,13.800688471679038,18.42570640391532
B,15,15,120,log,0.1,0.1,1.0,5.254958734363583,0.8701841015714906,13.45319548248168,17.931985453913647
B,15,15,120,log,0.1,0.5,0.0,11.65089563826701,0.8713121337069735,20.115025714666483,25.882291483449286
B,15,15,120,log,0.1,0.5,0.5,8.0399706072314,0.8712336089346489,17.157639563227605,22.533744320468305
B,15,15,120,log,0.1,0.5,1.0,5.803176383928955,0.869466584156213,14.772049071826768,19.50201097076309
B,15,15,120,log,0.5,0.0,0.0,5.431229603500615,0.8684087699035619,13.217138897881403,17.805645213538927
B,15,15,120,log,0.5,0.0,0.5,5.431229603500615,0.8684087699035619,13.217138897881403,17.805645213538927
B,15,15,120,log,0.5,0.0,1.0,5.431229603500615,0.8684087699035619,13.217138897881403,17.805645213538927
B,15,15,120,log,0.5,0.1,0.0,10.769103053275098,0.8705333902342156,19.18741031802698,25.00792723275003
B,15,15,120,log,0.5,0.1,0.5,7.785201645385618,0.8705230348870432,16.64228784752391,22.065275483305104
B,15,15,120,log,0.5,0.1,1.0,5.879815273007849,0.8690147313405058,14.567948530979518,19.39555518252834
B,15,15,120,log,0.5,0.5,0.0,88.6188795282891,0.8712718883370991,43.37498862644795,48.83639820649106
B,15,15,120,log,0.5,0.5,0.5,45.27100884446038,0.867941685230716,35.03696639824167,40.79643601061826
B,15,15,120,log,0.5,0.5,1.0,15.81363800454029,0.8479665278144264,22.862111472331904,29.078569067013472
B,15,15,120,log,1.0,0.0,0.5,5.471612491099473,0.8682649053360489,13.217567247852935,17.83115298457815
B,15,15,120,log,1.0,0.0,0.0,5.471612491099473,0.8682649053360489,13.217567247852935,17.83115298457815
B,15,15,120,log,1.0,0.1,0.0,22.23171459655652,0.8707829144477603,26.429016144274705,32.44332866397497
B,15,15,120,log,1.0,0.0,1.0,5.471612491099473,0.8682649053360489,13.217567247852935,17.83115298457815
B,15,15,120,log,1.0,0.1,1.0,7.200367864423963,0.8662225750540398,16.361070498198366,21.56911177545134
B,15,15,120,log,1.0,0.1,0.5,13.104122576880616,0.8702786663451111,21.1640131831678,27.101017766822384
B,15,15,120,log,1.0,0.5,0.0,254.3325650901268,0.8712309895206376,56.51989720037393,62.03230867263369
B,15,15,120,log,1.0,0.5,0.5,138.51324206012754,0.8633153264160104,48.76974200029885,54.409947210777815
B,15,15,120,log,1.5,0.0,0.0,5.486738313585676,0.8682184907978094,13.21739165770354,17.840209326346944
B,15,15,120,log,1.0,0.5,1.0,40.18603569612425,0.8416982787111827,32.5211503621602,38.88446709271995
B,15,15,120,log,1.5,0.0,0.5,5.486738313585676,0.8682184907978094,13.21739165770354,17.840209326346944
B,15,15,120,log,1.5,0.0,1.0,5.486738313585676,0.8682184907978094,13.21739165770354,17.840209326346944
B,15,15,120,log,1.5,0.1,0.0,38.67885596182892,0.870809939897847,32.940915030152425,38.76017258111386
B,15,15,120,log,1.5,0.1,0.5,20.847148880046284,0.8696328601839305,25.93854314512492,31.9494538784574
B,15,15,120,log,1.5,0.5,0.0,447.4338488808715,0.8712056724659106,63.269889800980046,69.01039933805232
B,15,15,120,log,1.5,0.1,1.0,9.22338534317751,0.8614008653342331,18.34768985060864,23.97731711348983
B,15,15,120,log,1.5,0.5,0.5,265.32502468541435,0.8593051647026074,56.58576019177515,62.41038958624129
B,15,15,120,log,1.5,0.5,1.0,79.92717212183481,0.8342760115207299,40.58832469370429,46.932084670791696
B,15,15,125,log,0.1,0.0,0.5,6.012525764433912,0.8600296714245272,12.941740274408772,18.421263604683816
B,15,15,125,log,0.1,0.0,0.0,6.012525764433912,0.8600296714245272,12.941740274408772,18.421263604683816
B,15,15,125,log,0.1,0.0,1.0,6.012525764433912,0.8600296714245272,12.941740274408772,18.421263604683816
B,15,15,125,log,0.1,0.1,0.0,6.548363095397609,0.8613497375659854,14.068367723583544,19.76318502622892
B,15,15,125,log,0.1,0.1,1.0,6.026761491282813,0.8608723667449146,13.225196808492068,18.699156388227703
B,15,15,125,log,0.1,0.1,0.5,6.2495640864840425,0.8612353429989948,13.630003765250148,19.20894506619674
B,15,15,125,log,0.1,0.5,0.0,13.701667134966872,0.8631566059328734,20.44097668884552,26.85092000829912
B,15,15,125,log,0.1,0.5,0.5,9.382073776537942,0.8627929487512077,17.32136731794419,23.43653431872871
B,15,15,125,log,0.1,0.5,1.0,6.700304930814855,0.8606485222296436,14.726890105254558,20.33999485392685
B,15,15,125,log,0.5,0.0,0.0,6.217571656857428,0.8589572141495518,12.884989652391576,18.53940161286895
B,15,15,125,log,0.5,0.0,0.5,6.217571656857428,0.8589572141495518,12.884989652391576,18.53940161286895
B,15,15,125,log,0.5,0.0,1.0,6.217571656857428,0.8589572141495518,12.884989652391576,18.53940161286895
B,15,15,125,log,0.5,0.1,0.0,12.681712643836914,0.8622842408312735,19.463618773480555,25.98255280160073
B,15,15,125,log,0.5,0.1,0.5,9.093309740768582,0.8619437123284985,16.74484580842257,22.96700327421912
B,15,15,125,log,0.5,0.1,1.0,6.793034842586349,0.8601288173501193,14.45705326778294,20.224105872640937
B,15,15,125,log,0.5,0.5,0.0,109.59481013912034,0.8632142791813685,44.490157342837215,50.37239995827135
B,15,15,125,log,0.5,0.5,0.5,55.18044644155194,0.8601035610098645,35.928968329998526,42.138299455005225
B,15,15,125,log,0.5,0.5,1.0,18.956250282242387,0.840571392323173,23.37770059721071,30.195933354850848
B,15,15,125,log,1.0,0.0,0.0,6.259544679875786,0.8587668375341624,12.874907621585637,18.562307195246586
B,15,15,125,log,1.0,0.0,0.5,6.259544679875786,0.8587668375341624,12.874907621585637,18.562307195246586
B,15,15,125,log,1.0,0.0,1.0,6.259544679875786,0.8587668375341624,12.874907621585637,18.562307195246586
B,15,15,125,log,1.0,0.1,0.0,26.67222871949128,0.8626514393310402,27.05310953649363,33.604667980549166
B,15,15,125,log,1.0,0.1,0.5,15.543734601134975,0.862085481501139,21.56721346872491,28.135421191256672
B,15,15,125,log,1.0,0.1,1.0,8.390119809801687,0.8578333862035651,16.413574622821812,22.469421137198445
B,15,15,125,log,1.0,0.5,0.0,323.38556106911915,0.8631806106597949,57.96525938798302,63.90261344399998
B,15,15,125,log,1.0,0.5,0.5,173.58207921741297,0.8558054115307054,50.00843250192308,56.08534175071806
B,15,15,125,log,1.0,0.5,1.0,49.149075398451686,0.8346275019097439,33.330080177908975,40.1828757862604
B,15,15,125,log,1.5,0.0,0.0,6.275222460564049,0.8587293603244989,12.870873336854192,18.570355686560507
B,15,15,125,log,1.5,0.0,0.5,6.275222460564049,0.8587293603244989,12.870873336854192,18.570355686560507
B,15,15,125,log,1.5,0.0,1.0,6.275222460564049,0.8587293603244989,12.870873336854192,18.570355686560507
B,15,15,125,log,1.5,0.1,0.0,46.99460793771969,0.8627122701005708,33.78783148786708,40.07470211144848
B,15,15,125,log,1.5,0.1,0.5,25.00551731210134,0.8615898886741611,26.54987835881641,33.10025375803881
B,15,15,125,log,1.5,0.1,1.0,10.840606325328691,0.8535184701442112,18.55774378461986,24.9416671713202
B,15,15,125,log,1.5,0.5,0.0,577.8207032741271,0.8631517951821133,64.87812005342876,71.05581439788511
B,15,15,125,log,1.5,0.5,0.5,338.18504991380496,0.8520812956518002,58.01791631433408,64.28455092013138
B,15,15,125,log,1.5,0.5,1.0,99.21848712289544,0.8276401140948156,41.55566697298549,48.39841346736106
B,15,15,130,log,0.1,0.0,0.0,6.039199907834733,0.859018013559953,12.50675616912297,18.012923261430032
B,15,15,130,log,0.1,0.0,0.5,6.039199907834733,0.859018013559953,12.50675616912297,18.012923261430032
B,15,15,130,log,0.1,0.0,1.0,6.039199907834733,0.859018013559953,12.50675616912297,18.012923261430032
B,15,15,130,log,0.1,0.1,0.0,6.357105490897111,0.860765540121287,13.508504454159578,19.191066964812023
B,15,15,130,log,0.1,0.1,1.0,6.001235866564089,0.8601848338490388,12.757425804584178,18.2439397949257
B,15,15,130,log,0.1,0.1,0.5,6.134969925139013,0.8605132560439159,13.113057938509602,18.691872771093248
B,15,15,130,log,0.1,0.5,0.0,12.580449230294068,0.8630333535448761,19.463739114519047,25.903214283109367
B,15,15,130,log,0.1,0.5,0.5,8.684583444899593,0.8625578731670677,16.492859530943157,22.59295709714823
B,15,15,130,log,0.1,0.5,1.0,6.420391049251125,0.8602247134501019,14.114191668063444,19.693059373074497
B,15,15,130,log,0.5,0.0,0.0,6.228393181740896,0.8579855961164263,12.47211781881595,18.142410283961464
B,15,15,130,log,0.5,0.0,0.5,6.228393181740896,0.8579855961164263,12.47211781881595,18.142410283961464
B,15,15,130,log,0.5,0.0,1.0,6.228393181740896,0.8579855961164263,12.47211781881595,18.142410283961464
B,15,15,130,log,0.5,0.1,0.0,11.691997846820367,0.862087315712334,18.560702214861823,25.09508530650529
B,15,15,130,log,0.5,0.1,0.5,8.472323484134064,0.861672711820602,15.991400787524762,22.187172820957343
B,15,15,130,log,0.5,0.1,1.0,6.5325416779991015,0.859695990319574,13.89317875724868,19.622148918727177
B,15,15,130,log,0.5,0.5,0.0,102.42695780112444,0.8632067136294493,43.50853269746962,49.41723731469959
B,15,15,130,log,0.5,0.5,0.5,50.94488037282997,0.8601747470234052,34.78115043883078,41.06773081315616
B,15,15,130,log,0.5,0.5,1.0,17.354573383779922,0.8405339325550765,22.367673012558,29.236026310051045
B,15,15,130,log,1.0,0.0,0.0,6.266798722006648,0.8577184638039801,12.46635296195667,18.16761769371095
B,15,15,130,log,1.0,0.0,0.5,6.266798722006648,0.8577184638039801,12.46635296195667,18.16761769371095
B,15,15,130,log,1.0,0.0,1.0,6.266798722006648,0.8577184638039801,12.46635296195667,18.16761769371095
B,15,15,130,log,1.0,0.1,0.0,24.57713914908833,0.8625773468039963,25.95237705912537,32.58593763030102
B,15,15,130,log,1.0,0.1,0.5,14.261238263607044,0.8619521333834813,20.569427119290776,27.17512935565851
B,15,15,130,log,1.0,0.1,1.0,7.858788360466788,0.8573770225475791,15.714860951080391,21.71735366425034
B,15,15,130,log,1.0,0.5,0.0,306.6228498368772,0.8631654680960233,57.28115738741352,63.17727928236309
B,15,15,130,log,1.0,0.5,0.5,162.60285656351817,0.8560258568479039,49.132301270030815,55.18671063524628
B,15,15,130,log,1.0,0.5,1.0,45.04201353413963,0.8349462040925164,32.09478610406525,39.054617439983936
B,15,15,130,log,1.5,0.0,0.0,6.280878765492849,0.857675286824098,12.463941753341828,18.176504888211365
B,15,15,130,log,1.5,0.0,0.5,6.280878765492849,0.857675286824098,12.463941753341828,18.176504888211365
B,15,15,130,log,1.5,0.0,1.0,6.280878765492849,0.857675286824098,12.463941753341828,18.176504888211365
B,15,15,130,log,1.5,0.1,0.0,43.526689094125686,0.8626739173746263,32.669773148662244,39.04359697027608
B,15,15,130,log,1.5,0.1,0.5,22.949176957098743,0.8615404175950019,25.425463457243136,32.05943797962931
B,15,15,130,log,1.5,0.1,1.0,10.0007787881028,0.853475361131349,17.75100571005992,24.08640093362664
B,15,15,130,log,1.5,0.5,0.0,552.5338035520033,0.8631284369002714,64.34492745478045,70.47306260635227
B,15,15,130,log,1.5,0.5,0.5,319.78583691256165,0.8524547535904847,57.32087823845037,63.538757570311056
B,15,15,130,log,1.5,0.5,1.0,91.64350274854664,0.8282975611064284,40.42946618380311,47.30211012604171
B,15,20,115,log,0.1,0.0,0.0,4.653512596411035,0.8776119927245748,13.442975256150692,17.16943972119647
B,15,20,115,log,0.1,0.0,0.5,4.653512596411035,0.8776119927245748,13.442975256150692,17.16943972119647
B,15,20,115,log,0.1,0.0,1.0,4.653512596411035,0.8776119927245748,13.442975256150692,17.16943972119647
B,15,20,115,log,0.1,0.1,0.0,4.99561577585085,0.8780683032116119,14.226066495630668,18.338802509205813
B,15,20,115,log,0.1,0.1,1.0,4.648960434882122,0.878314584726916,13.635261636090352,17.398617679011654
B,15,20,115,log,0.1,0.1,0.5,4.790486753763842,0.8783223059553549,13.912221240862277,17.848028239059193
B,15,20,115,log,0.1,0.5,0.0,9.933727701368358,0.8788272075975808,19.70047409120706,24.92990856811497
B,15,20,115,log,0.1,0.5,0.5,6.951611916092849,0.87888576287554,16.93340563451436,21.72304948015023
B,15,20,115,log,0.5,0.0,0.0,4.821430795773918,0.8768048680101017,13.49963599053306,17.322651098801906
B,15,20,115,log,0.1,0.5,1.0,5.093415595619962,0.8772864551262913,14.757438479539127,18.831689703575822
B,15,20,115,log,0.5,0.0,1.0,4.821430795773918,0.8768048680101017,13.49963599053306,17.322651098801906
B,15,20,115,log,0.5,0.0,0.5,4.821430795773918,0.8768048680101017,13.49963599053306,17.322651098801906
B,15,20,115,log,0.5,0.1,0.0,9.182179281103464,0.8781475201654348,18.816399501983184,24.06975215331633
B,15,20,115,log,0.5,0.1,0.5,6.73357096219137,0.8782878079958476,16.484410613304398,21.27731790935561
B,15,20,115,log,0.5,0.1,1.0,5.161725768514828,0.8771174991272292,14.625933625081911,18.75419536925701
B,15,20,115,log,0.5,0.5,0.0,71.62094172716901,0.8787405639972473,42.15501383406668,47.212113476953874
B,15,20,115,log,0.5,0.5,1.0,13.255519595975509,0.8555149912848089,22.277531743103744,27.9727858542035
B,15,20,115,log,0.5,0.5,0.5,37.22115783775356,0.875387881836468,34.082189832420354,39.411607974174615
B,15,20,115,log,1.0,0.0,0.0,4.857620840182961,0.8765799451197595,13.511527258877994,17.35267200583392
B,15,20,115,log,1.0,0.0,0.5,4.857620840182961,0.8765799451197595,13.511527258877994,17.35267200583392
B,15,20,115,log,1.0,0.0,1.0,4.857620840182961,0.8765799451197595,13.511527258877994,17.35267200583392
B,15,20,115,log,1.0,0.1,0.0,18.551734145468345,0.8782989583795693,25.70907700457291,31.24714260051132
B,15,20,115,log,1.0,0.1,1.0,6.252007440485887,0.8739905432329882,16.24354321769245,20.79606711637717
B,15,20,115,log,1.0,0.1,0.5,11.098304008675914,0.8779549302875175,20.70175565847473,26.098861149831247
B,15,20,115,log,1.0,0.5,0.0,199.73773276561408,0.8787319791737641,54.95744138603161,60.05497077481564
B,15,20,115,log,1.0,0.5,0.5,110.61573304654556,0.8705779570718313,47.44849010504087,52.66270601765045
B,15,20,115,log,1.5,0.0,0.0,4.870818383213047,0.8765037015802216,13.515742184025656,17.363409014077234
B,15,20,115,log,1.0,0.5,1.0,32.94843828194347,0.8489502945353037,31.664937263050923,37.54848432658819
B,15,20,115,log,1.5,0.0,0.5,4.870818383213047,0.8765037015802216,13.515742184025656,17.363409014077234
B,15,20,115,log,1.5,0.0,1.0,4.870818383213047,0.8765037015802216,13.515742184025656,17.363409014077234
B,15,20,115,log,1.5,0.1,0.0,31.84772110927721,0.8783299544907035,31.99776996279811,37.38258379496441
B,15,20,115,log,1.5,0.1,0.5,17.437807940259166,0.8772015605772208,25.260725333139582,30.790573030087
B,15,20,115,log,1.5,0.1,1.0,7.906397488357472,0.8687747311495901,18.072548675608594,23.08937217582932
B,15,20,115,log,1.5,0.5,0.0,345.77147900077154,0.8787253986433056,61.53710920716488,66.84879885412595
B,15,20,115,log,1.5,0.5,0.5,208.13098197937205,0.8663696839945839,55.05699952324619,60.44860698206742
B,15,20,115,log,1.5,0.5,1.0,64.50948917210965,0.8410357371095042,39.55836825230591,45.4119116667854
B,15,20,120,log,0.1,0.0,0.5,5.255742332159313,0.8692984197634154,13.20622911407412,17.66501753444659
B,15,20,120,log,0.1,0.0,0.0,5.255742332159313,0.8692984197634154,13.20622911407412,17.66501753444659
B,15,20,120,log,0.1,0.0,1.0,5.255742332159313,0.8692984197634154,13.20622911407412,17.66501753444659
B,15,20,120,log,0.1,0.1,0.0,5.679723471754636,0.8701625208004039,14.159975117131657,18.946508808536528
B,15,20,120,log,0.1,0.1,1.0,5.254958734363583,0.8701841015714906,13.45319548248168,17.931985453913647
B,15,20,120,log,0.1,0.1,0.5,5.431924148069109,0.8703266335571149,13.793044563186246,18.41915413568292
B,15,20,120,log,0.1,0.5,0.0,11.633941716394345,0.8712840983244261,20.082933460724263,25.852712399701453
B,15,20,120,log,0.1,0.5,0.5,8.0399706072314,0.8712336089346489,17.157639563227605,22.533744320468305
B,15,20,120,log,0.1,0.5,1.0,5.803176383928955,0.869466584156213,14.772049071826768,19.50201097076309
B,15,20,120,log,0.5,0.0,0.0,5.44169073489261,0.8684124691593091,13.201306959446905,17.79568731831629
B,15,20,120,log,0.5,0.0,0.5,5.44169073489261,0.8684124691593091,13.201306959446905,17.79568731831629
B,15,20,120,log,0.5,0.0,1.0,5.44169073489261,0.8684124691593091,13.201306959446905,17.79568731831629
B,15,20,120,log,0.5,0.1,0.0,10.760116034024982,0.8705429695494786,19.15762241723548,24.98566317638992
B,15,20,120,log,0.5,0.1,0.5,7.785201645385621,0.8705230348870432,16.64228784752391,22.065275483305104
B,15,20,120,log,0.5,0.1,1.0,5.879815273007849,0.8690147313405058,14.567948530979518,19.39555518252834
B,15,20,120,log,0.5,0.5,0.0,88.50825750998874,0.8712290908734437,43.34422359409606,48.80958338545395
B,15,20,120,log,0.5,0.5,0.5,45.27100884446038,0.867941685230716,35.03696639824167,40.79643601061826
B,15,20,120,log,0.5,0.5,1.0,15.81363800454029,0.8479665278144264,22.862111472331907,29.078569067013472
B,15,20,120,log,1.0,0.0,0.0,5.481509015122839,0.8682462954471308,13.201537873492654,17.821251084351438
B,15,20,120,log,1.0,0.0,0.5,5.481509015122839,0.8682462954471308,13.201537873492654,17.821251084351438
B,15,20,120,log,1.0,0.0,1.0,5.481509015122839,0.8682462954471308,13.201537873492654,17.821251084351438
B,15,20,120,log,1.0,0.1,0.0,22.20788797713342,0.8707268924407078,26.39843856693449,32.41867252830933
B,15,20,120,log,1.0,0.1,0.5,13.104122576880618,0.8702786663451111,21.1640131831678,27.101017766822384
B,15,20,120,log,1.0,0.1,1.0,7.200367864423963,0.8662225750540398,16.361070498198366,21.56911177545134
B,15,20,120,log,1.0,0.5,0.0,254.06975780058065,0.87120605763359,56.49970406997279,62.01277958876453
B,15,20,120,log,1.0,0.5,0.5,138.51324206012754,0.8633153264160104,48.76974200029885,54.409947210777815
B,15,20,120,log,1.0,0.5,1.0,40.18603569612425,0.8416982787111827,32.5211503621602,38.88446709271995
B,15,20,120,log,1.5,0.0,0.0,5.49633519301404,0.8681711525252735,13.20139555397309,17.83030666640967
B,15,20,120,log,1.5,0.0,0.5,5.49633519301404,0.8681711525252735,13.20139555397309,17.83030666640967
B,15,20,120,log,1.5,0.0,1.0,5.49633519301404,0.8681711525252735,13.20139555397309,17.83030666640967
B,15,20,120,log,1.5,0.1,0.0,38.63806562591599,0.8707711357419738,32.91137276724312,38.73424604576629
B,15,20,120,log,1.5,0.1,0.5,20.847148880046284,0.8696328601839305,25.93854314512492,31.949453878457387
B,15,20,120,log,1.5,0.1,1.0,9.22338534317751,0.8614008653342331,18.34768985060864,23.97731711348983
B,15,20,120,log,1.5,0.5,0.0,447.03390422910434,0.8711936833018793,63.25425729861301,68.99501417708005
B,15,20,120,log,1.5,0.5,0.5,265.32502468541435,0.8593051647026074,56.58576019177515,62.41038958624129
B,15,20,120,log,1.5,0.5,1.0,79.92717212183481,0.8342760115207299,40.58832469370429,46.932084670791696
B,15,20,125,log,0.1,0.0,0.0,6.019075593262999,0.8601160467836518,12.91919625381741,18.41027958058563
B,15,20,125,log,0.1,0.0,0.5,6.019075593262999,0.8601160467836518,12.91919625381741,18.41027958058563
B,15,20,125,log,0.1,0.0,1.0,6.019075593262999,0.8601160467836518,12.91919625381741,18.41027958058563
B,15,20,125,log,0.1,0.1,0.0,6.55641118651466,0.8613528670157384,14.03834056341903,19.747023863756763
B,15,20,125,log,0.1,0.1,0.5,6.250169379576184,0.8612709181159477,13.621072372205685,19.20280541568796
B,15,20,125,log,0.1,0.1,1.0,6.026761491282813,0.8608723667449146,13.225196808492068,18.699156388227703
B,15,20,125,log,0.1,0.5,0.0,13.691258455380256,0.8631079895331224,20.40761539841128,26.822522513576185
B,15,20,125,log,0.1,0.5,0.5,9.382073776537942,0.8627929487512077,17.32136731794419,23.43653431872871
B,15,20,125,log,0.1,0.5,1.0,6.700304930814855,0.8606485222296436,14.726890105254558,20.33999485392685
B,15,20,125,log,0.5,0.0,0.0,6.2232344906519135,0.8590165683086368,12.864815839917515,18.530193399871163
B,15,20,125,log,0.5,0.0,0.5,6.2232344906519135,0.8590165683086368,12.864815839917515,18.530193399871163
B,15,20,125,log,0.5,0.0,1.0,6.2232344906519135,0.8590165683086368,12.864815839917515,18.530193399871163
B,15,20,125,log,0.5,0.1,0.0,12.680708548183976,0.8622363475300038,19.435285971945515,25.961712865789952
B,15,20,125,log,0.5,0.1,0.5,9.093309740768584,0.8619437123284985,16.74484580842257,22.96700327421912
B,15,20,125,log,0.5,0.1,1.0,6.793034842586349,0.8601288173501193,14.45705326778294,20.224105872640937
B,15,20,125,log,0.5,0.5,0.0,109.48467406963007,0.863187077091961,44.459409285140936,50.34633160587832
B,15,20,125,log,0.5,0.5,1.0,18.956250282242387,0.840571392323173,23.37770059721071,30.195933354850848
B,15,20,125,log,0.5,0.5,0.5,55.18044644155194,0.8601035610098645,35.928968329998526,42.138299455005225
B,15,20,125,log,1.0,0.0,0.0,6.265180116634935,0.8587832616479731,12.855286497194792,18.553445680496985
B,15,20,125,log,1.0,0.0,0.5,6.265180116634935,0.8587832616479731,12.855286497194792,18.553445680496985
B,15,20,125,log,1.0,0.0,1.0,6.265180116634935,0.8587832616479731,12.855286497194792,18.553445680496985
B,15,20,125,log,1.0,0.1,0.0,26.655601725518693,0.8626158475003651,27.021917739055464,33.581457949392096
B,15,20,125,log,1.0,0.1,0.5,15.54373460113498,0.862085481501139,21.567213468724905,28.135421191256672
B,15,20,125,log,1.0,0.1,1.0,8.390119809801687,0.8578333862035651,16.413574622821812,22.469421137198445
B,15,20,125,log,1.0,0.5,0.0,323.09286644984894,0.8631622353131047,57.94527659085575,63.88353802690765
B,15,20,125,log,1.0,0.5,0.5,173.58207921741297,0.8558054115307054,50.00843250192308,56.08534175071806
B,15,20,125,log,1.0,0.5,1.0,49.149075398451686,0.8346275019097439,33.330080177908975,40.1828757862604
B,15,20,125,log,1.5,0.0,0.0,6.280612303389937,0.8587074412602658,12.85144326278915,18.56158385500545
B,15,20,125,log,1.5,0.0,0.5,6.280612303389937,0.8587074412602658,12.85144326278915,18.56158385500545
B,15,20,125,log,1.5,0.0,1.0,6.280612303389937,0.8587074412602658,12.85144326278915,18.56158385500545
B,15,20,125,log,1.5,0.1,0.0,46.96222647835025,0.8626747564781742,33.761083003411606,40.05016433333573
B,15,20,125,log,1.5,0.1,0.5,25.005517312101365,0.8615898886741611,26.54987835881641,33.10025375803881
B,15,20,125,log,1.5,0.5,0.0,577.353765251992,0.8631514702788496,64.86271488214273,71.04079671789952
B,15,20,125,log,1.5,0.1,1.0,10.840606325328691,0.8535184701442112,18.557743784619856,24.9416671713202
B,15,20,125,log,1.5,0.5,1.0,99.21848712289544,0.8276401140948156,41.55566697298549,48.39841346736106
B,15,20,125,log,1.5,0.5,0.5,338.18504991380496,0.8520812956518002,58.01791631433408,64.28455092013138
B,15,20,130,log,0.1,0.0,0.5,6.04004790741773,0.8590556672980618,12.489823019708265,18.004140973414923
B,15,20,130,log,0.1,0.0,0.0,6.04004790741773,0.8590556672980618,12.489823019708265,18.004140973414923
B,15,20,130,log,0.1,0.0,1.0,6.04004790741773,0.8590556672980618,12.489823019708265,18.004140973414923
B,15,20,130,log,0.1,0.1,0.0,6.366186291488009,0.8608015957389774,13.481855471013318,19.17757136351636
B,15,20,130,log,0.1,0.1,1.0,6.001235866564089,0.8601848338490388,12.757425804584178,18.2439397949257
B,15,20,130,log,0.1,0.1,0.5,6.131790444463431,0.8605219298637452,13.105886938116225,18.686420334355667
B,15,20,130,log,0.1,0.5,0.0,12.57393784048386,0.8630171193315975,19.430568337584383,25.87658048359757
B,15,20,130,log,0.1,0.5,0.5,8.684583444899593,0.8625578731670677,16.492859530943157,22.59295709714823
B,15,20,130,log,0.1,0.5,1.0,6.420391049251125,0.8602247134501019,14.114191668063444,19.693059373074497
B,15,20,130,log,0.5,0.0,0.0,6.2247478928882165,0.8579269525345616,12.458269045734571,18.134329249849657
B,15,20,130,log,0.5,0.0,0.5,6.2247478928882165,0.8579269525345616,12.458269045734571,18.134329249849657
B,15,20,130,log,0.5,0.0,1.0,6.2247478928882165,0.8579269525345616,12.458269045734571,18.134329249849657
B,15,20,130,log,0.5,0.1,0.0,11.6926762292178,0.8620458191981555,18.53451411698892,25.07604455341472
B,15,20,130,log,0.5,0.1,0.5,8.472323484134066,0.861672711820602,15.991400787524762,22.187172820957343
B,15,20,130,log,0.5,0.1,1.0,6.5325416779991015,0.859695990319574,13.89317875724868,19.622148918727177
B,15,20,130,log,0.5,0.5,0.0,102.33551519533688,0.8631742758471816,43.47791519142963,49.39188404331376
B,15,20,130,log,0.5,0.5,0.5,50.94488037282997,0.8601747470234052,34.78115043883078,41.06773081315616
B,15,20,130,log,0.5,0.5,1.0,17.354573383779922,0.8405339325550765,22.367673012558,29.236026310051045
B,15,20,130,log,1.0,0.0,0.0,6.264563855202056,0.8577418340926852,12.45265689952294,18.16001699396212
B,15,20,130,log,1.0,0.0,0.5,6.264563855202056,0.8577418340926852,12.45265689952294,18.16001699396212
B,15,20,130,log,1.0,0.0,1.0,6.264563855202056,0.8577418340926852,12.45265689952294,18.16001699396212
B,15,20,130,log,1.0,0.1,0.0,24.565254839033503,0.8625413294798896,25.9248506053286,32.56460765952024
B,15,20,130,log,1.0,0.1,0.5,14.261238263607028,0.8619521333834813,20.569427119290765,27.175129355658505
B,15,20,130,log,1.0,0.1,1.0,7.858788360466789,0.8573770225475791,15.714860951080388,21.71735366425034
B,15,20,130,log,1.0,0.5,0.0,306.3681586698004,0.8631435087792733,57.26140563306164,63.15857331416312
B,15,20,130,log,1.0,0.5,0.5,162.60285656351817,0.8560258568479039,49.132301270030815,55.18671063524628
B,15,20,130,log,1.0,0.5,1.0,45.04201353413963,0.8349462040925164,32.09478610406525,39.054617439983936
B,15,20,130,log,1.5,0.0,0.0,6.279561377988052,0.857626071161383,12.45018410190355,18.16910810838375
B,15,20,130,log,1.5,0.0,0.5,6.279561377988052,0.857626071161383,12.45018410190355,18.16910810838375
B,15,20,130,log,1.5,0.0,1.0,6.279561377988052,0.857626071161383,12.45018410190355,18.16910810838375
B,15,20,130,log,1.5,0.1,0.0,43.50298900857079,0.8626314844981093,32.644088793821126,39.020544062154165
B,15,20,130,log,1.5,0.1,0.5,22.949176957098743,0.8615404175950019,25.425463457243133,32.05943797962931
B,15,20,130,log,1.5,0.1,1.0,10.0007787881028,0.853475361131349,17.75100571005992,24.08640093362664
B,15,20,130,log,1.5,0.5,0.0,552.1179603219571,0.8631286220280915,64.32974283592871,70.45832356283253
B,15,20,130,log,1.5,0.5,0.5,319.78583691256165,0.8524547535904847,57.32087823845037,63.538757570311056
B,15,20,130,log,1.5,0.5,1.0,91.64350274854664,0.8282975611064284,40.42946618380311,47.30211012604171
B,20,10,115,log,0.1,0.0,0.0,3.7820913099534783,0.8884640905187666,12.363778919951631,15.898048930946825
B,20,10,115,log,0.1,0.0,0.5,3.7820913099534783,0.8884640905187666,12.363778919951631,15.898048930946825
B,20,10,115,log,0.1,0.0,1.0,3.7820913099534783,0.8884640905187666,12.363778919951631,15.898048930946825
B,20,10,115,log,0.1,0.1,0.0,4.138616168247639,0.8890615042386452,13.122481105830625,17.076956976493396
B,20,10,115,log,0.1,0.1,0.5,3.934986564848303,0.889412051448488,12.774154675342162,16.55205079217147
B,20,10,115,log,0.1,0.1,1.0,3.793330031507218,0.8895639075238838,12.489195614312331,16.097697345923
B,20,10,115,log,0.1,0.5,0.0,8.634493239375628,0.8899564675187502,18.737944211695872,23.83006603567129
B,20,10,115,log,0.1,0.5,0.5,5.959740474214458,0.8905259214686337,15.797604841453277,20.489615797535546
B,20,10,115,log,0.5,0.0,0.0,3.9298930123616898,0.8876991837061381,12.429454103954669,16.056491712062904
B,20,10,115,log,0.1,0.5,1.0,4.251119208341595,0.8890377329740243,13.523039804987292,17.50967473952639
B,20,10,115,log,0.5,0.0,0.5,3.9298930123616898,0.8876991837061381,12.429454103954669,16.056491712062904
B,20,10,115,log,0.5,0.0,1.0,3.9298930123616898,0.8876991837061381,12.429454103954669,16.056491712062904
B,20,10,115,log,0.5,0.1,0.0,7.910428266806937,0.8892071968182987,17.835971529078666,22.92821363716888
B,20,10,115,log,0.5,0.1,0.5,5.747650075055984,0.8897764408440079,15.348574431278596,20.03588740384232
B,20,10,115,log,0.5,0.1,1.0,4.313513762657975,0.8885937372964477,13.40151191060338,17.442805360600197
B,20,10,115,log,0.5,0.5,0.0,65.17631756371588,0.8898030483569009,41.59980290174072,46.40949712211052
B,20,10,115,log,0.5,0.5,0.5,33.67960514861388,0.8878252646258318,33.36139205043063,38.50303311033609
B,20,10,115,log,0.5,0.5,1.0,11.80130310806059,0.870843053497494,21.264455614156702,26.92500756733441
B,20,10,115,log,1.0,0.0,0.0,3.960101188533336,0.8875719279474961,12.444342127166022,16.08861820702804
B,20,10,115,log,1.0,0.0,0.5,3.960101188533336,0.8875719279474961,12.444342127166022,16.08861820702804
B,20,10,115,log,1.0,0.0,1.0,3.960101188533336,0.8875719279474961,12.444342127166022,16.08861820702804
B,20,10,115,log,1.0,0.1,0.0,16.392096412656958,0.8892776422104237,24.95843849396768,30.26930635795411
B,20,10,115,log,1.0,0.1,0.5,9.71009472708798,0.889547864259443,19.698743472772684,24.961313163924007
B,20,10,115,log,1.0,0.1,1.0,5.314473842037165,0.8866303192690713,14.975532315572485,19.487169227216224
B,20,10,115,log,1.0,0.5,0.0,185.33236367424428,0.8897991347071965,54.30189895456192,59.28928975384749
B,20,10,115,log,1.0,0.5,0.5,101.98641987245608,0.8842842384153231,46.772847538777135,51.83985239412469
B,20,10,115,log,1.0,0.5,1.0,32.32889513806215,0.8499284105958269,31.09409785000893,37.09922104990958
B,20,10,115,log,1.5,0.0,0.0,3.971331084034303,0.8875138454380902,12.449861434251522,16.100327069324692
B,20,10,115,log,1.5,0.0,0.5,3.971331084034303,0.8875138454380902,12.449861434251522,16.100327069324692
B,20,10,115,log,1.5,0.0,1.0,3.971331084034303,0.8875138454380902,12.449861434251522,16.100327069324692
B,20,10,115,log,1.5,0.1,0.0,28.5274729127932,0.8893035287214947,31.403173366046406,36.50760941897374
B,20,10,115,log,1.5,0.1,0.5,15.501446198940044,0.8889694633292219,24.381664825515056,29.758335737309
B,20,10,115,log,1.5,0.1,1.0,6.815626357724218,0.8831633882116854,16.843718197183502,21.80059859456017
B,20,10,115,log,1.5,0.5,0.0,324.1079781007732,0.8897933090023236,60.82351504062655,66.08689968924583
B,20,10,115,log,1.5,0.5,0.5,193.9121408498896,0.8811086783206618,54.36984931227799,59.6564630048977
B,20,10,115,log,1.5,0.5,1.0,63.0719463317557,0.8428870414562712,38.905463158110976,44.855964382965865
B,20,10,120,log,0.1,0.0,0.0,4.171282411749337,0.8800729136096503,12.06667949354799,16.284583611921917
B,20,10,120,log,0.1,0.0,0.5,4.171282411749337,0.8800729136096503,12.06667949354799,16.284583611921917
B,20,10,120,log,0.1,0.0,1.0,4.171282411749337,0.8800729136096503,12.06667949354799,16.284583611921917
B,20,10,120,log,0.1,0.1,0.0,4.613867327874162,0.8808823638527506,13.004049285102544,17.58725076420464
B,20,10,120,log,0.1,0.1,0.5,4.367825483373755,0.8811511278799719,12.600379335038022,17.022501211132514
B,20,10,120,log,0.1,0.1,1.0,4.193811521733499,0.8811564250844285,12.25193938109177,16.525207760643095
B,20,10,120,log,0.1,0.5,0.0,9.969051962789608,0.8822776011833977,19.09397740443657,24.673610268908824
B,20,10,120,log,0.1,0.5,0.5,6.797504977135745,0.8826329560813683,15.985887115742315,21.21076330561453
B,20,10,120,log,0.1,0.5,1.0,4.762125011721599,0.8809717874259846,13.504847943562323,18.082432179740945
B,20,10,120,log,0.5,0.0,0.0,4.328284542993702,0.8792270788194575,12.068937508681511,16.415335275515204
B,20,10,120,log,0.5,0.0,0.5,4.328284542993702,0.8792270788194575,12.068937508681511,16.415335275515204
B,20,10,120,log,0.5,0.0,1.0,4.328284542993702,0.8792270788194575,12.068937508681511,16.415335275515204
B,20,10,120,log,0.5,0.1,0.0,9.136063662049434,0.8814382001792989,18.15110027088492,23.764660260104776
B,20,10,120,log,0.5,0.1,0.5,6.547838381522661,0.8817003568605655,15.48045104747219,20.73288549648528
B,20,10,120,log,0.5,0.1,1.0,4.825288692663898,0.8804745899249994,13.306736838526176,17.98122118319484
B,20,10,120,log,0.5,0.5,0.0,79.73556723299887,0.8821409973856984,42.748857085067804,47.94275929370858
B,20,10,120,log,0.5,0.5,0.5,40.5409359638732,0.880120597644115,34.26814310308991,39.81949769733467
B,20,10,120,log,0.5,0.5,1.0,13.872193502689854,0.8638471419609697,21.75313768303084,27.912787348149767
B,20,10,120,log,1.0,0.0,0.0,4.361437137056591,0.8790167654590452,12.071959390877698,16.442309647885534
B,20,10,120,log,1.0,0.0,0.5,4.361437137056591,0.8790167654590452,12.071959390877698,16.442309647885534
B,20,10,120,log,1.0,0.0,1.0,4.361437137056591,0.8790167654590452,12.071959390877698,16.442309647885534
B,20,10,120,log,1.0,0.1,0.0,19.3641078504566,0.8815610503388708,25.61728726748972,31.370323788136307
B,20,10,120,log,1.0,0.1,0.5,11.311250497576662,0.8817217572743072,20.122863228873747,25.884177814070995
B,20,10,120,log,1.0,0.1,1.0,6.042793017118693,0.8784997873539788,15.052981748791115,20.16990009450917
B,20,10,120,log,1.0,0.5,0.0,233.9761810724208,0.8821235897177587,55.789788712402455,61.181012813572885
B,20,10,120,log,1.0,0.5,0.5,126.68011990201,0.8767000027426206,48.04475765549744,53.51994413897452
B,20,10,120,log,1.0,0.5,1.0,39.36550798418685,0.8426544797541917,31.91082482234403,38.39412666830244
B,20,10,120,log,1.5,0.0,0.0,4.37347455064173,0.8789573591585782,12.073055421283632,16.452008792189435
B,20,10,120,log,1.5,0.0,0.5,4.37347455064173,0.8789573591585782,12.073055421283632,16.452008792189435
B,20,10,120,log,1.5,0.0,1.0,4.37347455064173,0.8789573591585782,12.073055421283632,16.452008792189435
B,20,10,120,log,1.5,0.1,0.0,34.20175790071507,0.8816045412734453,32.282906022663305,37.79487601334589
B,20,10,120,log,1.5,0.1,0.5,18.31065745204454,0.8811820940258247,25.01219395295769,30.843900361968792
B,20,10,120,log,1.5,0.1,1.0,7.85603336890902,0.875332766020899,17.072660570945366,22.60433326170128
B,20,10,120,log,1.5,0.5,0.0,416.3898718912416,0.8821041110018022,62.47845968842729,68.16401285275815
B,20,10,120,log,1.5,0.5,0.5,245.5029527653952,0.8736515339226688,55.84188782805105,61.548386794359786
B,20,10,120,log,1.5,0.5,1.0,78.00269836881655,0.8360075535765761,39.891756201208544,46.32754662328588
B,20,10,125,log,0.1,0.0,0.0,4.704910258290472,0.8709138999119265,11.728919424620932,16.948143876652114
B,20,10,125,log,0.1,0.0,0.5,4.704910258290472,0.8709138999119265,11.728919424620932,16.948143876652114
B,20,10,125,log,0.1,0.0,1.0,4.704910258290472,0.8709138999119265,11.728919424620932,16.948143876652114
B,20,10,125,log,0.1,0.1,0.0,5.234859496108745,0.8719481202337045,12.843843858811502,18.305145648120195
B,20,10,125,log,0.1,0.1,0.5,4.943568953639376,0.8721997645770605,12.382391359201828,17.724688019583304
B,20,10,125,log,0.1,0.1,1.0,4.7371719725795725,0.8722153273001769,11.97565071787278,17.2069725380489
B,20,10,125,log,0.1,0.5,0.0,11.581053128443465,0.8740199822388313,19.38890126190517,25.567521223249845
B,20,10,125,log,0.1,0.5,0.5,7.830307273390227,0.8740921243915365,16.117764040730293,22.03316178971363
B,20,10,125,log,0.5,0.0,0.0,4.875995572264903,0.8699669490241613,11.680254839101565,17.066491723323935
B,20,10,125,log,0.1,0.5,1.0,5.424870686388884,0.8722648105733105,13.433693764758925,18.837746249921526
B,20,10,125,log,0.5,0.0,1.0,4.875995572264903,0.8699669490241613,11.680254839101565,17.066491723323935
B,20,10,125,log,0.5,0.0,0.5,4.875995572264903,0.8699669490241613,11.680254839101565,17.066491723323935
B,20,10,125,log,0.5,0.1,0.0,10.626262750182532,0.8730508878789202,18.4140187836634,24.66708540495777
B,20,10,125,log,0.5,0.1,0.5,7.544287550453655,0.8730542114960823,15.55966488226631,21.55049078411181
B,20,10,125,log,0.5,0.1,1.0,5.4950780380538005,0.8713840967373185,13.16735485626322,18.72259998932397
B,20,10,125,log,0.5,0.5,0.0,97.72586868832214,0.8740071257833926,43.822892262479954,49.41520737224121
B,20,10,125,log,0.5,0.5,0.5,48.94189285799904,0.8721371204676659,35.10927625349545,41.09397464514502
B,20,10,125,log,0.5,0.5,1.0,16.390463753104363,0.8567556584982053,22.16941342749784,28.91555529985689
B,20,10,125,log,1.0,0.0,0.0,4.9117299086208615,0.8697878089828992,11.6731453952254,17.0909207647477
B,20,10,125,log,1.0,0.0,0.5,4.9117299086208615,0.8697878089828992,11.6731453952254,17.0909207647477
B,20,10,125,log,1.0,0.0,1.0,4.9117299086208615,0.8697878089828992,11.6731453952254,17.0909207647477
B,20,10,125,log,1.0,0.1,0.0,22.9623177264446,0.8733921957579664,26.22056809617468,32.46463100585271
B,20,10,125,log,1.0,0.1,0.5,13.259038278026004,0.8734885910888757,20.488274588315903,26.84488648135536
B,20,10,125,log,1.0,0.1,1.0,6.9602633995516525,0.8699269773113413,15.089621273811996,20.989870861658744
B,20,10,125,log,1.0,0.5,0.0,295.46255480747726,0.8739837803066768,57.178793247731264,62.98369684601819
B,20,10,125,log,1.0,0.5,0.5,157.54267304540502,0.8689181441679275,49.23264048659805,55.12688393102731
B,20,10,125,log,1.0,0.5,1.0,48.062225125666245,0.8356859209086916,32.6802953770988,39.6496458468324
B,20,10,125,log,1.5,0.0,0.0,4.925006945166794,0.8696903532433555,11.670292606688005,17.099680906620286
B,20,10,125,log,1.5,0.0,0.5,4.925006945166794,0.8696903532433555,11.670292606688005,17.099680906620286
B,20,10,125,log,1.5,0.0,1.0,4.925006945166794,0.8696903532433555,11.670292606688005,17.099680906620286
B,20,10,125,log,1.5,0.1,0.0,41.12208720959832,0.8734310498630802,33.10105932514,39.04721467267768
B,20,10,125,log,1.5,0.1,0.5,21.722247234814063,0.8730737801998055,25.58275425358488,31.92364719292576
B,20,10,125,log,1.5,0.1,1.0,9.140583313686516,0.8670713049725416,17.245688472610574,23.49280029410576
B,20,10,125,log,1.5,0.5,0.0,534.5725189809805,0.8739687430211847,64.02204632832647,70.13774465133426
B,20,10,125,log,1.5,0.5,0.5,310.8457655395397,0.86605933556613,57.215033705633616,63.35036023514336
B,20,10,125,log,1.5,0.5,1.0,96.6416357331634,0.8294033303225463,40.81349459301817,47.742981090604005
B,20,10,130,log,0.1,0.0,0.0,4.701936203278335,0.8702174511748938,11.334637085724475,16.559944166104053
B,20,10,130,log,0.1,0.0,0.5,4.701936203278335,0.8702174511748938,11.334637085724475,16.559944166104053
B,20,10,130,log,0.1,0.0,1.0,4.701936203278335,0.8702174511748938,11.334637085724475,16.559944166104053
B,20,10,130,log,0.1,0.1,0.0,5.030886711440113,0.8715831975563727,12.300484196079475,17.740761199045284
B,20,10,130,log,0.1,0.1,1.0,4.677433519385748,0.8717086870794619,11.537758262280894,16.769687230354855
B,20,10,130,log,0.1,0.1,0.5,4.810284418471632,0.8716876785332872,11.891203884131942,17.220081575979933
B,20,10,130,log,0.1,0.5,0.0,10.60547712130293,0.8738986607802014,18.431034572634665,24.623867898659
B,20,10,130,log,0.1,0.5,0.5,7.212540389144953,0.8737815579102961,15.300401525946336,21.189966942859964
B,20,10,130,log,0.1,0.5,1.0,5.143860219677173,0.8717916476125354,12.82503900647129,18.19440308558544
B,20,10,130,log,0.5,0.0,0.0,4.864421393289563,0.8692319335797727,11.30772980401469,16.692112303329544
B,20,10,130,log,0.5,0.0,1.0,4.864421393289563,0.8692319335797727,11.30772980401469,16.692112303329544
B,20,10,130,log,0.5,0.0,0.5,4.864421393289563,0.8692319335797727,11.30772980401469,16.692112303329544
B,20,10,130,log,0.5,0.1,0.0,9.76558524755364,0.8728212660890066,17.529639570600427,23.780718122292893
B,20,10,130,log,0.5,0.1,0.5,6.990530400070642,0.8726680686113852,14.810165651298169,20.76933241311736
B,20,10,130,log,0.5,0.1,1.0,5.246436521655201,0.8711036998967344,12.609959222267284,18.13119679799174
B,20,10,130,log,0.5,0.5,0.0,91.27426068314398,0.8740080274974721,42.88957496168271,48.48566761703308
B,20,10,130,log,0.5,0.5,0.5,45.18131528521948,0.8721590742422922,34.00700245114154,40.04755100791986
B,20,10,130,log,0.5,0.5,1.0,14.882231217809329,0.8572627498450214,21.131200666283465,27.90620207860178
B,20,10,130,log,1.0,0.0,0.0,4.899164247930742,0.8690284334644988,11.304452541333353,16.719509039488326
B,20,10,130,log,1.0,0.0,0.5,4.899164247930742,0.8690284334644988,11.304452541333353,16.719509039488326
B,20,10,130,log,1.0,0.0,1.0,4.899164247930742,0.8690284334644988,11.304452541333353,16.719509039488326
B,20,10,130,log,1.0,0.1,0.0,21.116566296182874,0.8733585971251289,25.138738090799023,31.45345797237045
B,20,10,130,log,1.0,0.1,0.5,12.143605955431948,0.8733115548122417,19.50946910497912,25.89097989300257
B,20,10,130,log,1.0,0.1,1.0,6.470284109900784,0.869523706807902,14.395269134970558,20.236688009648823
B,20,10,130,log,1.0,0.5,0.0,280.07712302908584,0.873971497160464,56.53102526565931,62.28402403464387
B,20,10,130,log,1.0,0.5,0.5,147.60741145149206,0.8690300325746934,48.39894575590897,54.2573420227378
B,20,10,130,log,1.0,0.5,1.0,44.21654373968181,0.8359491559791191,31.49875612359251,38.57947468356407
B,20,10,130,log,1.5,0.0,0.0,4.912217717421633,0.8689800985158508,11.303069467909754,16.729424519839455
B,20,10,130,log,1.5,0.0,0.5,4.912217717421633,0.8689800985158508,11.303069467909754,16.729424519839455
B,20,10,130,log,1.5,0.0,1.0,4.912217717421633,0.8689800985158508,11.303069467909754,16.729424519839455
B,20,10,130,log,1.5,0.1,0.0,38.042911066072215,0.8734119081007601,32.0196708915734,38.03267756476114
B,20,10,130,log,1.5,0.1,0.5,19.91673841197721,0.8730280509332937,24.48301037953536,30.89417592232504
B,20,10,130,log,1.5,0.1,1.0,8.387853992272127,0.8669451829392065,16.427322735175572,22.629894711364194
B,20,10,130,log,1.5,0.5,0.0,511.1590253549765,0.8739550504413142,63.516706126367374,69.57686892508451
B,20,10,130,log,1.5,0.5,0.5,294.0124655300113,0.8662820629216247,56.55193107933532,62.62980583504677
B,20,10,130,log,1.5,0.5,1.0,89.59107978844068,0.8299399717464043,39.7349035215946,46.69788789185155
B,20,15,115,log,0.1,0.0,0.0,3.764828275138688,0.8885684430120092,12.337918638919993,15.861594571042556
B,20,15,115,log,0.1,0.0,0.5,3.764828275138688,0.8885684430120092,12.337918638919993,15.861594571042556
B,20,15,115,log,0.1,0.0,1.0,3.764828275138688,0.8885684430120092,12.337918638919993,15.861594571042556
B,20,15,115,log,0.1,0.1,0.0,4.111596259370878,0.8891547563443865,13.088573481330394,17.0315434325136
B,20,15,115,log,0.1,0.1,1.0,3.786260894169884,0.8896388359348434,12.479694063104688,16.08577809199813
B,20,15,115,log,0.1,0.1,0.5,3.9217022362612495,0.8895779406170983,12.75205161218626,16.526168615594408
B,20,15,115,log,0.1,0.5,0.0,8.566545619443069,0.8900909231535943,18.716339080155404,23.7850080902307
B,20,15,115,log,0.1,0.5,0.5,5.959740474214458,0.8905259214686337,15.797604841453277,20.489615797535546
B,20,15,115,log,0.5,0.0,0.0,3.908896868489893,0.8878747192271431,12.40619058593358,16.02131765971084
B,20,15,115,log,0.1,0.5,1.0,4.251119208341595,0.8890377329740243,13.523039804987292,17.50967473952639
B,20,15,115,log,0.5,0.0,0.5,3.908896868489893,0.8878747192271431,12.40619058593358,16.02131765971084
B,20,15,115,log,0.5,0.0,1.0,3.908896868489893,0.8878747192271431,12.40619058593358,16.02131765971084
B,20,15,115,log,0.5,0.1,0.0,7.853870545243836,0.8893065584159983,17.817895884829696,22.888091739269203
B,20,15,115,log,0.5,0.1,0.5,5.747650075055994,0.8897764408440079,15.348574431278596,20.035887403842327
B,20,15,115,log,0.5,0.1,1.0,4.31351376265798,0.8885937372964477,13.40151191060338,17.4428053606002
B,20,15,115,log,0.5,0.5,0.0,64.951546242923,0.8899090203594664,41.59815688880688,46.39861604385673
B,20,15,115,log,0.5,0.5,0.5,33.67960514861388,0.8878252646258318,33.36139205043063,38.50303311033609
B,20,15,115,log,0.5,0.5,1.0,11.80130310806059,0.870843053497494,21.264455614156702,26.92500756733441
B,20,15,115,log,1.0,0.0,0.0,3.939988776355853,0.8877228147017217,12.421070778268057,16.05380648626126
B,20,15,115,log,1.0,0.0,0.5,3.939988776355853,0.8877228147017217,12.421070778268057,16.05380648626126
B,20,15,115,log,1.0,0.0,1.0,3.939988776355853,0.8877228147017217,12.421070778268057,16.05380648626126
B,20,15,115,log,1.0,0.1,0.0,16.299967309053105,0.8893788051724674,24.95085422444029,30.240893403565792
B,20,15,115,log,1.0,0.1,1.0,5.314473842037168,0.8866303192690713,14.975532315572488,19.48716922721623
B,20,15,115,log,1.0,0.1,0.5,9.71009472708799,0.889547864259443,19.69874347277269,24.96131316392401
B,20,15,115,log,1.0,0.5,0.0,184.9896528886616,0.8899135507673183,54.29994432465743,59.285116562284216
B,20,15,115,log,1.0,0.5,0.5,101.98641987245608,0.8842842384153231,46.772847538777135,51.83985239412469
B,20,15,115,log,1.5,0.0,0.0,3.951628864190856,0.8876628239698331,12.42653825843776,16.065665860996745
B,20,15,115,log,1.0,0.5,1.0,32.32889513806215,0.8499284105958269,31.09409785000893,37.09922104990958
B,20,15,115,log,1.5,0.0,0.5,3.951628864190856,0.8876628239698331,12.42653825843776,16.065665860996745
B,20,15,115,log,1.5,0.0,1.0,3.951628864190856,0.8876628239698331,12.42653825843776,16.065665860996745
B,20,15,115,log,1.5,0.1,0.0,28.39988988766053,0.8894014513054431,31.401834069938097,36.48901166417649
B,20,15,115,log,1.5,0.1,0.5,15.501446198940048,0.8889694633292219,24.381664825515053,29.758335737309
B,20,15,115,log,1.5,0.1,1.0,6.815626357724224,0.8831633882116854,16.843718197183502,21.800598594560174
B,20,15,115,log,1.5,0.5,0.0,323.7245664680968,0.8899178139773026,60.82209573267386,66.08456149247067
B,20,15,115,log,1.5,0.5,0.5,193.9121408498896,0.8811086783206618,54.36984931227799,59.65646300489772
B,20,15,115,log,1.5,0.5,1.0,63.0719463317557,0.8428870414562712,38.905463158110976,44.855964382965865
B,20,15,120,log,0.1,0.0,0.0,4.1557320930735,0.8801887163832415,12.044376579411145,16.245210968756965
B,20,15,120,log,0.1,0.0,0.5,4.1557320930735,0.8801887163832415,12.044376579411145,16.245210968756965
B,20,15,120,log,0.1,0.0,1.0,4.1557320930735,0.8801887163832415,12.044376579411145,16.245210968756965
B,20,15,120,log,0.1,0.1,0.0,4.581455033188175,0.880991675994004,12.973501110960797,17.540467530946053
B,20,15,120,log,0.1,0.1,1.0,4.185963942066719,0.8812489177812142,12.243086212067336,16.51240075872123
B,20,15,120,log,0.1,0.1,0.5,4.354253128589663,0.8812966912995519,12.581508462888358,16.995970303221416
B,20,15,120,log,0.1,0.5,0.0,9.884909808973935,0.8824195875255315,19.07523887442486,24.62814767099379
B,20,15,120,log,0.1,0.5,0.5,6.797504977135745,0.8826329560813683,15.985887115742315,21.21076330561453
B,20,15,120,log,0.5,0.0,0.0,4.315201153529144,0.8793441439184096,12.047801873419774,16.377697344880605
B,20,15,120,log,0.1,0.5,1.0,4.762125011721599,0.8809717874259846,13.504847943562323,18.082432179740945
B,20,15,120,log,0.5,0.0,0.5,4.315201153529144,0.8793441439184096,12.047801873419774,16.377697344880605
B,20,15,120,log,0.5,0.0,1.0,4.315201153529144,0.8793441439184096,12.047801873419774,16.377697344880605
B,20,15,120,log,0.5,0.1,0.0,9.06663776911864,0.8815318001382426,18.13373244057162,23.723752911333317
B,20,15,120,log,0.5,0.1,0.5,6.547838381522693,0.8817003568605655,15.480451047472206,20.73288549648532
B,20,15,120,log,0.5,0.1,1.0,4.825288692663901,0.8804745899249994,13.306736838526184,17.98122118319484
B,20,15,120,log,0.5,0.5,0.0,79.43782993990578,0.8822414769650573,42.74780088788296,47.93233446945016
B,20,15,120,log,0.5,0.5,0.5,40.5409359638732,0.880120597644115,34.26814310308991,39.81949769733467
B,20,15,120,log,0.5,0.5,1.0,13.872193502689854,0.8638471419609697,21.75313768303084,27.912787348149767
B,20,15,120,log,1.0,0.0,0.0,4.348437782350111,0.8791296581055347,12.050915885724905,16.40502450539477
B,20,15,120,log,1.0,0.0,0.5,4.348437782350111,0.8791296581055347,12.050915885724905,16.40502450539477
B,20,15,120,log,1.0,0.0,1.0,4.348437782350111,0.8791296581055347,12.050915885724905,16.40502450539477
B,20,15,120,log,1.0,0.1,0.0,19.24897730391267,0.8816688823336317,25.61418997417241,31.34248510818307
B,20,15,120,log,1.0,0.1,0.5,11.31125049757667,0.8817217572743072,20.122863228873747,25.884177814071005
B,20,15,120,log,1.0,0.1,1.0,6.042793017118699,0.8784997873539788,15.052981748791126,20.16990009450918
B,20,15,120,log,1.0,0.5,0.0,233.50715350730331,0.8822374357463694,55.788434370777466,61.177387924450365
B,20,15,120,log,1.0,0.5,0.5,126.68011990201,0.8767000027426206,48.04475765549744,53.51994413897452
B,20,15,120,log,1.0,0.5,1.0,39.36550798418685,0.8426544797541917,31.91082482234403,38.39412666830244
B,20,15,120,log,1.5,0.0,0.0,4.360434274556239,0.8790743403989353,12.051954469402702,16.414868002093037
B,20,15,120,log,1.5,0.0,0.5,4.360434274556239,0.8790743403989353,12.051954469402702,16.414868002093037
B,20,15,120,log,1.5,0.0,1.0,4.360434274556239,0.8790743403989353,12.051954469402702,16.414868002093037
B,20,15,120,log,1.5,0.1,0.0,34.038235115892874,0.8817019745551045,32.28250884349408,37.77668452048046
B,20,15,120,log,1.5,0.1,0.5,18.31065745204456,0.8811820940258247,25.01219395295769,30.8439003619688
B,20,15,120,log,1.5,0.1,1.0,7.85603336890902,0.875332766020899,17.072660570945363,22.60433326170128
B,20,15,120,log,1.5,0.5,0.0,415.8571635879124,0.8822294894674629,62.47752510551561,68.16216525236852
B,20,15,120,log,1.5,0.5,0.5,245.5029527653952,0.8736515339226688,55.84188782805105,61.548386794359786
B,20,15,120,log,1.5,0.5,1.0,78.00269836881655,0.8360075535765761,39.891756201208544,46.32754662328588
B,20,15,125,log,0.1,0.0,0.0,4.6922345735739714,0.871206668873214,11.705110090051097,16.90679182442899
B,20,15,125,log,0.1,0.0,0.5,4.6922345735739714,0.871206668873214,11.705110090051097,16.90679182442899
B,20,15,125,log,0.1,0.0,1.0,4.6922345735739714,0.871206668873214,11.705110090051097,16.90679182442899
B,20,15,125,log,0.1,0.1,0.0,5.199812648265534,0.8721469902585197,12.816275017191971,18.25712621061171
B,20,15,125,log,0.1,0.1,1.0,4.728152268718015,0.8722678411694705,11.967995956293862,17.193695406324416
B,20,15,125,log,0.1,0.1,0.5,4.930162124519563,0.8723448256125191,12.367493587838664,17.69833587819426
B,20,15,125,log,0.1,0.5,0.0,11.478199401248329,0.8740990300839874,19.373149281293596,25.52137941861731
B,20,15,125,log,0.1,0.5,0.5,7.830307273390227,0.8740921243915365,16.117764040730293,22.03316178971363
B,20,15,125,log,0.5,0.0,0.0,4.865119838989839,0.8700713531575752,11.658160487119806,17.027683215716646
B,20,15,125,log,0.1,0.5,1.0,5.424870686388884,0.8722648105733105,13.433693764758925,18.837746249921526
B,20,15,125,log,0.5,0.0,0.5,4.865119838989839,0.8700713531575752,11.658160487119806,17.027683215716646
B,20,15,125,log,0.5,0.0,1.0,4.865119838989839,0.8700713531575752,11.658160487119806,17.027683215716646
B,20,15,125,log,0.5,0.1,0.0,10.540404306867885,0.8731595689628276,18.39886702974361,24.625098057148683
B,20,15,125,log,0.5,0.1,0.5,7.544287550453655,0.8730542114960823,15.55966488226631,21.55049078411181
B,20,15,125,log,0.5,0.1,1.0,5.495078038053805,0.8713840967373185,13.167354856263223,18.72259998932398
B,20,15,125,log,0.5,0.5,0.0,97.33853445480722,0.8740846980431896,43.82206522747786,49.405478626467904
B,20,15,125,log,0.5,0.5,0.5,48.94189285799904,0.8721371204676659,35.10927625349545,41.09397464514502
B,20,15,125,log,0.5,0.5,1.0,16.390463753104363,0.8567556584982053,22.16941342749784,28.915555299856894
B,20,15,125,log,1.0,0.0,0.0,4.899904112766158,0.869821361924757,11.651421375176284,17.052533043482065
B,20,15,125,log,1.0,0.0,0.5,4.899904112766158,0.869821361924757,11.651421375176284,17.052533043482065
B,20,15,125,log,1.0,0.0,1.0,4.899904112766158,0.869821361924757,11.651421375176284,17.052533043482065
B,20,15,125,log,1.0,0.1,0.0,22.82018599594317,0.8734560442055797,26.220737134250435,32.43727865380235
B,20,15,125,log,1.0,0.1,0.5,13.259038278026004,0.8734885910888757,20.488274588315903,26.844886481355356
B,20,15,125,log,1.0,0.1,1.0,6.960263399551655,0.8699269773113413,15.089621273811996,20.98987086165875
B,20,15,125,log,1.0,0.5,0.0,294.83685476502217,0.8740747404915596,57.178106166525424,62.98077640536858
B,20,15,125,log,1.0,0.5,0.5,157.54267304540502,0.8689181441679275,49.23264048659805,55.12688393102731
B,20,15,125,log,1.0,0.5,1.0,48.062225125666245,0.8356859209086916,32.6802953770988,39.6496458468324
B,20,15,125,log,1.5,0.0,0.0,4.912769657886388,0.8697519369817852,11.648823095109908,17.06146506286182
B,20,15,125,log,1.5,0.0,0.5,4.912769657886388,0.8697519369817852,11.648823095109908,17.06146506286182
B,20,15,125,log,1.5,0.0,1.0,4.912769657886388,0.8697519369817852,11.648823095109908,17.06146506286182
B,20,15,125,log,1.5,0.1,0.0,40.91675216273629,0.8735014095353332,33.103620012445504,39.02976014592221
B,20,15,125,log,1.5,0.1,0.5,21.722247234814056,0.8730737801998055,25.582754253584863,31.92364719292574
B,20,15,125,log,1.5,0.1,1.0,9.140583313686516,0.8670713049725416,17.245688472610574,23.49280029410576
B,20,15,125,log,1.5,0.5,0.0,533.8539318832842,0.8740631051706138,64.02161212412098,70.13647117224204
B,20,15,125,log,1.5,0.5,0.5,310.8457655395397,0.86605933556613,57.215033705633616,63.35036023514336
B,20,15,125,log,1.5,0.5,1.0,96.6416357331634,0.8294033303225463,40.81349459301817,47.742981090604005
B,20,15,130,log,0.1,0.0,0.0,4.700399762804873,0.8702889444686253,11.311095960683648,16.52288437354776
B,20,15,130,log,0.1,0.0,0.5,4.700399762804873,0.8702889444686253,11.311095960683648,16.52288437354776
B,20,15,130,log,0.1,0.0,1.0,4.700399762804873,0.8702889444686253,11.311095960683648,16.52288437354776
B,20,15,130,log,0.1,0.1,0.0,5.004292197911678,0.8716474559389665,12.2739879541274,17.695623219654017
B,20,15,130,log,0.1,0.1,0.5,4.800689043445145,0.8718340912695275,11.874163980429278,17.193780146692323
B,20,15,130,log,0.1,0.1,1.0,4.671383877090825,0.8717580621861852,11.528833088826632,16.757324861177988
B,20,15,130,log,0.1,0.5,0.0,10.508315354566069,0.8739661924363507,18.411684343356427,24.575787054730576
B,20,15,130,log,0.1,0.5,0.5,7.212540389144953,0.8737815579102961,15.300401525946336,21.189966942859964
B,20,15,130,log,0.1,0.5,1.0,5.143860219677173,0.8717916476125354,12.82503900647129,18.19440308558544
B,20,15,130,log,0.5,0.0,0.0,4.862490715020941,0.8692508471848004,11.285258307938577,16.65642807404929
B,20,15,130,log,0.5,0.0,1.0,4.862490715020941,0.8692508471848004,11.285258307938577,16.65642807404929
B,20,15,130,log,0.5,0.0,0.5,4.862490715020941,0.8692508471848004,11.285258307938577,16.65642807404929
B,20,15,130,log,0.5,0.1,0.0,9.685566051294696,0.872958712214514,17.510452907409686,23.73753812231161
B,20,15,130,log,0.5,0.1,0.5,6.990530400070647,0.8726680686113852,14.810165651298174,20.769332413117365
B,20,15,130,log,0.5,0.1,1.0,5.246436521655203,0.8711036998967344,12.609959222267284,18.13119679799174
B,20,15,130,log,0.5,0.5,0.0,90.90450887911996,0.8740774032053696,42.88978678839321,48.47557839479783
B,20,15,130,log,0.5,0.5,0.5,45.18131528521948,0.8721590742422922,34.00700245114154,40.04755100791986
B,20,15,130,log,0.5,0.5,1.0,14.882231217809329,0.8572627498450214,21.131200666283465,27.90620207860178
B,20,15,130,log,1.0,0.0,0.0,4.897273350539601,0.8690446913613605,11.282749067765408,16.684406383463465
B,20,15,130,log,1.0,0.0,0.5,4.897273350539601,0.8690446913613605,11.282749067765408,16.684406383463465
B,20,15,130,log,1.0,0.0,1.0,4.897273350539601,0.8690446913613605,11.282749067765408,16.684406383463465
B,20,15,130,log,1.0,0.1,0.0,20.98488016962257,0.873424546270096,25.13701033756445,31.424494207567413
B,20,15,130,log,1.0,0.1,0.5,12.143605955431951,0.8733115548122417,19.509469104979114,25.89097989300257
B,20,15,130,log,1.0,0.1,1.0,6.470284109900793,0.869523706807902,14.395269134970563,20.23668800964884
B,20,15,130,log,1.0,0.5,0.0,279.4678013905771,0.8740585026459684,56.530925423512976,62.28133834709389
B,20,15,130,log,1.0,0.5,0.5,147.60741145149206,0.8690300325746934,48.39894575590897,54.2573420227378
B,20,15,130,log,1.0,0.5,1.0,44.21654373968181,0.8359491559791191,31.49875612359251,38.57947468356407
B,20,15,130,log,1.5,0.0,0.0,4.910349080271386,0.8689742136290223,11.281642337234,16.694525052081342
B,20,15,130,log,1.5,0.0,0.5,4.910349080271386,0.8689742136290223,11.281642337234,16.694525052081342
B,20,15,130,log,1.5,0.0,1.0,4.910349080271386,0.8689742136290223,11.281642337234,16.694525052081342
B,20,15,130,log,1.5,0.1,0.0,37.85036520251043,0.8734736531537497,32.02117318603082,38.01402790069125
B,20,15,130,log,1.5,0.1,0.5,19.916738411977214,0.8730280509332937,24.48301037953535,30.89417592232504
B,20,15,130,log,1.5,0.1,1.0,8.38785399227213,0.8669451829392065,16.427322735175572,22.629894711364194
B,20,15,130,log,1.5,0.5,0.0,510.4528584115309,0.8740408058086899,63.516737680936174,69.57589871286754
B,20,15,130,log,1.5,0.5,0.5,294.0124655300113,0.8662820629216247,56.55193107933532,62.62980583504677
B,20,15,130,log,1.5,0.5,1.0,89.59107978844068,0.8299399717464043,39.7349035215946,46.69788789185155
B,20,20,115,log,0.1,0.0,0.0,3.752486796363089,0.8888932188975387,12.315145136396998,15.83064592846154
B,20,20,115,log,0.1,0.0,0.5,3.752486796363089,0.8888932188975387,12.315145136396998,15.83064592846154
B,20,20,115,log,0.1,0.0,1.0,3.752486796363089,0.8888932188975387,12.315145136396998,15.83064592846154
B,20,20,115,log,0.1,0.1,0.0,4.094326703226579,0.8895196121412561,13.07103659097348,17.002318331431358
B,20,20,115,log,0.1,0.1,0.5,3.914652523745377,0.8897744250687893,12.744352157504863,16.512056153569837
B,20,20,115,log,0.1,0.1,1.0,3.786711055372293,0.8896279145247089,12.479810990857317,16.085625382559893
B,20,20,115,log,0.1,0.5,0.0,8.52713194783301,0.8904062878922145,18.698156045403216,23.75714445312921
B,20,20,115,log,0.1,0.5,0.5,5.959740474214458,0.8905259214686337,15.797604841453277,20.489615797535546
B,20,20,115,log,0.5,0.0,0.0,3.892270924367054,0.8880170463271521,12.379608549704225,15.99276929431679
B,20,20,115,log,0.1,0.5,1.0,4.251119208341595,0.8890377329740243,13.523039804987292,17.50967473952639
B,20,20,115,log,0.5,0.0,0.5,3.892270924367054,0.8880170463271521,12.379608549704225,15.99276929431679
B,20,20,115,log,0.5,0.0,1.0,3.892270924367054,0.8880170463271521,12.379608549704225,15.99276929431679
B,20,20,115,log,0.5,0.1,0.0,7.8221703984467394,0.8896038538163193,17.80380681174226,22.86701200317553
B,20,20,115,log,0.5,0.1,0.5,5.747650075056013,0.8897764408440079,15.348574431278612,20.035887403842345
B,20,20,115,log,0.5,0.1,1.0,4.313513762657982,0.8885937372964477,13.40151191060338,17.442805360600204
B,20,20,115,log,0.5,0.5,0.0,64.8111683144414,0.8902281280016953,41.58113774525101,46.37860195595839
B,20,20,115,log,0.5,0.5,0.5,33.67960514861388,0.8878252646258318,33.36139205043063,38.50303311033609
B,20,20,115,log,0.5,0.5,1.0,11.80130310806059,0.870843053497494,21.264455614156702,26.92500756733441
B,20,20,115,log,1.0,0.0,0.5,3.922525780142513,0.887769017877768,12.39414679792375,16.025513420643254
B,20,20,115,log,1.0,0.0,0.0,3.922525780142513,0.887769017877768,12.39414679792375,16.025513420643254
B,20,20,115,log,1.0,0.1,0.0,16.24878830488792,0.8896954996532329,24.930602542703312,30.2191338568111
B,20,20,115,log,1.0,0.0,1.0,3.922525780142513,0.887769017877768,12.39414679792375,16.025513420643254
B,20,20,115,log,1.0,0.1,0.5,9.710094727088006,0.889547864259443,19.6987434727727,24.96131316392403
B,20,20,115,log,1.0,0.1,1.0,5.314473842037168,0.8866303192690713,14.975532315572485,19.48716922721623
B,20,20,115,log,1.0,0.5,0.0,184.72336190368807,0.8902075396082738,54.28930909753474,59.2714858765934
B,20,20,115,log,1.0,0.5,0.5,101.98641987245608,0.8842842384153231,46.772847538777135,51.83985239412469
B,20,20,115,log,1.5,0.0,0.0,3.933819591024985,0.8877143676602521,12.399441385328178,16.03740754945469
B,20,20,115,log,1.0,0.5,1.0,32.32889513806215,0.8499284105958269,31.09409785000893,37.09922104990958
B,20,20,115,log,1.5,0.0,0.5,3.933819591024985,0.8877143676602521,12.399441385328178,16.03740754945469
B,20,20,115,log,1.5,0.0,1.0,3.933819591024985,0.8877143676602521,12.399441385328178,16.03740754945469
B,20,20,115,log,1.5,0.1,0.0,28.32732600870966,0.8897178368840809,31.378532772350145,36.467513700919845
B,20,20,115,log,1.5,0.1,0.5,15.501446198940048,0.8889694633292219,24.38166482551505,29.758335737309
B,20,20,115,log,1.5,0.1,1.0,6.815626357724224,0.8831633882116854,16.843718197183502,21.800598594560174
B,20,20,115,log,1.5,0.5,0.0,323.3608059624228,0.8902030319235127,60.81394156441711,66.07407509071473
B,20,20,115,log,1.5,0.5,0.5,193.9121408498896,0.8811086783206618,54.36984931227799,59.65646300489772
B,20,20,115,log,1.5,0.5,1.0,63.0719463317557,0.8428870414562712,38.905463158110976,44.855964382965865
B,20,20,120,log,0.1,0.0,0.0,4.138288433758943,0.8804053859374523,12.008555383277958,16.205959423666535
B,20,20,120,log,0.1,0.0,0.5,4.138288433758943,0.8804053859374523,12.008555383277958,16.205959423666535
B,20,20,120,log,0.1,0.0,1.0,4.138288433758943,0.8804053859374523,12.008555383277958,16.205959423666535
B,20,20,120,log,0.1,0.1,0.0,4.565384048718299,0.8813895050219331,12.950617554903015,17.508408127570668
B,20,20,120,log,0.1,0.1,1.0,4.185991592246005,0.8812398525418468,12.243055824016158,16.511778052408715
B,20,20,120,log,0.1,0.1,0.5,4.345431516517484,0.8813767518455631,12.567807632882568,16.979256130811095
B,20,20,120,log,0.1,0.5,0.0,9.8419592800438,0.8827334424649814,19.05329999090797,24.598819126345767
B,20,20,120,log,0.1,0.5,0.5,6.797504977135745,0.8826329560813683,15.985887115742315,21.21076330561453
B,20,20,120,log,0.1,0.5,1.0,4.762125011721599,0.8809717874259846,13.504847943562323,18.082432179740945
B,20,20,120,log,0.5,0.0,0.0,4.292651819842186,0.8796701508711028,12.010838772570732,16.339831618001355
B,20,20,120,log,0.5,0.0,0.5,4.292651819842186,0.8796701508711028,12.010838772570732,16.339831618001355
B,20,20,120,log,0.5,0.0,1.0,4.292651819842186,0.8796701508711028,12.010838772570732,16.339831618001355
B,20,20,120,log,0.5,0.1,0.0,9.031756400252858,0.8818652194952101,18.12081701605289,23.700996960312825
B,20,20,120,log,0.5,0.1,0.5,6.547838381522732,0.8817003568605655,15.480451047472224,20.732885496485345
B,20,20,120,log,0.5,0.1,1.0,4.825288692663902,0.8804745899249994,13.306736838526184,17.98122118319484
B,20,20,120,log,0.5,0.5,0.0,79.27266612185232,0.8825847631413891,42.730282484015326,47.911862459208734
B,20,20,120,log,0.5,0.5,0.5,40.5409359638732,0.880120597644115,34.26814310308991,39.81949769733467
B,20,20,120,log,0.5,0.5,1.0,13.872193502689854,0.8638471419609697,21.75313768303084,27.912787348149767
B,20,20,120,log,1.0,0.0,0.0,4.326030382312363,0.8794506001657307,12.01294428512639,16.367404747633703
B,20,20,120,log,1.0,0.0,0.5,4.326030382312363,0.8794506001657307,12.01294428512639,16.367404747633703
B,20,20,120,log,1.0,0.0,1.0,4.326030382312363,0.8794506001657307,12.01294428512639,16.367404747633703
B,20,20,120,log,1.0,0.1,0.0,19.19288844666521,0.8820098990391635,25.59531968074854,31.320375481091737
B,20,20,120,log,1.0,0.1,0.5,11.31125049757667,0.8817217572743072,20.122863228873747,25.884177814071005
B,20,20,120,log,1.0,0.1,1.0,6.0427930171187,0.8784997873539788,15.052981748791126,20.169900094509185
B,20,20,120,log,1.0,0.5,0.0,233.1747834373428,0.8825580304907321,55.77772671697729,61.16349148300677
B,20,20,120,log,1.0,0.5,0.5,126.68011990201,0.8767000027426206,48.04475765549744,53.51994413897452
B,20,20,120,log,1.0,0.5,1.0,39.36550798418685,0.8426544797541917,31.91082482234403,38.39412666830244
B,20,20,120,log,1.5,0.0,0.0,4.338588045449464,0.8793947981034383,12.013683956818545,16.377379998282358
B,20,20,120,log,1.5,0.0,0.5,4.338588045449464,0.8793947981034383,12.013683956818545,16.377379998282358
B,20,20,120,log,1.5,0.0,1.0,4.338588045449464,0.8793947981034383,12.013683956818545,16.377379998282358
B,20,20,120,log,1.5,0.1,0.0,33.957089452693005,0.8820375273595001,32.260381217251826,37.754877516553066
B,20,20,120,log,1.5,0.1,0.5,18.31065745204456,0.8811820940258247,25.01219395295769,30.8439003619688
B,20,20,120,log,1.5,0.1,1.0,7.85603336890902,0.875332766020899,17.072660570945363,22.60433326170128
B,20,20,120,log,1.5,0.5,0.0,415.38957683800254,0.8825466092380789,62.46933930579335,68.15148974334905
B,20,20,120,log,1.5,0.5,0.5,245.5029527653952,0.8736515339226688,55.84188782805105,61.548386794359786
B,20,20,120,log,1.5,0.5,1.0,78.00269836881655,0.8360075535765761,39.891756201208544,46.32754662328588
B,20,20,125,log,0.1,0.0,0.0,4.67222790714665,0.8714159756572739,11.660194519755448,16.86185896620002
B,20,20,125,log,0.1,0.0,0.5,4.67222790714665,0.8714159756572739,11.660194519755448,16.86185896620002
B,20,20,125,log,0.1,0.0,1.0,4.67222790714665,0.8714159756572739,11.660194519755448,16.86185896620002
B,20,20,125,log,0.1,0.1,0.0,5.177293026411933,0.8723802548273293,12.780466173311686,18.220746306327435
B,20,20,125,log,0.1,0.1,0.5,4.919917423385277,0.8724712619709788,12.34928953091929,17.679192989273943
B,20,20,125,log,0.1,0.1,1.0,4.728135877353857,0.8722521310928204,11.96697085014165,17.192469355597698
B,20,20,125,log,0.1,0.5,0.0,11.430607048478617,0.8744688867831133,19.35018083100008,25.48945132698635
B,20,20,125,log,0.1,0.5,0.5,7.830307273390227,0.8740921243915365,16.117764040730293,22.03316178971363
B,20,20,125,log,0.5,0.0,0.0,4.84375185648564,0.8703729836977331,11.612380655319878,16.984257393339465
B,20,20,125,log,0.1,0.5,1.0,5.424870686388884,0.8722648105733105,13.433693764758925,18.837746249921526
B,20,20,125,log,0.5,0.0,1.0,4.84375185648564,0.8703729836977331,11.612380655319878,16.984257393339465
B,20,20,125,log,0.5,0.0,0.5,4.84375185648564,0.8703729836977331,11.612380655319878,16.984257393339465
B,20,20,125,log,0.5,0.1,0.0,10.503515806059143,0.8735128076668485,18.38437087766732,24.60056246600456
B,20,20,125,log,0.5,0.1,0.5,7.544287550453656,0.8730542114960823,15.559664882266308,21.55049078411181
B,20,20,125,log,0.5,0.5,0.0,97.13761803879436,0.8744419231082246,43.80453838122956,49.38421676246313
B,20,20,125,log,0.5,0.1,1.0,5.495078038053805,0.8713840967373185,13.167354856263223,18.72259998932398
B,20,20,125,log,0.5,0.5,0.5,48.94189285799904,0.8721371204676659,35.10927625349545,41.09397464514502
B,20,20,125,log,0.5,0.5,1.0,16.390463753104363,0.8567556584982053,22.16941342749784,28.915555299856894
B,20,20,125,log,1.0,0.0,0.5,4.881461584681473,0.8702272896889858,11.605814560692874,17.0098601199619
B,20,20,125,log,1.0,0.0,0.0,4.881461584681473,0.8702272896889858,11.605814560692874,17.0098601199619
B,20,20,125,log,1.0,0.0,1.0,4.881461584681473,0.8702272896889858,11.605814560692874,17.0098601199619
B,20,20,125,log,1.0,0.1,0.0,22.756638077754168,0.873813963750336,26.200465090488205,32.414330489530066
B,20,20,125,log,1.0,0.1,0.5,13.259038278026004,0.8734885910888757,20.488274588315903,26.844886481355356
B,20,20,125,log,1.0,0.1,1.0,6.960263399551664,0.8699269773113413,15.089621273812003,20.98987086165876
B,20,20,125,log,1.0,0.5,0.0,294.4047293623796,0.8744171111953335,57.16720040454286,62.96635298492373
B,20,20,125,log,1.0,0.5,0.5,157.54267304540502,0.8689181441679275,49.23264048659805,55.12688393102731
B,20,20,125,log,1.5,0.0,0.0,4.895391463997754,0.8701403550268448,11.603313698290403,17.01905062687037
B,20,20,125,log,1.0,0.5,1.0,48.062225125666245,0.8356859209086916,32.6802953770988,39.6496458468324
B,20,20,125,log,1.5,0.0,0.5,4.895391463997754,0.8701403550268448,11.603313698290403,17.01905062687037
B,20,20,125,log,1.5,0.0,1.0,4.895391463997754,0.8701403550268448,11.603313698290403,17.01905062687037
B,20,20,125,log,1.5,0.1,0.0,40.82316641420906,0.8738622717508469,33.08200580705296,39.00713841766396
B,20,20,125,log,1.5,0.1,0.5,21.72224723481413,0.8730737801998055,25.5827542535849,31.92364719292577
B,20,20,125,log,1.5,0.1,1.0,9.140583313686518,0.8670713049725416,17.245688472610574,23.49280029410576
B,20,20,125,log,1.5,0.5,0.0,533.2264142486766,0.8744061291013526,64.01330297604532,70.12541676847361
B,20,20,125,log,1.5,0.5,0.5,310.8457655395397,0.86605933556613,57.215033705633616,63.35036023514336
B,20,20,125,log,1.5,0.5,1.0,96.6416357331634,0.8294033303225463,40.81349459301817,47.742981090604005
B,20,20,130,log,0.1,0.0,0.0,4.679857575736786,0.8707265132105736,11.262149527996137,16.473056653385974
B,20,20,130,log,0.1,0.0,0.5,4.679857575736786,0.8707265132105736,11.262149527996137,16.473056653385974
B,20,20,130,log,0.1,0.0,1.0,4.679857575736786,0.8707265132105736,11.262149527996137,16.473056653385974
B,20,20,130,log,0.1,0.1,0.0,4.980680877289523,0.8720183082123709,12.232742297123758,17.654461995423283
B,20,20,130,log,0.1,0.1,1.0,4.672098811656525,0.8717690148914631,11.526757666465864,16.755730529668984
B,20,20,130,log,0.1,0.1,0.5,4.793674141031072,0.8719624613661393,11.8525521586788,17.172627193985797
B,20,20,130,log,0.1,0.5,0.0,10.462007302899687,0.8743668830313698,18.389146007130204,24.543700667119005
B,20,20,130,log,0.1,0.5,0.5,7.212540389144953,0.8737815579102961,15.300401525946336,21.189966942859964
B,20,20,130,log,0.1,0.5,1.0,5.143860219677173,0.8717916476125354,12.82503900647129,18.19440308558544
B,20,20,130,log,0.5,0.0,0.0,4.846004134579202,0.8697393850448979,11.238796110233087,16.60931301646921
B,20,20,130,log,0.5,0.0,0.5,4.846004134579202,0.8697393850448979,11.238796110233087,16.60931301646921
B,20,20,130,log,0.5,0.0,1.0,4.846004134579202,0.8697393850448979,11.238796110233087,16.60931301646921
B,20,20,130,log,0.5,0.1,0.0,9.649449162112893,0.8733147960637213,17.496328655360365,23.713415684147957
B,20,20,130,log,0.5,0.1,0.5,6.990530400070651,0.8726680686113852,14.810165651298174,20.769332413117365
B,20,20,130,log,0.5,0.1,1.0,5.246436521655205,0.8711036998967344,12.60995922226729,18.13119679799175
B,20,20,130,log,0.5,0.5,0.0,90.71174122344009,0.8744389468509347,42.87225442733352,48.45388993104713
B,20,20,130,log,0.5,0.5,0.5,45.18131528521948,0.8721590742422922,34.00700245114154,40.04755100791986
B,20,20,130,log,0.5,0.5,1.0,14.882231217809329,0.8572627498450214,21.131200666283465,27.90620207860178
B,20,20,130,log,1.0,0.0,0.0,4.8789197328970255,0.869547305743545,11.236714272806823,16.637654841865373
B,20,20,130,log,1.0,0.0,0.5,4.8789197328970255,0.869547305743545,11.236714272806823,16.637654841865373
B,20,20,130,log,1.0,0.0,1.0,4.8789197328970255,0.869547305743545,11.236714272806823,16.637654841865373
B,20,20,130,log,1.0,0.1,0.0,20.92466761203496,0.8737932982848011,25.11825961371043,31.402531701423584
B,20,20,130,log,1.0,0.1,0.5,12.143605955431966,0.8733115548122417,19.509469104979125,25.890979893002573
B,20,20,130,log,1.0,0.1,1.0,6.470284109900796,0.869523706807902,14.395269134970563,20.23668800964884
B,20,20,130,log,1.0,0.5,0.0,279.0485336832254,0.8743981310801072,56.51985339032475,62.26662253738721
B,20,20,130,log,1.0,0.5,0.5,147.60741145149206,0.8690300325746934,48.39894575590897,54.2573420227378
B,20,20,130,log,1.5,0.0,0.0,4.8913209362428445,0.869473789981949,11.235762033189188,16.647920818477314
B,20,20,130,log,1.0,0.5,1.0,44.21654373968181,0.8359491559791191,31.49875612359251,38.57947468356407
B,20,20,130,log,1.5,0.0,1.0,4.8913209362428445,0.869473789981949,11.235762033189188,16.647920818477314
B,20,20,130,log,1.5,0.0,0.5,4.8913209362428445,0.869473789981949,11.235762033189188,16.647920818477314
B,20,20,130,log,1.5,0.1,0.0,37.7603167426888,0.8738355477154695,31.999054797998177,37.99132486612764
B,20,20,130,log,1.5,0.1,0.5,19.916738411977235,0.8730280509332937,24.483010379535354,30.894175922325047
B,20,20,130,log,1.5,0.5,0.0,509.8364944120425,0.874393237504675,63.5082910646355,69.56458831397677
B,20,20,130,log,1.5,0.1,1.0,8.387853992272131,0.8669451829392065,16.427322735175572,22.629894711364194
B,20,20,130,log,1.5,0.5,0.5,294.0124655300113,0.8662820629216247,56.55193107933532,62.62980583504677
B,20,20,130,log,1.5,0.5,1.0,89.59107978844068,0.8299399717464043,39.7349035215946,46.69788789185155
B,25,10,115,log,0.1,0.0,0.0,2.9894722055232537,0.898938890996573,11.25090824853079,14.550573568765396
B,25,10,115,log,0.1,0.0,0.5,2.9894722055232537,0.898938890996573,11.25090824853079,14.550573568765396
B,25,10,115,log,0.1,0.0,1.0,2.9894722055232537,0.898938890996573,11.25090824853079,14.550573568765396
B,25,10,115,log,0.1,0.1,0.0,3.3049940275701246,0.8995802624712187,12.021964013556778,15.718678910071656
B,25,10,115,log,0.1,0.1,1.0,3.044106879052433,0.8995123323357896,11.417028285424646,14.826730014782374
B,25,10,115,log,0.1,0.1,0.5,3.1477426031984543,0.8996836317135065,11.687416142205384,15.238761990444184
B,25,10,115,log,0.1,0.5,0.0,7.2719306832999875,0.9003824925281009,17.908599644541006,22.666112003886656
B,25,10,115,log,0.1,0.5,0.5,5.036245534656769,0.9002663251475225,14.913772968733287,19.372106930411935
B,25,10,115,log,0.1,0.5,1.0,3.521767191606414,0.8988313261059135,12.48672142911555,16.303742046313733
B,25,10,115,log,0.5,0.0,0.0,3.0908643937336526,0.8981028900298028,11.324328025146666,14.69586383866899
B,25,10,115,log,0.5,0.0,0.5,3.0908643937336526,0.8981028900298028,11.324328025146666,14.69586383866899
B,25,10,115,log,0.5,0.0,1.0,3.0908643937336526,0.8981028900298028,11.324328025146666,14.69586383866899
B,25,10,115,log,0.5,0.1,0.0,6.595423498443642,0.8996101794247424,16.974235241062644,21.721370032386663
B,25,10,115,log,0.5,0.1,0.5,4.802628830626429,0.8995637201436694,14.441309051884591,18.868629347966287
B,25,10,115,log,0.5,0.1,1.0,3.5556945335993504,0.8981846623766401,12.374185989450458,16.22466295681099
B,25,10,115,log,0.5,0.5,0.0,58.60115733320115,0.9000846536524282,41.066320681924665,45.61471813718166
B,25,10,115,log,0.5,0.5,0.5,30.259743030971244,0.8976343252510646,32.78763179655111,37.6521943466479
B,25,10,115,log,0.5,0.5,1.0,10.414206180993748,0.884377515048493,20.31185570980577,25.866267285479196
B,25,10,115,log,1.0,0.0,0.0,3.1126013044183622,0.8979795449757676,11.34185444991132,14.72642246003409
B,25,10,115,log,1.0,0.0,0.5,3.1126013044183622,0.8979795449757676,11.34185444991132,14.72642246003409
B,25,10,115,log,1.0,0.0,1.0,3.1126013044183622,0.8979795449757676,11.34185444991132,14.72642246003409
B,25,10,115,log,1.0,0.1,0.0,14.156163221442188,0.8995770287578141,24.33914755525749,29.274884847920568
B,25,10,115,log,1.0,0.1,0.5,8.36349311932501,0.8990279715348523,18.926002754533272,23.903011787234
B,25,10,115,log,1.0,0.1,1.0,4.481542832858532,0.8965146136179456,13.956784742754138,18.303852856721907
B,25,10,115,log,1.0,0.5,0.0,170.972350304492,0.9000380238230689,53.62815162281935,58.52525017247949
B,25,10,115,log,1.0,0.5,0.5,93.67908561739188,0.8947152479740508,46.12395251603243,51.03231055057434
B,25,10,115,log,1.0,0.5,1.0,30.869398825831844,0.8553496025448964,30.37729217609595,36.47034246844811
B,25,10,115,log,1.5,0.0,0.0,3.120754928049186,0.8979420773169522,11.34843491746891,14.737670032429683
B,25,10,115,log,1.5,0.0,0.5,3.120754928049186,0.8979420773169522,11.34843491746891,14.737670032429683
B,25,10,115,log,1.5,0.0,1.0,3.120754928049186,0.8979420773169522,11.34843491746891,14.737670032429683
B,25,10,115,log,1.5,0.1,0.0,25.11554163466427,0.8995763115205888,30.89196185596075,35.63470844475023
B,25,10,115,log,1.5,0.1,0.5,13.619033682009492,0.8985163766738566,23.70853814102388,28.8025217587144
B,25,10,115,log,1.5,0.1,1.0,5.866705146725524,0.8936451407910466,15.85328216055138,20.662573025801155
B,25,10,115,log,1.5,0.5,0.0,302.6910281296909,0.900003469677549,60.08009813598509,65.31738118988089
B,25,10,115,log,1.5,0.5,0.5,180.08996191442913,0.8921780377840044,53.652368654474834,58.8470478098565
B,25,10,115,log,1.5,0.5,1.0,60.46331854072148,0.8473898247416004,38.20074401592846,44.18652812259019
B,25,10,120,log,0.1,0.0,0.0,3.2336237824035856,0.8903279326206208,10.947288816586555,14.850223801867145
B,25,10,120,log,0.1,0.0,0.5,3.2336237824035856,0.8903279326206208,10.947288816586555,14.850223801867145
B,25,10,120,log,0.1,0.0,1.0,3.2336237824035856,0.8903279326206208,10.947288816586555,14.850223801867145
B,25,10,120,log,0.1,0.1,0.0,3.6239669646733703,0.8911225519350768,11.903535169160936,16.14784329216859
B,25,10,120,log,0.1,0.1,0.5,3.433268553447539,0.8912353194342852,11.507263360375608,15.626346912779695
B,25,10,120,log,0.1,0.1,1.0,3.305507222158613,0.8912191859529524,11.174504828614,15.167409678863269
B,25,10,120,log,0.1,0.5,0.0,8.282867704644286,0.8924691421346148,18.24125997961798,23.436963216045037
B,25,10,120,log,0.1,0.5,0.5,5.6618304286532375,0.8922957337719021,15.077280060655088,20.019689116027724
B,25,10,120,log,0.1,0.5,1.0,3.8880632432159983,0.8906419086418278,12.441790167423362,16.79796863681141
B,25,10,120,log,0.5,0.0,0.0,3.33307523345898,0.8893945674995709,10.963141804734857,14.965979985123528
B,25,10,120,log,0.5,0.0,0.5,3.33307523345898,0.8893945674995709,10.963141804734857,14.965979985123528
B,25,10,120,log,0.5,0.0,1.0,3.33307523345898,0.8893945674995709,10.963141804734857,14.965979985123528
B,25,10,120,log,0.5,0.1,0.0,7.516073744191532,0.8915822178419983,17.278082633424027,22.48887765268637
B,25,10,120,log,0.5,0.1,0.5,5.391850431004363,0.8914213056642296,14.552228558193224,19.49444793645016
B,25,10,120,log,0.5,0.1,1.0,3.912680042427045,0.8898767784615895,12.257961524631709,16.679758645687723
B,25,10,120,log,0.5,0.5,0.0,71.04023534874973,0.8921937167905428,42.1779995085325,47.089577021463086
B,25,10,120,log,0.5,0.5,0.5,36.05924174533368,0.8898423202366837,33.65981697233192,38.90719037948763
B,25,10,120,log,0.5,0.5,1.0,12.120520217141104,0.8770140477973285,20.746785233480477,26.784455357158052
B,25,10,120,log,1.0,0.0,0.0,3.355126923766112,0.889145889650807,10.968796821854756,14.990682685526616
B,25,10,120,log,1.0,0.0,0.5,3.355126923766112,0.889145889650807,10.968796821854756,14.990682685526616
B,25,10,120,log,1.0,0.0,1.0,3.355126923766112,0.889145889650807,10.968796821854756,14.990682685526616
B,25,10,120,log,1.0,0.1,0.0,16.530947610122166,0.8916395410976499,24.978846579289456,30.315677908331537
B,25,10,120,log,1.0,0.1,0.5,9.614430028297196,0.8911386758037576,19.329192188620777,24.75707228845209
B,25,10,120,log,1.0,0.1,1.0,5.026679007558995,0.8883577033034754,14.01727269229362,18.91173566637804
B,25,10,120,log,1.0,0.5,0.0,214.3720103141169,0.8921342999992383,55.061511898744925,60.3537236769076
B,25,10,120,log,1.0,0.5,0.5,115.463329052799,0.8870021660877173,47.34854342433914,52.64894769145319
B,25,10,120,log,1.0,0.5,1.0,37.17858484874296,0.8493886136777882,31.127709049770523,37.67935957597281
B,25,10,120,log,1.5,0.0,0.0,3.3632153850055118,0.8890862296368416,10.970888535872817,14.99964502335003
B,25,10,120,log,1.5,0.0,0.5,3.3632153850055118,0.8890862296368416,10.970888535872817,14.99964502335003
B,25,10,120,log,1.5,0.0,1.0,3.3632153850055118,0.8890862296368416,10.970888535872817,14.99964502335003
B,25,10,120,log,1.5,0.1,0.0,29.79969878638799,0.8916461804982513,31.748114283116895,36.86563114753117
B,25,10,120,log,1.5,0.1,0.5,15.899198782907698,0.8906512899661294,24.317097067825717,29.82490408543334
B,25,10,120,log,1.5,0.1,1.0,6.676993763296548,0.8857531053655368,16.041283378994144,21.390094573776288
B,25,10,120,log,1.5,0.5,0.0,386.62309656932064,0.8921069900210099,61.67158126769541,67.32640649833372
B,25,10,120,log,1.5,0.5,0.5,226.5020740056825,0.8845467359164099,55.06651303166554,60.67097344485386
B,25,10,120,log,1.5,0.5,1.0,74.6663494571612,0.8401853362575595,39.13655717981649,45.60767451682866
B,25,10,125,log,0.1,0.0,0.0,3.5891745025979587,0.8815091490264532,10.625985363927445,15.445768775619335
B,25,10,125,log,0.1,0.0,0.5,3.5891745025979587,0.8815091490264532,10.625985363927445,15.445768775619335
B,25,10,125,log,0.1,0.0,1.0,3.5891745025979587,0.8815091490264532,10.625985363927445,15.445768775619335
B,25,10,125,log,0.1,0.1,0.0,4.057039446469174,0.8826468208781062,11.751244379649773,16.797524422942463
B,25,10,125,log,0.1,0.1,0.5,3.834117538271197,0.8827768181085254,11.300256566345936,16.259159486694188
B,25,10,125,log,0.1,0.1,1.0,3.681315044972583,0.8826932885839591,10.910688100811193,15.78275294503236
B,25,10,125,log,0.1,0.5,0.0,9.492824526492775,0.8845206703396776,18.52666717870794,24.259902623547404
B,25,10,125,log,0.1,0.5,0.5,6.42941989878849,0.8843517437821558,15.191519660462935,20.77052921053481
B,25,10,125,log,0.1,0.5,1.0,4.369325469088875,0.8824009914355075,12.357032308974627,17.48190105579919
B,25,10,125,log,0.5,0.0,0.0,3.6964483433190263,0.8806079710709527,10.589550923521902,15.547646260585832
B,25,10,125,log,0.5,0.0,0.5,3.6964483433190263,0.8806079710709527,10.589550923521902,15.547646260585832
B,25,10,125,log,0.5,0.0,1.0,3.6964483433190263,0.8806079710709527,10.589550923521902,15.547646260585832
B,25,10,125,log,0.5,0.1,0.0,8.626841487209699,0.8835246288871783,17.538759947761516,23.325281673355097
B,25,10,125,log,0.5,0.1,0.5,6.123171425562438,0.8832937315052092,14.622009734338423,20.24450033079487
B,25,10,125,log,0.5,0.1,1.0,4.393610304162939,0.8815704403682755,12.112664600152296,17.34962808951888
B,25,10,125,log,0.5,0.5,0.0,86.23997316099185,0.8843220997501146,43.21298561064181,48.50293261505279
B,25,10,125,log,0.5,0.5,0.5,43.06753423157645,0.8821826184130803,34.46928631574225,40.12069229669533
B,25,10,125,log,0.5,0.5,1.0,14.173824834364405,0.8698732172408381,21.12739363560342,27.721037189657267
B,25,10,125,log,1.0,0.0,0.0,3.720689126006735,0.8803974133354322,10.584585855806642,15.5696516044005
B,25,10,125,log,1.0,0.0,0.5,3.720689126006735,0.8803974133354322,10.584585855806642,15.5696516044005
B,25,10,125,log,1.0,0.0,1.0,3.720689126006735,0.8803974133354322,10.584585855806642,15.5696516044005
B,25,10,125,log,1.0,0.1,0.0,19.365131326869548,0.8837233305536586,25.562014474951823,31.34927588407101
B,25,10,125,log,1.0,0.1,0.5,11.116228599267592,0.8833008651018407,19.686855904591926,25.6516087517161
B,25,10,125,log,1.0,0.1,1.0,5.715707240410408,0.8802229274272653,14.040037333564976,19.663007051322463
B,25,10,125,log,1.0,0.5,0.0,268.7801868472293,0.8842619109739417,56.39326437752912,62.09064745030351
B,25,10,125,log,1.0,0.5,0.5,142.42804503270227,0.8794729264852832,48.48729250018571,54.1911443187435
B,25,10,125,log,1.0,0.5,1.0,44.85445033613744,0.8439123905426037,31.83091859557685,38.84755382544121
B,25,10,125,log,1.5,0.0,0.0,3.729827889210615,0.8803257488156182,10.582631734204586,15.577612833117746
B,25,10,125,log,1.5,0.0,0.5,3.729827889210615,0.8803257488156182,10.582631734204586,15.577612833117746
B,25,10,125,log,1.5,0.0,1.0,3.729827889210615,0.8803257488156182,10.582631734204586,15.577612833117746
B,25,10,125,log,1.5,0.1,0.0,35.43907073395884,0.8837269740357524,32.54241193267112,38.06119628862362
B,25,10,125,log,1.5,0.1,0.5,18.62637379845844,0.8828853942918364,24.874216157857365,30.84244183441651
B,25,10,125,log,1.5,0.1,1.0,7.6731460987386,0.8779677636715439,16.19076350861752,22.21003059531221
B,25,10,125,log,1.5,0.5,0.0,493.3759932122527,0.884238586191643,63.14897761039784,69.22890375833
B,25,10,125,log,1.5,0.5,0.5,284.8172970315727,0.87713790360271,56.37990023798269,62.40281827331387
B,25,10,125,log,1.5,0.5,1.0,92.33191371848604,0.8336239907959421,40.00843769496754,46.96991412450211
B,25,10,130,log,0.1,0.0,0.0,3.5647282584864377,0.8810231966242352,10.250913893637264,15.088309211820246
B,25,10,130,log,0.1,0.0,0.5,3.5647282584864377,0.8810231966242352,10.250913893637264,15.088309211820246
B,25,10,130,log,0.1,0.0,1.0,3.5647282584864377,0.8810231966242352,10.250913893637264,15.088309211820246
B,25,10,130,log,0.1,0.1,0.0,3.871154448510844,0.8822783130405094,11.22141630487994,16.243505387340328
B,25,10,130,log,0.1,0.1,1.0,3.60923166223112,0.881760720906253,10.487379746429104,15.360776981080589
B,25,10,130,log,0.1,0.1,0.5,3.701968504391325,0.8822558358707561,10.822764409272336,15.766615348710264
B,25,10,130,log,0.1,0.5,0.0,8.649847440439437,0.8844432167695944,17.58234357940159,23.310770624361425
B,25,10,130,log,0.1,0.5,0.5,5.888179605299726,0.8840346066875459,14.37659787696639,19.925533006978178
B,25,10,130,log,0.5,0.0,0.0,3.678289613943256,0.8798651210964812,10.236320231828186,15.207296850613409
B,25,10,130,log,0.1,0.5,1.0,4.123678809474592,0.8819705426400158,11.766861993880772,16.850283463031108
B,25,10,130,log,0.5,0.0,0.5,3.678289613943256,0.8798651210964812,10.236320231828186,15.207296850613409
B,25,10,130,log,0.5,0.0,1.0,3.678289613943256,0.8798651210964812,10.236320231828186,15.207296850613409
B,25,10,130,log,0.5,0.1,0.0,7.886906847577693,0.8833389387746393,16.660360254661043,22.431774546008292
B,25,10,130,log,0.5,0.1,0.5,5.6434265547593325,0.8829707681579798,13.878786969511202,19.46195142880449
B,25,10,130,log,0.5,0.5,0.0,80.4522116586364,0.8842997282859594,42.33169165881526,47.59974290213892
B,25,10,130,log,0.5,0.1,1.0,4.177250818619104,0.8810801159934772,11.577993329628988,16.771903352951444
B,25,10,130,log,0.5,0.5,1.0,12.85557549328182,0.8700973837568936,20.11114537868845,26.72091626066077
B,25,10,130,log,0.5,0.5,0.5,39.72717794008408,0.8821758995251342,33.41262003018913,39.09998223048252
B,25,10,130,log,1.0,0.0,0.0,3.7039646476858903,0.8796588355175228,10.235678374946051,15.232887117529796
B,25,10,130,log,1.0,0.0,0.5,3.7039646476858903,0.8796588355175228,10.235678374946051,15.232887117529796
B,25,10,130,log,1.0,0.0,1.0,3.7039646476858903,0.8796588355175228,10.235678374946051,15.232887117529796
B,25,10,130,log,1.0,0.1,0.0,17.756114581192094,0.8836649020234872,24.502770490295628,30.34089635940364
B,25,10,130,log,1.0,0.1,0.5,10.14400265267678,0.8831413780805351,18.72669884007373,24.699464626609853
B,25,10,130,log,1.0,0.1,1.0,5.289801119892233,0.8798898787399985,13.357704189698945,18.9182912219701
B,25,10,130,log,1.0,0.5,0.0,254.6811848719325,0.8842295690858617,55.78333505702024,61.4188106131618
B,25,10,130,log,1.0,0.5,0.5,133.44607404177208,0.8795314892741347,47.6998650860232,53.354043316827166
B,25,10,130,log,1.0,0.5,1.0,41.098874472049,0.8451720090473257,30.68641739120237,37.79103218916292
B,25,10,130,log,1.5,0.0,0.0,3.713698166430375,0.8795647830761686,10.235358001926969,15.242251366408963
B,25,10,130,log,1.5,0.0,0.5,3.713698166430375,0.8795647830761686,10.235358001926969,15.242251366408963
B,25,10,130,log,1.5,0.0,1.0,3.713698166430375,0.8795647830761686,10.235358001926969,15.242251366408963
B,25,10,130,log,1.5,0.1,0.0,32.72362603246852,0.8836761602699479,31.495829120081453,37.06136722331373
B,25,10,130,log,1.5,0.1,0.5,17.04145693016674,0.8828107705770598,23.81116318123017,29.82504160825012
B,25,10,130,log,1.5,0.1,1.0,7.015332155860962,0.8777902399686134,15.391156291806237,21.353677189421383
B,25,10,130,log,1.5,0.5,0.0,471.7351103440944,0.8842008424283048,62.672679901209655,68.69193802627379
B,25,10,130,log,1.5,0.5,1.0,85.98635343956774,0.8338855600865956,38.97518635091505,45.97788445967258
B,25,10,130,log,1.5,0.5,0.5,269.4645184366718,0.8772600223433894,55.75269019257672,61.71108895539562
B,25,15,115,log,0.1,0.0,0.0,2.9672175883816743,0.8992194812737445,11.240970838237962,14.502533364431384
B,25,15,115,log,0.1,0.0,0.5,2.9672175883816743,0.8992194812737445,11.240970838237962,14.502533364431384
B,25,15,115,log,0.1,0.0,1.0,2.9672175883816743,0.8992194812737445,11.240970838237962,14.502533364431384
B,25,15,115,log,0.1,0.1,0.0,3.2698780572552764,0.8999008732476834,12.010623347799733,15.665277307235645
B,25,15,115,log,0.1,0.1,1.0,3.043118019929094,0.8995780465189886,11.415581634474323,14.822754547228737
B,25,15,115,log,0.1,0.1,0.5,3.1328828691600195,0.8998646912230231,11.68025510533235,15.213550908943455
B,25,15,115,log,0.1,0.5,0.0,7.1760613788211005,0.9006754997746654,17.892804308337567,22.615599630159767
B,25,15,115,log,0.1,0.5,0.5,5.036245534656769,0.9002663251475225,14.913772968733287,19.372106930411935
B,25,15,115,log,0.1,0.5,1.0,3.521767191606414,0.8988313261059135,12.48672142911555,16.303742046313733
B,25,15,115,log,0.5,0.0,0.0,3.0675149744382955,0.8983938271559477,11.3168970712122,14.651778100291455
B,25,15,115,log,0.5,0.0,0.5,3.0675149744382955,0.8983938271559477,11.3168970712122,14.651778100291455
B,25,15,115,log,0.5,0.0,1.0,3.0675149744382955,0.8983938271559477,11.3168970712122,14.651778100291455
B,25,15,115,log,0.5,0.1,0.0,6.516939277612723,0.8998782963053225,16.96064432662788,21.674862908122652
B,25,15,115,log,0.5,0.1,0.5,4.802628830626429,0.8995637201436694,14.441309051884584,18.868629347966284
B,25,15,115,log,0.5,0.1,1.0,3.5556945335993517,0.8981846623766401,12.374185989450458,16.22466295681099
B,25,15,115,log,0.5,0.5,0.0,58.2908904385896,0.9003635713573244,41.07642361727928,45.60958114638782
B,25,15,115,log,0.5,0.5,0.5,30.259743030971244,0.8976343252510646,32.78763179655111,37.6521943466479
B,25,15,115,log,0.5,0.5,1.0,10.414206180993748,0.884377515048493,20.31185570980577,25.866267285479196
B,25,15,115,log,1.0,0.0,0.0,3.0898186266804184,0.8982456846261778,11.335048037378304,14.683331999169974
B,25,15,115,log,1.0,0.0,0.5,3.0898186266804184,0.8982456846261778,11.335048037378304,14.683331999169974
B,25,15,115,log,1.0,0.0,1.0,3.0898186266804184,0.8982456846261778,11.335048037378304,14.683331999169974
B,25,15,115,log,1.0,0.1,0.0,14.027620126424688,0.8998391742576409,24.337628144565517,29.2469722834006
B,25,15,115,log,1.0,0.1,0.5,8.363493119325025,0.8990279715348523,18.92600275453328,23.90301178723401
B,25,15,115,log,1.0,0.1,1.0,4.481542832858537,0.8965146136179456,13.956784742754149,18.30385285672192
B,25,15,115,log,1.0,0.5,0.0,170.51306435866076,0.9003210396734062,53.63508999458621,58.52695126374017
B,25,15,115,log,1.0,0.5,0.5,93.67908561739188,0.8947152479740508,46.12395251603243,51.03231055057434
B,25,15,115,log,1.0,0.5,1.0,30.869398825831844,0.8553496025448964,30.37729217609595,36.47034246844811
B,25,15,115,log,1.5,0.0,0.0,3.098138537347647,0.8981998251744233,11.34184650247192,14.694904955801563
B,25,15,115,log,1.5,0.0,0.5,3.098138537347647,0.8981998251744233,11.34184650247192,14.694904955801563
B,25,15,115,log,1.5,0.0,1.0,3.098138537347647,0.8981998251744233,11.34184650247192,14.694904955801563
B,25,15,115,log,1.5,0.1,0.0,24.93647651900465,0.8998347464943641,30.89860474023965,35.61890454674849
B,25,15,115,log,1.5,0.1,0.5,13.619033682009498,0.8985163766738566,23.708538141023883,28.8025217587144
B,25,15,115,log,1.5,0.1,1.0,5.866705146725527,0.8936451407910466,15.853282160551377,20.66257302580116
B,25,15,115,log,1.5,0.5,0.0,302.1901128521648,0.9002954447229875,60.085348864938375,65.32010415432569
B,25,15,115,log,1.5,0.5,0.5,180.08996191442913,0.8921780377840044,53.652368654474834,58.8470478098565
B,25,15,115,log,1.5,0.5,1.0,60.46331854072148,0.8473898247416004,38.20074401592846,44.18652812259019
B,25,15,120,log,0.1,0.0,0.0,3.211137608369691,0.890561689266581,10.93495060258968,14.79692155485844
B,25,15,120,log,0.1,0.0,0.5,3.211137608369691,0.890561689266581,10.93495060258968,14.79692155485844
B,25,15,120,log,0.1,0.0,1.0,3.211137608369691,0.890561689266581,10.93495060258968,14.79692155485844
B,25,15,120,log,0.1,0.1,0.0,3.5787448238154136,0.891500259524123,11.892320295792192,16.08962308084592
B,25,15,120,log,0.1,0.1,0.5,3.416691814792229,0.8914259422304367,11.501921490159244,15.599657984928909
B,25,15,120,log,0.1,0.1,1.0,3.3044782166945788,0.891250318354988,11.172359153367044,15.162970256804636
B,25,15,120,log,0.1,0.5,0.0,8.16316725337854,0.8927374263054066,18.235409073872184,23.386044565284816
B,25,15,120,log,0.1,0.5,0.5,5.6618304286532375,0.8922957337719021,15.077280060655088,20.019689116027724
B,25,15,120,log,0.1,0.5,1.0,3.8880632432159983,0.8906419086418278,12.441790167423362,16.79796863681141
B,25,15,120,log,0.5,0.0,0.0,3.313756192936384,0.8895690980903194,10.948518127178923,14.915799086322556
B,25,15,120,log,0.5,0.0,0.5,3.313756192936384,0.8895690980903194,10.948518127178923,14.915799086322556
B,25,15,120,log,0.5,0.0,1.0,3.313756192936384,0.8895690980903194,10.948518127178923,14.915799086322556
B,25,15,120,log,0.5,0.1,0.0,7.418613321402783,0.8918124623460877,17.272489546550947,22.442249233265148
B,25,15,120,log,0.5,0.1,0.5,5.391850431004379,0.8914213056642296,14.552228558193235,19.494447936450182
B,25,15,120,log,0.5,0.1,1.0,3.9126800424270463,0.8898767784615895,12.25796152463171,16.679758645687727
B,25,15,120,log,0.5,0.5,0.0,70.62504499182066,0.8924563809518805,42.188914167428585,47.08489012953587
B,25,15,120,log,0.5,0.5,0.5,36.05924174533368,0.8898423202366837,33.65981697233192,38.90719037948763
B,25,15,120,log,0.5,0.5,1.0,12.120520217141104,0.8770140477973285,20.746785233480477,26.784455357158052
B,25,15,120,log,1.0,0.0,0.0,3.336292124689892,0.8893853430196407,10.954276149440457,14.941172723217337
B,25,15,120,log,1.0,0.0,0.5,3.336292124689892,0.8893853430196407,10.954276149440457,14.941172723217337
B,25,15,120,log,1.0,0.0,1.0,3.336292124689892,0.8893853430196407,10.954276149440457,14.941172723217337
B,25,15,120,log,1.0,0.1,0.0,16.366314569926992,0.8918804549956393,24.980301168758317,30.287984893022365
B,25,15,120,log,1.0,0.1,0.5,9.61443002829721,0.8911386758037576,19.329192188620777,24.75707228845209
B,25,15,120,log,1.0,0.1,1.0,5.026679007558997,0.8883577033034754,14.017272692293616,18.91173566637804
B,25,15,120,log,1.0,0.5,0.0,213.74190003943076,0.8924003920485408,55.068933418180976,60.35592811522535
B,25,15,120,log,1.0,0.5,0.5,115.463329052799,0.8870021660877173,47.34854342433914,52.64894769145319
B,25,15,120,log,1.0,0.5,1.0,37.17858484874296,0.8493886136777882,31.127709049770523,37.67935957597281
B,25,15,120,log,1.5,0.0,0.0,3.344549573265257,0.8892608206545397,10.956340637073016,14.950374688684407
B,25,15,120,log,1.5,0.0,0.5,3.344549573265257,0.8892608206545397,10.956340637073016,14.950374688684407
B,25,15,120,log,1.5,0.0,1.0,3.344549573265257,0.8892608206545397,10.956340637073016,14.950374688684407
B,25,15,120,log,1.5,0.1,0.0,29.56681943928229,0.8918801554538799,31.75834254421013,36.85049421437759
B,25,15,120,log,1.5,0.1,0.5,15.899198782907693,0.8906512899661294,24.31709706782571,29.82490408543333
B,25,15,120,log,1.5,0.1,1.0,6.67699376329656,0.8857531053655368,16.041283378994148,21.3900945737763
B,25,15,120,log,1.5,0.5,0.0,385.9290061615456,0.8923726729680297,61.67724224452653,67.32958688329506
B,25,15,120,log,1.5,0.5,0.5,226.5020740056825,0.8845467359164099,55.06651303166554,60.67097344485386
B,25,15,120,log,1.5,0.5,1.0,74.6663494571612,0.8401853362575595,39.13655717981649,45.60767451682866
B,25,15,125,log,0.1,0.0,0.0,3.571332952024774,0.8819137926794433,10.605915228086143,15.386961718078236
B,25,15,125,log,0.1,0.0,0.5,3.571332952024774,0.8819137926794433,10.605915228086143,15.386961718078236
B,25,15,125,log,0.1,0.0,1.0,3.571332952024774,0.8819137926794433,10.605915228086143,15.386961718078236
B,25,15,125,log,0.1,0.1,0.0,4.005296803044416,0.8829009469624649,11.741400090849472,16.736885616861365
B,25,15,125,log,0.1,0.1,1.0,3.6799811388705774,0.882681195468194,10.90733517234599,15.777287999617352
B,25,15,125,log,0.1,0.1,0.5,3.815360704859457,0.882957422580349,11.292022950870082,16.230216269116816
B,25,15,125,log,0.1,0.5,0.0,9.346620162341088,0.8848016820523601,18.52903887998032,24.20828621670205
B,25,15,125,log,0.1,0.5,0.5,6.42941989878849,0.8843517437821558,15.191519660462935,20.770529210534807
B,25,15,125,log,0.1,0.5,1.0,4.369325469088875,0.8824009914355075,12.357032308974627,17.48190105579919
B,25,15,125,log,0.5,0.0,0.0,3.67878975474497,0.8808048298920728,10.570359668918218,15.491920063737112
B,25,15,125,log,0.5,0.0,0.5,3.67878975474497,0.8808048298920728,10.570359668918218,15.491920063737112
B,25,15,125,log,0.5,0.0,1.0,3.67878975474497,0.8808048298920728,10.570359668918218,15.491920063737112
B,25,15,125,log,0.5,0.1,0.0,8.50985487327441,0.8837922683123951,17.54352742680679,23.27881819830199
B,25,15,125,log,0.5,0.1,0.5,6.123171425562473,0.8832937315052092,14.622009734338452,20.244500330794917
B,25,15,125,log,0.5,0.1,1.0,4.393610304162941,0.8815704403682755,12.112664600152296,17.349628089518884
B,25,15,125,log,0.5,0.5,0.0,85.70352863091472,0.8845687336902686,43.22495393953069,48.499346355573024
B,25,15,125,log,0.5,0.5,0.5,43.06753423157645,0.8821826184130803,34.46928631574225,40.12069229669533
B,25,15,125,log,0.5,0.5,1.0,14.173824834364405,0.8698732172408381,21.12739363560342,27.721037189657267
B,25,15,125,log,1.0,0.0,0.5,3.702596490841619,0.8806140122821231,10.565384937094324,15.514397829380266
B,25,15,125,log,1.0,0.0,0.0,3.702596490841619,0.8806140122821231,10.565384937094324,15.514397829380266
B,25,15,125,log,1.0,0.0,1.0,3.702596490841619,0.8806140122821231,10.565384937094324,15.514397829380266
B,25,15,125,log,1.0,0.1,0.0,19.161926852134616,0.8839439783064907,25.57120573869802,31.322699947492637
B,25,15,125,log,1.0,0.1,1.0,5.715707240410419,0.8802229274272653,14.04003733356499,19.66300705132248
B,25,15,125,log,1.0,0.1,0.5,11.11622859926761,0.8833008651018407,19.68685590459193,25.65160875171612
B,25,15,125,log,1.0,0.5,0.0,267.9488375520289,0.8845167956378349,56.40143310194544,62.09377062345468
B,25,15,125,log,1.0,0.5,0.5,142.42804503270227,0.8794729264852832,48.48729250018571,54.1911443187435
B,25,15,125,log,1.5,0.0,0.0,3.711561768777235,0.8805252539275987,10.563434434338022,15.52251941145656
B,25,15,125,log,1.0,0.5,1.0,44.85445033613745,0.8439123905426037,31.83091859557685,38.84755382544121
B,25,15,125,log,1.5,0.0,0.5,3.711561768777235,0.8805252539275987,10.563434434338022,15.52251941145656
B,25,15,125,log,1.5,0.0,1.0,3.711561768777235,0.8805252539275987,10.563434434338022,15.52251941145656
B,25,15,125,log,1.5,0.1,0.0,35.146001876425466,0.8839481576862361,32.556376656398584,38.04718034143592
B,25,15,125,log,1.5,0.1,0.5,18.62637379845845,0.8828853942918364,24.87421615785737,30.842441834416512
B,25,15,125,log,1.5,0.5,0.0,492.4554407421841,0.8844808407075995,63.15519111224496,69.23282599582154
B,25,15,125,log,1.5,0.1,1.0,7.673146098738608,0.8779677636715439,16.190763508617522,22.21003059531221
B,25,15,125,log,1.5,0.5,0.5,284.8172970315727,0.87713790360271,56.37990023798269,62.40281827331387
B,25,15,125,log,1.5,0.5,1.0,92.33191371848604,0.8336239907959421,40.00843769496754,46.96991412450211
B,25,15,130,log,0.1,0.0,0.0,3.5621903292131707,0.8811494965765995,10.228352324664918,15.03185280932098
B,25,15,130,log,0.1,0.0,0.5,3.5621903292131707,0.8811494965765995,10.228352324664918,15.03185280932098
B,25,15,130,log,0.1,0.0,1.0,3.5621903292131707,0.8811494965765995,10.228352324664918,15.03185280932098
B,25,15,130,log,0.1,0.1,0.0,3.8321659148926046,0.8823647714437239,11.211266396074418,16.18568634000894
B,25,15,130,log,0.1,0.1,1.0,3.6105732959842967,0.881851634409635,10.48598803611841,15.357174480037552
B,25,15,130,log,0.1,0.1,0.5,3.691593991428185,0.8823401598260346,10.813754472874006,15.73902998573845
B,25,15,130,log,0.1,0.5,0.0,8.515240161632738,0.8846818593697912,17.587018780274832,23.258093442920067
B,25,15,130,log,0.1,0.5,0.5,5.888179605299726,0.8840346066875459,14.37659787696639,19.925533006978178
B,25,15,130,log,0.1,0.5,1.0,4.123678809474592,0.8819705426400158,11.766861993880772,16.850283463031108
B,25,15,130,log,0.5,0.0,0.0,3.670245201096925,0.880098790016928,10.213304356981862,15.151900551838072
B,25,15,130,log,0.5,0.0,0.5,3.670245201096925,0.880098790016928,10.213304356981862,15.151900551838072
B,25,15,130,log,0.5,0.0,1.0,3.670245201096925,0.880098790016928,10.213304356981862,15.151900551838072
B,25,15,130,log,0.5,0.1,0.0,7.780639443536037,0.8835614891833693,16.66476911132072,22.385053684038525
B,25,15,130,log,0.5,0.1,0.5,5.6434265547593645,0.8829707681579798,13.87878696951123,19.46195142880453
B,25,15,130,log,0.5,0.1,1.0,4.177250818619108,0.8810801159934772,11.577993329628992,16.771903352951455
B,25,15,130,log,0.5,0.5,0.0,79.94065362744418,0.8845217859120963,42.34506154121736,47.59612957825816
B,25,15,130,log,0.5,0.5,0.5,39.72717794008408,0.8821758995251342,33.41262003018913,39.09998223048252
B,25,15,130,log,0.5,0.5,1.0,12.85557549328182,0.8700973837568936,20.11114537868845,26.72091626066077
B,25,15,130,log,1.0,0.0,0.0,3.69503248061986,0.8799487287767681,10.212779349259735,15.177910376419044
B,25,15,130,log,1.0,0.0,0.5,3.69503248061986,0.8799487287767681,10.212779349259735,15.177910376419044
B,25,15,130,log,1.0,0.0,1.0,3.69503248061986,0.8799487287767681,10.212779349259735,15.177910376419044
B,25,15,130,log,1.0,0.1,0.0,17.566558478894414,0.883858817256144,24.511832671708927,30.31279190876223
B,25,15,130,log,1.0,0.1,0.5,10.1440026526768,0.8831413780805351,18.726698840073748,24.699464626609867
B,25,15,130,log,1.0,0.1,1.0,5.289801119892241,0.8798898787399985,13.357704189698955,18.91829122197011
B,25,15,130,log,1.0,0.5,0.0,253.8805101673645,0.8844566526792192,55.79239954720941,61.42254088802277
B,25,15,130,log,1.0,0.5,0.5,133.44607404177208,0.8795314892741347,47.6998650860232,53.354043316827166
B,25,15,130,log,1.5,0.0,0.0,3.704434330552381,0.8798292324885967,10.212509780406492,15.187389048191424
B,25,15,130,log,1.0,0.5,1.0,41.098874472049,0.8451720090473257,30.68641739120237,37.79103218916292
B,25,15,130,log,1.5,0.0,0.5,3.704434330552381,0.8798292324885967,10.212509780406492,15.187389048191424
B,25,15,130,log,1.5,0.0,1.0,3.704434330552381,0.8798292324885967,10.212509780406492,15.187389048191424
B,25,15,130,log,1.5,0.1,0.0,32.448056597423644,0.8838766288577722,31.50875085239164,37.04639001463498
B,25,15,130,log,1.5,0.1,0.5,17.04145693016674,0.8828107705770598,23.811163181230164,29.825041608250118
B,25,15,130,log,1.5,0.1,1.0,7.015332155860965,0.8777902399686134,15.391156291806237,21.353677189421383
B,25,15,130,log,1.5,0.5,0.0,470.8472041770544,0.8844202787973625,62.67959769489156,68.69646844761384
B,25,15,130,log,1.5,0.5,1.0,85.98635343956774,0.8338855600865956,38.97518635091505,45.97788445967258
B,25,15,130,log,1.5,0.5,0.5,269.4645184366718,0.8772600223433894,55.75269019257672,61.71108895539562
B,25,20,115,log,0.1,0.0,0.0,2.965125158589445,0.8993851488516802,11.221527081252722,14.47685681852293
B,25,20,115,log,0.1,0.0,0.5,2.965125158589445,0.8993851488516802,11.221527081252722,14.47685681852293
B,25,20,115,log,0.1,0.0,1.0,2.965125158589445,0.8993851488516802,11.221527081252722,14.47685681852293
B,25,20,115,log,0.1,0.1,0.0,3.262699101578563,0.900050467469501,11.993270454327174,15.642360293248467
B,25,20,115,log,0.1,0.1,1.0,3.043922847429048,0.8995959413511203,11.416418143486828,14.82360715102113
B,25,20,115,log,0.1,0.1,0.5,3.132743168993972,0.8999210348573523,11.679406237168529,15.21108549392134
B,25,20,115,log,0.1,0.5,0.0,7.157305638521329,0.900806405348817,17.888721887226065,22.59830722903285
B,25,20,115,log,0.1,0.5,0.5,5.036245534656769,0.9002663251475225,14.913772968733287,19.372106930411935
B,25,20,115,log,0.1,0.5,1.0,3.521767191606414,0.8988313261059135,12.48672142911555,16.303742046313733
B,25,20,115,log,0.5,0.0,0.0,3.0667346017323016,0.8984802399011462,11.30139372153365,14.632200413223352
B,25,20,115,log,0.5,0.0,0.5,3.0667346017323016,0.8984802399011462,11.30139372153365,14.632200413223352
B,25,20,115,log,0.5,0.0,1.0,3.0667346017323016,0.8984802399011462,11.30139372153365,14.632200413223352
B,25,20,115,log,0.5,0.1,0.0,6.504424112206264,0.899996501189196,16.963566420382314,21.667417977032063
B,25,20,115,log,0.5,0.1,0.5,4.80262883062643,0.8995637201436694,14.441309051884584,18.868629347966284
B,25,20,115,log,0.5,0.1,1.0,3.5556945335993517,0.8981846623766401,12.374185989450458,16.22466295681099
B,25,20,115,log,0.5,0.5,0.0,58.228184948567865,0.9004623444304741,41.06275685666107,45.59610896940536
B,25,20,115,log,0.5,0.5,0.5,30.259743030971244,0.8976343252510646,32.78763179655111,37.6521943466479
B,25,20,115,log,0.5,0.5,1.0,10.414206180993748,0.884377515048493,20.31185570980577,25.866267285479196
B,25,20,115,log,1.0,0.0,0.0,3.0893074498908644,0.898327628347294,11.319964357934923,14.66503862376591
B,25,20,115,log,1.0,0.0,0.5,3.0893074498908644,0.898327628347294,11.319964357934923,14.66503862376591
B,25,20,115,log,1.0,0.0,1.0,3.0893074498908644,0.898327628347294,11.319964357934923,14.66503862376591
B,25,20,115,log,1.0,0.1,0.0,14.005741106337249,0.8999631976821018,24.33575866292545,29.23938248718387
B,25,20,115,log,1.0,0.1,0.5,8.363493119325033,0.8990279715348523,18.92600275453329,23.903011787234018
B,25,20,115,log,1.0,0.1,1.0,4.481542832858537,0.8965146136179456,13.956784742754149,18.30385285672192
B,25,20,115,log,1.0,0.5,0.0,170.38977573488052,0.9004222673550532,53.62656904874564,58.51669558668412
B,25,20,115,log,1.0,0.5,0.5,93.67908561739188,0.8947152479740508,46.12395251603243,51.03231055057434
B,25,20,115,log,1.0,0.5,1.0,30.869398825831844,0.8553496025448964,30.37729217609595,36.47034246844811
B,25,20,115,log,1.5,0.0,0.0,3.097844767227585,0.8982504228382682,11.327069780365884,14.677164756762291
B,25,20,115,log,1.5,0.0,0.5,3.097844767227585,0.8982504228382682,11.327069780365884,14.677164756762291
B,25,20,115,log,1.5,0.0,1.0,3.097844767227585,0.8982504228382682,11.327069780365884,14.677164756762291
B,25,20,115,log,1.5,0.1,0.0,24.9037558417708,0.8999714112616586,30.884982932728565,35.608237800694
B,25,20,115,log,1.5,0.1,0.5,13.619033682009512,0.8985163766738566,23.70853814102389,28.802521758714413
B,25,20,115,log,1.5,0.1,1.0,5.866705146725527,0.8936451407910466,15.853282160551377,20.66257302580116
B,25,20,115,log,1.5,0.5,0.0,302.00817737322166,0.900402486854218,60.07892763807827,65.31189817039868
B,25,20,115,log,1.5,0.5,0.5,180.08996191442913,0.8921780377840044,53.652368654474834,58.8470478098565
B,25,20,115,log,1.5,0.5,1.0,60.46331854072148,0.8473898247416004,38.20074401592846,44.18652812259019
B,25,20,120,log,0.1,0.0,0.0,3.2105169515249656,0.890745756784692,10.91127976718754,14.766610335548686
B,25,20,120,log,0.1,0.0,0.5,3.2105169515249656,0.890745756784692,10.91127976718754,14.766610335548686
B,25,20,120,log,0.1,0.0,1.0,3.2105169515249656,0.890745756784692,10.91127976718754,14.766610335548686
B,25,20,120,log,0.1,0.1,0.0,3.57373050255965,0.8916523830819715,11.86509641670455,16.06445314413779
B,25,20,120,log,0.1,0.1,1.0,3.305511566921234,0.8912361998977879,11.173502196043852,15.163672128093792
B,25,20,120,log,0.1,0.1,0.5,3.4173744078709047,0.8915512822583919,11.499980345345849,15.597222685251888
B,25,20,120,log,0.1,0.5,0.0,8.145585183148425,0.8929050098598339,18.228504886217458,23.367190488311326
B,25,20,120,log,0.1,0.5,0.5,5.6618304286532375,0.8922957337719021,15.077280060655088,20.019689116027724
B,25,20,120,log,0.5,0.0,0.0,3.311160358770537,0.889799031846691,10.931570565476807,14.891154143674276
B,25,20,120,log,0.1,0.5,1.0,3.8880632432159983,0.8906419086418278,12.441790167423362,16.79796863681141
B,25,20,120,log,0.5,0.0,1.0,3.311160358770537,0.889799031846691,10.931570565476807,14.891154143674276
B,25,20,120,log,0.5,0.0,0.5,3.311160358770537,0.889799031846691,10.931570565476807,14.891154143674276
B,25,20,120,log,0.5,0.1,0.0,7.406769681482794,0.8919833923766458,17.27697851057487,22.43385005581069
B,25,20,120,log,0.5,0.1,0.5,5.39185043100438,0.8914213056642296,14.552228558193235,19.494447936450182
B,25,20,120,log,0.5,0.1,1.0,3.912680042427047,0.8898767784615895,12.257961524631712,16.679758645687727
B,25,20,120,log,0.5,0.5,0.0,70.56283647445186,0.89259596440299,42.17473021917005,47.07092539131985
B,25,20,120,log,0.5,0.5,1.0,12.120520217141104,0.8770140477973285,20.746785233480477,26.784455357158052
B,25,20,120,log,0.5,0.5,0.5,36.05924174533368,0.8898423202366837,33.65981697233192,38.90719037948763
B,25,20,120,log,1.0,0.0,0.5,3.3331697887210394,0.8896073693417309,10.93829994766553,14.917709926005909
B,25,20,120,log,1.0,0.0,0.0,3.3331697887210394,0.8896073693417309,10.93829994766553,14.917709926005909
B,25,20,120,log,1.0,0.0,1.0,3.3331697887210394,0.8896073693417309,10.93829994766553,14.917709926005909
B,25,20,120,log,1.0,0.1,0.0,16.344980499657886,0.8920550931679992,24.977610707700585,30.27970274881462
B,25,20,120,log,1.0,0.1,0.5,9.614430028297235,0.8911386758037576,19.3291921886208,24.757072288452115
B,25,20,120,log,1.0,0.1,1.0,5.026679007558997,0.8883577033034754,14.017272692293616,18.91173566637804
B,25,20,120,log,1.0,0.5,0.0,213.6048906772965,0.8925363279863741,55.06014776228076,60.3451558666585
B,25,20,120,log,1.0,0.5,0.5,115.463329052799,0.8870021660877173,47.34854342433914,52.64894769145319
B,25,20,120,log,1.0,0.5,1.0,37.17858484874296,0.8493886136777882,31.127709049770523,37.67935957597281
B,25,20,120,log,1.5,0.0,0.0,3.3414288198270383,0.8895285768202162,10.940736184875112,14.927407385520334
B,25,20,120,log,1.5,0.0,0.5,3.3414288198270383,0.8895285768202162,10.940736184875112,14.927407385520334
B,25,20,120,log,1.5,0.0,1.0,3.3414288198270383,0.8895285768202162,10.940736184875112,14.927407385520334
B,25,20,120,log,1.5,0.1,0.0,29.53397866683165,0.892043398379099,31.74308634676846,36.83911174893084
B,25,20,120,log,1.5,0.1,0.5,15.8991987829077,0.8906512899661294,24.31709706782571,29.82490408543334
B,25,20,120,log,1.5,0.1,1.0,6.676993763296561,0.8857531053655368,16.041283378994148,21.3900945737763
B,25,20,120,log,1.5,0.5,0.0,385.71244024406553,0.892508618724683,61.67061968560679,67.32092108413293
B,25,20,120,log,1.5,0.5,1.0,74.6663494571612,0.8401853362575595,39.13655717981649,45.60767451682866
B,25,20,120,log,1.5,0.5,0.5,226.5020740056825,0.8845467359164099,55.06651303166554,60.67097344485386
B,25,20,125,log,0.1,0.0,0.0,3.568499479398207,0.8821717355285926,10.571075093926384,15.352183541740764
B,25,20,125,log,0.1,0.0,0.5,3.568499479398207,0.8821717355285926,10.571075093926384,15.352183541740764
B,25,20,125,log,0.1,0.0,1.0,3.568499479398207,0.8821717355285926,10.571075093926384,15.352183541740764
B,25,20,125,log,0.1,0.1,0.0,4.001471126879623,0.8832187356261489,11.705168276593604,16.708147573014635
B,25,20,125,log,0.1,0.1,1.0,3.680883246919927,0.8827324979465028,10.908413218660876,15.77933957538416
B,25,20,125,log,0.1,0.1,0.5,3.814916177545298,0.8829962617062327,11.285874724566108,16.226123908585315
B,25,20,125,log,0.1,0.5,0.0,9.328048705278375,0.8850610731815867,18.517697852264625,24.18764166177715
B,25,20,125,log,0.1,0.5,0.5,6.42941989878849,0.8843517437821558,15.191519660462935,20.77052921053481
B,25,20,125,log,0.1,0.5,1.0,4.369325469088875,0.8824009914355075,12.357032308974627,17.48190105579919
B,25,20,125,log,0.5,0.0,0.0,3.674422142207961,0.8810561432851649,10.543148438055628,15.463217888315214
B,25,20,125,log,0.5,0.0,0.5,3.674422142207961,0.8810561432851649,10.543148438055628,15.463217888315214
B,25,20,125,log,0.5,0.0,1.0,3.674422142207961,0.8810561432851649,10.543148438055628,15.463217888315214
B,25,20,125,log,0.5,0.1,0.0,8.497011948889863,0.884054408641101,17.539720308311814,23.268281821608333
B,25,20,125,log,0.5,0.1,0.5,6.123171425562475,0.8832937315052092,14.622009734338452,20.244500330794917
B,25,20,125,log,0.5,0.1,1.0,4.393610304162943,0.8815704403682755,12.112664600152296,17.349628089518884
B,25,20,125,log,0.5,0.5,0.0,85.63139761258982,0.8847971820793697,43.210473795089285,48.48445580242547
B,25,20,125,log,0.5,0.5,0.5,43.06753423157645,0.8821826184130803,34.46928631574225,40.12069229669533
B,25,20,125,log,0.5,0.5,1.0,14.173824834364405,0.8698732172408381,21.12739363560342,27.721037189657267
B,25,20,125,log,1.0,0.0,0.5,3.698109882419293,0.8808148210460957,10.54002892346055,15.48696042035738
B,25,20,125,log,1.0,0.0,0.0,3.698109882419293,0.8808148210460957,10.54002892346055,15.48696042035738
B,25,20,125,log,1.0,0.0,1.0,3.698109882419293,0.8808148210460957,10.54002892346055,15.48696042035738
B,25,20,125,log,1.0,0.1,0.0,19.13906599778325,0.8841851446988265,25.56546945542565,31.313183182235797
B,25,20,125,log,1.0,0.1,1.0,5.715707240410419,0.8802229274272653,14.04003733356499,19.66300705132248
B,25,20,125,log,1.0,0.1,0.5,11.11622859926761,0.8833008651018407,19.68685590459193,25.65160875171612
B,25,20,125,log,1.0,0.5,0.0,267.7689726202649,0.884728454874397,56.39238459772579,62.08228268896846
B,25,20,125,log,1.0,0.5,0.5,142.42804503270227,0.8794729264852832,48.48729250018571,54.1911443187435
B,25,20,125,log,1.5,0.0,0.0,3.706931348826872,0.8807687346169153,10.53874662417552,15.495527313910737
B,25,20,125,log,1.0,0.5,1.0,44.85445033613745,0.8439123905426037,31.83091859557685,38.84755382544121
B,25,20,125,log,1.5,0.0,0.5,3.706931348826872,0.8807687346169153,10.53874662417552,15.495527313910737
B,25,20,125,log,1.5,0.0,1.0,3.706931348826872,0.8807687346169153,10.53874662417552,15.495527313910737
B,25,20,125,log,1.5,0.1,0.0,35.10906806014687,0.884184906511587,32.540396790738015,38.03444209336518
B,25,20,125,log,1.5,0.1,0.5,18.626373798458456,0.8828853942918364,24.87421615785737,30.842441834416512
B,25,20,125,log,1.5,0.5,0.0,492.1541380377543,0.8846888911235539,63.1483855376354,69.22357864639704
B,25,20,125,log,1.5,0.1,1.0,7.67314609873861,0.8779677636715439,16.190763508617522,22.21003059531221
B,25,20,125,log,1.5,0.5,0.5,284.8172970315727,0.87713790360271,56.37990023798269,62.40281827331387
B,25,20,125,log,1.5,0.5,1.0,92.33191371848604,0.8336239907959421,40.00843769496754,46.96991412450211
B,25,20,130,log,0.1,0.0,0.5,3.5568196424016563,0.8814016908500182,10.18939222702161,14.992294700660562
B,25,20,130,log,0.1,0.0,0.0,3.5568196424016563,0.8814016908500182,10.18939222702161,14.992294700660562
B,25,20,130,log,0.1,0.0,1.0,3.5568196424016563,0.8814016908500182,10.18939222702161,14.992294700660562
B,25,20,130,log,0.1,0.1,0.0,3.82834165368945,0.8827044160488396,11.172325618346,16.153652777624806
B,25,20,130,log,0.1,0.1,1.0,3.611448650190829,0.8818592876919598,10.487226098208687,15.359529714290783
B,25,20,130,log,0.1,0.1,0.5,3.6892381021470384,0.8824677833015977,10.80593415991472,15.73272114744248
B,25,20,130,log,0.1,0.5,0.0,8.497103042583788,0.8850013425200626,17.575636004838337,23.236547339921767
B,25,20,130,log,0.1,0.5,0.5,5.888179605299726,0.8840346066875459,14.37659787696639,19.925533006978178
B,25,20,130,log,0.1,0.5,1.0,4.123678809474592,0.8819705426400158,11.766861993880772,16.850283463031108
B,25,20,130,log,0.5,0.0,0.0,3.663178407436783,0.8804507091606331,10.181049300463304,15.1174725890733
B,25,20,130,log,0.5,0.0,0.5,3.663178407436783,0.8804507091606331,10.181049300463304,15.1174725890733
B,25,20,130,log,0.5,0.0,1.0,3.663178407436783,0.8804507091606331,10.181049300463304,15.1174725890733
B,25,20,130,log,0.5,0.1,0.0,7.767413165776863,0.8837716644995615,16.65935888040227,22.373474179424125
B,25,20,130,log,0.5,0.1,0.5,5.643426554759366,0.8829707681579798,13.87878696951123,19.46195142880453
B,25,20,130,log,0.5,0.1,1.0,4.177250818619108,0.8810801159934772,11.577993329628992,16.771903352951455
B,25,20,130,log,0.5,0.5,0.0,79.86552323950272,0.884760987456145,42.32996516882961,47.580986112387805
B,25,20,130,log,0.5,0.5,0.5,39.72717794008408,0.8821758995251342,33.41262003018913,39.09998223048252
B,25,20,130,log,0.5,0.5,1.0,12.85557549328182,0.8700973837568936,20.11114537868845,26.72091626066077
B,25,20,130,log,1.0,0.0,0.0,3.687604423132,0.8801349328533661,10.182097030027892,15.144412371870365
B,25,20,130,log,1.0,0.0,0.5,3.687604423132,0.8801349328533661,10.182097030027892,15.144412371870365
B,25,20,130,log,1.0,0.0,1.0,3.687604423132,0.8801349328533661,10.182097030027892,15.144412371870365
B,25,20,130,log,1.0,0.1,0.0,17.542859721041612,0.8841299607367731,24.50640659050534,30.303702677937466
B,25,20,130,log,1.0,0.1,0.5,10.1440026526768,0.8831413780805351,18.726698840073748,24.699464626609867
B,25,20,130,log,1.0,0.1,1.0,5.289801119892242,0.8798898787399985,13.357704189698955,18.91829122197011
B,25,20,130,log,1.0,0.5,0.0,253.69030147172103,0.8846831520957142,55.78308368083013,61.4105722257915
B,25,20,130,log,1.0,0.5,0.5,133.44607404177208,0.8795314892741347,47.6998650860232,53.354043316827166
B,25,20,130,log,1.0,0.5,1.0,41.098874472049,0.8451720090473257,30.68641739120237,37.79103218916292
B,25,20,130,log,1.5,0.0,0.0,3.696830568485797,0.8800369170703526,10.18238043587118,15.154212250751508
B,25,20,130,log,1.5,0.0,0.5,3.696830568485797,0.8800369170703526,10.18238043587118,15.154212250751508
B,25,20,130,log,1.5,0.0,1.0,3.696830568485797,0.8800369170703526,10.18238043587118,15.154212250751508
B,25,20,130,log,1.5,0.1,0.0,32.4093551037026,0.8841425529443958,31.49455806190324,37.03397173385697
B,25,20,130,log,1.5,0.1,0.5,17.04145693016674,0.8828107705770598,23.811163181230164,29.82504160825012
B,25,20,130,log,1.5,0.1,1.0,7.015332155860965,0.8777902399686134,15.391156291806237,21.353677189421383
B,25,20,130,log,1.5,0.5,0.0,470.5263008104265,0.8846499463913698,62.67257059257916,68.686775402807
B,25,20,130,log,1.5,0.5,0.5,269.4645184366718,0.8772600223433894,55.75269019257672,61.71108895539562
B,25,20,130,log,1.5,0.5,1.0,85.98635343956774,0.8338855600865956,38.97518635091505,45.97788445967258
B,30,10,115,log,0.1,0.0,0.0,2.4642305719411044,0.907644791694939,10.41593647632436,13.415371370391146
B,30,10,115,log,0.1,0.0,0.5,2.4642305719411044,0.907644791694939,10.41593647632436,13.415371370391146
B,30,10,115,log,0.1,0.0,1.0,2.4642305719411044,0.907644791694939,10.41593647632436,13.415371370391146
B,30,10,115,log,0.1,0.1,0.0,2.7265548252473706,0.9081975044632444,11.159325763780473,14.566989336101988
B,30,10,115,log,0.1,0.1,1.0,2.524675864338404,0.9077100474717036,10.607028414374318,13.735702939356258
B,30,10,115,log,0.1,0.1,0.5,2.593626555435587,0.9083300331817652,10.82518776526342,14.089669694018175
B,30,10,115,log,0.1,0.5,0.0,6.231620241684339,0.9087318265791848,17.207521722466595,21.674229848550304
B,30,10,115,log,0.1,0.5,0.5,4.312056621724269,0.9078279859585342,14.121259476972682,18.38517620799303
B,30,10,115,log,0.5,0.0,0.0,2.537197285696936,0.906797870540047,10.4978571973091,13.548562138049013
B,30,10,115,log,0.1,0.5,1.0,3.005562197565511,0.906107791054596,11.709456910750966,15.319353815351146
B,30,10,115,log,0.5,0.0,0.5,2.537197285696936,0.906797870540047,10.4978571973091,13.548562138049013
B,30,10,115,log,0.5,0.0,1.0,2.537197285696936,0.906797870540047,10.4978571973091,13.548562138049013
B,30,10,115,log,0.5,0.1,0.0,5.6094332335981045,0.9079503853213396,16.21472397582696,20.689618636800912
B,30,10,115,log,0.5,0.1,0.5,4.066065406006628,0.9071261336880216,13.63258397993383,17.830784237430095
B,30,10,115,log,0.5,0.1,1.0,3.0199594255323765,0.9055576235019884,11.618464889877004,15.227871054771422
B,30,10,115,log,0.5,0.5,0.0,53.20078474691776,0.908274418314028,40.54701701284324,44.89036682332589
B,30,10,115,log,0.5,0.5,0.5,27.471085660020936,0.9046414192298158,32.27696911242995,36.89200282301992
B,30,10,115,log,0.5,0.5,1.0,9.34940059083387,0.8926211837169795,19.585452865776432,25.007782262264687
B,30,10,115,log,1.0,0.0,0.0,2.553287435588377,0.9065985033653062,10.517029482791878,13.577086039381252
B,30,10,115,log,1.0,0.0,0.5,2.553287435588377,0.9065985033653062,10.517029482791878,13.577086039381252
B,30,10,115,log,1.0,0.0,1.0,2.553287435588377,0.9065985033653062,10.517029482791878,13.577086039381252
B,30,10,115,log,1.0,0.1,0.0,12.41178968392774,0.9078672496872412,23.83269856871303,28.41838452452843
B,30,10,115,log,1.0,0.1,1.0,3.8718357112121886,0.9035360255383036,13.1849849584915,17.342917316746288
B,30,10,115,log,1.0,0.1,0.5,7.338289054386324,0.9061667565004472,18.293759705274063,23.016104876312475
B,30,10,115,log,1.0,0.5,0.0,158.69728071558058,0.9081717382808382,52.94038896714494,57.78637086865464
B,30,10,115,log,1.0,0.5,0.5,86.65519364501452,0.9018314595976497,45.47011907877648,50.266794040347165
B,30,10,115,log,1.5,0.0,0.0,2.5593292329785395,0.9065325668611052,10.52415882384128,13.587612541762258
B,30,10,115,log,1.0,0.5,1.0,27.901813078068784,0.8699925926816613,29.66151527863232,35.616510827666524
B,30,10,115,log,1.5,0.0,0.5,2.5593292329785395,0.9065325668611052,10.52415882384128,13.587612541762258
B,30,10,115,log,1.5,0.0,1.0,2.5593292329785395,0.9065325668611052,10.52415882384128,13.587612541762258
B,30,10,115,log,1.5,0.1,0.0,22.393451448824575,0.9078387697301088,30.45142760903985,34.86701848939441
B,30,10,115,log,1.5,0.1,0.5,12.138920571343638,0.9055167888317368,23.16215026634574,27.983157020747864
B,30,10,115,log,1.5,0.1,1.0,5.152408720294933,0.9007376132581632,15.08473575513218,19.74501088900184
B,30,10,115,log,1.5,0.5,0.0,283.8815562770607,0.908120694546852,59.31118875754845,64.55327533332235
B,30,10,115,log,1.5,0.5,1.0,57.38238035818349,0.8534195324337446,37.58858607542365,43.53491681673585
B,30,10,115,log,1.5,0.5,0.5,168.11299181742788,0.8994608894973126,52.91052373070759,58.05551164860408
B,30,10,120,log,0.1,0.0,0.5,2.6176800198587555,0.8993689392195179,10.12395901701187,13.640433272740774
B,30,10,120,log,0.1,0.0,0.0,2.6176800198587555,0.8993689392195179,10.12395901701187,13.640433272740774
B,30,10,120,log,0.1,0.1,0.0,2.937138492953679,0.9002268068131485,11.031069976502655,14.921346457715666
B,30,10,120,log,0.1,0.0,1.0,2.6176800198587555,0.8993689392195179,10.12395901701187,13.640433272740774
B,30,10,120,log,0.1,0.1,1.0,2.690884028868504,0.8994590997759151,10.367298971642615,14.005193941637812
B,30,10,120,log,0.1,0.1,0.5,2.7781295637311705,0.9002456484005356,10.646513007930253,14.403201233098144
B,30,10,120,log,0.1,0.5,0.0,7.000847122839346,0.9010427912337138,17.519937614360344,22.378499583437723
B,30,10,120,log,0.1,0.5,0.5,4.778558253392217,0.9001078665881265,14.28532985048074,18.972666944866944
B,30,10,120,log,0.1,0.5,1.0,3.269592481615014,0.8982568906314035,11.653656754587484,15.752409588493116
B,30,10,120,log,0.5,0.0,0.0,2.686300297140558,0.898401898606893,10.143088874595296,13.7408536284542
B,30,10,120,log,0.5,0.0,0.5,2.686300297140558,0.898401898606893,10.143088874595296,13.7408536284542
B,30,10,120,log,0.5,0.0,1.0,2.686300297140558,0.898401898606893,10.143088874595296,13.7408536284542
B,30,10,120,log,0.5,0.1,0.0,6.3066278317990365,0.9001630695342584,16.51012403267858,21.39445347570997
B,30,10,120,log,0.5,0.1,0.5,4.49817854403762,0.8993136356004079,13.749198677993425,18.39994306421671
B,30,10,120,log,0.5,0.1,1.0,3.273891971525912,0.8973674017605366,11.49562516573491,15.621923144119544
B,30,10,120,log,0.5,0.5,0.0,63.93262924945475,0.9006040608547192,41.61595154576723,46.30725035406874
B,30,10,120,log,0.5,0.5,0.5,32.43267850329939,0.8971036172872242,33.11699013723971,38.09111955667299
B,30,10,120,log,0.5,0.5,1.0,10.77505610951578,0.8853897633833627,19.97408375042108,25.865291330368173
B,30,10,120,log,1.0,0.0,0.0,2.701241032605423,0.8981446375595992,10.149173440089916,13.762224677403216
B,30,10,120,log,1.0,0.0,0.5,2.701241032605423,0.8981446375595992,10.149173440089916,13.762224677403216
B,30,10,120,log,1.0,0.0,1.0,2.701241032605423,0.8981446375595992,10.149173440089916,13.762224677403216
B,30,10,120,log,1.0,0.1,0.0,14.330705294452509,0.9001569418555816,24.45248207047746,29.40485838837847
B,30,10,120,log,1.0,0.1,0.5,8.330455499550624,0.8984752970886095,18.66884771302726,23.810340934976065
B,30,10,120,log,1.0,0.1,1.0,4.281406430150436,0.8957701083263139,13.229168961236486,17.8881430619425
B,30,10,120,log,1.0,0.5,0.0,197.6919010882033,0.9004973823365553,54.31357069999403,59.54897531441661
B,30,10,120,log,1.0,0.5,0.5,106.05134990123352,0.8943564247580408,46.6440247723707,51.8214780388063
B,30,10,120,log,1.0,0.5,1.0,33.32362879199344,0.8638290072348298,30.37157961871109,36.765626199410846
B,30,10,120,log,1.5,0.0,0.0,2.706843671693066,0.8980929054224557,10.151427448854454,13.769994537990168
B,30,10,120,log,1.5,0.0,0.5,2.706843671693066,0.8980929054224557,10.151427448854454,13.769994537990168
B,30,10,120,log,1.5,0.0,1.0,2.706843671693066,0.8980929054224557,10.151427448854454,13.769994537990168
B,30,10,120,log,1.5,0.1,0.0,26.301979838737303,0.9001290238362042,31.283558771624097,36.043920359078655
B,30,10,120,log,1.5,0.1,0.5,14.018654154533028,0.8979012909893103,23.7468958239147,28.95174850231728
B,30,10,120,log,1.5,0.1,1.0,5.792387666401138,0.8930728197659862,15.25923843441827,20.410726566445025
B,30,10,120,log,1.5,0.5,0.0,360.5930550533556,0.9004439681304766,60.83394931644409,66.49071662494279
B,30,10,120,log,1.5,0.5,1.0,70.5974107239177,0.8463153729370733,38.46928221150066,44.89660999936128
B,30,10,120,log,1.5,0.5,0.5,210.1580173653912,0.8920474165435455,54.26364502712541,59.81156164505926
B,30,10,125,log,0.1,0.0,0.0,2.872226525817322,0.8910144716585648,9.81090392337036,14.180263471893786
B,30,10,125,log,0.1,0.0,0.5,2.872226525817322,0.8910144716585648,9.81090392337036,14.180263471893786
B,30,10,125,log,0.1,0.0,1.0,2.872226525817322,0.8910144716585648,9.81090392337036,14.180263471893786
B,30,10,125,log,0.1,0.1,0.0,3.2488438773148105,0.8922044677593168,10.88980116391109,15.514309667065586
B,30,10,125,log,0.1,0.1,1.0,2.9534374716672542,0.8913504337744851,10.110541489565726,14.564460601459428
B,30,10,125,log,0.1,0.1,0.5,3.062196989716892,0.8919494686206129,10.44672107140481,14.981890590404172
B,30,10,125,log,0.1,0.5,0.0,7.9291106003842895,0.8935696824816546,17.803010178449814,23.13954482951384
B,30,10,125,log,0.1,0.5,0.5,5.359706678634484,0.8926397738972935,14.417621643883312,19.66700842954145
B,30,10,125,log,0.5,0.0,0.0,2.943157100833244,0.89000337403297,9.783759403139936,14.265273751736013
B,30,10,125,log,0.1,0.5,1.0,3.634025103113706,0.8902839801336698,11.573043131364445,16.387394338904866
B,30,10,125,log,0.5,0.0,0.5,2.943157100833244,0.89000337403297,9.783759403139936,14.265273751736013
B,30,10,125,log,0.5,0.0,1.0,2.943157100833244,0.89000337403297,9.783759403139936,14.265273751736013
B,30,10,125,log,0.5,0.1,0.0,7.1594193816245095,0.8926130267873011,16.786883318549908,22.17322545186256
B,30,10,125,log,0.5,0.1,0.5,5.0482537542165264,0.8917232935947185,13.83847965973664,19.098903004600988
B,30,10,125,log,0.5,0.1,1.0,3.629581005347726,0.8893421632387319,11.356644469815135,16.240404886257455
B,30,10,125,log,0.5,0.5,0.0,77.01212700459709,0.8931932167280762,42.60872488797396,47.66559436301425
B,30,10,125,log,0.5,0.5,0.5,38.41053102438907,0.8897995937195591,33.896756690941594,39.25203628232657
B,30,10,125,log,0.5,0.5,1.0,12.491466517532254,0.8784588413571317,20.324644102872167,26.747702157661063
B,30,10,125,log,1.0,0.0,0.0,2.9589699446864137,0.889792599833512,9.780204760520489,14.283633880522682
B,30,10,125,log,1.0,0.0,0.5,2.9589699446864137,0.889792599833512,9.780204760520489,14.283633880522682
B,30,10,125,log,1.0,0.0,1.0,2.9589699446864137,0.889792599833512,9.780204760520489,14.283633880522682
B,30,10,125,log,1.0,0.1,0.0,16.622067265443167,0.8927076126312341,25.01947786323831,30.386761030993988
B,30,10,125,log,1.0,0.1,0.5,9.52356074146248,0.8910042041422634,19.009531671674697,24.648375463860027
B,30,10,125,log,1.0,0.1,1.0,4.81590310497324,0.8881592682406195,13.250889710466565,18.58840000811601
B,30,10,125,log,1.0,0.5,0.0,246.4340083931661,0.8930766726186068,55.58541262864509,61.22125329497502
B,30,10,125,log,1.0,0.5,0.5,129.98312489133065,0.8871450065769254,47.73214143262642,53.30340355593454
B,30,10,125,log,1.0,0.5,1.0,39.85715513972669,0.8581105879347903,31.037581921379576,37.87506553972271
B,30,10,125,log,1.5,0.0,0.0,2.9648231257401907,0.8896592667555184,9.7787170668223,14.290177707827551
B,30,10,125,log,1.5,0.0,0.5,2.9648231257401907,0.8896592667555184,9.7787170668223,14.290177707827551
B,30,10,125,log,1.5,0.0,1.0,2.9648231257401907,0.8896592667555184,9.7787170668223,14.290177707827551
B,30,10,125,log,1.5,0.1,0.0,31.00327584678908,0.8926705000690485,32.05754338817657,37.18936522003092
B,30,10,125,log,1.5,0.1,0.5,16.262741134766713,0.8905163948681849,24.28214388193156,29.918210176144964
B,30,10,125,log,1.5,0.1,1.0,6.586726906301839,0.8857062522361433,15.401637494511476,21.175273793446102
B,30,10,125,log,1.5,0.5,0.0,457.8797183625412,0.8930116831791011,62.24291436963157,68.32223970694905
B,30,10,125,log,1.5,0.5,0.5,262.819800110117,0.8849246022656189,55.51615332269397,61.47647860651038
B,30,10,125,log,1.5,0.5,1.0,86.84004812471663,0.8402032291521572,39.29447586047688,46.20064206553801
B,30,10,130,log,0.1,0.0,0.0,2.853399387979433,0.8901662520755151,9.476012612080185,13.848026440759297
B,30,10,130,log,0.1,0.0,0.5,2.853399387979433,0.8901662520755151,9.476012612080185,13.848026440759297
B,30,10,130,log,0.1,0.0,1.0,2.853399387979433,0.8901662520755151,9.476012612080185,13.848026440759297
B,30,10,130,log,0.1,0.1,0.0,3.0934932045550543,0.8917557120597559,10.395150337026868,14.975225532385178
B,30,10,130,log,0.1,0.1,0.5,2.9539212261448613,0.8914547153372657,10.010495537217604,14.511955011239156
B,30,10,130,log,0.1,0.1,1.0,2.8903641018076507,0.8906687590056274,9.728684284306686,14.16519767314684
B,30,10,130,log,0.1,0.5,0.0,7.19465137561798,0.8935234566101874,16.86242659649968,22.186336313214632
B,30,10,130,log,0.1,0.5,0.5,4.888728908447797,0.8925103508221868,13.627388071607186,18.831034351483478
B,30,10,130,log,0.1,0.5,1.0,3.4188915748861475,0.8897873356919869,11.023513931188784,15.772595915172529
B,30,10,130,log,0.5,0.0,0.0,2.9274873519401483,0.8889766912961197,9.467727314980303,13.948591018201055
B,30,10,130,log,0.5,0.0,0.5,2.9274873519401483,0.8889766912961197,9.467727314980303,13.948591018201055
B,30,10,130,log,0.5,0.0,1.0,2.9274873519401483,0.8889766912961197,9.467727314980303,13.948591018201055
B,30,10,130,log,0.5,0.1,0.0,6.516320784921341,0.8925247600573926,15.91126196631642,21.27444188064529
B,30,10,130,log,0.5,0.1,0.5,4.636114124694933,0.8914694409261973,13.121051784214757,18.327019457559032
B,30,10,130,log,0.5,0.1,1.0,3.438032641566525,0.8886726201799944,10.854039509739184,15.678455961773611
B,30,10,130,log,0.5,0.5,0.0,71.78011780061738,0.893166543075908,41.77910651615709,46.79145273272803
B,30,10,130,log,0.5,0.5,0.5,35.41646147648436,0.8897842729530847,32.889131606995164,38.26100890414376
B,30,10,130,log,0.5,0.5,1.0,11.325858334879314,0.8786855624243787,19.347971692796342,25.76903960256036
B,30,10,130,log,1.0,0.0,0.0,2.9445766368325126,0.8887447459852718,9.467846836526183,13.97051932300478
B,30,10,130,log,1.0,0.0,0.5,2.9445766368325126,0.8887447459852718,9.467846836526183,13.97051932300478
B,30,10,130,log,1.0,0.0,1.0,2.9445766368325126,0.8887447459852718,9.467846836526183,13.97051932300478
B,30,10,130,log,1.0,0.1,0.0,15.20447554228598,0.8926727344655034,23.97499961047631,29.386297657924093
B,30,10,130,log,1.0,0.1,0.5,8.66715908323536,0.8908840209746562,18.06532458099561,23.70407313272369
B,30,10,130,log,1.0,0.1,1.0,4.448411154445767,0.8876861504072064,12.603918169667889,17.860990471617455
B,30,10,130,log,1.0,0.5,0.0,233.4687192250208,0.8930423033242482,55.01112044162767,60.57745878139704
B,30,10,130,log,1.0,0.5,0.5,121.81847677173104,0.8871852950894048,46.98934831861724,52.49972213901058
B,30,10,130,log,1.0,0.5,1.0,36.560719440215465,0.8590040023211769,29.94202764276333,36.85132440821692
B,30,10,130,log,1.5,0.0,0.0,2.950985755941345,0.8887128793188662,9.4677344709033,13.97850128962165
B,30,10,130,log,1.5,0.0,0.5,2.950985755941345,0.8887128793188662,9.4677344709033,13.97850128962165
B,30,10,130,log,1.5,0.0,1.0,2.950985755941345,0.8887128793188662,9.4677344709033,13.97850128962165
B,30,10,130,log,1.5,0.1,0.0,28.58459184352689,0.8926337154557608,31.05186324392603,36.20881549714942
B,30,10,130,log,1.5,0.1,0.5,14.858511155898634,0.8904333259092594,23.2484560589814,28.91917044702237
B,30,10,130,log,1.5,0.1,1.0,6.007707672195194,0.8855753588659467,14.628083634912937,20.33332088258992
B,30,10,130,log,1.5,0.5,0.0,437.8476889546602,0.8929672339712017,61.79401736434677,67.8089344191343
B,30,10,130,log,1.5,0.5,0.5,248.774476388508,0.8850263506199095,54.92371092399998,60.81413754640447
B,30,10,130,log,1.5,0.5,1.0,80.70797759878569,0.8410230613874894,38.30304725273052,45.2358874344844
B,30,15,115,log,0.1,0.0,0.0,2.4549570435226395,0.907667047519212,10.403036769135465,13.387679615804103
B,30,15,115,log,0.1,0.0,0.5,2.4549570435226395,0.907667047519212,10.403036769135465,13.387679615804103
B,30,15,115,log,0.1,0.0,1.0,2.4549570435226395,0.907667047519212,10.403036769135465,13.387679615804103
B,30,15,115,log,0.1,0.1,0.0,2.709923609579083,0.9082031044910754,11.160983048731634,14.535236972994568
B,30,15,115,log,0.1,0.1,0.5,2.587762602089446,0.908291602741842,10.820643903971158,14.079889517249182
B,30,15,115,log,0.1,0.1,1.0,2.524675864338404,0.9077100474717036,10.607028414374318,13.735702939356258
B,30,15,115,log,0.1,0.5,0.0,6.177378436324296,0.9088015241030962,17.216178430255688,21.65004697662777
B,30,15,115,log,0.1,0.5,0.5,4.312056621724269,0.9078279859585342,14.121259476972682,18.38517620799303
B,30,15,115,log,0.1,0.5,1.0,3.005562197565511,0.906107791054596,11.709456910750966,15.319353815351146
B,30,15,115,log,0.5,0.0,0.0,2.530338382882836,0.9067820179723356,10.494170451701915,13.532516609115186
B,30,15,115,log,0.5,0.0,0.5,2.530338382882836,0.9067820179723356,10.494170451701915,13.532516609115186
B,30,15,115,log,0.5,0.0,1.0,2.530338382882836,0.9067820179723356,10.494170451701915,13.532516609115186
B,30,15,115,log,0.5,0.1,0.0,5.574445000307684,0.9079575556873156,16.232507221935965,20.67608371319653
B,30,15,115,log,0.5,0.1,0.5,4.066065406006639,0.9071261336880216,13.63258397993384,17.830784237430116
B,30,15,115,log,0.5,0.1,1.0,3.0199594255323765,0.9055576235019884,11.618464889877004,15.227871054771422
B,30,15,115,log,0.5,0.5,0.0,53.0603159856332,0.9083509586363478,40.57200008685833,44.90298169708596
B,30,15,115,log,0.5,0.5,0.5,27.471085660020936,0.9046414192298158,32.27696911242995,36.89200282301992
B,30,15,115,log,0.5,0.5,1.0,9.34940059083387,0.8926211837169795,19.585452865776432,25.007782262264687
B,30,15,115,log,1.0,0.0,0.0,2.547149840927175,0.9065617342713852,10.515359873920568,13.563480443184044
B,30,15,115,log,1.0,0.0,0.5,2.547149840927175,0.9065617342713852,10.515359873920568,13.563480443184044
B,30,15,115,log,1.0,0.0,1.0,2.547149840927175,0.9065617342713852,10.515359873920568,13.563480443184044
B,30,15,115,log,1.0,0.1,0.0,12.358290987333412,0.9078890352257428,23.86169272568584,28.42066802866318
B,30,15,115,log,1.0,0.1,0.5,7.338289054386344,0.9061667565004472,18.29375970527408,23.0161048763125
B,30,15,115,log,1.0,0.5,0.0,158.54405010248115,0.9082431462346496,52.95760794538471,57.79952342421135
B,30,15,115,log,1.0,0.1,1.0,3.87183571121219,0.9035360255383036,13.184984958491505,17.342917316746288
B,30,15,115,log,1.0,0.5,1.0,27.901813078068784,0.8699925926816613,29.66151527863232,35.616510827666524
B,30,15,115,log,1.0,0.5,0.5,86.65519364501452,0.9018314595976497,45.47011907877648,50.266794040347165
B,30,15,115,log,1.5,0.0,0.5,2.553440639583043,0.9064739036447964,10.523399959120985,13.574888385872844
B,30,15,115,log,1.5,0.0,0.0,2.553440639583043,0.9064739036447964,10.523399959120985,13.574888385872844
B,30,15,115,log,1.5,0.0,1.0,2.553440639583043,0.9064739036447964,10.523399959120985,13.574888385872844
B,30,15,115,log,1.5,0.1,0.0,22.32337363055679,0.9078546702549848,30.48573607496733,34.87858743145187
B,30,15,115,log,1.5,0.1,0.5,12.138920571343638,0.9055167888317368,23.16215026634574,27.983157020747864
B,30,15,115,log,1.5,0.1,1.0,5.152408720294934,0.9007376132581632,15.08473575513218,19.74501088900184
B,30,15,115,log,1.5,0.5,0.0,283.7785118065731,0.9081959876008898,59.32450293053638,64.56470102896279
B,30,15,115,log,1.5,0.5,0.5,168.11299181742788,0.8994608894973126,52.91052373070759,58.05551164860408
B,30,15,115,log,1.5,0.5,1.0,57.38238035818349,0.8534195324337446,37.58858607542365,43.53491681673585
B,30,15,120,log,0.1,0.0,0.0,2.6049398650997517,0.899262817189137,10.114496524825046,13.61278288312954
B,30,15,120,log,0.1,0.0,0.5,2.6049398650997517,0.899262817189137,10.114496524825046,13.61278288312954
B,30,15,120,log,0.1,0.0,1.0,2.6049398650997517,0.899262817189137,10.114496524825046,13.61278288312954
B,30,15,120,log,0.1,0.1,0.0,2.916543624783951,0.9002432753047416,11.039797473466672,14.892715555935544
B,30,15,120,log,0.1,0.1,0.5,2.772906583780663,0.9000764206205016,10.65024254791772,14.400181664311862
B,30,15,120,log,0.1,0.1,1.0,2.6906569496699,0.8994693213977116,10.36817549532108,14.00578949157519
B,30,15,120,log,0.1,0.5,0.0,6.930947643226951,0.901107029051372,17.54086927314308,22.358312062046856
B,30,15,120,log,0.1,0.5,0.5,4.778558253392217,0.9001078665881265,14.28532985048074,18.972666944866944
B,30,15,120,log,0.1,0.5,1.0,3.269592481615014,0.8982568906314035,11.653656754587484,15.752409588493116
B,30,15,120,log,0.5,0.0,0.0,2.676405830440193,0.898309223071208,10.14397215259934,13.72376340063557
B,30,15,120,log,0.5,0.0,0.5,2.676405830440193,0.898309223071208,10.14397215259934,13.72376340063557
B,30,15,120,log,0.5,0.0,1.0,2.676405830440193,0.898309223071208,10.14397215259934,13.72376340063557
B,30,15,120,log,0.5,0.1,0.0,6.261295501055697,0.9001850713178182,16.539283656210777,21.385301347067127
B,30,15,120,log,0.5,0.1,0.5,4.498178544037631,0.8993136356004079,13.749198677993444,18.39994306421673
B,30,15,120,log,0.5,0.1,1.0,3.273891971525915,0.8973674017605366,11.495625165734916,15.621923144119553
B,30,15,120,log,0.5,0.5,0.0,63.73506339126097,0.900673853557256,41.64363993033072,46.32273135208291
B,30,15,120,log,0.5,0.5,0.5,32.43267850329939,0.8971036172872242,33.11699013723971,38.09111955667299
B,30,15,120,log,0.5,0.5,1.0,10.77505610951578,0.8853897633833627,19.97408375042108,25.865291330368173
B,30,15,120,log,1.0,0.0,0.0,2.6924430876774124,0.8981065314143617,10.152016943670652,13.747903239268354
B,30,15,120,log,1.0,0.0,0.5,2.6924430876774124,0.8981065314143617,10.152016943670652,13.747903239268354
B,30,15,120,log,1.0,0.0,1.0,2.6924430876774124,0.8981065314143617,10.152016943670652,13.747903239268354
B,30,15,120,log,1.0,0.1,0.0,14.257074796257871,0.900156209763414,24.487654917635023,29.41085686779885
B,30,15,120,log,1.0,0.1,0.5,8.330455499550624,0.8984752970886095,18.66884771302725,23.81034093497606
B,30,15,120,log,1.0,0.1,1.0,4.2814064301504375,0.8957701083263139,13.229168961236486,17.888143061942504
B,30,15,120,log,1.0,0.5,0.0,197.4763477752636,0.9005524698902729,54.33263951726567,59.56429230002054
B,30,15,120,log,1.0,0.5,0.5,106.05134990123352,0.8943564247580408,46.6440247723707,51.8214780388063
B,30,15,120,log,1.0,0.5,1.0,33.32362879199344,0.8638290072348298,30.37157961871109,36.765626199410846
B,30,15,120,log,1.5,0.0,0.0,2.6984753554521066,0.8980372177606555,10.155060057636945,13.756749572389165
B,30,15,120,log,1.5,0.0,0.5,2.6984753554521066,0.8980372177606555,10.155060057636945,13.756749572389165
B,30,15,120,log,1.5,0.0,1.0,2.6984753554521066,0.8980372177606555,10.155060057636945,13.756749572389165
B,30,15,120,log,1.5,0.1,0.0,26.20414016243435,0.9001232870208508,31.3218050296414,36.05911401195913
B,30,15,120,log,1.5,0.1,0.5,14.018654154533028,0.8979012909893103,23.74689582391469,28.95174850231728
B,30,15,120,log,1.5,0.1,1.0,5.792387666401138,0.8930728197659862,15.25923843441827,20.410726566445025
B,30,15,120,log,1.5,0.5,0.0,360.4539481850138,0.9004904901935025,60.848685401721696,66.50385690095526
B,30,15,120,log,1.5,0.5,0.5,210.1580173653912,0.8920474165435455,54.26364502712541,59.81156164505926
B,30,15,120,log,1.5,0.5,1.0,70.5974107239177,0.8463153729370733,38.46928221150066,44.89660999936128
B,30,15,125,log,0.1,0.0,0.0,2.8584010259440977,0.8908820510601473,9.814287113031074,14.154364349462004
B,30,15,125,log,0.1,0.0,0.5,2.8584010259440977,0.8908820510601473,9.814287113031074,14.154364349462004
B,30,15,125,log,0.1,0.0,1.0,2.8584010259440977,0.8908820510601473,9.814287113031074,14.154364349462004
B,30,15,125,log,0.1,0.1,0.0,3.223917881215468,0.892096341486741,10.90725913373229,15.490026016154491
B,30,15,125,log,0.1,0.1,0.5,3.0563791564458014,0.8919494158977042,10.459087247970862,14.982488655602308
B,30,15,125,log,0.1,0.1,1.0,2.9531426524573763,0.8913415077305842,10.113135434352577,14.565873138481209
B,30,15,125,log,0.1,0.5,0.0,7.843975618352656,0.8935847407795592,17.83675097156173,23.12331746620406
B,30,15,125,log,0.1,0.5,0.5,5.359706678634484,0.8926397738972935,14.417621643883312,19.66700842954145
B,30,15,125,log,0.1,0.5,1.0,3.634025103113706,0.8902839801336698,11.573043131364445,16.387394338904866
B,30,15,125,log,0.5,0.0,0.0,2.930586084048381,0.8896998373777485,9.79148442209946,14.248557023776597
B,30,15,125,log,0.5,0.0,0.5,2.930586084048381,0.8896998373777485,9.79148442209946,14.248557023776597
B,30,15,125,log,0.5,0.0,1.0,2.930586084048381,0.8896998373777485,9.79148442209946,14.248557023776597
B,30,15,125,log,0.5,0.1,0.0,7.104333645368648,0.8925376697260974,16.823472134320905,22.168765870236903
B,30,15,125,log,0.5,0.1,0.5,5.048253754216537,0.8917232935947185,13.838479659736652,19.09890300460101
B,30,15,125,log,0.5,0.1,1.0,3.629581005347727,0.8893421632387319,11.356644469815135,16.240404886257455
B,30,15,125,log,0.5,0.5,0.0,76.76248220664625,0.8931771870750584,42.63909708594518,47.68447960656022
B,30,15,125,log,0.5,0.5,0.5,38.41053102438907,0.8897995937195591,33.896756690941594,39.25203628232657
B,30,15,125,log,0.5,0.5,1.0,12.491466517532254,0.8784588413571317,20.324644102872167,26.747702157661063
B,30,15,125,log,1.0,0.0,0.0,2.946736994297188,0.8895454673923885,9.78896670157604,14.268824115869943
B,30,15,125,log,1.0,0.0,0.5,2.946736994297188,0.8895454673923885,9.78896670157604,14.268824115869943
B,30,15,125,log,1.0,0.0,1.0,2.946736994297188,0.8895454673923885,9.78896670157604,14.268824115869943
B,30,15,125,log,1.0,0.1,0.0,16.530485297727886,0.8926195081919344,25.06510837749498,30.39750700417981
B,30,15,125,log,1.0,0.1,0.5,9.523560741462488,0.8910042041422634,19.009531671674697,24.64837546386003
B,30,15,125,log,1.0,0.1,1.0,4.81590310497324,0.8881592682406195,13.250889710466565,18.58840000811601
B,30,15,125,log,1.0,0.5,0.0,246.1782857688376,0.8930607454104862,55.60630311090786,61.23897324880111
B,30,15,125,log,1.0,0.5,0.5,129.98312489133065,0.8871450065769254,47.73214143262642,53.30340355593454
B,30,15,125,log,1.0,0.5,1.0,39.85715513972669,0.8581105879347903,31.037581921379576,37.87506553972271
B,30,15,125,log,1.5,0.0,0.0,2.9528087339412417,0.8894640617921041,9.787891428219153,14.276178544368111
B,30,15,125,log,1.5,0.0,0.5,2.9528087339412417,0.8894640617921041,9.787891428219153,14.276178544368111
B,30,15,125,log,1.5,0.0,1.0,2.9528087339412417,0.8894640617921041,9.787891428219153,14.276178544368111
B,30,15,125,log,1.5,0.1,0.0,30.880428982971875,0.8925906412371738,32.09958304044408,37.20875418277477
B,30,15,125,log,1.5,0.1,0.5,16.262741134766706,0.8905163948681849,24.28214388193155,29.918210176144957
B,30,15,125,log,1.5,0.1,1.0,6.586726906301847,0.8857062522361433,15.40163749451148,21.17527379344611
B,30,15,125,log,1.5,0.5,0.0,457.7519600884592,0.8929962569179766,62.25908259219774,68.33727917084988
B,30,15,125,log,1.5,0.5,0.5,262.819800110117,0.8849246022656189,55.51615332269397,61.47647860651038
B,30,15,125,log,1.5,0.5,1.0,86.84004812471663,0.8402032291521572,39.29447586047688,46.20064206553801
B,30,15,130,log,0.1,0.0,0.0,2.8430297434670075,0.8900138642881943,9.475828936360218,13.82410108080039
B,30,15,130,log,0.1,0.0,0.5,2.8430297434670075,0.8900138642881943,9.475828936360218,13.82410108080039
B,30,15,130,log,0.1,0.0,1.0,2.8430297434670075,0.8900138642881943,9.475828936360218,13.82410108080039
B,30,15,130,log,0.1,0.1,0.0,3.073813896724156,0.8914975752588571,10.413444710034872,14.95436767728619
B,30,15,130,log,0.1,0.1,0.5,2.9490793585906587,0.8913159379383548,10.02346755217159,14.51400326884648
B,30,15,130,log,0.1,0.1,1.0,2.889709151973247,0.890652827142396,9.730880584356395,14.166432510887716
B,30,15,130,log,0.1,0.5,0.0,7.1185941330674565,0.8934969604567009,16.89863651948894,22.17204192578937
B,30,15,130,log,0.1,0.5,0.5,4.888728908447797,0.8925103508221868,13.627388071607186,18.831034351483478
B,30,15,130,log,0.1,0.5,1.0,3.4188915748861475,0.8897873356919869,11.023513931188784,15.772595915172529
B,30,15,130,log,0.5,0.0,0.0,2.9185255848815,0.8889316029970862,9.47435461659595,13.935020152331296
B,30,15,130,log,0.5,0.0,0.5,2.9185255848815,0.8889316029970862,9.47435461659595,13.935020152331296
B,30,15,130,log,0.5,0.0,1.0,2.9185255848815,0.8889316029970862,9.47435461659595,13.935020152331296
B,30,15,130,log,0.5,0.1,0.0,6.469093247694057,0.8924220870387642,15.950912441615326,21.27245588058271
B,30,15,130,log,0.5,0.1,0.5,4.636114124694939,0.8914694409261973,13.121051784214762,18.32701945755904
B,30,15,130,log,0.5,0.1,1.0,3.438032641566525,0.8886726201799944,10.854039509739184,15.678455961773617
B,30,15,130,log,0.5,0.5,0.0,71.55402155341302,0.8931244249685053,41.81211755581455,46.81249865163412
B,30,15,130,log,0.5,0.5,0.5,35.41646147648436,0.8897842729530847,32.889131606995164,38.26100890414376
B,30,15,130,log,0.5,0.5,1.0,11.325858334879314,0.8786855624243787,19.347971692796342,25.76903960256036
B,30,15,130,log,1.0,0.0,0.0,2.936064832182114,0.8886556705698737,9.476326373012377,13.959214613849648
B,30,15,130,log,1.0,0.0,0.5,2.936064832182114,0.8886556705698737,9.476326373012377,13.959214613849648
B,30,15,130,log,1.0,0.0,1.0,2.936064832182114,0.8886556705698737,9.476326373012377,13.959214613849648
B,30,15,130,log,1.0,0.1,0.0,15.123181822169975,0.892550823990026,24.023577718379222,29.398366654858364
B,30,15,130,log,1.0,0.1,0.5,8.66715908323538,0.8908840209746562,18.065324580995615,23.704073132723696
B,30,15,130,log,1.0,0.1,1.0,4.448411154445767,0.8876861504072064,12.603918169667889,17.860990471617455
B,30,15,130,log,1.0,0.5,0.0,233.2542747251607,0.8929924095986463,55.03380100825429,60.59706958422121
B,30,15,130,log,1.0,0.5,0.5,121.81847677173104,0.8871852950894048,46.98934831861724,52.49972213901058
B,30,15,130,log,1.0,0.5,1.0,36.560719440215465,0.8590040023211769,29.94202764276333,36.85132440821692
B,30,15,130,log,1.5,0.0,0.0,2.942666857789776,0.8885254423269181,9.4769541289135,13.968020832563464
B,30,15,130,log,1.5,0.0,0.5,2.942666857789776,0.8885254423269181,9.4769541289135,13.968020832563464
B,30,15,130,log,1.5,0.0,1.0,2.942666857789776,0.8885254423269181,9.4769541289135,13.968020832563464
B,30,15,130,log,1.5,0.1,0.0,28.475505608206998,0.8925212159584877,31.096559118743777,36.22987627479285
B,30,15,130,log,1.5,0.1,0.5,14.858511155898634,0.8904333259092594,23.2484560589814,28.91917044702237
B,30,15,130,log,1.5,0.1,1.0,6.007707672195197,0.8855753588659467,14.628083634912937,20.33332088258992
B,30,15,130,log,1.5,0.5,0.0,437.7769059759832,0.8929328548370392,61.811514509955416,67.82549737546037
B,30,15,130,log,1.5,0.5,0.5,248.774476388508,0.8850263506199095,54.92371092399998,60.81413754640447
B,30,15,130,log,1.5,0.5,1.0,80.70797759878569,0.8410230613874894,38.30304725273052,45.2358874344844
B,30,20,115,log,0.1,0.0,0.0,2.4473647908491745,0.9078189394342744,10.386101571602657,13.36402685606581
B,30,20,115,log,0.1,0.0,0.5,2.4473647908491745,0.9078189394342744,10.386101571602657,13.36402685606581
B,30,20,115,log,0.1,0.0,1.0,2.4473647908491745,0.9078189394342744,10.386101571602657,13.36402685606581
B,30,20,115,log,0.1,0.1,0.0,2.69932592717632,0.9083351363531303,11.139410781910168,14.51110252474821
B,30,20,115,log,0.1,0.1,0.5,2.587206325891936,0.9083856858787523,10.811028965735122,14.07000773058449
B,30,20,115,log,0.1,0.1,1.0,2.524675864338404,0.9077100474717036,10.607028414374318,13.735702939356258
B,30,20,115,log,0.1,0.5,0.0,6.150582828845989,0.9088667585133866,17.199769218536396,21.6244175155978
B,30,20,115,log,0.1,0.5,0.5,4.312056621724269,0.9078279859585342,14.121259476972682,18.38517620799303
B,30,20,115,log,0.1,0.5,1.0,3.005562197565511,0.906107791054596,11.709456910750966,15.319353815351146
B,30,20,115,log,0.5,0.0,0.0,2.5206694889200647,0.906892062869962,10.477779586297292,13.512342785400264
B,30,20,115,log,0.5,0.0,0.5,2.5206694889200647,0.906892062869962,10.477779586297292,13.512342785400264
B,30,20,115,log,0.5,0.0,1.0,2.5206694889200647,0.906892062869962,10.477779586297292,13.512342785400264
B,30,20,115,log,0.5,0.1,0.0,5.551569899543586,0.908088667506734,16.221420062629544,20.65637268391011
B,30,20,115,log,0.5,0.1,0.5,4.066065406006644,0.9071261336880216,13.63258397993385,17.830784237430123
B,30,20,115,log,0.5,0.1,1.0,3.0199594255323765,0.9055576235019884,11.618464889877004,15.227871054771422
B,30,20,115,log,0.5,0.5,0.0,52.95540913382323,0.9083555767166412,40.55946536304225,44.88806946367059
B,30,20,115,log,0.5,0.5,0.5,27.471085660020936,0.9046414192298158,32.27696911242995,36.89200282301992
B,30,20,115,log,0.5,0.5,1.0,9.34940059083387,0.8926211837169795,19.585452865776432,25.007782262264687
B,30,20,115,log,1.0,0.0,0.0,2.5374128717322484,0.9066937105443468,10.499738930881552,13.544532743257744
B,30,20,115,log,1.0,0.0,0.5,2.5374128717322484,0.9066937105443468,10.499738930881552,13.544532743257744
B,30,20,115,log,1.0,0.0,1.0,2.5374128717322484,0.9066937105443468,10.499738930881552,13.544532743257744
B,30,20,115,log,1.0,0.1,0.0,12.315874485729134,0.90799829980712,23.853732474014663,28.402171419908463
B,30,20,115,log,1.0,0.1,0.5,7.338289054386358,0.9061667565004472,18.29375970527409,23.01610487631252
B,30,20,115,log,1.0,0.1,1.0,3.871835711212191,0.9035360255383036,13.184984958491505,17.342917316746288
B,30,20,115,log,1.0,0.5,0.0,158.34407099584354,0.9082440530426238,52.94958244872398,57.78919841142363
B,30,20,115,log,1.0,0.5,0.5,86.65519364501452,0.9018314595976497,45.47011907877648,50.266794040347165
B,30,20,115,log,1.0,0.5,1.0,27.901813078068784,0.8699925926816613,29.66151527863232,35.616510827666524
B,30,20,115,log,1.5,0.0,0.0,2.5437855320763214,0.9066414264550005,10.508097506961573,13.556515111164485
B,30,20,115,log,1.5,0.0,0.5,2.5437855320763214,0.9066414264550005,10.508097506961573,13.556515111164485
B,30,20,115,log,1.5,0.0,1.0,2.5437855320763214,0.9066414264550005,10.508097506961573,13.556515111164485
B,30,20,115,log,1.5,0.1,0.0,22.257466329834774,0.90796418434883,30.471397482851472,34.86023218521801
B,30,20,115,log,1.5,0.1,0.5,12.138920571343638,0.9055167888317368,23.16215026634574,27.983157020747864
B,30,20,115,log,1.5,0.1,1.0,5.152408720294934,0.9007376132581632,15.08473575513218,19.74501088900184
B,30,20,115,log,1.5,0.5,0.0,283.5023907478261,0.9081950420887476,59.31846884765289,64.55665090645005
B,30,20,115,log,1.5,0.5,0.5,168.11299181742788,0.8994608894973126,52.91052373070759,58.05551164860408
B,30,20,115,log,1.5,0.5,1.0,57.38238035818349,0.8534195324337446,37.58858607542365,43.53491681673585
B,30,20,120,log,0.1,0.0,0.0,2.5910936812979863,0.8995744572867007,10.08066940487556,13.576207558347727
B,30,20,120,log,0.1,0.0,0.5,2.5910936812979863,0.8995744572867007,10.08066940487556,13.576207558347727
B,30,20,120,log,0.1,0.0,1.0,2.5910936812979863,0.8995744572867007,10.08066940487556,13.576207558347727
B,30,20,120,log,0.1,0.1,0.0,2.902964263109266,0.9004111208518225,11.00864687911162,14.86214274666411
B,30,20,120,log,0.1,0.1,0.5,2.7713997016787557,0.9002388096368833,10.638565246609671,14.387683255628456
B,30,20,120,log,0.1,0.1,1.0,2.6906569496699,0.8994693213977116,10.36817549532108,14.00578949157519
B,30,20,120,log,0.1,0.5,0.0,6.900234627383166,0.9012040145641288,17.526457792461848,22.33209161150987
B,30,20,120,log,0.1,0.5,0.5,4.778558253392217,0.9001078665881265,14.28532985048074,18.972666944866944
B,30,20,120,log,0.5,0.0,0.0,2.660270796743786,0.8985139479269506,10.114081356836202,13.690838730826409
B,30,20,120,log,0.1,0.5,1.0,3.269592481615014,0.8982568906314035,11.653656754587484,15.752409588493116
B,30,20,120,log,0.5,0.0,0.5,2.660270796743786,0.8985139479269506,10.114081356836202,13.690838730826409
B,30,20,120,log,0.5,0.0,1.0,2.660270796743786,0.8985139479269506,10.114081356836202,13.690838730826409
B,30,20,120,log,0.5,0.1,0.0,6.232702171502973,0.9003612308975353,16.52973024133427,21.36300490433471
B,30,20,120,log,0.5,0.1,0.5,4.4981785440376365,0.8993136356004079,13.749198677993451,18.39994306421674
B,30,20,120,log,0.5,0.1,1.0,3.273891971525915,0.8973674017605366,11.495625165734916,15.621923144119553
B,30,20,120,log,0.5,0.5,0.0,63.59714676623035,0.9007329639150876,41.63232364777672,46.30734669841153
B,30,20,120,log,0.5,0.5,0.5,32.43267850329939,0.8971036172872242,33.11699013723971,38.09111955667299
B,30,20,120,log,0.5,0.5,1.0,10.77505610951578,0.8853897633833627,19.97408375042108,25.865291330368173
B,30,20,120,log,1.0,0.0,0.0,2.6759330363918776,0.898312076522054,10.123626856738207,13.715909238230513
B,30,20,120,log,1.0,0.0,0.5,2.6759330363918776,0.898312076522054,10.123626856738207,13.715909238230513
B,30,20,120,log,1.0,0.1,0.0,14.201765904716405,0.900332473806877,24.48350213687852,29.390515920069976
B,30,20,120,log,1.0,0.0,1.0,2.6759330363918776,0.898312076522054,10.123626856738207,13.715909238230513
B,30,20,120,log,1.0,0.1,1.0,4.2814064301504375,0.8957701083263139,13.229168961236486,17.888143061942504
B,30,20,120,log,1.0,0.1,0.5,8.330455499550629,0.8984752970886095,18.668847713027255,23.810340934976068
B,30,20,120,log,1.0,0.5,0.0,197.19326335142512,0.9006040613143262,54.325396935373554,59.55337321195552
B,30,20,120,log,1.0,0.5,0.5,106.05134990123352,0.8943564247580408,46.6440247723707,51.8214780388063
B,30,20,120,log,1.0,0.5,1.0,33.32362879199344,0.8638290072348298,30.37157961871109,36.765626199410846
B,30,20,120,log,1.5,0.0,0.0,2.681886216993138,0.8982647492646798,10.127282083461887,13.725200689166416
B,30,20,120,log,1.5,0.0,0.5,2.681886216993138,0.8982647492646798,10.127282083461887,13.725200689166416
B,30,20,120,log,1.5,0.0,1.0,2.681886216993138,0.8982647492646798,10.127282083461887,13.725200689166416
B,30,20,120,log,1.5,0.1,0.0,26.11514434933274,0.900292476950274,31.308585720398305,36.03875461446994
B,30,20,120,log,1.5,0.1,0.5,14.01865415453303,0.8979012909893103,23.7468958239147,28.95174850231728
B,30,20,120,log,1.5,0.1,1.0,5.792387666401138,0.8930728197659862,15.25923843441827,20.410726566445025
B,30,20,120,log,1.5,0.5,0.0,360.0494485648848,0.9005570340285939,60.8432563414702,66.49527243222464
B,30,20,120,log,1.5,0.5,0.5,210.1580173653912,0.8920474165435455,54.26364502712541,59.81156164505926
B,30,20,120,log,1.5,0.5,1.0,70.5974107239177,0.8463153729370733,38.46928221150066,44.89660999936128
B,30,20,125,log,0.1,0.0,0.5,2.8361111723276293,0.8911359746345004,9.758994719818478,14.105995566637551
B,30,20,125,log,0.1,0.0,0.0,2.8361111723276293,0.8911359746345004,9.758994719818478,14.105995566637551
B,30,20,125,log,0.1,0.0,1.0,2.8361111723276293,0.8911359746345004,9.758994719818478,14.105995566637551
B,30,20,125,log,0.1,0.1,0.0,3.202574893029849,0.8924682487140579,10.85995314290035,15.449299250869776
B,30,20,125,log,0.1,0.1,1.0,2.9527627186950776,0.8913774480811245,10.11261101259443,14.565401458590571
B,30,20,125,log,0.1,0.1,0.5,3.051849169754628,0.8919850549881495,10.441172119175755,14.96652417753369
B,30,20,125,log,0.1,0.5,0.0,7.805157900954645,0.8938297993568212,17.825396436634648,23.09537660305237
B,30,20,125,log,0.1,0.5,0.5,5.359706678634484,0.8926397738972935,14.417621643883312,19.66700842954145
B,30,20,125,log,0.1,0.5,1.0,3.634025103113706,0.8902839801336698,11.573043131364445,16.387394338904866
B,30,20,125,log,0.5,0.0,0.0,2.9053876925109483,0.8900024761135181,9.743995771449908,14.202991520976386
B,30,20,125,log,0.5,0.0,0.5,2.9053876925109483,0.8900024761135181,9.743995771449908,14.202991520976386
B,30,20,125,log,0.5,0.0,1.0,2.9053876925109483,0.8900024761135181,9.743995771449908,14.202991520976386
B,30,20,125,log,0.5,0.1,0.0,7.066275748742345,0.8928747298651233,16.812593046878415,22.14241121177413
B,30,20,125,log,0.5,0.1,0.5,5.048253754216537,0.8917232935947185,13.838479659736652,19.09890300460101
B,30,20,125,log,0.5,0.1,1.0,3.629581005347727,0.8893421632387319,11.356644469815135,16.240404886257455
B,30,20,125,log,0.5,0.5,0.0,76.56648431451636,0.8933741008611875,42.628855141295226,47.668102507207045
B,30,20,125,log,0.5,0.5,0.5,38.41053102438907,0.8897995937195591,33.896756690941594,39.25203628232657
B,30,20,125,log,0.5,0.5,1.0,12.491466517532254,0.8784588413571317,20.324644102872167,26.747702157661063
B,30,20,125,log,1.0,0.0,0.0,2.9214498329216747,0.8898322048094073,9.743746166315177,14.22435318514059
B,30,20,125,log,1.0,0.0,0.5,2.9214498329216747,0.8898322048094073,9.743746166315177,14.22435318514059
B,30,20,125,log,1.0,0.0,1.0,2.9214498329216747,0.8898322048094073,9.743746166315177,14.22435318514059
B,30,20,125,log,1.0,0.1,0.0,16.454712810625978,0.8929159440251218,25.06185861362885,30.37435602279499
B,30,20,125,log,1.0,0.1,0.5,9.523560741462488,0.8910042041422634,19.009531671674694,24.64837546386003
B,30,20,125,log,1.0,0.1,1.0,4.815903104973242,0.8881592682406195,13.250889710466565,18.58840000811601
B,30,20,125,log,1.0,0.5,0.0,245.75195405784288,0.8932388332520315,55.59979394875781,61.22722519794004
B,30,20,125,log,1.0,0.5,0.5,129.98312489133065,0.8871450065769254,47.73214143262642,53.30340355593454
B,30,20,125,log,1.0,0.5,1.0,39.85715513972669,0.8581105879347903,31.037581921379576,37.87506553972271
B,30,20,125,log,1.5,0.0,0.0,2.927428067148299,0.8897306545178525,9.743614712539957,14.23212136830414
B,30,20,125,log,1.5,0.0,0.5,2.927428067148299,0.8897306545178525,9.743614712539957,14.23212136830414
B,30,20,125,log,1.5,0.0,1.0,2.927428067148299,0.8897306545178525,9.743614712539957,14.23212136830414
B,30,20,125,log,1.5,0.1,0.0,30.75532712493714,0.8928776312870503,32.087021375432485,37.18566017500228
B,30,20,125,log,1.5,0.1,0.5,16.262741134766696,0.8905163948681849,24.282143881931542,29.918210176144957
B,30,20,125,log,1.5,0.1,1.0,6.586726906301847,0.8857062522361433,15.40163749451148,21.17527379344611
B,30,20,125,log,1.5,0.5,0.0,457.123593100763,0.8931660469419768,62.254176448776185,68.32794288920124
B,30,20,125,log,1.5,0.5,0.5,262.81980011011694,0.8849246022656189,55.51615332269397,61.47647860651038
B,30,20,125,log,1.5,0.5,1.0,86.84004812471663,0.8402032291521572,39.29447586047688,46.20064206553801
B,30,20,130,log,0.1,0.0,0.0,2.817631256632136,0.8904655600288054,9.418992186309666,13.77117759758602
B,30,20,130,log,0.1,0.0,0.5,2.817631256632136,0.8904655600288054,9.418992186309666,13.77117759758602
B,30,20,130,log,0.1,0.0,1.0,2.817631256632136,0.8904655600288054,9.418992186309666,13.77117759758602
B,30,20,130,log,0.1,0.1,0.0,3.051877992461709,0.8918953055871117,10.362663305815486,14.91226514774586
B,30,20,130,log,0.1,0.1,0.5,2.9441701961905844,0.8915762345824829,10.00425534602439,14.498626279020623
B,30,20,130,log,0.1,0.1,1.0,2.88915316016696,0.8906739068301153,9.730149334772888,14.165707167070044
B,30,20,130,log,0.1,0.5,0.0,7.082000017313661,0.8937795355864775,16.88619570987447,22.144764687544782
B,30,20,130,log,0.1,0.5,0.5,4.888728908447797,0.8925103508221868,13.627388071607186,18.831034351483478
B,30,20,130,log,0.5,0.0,0.0,2.887980144797095,0.889223668732499,9.423406275542352,13.88218304498454
B,30,20,130,log,0.1,0.5,1.0,3.4188915748861475,0.8897873356919869,11.023513931188784,15.772595915172529
B,30,20,130,log,0.5,0.0,0.5,2.887980144797095,0.889223668732499,9.423406275542352,13.88218304498454
B,30,20,130,log,0.5,0.0,1.0,2.887980144797095,0.889223668732499,9.423406275542352,13.88218304498454
B,30,20,130,log,0.5,0.1,0.0,6.4321797004947,0.8927911531941151,15.93657174200256,21.245502300141425
B,30,20,130,log,0.5,0.1,0.5,4.636114124694939,0.8914694409261973,13.121051784214762,18.32701945755904
B,30,20,130,log,0.5,0.1,1.0,3.438032641566525,0.8886726201799944,10.854039509739184,15.678455961773617
B,30,20,130,log,0.5,0.5,0.0,71.34974672365598,0.8933620438038579,41.80272006769457,46.79560060555768
B,30,20,130,log,0.5,0.5,0.5,35.41646147648436,0.8897842729530847,32.889131606995164,38.26100890414376
B,30,20,130,log,0.5,0.5,1.0,11.325858334879314,0.8786855624243787,19.347971692796342,25.76903960256036
B,30,20,130,log,1.0,0.0,0.0,2.904704471830269,0.8888890447798333,9.426538752359098,13.906657084569437
B,30,20,130,log,1.0,0.0,0.5,2.904704471830269,0.8888890447798333,9.426538752359098,13.906657084569437
B,30,20,130,log,1.0,0.0,1.0,2.904704471830269,0.8888890447798333,9.426538752359098,13.906657084569437
B,30,20,130,log,1.0,0.1,0.0,15.047838534202237,0.892896340372406,24.022494005975812,29.37499300483952
B,30,20,130,log,1.0,0.1,0.5,8.667159083235388,0.8908840209746562,18.06532458099563,23.704073132723707
B,30,20,130,log,1.0,0.1,1.0,4.448411154445767,0.8876861504072064,12.60391816966789,17.860990471617455
B,30,20,130,log,1.0,0.5,0.0,232.79153067942383,0.8932154783932944,55.02785788096689,60.58464366336017
B,30,20,130,log,1.0,0.5,0.5,121.81847677173104,0.8871852950894048,46.98934831861724,52.49972213901058
B,30,20,130,log,1.0,0.5,1.0,36.560719440215465,0.8590040023211769,29.94202764276333,36.85132440821692
B,30,20,130,log,1.5,0.0,0.0,2.911040342199916,0.8888261914391565,9.427692675660728,13.915654635111991
B,30,20,130,log,1.5,0.0,0.5,2.911040342199916,0.8888261914391565,9.427692675660728,13.915654635111991
B,30,20,130,log,1.5,0.0,1.0,2.911040342199916,0.8888261914391565,9.427692675660728,13.915654635111991
B,30,20,130,log,1.5,0.1,0.0,28.34839160147134,0.8928586101346443,31.08578550982556,36.20600787906229
B,30,20,130,log,1.5,0.1,0.5,14.858511155898634,0.8904333259092594,23.2484560589814,28.919170447022367
B,30,20,130,log,1.5,0.1,1.0,6.007707672195197,0.8855753588659467,14.628083634912937,20.33332088258992
B,30,20,130,log,1.5,0.5,0.0,437.08433237005767,0.8931479779300899,61.80710300921088,67.81560946228586
B,30,20,130,log,1.5,0.5,0.5,248.774476388508,0.8850263506199095,54.92371092399998,60.81413754640447
B,30,20,130,log,1.5,0.5,1.0,80.70797759878569,0.8410230613874894,38.30304725273052,45.2358874344844
C,15,10,115,log,0.1,0.0,0.0,4.72983450136886,0.8767737727571955,13.5067322891362,17.22482464134897
C,15,10,115,log,0.1,0.0,0.5,4.72983450136886,0.8767737727571955,13.5067322891362,17.22482464134897
C,15,10,115,log,0.1,0.0,1.0,4.72983450136886,0.8767737727571955,13.5067322891362,17.22482464134897
C,15,10,115,log,0.1,0.1,0.0,5.050786544875069,0.8773002546923608,14.295445862938838,18.38410845124012
C,15,10,115,log,0.1,0.1,0.5,4.835706529856773,0.8776851360747656,13.94593146913,17.868553722762236
C,15,10,115,log,0.1,0.1,1.0,4.697689658135324,0.8776456593383894,13.66576119444105,17.426926046913103
C,15,10,115,log,0.1,0.5,0.0,9.927558411967446,0.8782423624029265,19.73160962064363,24.940094890703865
C,15,10,115,log,0.1,0.5,0.5,6.933384579250939,0.8783258283963592,16.964645459106237,21.731696156902167
C,15,10,115,log,0.1,0.5,1.0,5.112498520949577,0.876703141819943,14.796553255202506,18.853859186036217
C,15,10,115,log,0.5,0.0,0.0,4.875491565668349,0.8760330983704568,13.562395198124031,17.37186174553446
C,15,10,115,log,0.5,0.0,0.5,4.875491565668349,0.8760330983704568,13.562395198124031,17.37186174553446
C,15,10,115,log,0.5,0.0,1.0,4.875491565668349,0.8760330983704568,13.562395198124031,17.37186174553446
C,15,10,115,log,0.5,0.1,0.0,9.17626474902471,0.8775321700587355,18.855758411169937,24.08282219606108
C,15,10,115,log,0.5,0.1,0.5,6.721686034902189,0.8777543031365278,16.52380909142281,21.29287548707127
C,15,10,115,log,0.5,0.1,1.0,5.183686124678354,0.8764783373155562,14.666904935530829,18.78139141656347
C,15,10,115,log,0.5,0.5,0.0,71.62500115042104,0.8781006854865483,42.16022900557171,47.22653328935526
C,15,10,115,log,0.5,0.5,0.5,37.16741671805308,0.8750739978917931,34.079558037553994,39.40772813342009
C,15,10,115,log,0.5,0.5,1.0,13.224109156609495,0.8556782167101058,22.244979002179143,27.94773931757959
C,15,10,115,log,1.0,0.0,0.0,4.906714991920301,0.8759375047525289,13.573888962299057,17.400713133529013
C,15,10,115,log,1.0,0.0,0.5,4.906714991920301,0.8759375047525289,13.573888962299057,17.400713133529013
C,15,10,115,log,1.0,0.0,1.0,4.906714991920301,0.8759375047525289,13.573888962299057,17.400713133529013
C,15,10,115,log,1.0,0.1,0.0,18.54588866923732,0.8776297445174965,25.72606799755525,31.259179189111087
C,15,10,115,log,1.0,0.1,0.5,11.0622941229723,0.8774186906819704,20.713101636680477,26.104664294215944
C,15,10,115,log,1.0,0.1,1.0,6.2431554135488,0.8736509333147445,16.262549496067404,20.80358751980097
C,15,10,115,log,1.0,0.5,0.0,199.80343996622287,0.8780611670253308,54.95780728388716,60.06646593673655
C,15,10,115,log,1.0,0.5,0.5,110.46372649928972,0.8705737154114812,47.43575662542226,52.65153759236146
C,15,10,115,log,1.0,0.5,1.0,32.89970242381814,0.8491622255191448,31.630856092631472,37.51920420157933
C,15,10,115,log,1.5,0.0,0.0,4.91835825886386,0.875892826998934,13.577842491754089,17.411045383066863
C,15,10,115,log,1.5,0.0,0.5,4.91835825886386,0.875892826998934,13.577842491754089,17.411045383066863
C,15,10,115,log,1.5,0.0,1.0,4.91835825886386,0.875892826998934,13.577842491754089,17.411045383066863
C,15,10,115,log,1.5,0.1,0.0,31.84857631857996,0.8776476053608289,32.01116992476567,37.39859668019045
C,15,10,115,log,1.5,0.1,0.5,17.40488562746764,0.876712601857532,25.26166684883348,30.794209682506043
C,15,10,115,log,1.5,0.1,1.0,7.870636596039121,0.8688194864846193,18.050643651069485,23.068825447062164
C,15,10,115,log,1.5,0.5,0.0,345.9138173595836,0.8780331639385952,61.536316411017495,66.85765993603447
C,15,10,115,log,1.5,0.5,0.5,207.8180644000121,0.8666192599468776,55.04774667517744,60.43609914737904
C,15,10,115,log,1.5,0.5,1.0,64.40398784443558,0.8413779102861078,39.52520198597468,45.37898934420786
C,15,10,120,log,0.1,0.0,0.0,5.345787111970605,0.8683321855314385,13.27751296439026,17.7298218805732
C,15,10,120,log,0.1,0.0,0.5,5.345787111970605,0.8683321855314385,13.27751296439026,17.7298218805732
C,15,10,120,log,0.1,0.0,1.0,5.345787111970605,0.8683321855314385,13.27751296439026,17.7298218805732
C,15,10,120,log,0.1,0.1,0.0,5.756197168475157,0.8692413239266397,14.23570407045084,18.99781841206406
C,15,10,120,log,0.1,0.1,0.5,5.495947414604389,0.869445788180886,13.83203918289836,18.44570213828336
C,15,10,120,log,0.1,0.1,1.0,5.312924032503021,0.8693900745711737,13.493235742732114,17.965079645908226
C,15,10,120,log,0.1,0.5,0.0,11.646897886648317,0.8705041266002171,20.13799283668358,25.86974911210914
C,15,10,120,log,0.1,0.5,0.5,8.030663817566722,0.8706665467304269,17.20116266709882,22.550016414731918
C,15,10,120,log,0.5,0.0,0.0,5.507868001976271,0.8674181415318565,13.276671153542509,17.855924312550265
C,15,10,120,log,0.1,0.5,1.0,5.83346488371891,0.8687633233315006,14.81728983040884,19.530277919956763
C,15,10,120,log,0.5,0.0,0.5,5.507868001976271,0.8674181415318565,13.276671153542509,17.855924312550265
C,15,10,120,log,0.5,0.0,1.0,5.507868001976271,0.8674181415318565,13.276671153542509,17.855924312550265
C,15,10,120,log,0.5,0.1,0.0,10.773209685475951,0.8696692499259712,19.213772366793428,25.00560872981947
C,15,10,120,log,0.5,0.1,0.5,7.784131267215403,0.8698092443092804,16.692618886328642,22.09041961175156
C,15,10,120,log,0.5,0.1,1.0,5.916194263051773,0.868368962522322,14.618940799880267,19.430474752949973
C,15,10,120,log,0.5,0.5,0.0,88.54692700347896,0.8704215106031447,43.349225680085496,48.82481694558569
C,15,10,120,log,0.5,0.5,0.5,45.215517145501884,0.8675483111995526,35.03418000349982,40.79383361027968
C,15,10,120,log,0.5,0.5,1.0,15.778811649742854,0.8480513485323165,22.82986035499904,29.053052171178923
C,15,10,120,log,1.0,0.0,0.0,5.543003713123605,0.8672326138885598,13.277034403779428,17.88071763148499
C,15,10,120,log,1.0,0.0,0.5,5.543003713123605,0.8672326138885598,13.277034403779428,17.88071763148499
C,15,10,120,log,1.0,0.0,1.0,5.543003713123605,0.8672326138885598,13.277034403779428,17.88071763148499
C,15,10,120,log,1.0,0.1,0.0,22.21562831803882,0.8699087980478886,26.418841239764333,32.43230934240684
C,15,10,120,log,1.0,0.1,1.0,7.201691250170214,0.8657865088734438,16.386889603290246,21.58359171136467
C,15,10,120,log,1.0,0.1,0.5,13.066867419645348,0.8696861826423861,21.186589489025007,27.11249116039134
C,15,10,120,log,1.0,0.5,0.0,254.21678502849787,0.8703739222555378,56.499723279207885,62.0249665970437
C,15,10,120,log,1.0,0.5,0.5,138.3450933088332,0.8632172950236064,48.75681759320459,54.39936977570899
C,15,10,120,log,1.0,0.5,1.0,40.13123966545096,0.8418568321042998,32.48552378376979,38.8541773656113
C,15,10,120,log,1.5,0.0,0.0,5.556153246819452,0.8671597497128565,13.276861855619645,17.88949679014021
C,15,10,120,log,1.5,0.0,0.5,5.556153246819452,0.8671597497128565,13.276861855619645,17.88949679014021
C,15,10,120,log,1.5,0.0,1.0,5.556153246819452,0.8671597497128565,13.276861855619645,17.88949679014021
C,15,10,120,log,1.5,0.1,0.0,38.6612735956578,0.8699224691075343,32.92475608737944,38.752027378931295
C,15,10,120,log,1.5,0.1,0.5,20.812361045759,0.8690661815401661,25.93943669381045,31.955512294003316
C,15,10,120,log,1.5,0.1,1.0,9.1837097630316,0.8613625514995267,18.32961396605588,23.961160146526197
C,15,10,120,log,1.5,0.5,0.0,447.3067447702745,0.8703379025316049,63.25317855320841,69.00445523363808
C,15,10,120,log,1.5,0.5,1.0,79.80062297685132,0.8345541104928822,40.55417314368239,46.897919142570174
C,15,10,120,log,1.5,0.5,0.5,264.95274281795633,0.8594447545878836,56.57622518790082,62.39802748115609
C,15,10,125,log,0.1,0.0,0.0,6.138370769950096,0.8588962330500716,12.995207205593328,18.48148089086545
C,15,10,125,log,0.1,0.0,0.5,6.138370769950096,0.8588962330500716,12.995207205593328,18.48148089086545
C,15,10,125,log,0.1,0.0,1.0,6.138370769950096,0.8588962330500716,12.995207205593328,18.48148089086545
C,15,10,125,log,0.1,0.1,0.0,6.643611640605023,0.8603796749189622,14.121497783063608,19.803780227346707
C,15,10,125,log,0.1,0.1,1.0,6.095775970865653,0.8601145802793067,13.272884078781534,18.73574019056604
C,15,10,125,log,0.1,0.1,0.5,6.318447114525839,0.8606170166626395,13.668033983459775,19.233540380400687
C,15,10,125,log,0.1,0.5,0.0,13.725803662529165,0.862349514785848,20.473513249679336,26.844474210378294
C,15,10,125,log,0.1,0.5,0.5,9.376617689543872,0.8622585014262973,17.368696067601498,23.45812525697932
C,15,10,125,log,0.1,0.5,1.0,6.740841539357589,0.8600203844611481,14.779615171771104,20.3725260384176
C,15,10,125,log,0.5,0.0,0.0,6.328972982055219,0.8579755618034289,12.945322279972862,18.598287290592506
C,15,10,125,log,0.5,0.0,0.5,6.328972982055219,0.8579755618034289,12.945322279972862,18.598287290592506
C,15,10,125,log,0.5,0.0,1.0,6.328972982055219,0.8579755618034289,12.945322279972862,18.598287290592506
C,15,10,125,log,0.5,0.1,0.0,12.712850258564885,0.8614619646406425,19.507082855301068,25.98799400496125
C,15,10,125,log,0.5,0.1,0.5,9.094638370129418,0.8614246673127814,16.799514092347017,22.99697966564643
C,15,10,125,log,0.5,0.1,1.0,6.832267117895031,0.8593775004152734,14.520282770110068,20.262925229074888
C,15,10,125,log,0.5,0.5,0.0,109.57661889311905,0.8623979745348531,44.46425262355248,50.362402153587496
C,15,10,125,log,0.5,0.5,1.0,18.917603133232813,0.8406246364099509,23.3418322322086,30.170030326630872
C,15,10,125,log,0.5,0.5,0.5,55.11778322657847,0.8597615261366442,35.92513177466073,42.13692028868232
C,15,10,125,log,1.0,0.0,0.0,6.3706372087191045,0.8578468666437301,12.936788504749384,18.62131652765793
C,15,10,125,log,1.0,0.0,0.5,6.3706372087191045,0.8578468666437301,12.936788504749384,18.62131652765793
C,15,10,125,log,1.0,0.0,1.0,6.3706372087191045,0.8578468666437301,12.936788504749384,18.62131652765793
C,15,10,125,log,1.0,0.1,0.0,26.677882157283012,0.8618247693908085,27.04464541561728,33.597782186007144
C,15,10,125,log,1.0,0.1,1.0,8.397338080744172,0.857350699728244,16.44332758189054,22.489347909583437
C,15,10,125,log,1.0,0.1,0.5,15.507980554526876,0.8615596236438824,21.59987748493252,28.153020720714125
C,15,10,125,log,1.0,0.5,0.0,323.374035603178,0.8623451108952439,57.94461115169763,63.896281009638656
C,15,10,125,log,1.0,0.5,0.5,173.39012667291445,0.85570583892839,49.99544687860213,56.075360137903125
C,15,10,125,log,1.5,0.0,0.0,6.386181031311797,0.8577656601014338,12.933258498095324,18.629381062895156
C,15,10,125,log,1.0,0.5,1.0,49.088865152304976,0.8347446298597945,33.292185901663544,40.15173017573381
C,15,10,125,log,1.5,0.0,0.5,6.386181031311797,0.8577656601014338,12.933258498095324,18.629381062895156
C,15,10,125,log,1.5,0.0,1.0,6.386181031311797,0.8577656601014338,12.933258498095324,18.629381062895156
C,15,10,125,log,1.5,0.1,0.0,47.01384624964329,0.8618578228935178,33.774490633767144,40.06975265327726
C,15,10,125,log,1.5,0.1,0.5,24.96520591215564,0.8611026883603842,26.55446541583816,33.10914334283673
C,15,10,125,log,1.5,0.1,1.0,10.803638211636056,0.8534293685681504,18.54038446941165,24.93073895656331
C,15,10,125,log,1.5,0.5,0.0,577.8439873269914,0.8623037390670639,64.86107691439912,71.0506727305833
C,15,10,125,log,1.5,0.5,1.0,99.06846002894753,0.8278963627713282,41.52101884354964,48.36316056410324
C,15,10,125,log,1.5,0.5,0.5,337.7375114339792,0.8521856503356178,58.00810447793906,64.27238143612037
C,15,10,130,log,0.1,0.0,0.5,6.211732686319996,0.8584269244481538,12.565477240415529,18.08234584104989
C,15,10,130,log,0.1,0.0,0.0,6.211732686319996,0.8584269244481538,12.565477240415529,18.08234584104989
C,15,10,130,log,0.1,0.0,1.0,6.211732686319996,0.8584269244481538,12.565477240415529,18.08234584104989
C,15,10,130,log,0.1,0.1,0.0,6.458376035414725,0.8597398164990924,13.561597318186529,19.23781225662814
C,15,10,130,log,0.1,0.1,1.0,6.090564996014017,0.859350590367464,12.798877989869824,18.282590070475784
C,15,10,130,log,0.1,0.1,0.5,6.22077826653885,0.8596239092998517,13.151179484954724,18.72184745451957
C,15,10,130,log,0.1,0.5,0.0,12.615367903429927,0.8622188553601443,19.49647610719147,25.90015606464653
C,15,10,130,log,0.1,0.5,0.5,8.688470598330621,0.8620420649650669,16.541500321933054,22.61634626262464
C,15,10,130,log,0.1,0.5,1.0,6.467720201152995,0.8594603869772899,14.165019432748684,19.726742749698428
C,15,10,130,log,0.5,0.0,0.0,6.393546895299429,0.8572438139524244,12.538332251390754,18.211872678785483
C,15,10,130,log,0.5,0.0,0.5,6.393546895299429,0.8572438139524244,12.538332251390754,18.211872678785483
C,15,10,130,log,0.5,0.0,1.0,6.393546895299429,0.8572438139524244,12.538332251390754,18.211872678785483
C,15,10,130,log,0.5,0.1,0.0,11.733956344740502,0.8611847934898641,18.606495113009675,25.10554613639345
C,15,10,130,log,0.5,0.1,0.5,8.481170704898169,0.8610173731351644,16.0501539608886,22.219043838029272
C,15,10,130,log,0.5,0.1,1.0,6.574907887318569,0.858743286698936,13.949508225193204,19.661450271948645
C,15,10,130,log,0.5,0.5,0.0,102.41455501841146,0.8623754134783835,43.4830870313631,49.40656745259206
C,15,10,130,log,0.5,0.5,0.5,50.88364815955931,0.8598263539016944,34.77594457748866,41.06652111078235
C,15,10,130,log,0.5,0.5,1.0,17.274755532322228,0.8407827041611217,22.318222518857937,29.194726267037375
C,15,10,130,log,1.0,0.0,0.0,6.432165862986016,0.8569629476839145,12.533886791920022,18.23726946432984
C,15,10,130,log,1.0,0.0,0.5,6.432165862986016,0.8569629476839145,12.533886791920022,18.23726946432984
C,15,10,130,log,1.0,0.0,1.0,6.432165862986016,0.8569629476839145,12.533886791920022,18.23726946432984
C,15,10,130,log,1.0,0.1,0.0,24.580388667699932,0.8617558323361386,25.945548209399487,32.57913134228978
C,15,10,130,log,1.0,0.1,0.5,14.228762203249516,0.8614059091928119,20.60018078885827,27.19419527204742
C,15,10,130,log,1.0,0.1,1.0,7.874587212262972,0.8568245905444851,15.755954339537576,21.739912522367103
C,15,10,130,log,1.0,0.5,0.0,306.62059706485326,0.8623164775924911,57.259723383009074,63.1706080905366
C,15,10,130,log,1.0,0.5,0.5,162.42695609622228,0.8559172540012592,49.119229093059815,55.17717316575175
C,15,10,130,log,1.0,0.5,1.0,44.98992044057511,0.8350540377947929,32.05551975445468,39.02387637193127
C,15,10,130,log,1.5,0.0,0.0,6.446707527463895,0.85686635723514,12.53188920809357,18.24624319022109
C,15,10,130,log,1.5,0.0,0.5,6.446707527463895,0.85686635723514,12.53188920809357,18.24624319022109
C,15,10,130,log,1.5,0.0,1.0,6.446707527463895,0.85686635723514,12.53188920809357,18.24624319022109
C,15,10,130,log,1.5,0.1,0.0,43.546079243222025,0.8618108635508308,32.654081269544726,39.03808106080932
C,15,10,130,log,1.5,0.1,0.5,22.905544644132853,0.8610461497677852,25.43014919231843,32.06892998658277
C,15,10,130,log,1.5,0.1,1.0,9.97597841133016,0.8532638304179798,17.742934517265425,24.079874175337068
C,15,10,130,log,1.5,0.5,0.0,552.5693409273883,0.8622761003350485,64.32724215469162,70.46768675842992
C,15,10,130,log,1.5,0.5,0.5,319.3728273613148,0.8525282357855131,57.31086872639721,63.526777376828704
C,15,10,130,log,1.5,0.5,1.0,91.51442733302642,0.8285235043970791,40.39410422658828,47.267048651729866
C,15,15,115,log,0.1,0.0,0.0,4.7661343079802325,0.8765161136141593,13.522961465125942,17.249249271302553
C,15,15,115,log,0.1,0.0,0.5,4.7661343079802325,0.8765161136141593,13.522961465125942,17.249249271302553
C,15,15,115,log,0.1,0.0,1.0,4.7661343079802325,0.8765161136141593,13.522961465125942,17.249249271302553
C,15,15,115,log,0.1,0.1,0.0,5.080793445306182,0.8770907427704577,14.308812552874278,18.406165279606736
C,15,15,115,log,0.1,0.1,1.0,4.698427311939983,0.8776361005760694,13.667314629866445,17.42856871744507
C,15,15,115,log,0.1,0.1,0.5,4.8422295501751424,0.8776886915055762,13.949841145750844,17.875403161448805
C,15,15,115,log,0.1,0.5,0.0,9.955389856594833,0.8780374572013059,19.737900382321367,24.95192759025593
C,15,15,115,log,0.1,0.5,0.5,6.933384579250939,0.8783258283963592,16.964645459106237,21.731696156902167
C,15,15,115,log,0.1,0.5,1.0,5.112498520949577,0.876703141819943,14.796553255202506,18.853859186036217
C,15,15,115,log,0.5,0.0,0.0,4.916506985168272,0.8757384637455434,13.57900607223004,17.399196315151
C,15,15,115,log,0.5,0.0,0.5,4.916506985168272,0.8757384637455434,13.57900607223004,17.399196315151
C,15,15,115,log,0.5,0.0,1.0,4.916506985168272,0.8757384637455434,13.57900607223004,17.399196315151
C,15,15,115,log,0.5,0.1,0.0,9.208682760117895,0.8773388128267803,18.86045590758555,24.097329175755192
C,15,15,115,log,0.5,0.1,0.5,6.721686034902203,0.8777543031365278,16.523809091422823,21.29287548707129
C,15,15,115,log,0.5,0.1,1.0,5.183686124678354,0.8764783373155562,14.666904935530829,18.78139141656347
C,15,15,115,log,0.5,0.5,0.0,71.69065585446347,0.8778896688908763,42.14975645839882,47.22216225245225
C,15,15,115,log,0.5,0.5,1.0,13.224109156609495,0.8556782167101058,22.244979002179143,27.94773931757959
C,15,15,115,log,0.5,0.5,0.5,37.16741671805308,0.8750739978917931,34.079558037553994,39.40772813342009
C,15,15,115,log,1.0,0.0,0.0,4.948641794013511,0.875597133273811,13.59019403292801,17.428463078695604
C,15,15,115,log,1.0,0.0,0.5,4.948641794013511,0.875597133273811,13.59019403292801,17.428463078695604
C,15,15,115,log,1.0,0.1,0.0,18.58991969964043,0.8774296396706533,25.720100781846952,31.26387290240924
C,15,15,115,log,1.0,0.0,1.0,4.948641794013511,0.875597133273811,13.59019403292801,17.428463078695604
C,15,15,115,log,1.0,0.1,0.5,11.0622941229723,0.8774186906819704,20.713101636680477,26.104664294215944
C,15,15,115,log,1.0,0.1,1.0,6.2431554135488,0.8736509333147445,16.262549496067404,20.80358751980097
C,15,15,115,log,1.0,0.5,0.0,199.85144563207157,0.8778589873442127,54.95033618026432,60.06060187100307
C,15,15,115,log,1.0,0.5,0.5,110.46372649928972,0.8705737154114812,47.43575662542226,52.65153759236146
C,15,15,115,log,1.5,0.0,0.0,4.960758186157493,0.8755561412616683,13.59419045720137,17.438983328983916
C,15,15,115,log,1.0,0.5,1.0,32.89970242381814,0.8491622255191448,31.630856092631472,37.519204201579335
C,15,15,115,log,1.5,0.0,1.0,4.960758186157493,0.8755561412616683,13.59419045720137,17.438983328983916
C,15,15,115,log,1.5,0.0,0.5,4.960758186157493,0.8755561412616683,13.59419045720137,17.438983328983916
C,15,15,115,log,1.5,0.1,0.0,31.90212650271565,0.8774368391695816,31.99912822743464,37.39801528217546
C,15,15,115,log,1.5,0.1,0.5,17.404885627467653,0.876712601857532,25.26166684883349,30.794209682506057
C,15,15,115,log,1.5,0.1,1.0,7.870636596039122,0.8688194864846193,18.050643651069485,23.068825447062164
C,15,15,115,log,1.5,0.5,0.0,345.9181456275618,0.8778500876513042,61.53052525873584,66.85232745997301
C,15,15,115,log,1.5,0.5,0.5,207.8180644000121,0.8666192599468776,55.04774667517744,60.43609914737904
C,15,15,115,log,1.5,0.5,1.0,64.40398784443558,0.8413779102861078,39.52520198597468,45.37898934420786
C,15,15,120,log,0.1,0.0,0.0,5.38453663107601,0.8681535241786884,13.29031857889844,17.752110900225254
C,15,15,120,log,0.1,0.0,0.5,5.38453663107601,0.8681535241786884,13.29031857889844,17.752110900225254
C,15,15,120,log,0.1,0.0,1.0,5.38453663107601,0.8681535241786884,13.29031857889844,17.752110900225254
C,15,15,120,log,0.1,0.1,0.0,5.793194309886435,0.8690089608669979,14.24524968666592,19.019303953253846
C,15,15,120,log,0.1,0.1,1.0,5.314235185477669,0.8693825856569461,13.494489304954206,17.96679937681589
C,15,15,120,log,0.1,0.1,0.5,5.503909944370647,0.8693754767915749,13.83610673316179,18.45251723046076
C,15,15,120,log,0.1,0.5,0.0,11.6805670038716,0.8702910290234106,20.143666590127637,25.88180037477747
C,15,15,120,log,0.1,0.5,0.5,8.030663817566722,0.8706665467304269,17.20116266709882,22.550016414731918
C,15,15,120,log,0.5,0.0,0.0,5.554936661906818,0.8672594117514147,13.291353228596504,17.88102670721849
C,15,15,120,log,0.1,0.5,1.0,5.833464883718911,0.8687633233315006,14.81728983040884,19.530277919956763
C,15,15,120,log,0.5,0.0,1.0,5.554936661906818,0.8672594117514147,13.291353228596504,17.88102670721849
C,15,15,120,log,0.5,0.0,0.5,5.554936661906818,0.8672594117514147,13.291353228596504,17.88102670721849
C,15,15,120,log,0.5,0.1,0.0,10.8115598256561,0.8694439702504964,19.21847935733199,25.019321322487382
C,15,15,120,log,0.5,0.1,0.5,7.784131267215403,0.8698092443092804,16.692618886328642,22.09041961175156
C,15,15,120,log,0.5,0.1,1.0,5.916194263051773,0.868368962522322,14.618940799880267,19.430474752949973
C,15,15,120,log,0.5,0.5,0.0,88.62149131902478,0.8701919710019773,43.33836590403549,48.820132766626855
C,15,15,120,log,0.5,0.5,1.0,15.778811649742854,0.8480513485323165,22.82986035499904,29.053052171178923
C,15,15,120,log,0.5,0.5,0.5,45.215517145501884,0.8675483111995526,35.03418000349982,40.79383361027968
C,15,15,120,log,1.0,0.0,0.5,5.592409924133862,0.8670801243001615,13.29184075485038,17.90659079294509
C,15,15,120,log,1.0,0.0,0.0,5.592409924133862,0.8670801243001615,13.29184075485038,17.90659079294509
C,15,15,120,log,1.0,0.0,1.0,5.592409924133862,0.8670801243001615,13.29184075485038,17.90659079294509
C,15,15,120,log,1.0,0.1,0.0,22.26626482894184,0.8696722378391932,26.412525943394066,32.43674257541613
C,15,15,120,log,1.0,0.1,1.0,7.201691250170214,0.8657865088734438,16.386889603290246,21.58359171136467
C,15,15,120,log,1.0,0.1,0.5,13.066867419645352,0.8696861826423861,21.186589489025007,27.11249116039134
C,15,15,120,log,1.0,0.5,0.0,254.2630560652191,0.8701619190979498,56.491997375622965,62.018780373127456
C,15,15,120,log,1.0,0.5,0.5,138.3450933088332,0.8632172950236064,48.75681759320459,54.39936977570899
C,15,15,120,log,1.0,0.5,1.0,40.13123966545096,0.8418568321042998,32.48552378376979,38.8541773656113
C,15,15,120,log,1.5,0.0,0.0,5.606478447294761,0.8670010572379961,13.291702650591604,17.915659823550943
C,15,15,120,log,1.5,0.0,0.5,5.606478447294761,0.8670010572379961,13.291702650591604,17.915659823550943
C,15,15,120,log,1.5,0.0,1.0,5.606478447294761,0.8670010572379961,13.291702650591604,17.915659823550943
C,15,15,120,log,1.5,0.1,0.0,38.72329826231885,0.8696920262659553,32.91367070439162,38.75118938218832
C,15,15,120,log,1.5,0.1,0.5,20.812361045758998,0.8690661815401661,25.93943669381045,31.955512294003316
C,15,15,120,log,1.5,0.1,1.0,9.1837097630316,0.8613625514995267,18.32961396605588,23.961160146526197
C,15,15,120,log,1.5,0.5,0.0,447.29095945382414,0.870139109143175,63.2471899711383,68.99885246857602
C,15,15,120,log,1.5,0.5,0.5,264.95274281795633,0.8594447545878836,56.57622518790082,62.39802748115609
C,15,15,120,log,1.5,0.5,1.0,79.80062297685132,0.8345541104928822,40.55417314368239,46.897919142570174
C,15,15,125,log,0.1,0.0,0.0,6.184245305761737,0.8588050182528443,13.00834771011868,18.50237730256849
C,15,15,125,log,0.1,0.0,0.5,6.184245305761737,0.8588050182528443,13.00834771011868,18.50237730256849
C,15,15,125,log,0.1,0.0,1.0,6.184245305761737,0.8588050182528443,13.00834771011868,18.50237730256849
C,15,15,125,log,0.1,0.1,0.0,6.682220186949749,0.860121829708763,14.12991426502166,19.82334143807461
C,15,15,125,log,0.1,0.1,1.0,6.097483763080112,0.8601251961382005,13.273948263514432,18.73746840089897
C,15,15,125,log,0.1,0.1,0.5,6.32546544123789,0.8605999624012896,13.673085892319689,19.240308335182498
C,15,15,125,log,0.1,0.5,0.0,13.763207170209752,0.8621227622150721,20.480605959633216,26.85682355364752
C,15,15,125,log,0.1,0.5,0.5,9.376617689543872,0.8622585014262973,17.368696067601498,23.45812525697932
C,15,15,125,log,0.5,0.0,0.0,6.3864534923107605,0.8577887737179302,12.958258417684911,18.62240625140024
C,15,15,125,log,0.1,0.5,1.0,6.740841539357589,0.8600203844611481,14.779615171771104,20.3725260384176
C,15,15,125,log,0.5,0.0,1.0,6.3864534923107605,0.8577887737179302,12.958258417684911,18.62240625140024
C,15,15,125,log,0.5,0.0,0.5,6.3864534923107605,0.8577887737179302,12.958258417684911,18.62240625140024
C,15,15,125,log,0.5,0.1,0.0,12.757287909006786,0.8611547676492289,19.514533478875776,26.00169813403808
C,15,15,125,log,0.5,0.1,0.5,9.09463837012942,0.8614246673127814,16.799514092347017,22.99697966564643
C,15,15,125,log,0.5,0.1,1.0,6.832267117895031,0.8593775004152734,14.520282770110068,20.262925229074888
C,15,15,125,log,0.5,0.5,0.0,109.65327079029171,0.8621621924284273,44.45247179250908,50.35742714038268
C,15,15,125,log,0.5,0.5,1.0,18.917603133232813,0.8406246364099509,23.3418322322086,30.170030326630872
C,15,15,125,log,0.5,0.5,0.5,55.11778322657847,0.8597615261366442,35.92513177466073,42.13692028868232
C,15,15,125,log,1.0,0.0,0.0,6.430502719566019,0.8576434778849219,12.949592059738592,18.645896823333697
C,15,15,125,log,1.0,0.0,0.5,6.430502719566019,0.8576434778849219,12.949592059738592,18.645896823333697
C,15,15,125,log,1.0,0.0,1.0,6.430502719566019,0.8576434778849219,12.949592059738592,18.645896823333697
C,15,15,125,log,1.0,0.1,0.0,26.733296533502383,0.8615695530574294,27.038183679068755,33.60209814289801
C,15,15,125,log,1.0,0.1,0.5,15.507980554526858,0.8615596236438824,21.599877484932502,28.15302072071412
C,15,15,125,log,1.0,0.1,1.0,8.397338080744172,0.857350699728244,16.44332758189054,22.489347909583437
C,15,15,125,log,1.0,0.5,0.0,323.40530596742366,0.8621241018827129,57.93664534010557,63.88982069570088
C,15,15,125,log,1.0,0.5,0.5,173.39012667291445,0.85570583892839,49.99544687860213,56.075360137903125
C,15,15,125,log,1.0,0.5,1.0,49.08886515230498,0.8347446298597945,33.292185901663544,40.15173017573381
C,15,15,125,log,1.5,0.0,0.0,6.446591279090763,0.8575229972702015,12.946014950121016,18.654106173651204
C,15,15,125,log,1.5,0.0,0.5,6.446591279090763,0.8575229972702015,12.946014950121016,18.654106173651204
C,15,15,125,log,1.5,0.0,1.0,6.446591279090763,0.8575229972702015,12.946014950121016,18.654106173651204
C,15,15,125,log,1.5,0.1,0.0,47.08093888298024,0.8616193522020057,33.76268745830054,40.06864298987891
C,15,15,125,log,1.5,0.1,0.5,24.965205912155643,0.8611026883603842,26.55446541583816,33.10914334283673
C,15,15,125,log,1.5,0.5,0.0,577.7877083736505,0.8621024412519258,64.85487467119749,71.04481129126006
C,15,15,125,log,1.5,0.1,1.0,10.803638211636056,0.8534293685681504,18.54038446941165,24.93073895656331
C,15,15,125,log,1.5,0.5,1.0,99.06846002894753,0.8278963627713282,41.52101884354964,48.36316056410324
C,15,15,125,log,1.5,0.5,0.5,337.7375114339792,0.8521856503356178,58.00810447793906,64.27238143612037
C,15,15,130,log,0.1,0.0,0.5,6.266028798141532,0.858162174263296,12.578493213486071,18.103938971315596
C,15,15,130,log,0.1,0.0,0.0,6.266028798141532,0.858162174263296,12.578493213486071,18.103938971315596
C,15,15,130,log,0.1,0.0,1.0,6.266028798141532,0.858162174263296,12.578493213486071,18.103938971315596
C,15,15,130,log,0.1,0.1,0.0,6.498848275033332,0.8595071696345513,13.573023775866716,19.25775620853049
C,15,15,130,log,0.1,0.1,1.0,6.092093188861443,0.8593398979518954,12.799869129109288,18.284144405641943
C,15,15,130,log,0.1,0.1,0.5,6.229950695880708,0.8595663817541925,13.15495049694298,18.72835415750344
C,15,15,130,log,0.1,0.5,0.0,12.654087606660854,0.8619654564253751,19.504366352779225,25.91410189490609
C,15,15,130,log,0.1,0.5,0.5,8.688470598330621,0.8620420649650669,16.541500321933054,22.61634626262464
C,15,15,130,log,0.5,0.0,0.0,6.456506655666251,0.857122656215877,12.551811526052273,18.23647492243118
C,15,15,130,log,0.1,0.5,1.0,6.467720201152995,0.8594603869772899,14.165019432748684,19.726742749698428
C,15,15,130,log,0.5,0.0,1.0,6.456506655666251,0.857122656215877,12.551811526052273,18.23647492243118
C,15,15,130,log,0.5,0.0,0.5,6.456506655666251,0.857122656215877,12.551811526052273,18.23647492243118
C,15,15,130,log,0.5,0.1,0.0,11.77914296766249,0.8609729949475817,18.612888053896903,25.120921531106085
C,15,15,130,log,0.5,0.1,0.5,8.481170704898172,0.8610173731351644,16.0501539608886,22.219043838029272
C,15,15,130,log,0.5,0.5,0.0,102.49515763481092,0.862150974602805,43.47123178680467,49.4022314780524
C,15,15,130,log,0.5,0.1,1.0,6.574907887318569,0.858743286698936,13.949508225193204,19.661450271948645
C,15,15,130,log,0.5,0.5,1.0,17.274755532322228,0.8407827041611217,22.318222518857937,29.194726267037375
C,15,15,130,log,0.5,0.5,0.5,50.88364815955931,0.8598263539016944,34.77594457748866,41.06652111078235
C,15,15,130,log,1.0,0.0,0.5,6.497689171002811,0.8569045682974291,12.547370797189547,18.26269187533895
C,15,15,130,log,1.0,0.0,0.0,6.497689171002811,0.8569045682974291,12.547370797189547,18.26269187533895
C,15,15,130,log,1.0,0.0,1.0,6.497689171002811,0.8569045682974291,12.547370797189547,18.26269187533895
C,15,15,130,log,1.0,0.1,0.0,24.635059110845603,0.8615068152441664,25.941457806858388,32.58488497717089
C,15,15,130,log,1.0,0.1,1.0,7.874587212262972,0.8568245905444851,15.755954339537576,21.739912522367103
C,15,15,130,log,1.0,0.1,0.5,14.228762203249516,0.8614059091928119,20.60018078885827,27.19419527204742
C,15,15,130,log,1.0,0.5,0.0,306.6638832547686,0.8621070949989452,57.2517310001443,63.16434404283875
C,15,15,130,log,1.0,0.5,0.5,162.42695609622228,0.8559172540012592,49.119229093059815,55.17717316575175
C,15,15,130,log,1.0,0.5,1.0,44.98992044057511,0.8350540377947929,32.05551975445468,39.02387637193127
C,15,15,130,log,1.5,0.0,0.0,6.51317550558578,0.85679818196071,12.54528648054781,18.27197341503413
C,15,15,130,log,1.5,0.0,0.5,6.51317550558578,0.85679818196071,12.54528648054781,18.27197341503413
C,15,15,130,log,1.5,0.0,1.0,6.51317550558578,0.85679818196071,12.54528648054781,18.27197341503413
C,15,15,130,log,1.5,0.1,0.0,43.61427903887736,0.8615889690068853,32.64365675205058,39.03825386301352
C,15,15,130,log,1.5,0.1,0.5,22.90554464413286,0.8610461497677852,25.430149192318424,32.06892998658277
C,15,15,130,log,1.5,0.5,0.0,552.5304247283464,0.8620869315356738,64.3210480847644,70.46192535221489
C,15,15,130,log,1.5,0.1,1.0,9.975978411330155,0.8532638304179798,17.742934517265425,24.079874175337068
C,15,15,130,log,1.5,0.5,1.0,91.51442733302642,0.8285235043970791,40.39410422658828,47.267048651729866
C,15,15,130,log,1.5,0.5,0.5,319.3728273613148,0.8525282357855131,57.31086872639721,63.526777376828704
C,15,20,115,log,0.1,0.0,0.0,4.769027712050152,0.8762951041154874,13.536528770844985,17.258477462289832
C,15,20,115,log,0.1,0.0,0.5,4.769027712050152,0.8762951041154874,13.536528770844985,17.258477462289832
C,15,20,115,log,0.1,0.0,1.0,4.769027712050152,0.8762951041154874,13.536528770844985,17.258477462289832
C,15,20,115,log,0.1,0.1,0.0,5.085352119646997,0.8769267795825968,14.331076517593464,18.42084581853127
C,15,20,115,log,0.1,0.1,1.0,4.698427311939983,0.8776361005760694,13.667314629866445,17.42856871744507
C,15,20,115,log,0.1,0.1,0.5,4.84207908237075,0.8776546690236187,13.956873597267528,17.882485949369862
C,15,20,115,log,0.1,0.5,0.0,9.96837699986833,0.8778860482773314,19.750902487240666,24.96838034763694
C,15,20,115,log,0.1,0.5,0.5,6.933384579250939,0.8783258283963592,16.964645459106237,21.731696156902167
C,15,20,115,log,0.5,0.0,0.0,4.923819027397672,0.8756840853702192,13.59693102312335,17.411179525730077
C,15,20,115,log,0.1,0.5,1.0,5.112498520949577,0.876703141819943,14.796553255202506,18.853859186036217
C,15,20,115,log,0.5,0.0,0.5,4.923819027397672,0.8756840853702192,13.59693102312335,17.411179525730077
C,15,20,115,log,0.5,0.0,1.0,4.923819027397672,0.8756840853702192,13.59693102312335,17.411179525730077
C,15,20,115,log,0.5,0.1,0.0,9.224256543724346,0.877174138059401,18.87460874038313,24.11619117765867
C,15,20,115,log,0.5,0.1,0.5,6.721686034902203,0.8777543031365278,16.523809091422823,21.29287548707129
C,15,20,115,log,0.5,0.5,0.0,71.73643861090832,0.8777700007157531,42.15600582796499,47.23171877223199
C,15,20,115,log,0.5,0.1,1.0,5.183686124678354,0.8764783373155562,14.666904935530829,18.78139141656347
C,15,20,115,log,0.5,0.5,1.0,13.224109156609495,0.8556782167101058,22.244979002179143,27.94773931757959
C,15,20,115,log,0.5,0.5,0.5,37.16741671805308,0.8750739978917931,34.079558037553994,39.40772813342009
C,15,20,115,log,1.0,0.0,0.0,4.956788059171923,0.8755107342134437,13.609577995569662,17.44134748143558
C,15,20,115,log,1.0,0.0,0.5,4.956788059171923,0.8755107342134437,13.609577995569662,17.44134748143558
C,15,20,115,log,1.0,0.0,1.0,4.956788059171923,0.8755107342134437,13.609577995569662,17.44134748143558
C,15,20,115,log,1.0,0.1,0.0,18.611193535944107,0.8772713338000715,25.729435056738936,31.28012010089618
C,15,20,115,log,1.0,0.1,1.0,6.243155413548801,0.8736509333147445,16.262549496067404,20.80358751980097
C,15,20,115,log,1.0,0.1,0.5,11.0622941229723,0.8774186906819704,20.713101636680477,26.104664294215944
C,15,20,115,log,1.0,0.5,0.0,199.93642144202275,0.877735898749707,54.95576862201367,60.066279796549495
C,15,20,115,log,1.0,0.5,0.5,110.46372649928972,0.8705737154114812,47.43575662542226,52.65153759236146
C,15,20,115,log,1.0,0.5,1.0,32.89970242381814,0.8491622255191448,31.630856092631472,37.519204201579335
C,15,20,115,log,1.5,0.0,0.0,4.969163732903129,0.8754762210005207,13.61401000031167,17.45222704766507
C,15,20,115,log,1.5,0.0,0.5,4.969163732903129,0.8754762210005207,13.61401000031167,17.45222704766507
C,15,20,115,log,1.5,0.0,1.0,4.969163732903129,0.8754762210005207,13.61401000031167,17.45222704766507
C,15,20,115,log,1.5,0.1,0.0,31.932022151936746,0.8772991423344381,32.0083293052859,37.41165290826864
C,15,20,115,log,1.5,0.1,0.5,17.404885627467653,0.876712601857532,25.26166684883349,30.794209682506057
C,15,20,115,log,1.5,0.1,1.0,7.870636596039121,0.8688194864846193,18.050643651069485,23.068825447062164
C,15,20,115,log,1.5,0.5,0.0,346.0286086716802,0.8777227612327712,61.5349308401671,66.85646707223019
C,15,20,115,log,1.5,0.5,0.5,207.8180644000121,0.8666192599468776,55.04774667517744,60.43609914737904
C,15,20,115,log,1.5,0.5,1.0,64.40398784443558,0.8413779102861078,39.52520198597468,45.37898934420786
C,15,20,120,log,0.1,0.0,0.0,5.391216902363955,0.8679584955153734,13.310110476949768,17.763571163773392
C,15,20,120,log,0.1,0.0,0.5,5.391216902363955,0.8679584955153734,13.310110476949768,17.763571163773392
C,15,20,120,log,0.1,0.0,1.0,5.391216902363955,0.8679584955153734,13.310110476949768,17.763571163773392
C,15,20,120,log,0.1,0.1,0.0,5.795932694927307,0.8687357704494871,14.26618351900095,19.033961603628605
C,15,20,120,log,0.1,0.1,0.5,5.503815376443733,0.8693361719440629,13.842372077285829,18.459465174769896
C,15,20,120,log,0.1,0.1,1.0,5.314235185477669,0.8693825856569461,13.494489304954206,17.96679937681589
C,15,20,120,log,0.1,0.5,0.0,11.692102515365049,0.8700510953252497,20.155423591292017,25.898776466596303
C,15,20,120,log,0.1,0.5,0.5,8.030663817566722,0.8706665467304269,17.20116266709882,22.550016414731918
C,15,20,120,log,0.5,0.0,0.0,5.565351126121555,0.8669200447555306,13.31349913171806,17.89626071719847
C,15,20,120,log,0.1,0.5,1.0,5.833464883718911,0.8687633233315006,14.81728983040884,19.530277919956763
C,15,20,120,log,0.5,0.0,0.5,5.565351126121555,0.8669200447555306,13.31349913171806,17.89626071719847
C,15,20,120,log,0.5,0.0,1.0,5.565351126121555,0.8669200447555306,13.31349913171806,17.89626071719847
C,15,20,120,log,0.5,0.1,0.0,10.824996015461236,0.8692159748353776,19.233711975030097,25.039253912585774
C,15,20,120,log,0.5,0.1,0.5,7.784131267215403,0.8698092443092804,16.692618886328646,22.09041961175156
C,15,20,120,log,0.5,0.1,1.0,5.916194263051773,0.868368962522322,14.618940799880267,19.430474752949973
C,15,20,120,log,0.5,0.5,0.0,88.67519475155821,0.8700070139852276,43.34355148444085,48.82926283593977
C,15,20,120,log,0.5,0.5,0.5,45.215517145501884,0.8675483111995526,35.03418000349982,40.79383361027968
C,15,20,120,log,0.5,0.5,1.0,15.778811649742854,0.8480513485323165,22.82986035499904,29.053052171178923
C,15,20,120,log,1.0,0.0,0.0,5.602907640285554,0.8667121375342566,13.314215914631394,17.922392633128627
C,15,20,120,log,1.0,0.0,0.5,5.602907640285554,0.8667121375342566,13.314215914631394,17.922392633128627
C,15,20,120,log,1.0,0.0,1.0,5.602907640285554,0.8667121375342566,13.314215914631394,17.922392633128627
C,15,20,120,log,1.0,0.1,0.0,22.28630674661884,0.8694653284951006,26.42164103181951,32.452981042877255
C,15,20,120,log,1.0,0.1,1.0,7.201691250170218,0.8657865088734438,16.38688960329025,21.58359171136468
C,15,20,120,log,1.0,0.1,0.5,13.066867419645352,0.8696861826423861,21.186589489025007,27.11249116039134
C,15,20,120,log,1.0,0.5,0.0,254.377324043092,0.8699743429636572,56.496771752210485,62.02399708451135
C,15,20,120,log,1.0,0.5,0.5,138.3450933088332,0.8632172950236064,48.75681759320459,54.39936977570899
C,15,20,120,log,1.5,0.0,0.0,5.61689479577092,0.866584660804833,13.314234652195715,17.931640854054564
C,15,20,120,log,1.0,0.5,1.0,40.13123966545096,0.8418568321042998,32.48552378376979,38.8541773656113
C,15,20,120,log,1.5,0.0,0.5,5.61689479577092,0.866584660804833,13.314234652195715,17.931640854054564
C,15,20,120,log,1.5,0.0,1.0,5.61689479577092,0.866584660804833,13.314234652195715,17.931640854054564
C,15,20,120,log,1.5,0.1,0.0,38.75349925958916,0.8694909468946458,32.92001782389393,38.76428673763867
C,15,20,120,log,1.5,0.1,0.5,20.812361045759,0.8690661815401661,25.93943669381045,31.955512294003316
C,15,20,120,log,1.5,0.1,1.0,9.1837097630316,0.8613625514995267,18.32961396605588,23.961160146526197
C,15,20,120,log,1.5,0.5,0.0,447.4461882460394,0.8699661751675201,63.25105210852119,69.00255839698767
C,15,20,120,log,1.5,0.5,1.0,79.80062297685132,0.8345541104928822,40.55417314368239,46.897919142570174
C,15,20,120,log,1.5,0.5,0.5,264.95274281795633,0.8594447545878836,56.57622518790082,62.39802748115609
C,15,20,125,log,0.1,0.0,0.5,6.192095183023303,0.8584692698140396,13.027953208643618,18.515490983000923
C,15,20,125,log,0.1,0.0,0.0,6.192095183023303,0.8584692698140396,13.027953208643618,18.515490983000923
C,15,20,125,log,0.1,0.0,1.0,6.192095183023303,0.8584692698140396,13.027953208643618,18.515490983000923
C,15,20,125,log,0.1,0.1,0.0,6.68913147256913,0.8599147266918287,14.15353294829384,19.84029653180922
C,15,20,125,log,0.1,0.1,1.0,6.097483763080112,0.8601251961382005,13.273948263514432,18.73746840089897
C,15,20,125,log,0.1,0.1,0.5,6.326921755399634,0.8605504026007132,13.680893904092647,19.248079197343664
C,15,20,125,log,0.1,0.5,0.0,13.772352929264708,0.8618856629882166,20.49251034133273,26.87528390940812
C,15,20,125,log,0.1,0.5,0.5,9.376617689543872,0.8622585014262973,17.368696067601498,23.45812525697932
C,15,20,125,log,0.1,0.5,1.0,6.740841539357589,0.8600203844611481,14.779615171771104,20.3725260384176
C,15,20,125,log,0.5,0.0,0.0,6.394440764662446,0.857535300461451,12.982533536075028,18.63829800914815
C,15,20,125,log,0.5,0.0,0.5,6.394440764662446,0.857535300461451,12.982533536075028,18.63829800914815
C,15,20,125,log,0.5,0.0,1.0,6.394440764662446,0.857535300461451,12.982533536075028,18.63829800914815
C,15,20,125,log,0.5,0.1,0.0,12.767039993198969,0.8609379827326225,19.53000645154712,26.02284086664388
C,15,20,125,log,0.5,0.1,0.5,9.09463837012942,0.8614246673127814,16.799514092347017,22.99697966564643
C,15,20,125,log,0.5,0.1,1.0,6.832267117895031,0.8593775004152734,14.520282770110068,20.262925229074888
C,15,20,125,log,0.5,0.5,0.0,109.72316206313036,0.8619638991914143,44.45739049557312,50.36659013224279
C,15,20,125,log,0.5,0.5,0.5,55.11778322657847,0.8597615261366442,35.92513177466073,42.13692028868232
C,15,20,125,log,0.5,0.5,1.0,18.917603133232813,0.8406246364099509,23.3418322322086,30.170030326630872
C,15,20,125,log,1.0,0.0,0.0,6.437642543123698,0.8573270366801783,12.974525942801597,18.662501505050304
C,15,20,125,log,1.0,0.0,0.5,6.437642543123698,0.8573270366801783,12.974525942801597,18.662501505050304
C,15,20,125,log,1.0,0.0,1.0,6.437642543123698,0.8573270366801783,12.974525942801597,18.662501505050304
C,15,20,125,log,1.0,0.1,0.0,26.752527677332928,0.8613636562767792,27.04665121458021,33.61874505495599
C,15,20,125,log,1.0,0.1,0.5,15.507980554526858,0.8615596236438824,21.599877484932502,28.15302072071412
C,15,20,125,log,1.0,0.1,1.0,8.397338080744172,0.857350699728244,16.44332758189054,22.489347909583437
C,15,20,125,log,1.0,0.5,0.0,323.5712671832692,0.8619404876219458,57.941042865287365,63.894859368414586
C,15,20,125,log,1.0,0.5,0.5,173.39012667291445,0.85570583892839,49.99544687860213,56.075360137903125
C,15,20,125,log,1.0,0.5,1.0,49.088865152304976,0.8347446298597945,33.292185901663544,40.15173017573381
C,15,20,125,log,1.5,0.0,0.0,6.453934287394174,0.8573025546599649,12.97124165810654,18.671045158475486
C,15,20,125,log,1.5,0.0,0.5,6.453934287394174,0.8573025546599649,12.97124165810654,18.671045158475486
C,15,20,125,log,1.5,0.0,1.0,6.453934287394174,0.8573025546599649,12.97124165810654,18.671045158475486
C,15,20,125,log,1.5,0.1,0.0,47.11433492800497,0.8614127858139458,33.76702215329636,40.08191112488274
C,15,20,125,log,1.5,0.1,0.5,24.965205912155643,0.8611026883603842,26.55446541583816,33.109143342836724
C,15,20,125,log,1.5,0.1,1.0,10.803638211636056,0.8534293685681504,18.54038446941165,24.93073895656331
C,15,20,125,log,1.5,0.5,0.0,578.0218481154033,0.8619248076084165,64.85843574371776,71.04832910360305
C,15,20,125,log,1.5,0.5,0.5,337.73751143397914,0.8521856503356178,58.00810447793906,64.27238143612037
C,15,20,125,log,1.5,0.5,1.0,99.06846002894754,0.8278963627713282,41.52101884354964,48.36316056410324
C,15,20,130,log,0.1,0.0,0.0,6.260400559572813,0.8578873669809551,12.59804398325417,18.1157333086494
C,15,20,130,log,0.1,0.0,0.5,6.260400559572813,0.8578873669809551,12.59804398325417,18.1157333086494
C,15,20,130,log,0.1,0.0,1.0,6.260400559572813,0.8578873669809551,12.59804398325417,18.1157333086494
C,15,20,130,log,0.1,0.1,0.0,6.5083123608345215,0.8592513051328712,13.595845778325998,19.2749700429028
C,15,20,130,log,0.1,0.1,0.5,6.228724585232796,0.8596558118080025,13.162395219755506,18.73541713563092
C,15,20,130,log,0.1,0.1,1.0,6.092093188861443,0.8593398979518954,12.799869129109288,18.284144405641943
C,15,20,130,log,0.1,0.5,0.0,12.661403380874043,0.8617274303985571,19.51927889179,25.933706023439942
C,15,20,130,log,0.1,0.5,0.5,8.688470598330621,0.8620420649650669,16.541500321933054,22.61634626262464
C,15,20,130,log,0.1,0.5,1.0,6.467720201152995,0.8594603869772899,14.165019432748684,19.726742749698428
C,15,20,130,log,0.5,0.0,0.0,6.44791530519272,0.8568208415301601,12.571613592780672,18.250918424659304
C,15,20,130,log,0.5,0.0,0.5,6.44791530519272,0.8568208415301601,12.571613592780672,18.250918424659304
C,15,20,130,log,0.5,0.0,1.0,6.44791530519272,0.8568208415301601,12.571613592780672,18.250918424659304
C,15,20,130,log,0.5,0.1,0.0,11.786795148288682,0.8607306114146489,18.629657201379707,25.14337893412256
C,15,20,130,log,0.5,0.1,0.5,8.481170704898172,0.8610173731351644,16.0501539608886,22.219043838029272
C,15,20,130,log,0.5,0.1,1.0,6.574907887318569,0.858743286698936,13.949508225193204,19.661450271948645
C,15,20,130,log,0.5,0.5,0.0,102.56556836794894,0.8619521478702769,43.47664850521223,49.41202447728578
C,15,20,130,log,0.5,0.5,0.5,50.88364815955931,0.8598263539016944,34.77594457748866,41.06652111078235
C,15,20,130,log,0.5,0.5,1.0,17.274755532322228,0.8407827041611217,22.318222518857937,29.194726267037375
C,15,20,130,log,1.0,0.0,0.0,6.489734157415475,0.8566401104431284,12.567639418292051,18.277937693215385
C,15,20,130,log,1.0,0.0,0.5,6.489734157415475,0.8566401104431284,12.567639418292051,18.277937693215385
C,15,20,130,log,1.0,0.0,1.0,6.489734157415475,0.8566401104431284,12.567639418292051,18.277937693215385
C,15,20,130,log,1.0,0.1,0.0,24.654152574949,0.8612894597469974,25.949603213981497,32.60269870297018
C,15,20,130,log,1.0,0.1,0.5,14.228762203249516,0.8614059091928119,20.60018078885827,27.19419527204742
C,15,20,130,log,1.0,0.1,1.0,7.874587212262972,0.8568245905444851,15.755954339537576,21.739912522367103
C,15,20,130,log,1.0,0.5,0.0,306.83353320295885,0.8619194589519971,57.256183569682186,63.16963294901804
C,15,20,130,log,1.0,0.5,0.5,162.42695609622228,0.8559172540012592,49.119229093059815,55.17717316575175
C,15,20,130,log,1.0,0.5,1.0,44.98992044057511,0.8350540377947929,32.05551975445468,39.02387637193127
C,15,20,130,log,1.5,0.0,0.0,6.505358484981646,0.8565081067188585,12.56580595475126,18.2875275101275
C,15,20,130,log,1.5,0.0,0.5,6.505358484981646,0.8565081067188585,12.56580595475126,18.2875275101275
C,15,20,130,log,1.5,0.0,1.0,6.505358484981646,0.8565081067188585,12.56580595475126,18.2875275101275
C,15,20,130,log,1.5,0.1,0.0,43.64681335048011,0.8613743625224911,32.64880735400023,39.05216668078028
C,15,20,130,log,1.5,0.1,0.5,22.90554464413286,0.8610461497677852,25.430149192318424,32.06892998658277
C,15,20,130,log,1.5,0.1,1.0,9.97597841133016,0.8532638304179798,17.742934517265425,24.079874175337068
C,15,20,130,log,1.5,0.5,0.0,552.7704176404116,0.8619084932844132,64.32463902658802,70.4655686743163
C,15,20,130,log,1.5,0.5,0.5,319.3728273613148,0.8525282357855131,57.31086872639721,63.526777376828704
C,15,20,130,log,1.5,0.5,1.0,91.51442733302642,0.8285235043970791,40.39410422658828,47.267048651729866
C,20,10,115,log,0.1,0.0,0.0,3.875045479628705,0.8867425250212747,12.435222458796702,15.98510874739294
C,20,10,115,log,0.1,0.0,0.5,3.875045479628705,0.8867425250212747,12.435222458796702,15.98510874739294
C,20,10,115,log,0.1,0.0,1.0,3.875045479628705,0.8867425250212747,12.435222458796702,15.98510874739294
C,20,10,115,log,0.1,0.1,0.0,4.20506068719496,0.8873833542154397,13.193242632137478,17.1395977735394
C,20,10,115,log,0.1,0.1,0.5,3.995104408142648,0.8879007036284909,12.838679871994035,16.614814029871845
C,20,10,115,log,0.1,0.1,1.0,3.8547952775237007,0.8879434661885186,12.555338764346638,16.16111508231362
C,20,10,115,log,0.1,0.5,0.0,8.642582373080703,0.888350261706122,18.76747239744659,23.84124089976185
C,20,10,115,log,0.1,0.5,0.5,5.963551824590608,0.888901801980284,15.868689147591976,20.53781057284712
C,20,10,115,log,0.1,0.5,1.0,4.279743904938015,0.8874292786605708,13.595392985414938,17.56994038713033
C,20,10,115,log,0.5,0.0,0.0,4.003840254712785,0.885997578482933,12.501850715050203,16.143680895923687
C,20,10,115,log,0.5,0.0,0.5,4.003840254712785,0.885997578482933,12.501850715050203,16.143680895923687
C,20,10,115,log,0.5,0.0,1.0,4.003840254712785,0.885997578482933,12.501850715050203,16.143680895923687
C,20,10,115,log,0.5,0.1,0.0,7.927755693750056,0.8875410057676516,17.881781641510536,22.958689881082776
C,20,10,115,log,0.5,0.1,0.5,5.748665526081896,0.8880567204261174,15.41787110644556,20.078581723120216
C,20,10,115,log,0.5,0.1,1.0,4.341951760663132,0.8869491159627664,13.481767759321418,17.508894295280406
C,20,10,115,log,0.5,0.5,0.0,65.1873793964687,0.8881298011198412,41.57787172845671,46.4088092305309
C,20,10,115,log,0.5,0.5,0.5,33.6632986777086,0.8864038116848679,33.345953621288814,38.50589924556862
C,20,10,115,log,0.5,0.5,1.0,11.704842427398384,0.8712160111505158,21.1753686815152,26.85426153998476
C,20,10,115,log,1.0,0.0,0.0,4.032201509024167,0.8858509325310345,12.517207244823467,16.176564200243845
C,20,10,115,log,1.0,0.0,0.5,4.032201509024167,0.8858509325310345,12.517207244823467,16.176564200243845
C,20,10,115,log,1.0,0.0,1.0,4.032201509024167,0.8858509325310345,12.517207244823467,16.176564200243845
C,20,10,115,log,1.0,0.1,0.0,16.4051071496945,0.8875426347215077,24.95302412272849,30.283855277284527
C,20,10,115,log,1.0,0.1,0.5,9.70584586002966,0.887819115785982,19.73426216400336,25.003420158556608
C,20,10,115,log,1.0,0.1,1.0,5.326896850343959,0.8851595320959375,15.044634175728785,19.53361805563741
C,20,10,115,log,1.0,0.5,0.0,185.423997322532,0.8880815457968364,54.28460445130562,59.29032974002537
C,20,10,115,log,1.0,0.5,0.5,101.85807287059568,0.8832268829073145,46.75011016797389,51.823395438008994
C,20,10,115,log,1.0,0.5,1.0,32.160969611214604,0.850746570943239,30.996595708584664,37.01803160588063
C,20,10,115,log,1.5,0.0,0.0,4.04289882658576,0.8858227096019533,12.522809607222271,16.188572470114696
C,20,10,115,log,1.5,0.0,0.5,4.04289882658576,0.8858227096019533,12.522809607222271,16.188572470114696
C,20,10,115,log,1.5,0.0,1.0,4.04289882658576,0.8858227096019533,12.522809607222271,16.188572470114696
C,20,10,115,log,1.5,0.1,0.0,28.55687659338465,0.8875566395487933,31.3920607557561,36.51948030085655
C,20,10,115,log,1.5,0.1,0.5,15.500382858501627,0.8873277251200771,24.385427665785087,29.786353779496853
C,20,10,115,log,1.5,0.1,1.0,6.8025818036902965,0.8820925848211981,16.861039584795066,21.809679194676928
C,20,10,115,log,1.5,0.5,0.0,324.28374645906274,0.8880711360017687,60.808760183657306,66.08741781714805
C,20,10,115,log,1.5,0.5,0.5,193.53367442558684,0.8804321333655347,54.347702032076754,59.63275660072431
C,20,10,115,log,1.5,0.5,1.0,62.62210738492878,0.8441430217805117,38.81956500559473,44.76303203782282
C,20,10,120,log,0.1,0.0,0.0,4.299680656013673,0.8782534372180724,12.160108776390404,16.394052315031352
C,20,10,120,log,0.1,0.0,0.5,4.299680656013673,0.8782534372180724,12.160108776390404,16.394052315031352
C,20,10,120,log,0.1,0.0,1.0,4.299680656013673,0.8782534372180724,12.160108776390404,16.394052315031352
C,20,10,120,log,0.1,0.1,0.0,4.702020999252134,0.8789543857757088,13.098857702872488,17.666883000703244
C,20,10,120,log,0.1,0.1,0.5,4.450105764426166,0.87936161694913,12.687299023620673,17.102609515040346
C,20,10,120,log,0.1,0.1,1.0,4.280546160665504,0.8794266141187623,12.34235737084592,16.606752168384247
C,20,10,120,log,0.1,0.5,0.0,9.997579465244549,0.8804407176959714,19.12726793765413,24.692574587983376
C,20,10,120,log,0.1,0.5,0.5,6.813911444945657,0.8808282992987577,16.068461200394292,21.272947973639887
C,20,10,120,log,0.1,0.5,1.0,4.804561324000607,0.8792369375907025,13.592376521954256,18.16005070758256
C,20,10,120,log,0.5,0.0,0.0,4.437620226010955,0.8771829871122362,12.17082318323774,16.528686248924558
C,20,10,120,log,0.5,0.0,0.5,4.437620226010955,0.8771829871122362,12.17082318323774,16.528686248924558
C,20,10,120,log,0.5,0.0,1.0,4.437620226010955,0.8771829871122362,12.17082318323774,16.528686248924558
C,20,10,120,log,0.5,0.1,0.0,9.1750754709651,0.8795180941875426,18.206340636688573,23.805356806732927
C,20,10,120,log,0.5,0.1,0.5,6.560698267724419,0.8798670145717681,15.56438246635904,20.79235896217244
C,20,10,120,log,0.5,0.1,1.0,4.865754605495837,0.8785538574651766,13.407157613994189,18.067172318245547
C,20,10,120,log,0.5,0.5,0.0,79.84500684915128,0.8802204531161684,42.72585976283635,47.94498641675556
C,20,10,120,log,0.5,0.5,0.5,40.56266345015325,0.8786037752713591,34.25598956340337,39.82838408458679
C,20,10,120,log,0.5,0.5,1.0,13.768001716325909,0.8640131581581588,21.66585632592993,27.846921042722386
C,20,10,120,log,1.0,0.0,0.0,4.467971281428648,0.8769353698865338,12.175152399191504,16.556722317147326
C,20,10,120,log,1.0,0.0,0.5,4.467971281428648,0.8769353698865338,12.175152399191504,16.556722317147326
C,20,10,120,log,1.0,0.0,1.0,4.467971281428648,0.8769353698865338,12.175152399191504,16.556722317147326
C,20,10,120,log,1.0,0.1,0.0,19.41645287500108,0.8795857915077472,25.61979639260513,31.39301768077256
C,20,10,120,log,1.0,0.1,0.5,11.3261080099334,0.8799080546812666,20.16820621352145,25.94006358636786
C,20,10,120,log,1.0,0.1,1.0,6.065741231153725,0.8768790490232696,15.135387810451908,20.229744889337848
C,20,10,120,log,1.0,0.5,0.0,234.2935685310212,0.8801681262272295,55.771313419700654,61.1841604645626
C,20,10,120,log,1.0,0.5,0.5,126.60570741989592,0.8755219034575186,48.02244049589889,53.506508337572185
C,20,10,120,log,1.0,0.5,1.0,39.157108961067024,0.8434066962014922,31.80988931590341,38.30905993783457
C,20,10,120,log,1.5,0.0,0.0,4.479347944911792,0.8768698528584175,12.176527789070642,16.56686273773689
C,20,10,120,log,1.5,0.0,0.5,4.479347944911792,0.8768698528584175,12.176527789070642,16.56686273773689
C,20,10,120,log,1.5,0.0,1.0,4.479347944911792,0.8768698528584175,12.176527789070642,16.56686273773689
C,20,10,120,log,1.5,0.1,0.0,34.2938786882561,0.8796013857545522,32.27394166332101,37.81293261094534
C,20,10,120,log,1.5,0.1,0.5,18.334584997065814,0.8794318263536278,25.02426612765717,30.88199290151368
C,20,10,120,log,1.5,0.1,1.0,7.853020869483065,0.8741468872635952,17.102143465024888,22.626319454641795
C,20,10,120,log,1.5,0.5,0.0,416.90193462129673,0.8801513076827583,62.46274810064581,68.16621395272105
C,20,10,120,log,1.5,0.5,0.5,245.13842553982005,0.8728445900662528,55.8196508709265,61.52641112974872
C,20,10,120,log,1.5,0.5,1.0,77.56358497181162,0.8369329201311588,39.80134753202147,46.23580862979175
C,20,10,125,log,0.1,0.0,0.0,4.872687180533674,0.8690805632250518,11.8444055329131,17.076177057802813
C,20,10,125,log,0.1,0.0,0.5,4.872687180533674,0.8690805632250518,11.8444055329131,17.076177057802813
C,20,10,125,log,0.1,0.0,1.0,4.872687180533674,0.8690805632250518,11.8444055329131,17.076177057802813
C,20,10,125,log,0.1,0.1,0.0,5.352058211510658,0.8701441168922323,12.955671603446753,18.399124473683493
C,20,10,125,log,0.1,0.1,0.5,5.055780473855682,0.870645121336047,12.494676963747516,17.81900454305518
C,20,10,125,log,0.1,0.1,1.0,4.856821478475433,0.8705555973493577,12.091716928965626,17.308170952071787
C,20,10,125,log,0.1,0.5,0.0,11.637166328378816,0.872289117362681,19.426624815046345,25.594541348857
C,20,10,125,log,0.1,0.5,0.5,7.859053115126464,0.8724627851601129,16.21559942948693,22.1069111062692
C,20,10,125,log,0.1,0.5,1.0,5.481078068046279,0.8706086675629823,13.5445477490566,18.92901842323636
C,20,10,125,log,0.5,0.0,0.0,5.026732557402985,0.8681964295974186,11.805654260106998,17.19965317368976
C,20,10,125,log,0.5,0.0,0.5,5.026732557402985,0.8681964295974186,11.805654260106998,17.19965317368976
C,20,10,125,log,0.5,0.0,1.0,5.026732557402985,0.8681964295974186,11.805654260106998,17.19965317368976
C,20,10,125,log,0.5,0.1,0.0,10.697638444457803,0.8712146345190399,18.48290950504387,24.72018243947847
C,20,10,125,log,0.5,0.1,0.5,7.570799403448824,0.8714293209502311,15.663154287871292,21.626036158849523
C,20,10,125,log,0.5,0.1,1.0,5.551367742476538,0.8697578509162625,13.291537685713111,18.824186879350144
C,20,10,125,log,0.5,0.5,0.0,97.98065551009827,0.8721695960627927,43.798855197166326,49.42040600962251
C,20,10,125,log,0.5,0.5,0.5,49.00711356864493,0.8707241627409479,35.10148079858372,41.108633888317385
C,20,10,125,log,0.5,0.5,1.0,16.27904829102883,0.8568301334458983,22.09014714541153,28.856073474491645
C,20,10,125,log,1.0,0.0,0.0,5.061519158304912,0.867997789666914,11.800699088568647,17.226022592135074
C,20,10,125,log,1.0,0.0,0.5,5.061519158304912,0.867997789666914,11.800699088568647,17.226022592135074
C,20,10,125,log,1.0,0.0,1.0,5.061519158304912,0.867997789666914,11.800699088568647,17.226022592135074
C,20,10,125,log,1.0,0.1,0.0,23.06842860688697,0.8714937072519892,26.2239889860714,32.49549360657444
C,20,10,125,log,1.0,0.1,0.5,13.294338995170472,0.8718365482184309,20.549703583326263,26.91374956964096
C,20,10,125,log,1.0,0.1,1.0,6.994578275523516,0.8684602935044354,15.184820027000915,21.06319015501966
C,20,10,125,log,1.0,0.5,0.0,296.11635423172163,0.8721261512194826,57.15882224429269,62.98881370058318
C,20,10,125,log,1.0,0.5,0.5,157.53558486760247,0.8677820835374057,49.21071568817494,55.1164973177387
C,20,10,125,log,1.0,0.5,1.0,47.80384763994281,0.8364146043479854,32.57489967939604,39.56095042518672
C,20,10,125,log,1.5,0.0,0.0,5.074670137630382,0.8679580889902979,11.798719685878435,17.235578164804895
C,20,10,125,log,1.5,0.0,0.5,5.074670137630382,0.8679580889902979,11.798719685878435,17.235578164804895
C,20,10,125,log,1.5,0.0,1.0,5.074670137630382,0.8679580889902979,11.798719685878435,17.235578164804895
C,20,10,125,log,1.5,0.1,0.0,41.30313227394744,0.8715168194628932,33.093716930742275,39.0713539740734
C,20,10,125,log,1.5,0.1,0.5,21.77416578043045,0.8714318230020922,25.6045377957824,31.97155986445846
C,20,10,125,log,1.5,0.1,1.0,9.148192761014736,0.8658819544048336,17.283408997348737,23.52683040831516
C,20,10,125,log,1.5,0.5,0.0,535.5890776962276,0.8721031765678466,64.00515020550576,70.1414940488139
C,20,10,125,log,1.5,0.5,0.5,310.50434413428724,0.8652557153332104,57.19271376176323,63.33018635828157
C,20,10,125,log,1.5,0.5,1.0,96.12611030866928,0.8302509175150213,40.72025691765327,47.64892182992528
C,20,10,130,log,0.1,0.0,0.0,4.903859403495524,0.8683861804510954,11.447370983832364,16.702604949714747
C,20,10,130,log,0.1,0.0,0.5,4.903859403495524,0.8683861804510954,11.447370983832364,16.702604949714747
C,20,10,130,log,0.1,0.0,1.0,4.903859403495524,0.8683861804510954,11.447370983832364,16.702604949714747
C,20,10,130,log,0.1,0.1,0.0,5.166152731203176,0.8697473739749855,12.412252487575389,17.845883105636165
C,20,10,130,log,0.1,0.1,0.5,4.944219145967045,0.869954523269756,11.99954069199843,17.32335551224748
C,20,10,130,log,0.1,0.1,1.0,4.8232484127001705,0.8698130445038723,11.649703986458672,16.87677600717557
C,20,10,130,log,0.1,0.5,0.0,10.664780600312108,0.8720837047910137,18.47660311267212,24.655241919931488
C,20,10,130,log,0.1,0.5,0.5,7.242810840494859,0.8721638388327589,15.404454187388556,21.26680104450333
C,20,10,130,log,0.1,0.5,1.0,5.214598176162182,0.8701763321546052,12.940986276262771,18.29175823739672
C,20,10,130,log,0.5,0.0,0.0,5.053098255752398,0.8673851645386362,11.433180541461024,16.83970035109974
C,20,10,130,log,0.5,0.0,0.5,5.053098255752398,0.8673851645386362,11.433180541461024,16.83970035109974
C,20,10,130,log,0.5,0.0,1.0,5.053098255752398,0.8673851645386362,11.433180541461024,16.83970035109974
C,20,10,130,log,0.5,0.1,0.0,9.837576339562933,0.8709362502430652,17.599339276489964,23.837659439701536
C,20,10,130,log,0.5,0.1,0.5,7.0183786346086094,0.8710192986001276,14.922443702752684,20.84846056040902
C,20,10,130,log,0.5,0.1,1.0,5.313324959275373,0.8693493008471982,12.737902223468828,18.237809052524604
C,20,10,130,log,0.5,0.5,0.0,91.51905405989804,0.8721365676987795,42.862810036524,48.48974050735586
C,20,10,130,log,0.5,0.5,0.5,45.24269818688485,0.8707254199810694,33.99653890658722,40.064292472309965
C,20,10,130,log,0.5,0.5,1.0,14.787225877913324,0.8572296010037803,21.06178958026945,27.85481391676236
C,20,10,130,log,1.0,0.0,0.0,5.086319422152805,0.8671184965245702,11.43316001140307,16.869002707253408
C,20,10,130,log,1.0,0.0,0.5,5.086319422152805,0.8671184965245702,11.43316001140307,16.869002707253408
C,20,10,130,log,1.0,0.0,1.0,5.086319422152805,0.8671184965245702,11.43316001140307,16.869002707253408
C,20,10,130,log,1.0,0.1,0.0,21.21698818502544,0.8714282802765891,25.14046697475225,31.485749485256044
C,20,10,130,log,1.0,0.1,0.5,12.175463205777485,0.8716057584801377,19.58155043316271,25.963271432670023
C,20,10,130,log,1.0,0.1,1.0,6.509460173449919,0.8679978209060927,14.498177141414471,20.317640448197945
C,20,10,130,log,1.0,0.5,0.0,280.7257585189387,0.8720860281284588,56.5099282275516,62.28892203105824
C,20,10,130,log,1.0,0.5,0.5,147.62753998519298,0.8678646084523356,48.37756556907631,54.24861103114563
C,20,10,130,log,1.0,0.5,1.0,43.98011421049499,0.8366743225147923,31.389446865232628,38.49182657095352
C,20,10,130,log,1.5,0.0,0.0,5.09888290110652,0.8670520917393398,11.432986473306476,16.879658688244277
C,20,10,130,log,1.5,0.0,0.5,5.09888290110652,0.8670520917393398,11.432986473306476,16.879658688244277
C,20,10,130,log,1.5,0.0,1.0,5.09888290110652,0.8670520917393398,11.432986473306476,16.879658688244277
C,20,10,130,log,1.5,0.1,0.0,38.21394727868987,0.8714617080589566,32.00789354437177,38.056771967573184
C,20,10,130,log,1.5,0.1,0.5,19.961157612364385,0.8713625709907269,24.50691298611198,30.94525868043248
C,20,10,130,log,1.5,0.1,1.0,8.4014867415401,0.865613528205545,16.48409692662704,22.67169570097473
C,20,10,130,log,1.5,0.5,0.0,512.1802470356016,0.8720642893558779,63.49886579822362,69.58057721504049
C,20,10,130,log,1.5,0.5,0.5,293.7452959678158,0.8654180455544743,56.52964876799717,62.610858413162
C,20,10,130,log,1.5,0.5,1.0,89.12241617499926,0.8307658635698235,39.63936569294229,46.6040248551757
C,20,15,115,log,0.1,0.0,0.0,3.934665778787103,0.886426839364199,12.443796493569833,16.015610006806092
C,20,15,115,log,0.1,0.0,0.5,3.934665778787103,0.886426839364199,12.443796493569833,16.015610006806092
C,20,15,115,log,0.1,0.0,1.0,3.934665778787103,0.886426839364199,12.443796493569833,16.015610006806092
C,20,15,115,log,0.1,0.1,0.0,4.254401163820866,0.8872260435576707,13.213245221235784,17.16855014449137
C,20,15,115,log,0.1,0.1,0.5,4.015130854016887,0.8877892408912347,12.846854535419618,16.62457840362333
C,20,15,115,log,0.1,0.1,1.0,3.864043217310647,0.8878842727188913,12.55908899617986,16.16600663680468
C,20,15,115,log,0.1,0.5,0.0,8.691790674163531,0.8881138564236037,18.78357824531978,23.85972892463468
C,20,15,115,log,0.1,0.5,0.5,5.963551824590608,0.888901801980284,15.868689147591976,20.53781057284712
C,20,15,115,log,0.1,0.5,1.0,4.279743904938015,0.8874292786605708,13.595392985414938,17.56994038713033
C,20,15,115,log,0.5,0.0,0.0,4.0767306880770935,0.8857267506381954,12.512481323875704,16.180218470972896
C,20,15,115,log,0.5,0.0,0.5,4.0767306880770935,0.8857267506381954,12.512481323875704,16.180218470972896
C,20,15,115,log,0.5,0.0,1.0,4.0767306880770935,0.8857267506381954,12.512481323875704,16.180218470972896
C,20,15,115,log,0.5,0.1,0.0,7.983458180760898,0.887308660315861,17.901901765579076,22.980480201466296
C,20,15,115,log,0.5,0.1,0.5,5.7486655260819415,0.8880567204261174,15.417871106445592,20.07858172312025
C,20,15,115,log,0.5,0.1,1.0,4.341951760663132,0.8869491159627664,13.481767759321418,17.508894295280406
C,20,15,115,log,0.5,0.5,0.0,65.29397090983079,0.88791056851849,41.57552700200603,46.41182666125096
C,20,15,115,log,0.5,0.5,0.5,33.6632986777086,0.8864038116848679,33.345953621288814,38.50589924556862
C,20,15,115,log,0.5,0.5,1.0,11.704842427398384,0.8712160111505158,21.1753686815152,26.85426153998476
C,20,15,115,log,1.0,0.0,0.0,4.108373924415183,0.8855562513404622,12.528340373200535,16.214424647114
C,20,15,115,log,1.0,0.0,0.5,4.108373924415183,0.8855562513404622,12.528340373200535,16.214424647114
C,20,15,115,log,1.0,0.0,1.0,4.108373924415183,0.8855562513404622,12.528340373200535,16.214424647114
C,20,15,115,log,1.0,0.1,0.0,16.474651117392238,0.8873198477660441,24.960850074369866,30.296785921478936
C,20,15,115,log,1.0,0.1,0.5,9.705845860029664,0.887819115785982,19.73426216400336,25.003420158556608
C,20,15,115,log,1.0,0.1,1.0,5.326896850343959,0.8851595320959375,15.044634175728785,19.53361805563741
C,20,15,115,log,1.0,0.5,0.0,185.54461290256705,0.8878892013676302,54.28320037622764,59.29063209613903
C,20,15,115,log,1.0,0.5,0.5,101.85807287059568,0.8832268829073145,46.75011016797389,51.823395438008994
C,20,15,115,log,1.0,0.5,1.0,32.160969611214604,0.850746570943239,30.996595708584664,37.01803160588063
C,20,15,115,log,1.5,0.0,0.0,4.120352605494643,0.8855286296121163,12.534178611655127,16.22695255570481
C,20,15,115,log,1.5,0.0,0.5,4.120352605494643,0.8855286296121163,12.534178611655127,16.22695255570481
C,20,15,115,log,1.5,0.0,1.0,4.120352605494643,0.8855286296121163,12.534178611655127,16.22695255570481
C,20,15,115,log,1.5,0.1,0.0,28.640650392937545,0.8873308340632132,31.39105413029116,36.52667231683242
C,20,15,115,log,1.5,0.1,0.5,15.500382858501633,0.8873277251200771,24.385427665785087,29.786353779496853
C,20,15,115,log,1.5,0.1,1.0,6.8025818036902965,0.8820925848211981,16.861039584795066,21.809679194676928
C,20,15,115,log,1.5,0.5,0.0,324.39144861567235,0.8878763915574973,60.80779187153371,66.08715515314918
C,20,15,115,log,1.5,0.5,0.5,193.53367442558684,0.8804321333655347,54.347702032076754,59.63275660072431
C,20,15,115,log,1.5,0.5,1.0,62.62210738492878,0.8441430217805117,38.81956500559473,44.76303203782281
C,20,15,120,log,0.1,0.0,0.0,4.381026345329336,0.8779928450909147,12.1702375745587,16.426961976953173
C,20,15,120,log,0.1,0.0,0.5,4.381026345329336,0.8779928450909147,12.1702375745587,16.426961976953173
C,20,15,120,log,0.1,0.0,1.0,4.381026345329336,0.8779928450909147,12.1702375745587,16.426961976953173
C,20,15,120,log,0.1,0.1,0.0,4.767865837483976,0.8787262657236455,13.11841768609779,17.697524901466625
C,20,15,120,log,0.1,0.1,0.5,4.478567108952983,0.8792451209216553,12.693580270499766,17.112377774871828
C,20,15,120,log,0.1,0.1,1.0,4.294740588888628,0.8793640029777496,12.346123964800253,16.612105744434764
C,20,15,120,log,0.1,0.5,0.0,10.061201213167791,0.8802008097430015,19.14761458454604,24.712896636656858
C,20,15,120,log,0.1,0.5,0.5,6.813911444945657,0.8808282992987577,16.068461200394292,21.272947973639887
C,20,15,120,log,0.1,0.5,1.0,4.804561324000607,0.8792369375907025,13.592376521954256,18.16005070758256
C,20,15,120,log,0.5,0.0,0.0,4.534816710959725,0.8770087463285614,12.181570278510131,16.567324803780046
C,20,15,120,log,0.5,0.0,0.5,4.534816710959725,0.8770087463285614,12.181570278510131,16.567324803780046
C,20,15,120,log,0.5,0.0,1.0,4.534816710959725,0.8770087463285614,12.181570278510131,16.567324803780046
C,20,15,120,log,0.5,0.1,0.0,9.24573507634599,0.87927775612805,18.22926941816441,23.82884061678967
C,20,15,120,log,0.5,0.1,0.5,6.56069826772452,0.8798670145717681,15.564382466359088,20.79235896217252
C,20,15,120,log,0.5,0.1,1.0,4.865754605495837,0.8785538574651766,13.407157613994189,18.067172318245547
C,20,15,120,log,0.5,0.5,0.0,79.99444606297232,0.8799946757061509,42.724557483974046,47.949369381408346
C,20,15,120,log,0.5,0.5,0.5,40.56266345015325,0.8786037752713591,34.25598956340337,39.82838408458679
C,20,15,120,log,0.5,0.5,1.0,13.768001716325909,0.8640131581581588,21.66585632592993,27.846921042722386
C,20,15,120,log,1.0,0.0,0.0,4.569238322422443,0.8767950410595237,12.1860824017103,16.596747048243888
C,20,15,120,log,1.0,0.0,0.5,4.569238322422443,0.8767950410595237,12.1860824017103,16.596747048243888
C,20,15,120,log,1.0,0.0,1.0,4.569238322422443,0.8767950410595237,12.1860824017103,16.596747048243888
C,20,15,120,log,1.0,0.1,0.0,19.50845322359149,0.8793640631703822,25.63017394322936,31.40795491147289
C,20,15,120,log,1.0,0.1,0.5,11.3261080099334,0.8799080546812666,20.16820621352145,25.94006358636786
C,20,15,120,log,1.0,0.1,1.0,6.065741231153725,0.8768790490232696,15.135387810451908,20.229744889337848
C,20,15,120,log,1.0,0.5,0.0,234.47503194487663,0.8799665199353089,55.7706258400746,61.18528474104552
C,20,15,120,log,1.0,0.5,0.5,126.60570741989592,0.8755219034575186,48.02244049589889,53.506508337572185
C,20,15,120,log,1.0,0.5,1.0,39.157108961067024,0.8434066962014922,31.80988931590341,38.30905993783457
C,20,15,120,log,1.5,0.0,0.5,4.582276468459531,0.8767202428077177,12.187673575456463,16.60745660065225
C,20,15,120,log,1.5,0.0,0.0,4.582276468459531,0.8767202428077177,12.187673575456463,16.60745660065225
C,20,15,120,log,1.5,0.1,0.0,34.406131306685865,0.8793780985817937,32.27490418750183,37.82170683434381
C,20,15,120,log,1.5,0.0,1.0,4.582276468459531,0.8767202428077177,12.187673575456463,16.60745660065225
C,20,15,120,log,1.5,0.1,1.0,7.853020869483066,0.8741468872635952,17.102143465024888,22.626319454641795
C,20,15,120,log,1.5,0.1,0.5,18.33458499706582,0.8794318263536278,25.024266127657164,30.88199290151368
C,20,15,120,log,1.5,0.5,0.0,417.0740060504721,0.8799495797075055,62.462279321313794,68.16651009101126
C,20,15,120,log,1.5,0.5,0.5,245.13842553982005,0.8728445900662528,55.8196508709265,61.52641112974872
C,20,15,125,log,0.1,0.0,0.0,4.97920273527607,0.8689000122830757,11.862393040238748,17.110448092574092
C,20,15,120,log,1.5,0.5,1.0,77.56358497181162,0.8369329201311588,39.80134753202147,46.23580862979175
C,20,15,125,log,0.1,0.0,1.0,4.97920273527607,0.8689000122830757,11.862393040238748,17.110448092574092
C,20,15,125,log,0.1,0.0,0.5,4.97920273527607,0.8689000122830757,11.862393040238748,17.110448092574092
C,20,15,125,log,0.1,0.1,0.0,5.4403955470974905,0.8698743034866384,12.977936312478889,18.43162108113841
C,20,15,125,log,0.1,0.1,0.5,5.097745730231729,0.8704963656353826,12.50186032987315,17.829840682244747
C,20,15,125,log,0.1,0.1,1.0,4.878344683535689,0.8705153612762265,12.096289616462036,17.314033598188722
C,20,15,125,log,0.1,0.5,0.0,11.722522771779737,0.8720087989192095,19.4500018074107,25.61761989885063
C,20,15,125,log,0.1,0.5,0.5,7.859053115126464,0.8724627851601129,16.21559942948693,22.1069111062692
C,20,15,125,log,0.1,0.5,1.0,5.481078068046279,0.8706086675629823,13.5445477490566,18.92901842323636
C,20,15,125,log,0.5,0.0,0.0,5.151366982211827,0.8678587527104005,11.8253523123052,17.239949768761388
C,20,15,125,log,0.5,0.0,0.5,5.151366982211827,0.8678587527104005,11.8253523123052,17.239949768761388
C,20,15,125,log,0.5,0.0,1.0,5.151366982211827,0.8678587527104005,11.8253523123052,17.239949768761388
C,20,15,125,log,0.5,0.1,0.0,10.79066844242343,0.8709229418453729,18.50960023057337,24.745763185841653
C,20,15,125,log,0.5,0.1,0.5,7.570799403448836,0.8714293209502311,15.663154287871295,21.62603615884953
C,20,15,125,log,0.5,0.1,1.0,5.551367742476538,0.8697578509162625,13.291537685713111,18.824186879350144
C,20,15,125,log,0.5,0.5,0.0,98.19566489898372,0.8719207430826827,43.79857929905242,49.42612552328522
C,20,15,125,log,0.5,0.5,0.5,49.00711356864493,0.8707241627409479,35.10148079858372,41.108633888317385
C,20,15,125,log,0.5,0.5,1.0,16.27904829102883,0.8568301334458983,22.09014714541153,28.856073474491645
C,20,15,125,log,1.0,0.0,0.0,5.1890181079415765,0.8676840167309953,11.820646097377663,17.267423179112818
C,20,15,125,log,1.0,0.0,0.5,5.1890181079415765,0.8676840167309953,11.820646097377663,17.267423179112818
C,20,15,125,log,1.0,0.0,1.0,5.1890181079415765,0.8676840167309953,11.820646097377663,17.267423179112818
C,20,15,125,log,1.0,0.1,0.0,23.192379947659685,0.8712328973359249,26.234994168806796,32.51217584645302
C,20,15,125,log,1.0,0.1,0.5,13.294338995170472,0.8718365482184309,20.549703583326263,26.91374956964096
C,20,15,125,log,1.0,0.1,1.0,6.9945782755235175,0.8684602935044354,15.184820027000915,21.06319015501966
C,20,15,125,log,1.0,0.5,0.0,296.3976721000066,0.8718844291951398,57.15876946170755,62.99072011842729
C,20,15,125,log,1.0,0.5,0.5,157.53558486760247,0.8677820835374057,49.21071568817494,55.1164973177387
C,20,15,125,log,1.0,0.5,1.0,47.80384763994281,0.8364146043479854,32.57489967939604,39.56095042518672
C,20,15,125,log,1.5,0.0,0.0,5.203264405539743,0.8675874268430327,11.8187169933534,17.277379989878803
C,20,15,125,log,1.5,0.0,0.5,5.203264405539743,0.8675874268430327,11.8187169933534,17.277379989878803
C,20,15,125,log,1.5,0.0,1.0,5.203264405539743,0.8675874268430327,11.8187169933534,17.277379989878803
C,20,15,125,log,1.5,0.1,0.0,41.45763310706761,0.8712676113710728,33.096922118775524,39.08171678778804
C,20,15,125,log,1.5,0.1,0.5,21.774165780430454,0.8714318230020922,25.60453779578239,31.97155986445845
C,20,15,125,log,1.5,0.1,1.0,9.148192761014736,0.8658819544048336,17.283408997348737,23.52683040831516
C,20,15,125,log,1.5,0.5,0.0,535.8756460418174,0.8718623262113805,64.00516922343755,70.14236404668699
C,20,15,125,log,1.5,0.5,0.5,310.50434413428724,0.8652557153332104,57.19271376176323,63.33018635828157
C,20,15,125,log,1.5,0.5,1.0,96.12611030866928,0.8302509175150213,40.72025691765327,47.64892182992528
C,20,15,130,log,0.1,0.0,0.0,5.026604191359031,0.8681633030253684,11.463893600057265,16.737973865012496
C,20,15,130,log,0.1,0.0,0.5,5.026604191359031,0.8681633030253684,11.463893600057265,16.737973865012496
C,20,15,130,log,0.1,0.0,1.0,5.026604191359031,0.8681633030253684,11.463893600057265,16.737973865012496
C,20,15,130,log,0.1,0.1,0.0,5.2643923447111,0.8695316916832615,12.431648737948738,17.87948777013701
C,20,15,130,log,0.1,0.1,0.5,4.993432660606543,0.8698885741375492,12.005888338594586,17.33522289436447
C,20,15,130,log,0.1,0.1,1.0,4.849360638124913,0.8697292395098689,11.65431041196538,16.883081190245825
C,20,15,130,log,0.1,0.5,0.0,10.751852905400328,0.8718129314801086,18.50140580308451,24.680017665674114
C,20,15,130,log,0.1,0.5,0.5,7.242810840494859,0.8721638388327589,15.404454187388556,21.26680104450333
C,20,15,130,log,0.1,0.5,1.0,5.214598176162182,0.8701763321546052,12.940986276262771,18.29175823739672
C,20,15,130,log,0.5,0.0,0.0,5.189846722821981,0.8668793096735683,11.451427277025497,16.880645005566716
C,20,15,130,log,0.5,0.0,0.5,5.189846722821981,0.8668793096735683,11.451427277025497,16.880645005566716
C,20,15,130,log,0.5,0.0,1.0,5.189846722821981,0.8668793096735683,11.451427277025497,16.880645005566716
C,20,15,130,log,0.5,0.1,0.0,9.931625473543823,0.8706994421378879,17.627652724799606,23.865024223292345
C,20,15,130,log,0.5,0.1,0.5,7.018378634608636,0.8710192986001276,14.922443702752696,20.84846056040904
C,20,15,130,log,0.5,0.1,1.0,5.313324959275373,0.8693493008471982,12.737902223468828,18.237809052524604
C,20,15,130,log,0.5,0.5,0.0,91.73788615427742,0.8719020283094048,42.86364384028864,48.496483367061685
C,20,15,130,log,0.5,0.5,0.5,45.24269818688485,0.8707254199810694,33.99653890658722,40.064292472309965
C,20,15,130,log,0.5,0.5,1.0,14.787225877913324,0.8572296010037803,21.06178958026945,27.85481391676236
C,20,15,130,log,1.0,0.0,0.0,5.226500446171899,0.8667039426809693,11.45137401737286,16.911027861435425
C,20,15,130,log,1.0,0.0,0.5,5.226500446171899,0.8667039426809693,11.45137401737286,16.911027861435425
C,20,15,130,log,1.0,0.0,1.0,5.226500446171899,0.8667039426809693,11.45137401737286,16.911027861435425
C,20,15,130,log,1.0,0.1,0.0,21.34141655943837,0.871176843794014,25.154286874531103,31.504379490857826
C,20,15,130,log,1.0,0.1,0.5,12.175463205777486,0.8716057584801377,19.58155043316271,25.963271432670023
C,20,15,130,log,1.0,0.1,1.0,6.509460173449919,0.8679978209060927,14.498177141414471,20.317640448197945
C,20,15,130,log,1.0,0.5,0.0,281.01892360738697,0.8718456513673155,56.51020008696945,62.291327173842845
C,20,15,130,log,1.0,0.5,0.5,147.62753998519298,0.8678646084523356,48.37756556907631,54.24861103114563
C,20,15,130,log,1.0,0.5,1.0,43.98011421049498,0.8366743225147923,31.38944686523262,38.49182657095351
C,20,15,130,log,1.5,0.0,0.0,5.240579931148128,0.8665681310195437,11.451144380060056,16.922145445072363
C,20,15,130,log,1.5,0.0,0.5,5.240579931148128,0.8665681310195437,11.451144380060056,16.922145445072363
C,20,15,130,log,1.5,0.0,1.0,5.240579931148128,0.8665681310195437,11.451144380060056,16.922145445072363
C,20,15,130,log,1.5,0.1,0.0,38.36950376852961,0.871222949869402,32.013473794042014,38.06877166182445
C,20,15,130,log,1.5,0.1,0.5,19.96115761236437,0.8713625709907269,24.506912986111963,30.945258680432467
C,20,15,130,log,1.5,0.1,1.0,8.4014867415401,0.865613528205545,16.48409692662704,22.67169570097473
C,20,15,130,log,1.5,0.5,0.0,512.4851436561994,0.8718253628125888,63.49913241956591,69.58177138177518
C,20,15,130,log,1.5,0.5,0.5,293.7452959678158,0.8654180455544743,56.52964876799717,62.610858413162
C,20,15,130,log,1.5,0.5,1.0,89.12241617499926,0.8307658635698235,39.63936569294229,46.6040248551757
C,20,20,115,log,0.1,0.0,0.0,3.907537939989274,0.8864933864272461,12.43146897011314,15.994049743219088
C,20,20,115,log,0.1,0.0,0.5,3.907537939989274,0.8864933864272461,12.43146897011314,15.994049743219088
C,20,20,115,log,0.1,0.0,1.0,3.907537939989274,0.8864933864272461,12.43146897011314,15.994049743219088
C,20,20,115,log,0.1,0.1,0.0,4.233454431671161,0.8872158454134038,13.196224456659564,17.14713927413467
C,20,20,115,log,0.1,0.1,0.5,3.997061119360456,0.8877926556339618,12.833246598523136,16.605584895841496
C,20,20,115,log,0.1,0.1,1.0,3.861686428822175,0.8878395620250202,12.55859218731602,16.16508352985697
C,20,20,115,log,0.1,0.5,0.0,8.678318421376735,0.8882137120828073,18.774670654592832,23.8502657975768
C,20,20,115,log,0.1,0.5,0.5,5.96355182459061,0.888901801980284,15.868689147591976,20.53781057284712
C,20,20,115,log,0.1,0.5,1.0,4.279743904938015,0.8874292786605708,13.595392985414938,17.56994038713033
C,20,20,115,log,0.5,0.0,0.0,4.047537395767834,0.8857894194013045,12.49686849639977,16.156633704213213
C,20,20,115,log,0.5,0.0,0.5,4.047537395767834,0.8857894194013045,12.49686849639977,16.156633704213213
C,20,20,115,log,0.5,0.0,1.0,4.047537395767834,0.8857894194013045,12.49686849639977,16.156633704213213
C,20,20,115,log,0.5,0.1,0.0,7.961845769355106,0.8873899278689146,17.88777671001653,22.962737447955085
C,20,20,115,log,0.5,0.1,0.5,5.7486655260819495,0.8880567204261174,15.417871106445595,20.078581723120266
C,20,20,115,log,0.5,0.1,1.0,4.341951760663132,0.8869491159627664,13.481767759321418,17.508894295280406
C,20,20,115,log,0.5,0.5,0.0,65.2137901251995,0.888009719173702,41.57608118919666,46.40903654631271
C,20,20,115,log,0.5,0.5,0.5,33.6632986777086,0.8864038116848679,33.345953621288814,38.50589924556862
C,20,20,115,log,0.5,0.5,1.0,11.704842427398384,0.8712160111505158,21.1753686815152,26.85426153998476
C,20,20,115,log,1.0,0.0,0.0,4.078686577400728,0.8856317920211183,12.511546429801442,16.190207883907938
C,20,20,115,log,1.0,0.0,0.5,4.078686577400728,0.8856317920211183,12.511546429801442,16.190207883907938
C,20,20,115,log,1.0,0.0,1.0,4.078686577400728,0.8856317920211183,12.511546429801442,16.190207883907938
C,20,20,115,log,1.0,0.1,0.0,16.441058139207193,0.8874293500777434,24.966614887584512,30.287832009365424
C,20,20,115,log,1.0,0.1,0.5,9.70584586002968,0.887819115785982,19.734262164003376,25.003420158556622
C,20,20,115,log,1.0,0.1,1.0,5.32689685034396,0.8851595320959375,15.044634175728785,19.53361805563741
C,20,20,115,log,1.0,0.5,0.0,185.3709799864287,0.8880174533553229,54.28348404400408,59.28652351863137
C,20,20,115,log,1.0,0.5,0.5,101.85807287059566,0.8832268829073145,46.75011016797389,51.823395438008994
C,20,20,115,log,1.0,0.5,1.0,32.160969611214604,0.850746570943239,30.996595708584664,37.01803160588063
C,20,20,115,log,1.5,0.0,0.0,4.090474555271811,0.8855623648019959,12.516845598725451,16.20249316543821
C,20,20,115,log,1.5,0.0,0.5,4.090474555271811,0.8855623648019959,12.516845598725451,16.20249316543821
C,20,20,115,log,1.5,0.0,1.0,4.090474555271811,0.8855623648019959,12.516845598725451,16.20249316543821
C,20,20,115,log,1.5,0.1,0.0,28.584938088932468,0.8874556956802555,31.396995805244053,36.52068064502847
C,20,20,115,log,1.5,0.1,0.5,15.50038285850164,0.8873277251200771,24.38542766578509,29.786353779496856
C,20,20,115,log,1.5,0.1,1.0,6.802581803690304,0.8820925848211981,16.861039584795073,21.80967919467694
C,20,20,115,log,1.5,0.5,0.0,324.14919388479075,0.8880238072045696,60.808186707069865,66.08335066074542
C,20,20,115,log,1.5,0.5,0.5,193.53367442558684,0.8804321333655347,54.347702032076754,59.63275660072431
C,20,20,115,log,1.5,0.5,1.0,62.62210738492878,0.8441430217805117,38.81956500559473,44.76303203782281
C,20,20,120,log,0.1,0.0,0.0,4.347332386373082,0.8781637957355521,12.159739326743408,16.401601747872455
C,20,20,120,log,0.1,0.0,0.5,4.347332386373082,0.8781637957355521,12.159739326743408,16.401601747872455
C,20,20,120,log,0.1,0.0,1.0,4.347332386373082,0.8781637957355521,12.159739326743408,16.401601747872455
C,20,20,120,log,0.1,0.1,0.0,4.73810497080625,0.8786951854824354,13.10563818350499,17.67555685959686
C,20,20,120,log,0.1,0.1,0.5,4.454036229573267,0.8793380792358269,12.684463666181768,17.092968923519507
C,20,20,120,log,0.1,0.1,1.0,4.290780878168627,0.8793354107239605,12.346563022878852,16.610861188061442
C,20,20,120,log,0.1,0.5,0.0,10.035324933113458,0.8802688082407064,19.141197241363788,24.703266520454413
C,20,20,120,log,0.1,0.5,0.5,6.813911444945657,0.8808282992987577,16.068461200394292,21.272947973639887
C,20,20,120,log,0.1,0.5,1.0,4.804561324000607,0.8792369375907025,13.592376521954256,18.16005070758256
C,20,20,120,log,0.5,0.0,0.0,4.502660463550582,0.8771942014282921,12.164128614664202,16.53904016738847
C,20,20,120,log,0.5,0.0,0.5,4.502660463550582,0.8771942014282921,12.164128614664202,16.53904016738847
C,20,20,120,log,0.5,0.0,1.0,4.502660463550582,0.8771942014282921,12.164128614664202,16.53904016738847
C,20,20,120,log,0.5,0.1,0.0,9.20870392338193,0.879367380467683,18.219407244351803,23.808787449496045
C,20,20,120,log,0.5,0.1,0.5,6.560698267724552,0.8798670145717681,15.564382466359106,20.79235896217255
C,20,20,120,log,0.5,0.1,1.0,4.865754605495837,0.8785538574651766,13.407157613994189,18.067172318245547
C,20,20,120,log,0.5,0.5,0.0,79.85043597360506,0.8801193573392976,42.724485751564416,47.94517210441337
C,20,20,120,log,0.5,0.5,0.5,40.56266345015325,0.8786037752713591,34.25598956340337,39.82838408458679
C,20,20,120,log,0.5,0.5,1.0,13.768001716325909,0.8640131581581588,21.665856325929933,27.846921042722396
C,20,20,120,log,1.0,0.0,0.0,4.537183073444095,0.8770319008532768,12.167343764119396,16.56778560722875
C,20,20,120,log,1.0,0.0,0.5,4.537183073444095,0.8770319008532768,12.167343764119396,16.56778560722875
C,20,20,120,log,1.0,0.0,1.0,4.537183073444095,0.8770319008532768,12.167343764119396,16.56778560722875
C,20,20,120,log,1.0,0.1,0.0,19.44602047292337,0.8794988599630946,25.62990409279963,31.39604462033976
C,20,20,120,log,1.0,0.1,0.5,11.3261080099334,0.8799080546812666,20.168206213521447,25.94006358636786
C,20,20,120,log,1.0,0.1,1.0,6.065741231153727,0.8768790490232696,15.135387810451908,20.229744889337848
C,20,20,120,log,1.0,0.5,0.0,234.18149572327837,0.8801138586688951,55.770520876373816,61.18010404027024
C,20,20,120,log,1.0,0.5,0.5,126.60570741989592,0.8755219034575186,48.02244049589889,53.506508337572185
C,20,20,120,log,1.0,0.5,1.0,39.157108961067024,0.8434066962014922,31.80988931590341,38.30905993783457
C,20,20,120,log,1.5,0.0,0.0,4.55028433180001,0.8769669608320821,12.168448477385931,16.578253772748504
C,20,20,120,log,1.5,0.0,0.5,4.55028433180001,0.8769669608320821,12.168448477385931,16.578253772748504
C,20,20,120,log,1.5,0.0,1.0,4.55028433180001,0.8769669608320821,12.168448477385931,16.578253772748504
C,20,20,120,log,1.5,0.1,0.0,34.30877142540904,0.8795279151346336,32.27790120896811,37.8133499064269
C,20,20,120,log,1.5,0.1,0.5,18.33458499706584,0.8794318263536278,25.02426612765717,30.881992901513684
C,20,20,120,log,1.5,0.1,1.0,7.853020869483065,0.8741468872635952,17.102143465024888,22.626319454641795
C,20,20,120,log,1.5,0.5,0.0,416.6750058776597,0.8801197344552609,62.46237458269344,68.16188986049491
C,20,20,120,log,1.5,0.5,0.5,245.13842553982008,0.8728445900662528,55.8196508709265,61.52641112974872
C,20,20,120,log,1.5,0.5,1.0,77.56358497181162,0.8369329201311588,39.80134753202147,46.23580862979175
C,20,20,125,log,0.1,0.0,0.0,4.938617666225578,0.8688395884700908,11.851297111660944,17.083680925411244
C,20,20,125,log,0.1,0.0,0.5,4.938617666225578,0.8688395884700908,11.851297111660944,17.083680925411244
C,20,20,125,log,0.1,0.0,1.0,4.938617666225578,0.8688395884700908,11.851297111660944,17.083680925411244
C,20,20,125,log,0.1,0.1,0.0,5.398339227507622,0.8698110718939713,12.966444832761862,18.407925227161197
C,20,20,125,log,0.1,0.1,0.5,5.067018659473182,0.87059087065613,12.492724135439994,17.809870774715677
C,20,20,125,log,0.1,0.1,1.0,4.8724626346134645,0.8704463269339424,12.095823424039857,17.31233955570021
C,20,20,125,log,0.1,0.5,0.0,11.67961438945431,0.871998506193482,19.449091551811986,25.60732591132817
C,20,20,125,log,0.1,0.5,0.5,7.859053115126464,0.8724627851601129,16.21559942948693,22.1069111062692
C,20,20,125,log,0.1,0.5,1.0,5.48107806804628,0.8706086675629823,13.5445477490566,18.92901842323636
C,20,20,125,log,0.5,0.0,0.0,5.112570565933432,0.8677672268288739,11.807455787470632,17.209387087611784
C,20,20,125,log,0.5,0.0,1.0,5.112570565933432,0.8677672268288739,11.807455787470632,17.209387087611784
C,20,20,125,log,0.5,0.0,0.5,5.112570565933432,0.8677672268288739,11.807455787470632,17.209387087611784
C,20,20,125,log,0.5,0.1,0.0,10.73401312506172,0.8709475443731225,18.50067722135824,24.724377758375184
C,20,20,125,log,0.5,0.1,0.5,7.570799403448845,0.8714293209502311,15.663154287871302,21.626036158849537
C,20,20,125,log,0.5,0.1,1.0,5.551367742476538,0.8697578509162625,13.291537685713111,18.824186879350144
C,20,20,125,log,0.5,0.5,0.0,97.97948807815555,0.8719492937066036,43.79801270861977,49.421322369702985
C,20,20,125,log,0.5,0.5,0.5,49.00711356864493,0.8707241627409479,35.10148079858372,41.108633888317385
C,20,20,125,log,0.5,0.5,1.0,16.27904829102883,0.8568301334458983,22.09014714541153,28.856073474491645
C,20,20,125,log,1.0,0.0,0.0,5.150762816080872,0.8675765147262572,11.801185850851471,17.235947168775493
C,20,20,125,log,1.0,0.0,0.5,5.150762816080872,0.8675765147262572,11.801185850851471,17.235947168775493
C,20,20,125,log,1.0,0.0,1.0,5.150762816080872,0.8675765147262572,11.801185850851471,17.235947168775493
C,20,20,125,log,1.0,0.1,0.0,23.09785466722931,0.8712600677773933,26.233456631018758,32.49934598763595
C,20,20,125,log,1.0,0.1,0.5,13.294338995170472,0.8718365482184309,20.549703583326263,26.91374956964096
C,20,20,125,log,1.0,0.1,1.0,6.994578275523525,0.8684602935044354,15.18482002700092,21.06319015501967
C,20,20,125,log,1.0,0.5,0.0,295.9753003365014,0.8719390970315726,57.15861940122969,62.98508860915448
C,20,20,125,log,1.0,0.5,0.5,157.53558486760247,0.8677820835374057,49.21071568817494,55.1164973177387
C,20,20,125,log,1.0,0.5,1.0,47.80384763994281,0.8364146043479854,32.57489967939604,39.56095042518672
C,20,20,125,log,1.5,0.0,0.0,5.1651494175028025,0.8675131875941322,11.79868880614789,17.245550637729586
C,20,20,125,log,1.5,0.0,0.5,5.1651494175028025,0.8675131875941322,11.79868880614789,17.245550637729586
C,20,20,125,log,1.5,0.0,1.0,5.1651494175028025,0.8675131875941322,11.79868880614789,17.245550637729586
C,20,20,125,log,1.5,0.1,0.0,41.31212304547559,0.8713033236595317,33.09350392327315,39.0721500037543
C,20,20,125,log,1.5,0.1,0.5,21.774165780430454,0.8714318230020922,25.604537795782385,31.97155986445845
C,20,20,125,log,1.5,0.5,0.0,535.3113572706807,0.871953416931226,64.0051811421911,70.13733603759174
C,20,20,125,log,1.5,0.1,1.0,9.148192761014736,0.8658819544048336,17.283408997348737,23.52683040831516
C,20,20,125,log,1.5,0.5,1.0,96.12611030866928,0.8302509175150213,40.72025691765327,47.64892182992528
C,20,20,125,log,1.5,0.5,0.5,310.5043441342873,0.8652557153332104,57.19271376176323,63.33018635828157
C,20,20,130,log,0.1,0.0,0.0,4.984716909675728,0.8681049222809714,11.448789244068369,16.709648690153635
C,20,20,130,log,0.1,0.0,0.5,4.984716909675728,0.8681049222809714,11.448789244068369,16.709648690153635
C,20,20,130,log,0.1,0.0,1.0,4.984716909675728,0.8681049222809714,11.448789244068369,16.709648690153635
C,20,20,130,log,0.1,0.1,0.0,5.225860908279578,0.869589410461027,12.42164508176316,17.855021268831884
C,20,20,130,log,0.1,0.1,1.0,4.843882606728515,0.8696799091794503,11.653300618943536,16.88197560426041
C,20,20,130,log,0.1,0.1,0.5,4.962457218345235,0.8699998418580085,11.997480261989894,17.315548915070714
C,20,20,130,log,0.1,0.5,0.0,10.708807958736838,0.8718189362334382,18.499761564992976,24.667991356612987
C,20,20,130,log,0.1,0.5,0.5,7.242810840494859,0.8721638388327589,15.404454187388556,21.26680104450333
C,20,20,130,log,0.1,0.5,1.0,5.214598176162182,0.8701763321546052,12.940986276262771,18.29175823739672
C,20,20,130,log,0.5,0.0,0.0,5.151873306234915,0.8670039734041115,11.429554625467082,16.84849200912756
C,20,20,130,log,0.5,0.0,0.5,5.151873306234915,0.8670039734041115,11.429554625467082,16.84849200912756
C,20,20,130,log,0.5,0.0,1.0,5.151873306234915,0.8670039734041115,11.429554625467082,16.84849200912756
C,20,20,130,log,0.5,0.1,0.0,9.87731955562629,0.8706848723477052,17.619302515742422,23.842422448382656
C,20,20,130,log,0.5,0.1,0.5,7.018378634608654,0.8710192986001276,14.92244370275271,20.84846056040906
C,20,20,130,log,0.5,0.1,1.0,5.313324959275374,0.8693493008471982,12.737902223468828,18.237809052524607
C,20,20,130,log,0.5,0.5,0.0,91.52371481523362,0.871921179698079,42.86350127468366,48.49183956498716
C,20,20,130,log,0.5,0.5,0.5,45.24269818688485,0.8707254199810694,33.99653890658722,40.064292472309965
C,20,20,130,log,0.5,0.5,1.0,14.787225877913324,0.8572296010037803,21.06178958026945,27.85481391676236
C,20,20,130,log,1.0,0.0,0.0,5.187996342301379,0.8667458238986786,11.42813820684523,16.877775776751292
C,20,20,130,log,1.0,0.0,0.5,5.187996342301379,0.8667458238986786,11.42813820684523,16.877775776751292
C,20,20,130,log,1.0,0.0,1.0,5.187996342301379,0.8667458238986786,11.42813820684523,16.877775776751292
C,20,20,130,log,1.0,0.1,0.0,21.248821575349705,0.871204289564889,25.15511351415585,31.489255759718013
C,20,20,130,log,1.0,0.1,0.5,12.175463205777486,0.8716057584801377,19.581550433162707,25.963271432670023
C,20,20,130,log,1.0,0.1,1.0,6.509460173449932,0.8679978209060927,14.498177141414482,20.31764044819796
C,20,20,130,log,1.0,0.5,0.0,280.59382135789394,0.8719178462449972,56.51003894632984,62.28561199714177
C,20,20,130,log,1.0,0.5,0.5,147.62753998519298,0.8678646084523356,48.37756556907631,54.24861103114563
C,20,20,130,log,1.0,0.5,1.0,43.98011421049498,0.8366743225147923,31.38944686523262,38.49182657095351
C,20,20,130,log,1.5,0.0,0.0,5.201852565384696,0.8667002872876288,11.42739884467438,16.888462341266596
C,20,20,130,log,1.5,0.0,0.5,5.201852565384696,0.8667002872876288,11.42739884467438,16.888462341266596
C,20,20,130,log,1.5,0.0,1.0,5.201852565384696,0.8667002872876288,11.42739884467438,16.888462341266596
C,20,20,130,log,1.5,0.1,0.0,38.22648847713664,0.8712763724002078,32.010372947659675,38.05819342338495
C,20,20,130,log,1.5,0.1,0.5,19.961157612364428,0.8713625709907269,24.506912986111992,30.94525868043248
C,20,20,130,log,1.5,0.1,1.0,8.4014867415401,0.865613528205545,16.484096926627036,22.67169570097473
C,20,20,130,log,1.5,0.5,0.0,511.915156804866,0.8719190319484277,63.49912046124975,69.57664039916367
C,20,20,130,log,1.5,0.5,0.5,293.7452959678158,0.8654180455544743,56.52964876799717,62.610858413162
C,20,20,130,log,1.5,0.5,1.0,89.12241617499926,0.8307658635698235,39.63936569294229,46.6040248551757
C,25,10,115,log,0.1,0.0,0.0,3.069902672473188,0.8965747352122623,11.37844872544692,14.69778438332004
C,25,10,115,log,0.1,0.0,0.5,3.069902672473188,0.8965747352122623,11.37844872544692,14.69778438332004
C,25,10,115,log,0.1,0.0,1.0,3.069902672473188,0.8965747352122623,11.37844872544692,14.69778438332004
C,25,10,115,log,0.1,0.1,0.0,3.3662027341441294,0.8972037066175593,12.1385959556976,15.848881499815729
C,25,10,115,log,0.1,0.1,0.5,3.2079261260287653,0.8975504513052417,11.801516197406247,15.356911123562895
C,25,10,115,log,0.1,0.1,1.0,3.10219822495653,0.8974786719425454,11.526589889599512,14.930718167025509
C,25,10,115,log,0.1,0.5,0.0,7.307152813166131,0.8980416083649254,17.974825234883,22.741823953052
C,25,10,115,log,0.1,0.5,0.5,5.016699177896916,0.8984213163448149,14.915563359553907,19.37027894227048
C,25,10,115,log,0.1,0.5,1.0,3.5349323676729805,0.8970212081597136,12.542294007297176,16.34240948951915
C,25,10,115,log,0.5,0.0,0.0,3.1698867257796217,0.8956655628063448,11.463138344481328,14.852022235669557
C,25,10,115,log,0.5,0.0,0.5,3.1698867257796217,0.8956655628063448,11.463138344481328,14.852022235669557
C,25,10,115,log,0.5,0.0,1.0,3.1698867257796217,0.8956655628063448,11.463138344481328,14.852022235669557
C,25,10,115,log,0.5,0.1,0.0,6.638636987096855,0.8971188394654079,17.049320113663022,21.81133637996636
C,25,10,115,log,0.5,0.1,0.5,4.785926483941838,0.8976530130742685,14.460274532962575,18.87494975265499
C,25,10,115,log,0.5,0.1,1.0,3.567593262249216,0.8963442037864198,12.43404439758671,16.266810913179235
C,25,10,115,log,0.5,0.5,0.0,58.85038596056745,0.8976180745934574,41.102763820374335,45.66851242538157
C,25,10,115,log,0.5,0.5,0.5,30.216610606177262,0.8959359556412216,32.77050463181901,37.6451792696681
C,25,10,115,log,0.5,0.5,1.0,10.30466102655082,0.8839244200480187,20.20979225694792,25.77976395292525
C,25,10,115,log,1.0,0.0,0.0,3.1921728265150597,0.8955028625153145,11.48273316007648,14.88472755201409
C,25,10,115,log,1.0,0.0,0.5,3.1921728265150597,0.8955028625153145,11.48273316007648,14.88472755201409
C,25,10,115,log,1.0,0.0,1.0,3.1921728265150597,0.8955028625153145,11.48273316007648,14.88472755201409
C,25,10,115,log,1.0,0.1,0.0,14.228562114174716,0.8970725932970472,24.38513222884812,29.345621363689546
C,25,10,115,log,1.0,0.1,0.5,8.356592605459609,0.8971752090489747,18.943373144225035,23.93148227011784
C,25,10,115,log,1.0,0.1,1.0,4.478986717922721,0.8947725248260469,14.004759056121344,18.32659746161997
C,25,10,115,log,1.0,0.5,0.0,171.63754975334933,0.8975575142196062,53.65103702824816,58.567537927660304
C,25,10,115,log,1.0,0.5,0.5,93.46139292879391,0.8932749270067953,46.09883233099777,51.007148697041934
C,25,10,115,log,1.0,0.5,1.0,30.21298041516484,0.8585884081498337,30.201900811608787,36.282647900677134
C,25,10,115,log,1.5,0.0,0.0,3.200610148711509,0.8953990126699141,11.490036353196594,14.896794031439626
C,25,10,115,log,1.5,0.0,0.5,3.200610148711509,0.8953990126699141,11.490036353196594,14.896794031439626
C,25,10,115,log,1.5,0.0,1.0,3.200610148711509,0.8953990126699141,11.490036353196594,14.896794031439626
C,25,10,115,log,1.5,0.1,0.0,25.245729356736803,0.897058559627169,30.93586497330794,35.70157029458848
C,25,10,115,log,1.5,0.1,0.5,13.607506764443436,0.896666435884587,23.70042070417932,28.817790001818555
C,25,10,115,log,1.5,0.1,1.0,5.840925681305056,0.8921497100079115,15.84362614918158,20.65124227976557
C,25,10,115,log,1.5,0.5,0.0,303.7364799468462,0.8975377964696832,60.09660179256556,65.35087024068231
C,25,10,115,log,1.5,0.5,0.5,179.5414533648709,0.8910052130147538,53.62444420942224,58.813341345169626
C,25,10,115,log,1.5,0.5,1.0,59.20104215822276,0.8509044592553711,38.0995443941223,44.024575233405606
C,25,10,120,log,0.1,0.0,0.0,3.333341388428951,0.8880531712917025,11.106382915892487,15.02030866218053
C,25,10,120,log,0.1,0.0,0.5,3.333341388428951,0.8880531712917025,11.106382915892487,15.02030866218053
C,25,10,120,log,0.1,0.0,1.0,3.333341388428951,0.8880531712917025,11.106382915892487,15.02030866218053
C,25,10,120,log,0.1,0.1,0.0,3.690829821785909,0.8889583707480743,12.03831353548158,16.29359644907644
C,25,10,120,log,0.1,0.1,0.5,3.5046908164267982,0.8890507131430041,11.636642155805363,15.75961293128529
C,25,10,120,log,0.1,0.1,1.0,3.37842418048952,0.8890890361775907,11.311498036403872,15.295277387005436
C,25,10,120,log,0.1,0.5,0.0,8.317771816023248,0.8901923991563248,18.323788059055,23.523170422568136
C,25,10,120,log,0.1,0.5,0.5,5.655736282211875,0.8903451929314036,15.096756610985349,20.04043601752567
C,25,10,120,log,0.1,0.5,1.0,3.909096890159757,0.8888698906990216,12.515651451063269,16.854132825380212
C,25,10,120,log,0.5,0.0,0.0,3.439100663524653,0.8870168263780446,11.135986117585974,15.14934376092863
C,25,10,120,log,0.5,0.0,1.0,3.439100663524653,0.8870168263780446,11.135986117585974,15.14934376092863
C,25,10,120,log,0.5,0.0,0.5,3.439100663524653,0.8870168263780446,11.135986117585974,15.14934376092863
C,25,10,120,log,0.5,0.1,0.0,7.562811174936179,0.8891762890782597,17.370845103431563,22.593593366728125
C,25,10,120,log,0.5,0.1,0.5,5.383318605588586,0.8894926911734858,14.585206329175955,19.521396104264724
C,25,10,120,log,0.5,0.1,1.0,3.9333225095718234,0.8880198165164266,12.341831424355664,16.743581439207077
C,25,10,120,log,0.5,0.5,0.0,71.3707722064828,0.8897764930046236,42.216482915279485,47.15016683795728
C,25,10,120,log,0.5,0.5,0.5,36.04600322772669,0.8881355675859854,33.64861824976218,38.90755070527312
C,25,10,120,log,0.5,0.5,1.0,11.99857187694007,0.8764592258131003,20.64514479183841,26.702284816320933
C,25,10,120,log,1.0,0.0,0.0,3.462959113642176,0.8867905362117646,11.144074718442434,15.176897619595229
C,25,10,120,log,1.0,0.0,0.5,3.462959113642176,0.8867905362117646,11.144074718442434,15.176897619595229
C,25,10,120,log,1.0,0.0,1.0,3.462959113642176,0.8867905362117646,11.144074718442434,15.176897619595229
C,25,10,120,log,1.0,0.1,0.0,16.618052885380973,0.889193458726751,25.042639343255846,30.39886946982448
C,25,10,120,log,1.0,0.1,0.5,9.623141535454348,0.8892453880609119,19.353718937830184,24.800601417801158
C,25,10,120,log,1.0,0.1,1.0,5.033624378849674,0.886563872318229,14.077601470736022,18.95258656146898
C,25,10,120,log,1.0,0.5,0.0,215.32361162517824,0.8897095506511994,55.08594534165135,60.40111241029806
C,25,10,120,log,1.0,0.5,0.5,115.27151296766048,0.8855340334064394,47.32413685989916,52.62764331531499
C,25,10,120,log,1.0,0.5,1.0,36.370472389825366,0.8523513150346286,30.94931505725196,37.48853373665282
C,25,10,120,log,1.5,0.0,0.0,3.471966393581458,0.8867178049986066,11.147113517635525,15.186974149075084
C,25,10,120,log,1.5,0.0,0.5,3.471966393581458,0.8867178049986066,11.147113517635525,15.186974149075084
C,25,10,120,log,1.5,0.0,1.0,3.471966393581458,0.8867178049986066,11.147113517635525,15.186974149075084
C,25,10,120,log,1.5,0.1,0.0,29.96464082209169,0.8891789779490065,31.803848803556072,36.942937500737024
C,25,10,120,log,1.5,0.1,0.5,15.91030203540077,0.8887889852678701,24.31833540857379,29.852484684509182
C,25,10,120,log,1.5,0.1,1.0,6.655559083283859,0.8842383009152895,16.04273940566759,21.392383358884977
C,25,10,120,log,1.5,0.5,0.0,388.16368418877937,0.8896919571454722,61.68927628488242,67.36397348712762
C,25,10,120,log,1.5,0.5,0.5,225.91516323478092,0.8833306912262948,55.03875156351414,60.63965389275777
C,25,10,120,log,1.5,0.5,1.0,73.0928887957338,0.8434060673431686,39.01950405910019,45.435124214621545
C,25,10,125,log,0.1,0.0,0.0,3.717741714554149,0.8796704816081282,10.805907492460316,15.62980065289326
C,25,10,125,log,0.1,0.0,0.5,3.717741714554149,0.8796704816081282,10.805907492460316,15.62980065289326
C,25,10,125,log,0.1,0.0,1.0,3.717741714554149,0.8796704816081282,10.805907492460316,15.62980065289326
C,25,10,125,log,0.1,0.1,0.0,4.130299480430782,0.8806769511125003,11.908283486764166,16.952439673096062
C,25,10,125,log,0.1,0.1,0.5,3.9178512211218086,0.8809302317380215,11.449525691956309,16.402702158377643
C,25,10,125,log,0.1,0.1,1.0,3.776577296547478,0.8808113823833807,11.061072600469208,15.92503547717994
C,25,10,125,log,0.1,0.5,0.0,9.52263724354524,0.8825142105648691,18.618293330745185,24.353292569085216
C,25,10,125,log,0.1,0.5,0.5,6.434789675143728,0.882514798324738,15.229369585329326,20.806552506660903
C,25,10,125,log,0.1,0.5,1.0,4.4014818824367365,0.8807206466705766,12.448611405092766,17.555125694898965
C,25,10,125,log,0.5,0.0,0.0,3.831941556333191,0.878463274856994,10.788791672313872,15.746994470801814
C,25,10,125,log,0.5,0.0,0.5,3.831941556333191,0.878463274856994,10.788791672313872,15.746994470801814
C,25,10,125,log,0.5,0.0,1.0,3.831941556333191,0.878463274856994,10.788791672313872,15.746994470801814
C,25,10,125,log,0.5,0.1,0.0,8.675730131969242,0.8814104985614778,17.650059927406982,23.44046043379692
C,25,10,125,log,0.5,0.1,0.5,6.127318413921319,0.8815075260477954,14.67720890080408,20.289329705995836
C,25,10,125,log,0.5,0.1,1.0,4.42731847620932,0.8797057331070933,12.22211985603823,17.433061905565204
C,25,10,125,log,0.5,0.5,0.0,86.65753033351352,0.8821734637206816,43.2528368700756,48.56926442872985
C,25,10,125,log,0.5,0.5,0.5,43.09236174355509,0.8805532292366329,34.465100500752385,40.128037935602514
C,25,10,125,log,0.5,0.5,1.0,14.03939082593013,0.869242924128438,21.03346217854336,27.6447201561949
C,25,10,125,log,1.0,0.0,0.0,3.856389693856888,0.878246810634516,10.787708314466908,15.771963797241096
C,25,10,125,log,1.0,0.0,0.5,3.856389693856888,0.878246810634516,10.787708314466908,15.771963797241096
C,25,10,125,log,1.0,0.0,1.0,3.856389693856888,0.878246810634516,10.787708314466908,15.771963797241096
C,25,10,125,log,1.0,0.1,0.0,19.46484797343269,0.881540766996002,25.64262121324777,31.441731029986776
C,25,10,125,log,1.0,0.1,0.5,11.143542417114409,0.8814701376398059,19.71816488160231,25.707849263634134
C,25,10,125,log,1.0,0.1,1.0,5.728329536951621,0.8785937939354758,14.105043670015249,19.71738374681988
C,25,10,125,log,1.0,0.5,0.0,270.07054248460634,0.8821017720191318,56.41874503308573,62.14235646165819
C,25,10,125,log,1.0,0.5,0.5,142.27212821386644,0.8780476728556446,48.4636308700009,54.17372191384847
C,25,10,125,log,1.0,0.5,1.0,43.87854922703049,0.8465052479600107,31.649346930437936,38.65604297655033
C,25,10,125,log,1.5,0.0,0.0,3.8656556789943,0.8781376031527582,10.787318121447862,15.78106166713844
C,25,10,125,log,1.5,0.0,0.5,3.8656556789943,0.8781376031527582,10.787318121447862,15.78106166713844
C,25,10,125,log,1.5,0.0,1.0,3.8656556789943,0.8781376031527582,10.787318121447862,15.78106166713844
C,25,10,125,log,1.5,0.1,0.0,35.64041617101744,0.881527071862946,32.61141497313618,38.14715152880154
C,25,10,125,log,1.5,0.1,0.5,18.66521702512173,0.8811131442355691,24.88194786424933,30.88067897540224
C,25,10,125,log,1.5,0.1,1.0,7.659272407088537,0.8764473699740962,16.204679626324218,22.225007460072952
C,25,10,125,log,1.5,0.5,0.0,495.5245927908375,0.8820616454156978,63.16749700971095,69.26995401565762
C,25,10,125,log,1.5,0.5,0.5,284.18759680045895,0.8759454110829665,56.35229791364041,62.37395237415882
C,25,10,125,log,1.5,0.5,1.0,90.37217112103949,0.8365987464724274,39.876227066277,46.787285893606686
C,25,10,130,log,0.1,0.0,0.0,3.719683605878588,0.878816543539588,10.4388451177639,15.277097259262645
C,25,10,130,log,0.1,0.0,0.5,3.719683605878588,0.878816543539588,10.4388451177639,15.277097259262645
C,25,10,130,log,0.1,0.0,1.0,3.719683605878588,0.878816543539588,10.4388451177639,15.277097259262645
C,25,10,130,log,0.1,0.1,0.0,3.957524985534788,0.8803625615414704,11.381260928855998,16.40248567457092
C,25,10,130,log,0.1,0.1,0.5,3.807545638717912,0.8802950155055964,10.979454998934614,15.917983837520726
C,25,10,130,log,0.1,0.1,1.0,3.726233159269097,0.8802012013656734,10.645466662708811,15.506729957522538
C,25,10,130,log,0.1,0.5,0.0,8.674288686740079,0.8824288409738597,17.67817965657458,23.404415876389084
C,25,10,130,log,0.1,0.5,0.5,5.887628999927342,0.8822415652095422,14.410919042399048,19.9501426450366
C,25,10,130,log,0.1,0.5,1.0,4.163374729220266,0.8802887986994504,11.869396268167876,16.928957466495262
C,25,10,130,log,0.5,0.0,0.0,3.8262753627027934,0.8776468495962515,10.442618457609532,15.408123094417297
C,25,10,130,log,0.5,0.0,0.5,3.8262753627027934,0.8776468495962515,10.442618457609532,15.408123094417297
C,25,10,130,log,0.5,0.0,1.0,3.8262753627027934,0.8776468495962515,10.442618457609532,15.408123094417297
C,25,10,130,log,0.5,0.1,0.0,7.930018863207783,0.8812448726821278,16.775388453240925,22.54730770334347
C,25,10,130,log,0.5,0.1,0.5,5.649693636372122,0.8812388916169972,13.94610684925421,19.51228425036801
C,25,10,130,log,0.5,0.1,1.0,4.219926934164827,0.8793712397213589,11.696859778047566,16.861551127681725
C,25,10,130,log,0.5,0.5,0.0,80.81613026211546,0.8821878767117262,42.372495995805295,47.664903613515264
C,25,10,130,log,0.5,0.5,0.5,39.7513094333884,0.8805345181635937,33.40827814419845,39.108529861778834
C,25,10,130,log,0.5,0.5,1.0,12.739760659393474,0.8694138867720904,20.025620383167787,26.653296386682616
C,25,10,130,log,1.0,0.0,0.0,3.8508794333297054,0.8773573900298596,10.44570659437914,15.43645730775932
C,25,10,130,log,1.0,0.0,0.5,3.8508794333297054,0.8773573900298596,10.44570659437914,15.43645730775932
C,25,10,130,log,1.0,0.0,1.0,3.8508794333297054,0.8773573900298596,10.44570659437914,15.43645730775932
C,25,10,130,log,1.0,0.1,0.0,17.83650424141643,0.8815241468049001,24.57636438475724,30.431691310533743
C,25,10,130,log,1.0,0.1,0.5,10.166193838000416,0.8813040890185919,18.76469017693831,24.75693216160452
C,25,10,130,log,1.0,0.1,1.0,5.307532034363248,0.8782131221032689,13.443424782786602,18.97968253474352
C,25,10,130,log,1.0,0.5,0.0,255.87831372739572,0.8820989429163364,55.80975351054724,61.47127763518962
C,25,10,130,log,1.0,0.5,0.5,133.3239831817192,0.8780762169106268,47.67699263062434,53.338194745393935
C,25,10,130,log,1.0,0.5,1.0,40.23800664734635,0.84750378596452,30.50304150846223,37.60436061690556
C,25,10,130,log,1.5,0.0,0.0,3.8602299413294383,0.8772551817794267,10.44673298557046,15.446841542771082
C,25,10,130,log,1.5,0.0,0.5,3.8602299413294383,0.8772551817794267,10.44673298557046,15.446841542771082
C,25,10,130,log,1.5,0.0,1.0,3.8602299413294383,0.8772551817794267,10.44673298557046,15.446841542771082
C,25,10,130,log,1.5,0.1,0.0,32.894143791242485,0.8815043862564156,31.562398034079923,37.14532910638892
C,25,10,130,log,1.5,0.1,0.5,17.07475369807804,0.881036309893647,23.815714735770737,29.865507320354705
C,25,10,130,log,1.5,0.1,1.0,7.007834788803697,0.8762329259201194,15.421440007319704,21.377791386003857
C,25,10,130,log,1.5,0.5,0.0,473.77602788974974,0.8820492484545449,62.6919310698276,68.7339656421783
C,25,10,130,log,1.5,0.5,0.5,268.92076445778355,0.8760331907848332,55.72535419691552,61.68358050218048
C,25,10,130,log,1.5,0.5,1.0,84.21873897745259,0.836684062608106,38.828430864741065,45.790638033246594
C,25,15,115,log,0.1,0.0,0.0,3.091290577605365,0.8964135307509906,11.3893898315789,14.700252369559248
C,25,15,115,log,0.1,0.0,0.5,3.091290577605365,0.8964135307509906,11.3893898315789,14.700252369559248
C,25,15,115,log,0.1,0.0,1.0,3.091290577605365,0.8964135307509906,11.3893898315789,14.700252369559248
C,25,15,115,log,0.1,0.1,0.0,3.373133743410225,0.8970267463335908,12.1531311155326,15.843679585077597
C,25,15,115,log,0.1,0.1,0.5,3.2007036307241514,0.8975590890306797,11.803545690977456,15.342498591650363
C,25,15,115,log,0.1,0.1,1.0,3.0954755987210865,0.8974780953743435,11.5249512238944,14.922623277690215
C,25,15,115,log,0.1,0.5,0.0,7.2874764591629315,0.8978032959353179,17.982591437363023,22.72990727292177
C,25,15,115,log,0.1,0.5,0.5,5.016699177896916,0.8984213163448149,14.915563359553907,19.37027894227048
C,25,15,115,log,0.1,0.5,1.0,3.5349323676729805,0.8970212081597136,12.542294007297176,16.34240948951915
C,25,15,115,log,0.5,0.0,0.0,3.1936479122838213,0.8954813920516083,11.471549134390395,14.85332123787388
C,25,15,115,log,0.5,0.0,0.5,3.1936479122838213,0.8954813920516083,11.471549134390395,14.85332123787388
C,25,15,115,log,0.5,0.0,1.0,3.1936479122838213,0.8954813920516083,11.471549134390395,14.85332123787388
C,25,15,115,log,0.5,0.1,0.0,6.618933324107408,0.8969756666160669,17.058024169129148,21.798036041663387
C,25,15,115,log,0.5,0.1,0.5,4.7859264839423705,0.8976530130742685,14.460274532963249,18.874949752655844
C,25,15,115,log,0.5,0.1,1.0,3.5675932622492192,0.8963442037864198,12.434044397586714,16.26681091317924
C,25,15,115,log,0.5,0.5,0.0,58.695505335499874,0.8975026950432167,41.088052413364295,45.6483053537089
C,25,15,115,log,0.5,0.5,0.5,30.216610606177262,0.8959359556412216,32.77050463181901,37.6451792696681
C,25,15,115,log,0.5,0.5,1.0,10.30466102655082,0.8839244200480187,20.20979225694792,25.77976395292525
C,25,15,115,log,1.0,0.0,0.0,3.2164264116251857,0.8952505552964081,11.491066397767138,14.885511630926713
C,25,15,115,log,1.0,0.0,0.5,3.2164264116251857,0.8952505552964081,11.491066397767138,14.885511630926713
C,25,15,115,log,1.0,0.0,1.0,3.2164264116251857,0.8952505552964081,11.491066397767138,14.885511630926713
C,25,15,115,log,1.0,0.1,0.0,14.175958423863424,0.8969416480526489,24.37577200406998,29.32490514379723
C,25,15,115,log,1.0,0.1,0.5,8.356592605459646,0.8971752090489747,18.943373144225056,23.93148227011787
C,25,15,115,log,1.0,0.1,1.0,4.478986717922721,0.8947725248260469,14.004759056121344,18.326597461619976
C,25,15,115,log,1.0,0.5,0.0,171.30853945645458,0.8974717261938643,53.64025339402063,58.55165388141976
C,25,15,115,log,1.0,0.5,0.5,93.46139292879391,0.8932749270067953,46.09883233099777,51.007148697041934
C,25,15,115,log,1.0,0.5,1.0,30.21298041516484,0.8585884081498337,30.201900811608787,36.282647900677134
C,25,15,115,log,1.5,0.0,0.0,3.2250081259488423,0.8951891655850709,11.49842527761632,14.897386092715896
C,25,15,115,log,1.5,0.0,0.5,3.2250081259488423,0.8951891655850709,11.49842527761632,14.897386092715896
C,25,15,115,log,1.5,0.0,1.0,3.2250081259488423,0.8951891655850709,11.49842527761632,14.897386092715896
C,25,15,115,log,1.5,0.1,0.0,25.159909777961644,0.8969494006665091,30.921600243035424,35.67899181411924
C,25,15,115,log,1.5,0.1,0.5,13.607506764443444,0.896666435884587,23.70042070417932,28.81779000181856
C,25,15,115,log,1.5,0.1,1.0,5.840925681305059,0.8921497100079115,15.843626149181585,20.651242279765576
C,25,15,115,log,1.5,0.5,0.0,303.2698346927199,0.897467800127967,60.08811988399866,65.33797556362397
C,25,15,115,log,1.5,0.5,0.5,179.5414533648709,0.8910052130147538,53.62444420942224,58.813341345169626
C,25,15,115,log,1.5,0.5,1.0,59.20104215822276,0.8509044592553711,38.0995443941223,44.024575233405606
C,25,15,120,log,0.1,0.0,0.0,3.3642873279477223,0.8875396424187214,11.110129272044322,15.023664696225277
C,25,15,120,log,0.1,0.0,0.5,3.3642873279477223,0.8875396424187214,11.110129272044322,15.023664696225277
C,25,15,120,log,0.1,0.0,1.0,3.3642873279477223,0.8875396424187214,11.110129272044322,15.023664696225277
C,25,15,120,log,0.1,0.1,0.0,3.703826735359361,0.8885758586959135,12.0512511127455,16.292155321891613
C,25,15,120,log,0.1,0.1,1.0,3.3714458276947687,0.8890784780140486,11.31137186724232,15.288834287012378
C,25,15,120,log,0.1,0.1,0.5,3.5036994126307235,0.8890134736262629,11.644011254287149,15.752503979597922
C,25,15,120,log,0.1,0.5,0.0,8.300744622378394,0.8898773926216619,18.33055871093557,23.51430846322156
C,25,15,120,log,0.1,0.5,0.5,5.655736282211875,0.8903451929314036,15.096756610985349,20.04043601752567
C,25,15,120,log,0.5,0.0,0.0,3.46533253310638,0.8866433228797514,11.135964862687,15.146253278912369
C,25,15,120,log,0.1,0.5,1.0,3.909096890159757,0.8888698906990216,12.515651451063269,16.854132825380212
C,25,15,120,log,0.5,0.0,0.5,3.46533253310638,0.8866433228797514,11.135964862687,15.146253278912369
C,25,15,120,log,0.5,0.0,1.0,3.46533253310638,0.8866433228797514,11.135964862687,15.146253278912369
C,25,15,120,log,0.5,0.1,0.0,7.544197299765142,0.8889634136865482,17.379551112838662,22.58123247167879
C,25,15,120,log,0.5,0.1,0.5,5.383318605589387,0.8894926911734858,14.585206329176833,19.521396104265847
C,25,15,120,log,0.5,0.1,1.0,3.9333225095718234,0.8880198165164266,12.341831424355664,16.74358143920708
C,25,15,120,log,0.5,0.5,0.0,71.20838479262453,0.8895905465162995,42.20335847397818,47.13173397706343
C,25,15,120,log,0.5,0.5,0.5,36.04600322772669,0.8881355675859854,33.64861824976218,38.90755070527312
C,25,15,120,log,0.5,0.5,1.0,11.99857187694007,0.8764592258131003,20.64514479183841,26.702284816320933
C,25,15,120,log,1.0,0.0,0.0,3.4883304235411536,0.8865156693993022,11.14263585244672,15.172572666932563
C,25,15,120,log,1.0,0.0,0.5,3.4883304235411536,0.8865156693993022,11.14263585244672,15.172572666932563
C,25,15,120,log,1.0,0.0,1.0,3.4883304235411536,0.8865156693993022,11.14263585244672,15.172572666932563
C,25,15,120,log,1.0,0.1,0.0,16.564894710804957,0.8889906473044007,25.035058174759666,30.380076353261803
C,25,15,120,log,1.0,0.1,0.5,9.62314153545434,0.8892453880609119,19.353718937830173,24.800601417801143
C,25,15,120,log,1.0,0.1,1.0,5.033624378849674,0.886563872318229,14.077601470736022,18.95258656146898
C,25,15,120,log,1.0,0.5,0.0,214.96226619157176,0.8895467368927041,55.07620818620893,60.38629097643144
C,25,15,120,log,1.0,0.5,0.5,115.27151296766048,0.8855340334064394,47.32413685989916,52.62764331531499
C,25,15,120,log,1.0,0.5,1.0,36.370472389825366,0.8523513150346286,30.94931505725196,37.48853373665282
C,25,15,120,log,1.5,0.0,0.0,3.496988678158865,0.886407282949569,11.145052448331798,15.18220633881982
C,25,15,120,log,1.5,0.0,0.5,3.496988678158865,0.886407282949569,11.145052448331798,15.18220633881982
C,25,15,120,log,1.5,0.0,1.0,3.496988678158865,0.886407282949569,11.145052448331798,15.18220633881982
C,25,15,120,log,1.5,0.1,0.0,29.87516311196284,0.888998346081924,31.79204813804471,36.92220337739308
C,25,15,120,log,1.5,0.1,0.5,15.910302035400798,0.8887889852678701,24.318335408573805,29.8524846845092
C,25,15,120,log,1.5,0.1,1.0,6.65555908328386,0.8842383009152895,16.04273940566759,21.392383358884977
C,25,15,120,log,1.5,0.5,0.0,387.6380009220019,0.8895430320474536,61.68159345726102,67.351854796646
C,25,15,120,log,1.5,0.5,0.5,225.91516323478092,0.8833306912262948,55.03875156351414,60.63965389275777
C,25,15,120,log,1.5,0.5,1.0,73.0928887957338,0.8434060673431686,39.01950405910019,45.435124214621545
C,25,15,125,log,0.1,0.0,0.0,3.750900762892293,0.879188488105741,10.807488746075474,15.634198118028904
C,25,15,125,log,0.1,0.0,0.5,3.750900762892293,0.879188488105741,10.807488746075474,15.634198118028904
C,25,15,125,log,0.1,0.0,1.0,3.750900762892293,0.879188488105741,10.807488746075474,15.634198118028904
C,25,15,125,log,0.1,0.1,0.0,4.1564988006743775,0.8801706813317989,11.92232523076152,16.95865766011415
C,25,15,125,log,0.1,0.1,0.5,3.924264052486076,0.8806821621973974,11.454603578601228,16.401418616526893
C,25,15,125,log,0.1,0.1,1.0,3.767712400951358,0.8807515346383339,11.059549063074842,15.918358181705562
C,25,15,125,log,0.1,0.5,0.0,9.518336858980202,0.8820647535677025,18.63083466922844,24.349908119670022
C,25,15,125,log,0.1,0.5,0.5,6.434789675143728,0.882514798324738,15.229369585329326,20.806552506660903
C,25,15,125,log,0.1,0.5,1.0,4.4014818824367365,0.8807206466705766,12.448611405092766,17.555125694898965
C,25,15,125,log,0.5,0.0,0.0,3.8599908149943296,0.8778670054897736,10.787333540409342,15.744068445218602
C,25,15,125,log,0.5,0.0,0.5,3.8599908149943296,0.8778670054897736,10.787333540409342,15.744068445218602
C,25,15,125,log,0.5,0.0,1.0,3.8599908149943296,0.8778670054897736,10.787333540409342,15.744068445218602
C,25,15,125,log,0.5,0.1,0.0,8.6676405586723,0.8810164179523433,17.660331926888055,23.432595041706644
C,25,15,125,log,0.5,0.1,0.5,6.127318413921337,0.8815075260477954,14.677208900804107,20.28932970599586
C,25,15,125,log,0.5,0.1,1.0,4.42731847620932,0.8797057331070933,12.22211985603823,17.433061905565204
C,25,15,125,log,0.5,0.5,0.0,86.52395592859237,0.8818703916012647,43.2421582037359,48.55371681710781
C,25,15,125,log,0.5,0.5,0.5,43.09236174355509,0.8805532292366329,34.465100500752385,40.128037935602514
C,25,15,125,log,0.5,0.5,1.0,14.03939082593013,0.869242924128438,21.03346217854336,27.6447201561949
C,25,15,125,log,1.0,0.0,0.0,3.884750843411092,0.8777357216529701,10.785270794513863,15.76760873108542
C,25,15,125,log,1.0,0.0,0.5,3.884750843411092,0.8777357216529701,10.785270794513863,15.76760873108542
C,25,15,125,log,1.0,0.0,1.0,3.884750843411092,0.8777357216529701,10.785270794513863,15.76760873108542
C,25,15,125,log,1.0,0.1,0.0,19.42560857763927,0.8812168603209145,25.637847530141624,31.4271248944194
C,25,15,125,log,1.0,0.1,0.5,11.14354241711442,0.8814701376398059,19.71816488160232,25.70784926363415
C,25,15,125,log,1.0,0.1,1.0,5.728329536951622,0.8785937939354758,14.105043670015249,19.71738374681988
C,25,15,125,log,1.0,0.5,0.0,269.7430334041627,0.8818275454802539,56.41029783020672,62.129268307451696
C,25,15,125,log,1.0,0.5,0.5,142.27212821386644,0.8780476728556446,48.4636308700009,54.17372191384847
C,25,15,125,log,1.0,0.5,1.0,43.87854922703049,0.8465052479600107,31.649346930437936,38.65604297655034
C,25,15,125,log,1.5,0.0,0.0,3.89411361850434,0.8776164167563458,10.784295842719327,15.77617317246134
C,25,15,125,log,1.5,0.0,0.5,3.89411361850434,0.8776164167563458,10.784295842719327,15.77617317246134
C,25,15,125,log,1.5,0.0,1.0,3.89411361850434,0.8776164167563458,10.784295842719327,15.77617317246134
C,25,15,125,log,1.5,0.1,0.0,35.56700725396121,0.8812244271095014,32.601771941691766,38.12965094646566
C,25,15,125,log,1.5,0.1,0.5,18.66521702512173,0.8811131442355691,24.881947864249327,30.88067897540224
C,25,15,125,log,1.5,0.1,1.0,7.659272407088538,0.8764473699740962,16.204679626324214,22.225007460072955
C,25,15,125,log,1.5,0.5,0.0,495.0283164208904,0.881817869034309,63.160798530774784,69.25911786787286
C,25,15,125,log,1.5,0.5,0.5,284.18759680045895,0.8759454110829665,56.35229791364041,62.37395237415882
C,25,15,125,log,1.5,0.5,1.0,90.37217112103949,0.8365987464724274,39.876227066277,46.787285893606686
C,25,15,130,log,0.1,0.0,0.0,3.751381523266669,0.8783700097664893,10.437507729582483,15.28070161614166
C,25,15,130,log,0.1,0.0,0.5,3.751381523266669,0.8783700097664893,10.437507729582483,15.28070161614166
C,25,15,130,log,0.1,0.0,1.0,3.751381523266669,0.8783700097664893,10.437507729582483,15.28070161614166
C,25,15,130,log,0.1,0.1,0.0,3.990254103185573,0.8796856206616589,11.394250154843151,16.411622546915876
C,25,15,130,log,0.1,0.1,0.5,3.8160797018125328,0.8801085204026979,10.983131702527087,15.914937137766197
C,25,15,130,log,0.1,0.1,1.0,3.715958723099355,0.8801741593561104,10.640561067465326,15.498000106968638
C,25,15,130,log,0.1,0.5,0.0,8.674911493475232,0.882008768448326,17.694197736170274,23.40494215147366
C,25,15,130,log,0.1,0.5,0.5,5.887628999927342,0.8822415652095422,14.410919042399048,19.9501426450366
C,25,15,130,log,0.1,0.5,1.0,4.163374729220266,0.8802887986994504,11.869396268167876,16.928957466495262
C,25,15,130,log,0.5,0.0,0.0,3.857140480799906,0.8771485242437222,10.43560433232361,15.404969172479806
C,25,15,130,log,0.5,0.0,0.5,3.857140480799906,0.8771485242437222,10.43560433232361,15.404969172479806
C,25,15,130,log,0.5,0.0,1.0,3.857140480799906,0.8771485242437222,10.43560433232361,15.404969172479806
C,25,15,130,log,0.5,0.1,0.0,7.92617822081908,0.880916805473049,16.79017794937941,22.54274032564118
C,25,15,130,log,0.5,0.1,0.5,5.64969363637214,0.8812388916169972,13.946106849254226,19.512284250368037
C,25,15,130,log,0.5,0.1,1.0,4.219926934164832,0.8793712397213589,11.696859778047571,16.86155112768173
C,25,15,130,log,0.5,0.5,0.0,80.70467920105763,0.8818903710593965,42.36404670520233,47.65199551619467
C,25,15,130,log,0.5,0.5,0.5,39.7513094333884,0.8805345181635937,33.40827814419845,39.108529861778834
C,25,15,130,log,0.5,0.5,1.0,12.739760659393474,0.8694138867720904,20.025620383167787,26.653296386682616
C,25,15,130,log,1.0,0.0,0.0,3.880825521767535,0.8768892996619035,10.43768631480479,15.431614109689605
C,25,15,130,log,1.0,0.0,0.5,3.880825521767535,0.8768892996619035,10.43768631480479,15.431614109689605
C,25,15,130,log,1.0,0.0,1.0,3.880825521767535,0.8768892996619035,10.43768631480479,15.431614109689605
C,25,15,130,log,1.0,0.1,0.0,17.804858577223715,0.8812083610079797,24.576566944891724,30.4206345048003
C,25,15,130,log,1.0,0.1,0.5,10.166193838000408,0.8813040890185919,18.76469017693829,24.756932161604507
C,25,15,130,log,1.0,0.1,1.0,5.307532034363248,0.8782131221032689,13.443424782786602,18.97968253474352
C,25,15,130,log,1.0,0.5,0.0,255.59934827968263,0.8818399326212069,55.80272447738658,61.45986100213247
C,25,15,130,log,1.0,0.5,0.5,133.3239831817192,0.8780762169106268,47.67699263062434,53.338194745393935
C,25,15,130,log,1.0,0.5,1.0,40.23800664734635,0.84750378596452,30.50304150846223,37.60436061690556
C,25,15,130,log,1.5,0.0,0.0,3.889666095981952,0.8767794299820537,10.438323912788771,15.44129307446148
C,25,15,130,log,1.5,0.0,0.5,3.889666095981952,0.8767794299820537,10.438323912788771,15.44129307446148
C,25,15,130,log,1.5,0.0,1.0,3.889666095981952,0.8767794299820537,10.438323912788771,15.44129307446148
C,25,15,130,log,1.5,0.1,0.0,32.83178129475835,0.8812198353538981,31.555534183802013,37.13097250300902
C,25,15,130,log,1.5,0.1,0.5,17.074753698078045,0.881036309893647,23.815714735770737,29.865507320354705
C,25,15,130,log,1.5,0.1,1.0,7.0078347888037005,0.8762329259201194,15.421440007319706,21.377791386003857
C,25,15,130,log,1.5,0.5,0.0,473.3491813633154,0.8818209219446433,62.68631152171453,68.72439352088016
C,25,15,130,log,1.5,0.5,1.0,84.21873897745259,0.836684062608106,38.828430864741065,45.790638033246594
C,25,15,130,log,1.5,0.5,0.5,268.92076445778355,0.8760331907848332,55.72535419691552,61.68358050218048
C,25,20,115,log,0.1,0.0,0.0,3.109314128081349,0.8963544284606941,11.40330790542792,14.709790947689296
C,25,20,115,log,0.1,0.0,0.5,3.109314128081349,0.8963544284606941,11.40330790542792,14.709790947689296
C,25,20,115,log,0.1,0.0,1.0,3.109314128081349,0.8963544284606941,11.40330790542792,14.709790947689296
C,25,20,115,log,0.1,0.1,0.0,3.385578485927661,0.8970033138522915,12.17119149489108,15.857978478731392
C,25,20,115,log,0.1,0.1,1.0,3.0975993341074988,0.8974902855023494,11.526393209818496,14.924451755173418
C,25,20,115,log,0.1,0.1,0.5,3.203298794992782,0.897576914963162,11.804069061676502,15.340523385297166
C,25,20,115,log,0.1,0.5,0.0,7.298403815777883,0.8978171975611303,18.007854041526624,22.755282347230256
C,25,20,115,log,0.1,0.5,0.5,5.016699177896916,0.8984213163448149,14.915563359553907,19.37027894227048
C,25,20,115,log,0.1,0.5,1.0,3.5349323676729805,0.8970212081597136,12.542294007297176,16.34240948951915
C,25,20,115,log,0.5,0.0,0.0,3.21251535790147,0.8955145748957097,11.4922044910374,14.866947975620675
C,25,20,115,log,0.5,0.0,0.5,3.21251535790147,0.8955145748957097,11.4922044910374,14.866947975620675
C,25,20,115,log,0.5,0.0,1.0,3.21251535790147,0.8955145748957097,11.4922044910374,14.866947975620675
C,25,20,115,log,0.5,0.1,0.0,6.631231024165302,0.8969816109077451,17.08678935268083,21.825293706872117
C,25,20,115,log,0.5,0.1,0.5,4.785926483942397,0.8976530130742685,14.460274532963275,18.874949752655883
C,25,20,115,log,0.5,0.1,1.0,3.5675932622492192,0.8963442037864198,12.434044397586714,16.26681091317924
C,25,20,115,log,0.5,0.5,0.0,58.77276781531019,0.89748146516278,41.11168062665428,45.671379910117125
C,25,20,115,log,0.5,0.5,0.5,30.216610606177262,0.8959359556412216,32.77050463181901,37.6451792696681
C,25,20,115,log,0.5,0.5,1.0,10.30466102655082,0.8839244200480187,20.20979225694792,25.77976395292525
C,25,20,115,log,1.0,0.0,0.0,3.2358147216851982,0.8953523631844333,11.513165076501314,14.900413055493072
C,25,20,115,log,1.0,0.0,0.5,3.2358147216851982,0.8953523631844333,11.513165076501314,14.900413055493072
C,25,20,115,log,1.0,0.0,1.0,3.2358147216851982,0.8953523631844333,11.513165076501314,14.900413055493072
C,25,20,115,log,1.0,0.1,0.0,14.19631410777453,0.8969512482323662,24.40070015138451,29.351163266452545
C,25,20,115,log,1.0,0.1,1.0,4.478986717922718,0.8947725248260469,14.00475905612134,18.326597461619965
C,25,20,115,log,1.0,0.1,0.5,8.35659260545966,0.8971752090489747,18.943373144225067,23.931482270117883
C,25,20,115,log,1.0,0.5,0.0,171.48678073758532,0.8974613584851554,53.65681046186056,58.568081114877465
C,25,20,115,log,1.0,0.5,0.5,93.46139292879391,0.8932749270067953,46.09883233099777,51.007148697041934
C,25,20,115,log,1.5,0.0,0.0,3.244672200888284,0.8952614351860285,11.520954292712108,14.91279417845944
C,25,20,115,log,1.0,0.5,1.0,30.21298041516484,0.8585884081498337,30.201900811608787,36.282647900677134
C,25,20,115,log,1.5,0.0,1.0,3.244672200888284,0.8952614351860285,11.520954292712108,14.91279417845944
C,25,20,115,log,1.5,0.0,0.5,3.244672200888284,0.8952614351860285,11.520954292712108,14.91279417845944
C,25,20,115,log,1.5,0.1,0.0,25.193170414066262,0.8969635298163434,30.94739509447524,35.70336057546393
C,25,20,115,log,1.5,0.1,0.5,13.607506764443448,0.896666435884587,23.70042070417933,28.817790001818565
C,25,20,115,log,1.5,0.5,0.0,303.5291010762718,0.8974665340224478,60.10094693766647,65.35076008086612
C,25,20,115,log,1.5,0.1,1.0,5.840925681305059,0.8921497100079115,15.843626149181585,20.651242279765576
C,25,20,115,log,1.5,0.5,1.0,59.20104215822276,0.8509044592553711,38.0995443941223,44.024575233405606
C,25,20,115,log,1.5,0.5,0.5,179.5414533648709,0.8910052130147538,53.62444420942224,58.813341345169626
C,25,20,120,log,0.1,0.0,0.0,3.391395407205688,0.887699486660394,11.123071830477055,15.03225916756532
C,25,20,120,log,0.1,0.0,0.5,3.391395407205688,0.887699486660394,11.123071830477055,15.03225916756532
C,25,20,120,log,0.1,0.0,1.0,3.391395407205688,0.887699486660394,11.123071830477055,15.03225916756532
C,25,20,120,log,0.1,0.1,0.0,3.722342277109378,0.8886174981620133,12.071453979636347,16.305872386440292
C,25,20,120,log,0.1,0.1,1.0,3.3752006518663307,0.8890783335289104,11.31470303866085,15.291837115416664
C,25,20,120,log,0.1,0.1,0.5,3.50930655140147,0.8890830964541605,11.645750328917456,15.750419348704582
C,25,20,120,log,0.1,0.5,0.0,8.312823557184743,0.8899216795354989,18.35699249094584,23.538449998415985
C,25,20,120,log,0.1,0.5,0.5,5.655736282211875,0.8903451929314036,15.096756610985349,20.04043601752567
C,25,20,120,log,0.1,0.5,1.0,3.909096890159757,0.8888698906990216,12.515651451063269,16.854132825380212
C,25,20,120,log,0.5,0.0,0.0,3.4932612112576025,0.8865662357866118,11.151673716321994,15.159782808103872
C,25,20,120,log,0.5,0.0,0.5,3.4932612112576025,0.8865662357866118,11.151673716321994,15.159782808103872
C,25,20,120,log,0.5,0.0,1.0,3.4932612112576025,0.8865662357866118,11.151673716321994,15.159782808103872
C,25,20,120,log,0.5,0.1,0.0,7.558671173475941,0.8889933754577658,17.409145923042633,22.60708934354888
C,25,20,120,log,0.5,0.1,0.5,5.383318605589434,0.8894926911734858,14.585206329176875,19.52139610426591
C,25,20,120,log,0.5,0.1,1.0,3.9333225095718234,0.8880198165164266,12.341831424355664,16.74358143920708
C,25,20,120,log,0.5,0.5,0.0,71.2864368676467,0.8896078436994678,42.22712649275645,47.15428007470809
C,25,20,120,log,0.5,0.5,0.5,36.04600322772669,0.8881355675859854,33.64861824976218,38.90755070527312
C,25,20,120,log,0.5,0.5,1.0,11.99857187694007,0.8764592258131003,20.64514479183841,26.702284816320933
C,25,20,120,log,1.0,0.0,0.0,3.515855915011153,0.8863412550240881,11.15933909660381,15.186750516265407
C,25,20,120,log,1.0,0.0,0.5,3.515855915011153,0.8863412550240881,11.15933909660381,15.186750516265407
C,25,20,120,log,1.0,0.0,1.0,3.515855915011153,0.8863412550240881,11.15933909660381,15.186750516265407
C,25,20,120,log,1.0,0.1,0.0,16.585688664516127,0.8890292066936107,25.059354843710054,30.40491525467116
C,25,20,120,log,1.0,0.1,0.5,9.623141535454348,0.8892453880609119,19.353718937830177,24.80060141780115
C,25,20,120,log,1.0,0.1,1.0,5.033624378849674,0.886563872318229,14.077601470736022,18.95258656146898
C,25,20,120,log,1.0,0.5,0.0,215.1482949413572,0.889576312423694,55.09278813292783,60.402393254175365
C,25,20,120,log,1.0,0.5,0.5,115.27151296766048,0.8855340334064394,47.32413685989916,52.62764331531499
C,25,20,120,log,1.0,0.5,1.0,36.370472389825366,0.8523513150346286,30.94931505725196,37.48853373665282
C,25,20,120,log,1.5,0.0,0.0,3.5243073346619385,0.8862701302138418,11.162138377251186,15.196605125162565
C,25,20,120,log,1.5,0.0,0.5,3.5243073346619385,0.8862701302138418,11.162138377251186,15.196605125162565
C,25,20,120,log,1.5,0.0,1.0,3.5243073346619385,0.8862701302138418,11.162138377251186,15.196605125162565
C,25,20,120,log,1.5,0.1,0.0,29.907567263837887,0.8890330969094377,31.81909492730796,36.94514482676331
C,25,20,120,log,1.5,0.1,0.5,15.910302035400804,0.8887889852678701,24.31833540857381,29.8524846845092
C,25,20,120,log,1.5,0.1,1.0,6.655559083283862,0.8842383009152895,16.04273940566759,21.392383358884977
C,25,20,120,log,1.5,0.5,0.0,387.9154782138615,0.8895805657529102,61.69443042239902,67.3643870618032
C,25,20,120,log,1.5,0.5,0.5,225.91516323478092,0.8833306912262948,55.03875156351414,60.63965389275777
C,25,20,120,log,1.5,0.5,1.0,73.0928887957338,0.8434060673431686,39.01950405910019,45.435124214621545
C,25,20,125,log,0.1,0.0,0.0,3.786434919641549,0.8790359692317216,10.816168667127313,15.63962476228386
C,25,20,125,log,0.1,0.0,0.5,3.786434919641549,0.8790359692317216,10.816168667127313,15.63962476228386
C,25,20,125,log,0.1,0.0,1.0,3.786434919641549,0.8790359692317216,10.816168667127313,15.63962476228386
C,25,20,125,log,0.1,0.1,0.0,4.179484784511892,0.8801137319368785,11.94439443373701,16.96991110326739
C,25,20,125,log,0.1,0.1,0.5,3.93209036335571,0.8806265639459298,11.457189651582862,16.398227848084964
C,25,20,125,log,0.1,0.1,1.0,3.772702714985656,0.8807159596324368,11.062887473879886,15.92215312412495
C,25,20,125,log,0.1,0.5,0.0,9.527009340860282,0.8820882659032818,18.65734815144648,24.37341619077076
C,25,20,125,log,0.1,0.5,0.5,6.434789675143728,0.882514798324738,15.229369585329326,20.806552506660903
C,25,20,125,log,0.1,0.5,1.0,4.4014818824367365,0.8807206466705766,12.448611405092766,17.555125694898965
C,25,20,125,log,0.5,0.0,0.0,3.8931428064493754,0.8778926361600041,10.798295492052048,15.75288235775172
C,25,20,125,log,0.5,0.0,0.5,3.8931428064493754,0.8778926361600041,10.798295492052048,15.75288235775172
C,25,20,125,log,0.5,0.0,1.0,3.8931428064493754,0.8778926361600041,10.798295492052048,15.75288235775172
C,25,20,125,log,0.5,0.1,0.0,8.680633497813243,0.8810326040870491,17.69063342495829,23.45746430946782
C,25,20,125,log,0.5,0.1,0.5,6.127318413921337,0.8815075260477954,14.677208900804104,20.28932970599586
C,25,20,125,log,0.5,0.1,1.0,4.42731847620932,0.8797057331070933,12.222119856038232,17.433061905565204
C,25,20,125,log,0.5,0.5,0.0,86.58706458098044,0.8818584004138501,43.26600516263609,48.57584407140223
C,25,20,125,log,0.5,0.5,1.0,14.03939082593013,0.869242924128438,21.03346217854336,27.6447201561949
C,25,20,125,log,0.5,0.5,0.5,43.09236174355509,0.8805532292366329,34.465100500752385,40.128037935602514
C,25,20,125,log,1.0,0.0,0.0,3.9172488870070663,0.877699505814441,10.797137713810116,15.777017442118671
C,25,20,125,log,1.0,0.0,0.5,3.9172488870070663,0.877699505814441,10.797137713810116,15.777017442118671
C,25,20,125,log,1.0,0.0,1.0,3.9172488870070663,0.877699505814441,10.797137713810116,15.777017442118671
C,25,20,125,log,1.0,0.1,0.0,19.43944381684532,0.8812212580526335,25.66179344748117,31.450165096851105
C,25,20,125,log,1.0,0.1,0.5,11.14354241711442,0.8814701376398059,19.71816488160232,25.70784926363415
C,25,20,125,log,1.0,0.1,1.0,5.728329536951622,0.8785937939354758,14.105043670015244,19.71738374681988
C,25,20,125,log,1.0,0.5,0.0,269.91567190331364,0.8818270072146065,56.426995462937626,62.14518577285368
C,25,20,125,log,1.0,0.5,0.5,142.27212821386644,0.8780476728556446,48.4636308700009,54.17372191384847
C,25,20,125,log,1.5,0.0,0.0,3.926355384785991,0.877574683326392,10.796540307782072,15.785781415226264
C,25,20,125,log,1.0,0.5,1.0,43.87854922703049,0.8465052479600107,31.649346930437936,38.65604297655033
C,25,20,125,log,1.5,0.0,0.5,3.926355384785991,0.877574683326392,10.796540307782072,15.785781415226264
C,25,20,125,log,1.5,0.0,1.0,3.926355384785991,0.877574683326392,10.796540307782072,15.785781415226264
C,25,20,125,log,1.5,0.1,0.0,35.588222282468074,0.8812286954769508,32.63106096674659,38.15117319775642
C,25,20,125,log,1.5,0.1,0.5,18.66521702512173,0.8811131442355691,24.881947864249323,30.88067897540223
C,25,20,125,log,1.5,0.1,1.0,7.659272407088538,0.8764473699740962,16.204679626324218,22.225007460072955
C,25,20,125,log,1.5,0.5,0.0,495.30174571581176,0.8818259388177958,63.17371293820371,69.27151581071162
C,25,20,125,log,1.5,0.5,1.0,90.37217112103949,0.8365987464724274,39.876227066277,46.787285893606686
C,25,20,125,log,1.5,0.5,0.5,284.18759680045895,0.8759454110829665,56.35229791364041,62.37395237415882
C,25,20,130,log,0.1,0.0,0.0,3.796694385662689,0.8782331779247736,10.439680163054126,15.282715751160012
C,25,20,130,log,0.1,0.0,0.5,3.796694385662689,0.8782331779247736,10.439680163054126,15.282715751160012
C,25,20,130,log,0.1,0.0,1.0,3.796694385662689,0.8782331779247736,10.439680163054126,15.282715751160012
C,25,20,130,log,0.1,0.1,0.0,4.021542074047155,0.8797196894405083,11.413099297454474,16.422367963535674
C,25,20,130,log,0.1,0.1,1.0,3.720059280431142,0.8801856481452214,10.644264028950667,15.50243492080987
C,25,20,130,log,0.1,0.1,0.5,3.825982524062268,0.8801491636829761,10.982508774406387,15.909477853613964
C,25,20,130,log,0.1,0.5,0.0,8.685938079763307,0.8820138542234861,17.724172855907774,23.428625911298266
C,25,20,130,log,0.1,0.5,0.5,5.887628999927342,0.8822415652095422,14.410919042399048,19.9501426450366
C,25,20,130,log,0.1,0.5,1.0,4.163374729220266,0.8802887986994504,11.869396268167876,16.928957466495262
C,25,20,130,log,0.5,0.0,0.0,3.9028291011130447,0.8770639265151491,10.442030781583268,15.409495581219556
C,25,20,130,log,0.5,0.0,0.5,3.9028291011130447,0.8770639265151491,10.442030781583268,15.409495581219556
C,25,20,130,log,0.5,0.0,1.0,3.9028291011130447,0.8770639265151491,10.442030781583268,15.409495581219556
C,25,20,130,log,0.5,0.1,0.0,7.939425379076884,0.880900419689412,16.826223689975052,22.566108345732225
C,25,20,130,log,0.5,0.1,0.5,5.64969363637214,0.8812388916169972,13.946106849254226,19.512284250368037
C,25,20,130,log,0.5,0.1,1.0,4.219926934164832,0.8793712397213589,11.696859778047571,16.86155112768173
C,25,20,130,log,0.5,0.5,0.0,80.75690780829137,0.881877109057724,42.38829368101595,47.67379627624602
C,25,20,130,log,0.5,0.5,0.5,39.7513094333884,0.8805345181635937,33.40827814419845,39.108529861778834
C,25,20,130,log,0.5,0.5,1.0,12.739760659393474,0.8694138867720904,20.025620383167784,26.653296386682616
C,25,20,130,log,1.0,0.0,0.0,3.927682823830148,0.8767467479006845,10.444334072489724,15.436650315412356
C,25,20,130,log,1.0,0.0,0.5,3.927682823830148,0.8767467479006845,10.444334072489724,15.436650315412356
C,25,20,130,log,1.0,0.0,1.0,3.927682823830148,0.8767467479006845,10.444334072489724,15.436650315412356
C,25,20,130,log,1.0,0.1,0.0,17.816751921704988,0.8812126256343233,24.599539933399157,30.443014320757108
C,25,20,130,log,1.0,0.1,0.5,10.166193838000408,0.8813040890185919,18.76469017693829,24.756932161604503
C,25,20,130,log,1.0,0.1,1.0,5.30753203436325,0.8782131221032689,13.443424782786598,18.97968253474352
C,25,20,130,log,1.0,0.5,0.0,255.74487240425205,0.881824432771751,55.819342535926765,61.47562581796842
C,25,20,130,log,1.0,0.5,0.5,133.32398318171923,0.8780762169106268,47.67699263062434,53.338194745393935
C,25,20,130,log,1.5,0.0,0.0,3.936988316681444,0.8766470140237788,10.445038003258706,15.446526322609254
C,25,20,130,log,1.0,0.5,1.0,40.23800664734635,0.84750378596452,30.50304150846223,37.60436061690556
C,25,20,130,log,1.5,0.0,0.5,3.936988316681444,0.8766470140237788,10.445038003258706,15.446526322609254
C,25,20,130,log,1.5,0.0,1.0,3.936988316681444,0.8766470140237788,10.445038003258706,15.446526322609254
C,25,20,130,log,1.5,0.1,0.0,32.84799146828926,0.8812217171995478,31.58355826629281,37.151406583428106
C,25,20,130,log,1.5,0.1,0.5,17.074753698078045,0.881036309893647,23.815714735770733,29.8655073203547
C,25,20,130,log,1.5,0.1,1.0,7.007834788803697,0.8762329259201194,15.421440007319704,21.377791386003857
C,25,20,130,log,1.5,0.5,0.0,473.5853702772946,0.8818206103342103,62.699159958968565,68.73668759530003
C,25,20,130,log,1.5,0.5,1.0,84.21873897745259,0.836684062608106,38.828430864741065,45.790638033246594
C,25,20,130,log,1.5,0.5,0.5,268.92076445778355,0.8760331907848332,55.72535419691552,61.68358050218048
C,30,10,115,log,0.1,0.0,0.0,2.5519655566303414,0.9052414767106166,10.58539299387568,13.600016528613722
C,30,10,115,log,0.1,0.0,0.5,2.5519655566303414,0.9052414767106166,10.58539299387568,13.600016528613722
C,30,10,115,log,0.1,0.0,1.0,2.5519655566303414,0.9052414767106166,10.58539299387568,13.600016528613722
C,30,10,115,log,0.1,0.1,0.0,2.8067832030144952,0.905841390008944,11.309571569696976,14.737234524008816
C,30,10,115,log,0.1,0.1,1.0,2.600717881869629,0.9053740214550552,10.746716418621144,13.87558012250897
C,30,10,115,log,0.1,0.1,0.5,2.676688261370562,0.9058157396216056,10.986956598058928,14.264291233111502
C,30,10,115,log,0.1,0.5,0.0,6.320846246943224,0.9063204812064924,17.24436187184031,21.760528419751488
C,30,10,115,log,0.1,0.5,0.5,4.331533711773676,0.9056777053105072,14.142980473470294,18.414022499329416
C,30,10,115,log,0.1,0.5,1.0,3.008006648964712,0.9045975676592012,11.72773650858349,15.330306172935815
C,30,10,115,log,0.5,0.0,0.0,2.625656320687048,0.9043522465925282,10.665622095206274,13.735530396564368
C,30,10,115,log,0.5,0.0,0.5,2.625656320687048,0.9043522465925282,10.665622095206274,13.735530396564368
C,30,10,115,log,0.5,0.0,1.0,2.625656320687048,0.9043522465925282,10.665622095206274,13.735530396564368
C,30,10,115,log,0.5,0.1,0.0,5.693159521592702,0.9055373876869665,16.26517376134957,20.78981275029915
C,30,10,115,log,0.5,0.1,0.5,4.099714874477866,0.9048994200960924,13.68014198265358,17.884576184735323
C,30,10,115,log,0.5,0.1,1.0,3.021910422148648,0.9039850292604176,11.642624286582624,15.240174697869277
C,30,10,115,log,0.5,0.5,0.0,53.53940319638552,0.9058888717497257,40.52409701968806,44.89744197764516
C,30,10,115,log,0.5,0.5,0.5,27.36386756656541,0.9032503061446248,32.24676710400131,36.85506116299477
C,30,10,115,log,0.5,0.5,1.0,9.197338406653346,0.8922723774703943,19.45048362993081,24.87086366979456
C,30,10,115,log,1.0,0.0,0.0,2.6424040000945967,0.904106040145422,10.683755412325848,13.764758884273032
C,30,10,115,log,1.0,0.0,0.5,2.6424040000945967,0.904106040145422,10.683755412325848,13.764758884273032
C,30,10,115,log,1.0,0.0,1.0,2.6424040000945967,0.904106040145422,10.683755412325848,13.764758884273032
C,30,10,115,log,1.0,0.1,0.0,12.539671366053014,0.9054675417387174,23.81444690449716,28.46331819064819
C,30,10,115,log,1.0,0.1,0.5,7.324886273432476,0.9045489365158964,18.26835908932733,23.02135936661935
C,30,10,115,log,1.0,0.1,1.0,3.858026869142903,0.9021134881162848,13.197687726433143,17.330595444941537
C,30,10,115,log,1.0,0.5,0.0,159.29503645486213,0.9058017170139776,52.92087131024897,57.78473048891202
C,30,10,115,log,1.0,0.5,0.5,86.25731086607763,0.900659639435412,45.43353229724952,50.2192876019602
C,30,10,115,log,1.0,0.5,1.0,27.06389720834962,0.8728647687365159,29.499469682869744,35.38144641416111
C,30,10,115,log,1.5,0.0,0.0,2.6486649148617087,0.90398609303996,10.690536169400986,13.775534271121757
C,30,10,115,log,1.5,0.0,0.5,2.6486649148617087,0.90398609303996,10.690536169400986,13.775534271121757
C,30,10,115,log,1.5,0.0,1.0,2.6486649148617087,0.90398609303996,10.690536169400986,13.775534271121757
C,30,10,115,log,1.5,0.1,0.0,22.586714874339243,0.9054403859381436,30.429677853228497,34.89269038416531
C,30,10,115,log,1.5,0.1,0.5,12.096806081226932,0.9040213008524948,23.13305891204685,27.95952343745039
C,30,10,115,log,1.5,0.1,1.0,5.109636922297854,0.8995248751231081,15.045104968070593,19.69312363548739
C,30,10,115,log,1.5,0.5,0.0,284.6131212181533,0.9057692441140204,59.29429337928533,64.54914757876142
C,30,10,115,log,1.5,0.5,0.5,167.26352205874764,0.8984653350106495,52.87167998971511,58.00296742227172
C,30,10,115,log,1.5,0.5,1.0,55.45514699086998,0.8588317359242325,37.48188230601154,43.31320515326836
C,30,10,120,log,0.1,0.0,0.0,2.7167606942079887,0.8967767230285719,10.305105663347833,13.844153732793888
C,30,10,120,log,0.1,0.0,0.5,2.7167606942079887,0.8967767230285719,10.305105663347833,13.844153732793888
C,30,10,120,log,0.1,0.0,1.0,2.7167606942079887,0.8967767230285719,10.305105663347833,13.844153732793888
C,30,10,120,log,0.1,0.1,0.0,3.026947335998204,0.8978504803885163,11.189209457245491,15.106696944069174
C,30,10,120,log,0.1,0.1,0.5,2.8753574372830983,0.8976624445897977,10.81745164103987,14.599610282794956
C,30,10,120,log,0.1,0.1,1.0,2.78068420605059,0.8971126193862279,10.52437487195417,14.170090940340952
C,30,10,120,log,0.1,0.5,0.0,7.104028236777137,0.8987290567853832,17.5520055646437,22.471566574752742
C,30,10,120,log,0.1,0.5,0.5,4.808858675154181,0.8980018780519824,14.301879157761324,19.015223697872063
C,30,10,120,log,0.1,0.5,1.0,3.276815049661451,0.8967516238014641,11.680839745234165,15.77489588254351
C,30,10,120,log,0.5,0.0,0.0,2.786828864142465,0.8957459075150176,10.33349749992968,13.949090553252194
C,30,10,120,log,0.5,0.0,0.5,2.786828864142465,0.8957459075150176,10.33349749992968,13.949090553252194
C,30,10,120,log,0.5,0.0,1.0,2.786828864142465,0.8957459075150176,10.33349749992968,13.949090553252194
C,30,10,120,log,0.5,0.1,0.0,6.403864918872607,0.897835076060241,16.554204315920835,21.503251341551334
C,30,10,120,log,0.5,0.1,0.5,4.545160224941929,0.8970725554835888,13.79494526550676,18.46994808275334
C,30,10,120,log,0.5,0.1,1.0,3.2815824362209467,0.8959622074896476,11.53652361159289,15.649779451930687
C,30,10,120,log,0.5,0.5,0.0,64.3820392716896,0.8982954486643855,41.5915974295295,46.316660234685
C,30,10,120,log,0.5,0.5,0.5,32.33659573911844,0.8957009169586326,33.09037096725862,38.05978785243043
C,30,10,120,log,0.5,0.5,1.0,10.603227514525962,0.8849352847200516,19.84275818511877,25.731863357151287
C,30,10,120,log,1.0,0.0,0.0,2.803060046831891,0.8955222011635554,10.34040774651619,13.971950976786598
C,30,10,120,log,1.0,0.0,0.5,2.803060046831891,0.8955222011635554,10.34040774651619,13.971950976786598
C,30,10,120,log,1.0,0.0,1.0,2.803060046831891,0.8955222011635554,10.34040774651619,13.971950976786598
C,30,10,120,log,1.0,0.1,0.0,14.489951654331929,0.8978383514608268,24.439556328056256,29.45656723305018
C,30,10,120,log,1.0,0.1,0.5,8.333779674518158,0.8968805599863483,18.660482036188803,23.832318803225224
C,30,10,120,log,1.0,0.1,1.0,4.273131926119686,0.8942804611779609,13.246161759212004,17.887714838816642
C,30,10,120,log,1.0,0.5,0.0,198.5377466261439,0.8982109883031472,54.29305783311276,59.54879698470416
C,30,10,120,log,1.0,0.5,0.5,105.6166115435821,0.8931676930194786,46.6075609748906,51.776829544412784
C,30,10,120,log,1.0,0.5,1.0,32.294148343784684,0.8663740162036815,30.206303271477008,36.52531316462551
C,30,10,120,log,1.5,0.0,0.0,2.809213898541249,0.8954204679916961,10.342983157435066,13.980344762931148
C,30,10,120,log,1.5,0.0,0.5,2.809213898541249,0.8954204679916961,10.342983157435066,13.980344762931148
C,30,10,120,log,1.5,0.0,1.0,2.809213898541249,0.8954204679916961,10.342983157435066,13.980344762931148
C,30,10,120,log,1.5,0.1,0.0,26.55039635886653,0.8978066627576687,31.264985627312548,36.07443475007992
C,30,10,120,log,1.5,0.1,0.5,13.99146953335305,0.8964053021339407,23.72531113247834,28.938214551393663
C,30,10,120,log,1.5,0.1,1.0,5.751984423115877,0.8918306843314205,15.22491445869171,20.369448581906045
C,30,10,120,log,1.5,0.5,0.0,361.66663863640144,0.8981691859384393,60.81625478074581,66.48769754632703
C,30,10,120,log,1.5,0.5,0.5,209.1578347988676,0.8910277693197264,54.22454261926371,59.76066355294049
C,30,10,120,log,1.5,0.5,1.0,68.02137100527374,0.8516696665486378,38.35916795928591,44.66322642421884
C,30,10,125,log,0.1,0.0,0.0,2.98390243563152,0.8885745068879445,10.013071151482844,14.397677721596692
C,30,10,125,log,0.1,0.0,0.5,2.98390243563152,0.8885745068879445,10.013071151482844,14.397677721596692
C,30,10,125,log,0.1,0.0,1.0,2.98390243563152,0.8885745068879445,10.013071151482844,14.397677721596692
C,30,10,125,log,0.1,0.1,0.0,3.3447301618513947,0.8898896530051138,11.046772829831736,15.710928162868498
C,30,10,125,log,0.1,0.1,0.5,3.1706635436168678,0.8895988513178967,10.629416742090276,15.193313056857251
C,30,10,125,log,0.1,0.1,1.0,3.059493836682156,0.889114528714023,10.28172893396,14.74958536125024
C,30,10,125,log,0.1,0.5,0.0,8.04167387179579,0.8914183792688728,17.828336615057207,23.236996246545583
C,30,10,125,log,0.1,0.5,0.5,5.400247390980536,0.890642083199283,14.43133649994644,19.72203748932098
C,30,10,125,log,0.1,0.5,1.0,3.646745901079868,0.8890273520016819,11.609868941859212,16.42202747415454
C,30,10,125,log,0.5,0.0,0.0,3.055152430085039,0.8872939663028383,9.994395541167709,14.487586285707543
C,30,10,125,log,0.5,0.0,0.5,3.055152430085039,0.8872939663028383,9.994395541167709,14.487586285707543
C,30,10,125,log,0.5,0.0,1.0,3.055152430085039,0.8872939663028383,9.994395541167709,14.487586285707543
C,30,10,125,log,0.5,0.1,0.0,7.265723265749605,0.8904830063132054,16.818841487068,22.287709684312624
C,30,10,125,log,0.5,0.1,0.5,5.107063200960964,0.8896391868872293,13.87945478517202,19.18289535486721
C,30,10,125,log,0.5,0.1,1.0,3.644189390857929,0.8879075610951151,11.411240013016585,16.28374903487171
C,30,10,125,log,0.5,0.5,0.0,77.56709344845042,0.891059818459149,42.58303750406578,47.6766860374389
C,30,10,125,log,0.5,0.5,0.5,38.317751228901365,0.8884708987531453,33.875590547547034,39.22607771446278
C,30,10,125,log,0.5,0.5,1.0,12.291819228738929,0.8780041976735866,20.200488635825472,26.616624185753285
C,30,10,125,log,1.0,0.0,0.0,3.071538740703536,0.8870976431614948,9.99166279033336,14.506866652028242
C,30,10,125,log,1.0,0.0,0.5,3.071538740703536,0.8870976431614948,9.99166279033336,14.506866652028242
C,30,10,125,log,1.0,0.0,1.0,3.071538740703536,0.8870976431614948,9.99166279033336,14.506866652028242
C,30,10,125,log,1.0,0.1,0.0,16.807363510614564,0.890550623789965,25.01309499360983,30.442884431953747
C,30,10,125,log,1.0,0.1,0.5,9.540466497834576,0.8895077315105567,19.014589655060217,24.682140991031957
C,30,10,125,log,1.0,0.1,1.0,4.808968462663066,0.8866710667651262,13.266726506292178,18.59720673964262
C,30,10,125,log,1.0,0.5,0.0,247.53654337753883,0.8909607255447533,55.56393662334758,61.22219244746579
C,30,10,125,log,1.0,0.5,0.5,129.47965286111983,0.8859963184975104,47.69588402107885,53.26156877793301
C,30,10,125,log,1.0,0.5,1.0,38.63793420459475,0.8603012125265884,30.867265179927838,37.63451344905034
C,30,10,125,log,1.5,0.0,0.0,3.0777339027033497,0.8869597435611712,9.99049053175061,14.513826677428504
C,30,10,125,log,1.5,0.0,0.5,3.0777339027033497,0.8869597435611712,9.99049053175061,14.513826677428504
C,30,10,125,log,1.5,0.0,1.0,3.0777339027033497,0.8869597435611712,9.99049053175061,14.513826677428504
C,30,10,125,log,1.5,0.1,0.0,31.3017765701884,0.8905184620259409,32.043660605240106,37.223277777061504
C,30,10,125,log,1.5,0.1,0.5,16.24734088363568,0.889096022750514,24.267115721273964,29.912820668535957
C,30,10,125,log,1.5,0.1,1.0,6.546375362079684,0.8845073882690908,15.365608261047958,21.14252163640464
C,30,10,125,log,1.5,0.5,0.0,459.31614866612017,0.8909088524821562,62.22443185202305,68.32005867458808
C,30,10,125,log,1.5,0.5,0.5,261.59592216561737,0.8839323578131856,55.47688029305819,61.42725164434413
C,30,10,125,log,1.5,0.5,1.0,83.39375747069974,0.8454680301503394,39.1781557669252,45.95374759360077
C,30,10,130,log,0.1,0.0,0.0,2.968394694634712,0.8876145162329878,9.685446434859324,14.060788584027268
C,30,10,130,log,0.1,0.0,0.5,2.968394694634712,0.8876145162329878,9.685446434859324,14.060788584027268
C,30,10,130,log,0.1,0.0,1.0,2.968394694634712,0.8876145162329878,9.685446434859324,14.060788584027268
C,30,10,130,log,0.1,0.1,0.0,3.188865256736291,0.8893059537792114,10.565654713287753,15.173523161709616
C,30,10,130,log,0.1,0.1,0.5,3.064429742497382,0.8890664423574794,10.202103872347326,14.723934962572091
C,30,10,130,log,0.1,0.1,1.0,3.003241518620284,0.8883573176949398,9.912351924849988,14.354310253513503
C,30,10,130,log,0.1,0.5,0.0,7.297060617238012,0.8914184423075916,16.888954686180966,22.290861156932824
C,30,10,130,log,0.1,0.5,0.5,4.930797797606866,0.8904861155190336,13.65397187402948,18.89425217098068
C,30,10,130,log,0.1,0.5,1.0,3.436330542640588,0.8883593880147196,11.075611244995716,15.814752585197173
C,30,10,130,log,0.5,0.0,0.0,3.040733153148753,0.886369422463129,9.682111667698312,14.164236628224202
C,30,10,130,log,0.5,0.0,0.5,3.040733153148753,0.886369422463129,9.682111667698312,14.164236628224202
C,30,10,130,log,0.5,0.0,1.0,3.040733153148753,0.886369422463129,9.682111667698312,14.164236628224202
C,30,10,130,log,0.5,0.1,0.0,6.612935148009674,0.8904047235219672,15.948934936248516,21.39562534152324
C,30,10,130,log,0.5,0.1,0.5,4.693985546302793,0.8893928135662582,13.178495900455442,18.417811404671863
C,30,10,130,log,0.5,0.1,1.0,3.458273302418916,0.8874617397451743,10.925263041863344,15.729679043675125
C,30,10,130,log,0.5,0.5,0.0,72.29853046157928,0.8910696542591303,41.75244352690866,46.80216799793718
C,30,10,130,log,0.5,0.5,0.5,35.33072560484075,0.8884469124123502,32.86627167169085,38.23445703028354
C,30,10,130,log,0.5,0.5,1.0,11.149701677166645,0.8781662944876409,19.232105326856125,25.64543930051167
C,30,10,130,log,1.0,0.0,0.0,3.05752355387912,0.8860467723085538,9.68235522887068,14.186473907007212
C,30,10,130,log,1.0,0.0,0.5,3.05752355387912,0.8860467723085538,9.68235522887068,14.186473907007212
C,30,10,130,log,1.0,0.0,1.0,3.05752355387912,0.8860467723085538,9.68235522887068,14.186473907007212
C,30,10,130,log,1.0,0.1,0.0,15.370473457942541,0.890527001419853,23.967702818124614,29.44576488272822
C,30,10,130,log,1.0,0.1,0.5,8.679855885221858,0.8894033885362136,18.076623141305948,23.738568538687336
C,30,10,130,log,1.0,0.1,1.0,4.446217196212054,0.8862864382666226,12.637916626245188,17.877206276170423
C,30,10,130,log,1.0,0.5,0.0,234.5344496870022,0.8909491396227098,54.988884307259674,60.57831662805588
C,30,10,130,log,1.0,0.5,0.5,121.36033236025867,0.8860150208162715,46.953264572298664,52.45848565172308
C,30,10,130,log,1.0,0.5,1.0,35.46176375119396,0.8609841976364725,29.767587218124767,36.61237206922624
C,30,10,130,log,1.5,0.0,0.0,3.0637946325460534,0.8859520074743363,9.682277388643024,14.194555977756625
C,30,10,130,log,1.5,0.0,0.5,3.0637946325460534,0.8859520074743363,9.682277388643024,14.194555977756625
C,30,10,130,log,1.5,0.0,1.0,3.0637946325460534,0.8859520074743363,9.682277388643024,14.194555977756625
C,30,10,130,log,1.5,0.1,0.0,28.856053563818968,0.8904902851952035,31.036670034026542,36.243280019353755
C,30,10,130,log,1.5,0.1,0.5,14.841502934642804,0.8890024025408853,23.22458474347684,28.913397274074292
C,30,10,130,log,1.5,0.1,1.0,5.975995275278377,0.8843381774090066,14.611790764934359,20.309906588621317
C,30,10,130,log,1.5,0.5,0.0,439.2610406488799,0.8908933139077277,61.77496248736062,67.80676094190758
C,30,10,130,log,1.5,0.5,0.5,247.64648072102563,0.8839953278163982,54.88427972621645,60.76554280288858
C,30,10,130,log,1.5,0.5,1.0,77.4748665454151,0.8460955143478202,38.18509442307226,44.98508828044935
C,30,15,115,log,0.1,0.0,0.0,2.547866871933668,0.9057789311113513,10.543215846795999,13.552520357472437
C,30,15,115,log,0.1,0.0,0.5,2.547866871933668,0.9057789311113513,10.543215846795999,13.552520357472437
C,30,15,115,log,0.1,0.0,1.0,2.547866871933668,0.9057789311113513,10.543215846795999,13.552520357472437
C,30,15,115,log,0.1,0.1,0.0,2.7969199030512693,0.9063926873249766,11.279776627700826,14.682923370024389
C,30,15,115,log,0.1,0.1,0.5,2.6683737952794866,0.9062166478676765,10.971660059403519,14.236382649126577
C,30,15,115,log,0.1,0.1,1.0,2.5957692390133293,0.9055616923748296,10.738937807661204,13.864683994415307
C,30,15,115,log,0.1,0.5,0.0,6.284942919390862,0.9068722097685364,17.236729714285993,21.71008136959579
C,30,15,115,log,0.1,0.5,0.5,4.331533711773676,0.9056777053105073,14.142980473470294,18.414022499329416
C,30,15,115,log,0.1,0.5,1.0,3.008006648964713,0.9045975676592011,11.72773650858349,15.330306172935815
C,30,15,115,log,0.5,0.0,0.0,2.622567882794784,0.9048887229479847,10.632018662233833,13.694816619146385
C,30,15,115,log,0.5,0.0,0.5,2.622567882794784,0.9048887229479847,10.632018662233833,13.694816619146385
C,30,15,115,log,0.5,0.0,1.0,2.622567882794784,0.9048887229479847,10.632018662233833,13.694816619146385
C,30,15,115,log,0.5,0.1,0.0,5.665759623953728,0.9060914326242855,16.262394243276024,20.74191765606634
C,30,15,115,log,0.5,0.1,0.5,4.099714874477873,0.9048994200960923,13.680141982653595,17.884576184735337
C,30,15,115,log,0.5,0.1,1.0,3.021910422148648,0.9039850292604177,11.642624286582624,15.240174697869275
C,30,15,115,log,0.5,0.5,0.0,53.28666652011826,0.9063776606542735,40.524302833131145,44.8751245945826
C,30,15,115,log,0.5,0.5,0.5,27.363867566565386,0.9032503061446249,32.2467671040013,36.855061162994765
C,30,15,115,log,0.5,0.5,1.0,9.197338406653357,0.8922723774703943,19.450483629930822,24.87086366979457
C,30,15,115,log,1.0,0.0,0.0,2.639225140895549,0.9047093210944561,10.652355871939033,13.725509181083748
C,30,15,115,log,1.0,0.0,0.5,2.639225140895549,0.9047093210944561,10.652355871939033,13.725509181083748
C,30,15,115,log,1.0,0.0,1.0,2.639225140895549,0.9047093210944561,10.652355871939033,13.725509181083748
C,30,15,115,log,1.0,0.1,0.0,12.46969023179604,0.9060042046453003,23.811211495371136,28.423760351149177
C,30,15,115,log,1.0,0.1,0.5,7.324886273432481,0.9045489365158964,18.26835908932734,23.021359366619357
C,30,15,115,log,1.0,0.1,1.0,3.858026869142902,0.9021134881162848,13.197687726433145,17.330595444941537
C,30,15,115,log,1.0,0.5,0.0,158.74884685798338,0.9062645050923663,52.92162370733017,57.770841139850106
C,30,15,115,log,1.0,0.5,0.5,86.2573108660777,0.900659639435412,45.433532297249535,50.219287601960204
C,30,15,115,log,1.0,0.5,1.0,27.063897208349584,0.8728647687365159,29.499469682869734,35.3814464141611
C,30,15,115,log,1.5,0.0,0.0,2.645558960322868,0.9046178858737246,10.660197686829658,13.736995435439928
C,30,15,115,log,1.5,0.0,0.5,2.645558960322868,0.9046178858737246,10.660197686829658,13.736995435439928
C,30,15,115,log,1.5,0.0,1.0,2.645558960322868,0.9046178858737246,10.660197686829658,13.736995435439928
C,30,15,115,log,1.5,0.1,0.0,22.46438160997538,0.9059792154874268,30.431637216151092,34.86081924475076
C,30,15,115,log,1.5,0.1,0.5,12.096806081226942,0.9040213008524949,23.133058912046863,27.9595234374504
C,30,15,115,log,1.5,0.1,1.0,5.109636922297852,0.8995248751231081,15.045104968070593,19.69312363548739
C,30,15,115,log,1.5,0.5,0.0,283.85145950540834,0.9062120865464361,59.29501129100129,64.53874905541132
C,30,15,115,log,1.5,0.5,0.5,167.2635220587475,0.8984653350106495,52.871679989715105,58.00296742227171
C,30,15,115,log,1.5,0.5,1.0,55.455146990869935,0.8588317359242325,37.48188230601153,43.313205153268356
C,30,15,120,log,0.1,0.0,0.0,2.7134477803337034,0.8973908078052091,10.251039657475818,13.78623790888724
C,30,15,120,log,0.1,0.0,0.5,2.7134477803337034,0.8973908078052091,10.251039657475818,13.78623790888724
C,30,15,120,log,0.1,0.0,1.0,2.7134477803337034,0.8973908078052091,10.251039657475818,13.78623790888724
C,30,15,120,log,0.1,0.1,0.0,3.0146838301121255,0.8983923245090061,11.153338023819325,15.04352597595483
C,30,15,120,log,0.1,0.1,0.5,2.8649941875424103,0.8981804439289534,10.795203069519044,14.567052540220175
C,30,15,120,log,0.1,0.1,1.0,2.7746307327087973,0.8974329183318257,10.51606440122757,14.156514115374552
C,30,15,120,log,0.1,0.5,0.0,7.057078189222213,0.8992831846400573,17.548532416307275,22.41743270693243
C,30,15,120,log,0.1,0.5,0.5,4.808858675154181,0.8980018780519824,14.301879157761324,19.015223697872063
C,30,15,120,log,0.1,0.5,1.0,3.276815049661452,0.8967516238014641,11.680839745234163,15.77489588254351
C,30,15,120,log,0.5,0.0,0.0,2.782733595542385,0.896148208374534,10.283238160336717,13.894666269982201
C,30,15,120,log,0.5,0.0,0.5,2.782733595542385,0.896148208374534,10.283238160336717,13.894666269982201
C,30,15,120,log,0.5,0.0,1.0,2.782733595542385,0.896148208374534,10.283238160336717,13.894666269982201
C,30,15,120,log,0.5,0.1,0.0,6.365116068812587,0.8984333092240657,16.553047123925246,21.448749337163548
C,30,15,120,log,0.5,0.1,0.5,4.545160224941929,0.8970725554835888,13.794945265506763,18.46994808275334
C,30,15,120,log,0.5,0.1,1.0,3.2815824362209467,0.8959622074896476,11.53652361159289,15.649779451930689
C,30,15,120,log,0.5,0.5,0.0,64.0281387637763,0.8988072239264406,41.593692670284724,46.29371045190283
C,30,15,120,log,0.5,0.5,0.5,32.3365957391184,0.8957009169586326,33.09037096725861,38.05978785243042
C,30,15,120,log,0.5,0.5,1.0,10.603227514525951,0.8849352847200516,19.842758185118765,25.731863357151276
C,30,15,120,log,1.0,0.0,0.0,2.798391794155337,0.8958929591105196,10.291783665542168,13.917995809576265
C,30,15,120,log,1.0,0.0,0.5,2.798391794155337,0.8958929591105196,10.291783665542168,13.917995809576265
C,30,15,120,log,1.0,0.0,1.0,2.798391794155337,0.8958929591105196,10.291783665542168,13.917995809576265
C,30,15,120,log,1.0,0.1,0.0,14.390825704221466,0.8983964954768304,24.435945675576704,29.412906645639328
C,30,15,120,log,1.0,0.1,0.5,8.33377967451815,0.8968805599863483,18.6604820361888,23.832318803225217
C,30,15,120,log,1.0,0.1,1.0,4.273131926119684,0.8942804611779609,13.246161759212,17.887714838816645
C,30,15,120,log,1.0,0.5,0.0,197.76093520144946,0.8986908502864794,54.29515834529495,59.53472021571007
C,30,15,120,log,1.0,0.5,0.5,105.61661154358202,0.8931676930194786,46.607560974890596,51.77682954441277
C,30,15,120,log,1.0,0.5,1.0,32.2941483437847,0.8663740162036815,30.206303271477015,36.525313164625516
C,30,15,120,log,1.5,0.0,0.0,2.8042732360137954,0.8957696953109375,10.295131014769776,13.926587112988795
C,30,15,120,log,1.5,0.0,0.5,2.8042732360137954,0.8957696953109375,10.295131014769776,13.926587112988795
C,30,15,120,log,1.5,0.0,1.0,2.8042732360137954,0.8957696953109375,10.295131014769776,13.926587112988795
C,30,15,120,log,1.5,0.1,0.0,26.376645355428344,0.8983538000894573,31.26869613508046,36.03960098353526
C,30,15,120,log,1.5,0.1,0.5,13.99146953335304,0.8964053021339407,23.725311132478332,28.938214551393656
C,30,15,120,log,1.5,0.1,1.0,5.751984423115887,0.8918306843314205,15.224914458691723,20.36944858190606
C,30,15,120,log,1.5,0.5,0.0,360.5744518259071,0.8986407881534217,60.81798218980471,66.4771881676406
C,30,15,120,log,1.5,0.5,0.5,209.15783479886767,0.8910277693197264,54.22454261926371,59.76066355294049
C,30,15,120,log,1.5,0.5,1.0,68.02137100527368,0.8516696665486378,38.3591679592859,44.66322642421883
C,30,15,125,log,0.1,0.0,0.0,2.9801190778578475,0.8886618274222859,9.948562997168098,14.329284272510174
C,30,15,125,log,0.1,0.0,0.5,2.9801190778578475,0.8886618274222859,9.948562997168098,14.329284272510174
C,30,15,125,log,0.1,0.0,1.0,2.9801190778578475,0.8886618274222859,9.948562997168098,14.329284272510174
C,30,15,125,log,0.1,0.1,0.0,3.330934693076182,0.89037537594212,11.011261245385564,15.64232869526042
C,30,15,125,log,0.1,0.1,0.5,3.1597131540731977,0.8900646545304044,10.60460123822919,15.156581056539366
C,30,15,125,log,0.1,0.1,1.0,3.0534701952068755,0.8892154340103678,10.271425190430111,14.734099784802885
C,30,15,125,log,0.1,0.5,0.0,7.980654176589562,0.8918837891810476,17.8279043851308,23.180952967619454
C,30,15,125,log,0.1,0.5,0.5,5.400247390980535,0.890642083199283,14.43133649994644,19.72203748932098
C,30,15,125,log,0.1,0.5,1.0,3.6467459010798677,0.8890273520016819,11.609868941859213,16.42202747415454
C,30,15,125,log,0.5,0.0,0.0,3.047762183353229,0.8876179054495301,9.931548848211195,14.418203746554303
C,30,15,125,log,0.5,0.0,0.5,3.047762183353229,0.8876179054495301,9.931548848211195,14.418203746554303
C,30,15,125,log,0.5,0.0,1.0,3.047762183353229,0.8876179054495301,9.931548848211195,14.418203746554303
C,30,15,125,log,0.5,0.1,0.0,7.211084704283925,0.8909814699630022,16.821629295409426,22.22848114371965
C,30,15,125,log,0.5,0.1,0.5,5.107063200960963,0.8896391868872293,13.879454785172015,19.182895354867206
C,30,15,125,log,0.5,0.1,1.0,3.644189390857929,0.8879075610951151,11.411240013016585,16.28374903487171
C,30,15,125,log,0.5,0.5,0.0,77.085606935324,0.8915147863606844,42.58713856088478,47.65397416098252
C,30,15,125,log,0.5,0.5,0.5,38.31775122890134,0.8884708987531453,33.87559054754703,39.22607771446278
C,30,15,125,log,0.5,0.5,1.0,12.29181922873892,0.8780041976735866,20.20048863582547,26.616624185753274
C,30,15,125,log,1.0,0.0,0.0,3.062976802783152,0.8873787383260598,9.929608655337473,14.437318611401361
C,30,15,125,log,1.0,0.0,0.5,3.062976802783152,0.8873787383260598,9.929608655337473,14.437318611401361
C,30,15,125,log,1.0,0.0,1.0,3.062976802783152,0.8873787383260598,9.929608655337473,14.437318611401361
C,30,15,125,log,1.0,0.1,0.0,16.67188197668343,0.8910323436780463,25.015151264696993,30.39687516288483
C,30,15,125,log,1.0,0.1,0.5,9.54046649783458,0.8895077315105567,19.014589655060217,24.682140991031957
C,30,15,125,log,1.0,0.1,1.0,4.808968462663062,0.8866710667651262,13.266726506292173,18.59720673964261
C,30,15,125,log,1.0,0.5,0.0,246.46735072596238,0.8913886957411853,55.567467789403985,61.20844398649494
C,30,15,125,log,1.0,0.5,0.5,129.47965286111975,0.8859963184975104,47.69588402107884,53.26156877793299
C,30,15,125,log,1.0,0.5,1.0,38.63793420459477,0.8603012125265884,30.86726517992785,37.634513449050345
C,30,15,125,log,1.5,0.0,0.0,3.0686416549772564,0.8872807553478277,9.928726074061622,14.444245779010823
C,30,15,125,log,1.5,0.0,0.5,3.0686416549772564,0.8872807553478277,9.928726074061622,14.444245779010823
C,30,15,125,log,1.5,0.0,1.0,3.0686416549772564,0.8872807553478277,9.928726074061622,14.444245779010823
C,30,15,125,log,1.5,0.1,0.0,31.063036583501322,0.890994165784005,32.04883700632049,37.18692079112419
C,30,15,125,log,1.5,0.1,0.5,16.24734088363566,0.889096022750514,24.26711572127395,29.912820668535936
C,30,15,125,log,1.5,0.1,1.0,6.546375362079679,0.8845073882690908,15.365608261047953,21.14252163640463
C,30,15,125,log,1.5,0.5,0.0,457.80506773099006,0.8913317673079361,62.227249341717176,68.30983314922535
C,30,15,125,log,1.5,0.5,0.5,261.59592216561737,0.8839323578131856,55.47688029305819,61.42725164434413
C,30,15,125,log,1.5,0.5,1.0,83.39375747069975,0.8454680301503394,39.178155766925194,45.95374759360076
C,30,15,130,log,0.1,0.0,0.0,2.971655375959742,0.887850011183051,9.61860944414517,13.99815707844389
C,30,15,130,log,0.1,0.0,0.5,2.971655375959742,0.887850011183051,9.61860944414517,13.99815707844389
C,30,15,130,log,0.1,0.0,1.0,2.971655375959742,0.887850011183051,9.61860944414517,13.99815707844389
C,30,15,130,log,0.1,0.1,0.0,3.184520786051572,0.8896853751866128,10.529307983660567,15.115135530000128
C,30,15,130,log,0.1,0.1,0.5,3.0561926765076786,0.8892753753974165,10.173240263122375,14.688366668525742
C,30,15,130,log,0.1,0.1,1.0,2.9973136660463293,0.8885374498007204,9.901550698733589,14.337706260097667
C,30,15,130,log,0.1,0.5,0.0,7.247141826242517,0.8918123213187135,16.894292827739843,22.23830924993222
C,30,15,130,log,0.1,0.5,0.5,4.9307977976068615,0.8904861155190336,13.653971874029471,18.89425217098067
C,30,15,130,log,0.1,0.5,1.0,3.4363305426405875,0.8883593880147196,11.075611244995715,15.814752585197173
C,30,15,130,log,0.5,0.0,0.0,3.03844102105069,0.8868388030744029,9.615195622546356,14.09836323099621
C,30,15,130,log,0.5,0.0,0.5,3.03844102105069,0.8868388030744029,9.615195622546356,14.09836323099621
C,30,15,130,log,0.5,0.0,1.0,3.03844102105069,0.8868388030744029,9.615195622546356,14.09836323099621
C,30,15,130,log,0.5,0.1,0.0,6.566757223275384,0.8908461113853834,15.954746547904426,21.338596116972074
C,30,15,130,log,0.5,0.1,0.5,4.693985546302761,0.8893928135662582,13.178495900455394,18.417811404671806
C,30,15,130,log,0.5,0.1,1.0,3.458273302418916,0.8874617397451743,10.925263041863344,15.729679043675123
C,30,15,130,log,0.5,0.5,0.0,71.85587759130519,0.8914990514654193,41.75861260759601,46.78133946286042
C,30,15,130,log,0.5,0.5,0.5,35.33072560484077,0.8884469124123502,32.86627167169087,38.234457030283544
C,30,15,130,log,0.5,0.5,1.0,11.149701677166645,0.8781662944876409,19.232105326856125,25.64543930051166
C,30,15,130,log,1.0,0.0,0.0,3.053930104871691,0.8865150920699241,9.616225212545015,14.120053417221067
C,30,15,130,log,1.0,0.0,0.5,3.053930104871691,0.8865150920699241,9.616225212545015,14.120053417221067
C,30,15,130,log,1.0,0.0,1.0,3.053930104871691,0.8865150920699241,9.616225212545015,14.120053417221067
C,30,15,130,log,1.0,0.1,0.0,15.25100998327772,0.890977333095794,23.973308403109137,29.401064276521964
C,30,15,130,log,1.0,0.1,0.5,8.679855885221858,0.8894033885362136,18.076623141305944,23.738568538687336
C,30,15,130,log,1.0,0.1,1.0,4.446217196212054,0.8862864382666226,12.637916626245188,17.877206276170423
C,30,15,130,log,1.0,0.5,0.0,233.5260747849862,0.8913655709166358,54.993877215859676,60.56585761562724
C,30,15,130,log,1.0,0.5,0.5,121.36033236025867,0.8860150208162715,46.953264572298664,52.45848565172308
C,30,15,130,log,1.0,0.5,1.0,35.46176375119396,0.8609841976364725,29.767587218124767,36.61237206922624
C,30,15,130,log,1.5,0.0,0.0,3.0597517705197377,0.8864568189472763,9.616464292423286,14.127996049392314
C,30,15,130,log,1.5,0.0,0.5,3.0597517705197377,0.8864568189472763,9.616464292423286,14.127996049392314
C,30,15,130,log,1.5,0.0,1.0,3.0597517705197377,0.8864568189472763,9.616464292423286,14.127996049392314
C,30,15,130,log,1.5,0.1,0.0,28.639805018115823,0.8909407536900096,31.044408899061107,36.208182520306025
C,30,15,130,log,1.5,0.1,0.5,14.841502934642804,0.8890024025408853,23.22458474347684,28.913397274074292
C,30,15,130,log,1.5,0.1,1.0,5.975995275278371,0.8843381774090066,14.611790764934351,20.30990658862131
C,30,15,130,log,1.5,0.5,0.0,437.82077158562106,0.8913152588252726,61.77886892171548,67.79751756488994
C,30,15,130,log,1.5,0.5,0.5,247.64648072102563,0.8839953278163982,54.88427972621645,60.76554280288858
C,30,15,130,log,1.5,0.5,1.0,77.4748665454151,0.8460955143478202,38.18509442307226,44.98508828044935
C,30,20,115,log,0.1,0.0,0.0,2.564472335879968,0.9053933352930976,10.597380301538465,13.60094673119853
C,30,20,115,log,0.1,0.0,0.5,2.564472335879968,0.9053933352930976,10.597380301538465,13.60094673119853
C,30,20,115,log,0.1,0.0,1.0,2.564472335879968,0.9053933352930976,10.597380301538465,13.60094673119853
C,30,20,115,log,0.1,0.1,0.0,2.8116932709046543,0.9059091361727534,11.33311460025378,14.73693128566153
C,30,20,115,log,0.1,0.1,0.5,2.6716454357268944,0.906104967954305,10.990804838648275,14.250504071762743
C,30,20,115,log,0.1,0.1,1.0,2.5952816247962227,0.9055504211541852,10.741069543010703,13.864941205190496
C,30,20,115,log,0.1,0.5,0.0,6.307884860868375,0.9064113163564385,17.28838679164791,21.770116941465464
C,30,20,115,log,0.1,0.5,0.5,4.331533711773676,0.9056777053105073,14.142980473470294,18.414022499329416
C,30,20,115,log,0.1,0.5,1.0,3.008006648964713,0.9045975676592011,11.72773650858349,15.330306172935815
C,30,20,115,log,0.5,0.0,0.0,2.6435513141513947,0.9042658676336796,10.692382805139719,13.753635307912017
C,30,20,115,log,0.5,0.0,0.5,2.6435513141513947,0.9042658676336796,10.692382805139719,13.753635307912017
C,30,20,115,log,0.5,0.0,1.0,2.6435513141513947,0.9042658676336796,10.692382805139719,13.753635307912017
C,30,20,115,log,0.5,0.1,0.0,5.690002073935459,0.9055469306598999,16.319477969621666,20.804509662187385
C,30,20,115,log,0.5,0.1,0.5,4.099714874477902,0.9048994200960923,13.680141982653623,17.884576184735376
C,30,20,115,log,0.5,0.1,1.0,3.021910422148648,0.9039850292604177,11.642624286582624,15.240174697869278
C,30,20,115,log,0.5,0.5,0.0,53.46970979310021,0.905861939884144,40.557452943693775,44.917095602559286
C,30,20,115,log,0.5,0.5,0.5,27.363867566565386,0.9032503061446249,32.2467671040013,36.855061162994765
C,30,20,115,log,0.5,0.5,1.0,9.197338406653357,0.8922723774703943,19.450483629930822,24.87086366979457
C,30,20,115,log,1.0,0.0,0.0,2.6615944220742582,0.9040226079297874,10.714545773592667,13.786700121846431
C,30,20,115,log,1.0,0.0,0.5,2.6615944220742582,0.9040226079297874,10.714545773592667,13.786700121846431
C,30,20,115,log,1.0,0.0,1.0,2.6615944220742582,0.9040226079297874,10.714545773592667,13.786700121846431
C,30,20,115,log,1.0,0.1,0.0,12.518371623452504,0.9054496907819235,23.854974161606705,28.4802792610663
C,30,20,115,log,1.0,0.1,0.5,7.324886273432504,0.9045489365158964,18.268359089327358,23.021359366619382
C,30,20,115,log,1.0,0.1,1.0,3.858026869142902,0.9021134881162848,13.197687726433145,17.330595444941537
C,30,20,115,log,1.0,0.5,0.0,159.18047234138834,0.9057597231561315,52.944481404288126,57.799443627335506
C,30,20,115,log,1.0,0.5,0.5,86.2573108660777,0.900659639435412,45.433532297249535,50.219287601960204
C,30,20,115,log,1.0,0.5,1.0,27.063897208349584,0.8728647687365159,29.499469682869734,35.3814464141611
C,30,20,115,log,1.5,0.0,0.0,2.6684174070774533,0.9038742943955601,10.722885401692272,13.799026666489846
C,30,20,115,log,1.5,0.0,0.5,2.6684174070774533,0.9038742943955601,10.722885401692272,13.799026666489846
C,30,20,115,log,1.5,0.0,1.0,2.6684174070774533,0.9038742943955601,10.722885401692272,13.799026666489846
C,30,20,115,log,1.5,0.1,0.0,22.547919312016795,0.9054204145437236,30.471574100928212,34.91076130202951
C,30,20,115,log,1.5,0.1,0.5,12.096806081226937,0.9040213008524949,23.133058912046856,27.959523437450393
C,30,20,115,log,1.5,0.1,1.0,5.1096369222978595,0.8995248751231081,15.045104968070598,19.6931236354874
C,30,20,115,log,1.5,0.5,0.0,284.482492993121,0.9057301164785422,59.312767460294594,64.56074930631617
C,30,20,115,log,1.5,0.5,0.5,167.2635220587475,0.8984653350106495,52.871679989715105,58.00296742227171
C,30,20,115,log,1.5,0.5,1.0,55.455146990869935,0.8588317359242325,37.48188230601153,43.313205153268356
C,30,20,120,log,0.1,0.0,0.0,2.7322704240943176,0.8969182451581614,10.305240312764232,13.83851670901521
C,30,20,120,log,0.1,0.0,0.5,2.7322704240943176,0.8969182451581614,10.305240312764232,13.83851670901521
C,30,20,120,log,0.1,0.0,1.0,2.7322704240943176,0.8969182451581614,10.305240312764232,13.83851670901521
C,30,20,120,log,0.1,0.1,0.0,3.031253246038455,0.8979369552590107,11.208088240561004,15.103359665535772
C,30,20,120,log,0.1,0.1,0.5,2.8678622453289795,0.8980765502570968,10.815965393576894,14.583088739849646
C,30,20,120,log,0.1,0.1,1.0,2.774171800948223,0.8974051737318165,10.519521094163732,14.157408376192478
C,30,20,120,log,0.1,0.5,0.0,7.0832882249763545,0.8987817831875761,17.607170320068096,22.481767745073306
C,30,20,120,log,0.1,0.5,0.5,4.808858675154181,0.8980018780519824,14.301879157761324,19.015223697872063
C,30,20,120,log,0.1,0.5,1.0,3.276815049661452,0.8967516238014641,11.680839745234163,15.77489588254351
C,30,20,120,log,0.5,0.0,0.0,2.805516401805339,0.8956681764753422,10.342982621109003,13.956273277859903
C,30,20,120,log,0.5,0.0,0.5,2.805516401805339,0.8956681764753422,10.342982621109003,13.956273277859903
C,30,20,120,log,0.5,0.0,1.0,2.805516401805339,0.8956681764753422,10.342982621109003,13.956273277859903
C,30,20,120,log,0.5,0.1,0.0,6.392050333168543,0.8978600638008867,16.61552666562073,21.514796414928277
C,30,20,120,log,0.5,0.1,0.5,4.545160224941978,0.8970725554835888,13.794945265506806,18.4699480827534
C,30,20,120,log,0.5,0.1,1.0,3.2815824362209467,0.8959622074896476,11.53652361159289,15.649779451930689
C,30,20,120,log,0.5,0.5,0.0,64.25127435441757,0.8982534339367015,41.62714513612664,46.33652498991147
C,30,20,120,log,0.5,0.5,0.5,32.3365957391184,0.8957009169586326,33.09037096725861,38.05978785243042
C,30,20,120,log,0.5,0.5,1.0,10.603227514525951,0.8849352847200516,19.842758185118765,25.731863357151276
C,30,20,120,log,1.0,0.0,0.0,2.8223256832432493,0.8954146297589572,10.35308502245043,13.982029967859159
C,30,20,120,log,1.0,0.0,0.5,2.8223256832432493,0.8954146297589572,10.35308502245043,13.982029967859159
C,30,20,120,log,1.0,0.0,1.0,2.8223256832432493,0.8954146297589572,10.35308502245043,13.982029967859159
C,30,20,120,log,1.0,0.1,0.0,14.445856492288499,0.8978126313105422,24.483572798232622,29.470839789377738
C,30,20,120,log,1.0,0.1,0.5,8.33377967451817,0.8968805599863483,18.660482036188807,23.83231880322523
C,30,20,120,log,1.0,0.1,1.0,4.273131926119684,0.8942804611779609,13.246161759212,17.887714838816645
C,30,20,120,log,1.0,0.5,0.0,198.31046468548533,0.8981486581860068,54.3181577080451,59.56367974213091
C,30,20,120,log,1.0,0.5,0.5,105.61661154358202,0.8931676930194786,46.607560974890596,51.77682954441277
C,30,20,120,log,1.0,0.5,1.0,32.2941483437847,0.8663740162036815,30.206303271477015,36.525313164625516
C,30,20,120,log,1.5,0.0,0.0,2.8287111585735607,0.895262615029465,10.356985191102854,13.991590459750839
C,30,20,120,log,1.5,0.0,0.5,2.8287111585735607,0.895262615029465,10.356985191102854,13.991590459750839
C,30,20,120,log,1.5,0.0,1.0,2.8287111585735607,0.895262615029465,10.356985191102854,13.991590459750839
C,30,20,120,log,1.5,0.1,0.0,26.473230475281934,0.8977788609455374,31.30885356920075,36.090288141806674
C,30,20,120,log,1.5,0.1,0.5,13.99146953335304,0.8964053021339407,23.725311132478332,28.938214551393656
C,30,20,120,log,1.5,0.1,1.0,5.751984423115887,0.8918306843314205,15.224914458691723,20.369448581906056
C,30,20,120,log,1.5,0.5,0.0,361.3945521848017,0.8981237582573431,60.835799994832215,66.49938109071094
C,30,20,120,log,1.5,0.5,0.5,209.15783479886767,0.8910277693197264,54.22454261926371,59.76066355294049
C,30,20,120,log,1.5,0.5,1.0,68.02137100527368,0.8516696665486378,38.3591679592859,44.66322642421883
C,30,20,125,log,0.1,0.0,0.0,2.999880172463001,0.8882504027613576,9.997570451786503,14.382700546135021
C,30,20,125,log,0.1,0.0,0.5,2.999880172463001,0.8882504027613576,9.997570451786503,14.382700546135021
C,30,20,125,log,0.1,0.0,1.0,2.999880172463001,0.8882504027613576,9.997570451786503,14.382700546135021
C,30,20,125,log,0.1,0.1,0.0,3.3508906297899337,0.889821137738533,11.07050614525776,15.705228770652443
C,30,20,125,log,0.1,0.1,0.5,3.162782419533885,0.8899463876758735,10.626520610801418,15.174278310566246
C,30,20,125,log,0.1,0.1,1.0,3.0533462939447142,0.8891939407165976,10.276162307193687,14.735675938855746
C,30,20,125,log,0.1,0.5,0.0,8.013071575306453,0.8913493959118954,17.893904387372594,23.248374336945652
C,30,20,125,log,0.1,0.5,0.5,5.400247390980535,0.890642083199283,14.43133649994644,19.72203748932098
C,30,20,125,log,0.1,0.5,1.0,3.6467459010798677,0.8890273520016819,11.609868941859213,16.42202747415454
C,30,20,125,log,0.5,0.0,0.0,3.069775840454813,0.8869233673313703,9.987775456797479,14.479894600017683
C,30,20,125,log,0.5,0.0,0.5,3.069775840454813,0.8869233673313703,9.987775456797479,14.479894600017683
C,30,20,125,log,0.5,0.0,1.0,3.069775840454813,0.8869233673313703,9.987775456797479,14.479894600017683
C,30,20,125,log,0.5,0.1,0.0,7.244319004903747,0.8903207588846991,16.890947825383698,22.29714531710905
C,30,20,125,log,0.5,0.1,0.5,5.1070632009610275,0.8896391868872293,13.879454785172063,19.182895354867277
C,30,20,125,log,0.5,0.1,1.0,3.644189390857929,0.8879075610951151,11.411240013016585,16.28374903487171
C,30,20,125,log,0.5,0.5,0.0,77.37356775486847,0.8909005413448707,42.620740456942386,47.69751744490597
C,30,20,125,log,0.5,0.5,0.5,38.31775122890134,0.8884708987531453,33.87559054754703,39.22607771446278
C,30,20,125,log,0.5,0.5,1.0,12.29181922873892,0.8780041976735866,20.20048863582547,26.616624185753274
C,30,20,125,log,1.0,0.0,0.0,3.086070721859406,0.8867151380224385,9.987800768033214,14.501235656315979
C,30,20,125,log,1.0,0.0,0.5,3.086070721859406,0.8867151380224385,9.987800768033214,14.501235656315979
C,30,20,125,log,1.0,0.0,1.0,3.086070721859406,0.8867151380224385,9.987800768033214,14.501235656315979
C,30,20,125,log,1.0,0.1,0.0,16.739218002017413,0.8904063399793646,25.064833760769922,30.455971694869525
C,30,20,125,log,1.0,0.1,0.5,9.540466497834611,0.8895077315105567,19.014589655060234,24.68214099103198
C,30,20,125,log,1.0,0.1,1.0,4.808968462663062,0.8866710667651262,13.26672650629217,18.59720673964261
C,30,20,125,log,1.0,0.5,0.0,247.19536961546902,0.8908042044132124,55.59041600101343,61.237644098973725
C,30,20,125,log,1.0,0.5,0.5,129.47965286111975,0.8859963184975104,47.69588402107884,53.26156877793299
C,30,20,125,log,1.0,0.5,1.0,38.63793420459477,0.8603012125265884,30.86726517992785,37.634513449050345
C,30,20,125,log,1.5,0.0,0.0,3.0922979497110217,0.8866374741751344,9.987721216997723,14.50912308769171
C,30,20,125,log,1.5,0.0,0.5,3.0922979497110217,0.8866374741751344,9.987721216997723,14.50912308769171
C,30,20,125,log,1.5,0.0,1.0,3.0922979497110217,0.8866374741751344,9.987721216997723,14.50912308769171
C,30,20,125,log,1.5,0.1,0.0,31.182821550393378,0.8903746227400271,32.08862817337348,37.238128055942795
C,30,20,125,log,1.5,0.1,0.5,16.24734088363567,0.889096022750514,24.267115721273953,29.912820668535943
C,30,20,125,log,1.5,0.1,1.0,6.546375362079684,0.8845073882690908,15.365608261047957,21.142521636404638
C,30,20,125,log,1.5,0.5,0.0,458.9083281798562,0.8907663321030157,62.24503598175899,68.33215645899509
C,30,20,125,log,1.5,0.5,0.5,261.59592216561737,0.8839323578131856,55.47688029305819,61.42725164434413
C,30,20,125,log,1.5,0.5,1.0,83.39375747069975,0.8454680301503394,39.178155766925194,45.95374759360076
C,30,20,130,log,0.1,0.0,0.0,2.9878567062945462,0.8874050789697533,9.660628128422303,14.043790472118669
C,30,20,130,log,0.1,0.0,0.5,2.9878567062945462,0.8874050789697533,9.660628128422303,14.043790472118669
C,30,20,130,log,0.1,0.0,1.0,2.9878567062945462,0.8874050789697533,9.660628128422303,14.043790472118669
C,30,20,130,log,0.1,0.1,0.0,3.204119339840029,0.8890920098081312,10.58375595664148,15.173393083845673
C,30,20,130,log,0.1,0.1,0.5,3.0596110925352087,0.8892107347566249,10.193605878566812,14.702962910436298
C,30,20,130,log,0.1,0.1,1.0,2.9974911773149437,0.8884945807615333,9.906148589890545,14.339161615643558
C,30,20,130,log,0.1,0.5,0.0,7.2763201483108135,0.8913104181730895,16.960601222416425,22.303838879153815
C,30,20,130,log,0.1,0.5,0.5,4.9307977976068615,0.8904861155190336,13.653971874029471,18.89425217098067
C,30,20,130,log,0.1,0.5,1.0,3.4363305426405875,0.8883593880147196,11.075611244995715,15.814752585197173
C,30,20,130,log,0.5,0.0,0.0,3.056498982279642,0.8862056765443714,9.665794756959771,14.150875288385473
C,30,20,130,log,0.5,0.0,0.5,3.056498982279642,0.8862056765443714,9.665794756959771,14.150875288385473
C,30,20,130,log,0.5,0.0,1.0,3.056498982279642,0.8862056765443714,9.665794756959771,14.150875288385473
C,30,20,130,log,0.5,0.1,0.0,6.596036604282697,0.8902558002891166,16.024156501308433,21.404650855019923
C,30,20,130,log,0.5,0.1,0.5,4.693985546302795,0.8893928135662582,13.178495900455422,18.417811404671845
C,30,20,130,log,0.5,0.1,1.0,3.458273302418916,0.8874617397451743,10.925263041863344,15.729679043675123
C,30,20,130,log,0.5,0.5,0.0,72.10805809302505,0.8909189832972105,41.791653482140894,46.82347761157767
C,30,20,130,log,0.5,0.5,0.5,35.33072560484077,0.8884469124123502,32.86627167169087,38.234457030283544
C,30,20,130,log,0.5,0.5,1.0,11.149701677166645,0.8781662944876409,19.232105326856125,25.64543930051166
C,30,20,130,log,1.0,0.0,0.0,3.0728499017602955,0.885993599102321,9.668828486239022,14.174630080844437
C,30,20,130,log,1.0,0.0,0.5,3.0728499017602955,0.885993599102321,9.668828486239022,14.174630080844437
C,30,20,130,log,1.0,0.0,1.0,3.0728499017602955,0.885993599102321,9.668828486239022,14.174630080844437
C,30,20,130,log,1.0,0.1,0.0,15.30831719813366,0.8903895599121061,24.02011043585572,29.45757874755761
C,30,20,130,log,1.0,0.1,0.5,8.679855885221873,0.8894033885362136,18.076623141305944,23.73856853868734
C,30,20,130,log,1.0,0.1,1.0,4.446217196212054,0.8862864382666226,12.637916626245186,17.877206276170423
C,30,20,130,log,1.0,0.5,0.0,234.17411620973704,0.8908015765170113,55.0163184109732,60.59407057069133
C,30,20,130,log,1.0,0.5,0.5,121.36033236025867,0.8860150208162715,46.953264572298664,52.45848565172308
C,30,20,130,log,1.0,0.5,1.0,35.46176375119396,0.8609841976364725,29.767587218124767,36.61237206922624
C,30,20,130,log,1.5,0.0,0.0,3.0791540145890446,0.8858730409535223,9.66985839737281,14.183465682409468
C,30,20,130,log,1.5,0.0,0.5,3.0791540145890446,0.8858730409535223,9.66985839737281,14.183465682409468
C,30,20,130,log,1.5,0.0,1.0,3.0791540145890446,0.8858730409535223,9.66985839737281,14.183465682409468
C,30,20,130,log,1.5,0.1,0.0,28.74192980777146,0.890362749595717,31.081581272228448,36.25701069399749
C,30,20,130,log,1.5,0.1,0.5,14.841502934642818,0.8890024025408853,23.224584743476846,28.9133972740743
C,30,20,130,log,1.5,0.1,1.0,5.975995275278377,0.8843381774090066,14.611790764934355,20.309906588621317
C,30,20,130,log,1.5,0.5,0.0,438.8117663950834,0.8907661962618508,61.796253414844706,67.81906581613269
C,30,20,130,log,1.5,0.5,0.5,247.64648072102563,0.8839953278163982,54.88427972621645,60.76554280288858
C,30,20,130,log,1.5,0.5,1.0,77.4748665454151,0.8460955143478202,38.18509442307226,44.98508828044935
D,15,10,115,log,0.1,0.0,0.0,4.63980008427311,0.8763688373683436,13.467979037766451,17.177151262481924
D,15,10,115,log,0.1,0.0,0.5,4.63980008427311,0.8763688373683436,13.467979037766451,17.177151262481924
D,15,10,115,log,0.1,0.0,1.0,4.63980008427311,0.8763688373683436,13.467979037766451,17.177151262481924
D,15,10,115,log,0.1,0.1,0.0,4.954139674261521,0.8770269461987968,14.263579925357302,18.324752707198307
D,15,10,115,log,0.1,0.1,0.5,4.759917766411563,0.8771489220405483,13.92028504945055,17.831851729116956
D,15,10,115,log,0.1,0.1,1.0,4.635112675723056,0.8771978316409914,13.629518160366061,17.38758028370399
D,15,10,115,log,0.1,0.5,0.0,9.795265106448932,0.8777642393347879,19.696303948938848,24.89397533069134
D,15,10,115,log,0.1,0.5,0.5,6.852384009095433,0.8779530933245152,16.927759409607237,21.675418123571255
D,15,10,115,log,0.1,0.5,1.0,5.052795526480226,0.876321988690429,14.759791075197802,18.81565410646105
D,15,10,115,log,0.5,0.0,0.0,4.793678644401321,0.8755020955247483,13.543327301393877,17.350276830723878
D,15,10,115,log,0.5,0.0,0.5,4.793678644401321,0.8755020955247483,13.543327301393877,17.350276830723878
D,15,10,115,log,0.5,0.0,1.0,4.793678644401321,0.8755020955247483,13.543327301393877,17.350276830723878
D,15,10,115,log,0.5,0.1,0.0,9.089571376198226,0.8769142293267006,18.83618433904641,24.069315031553923
D,15,10,115,log,0.5,0.1,0.5,6.661015592391661,0.8770345679886316,16.501302778180055,21.264469288742593
D,15,10,115,log,0.5,0.1,1.0,5.136534935618681,0.8758397916331608,14.642810070516745,18.767847115018633
D,15,10,115,log,0.5,0.5,0.0,71.72105299513048,0.8774123582915176,42.22983957178781,47.289323193083916
D,15,10,115,log,0.5,0.5,0.5,37.13975613068163,0.8744955754646702,34.03929892659441,39.385078072065504
D,15,10,115,log,0.5,0.5,1.0,13.307474156666283,0.8537752712056674,22.141581364267104,27.94178753314815
D,15,10,115,log,1.0,0.0,0.0,4.827283586884173,0.8753280137032288,13.559266018615403,17.38527309403674
D,15,10,115,log,1.0,0.0,0.5,4.827283586884173,0.8753280137032288,13.559266018615403,17.38527309403674
D,15,10,115,log,1.0,0.0,1.0,4.827283586884173,0.8753280137032288,13.559266018615403,17.38527309403674
D,15,10,115,log,1.0,0.1,0.0,18.50687224956945,0.8769389503305532,25.738263010642235,31.291352577735232
D,15,10,115,log,1.0,0.1,0.5,11.020285534194624,0.8766981294424647,20.681903151261018,26.087357750492867
D,15,10,115,log,1.0,0.1,1.0,6.195872731546624,0.8730400478147043,16.225114364218477,20.784258937955126
D,15,10,115,log,1.0,0.5,0.0,200.5352259931738,0.8773539507660006,55.01120377518195,60.13073288524099
D,15,10,115,log,1.0,0.5,0.5,110.46003508703407,0.8700649719685243,47.40123550958964,52.62537563981603
D,15,10,115,log,1.0,0.5,1.0,33.02906394848223,0.8475286801549865,31.424887750147587,37.41072023834075
D,15,10,115,log,1.5,0.0,0.0,4.839974782528598,0.8752549212736074,13.565023581789529,17.39801330071075
D,15,10,115,log,1.5,0.0,0.5,4.839974782528598,0.8752549212736074,13.565023581789529,17.39801330071075
D,15,10,115,log,1.5,0.0,1.0,4.839974782528598,0.8752549212736074,13.565023581789529,17.39801330071075
D,15,10,115,log,1.5,0.1,0.0,31.878268870531837,0.8769369299992389,32.065171436643126,37.45832087463785
D,15,10,115,log,1.5,0.1,0.5,17.384268703317936,0.8759680557100591,25.21285525056622,30.78121554606738
D,15,10,115,log,1.5,0.1,1.0,7.824813122269774,0.8682736756053464,17.973593433902714,23.028580886553875
D,15,10,115,log,1.5,0.5,0.0,347.32092161579516,0.8773331987251091,61.577969295553046,66.91330532731469
D,15,10,115,log,1.5,0.5,0.5,207.71027638448678,0.8662037004347616,55.016665015568535,60.4057372318094
D,15,10,115,log,1.5,0.5,1.0,64.06466628446401,0.841110055285396,39.30284181570863,45.19146197912552
D,15,10,120,log,0.1,0.0,0.0,5.249998205962695,0.868049272939896,13.256289654236213,17.698560147780277
D,15,10,120,log,0.1,0.0,0.5,5.249998205962695,0.868049272939896,13.256289654236213,17.698560147780277
D,15,10,120,log,0.1,0.0,1.0,5.249998205962695,0.868049272939896,13.256289654236213,17.698560147780277
D,15,10,120,log,0.1,0.1,0.0,5.656621069248447,0.8688602805738533,14.216531407797877,18.955854857856398
D,15,10,120,log,0.1,0.1,0.5,5.413034925610118,0.8689969585155429,13.820303341635537,18.42453807958258
D,15,10,120,log,0.1,0.1,1.0,5.252874969028248,0.8688309185013324,13.476386464181719,17.946614789869784
D,15,10,120,log,0.1,0.5,0.0,11.505351372335557,0.8700381895650493,20.11946639345909,25.834395527944203
D,15,10,120,log,0.1,0.5,0.5,7.952715903002601,0.8701037419597805,17.176893531000903,22.504970588744037
D,15,10,120,log,0.1,0.5,1.0,5.778021578976491,0.8681728274929986,14.78885842593155,19.50731646030814
D,15,10,120,log,0.5,0.0,0.0,5.424435334959649,0.8667615786783831,13.277336399818418,17.85173857740485
D,15,10,120,log,0.5,0.0,0.5,5.424435334959649,0.8667615786783831,13.277336399818418,17.85173857740485
D,15,10,120,log,0.5,0.0,1.0,5.424435334959649,0.8667615786783831,13.277336399818418,17.85173857740485
D,15,10,120,log,0.5,0.1,0.0,10.690742519428076,0.8691226092677681,19.217676801035616,25.00694619292799
D,15,10,120,log,0.5,0.1,0.5,7.735985898050987,0.869085067360348,16.690033286484184,22.079586720030086
D,15,10,120,log,0.5,0.1,1.0,5.875413645477598,0.8675047387853588,14.605656393027521,19.43702589782698
D,15,10,120,log,0.5,0.5,0.0,88.73785981034051,0.869739329146564,43.422698313104725,48.894547861254416
D,15,10,120,log,0.5,0.5,0.5,45.25570916448696,0.8668199627570218,34.99515326900794,40.77816404696504
D,15,10,120,log,0.5,0.5,1.0,15.852892991624824,0.8464826364356813,22.706708224908645,29.03068969908177
D,15,10,120,log,1.0,0.0,0.0,5.461707282825255,0.8665648138774745,13.282694707716482,17.882706203775577
D,15,10,120,log,1.0,0.0,0.5,5.461707282825255,0.8665648138774745,13.282694707716482,17.882706203775577
D,15,10,120,log,1.0,0.0,1.0,5.461707282825255,0.8665648138774745,13.282694707716482,17.882706203775577
D,15,10,120,log,1.0,0.1,0.0,22.198113041964053,0.8692417219757079,26.449459165516565,32.47557909111516
D,15,10,120,log,1.0,0.1,0.5,13.04965898052896,0.8687910145955502,21.16895944086422,27.109358466328683
D,15,10,120,log,1.0,0.1,1.0,7.167119387549302,0.8649624140792804,16.355296772123964,21.579917566344246
D,15,10,120,log,1.0,0.5,0.0,255.30315749686216,0.8696725955560328,56.556177478772966,62.0946398754257
D,15,10,120,log,1.0,0.5,0.5,138.49511539303197,0.8625427359780531,48.72245582427924,54.37754306272781
D,15,10,120,log,1.0,0.5,1.0,40.36678500814624,0.840078428417056,32.27533288847293,38.74863588800095
D,15,10,120,log,1.5,0.0,0.0,5.475774279263648,0.8665221878545722,13.284394678842279,17.893904315795197
D,15,10,120,log,1.5,0.0,0.5,5.475774279263648,0.8665221878545722,13.284394678842279,17.893904315795197
D,15,10,120,log,1.5,0.0,1.0,5.475774279263648,0.8665221878545722,13.284394678842279,17.893904315795197
D,15,10,120,log,1.5,0.1,0.0,38.73914377951178,0.8692435889226239,32.98872772051994,38.82054700697613
D,15,10,120,log,1.5,0.1,0.5,20.837213745066276,0.868171694424022,25.90173424099309,31.954665819390705
D,15,10,120,log,1.5,0.1,1.0,9.148528557068868,0.8606222291449438,18.2594514247754,23.93344999643545
D,15,10,120,log,1.5,0.5,0.0,449.3515093794358,0.8696444076929148,63.29726740642259,69.06446491399367
D,15,10,120,log,1.5,0.5,0.5,265.03169573504994,0.858867050032608,56.54540234316587,62.3706484459758
D,15,10,120,log,1.5,0.5,1.0,79.62592467692124,0.833757746388682,40.32376180733093,46.71320101787371
D,15,10,125,log,0.1,0.0,0.0,6.033505063879259,0.8585926927470986,12.996645126839038,18.45996916804218
D,15,10,125,log,0.1,0.0,0.5,6.033505063879259,0.8585926927470986,12.996645126839038,18.45996916804218
D,15,10,125,log,0.1,0.0,1.0,6.033505063879259,0.8585926927470986,12.996645126839038,18.45996916804218
D,15,10,125,log,0.1,0.1,0.0,6.536038998651513,0.8599997937786077,14.117538715339302,19.773306270415077
D,15,10,125,log,0.1,0.1,0.5,6.243530190697153,0.859893667859728,13.669787082632041,19.22415307101853
D,15,10,125,log,0.1,0.1,1.0,6.0412524877884515,0.8595820086017628,13.275134495879456,18.734060445045465
D,15,10,125,log,0.1,0.5,0.0,13.581397569775797,0.8618406896984567,20.478356362873598,26.818563036390138
D,15,10,125,log,0.1,0.5,0.5,9.309930414521109,0.8616570384835835,17.36029586586412,23.425395174967598
D,15,10,125,log,0.1,0.5,1.0,6.694572621895358,0.8592989511363621,14.763495775537706,20.36593720262192
D,15,10,125,log,0.5,0.0,0.0,6.23687696548605,0.8574462719341215,12.967357660481847,18.604886960036982
D,15,10,125,log,0.5,0.0,0.5,6.23687696548605,0.8574462719341215,12.967357660481847,18.604886960036982
D,15,10,125,log,0.5,0.0,1.0,6.23687696548605,0.8574462719341215,12.967357660481847,18.604886960036982
D,15,10,125,log,0.5,0.1,0.0,12.641380132326159,0.8607604739043386,19.539202904951065,26.000328851458022
D,15,10,125,log,0.5,0.1,0.5,9.071581207943296,0.860368440328064,16.815537480059145,23.00475220628552
D,15,10,125,log,0.5,0.1,1.0,6.814338696637099,0.858362195832779,14.527848718152978,20.29183112626536
D,15,10,125,log,0.5,0.5,0.0,109.91476762261168,0.8616428146318835,44.54183370326141,50.43895819324898
D,15,10,125,log,0.5,0.5,0.5,55.271384223109735,0.8588863539788221,35.88749978113744,42.12880641335223
D,15,10,125,log,0.5,0.5,1.0,18.951676897726202,0.8395802040113265,23.194251228066314,30.121857659406224
D,15,10,125,log,1.0,0.0,0.0,6.280906383027981,0.8572334224737419,12.963580682505755,18.63448046225821
D,15,10,125,log,1.0,0.0,0.5,6.280906383027981,0.8572334224737419,12.963580682505755,18.63448046225821
D,15,10,125,log,1.0,0.0,1.0,6.280906383027981,0.8572334224737419,12.963580682505755,18.63448046225821
D,15,10,125,log,1.0,0.1,0.0,26.696588553152907,0.8611024462025888,27.096063366036425,33.64979652488488
D,15,10,125,log,1.0,0.1,0.5,15.53242740183585,0.860508068980492,21.59365980389682,28.16384096289636
D,15,10,125,log,1.0,0.1,1.0,8.385096240177472,0.8564040891794462,16.422883988795768,22.50364855621789
D,15,10,125,log,1.0,0.5,0.0,324.9718342086644,0.8615790954193339,58.00378286188197,63.97112458002762
D,15,10,125,log,1.0,0.5,0.5,173.79909191408046,0.8549033638320497,49.96124075708307,56.05817116605624
D,15,10,125,log,1.0,0.5,1.0,49.476138136754074,0.8329171853935351,33.0795101807304,40.04959302800826
D,15,10,125,log,1.5,0.0,0.0,6.297236357826856,0.8571215600512936,12.961868790323205,18.64506418176424
D,15,10,125,log,1.5,0.0,0.5,6.297236357826856,0.8571215600512936,12.961868790323205,18.64506418176424
D,15,10,125,log,1.5,0.0,1.0,6.297236357826856,0.8571215600512936,12.961868790323205,18.64506418176424
D,15,10,125,log,1.5,0.1,0.0,47.166988473578705,0.8611161644638166,33.84836584111442,40.1461522278989
D,15,10,125,log,1.5,0.1,0.5,25.062227733851618,0.8600430211460252,26.530060029599138,33.120385558142935
D,15,10,125,log,1.5,0.1,1.0,10.789938224701457,0.8525588972337573,18.477621887679383,24.917666133434807
D,15,10,125,log,1.5,0.5,0.0,580.8002551299938,0.861547977323769,64.90731017893631,71.11481585205853
D,15,10,125,log,1.5,0.5,0.5,338.1495553450661,0.8514740845861585,57.97745587305936,64.24816360609387
D,15,10,125,log,1.5,0.5,1.0,99.16345539291738,0.8266982598781321,41.28214667226543,48.1812097583029
D,15,10,130,log,0.1,0.0,0.0,6.097242273203419,0.8578771396835352,12.562184530656646,18.05824155865032
D,15,10,130,log,0.1,0.0,0.5,6.097242273203419,0.8578771396835352,12.562184530656646,18.05824155865032
D,15,10,130,log,0.1,0.0,1.0,6.097242273203419,0.8578771396835352,12.562184530656646,18.05824155865032
D,15,10,130,log,0.1,0.1,0.0,6.347405659014413,0.859403739619753,13.552187237581865,19.20378831239561
D,15,10,130,log,0.1,0.1,0.5,6.135350791554621,0.8591329250397521,13.147430755234009,18.70915012218301
D,15,10,130,log,0.1,0.1,1.0,6.032373421302687,0.8586183138443207,12.805878432239743,18.287348557218447
D,15,10,130,log,0.1,0.5,0.0,12.461708909572257,0.8617597647481094,19.497212651809527,25.863264339140564
D,15,10,130,log,0.1,0.5,0.5,8.622764182108082,0.8612542070436946,16.53006768815422,22.584493824452995
D,15,10,130,log,0.1,0.5,1.0,6.4238439455773975,0.8587468466542159,14.152532241388508,19.727993190720518
D,15,10,130,log,0.5,0.0,0.0,6.285035923298068,0.856723001403712,12.55409462233136,18.211680274825635
D,15,10,130,log,0.5,0.0,0.5,6.285035923298068,0.856723001403712,12.55409462233136,18.211680274825635
D,15,10,130,log,0.5,0.0,1.0,6.285035923298068,0.856723001403712,12.55409462233136,18.211680274825635
D,15,10,130,log,0.5,0.1,0.0,11.64624880549417,0.8606573085666014,18.63249338863814,25.106627320913343
D,15,10,130,log,0.5,0.1,0.5,8.455981448028659,0.8600074442777977,16.0564584946142,22.228735440882122
D,15,10,130,log,0.5,0.1,1.0,6.560596994824083,0.8577730182896908,13.96236099833269,19.699899356315743
D,15,10,130,log,0.5,0.5,0.0,102.66752168135993,0.8617066014969572,43.56189340396882,49.4791806461035
D,15,10,130,log,0.5,0.5,0.5,51.03585180632213,0.8589276676640669,34.7357921412229,41.058131134288544
D,15,10,130,log,0.5,0.5,1.0,17.254772162809132,0.840088219684592,22.16939529974136,29.13690616415218
D,15,10,130,log,1.0,0.0,0.0,6.327190501887378,0.8565262407289232,12.55432956993582,18.24338672568232
D,15,10,130,log,1.0,0.0,0.5,6.327190501887378,0.8565262407289232,12.55432956993582,18.24338672568232
D,15,10,130,log,1.0,0.0,1.0,6.327190501887378,0.8565262407289232,12.55432956993582,18.24338672568232
D,15,10,130,log,1.0,0.1,0.0,24.56961382721371,0.861118337356725,25.990291803155344,32.620994548252575
D,15,10,130,log,1.0,0.1,0.5,14.248861120329796,0.8602988909888254,20.59877551286007,27.20597984626796
D,15,10,130,log,1.0,0.1,1.0,7.857430459227521,0.8559456455151967,15.742170774072443,21.763377265540885
D,15,10,130,log,1.0,0.5,0.0,308.0291256777017,0.8616373508135988,57.32136061338326,63.2453664048427
D,15,10,130,log,1.0,0.5,0.5,162.87386820524694,0.855072721891543,49.08512344347863,55.16135601371915
D,15,10,130,log,1.0,0.5,1.0,45.4063383140444,0.8331536133007702,31.84246389548887,38.933148172752894
D,15,10,130,log,1.5,0.0,0.0,6.34310562345119,0.8564554791505273,12.554138077232817,18.254878433497964
D,15,10,130,log,1.5,0.0,0.5,6.34310562345119,0.8564554791505273,12.554138077232817,18.254878433497964
D,15,10,130,log,1.5,0.0,1.0,6.34310562345119,0.8564554791505273,12.554138077232817,18.254878433497964
D,15,10,130,log,1.5,0.1,0.0,43.65166479533711,0.8611589666015554,32.72208402817044,39.106105061271116
D,15,10,130,log,1.5,0.1,0.5,22.995046981825322,0.8599565459609242,25.406242240621822,32.080332039984455
D,15,10,130,log,1.5,0.1,1.0,9.95822651979149,0.8523025992761463,17.68903887085306,24.076307436060734
D,15,10,130,log,1.5,0.5,0.0,555.2692806921635,0.8615947835301062,64.37544133729985,70.53244145014314
D,15,10,130,log,1.5,0.5,0.5,319.88455166515143,0.8517764893738728,57.28037467556275,63.50386692469451
D,15,10,130,log,1.5,0.5,1.0,91.8223187128228,0.8270814780015643,40.14886078565202,47.094514272598154
D,15,15,115,log,0.1,0.0,0.0,4.655627793383187,0.8761793960406867,13.482017389722268,17.189529746625126
D,15,15,115,log,0.1,0.0,0.5,4.655627793383187,0.8761793960406867,13.482017389722268,17.189529746625126
D,15,15,115,log,0.1,0.0,1.0,4.655627793383187,0.8761793960406867,13.482017389722268,17.189529746625126
D,15,15,115,log,0.1,0.1,0.0,4.96782731279259,0.8768262404528613,14.273635849373175,18.338228116577568
D,15,15,115,log,0.1,0.1,0.5,4.763778765862044,0.8770838820062954,13.922907337334456,17.833390524283775
D,15,15,115,log,0.1,0.1,1.0,4.635112675723056,0.8771978316409914,13.629518160366061,17.38758028370399
D,15,15,115,log,0.1,0.5,0.0,9.809867329570897,0.877634329131522,19.701859738254985,24.904959921386006
D,15,15,115,log,0.1,0.5,0.5,6.852384009095433,0.8779530933245152,16.927759409607237,21.675418123571255
D,15,15,115,log,0.1,0.5,1.0,5.052795526480226,0.876321988690429,14.759791075197802,18.81565410646105
D,15,15,115,log,0.5,0.0,0.0,4.812555903719334,0.8752889802611143,13.561661079408903,17.365247203369236
D,15,15,115,log,0.5,0.0,0.5,4.812555903719334,0.8752889802611143,13.561661079408903,17.365247203369236
D,15,15,115,log,0.5,0.0,1.0,4.812555903719334,0.8752889802611143,13.561661079408903,17.365247203369236
D,15,15,115,log,0.5,0.1,0.0,9.108311181671692,0.8767828160981704,18.84864893373949,24.083404833029658
D,15,15,115,log,0.5,0.1,0.5,6.661015592391661,0.8770345679886316,16.501302778180055,21.264469288742593
D,15,15,115,log,0.5,0.1,1.0,5.136534935618681,0.8758397916331608,14.642810070516745,18.767847115018633
D,15,15,115,log,0.5,0.5,0.0,71.77060262193329,0.877291839859901,42.22803547043428,47.290115662845594
D,15,15,115,log,0.5,0.5,0.5,37.13975613068163,0.8744955754646702,34.03929892659441,39.385078072065504
D,15,15,115,log,0.5,0.5,1.0,13.307474156666283,0.8537752712056674,22.141581364267104,27.94178753314815
D,15,15,115,log,1.0,0.0,0.0,4.84694562218232,0.8751112249736401,13.57822320971702,17.4009808206502
D,15,15,115,log,1.0,0.0,0.5,4.84694562218232,0.8751112249736401,13.57822320971702,17.4009808206502
D,15,15,115,log,1.0,0.0,1.0,4.84694562218232,0.8751112249736401,13.57822320971702,17.4009808206502
D,15,15,115,log,1.0,0.1,0.0,18.535907021409734,0.876793767350172,25.737750823255425,31.299281413423273
D,15,15,115,log,1.0,0.1,0.5,11.020285534194624,0.8766981294424647,20.681903151261018,26.087357750492867
D,15,15,115,log,1.0,0.1,1.0,6.195872731546624,0.8730400478147043,16.225114364218477,20.784258937955126
D,15,15,115,log,1.0,0.5,0.0,200.59565240015735,0.8772386125077294,55.00977901080182,60.12999637100786
D,15,15,115,log,1.0,0.5,0.5,110.46003508703407,0.8700649719685243,47.40123550958964,52.62537563981603
D,15,15,115,log,1.0,0.5,1.0,33.02906394848223,0.8475286801549865,31.424887750147587,37.41072023834075
D,15,15,115,log,1.5,0.0,0.0,4.859955037770044,0.8750207730784487,13.584137281706873,17.41399040451402
D,15,15,115,log,1.5,0.0,0.5,4.859955037770044,0.8750207730784487,13.584137281706873,17.41399040451402
D,15,15,115,log,1.5,0.0,1.0,4.859955037770044,0.8750207730784487,13.584137281706873,17.41399040451402
D,15,15,115,log,1.5,0.1,0.0,31.915629557566707,0.8767975567647651,32.05828078250239,37.461496010036264
D,15,15,115,log,1.5,0.1,0.5,17.384268703317954,0.8759680557100591,25.212855250566232,30.78121554606738
D,15,15,115,log,1.5,0.1,1.0,7.824813122269774,0.8682736756053464,17.973593433902714,23.028580886553875
D,15,15,115,log,1.5,0.5,0.0,347.37076614644377,0.8772202196207812,61.576821452732204,66.91231369145211
D,15,15,115,log,1.5,0.5,0.5,207.71027638448678,0.8662037004347616,55.016665015568535,60.4057372318094
D,15,15,115,log,1.5,0.5,1.0,64.06466628446401,0.841110055285396,39.30284181570863,45.19146197912552
D,15,15,120,log,0.1,0.0,0.0,5.2628821447571825,0.8678803706290955,13.272973529881435,17.709714490268063
D,15,15,120,log,0.1,0.0,0.5,5.2628821447571825,0.8678803706290955,13.272973529881435,17.709714490268063
D,15,15,120,log,0.1,0.0,1.0,5.2628821447571825,0.8678803706290955,13.272973529881435,17.709714490268063
D,15,15,120,log,0.1,0.1,0.0,5.67451218752649,0.8687057732996791,14.228709345019393,18.969322304528234
D,15,15,120,log,0.1,0.1,0.5,5.415683444814414,0.8689514885182499,13.823791932299091,18.426497362377166
D,15,15,120,log,0.1,0.1,1.0,5.252874969028248,0.8688309185013324,13.476386464181719,17.946614789869784
D,15,15,120,log,0.1,0.5,0.0,11.520103477572551,0.8699360240007439,20.123940966488043,25.844970527321628
D,15,15,120,log,0.1,0.5,0.5,7.952715903002601,0.8701037419597805,17.176893531000903,22.504970588744037
D,15,15,120,log,0.1,0.5,1.0,5.778021578976491,0.8681728274929986,14.78885842593155,19.50731646030814
D,15,15,120,log,0.5,0.0,0.0,5.43839100888732,0.8665464978733024,13.295821690314876,17.865375770034255
D,15,15,120,log,0.5,0.0,0.5,5.43839100888732,0.8665464978733024,13.295821690314876,17.865375770034255
D,15,15,120,log,0.5,0.0,1.0,5.43839100888732,0.8665464978733024,13.295821690314876,17.865375770034255
D,15,15,120,log,0.5,0.1,0.0,10.710973345811507,0.8689818392515074,19.224724214347876,25.019708949940977
D,15,15,120,log,0.5,0.1,0.5,7.735985898050996,0.869085067360348,16.690033286484187,22.079586720030097
D,15,15,120,log,0.5,0.1,1.0,5.875413645477598,0.8675047387853588,14.605656393027521,19.43702589782698
D,15,15,120,log,0.5,0.5,0.0,88.7964406628461,0.8696234770766104,43.41981094770762,48.89451424470353
D,15,15,120,log,0.5,0.5,0.5,45.25570916448696,0.8668199627570218,34.99515326900794,40.77816404696504
D,15,15,120,log,0.5,0.5,1.0,15.852892991624824,0.8464826364356813,22.706708224908645,29.03068969908177
D,15,15,120,log,1.0,0.0,0.0,5.476555943112153,0.8663291087964768,13.301596573778454,17.897092524159625
D,15,15,120,log,1.0,0.0,0.5,5.476555943112153,0.8663291087964768,13.301596573778454,17.897092524159625
D,15,15,120,log,1.0,0.0,1.0,5.476555943112153,0.8663291087964768,13.301596573778454,17.897092524159625
D,15,15,120,log,1.0,0.1,0.0,22.231543561123484,0.8691064541412612,26.445326354126188,32.48246171381164
D,15,15,120,log,1.0,0.1,0.5,13.04965898052896,0.8687910145955502,21.16895944086422,27.109358466328683
D,15,15,120,log,1.0,0.1,1.0,7.167119387549302,0.8649624140792804,16.355296772123964,21.579917566344246
D,15,15,120,log,1.0,0.5,0.0,255.37322723944325,0.8695657404230099,56.55414511648153,62.09322525650572
D,15,15,120,log,1.0,0.5,0.5,138.49511539303197,0.8625427359780531,48.72245582427924,54.37754306272781
D,15,15,120,log,1.0,0.5,1.0,40.36678500814624,0.840078428417056,32.27533288847293,38.74863588800095
D,15,15,120,log,1.5,0.0,0.0,5.490966494179882,0.866271368342297,13.303468099049486,17.908590061566542
D,15,15,120,log,1.5,0.0,0.5,5.490966494179882,0.866271368342297,13.303468099049486,17.908590061566542
D,15,15,120,log,1.5,0.0,1.0,5.490966494179882,0.866271368342297,13.303468099049486,17.908590061566542
D,15,15,120,log,1.5,0.1,0.0,38.78361898650898,0.8691139952673673,32.9813494686936,38.82291122186713
D,15,15,120,log,1.5,0.1,0.5,20.837213745066276,0.868171694424022,25.901734240993086,31.954665819390705
D,15,15,120,log,1.5,0.1,1.0,9.148528557068868,0.8606222291449438,18.2594514247754,23.93344999643545
D,15,15,120,log,1.5,0.5,0.0,449.4043443072434,0.8695308296241265,63.295673792346676,69.0629528999258
D,15,15,120,log,1.5,0.5,0.5,265.03169573504994,0.858867050032608,56.54540234316587,62.3706484459758
D,15,15,120,log,1.5,0.5,1.0,79.62592467692124,0.833757746388682,40.32376180733093,46.71320101787371
D,15,15,125,log,0.1,0.0,0.0,6.043103288064781,0.8585438164756569,13.012331711918591,18.47000867475149
D,15,15,125,log,0.1,0.0,0.5,6.043103288064781,0.8585438164756569,13.012331711918591,18.47000867475149
D,15,15,125,log,0.1,0.0,1.0,6.043103288064781,0.8585438164756569,13.012331711918591,18.47000867475149
D,15,15,125,log,0.1,0.1,0.0,6.55279425342992,0.8598568088163153,14.133446916676405,19.785839559855866
D,15,15,125,log,0.1,0.1,0.5,6.245033447769633,0.8598495599443412,13.674769488392561,19.22630174938471
D,15,15,125,log,0.1,0.1,1.0,6.0412524877884515,0.8595820086017628,13.275134495879456,18.734060445045465
D,15,15,125,log,0.1,0.5,0.0,13.599716497742227,0.8617322716090936,20.479982259210374,26.82902527511364
D,15,15,125,log,0.1,0.5,0.5,9.309930414521109,0.8616570384835835,17.36029586586412,23.425395174967598
D,15,15,125,log,0.1,0.5,1.0,6.694572621895358,0.8592989511363621,14.763495775537706,20.36593720262192
D,15,15,125,log,0.5,0.0,0.0,6.249458156767835,0.857366849054036,12.984825729441596,18.617682332238225
D,15,15,125,log,0.5,0.0,0.5,6.249458156767835,0.857366849054036,12.984825729441596,18.617682332238225
D,15,15,125,log,0.5,0.0,1.0,6.249458156767835,0.857366849054036,12.984825729441596,18.617682332238225
D,15,15,125,log,0.5,0.1,0.0,12.666872812461921,0.8606331990936209,19.539448175825108,26.012945712665232
D,15,15,125,log,0.5,0.1,0.5,9.071581207943296,0.860368440328064,16.815537480059145,23.00475220628552
D,15,15,125,log,0.5,0.1,1.0,6.814338696637099,0.858362195832779,14.527848718152978,20.29183112626536
D,15,15,125,log,0.5,0.5,0.0,109.99057799502347,0.8615601173157497,44.53795517097565,50.43818021530891
D,15,15,125,log,0.5,0.5,0.5,55.271384223109735,0.8588863539788221,35.88749978113744,42.12880641335223
D,15,15,125,log,0.5,0.5,1.0,18.951676897726202,0.8395802040113265,23.194251228066314,30.121857659406224
D,15,15,125,log,1.0,0.0,0.0,6.295278674276543,0.8571451642744579,12.981427381356838,18.648318388153253
D,15,15,125,log,1.0,0.0,0.5,6.295278674276543,0.8571451642744579,12.981427381356838,18.648318388153253
D,15,15,125,log,1.0,0.0,1.0,6.295278674276543,0.8571451642744579,12.981427381356838,18.648318388153253
D,15,15,125,log,1.0,0.1,0.0,26.738092316203147,0.860991783628054,27.08802306601313,33.65595038803783
D,15,15,125,log,1.0,0.1,0.5,15.532427401835852,0.860508068980492,21.59365980389682,28.16384096289636
D,15,15,125,log,1.0,0.1,1.0,8.385096240177472,0.8564040891794462,16.422883988795768,22.50364855621789
D,15,15,125,log,1.0,0.5,0.0,325.0627451040872,0.8614918274620018,58.001233952075175,63.96911278632979
D,15,15,125,log,1.0,0.5,0.5,173.79909191408046,0.8549033638320497,49.96124075708307,56.05817116605624
D,15,15,125,log,1.0,0.5,1.0,49.476138136754074,0.8329171853935351,33.0795101807304,40.04959302800826
D,15,15,125,log,1.5,0.0,0.0,6.312575305688852,0.8570366893622076,12.979949714778584,18.65940607357923
D,15,15,125,log,1.5,0.0,0.5,6.312575305688852,0.8570366893622076,12.979949714778584,18.65940607357923
D,15,15,125,log,1.5,0.0,1.0,6.312575305688852,0.8570366893622076,12.979949714778584,18.65940607357923
D,15,15,125,log,1.5,0.1,0.0,47.22437276662891,0.8610046501760209,33.840811935280556,40.147724835121025
D,15,15,125,log,1.5,0.1,0.5,25.062227733851618,0.8600430211460252,26.530060029599138,33.120385558142935
D,15,15,125,log,1.5,0.1,1.0,10.789938224701457,0.8525588972337573,18.477621887679383,24.917666133434807
D,15,15,125,log,1.5,0.5,0.0,580.8645147345595,0.8614529619118967,64.90532126850364,71.11281929795601
D,15,15,125,log,1.5,0.5,0.5,338.1495553450661,0.8514740845861585,57.97745587305936,64.24816360609387
D,15,15,125,log,1.5,0.5,1.0,99.16345539291738,0.8266982598781321,41.28214667226543,48.1812097583029
D,15,15,130,log,0.1,0.0,0.0,6.100504713285729,0.8578756017450571,12.577283630659377,18.067286272461615
D,15,15,130,log,0.1,0.0,0.5,6.100504713285729,0.8578756017450571,12.577283630659377,18.067286272461615
D,15,15,130,log,0.1,0.0,1.0,6.100504713285729,0.8578756017450571,12.577283630659377,18.067286272461615
D,15,15,130,log,0.1,0.1,0.0,6.358310727078765,0.859175108845597,13.567803236263625,19.215043546037016
D,15,15,130,log,0.1,0.1,0.5,6.134722663168673,0.8590743844790673,13.152522879682547,18.71065786691873
D,15,15,130,log,0.1,0.1,1.0,6.032373421302687,0.8586183138443207,12.805878432239743,18.287348557218447
D,15,15,130,log,0.1,0.5,0.0,12.481047539294284,0.8616286730938189,19.49881574925673,25.874888746341867
D,15,15,130,log,0.1,0.5,0.5,8.622764182108082,0.8612542070436946,16.53006768815422,22.584493824452995
D,15,15,130,log,0.1,0.5,1.0,6.4238439455773975,0.8587468466542159,14.152532241388508,19.727993190720518
D,15,15,130,log,0.5,0.0,0.0,6.296543068454096,0.8567238445306057,12.572538808137674,18.22550570604137
D,15,15,130,log,0.5,0.0,0.5,6.296543068454096,0.8567238445306057,12.572538808137674,18.22550570604137
D,15,15,130,log,0.5,0.0,1.0,6.296543068454096,0.8567238445306057,12.572538808137674,18.22550570604137
D,15,15,130,log,0.5,0.1,0.0,11.67364286368009,0.860495876267894,18.637193139766662,25.120615785665247
D,15,15,130,log,0.5,0.1,0.5,8.455981448028666,0.8600074442777977,16.05645849461421,22.228735440882126
D,15,15,130,log,0.5,0.1,1.0,6.560596994824083,0.8577730182896908,13.96236099833269,19.699899356315743
D,15,15,130,log,0.5,0.5,0.0,102.74493490957661,0.8616243628448487,43.55734054435861,49.47835029257381
D,15,15,130,log,0.5,0.5,0.5,51.03585180632213,0.8589276676640669,34.7357921412229,41.058131134288544
D,15,15,130,log,0.5,0.5,1.0,17.254772162809132,0.840088219684592,22.16939529974136,29.13690616415218
D,15,15,130,log,1.0,0.0,0.0,6.340748610485851,0.856485513483676,12.573515886222816,18.25831769385248
D,15,15,130,log,1.0,0.0,0.5,6.340748610485851,0.856485513483676,12.573515886222816,18.25831769385248
D,15,15,130,log,1.0,0.0,1.0,6.340748610485851,0.856485513483676,12.573515886222816,18.25831769385248
D,15,15,130,log,1.0,0.1,0.0,24.60996200406478,0.860986575736835,25.982343591061476,32.62813828772933
D,15,15,130,log,1.0,0.1,0.5,14.248861120329797,0.8602988909888254,20.598775512860065,27.20597984626796
D,15,15,130,log,1.0,0.1,1.0,7.857430459227521,0.8559456455151967,15.742170774072443,21.763377265540885
D,15,15,130,log,1.0,0.5,0.0,308.1285448566556,0.8615284719323958,57.31845268506677,63.243181910097306
D,15,15,130,log,1.0,0.5,0.5,162.87386820524694,0.855072721891543,49.08512344347863,55.16135601371915
D,15,15,130,log,1.0,0.5,1.0,45.4063383140444,0.8331536133007702,31.84246389548887,38.933148172752894
D,15,15,130,log,1.5,0.0,0.0,6.357751199004722,0.8564085655645393,12.573685097413627,18.270295114091677
D,15,15,130,log,1.5,0.0,0.5,6.357751199004722,0.8564085655645393,12.573685097413627,18.270295114091677
D,15,15,130,log,1.5,0.0,1.0,6.357751199004722,0.8564085655645393,12.573685097413627,18.270295114091677
D,15,15,130,log,1.5,0.1,0.0,43.7087055334098,0.8610248038925343,32.7125455691379,39.10827592977405
D,15,15,130,log,1.5,0.1,0.5,22.995046981825368,0.8599565459609242,25.406242240621832,32.08033203998448
D,15,15,130,log,1.5,0.1,1.0,9.958226519791491,0.8523025992761463,17.68903887085306,24.076307436060734
D,15,15,130,log,1.5,0.5,0.0,555.3453619957791,0.8614918946947292,64.37317870021442,70.53024018839842
D,15,15,130,log,1.5,0.5,0.5,319.88455166515143,0.8517764893738728,57.28037467556275,63.50386692469451
D,15,15,130,log,1.5,0.5,1.0,91.8223187128228,0.8270814780015643,40.14886078565202,47.094514272598154
D,15,20,115,log,0.1,0.0,0.0,4.705122730152834,0.8760715163548813,13.491840238612323,17.21022941354491
D,15,20,115,log,0.1,0.0,0.5,4.705122730152834,0.8760715163548813,13.491840238612323,17.21022941354491
D,15,20,115,log,0.1,0.0,1.0,4.705122730152834,0.8760715163548813,13.491840238612323,17.21022941354491
D,15,20,115,log,0.1,0.1,0.0,5.017794561849562,0.8767471149341366,14.289864695057023,18.359885666262567
D,15,20,115,log,0.1,0.1,0.5,4.778944765207642,0.8770545268027545,13.923818109116814,17.837846886279838
D,15,20,115,log,0.1,0.1,1.0,4.635112675723056,0.8771978316409914,13.629518160366061,17.38758028370399
D,15,20,115,log,0.1,0.5,0.0,9.84274079746798,0.8775263108820693,19.7103568868989,24.918878809642873
D,15,20,115,log,0.1,0.5,0.5,6.852384009095433,0.8779530933245152,16.927759409607237,21.675418123571255
D,15,20,115,log,0.1,0.5,1.0,5.052795526480226,0.876321988690429,14.759791075197802,18.81565410646105
D,15,20,115,log,0.5,0.0,0.0,4.869531571919495,0.8751621651532936,13.569983579701523,17.388571980527683
D,15,20,115,log,0.5,0.0,0.5,4.869531571919495,0.8751621651532936,13.569983579701523,17.388571980527683
D,15,20,115,log,0.5,0.0,1.0,4.869531571919495,0.8751621651532936,13.569983579701523,17.388571980527683
D,15,20,115,log,0.5,0.1,0.0,9.143859164798144,0.8766617594600014,18.858781638266883,24.101446728244685
D,15,20,115,log,0.5,0.1,0.5,6.6610155923916725,0.8770345679886316,16.501302778180065,21.264469288742607
D,15,20,115,log,0.5,0.1,1.0,5.136534935618681,0.8758397916331608,14.642810070516745,18.767847115018633
D,15,20,115,log,0.5,0.5,0.0,71.83729676844084,0.8772272032585976,42.226153027129314,47.28992976234649
D,15,20,115,log,0.5,0.5,0.5,37.13975613068163,0.8744955754646702,34.03929892659441,39.385078072065504
D,15,20,115,log,0.5,0.5,1.0,13.307474156666283,0.8537752712056674,22.141581364267104,27.94178753314815
D,15,20,115,log,1.0,0.0,0.0,4.90490891406869,0.8748937919999278,13.586731866173341,17.424709086029022
D,15,20,115,log,1.0,0.0,0.5,4.90490891406869,0.8748937919999278,13.586731866173341,17.424709086029022
D,15,20,115,log,1.0,0.0,1.0,4.90490891406869,0.8748937919999278,13.586731866173341,17.424709086029022
D,15,20,115,log,1.0,0.1,0.0,18.579524159562833,0.8767023459052913,25.74046348261445,31.307781965967006
D,15,20,115,log,1.0,0.1,0.5,11.020285534194626,0.8766981294424647,20.681903151261018,26.087357750492867
D,15,20,115,log,1.0,0.1,1.0,6.195872731546624,0.8730400478147043,16.225114364218477,20.784258937955126
D,15,20,115,log,1.0,0.5,0.0,200.6651856592228,0.877188373803232,55.00901452002874,60.12893308270569
D,15,20,115,log,1.0,0.5,0.5,110.46003508703407,0.8700649719685243,47.40123550958964,52.62537563981603
D,15,20,115,log,1.0,0.5,1.0,33.02906394848223,0.8475286801549865,31.424887750147587,37.41072023834075
D,15,20,115,log,1.5,0.0,0.0,4.918257156751169,0.8747997057649876,13.592752061667653,17.437890956398043
D,15,20,115,log,1.5,0.0,0.5,4.918257156751169,0.8747997057649876,13.592752061667653,17.437890956398043
D,15,20,115,log,1.5,0.0,1.0,4.918257156751169,0.8747997057649876,13.592752061667653,17.437890956398043
D,15,20,115,log,1.5,0.1,0.0,31.9704719692656,0.8767083248868734,32.059329250867194,37.46567659505165
D,15,20,115,log,1.5,0.1,0.5,17.384268703317968,0.8759680557100591,25.212855250566236,30.781215546067394
D,15,20,115,log,1.5,0.1,1.0,7.824813122269774,0.8682736756053464,17.973593433902714,23.028580886553875
D,15,20,115,log,1.5,0.5,0.0,347.42145797677966,0.8771782971229782,61.57642487614468,66.91129429323419
D,15,20,115,log,1.5,0.5,0.5,207.71027638448678,0.8662037004347616,55.016665015568535,60.4057372318094
D,15,20,115,log,1.5,0.5,1.0,64.06466628446401,0.841110055285396,39.30284181570863,45.19146197912552
D,15,20,120,log,0.1,0.0,0.0,5.334080333056664,0.8676716240750872,13.282850727004055,17.732348759220386
D,15,20,120,log,0.1,0.0,0.5,5.334080333056664,0.8676716240750872,13.282850727004055,17.732348759220386
D,15,20,120,log,0.1,0.0,1.0,5.334080333056664,0.8676716240750872,13.282850727004055,17.732348759220386
D,15,20,120,log,0.1,0.1,0.0,5.724479913330113,0.8684672331510719,14.245605680480262,18.991394245964095
D,15,20,120,log,0.1,0.1,0.5,5.429635090724833,0.8689348967440118,13.824137261554759,18.431371558170788
D,15,20,120,log,0.1,0.1,1.0,5.252874969028248,0.8688309185013324,13.476386464181719,17.946614789869784
D,15,20,120,log,0.1,0.5,0.0,11.562012088893999,0.8697789268826867,20.13285457493125,25.859947160583136
D,15,20,120,log,0.1,0.5,0.5,7.952715903002601,0.8701037419597805,17.176893531000903,22.504970588744037
D,15,20,120,log,0.1,0.5,1.0,5.778021578976491,0.8681728274929986,14.78885842593155,19.50731646030814
D,15,20,120,log,0.5,0.0,0.0,5.517447658013056,0.8665007265153427,13.306291021550573,17.889856310266794
D,15,20,120,log,0.5,0.0,0.5,5.517447658013056,0.8665007265153427,13.306291021550573,17.889856310266794
D,15,20,120,log,0.5,0.0,1.0,5.517447658013056,0.8665007265153427,13.306291021550573,17.889856310266794
D,15,20,120,log,0.5,0.1,0.0,10.755872211803595,0.8688383884642394,19.236376246020694,25.03865020017352
D,15,20,120,log,0.5,0.1,0.5,7.735985898050996,0.869085067360348,16.690033286484187,22.079586720030097
D,15,20,120,log,0.5,0.1,1.0,5.875413645477598,0.8675047387853588,14.605656393027521,19.43702589782698
D,15,20,120,log,0.5,0.5,0.0,88.8911354267726,0.8695258400743485,43.418423387031396,48.894894817276395
D,15,20,120,log,0.5,0.5,0.5,45.25570916448696,0.8668199627570218,34.99515326900794,40.77816404696504
D,15,20,120,log,0.5,0.5,1.0,15.852892991624824,0.8464826364356813,22.706708224908645,29.03068969908177
D,15,20,120,log,1.0,0.0,0.0,5.557568059034323,0.8662081268540913,13.31195777938676,17.922107461904012
D,15,20,120,log,1.0,0.0,0.5,5.557568059034323,0.8662081268540913,13.31195777938676,17.922107461904012
D,15,20,120,log,1.0,0.0,1.0,5.557568059034323,0.8662081268540913,13.31195777938676,17.922107461904012
D,15,20,120,log,1.0,0.1,0.0,22.28791920790407,0.8689829113513209,26.449058481025936,32.49257276036681
D,15,20,120,log,1.0,0.1,0.5,13.04965898052896,0.8687910145955502,21.16895944086422,27.109358466328683
D,15,20,120,log,1.0,0.1,1.0,7.167119387549302,0.8649624140792804,16.355296772123964,21.579917566344246
D,15,20,120,log,1.0,0.5,0.0,255.48474993831528,0.8694780852153023,56.55349702690283,62.09244706748408
D,15,20,120,log,1.0,0.5,0.5,138.49511539303197,0.8625427359780531,48.72245582427924,54.37754306272781
D,15,20,120,log,1.0,0.5,1.0,40.36678500814624,0.840078428417056,32.27533288847293,38.74863588800095
D,15,20,120,log,1.5,0.0,0.0,5.572707804759751,0.8661617397242118,13.31376398515224,17.933822098293817
D,15,20,120,log,1.5,0.0,0.5,5.572707804759751,0.8661617397242118,13.31376398515224,17.933822098293817
D,15,20,120,log,1.5,0.0,1.0,5.572707804759751,0.8661617397242118,13.31376398515224,17.933822098293817
D,15,20,120,log,1.5,0.1,0.0,38.85580058824614,0.8689891165345488,32.98227247980981,38.82805946891303
D,15,20,120,log,1.5,0.1,0.5,20.837213745066293,0.868171694424022,25.90173424099309,31.95466581939071
D,15,20,120,log,1.5,0.1,1.0,9.148528557068868,0.8606222291449438,18.2594514247754,23.93344999643545
D,15,20,120,log,1.5,0.5,0.0,449.5002943627552,0.8694644762740561,63.29532983932039,69.06210416644798
D,15,20,120,log,1.5,0.5,0.5,265.03169573504994,0.858867050032608,56.54540234316587,62.3706484459758
D,15,20,120,log,1.5,0.5,1.0,79.62592467692124,0.833757746388682,40.32376180733093,46.71320101787371
D,15,20,125,log,0.1,0.0,0.0,6.135590320877669,0.8583188587268674,13.02251295059881,18.49359349562358
D,15,20,125,log,0.1,0.0,0.5,6.135590320877669,0.8583188587268674,13.02251295059881,18.49359349562358
D,15,20,125,log,0.1,0.0,1.0,6.135590320877669,0.8583188587268674,13.02251295059881,18.49359349562358
D,15,20,125,log,0.1,0.1,0.0,6.621923468406521,0.8596784482109138,14.146881073539607,19.8099171304066
D,15,20,125,log,0.1,0.1,0.5,6.264646602481354,0.8597945425966363,13.675522245670503,19.232315362842048
D,15,20,125,log,0.1,0.1,1.0,6.0412524877884515,0.8595820086017628,13.275134495879456,18.734060445045465
D,15,20,125,log,0.1,0.5,0.0,13.65615037379435,0.8615732145553178,20.48856638484898,26.845350564177693
D,15,20,125,log,0.1,0.5,0.5,9.309930414521109,0.8616570384835835,17.36029586586412,23.425395174967598
D,15,20,125,log,0.1,0.5,1.0,6.694572621895358,0.8592989511363621,14.763495775537706,20.36593720262192
D,15,20,125,log,0.5,0.0,0.0,6.344446366773632,0.8572641725911181,12.995589911912614,18.643383192194005
D,15,20,125,log,0.5,0.0,0.5,6.344446366773632,0.8572641725911181,12.995589911912614,18.643383192194005
D,15,20,125,log,0.5,0.0,1.0,6.344446366773632,0.8572641725911181,12.995589911912614,18.643383192194005
D,15,20,125,log,0.5,0.1,0.0,12.728584100362244,0.8604846438689722,19.555574182528655,26.034056061588124
D,15,20,125,log,0.5,0.1,0.5,9.0715812079433,0.860368440328064,16.815537480059145,23.004752206285524
D,15,20,125,log,0.5,0.1,1.0,6.814338696637099,0.858362195832779,14.527848718152978,20.291831126265368
D,15,20,125,log,0.5,0.5,0.0,110.13064064456432,0.8614326137036779,44.537189242363375,50.43909703849412
D,15,20,125,log,0.5,0.5,0.5,55.271384223109735,0.8588863539788221,35.88749978113744,42.12880641335223
D,15,20,125,log,0.5,0.5,1.0,18.951676897726202,0.8395802040113265,23.194251228066314,30.121857659406224
D,15,20,125,log,1.0,0.0,0.0,6.390850356204888,0.8570046559797777,12.992538500482846,18.674561540621333
D,15,20,125,log,1.0,0.0,0.5,6.390850356204888,0.8570046559797777,12.992538500482846,18.674561540621333
D,15,20,125,log,1.0,0.0,1.0,6.390850356204888,0.8570046559797777,12.992538500482846,18.674561540621333
D,15,20,125,log,1.0,0.1,0.0,26.814319831777016,0.8608362309587682,27.09014803680015,33.6673172365859
D,15,20,125,log,1.0,0.1,0.5,15.532427401835852,0.860508068980492,21.59365980389682,28.16384096289636
D,15,20,125,log,1.0,0.1,1.0,8.385096240177472,0.8564040891794462,16.422883988795768,22.50364855621789
D,15,20,125,log,1.0,0.5,0.0,325.24493462576277,0.8613803793081438,58.00070802034094,63.96862626034001
D,15,20,125,log,1.0,0.5,0.5,173.79909191408046,0.8549033638320497,49.96124075708307,56.05817116605624
D,15,20,125,log,1.0,0.5,1.0,49.476138136754074,0.8329171853935351,33.0795101807304,40.04959302800826
D,15,20,125,log,1.5,0.0,0.0,6.408469145828747,0.8569163510244511,12.99113180533593,18.6858618327891
D,15,20,125,log,1.5,0.0,0.5,6.408469145828747,0.8569163510244511,12.99113180533593,18.6858618327891
D,15,20,125,log,1.5,0.0,1.0,6.408469145828747,0.8569163510244511,12.99113180533593,18.6858618327891
D,15,20,125,log,1.5,0.1,0.0,47.32463246263369,0.8608566881995587,33.84282714260022,40.1538662140711
D,15,20,125,log,1.5,0.1,0.5,25.06222773385167,0.8600430211460252,26.53006002959915,33.12038555814296
D,15,20,125,log,1.5,0.1,1.0,10.789938224701466,0.8525588972337573,18.47762188767939,24.917666133434814
D,15,20,125,log,1.5,0.5,0.0,581.0395638828912,0.8613664852654239,64.90506414702267,71.11216352589904
D,15,20,125,log,1.5,0.5,0.5,338.1495553450661,0.8514740845861585,57.97745587305936,64.24816360609387
D,15,20,125,log,1.5,0.5,1.0,99.16345539291738,0.8266982598781321,41.28214667226543,48.1812097583029
D,15,20,130,log,0.1,0.0,0.0,6.203467526665561,0.8576637392682807,12.586616781181814,18.091261452228036
D,15,20,130,log,0.1,0.0,0.5,6.203467526665561,0.8576637392682807,12.586616781181814,18.091261452228036
D,15,20,130,log,0.1,0.0,1.0,6.203467526665561,0.8576637392682807,12.586616781181814,18.091261452228036
D,15,20,130,log,0.1,0.1,0.0,6.446141940252394,0.8590300018323159,13.581303283668797,19.24079075926138
D,15,20,130,log,0.1,0.1,0.5,6.159988356510926,0.8590515465422406,13.153599478419636,18.717662152474965
D,15,20,130,log,0.1,0.1,1.0,6.032373421302687,0.8586183138443207,12.805878432239743,18.287348557218447
D,15,20,130,log,0.1,0.5,0.0,12.542915908575239,0.8614920578585924,19.512947574712577,25.89446018685494
D,15,20,130,log,0.1,0.5,0.5,8.622764182108082,0.8612542070436946,16.53006768815422,22.584493824452995
D,15,20,130,log,0.1,0.5,1.0,6.4238439455773975,0.8587468466542159,14.152532241388508,19.727993190720518
D,15,20,130,log,0.5,0.0,0.0,6.394603949439805,0.8564467407439583,12.58185602187786,18.250925156644673
D,15,20,130,log,0.5,0.0,0.5,6.394603949439805,0.8564467407439583,12.58185602187786,18.250925156644673
D,15,20,130,log,0.5,0.0,1.0,6.394603949439805,0.8564467407439583,12.58185602187786,18.250925156644673
D,15,20,130,log,0.5,0.1,0.0,11.741093669181316,0.860333236769476,18.65635538663776,25.144679552873143
D,15,20,130,log,0.5,0.1,0.5,8.455981448028675,0.8600074442777977,16.056458494614215,22.22873544088214
D,15,20,130,log,0.5,0.1,1.0,6.560596994824086,0.8577730182896908,13.962360998332695,19.699899356315747
D,15,20,130,log,0.5,0.5,0.0,102.88886036403437,0.8614822444777743,43.55770072143696,49.480178503026835
D,15,20,130,log,0.5,0.5,0.5,51.03585180632213,0.8589276676640669,34.7357921412229,41.058131134288544
D,15,20,130,log,0.5,0.5,1.0,17.254772162809132,0.840088219684592,22.16939529974136,29.13690616415218
D,15,20,130,log,1.0,0.0,0.0,6.437812456215843,0.856112737202951,12.582665576128708,18.284174888233434
D,15,20,130,log,1.0,0.0,0.5,6.437812456215843,0.856112737202951,12.582665576128708,18.284174888233434
D,15,20,130,log,1.0,0.0,1.0,6.437812456215843,0.856112737202951,12.582665576128708,18.284174888233434
D,15,20,130,log,1.0,0.1,0.0,24.68639430429622,0.8608589133010629,25.986928293512733,32.64189954836486
D,15,20,130,log,1.0,0.1,0.5,14.248861120329801,0.8602988909888254,20.598775512860065,27.20597984626796
D,15,20,130,log,1.0,0.1,1.0,7.857430459227521,0.8559456455151967,15.742170774072443,21.763377265540885
D,15,20,130,log,1.0,0.5,0.0,308.32118657655025,0.861417230262252,57.318144257929546,63.243100879402746
D,15,20,130,log,1.0,0.5,0.5,162.87386820524694,0.855072721891543,49.08512344347863,55.16135601371915
D,15,20,130,log,1.0,0.5,1.0,45.4063383140444,0.8331536133007702,31.84246389548887,38.933148172752894
D,15,20,130,log,1.5,0.0,0.0,6.4542728395281355,0.8560190044080119,12.58278058270103,18.296304557037253
D,15,20,130,log,1.5,0.0,0.5,6.4542728395281355,0.8560190044080119,12.58278058270103,18.296304557037253
D,15,20,130,log,1.5,0.0,1.0,6.4542728395281355,0.8560190044080119,12.58278058270103,18.296304557037253
D,15,20,130,log,1.5,0.1,0.0,43.809145798635676,0.8608903432641337,32.71587333197262,39.11595296629105
D,15,20,130,log,1.5,0.1,0.5,22.995046981825375,0.8599565459609242,25.40624224062183,32.08033203998448
D,15,20,130,log,1.5,0.1,1.0,9.958226519791491,0.8523025992761463,17.68903887085306,24.076307436060738
D,15,20,130,log,1.5,0.5,0.0,555.5370088360859,0.8613977209885559,64.37312798578748,70.52988074228749
D,15,20,130,log,1.5,0.5,0.5,319.88455166515143,0.8517764893738728,57.28037467556275,63.50386692469451
D,15,20,130,log,1.5,0.5,1.0,91.8223187128228,0.8270814780015643,40.14886078565202,47.094514272598154
D,20,10,115,log,0.1,0.0,0.0,3.785536385988677,0.8859125907699514,12.404361065376557,15.889121545157058
D,20,10,115,log,0.1,0.0,0.5,3.785536385988677,0.8859125907699514,12.404361065376557,15.889121545157058
D,20,10,115,log,0.1,0.0,1.0,3.785536385988677,0.8859125907699514,12.404361065376557,15.889121545157058
D,20,10,115,log,0.1,0.1,0.0,4.075039969303696,0.8864249049284023,13.143677265162898,17.027817651177408
D,20,10,115,log,0.1,0.1,0.5,3.887729175792729,0.886701501153088,12.800668980970551,16.519313298392838
D,20,10,115,log,0.1,0.1,1.0,3.770479339586811,0.8866738665128013,12.527607531719621,16.08164262656158
D,20,10,115,log,0.1,0.5,0.0,8.405267135849348,0.8872413532558596,18.70521587813909,23.7564222946342
D,20,10,115,log,0.1,0.5,0.5,5.80253621678984,0.8877871546563132,15.791833639610795,20.428569863426638
D,20,10,115,log,0.1,0.5,1.0,4.190251811545708,0.8861120395897352,13.556031550329104,17.503693883741725
D,20,10,115,log,0.5,0.0,0.0,3.922443230266734,0.8848576163420487,12.4990221104187,16.078126257788135
D,20,10,115,log,0.5,0.0,0.5,3.922443230266734,0.8848576163420487,12.4990221104187,16.078126257788135
D,20,10,115,log,0.5,0.0,1.0,3.922443230266734,0.8848576163420487,12.4990221104187,16.078126257788135
D,20,10,115,log,0.5,0.1,0.0,7.769174903360151,0.8862726235502716,17.858512889988774,22.93253052104609
D,20,10,115,log,0.5,0.1,0.5,5.623445988150719,0.8865175041095771,15.382164763573837,20.0254946684535
D,20,10,115,log,0.5,0.1,1.0,4.270378494602516,0.8851700611241486,13.482730016978831,17.484955359257857
D,20,10,115,log,0.5,0.5,0.0,65.26049162748336,0.8867164582048636,41.69702974537337,46.521874658695154
D,20,10,115,log,0.5,0.5,0.5,33.5330694476674,0.8847649005032997,33.28653772998664,38.46881351940849
D,20,10,115,log,0.5,0.5,1.0,11.530285133550365,0.8707060950678696,20.876117817343715,26.658632957782647
D,20,10,115,log,1.0,0.0,0.0,3.9532222111704356,0.8846410608111743,12.520200311001123,16.118614485334902
D,20,10,115,log,1.0,0.0,0.5,3.9532222111704356,0.8846410608111743,12.520200311001123,16.118614485334902
D,20,10,115,log,1.0,0.0,1.0,3.9532222111704356,0.8846410608111743,12.520200311001123,16.118614485334902
D,20,10,115,log,1.0,0.1,0.0,16.289580597806076,0.8861846613446275,25.021645015936105,30.347483793942484
D,20,10,115,log,1.0,0.1,0.5,9.59294660356515,0.8860456757108734,19.68347255219844,24.983536678978798
D,20,10,115,log,1.0,0.1,1.0,5.272395763478625,0.8832062875282102,15.014790879956672,19.52286155210497
D,20,10,115,log,1.0,0.5,0.0,186.64096108978634,0.8866518273475033,54.370528455442084,59.402922666081814
D,20,10,115,log,1.0,0.5,0.5,101.6855026426762,0.8815395465761551,46.67987611405485,51.758496034241944
D,20,10,115,log,1.0,0.5,1.0,31.415957558589476,0.8505686024942991,30.649306232436192,36.69599569150559
D,20,10,115,log,1.5,0.0,0.0,3.9648804893468252,0.8845710212466162,12.52809933053174,16.13360387743837
D,20,10,115,log,1.5,0.0,0.5,3.9648804893468252,0.8845710212466162,12.52809933053174,16.13360387743837
D,20,10,115,log,1.5,0.0,1.0,3.9648804893468252,0.8845710212466162,12.52809933053174,16.13360387743837
D,20,10,115,log,1.5,0.1,0.0,28.53457430272139,0.8861613558088072,31.50424413573483,36.631577608848325
D,20,10,115,log,1.5,0.1,0.5,15.415923644944604,0.885469783175856,24.33600995905825,29.780790581502004
D,20,10,115,log,1.5,0.1,1.0,6.751972277742416,0.8802005862407197,16.764517208546543,21.76826964553752
D,20,10,115,log,1.5,0.5,0.0,326.7609103086526,0.8866310001651211,60.87579268422271,66.18451005431004
D,20,10,115,log,1.5,0.5,0.5,193.03326801490644,0.8787689859980505,54.26792354826934,59.54862952809394
D,20,10,115,log,1.5,0.5,1.0,59.11651377730906,0.850272549150807,38.68749563586073,44.406588459177534
D,20,10,120,log,0.1,0.0,0.0,4.208258105472153,0.8774573656964606,12.173637424215539,16.328218799312538
D,20,10,120,log,0.1,0.0,0.5,4.208258105472153,0.8774573656964606,12.173637424215539,16.328218799312538
D,20,10,120,log,0.1,0.0,1.0,4.208258105472153,0.8774573656964606,12.173637424215539,16.328218799312538
D,20,10,120,log,0.1,0.1,0.0,4.57787594046859,0.8781973255736599,13.09095346379471,17.590232644305445
D,20,10,120,log,0.1,0.1,0.5,4.344917030411927,0.878266022292706,12.694134713321683,17.03863604659583
D,20,10,120,log,0.1,0.1,1.0,4.190584436595882,0.8780418294775192,12.354076619491073,16.550921644683648
D,20,10,120,log,0.1,0.5,0.0,9.746709413760904,0.8794811371055589,19.108332418346222,24.636688055917457
D,20,10,120,log,0.1,0.5,0.5,6.649932392881804,0.8796414658589009,16.03183802431732,21.195635782998878
D,20,10,120,log,0.1,0.5,1.0,4.723914005314904,0.8777202169865959,13.58209113024611,18.125965903605607
D,20,10,120,log,0.5,0.0,0.0,4.360645336826906,0.8763011363043647,12.217065639423073,16.4987114994263
D,20,10,120,log,0.5,0.0,0.5,4.360645336826906,0.8763011363043647,12.217065639423073,16.4987114994263
D,20,10,120,log,0.5,0.0,1.0,4.360645336826906,0.8763011363043647,12.217065639423073,16.4987114994263
D,20,10,120,log,0.5,0.1,0.0,9.020772930654307,0.8783758778742694,18.233827795024652,23.813459181497
D,20,10,120,log,0.5,0.1,0.5,6.447554035548566,0.878175489895073,15.57575047300703,20.781108069755895
D,20,10,120,log,0.5,0.1,1.0,4.8131668182725225,0.8766029702431307,13.447493651415448,18.086902617901053
D,20,10,120,log,0.5,0.5,0.0,80.04136191311976,0.8789442506937419,42.85212711990708,48.07253478887337
D,20,10,120,log,0.5,0.5,0.5,40.50450793340808,0.8767809591127745,34.20204400213625,39.80661143018892
D,20,10,120,log,0.5,0.5,1.0,13.596480642756395,0.8632224027419124,21.37473687146373,27.66385534663893
D,20,10,120,log,1.0,0.0,0.0,4.395319057052069,0.8759614952162817,12.22909456592575,16.536235504585203
D,20,10,120,log,1.0,0.0,0.5,4.395319057052069,0.8759614952162817,12.22909456592575,16.536235504585203
D,20,10,120,log,1.0,0.0,1.0,4.395319057052069,0.8759614952162817,12.22909456592575,16.536235504585203
D,20,10,120,log,1.0,0.1,0.0,19.31816518056143,0.878371898871696,25.71301068632344,31.479998547860685
D,20,10,120,log,1.0,0.1,0.5,11.236346642269982,0.8779593134568964,20.15662451576552,25.95283905744381
D,20,10,120,log,1.0,0.1,1.0,6.027808229540886,0.8746387374905169,15.129118441730492,20.254411342602605
D,20,10,120,log,1.0,0.5,0.0,236.08929470682034,0.8788477980209874,55.86252155794923,61.30716056168346
D,20,10,120,log,1.0,0.5,0.5,126.63425826220582,0.8736418987332882,47.9538296229095,53.45045820225587
D,20,10,120,log,1.0,0.5,1.0,38.366015643715066,0.8428799408307859,31.447500513575562,37.99173659809545
D,20,10,120,log,1.5,0.0,0.0,4.408441836561533,0.8758817505696873,12.233541312652,16.550141979697237
D,20,10,120,log,1.5,0.0,0.5,4.408441836561533,0.8758817505696873,12.233541312652,16.550141979697237
D,20,10,120,log,1.5,0.0,1.0,4.408441836561533,0.8758817505696873,12.233541312652,16.550141979697237
D,20,10,120,log,1.5,0.1,0.0,34.325494270618705,0.8783399858523214,32.40195722867372,37.94396694434545
D,20,10,120,log,1.5,0.1,0.5,18.296528465681607,0.8773937864260712,24.99394368308363,30.902548442448996
D,20,10,120,log,1.5,0.1,1.0,7.820586439784694,0.8721021049923896,17.018151038101113,22.607702718406777
D,20,10,120,log,1.5,0.5,0.0,420.48034141996357,0.8788060231649023,62.53390997773147,68.27150198957455
D,20,10,120,log,1.5,0.5,0.5,244.92417220009787,0.8708948293728348,55.73930577433121,61.44783437489775
D,20,10,120,log,1.5,0.5,1.0,73.11335865027668,0.8425316360374782,39.661649868330116,45.870972533878
D,20,10,125,log,0.1,0.0,0.0,4.778510501428743,0.8684300987597888,11.902557987854712,17.03372744455613
D,20,10,125,log,0.1,0.0,0.5,4.778510501428743,0.8684300987597888,11.902557987854712,17.03372744455613
D,20,10,125,log,0.1,0.0,1.0,4.778510501428743,0.8684300987597888,11.902557987854712,17.03372744455613
D,20,10,125,log,0.1,0.1,0.0,5.2238129783805745,0.8694284243643903,12.992881609977434,18.34684724084478
D,20,10,125,log,0.1,0.1,0.5,4.94129976130233,0.8693754035378796,12.538810248409996,17.7748722925288
D,20,10,125,log,0.1,0.1,1.0,4.769247682848679,0.8691381061570068,12.145347385088872,17.280323440231705
D,20,10,125,log,0.1,0.5,0.0,11.368888715865191,0.8712596237588872,19.450120291735896,25.560546670029368
D,20,10,125,log,0.1,0.5,0.5,7.695762238299471,0.8710358900662865,16.21464806001872,22.05786675055602
D,20,10,125,log,0.1,0.5,1.0,5.41110001181007,0.8688590710184325,13.560033847724378,18.92591546197454
D,20,10,125,log,0.5,0.0,0.0,4.952352689337314,0.8671638447700076,11.899401124020375,17.197974484773816
D,20,10,125,log,0.5,0.0,0.5,4.952352689337314,0.8671638447700076,11.899401124020375,17.197974484773816
D,20,10,125,log,0.5,0.0,1.0,4.952352689337314,0.8671638447700076,11.899401124020375,17.197974484773816
D,20,10,125,log,0.5,0.1,0.0,10.544184832582687,0.8701200233144866,18.550257136473377,24.752627966895993
D,20,10,125,log,0.5,0.1,0.5,7.475516924987998,0.869423499531667,15.722395836916018,21.652643809480608
D,20,10,125,log,0.5,0.1,1.0,5.515186197590364,0.8675597086277269,13.366567647027859,18.882618291055486
D,20,10,125,log,0.5,0.5,0.0,98.34979016687141,0.8708397112512305,43.93197025224604,49.561849191743796
D,20,10,125,log,0.5,0.5,0.5,49.06857334207481,0.8686636787056111,35.05348782716679,41.10270654730061
D,20,10,125,log,0.5,0.5,1.0,16.118587480738267,0.8557846027291027,21.814573333666367,28.687370221218657
D,20,10,125,log,1.0,0.0,0.0,4.99285775578265,0.8669551384153109,11.903345698400063,17.234800257466553
D,20,10,125,log,1.0,0.0,0.5,4.99285775578265,0.8669551384153109,11.903345698400063,17.234800257466553
D,20,10,125,log,1.0,0.0,1.0,4.99285775578265,0.8669551384153109,11.903345698400063,17.234800257466553
D,20,10,125,log,1.0,0.1,0.0,22.99475458974131,0.8702412792560354,26.348408705700866,32.60258143721897
D,20,10,125,log,1.0,0.1,0.5,13.243948763865097,0.8696405463079863,20.575654191874918,26.956933368599824
D,20,10,125,log,1.0,0.1,1.0,6.985226004005753,0.8660306378806693,15.201862258105791,21.122520275822502
D,20,10,125,log,1.0,0.5,0.0,298.70458560368786,0.8707399703748129,57.25476246511208,63.12159995893243
D,20,10,125,log,1.0,0.5,0.5,157.89957817671026,0.8656692822376579,49.14333028354294,55.06969897900316
D,20,10,125,log,1.0,0.5,1.0,46.97728573780523,0.8355786140688386,32.201043260012874,39.24897451461918
D,20,10,125,log,1.5,0.0,0.0,5.008322457549873,0.866831044112492,11.904854516623208,17.248463990116413
D,20,10,125,log,1.5,0.0,0.5,5.008322457549873,0.866831044112492,11.904854516623208,17.248463990116413
D,20,10,125,log,1.5,0.0,1.0,5.008322457549873,0.866831044112492,11.904854516623208,17.248463990116413
D,20,10,125,log,1.5,0.1,0.0,41.40768092908545,0.8702225782908108,33.24031824387024,39.21908730613875
D,20,10,125,log,1.5,0.1,0.5,21.809542991310956,0.86913353307223,25.59906823063011,32.01845479958676
D,20,10,125,log,1.5,0.1,1.0,9.14163853074784,0.8635262770229992,17.216246120943904,23.531919550208606
D,20,10,125,log,1.5,0.5,0.0,540.6836066024249,0.8707038969715939,64.08001527301883,70.25443352009543
D,20,10,125,log,1.5,0.5,0.5,310.70974498459395,0.8630826305493088,57.11269708502833,63.25767837280076
D,20,10,125,log,1.5,0.5,1.0,90.60217250616917,0.8351889127833807,40.57250998228669,47.280730620805535
D,20,10,130,log,0.1,0.0,0.0,4.806700350908308,0.8680741476285331,11.499460063447945,16.654458500127568
D,20,10,130,log,0.1,0.0,0.5,4.806700350908308,0.8680741476285331,11.499460063447945,16.654458500127568
D,20,10,130,log,0.1,0.0,1.0,4.806700350908308,0.8680741476285331,11.499460063447945,16.654458500127568
D,20,10,130,log,0.1,0.1,0.0,5.040416795433499,0.8691055696993514,12.445659826440226,17.782629256978225
D,20,10,130,log,0.1,0.1,0.5,4.832445149585601,0.8690102600435567,12.044193579344306,17.27082002995777
D,20,10,130,log,0.1,0.1,1.0,4.742141198452487,0.8684870381160475,11.710996007071158,16.855239079385875
D,20,10,130,log,0.1,0.5,0.0,10.388523396995737,0.8712741418204916,18.48738502149675,24.602590278086033
D,20,10,130,log,0.1,0.5,0.5,7.086377699670379,0.8707291703451897,15.40640349434084,21.21522945829504
D,20,10,130,log,0.1,0.5,1.0,5.148934371581385,0.8684510934142938,12.9651725791221,18.29508194218526
D,20,10,130,log,0.5,0.0,0.0,4.981960654648114,0.8666929770947809,11.516519824074166,16.830687338768158
D,20,10,130,log,0.5,0.0,0.5,4.981960654648114,0.8666929770947809,11.516519824074166,16.830687338768158
D,20,10,130,log,0.5,0.0,1.0,4.981960654648114,0.8666929770947809,11.516519824074166,16.830687338768158
D,20,10,130,log,0.5,0.1,0.0,9.674169282289778,0.8699902339060035,17.658778291000548,23.853660302651047
D,20,10,130,log,0.5,0.1,0.5,6.928822642413147,0.8689859668802571,14.984815226848843,20.87587281899497
D,20,10,130,log,0.5,0.1,1.0,5.282705341450173,0.867244166202853,12.824563720470858,18.303171489991257
D,20,10,130,log,0.5,0.5,0.0,91.75445292414605,0.870938642468938,43.00035340473282,48.625443355607715
D,20,10,130,log,0.5,0.5,0.5,45.299024224056055,0.8686264186367756,33.94763111997511,40.05920887152759
D,20,10,130,log,0.5,0.5,1.0,14.644414072919457,0.8560710390103919,20.80582772447037,27.7015126305754
D,20,10,130,log,1.0,0.0,0.0,5.020812913088735,0.8663814328980607,11.523838810786149,16.86960368628072
D,20,10,130,log,1.0,0.0,0.5,5.020812913088735,0.8663814328980607,11.523838810786149,16.86960368628072
D,20,10,130,log,1.0,0.0,1.0,5.020812913088735,0.8663814328980607,11.523838810786149,16.86960368628072
D,20,10,130,log,1.0,0.1,0.0,21.104812092420303,0.8703009346984987,25.251513025378316,31.575232847721004
D,20,10,130,log,1.0,0.1,0.5,12.116403768709404,0.8694595787792945,19.6035175546456,26.005240319071323
D,20,10,130,log,1.0,0.1,1.0,6.508712501025379,0.8654421796477102,14.53541431195465,20.391317182520947
D,20,10,130,log,1.0,0.5,0.0,282.9949289603412,0.870829663792253,56.609539112422816,62.42153810626951
D,20,10,130,log,1.0,0.5,0.5,148.05067558192084,0.8656975679772897,48.311022812061836,54.20518748797754
D,20,10,130,log,1.0,0.5,1.0,43.30823921663746,0.8356433938113547,31.013410805008753,38.193602938528784
D,20,10,130,log,1.5,0.0,0.0,5.0353890557237415,0.8662662131576895,11.5265300686149,16.884072040653344
D,20,10,130,log,1.5,0.0,0.5,5.0353890557237415,0.8662662131576895,11.5265300686149,16.884072040653344
D,20,10,130,log,1.5,0.0,1.0,5.0353890557237415,0.8662662131576895,11.5265300686149,16.884072040653344
D,20,10,130,log,1.5,0.1,0.0,38.25102866275906,0.8702979971883673,32.15050592620517,38.19159498225163
D,20,10,130,log,1.5,0.1,0.5,19.983784610307914,0.8690096620806769,24.502517872883345,30.991575855390927
D,20,10,130,log,1.5,0.1,1.0,8.388549621859925,0.8631865490220056,16.434402216150545,22.688976540020565
D,20,10,130,log,1.5,0.5,0.0,516.8347412718797,0.8707806641310116,63.576622290972935,69.6943464220663
D,20,10,130,log,1.5,0.5,0.5,294.0943158364471,0.8632065238929206,56.449978024648985,62.54142197620304
D,20,10,130,log,1.5,0.5,1.0,84.09712626384065,0.8351889127833807,39.48348240971565,46.232088584520945
D,20,15,115,log,0.1,0.0,0.0,3.814317699119261,0.8854386130002767,12.421573432816052,15.922642414279844
D,20,15,115,log,0.1,0.0,0.5,3.814317699119261,0.8854386130002767,12.421573432816052,15.922642414279844
D,20,15,115,log,0.1,0.0,1.0,3.814317699119261,0.8854386130002767,12.421573432816052,15.922642414279844
D,20,15,115,log,0.1,0.1,0.0,4.102172670304229,0.8860050300786433,13.166814560329897,17.061617800653913
D,20,15,115,log,0.1,0.1,0.5,3.895813114918486,0.8866177306655523,12.80702108281803,16.52859932113531
D,20,15,115,log,0.1,0.1,1.0,3.770479339586811,0.8866738665128013,12.527607531719621,16.08164262656158
D,20,15,115,log,0.1,0.5,0.0,8.443013017262544,0.8867973978719477,18.727527895610166,23.785872320480703
D,20,15,115,log,0.1,0.5,0.5,5.80253621678984,0.8877871546563132,15.791833639610795,20.428569863426638
D,20,15,115,log,0.1,0.5,1.0,4.190251811545708,0.8861120395897352,13.556031550329104,17.503693883741725
D,20,15,115,log,0.5,0.0,0.0,3.957851397217861,0.8843924973875223,12.519249510601284,16.117356684030536
D,20,15,115,log,0.5,0.0,0.5,3.957851397217861,0.8843924973875223,12.519249510601284,16.117356684030536
D,20,15,115,log,0.5,0.0,1.0,3.957851397217861,0.8843924973875223,12.519249510601284,16.117356684030536
D,20,15,115,log,0.5,0.1,0.0,7.808389275316388,0.8857818629727886,17.88411580783556,22.964295305239375
D,20,15,115,log,0.5,0.1,0.5,5.623445988150719,0.8865175041095771,15.382164763573837,20.0254946684535
D,20,15,115,log,0.5,0.1,1.0,4.270378494602516,0.8851700611241486,13.482730016978831,17.484955359257857
D,20,15,115,log,0.5,0.5,0.0,65.3976402073303,0.8862926722332967,41.70432425434153,46.53550363286855
D,20,15,115,log,0.5,0.5,0.5,33.5330694476674,0.8847649005032997,33.28653772998664,38.46881351940849
D,20,15,115,log,0.5,0.5,1.0,11.530285133550365,0.8707060950678696,20.876117817343715,26.658632957782647
D,20,15,115,log,1.0,0.0,0.0,3.9901159647683793,0.8841531873024733,12.541465030323028,16.159125194571885
D,20,15,115,log,1.0,0.0,0.5,3.9901159647683793,0.8841531873024733,12.541465030323028,16.159125194571885
D,20,15,115,log,1.0,0.0,1.0,3.9901159647683793,0.8841531873024733,12.541465030323028,16.159125194571885
D,20,15,115,log,1.0,0.1,0.0,16.348095422532136,0.8856949806570829,25.03511035986238,30.370813010511558
D,20,15,115,log,1.0,0.1,0.5,9.59294660356515,0.8860456757108734,19.68347255219844,24.983536678978798
D,20,15,115,log,1.0,0.1,1.0,5.272395763478625,0.8832062875282102,15.014790879956672,19.52286155210497
D,20,15,115,log,1.0,0.5,0.0,186.8876700670174,0.8862282099719501,54.375761768425434,59.41158606161677
D,20,15,115,log,1.0,0.5,0.5,101.6855026426762,0.8815395465761551,46.67987611405485,51.758496034241944
D,20,15,115,log,1.0,0.5,1.0,31.415957558589476,0.8505686024942991,30.649306232436192,36.69599569150559
D,20,15,115,log,1.5,0.0,0.0,4.002350144205466,0.8840390907640726,12.549686200044134,16.174573963139697
D,20,15,115,log,1.5,0.0,0.5,4.002350144205466,0.8840390907640726,12.549686200044134,16.174573963139697
D,20,15,115,log,1.5,0.0,1.0,4.002350144205466,0.8840390907640726,12.549686200044134,16.174573963139697
D,20,15,115,log,1.5,0.1,0.0,28.61760646416974,0.885679080221441,31.51499686967214,36.65042901573204
D,20,15,115,log,1.5,0.1,0.5,15.41592364494459,0.885469783175856,24.336009959058238,29.780790581501993
D,20,15,115,log,1.5,0.1,1.0,6.751972277742416,0.8802005862407197,16.764517208546543,21.76826964553752
D,20,15,115,log,1.5,0.5,0.0,327.0813562501097,0.8862179859937964,60.87999358043719,66.1910131129838
D,20,15,115,log,1.5,0.5,0.5,193.03326801490644,0.8787689859980505,54.26792354826934,59.54862952809394
D,20,15,115,log,1.5,0.5,1.0,59.11651377730906,0.850272549150807,38.68749563586073,44.406588459177534
D,20,15,120,log,0.1,0.0,0.0,4.247263920433707,0.8770858710482807,12.200243247375886,16.366896278433586
D,20,15,120,log,0.1,0.0,0.5,4.247263920433707,0.8770858710482807,12.200243247375886,16.366896278433586
D,20,15,120,log,0.1,0.0,1.0,4.247263920433707,0.8770858710482807,12.200243247375886,16.366896278433586
D,20,15,120,log,0.1,0.1,0.0,4.613342812757638,0.8777322143788938,13.11687113390679,17.627948391325038
D,20,15,120,log,0.1,0.1,0.5,4.355758314791767,0.8782191981178687,12.70067449449484,17.049102490268154
D,20,15,120,log,0.1,0.1,1.0,4.190584436595882,0.8780418294775192,12.354076619491073,16.550921644683648
D,20,15,120,log,0.1,0.5,0.0,9.79610120023484,0.8790115833411425,19.13566003760224,24.669562914537075
D,20,15,120,log,0.1,0.5,0.5,6.649932392881804,0.8796414658589009,16.03183802431732,21.195635782998878
D,20,15,120,log,0.1,0.5,1.0,4.723914005314904,0.8777202169865959,13.58209113024611,18.125965903605607
D,20,15,120,log,0.5,0.0,0.0,4.405475192179519,0.8758023151840912,12.242265078878358,16.541377735952942
D,20,15,120,log,0.5,0.0,0.5,4.405475192179519,0.8758023151840912,12.242265078878358,16.541377735952942
D,20,15,120,log,0.5,0.0,1.0,4.405475192179519,0.8758023151840912,12.242265078878358,16.541377735952942
D,20,15,120,log,0.5,0.1,0.0,9.071404892218503,0.8778904641975588,18.263595195354856,23.848733381807588
D,20,15,120,log,0.5,0.1,0.5,6.447554035548566,0.878175489895073,15.57575047300703,20.781108069755895
D,20,15,120,log,0.5,0.1,1.0,4.8131668182725225,0.8766029702431307,13.447493651415448,18.086902617901053
D,20,15,120,log,0.5,0.5,0.0,80.23101033401569,0.8785305473648309,42.860033907833184,48.08772742260982
D,20,15,120,log,0.5,0.5,0.5,40.50450793340808,0.8767809591127745,34.20204400213625,39.80661143018892
D,20,15,120,log,0.5,0.5,1.0,13.596480642756395,0.8632224027419124,21.37473687146373,27.66385534663893
D,20,15,120,log,1.0,0.0,0.0,4.441910059040616,0.875567661352988,12.25454181647114,16.580047712488398
D,20,15,120,log,1.0,0.0,0.5,4.441910059040616,0.875567661352988,12.25454181647114,16.580047712488398
D,20,15,120,log,1.0,0.0,1.0,4.441910059040616,0.875567661352988,12.25454181647114,16.580047712488398
D,20,15,120,log,1.0,0.1,0.0,19.396301867796165,0.8778870637693853,25.7298072774619,31.50611597000907
D,20,15,120,log,1.0,0.1,0.5,11.236346642269982,0.8779593134568964,20.15662451576552,25.95283905744381
D,20,15,120,log,1.0,0.1,1.0,6.027808229540886,0.8746387374905169,15.129118441730492,20.2544113426026
D,20,15,120,log,1.0,0.5,0.0,236.44044523565725,0.878449556573436,55.8682132019156,61.316788217355494
D,20,15,120,log,1.0,0.5,0.5,126.63425826220582,0.8736418987332882,47.9538296229095,53.45045820225587
D,20,15,120,log,1.0,0.5,1.0,38.366015643715066,0.8428799408307859,31.447500513575562,37.99173659809545
D,20,15,120,log,1.5,0.0,0.0,4.45578404000729,0.8754343893969914,12.25914541255216,16.594398781998354
D,20,15,120,log,1.5,0.0,0.5,4.45578404000729,0.8754343893969914,12.25914541255216,16.594398781998354
D,20,15,120,log,1.5,0.0,1.0,4.45578404000729,0.8754343893969914,12.25914541255216,16.594398781998354
D,20,15,120,log,1.5,0.1,0.0,34.437377128425624,0.8778729694439331,32.41361027769068,37.964836669288275
D,20,15,120,log,1.5,0.1,0.5,18.296528465681607,0.8773937864260712,24.993943683083625,30.90254844244899
D,20,15,120,log,1.5,0.1,1.0,7.820586439784694,0.8721021049923896,17.018151038101113,22.607702718406777
D,20,15,120,log,1.5,0.5,0.0,420.9449402945179,0.8784219511716624,62.53847553486164,68.27873443558389
D,20,15,120,log,1.5,0.5,0.5,244.92417220009787,0.8708948293728348,55.73930577433121,61.44783437489775
D,20,15,120,log,1.5,0.5,1.0,73.11335865027668,0.8425316360374782,39.661649868330116,45.870972533878
D,20,15,125,log,0.1,0.0,0.0,4.829230755449058,0.8679847311503675,11.934745403730897,17.075323722563198
D,20,15,125,log,0.1,0.0,0.5,4.829230755449058,0.8679847311503675,11.934745403730897,17.075323722563198
D,20,15,125,log,0.1,0.0,1.0,4.829230755449058,0.8679847311503675,11.934745403730897,17.075323722563198
D,20,15,125,log,0.1,0.1,0.0,5.272075008289709,0.8689800885463173,13.023738779211499,18.389221912416975
D,20,15,125,log,0.1,0.1,0.5,4.955576518016933,0.8692940738180963,12.546688513888379,17.78671837962786
D,20,15,125,log,0.1,0.1,1.0,4.769247682848679,0.8691381061570068,12.145347385088872,17.280323440231705
D,20,15,125,log,0.1,0.5,0.0,11.435033878777137,0.8708696980081599,19.482363398324672,25.59715487641808
D,20,15,125,log,0.1,0.5,0.5,7.695762238299471,0.8710358900662865,16.21464806001872,22.05786675055602
D,20,15,125,log,0.1,0.5,1.0,5.41110001181007,0.8688590710184325,13.560033847724378,18.92591546197454
D,20,15,125,log,0.5,0.0,0.0,5.011414488660966,0.8668598789559756,11.933189654751411,17.244659628726424
D,20,15,125,log,0.5,0.0,0.5,5.011414488660966,0.8668598789559756,11.933189654751411,17.244659628726424
D,20,15,125,log,0.5,0.0,1.0,5.011414488660966,0.8668598789559756,11.933189654751411,17.244659628726424
D,20,15,125,log,0.5,0.1,0.0,10.6113016159619,0.8696458753325287,18.58529670027155,24.79142247770968
D,20,15,125,log,0.5,0.1,0.5,7.475516924988007,0.869423499531667,15.722395836916025,21.652643809480615
D,20,15,125,log,0.5,0.1,1.0,5.515186197590364,0.8675597086277269,13.366567647027859,18.882618291055486
D,20,15,125,log,0.5,0.5,0.0,98.61272959694327,0.8704598651264766,43.940729285798255,49.5788157209919
D,20,15,125,log,0.5,0.5,0.5,49.06857334207481,0.8686636787056111,35.05348782716679,41.10270654730061
D,20,15,125,log,0.5,0.5,1.0,16.118587480738267,0.8557846027291027,21.814573333666367,28.687370221218657
D,20,15,125,log,1.0,0.0,0.0,5.054307645173904,0.8665560420153369,11.937532724460414,17.282878069382456
D,20,15,125,log,1.0,0.0,0.5,5.054307645173904,0.8665560420153369,11.937532724460414,17.282878069382456
D,20,15,125,log,1.0,0.0,1.0,5.054307645173904,0.8665560420153369,11.937532724460414,17.282878069382456
D,20,15,125,log,1.0,0.1,0.0,23.10086996531793,0.8697966827469186,26.366904471612703,32.63171904179619
D,20,15,125,log,1.0,0.1,0.5,13.243948763865097,0.8696405463079863,20.575654191874918,26.956933368599824
D,20,15,125,log,1.0,0.1,1.0,6.985226004005753,0.8660306378806693,15.201862258105791,21.122520275822502
D,20,15,125,log,1.0,0.5,0.0,299.203166061713,0.8703738386250442,57.26102130417122,63.13235365850865
D,20,15,125,log,1.0,0.5,0.5,157.89957817671026,0.8656692822376579,49.14333028354294,55.06969897900316
D,20,15,125,log,1.0,0.5,1.0,46.97728573780523,0.8355786140688386,32.201043260012874,39.24897451461918
D,20,15,125,log,1.5,0.0,0.0,5.070574643560483,0.8664125099702092,11.939154254250932,17.297003194789994
D,20,15,125,log,1.5,0.0,0.5,5.070574643560483,0.8664125099702092,11.939154254250932,17.297003194789994
D,20,15,125,log,1.5,0.0,1.0,5.070574643560483,0.8664125099702092,11.939154254250932,17.297003194789994
D,20,15,125,log,1.5,0.1,0.0,41.5611248501793,0.8697821209901629,33.25298239377543,39.24232365226463
D,20,15,125,log,1.5,0.1,0.5,21.809542991310956,0.86913353307223,25.599068230630106,32.01845479958676
D,20,15,125,log,1.5,0.1,1.0,9.14163853074784,0.8635262770229992,17.216246120943904,23.531919550208606
D,20,15,125,log,1.5,0.5,0.0,541.3529265011815,0.8703486715768578,64.08498994203667,70.26249870974966
D,20,15,125,log,1.5,0.5,0.5,310.70974498459395,0.8630826305493088,57.11269708502833,63.25767837280076
D,20,15,125,log,1.5,0.5,1.0,90.60217250616917,0.8351889127833807,40.57250998228669,47.280730620805535
D,20,15,130,log,0.1,0.0,0.0,4.860387711364472,0.8675841524611485,11.534098797108266,16.70066489334088
D,20,15,130,log,0.1,0.0,0.5,4.860387711364472,0.8675841524611485,11.534098797108266,16.70066489334088
D,20,15,130,log,0.1,0.0,1.0,4.860387711364472,0.8675841524611485,11.534098797108266,16.70066489334088
D,20,15,130,log,0.1,0.1,0.0,5.092589152562196,0.8686628899425395,12.479972011608705,17.82722606730337
D,20,15,130,log,0.1,0.1,0.5,4.848754317438592,0.8689343062522145,12.052655868663038,17.283610506117746
D,20,15,130,log,0.1,0.1,1.0,4.742141198452487,0.8684870381160475,11.710996007071158,16.855239079385875
D,20,15,130,log,0.1,0.5,0.0,10.456896002959734,0.8708653221677322,18.523544713576882,24.642116222609182
D,20,15,130,log,0.1,0.5,0.5,7.086377699670379,0.8707291703451897,15.40640349434084,21.21522945829504
D,20,15,130,log,0.1,0.5,1.0,5.148934371581385,0.8684510934142938,12.9651725791221,18.29508194218526
D,20,15,130,log,0.5,0.0,0.0,5.039484440835575,0.8660469420919894,11.55146865949279,16.88088987576058
D,20,15,130,log,0.5,0.0,0.5,5.039484440835575,0.8660469420919894,11.55146865949279,16.88088987576058
D,20,15,130,log,0.5,0.0,1.0,5.039484440835575,0.8660469420919894,11.55146865949279,16.88088987576058
D,20,15,130,log,0.5,0.1,0.0,9.742978796528847,0.8694994175404102,17.69475587898905,23.89504138309302
D,20,15,130,log,0.5,0.1,0.5,6.928822642413147,0.8689859668802571,14.984815226848843,20.87587281899497
D,20,15,130,log,0.5,0.1,1.0,5.282705341450173,0.867244166202853,12.824563720470858,18.303171489991257
D,20,15,130,log,0.5,0.5,0.0,92.02828119837412,0.8705275439079093,43.00985388987277,48.64384956617831
D,20,15,130,log,0.5,0.5,0.5,45.299024224056055,0.8686264186367756,33.94763111997511,40.05920887152759
D,20,15,130,log,0.5,0.5,1.0,14.644414072919457,0.8560710390103919,20.80582772447037,27.7015126305754
D,20,15,130,log,1.0,0.0,0.0,5.078258045492859,0.8658160361622596,11.559090567095323,16.920660541194387
D,20,15,130,log,1.0,0.0,0.5,5.078258045492859,0.8658160361622596,11.559090567095323,16.920660541194387
D,20,15,130,log,1.0,0.0,1.0,5.078258045492859,0.8658160361622596,11.559090567095323,16.920660541194387
D,20,15,130,log,1.0,0.1,0.0,21.214366552018713,0.8698233468919632,25.273056446602435,31.607069534286772
D,20,15,130,log,1.0,0.1,0.5,12.116403768709421,0.8694595787792945,19.60351755464561,26.005240319071326
D,20,15,130,log,1.0,0.1,1.0,6.508712501025379,0.8654421796477102,14.53541431195465,20.391317182520947
D,20,15,130,log,1.0,0.5,0.0,283.51910142903637,0.8704325959963819,56.61627725594868,62.43317598442893
D,20,15,130,log,1.0,0.5,0.5,148.05067558192084,0.8656975679772897,48.311022812061836,54.20518748797754
D,20,15,130,log,1.0,0.5,1.0,43.30823921663746,0.8356433938113547,31.013410805008753,38.193602938528784
D,20,15,130,log,1.5,0.0,0.0,5.093204399739888,0.865712515794911,11.56208972442308,16.93551145665116
D,20,15,130,log,1.5,0.0,0.5,5.093204399739888,0.865712515794911,11.56208972442308,16.93551145665116
D,20,15,130,log,1.5,0.0,1.0,5.093204399739888,0.865712515794911,11.56208972442308,16.93551145665116
D,20,15,130,log,1.5,0.1,0.0,38.40995207888987,0.8698291246849372,32.164623200062046,38.216920033737594
D,20,15,130,log,1.5,0.1,0.5,19.98378461030789,0.8690096620806769,24.502517872883335,30.99157585539092
D,20,15,130,log,1.5,0.1,1.0,8.388549621859925,0.8631865490220056,16.434402216150545,22.688976540020565
D,20,15,130,log,1.5,0.5,0.0,517.5421613157614,0.870395014378851,63.581964454186206,69.70306704811252
D,20,15,130,log,1.5,0.5,0.5,294.0943158364471,0.8632065238929206,56.449978024648985,62.54142197620304
D,20,15,130,log,1.5,0.5,1.0,84.09712626384065,0.8351889127833807,39.48348240971565,46.232088584520945
D,20,20,115,log,0.1,0.0,0.0,3.8600313403511053,0.8854628961757465,12.422434491058322,15.923997098934715
D,20,20,115,log,0.1,0.0,0.5,3.8600313403511053,0.8854628961757465,12.422434491058322,15.923997098934715
D,20,20,115,log,0.1,0.0,1.0,3.8600313403511053,0.8854628961757465,12.422434491058322,15.923997098934715
D,20,20,115,log,0.1,0.1,0.0,4.119909706317708,0.8860561517085422,13.172894016299415,17.061662122636335
D,20,20,115,log,0.1,0.1,0.5,3.899539666633199,0.8866513027343,12.814547432240925,16.53053506071069
D,20,20,115,log,0.1,0.1,1.0,3.775237653227638,0.8866699699269922,12.52977859745344,16.085279238923174
D,20,20,115,log,0.1,0.5,0.0,8.420627929345457,0.8869111601498337,18.713358129418722,23.773252025214436
D,20,20,115,log,0.1,0.5,0.5,5.80253621678984,0.8877871546563132,15.791833639610795,20.428569863426638
D,20,20,115,log,0.1,0.5,1.0,4.190251811545708,0.8861120395897352,13.556031550329104,17.503693883741725
D,20,20,115,log,0.5,0.0,0.0,4.007191090858717,0.884366769988489,12.51463826567676,16.118465258208985
D,20,20,115,log,0.5,0.0,0.5,4.007191090858717,0.884366769988489,12.51463826567676,16.118465258208985
D,20,20,115,log,0.5,0.0,1.0,4.007191090858717,0.884366769988489,12.51463826567676,16.118465258208985
D,20,20,115,log,0.5,0.1,0.0,7.786901782397214,0.8858806271769369,17.876417209439364,22.954488439045708
D,20,20,115,log,0.5,0.1,0.5,5.623445988150747,0.8865175041095771,15.382164763573865,20.025494668453547
D,20,20,115,log,0.5,0.1,1.0,4.270378494602516,0.8851700611241486,13.482730016978831,17.484955359257857
D,20,20,115,log,0.5,0.5,0.0,65.2723740759061,0.8864347533514707,41.690896115685874,46.516849359143755
D,20,20,115,log,0.5,0.5,0.5,33.5330694476674,0.8847649005032997,33.28653772998664,38.46881351940849
D,20,20,115,log,0.5,0.5,1.0,11.530285133550365,0.8707060950678696,20.876117817343715,26.658632957782647
D,20,20,115,log,1.0,0.0,0.0,4.039647883326993,0.8840647238750317,12.536133066508391,16.159995648491652
D,20,20,115,log,1.0,0.0,0.5,4.039647883326993,0.8840647238750317,12.536133066508391,16.159995648491652
D,20,20,115,log,1.0,0.0,1.0,4.039647883326993,0.8840647238750317,12.536133066508391,16.159995648491652
D,20,20,115,log,1.0,0.1,0.0,16.306622509927433,0.8858238075461055,25.023421851803853,30.35486020298068
D,20,20,115,log,1.0,0.1,0.5,9.592946603565158,0.8860456757108734,19.683472552198445,24.9835366789788
D,20,20,115,log,1.0,0.1,1.0,5.272395763478637,0.8832062875282102,15.014790879956687,19.522861552104988
D,20,20,115,log,1.0,0.5,0.0,186.60505674317545,0.8863787145966644,54.366783368756316,59.397765975772714
D,20,20,115,log,1.0,0.5,0.5,101.6855026426762,0.8815395465761551,46.67987611405485,51.758496034241944
D,20,20,115,log,1.0,0.5,1.0,31.415957558589476,0.8505686024942991,30.649306232436192,36.69599569150559
D,20,20,115,log,1.5,0.0,0.0,4.0519343249282205,0.8839814013572092,12.544141179604603,16.175311709877523
D,20,20,115,log,1.5,0.0,0.5,4.0519343249282205,0.8839814013572092,12.544141179604603,16.175311709877523
D,20,20,115,log,1.5,0.0,1.0,4.0519343249282205,0.8839814013572092,12.544141179604603,16.175311709877523
D,20,20,115,log,1.5,0.1,0.0,28.55147604904558,0.8858183561837076,31.500092759740404,36.63170753192817
D,20,20,115,log,1.5,0.1,0.5,15.41592364494463,0.885469783175856,24.336009959058252,29.780790581502004
D,20,20,115,log,1.5,0.1,1.0,6.751972277742416,0.8802005862407197,16.764517208546543,21.76826964553752
D,20,20,115,log,1.5,0.5,0.0,326.6660445317797,0.8863812024443595,60.87319957319674,66.18012914845042
D,20,20,115,log,1.5,0.5,0.5,193.03326801490644,0.8787689859980505,54.26792354826934,59.54862952809394
D,20,20,115,log,1.5,0.5,1.0,59.11651377730906,0.850272549150807,38.68749563586073,44.406588459177534
D,20,20,120,log,0.1,0.0,0.0,4.30705935729198,0.8769746849085415,12.195942494709477,16.36339591013659
D,20,20,120,log,0.1,0.0,0.5,4.30705935729198,0.8769746849085415,12.195942494709477,16.36339591013659
D,20,20,120,log,0.1,0.0,1.0,4.30705935729198,0.8769746849085415,12.195942494709477,16.36339591013659
D,20,20,120,log,0.1,0.1,0.0,4.639900053375323,0.8776955863605617,13.11879580680397,17.62533732737313
D,20,20,120,log,0.1,0.1,0.5,4.366613458854109,0.8780441908168228,12.703533743039609,17.05015612082355
D,20,20,120,log,0.1,0.1,1.0,4.198330550067398,0.8779946645507272,12.357386815301535,16.55461418650856
D,20,20,120,log,0.1,0.5,0.0,9.763224305798968,0.879056882890605,19.124974742932203,24.65518877782434
D,20,20,120,log,0.1,0.5,0.5,6.649932392881804,0.8796414658589009,16.03183802431732,21.195635782998878
D,20,20,120,log,0.1,0.5,1.0,4.723914005314904,0.8777202169865959,13.58209113024611,18.125965903605607
D,20,20,120,log,0.5,0.0,0.0,4.466084017461596,0.8757489164450467,12.236068938523676,16.53823694471597
D,20,20,120,log,0.5,0.0,0.5,4.466084017461596,0.8757489164450467,12.236068938523676,16.53823694471597
D,20,20,120,log,0.5,0.0,1.0,4.466084017461596,0.8757489164450467,12.236068938523676,16.53823694471597
D,20,20,120,log,0.5,0.1,0.0,9.040113666103679,0.8779402400170581,18.25652021350755,23.836937616709207
D,20,20,120,log,0.5,0.1,0.5,6.4475540355486105,0.878175489895073,15.575750473007071,20.781108069755952
D,20,20,120,log,0.5,0.1,1.0,4.813166818272527,0.8766029702431307,13.447493651415453,18.08690261790106
D,20,20,120,log,0.5,0.5,0.0,80.05600396802421,0.8785975766936996,42.8469514903331,48.06827745870654
D,20,20,120,log,0.5,0.5,0.5,40.50450793340808,0.8767809591127745,34.20204400213625,39.80661143018892
D,20,20,120,log,0.5,0.5,1.0,13.596480642756395,0.8632224027419124,21.37473687146373,27.66385534663893
D,20,20,120,log,1.0,0.0,0.0,4.502464701702906,0.8754552158676315,12.24725176512336,16.57665709289743
D,20,20,120,log,1.0,0.0,0.5,4.502464701702906,0.8754552158676315,12.24725176512336,16.57665709289743
D,20,20,120,log,1.0,0.0,1.0,4.502464701702906,0.8754552158676315,12.24725176512336,16.57665709289743
D,20,20,120,log,1.0,0.1,0.0,19.33493038114533,0.877963428532903,25.717855192962265,31.489081919616275
D,20,20,120,log,1.0,0.1,0.5,11.23634664227,0.8779593134568964,20.156624515765536,25.95283905744383
D,20,20,120,log,1.0,0.1,1.0,6.027808229540893,0.8746387374905169,15.129118441730498,20.254411342602612
D,20,20,120,log,1.0,0.5,0.0,236.05336484090836,0.8785324201412342,55.85910245347422,61.30248493374385
D,20,20,120,log,1.0,0.5,0.5,126.63425826220582,0.8736418987332882,47.9538296229095,53.45045820225587
D,20,20,120,log,1.0,0.5,1.0,38.366015643715066,0.8428799408307859,31.447500513575562,37.99173659809545
D,20,20,120,log,1.5,0.0,0.0,4.516336418139529,0.8753150253627954,12.251347682193757,16.590825294329658
D,20,20,120,log,1.5,0.0,0.5,4.516336418139529,0.8753150253627954,12.251347682193757,16.590825294329658
D,20,20,120,log,1.5,0.0,1.0,4.516336418139529,0.8753150253627954,12.251347682193757,16.590825294329658
D,20,20,120,log,1.5,0.1,0.0,34.34190173614098,0.8779583698765258,32.39954428286878,37.94520103971166
D,20,20,120,log,1.5,0.1,0.5,18.29652846568165,0.8773937864260712,24.993943683083636,30.902548442449007
D,20,20,120,log,1.5,0.1,1.0,7.820586439784695,0.8721021049923896,17.018151038101113,22.607702718406777
D,20,20,120,log,1.5,0.5,0.0,420.3780261153338,0.8785260856935251,62.53155970791903,68.2674764877162
D,20,20,120,log,1.5,0.5,0.5,244.92417220009787,0.8708948293728348,55.73930577433121,61.44783437489775
D,20,20,120,log,1.5,0.5,1.0,73.11335865027668,0.8425316360374782,39.661649868330116,45.870972533878
D,20,20,125,log,0.1,0.0,0.0,4.884555207297451,0.8677680833362199,11.927244377415857,17.068142122461474
D,20,20,125,log,0.1,0.0,0.5,4.884555207297451,0.8677680833362199,11.927244377415857,17.068142122461474
D,20,20,125,log,0.1,0.0,1.0,4.884555207297451,0.8677680833362199,11.927244377415857,17.068142122461474
D,20,20,125,log,0.1,0.1,0.0,5.309169635293692,0.8687924234018587,13.018711620595207,18.38450509093518
D,20,20,125,log,0.1,0.1,0.5,4.973986068021343,0.8690626414321763,12.54555149867303,17.786557430316428
D,20,20,125,log,0.1,0.1,1.0,4.777762401092858,0.8690337351347518,12.148408505885012,17.2834042427245
D,20,20,125,log,0.1,0.5,0.0,11.393764998067118,0.8708281967406771,19.47233614970309,25.58241647250854
D,20,20,125,log,0.1,0.5,0.5,7.695762238299471,0.8710358900662865,16.21464806001872,22.05786675055602
D,20,20,125,log,0.1,0.5,1.0,5.41110001181007,0.8688590710184325,13.560033847724378,18.92591546197454
D,20,20,125,log,0.5,0.0,0.0,5.067848133899067,0.8664463211905244,11.925153209195368,17.235660784839588
D,20,20,125,log,0.5,0.0,0.5,5.067848133899067,0.8664463211905244,11.925153209195368,17.235660784839588
D,20,20,125,log,0.5,0.0,1.0,5.067848133899067,0.8664463211905244,11.925153209195368,17.235660784839588
D,20,20,125,log,0.5,0.1,0.0,10.571881981377754,0.8696015019667385,18.58073783199268,24.779448254567416
D,20,20,125,log,0.5,0.1,0.5,7.47551692498804,0.869423499531667,15.722395836916055,21.652643809480654
D,20,20,125,log,0.5,0.1,1.0,5.515186197590369,0.8675597086277269,13.366567647027864,18.88261829105549
D,20,20,125,log,0.5,0.5,0.0,98.38479744263137,0.8704640268121573,43.92796991700541,49.558739357655305
D,20,20,125,log,0.5,0.5,0.5,49.06857334207481,0.8686636787056111,35.05348782716679,41.10270654730061
D,20,20,125,log,0.5,0.5,1.0,16.118587480738267,0.8557846027291027,21.814573333666367,28.687370221218657
D,20,20,125,log,1.0,0.0,0.0,5.110148290793971,0.8661709168652025,11.928410877556507,17.272771147422123
D,20,20,125,log,1.0,0.0,0.5,5.110148290793971,0.8661709168652025,11.928410877556507,17.272771147422123
D,20,20,125,log,1.0,0.0,1.0,5.110148290793971,0.8661709168652025,11.928410877556507,17.272771147422123
D,20,20,125,log,1.0,0.1,0.0,23.017244749781987,0.8697986909983649,26.354466042926468,32.61380173927563
D,20,20,125,log,1.0,0.1,0.5,13.243948763865111,0.8696405463079863,20.575654191874918,26.956933368599834
D,20,20,125,log,1.0,0.1,1.0,6.985226004005755,0.8660306378806693,15.201862258105791,21.122520275822502
D,20,20,125,log,1.0,0.5,0.0,298.70337910396256,0.8704016481071888,57.25181442451905,63.11768042260536
D,20,20,125,log,1.0,0.5,0.5,157.89957817671026,0.8656692822376579,49.14333028354294,55.06969897900316
D,20,20,125,log,1.0,0.5,1.0,46.97728573780523,0.8355786140688386,32.201043260012874,39.24897451461918
D,20,20,125,log,1.5,0.0,0.0,5.126126136800147,0.8660899949902611,11.929597411865576,17.28646503569304
D,20,20,125,log,1.5,0.0,0.5,5.126126136800147,0.8660899949902611,11.929597411865576,17.28646503569304
D,20,20,125,log,1.5,0.0,1.0,5.126126136800147,0.8660899949902611,11.929597411865576,17.28646503569304
D,20,20,125,log,1.5,0.1,0.0,41.433397015299185,0.8698122439848788,33.23945209616378,39.22193664792413
D,20,20,125,log,1.5,0.1,0.5,21.80954299131099,0.86913353307223,25.599068230630103,32.01845479958676
D,20,20,125,log,1.5,0.1,1.0,9.14163853074784,0.8635262770229992,17.216246120943904,23.531919550208606
D,20,20,125,log,1.5,0.5,0.0,540.6195374326621,0.8703948431377515,64.0780231455781,70.25098956032026
D,20,20,125,log,1.5,0.5,0.5,310.70974498459395,0.8630826305493088,57.11269708502833,63.25767837280076
D,20,20,125,log,1.5,0.5,1.0,90.60217250616917,0.8351889127833807,40.57250998228669,47.280730620805535
D,20,20,130,log,0.1,0.0,0.0,4.925834605129378,0.8670991766998035,11.5252256996642,16.688515339985187
D,20,20,130,log,0.1,0.0,0.5,4.925834605129378,0.8670991766998035,11.5252256996642,16.688515339985187
D,20,20,130,log,0.1,0.0,1.0,4.925834605129378,0.8670991766998035,11.5252256996642,16.688515339985187
D,20,20,130,log,0.1,0.1,0.0,5.1435115963525995,0.86841618485088,12.473931763643145,17.822643386869725
D,20,20,130,log,0.1,0.1,0.5,4.870914454260237,0.8687300669428154,12.051284972893122,17.28173427892482
D,20,20,130,log,0.1,0.1,1.0,4.750249922341197,0.868389025341925,11.713790152577168,16.85780759070192
D,20,20,130,log,0.1,0.5,0.0,10.418568405899734,0.8707522189879041,18.51644297975697,24.62898974990059
D,20,20,130,log,0.1,0.5,0.5,7.086377699670379,0.8707291703451897,15.40640349434084,21.21522945829504
D,20,20,130,log,0.1,0.5,1.0,5.148934371581385,0.8684510934142938,12.9651725791221,18.29508194218526
D,20,20,130,log,0.5,0.0,0.0,5.0981109588187685,0.8657636923860238,11.538199862615823,16.864636188245562
D,20,20,130,log,0.5,0.0,0.5,5.0981109588187685,0.8657636923860238,11.538199862615823,16.864636188245562
D,20,20,130,log,0.5,0.0,1.0,5.0981109588187685,0.8657636923860238,11.538199862615823,16.864636188245562
D,20,20,130,log,0.5,0.1,0.0,9.70730259877058,0.869463836496208,17.69340953971638,23.884309792789697
D,20,20,130,log,0.5,0.1,0.5,6.928822642413181,0.8689859668802571,14.984815226848875,20.875872818995013
D,20,20,130,log,0.5,0.1,1.0,5.282705341450178,0.867244166202853,12.82456372047086,18.303171489991264
D,20,20,130,log,0.5,0.5,0.0,91.79950974090593,0.8705340154514243,42.99727252388723,48.62374887745345
D,20,20,130,log,0.5,0.5,0.5,45.299024224056055,0.8686264186367756,33.94763111997511,40.05920887152759
D,20,20,130,log,0.5,0.5,1.0,14.644414072919457,0.8560710390103919,20.80582772447037,27.7015126305754
D,20,20,130,log,1.0,0.0,0.0,5.134483133047487,0.8654714664998517,11.544580689489818,16.903625542504923
D,20,20,130,log,1.0,0.0,0.5,5.134483133047487,0.8654714664998517,11.544580689489818,16.903625542504923
D,20,20,130,log,1.0,0.0,1.0,5.134483133047487,0.8654714664998517,11.544580689489818,16.903625542504923
D,20,20,130,log,1.0,0.1,0.0,21.130161812467712,0.8698263929155198,25.262812041158707,31.590062129362195
D,20,20,130,log,1.0,0.1,0.5,12.116403768709432,0.8694595787792945,19.60351755464561,26.005240319071333
D,20,20,130,log,1.0,0.1,1.0,6.50871250102538,0.8654421796477102,14.535414311954653,20.391317182520947
D,20,20,130,log,1.0,0.5,0.0,283.01779186945095,0.8704646000636369,56.6070920819714,62.41843390911058
D,20,20,130,log,1.0,0.5,0.5,148.05067558192084,0.8656975679772897,48.311022812061836,54.20518748797754
D,20,20,130,log,1.0,0.5,1.0,43.30823921663746,0.8356433938113547,31.013410805008753,38.193602938528784
D,20,20,130,log,1.5,0.0,0.0,5.148526690464616,0.8653999755240962,11.546909148437056,16.918102258356875
D,20,20,130,log,1.5,0.0,0.5,5.148526690464616,0.8653999755240962,11.546909148437056,16.918102258356875
D,20,20,130,log,1.5,0.0,1.0,5.148526690464616,0.8653999755240962,11.546909148437056,16.918102258356875
D,20,20,130,log,1.5,0.1,0.0,38.28111895100172,0.8698509335905203,32.14983256591131,38.196906548113404
D,20,20,130,log,1.5,0.1,0.5,19.983784610307946,0.8690096620806769,24.502517872883338,30.99157585539093
D,20,20,130,log,1.5,0.1,1.0,8.388549621859925,0.8631865490220056,16.434402216150545,22.688976540020565
D,20,20,130,log,1.5,0.5,0.0,516.8062809013903,0.8704526070662588,63.57502096471552,69.69151830488495
D,20,20,130,log,1.5,0.5,0.5,294.0943158364471,0.8632065238929206,56.449978024648985,62.54142197620304
D,20,20,130,log,1.5,0.5,1.0,84.09712626384065,0.8351889127833807,39.48348240971565,46.232088584520945
D,25,10,115,log,0.1,0.0,0.0,2.9705851458033297,0.8957406792831323,11.291161626671895,14.521764315048582
D,25,10,115,log,0.1,0.0,0.5,2.9705851458033297,0.8957406792831323,11.291161626671895,14.521764315048582
D,25,10,115,log,0.1,0.0,1.0,2.9705851458033297,0.8957406792831323,11.291161626671895,14.521764315048582
D,25,10,115,log,0.1,0.1,0.0,3.2325671974803414,0.8962495315404748,12.025116559373279,15.64363578996398
D,25,10,115,log,0.1,0.1,0.5,3.070988787820429,0.8966432520147251,11.664447872421057,15.127049559498886
D,25,10,115,log,0.1,0.1,1.0,2.9651212108129523,0.8968032922694276,11.384817128019076,14.689282164999799
D,25,10,115,log,0.1,0.5,0.0,7.049753073818968,0.8969730950691901,17.85436855369671,22.583588732187543
D,25,10,115,log,0.1,0.5,0.5,4.73198236593764,0.8978456145588636,14.738522415865015,19.073873048315328
D,25,10,115,log,0.1,0.5,1.0,3.297601714798044,0.8973319469538288,12.307497870377865,15.957145394434928
D,25,10,115,log,0.5,0.0,0.0,3.080708345214666,0.8946078879199939,11.405085723277702,14.71212729703916
D,25,10,115,log,0.5,0.0,0.5,3.080708345214666,0.8946078879199939,11.405085723277702,14.71212729703916
D,25,10,115,log,0.5,0.0,1.0,3.080708345214666,0.8946078879199939,11.405085723277702,14.71212729703916
D,25,10,115,log,0.5,0.1,0.0,6.481483115108,0.8958294645903571,16.98408269584744,21.74442698922353
D,25,10,115,log,0.5,0.1,0.5,4.538260196577353,0.8969504584800656,14.322263914820345,18.650681901610188
D,25,10,115,log,0.5,0.1,1.0,3.303126334234322,0.8967670232988059,12.211050353965668,15.886196169126544
D,25,10,115,log,0.5,0.5,0.0,58.86589514499402,0.8962989064706915,41.20938590931178,45.78173413407146
D,25,10,115,log,0.5,0.5,0.5,29.18441777379187,0.8970758065017481,32.94152847795445,37.64628710454912
D,25,10,115,log,0.5,0.5,1.0,9.064460719751605,0.8899688229594395,20.187124408308804,25.141616660264607
D,25,10,115,log,1.0,0.0,0.0,3.1070885969966167,0.8943787469649749,11.43282368718494,14.754883835929189
D,25,10,115,log,1.0,0.0,0.5,3.1070885969966167,0.8943787469649749,11.43282368718494,14.754883835929189
D,25,10,115,log,1.0,0.0,1.0,3.1070885969966167,0.8943787469649749,11.43282368718494,14.754883835929189
D,25,10,115,log,1.0,0.1,0.0,14.104859814500097,0.8956677230981225,24.43671412769578,29.401010104852805
D,25,10,115,log,1.0,0.1,0.5,7.976703523656143,0.8971811363826344,18.914783044299007,23.79568108553378
D,25,10,115,log,1.0,0.1,1.0,4.051809684661696,0.8966745787096603,13.698911133748677,17.79574255598209
D,25,10,115,log,1.0,0.5,0.0,172.9405386996205,0.8961649313102535,53.72608820519922,58.685045179231146
D,25,10,115,log,1.0,0.5,0.5,91.4529527973607,0.8957739006132559,46.243225627955816,51.10955093367577
D,25,10,115,log,1.0,0.5,1.0,26.624733650159477,0.8684023821301151,30.67998045481076,35.96487842426887
D,25,10,115,log,1.5,0.0,0.0,3.117221839553872,0.8942869593978603,11.443342175241423,14.770928548157343
D,25,10,115,log,1.5,0.0,0.5,3.117221839553872,0.8942869593978603,11.443342175241423,14.770928548157343
D,25,10,115,log,1.5,0.0,1.0,3.117221839553872,0.8942869593978603,11.443342175241423,14.770928548157343
D,25,10,115,log,1.5,0.1,0.0,25.22575300745536,0.8956058671552494,31.06725104317571,35.823063548401436
D,25,10,115,log,1.5,0.1,0.5,13.093300297010837,0.897144724542763,23.846350286116476,28.786709492995207
D,25,10,115,log,1.5,0.1,1.0,5.212872592287709,0.8954140972556905,15.564520954536835,20.040330009827198
D,25,10,115,log,1.5,0.5,0.0,306.51261487211,0.8961232625577061,60.15478915541313,65.45333689458663
D,25,10,115,log,1.5,0.5,0.5,177.03067937590404,0.8944680062442772,53.74106488574466,58.928899364484074
D,25,10,115,log,1.5,0.5,1.0,53.404401378404955,0.8617116415085343,38.53322914975027,43.920937575714234
D,25,10,120,log,0.1,0.0,0.0,3.25217964189939,0.8872054596026759,11.104138499187325,14.909906348830077
D,25,10,120,log,0.1,0.0,0.5,3.25217964189939,0.8872054596026759,11.104138499187325,14.909906348830077
D,25,10,120,log,0.1,0.0,1.0,3.25217964189939,0.8872054596026759,11.104138499187325,14.909906348830077
D,25,10,120,log,0.1,0.1,0.0,3.5708164769642194,0.8878093403817591,12.003029658710492,16.151044724935222
D,25,10,120,log,0.1,0.1,0.5,3.3755997406724,0.8881717903360068,11.585876143872927,15.587071929478304
D,25,10,120,log,0.1,0.1,1.0,3.245843306364699,0.8882356191988992,11.244185425822412,15.102925115993324
D,25,10,120,log,0.1,0.5,0.0,8.071544295259223,0.8889971928726903,18.249510257778713,23.40714038781818
D,25,10,120,log,0.1,0.5,0.5,5.344537156043498,0.8896684578509475,14.981754548178913,19.77911353262595
D,25,10,120,log,0.1,0.5,1.0,3.654842536709391,0.8888406822626361,12.357864263803307,16.513718370311445
D,25,10,120,log,0.5,0.0,0.0,3.373481513656505,0.8858149686805419,11.169467197324945,15.082620984500783
D,25,10,120,log,0.5,0.0,0.5,3.373481513656505,0.8858149686805419,11.169467197324945,15.082620984500783
D,25,10,120,log,0.5,0.0,1.0,3.373481513656505,0.8858149686805419,11.169467197324945,15.082620984500783
D,25,10,120,log,0.5,0.1,0.0,7.435573468474071,0.8877416544058925,17.36403238697004,22.577445635053603
D,25,10,120,log,0.5,0.1,0.5,5.130762899613055,0.8886201141293748,14.534711374703468,19.3569852820845
D,25,10,120,log,0.5,0.1,1.0,3.6582512760582895,0.8882330448102087,12.218946663741077,16.42992289431631
D,25,10,120,log,0.5,0.5,0.0,71.6057330288173,0.8883105508903661,42.326890279428724,47.28082767776321
D,25,10,120,log,0.5,0.5,0.5,34.85027700699213,0.8890880196135178,33.84697627114679,38.94360191566317
D,25,10,120,log,0.5,0.5,1.0,10.518801111534794,0.8823816008719992,20.726154702684365,26.09961238688312
D,25,10,120,log,1.0,0.0,0.0,3.4010960828252763,0.8855388072665422,11.186882657946446,15.121810339976554
D,25,10,120,log,1.0,0.0,0.5,3.4010960828252763,0.8855388072665422,11.186882657946446,15.121810339976554
D,25,10,120,log,1.0,0.0,1.0,3.4010960828252763,0.8855388072665422,11.186882657946446,15.121810339976554
D,25,10,120,log,1.0,0.1,0.0,16.556185321418692,0.8876266826975895,25.124401849546388,30.48894497476809
D,25,10,120,log,1.0,0.1,0.5,9.223862029504696,0.889034296417593,19.413287260950675,24.72458702356736
D,25,10,120,log,1.0,0.1,1.0,4.5596420399142215,0.8884080440067372,13.88466828531271,18.479317202556082
D,25,10,120,log,1.0,0.5,0.0,217.4391124503265,0.8881679753959226,55.163555713781,60.53010578381545
D,25,10,120,log,1.0,0.5,0.5,112.91939683963128,0.8878600975880924,47.48908524737184,52.76369784377357
D,25,10,120,log,1.0,0.5,1.0,31.828575959866594,0.8619326180966314,31.48490747502682,37.1981881950993
D,25,10,120,log,1.5,0.0,0.0,3.411762877969039,0.8853933120650812,11.193734431518685,15.136555755556282
D,25,10,120,log,1.5,0.0,0.5,3.411762877969039,0.8853933120650812,11.193734431518685,15.136555755556282
D,25,10,120,log,1.5,0.0,1.0,3.411762877969039,0.8853933120650812,11.193734431518685,15.136555755556282
D,25,10,120,log,1.5,0.1,0.0,30.060812181458164,0.8875681087834625,31.943330780289177,37.0890794631354
D,25,10,120,log,1.5,0.1,0.5,15.35396521655132,0.8890330929448652,24.527997168973826,29.87565665623527
D,25,10,120,log,1.5,0.1,1.0,5.945420471284061,0.887378241170875,15.896334845810923,20.839772040664894
D,25,10,120,log,1.5,0.5,0.0,392.41603367585964,0.8881078107642715,61.74948611893119,67.47526155539393
D,25,10,120,log,1.5,0.5,0.5,223.0332261133767,0.8866315634823213,55.172737661005996,60.78600109350366
D,25,10,120,log,1.5,0.5,1.0,65.41229081541951,0.8540869255373801,39.507995313668154,45.35958723124549
D,25,10,125,log,0.1,0.0,0.0,3.655018799385018,0.8785903343325296,10.883409629856626,15.574246552671031
D,25,10,125,log,0.1,0.0,0.5,3.655018799385018,0.8785903343325296,10.883409629856626,15.574246552671031
D,25,10,125,log,0.1,0.0,1.0,3.655018799385018,0.8785903343325296,10.883409629856626,15.574246552671031
D,25,10,125,log,0.1,0.1,0.0,4.0259142607006515,0.8795615254318276,11.941693874847285,16.863299442104367
D,25,10,125,log,0.1,0.1,0.5,3.7963840800899407,0.8798711179802362,11.470372048415701,16.27917488327386
D,25,10,125,log,0.1,0.1,1.0,3.6459156459511917,0.8797636996253446,11.075747515167526,15.77593554661073
D,25,10,125,log,0.1,0.5,0.0,9.29740530372041,0.8812023799364983,18.59877880611281,24.274269319647264
D,25,10,125,log,0.1,0.5,0.5,6.096739380378077,0.8816918695713414,15.181780767080573,20.58128203641602
D,25,10,125,log,0.1,0.5,1.0,4.124521119026813,0.8806318962069822,12.36815986167061,17.25023309230997
D,25,10,125,log,0.5,0.0,0.0,3.7862494659278227,0.8771121064215055,10.910596007023868,15.73925980382513
D,25,10,125,log,0.5,0.0,0.5,3.7862494659278227,0.8771121064215055,10.910596007023868,15.73925980382513
D,25,10,125,log,0.5,0.0,1.0,3.7862494659278227,0.8771121064215055,10.910596007023868,15.73925980382513
D,25,10,125,log,0.5,0.1,0.0,8.586832482469527,0.8798334761744597,17.69733321764489,23.466490052071414
D,25,10,125,log,0.5,0.1,0.5,5.866960608033973,0.8803858320941078,14.715393271191113,20.178373533226676
D,25,10,125,log,0.5,0.1,1.0,4.135847831180327,0.8798566612439961,12.20289674776622,17.17480172131969
D,25,10,125,log,0.5,0.5,0.0,87.22894037094403,0.880548582132113,43.36710166492637,48.717748262365276
D,25,10,125,log,0.5,0.5,0.5,41.718674690910596,0.8813539142221668,34.69367284175259,40.20016789024534
D,25,10,125,log,0.5,0.5,1.0,12.266100080119548,0.8751011000721709,21.224835177606522,27.06873455069686
D,25,10,125,log,1.0,0.0,0.0,3.817897691943231,0.8767568262569432,10.920878969068426,15.777594990314203
D,25,10,125,log,1.0,0.0,0.5,3.817897691943231,0.8767568262569432,10.920878969068426,15.777594990314203
D,25,10,125,log,1.0,0.0,1.0,3.817897691943231,0.8767568262569432,10.920878969068426,15.777594990314203
D,25,10,125,log,1.0,0.1,0.0,19.493779299733564,0.8798149108356055,25.759618791684698,31.563398307430873
D,25,10,125,log,1.0,0.1,0.5,10.723199584614326,0.8811056281706954,19.87176060503753,25.682834437988667
D,25,10,125,log,1.0,0.1,1.0,5.198644360685455,0.8802148950743028,14.039639558893986,19.290017977521266
D,25,10,125,log,1.0,0.5,0.0,273.37123894935746,0.8803884127408155,56.4987418609165,62.282838368857746
D,25,10,125,log,1.0,0.5,0.5,139.55592762688283,0.8802280599205894,48.64834635635887,54.34375687693423
D,25,10,125,log,1.0,0.5,1.0,38.15338165448714,0.8558587150703912,32.24075392758022,38.396384034872185
D,25,10,125,log,1.5,0.0,0.0,3.8299731540567215,0.8766652055747919,10.924807355530666,15.791979425935333
D,25,10,125,log,1.5,0.0,0.5,3.8299731540567215,0.8766652055747919,10.924807355530666,15.791979425935333
D,25,10,125,log,1.5,0.0,1.0,3.8299731540567215,0.8766652055747919,10.924807355530666,15.791979425935333
D,25,10,125,log,1.5,0.1,0.0,35.90753444892219,0.8797597129311674,32.75927860020942,38.317445808727435
D,25,10,125,log,1.5,0.1,0.5,18.07895168159478,0.8810801885309637,25.148662803323123,30.9480222335743
D,25,10,125,log,1.5,0.1,1.0,6.841856071183538,0.8795888425993835,16.18750578573337,21.71374909535377
D,25,10,125,log,1.5,0.5,0.0,501.9126309448744,0.8803218084510922,63.22958513465333,69.38996181233524
D,25,10,125,log,1.5,0.5,0.5,280.969160472221,0.8790945887936156,56.50312156013566,62.55132817416667
D,25,10,125,log,1.5,0.5,1.0,80.26872091811879,0.8471530546795906,40.41798424738934,46.74252716059378
D,25,10,130,log,0.1,0.0,0.0,3.6661661791818205,0.8777537597694508,10.511527877096707,15.22779572027523
D,25,10,130,log,0.1,0.0,0.5,3.6661661791818205,0.8777537597694508,10.511527877096707,15.22779572027523
D,25,10,130,log,0.1,0.0,1.0,3.6661661791818205,0.8777537597694508,10.511527877096707,15.22779572027523
D,25,10,130,log,0.1,0.1,0.0,3.8612625737462265,0.8792798464574256,11.418273301969688,16.311260258692815
D,25,10,130,log,0.1,0.1,0.5,3.695187532248397,0.8792467608242245,11.002241045797067,15.791868342661676
D,25,10,130,log,0.1,0.1,1.0,3.6112862539132977,0.8789926690332688,10.66564780581398,15.367232823728546
D,25,10,130,log,0.1,0.5,0.0,8.446639356884763,0.8812065713434455,17.6395859289134,23.303832177861665
D,25,10,130,log,0.1,0.5,0.5,5.564286601304313,0.8813511106379618,14.36943426207539,19.71978164113609
D,25,10,130,log,0.1,0.5,1.0,3.899236474961657,0.8803018586605222,11.787817528703226,16.617103943789193
D,25,10,130,log,0.5,0.0,0.0,3.7964029309097382,0.8761095140872082,10.555262668046314,15.404089328692706
D,25,10,130,log,0.5,0.0,0.5,3.7964029309097382,0.8761095140872082,10.555262668046314,15.404089328692706
D,25,10,130,log,0.5,0.0,1.0,3.7964029309097382,0.8761095140872082,10.555262668046314,15.404089328692706
D,25,10,130,log,0.5,0.1,0.0,7.831441121898365,0.8797665315995518,16.806466853421362,22.55335229580598
D,25,10,130,log,0.5,0.1,0.5,5.388429087645526,0.8800362904382201,13.970891402764192,19.380117281487873
D,25,10,130,log,0.5,0.1,1.0,3.9351437268724014,0.8794443299395022,11.67005015401501,16.590861964553874
D,25,10,130,log,0.5,0.5,0.0,81.2648520097419,0.8806099831433677,42.489559789692194,47.807244856275055
D,25,10,130,log,0.5,0.5,0.5,38.3759554677908,0.8813210514388674,33.647164087161954,39.16723571161251
D,25,10,130,log,0.5,0.5,1.0,11.047020406516998,0.8752197457756067,20.147440036751334,26.000298729084783
D,25,10,130,log,1.0,0.0,0.0,3.828766922167427,0.8758160643595216,10.568824086910201,15.4448967786365
D,25,10,130,log,1.0,0.0,0.5,3.828766922167427,0.8758160643595216,10.568824086910201,15.4448967786365
D,25,10,130,log,1.0,0.0,1.0,3.828766922167427,0.8758160643595216,10.568824086910201,15.4448967786365
D,25,10,130,log,1.0,0.1,0.0,17.836101537942504,0.8798464026132026,24.679861933484943,30.53494999177259
D,25,10,130,log,1.0,0.1,0.5,9.757820366758523,0.8807756621043771,18.866124410565074,24.697886506005673
D,25,10,130,log,1.0,0.1,1.0,4.787399798007093,0.8799068055975207,13.330181775901258,18.513661807590022
D,25,10,130,log,1.0,0.5,0.0,258.87021086421447,0.8804338844492022,55.89182353854047,61.61103389935079
D,25,10,130,log,1.0,0.5,0.5,130.5804175837119,0.8802211993106711,47.880501243094166,53.51707632324102
D,25,10,130,log,1.0,0.5,1.0,34.757094420012855,0.8566738269639302,31.11530227956255,37.29613119932431
D,25,10,130,log,1.5,0.0,0.0,3.8414054307809793,0.8757096462114058,10.574052004193081,15.460353929103547
D,25,10,130,log,1.5,0.0,0.5,3.8414054307809793,0.8757096462114058,10.574052004193081,15.460353929103547
D,25,10,130,log,1.5,0.0,1.0,3.8414054307809793,0.8757096462114058,10.574052004193081,15.460353929103547
D,25,10,130,log,1.5,0.1,0.0,33.100591221157835,0.879788580542088,31.703456225746056,37.30154269843299
D,25,10,130,log,1.5,0.1,0.5,16.482883239590667,0.8809509458583975,24.050985971300193,29.901511554025696
D,25,10,130,log,1.5,0.1,1.0,6.2093617234010345,0.879409990255571,15.338303712227127,20.807975084870684
D,25,10,130,log,1.5,0.5,0.0,479.73404756803086,0.8803620538465612,62.7556582189888,68.85429666079635
D,25,10,130,log,1.5,0.5,0.5,265.6554779120073,0.8791181203004135,55.892310584619324,61.87517729090136
D,25,10,130,log,1.5,0.5,1.0,74.28544405657883,0.8471530546795906,39.42235475944347,45.733302808523014
D,25,15,115,log,0.1,0.0,0.0,2.994417919991489,0.8954501005673328,11.303858433905994,14.55186846388232
D,25,15,115,log,0.1,0.0,0.5,2.994417919991489,0.8954501005673328,11.303858433905994,14.55186846388232
D,25,15,115,log,0.1,0.0,1.0,2.994417919991489,0.8954501005673328,11.303858433905994,14.55186846388232
D,25,15,115,log,0.1,0.1,0.0,3.252123481690063,0.8960391613342207,12.042229500631098,15.670430859550626
D,25,15,115,log,0.1,0.1,0.5,3.077486533899763,0.896606163327385,11.672215348464954,15.139089960041739
D,25,15,115,log,0.1,0.1,1.0,2.9664703984792604,0.8967839113159958,11.38667405641688,14.692230155542024
D,25,15,115,log,0.1,0.5,0.0,7.070217140693003,0.8967980442621524,17.864530818439583,22.59852580788722
D,25,15,115,log,0.1,0.5,0.5,4.73198236593764,0.8978456145588636,14.738522415865015,19.073873048315328
D,25,15,115,log,0.1,0.5,1.0,3.297601714798044,0.8973319469538288,12.307497870377865,15.957145394434928
D,25,15,115,log,0.5,0.0,0.0,3.1117790356060184,0.894276234013234,11.4271127934877,14.754004042387681
D,25,15,115,log,0.5,0.0,0.5,3.1117790356060184,0.894276234013234,11.4271127934877,14.754004042387681
D,25,15,115,log,0.5,0.0,1.0,3.1117790356060184,0.894276234013234,11.4271127934877,14.754004042387681
D,25,15,115,log,0.5,0.1,0.0,6.510540484955658,0.8955938686844253,17.002566504912544,21.771763349606854
D,25,15,115,log,0.5,0.1,0.5,4.538260196577353,0.8969504584800656,14.322263914820345,18.650681901610184
D,25,15,115,log,0.5,0.1,1.0,3.303126334234322,0.8967670232988059,12.211050353965668,15.886196169126544
D,25,15,115,log,0.5,0.5,0.0,58.93499458015636,0.896114124725979,41.21236302791132,45.786659190064356
D,25,15,115,log,0.5,0.5,0.5,29.18441777379187,0.8970758065017481,32.94152847795445,37.64628710454912
D,25,15,115,log,0.5,0.5,1.0,9.064460719751605,0.8899688229594395,20.187124408308804,25.141616660264607
D,25,15,115,log,1.0,0.0,0.0,3.139738488002887,0.8940362601619105,11.456827161607496,14.799051944343049
D,25,15,115,log,1.0,0.0,0.5,3.139738488002887,0.8940362601619105,11.456827161607496,14.799051944343049
D,25,15,115,log,1.0,0.0,1.0,3.139738488002887,0.8940362601619105,11.456827161607496,14.799051944343049
D,25,15,115,log,1.0,0.1,0.0,14.146651412893727,0.895435505857505,24.445036750167482,29.417858303819052
D,25,15,115,log,1.0,0.1,0.5,7.976703523656143,0.8971811363826344,18.914783044299007,23.79568108553378
D,25,15,115,log,1.0,0.1,1.0,4.051809684661696,0.8966745787096603,13.698911133748677,17.79574255598209
D,25,15,115,log,1.0,0.5,0.0,173.04015116576988,0.8959895964167053,53.7284159587306,58.687506264232795
D,25,15,115,log,1.0,0.5,0.5,91.4529527973607,0.8957739006132559,46.243225627955816,51.10955093367577
D,25,15,115,log,1.0,0.5,1.0,26.624733650159477,0.8684023821301151,30.67998045481076,35.96487842426887
D,25,15,115,log,1.5,0.0,0.0,3.15044591014357,0.8939204401309657,11.467952979826647,14.815917729754526
D,25,15,115,log,1.5,0.0,0.5,3.15044591014357,0.8939204401309657,11.467952979826647,14.815917729754526
D,25,15,115,log,1.5,0.0,1.0,3.15044591014357,0.8939204401309657,11.467952979826647,14.815917729754526
D,25,15,115,log,1.5,0.1,0.0,25.28197702839148,0.8953777457231545,31.07390719362158,35.83474844988031
D,25,15,115,log,1.5,0.1,0.5,13.093300297010837,0.897144724542763,23.846350286116476,28.786709492995207
D,25,15,115,log,1.5,0.1,1.0,5.212872592287709,0.8954140972556905,15.564520954536835,20.040330009827198
D,25,15,115,log,1.5,0.5,0.0,306.61946825665683,0.8959461031584807,60.15673172885325,65.45495993189672
D,25,15,115,log,1.5,0.5,0.5,177.03067937590404,0.8944680062442772,53.74106488574466,58.928899364484074
D,25,15,115,log,1.5,0.5,1.0,53.404401378404955,0.8617116415085343,38.53322914975027,43.920937575714234
D,25,15,120,log,0.1,0.0,0.0,3.2856841837396473,0.8867978699378247,11.115410855267559,14.943426588473454
D,25,15,120,log,0.1,0.0,0.5,3.2856841837396473,0.8867978699378247,11.115410855267559,14.943426588473454
D,25,15,120,log,0.1,0.0,1.0,3.2856841837396473,0.8867978699378247,11.115410855267559,14.943426588473454
D,25,15,120,log,0.1,0.1,0.0,3.5989102586347954,0.8874603499252463,12.020677279504703,16.182747243475408
D,25,15,120,log,0.1,0.1,0.5,3.3851840662678683,0.8880420068284117,11.594704461033539,15.601921690632448
D,25,15,120,log,0.1,0.1,1.0,3.247484343137303,0.8881957047997109,11.245851550805169,15.106283674086447
D,25,15,120,log,0.1,0.5,0.0,8.10114446676899,0.8887438955455756,18.262384040507744,23.425061303756657
D,25,15,120,log,0.1,0.5,0.5,5.344537156043498,0.8896684578509475,14.981754548178913,19.77911353262595
D,25,15,120,log,0.1,0.5,1.0,3.654842536709391,0.8888406822626361,12.357864263803307,16.513718370311445
D,25,15,120,log,0.5,0.0,0.0,3.412381288803985,0.8854674637112773,11.18732426280971,15.126373175126332
D,25,15,120,log,0.5,0.0,0.5,3.412381288803985,0.8854674637112773,11.18732426280971,15.126373175126332
D,25,15,120,log,0.5,0.0,1.0,3.412381288803985,0.8854674637112773,11.18732426280971,15.126373175126332
D,25,15,120,log,0.5,0.1,0.0,7.474525422031363,0.8874384386245706,17.385929266062544,22.607638912710126
D,25,15,120,log,0.5,0.1,0.5,5.130762899613055,0.8886201141293748,14.534711374703466,19.3569852820845
D,25,15,120,log,0.5,0.1,1.0,3.6582512760582895,0.8882330448102087,12.218946663741077,16.42992289431631
D,25,15,120,log,0.5,0.5,0.0,71.707372755067,0.8880530281187162,42.33034889674228,47.286908134264365
D,25,15,120,log,0.5,0.5,0.5,34.85027700699213,0.8890880196135178,33.84697627114679,38.94360191566317
D,25,15,120,log,0.5,0.5,1.0,10.518801111534794,0.8823816008719992,20.726154702684365,26.09961238688312
D,25,15,120,log,1.0,0.0,0.0,3.441617649079351,0.8851292720003006,11.207094075524324,15.167750483941438
D,25,15,120,log,1.0,0.0,0.5,3.441617649079351,0.8851292720003006,11.207094075524324,15.167750483941438
D,25,15,120,log,1.0,0.0,1.0,3.441617649079351,0.8851292720003006,11.207094075524324,15.167750483941438
D,25,15,120,log,1.0,0.1,0.0,16.613103658118696,0.8873328437307432,25.13457322936345,30.508097674425887
D,25,15,120,log,1.0,0.1,0.5,9.223862029504696,0.889034296417593,19.413287260950675,24.72458702356736
D,25,15,120,log,1.0,0.1,1.0,4.559642039914226,0.8884080440067372,13.884668285312717,18.479317202556086
D,25,15,120,log,1.0,0.5,0.0,217.59256548819653,0.887922675941784,55.166220724261144,60.5331918728408
D,25,15,120,log,1.0,0.5,0.5,112.91939683963128,0.8878600975880924,47.48908524737184,52.76369784377357
D,25,15,120,log,1.0,0.5,1.0,31.828575959866594,0.8619326180966314,31.48490747502682,37.1981881950993
D,25,15,120,log,1.5,0.0,0.0,3.4528155724728498,0.8850274570099265,11.214743876277284,15.183237560820317
D,25,15,120,log,1.5,0.0,0.5,3.4528155724728498,0.8850274570099265,11.214743876277284,15.183237560820317
D,25,15,120,log,1.5,0.0,1.0,3.4528155724728498,0.8850274570099265,11.214743876277284,15.183237560820317
D,25,15,120,log,1.5,0.1,0.0,30.138303028607673,0.8872757805111189,31.951155187453242,37.102449591765826
D,25,15,120,log,1.5,0.1,0.5,15.35396521655132,0.8890330929448652,24.527997168973826,29.87565665623527
D,25,15,120,log,1.5,0.1,1.0,5.945420471284061,0.887378241170875,15.896334845810923,20.839772040664894
D,25,15,120,log,1.5,0.5,0.0,392.5881459129985,0.8878692413095581,61.751699742999584,67.47733456210182
D,25,15,120,log,1.5,0.5,0.5,223.0332261133767,0.8866315634823213,55.172737661005996,60.78600109350366
D,25,15,120,log,1.5,0.5,1.0,65.41229081541951,0.8540869255373801,39.507995313668154,45.35958723124549
D,25,15,125,log,0.1,0.0,0.0,3.6981242212700445,0.8781000624779521,10.897903088514095,15.61010058873335
D,25,15,125,log,0.1,0.0,0.5,3.6981242212700445,0.8781000624779521,10.897903088514095,15.61010058873335
D,25,15,125,log,0.1,0.0,1.0,3.6981242212700445,0.8781000624779521,10.897903088514095,15.61010058873335
D,25,15,125,log,0.1,0.1,0.0,4.064726188414776,0.8791013492843804,11.963897042240761,16.899823206176414
D,25,15,125,log,0.1,0.1,0.5,3.809480390578712,0.879735659597378,11.478949913332883,16.295753797518294
D,25,15,125,log,0.1,0.1,1.0,3.648153902471544,0.879728758872434,11.077707837264692,15.779802309848913
D,25,15,125,log,0.1,0.5,0.0,9.338168408343355,0.8808332401811219,18.615765860207198,24.296423140647818
D,25,15,125,log,0.1,0.5,0.5,6.096739380378077,0.8816918695713414,15.181780767080573,20.58128203641602
D,25,15,125,log,0.1,0.5,1.0,4.124521119026813,0.8806318962069822,12.36815986167061,17.25023309230997
D,25,15,125,log,0.5,0.0,0.0,3.835782003653042,0.8766519709837569,10.932198757756861,15.785160653524647
D,25,15,125,log,0.5,0.0,0.5,3.835782003653042,0.8766519709837569,10.932198757756861,15.785160653524647
D,25,15,125,log,0.5,0.0,1.0,3.835782003653042,0.8766519709837569,10.932198757756861,15.785160653524647
D,25,15,125,log,0.5,0.1,0.0,8.637899162821153,0.8793931115753113,17.726238711188067,23.500611125911902
D,25,15,125,log,0.5,0.1,0.5,5.866960608033973,0.8803858320941078,14.715393271191113,20.178373533226676
D,25,15,125,log,0.5,0.1,1.0,4.135847831180327,0.8798566612439961,12.20289674776622,17.17480172131969
D,25,15,125,log,0.5,0.5,0.0,87.37699195746896,0.880198513854555,43.371165246733156,48.7253118717916
D,25,15,125,log,0.5,0.5,0.5,41.718674690910596,0.8813539142221668,34.69367284175259,40.20016789024534
D,25,15,125,log,0.5,0.5,1.0,12.266100080119548,0.8751011000721709,21.224835177606522,27.06873455069686
D,25,15,125,log,1.0,0.0,0.0,3.8687285778267606,0.876361592143029,10.943672110832807,15.825428006551325
D,25,15,125,log,1.0,0.0,0.5,3.8687285778267606,0.876361592143029,10.943672110832807,15.825428006551325
D,25,15,125,log,1.0,0.0,1.0,3.8687285778267606,0.876361592143029,10.943672110832807,15.825428006551325
D,25,15,125,log,1.0,0.1,0.0,19.571104313974697,0.8794229940353178,25.771194808068408,31.58545838293484
D,25,15,125,log,1.0,0.1,0.5,10.723199584614326,0.8811056281706954,19.871760605037526,25.682834437988667
D,25,15,125,log,1.0,0.1,1.0,5.198644360685455,0.8802148950743028,14.039639558893986,19.290017977521266
D,25,15,125,log,1.0,0.5,0.0,273.61178579602887,0.8800548727488546,56.5017612612148,62.28676945750766
D,25,15,125,log,1.0,0.5,0.5,139.55592762688283,0.8802280599205894,48.64834635635887,54.34375687693423
D,25,15,125,log,1.0,0.5,1.0,38.15338165448714,0.8558587150703912,32.24075392758022,38.396384034872185
D,25,15,125,log,1.5,0.0,0.0,3.8813799075611835,0.8762465387012153,10.948133940551333,15.840534360976665
D,25,15,125,log,1.5,0.0,0.5,3.8813799075611835,0.8762465387012153,10.948133940551333,15.840534360976665
D,25,15,125,log,1.5,0.0,1.0,3.8813799075611835,0.8762465387012153,10.948133940551333,15.840534360976665
D,25,15,125,log,1.5,0.1,0.0,36.01469474176143,0.8793735307653,32.76770468086953,38.33295684223329
D,25,15,125,log,1.5,0.1,0.5,18.07895168159478,0.8810801885309637,25.148662803323123,30.9480222335743
D,25,15,125,log,1.5,0.1,1.0,6.841856071183538,0.8795888425993835,16.18750578573337,21.71374909535377
D,25,15,125,log,1.5,0.5,0.0,502.1986774236416,0.8800037188401824,63.23210632850693,69.39265349665543
D,25,15,125,log,1.5,0.5,0.5,280.969160472221,0.8790945887936156,56.50312156013566,62.55132817416667
D,25,15,125,log,1.5,0.5,1.0,80.26872091811879,0.8471530546795906,40.41798424738934,46.74252716059378
D,25,15,130,log,0.1,0.0,0.0,3.7161579267525697,0.8772715535849243,10.529962790964378,15.266598543640859
D,25,15,130,log,0.1,0.0,0.5,3.7161579267525697,0.8772715535849243,10.529962790964378,15.266598543640859
D,25,15,130,log,0.1,0.0,1.0,3.7161579267525697,0.8772715535849243,10.529962790964378,15.266598543640859
D,25,15,130,log,0.1,0.1,0.0,3.905410264839934,0.8786779013114172,11.440695678665241,16.35102243950905
D,25,15,130,log,0.1,0.1,0.5,3.7100394433037946,0.8790340688990709,11.01229563671554,15.80913903229849
D,25,15,130,log,0.1,0.1,1.0,3.6134268487709194,0.8789652746974861,10.667419594288901,15.371028499735093
D,25,15,130,log,0.1,0.5,0.0,8.489406850015392,0.8807941407625115,17.660734703365534,23.330140448345055
D,25,15,130,log,0.1,0.5,0.5,5.564286601304313,0.8813511106379618,14.36943426207539,19.71978164113609
D,25,15,130,log,0.1,0.5,1.0,3.899236474961657,0.8803018586605222,11.787817528703226,16.617103943789193
D,25,15,130,log,0.5,0.0,0.0,3.853522309076724,0.8758285140823461,10.581679612163605,15.453610169456903
D,25,15,130,log,0.5,0.0,0.5,3.853522309076724,0.8758285140823461,10.581679612163605,15.453610169456903
D,25,15,130,log,0.5,0.0,1.0,3.853522309076724,0.8758285140823461,10.581679612163605,15.453610169456903
D,25,15,130,log,0.5,0.1,0.0,7.8839754885000914,0.8792729263998084,16.83933772637586,22.592002220476758
D,25,15,130,log,0.5,0.1,0.5,5.388429087645532,0.8800362904382201,13.970891402764199,19.380117281487877
D,25,15,130,log,0.5,0.1,1.0,3.9351437268724014,0.8794443299395022,11.67005015401501,16.590861964553874
D,25,15,130,log,0.5,0.5,0.0,81.4236779107315,0.8802348776027189,42.4944004014729,47.81634057872434
D,25,15,130,log,0.5,0.5,0.5,38.3759554677908,0.8813210514388674,33.647164087161954,39.16723571161251
D,25,15,130,log,0.5,0.5,1.0,11.047020406516998,0.8752197457756067,20.147440036751334,26.000298729084783
D,25,15,130,log,1.0,0.0,0.0,3.887087829136391,0.875431847820197,10.597170709022963,15.496395440372723
D,25,15,130,log,1.0,0.0,0.5,3.887087829136391,0.875431847820197,10.597170709022963,15.496395440372723
D,25,15,130,log,1.0,0.0,1.0,3.887087829136391,0.875431847820197,10.597170709022963,15.496395440372723
D,25,15,130,log,1.0,0.1,0.0,17.915668045806946,0.8794211429350745,24.693805928183856,30.56047909266342
D,25,15,130,log,1.0,0.1,0.5,9.757820366758514,0.8807756621043771,18.866124410565067,24.697886506005663
D,25,15,130,log,1.0,0.1,1.0,4.787399798007093,0.8799068055975207,13.330181775901258,18.513661807590022
D,25,15,130,log,1.0,0.5,0.0,259.1376493150778,0.8800753180710255,55.89517043125053,61.61578712917061
D,25,15,130,log,1.0,0.5,0.5,130.5804175837119,0.8802211993106711,47.880501243094166,53.51707632324102
D,25,15,130,log,1.0,0.5,1.0,34.757094420012855,0.8566738269639302,31.11530227956255,37.29613119932431
D,25,15,130,log,1.5,0.0,0.0,3.900027673570836,0.875318702525487,10.603087007457727,15.512454644240629
D,25,15,130,log,1.5,0.0,0.5,3.900027673570836,0.875318702525487,10.603087007457727,15.512454644240629
D,25,15,130,log,1.5,0.0,1.0,3.900027673570836,0.875318702525487,10.603087007457727,15.512454644240629
D,25,15,130,log,1.5,0.1,0.0,33.21200611181967,0.8793752011039574,31.713658285900163,37.31960955576004
D,25,15,130,log,1.5,0.1,0.5,16.482883239590667,0.8809509458583975,24.050985971300193,29.901511554025696
D,25,15,130,log,1.5,0.1,1.0,6.2093617234010345,0.879409990255571,15.338303712227127,20.807975084870684
D,25,15,130,log,1.5,0.5,0.0,480.0604012336633,0.8800053658634042,62.758438612506595,68.85756921412838
D,25,15,130,log,1.5,0.5,0.5,265.6554779120073,0.8791181203004135,55.892310584619324,61.87517729090136
D,25,15,130,log,1.5,0.5,1.0,74.28544405657883,0.8471530546795906,39.42235475944347,45.733302808523014
D,25,20,115,log,0.1,0.0,0.0,2.982080865860243,0.8959146264612174,11.288806812769472,14.536055931794985
D,25,20,115,log,0.1,0.0,0.5,2.982080865860243,0.8959146264612174,11.288806812769472,14.536055931794985
D,25,20,115,log,0.1,0.0,1.0,2.982080865860243,0.8959146264612174,11.288806812769472,14.536055931794985
D,25,20,115,log,0.1,0.1,0.0,3.2409104709370427,0.8964095017667912,12.030449800867737,15.661916507112565
D,25,20,115,log,0.1,0.1,0.5,3.0659371215138114,0.8968550864482839,11.65808145767044,15.124681132472267
D,25,20,115,log,0.1,0.1,1.0,2.9654310311278063,0.89680910205175,11.3850008718639,14.691773355370383
D,25,20,115,log,0.1,0.5,0.0,7.062179808355952,0.8971267094683484,17.883381214888946,22.606003609410102
D,25,20,115,log,0.1,0.5,0.5,4.73198236593764,0.8978456145588636,14.738522415865015,19.073873048315328
D,25,20,115,log,0.1,0.5,1.0,3.297601714798044,0.8973319469538288,12.307497870377865,15.957145394434928
D,25,20,115,log,0.5,0.0,0.0,3.1000916805381453,0.8945559323466241,11.412756400073338,14.740822475330939
D,25,20,115,log,0.5,0.0,0.5,3.1000916805381453,0.8945559323466241,11.412756400073338,14.740822475330939
D,25,20,115,log,0.5,0.0,1.0,3.1000916805381453,0.8945559323466241,11.412756400073338,14.740822475330939
D,25,20,115,log,0.5,0.1,0.0,6.504004424452137,0.8959196094959841,17.02902502433418,21.781291977361963
D,25,20,115,log,0.5,0.1,0.5,4.538260196577349,0.8969504584800656,14.32226391482034,18.650681901610177
D,25,20,115,log,0.5,0.1,1.0,3.303126334234322,0.8967670232988059,12.211050353965668,15.886196169126544
D,25,20,115,log,0.5,0.5,0.0,58.9324125871333,0.8964332347875906,41.23358395262299,45.799026038372084
D,25,20,115,log,0.5,0.5,0.5,29.18441777379187,0.8970758065017481,32.94152847795445,37.64628710454912
D,25,20,115,log,0.5,0.5,1.0,9.064460719751605,0.8899688229594395,20.187124408308804,25.141616660264607
D,25,20,115,log,1.0,0.0,0.0,3.1277272333665427,0.8943144261980788,11.44191001434185,14.786008396672267
D,25,20,115,log,1.0,0.0,0.5,3.1277272333665427,0.8943144261980788,11.44191001434185,14.786008396672267
D,25,20,115,log,1.0,0.0,1.0,3.1277272333665427,0.8943144261980788,11.44191001434185,14.786008396672267
D,25,20,115,log,1.0,0.1,0.0,14.140476683376738,0.8957776238939319,24.47445213163936,29.430839025406065
D,25,20,115,log,1.0,0.1,0.5,7.976703523656141,0.8971811363826344,18.914783044299007,23.79568108553378
D,25,20,115,log,1.0,0.1,1.0,4.051809684661696,0.8966745787096603,13.698911133748675,17.79574255598209
D,25,20,115,log,1.0,0.5,0.0,173.04817816759467,0.8963017102446145,53.7433565130205,58.69708404355028
D,25,20,115,log,1.0,0.5,0.5,91.4529527973607,0.8957739006132559,46.243225627955816,51.10955093367577
D,25,20,115,log,1.0,0.5,1.0,26.624733650159477,0.8684023821301151,30.67998045481076,35.96487842426887
D,25,20,115,log,1.5,0.0,0.0,3.13830714127268,0.894209233462161,11.45294351793411,14.802881561972214
D,25,20,115,log,1.5,0.0,0.5,3.13830714127268,0.894209233462161,11.45294351793411,14.802881561972214
D,25,20,115,log,1.5,0.0,1.0,3.13830714127268,0.894209233462161,11.45294351793411,14.802881561972214
D,25,20,115,log,1.5,0.1,0.0,25.27545554861141,0.895727399918026,31.101889497925452,35.848353963244975
D,25,20,115,log,1.5,0.1,0.5,13.093300297010847,0.897144724542763,23.846350286116483,28.78670949299522
D,25,20,115,log,1.5,0.1,1.0,5.212872592287709,0.8954140972556905,15.564520954536835,20.040330009827198
D,25,20,115,log,1.5,0.5,0.0,306.63726599577933,0.89624332817022,60.16838244313409,65.46273736348458
D,25,20,115,log,1.5,0.5,0.5,177.03067937590404,0.8944680062442772,53.74106488574466,58.928899364484074
D,25,20,115,log,1.5,0.5,1.0,53.404401378404955,0.8617116415085343,38.53322914975027,43.920937575714234
D,25,20,120,log,0.1,0.0,0.0,3.270445607721025,0.8871284248294368,11.094402036949061,14.925916849819941
D,25,20,120,log,0.1,0.0,0.5,3.270445607721025,0.8871284248294368,11.094402036949061,14.925916849819941
D,25,20,120,log,0.1,0.0,1.0,3.270445607721025,0.8871284248294368,11.094402036949061,14.925916849819941
D,25,20,120,log,0.1,0.1,0.0,3.584143915572953,0.8879278926717358,12.009380222919518,16.171862994745418
D,25,20,120,log,0.1,0.1,0.5,3.3709580772890675,0.8882710000891233,11.58041387624486,15.58670903712375
D,25,20,120,log,0.1,0.1,1.0,3.2469080567386035,0.8882249584286603,11.242801079642597,15.105383478002699
D,25,20,120,log,0.1,0.5,0.0,8.087891750252135,0.8891026840034699,18.285310597164305,23.43190626886843
D,25,20,120,log,0.1,0.5,0.5,5.344537156043498,0.8896684578509475,14.981754548178913,19.77911353262595
D,25,20,120,log,0.1,0.5,1.0,3.654842536709391,0.8888406822626361,12.357864263803307,16.513718370311445
D,25,20,120,log,0.5,0.0,0.0,3.4001237144693555,0.8857483990581063,11.171953846271595,15.112465833765441
D,25,20,120,log,0.5,0.0,0.5,3.4001237144693555,0.8857483990581063,11.171953846271595,15.112465833765441
D,25,20,120,log,0.5,0.0,1.0,3.4001237144693555,0.8857483990581063,11.171953846271595,15.112465833765441
D,25,20,120,log,0.5,0.1,0.0,7.461635826982257,0.8878000020867104,17.40816483184455,22.614850226260348
D,25,20,120,log,0.5,0.1,0.5,5.130762899613049,0.8886201141293748,14.534711374703459,19.356985282084494
D,25,20,120,log,0.5,0.1,1.0,3.6582512760582895,0.8882330448102087,12.218946663741077,16.42992289431631
D,25,20,120,log,0.5,0.5,0.0,71.6895416500652,0.8884149014412795,42.353897496089886,47.299922733320216
D,25,20,120,log,0.5,0.5,0.5,34.85027700699213,0.8890880196135178,33.84697627114679,38.94360191566317
D,25,20,120,log,0.5,0.5,1.0,10.518801111534794,0.8823816008719992,20.726154702684365,26.09961238688312
D,25,20,120,log,1.0,0.0,0.0,3.4300152895488423,0.8854922215881688,11.192034241288408,15.154153157577024
D,25,20,120,log,1.0,0.0,0.5,3.4300152895488423,0.8854922215881688,11.192034241288408,15.154153157577024
D,25,20,120,log,1.0,0.0,1.0,3.4300152895488423,0.8854922215881688,11.192034241288408,15.154153157577024
D,25,20,120,log,1.0,0.1,0.0,16.598256041116066,0.8877320472232189,25.16620674745473,30.520016466502426
D,25,20,120,log,1.0,0.1,0.5,9.223862029504705,0.889034296417593,19.413287260950685,24.72458702356737
D,25,20,120,log,1.0,0.1,1.0,4.559642039914226,0.8884080440067372,13.884668285312717,18.479317202556086
D,25,20,120,log,1.0,0.5,0.0,217.57585654382245,0.8882654816309292,55.18286795353132,60.54347668008527
D,25,20,120,log,1.0,0.5,0.5,112.91939683963128,0.8878600975880924,47.48908524737184,52.76369784377357
D,25,20,120,log,1.0,0.5,1.0,31.828575959866594,0.8619326180966314,31.48490747502682,37.1981881950993
D,25,20,120,log,1.5,0.0,0.0,3.4413702900677157,0.8853713485384087,11.199611053619492,15.169646676505739
D,25,20,120,log,1.5,0.0,0.5,3.4413702900677157,0.8853713485384087,11.199611053619492,15.169646676505739
D,25,20,120,log,1.5,0.0,1.0,3.4413702900677157,0.8853713485384087,11.199611053619492,15.169646676505739
D,25,20,120,log,1.5,0.1,0.0,30.119394219572836,0.8876837706863843,31.98120016880581,37.11567684706937
D,25,20,120,log,1.5,0.1,0.5,15.35396521655132,0.8890330929448652,24.527997168973826,29.87565665623527
D,25,20,120,log,1.5,0.1,1.0,5.945420471284061,0.887378241170875,15.896334845810921,20.839772040664894
D,25,20,120,log,1.5,0.5,0.0,392.57531088467204,0.8882243108888132,61.76469526694505,67.48572656986155
D,25,20,120,log,1.5,0.5,0.5,223.0332261133767,0.8866315634823213,55.172737661005996,60.78600109350366
D,25,20,120,log,1.5,0.5,1.0,65.41229081541951,0.8540869255373801,39.507995313668154,45.35958723124549
D,25,20,125,log,0.1,0.0,0.0,3.6797216072659906,0.8783187411759321,10.877529039927108,15.589836493226448
D,25,20,125,log,0.1,0.0,0.5,3.6797216072659906,0.8783187411759321,10.877529039927108,15.589836493226448
D,25,20,125,log,0.1,0.0,1.0,3.6797216072659906,0.8783187411759321,10.877529039927108,15.589836493226448
D,25,20,125,log,0.1,0.1,0.0,4.048457345067311,0.8794666182847711,11.954172376405424,16.888853333798615
D,25,20,125,log,0.1,0.1,0.5,3.792748137914317,0.8799807278362426,11.467821138696204,16.280447732580704
D,25,20,125,log,0.1,0.1,1.0,3.645013061754579,0.8797365642243568,11.073361173715316,15.774858322721588
D,25,20,125,log,0.1,0.5,0.0,9.319930505276176,0.8811804220172965,18.635750589841944,24.3015919634865
D,25,20,125,log,0.1,0.5,0.5,6.096739380378077,0.8816918695713414,15.181780767080573,20.58128203641602
D,25,20,125,log,0.1,0.5,1.0,4.124521119026813,0.8806318962069822,12.36815986167061,17.25023309230997
D,25,20,125,log,0.5,0.0,0.0,3.819339622051193,0.8768372593342972,10.912171648446389,15.767455199509971
D,25,20,125,log,0.5,0.0,0.5,3.819339622051193,0.8768372593342972,10.912171648446389,15.767455199509971
D,25,20,125,log,0.5,0.0,1.0,3.819339622051193,0.8768372593342972,10.912171648446389,15.767455199509971
D,25,20,125,log,0.5,0.1,0.0,8.619960270564789,0.8797777085337083,17.74081163289254,23.505083501829894
D,25,20,125,log,0.5,0.1,0.5,5.866960608033958,0.8803858320941078,14.715393271191095,20.17837353322665
D,25,20,125,log,0.5,0.1,1.0,4.135847831180327,0.8798566612439961,12.20289674776622,17.17480172131969
D,25,20,125,log,0.5,0.5,0.0,87.34357141396579,0.8805462886905963,43.39707184927089,48.7387373071344
D,25,20,125,log,0.5,0.5,0.5,41.718674690910596,0.8813539142221668,34.69367284175259,40.20016789024534
D,25,20,125,log,0.5,0.5,1.0,12.266100080119548,0.8751011000721709,21.224835177606522,27.06873455069686
D,25,20,125,log,1.0,0.0,0.0,3.852338550665803,0.876454891019655,10.923851553421018,15.807751790889373
D,25,20,125,log,1.0,0.0,0.5,3.852338550665803,0.876454891019655,10.923851553421018,15.807751790889373
D,25,20,125,log,1.0,0.0,1.0,3.852338550665803,0.876454891019655,10.923851553421018,15.807751790889373
D,25,20,125,log,1.0,0.1,0.0,19.54831537355239,0.8798200577796796,25.806687359482613,31.595897849604874
D,25,20,125,log,1.0,0.1,0.5,10.723199584614324,0.8811056281706954,19.871760605037526,25.682834437988667
D,25,20,125,log,1.0,0.1,1.0,5.198644360685455,0.8802148950743028,14.039639558893986,19.290017977521266
D,25,20,125,log,1.0,0.5,0.0,273.5626336194078,0.8804001224937709,56.52005367672939,62.297599868339816
D,25,20,125,log,1.0,0.5,0.5,139.55592762688283,0.8802280599205894,48.64834635635887,54.34375687693423
D,25,20,125,log,1.0,0.5,1.0,38.15338165448714,0.8558587150703912,32.24075392758022,38.396384034872185
D,25,20,125,log,1.5,0.0,0.0,3.864652084477265,0.8763579939176787,10.928293793071749,15.822703532738487
D,25,20,125,log,1.5,0.0,0.5,3.864652084477265,0.8763579939176787,10.928293793071749,15.822703532738487
D,25,20,125,log,1.5,0.0,1.0,3.864652084477265,0.8763579939176787,10.928293793071749,15.822703532738487
D,25,20,125,log,1.5,0.1,0.0,35.98400674959531,0.8797745187459425,32.801319987520635,38.3456271501666
D,25,20,125,log,1.5,0.1,0.5,18.078951681594777,0.8810801885309637,25.14866280332312,30.9480222335743
D,25,20,125,log,1.5,0.1,1.0,6.841856071183538,0.8795888425993835,16.18750578573337,21.71374909535377
D,25,20,125,log,1.5,0.5,0.0,502.13847736847083,0.8803496067647094,63.24636133667913,69.4015249441597
D,25,20,125,log,1.5,0.5,0.5,280.969160472221,0.8790945887936156,56.50312156013566,62.55132817416667
D,25,20,125,log,1.5,0.5,1.0,80.26872091811879,0.8471530546795906,40.41798424738934,46.74252716059378
D,25,20,130,log,0.1,0.0,0.0,3.6948024845102942,0.8774423665802533,10.508631898740832,15.243311781320335
D,25,20,130,log,0.1,0.0,0.5,3.6948024845102942,0.8774423665802533,10.508631898740832,15.243311781320335
D,25,20,130,log,0.1,0.0,1.0,3.6948024845102942,0.8774423665802533,10.508631898740832,15.243311781320335
D,25,20,130,log,0.1,0.1,0.0,3.8904087452882647,0.8790070799523761,11.428412503090582,16.34037037415187
D,25,20,130,log,0.1,0.1,0.5,3.6937281248564644,0.879251148512294,10.999493723191474,15.793009481845655
D,25,20,130,log,0.1,0.1,1.0,3.610803221854816,0.879069516582472,10.662601024513716,15.36546167648699
D,25,20,130,log,0.1,0.5,0.0,8.471902619923812,0.8811489454553486,17.67787288283169,23.335019602277235
D,25,20,130,log,0.1,0.5,0.5,5.564286601304313,0.8813511106379618,14.36943426207539,19.71978164113609
D,25,20,130,log,0.1,0.5,1.0,3.899236474961657,0.8803018586605222,11.787817528703226,16.617103943789193
D,25,20,130,log,0.5,0.0,0.0,3.829564562358267,0.8759779693380139,10.561095985454378,15.430629593498946
D,25,20,130,log,0.5,0.0,0.5,3.829564562358267,0.8759779693380139,10.561095985454378,15.430629593498946
D,25,20,130,log,0.5,0.0,1.0,3.829564562358267,0.8759779693380139,10.561095985454378,15.430629593498946
D,25,20,130,log,0.5,0.1,0.0,7.866606203635942,0.8796902262039328,16.854320830212785,22.59648898253595
D,25,20,130,log,0.5,0.1,0.5,5.388429087645519,0.8800362904382201,13.970891402764181,19.380117281487856
D,25,20,130,log,0.5,0.1,1.0,3.9351437268724014,0.8794443299395022,11.67005015401501,16.590861964553874
D,25,20,130,log,0.5,0.5,0.0,81.38854330421722,0.8805933406078236,42.52228324402941,47.83076453090535
D,25,20,130,log,0.5,0.5,0.5,38.3759554677908,0.8813210514388674,33.647164087161954,39.16723571161251
D,25,20,130,log,0.5,0.5,1.0,11.047020406516998,0.8752197457756067,20.147440036751334,26.000298729084783
D,25,20,130,log,1.0,0.0,0.0,3.8622600185331195,0.8756884494082365,10.576540764150938,15.473115275434528
D,25,20,130,log,1.0,0.0,0.5,3.8622600185331195,0.8756884494082365,10.576540764150938,15.473115275434528
D,25,20,130,log,1.0,0.0,1.0,3.8622600185331195,0.8756884494082365,10.576540764150938,15.473115275434528
D,25,20,130,log,1.0,0.1,0.0,17.89363106154492,0.879803290251027,24.73136235502031,30.571210937221856
D,25,20,130,log,1.0,0.1,0.5,9.75782036675852,0.8807756621043771,18.86612441056507,24.69788650600567
D,25,20,130,log,1.0,0.1,1.0,4.787399798007093,0.8799068055975207,13.330181775901258,18.513661807590022
D,25,20,130,log,1.0,0.5,0.0,259.0790475764114,0.8804379304863792,55.91486063306259,61.62748460795966
D,25,20,130,log,1.0,0.5,0.5,130.5804175837119,0.8802211993106711,47.880501243094166,53.51707632324102
D,25,20,130,log,1.0,0.5,1.0,34.757094420012855,0.8566738269639302,31.11530227956255,37.29613119932431
D,25,20,130,log,1.5,0.0,0.0,3.874895458166461,0.8755463768440268,10.582398859974168,15.489033950740438
D,25,20,130,log,1.5,0.0,0.5,3.874895458166461,0.8755463768440268,10.582398859974168,15.489033950740438
D,25,20,130,log,1.5,0.0,1.0,3.874895458166461,0.8755463768440268,10.582398859974168,15.489033950740438
D,25,20,130,log,1.5,0.1,0.0,33.181752443463765,0.879770713156286,31.74965956576305,37.33285420668891
D,25,20,130,log,1.5,0.1,0.5,16.48288323959065,0.8809509458583975,24.050985971300182,29.90151155402569
D,25,20,130,log,1.5,0.1,1.0,6.2093617234010345,0.879409990255571,15.338303712227127,20.807975084870684
D,25,20,130,log,1.5,0.5,0.0,479.9842773224597,0.8803778135042325,62.773794080920496,68.8671539386057
D,25,20,130,log,1.5,0.5,0.5,265.6554779120073,0.8791181203004135,55.892310584619324,61.87517729090136
D,25,20,130,log,1.5,0.5,1.0,74.28544405657883,0.8471530546795906,39.42235475944347,45.733302808523014
D,30,10,115,log,0.1,0.0,0.0,2.465530270283606,0.9036885232467563,10.514474968706748,13.418268784379524
D,30,10,115,log,0.1,0.0,0.5,2.465530270283606,0.9036885232467563,10.514474968706748,13.418268784379524
D,30,10,115,log,0.1,0.0,1.0,2.465530270283606,0.9036885232467563,10.514474968706748,13.418268784379524
D,30,10,115,log,0.1,0.1,0.0,2.675602522769103,0.90425175113603,11.164598887650595,14.506890166046338
D,30,10,115,log,0.1,0.1,0.5,2.554048994131312,0.9044001338333473,10.849784821693289,14.020257155441806
D,30,10,115,log,0.1,0.1,1.0,2.4759554223786937,0.9045300640008053,10.604315515775525,13.604712862661028
D,30,10,115,log,0.1,0.5,0.0,6.053835653169183,0.9046527491603209,17.1213073945448,21.583050570689057
D,30,10,115,log,0.1,0.5,0.5,4.015438659523502,0.9056728633188055,13.881063476999538,18.030929482808176
D,30,10,115,log,0.1,0.5,1.0,2.7329185426627336,0.9055551981224645,11.39553553654604,14.817120035314634
D,30,10,115,log,0.5,0.0,0.0,2.553807790232368,0.902390024060019,10.640678816555038,13.610152014308
D,30,10,115,log,0.5,0.0,0.5,2.553807790232368,0.902390024060019,10.640678816555038,13.610152014308
D,30,10,115,log,0.5,0.0,1.0,2.553807790232368,0.902390024060019,10.640678816555038,13.610152014308
D,30,10,115,log,0.5,0.1,0.0,5.5536781551493,0.9034750221766492,16.22230398746034,20.745092990144247
D,30,10,115,log,0.5,0.1,0.5,3.855456864383496,0.9041346775277533,13.463681279549338,17.610091072465288
D,30,10,115,log,0.5,0.1,1.0,2.7792605689019325,0.9041013325238272,11.386025679621772,14.832440856112907
D,30,10,115,log,0.5,0.5,0.0,53.844668023260986,0.903857231367075,40.708670962636624,45.10073952523701
D,30,10,115,log,0.5,0.5,0.5,26.536586653742887,0.9048989986575761,32.62530448199956,37.027373840875256
D,30,10,115,log,0.5,0.5,1.0,7.876306730564826,0.9006243277561892,19.845838196644127,24.35419073879776
D,30,10,115,log,1.0,0.0,0.0,2.574713859749565,0.9021250914305682,10.670314874762173,13.653174038028471
D,30,10,115,log,1.0,0.0,0.5,2.574713859749565,0.9021250914305682,10.670314874762173,13.653174038028471
D,30,10,115,log,1.0,0.0,1.0,2.574713859749565,0.9021250914305682,10.670314874762173,13.653174038028471
D,30,10,115,log,1.0,0.1,0.0,12.491262308489613,0.9032605486475385,23.96981782429135,28.597612007124916
D,30,10,115,log,1.0,0.1,0.5,7.008258977442378,0.9040960775487413,18.25491389688951,22.911606489167067
D,30,10,115,log,1.0,0.1,1.0,3.443856428023112,0.9040969717311327,12.82433214212036,16.764773948879267
D,30,10,115,log,1.0,0.5,0.0,161.57316887415897,0.9036786318205163,53.051411864861656,57.9783374752735
D,30,10,115,log,1.0,0.5,0.5,85.19058616796356,0.9042057562590935,45.776858929663184,50.54372001064248
D,30,10,115,log,1.0,0.5,1.0,23.527683857038124,0.884168403726482,30.750149572144302,35.552726650324885
D,30,10,115,log,1.5,0.0,0.0,2.582710770245632,0.9020051181891029,10.68148112436339,13.669215311583452
D,30,10,115,log,1.5,0.0,0.5,2.582710770245632,0.9020051181891029,10.68148112436339,13.669215311583452
D,30,10,115,log,1.5,0.0,1.0,2.582710770245632,0.9020051181891029,10.68148112436339,13.669215311583452
D,30,10,115,log,1.5,0.1,0.0,22.718798702161138,0.9031905408088742,30.675088380925057,35.115970215881774
D,30,10,115,log,1.5,0.1,0.5,11.7256899091226,0.904088447740857,23.368942570975253,28.02158969297392
D,30,10,115,log,1.5,0.1,1.0,4.484278786447079,0.9035573226998312,14.758763707578868,19.066285994848794
D,30,10,115,log,1.5,0.5,0.0,289.0782583776677,0.903603760432301,59.3962248531778,64.71498383921404
D,30,10,115,log,1.5,0.5,0.5,166.93737258207517,0.9034319506218983,53.18062609549209,58.35156521648298
D,30,10,115,log,1.5,0.5,1.0,49.42674664390602,0.8713215671213058,38.45739973474165,43.66513204887641
D,30,10,120,log,0.1,0.0,0.0,2.6561026007525625,0.8955177290975195,10.339082291503097,13.757449905142725
D,30,10,120,log,0.1,0.0,0.5,2.6561026007525625,0.8955177290975195,10.339082291503097,13.757449905142725
D,30,10,120,log,0.1,0.0,1.0,2.6561026007525625,0.8955177290975195,10.339082291503097,13.757449905142725
D,30,10,120,log,0.1,0.1,0.0,2.9225988910616243,0.8962403553011116,11.164356488339886,14.97235898977956
D,30,10,120,log,0.1,0.1,0.5,2.775229742683318,0.8962637682314144,10.790501598339183,14.443814453767
D,30,10,120,log,0.1,0.1,1.0,2.673920115686696,0.8962312913216823,10.475052375985722,13.974981202959125
D,30,10,120,log,0.1,0.5,0.0,6.8653135671750105,0.896989693175902,17.5235963970118,22.363369686861354
D,30,10,120,log,0.1,0.5,0.5,4.495322344575399,0.8977768791533736,14.145642257235707,18.699544872133576
D,30,10,120,log,0.1,0.5,1.0,3.00168075587275,0.8975325903118664,11.478692945432922,15.346483604734805
D,30,10,120,log,0.5,0.0,0.0,2.749433516059498,0.8940905278238839,10.4187052794009,13.93146775389057
D,30,10,120,log,0.5,0.0,0.5,2.749433516059498,0.8940905278238839,10.4187052794009,13.93146775389057
D,30,10,120,log,0.5,0.0,1.0,2.749433516059498,0.8940905278238839,10.4187052794009,13.93146775389057
D,30,10,120,log,0.5,0.1,0.0,6.313709999728862,0.8957267152385624,16.615319613080963,21.53752881670541
D,30,10,120,log,0.5,0.1,0.5,4.32423212921343,0.8960761072947561,13.702030997384512,18.287277898467387
D,30,10,120,log,0.5,0.1,1.0,3.0513806538513157,0.8958802569140039,11.422328539342189,15.34697258085382
D,30,10,120,log,0.5,0.5,0.0,65.03520491229713,0.8961709318344855,41.78189179511918,46.547160325038
D,30,10,120,log,0.5,0.5,0.5,31.4644378482787,0.8971005875375738,33.49439069454577,38.28037855477545
D,30,10,120,log,0.5,0.5,1.0,9.072270375367506,0.8932377645502898,20.3896094684738,25.294066151647876
D,30,10,120,log,1.0,0.0,0.0,2.7716221847952984,0.893735467112117,10.438188868436137,13.970777984393498
D,30,10,120,log,1.0,0.0,0.5,2.7716221847952984,0.893735467112117,10.438188868436137,13.970777984393498
D,30,10,120,log,1.0,0.0,1.0,2.7716221847952984,0.893735467112117,10.438188868436137,13.970777984393498
D,30,10,120,log,1.0,0.1,0.0,14.53459670410327,0.8955600814002531,24.636070633498385,29.64266328741716
D,30,10,120,log,1.0,0.1,0.5,8.044894002152054,0.8961393772166687,18.744228521230788,23.80613515805539
D,30,10,120,log,1.0,0.1,1.0,3.854713201868175,0.8960257360705022,13.041781360177538,17.431540626611564
D,30,10,120,log,1.0,0.5,0.0,202.0498134154248,0.8959746761969164,54.427712009618304,59.760235271864055
D,30,10,120,log,1.0,0.5,0.5,104.60370917173793,0.8964690132276527,46.97089690499199,52.14299720488157
D,30,10,120,log,1.0,0.5,1.0,27.875244428032335,0.8777461808477591,31.550569990139884,36.77435362056161
D,30,10,120,log,1.5,0.0,0.0,2.7800559029225793,0.8936203929862894,10.445522449671746,13.985345940210374
D,30,10,120,log,1.5,0.0,0.5,2.7800559029225793,0.8936203929862894,10.445522449671746,13.985345940210374
D,30,10,120,log,1.5,0.0,1.0,2.7800559029225793,0.8936203929862894,10.445522449671746,13.985345940210374
D,30,10,120,log,1.5,0.1,0.0,26.85585480642885,0.8954736580423515,31.518955781902896,36.33501461641312
D,30,10,120,log,1.5,0.1,0.5,13.652385753021615,0.8961529586995974,24.025965505950985,29.071077122632552
D,30,10,120,log,1.5,0.1,1.0,5.087028326912431,0.895709818549301,15.120426496294016,19.84674274361316
D,30,10,120,log,1.5,0.5,0.0,368.35231551483014,0.8958910743281161,60.92144902676849,66.66721231065443
D,30,10,120,log,1.5,0.5,0.5,209.31033268127953,0.8957663305381708,54.55166762981993,60.14621371881958
D,30,10,120,log,1.5,0.5,1.0,60.08693767282365,0.8643882797496744,39.427290440522206,45.09179751712416
D,30,10,125,log,0.1,0.0,0.0,2.947295745584637,0.88711780781047,10.133249193549858,14.38569054920338
D,30,10,125,log,0.1,0.0,0.5,2.947295745584637,0.88711780781047,10.133249193549858,14.38569054920338
D,30,10,125,log,0.1,0.0,1.0,2.947295745584637,0.88711780781047,10.133249193549858,14.38569054920338
D,30,10,125,log,0.1,0.1,0.0,3.2632878307882924,0.888287432726402,11.13038891926773,15.646482811065733
D,30,10,125,log,0.1,0.1,0.5,3.0879589981261546,0.8881917246064843,10.696025662163274,15.100767154882721
D,30,10,125,log,0.1,0.1,1.0,2.970038124566085,0.8880775070915028,10.321136803524372,14.619392436981508
D,30,10,125,log,0.1,0.5,0.0,7.83268090224793,0.8896213962979065,17.88804190958477,23.182646872027213
D,30,10,125,log,0.1,0.5,0.5,5.087112690257305,0.8902307226734483,14.385730181817493,19.46357517668365
D,30,10,125,log,0.1,0.5,1.0,3.3628549882902306,0.8898010774967,11.527126693427329,16.056181669723117
D,30,10,125,log,0.5,0.0,0.0,3.048060979813454,0.885605149689509,10.172392160425904,14.55132588940781
D,30,10,125,log,0.5,0.0,0.5,3.048060979813454,0.885605149689509,10.172392160425904,14.55132588940781
D,30,10,125,log,0.5,0.0,1.0,3.048060979813454,0.885605149689509,10.172392160425904,14.55132588940781
D,30,10,125,log,0.5,0.1,0.0,7.227895337353088,0.888262744647508,16.97206722792767,22.382588961358447
D,30,10,125,log,0.5,0.1,0.5,4.910066330545366,0.8883611322794589,13.916422547402345,19.07589476387342
D,30,10,125,log,0.5,0.1,1.0,3.425218074072629,0.8878864521458005,11.429434901543042,16.065245005894443
D,30,10,125,log,0.5,0.5,0.0,78.69037074662265,0.8888399799890324,42.77743604540612,47.93263260618163
D,30,10,125,log,0.5,0.5,0.5,37.42132751681671,0.8896497558134948,34.302811238557375,39.494817790776665
D,30,10,125,log,0.5,0.5,1.0,10.502685957436869,0.8861535388142302,20.89718326830294,26.238979807900705
D,30,10,125,log,1.0,0.0,0.0,3.0723968675202316,0.8853094941494455,10.18382979023825,14.58903544099545
D,30,10,125,log,1.0,0.0,0.5,3.0723968675202316,0.8853094941494455,10.18382979023825,14.58903544099545
D,30,10,125,log,1.0,0.0,1.0,3.0723968675202316,0.8853094941494455,10.18382979023825,14.58903544099545
D,30,10,125,log,1.0,0.1,0.0,16.969070030115613,0.8881800258413695,25.253089679283228,30.674143410585554
D,30,10,125,log,1.0,0.1,0.5,9.289576430634579,0.8885304268542067,19.20860431698815,24.728371331237565
D,30,10,125,log,1.0,0.1,1.0,4.3744364176864075,0.8883640112758101,13.228946312959673,18.221037652680696
D,30,10,125,log,1.0,0.5,0.0,252.7209378854201,0.8886247515893949,55.701560494187945,61.44993063286712
D,30,10,125,log,1.0,0.5,0.5,128.62418135149184,0.8890706152805871,48.07758658990705,53.66849589109658
D,30,10,125,log,1.0,0.5,1.0,33.13990308280144,0.8716400035397269,32.29974575459039,37.96355683455399
D,30,10,125,log,1.5,0.0,0.0,3.081739730846322,0.8852117393800922,10.188001229624719,14.60307391629658
D,30,10,125,log,1.5,0.0,0.5,3.081739730846322,0.8852117393800922,10.188001229624719,14.60307391629658
D,30,10,125,log,1.5,0.0,1.0,3.081739730846322,0.8852117393800922,10.188001229624719,14.60307391629658
D,30,10,125,log,1.5,0.1,0.0,31.832103029120514,0.8880983578561619,32.30429590199178,37.518419305859126
D,30,10,125,log,1.5,0.1,0.5,15.95959348267338,0.8886115720705492,24.636672217323316,30.11068716372464
D,30,10,125,log,1.5,0.1,1.0,5.824897701207687,0.8881798067330224,15.457817447232008,20.69617102794713
D,30,10,125,log,1.5,0.5,0.0,469.03453601800527,0.888537715557816,62.332035575273835,68.51199329852177
D,30,10,125,log,1.5,0.5,0.5,262.52559288154765,0.8884174692410503,55.820731123387795,61.848562006430804
D,30,10,125,log,1.5,0.5,1.0,73.147992582971,0.8581265752958249,40.32993848615834,46.4614461095726
D,30,10,130,log,0.1,0.0,0.0,2.9433877203422307,0.886172192573029,9.802772804722414,14.060598806856337
D,30,10,130,log,0.1,0.0,0.5,2.9433877203422307,0.886172192573029,9.802772804722414,14.060598806856337
D,30,10,130,log,0.1,0.0,1.0,2.9433877203422307,0.886172192573029,9.802772804722414,14.060598806856337
D,30,10,130,log,0.1,0.1,0.0,3.1168315187301276,0.8877914183227071,10.645514501055604,15.108035582283318
D,30,10,130,log,0.1,0.1,0.5,2.9927197668975816,0.8876821591703653,10.269003580864787,14.630942921020893
D,30,10,130,log,0.1,0.1,1.0,2.930982712569194,0.8871208599988819,9.962410722298262,14.239571240937455
D,30,10,130,log,0.1,0.5,0.0,7.0823487794412925,0.889678692085169,16.92410520157318,22.203592239653695
D,30,10,130,log,0.1,0.5,0.5,4.622500212142405,0.8900820289098694,13.58035660104687,18.605315498980623
D,30,10,130,log,0.1,0.5,1.0,3.1670296297822276,0.8892590424838529,10.981650632640761,15.43532280882005
D,30,10,130,log,0.5,0.0,0.0,3.0438907928974706,0.8846434462450988,9.858486265985118,14.235668984790596
D,30,10,130,log,0.5,0.0,0.5,3.0438907928974706,0.8846434462450988,9.858486265985118,14.235668984790596
D,30,10,130,log,0.5,0.0,1.0,3.0438907928974706,0.8846434462450988,9.858486265985118,14.235668984790596
D,30,10,130,log,0.5,0.1,0.0,6.561037912281395,0.8882422611956076,16.07844927230399,21.46142992237246
D,30,10,130,log,0.5,0.1,0.5,4.495812245338597,0.8881529333752292,13.194000200593035,18.287013875257372
D,30,10,130,log,0.5,0.1,1.0,3.249107561302419,0.8871623926373177,10.934056596272491,15.497514800219927
D,30,10,130,log,0.5,0.5,0.0,73.23862024869439,0.8888996745769081,41.94990848501631,47.05033581906249
D,30,10,130,log,0.5,0.5,0.5,34.411115437189245,0.8895260699326446,33.30686833414878,38.484624722368814
D,30,10,130,log,0.5,0.5,1.0,9.429056409158528,0.8861239014921584,19.789403685030326,25.141402512264523
D,30,10,130,log,1.0,0.0,0.0,3.0689758670569462,0.8843625702036821,9.872984367294547,14.27587696217384
D,30,10,130,log,1.0,0.0,0.5,3.0689758670569462,0.8843625702036821,9.872984367294547,14.27587696217384
D,30,10,130,log,1.0,0.0,1.0,3.0689758670569462,0.8843625702036821,9.872984367294547,14.27587696217384
D,30,10,130,log,1.0,0.1,0.0,15.485583734125267,0.888202833031104,24.184356548569667,29.64929691545144
D,30,10,130,log,1.0,0.1,0.5,8.419682686354655,0.8883677980065399,18.230174318496317,23.748542598907186
D,30,10,130,log,1.0,0.1,1.0,4.018173470781253,0.8880158475993227,12.545941890520863,17.456925949546502
D,30,10,130,log,1.0,0.5,0.0,239.26712367526952,0.8886853721017186,55.12874378665286,60.805148334302
D,30,10,130,log,1.0,0.5,0.5,120.36785545092384,0.888947175403932,47.3517569611594,52.87133271172286
D,30,10,130,log,1.0,0.5,1.0,30.124010701352766,0.8721758530267831,31.251122389851837,36.87831978747765
D,30,10,130,log,1.5,0.0,0.0,3.078703019785457,0.8842185432885976,9.878466035844955,14.290934295018118
D,30,10,130,log,1.5,0.0,0.5,3.078703019785457,0.8842185432885976,9.878466035844955,14.290934295018118
D,30,10,130,log,1.5,0.0,1.0,3.078703019785457,0.8842185432885976,9.878466035844955,14.290934295018118
D,30,10,130,log,1.5,0.1,0.0,29.297817317476056,0.888109214347598,31.29216809009505,36.519772899926224
D,30,10,130,log,1.5,0.1,0.5,14.533492601172586,0.8884386878744943,23.56174585051245,29.075925294842033
D,30,10,130,log,1.5,0.1,1.0,5.2713337918690355,0.8879148542024922,14.599798081470345,19.787490024825104
D,30,10,130,log,1.5,0.5,0.0,448.35278054467216,0.8885777244612623,61.88436456887998,67.99911473017764
D,30,10,130,log,1.5,0.5,0.5,248.28355313226626,0.888310193221676,55.24339122452799,61.19828589455271
D,30,10,130,log,1.5,0.5,1.0,67.4888107453812,0.8584239021861055,39.418677527963396,45.49790532399222
D,30,15,115,log,0.1,0.0,0.0,2.483309036257206,0.9033563004646277,10.527171743338902,13.45725221493933
D,30,15,115,log,0.1,0.0,0.5,2.483309036257206,0.9033563004646277,10.527171743338902,13.45725221493933
D,30,15,115,log,0.1,0.0,1.0,2.483309036257206,0.9033563004646277,10.527171743338902,13.45725221493933
D,30,15,115,log,0.1,0.1,0.0,2.690990765680867,0.9039058783115422,11.180951821336532,14.541470989112446
D,30,15,115,log,0.1,0.1,0.5,2.5577741210440776,0.9043093002314835,10.853897420836148,14.031046300946533
D,30,15,115,log,0.1,0.1,1.0,2.4759554223786937,0.9045300640008053,10.604315515775525,13.604712862661028
D,30,15,115,log,0.1,0.5,0.0,6.075582902868175,0.9043226219500706,17.153093304460903,21.607094416485246
D,30,15,115,log,0.1,0.5,0.5,4.015438659523502,0.9056728633188055,13.881063476999538,18.030929482808176
D,30,15,115,log,0.1,0.5,1.0,2.7329185426627336,0.9055551981224645,11.39553553654604,14.817120035314634
D,30,15,115,log,0.5,0.0,0.0,2.5749411311957724,0.9020601405764422,10.664578745655467,13.657010134110795
D,30,15,115,log,0.5,0.0,0.5,2.5749411311957724,0.9020601405764422,10.664578745655467,13.657010134110795
D,30,15,115,log,0.5,0.0,1.0,2.5749411311957724,0.9020601405764422,10.664578745655467,13.657010134110795
D,30,15,115,log,0.5,0.1,0.0,5.577484515649273,0.9030716968660061,16.259199383257965,20.773124302235058
D,30,15,115,log,0.5,0.1,0.5,3.8554568643834957,0.9041346775277533,13.463681279549334,17.610091072465288
D,30,15,115,log,0.5,0.1,1.0,2.7792605689019325,0.9041013325238272,11.386025679621772,14.832440856112907
D,30,15,115,log,0.5,0.5,0.0,53.927029638501914,0.9035048466375475,40.72584767462456,45.11581960827852
D,30,15,115,log,0.5,0.5,0.5,26.536586653742887,0.9048989986575761,32.62530448199956,37.027373840875256
D,30,15,115,log,0.5,0.5,1.0,7.876306730564826,0.9006243277561892,19.845838196644127,24.35419073879776
D,30,15,115,log,1.0,0.0,0.0,2.5964611067469328,0.9017251245764262,10.695621198172443,13.701449610254546
D,30,15,115,log,1.0,0.0,0.5,2.5964611067469328,0.9017251245764262,10.695621198172443,13.701449610254546
D,30,15,115,log,1.0,0.0,1.0,2.5964611067469328,0.9017251245764262,10.695621198172443,13.701449610254546
D,30,15,115,log,1.0,0.1,0.0,12.524408363490355,0.9028818549346985,23.996151991823304,28.620340534844082
D,30,15,115,log,1.0,0.1,0.5,7.008258977442378,0.9040960775487413,18.25491389688951,22.911606489167067
D,30,15,115,log,1.0,0.1,1.0,3.443856428023112,0.9040969717311327,12.82433214212036,16.764773948879267
D,30,15,115,log,1.0,0.5,0.0,161.72654674915574,0.9033269269739318,53.06370036823167,57.98895858872247
D,30,15,115,log,1.0,0.5,0.5,85.19058616796356,0.9042057562590935,45.776858929663184,50.54372001064248
D,30,15,115,log,1.0,0.5,1.0,23.527683857038124,0.884168403726482,30.750149572144302,35.552726650324885
D,30,15,115,log,1.5,0.0,0.0,2.6046590009194297,0.9016398481068878,10.707218476388716,13.717988108547601
D,30,15,115,log,1.5,0.0,0.5,2.6046590009194297,0.9016398481068878,10.707218476388716,13.717988108547601
D,30,15,115,log,1.5,0.0,1.0,2.6046590009194297,0.9016398481068878,10.707218476388716,13.717988108547601
D,30,15,115,log,1.5,0.1,0.0,22.76516723284393,0.9028164826379731,30.701071428292305,35.13610508874639
D,30,15,115,log,1.5,0.1,0.5,11.725689909122615,0.904088447740857,23.368942570975264,28.02158969297393
D,30,15,115,log,1.5,0.1,1.0,4.484278786447079,0.9035573226998312,14.758763707578868,19.066285994848794
D,30,15,115,log,1.5,0.5,0.0,289.2827989431554,0.9032662554542945,59.40596345796162,64.72333336250848
D,30,15,115,log,1.5,0.5,0.5,166.93737258207517,0.9034319506218983,53.18062609549209,58.35156521648298
D,30,15,115,log,1.5,0.5,1.0,49.42674664390602,0.8713215671213058,38.45739973474165,43.66513204887641
D,30,15,120,log,0.1,0.0,0.0,2.6802184456340044,0.8950130462215677,10.353522505824197,13.802098861083527
D,30,15,120,log,0.1,0.0,0.5,2.6802184456340044,0.8950130462215677,10.353522505824197,13.802098861083527
D,30,15,120,log,0.1,0.0,1.0,2.6802184456340044,0.8950130462215677,10.353522505824197,13.802098861083527
D,30,15,120,log,0.1,0.1,0.0,2.944009696289998,0.8958435793617457,11.186572622891344,15.013404570266932
D,30,15,120,log,0.1,0.1,0.5,2.780295070852726,0.8961859671371901,10.796201591997505,14.457649300435659
D,30,15,120,log,0.1,0.1,1.0,2.673920115686696,0.8962312913216823,10.475052375985722,13.974981202959125
D,30,15,120,log,0.1,0.5,0.0,6.895041659404117,0.8965852927576368,17.563611504254407,22.393364587432302
D,30,15,120,log,0.1,0.5,0.5,4.495322344575399,0.8977768791533736,14.145642257235707,18.699544872133576
D,30,15,120,log,0.1,0.5,1.0,3.00168075587275,0.8975325903118664,11.478692945432922,15.346483604734805
D,30,15,120,log,0.5,0.0,0.0,2.7772443022616713,0.8935821103970621,10.4441459598299,13.98376478513855
D,30,15,120,log,0.5,0.0,0.5,2.7772443022616713,0.8935821103970621,10.4441459598299,13.98376478513855
D,30,15,120,log,0.5,0.0,1.0,2.7772443022616713,0.8935821103970621,10.4441459598299,13.98376478513855
D,30,15,120,log,0.5,0.1,0.0,6.345346387109344,0.8952672598581973,16.661543013225177,21.571328760292992
D,30,15,120,log,0.5,0.1,0.5,4.32423212921343,0.8960761072947561,13.702030997384512,18.287277898467387
D,30,15,120,log,0.5,0.1,1.0,3.0513806538513157,0.8958802569140039,11.422328539342189,15.34697258085382
D,30,15,120,log,0.5,0.5,0.0,65.15360297245202,0.8957430298321809,41.802961211896225,46.56605369890678
D,30,15,120,log,0.5,0.5,0.5,31.4644378482787,0.8971005875375738,33.49439069454577,38.28037855477545
D,30,15,120,log,0.5,0.5,1.0,9.072270375367506,0.8932377645502898,20.3896094684738,25.294066151647876
D,30,15,120,log,1.0,0.0,0.0,2.7998266219418277,0.8932420001578396,10.4656637030854,14.024093754854926
D,30,15,120,log,1.0,0.0,0.5,2.7998266219418277,0.8932420001578396,10.4656637030854,14.024093754854926
D,30,15,120,log,1.0,0.0,1.0,2.7998266219418277,0.8932420001578396,10.4656637030854,14.024093754854926
D,30,15,120,log,1.0,0.1,0.0,14.579830958482328,0.8950975384803556,24.671364894841304,29.670308202141378
D,30,15,120,log,1.0,0.1,0.5,8.044894002152061,0.8961393772166687,18.744228521230795,23.8061351580554
D,30,15,120,log,1.0,0.1,1.0,3.854713201868175,0.8960257360705022,13.041781360177538,17.431540626611564
D,30,15,120,log,1.0,0.5,0.0,202.28358405261082,0.8955657607957175,54.44265531928981,59.77352248733017
D,30,15,120,log,1.0,0.5,0.5,104.60370917173793,0.8964690132276527,46.97089690499199,52.14299720488157
D,30,15,120,log,1.0,0.5,1.0,27.875244428032335,0.8777461808477591,31.550569990139884,36.77435362056161
D,30,15,120,log,1.5,0.0,0.0,2.8083952295027204,0.8931093352804382,10.473640196979131,14.0390304554
D,30,15,120,log,1.5,0.0,0.5,2.8083952295027204,0.8931093352804382,10.473640196979131,14.0390304554
D,30,15,120,log,1.5,0.0,1.0,2.8083952295027204,0.8931093352804382,10.473640196979131,14.0390304554
D,30,15,120,log,1.5,0.1,0.0,26.92001271714313,0.8950279567749313,31.550385573412665,36.35946168804573
D,30,15,120,log,1.5,0.1,0.5,13.652385753021615,0.8961529586995974,24.025965505950985,29.071077122632552
D,30,15,120,log,1.5,0.1,1.0,5.087028326912431,0.895709818549301,15.120426496294016,19.84674274361316
D,30,15,120,log,1.5,0.5,0.0,368.6759101117379,0.8955007924773295,60.93327020767822,66.67764533419812
D,30,15,120,log,1.5,0.5,0.5,209.31033268127953,0.8957663305381708,54.55166762981993,60.14621371881958
D,30,15,120,log,1.5,0.5,1.0,60.08693767282365,0.8643882797496744,39.427290440522206,45.09179751712416
D,30,15,125,log,0.1,0.0,0.0,2.978255106293733,0.8865962347070309,10.152940903731778,14.433933348977693
D,30,15,125,log,0.1,0.0,0.5,2.978255106293733,0.8865962347070309,10.152940903731778,14.433933348977693
D,30,15,125,log,0.1,0.0,1.0,2.978255106293733,0.8865962347070309,10.152940903731778,14.433933348977693
D,30,15,125,log,0.1,0.1,0.0,3.292043785750674,0.887828191810246,11.158142004088628,15.693790935376821
D,30,15,125,log,0.1,0.1,0.5,3.0952639476116284,0.8880660172037345,10.704804585867315,15.11808962274614
D,30,15,125,log,0.1,0.1,1.0,2.970038124566085,0.8880775070915028,10.321136803524372,14.619392436981508
D,30,15,125,log,0.1,0.5,0.0,7.87177311752301,0.8891565873920838,17.93612940735182,23.219120122966665
D,30,15,125,log,0.1,0.5,0.5,5.087112690257305,0.8902307226734483,14.385730181817493,19.46357517668365
D,30,15,125,log,0.1,0.5,1.0,3.3628549882902306,0.8898010774967,11.527126693427329,16.056181669723117
D,30,15,125,log,0.5,0.0,0.0,3.0818038501776286,0.884931963020445,10.199612215052756,14.605491081767397
D,30,15,125,log,0.5,0.0,0.5,3.0818038501776286,0.884931963020445,10.199612215052756,14.605491081767397
D,30,15,125,log,0.5,0.0,1.0,3.0818038501776286,0.884931963020445,10.199612215052756,14.605491081767397
D,30,15,125,log,0.5,0.1,0.0,7.268557503742498,0.8877570783208748,17.028430883112875,22.422032345663098
D,30,15,125,log,0.5,0.1,0.5,4.910066330545365,0.8883611322794589,13.916422547402345,19.07589476387342
D,30,15,125,log,0.5,0.1,1.0,3.425218074072629,0.8878864521458005,11.429434901543042,16.065245005894443
D,30,15,125,log,0.5,0.5,0.0,78.86253724469096,0.8883650506162413,42.80232364340416,47.95570949964245
D,30,15,125,log,0.5,0.5,0.5,37.42132751681671,0.8896497558134948,34.302811238557375,39.494817790776665
D,30,15,125,log,0.5,0.5,1.0,10.502685957436869,0.8861535388142302,20.89718326830294,26.238979807900705
D,30,15,125,log,1.0,0.0,0.0,3.106360778329021,0.884600347759692,10.212436755381892,14.64409508805996
D,30,15,125,log,1.0,0.0,0.5,3.106360778329021,0.884600347759692,10.212436755381892,14.64409508805996
D,30,15,125,log,1.0,0.0,1.0,3.106360778329021,0.884600347759692,10.212436755381892,14.64409508805996
D,30,15,125,log,1.0,0.1,0.0,17.031300585586642,0.8876524610828579,25.296620184816177,30.707436219297268
D,30,15,125,log,1.0,0.1,0.5,9.289576430634579,0.8885304268542067,19.208604316988147,24.728371331237565
D,30,15,125,log,1.0,0.1,1.0,4.3744364176864075,0.8883640112758101,13.228946312959673,18.221037652680696
D,30,15,125,log,1.0,0.5,0.0,253.08322276456838,0.8881676073256394,55.71916498926652,61.466108121805476
D,30,15,125,log,1.0,0.5,0.5,128.62418135149184,0.8890706152805871,48.07758658990705,53.66849589109658
D,30,15,125,log,1.0,0.5,1.0,33.13990308280144,0.8716400035397269,32.29974575459039,37.96355683455399
D,30,15,125,log,1.5,0.0,0.0,3.1157473312230524,0.8845043156910635,10.21721001804777,14.65840092539636
D,30,15,125,log,1.5,0.0,0.5,3.1157473312230524,0.8845043156910635,10.21721001804777,14.65840092539636
D,30,15,125,log,1.5,0.0,1.0,3.1157473312230524,0.8845043156910635,10.21721001804777,14.65840092539636
D,30,15,125,log,1.5,0.1,0.0,31.922751249557887,0.8875782762855688,32.340972162237755,37.54794768772901
D,30,15,125,log,1.5,0.1,0.5,15.959593482673409,0.8886115720705492,24.63667221732333,30.110687163724656
D,30,15,125,log,1.5,0.1,1.0,5.824897701207687,0.8881798067330224,15.457817447232008,20.69617102794713
D,30,15,125,log,1.5,0.5,0.0,469.5534076885686,0.8880863417317245,62.34593645751009,68.52465027327932
D,30,15,125,log,1.5,0.5,0.5,262.52559288154765,0.8884174692410503,55.820731123387795,61.848562006430804
D,30,15,125,log,1.5,0.5,1.0,73.147992582971,0.8581265752958249,40.32993848615834,46.4614461095726
D,30,15,130,log,0.1,0.0,0.0,2.9782925114737204,0.8856347247896086,9.828141409151758,14.113381482204119
D,30,15,130,log,0.1,0.0,0.5,2.9782925114737204,0.8856347247896086,9.828141409151758,14.113381482204119
D,30,15,130,log,0.1,0.0,1.0,2.9782925114737204,0.8856347247896086,9.828141409151758,14.113381482204119
D,30,15,130,log,0.1,0.1,0.0,3.149224673048136,0.8873600354680578,10.677173355220827,15.162440635662005
D,30,15,130,log,0.1,0.1,0.5,3.0016898935629563,0.8875822612672275,10.279798804240498,14.652184136241624
D,30,15,130,log,0.1,0.1,1.0,2.930982712569194,0.8871208599988819,9.962410722298262,14.239571240937455
D,30,15,130,log,0.1,0.5,0.0,7.122924334433773,0.889170188116933,16.97712310370358,22.245408162236718
D,30,15,130,log,0.1,0.5,0.5,4.622500212142405,0.8900820289098694,13.58035660104687,18.605315498980623
D,30,15,130,log,0.1,0.5,1.0,3.1670296297822276,0.8892590424838529,10.981650632640761,15.43532280882005
D,30,15,130,log,0.5,0.0,0.0,3.082070505492271,0.8841155086063939,9.891786176289015,14.294012033395873
D,30,15,130,log,0.5,0.0,0.5,3.082070505492271,0.8841155086063939,9.891786176289015,14.294012033395873
D,30,15,130,log,0.5,0.0,1.0,3.082070505492271,0.8841155086063939,9.891786176289015,14.294012033395873
D,30,15,130,log,0.5,0.1,0.0,6.601930029398682,0.8876927353265115,16.13543619511648,21.505704778758105
D,30,15,130,log,0.5,0.1,0.5,4.4958122453385965,0.8881529333752292,13.194000200593033,18.287013875257372
D,30,15,130,log,0.5,0.1,1.0,3.249107561302419,0.8871623926373177,10.934056596272491,15.497514800219927
D,30,15,130,log,0.5,0.5,0.0,73.41915975288286,0.8884091903847624,41.978127909144334,47.07662053012011
D,30,15,130,log,0.5,0.5,0.5,34.411115437189245,0.8895260699326446,33.30686833414878,38.484624722368814
D,30,15,130,log,0.5,0.5,1.0,9.429056409158528,0.8861239014921584,19.789403685030326,25.141402512264523
D,30,15,130,log,1.0,0.0,0.0,3.1075757352725555,0.883686953296188,9.907644129925426,14.335004280181781
D,30,15,130,log,1.0,0.0,0.5,3.1075757352725555,0.883686953296188,9.907644129925426,14.335004280181781
D,30,15,130,log,1.0,0.0,1.0,3.1075757352725555,0.883686953296188,9.907644129925426,14.335004280181781
D,30,15,130,log,1.0,0.1,0.0,15.550624622861784,0.8876463619582502,24.235128869169362,29.68680839067244
D,30,15,130,log,1.0,0.1,0.5,8.419682686354664,0.8883677980065399,18.23017431849633,23.748542598907196
D,30,15,130,log,1.0,0.1,1.0,4.018173470781253,0.8880158475993227,12.545941890520863,17.456925949546502
D,30,15,130,log,1.0,0.5,0.0,239.65205178117003,0.8881976375247633,55.148691940249606,60.823632764832816
D,30,15,130,log,1.0,0.5,0.5,120.36785545092384,0.888947175403932,47.3517569611594,52.87133271172286
D,30,15,130,log,1.0,0.5,1.0,30.124010701352766,0.8721758530267831,31.251122389851837,36.87831978747765
D,30,15,130,log,1.5,0.0,0.0,3.1173601783655025,0.8836079252860909,9.91346896674417,14.350269507652593
D,30,15,130,log,1.5,0.0,0.5,3.1173601783655025,0.8836079252860909,9.91346896674417,14.350269507652593
D,30,15,130,log,1.5,0.0,1.0,3.1173601783655025,0.8836079252860909,9.91346896674417,14.350269507652593
D,30,15,130,log,1.5,0.1,0.0,29.392052397475744,0.8875659537434715,31.333163348077584,36.55289102782992
D,30,15,130,log,1.5,0.1,0.5,14.533492601172606,0.8884386878744943,23.561745850512466,29.075925294842044
D,30,15,130,log,1.5,0.1,1.0,5.2713337918690355,0.8879148542024922,14.599798081470345,19.787490024825104
D,30,15,130,log,1.5,0.5,0.0,448.90918686283703,0.8881100965138738,61.90011271667773,68.01358917966088
D,30,15,130,log,1.5,0.5,0.5,248.28355313226626,0.888310193221676,55.24339122452799,61.19828589455271
D,30,15,130,log,1.5,0.5,1.0,67.4888107453812,0.8584239021861055,39.418677527963396,45.49790532399222
D,30,20,115,log,0.1,0.0,0.0,2.4724412497060477,0.9037430612965869,10.486152578081457,13.428007385019333
D,30,20,115,log,0.1,0.0,0.5,2.4724412497060477,0.9037430612965869,10.486152578081457,13.428007385019333
D,30,20,115,log,0.1,0.0,1.0,2.4724412497060477,0.9037430612965869,10.486152578081457,13.428007385019333
D,30,20,115,log,0.1,0.1,0.0,2.684197731051645,0.9042286140696388,11.158985737521984,14.517338206292502
D,30,20,115,log,0.1,0.1,0.5,2.5514513055987047,0.9045015660265048,10.830212204263283,14.009681435817615
D,30,20,115,log,0.1,0.1,1.0,2.469112586820465,0.904565385430131,10.586100561923251,13.584970334754502
D,30,20,115,log,0.1,0.5,0.0,6.0644637748693295,0.9046364247596435,17.161961702226243,21.59630331536838
D,30,20,115,log,0.1,0.5,0.5,4.015438659523502,0.9056728633188055,13.881063476999538,18.030929482808176
D,30,20,115,log,0.1,0.5,1.0,2.7329185426627336,0.9055551981224645,11.39553553654604,14.817120035314634
D,30,20,115,log,0.5,0.0,0.0,2.562759158847394,0.9024248109551414,10.614195113511107,13.6226329547344
D,30,20,115,log,0.5,0.0,0.5,2.562759158847394,0.9024248109551414,10.614195113511107,13.6226329547344
D,30,20,115,log,0.5,0.0,1.0,2.562759158847394,0.9024248109551414,10.614195113511107,13.6226329547344
D,30,20,115,log,0.5,0.1,0.0,5.563253186144863,0.9034901900019288,16.27363274588015,20.753758563167477
D,30,20,115,log,0.5,0.1,0.5,3.8554568643834246,0.9041346775277533,13.463681279549197,17.61009107246512
D,30,20,115,log,0.5,0.1,1.0,2.7792605689019325,0.9041013325238272,11.386025679621772,14.832440856112907
D,30,20,115,log,0.5,0.5,0.0,53.81002464467414,0.9038492982853835,40.72485257166274,45.10468843706089
D,30,20,115,log,0.5,0.5,0.5,26.536586653742887,0.9048989986575761,32.62530448199956,37.027373840875256
D,30,20,115,log,0.5,0.5,1.0,7.876306730564826,0.9006243277561892,19.845838196644127,24.35419073879776
D,30,20,115,log,1.0,0.0,0.0,2.583701619206188,0.9021129593331196,10.64304715284139,13.664864322520263
D,30,20,115,log,1.0,0.0,0.5,2.583701619206188,0.9021129593331196,10.64304715284139,13.664864322520263
D,30,20,115,log,1.0,0.0,1.0,2.583701619206188,0.9021129593331196,10.64304715284139,13.664864322520263
D,30,20,115,log,1.0,0.1,0.0,12.483018688581671,0.9033062087148668,23.991677955119446,28.598722248494585
D,30,20,115,log,1.0,0.1,0.5,7.008258977442385,0.9040960775487413,18.254913896889512,22.911606489167077
D,30,20,115,log,1.0,0.1,1.0,3.443856428023112,0.9040969717311327,12.82433214212036,16.764773948879267
D,30,20,115,log,1.0,0.5,0.0,161.43022092428205,0.9036950117209545,53.063467526254705,57.980247198308156
D,30,20,115,log,1.0,0.5,0.5,85.19058616796356,0.9042057562590935,45.776858929663184,50.54372001064248
D,30,20,115,log,1.0,0.5,1.0,23.527683857038124,0.884168403726482,30.750149572144302,35.552726650324885
D,30,20,115,log,1.5,0.0,0.0,2.5916075691225666,0.9020297070899949,10.653716781598376,13.680435537323854
D,30,20,115,log,1.5,0.0,0.5,2.5916075691225666,0.9020297070899949,10.653716781598376,13.680435537323854
D,30,20,115,log,1.5,0.0,1.0,2.5916075691225666,0.9020297070899949,10.653716781598376,13.680435537323854
D,30,20,115,log,1.5,0.1,0.0,22.689251705466088,0.9032496671130461,30.69618185344525,35.114817392680024
D,30,20,115,log,1.5,0.1,0.5,11.725689909122634,0.904088447740857,23.368942570975282,28.02158969297394
D,30,20,115,log,1.5,0.1,1.0,4.484278786447079,0.9035573226998312,14.758763707578868,19.066285994848794
D,30,20,115,log,1.5,0.5,0.0,288.8314134754829,0.9036297325075295,59.40568829754966,64.71617274428804
D,30,20,115,log,1.5,0.5,0.5,166.93737258207517,0.9034319506218983,53.18062609549209,58.35156521648298
D,30,20,115,log,1.5,0.5,1.0,49.42674664390602,0.8713215671213058,38.45739973474165,43.66513204887641
D,30,20,120,log,0.1,0.0,0.0,2.6649681059858508,0.8952469293047833,10.307171074595255,13.762447272553885
D,30,20,120,log,0.1,0.0,0.5,2.6649681059858508,0.8952469293047833,10.307171074595255,13.762447272553885
D,30,20,120,log,0.1,0.0,1.0,2.6649681059858508,0.8952469293047833,10.307171074595255,13.762447272553885
D,30,20,120,log,0.1,0.1,0.0,2.932045169310154,0.8961187412161179,11.158448236727546,14.982060509018316
D,30,20,120,log,0.1,0.1,0.5,2.7698769152544824,0.89646363815621,10.768141471381178,14.4299527703445
D,30,20,120,log,0.1,0.1,1.0,2.6658869979944613,0.8963026098204908,10.456069149162127,13.955439108326317
D,30,20,120,log,0.1,0.5,0.0,6.874160469775319,0.8969417412160785,17.57188806462001,22.37859127381966
D,30,20,120,log,0.1,0.5,0.5,4.495322344575399,0.8977768791533736,14.145642257235707,18.699544872133576
D,30,20,120,log,0.1,0.5,1.0,3.00168075587275,0.8975325903118664,11.478692945432922,15.346483604734805
D,30,20,120,log,0.5,0.0,0.0,2.7574677352818866,0.8939379063634775,10.38472393555438,13.932728223080733
D,30,20,120,log,0.5,0.0,0.5,2.7574677352818866,0.8939379063634775,10.38472393555438,13.932728223080733
D,30,20,120,log,0.5,0.0,1.0,2.7574677352818866,0.8939379063634775,10.38472393555438,13.932728223080733
D,30,20,120,log,0.5,0.1,0.0,6.317151693054183,0.8957255018373516,16.667275261113748,21.543772650590736
D,30,20,120,log,0.5,0.1,0.5,4.3242321292132715,0.8960761072947561,13.702030997384236,18.287277898467067
D,30,20,120,log,0.5,0.1,1.0,3.0513806538513157,0.8958802569140039,11.422328539342189,15.34697258085382
D,30,20,120,log,0.5,0.5,0.0,64.9594386317306,0.8961521752397165,41.80164572486045,46.55208268060803
D,30,20,120,log,0.5,0.5,0.5,31.4644378482787,0.8971005875375738,33.49439069454577,38.28037855477545
D,30,20,120,log,0.5,0.5,1.0,9.072270375367506,0.8932377645502898,20.3896094684738,25.294066151647876
D,30,20,120,log,1.0,0.0,0.0,2.779228206649502,0.8936580269415895,10.403027297728253,13.97024406870724
D,30,20,120,log,1.0,0.0,0.5,2.779228206649502,0.8936580269415895,10.403027297728253,13.97024406870724
D,30,20,120,log,1.0,0.0,1.0,2.779228206649502,0.8936580269415895,10.403027297728253,13.97024406870724
D,30,20,120,log,1.0,0.1,0.0,14.510004186806615,0.8955804436861815,24.664260801107805,29.641878880960984
D,30,20,120,log,1.0,0.1,0.5,8.044894002152061,0.8961393772166687,18.744228521230795,23.8061351580554
D,30,20,120,log,1.0,0.1,1.0,3.854713201868175,0.8960257360705022,13.041781360177538,17.431540626611564
D,30,20,120,log,1.0,0.5,0.0,201.79682853023218,0.8959754344945804,54.44223802141279,59.76278012080785
D,30,20,120,log,1.0,0.5,0.5,104.60370917173793,0.8964690132276527,46.97089690499199,52.14299720488157
D,30,20,120,log,1.0,0.5,1.0,27.875244428032335,0.8777461808477591,31.550569990139884,36.77435362056161
D,30,20,120,log,1.5,0.0,0.0,2.787479096127936,0.8935304731729197,10.409663645689353,13.984043276125572
D,30,20,120,log,1.5,0.0,0.5,2.787479096127936,0.8935304731729197,10.409663645689353,13.984043276125572
D,30,20,120,log,1.5,0.0,1.0,2.787479096127936,0.8935304731729197,10.409663645689353,13.984043276125572
D,30,20,120,log,1.5,0.1,0.0,26.795186169748963,0.8955171899410113,31.544294361079988,36.33257899844972
D,30,20,120,log,1.5,0.1,0.5,13.652385753021653,0.8961529586995974,24.025965505951014,29.07107712263258
D,30,20,120,log,1.5,0.1,1.0,5.08702832691243,0.895709818549301,15.120426496294016,19.84674274361316
D,30,20,120,log,1.5,0.5,0.0,367.9351180005256,0.8958971732471916,60.932851445702795,66.6688892513546
D,30,20,120,log,1.5,0.5,0.5,209.31033268127953,0.8957663305381708,54.55166762981993,60.14621371881958
D,30,20,120,log,1.5,0.5,1.0,60.08693767282365,0.8643882797496744,39.427290440522206,45.09179751712416
D,30,20,125,log,0.1,0.0,0.0,2.95710156452942,0.8870062872581539,10.09679299268031,14.383286814029228
D,30,20,125,log,0.1,0.0,0.5,2.95710156452942,0.8870062872581539,10.09679299268031,14.383286814029228
D,30,20,125,log,0.1,0.0,1.0,2.95710156452942,0.8870062872581539,10.09679299268031,14.383286814029228
D,30,20,125,log,0.1,0.1,0.0,3.275330120854855,0.8881342675949389,11.12523025047534,15.655856566270307
D,30,20,125,log,0.1,0.1,0.5,3.0823784152304716,0.8881792092891632,10.67578095009235,15.086040986768769
D,30,20,125,log,0.1,0.1,1.0,2.961102469072609,0.888020792939726,10.303549836025473,14.599021678710434
D,30,20,125,log,0.1,0.5,0.0,7.842208226909108,0.8894598201039022,17.941888927444506,23.2008620662879
D,30,20,125,log,0.1,0.5,0.5,5.087112690257305,0.8902307226734483,14.385730181817493,19.46357517668365
D,30,20,125,log,0.1,0.5,1.0,3.3628549882902306,0.8898010774967,11.527126693427329,16.056181669723117
D,30,20,125,log,0.5,0.0,0.0,3.0580343755694193,0.8855619258047425,10.131363922992632,14.543200198109869
D,30,20,125,log,0.5,0.0,0.5,3.0580343755694193,0.8855619258047425,10.131363922992632,14.543200198109869
D,30,20,125,log,0.5,0.0,1.0,3.0580343755694193,0.8855619258047425,10.131363922992632,14.543200198109869
D,30,20,125,log,0.5,0.1,0.0,7.228386358385507,0.8881291566362034,17.02329189122529,22.38811824104214
D,30,20,125,log,0.5,0.1,0.5,4.910006136918597,0.8883615606683474,13.916447988891246,19.075960380990274
D,30,20,125,log,0.5,0.1,1.0,3.425218074072629,0.8878864521458005,11.429434901543042,16.065245005894443
D,30,20,125,log,0.5,0.5,0.0,78.57820065640813,0.8887020003944605,42.8009853109642,47.93916125349235
D,30,20,125,log,0.5,0.5,0.5,37.42132751681671,0.8896497558134948,34.302811238557375,39.494817790776665
D,30,20,125,log,0.5,0.5,1.0,10.502685957436869,0.8861535388142302,20.89718326830294,26.238979807900705
D,30,20,125,log,1.0,0.0,0.0,3.081807441014669,0.8852114416618162,10.14058388716071,14.578438531779844
D,30,20,125,log,1.0,0.0,0.5,3.081807441014669,0.8852114416618162,10.14058388716071,14.578438531779844
D,30,20,125,log,1.0,0.0,1.0,3.081807441014669,0.8852114416618162,10.14058388716071,14.578438531779844
D,30,20,125,log,1.0,0.1,0.0,16.93232665135987,0.8880600660556949,25.288384534854345,30.67286588987347
D,30,20,125,log,1.0,0.1,0.5,9.289576430634579,0.8885304268542067,19.208604316988147,24.72837133123756
D,30,20,125,log,1.0,0.1,1.0,4.3744364176864075,0.8883640112758101,13.22894631295967,18.221037652680696
D,30,20,125,log,1.0,0.5,0.0,252.35372930318627,0.8885282383815918,55.718723051954996,61.45355450129161
D,30,20,125,log,1.0,0.5,0.5,128.62418135149184,0.8890706152805871,48.07758658990705,53.66849589109658
D,30,20,125,log,1.0,0.5,1.0,33.13990308280144,0.8716400035397269,32.29974575459039,37.96355683455399
D,30,20,125,log,1.5,0.0,0.0,3.0907818295195097,0.8850613009535107,10.143934815757921,14.591375011912552
D,30,20,125,log,1.5,0.0,0.5,3.0907818295195097,0.8850613009535107,10.143934815757921,14.591375011912552
D,30,20,125,log,1.5,0.0,1.0,3.0907818295195097,0.8850613009535107,10.143934815757921,14.591375011912552
D,30,20,125,log,1.5,0.1,0.0,31.744545384820658,0.8879936471767416,32.334147335119084,37.516008057102525
D,30,20,125,log,1.5,0.1,0.5,15.959593482673421,0.8886115720705492,24.636672217323337,30.11068716372467
D,30,20,125,log,1.5,0.1,1.0,5.824897701207687,0.8881798067330224,15.457817447232008,20.69617102794713
D,30,20,125,log,1.5,0.5,0.0,468.4301996257815,0.8884486140467638,62.345504728250184,68.51448867703473
D,30,20,125,log,1.5,0.5,0.5,262.52559288154765,0.8884174692410503,55.820731123387795,61.848562006430804
D,30,20,125,log,1.5,0.5,1.0,73.147992582971,0.8581265752958249,40.32993848615834,46.4614461095726
D,30,20,130,log,0.1,0.0,0.0,2.9610142443542027,0.8862568025616382,9.769955079160116,14.067102625920947
D,30,20,130,log,0.1,0.0,0.5,2.9610142443542027,0.8862568025616382,9.769955079160116,14.067102625920947
D,30,20,130,log,0.1,0.0,1.0,2.9610142443542027,0.8862568025616382,9.769955079160116,14.067102625920947
D,30,20,130,log,0.1,0.1,0.0,3.1337100933665027,0.8875436575065916,10.639470840010997,15.124760803609131
D,30,20,130,log,0.1,0.1,0.5,2.988624790652261,0.8878047901833426,10.249486808872614,14.620523881785402
D,30,20,130,log,0.1,0.1,1.0,2.921927472844511,0.8872739311099643,9.94214690414257,14.219631720159786
D,30,20,130,log,0.1,0.5,0.0,7.097772502740741,0.8894790579476186,16.9843054136027,22.228781136617776
D,30,20,130,log,0.1,0.5,0.5,4.622500212142405,0.8900820289098694,13.58035660104687,18.605315498980623
D,30,20,130,log,0.1,0.5,1.0,3.1670296297822276,0.8892590424838529,10.981650632640761,15.43532280882005
D,30,20,130,log,0.5,0.0,0.0,3.0611728058627348,0.8846142815403519,9.815444545747635,14.233641522784932
D,30,20,130,log,0.5,0.0,0.5,3.0611728058627348,0.8846142815403519,9.815444545747635,14.233641522784932
D,30,20,130,log,0.5,0.0,1.0,3.0611728058627348,0.8846142815403519,9.815444545747635,14.233641522784932
D,30,20,130,log,0.5,0.1,0.0,6.56700631484684,0.8880724371230413,16.136827907659946,21.472978609671895
D,30,20,130,log,0.5,0.1,0.5,4.495575336014332,0.8881487233464975,13.19412664945494,18.287290222078163
D,30,20,130,log,0.5,0.1,1.0,3.249107561302419,0.8871623926373177,10.934056596272491,15.497514800219927
D,30,20,130,log,0.5,0.5,0.0,73.13885791385988,0.8887501287570965,41.97689683902243,47.05946816560909
D,30,20,130,log,0.5,0.5,0.5,34.411115437189245,0.8895260699326446,33.30686833414878,38.484624722368814
D,30,20,130,log,0.5,0.5,1.0,9.429056409158528,0.8861239014921584,19.789403685030326,25.141402512264523
D,30,20,130,log,1.0,0.0,0.0,3.085479840627891,0.8842167345394248,9.82676091715032,14.270509953458562
D,30,20,130,log,1.0,0.0,0.5,3.085479840627891,0.8842167345394248,9.82676091715032,14.270509953458562
D,30,20,130,log,1.0,0.0,1.0,3.085479840627891,0.8842167345394248,9.82676091715032,14.270509953458562
D,30,20,130,log,1.0,0.1,0.0,15.457835088844945,0.8880693094081444,24.226020435597015,29.651494556211844
D,30,20,130,log,1.0,0.1,0.5,8.419682686354664,0.8883677980065399,18.230174318496324,23.748542598907196
D,30,20,130,log,1.0,0.1,1.0,4.018173470781253,0.8880158475993227,12.545941890520863,17.456925949546502
D,30,20,130,log,1.0,0.5,0.0,238.90928866839195,0.8885554745738204,55.14829344741994,60.81040923152399
D,30,20,130,log,1.0,0.5,0.5,120.36785545092384,0.888947175403932,47.3517569611594,52.87133271172286
D,30,20,130,log,1.0,0.5,1.0,30.124010701352766,0.8721758530267831,31.251122389851837,36.87831978747765
D,30,20,130,log,1.5,0.0,0.0,3.0947209229612618,0.8841203604023589,9.830795141068421,14.284102568815243
D,30,20,130,log,1.5,0.0,0.5,3.0947209229612618,0.8841203604023589,9.830795141068421,14.284102568815243
D,30,20,130,log,1.5,0.0,1.0,3.0947209229612618,0.8841203604023589,9.830795141068421,14.284102568815243
D,30,20,130,log,1.5,0.1,0.0,29.220674308932672,0.88800132465475,31.326100488459236,36.51964638770381
D,30,20,130,log,1.5,0.1,0.5,14.5334926011726,0.8884386878744943,23.56174585051246,29.07592529484204
D,30,20,130,log,1.5,0.1,1.0,5.2713337918690355,0.8879148542024922,14.599798081470345,19.787490024825097
D,30,20,130,log,1.5,0.5,0.0,447.74705530840276,0.8884726165112766,61.89966128445546,68.00277675513313
D,30,20,130,log,1.5,0.5,0.5,248.28355313226626,0.888310193221676,55.24339122452799,61.19828589455271
D,30,20,130,log,1.5,0.5,1.0,67.4888107453812,0.8584239021861055,39.418677527963396,45.49790532399222
