feature_set,window_size,n_components,clipping_threshold,confidence_threshold,penalizer,l1_ratio,fit_intercept,mean_S_score,mean_C_index,mean_MAE,mean_RMSE
A,20,10,115,0.3,0.0,0.0,True,,,,
A,20,10,115,0.3,0.0,0.0,False,3736.0119778939497,0.5,87.07140468173917,93.98415112420425
A,20,10,115,0.3,0.0,0.5,True,,,,
A,20,10,115,0.3,0.0,0.5,False,3736.0119778939497,0.5,87.07140468173917,93.98415112420425
A,20,10,115,0.3,0.0,1.0,True,,,,
A,20,10,115,0.3,0.0,1.0,False,3736.0119778939497,0.5,87.07140468173917,93.98415112420425
A,20,10,115,0.3,0.1,0.0,True,,,,
A,20,10,115,0.3,0.1,0.0,False,3789.0012755652815,0.5,87.45124666434018,94.34087112116984
A,20,10,115,0.3,0.1,0.5,True,,,,
A,20,10,115,0.3,0.1,0.5,False,3750.100155118604,0.5,87.09291222508917,94.03913806342366
A,20,10,115,0.3,0.1,1.0,True,,,,
A,20,10,115,0.3,0.1,1.0,False,3594.495673331894,0.5,85.65957446808511,92.83220583243894
A,20,10,115,0.3,1.0,0.0,True,,,,
A,20,10,115,0.3,1.0,0.0,False,3750.100155118604,0.5,87.09291222508917,94.03913806342366
A,20,10,115,0.3,1.0,0.5,True,,,,
A,20,10,115,0.3,1.0,0.5,False,3750.100155118604,0.5,87.09291222508917,94.03913806342366
A,20,10,115,0.3,1.0,1.0,True,350.12912466530923,0.8259973337441423,40.032499503566754,49.9590762528739
A,20,10,115,0.3,1.0,1.0,False,3594.495673331894,0.5,85.65957446808511,92.83220583243894
A,20,10,115,0.5,0.0,0.0,True,,,,
A,20,10,115,0.5,0.0,0.0,False,3736.0119778939497,0.5,87.07140468173917,93.98415112420425
A,20,10,115,0.5,0.0,0.5,True,,,,
A,20,10,115,0.5,0.0,0.5,False,3736.0119778939497,0.5,87.07140468173917,93.98415112420425
A,20,10,115,0.5,0.0,1.0,True,,,,
A,20,10,115,0.5,0.0,1.0,False,3736.0119778939497,0.5,87.07140468173917,93.98415112420425
A,20,10,115,0.5,0.1,0.0,True,,,,
A,20,10,115,0.5,0.1,0.0,False,3789.0012755652815,0.5,87.45124666434018,94.34087112116984
A,20,10,115,0.5,0.1,0.5,True,,,,
A,20,10,115,0.5,0.1,0.5,False,3750.100155118604,0.5,87.09291222508917,94.03913806342366
A,20,10,115,0.5,0.1,1.0,True,,,,
A,20,10,115,0.5,0.1,1.0,False,3594.495673331894,0.5,85.65957446808511,92.83220583243894
A,20,10,115,0.5,1.0,0.0,True,,,,
A,20,10,115,0.5,1.0,0.0,False,3750.100155118604,0.5,87.09291222508917,94.03913806342366
A,20,10,115,0.5,1.0,0.5,True,,,,
A,20,10,115,0.5,1.0,0.5,False,3750.100155118604,0.5,87.09291222508917,94.03913806342366
A,20,10,115,0.5,1.0,1.0,True,2430.2642104015554,0.6742021168855707,30.2027289498654,41.80491103344799
A,20,10,115,0.5,1.0,1.0,False,3594.495673331894,0.5,85.65957446808511,92.83220583243894
A,20,10,115,0.95,0.0,0.0,True,,,,
A,20,10,115,0.95,0.0,0.0,False,,,,
A,20,10,115,0.95,0.0,0.5,True,,,,
A,20,10,115,0.95,0.0,0.5,False,,,,
A,20,10,115,0.95,0.0,1.0,True,,,,
A,20,10,115,0.95,0.0,1.0,False,,,,
A,20,10,115,0.95,0.1,0.0,True,,,,
A,20,10,115,0.95,0.1,0.0,False,,,,
A,20,10,115,0.95,0.1,0.5,True,,,,
A,20,10,115,0.95,0.1,0.5,False,,,,
A,20,10,115,0.95,0.1,1.0,True,,,,
A,20,10,115,0.95,0.1,1.0,False,,,,
A,20,10,115,0.95,1.0,0.0,True,,,,
A,20,10,115,0.95,1.0,0.0,False,,,,
A,20,10,115,0.95,1.0,0.5,True,,,,
A,20,10,115,0.95,1.0,0.5,False,,,,
A,20,10,115,0.95,1.0,1.0,True,,,,
A,20,10,115,0.95,1.0,1.0,False,,,,
A,20,10,120,0.3,0.0,0.0,True,,,,
A,20,10,120,0.3,0.0,0.0,False,5192.754656296216,0.5,89.31124165410901,96.74242403503682
A,20,10,120,0.3,0.0,0.5,True,,,,
A,20,10,120,0.3,0.0,0.5,False,5192.754656296216,0.5,89.31124165410901,96.74242403503682
A,20,10,120,0.3,0.0,1.0,True,,,,
A,20,10,120,0.3,0.0,1.0,False,5192.754656296216,0.5,89.31124165410901,96.74242403503682
A,20,10,120,0.3,0.1,0.0,True,,,,
A,20,10,120,0.3,0.1,0.0,False,5269.42556398305,0.5,89.72750775219433,97.1334458403528
A,20,10,120,0.3,0.1,0.5,True,,,,
A,20,10,120,0.3,0.1,0.5,False,5212.577638040541,0.5,89.34158066984057,96.80670456373642
A,20,10,120,0.3,0.1,1.0,True,,,,
A,20,10,120,0.3,0.1,1.0,False,4985.185934270506,0.5,87.79787234042553,95.49973945727088
A,20,10,120,0.3,1.0,0.0,True,,,,
A,20,10,120,0.3,1.0,0.0,False,5212.577638040541,0.5,89.34158066984057,96.80670456373642
A,20,10,120,0.3,1.0,0.5,True,,,,
A,20,10,120,0.3,1.0,0.5,False,5212.577638040541,0.5,89.34158066984057,96.80670456373642
A,20,10,120,0.3,1.0,1.0,True,445.5068361310199,0.8207258343030744,41.868665580843704,51.71789765798843
A,20,10,120,0.3,1.0,1.0,False,4985.185934270506,0.5,87.79787234042553,95.49973945727088
A,20,10,120,0.5,0.0,0.0,True,,,,
A,20,10,120,0.5,0.0,0.0,False,5192.754656296216,0.5,89.31124165410901,96.74242403503682
A,20,10,120,0.5,0.0,0.5,True,,,,
A,20,10,120,0.5,0.0,0.5,False,5192.754656296216,0.5,89.31124165410901,96.74242403503682
A,20,10,120,0.5,0.0,1.0,True,,,,
A,20,10,120,0.5,0.0,1.0,False,5192.754656296216,0.5,89.31124165410901,96.74242403503682
A,20,10,120,0.5,0.1,0.0,True,,,,
A,20,10,120,0.5,0.1,0.0,False,5269.42556398305,0.5,89.72750775219433,97.1334458403528
A,20,10,120,0.5,0.1,0.5,True,,,,
A,20,10,120,0.5,0.1,0.5,False,5212.577638040541,0.5,89.34158066984057,96.80670456373642
A,20,10,120,0.5,0.1,1.0,True,,,,
A,20,10,120,0.5,0.1,1.0,False,4985.185934270506,0.5,87.79787234042553,95.49973945727088
A,20,10,120,0.5,1.0,0.0,True,,,,
A,20,10,120,0.5,1.0,0.0,False,5212.577638040541,0.5,89.34158066984057,96.80670456373642
A,20,10,120,0.5,1.0,0.5,True,,,,
A,20,10,120,0.5,1.0,0.5,False,5212.577638040541,0.5,89.34158066984057,96.80670456373642
A,20,10,120,0.5,1.0,1.0,True,2429.7736121070866,0.668959927397903,27.916184745581187,41.391820024447696
A,20,10,120,0.5,1.0,1.0,False,4985.185934270506,0.5,87.79787234042553,95.49973945727088
A,20,10,120,0.95,0.0,0.0,True,,,,
A,20,10,120,0.95,0.0,0.0,False,,,,
A,20,10,120,0.95,0.0,0.5,True,,,,
A,20,10,120,0.95,0.0,0.5,False,,,,
A,20,10,120,0.95,0.0,1.0,True,,,,
A,20,10,120,0.95,0.0,1.0,False,,,,
A,20,10,120,0.95,0.1,0.0,True,,,,
A,20,10,120,0.95,0.1,0.0,False,,,,
A,20,10,120,0.95,0.1,0.5,True,,,,
A,20,10,120,0.95,0.1,0.5,False,,,,
A,20,10,120,0.95,0.1,1.0,True,,,,
A,20,10,120,0.95,0.1,1.0,False,,,,
A,20,10,120,0.95,1.0,0.0,True,,,,
A,20,10,120,0.95,1.0,0.0,False,,,,
A,20,10,120,0.95,1.0,0.5,True,,,,
A,20,10,120,0.95,1.0,0.5,False,,,,
A,20,10,120,0.95,1.0,1.0,True,,,,
A,20,10,120,0.95,1.0,1.0,False,,,,
A,20,10,125,0.3,0.0,0.0,True,,,,
A,20,10,125,0.3,0.0,0.0,False,7184.090023632818,0.5,91.39583394674644,99.34542507405573
A,20,10,125,0.3,0.0,0.5,True,,,,
A,20,10,125,0.3,0.0,0.5,False,7184.090023632818,0.5,91.39583394674644,99.34542507405573
A,20,10,125,0.3,0.0,1.0,True,,,,
A,20,10,125,0.3,0.0,1.0,False,7184.090023632818,0.5,91.39583394674644,99.34542507405573
A,20,10,125,0.3,0.1,0.0,True,,,,
A,20,10,125,0.3,0.1,0.0,False,7293.25804173066,0.5,91.8460983973522,99.76835840818164
A,20,10,125,0.3,0.1,0.5,True,,,,
A,20,10,125,0.3,0.1,0.5,False,7211.562029169401,0.5,91.43418368242077,99.418052337134
A,20,10,125,0.3,0.1,1.0,True,,,,
A,20,10,125,0.3,0.1,1.0,False,6884.777978924363,0.5,89.78652482269503,98.01682805294348
A,20,10,125,0.3,1.0,0.0,True,,,,
A,20,10,125,0.3,1.0,0.0,False,7211.562029169401,0.5,91.43418368242077,99.418052337134
A,20,10,125,0.3,1.0,0.5,True,,,,
A,20,10,125,0.3,1.0,0.5,False,7211.562029169401,0.5,91.43418368242077,99.418052337134
A,20,10,125,0.3,1.0,1.0,True,560.1141005052469,0.8154659430994227,43.8760915782081,53.45106217872064
A,20,10,125,0.3,1.0,1.0,False,6884.777978924363,0.5,89.78652482269503,98.01682805294348
A,20,10,125,0.5,0.0,0.0,True,,,,
A,20,10,125,0.5,0.0,0.0,False,7184.090023632818,0.5,91.39583394674644,99.34542507405573
A,20,10,125,0.5,0.0,0.5,True,,,,
A,20,10,125,0.5,0.0,0.5,False,7184.090023632818,0.5,91.39583394674644,99.34542507405573
A,20,10,125,0.5,0.0,1.0,True,,,,
A,20,10,125,0.5,0.0,1.0,False,7184.090023632818,0.5,91.39583394674644,99.34542507405573
A,20,10,125,0.5,0.1,0.0,True,,,,
A,20,10,125,0.5,0.1,0.0,False,7293.25804173066,0.5,91.8460983973522,99.76835840818164
A,20,10,125,0.5,0.1,0.5,True,,,,
A,20,10,125,0.5,0.1,0.5,False,7211.562029169401,0.5,91.43418368242077,99.418052337134
A,20,10,125,0.5,0.1,1.0,True,,,,
A,20,10,125,0.5,0.1,1.0,False,6884.777978924363,0.5,89.78652482269503,98.01682805294348
A,20,10,125,0.5,1.0,0.0,True,,,,
A,20,10,125,0.5,1.0,0.0,False,7211.562029169401,0.5,91.43418368242077,99.418052337134
A,20,10,125,0.5,1.0,0.5,True,,,,
A,20,10,125,0.5,1.0,0.5,False,7211.562029169401,0.5,91.43418368242077,99.418052337134
A,20,10,125,0.5,1.0,1.0,True,2429.4971868767425,0.6642881419649965,25.788931867817,41.26349339080662
A,20,10,125,0.5,1.0,1.0,False,6884.777978924363,0.5,89.78652482269503,98.01682805294348
A,20,10,125,0.95,0.0,0.0,True,,,,
A,20,10,125,0.95,0.0,0.0,False,,,,
A,20,10,125,0.95,0.0,0.5,True,,,,
A,20,10,125,0.95,0.0,0.5,False,,,,
A,20,10,125,0.95,0.0,1.0,True,,,,
A,20,10,125,0.95,0.0,1.0,False,,,,
A,20,10,125,0.95,0.1,0.0,True,,,,
A,20,10,125,0.95,0.1,0.0,False,,,,
A,20,10,125,0.95,0.1,0.5,True,,,,
A,20,10,125,0.95,0.1,0.5,False,,,,
A,20,10,125,0.95,0.1,1.0,True,,,,
A,20,10,125,0.95,0.1,1.0,False,,,,
A,20,10,125,0.95,1.0,0.0,True,,,,
A,20,10,125,0.95,1.0,0.0,False,,,,
A,20,10,125,0.95,1.0,0.5,True,,,,
A,20,10,125,0.95,1.0,0.5,False,,,,
A,20,10,125,0.95,1.0,1.0,True,,,,
A,20,10,125,0.95,1.0,1.0,False,,,,
A,20,15,115,0.3,0.0,0.0,True,,,,
A,20,15,115,0.3,0.0,0.0,False,3724.458511199092,0.5,86.82436528727023,93.84138799026562
A,20,15,115,0.3,0.0,0.5,True,,,,
A,20,15,115,0.3,0.0,0.5,False,3724.458511199092,0.5,86.82436528727023,93.84138799026562
A,20,15,115,0.3,0.0,1.0,True,,,,
A,20,15,115,0.3,0.0,1.0,False,3724.458511199092,0.5,86.82436528727023,93.84138799026562
A,20,15,115,0.3,0.1,0.0,True,,,,
A,20,15,115,0.3,0.1,0.0,False,3789.0012755652815,0.5,87.45124666434018,94.34087112116984
A,20,15,115,0.3,0.1,0.5,True,,,,
A,20,15,115,0.3,0.1,0.5,False,3750.100155118604,0.5,87.09291222508917,94.03913806342366
A,20,15,115,0.3,0.1,1.0,True,,,,
A,20,15,115,0.3,0.1,1.0,False,3594.495673331894,0.5,85.65957446808511,92.83220583243894
A,20,15,115,0.3,1.0,0.0,True,,,,
A,20,15,115,0.3,1.0,0.0,False,3750.100155118604,0.5,87.09291222508917,94.03913806342366
A,20,15,115,0.3,1.0,0.5,True,,,,
A,20,15,115,0.3,1.0,0.5,False,3750.100155118604,0.5,87.09291222508917,94.03913806342366
A,20,15,115,0.3,1.0,1.0,True,407.8600477673128,0.8220956848849484,41.84445678155235,51.24911164307771
A,20,15,115,0.3,1.0,1.0,False,,,,
A,20,15,115,0.5,0.0,0.0,True,,,,
A,20,15,115,0.5,0.0,0.0,False,3724.458511199092,0.5,86.82436528727023,93.84138799026562
A,20,15,115,0.5,0.0,0.5,True,,,,
A,20,15,115,0.5,0.0,0.5,False,3724.458511199092,0.5,86.82436528727023,93.84138799026562
A,20,15,115,0.5,0.0,1.0,True,,,,
A,20,15,115,0.5,0.0,1.0,False,3724.458511199092,0.5,86.82436528727023,93.84138799026562
A,20,15,115,0.5,0.1,0.0,True,,,,
A,20,15,115,0.5,0.1,0.0,False,3789.0012755652815,0.5,87.45124666434018,94.34087112116984
A,20,15,115,0.5,0.1,0.5,True,,,,
A,20,15,115,0.5,0.1,0.5,False,3750.100155118604,0.5,87.09291222508917,94.03913806342366
A,20,15,115,0.5,0.1,1.0,True,,,,
A,20,15,115,0.5,0.1,1.0,False,3594.495673331894,0.5,85.65957446808511,92.83220583243894
A,20,15,115,0.5,1.0,0.0,True,,,,
A,20,15,115,0.5,1.0,0.0,False,3750.100155118604,0.5,87.09291222508917,94.03913806342366
A,20,15,115,0.5,1.0,0.5,True,,,,
A,20,15,115,0.5,1.0,0.5,False,3750.100155118604,0.5,87.09291222508917,94.03913806342366
A,20,15,115,0.5,1.0,1.0,True,2056.418249557425,0.6791058258720085,30.968819083638305,41.826381688371995
A,20,15,115,0.5,1.0,1.0,False,,,,
A,20,15,115,0.95,0.0,0.0,True,,,,
A,20,15,115,0.95,0.0,0.0,False,,,,
A,20,15,115,0.95,0.0,0.5,True,,,,
A,20,15,115,0.95,0.0,0.5,False,,,,
A,20,15,115,0.95,0.0,1.0,True,,,,
A,20,15,115,0.95,0.0,1.0,False,,,,
A,20,15,115,0.95,0.1,0.0,True,,,,
A,20,15,115,0.95,0.1,0.0,False,,,,
A,20,15,115,0.95,0.1,0.5,True,,,,
A,20,15,115,0.95,0.1,0.5,False,,,,
A,20,15,115,0.95,0.1,1.0,True,,,,
A,20,15,115,0.95,0.1,1.0,False,,,,
A,20,15,115,0.95,1.0,0.0,True,,,,
A,20,15,115,0.95,1.0,0.0,False,,,,
A,20,15,115,0.95,1.0,0.5,True,,,,
A,20,15,115,0.95,1.0,0.5,False,,,,
A,20,15,115,0.95,1.0,1.0,True,,,,
A,20,15,115,0.95,1.0,1.0,False,,,,
A,20,15,120,0.3,0.0,0.0,True,,,,
A,20,15,120,0.3,0.0,0.0,False,5173.285582697514,0.5,89.0520644688299,96.5891558903126
A,20,15,120,0.3,0.0,0.5,True,,,,
A,20,15,120,0.3,0.0,0.5,False,5173.285582697514,0.5,89.0520644688299,96.5891558903126
A,20,15,120,0.3,0.0,1.0,True,,,,
A,20,15,120,0.3,0.0,1.0,False,5173.285582697514,0.5,89.0520644688299,96.5891558903126
A,20,15,120,0.3,0.1,0.0,True,,,,
A,20,15,120,0.3,0.1,0.0,False,5269.42556398305,0.5,89.72750775219433,97.1334458403528
A,20,15,120,0.3,0.1,0.5,True,,,,
A,20,15,120,0.3,0.1,0.5,False,5212.577638040541,0.5,89.34158066984057,96.80670456373642
A,20,15,120,0.3,0.1,1.0,True,,,,
A,20,15,120,0.3,0.1,1.0,False,4985.185934270506,0.5,87.79787234042553,95.49973945727088
A,20,15,120,0.3,1.0,0.0,True,,,,
A,20,15,120,0.3,1.0,0.0,False,5212.577638040541,0.5,89.34158066984057,96.80670456373642
A,20,15,120,0.3,1.0,0.5,True,,,,
A,20,15,120,0.3,1.0,0.5,False,5212.577638040541,0.5,89.34158066984057,96.80670456373642
A,20,15,120,0.3,1.0,1.0,True,534.8661976729245,0.8169040367993791,43.71330584650564,53.03150000570671
A,20,15,120,0.3,1.0,1.0,False,,,,
A,20,15,120,0.5,0.0,0.0,True,,,,
A,20,15,120,0.5,0.0,0.0,False,5173.285582697514,0.5,89.0520644688299,96.5891558903126
A,20,15,120,0.5,0.0,0.5,True,,,,
A,20,15,120,0.5,0.0,0.5,False,5173.285582697514,0.5,89.0520644688299,96.5891558903126
A,20,15,120,0.5,0.0,1.0,True,,,,
A,20,15,120,0.5,0.0,1.0,False,5173.285582697514,0.5,89.0520644688299,96.5891558903126
A,20,15,120,0.5,0.1,0.0,True,,,,
A,20,15,120,0.5,0.1,0.0,False,5269.42556398305,0.5,89.72750775219433,97.1334458403528
A,20,15,120,0.5,0.1,0.5,True,,,,
A,20,15,120,0.5,0.1,0.5,False,5212.577638040541,0.5,89.34158066984057,96.80670456373642
A,20,15,120,0.5,0.1,1.0,True,,,,
A,20,15,120,0.5,0.1,1.0,False,4985.185934270506,0.5,87.79787234042553,95.49973945727088
A,20,15,120,0.5,1.0,0.0,True,,,,
A,20,15,120,0.5,1.0,0.0,False,5212.577638040541,0.5,89.34158066984057,96.80670456373642
A,20,15,120,0.5,1.0,0.5,True,,,,
A,20,15,120,0.5,1.0,0.5,False,5212.577638040541,0.5,89.34158066984057,96.80670456373642
A,20,15,120,0.5,1.0,1.0,True,2056.9401014157297,0.6734710210755792,28.89507579239004,41.520740154882134
A,20,15,120,0.5,1.0,1.0,False,,,,
A,20,15,120,0.95,0.0,0.0,True,,,,
A,20,15,120,0.95,0.0,0.0,False,,,,
A,20,15,120,0.95,0.0,0.5,True,,,,
A,20,15,120,0.95,0.0,0.5,False,,,,
A,20,15,120,0.95,0.0,1.0,True,,,,
A,20,15,120,0.95,0.0,1.0,False,,,,
A,20,15,120,0.95,0.1,0.0,True,,,,
A,20,15,120,0.95,0.1,0.0,False,,,,
A,20,15,120,0.95,0.1,0.5,True,,,,
A,20,15,120,0.95,0.1,0.5,False,,,,
A,20,15,120,0.95,0.1,1.0,True,,,,
A,20,15,120,0.95,0.1,1.0,False,,,,
A,20,15,120,0.95,1.0,0.0,True,,,,
A,20,15,120,0.95,1.0,0.0,False,,,,
A,20,15,120,0.95,1.0,0.5,True,,,,
A,20,15,120,0.95,1.0,0.5,False,,,,
A,20,15,120,0.95,1.0,1.0,True,,,,
A,20,15,120,0.95,1.0,1.0,False,,,,
A,20,15,125,0.3,0.0,0.0,True,,,,
A,20,15,125,0.3,0.0,0.0,False,7152.989388022948,0.5,91.12450696062464,99.1813641902136
A,20,15,125,0.3,0.0,0.5,True,,,,
A,20,15,125,0.3,0.0,0.5,False,7152.989388022948,0.5,91.12450696062464,99.1813641902136
A,20,15,125,0.3,0.0,1.0,True,,,,
A,20,15,125,0.3,0.0,1.0,False,7152.989388022948,0.5,91.12450696062464,99.1813641902136
A,20,15,125,0.3,0.1,0.0,True,,,,
A,20,15,125,0.3,0.1,0.0,False,7293.25804173066,0.5,91.8460983973522,99.76835840818164
A,20,15,125,0.3,0.1,0.5,True,,,,
A,20,15,125,0.3,0.1,0.5,False,7211.562029169401,0.5,91.43418368242077,99.418052337134
A,20,15,125,0.3,0.1,1.0,True,,,,
A,20,15,125,0.3,0.1,1.0,False,6884.777978924363,0.5,89.78652482269503,98.01682805294348
A,20,15,125,0.3,1.0,0.0,True,,,,
A,20,15,125,0.3,1.0,0.0,False,7211.562029169401,0.5,91.43418368242077,99.418052337134
A,20,15,125,0.3,1.0,0.5,True,,,,
A,20,15,125,0.3,1.0,0.5,False,7211.562029169401,0.5,91.43418368242077,99.418052337134
A,20,15,125,0.3,1.0,1.0,True,698.8163169002722,0.8115855681341723,45.6881891544155,54.7803764632395
A,20,15,125,0.3,1.0,1.0,False,,,,
A,20,15,125,0.5,0.0,0.0,True,,,,
A,20,15,125,0.5,0.0,0.0,False,7152.989388022948,0.5,91.12450696062464,99.1813641902136
A,20,15,125,0.5,0.0,0.5,True,,,,
A,20,15,125,0.5,0.0,0.5,False,7152.989388022948,0.5,91.12450696062464,99.1813641902136
A,20,15,125,0.5,0.0,1.0,True,,,,
A,20,15,125,0.5,0.0,1.0,False,7152.989388022948,0.5,91.12450696062464,99.1813641902136
A,20,15,125,0.5,0.1,0.0,True,,,,
A,20,15,125,0.5,0.1,0.0,False,7293.25804173066,0.5,91.8460983973522,99.76835840818164
A,20,15,125,0.5,0.1,0.5,True,,,,
A,20,15,125,0.5,0.1,0.5,False,7211.562029169401,0.5,91.43418368242077,99.418052337134
A,20,15,125,0.5,0.1,1.0,True,,,,
A,20,15,125,0.5,0.1,1.0,False,6884.777978924363,0.5,89.78652482269503,98.01682805294348
A,20,15,125,0.5,1.0,0.0,True,,,,
A,20,15,125,0.5,1.0,0.0,False,7211.562029169401,0.5,91.43418368242077,99.418052337134
A,20,15,125,0.5,1.0,0.5,True,,,,
A,20,15,125,0.5,1.0,0.5,False,7211.562029169401,0.5,91.43418368242077,99.418052337134
A,20,15,125,0.5,1.0,1.0,True,2057.799138442024,0.6684540045860252,26.98202982759848,41.48450870716768
A,20,15,125,0.5,1.0,1.0,False,,,,
A,20,15,125,0.95,0.0,0.0,True,,,,
A,20,15,125,0.95,0.0,0.0,False,,,,
A,20,15,125,0.95,0.0,0.5,True,,,,
A,20,15,125,0.95,0.0,0.5,False,,,,
A,20,15,125,0.95,0.0,1.0,True,,,,
A,20,15,125,0.95,0.0,1.0,False,,,,
A,20,15,125,0.95,0.1,0.0,True,,,,
A,20,15,125,0.95,0.1,0.0,False,,,,
A,20,15,125,0.95,0.1,0.5,True,,,,
A,20,15,125,0.95,0.1,0.5,False,,,,
A,20,15,125,0.95,0.1,1.0,True,,,,
A,20,15,125,0.95,0.1,1.0,False,,,,
A,20,15,125,0.95,1.0,0.0,True,,,,
A,20,15,125,0.95,1.0,0.0,False,,,,
A,20,15,125,0.95,1.0,0.5,True,,,,
A,20,15,125,0.95,1.0,0.5,False,,,,
A,20,15,125,0.95,1.0,1.0,True,,,,
A,20,15,125,0.95,1.0,1.0,False,,,,
A,20,20,115,0.3,0.0,0.0,True,,,,
A,20,20,115,0.3,0.0,0.0,False,3724.458511199092,0.5,86.82436528727023,93.84138799026562
A,20,20,115,0.3,0.0,0.5,True,,,,
A,20,20,115,0.3,0.0,0.5,False,3724.458511199092,0.5,86.82436528727023,93.84138799026562
A,20,20,115,0.3,0.0,1.0,True,,,,
A,20,20,115,0.3,0.0,1.0,False,3724.458511199092,0.5,86.82436528727023,93.84138799026562
A,20,20,115,0.3,0.1,0.0,True,,,,
A,20,20,115,0.3,0.1,0.0,False,3750.100155118604,0.5,87.09291222508917,94.03913806342366
A,20,20,115,0.3,0.1,0.5,True,,,,
A,20,20,115,0.3,0.1,0.5,False,3789.0012755652815,0.5,87.45124666434018,94.34087112116984
A,20,20,115,0.3,0.1,1.0,True,,,,
A,20,20,115,0.3,0.1,1.0,False,3594.495673331894,0.5,85.65957446808511,92.83220583243894
A,20,20,115,0.3,1.0,0.0,True,,,,
A,20,20,115,0.3,1.0,0.0,False,3750.100155118604,0.5,87.09291222508917,94.03913806342366
A,20,20,115,0.3,1.0,0.5,True,,,,
A,20,20,115,0.3,1.0,0.5,False,3750.100155118604,0.5,87.09291222508917,94.03913806342366
A,20,20,115,0.3,1.0,1.0,True,315.04136413193476,0.8332949637214551,39.65923527954091,49.261265361025934
A,20,20,115,0.3,1.0,1.0,False,,,,
A,20,20,115,0.5,0.0,0.0,True,,,,
A,20,20,115,0.5,0.0,0.0,False,3724.458511199092,0.5,86.82436528727023,93.84138799026562
A,20,20,115,0.5,0.0,0.5,True,,,,
A,20,20,115,0.5,0.0,0.5,False,3724.458511199092,0.5,86.82436528727023,93.84138799026562
A,20,20,115,0.5,0.0,1.0,True,,,,
A,20,20,115,0.5,0.0,1.0,False,3724.458511199092,0.5,86.82436528727023,93.84138799026562
A,20,20,115,0.5,0.1,0.0,True,,,,
A,20,20,115,0.5,0.1,0.0,False,3750.100155118604,0.5,87.09291222508917,94.03913806342366
A,20,20,115,0.5,0.1,0.5,True,,,,
A,20,20,115,0.5,0.1,0.5,False,3789.0012755652815,0.5,87.45124666434018,94.34087112116984
A,20,20,115,0.5,0.1,1.0,True,,,,
A,20,20,115,0.5,0.1,1.0,False,3594.495673331894,0.5,85.65957446808511,92.83220583243894
A,20,20,115,0.5,1.0,0.0,True,,,,
A,20,20,115,0.5,1.0,0.0,False,3750.100155118604,0.5,87.09291222508917,94.03913806342366
A,20,20,115,0.5,1.0,0.5,True,,,,
A,20,20,115,0.5,1.0,0.5,False,3750.100155118604,0.5,87.09291222508917,94.03913806342366
A,20,20,115,0.5,1.0,1.0,True,2470.6698256466384,0.6750835104842674,30.65871889000887,42.05629617503523
A,20,20,115,0.5,1.0,1.0,False,,,,
A,20,20,115,0.95,0.0,0.0,True,,,,
A,20,20,115,0.95,0.0,0.0,False,,,,
A,20,20,115,0.95,0.0,0.5,True,,,,
A,20,20,115,0.95,0.0,0.5,False,,,,
A,20,20,115,0.95,0.0,1.0,True,,,,
A,20,20,115,0.95,0.0,1.0,False,,,,
A,20,20,115,0.95,0.1,0.0,True,,,,
A,20,20,115,0.95,0.1,0.0,False,,,,
A,20,20,115,0.95,0.1,0.5,True,,,,
A,20,20,115,0.95,0.1,0.5,False,,,,
A,20,20,115,0.95,0.1,1.0,True,,,,
A,20,20,115,0.95,0.1,1.0,False,,,,
A,20,20,115,0.95,1.0,0.0,True,,,,
A,20,20,115,0.95,1.0,0.0,False,,,,
A,20,20,115,0.95,1.0,0.5,True,,,,
A,20,20,115,0.95,1.0,0.5,False,,,,
A,20,20,115,0.95,1.0,1.0,True,,,,
A,20,20,115,0.95,1.0,1.0,False,,,,
A,20,20,120,0.3,0.0,0.0,True,,,,
A,20,20,120,0.3,0.0,0.0,False,5173.285582697514,0.5,89.0520644688299,96.5891558903126
A,20,20,120,0.3,0.0,0.5,True,,,,
A,20,20,120,0.3,0.0,0.5,False,5173.285582697514,0.5,89.0520644688299,96.5891558903126
A,20,20,120,0.3,0.0,1.0,True,,,,
A,20,20,120,0.3,0.0,1.0,False,5173.285582697514,0.5,89.0520644688299,96.5891558903126
A,20,20,120,0.3,0.1,0.0,True,,,,
A,20,20,120,0.3,0.1,0.0,False,5212.577638040541,0.5,89.34158066984057,96.80670456373642
A,20,20,120,0.3,0.1,0.5,True,,,,
A,20,20,120,0.3,0.1,0.5,False,5269.42556398305,0.5,89.72750775219433,97.1334458403528
A,20,20,120,0.3,0.1,1.0,True,,,,
A,20,20,120,0.3,0.1,1.0,False,4985.185934270506,0.5,87.79787234042553,95.49973945727088
A,20,20,120,0.3,1.0,0.0,True,,,,
A,20,20,120,0.3,1.0,0.0,False,5212.577638040541,0.5,89.34158066984057,96.80670456373642
A,20,20,120,0.3,1.0,0.5,True,,,,
A,20,20,120,0.3,1.0,0.5,False,5212.577638040541,0.5,89.34158066984057,96.80670456373642
A,20,20,120,0.3,1.0,1.0,True,398.9680272703821,0.8283323131970479,41.46072214264742,50.96055156845473
A,20,20,120,0.3,1.0,1.0,False,,,,
A,20,20,120,0.5,0.0,0.0,True,,,,
A,20,20,120,0.5,0.0,0.0,False,5173.285582697514,0.5,89.0520644688299,96.5891558903126
A,20,20,120,0.5,0.0,0.5,True,,,,
A,20,20,120,0.5,0.0,0.5,False,5173.285582697514,0.5,89.0520644688299,96.5891558903126
A,20,20,120,0.5,0.0,1.0,True,,,,
A,20,20,120,0.5,0.0,1.0,False,5173.285582697514,0.5,89.0520644688299,96.5891558903126
A,20,20,120,0.5,0.1,0.0,True,,,,
A,20,20,120,0.5,0.1,0.0,False,5212.577638040541,0.5,89.34158066984057,96.80670456373642
A,20,20,120,0.5,0.1,0.5,True,,,,
A,20,20,120,0.5,0.1,0.5,False,5269.42556398305,0.5,89.72750775219433,97.1334458403528
A,20,20,120,0.5,0.1,1.0,True,,,,
A,20,20,120,0.5,0.1,1.0,False,4985.185934270506,0.5,87.79787234042553,95.49973945727088
A,20,20,120,0.5,1.0,0.0,True,,,,
A,20,20,120,0.5,1.0,0.0,False,5212.577638040541,0.5,89.34158066984057,96.80670456373642
A,20,20,120,0.5,1.0,0.5,True,,,,
A,20,20,120,0.5,1.0,0.5,False,5212.577638040541,0.5,89.34158066984057,96.80670456373642
A,20,20,120,0.5,1.0,1.0,True,2470.186801099544,0.6697640722521173,28.407851832686127,41.65179157398786
A,20,20,120,0.5,1.0,1.0,False,,,,
A,20,20,120,0.95,0.0,0.0,True,,,,
A,20,20,120,0.95,0.0,0.0,False,,,,
A,20,20,120,0.95,0.0,0.5,True,,,,
A,20,20,120,0.95,0.0,0.5,False,,,,
A,20,20,120,0.95,0.0,1.0,True,,,,
A,20,20,120,0.95,0.0,1.0,False,,,,
A,20,20,120,0.95,0.1,0.0,True,,,,
A,20,20,120,0.95,0.1,0.0,False,,,,
A,20,20,120,0.95,0.1,0.5,True,,,,
A,20,20,120,0.95,0.1,0.5,False,,,,
A,20,20,120,0.95,0.1,1.0,True,,,,
A,20,20,120,0.95,0.1,1.0,False,,,,
A,20,20,120,0.95,1.0,0.0,True,,,,
A,20,20,120,0.95,1.0,0.0,False,,,,
A,20,20,120,0.95,1.0,0.5,True,,,,
A,20,20,120,0.95,1.0,0.5,False,,,,
A,20,20,120,0.95,1.0,1.0,True,,,,
A,20,20,120,0.95,1.0,1.0,False,,,,
A,20,20,125,0.3,0.0,0.0,True,,,,
A,20,20,125,0.3,0.0,0.0,False,7152.989388022948,0.5,91.12450696062464,99.1813641902136
A,20,20,125,0.3,0.0,0.5,True,,,,
A,20,20,125,0.3,0.0,0.5,False,7152.989388022948,0.5,91.12450696062464,99.1813641902136
A,20,20,125,0.3,0.0,1.0,True,,,,
A,20,20,125,0.3,0.0,1.0,False,7152.989388022948,0.5,91.12450696062464,99.1813641902136
A,20,20,125,0.3,0.1,0.0,True,,,,
A,20,20,125,0.3,0.1,0.0,False,7211.562029169401,0.5,91.43418368242077,99.418052337134
A,20,20,125,0.3,0.1,0.5,True,,,,
A,20,20,125,0.3,0.1,0.5,False,7293.25804173066,0.5,91.8460983973522,99.76835840818164
A,20,20,125,0.3,0.1,1.0,True,,,,
A,20,20,125,0.3,0.1,1.0,False,6884.777978924363,0.5,89.78652482269503,98.01682805294348
A,20,20,125,0.3,1.0,0.0,True,,,,
A,20,20,125,0.3,1.0,0.0,False,7211.562029169401,0.5,91.43418368242077,99.418052337134
A,20,20,125,0.3,1.0,0.5,True,,,,
A,20,20,125,0.3,1.0,0.5,False,7211.562029169401,0.5,91.43418368242077,99.418052337134
A,20,20,125,0.3,1.0,1.0,True,499.3716145981963,0.8232373721960967,43.43216315696736,52.63348479464152
A,20,20,125,0.3,1.0,1.0,False,,,,
A,20,20,125,0.5,0.0,0.0,True,,,,
A,20,20,125,0.5,0.0,0.0,False,7152.989388022948,0.5,91.12450696062464,99.1813641902136
A,20,20,125,0.5,0.0,0.5,True,,,,
A,20,20,125,0.5,0.0,0.5,False,7152.989388022948,0.5,91.12450696062464,99.1813641902136
A,20,20,125,0.5,0.0,1.0,True,,,,
A,20,20,125,0.5,0.0,1.0,False,7152.989388022948,0.5,91.12450696062464,99.1813641902136
A,20,20,125,0.5,0.1,0.0,True,,,,
A,20,20,125,0.5,0.1,0.0,False,7211.562029169401,0.5,91.43418368242077,99.418052337134
A,20,20,125,0.5,0.1,0.5,True,,,,
A,20,20,125,0.5,0.1,0.5,False,7293.25804173066,0.5,91.8460983973522,99.76835840818164
A,20,20,125,0.5,0.1,1.0,True,,,,
A,20,20,125,0.5,0.1,1.0,False,6884.777978924363,0.5,89.78652482269503,98.01682805294348
A,20,20,125,0.5,1.0,0.0,True,,,,
A,20,20,125,0.5,1.0,0.0,False,7211.562029169401,0.5,91.43418368242077,99.418052337134
A,20,20,125,0.5,1.0,0.5,True,,,,
A,20,20,125,0.5,1.0,0.5,False,7211.562029169401,0.5,91.43418368242077,99.418052337134
A,20,20,125,0.5,1.0,1.0,True,2469.915028358084,0.6650392617176525,26.31760820648392,41.526039499505806
A,20,20,125,0.5,1.0,1.0,False,,,,
A,20,20,125,0.95,0.0,0.0,True,,,,
A,20,20,125,0.95,0.0,0.0,False,,,,
A,20,20,125,0.95,0.0,0.5,True,,,,
A,20,20,125,0.95,0.0,0.5,False,,,,
A,20,20,125,0.95,0.0,1.0,True,,,,
A,20,20,125,0.95,0.0,1.0,False,,,,
A,20,20,125,0.95,0.1,0.0,True,,,,
A,20,20,125,0.95,0.1,0.0,False,,,,
A,20,20,125,0.95,0.1,0.5,True,,,,
A,20,20,125,0.95,0.1,0.5,False,,,,
A,20,20,125,0.95,0.1,1.0,True,,,,
A,20,20,125,0.95,0.1,1.0,False,,,,
A,20,20,125,0.95,1.0,0.0,True,,,,
A,20,20,125,0.95,1.0,0.0,False,,,,
A,20,20,125,0.95,1.0,0.5,True,,,,
A,20,20,125,0.95,1.0,0.5,False,,,,
A,20,20,125,0.95,1.0,1.0,True,,,,
A,20,20,125,0.95,1.0,1.0,False,,,,
A,25,10,115,0.3,0.0,0.0,True,,,,
A,25,10,115,0.3,0.0,0.0,False,3640.991683654186,0.5,86.13879659571387,93.23920650765056
A,25,10,115,0.3,0.0,0.5,True,,,,
A,25,10,115,0.3,0.0,0.5,False,3640.991683654186,0.5,86.13879659571387,93.23920650765056
A,25,10,115,0.3,0.0,1.0,True,,,,
A,25,10,115,0.3,0.0,1.0,False,3640.991683654186,0.5,86.13879659571387,93.23920650765056
A,25,10,115,0.3,0.1,0.0,True,,,,
A,25,10,115,0.3,0.1,0.0,False,3640.991683654186,0.5,86.13879659571387,93.23920650765056
A,25,10,115,0.3,0.1,0.5,True,,,,
A,25,10,115,0.3,0.1,0.5,False,3681.301311790017,0.5,86.50968156371324,93.55428672477142
A,25,10,115,0.3,0.1,1.0,True,,,,
A,25,10,115,0.3,0.1,1.0,False,3479.753171110864,0.5,84.65525672371638,91.97888563916712
A,25,10,115,0.3,1.0,0.0,True,,,,
A,25,10,115,0.3,1.0,0.0,False,3640.991683654186,0.5,86.13879659571387,93.23920650765056
A,25,10,115,0.3,1.0,0.5,True,,,,
A,25,10,115,0.3,1.0,0.5,False,3640.991683654186,0.5,86.13879659571387,93.23920650765056
A,25,10,115,0.3,1.0,1.0,True,356.6358436258952,0.825757782674343,41.607675384991445,50.903215760156115
A,25,10,115,0.3,1.0,1.0,False,3479.753171110864,0.5,84.65525672371638,91.97888563916712
A,25,10,115,0.5,0.0,0.0,True,,,,
A,25,10,115,0.5,0.0,0.0,False,3640.991683654186,0.5,86.13879659571387,93.23920650765056
A,25,10,115,0.5,0.0,0.5,True,,,,
A,25,10,115,0.5,0.0,0.5,False,3640.991683654186,0.5,86.13879659571387,93.23920650765056
A,25,10,115,0.5,0.0,1.0,True,,,,
A,25,10,115,0.5,0.0,1.0,False,3640.991683654186,0.5,86.13879659571387,93.23920650765056
A,25,10,115,0.5,0.1,0.0,True,,,,
A,25,10,115,0.5,0.1,0.0,False,3640.991683654186,0.5,86.13879659571387,93.23920650765056
A,25,10,115,0.5,0.1,0.5,True,,,,
A,25,10,115,0.5,0.1,0.5,False,3681.301311790017,0.5,86.50968156371324,93.55428672477142
A,25,10,115,0.5,0.1,1.0,True,,,,
A,25,10,115,0.5,0.1,1.0,False,3479.753171110864,0.5,84.65525672371638,91.97888563916712
A,25,10,115,0.5,1.0,0.0,True,,,,
A,25,10,115,0.5,1.0,0.0,False,3640.991683654186,0.5,86.13879659571387,93.23920650765056
A,25,10,115,0.5,1.0,0.5,True,,,,
A,25,10,115,0.5,1.0,0.5,False,3640.991683654186,0.5,86.13879659571387,93.23920650765056
A,25,10,115,0.5,1.0,1.0,True,2030.0534094985364,0.6761133889004824,30.591542410168664,42.01797987882143
A,25,10,115,0.5,1.0,1.0,False,3479.753171110864,0.5,84.65525672371638,91.97888563916712
A,25,10,115,0.95,0.0,0.0,True,,,,
A,25,10,115,0.95,0.0,0.0,False,,,,
A,25,10,115,0.95,0.0,0.5,True,,,,
A,25,10,115,0.95,0.0,0.5,False,,,,
A,25,10,115,0.95,0.0,1.0,True,,,,
A,25,10,115,0.95,0.0,1.0,False,,,,
A,25,10,115,0.95,0.1,0.0,True,,,,
A,25,10,115,0.95,0.1,0.0,False,,,,
A,25,10,115,0.95,0.1,0.5,True,,,,
A,25,10,115,0.95,0.1,0.5,False,,,,
A,25,10,115,0.95,0.1,1.0,True,,,,
A,25,10,115,0.95,0.1,1.0,False,,,,
A,25,10,115,0.95,1.0,0.0,True,,,,
A,25,10,115,0.95,1.0,0.0,False,,,,
A,25,10,115,0.95,1.0,0.5,True,,,,
A,25,10,115,0.95,1.0,0.5,False,,,,
A,25,10,115,0.95,1.0,1.0,True,,,,
A,25,10,115,0.95,1.0,1.0,False,,,,
A,25,10,120,0.3,0.0,0.0,True,,,,
A,25,10,120,0.3,0.0,0.0,False,5042.965335983925,0.5,88.29476869443629,95.91623920974898
A,25,10,120,0.3,0.0,0.5,True,,,,
A,25,10,120,0.3,0.0,0.5,False,5042.965335983925,0.5,88.29476869443629,95.91623920974898
A,25,10,120,0.3,0.0,1.0,True,,,,
A,25,10,120,0.3,0.0,1.0,False,5042.965335983925,0.5,88.29476869443629,95.91623920974898
A,25,10,120,0.3,0.1,0.0,True,,,,
A,25,10,120,0.3,0.1,0.0,False,5042.965335983925,0.5,88.29476869443629,95.91623920974898
A,25,10,120,0.3,0.1,0.5,True,,,,
A,25,10,120,0.3,0.1,0.5,False,5101.946705154299,0.5,88.69437773846101,96.25787052107556
A,25,10,120,0.3,0.1,1.0,True,,,,
A,25,10,120,0.3,0.1,1.0,False,4807.039859302429,0.5,86.69633251833741,94.54971396444276
A,25,10,120,0.3,1.0,0.0,True,,,,
A,25,10,120,0.3,1.0,0.0,False,5042.965335983925,0.5,88.29476869443629,95.91623920974898
A,25,10,120,0.3,1.0,0.5,True,,,,
A,25,10,120,0.3,1.0,0.5,False,5042.965335983925,0.5,88.29476869443629,95.91623920974898
A,25,10,120,0.3,1.0,1.0,True,453.716897167873,0.8198869817500893,43.71205084331459,52.7156997603389
A,25,10,120,0.3,1.0,1.0,False,4807.039859302429,0.5,86.69633251833741,94.54971396444276
A,25,10,120,0.5,0.0,0.0,True,,,,
A,25,10,120,0.5,0.0,0.0,False,5042.965335983925,0.5,88.29476869443629,95.91623920974898
A,25,10,120,0.5,0.0,0.5,True,,,,
A,25,10,120,0.5,0.0,0.5,False,5042.965335983925,0.5,88.29476869443629,95.91623920974898
A,25,10,120,0.5,0.0,1.0,True,,,,
A,25,10,120,0.5,0.0,1.0,False,5042.965335983925,0.5,88.29476869443629,95.91623920974898
A,25,10,120,0.5,0.1,0.0,True,,,,
A,25,10,120,0.5,0.1,0.0,False,5042.965335983925,0.5,88.29476869443629,95.91623920974898
A,25,10,120,0.5,0.1,0.5,True,,,,
A,25,10,120,0.5,0.1,0.5,False,5101.946705154299,0.5,88.69437773846101,96.25787052107556
A,25,10,120,0.5,0.1,1.0,True,,,,
A,25,10,120,0.5,0.1,1.0,False,4807.039859302429,0.5,86.69633251833741,94.54971396444276
A,25,10,120,0.5,1.0,0.0,True,,,,
A,25,10,120,0.5,1.0,0.0,False,5042.965335983925,0.5,88.29476869443629,95.91623920974898
A,25,10,120,0.5,1.0,0.5,True,,,,
A,25,10,120,0.5,1.0,0.5,False,5042.965335983925,0.5,88.29476869443629,95.91623920974898
A,25,10,120,0.5,1.0,1.0,True,2029.578006820979,0.6708896286046662,28.37716939623564,41.61950953216967
A,25,10,120,0.5,1.0,1.0,False,4807.039859302429,0.5,86.69633251833741,94.54971396444276
A,25,10,120,0.95,0.0,0.0,True,,,,
A,25,10,120,0.95,0.0,0.0,False,,,,
A,25,10,120,0.95,0.0,0.5,True,,,,
A,25,10,120,0.95,0.0,0.5,False,,,,
A,25,10,120,0.95,0.0,1.0,True,,,,
A,25,10,120,0.95,0.0,1.0,False,,,,
A,25,10,120,0.95,0.1,0.0,True,,,,
A,25,10,120,0.95,0.1,0.0,False,,,,
A,25,10,120,0.95,0.1,0.5,True,,,,
A,25,10,120,0.95,0.1,0.5,False,,,,
A,25,10,120,0.95,0.1,1.0,True,,,,
A,25,10,120,0.95,0.1,1.0,False,,,,
A,25,10,120,0.95,1.0,0.0,True,,,,
A,25,10,120,0.95,1.0,0.0,False,,,,
A,25,10,120,0.95,1.0,0.5,True,,,,
A,25,10,120,0.95,1.0,0.5,False,,,,
A,25,10,120,0.95,1.0,1.0,True,,,,
A,25,10,120,0.95,1.0,1.0,False,,,,
A,25,10,125,0.3,0.0,0.0,True,,,,
A,25,10,125,0.3,0.0,0.0,False,6950.23615731947,0.5,90.29163422256218,98.43200841986696
A,25,10,125,0.3,0.0,0.5,True,,,,
A,25,10,125,0.3,0.0,0.5,False,6950.23615731947,0.5,90.29163422256218,98.43200841986696
A,25,10,125,0.3,0.0,1.0,True,,,,
A,25,10,125,0.3,0.0,1.0,False,6950.23615731947,0.5,90.29163422256218,98.43200841986696
A,25,10,125,0.3,0.1,0.0,True,,,,
A,25,10,125,0.3,0.1,0.0,False,6950.23615731947,0.5,90.29163422256218,98.43200841986696
A,25,10,125,0.3,0.1,0.5,True,,,,
A,25,10,125,0.3,0.1,0.5,False,7034.539175627299,0.5,90.71772126231028,98.79799018571492
A,25,10,125,0.3,0.1,1.0,True,,,,
A,25,10,125,0.3,0.1,1.0,False,6613.024084088157,0.5,88.58728606356968,96.96808135647518
A,25,10,125,0.3,1.0,0.0,True,,,,
A,25,10,125,0.3,1.0,0.0,False,6950.23615731947,0.5,90.29163422256218,98.43200841986696
A,25,10,125,0.3,1.0,0.5,True,,,,
A,25,10,125,0.3,1.0,0.5,False,6950.23615731947,0.5,90.29163422256218,98.43200841986696
A,25,10,125,0.3,1.0,1.0,True,567.7000457643871,0.8143119324354825,45.78929357125397,54.47922825642175
A,25,10,125,0.3,1.0,1.0,False,6613.024084088157,0.5,88.58728606356968,96.96808135647518
A,25,10,125,0.5,0.0,0.0,True,,,,
A,25,10,125,0.5,0.0,0.0,False,6950.23615731947,0.5,90.29163422256218,98.43200841986696
A,25,10,125,0.5,0.0,0.5,True,,,,
A,25,10,125,0.5,0.0,0.5,False,6950.23615731947,0.5,90.29163422256218,98.43200841986696
A,25,10,125,0.5,0.0,1.0,True,,,,
A,25,10,125,0.5,0.0,1.0,False,6950.23615731947,0.5,90.29163422256218,98.43200841986696
A,25,10,125,0.5,0.1,0.0,True,,,,
A,25,10,125,0.5,0.1,0.0,False,6950.23615731947,0.5,90.29163422256218,98.43200841986696
A,25,10,125,0.5,0.1,0.5,True,,,,
A,25,10,125,0.5,0.1,0.5,False,7034.539175627299,0.5,90.71772126231028,98.79799018571492
A,25,10,125,0.5,0.1,1.0,True,,,,
A,25,10,125,0.5,0.1,1.0,False,6613.024084088157,0.5,88.58728606356968,96.96808135647518
A,25,10,125,0.5,1.0,0.0,True,,,,
A,25,10,125,0.5,1.0,0.0,False,6950.23615731947,0.5,90.29163422256218,98.43200841986696
A,25,10,125,0.5,1.0,0.5,True,,,,
A,25,10,125,0.5,1.0,0.5,False,6950.23615731947,0.5,90.29163422256218,98.43200841986696
A,25,10,125,0.5,1.0,1.0,True,2029.3108420481583,0.6664409850262939,26.32681495966756,41.49498796132534
A,25,10,125,0.5,1.0,1.0,False,6613.024084088157,0.5,88.58728606356968,96.96808135647518
A,25,10,125,0.95,0.0,0.0,True,,,,
A,25,10,125,0.95,0.0,0.0,False,,,,
A,25,10,125,0.95,0.0,0.5,True,,,,
A,25,10,125,0.95,0.0,0.5,False,,,,
A,25,10,125,0.95,0.0,1.0,True,,,,
A,25,10,125,0.95,0.0,1.0,False,,,,
A,25,10,125,0.95,0.1,0.0,True,,,,
A,25,10,125,0.95,0.1,0.0,False,,,,
A,25,10,125,0.95,0.1,0.5,True,,,,
A,25,10,125,0.95,0.1,0.5,False,,,,
A,25,10,125,0.95,0.1,1.0,True,,,,
A,25,10,125,0.95,0.1,1.0,False,,,,
A,25,10,125,0.95,1.0,0.0,True,,,,
A,25,10,125,0.95,1.0,0.0,False,,,,
A,25,10,125,0.95,1.0,0.5,True,,,,
A,25,10,125,0.95,1.0,0.5,False,,,,
A,25,10,125,0.95,1.0,1.0,True,,,,
A,25,10,125,0.95,1.0,1.0,False,,,,
A,25,15,115,0.3,0.0,0.0,True,,,,
A,25,15,115,0.3,0.0,0.0,False,3670.3332123103432,0.5,86.34673707341615,93.43393002040268
A,25,15,115,0.3,0.0,0.5,True,,,,
A,25,15,115,0.3,0.0,0.5,False,3670.3332123103432,0.5,86.34673707341615,93.43393002040268
A,25,15,115,0.3,0.0,1.0,True,,,,
A,25,15,115,0.3,0.0,1.0,False,3670.3332123103432,0.5,86.34673707341615,93.43393002040268
A,25,15,115,0.3,0.1,0.0,True,,,,
A,25,15,115,0.3,0.1,0.0,False,3640.991683654186,0.5,86.13879659571387,93.23920650765056
A,25,15,115,0.3,0.1,0.5,True,,,,
A,25,15,115,0.3,0.1,0.5,False,3681.301311790017,0.5,86.50968156371324,93.55428672477142
A,25,15,115,0.3,0.1,1.0,True,,,,
A,25,15,115,0.3,0.1,1.0,False,3479.753171110864,0.5,84.65525672371638,91.97888563916712
A,25,15,115,0.3,1.0,0.0,True,,,,
A,25,15,115,0.3,1.0,0.0,False,3640.991683654186,0.5,86.13879659571387,93.23920650765056
A,25,15,115,0.3,1.0,0.5,True,,,,
A,25,15,115,0.3,1.0,0.5,False,3640.991683654186,0.5,86.13879659571387,93.23920650765056
A,25,15,115,0.3,1.0,1.0,True,438.0579054614461,0.8108970115781031,43.34166471031175,52.39287789981912
A,25,15,115,0.3,1.0,1.0,False,,,,
A,25,15,115,0.5,0.0,0.0,True,,,,
A,25,15,115,0.5,0.0,0.0,False,3670.3332123103432,0.5,86.34673707341615,93.43393002040268
A,25,15,115,0.5,0.0,0.5,True,,,,
A,25,15,115,0.5,0.0,0.5,False,3670.3332123103432,0.5,86.34673707341615,93.43393002040268
A,25,15,115,0.5,0.0,1.0,True,,,,
A,25,15,115,0.5,0.0,1.0,False,3670.3332123103432,0.5,86.34673707341615,93.43393002040268
A,25,15,115,0.5,0.1,0.0,True,,,,
A,25,15,115,0.5,0.1,0.0,False,3640.991683654186,0.5,86.13879659571387,93.23920650765056
A,25,15,115,0.5,0.1,0.5,True,,,,
A,25,15,115,0.5,0.1,0.5,False,3681.301311790017,0.5,86.50968156371324,93.55428672477142
A,25,15,115,0.5,0.1,1.0,True,,,,
A,25,15,115,0.5,0.1,1.0,False,3479.753171110864,0.5,84.65525672371638,91.97888563916712
A,25,15,115,0.5,1.0,0.0,True,,,,
A,25,15,115,0.5,1.0,0.0,False,3640.991683654186,0.5,86.13879659571387,93.23920650765056
A,25,15,115,0.5,1.0,0.5,True,,,,
A,25,15,115,0.5,1.0,0.5,False,3640.991683654186,0.5,86.13879659571387,93.23920650765056
A,25,15,115,0.5,1.0,1.0,True,2150.8472715055077,0.6784410462040784,31.959112945340923,42.61469250972849
A,25,15,115,0.5,1.0,1.0,False,,,,
A,25,15,115,0.95,0.0,0.0,True,,,,
A,25,15,115,0.95,0.0,0.0,False,,,,
A,25,15,115,0.95,0.0,0.5,True,,,,
A,25,15,115,0.95,0.0,0.5,False,,,,
A,25,15,115,0.95,0.0,1.0,True,,,,
A,25,15,115,0.95,0.0,1.0,False,,,,
A,25,15,115,0.95,0.1,0.0,True,,,,
A,25,15,115,0.95,0.1,0.0,False,,,,
A,25,15,115,0.95,0.1,0.5,True,,,,
A,25,15,115,0.95,0.1,0.5,False,,,,
A,25,15,115,0.95,0.1,1.0,True,,,,
A,25,15,115,0.95,0.1,1.0,False,,,,
A,25,15,115,0.95,1.0,0.0,True,,,,
A,25,15,115,0.95,1.0,0.0,False,,,,
A,25,15,115,0.95,1.0,0.5,True,,,,
A,25,15,115,0.95,1.0,0.5,False,,,,
A,25,15,115,0.95,1.0,1.0,True,,,,
A,25,15,115,0.95,1.0,1.0,False,,,,
A,25,15,120,0.3,0.0,0.0,True,,,,
A,25,15,120,0.3,0.0,0.0,False,5087.454983315911,0.5,88.52588636877815,96.13393079216684
A,25,15,120,0.3,0.0,0.5,True,,,,
A,25,15,120,0.3,0.0,0.5,False,5087.454983315911,0.5,88.52588636877815,96.13393079216684
A,25,15,120,0.3,0.0,1.0,True,,,,
A,25,15,120,0.3,0.0,1.0,False,5087.454983315911,0.5,88.52588636877815,96.13393079216684
A,25,15,120,0.3,0.1,0.0,True,,,,
A,25,15,120,0.3,0.1,0.0,False,5042.965335983925,0.5,88.29476869443629,95.91623920974898
A,25,15,120,0.3,0.1,0.5,True,,,,
A,25,15,120,0.3,0.1,0.5,False,5101.946705154299,0.5,88.69437773846101,96.25787052107556
A,25,15,120,0.3,0.1,1.0,True,,,,
A,25,15,120,0.3,0.1,1.0,False,4807.039859302429,0.5,86.69633251833741,94.54971396444276
A,25,15,120,0.3,1.0,0.0,True,,,,
A,25,15,120,0.3,1.0,0.0,False,5042.965335983925,0.5,88.29476869443629,95.91623920974898
A,25,15,120,0.3,1.0,0.5,True,,,,
A,25,15,120,0.3,1.0,0.5,False,5042.965335983925,0.5,88.29476869443629,95.91623920974898
A,25,15,120,0.3,1.0,1.0,True,577.9949479223733,0.8055221558752012,45.35835408837542,54.21217404599413
A,25,15,120,0.3,1.0,1.0,False,,,,
A,25,15,120,0.5,0.0,0.0,True,,,,
A,25,15,120,0.5,0.0,0.0,False,5087.454983315911,0.5,88.52588636877815,96.13393079216684
A,25,15,120,0.5,0.0,0.5,True,,,,
A,25,15,120,0.5,0.0,0.5,False,5087.454983315911,0.5,88.52588636877815,96.13393079216684
A,25,15,120,0.5,0.0,1.0,True,,,,
A,25,15,120,0.5,0.0,1.0,False,5087.454983315911,0.5,88.52588636877815,96.13393079216684
A,25,15,120,0.5,0.1,0.0,True,,,,
A,25,15,120,0.5,0.1,0.0,False,5042.965335983925,0.5,88.29476869443629,95.91623920974898
A,25,15,120,0.5,0.1,0.5,True,,,,
A,25,15,120,0.5,0.1,0.5,False,5101.946705154299,0.5,88.69437773846101,96.25787052107555
A,25,15,120,0.5,0.1,1.0,True,,,,
A,25,15,120,0.5,0.1,1.0,False,4807.039859302429,0.5,86.69633251833741,94.54971396444277
A,25,15,120,0.5,1.0,0.0,True,,,,
A,25,15,120,0.5,1.0,0.0,False,5042.965335983925,0.5,88.29476869443629,95.91623920974898
A,25,15,120,0.5,1.0,0.5,True,,,,
A,25,15,120,0.5,1.0,0.5,False,5042.965335983925,0.5,88.29476869443629,95.91623920974898
A,25,15,120,0.5,1.0,1.0,True,2151.6861418254502,0.6729337551348208,30.043881393856836,42.36310959697005
A,25,15,120,0.5,1.0,1.0,False,,,,
A,25,15,120,0.95,0.0,0.0,True,,,,
A,25,15,120,0.95,0.0,0.0,False,,,,
A,25,15,120,0.95,0.0,0.5,True,,,,
A,25,15,120,0.95,0.0,0.5,False,,,,
A,25,15,120,0.95,0.0,1.0,True,,,,
A,25,15,120,0.95,0.0,1.0,False,,,,
A,25,15,120,0.95,0.1,0.0,True,,,,
A,25,15,120,0.95,0.1,0.0,False,,,,
A,25,15,120,0.95,0.1,0.5,True,,,,
A,25,15,120,0.95,0.1,0.5,False,,,,
A,25,15,120,0.95,0.1,1.0,True,,,,
A,25,15,120,0.95,0.1,1.0,False,,,,
A,25,15,120,0.95,1.0,0.0,True,,,,
A,25,15,120,0.95,1.0,0.0,False,,,,
A,25,15,120,0.95,1.0,0.5,True,,,,
A,25,15,120,0.95,1.0,0.5,False,,,,
A,25,15,120,0.95,1.0,1.0,True,,,,
A,25,15,120,0.95,1.0,1.0,False,,,,
A,25,15,125,0.3,0.0,0.0,True,,,,
A,25,15,125,0.3,0.0,0.0,False,7019.678364938652,0.5,90.54871473716706,98.67649579431043
A,25,15,125,0.3,0.0,0.5,True,,,,
A,25,15,125,0.3,0.0,0.5,False,7019.678364938652,0.5,90.54871473716706,98.67649579431043
A,25,15,125,0.3,0.0,1.0,True,,,,
A,25,15,125,0.3,0.0,1.0,False,7019.678364938652,0.5,90.54871473716706,98.67649579431043
A,25,15,125,0.3,0.1,0.0,True,,,,
A,25,15,125,0.3,0.1,0.0,False,6950.23615731947,0.5,90.29163422256218,98.43200841986697
A,25,15,125,0.3,0.1,0.5,True,,,,
A,25,15,125,0.3,0.1,0.5,False,7034.539175627299,0.5,90.71772126231029,98.79799018571492
A,25,15,125,0.3,0.1,1.0,True,,,,
A,25,15,125,0.3,0.1,1.0,False,6613.024084088157,0.5,88.58728606356968,96.96808135647518
A,25,15,125,0.3,1.0,0.0,True,,,,
A,25,15,125,0.3,1.0,0.0,False,6950.23615731947,0.5,90.29163422256218,98.43200841986697
A,25,15,125,0.3,1.0,0.5,True,,,,
A,25,15,125,0.3,1.0,0.5,False,6950.23615731947,0.5,90.29163422256218,98.43200841986697
A,25,15,125,0.3,1.0,1.0,True,761.4354234175539,0.8003595698058031,47.335125316547945,55.98192944236857
A,25,15,125,0.3,1.0,1.0,False,,,,
A,25,15,125,0.5,0.0,0.0,True,,,,
A,25,15,125,0.5,0.0,0.0,False,7019.678364938652,0.5,90.54871473716706,98.67649579431043
A,25,15,125,0.5,0.0,0.5,True,,,,
A,25,15,125,0.5,0.0,0.5,False,7019.678364938652,0.5,90.54871473716706,98.67649579431043
A,25,15,125,0.5,0.0,1.0,True,,,,
A,25,15,125,0.5,0.0,1.0,False,7019.678364938652,0.5,90.54871473716706,98.67649579431043
A,25,15,125,0.5,0.1,0.0,True,,,,
A,25,15,125,0.5,0.1,0.0,False,6950.23615731947,0.5,90.29163422256218,98.43200841986697
A,25,15,125,0.5,0.1,0.5,True,,,,
A,25,15,125,0.5,0.1,0.5,False,7034.539175627299,0.5,90.71772126231029,98.79799018571492
A,25,15,125,0.5,0.1,1.0,True,,,,
A,25,15,125,0.5,0.1,1.0,False,6613.024084088157,0.5,88.58728606356968,96.96808135647518
A,25,15,125,0.5,1.0,0.0,True,,,,
A,25,15,125,0.5,1.0,0.0,False,6950.23615731947,0.5,90.29163422256218,98.43200841986697
A,25,15,125,0.5,1.0,0.5,True,,,,
A,25,15,125,0.5,1.0,0.5,False,6950.23615731947,0.5,90.29163422256218,98.43200841986697
A,25,15,125,0.5,1.0,1.0,True,2152.8906521421914,0.6680997393028585,28.292516391232212,42.36061119861054
A,25,15,125,0.5,1.0,1.0,False,,,,
A,25,15,125,0.95,0.0,0.0,True,,,,
A,25,15,125,0.95,0.0,0.0,False,,,,
A,25,15,125,0.95,0.0,0.5,True,,,,
A,25,15,125,0.95,0.0,0.5,False,,,,
A,25,15,125,0.95,0.0,1.0,True,,,,
A,25,15,125,0.95,0.0,1.0,False,,,,
A,25,15,125,0.95,0.1,0.0,True,,,,
A,25,15,125,0.95,0.1,0.0,False,,,,
A,25,15,125,0.95,0.1,0.5,True,,,,
A,25,15,125,0.95,0.1,0.5,False,,,,
A,25,15,125,0.95,0.1,1.0,True,,,,
A,25,15,125,0.95,0.1,1.0,False,,,,
A,25,15,125,0.95,1.0,0.0,True,,,,
A,25,15,125,0.95,1.0,0.0,False,,,,
A,25,15,125,0.95,1.0,0.5,True,,,,
A,25,15,125,0.95,1.0,0.5,False,,,,
A,25,15,125,0.95,1.0,1.0,True,,,,
A,25,15,125,0.95,1.0,1.0,False,,,,
A,25,20,115,0.3,0.0,0.0,True,,,,
A,25,20,115,0.3,0.0,0.0,False,3670.3332123103432,0.5,86.34673707341615,93.43393002040268
A,25,20,115,0.3,0.0,0.5,True,,,,
A,25,20,115,0.3,0.0,0.5,False,3670.3332123103432,0.5,86.34673707341615,93.43393002040268
A,25,20,115,0.3,0.0,1.0,True,,,,
A,25,20,115,0.3,0.0,1.0,False,3670.3332123103432,0.5,86.34673707341615,93.43393002040268
A,25,20,115,0.3,0.1,0.0,True,,,,
A,25,20,115,0.3,0.1,0.0,False,3640.991683654186,0.5,86.13879659571387,93.23920650765055
A,25,20,115,0.3,0.1,0.5,True,,,,
A,25,20,115,0.3,0.1,0.5,False,3640.991683654186,0.5,86.13879659571387,93.23920650765055
A,25,20,115,0.3,0.1,1.0,True,,,,
A,25,20,115,0.3,0.1,1.0,False,3479.753171110864,0.5,84.65525672371638,91.97888563916712
A,25,20,115,0.3,1.0,0.0,True,,,,
A,25,20,115,0.3,1.0,0.0,False,3681.301311790017,0.5,86.50968156371324,93.55428672477142
A,25,20,115,0.3,1.0,0.5,True,,,,
A,25,20,115,0.3,1.0,0.5,False,3640.991683654186,0.5,86.13879659571387,93.23920650765055
A,25,20,115,0.3,1.0,1.0,True,511.33418589426424,0.8074107401138096,45.76204499876377,54.05650991125772
A,25,20,115,0.3,1.0,1.0,False,,,,
A,25,20,115,0.5,0.0,0.0,True,,,,
A,25,20,115,0.5,0.0,0.0,False,3670.3332123103432,0.5,86.34673707341615,93.43393002040268
A,25,20,115,0.5,0.0,0.5,True,,,,
A,25,20,115,0.5,0.0,0.5,False,3670.3332123103432,0.5,86.34673707341615,93.43393002040268
A,25,20,115,0.5,0.0,1.0,True,,,,
A,25,20,115,0.5,0.0,1.0,False,3670.3332123103432,0.5,86.34673707341615,93.43393002040268
A,25,20,115,0.5,0.1,0.0,True,,,,
A,25,20,115,0.5,0.1,0.0,False,3640.991683654186,0.5,86.13879659571387,93.23920650765055
A,25,20,115,0.5,0.1,0.5,True,,,,
A,25,20,115,0.5,0.1,0.5,False,3640.991683654186,0.5,86.13879659571387,93.23920650765055
A,25,20,115,0.5,0.1,1.0,True,,,,
A,25,20,115,0.5,0.1,1.0,False,3479.753171110864,0.5,84.65525672371638,91.97888563916712
A,25,20,115,0.5,1.0,0.0,True,,,,
A,25,20,115,0.5,1.0,0.0,False,3681.301311790017,0.5,86.50968156371324,93.55428672477142
A,25,20,115,0.5,1.0,0.5,True,,,,
A,25,20,115,0.5,1.0,0.5,False,3640.991683654186,0.5,86.13879659571387,93.23920650765055
A,25,20,115,0.5,1.0,1.0,True,1546.7429989792738,0.6844008810802125,32.87467974482306,42.528387862010305
A,25,20,115,0.5,1.0,1.0,False,,,,
A,25,20,115,0.95,0.0,0.0,True,,,,
A,25,20,115,0.95,0.0,0.0,False,,,,
A,25,20,115,0.95,0.0,0.5,True,,,,
A,25,20,115,0.95,0.0,0.5,False,,,,
A,25,20,115,0.95,0.0,1.0,True,,,,
A,25,20,115,0.95,0.0,1.0,False,,,,
A,25,20,115,0.95,0.1,0.0,True,,,,
A,25,20,115,0.95,0.1,0.0,False,,,,
A,25,20,115,0.95,0.1,0.5,True,,,,
A,25,20,115,0.95,0.1,0.5,False,,,,
A,25,20,115,0.95,0.1,1.0,True,,,,
A,25,20,115,0.95,0.1,1.0,False,,,,
A,25,20,115,0.95,1.0,0.0,True,,,,
A,25,20,115,0.95,1.0,0.0,False,,,,
A,25,20,115,0.95,1.0,0.5,True,,,,
A,25,20,115,0.95,1.0,0.5,False,,,,
A,25,20,115,0.95,1.0,1.0,True,,,,
A,25,20,115,0.95,1.0,1.0,False,,,,
A,25,20,120,0.3,0.0,0.0,True,,,,
A,25,20,120,0.3,0.0,0.0,False,5087.454983315911,0.5,88.52588636877815,96.13393079216684
A,25,20,120,0.3,0.0,0.5,True,,,,
A,25,20,120,0.3,0.0,0.5,False,5087.454983315911,0.5,88.52588636877815,96.13393079216684
A,25,20,120,0.3,0.0,1.0,True,,,,
A,25,20,120,0.3,0.0,1.0,False,5087.454983315911,0.5,88.52588636877815,96.13393079216684
A,25,20,120,0.3,0.1,0.0,True,,,,
A,25,20,120,0.3,0.1,0.0,False,5042.965335983925,0.5,88.29476869443629,95.91623920974898
A,25,20,120,0.3,0.1,0.5,True,,,,
A,25,20,120,0.3,0.1,0.5,False,5042.965335983925,0.5,88.29476869443629,95.91623920974898
A,25,20,120,0.3,0.1,1.0,True,,,,
A,25,20,120,0.3,0.1,1.0,False,4807.039859302429,0.5,86.69633251833741,94.54971396444277
A,25,20,120,0.3,1.0,0.0,True,,,,
A,25,20,120,0.3,1.0,0.0,False,5101.946705154299,0.5,88.69437773846101,96.25787052107555
A,25,20,120,0.3,1.0,0.5,True,,,,
A,25,20,120,0.3,1.0,0.5,False,5042.965335983925,0.5,88.29476869443629,95.91623920974898
A,25,20,120,0.3,1.0,1.0,True,691.7469864939795,0.8020697512006327,47.74582178224917,55.89404332322206
A,25,20,120,0.3,1.0,1.0,False,,,,
A,25,20,120,0.5,0.0,0.0,True,,,,
A,25,20,120,0.5,0.0,0.0,False,5087.454983315911,0.5,88.52588636877815,96.13393079216684
A,25,20,120,0.5,0.0,0.5,True,,,,
A,25,20,120,0.5,0.0,0.5,False,5087.454983315911,0.5,88.52588636877815,96.13393079216684
A,25,20,120,0.5,0.0,1.0,True,,,,
A,25,20,120,0.5,0.0,1.0,False,5087.454983315911,0.5,88.52588636877815,96.13393079216684
A,25,20,120,0.5,0.1,0.0,True,,,,
A,25,20,120,0.5,0.1,0.0,False,5042.965335983925,0.5,88.29476869443629,95.91623920974898
A,25,20,120,0.5,0.1,0.5,True,,,,
A,25,20,120,0.5,0.1,0.5,False,5042.965335983925,0.5,88.29476869443629,95.91623920974898
A,25,20,120,0.5,0.1,1.0,True,,,,
A,25,20,120,0.5,0.1,1.0,False,4807.039859302429,0.5,86.69633251833741,94.54971396444277
A,25,20,120,0.5,1.0,0.0,True,,,,
A,25,20,120,0.5,1.0,0.0,False,5101.946705154299,0.5,88.69437773846101,96.25787052107555
A,25,20,120,0.5,1.0,0.5,True,,,,
A,25,20,120,0.5,1.0,0.5,False,5042.965335983925,0.5,88.29476869443629,95.91623920974898
A,25,20,120,0.5,1.0,1.0,True,1548.8899078239651,0.6783857936954679,31.230814788891372,42.41156117505065
A,25,20,120,0.5,1.0,1.0,False,,,,
A,25,20,120,0.95,0.0,0.0,True,,,,
A,25,20,120,0.95,0.0,0.0,False,,,,
A,25,20,120,0.95,0.0,0.5,True,,,,
A,25,20,120,0.95,0.0,0.5,False,,,,
A,25,20,120,0.95,0.0,1.0,True,,,,
A,25,20,120,0.95,0.0,1.0,False,,,,
A,25,20,120,0.95,0.1,0.0,True,,,,
A,25,20,120,0.95,0.1,0.0,False,,,,
A,25,20,120,0.95,0.1,0.5,True,,,,
A,25,20,120,0.95,0.1,0.5,False,,,,
A,25,20,120,0.95,0.1,1.0,True,,,,
A,25,20,120,0.95,0.1,1.0,False,,,,
A,25,20,120,0.95,1.0,0.0,True,,,,
A,25,20,120,0.95,1.0,0.0,False,,,,
A,25,20,120,0.95,1.0,0.5,True,,,,
A,25,20,120,0.95,1.0,0.5,False,,,,
A,25,20,120,0.95,1.0,1.0,True,,,,
A,25,20,120,0.95,1.0,1.0,False,,,,
A,25,20,125,0.3,0.0,0.0,True,,,,
A,25,20,125,0.3,0.0,0.0,False,7019.678364938652,0.5,90.54871473716706,98.67649579431043
A,25,20,125,0.3,0.0,0.5,True,,,,
A,25,20,125,0.3,0.0,0.5,False,7019.678364938652,0.5,90.54871473716706,98.67649579431043
A,25,20,125,0.3,0.0,1.0,True,,,,
A,25,20,125,0.3,0.0,1.0,False,7019.678364938652,0.5,90.54871473716706,98.67649579431043
A,25,20,125,0.3,0.1,0.0,True,,,,
A,25,20,125,0.3,0.1,0.0,False,6950.23615731947,0.5,90.29163422256218,98.43200841986697
A,25,20,125,0.3,0.1,0.5,True,,,,
A,25,20,125,0.3,0.1,0.5,False,6950.23615731947,0.5,90.29163422256218,98.43200841986697
A,25,20,125,0.3,0.1,1.0,True,,,,
A,25,20,125,0.3,0.1,1.0,False,6613.024084088157,0.5,88.58728606356968,96.96808135647518
A,25,20,125,0.3,1.0,0.0,True,,,,
A,25,20,125,0.3,1.0,0.0,False,7034.539175627299,0.5,90.71772126231029,98.79799018571492
A,25,20,125,0.3,1.0,0.5,True,,,,
A,25,20,125,0.3,1.0,0.5,False,6950.23615731947,0.5,90.29163422256218,98.43200841986697
A,25,20,125,0.3,1.0,1.0,True,937.8264404910298,0.796438289331242,49.63780563840219,57.67194000252641
A,25,20,125,0.3,1.0,1.0,False,,,,
A,25,20,125,0.5,0.0,0.0,True,,,,
A,25,20,125,0.5,0.0,0.0,False,7019.678364938652,0.5,90.54871473716706,98.67649579431043
A,25,20,125,0.5,0.0,0.5,True,,,,
A,25,20,125,0.5,0.0,0.5,False,7019.678364938652,0.5,90.54871473716706,98.67649579431043
A,25,20,125,0.5,0.0,1.0,True,,,,
A,25,20,125,0.5,0.0,1.0,False,7019.678364938652,0.5,90.54871473716706,98.67649579431043
A,25,20,125,0.5,0.1,0.0,True,,,,
A,25,20,125,0.5,0.1,0.0,False,6950.23615731947,0.5,90.29163422256218,98.43200841986697
A,25,20,125,0.5,0.1,0.5,True,,,,
A,25,20,125,0.5,0.1,0.5,False,6950.23615731947,0.5,90.29163422256218,98.43200841986697
A,25,20,125,0.5,0.1,1.0,True,,,,
A,25,20,125,0.5,0.1,1.0,False,6613.024084088157,0.5,88.58728606356968,96.96808135647518
A,25,20,125,0.5,1.0,0.0,True,,,,
A,25,20,125,0.5,1.0,0.0,False,7034.539175627299,0.5,90.71772126231029,98.79799018571492
A,25,20,125,0.5,1.0,0.5,True,,,,
A,25,20,125,0.5,1.0,0.5,False,6950.23615731947,0.5,90.29163422256218,98.43200841986697
A,25,20,125,0.5,1.0,1.0,True,1551.561701212397,0.6730758072346656,29.75300350085939,42.5251434675136
A,25,20,125,0.5,1.0,1.0,False,,,,
A,25,20,125,0.95,0.0,0.0,True,,,,
A,25,20,125,0.95,0.0,0.0,False,,,,
A,25,20,125,0.95,0.0,0.5,True,,,,
A,25,20,125,0.95,0.0,0.5,False,,,,
A,25,20,125,0.95,0.0,1.0,True,,,,
A,25,20,125,0.95,0.0,1.0,False,,,,
A,25,20,125,0.95,0.1,0.0,True,,,,
A,25,20,125,0.95,0.1,0.0,False,,,,
A,25,20,125,0.95,0.1,0.5,True,,,,
A,25,20,125,0.95,0.1,0.5,False,,,,
A,25,20,125,0.95,0.1,1.0,True,,,,
A,25,20,125,0.95,0.1,1.0,False,,,,
A,25,20,125,0.95,1.0,0.0,True,,,,
A,25,20,125,0.95,1.0,0.0,False,,,,
A,25,20,125,0.95,1.0,0.5,True,,,,
A,25,20,125,0.95,1.0,0.5,False,,,,
A,25,20,125,0.95,1.0,1.0,True,,,,
A,25,20,125,0.95,1.0,1.0,False,,,,
A,30,10,115,0.3,0.0,0.0,True,,,,
A,30,10,115,0.3,0.0,0.0,False,3494.3215350317514,0.5,84.82787676509588,92.11707434667268
A,30,10,115,0.3,0.0,0.5,True,,,,
A,30,10,115,0.3,0.0,0.5,False,3494.3215350317514,0.5,84.82787676509588,92.11707434667268
A,30,10,115,0.3,0.0,1.0,True,,,,
A,30,10,115,0.3,0.0,1.0,False,3494.3215350317514,0.5,84.82787676509588,92.11707434667268
A,30,10,115,0.3,0.1,0.0,True,,,,
A,30,10,115,0.3,0.1,0.0,False,3566.61124181303,0.5,85.50307651724694,92.70652768048848
A,30,10,115,0.3,0.1,0.5,True,,,,
A,30,10,115,0.3,0.1,0.5,False,3524.740605515353,0.5,85.11856247962035,92.37665463658429
A,30,10,115,0.3,0.1,1.0,True,,,,
A,30,10,115,0.3,0.1,1.0,False,3357.258060324647,0.5,83.58050632911393,91.05716246096755
A,30,10,115,0.3,1.0,0.0,True,,,,
A,30,10,115,0.3,1.0,0.0,False,3524.740605515353,0.5,85.11856247962035,92.37665463658429
A,30,10,115,0.3,1.0,0.5,True,,,,
A,30,10,115,0.3,1.0,0.5,False,3524.740605515353,0.5,85.11856247962035,92.37665463658429
A,30,10,115,0.3,1.0,1.0,True,377.6847954999938,0.8060232010103843,42.276970467195824,51.61603427628796
A,30,10,115,0.3,1.0,1.0,False,3357.258060324647,0.5,83.58050632911393,91.05716246096755
A,30,10,115,0.5,0.0,0.0,True,,,,
A,30,10,115,0.5,0.0,0.0,False,3494.3215350317514,0.5,84.82787676509588,92.11707434667268
A,30,10,115,0.5,0.0,0.5,True,,,,
A,30,10,115,0.5,0.0,0.5,False,3494.3215350317514,0.5,84.82787676509588,92.11707434667268
A,30,10,115,0.5,0.0,1.0,True,,,,
A,30,10,115,0.5,0.0,1.0,False,3494.3215350317514,0.5,84.82787676509588,92.11707434667268
A,30,10,115,0.5,0.1,0.0,True,,,,
A,30,10,115,0.5,0.1,0.0,False,3566.61124181303,0.5,85.50307651724694,92.70652768048848
A,30,10,115,0.5,0.1,0.5,True,,,,
A,30,10,115,0.5,0.1,0.5,False,3524.740605515353,0.5,85.11856247962035,92.37665463658429
A,30,10,115,0.5,0.1,1.0,True,,,,
A,30,10,115,0.5,0.1,1.0,False,3357.258060324647,0.5,83.58050632911393,91.05716246096755
A,30,10,115,0.5,1.0,0.0,True,,,,
A,30,10,115,0.5,1.0,0.0,False,3524.740605515353,0.5,85.11856247962035,92.37665463658429
A,30,10,115,0.5,1.0,0.5,True,,,,
A,30,10,115,0.5,1.0,0.5,False,3524.740605515353,0.5,85.11856247962035,92.37665463658429
A,30,10,115,0.5,1.0,1.0,True,2852.418989148534,0.6720482370220632,31.783980476360636,43.40806966257347
A,30,10,115,0.5,1.0,1.0,False,3357.258060324647,0.5,83.58050632911393,91.05716246096755
A,30,10,115,0.95,0.0,0.0,True,,,,
A,30,10,115,0.95,0.0,0.0,False,,,,
A,30,10,115,0.95,0.0,0.5,True,,,,
A,30,10,115,0.95,0.0,0.5,False,,,,
A,30,10,115,0.95,0.0,1.0,True,,,,
A,30,10,115,0.95,0.0,1.0,False,,,,
A,30,10,115,0.95,0.1,0.0,True,,,,
A,30,10,115,0.95,0.1,0.0,False,,,,
A,30,10,115,0.95,0.1,0.5,True,,,,
A,30,10,115,0.95,0.1,0.5,False,,,,
A,30,10,115,0.95,0.1,1.0,True,,,,
A,30,10,115,0.95,0.1,1.0,False,,,,
A,30,10,115,0.95,1.0,0.0,True,,,,
A,30,10,115,0.95,1.0,0.0,False,,,,
A,30,10,115,0.95,1.0,0.5,True,,,,
A,30,10,115,0.95,1.0,0.5,False,,,,
A,30,10,115,0.95,1.0,1.0,True,,,,
A,30,10,115,0.95,1.0,1.0,False,,,,
A,30,10,120,0.3,0.0,0.0,True,,,,
A,30,10,120,0.3,0.0,0.0,False,4816.991676571034,0.5,86.8623364802603,94.67509250720825
A,30,10,120,0.3,0.0,0.5,True,,,,
A,30,10,120,0.3,0.0,0.5,False,4816.991676571034,0.5,86.8623364802603,94.67509250720825
A,30,10,120,0.3,0.0,1.0,True,,,,
A,30,10,120,0.3,0.0,1.0,False,4816.991676571034,0.5,86.8623364802603,94.67509250720825
A,30,10,120,0.3,0.1,0.0,True,,,,
A,30,10,120,0.3,0.1,0.0,False,4924.4717110916645,0.5,87.59149364978705,95.3154234056715
A,30,10,120,0.3,0.1,0.5,True,,,,
A,30,10,120,0.3,0.1,0.5,False,4863.533138923494,0.5,87.17765061603217,94.95806166929599
A,30,10,120,0.3,0.1,1.0,True,,,,
A,30,10,120,0.3,0.1,1.0,False,4619.778850250814,0.5,85.52227848101266,93.528614723794
A,30,10,120,0.3,1.0,0.0,True,,,,
A,30,10,120,0.3,1.0,0.0,False,4863.533138923494,0.5,87.17765061603217,94.95806166929599
A,30,10,120,0.3,1.0,0.5,True,,,,
A,30,10,120,0.3,1.0,0.5,False,4863.533138923494,0.5,87.17765061603217,94.95806166929599
A,30,10,120,0.3,1.0,1.0,True,480.67040593940396,0.8010886349347869,44.402030225217075,53.44899258752036
A,30,10,120,0.3,1.0,1.0,False,4619.778850250814,0.5,85.52227848101266,93.528614723794
A,30,10,120,0.5,0.0,0.0,True,,,,
A,30,10,120,0.5,0.0,0.0,False,4816.991676571034,0.5,86.8623364802603,94.67509250720825
A,30,10,120,0.5,0.0,0.5,True,,,,
A,30,10,120,0.5,0.0,0.5,False,4816.991676571034,0.5,86.8623364802603,94.67509250720825
A,30,10,120,0.5,0.0,1.0,True,,,,
A,30,10,120,0.5,0.0,1.0,False,4816.991676571034,0.5,86.8623364802603,94.67509250720825
A,30,10,120,0.5,0.1,0.0,True,,,,
A,30,10,120,0.5,0.1,0.0,False,4924.4717110916645,0.5,87.59149364978705,95.3154234056715
A,30,10,120,0.5,0.1,0.5,True,,,,
A,30,10,120,0.5,0.1,0.5,False,4863.533138923494,0.5,87.17765061603217,94.95806166929599
A,30,10,120,0.5,0.1,1.0,True,,,,
A,30,10,120,0.5,0.1,1.0,False,4619.778850250814,0.5,85.52227848101266,93.528614723794
A,30,10,120,0.5,1.0,0.0,True,,,,
A,30,10,120,0.5,1.0,0.0,False,4863.533138923494,0.5,87.17765061603217,94.95806166929599
A,30,10,120,0.5,1.0,0.5,True,,,,
A,30,10,120,0.5,1.0,0.5,False,4863.533138923494,0.5,87.17765061603217,94.95806166929599
A,30,10,120,0.5,1.0,1.0,True,2851.9697496331846,0.6673866523213576,29.690533638810113,43.04434461307362
A,30,10,120,0.5,1.0,1.0,False,4619.778850250814,0.5,85.52227848101266,93.528614723794
A,30,10,120,0.95,0.0,0.0,True,,,,
A,30,10,120,0.95,0.0,0.0,False,,,,
A,30,10,120,0.95,0.0,0.5,True,,,,
A,30,10,120,0.95,0.0,0.5,False,,,,
A,30,10,120,0.95,0.0,1.0,True,,,,
A,30,10,120,0.95,0.0,1.0,False,,,,
A,30,10,120,0.95,0.1,0.0,True,,,,
A,30,10,120,0.95,0.1,0.0,False,,,,
A,30,10,120,0.95,0.1,0.5,True,,,,
A,30,10,120,0.95,0.1,0.5,False,,,,
A,30,10,120,0.95,0.1,1.0,True,,,,
A,30,10,120,0.95,0.1,1.0,False,,,,
A,30,10,120,0.95,1.0,0.0,True,,,,
A,30,10,120,0.95,1.0,0.0,False,,,,
A,30,10,120,0.95,1.0,0.5,True,,,,
A,30,10,120,0.95,1.0,0.5,False,,,,
A,30,10,120,0.95,1.0,1.0,True,,,,
A,30,10,120,0.95,1.0,1.0,False,,,,
A,30,10,125,0.3,0.0,0.0,True,,,,
A,30,10,125,0.3,0.0,0.0,False,6603.905820591928,0.5,88.73355788740616,97.06455137041839
A,30,10,125,0.3,0.0,0.5,True,,,,
A,30,10,125,0.3,0.0,0.5,False,6603.905820591928,0.5,88.73355788740616,97.06455137041839
A,30,10,125,0.3,0.0,1.0,True,,,,
A,30,10,125,0.3,0.0,1.0,False,6603.905820591928,0.5,88.73355788740616,97.06455137041839
A,30,10,125,0.3,0.1,0.0,True,,,,
A,30,10,125,0.3,0.1,0.0,False,6766.374676427337,0.5,89.51999046385026,97.76109982350748
A,30,10,125,0.3,0.1,0.5,True,,,,
A,30,10,125,0.3,0.1,0.5,False,6678.330961415239,0.5,89.07786578880173,97.37688537432683
A,30,10,125,0.3,0.1,1.0,True,,,,
A,30,10,125,0.3,0.1,1.0,False,6326.156101366848,0.5,87.3093670886076,95.84002757760429
A,30,10,125,0.3,1.0,0.0,True,,,,
A,30,10,125,0.3,1.0,0.0,False,6678.330961415239,0.5,89.07786578880173,97.37688537432683
A,30,10,125,0.3,1.0,0.5,True,,,,
A,30,10,125,0.3,1.0,0.5,False,6678.330961415239,0.5,89.07786578880173,97.37688537432683
A,30,10,125,0.3,1.0,1.0,True,605.7304384271213,0.797403127838016,46.37524162191903,55.22722866394865
A,30,10,125,0.3,1.0,1.0,False,6326.156101366848,0.5,87.3093670886076,95.84002757760429
A,30,10,125,0.5,0.0,0.0,True,,,,
A,30,10,125,0.5,0.0,0.0,False,6603.905820591928,0.5,88.73355788740616,97.06455137041839
A,30,10,125,0.5,0.0,0.5,True,,,,
A,30,10,125,0.5,0.0,0.5,False,6603.905820591928,0.5,88.73355788740616,97.06455137041839
A,30,10,125,0.5,0.0,1.0,True,,,,
A,30,10,125,0.5,0.0,1.0,False,6603.905820591928,0.5,88.73355788740616,97.06455137041839
A,30,10,125,0.5,0.1,0.0,True,,,,
A,30,10,125,0.5,0.1,0.0,False,6766.374676427337,0.5,89.51999046385026,97.76109982350748
A,30,10,125,0.5,0.1,0.5,True,,,,
A,30,10,125,0.5,0.1,0.5,False,6678.330961415239,0.5,89.07786578880173,97.37688537432683
A,30,10,125,0.5,0.1,1.0,True,,,,
A,30,10,125,0.5,0.1,1.0,False,6326.156101366848,0.5,87.3093670886076,95.84002757760429
A,30,10,125,0.5,1.0,0.0,True,,,,
A,30,10,125,0.5,1.0,0.0,False,6678.330961415239,0.5,89.07786578880173,97.37688537432683
A,30,10,125,0.5,1.0,0.5,True,,,,
A,30,10,125,0.5,1.0,0.5,False,6678.330961415239,0.5,89.07786578880173,97.37688537432683
A,30,10,125,0.5,1.0,1.0,True,2851.7186554336777,0.6634304291175879,27.755259473229046,42.93312773614075
A,30,10,125,0.5,1.0,1.0,False,6326.156101366848,0.5,87.3093670886076,95.84002757760429
A,30,10,125,0.95,0.0,0.0,True,,,,
A,30,10,125,0.95,0.0,0.0,False,,,,
A,30,10,125,0.95,0.0,0.5,True,,,,
A,30,10,125,0.95,0.0,0.5,False,,,,
A,30,10,125,0.95,0.0,1.0,True,,,,
A,30,10,125,0.95,0.0,1.0,False,,,,
A,30,10,125,0.95,0.1,0.0,True,,,,
A,30,10,125,0.95,0.1,0.0,False,,,,
A,30,10,125,0.95,0.1,0.5,True,,,,
A,30,10,125,0.95,0.1,0.5,False,,,,
A,30,10,125,0.95,0.1,1.0,True,,,,
A,30,10,125,0.95,0.1,1.0,False,,,,
A,30,10,125,0.95,1.0,0.0,True,,,,
A,30,10,125,0.95,1.0,0.0,False,,,,
A,30,10,125,0.95,1.0,0.5,True,,,,
A,30,10,125,0.95,1.0,0.5,False,,,,
A,30,10,125,0.95,1.0,1.0,True,,,,
A,30,10,125,0.95,1.0,1.0,False,,,,
A,30,15,115,0.3,0.0,0.0,True,,,,
A,30,15,115,0.3,0.0,0.0,False,3494.3215350317514,0.5,84.82787676509588,92.11707434667268
A,30,15,115,0.3,0.0,0.5,True,,,,
A,30,15,115,0.3,0.0,0.5,False,3494.3215350317514,0.5,84.82787676509588,92.11707434667268
A,30,15,115,0.3,0.0,1.0,True,,,,
A,30,15,115,0.3,0.0,1.0,False,3494.3215350317514,0.5,84.82787676509588,92.11707434667268
A,30,15,115,0.3,0.1,0.0,True,,,,
A,30,15,115,0.3,0.1,0.0,False,3524.740605515353,0.5,85.11856247962035,92.37665463658429
A,30,15,115,0.3,0.1,0.5,True,,,,
A,30,15,115,0.3,0.1,0.5,False,3566.61124181303,0.5,85.50307651724694,92.70652768048848
A,30,15,115,0.3,0.1,1.0,True,,,,
A,30,15,115,0.3,0.1,1.0,False,3357.258060324647,0.5,83.58050632911393,91.05716246096755
A,30,15,115,0.3,1.0,0.0,True,,,,
A,30,15,115,0.3,1.0,0.0,False,3524.740605515353,0.5,85.11856247962035,92.37665463658429
A,30,15,115,0.3,1.0,0.5,True,,,,
A,30,15,115,0.3,1.0,0.5,False,3524.740605515353,0.5,85.11856247962035,92.37665463658429
A,30,15,115,0.3,1.0,1.0,True,,,,
A,30,15,115,0.3,1.0,1.0,False,,,,
A,30,15,115,0.5,0.0,0.0,True,,,,
A,30,15,115,0.5,0.0,0.0,False,3494.3215350317514,0.5,84.82787676509588,92.11707434667268
A,30,15,115,0.5,0.0,0.5,True,,,,
A,30,15,115,0.5,0.0,0.5,False,3494.3215350317514,0.5,84.82787676509588,92.11707434667268
A,30,15,115,0.5,0.0,1.0,True,,,,
A,30,15,115,0.5,0.0,1.0,False,3494.3215350317514,0.5,84.82787676509588,92.11707434667268
A,30,15,115,0.5,0.1,0.0,True,,,,
A,30,15,115,0.5,0.1,0.0,False,3524.740605515353,0.5,85.11856247962035,92.37665463658429
A,30,15,115,0.5,0.1,0.5,True,,,,
A,30,15,115,0.5,0.1,0.5,False,3566.61124181303,0.5,85.50307651724694,92.70652768048848
A,30,15,115,0.5,0.1,1.0,True,,,,
A,30,15,115,0.5,0.1,1.0,False,3357.258060324647,0.5,83.58050632911393,91.05716246096755
A,30,15,115,0.5,1.0,0.0,True,,,,
A,30,15,115,0.5,1.0,0.0,False,3524.740605515353,0.5,85.11856247962035,92.37665463658429
A,30,15,115,0.5,1.0,0.5,True,,,,
A,30,15,115,0.5,1.0,0.5,False,3524.740605515353,0.5,85.11856247962035,92.37665463658429
A,30,15,115,0.5,1.0,1.0,True,,,,
A,30,15,115,0.5,1.0,1.0,False,,,,
A,30,15,115,0.95,0.0,0.0,True,,,,
A,30,15,115,0.95,0.0,0.0,False,,,,
A,30,15,115,0.95,0.0,0.5,True,,,,
A,30,15,115,0.95,0.0,0.5,False,,,,
A,30,15,115,0.95,0.0,1.0,True,,,,
A,30,15,115,0.95,0.0,1.0,False,,,,
A,30,15,115,0.95,0.1,0.0,True,,,,
A,30,15,115,0.95,0.1,0.0,False,,,,
A,30,15,115,0.95,0.1,0.5,True,,,,
A,30,15,115,0.95,0.1,0.5,False,,,,
A,30,15,115,0.95,0.1,1.0,True,,,,
A,30,15,115,0.95,0.1,1.0,False,,,,
A,30,15,115,0.95,1.0,0.0,True,,,,
A,30,15,115,0.95,1.0,0.0,False,,,,
A,30,15,115,0.95,1.0,0.5,True,,,,
A,30,15,115,0.95,1.0,0.5,False,,,,
A,30,15,115,0.95,1.0,1.0,True,,,,
A,30,15,115,0.95,1.0,1.0,False,,,,
A,30,15,120,0.3,0.0,0.0,True,,,,
A,30,15,120,0.3,0.0,0.0,False,4816.991676571034,0.5,86.8623364802603,94.67509250720825
A,30,15,120,0.3,0.0,0.5,True,,,,
A,30,15,120,0.3,0.0,0.5,False,4816.991676571034,0.5,86.8623364802603,94.67509250720825
A,30,15,120,0.3,0.0,1.0,True,,,,
A,30,15,120,0.3,0.0,1.0,False,4816.991676571034,0.5,86.8623364802603,94.67509250720825
A,30,15,120,0.3,0.1,0.0,True,,,,
A,30,15,120,0.3,0.1,0.0,False,4863.533138923494,0.5,87.17765061603217,94.95806166929599
A,30,15,120,0.3,0.1,0.5,True,,,,
A,30,15,120,0.3,0.1,0.5,False,4924.4717110916645,0.5,87.59149364978705,95.3154234056715
A,30,15,120,0.3,0.1,1.0,True,,,,
A,30,15,120,0.3,0.1,1.0,False,4619.778850250814,0.5,85.52227848101266,93.528614723794
A,30,15,120,0.3,1.0,0.0,True,,,,
A,30,15,120,0.3,1.0,0.0,False,4863.533138923494,0.5,87.17765061603217,94.95806166929599
A,30,15,120,0.3,1.0,0.5,True,,,,
A,30,15,120,0.3,1.0,0.5,False,4863.533138923494,0.5,87.17765061603217,94.95806166929599
A,30,15,120,0.3,1.0,1.0,True,,,,
A,30,15,120,0.3,1.0,1.0,False,,,,
A,30,15,120,0.5,0.0,0.0,True,,,,
A,30,15,120,0.5,0.0,0.0,False,4816.991676571034,0.5,86.8623364802603,94.67509250720825
A,30,15,120,0.5,0.0,0.5,True,,,,
A,30,15,120,0.5,0.0,0.5,False,4816.991676571034,0.5,86.8623364802603,94.67509250720825
A,30,15,120,0.5,0.0,1.0,True,,,,
A,30,15,120,0.5,0.0,1.0,False,4816.991676571034,0.5,86.8623364802603,94.67509250720825
A,30,15,120,0.5,0.1,0.0,True,,,,
A,30,15,120,0.5,0.1,0.0,False,4863.533138923494,0.5,87.17765061603217,94.95806166929599
A,30,15,120,0.5,0.1,0.5,True,,,,
A,30,15,120,0.5,0.1,0.5,False,4924.4717110916645,0.5,87.59149364978705,95.3154234056715
A,30,15,120,0.5,0.1,1.0,True,,,,
A,30,15,120,0.5,0.1,1.0,False,4619.778850250814,0.5,85.52227848101266,93.528614723794
A,30,15,120,0.5,1.0,0.0,True,,,,
A,30,15,120,0.5,1.0,0.0,False,4863.533138923494,0.5,87.17765061603217,94.95806166929599
A,30,15,120,0.5,1.0,0.5,True,,,,
A,30,15,120,0.5,1.0,0.5,False,4863.533138923494,0.5,87.17765061603217,94.95806166929599
A,30,15,120,0.5,1.0,1.0,True,,,,
A,30,15,120,0.5,1.0,1.0,False,,,,
A,30,15,120,0.95,0.0,0.0,True,,,,
A,30,15,120,0.95,0.0,0.0,False,,,,
A,30,15,120,0.95,0.0,0.5,True,,,,
A,30,15,120,0.95,0.0,0.5,False,,,,
A,30,15,120,0.95,0.0,1.0,True,,,,
A,30,15,120,0.95,0.0,1.0,False,,,,
A,30,15,120,0.95,0.1,0.0,True,,,,
A,30,15,120,0.95,0.1,0.0,False,,,,
A,30,15,120,0.95,0.1,0.5,True,,,,
A,30,15,120,0.95,0.1,0.5,False,,,,
A,30,15,120,0.95,0.1,1.0,True,,,,
A,30,15,120,0.95,0.1,1.0,False,,,,
A,30,15,120,0.95,1.0,0.0,True,,,,
A,30,15,120,0.95,1.0,0.0,False,,,,
A,30,15,120,0.95,1.0,0.5,True,,,,
A,30,15,120,0.95,1.0,0.5,False,,,,
A,30,15,120,0.95,1.0,1.0,True,,,,
A,30,15,120,0.95,1.0,1.0,False,,,,
A,30,15,125,0.3,0.0,0.0,True,,,,
A,30,15,125,0.3,0.0,0.0,False,6603.905820591928,0.5,88.73355788740616,97.06455137041839
A,30,15,125,0.3,0.0,0.5,True,,,,
A,30,15,125,0.3,0.0,0.5,False,6603.905820591928,0.5,88.73355788740616,97.06455137041839
A,30,15,125,0.3,0.0,1.0,True,,,,
A,30,15,125,0.3,0.0,1.0,False,6603.905820591928,0.5,88.73355788740616,97.06455137041839
A,30,15,125,0.3,0.1,0.0,True,,,,
A,30,15,125,0.3,0.1,0.0,False,6678.330961415239,0.5,89.07786578880173,97.37688537432683
A,30,15,125,0.3,0.1,0.5,True,,,,
A,30,15,125,0.3,0.1,0.5,False,6766.374676427337,0.5,89.51999046385026,97.76109982350748
A,30,15,125,0.3,0.1,1.0,True,,,,
A,30,15,125,0.3,0.1,1.0,False,6326.156101366848,0.5,87.3093670886076,95.84002757760429
A,30,15,125,0.3,1.0,0.0,True,,,,
A,30,15,125,0.3,1.0,0.0,False,6678.330961415239,0.5,89.07786578880173,97.37688537432683
A,30,15,125,0.3,1.0,0.5,True,,,,
A,30,15,125,0.3,1.0,0.5,False,6678.330961415239,0.5,89.07786578880173,97.37688537432683
A,30,15,125,0.3,1.0,1.0,True,,,,
A,30,15,125,0.3,1.0,1.0,False,,,,
A,30,15,125,0.5,0.0,0.0,True,,,,
A,30,15,125,0.5,0.0,0.0,False,6603.905820591928,0.5,88.73355788740616,97.06455137041839
A,30,15,125,0.5,0.0,0.5,True,,,,
A,30,15,125,0.5,0.0,0.5,False,6603.905820591928,0.5,88.73355788740616,97.06455137041839
A,30,15,125,0.5,0.0,1.0,True,,,,
A,30,15,125,0.5,0.0,1.0,False,6603.905820591928,0.5,88.73355788740616,97.06455137041839
A,30,15,125,0.5,0.1,0.0,True,,,,
A,30,15,125,0.5,0.1,0.0,False,6678.330961415239,0.5,89.07786578880173,97.37688537432683
A,30,15,125,0.5,0.1,0.5,True,,,,
A,30,15,125,0.5,0.1,0.5,False,6766.374676427337,0.5,89.51999046385026,97.76109982350748
A,30,15,125,0.5,0.1,1.0,True,,,,
A,30,15,125,0.5,0.1,1.0,False,6326.156101366848,0.5,87.3093670886076,95.84002757760429
A,30,15,125,0.5,1.0,0.0,True,,,,
A,30,15,125,0.5,1.0,0.0,False,6678.330961415239,0.5,89.07786578880173,97.37688537432683
A,30,15,125,0.5,1.0,0.5,True,,,,
A,30,15,125,0.5,1.0,0.5,False,6678.330961415239,0.5,89.07786578880173,97.37688537432683
A,30,15,125,0.5,1.0,1.0,True,,,,
A,30,15,125,0.5,1.0,1.0,False,,,,
A,30,15,125,0.95,0.0,0.0,True,,,,
A,30,15,125,0.95,0.0,0.0,False,,,,
A,30,15,125,0.95,0.0,0.5,True,,,,
A,30,15,125,0.95,0.0,0.5,False,,,,
A,30,15,125,0.95,0.0,1.0,True,,,,
A,30,15,125,0.95,0.0,1.0,False,,,,
A,30,15,125,0.95,0.1,0.0,True,,,,
A,30,15,125,0.95,0.1,0.0,False,,,,
A,30,15,125,0.95,0.1,0.5,True,,,,
A,30,15,125,0.95,0.1,0.5,False,,,,
A,30,15,125,0.95,0.1,1.0,True,,,,
A,30,15,125,0.95,0.1,1.0,False,,,,
A,30,15,125,0.95,1.0,0.0,True,,,,
A,30,15,125,0.95,1.0,0.0,False,,,,
A,30,15,125,0.95,1.0,0.5,True,,,,
A,30,15,125,0.95,1.0,0.5,False,,,,
A,30,15,125,0.95,1.0,1.0,True,,,,
A,30,15,125,0.95,1.0,1.0,False,,,,
A,30,20,115,0.3,0.0,0.0,True,,,,
A,30,20,115,0.3,0.0,0.0,False,3379.8425925366946,0.5,83.91809838458732,91.30887771578676
A,30,20,115,0.3,0.0,0.5,True,,,,
A,30,20,115,0.3,0.0,0.5,False,3379.8425925366946,0.5,83.91809838458732,91.30887771578676
A,30,20,115,0.3,0.0,1.0,True,,,,
A,30,20,115,0.3,0.0,1.0,False,3379.8425925366946,0.5,83.91809838458732,91.30887771578676
A,30,20,115,0.3,0.1,0.0,True,,,,
A,30,20,115,0.3,0.1,0.0,False,3524.740605515353,0.5,85.11856247962035,92.37665463658429
A,30,20,115,0.3,0.1,0.5,True,,,,
A,30,20,115,0.3,0.1,0.5,False,3566.61124181303,0.5,85.50307651724694,92.70652768048848
A,30,20,115,0.3,0.1,1.0,True,,,,
A,30,20,115,0.3,0.1,1.0,False,,,,
A,30,20,115,0.3,1.0,0.0,True,,,,
A,30,20,115,0.3,1.0,0.0,False,3524.740605515353,0.5,85.11856247962035,92.37665463658429
A,30,20,115,0.3,1.0,0.5,True,,,,
A,30,20,115,0.3,1.0,0.5,False,3524.740605515353,0.5,85.11856247962035,92.37665463658429
A,30,20,115,0.3,1.0,1.0,True,316.9463322831764,0.8227397883505772,41.68385199952483,50.37869685842126
A,30,20,115,0.3,1.0,1.0,False,3357.258060324647,0.5,83.58050632911393,91.05716246096755
A,30,20,115,0.5,0.0,0.0,True,,,,
A,30,20,115,0.5,0.0,0.0,False,3379.8425925366946,0.5,83.91809838458732,91.30887771578676
A,30,20,115,0.5,0.0,0.5,True,,,,
A,30,20,115,0.5,0.0,0.5,False,3379.8425925366946,0.5,83.91809838458732,91.30887771578676
A,30,20,115,0.5,0.0,1.0,True,,,,
A,30,20,115,0.5,0.0,1.0,False,3379.8425925366946,0.5,83.91809838458732,91.30887771578676
A,30,20,115,0.5,0.1,0.0,True,,,,
A,30,20,115,0.5,0.1,0.0,False,3524.740605515353,0.5,85.11856247962035,92.37665463658429
A,30,20,115,0.5,0.1,0.5,True,,,,
A,30,20,115,0.5,0.1,0.5,False,3566.61124181303,0.5,85.50307651724694,92.70652768048848
A,30,20,115,0.5,0.1,1.0,True,,,,
A,30,20,115,0.5,0.1,1.0,False,,,,
A,30,20,115,0.5,1.0,0.0,True,,,,
A,30,20,115,0.5,1.0,0.0,False,3524.740605515353,0.5,85.11856247962035,92.37665463658429
A,30,20,115,0.5,1.0,0.5,True,,,,
A,30,20,115,0.5,1.0,0.5,False,3524.740605515353,0.5,85.11856247962035,92.37665463658429
A,30,20,115,0.5,1.0,1.0,True,2644.965234781375,0.6739417261042681,32.50815461003784,43.68077752002196
A,30,20,115,0.5,1.0,1.0,False,3357.258060324647,0.5,83.58050632911393,91.05716246096755
A,30,20,115,0.95,0.0,0.0,True,,,,
A,30,20,115,0.95,0.0,0.0,False,,,,
A,30,20,115,0.95,0.0,0.5,True,,,,
A,30,20,115,0.95,0.0,0.5,False,,,,
A,30,20,115,0.95,0.0,1.0,True,,,,
A,30,20,115,0.95,0.0,1.0,False,,,,
A,30,20,115,0.95,0.1,0.0,True,,,,
A,30,20,115,0.95,0.1,0.0,False,,,,
A,30,20,115,0.95,0.1,0.5,True,,,,
A,30,20,115,0.95,0.1,0.5,False,,,,
A,30,20,115,0.95,0.1,1.0,True,,,,
A,30,20,115,0.95,0.1,1.0,False,,,,
A,30,20,115,0.95,1.0,0.0,True,,,,
A,30,20,115,0.95,1.0,0.0,False,,,,
A,30,20,115,0.95,1.0,0.5,True,,,,
A,30,20,115,0.95,1.0,0.5,False,,,,
A,30,20,115,0.95,1.0,1.0,True,,,,
A,30,20,115,0.95,1.0,1.0,False,,,,
A,30,20,120,0.3,0.0,0.0,True,,,,
A,30,20,120,0.3,0.0,0.0,False,4647.848843710024,0.5,85.86862533054173,93.78460695256697
A,30,20,120,0.3,0.0,0.5,True,,,,
A,30,20,120,0.3,0.0,0.5,False,4647.848843710024,0.5,85.86862533054173,93.78460695256697
A,30,20,120,0.3,0.0,1.0,True,,,,
A,30,20,120,0.3,0.0,1.0,False,4647.848843710024,0.5,85.86862533054173,93.78460695256697
A,30,20,120,0.3,0.1,0.0,True,,,,
A,30,20,120,0.3,0.1,0.0,False,4863.533138923494,0.5,87.17765061603217,94.95806166929599
A,30,20,120,0.3,0.1,0.5,True,,,,
A,30,20,120,0.3,0.1,0.5,False,4924.4717110916645,0.5,87.59149364978705,95.3154234056715
A,30,20,120,0.3,0.1,1.0,True,,,,
A,30,20,120,0.3,0.1,1.0,False,,,,
A,30,20,120,0.3,1.0,0.0,True,,,,
A,30,20,120,0.3,1.0,0.0,False,4863.533138923494,0.5,87.17765061603217,94.95806166929599
A,30,20,120,0.3,1.0,0.5,True,,,,
A,30,20,120,0.3,1.0,0.5,False,4863.533138923494,0.5,87.17765061603217,94.95806166929599
A,30,20,120,0.3,1.0,1.0,True,399.2200881880805,0.817102493636256,43.74920756911116,52.12129471525438
A,30,20,120,0.3,1.0,1.0,False,4619.778850250814,0.5,85.52227848101266,93.528614723794
A,30,20,120,0.5,0.0,0.0,True,,,,
A,30,20,120,0.5,0.0,0.0,False,4647.848843710024,0.5,85.86862533054173,93.78460695256697
A,30,20,120,0.5,0.0,0.5,True,,,,
A,30,20,120,0.5,0.0,0.5,False,4647.848843710024,0.5,85.86862533054173,93.78460695256697
A,30,20,120,0.5,0.0,1.0,True,,,,
A,30,20,120,0.5,0.0,1.0,False,4647.848843710024,0.5,85.86862533054173,93.78460695256697
A,30,20,120,0.5,0.1,0.0,True,,,,
A,30,20,120,0.5,0.1,0.0,False,4863.533138923494,0.5,87.17765061603217,94.95806166929599
A,30,20,120,0.5,0.1,0.5,True,,,,
A,30,20,120,0.5,0.1,0.5,False,4924.4717110916645,0.5,87.59149364978705,95.3154234056715
A,30,20,120,0.5,0.1,1.0,True,,,,
A,30,20,120,0.5,0.1,1.0,False,,,,
A,30,20,120,0.5,1.0,0.0,True,,,,
A,30,20,120,0.5,1.0,0.0,False,4863.533138923494,0.5,87.17765061603217,94.95806166929599
A,30,20,120,0.5,1.0,0.5,True,,,,
A,30,20,120,0.5,1.0,0.5,False,4863.533138923494,0.5,87.17765061603217,94.95806166929599
A,30,20,120,0.5,1.0,1.0,True,2644.5266138355314,0.6689977084456493,30.465564006111023,43.327089194530856
A,30,20,120,0.5,1.0,1.0,False,4619.778850250814,0.5,85.52227848101266,93.528614723794
A,30,20,120,0.95,0.0,0.0,True,,,,
A,30,20,120,0.95,0.0,0.0,False,,,,
A,30,20,120,0.95,0.0,0.5,True,,,,
A,30,20,120,0.95,0.0,0.5,False,,,,
A,30,20,120,0.95,0.0,1.0,True,,,,
A,30,20,120,0.95,0.0,1.0,False,,,,
A,30,20,120,0.95,0.1,0.0,True,,,,
A,30,20,120,0.95,0.1,0.0,False,,,,
A,30,20,120,0.95,0.1,0.5,True,,,,
A,30,20,120,0.95,0.1,0.5,False,,,,
A,30,20,120,0.95,0.1,1.0,True,,,,
A,30,20,120,0.95,0.1,1.0,False,,,,
A,30,20,120,0.95,1.0,0.0,True,,,,
A,30,20,120,0.95,1.0,0.0,False,,,,
A,30,20,120,0.95,1.0,0.5,True,,,,
A,30,20,120,0.95,1.0,0.5,False,,,,
A,30,20,120,0.95,1.0,1.0,True,,,,
A,30,20,120,0.95,1.0,1.0,False,,,,
A,30,20,125,0.3,0.0,0.0,True,,,,
A,30,20,125,0.3,0.0,0.0,False,6352.705422552794,0.5,87.65430418163308,96.08806114952947
A,30,20,125,0.3,0.0,0.5,True,,,,
A,30,20,125,0.3,0.0,0.5,False,6352.705422552794,0.5,87.65430418163308,96.08806114952947
A,30,20,125,0.3,0.0,1.0,True,,,,
A,30,20,125,0.3,0.0,1.0,False,6352.705422552794,0.5,87.65430418163308,96.08806114952947
A,30,20,125,0.3,0.1,0.0,True,,,,
A,30,20,125,0.3,0.1,0.0,False,6678.330961415239,0.5,89.07786578880173,97.37688537432683
A,30,20,125,0.3,0.1,0.5,True,,,,
A,30,20,125,0.3,0.1,0.5,False,6766.374676427337,0.5,89.51999046385026,97.76109982350748
A,30,20,125,0.3,0.1,1.0,True,,,,
A,30,20,125,0.3,0.1,1.0,False,,,,
A,30,20,125,0.3,1.0,0.0,True,,,,
A,30,20,125,0.3,1.0,0.0,False,6678.330961415239,0.5,89.07786578880173,97.37688537432683
A,30,20,125,0.3,1.0,0.5,True,,,,
A,30,20,125,0.3,1.0,0.5,False,6678.330961415239,0.5,89.07786578880173,97.37688537432683
A,30,20,125,0.3,1.0,1.0,True,495.59786077060744,0.8125281619562433,45.648473242773996,53.80150592023899
A,30,20,125,0.3,1.0,1.0,False,6326.156101366848,0.5,87.3093670886076,95.84002757760429
A,30,20,125,0.5,0.0,0.0,True,,,,
A,30,20,125,0.5,0.0,0.0,False,6352.705422552794,0.5,87.65430418163308,96.08806114952947
A,30,20,125,0.5,0.0,0.5,True,,,,
A,30,20,125,0.5,0.0,0.5,False,6352.705422552794,0.5,87.65430418163308,96.08806114952947
A,30,20,125,0.5,0.0,1.0,True,,,,
A,30,20,125,0.5,0.0,1.0,False,6352.705422552794,0.5,87.65430418163308,96.08806114952947
A,30,20,125,0.5,0.1,0.0,True,,,,
A,30,20,125,0.5,0.1,0.0,False,6678.330961415239,0.5,89.07786578880173,97.37688537432683
A,30,20,125,0.5,0.1,0.5,True,,,,
A,30,20,125,0.5,0.1,0.5,False,6766.374676427337,0.5,89.51999046385026,97.76109982350748
A,30,20,125,0.5,0.1,1.0,True,,,,
A,30,20,125,0.5,0.1,1.0,False,,,,
A,30,20,125,0.5,1.0,0.0,True,,,,
A,30,20,125,0.5,1.0,0.0,False,6678.330961415239,0.5,89.07786578880173,97.37688537432683
A,30,20,125,0.5,1.0,0.5,True,,,,
A,30,20,125,0.5,1.0,0.5,False,6678.330961415239,0.5,89.07786578880173,97.37688537432683
A,30,20,125,0.5,1.0,1.0,True,2644.2820755263624,0.6650126257053202,28.589063298107703,43.217459676082605
A,30,20,125,0.5,1.0,1.0,False,6326.156101366848,0.5,87.3093670886076,95.84002757760429
A,30,20,125,0.95,0.0,0.0,True,,,,
A,30,20,125,0.95,0.0,0.0,False,,,,
A,30,20,125,0.95,0.0,0.5,True,,,,
A,30,20,125,0.95,0.0,0.5,False,,,,
A,30,20,125,0.95,0.0,1.0,True,,,,
A,30,20,125,0.95,0.0,1.0,False,,,,
A,30,20,125,0.95,0.1,0.0,True,,,,
A,30,20,125,0.95,0.1,0.0,False,,,,
A,30,20,125,0.95,0.1,0.5,True,,,,
A,30,20,125,0.95,0.1,0.5,False,,,,
A,30,20,125,0.95,0.1,1.0,True,,,,
A,30,20,125,0.95,0.1,1.0,False,,,,
A,30,20,125,0.95,1.0,0.0,True,,,,
A,30,20,125,0.95,1.0,0.0,False,,,,
A,30,20,125,0.95,1.0,0.5,True,,,,
A,30,20,125,0.95,1.0,0.5,False,,,,
A,30,20,125,0.95,1.0,1.0,True,,,,
A,30,20,125,0.95,1.0,1.0,False,,,,
B,20,10,115,0.3,0.0,0.0,True,,,,
B,20,10,115,0.3,0.0,0.0,False,3750.100155118604,0.5,87.09291222508917,94.03913806342366
B,20,10,115,0.3,0.0,0.5,True,,,,
B,20,10,115,0.3,0.0,0.5,False,3750.100155118604,0.5,87.09291222508917,94.03913806342366
B,20,10,115,0.3,0.0,1.0,True,,,,
B,20,10,115,0.3,0.0,1.0,False,3750.100155118604,0.5,87.09291222508917,94.03913806342366
B,20,10,115,0.3,0.1,0.0,True,,,,
B,20,10,115,0.3,0.1,0.0,False,3789.0012755652815,0.5,87.45124666434018,94.34087112116984
B,20,10,115,0.3,0.1,0.5,True,,,,
B,20,10,115,0.3,0.1,0.5,False,3750.100155118604,0.5,87.09291222508917,94.03913806342366
B,20,10,115,0.3,0.1,1.0,True,,,,
B,20,10,115,0.3,0.1,1.0,False,3594.495673331894,0.5,85.65957446808511,92.83220583243894
B,20,10,115,0.3,1.0,0.0,True,,,,
B,20,10,115,0.3,1.0,0.0,False,3750.100155118604,0.5,87.09291222508917,94.03913806342366
B,20,10,115,0.3,1.0,0.5,True,,,,
B,20,10,115,0.3,1.0,0.5,False,3750.100155118604,0.5,87.09291222508917,94.03913806342366
B,20,10,115,0.3,1.0,1.0,True,,,,
B,20,10,115,0.3,1.0,1.0,False,,,,
B,20,10,115,0.5,0.0,0.0,True,,,,
B,20,10,115,0.5,0.0,0.0,False,3750.100155118604,0.5,87.09291222508917,94.03913806342366
B,20,10,115,0.5,0.0,0.5,True,,,,
B,20,10,115,0.5,0.0,0.5,False,3750.100155118604,0.5,87.09291222508917,94.03913806342366
B,20,10,115,0.5,0.0,1.0,True,,,,
B,20,10,115,0.5,0.0,1.0,False,3750.100155118604,0.5,87.09291222508917,94.03913806342366
B,20,10,115,0.5,0.1,0.0,True,,,,
B,20,10,115,0.5,0.1,0.0,False,3789.0012755652815,0.5,87.45124666434018,94.34087112116984
B,20,10,115,0.5,0.1,0.5,True,,,,
B,20,10,115,0.5,0.1,0.5,False,3750.100155118604,0.5,87.09291222508917,94.03913806342366
B,20,10,115,0.5,0.1,1.0,True,,,,
B,20,10,115,0.5,0.1,1.0,False,3594.495673331894,0.5,85.65957446808511,92.83220583243894
B,20,10,115,0.5,1.0,0.0,True,,,,
B,20,10,115,0.5,1.0,0.0,False,3750.100155118604,0.5,87.09291222508917,94.03913806342366
B,20,10,115,0.5,1.0,0.5,True,,,,
B,20,10,115,0.5,1.0,0.5,False,3750.100155118604,0.5,87.09291222508917,94.03913806342366
B,20,10,115,0.5,1.0,1.0,True,,,,
B,20,10,115,0.5,1.0,1.0,False,,,,
B,20,10,115,0.95,0.0,0.0,True,,,,
B,20,10,115,0.95,0.0,0.0,False,,,,
B,20,10,115,0.95,0.0,0.5,True,,,,
B,20,10,115,0.95,0.0,0.5,False,,,,
B,20,10,115,0.95,0.0,1.0,True,,,,
B,20,10,115,0.95,0.0,1.0,False,,,,
B,20,10,115,0.95,0.1,0.0,True,,,,
B,20,10,115,0.95,0.1,0.0,False,,,,
B,20,10,115,0.95,0.1,0.5,True,,,,
B,20,10,115,0.95,0.1,0.5,False,,,,
B,20,10,115,0.95,0.1,1.0,True,,,,
B,20,10,115,0.95,0.1,1.0,False,,,,
B,20,10,115,0.95,1.0,0.0,True,,,,
B,20,10,115,0.95,1.0,0.0,False,,,,
B,20,10,115,0.95,1.0,0.5,True,,,,
B,20,10,115,0.95,1.0,0.5,False,,,,
B,20,10,115,0.95,1.0,1.0,True,,,,
B,20,10,115,0.95,1.0,1.0,False,,,,
B,20,10,120,0.3,0.0,0.0,True,,,,
B,20,10,120,0.3,0.0,0.0,False,5212.577638040541,0.5,89.34158066984057,96.80670456373642
B,20,10,120,0.3,0.0,0.5,True,,,,
B,20,10,120,0.3,0.0,0.5,False,5212.577638040541,0.5,89.34158066984057,96.80670456373642
B,20,10,120,0.3,0.0,1.0,True,,,,
B,20,10,120,0.3,0.0,1.0,False,5212.577638040541,0.5,89.34158066984057,96.80670456373642
B,20,10,120,0.3,0.1,0.0,True,,,,
B,20,10,120,0.3,0.1,0.0,False,5269.42556398305,0.5,89.72750775219433,97.13344584035279
B,20,10,120,0.3,0.1,0.5,True,,,,
B,20,10,120,0.3,0.1,0.5,False,5212.577638040541,0.5,89.34158066984057,96.80670456373642
B,20,10,120,0.3,0.1,1.0,True,,,,
B,20,10,120,0.3,0.1,1.0,False,4985.185934270506,0.5,87.79787234042553,95.49973945727088
B,20,10,120,0.3,1.0,0.0,True,,,,
B,20,10,120,0.3,1.0,0.0,False,5212.577638040541,0.5,89.34158066984057,96.80670456373642
B,20,10,120,0.3,1.0,0.5,True,,,,
B,20,10,120,0.3,1.0,0.5,False,5212.577638040541,0.5,89.34158066984057,96.80670456373642
B,20,10,120,0.3,1.0,1.0,True,,,,
B,20,10,120,0.3,1.0,1.0,False,,,,
B,20,10,120,0.5,0.0,0.0,True,,,,
B,20,10,120,0.5,0.0,0.0,False,5212.577638040541,0.5,89.34158066984057,96.80670456373642
B,20,10,120,0.5,0.0,0.5,True,,,,
B,20,10,120,0.5,0.0,0.5,False,5212.577638040541,0.5,89.34158066984057,96.80670456373642
B,20,10,120,0.5,0.0,1.0,True,,,,
B,20,10,120,0.5,0.0,1.0,False,5212.577638040541,0.5,89.34158066984057,96.80670456373642
B,20,10,120,0.5,0.1,0.0,True,,,,
B,20,10,120,0.5,0.1,0.0,False,5269.42556398305,0.5,89.72750775219433,97.13344584035279
B,20,10,120,0.5,0.1,0.5,True,,,,
B,20,10,120,0.5,0.1,0.5,False,5212.577638040541,0.5,89.34158066984057,96.80670456373642
B,20,10,120,0.5,0.1,1.0,True,,,,
B,20,10,120,0.5,0.1,1.0,False,4985.185934270506,0.5,87.79787234042553,95.49973945727088
B,20,10,120,0.5,1.0,0.0,True,,,,
B,20,10,120,0.5,1.0,0.0,False,5212.577638040541,0.5,89.34158066984057,96.80670456373642
B,20,10,120,0.5,1.0,0.5,True,,,,
B,20,10,120,0.5,1.0,0.5,False,5212.577638040541,0.5,89.34158066984057,96.80670456373642
B,20,10,120,0.5,1.0,1.0,True,,,,
B,20,10,120,0.5,1.0,1.0,False,,,,
B,20,10,120,0.95,0.0,0.0,True,,,,
B,20,10,120,0.95,0.0,0.0,False,,,,
B,20,10,120,0.95,0.0,0.5,True,,,,
B,20,10,120,0.95,0.0,0.5,False,,,,
B,20,10,120,0.95,0.0,1.0,True,,,,
B,20,10,120,0.95,0.0,1.0,False,,,,
B,20,10,120,0.95,0.1,0.0,True,,,,
B,20,10,120,0.95,0.1,0.0,False,,,,
B,20,10,120,0.95,0.1,0.5,True,,,,
B,20,10,120,0.95,0.1,0.5,False,,,,
B,20,10,120,0.95,0.1,1.0,True,,,,
B,20,10,120,0.95,0.1,1.0,False,,,,
B,20,10,120,0.95,1.0,0.0,True,,,,
B,20,10,120,0.95,1.0,0.0,False,,,,
B,20,10,120,0.95,1.0,0.5,True,,,,
B,20,10,120,0.95,1.0,0.5,False,,,,
B,20,10,120,0.95,1.0,1.0,True,,,,
B,20,10,120,0.95,1.0,1.0,False,,,,
B,20,10,125,0.3,0.0,0.0,True,,,,
B,20,10,125,0.3,0.0,0.0,False,7211.562029169401,0.5,91.43418368242077,99.41805233713401
B,20,10,125,0.3,0.0,0.5,True,,,,
B,20,10,125,0.3,0.0,0.5,False,7211.562029169401,0.5,91.43418368242077,99.41805233713401
B,20,10,125,0.3,0.0,1.0,True,,,,
B,20,10,125,0.3,0.0,1.0,False,7211.562029169401,0.5,91.43418368242077,99.41805233713401
B,20,10,125,0.3,0.1,0.0,True,,,,
B,20,10,125,0.3,0.1,0.0,False,7293.25804173066,0.5,91.84609839735221,99.76835840818165
B,20,10,125,0.3,0.1,0.5,True,,,,
B,20,10,125,0.3,0.1,0.5,False,7211.562029169401,0.5,91.43418368242077,99.41805233713401
B,20,10,125,0.3,0.1,1.0,True,,,,
B,20,10,125,0.3,0.1,1.0,False,6884.777978924363,0.5,89.78652482269503,98.01682805294347
B,20,10,125,0.3,1.0,0.0,True,,,,
B,20,10,125,0.3,1.0,0.0,False,7211.562029169401,0.5,91.43418368242077,99.41805233713401
B,20,10,125,0.3,1.0,0.5,True,,,,
B,20,10,125,0.3,1.0,0.5,False,7211.562029169401,0.5,91.43418368242077,99.41805233713401
B,20,10,125,0.3,1.0,1.0,True,,,,
B,20,10,125,0.3,1.0,1.0,False,,,,
B,20,10,125,0.5,0.0,0.0,True,,,,
B,20,10,125,0.5,0.0,0.0,False,7211.562029169401,0.5,91.43418368242077,99.41805233713401
B,20,10,125,0.5,0.0,0.5,True,,,,
B,20,10,125,0.5,0.0,0.5,False,7211.562029169401,0.5,91.43418368242077,99.41805233713401
B,20,10,125,0.5,0.0,1.0,True,,,,
B,20,10,125,0.5,0.0,1.0,False,7211.562029169401,0.5,91.43418368242077,99.41805233713401
B,20,10,125,0.5,0.1,0.0,True,,,,
B,20,10,125,0.5,0.1,0.0,False,7293.25804173066,0.5,91.84609839735221,99.76835840818165
B,20,10,125,0.5,0.1,0.5,True,,,,
B,20,10,125,0.5,0.1,0.5,False,7211.562029169401,0.5,91.43418368242077,99.41805233713401
B,20,10,125,0.5,0.1,1.0,True,,,,
B,20,10,125,0.5,0.1,1.0,False,6884.777978924363,0.5,89.78652482269503,98.01682805294347
B,20,10,125,0.5,1.0,0.0,True,,,,
B,20,10,125,0.5,1.0,0.0,False,7211.562029169401,0.5,91.43418368242077,99.41805233713401
B,20,10,125,0.5,1.0,0.5,True,,,,
B,20,10,125,0.5,1.0,0.5,False,7211.562029169401,0.5,91.43418368242077,99.41805233713401
B,20,10,125,0.5,1.0,1.0,True,,,,
B,20,10,125,0.5,1.0,1.0,False,,,,
B,20,10,125,0.95,0.0,0.0,True,,,,
B,20,10,125,0.95,0.0,0.0,False,,,,
B,20,10,125,0.95,0.0,0.5,True,,,,
B,20,10,125,0.95,0.0,0.5,False,,,,
B,20,10,125,0.95,0.0,1.0,True,,,,
B,20,10,125,0.95,0.0,1.0,False,,,,
B,20,10,125,0.95,0.1,0.0,True,,,,
B,20,10,125,0.95,0.1,0.0,False,,,,
B,20,10,125,0.95,0.1,0.5,True,,,,
B,20,10,125,0.95,0.1,0.5,False,,,,
B,20,10,125,0.95,0.1,1.0,True,,,,
B,20,10,125,0.95,0.1,1.0,False,,,,
B,20,10,125,0.95,1.0,0.0,True,,,,
B,20,10,125,0.95,1.0,0.0,False,,,,
B,20,10,125,0.95,1.0,0.5,True,,,,
B,20,10,125,0.95,1.0,0.5,False,,,,
B,20,10,125,0.95,1.0,1.0,True,,,,
B,20,10,125,0.95,1.0,1.0,False,,,,
B,20,15,115,0.3,0.0,0.0,True,,,,
B,20,15,115,0.3,0.0,0.0,False,3724.458511199092,0.5,86.82436528727023,93.84138799026562
B,20,15,115,0.3,0.0,0.5,True,,,,
B,20,15,115,0.3,0.0,0.5,False,3724.458511199092,0.5,86.82436528727023,93.84138799026562
B,20,15,115,0.3,0.0,1.0,True,,,,
B,20,15,115,0.3,0.0,1.0,False,3724.458511199092,0.5,86.82436528727023,93.84138799026562
B,20,15,115,0.3,0.1,0.0,True,,,,
B,20,15,115,0.3,0.1,0.0,False,3789.0012755652815,0.5,87.45124666434018,94.34087112116984
B,20,15,115,0.3,0.1,0.5,True,,,,
B,20,15,115,0.3,0.1,0.5,False,3789.0012755652815,0.5,87.45124666434018,94.34087112116984
B,20,15,115,0.3,0.1,1.0,True,,,,
B,20,15,115,0.3,0.1,1.0,False,3594.495673331894,0.5,85.65957446808511,92.83220583243894
B,20,15,115,0.3,1.0,0.0,True,,,,
B,20,15,115,0.3,1.0,0.0,False,3750.100155118604,0.5,87.09291222508917,94.03913806342366
B,20,15,115,0.3,1.0,0.5,True,,,,
B,20,15,115,0.3,1.0,0.5,False,3750.100155118604,0.5,87.09291222508917,94.03913806342366
B,20,15,115,0.3,1.0,1.0,True,315.04136413193476,0.8332949637214551,39.65923527954091,49.261265361025934
B,20,15,115,0.3,1.0,1.0,False,,,,
B,20,15,115,0.5,0.0,0.0,True,,,,
B,20,15,115,0.5,0.0,0.0,False,3724.458511199092,0.5,86.82436528727023,93.84138799026562
B,20,15,115,0.5,0.0,0.5,True,,,,
B,20,15,115,0.5,0.0,0.5,False,3724.458511199092,0.5,86.82436528727023,93.84138799026562
B,20,15,115,0.5,0.0,1.0,True,,,,
B,20,15,115,0.5,0.0,1.0,False,3724.458511199092,0.5,86.82436528727023,93.84138799026562
B,20,15,115,0.5,0.1,0.0,True,,,,
B,20,15,115,0.5,0.1,0.0,False,3789.0012755652815,0.5,87.45124666434018,94.34087112116984
B,20,15,115,0.5,0.1,0.5,True,,,,
B,20,15,115,0.5,0.1,0.5,False,3789.0012755652815,0.5,87.45124666434018,94.34087112116984
B,20,15,115,0.5,0.1,1.0,True,,,,
B,20,15,115,0.5,0.1,1.0,False,3594.495673331894,0.5,85.65957446808511,92.83220583243894
B,20,15,115,0.5,1.0,0.0,True,,,,
B,20,15,115,0.5,1.0,0.0,False,3750.100155118604,0.5,87.09291222508917,94.03913806342366
B,20,15,115,0.5,1.0,0.5,True,,,,
B,20,15,115,0.5,1.0,0.5,False,3750.100155118604,0.5,87.09291222508917,94.03913806342366
B,20,15,115,0.5,1.0,1.0,True,2470.6698256466384,0.6750835104842674,30.658718890008874,42.05629617503523
B,20,15,115,0.5,1.0,1.0,False,,,,
B,20,15,115,0.95,0.0,0.0,True,,,,
B,20,15,115,0.95,0.0,0.0,False,,,,
B,20,15,115,0.95,0.0,0.5,True,,,,
B,20,15,115,0.95,0.0,0.5,False,,,,
B,20,15,115,0.95,0.0,1.0,True,,,,
B,20,15,115,0.95,0.0,1.0,False,,,,
B,20,15,115,0.95,0.1,0.0,True,,,,
B,20,15,115,0.95,0.1,0.0,False,,,,
B,20,15,115,0.95,0.1,0.5,True,,,,
B,20,15,115,0.95,0.1,0.5,False,,,,
B,20,15,115,0.95,0.1,1.0,True,,,,
B,20,15,115,0.95,0.1,1.0,False,,,,
B,20,15,115,0.95,1.0,0.0,True,,,,
B,20,15,115,0.95,1.0,0.0,False,,,,
B,20,15,115,0.95,1.0,0.5,True,,,,
B,20,15,115,0.95,1.0,0.5,False,,,,
B,20,15,115,0.95,1.0,1.0,True,,,,
B,20,15,115,0.95,1.0,1.0,False,,,,
B,20,15,120,0.3,0.0,0.0,True,,,,
B,20,15,120,0.3,0.0,0.0,False,5173.285582697514,0.5,89.0520644688299,96.58915589031261
B,20,15,120,0.3,0.0,0.5,True,,,,
B,20,15,120,0.3,0.0,0.5,False,5173.285582697514,0.5,89.0520644688299,96.58915589031261
B,20,15,120,0.3,0.0,1.0,True,,,,
B,20,15,120,0.3,0.0,1.0,False,5173.285582697514,0.5,89.0520644688299,96.58915589031261
B,20,15,120,0.3,0.1,0.0,True,,,,
B,20,15,120,0.3,0.1,0.0,False,5269.42556398305,0.5,89.72750775219433,97.13344584035279
B,20,15,120,0.3,0.1,0.5,True,,,,
B,20,15,120,0.3,0.1,0.5,False,5269.42556398305,0.5,89.72750775219433,97.13344584035279
B,20,15,120,0.3,0.1,1.0,True,,,,
B,20,15,120,0.3,0.1,1.0,False,4985.185934270506,0.5,87.79787234042553,95.49973945727088
B,20,15,120,0.3,1.0,0.0,True,,,,
B,20,15,120,0.3,1.0,0.0,False,5212.577638040541,0.5,89.34158066984057,96.80670456373642
B,20,15,120,0.3,1.0,0.5,True,,,,
B,20,15,120,0.3,1.0,0.5,False,5212.577638040541,0.5,89.34158066984057,96.80670456373642
B,20,15,120,0.3,1.0,1.0,True,398.96802727038204,0.8283323131970479,41.46072214264742,50.96055156845473
B,20,15,120,0.3,1.0,1.0,False,,,,
B,20,15,120,0.5,0.0,0.0,True,,,,
B,20,15,120,0.5,0.0,0.0,False,5173.285582697514,0.5,89.0520644688299,96.58915589031261
B,20,15,120,0.5,0.0,0.5,True,,,,
B,20,15,120,0.5,0.0,0.5,False,5173.285582697514,0.5,89.0520644688299,96.58915589031261
B,20,15,120,0.5,0.0,1.0,True,,,,
B,20,15,120,0.5,0.0,1.0,False,5173.285582697514,0.5,89.0520644688299,96.58915589031261
B,20,15,120,0.5,0.1,0.0,True,,,,
B,20,15,120,0.5,0.1,0.0,False,5269.42556398305,0.5,89.72750775219433,97.13344584035279
B,20,15,120,0.5,0.1,0.5,True,,,,
B,20,15,120,0.5,0.1,0.5,False,5269.42556398305,0.5,89.72750775219433,97.13344584035279
B,20,15,120,0.5,0.1,1.0,True,,,,
B,20,15,120,0.5,0.1,1.0,False,4985.185934270506,0.5,87.79787234042553,95.49973945727088
B,20,15,120,0.5,1.0,0.0,True,,,,
B,20,15,120,0.5,1.0,0.0,False,5212.577638040541,0.5,89.34158066984057,96.80670456373642
B,20,15,120,0.5,1.0,0.5,True,,,,
B,20,15,120,0.5,1.0,0.5,False,5212.577638040541,0.5,89.34158066984057,96.80670456373642
B,20,15,120,0.5,1.0,1.0,True,2470.186801099544,0.6697640722521173,28.407851832686127,41.65179157398786
B,20,15,120,0.5,1.0,1.0,False,,,,
B,20,15,120,0.95,0.0,0.0,True,,,,
B,20,15,120,0.95,0.0,0.0,False,,,,
B,20,15,120,0.95,0.0,0.5,True,,,,
B,20,15,120,0.95,0.0,0.5,False,,,,
B,20,15,120,0.95,0.0,1.0,True,,,,
B,20,15,120,0.95,0.0,1.0,False,,,,
B,20,15,120,0.95,0.1,0.0,True,,,,
B,20,15,120,0.95,0.1,0.0,False,,,,
B,20,15,120,0.95,0.1,0.5,True,,,,
B,20,15,120,0.95,0.1,0.5,False,,,,
B,20,15,120,0.95,0.1,1.0,True,,,,
B,20,15,120,0.95,0.1,1.0,False,,,,
B,20,15,120,0.95,1.0,0.0,True,,,,
B,20,15,120,0.95,1.0,0.0,False,,,,
B,20,15,120,0.95,1.0,0.5,True,,,,
B,20,15,120,0.95,1.0,0.5,False,,,,
B,20,15,120,0.95,1.0,1.0,True,,,,
B,20,15,120,0.95,1.0,1.0,False,,,,
B,20,15,125,0.3,0.0,0.0,True,,,,
B,20,15,125,0.3,0.0,0.0,False,7152.989388022948,0.5,91.12450696062464,99.1813641902136
B,20,15,125,0.3,0.0,0.5,True,,,,
B,20,15,125,0.3,0.0,0.5,False,7152.989388022948,0.5,91.12450696062464,99.1813641902136
B,20,15,125,0.3,0.0,1.0,True,,,,
B,20,15,125,0.3,0.0,1.0,False,7152.989388022948,0.5,91.12450696062464,99.1813641902136
B,20,15,125,0.3,0.1,0.0,True,,,,
B,20,15,125,0.3,0.1,0.0,False,7293.25804173066,0.5,91.84609839735221,99.76835840818165
B,20,15,125,0.3,0.1,0.5,True,,,,
B,20,15,125,0.3,0.1,0.5,False,7293.25804173066,0.5,91.84609839735221,99.76835840818165
B,20,15,125,0.3,0.1,1.0,True,,,,
B,20,15,125,0.3,0.1,1.0,False,6884.777978924363,0.5,89.78652482269503,98.01682805294347
B,20,15,125,0.3,1.0,0.0,True,,,,
B,20,15,125,0.3,1.0,0.0,False,7211.562029169401,0.5,91.43418368242077,99.41805233713401
B,20,15,125,0.3,1.0,0.5,True,,,,
B,20,15,125,0.3,1.0,0.5,False,7211.562029169401,0.5,91.43418368242077,99.41805233713401
B,20,15,125,0.3,1.0,1.0,True,499.3716145981963,0.8232373721960967,43.432163156967356,52.63348479464152
B,20,15,125,0.3,1.0,1.0,False,,,,
B,20,15,125,0.5,0.0,0.0,True,,,,
B,20,15,125,0.5,0.0,0.0,False,7152.989388022948,0.5,91.12450696062464,99.1813641902136
B,20,15,125,0.5,0.0,0.5,True,,,,
B,20,15,125,0.5,0.0,0.5,False,7152.989388022948,0.5,91.12450696062464,99.1813641902136
B,20,15,125,0.5,0.0,1.0,True,,,,
B,20,15,125,0.5,0.0,1.0,False,7152.989388022948,0.5,91.12450696062464,99.1813641902136
B,20,15,125,0.5,0.1,0.0,True,,,,
B,20,15,125,0.5,0.1,0.0,False,7293.25804173066,0.5,91.84609839735221,99.76835840818165
B,20,15,125,0.5,0.1,0.5,True,,,,
B,20,15,125,0.5,0.1,0.5,False,7293.25804173066,0.5,91.84609839735221,99.76835840818165
B,20,15,125,0.5,0.1,1.0,True,,,,
B,20,15,125,0.5,0.1,1.0,False,6884.777978924363,0.5,89.78652482269503,98.01682805294347
B,20,15,125,0.5,1.0,0.0,True,,,,
B,20,15,125,0.5,1.0,0.0,False,7211.562029169401,0.5,91.43418368242077,99.41805233713401
B,20,15,125,0.5,1.0,0.5,True,,,,
B,20,15,125,0.5,1.0,0.5,False,7211.562029169401,0.5,91.43418368242077,99.41805233713401
B,20,15,125,0.5,1.0,1.0,True,2469.915028358084,0.6650392617176525,26.317608206483918,41.526039499505806
B,20,15,125,0.5,1.0,1.0,False,,,,
B,20,15,125,0.95,0.0,0.0,True,,,,
B,20,15,125,0.95,0.0,0.0,False,,,,
B,20,15,125,0.95,0.0,0.5,True,,,,
B,20,15,125,0.95,0.0,0.5,False,,,,
B,20,15,125,0.95,0.0,1.0,True,,,,
B,20,15,125,0.95,0.0,1.0,False,,,,
B,20,15,125,0.95,0.1,0.0,True,,,,
B,20,15,125,0.95,0.1,0.0,False,,,,
B,20,15,125,0.95,0.1,0.5,True,,,,
B,20,15,125,0.95,0.1,0.5,False,,,,
B,20,15,125,0.95,0.1,1.0,True,,,,
B,20,15,125,0.95,0.1,1.0,False,,,,
B,20,15,125,0.95,1.0,0.0,True,,,,
B,20,15,125,0.95,1.0,0.0,False,,,,
B,20,15,125,0.95,1.0,0.5,True,,,,
B,20,15,125,0.95,1.0,0.5,False,,,,
B,20,15,125,0.95,1.0,1.0,True,,,,
B,20,15,125,0.95,1.0,1.0,False,,,,
B,20,20,115,0.3,0.0,0.0,True,,,,
B,20,20,115,0.3,0.0,0.0,False,3736.0119778939497,0.5,87.07140468173917,93.98415112420423
B,20,20,115,0.3,0.0,0.5,True,,,,
B,20,20,115,0.3,0.0,0.5,False,3736.0119778939497,0.5,87.07140468173917,93.98415112420423
B,20,20,115,0.3,0.0,1.0,True,,,,
B,20,20,115,0.3,0.0,1.0,False,3736.0119778939497,0.5,87.07140468173917,93.98415112420423
B,20,20,115,0.3,0.1,0.0,True,,,,
B,20,20,115,0.3,0.1,0.0,False,3789.0012755652815,0.5,87.45124666434018,94.34087112116984
B,20,20,115,0.3,0.1,0.5,True,,,,
B,20,20,115,0.3,0.1,0.5,False,3750.100155118604,0.5,87.09291222508917,94.03913806342366
B,20,20,115,0.3,0.1,1.0,True,,,,
B,20,20,115,0.3,0.1,1.0,False,3594.495673331894,0.5,85.65957446808511,92.83220583243894
B,20,20,115,0.3,1.0,0.0,True,,,,
B,20,20,115,0.3,1.0,0.0,False,3750.100155118604,0.5,87.09291222508917,94.03913806342366
B,20,20,115,0.3,1.0,0.5,True,,,,
B,20,20,115,0.3,1.0,0.5,False,3750.100155118604,0.5,87.09291222508917,94.03913806342366
B,20,20,115,0.3,1.0,1.0,True,426.4644787093225,0.8207602477369433,42.621080891954605,51.841645308019906
B,20,20,115,0.3,1.0,1.0,False,,,,
B,20,20,115,0.5,0.0,0.0,True,,,,
B,20,20,115,0.5,0.0,0.0,False,3736.0119778939497,0.5,87.07140468173917,93.98415112420423
B,20,20,115,0.5,0.0,0.5,True,,,,
B,20,20,115,0.5,0.0,0.5,False,3736.0119778939497,0.5,87.07140468173917,93.98415112420423
B,20,20,115,0.5,0.0,1.0,True,,,,
B,20,20,115,0.5,0.0,1.0,False,3736.0119778939497,0.5,87.07140468173917,93.98415112420423
B,20,20,115,0.5,0.1,0.0,True,,,,
B,20,20,115,0.5,0.1,0.0,False,3789.0012755652815,0.5,87.45124666434018,94.34087112116984
B,20,20,115,0.5,0.1,0.5,True,,,,
B,20,20,115,0.5,0.1,0.5,False,3750.100155118604,0.5,87.09291222508917,94.03913806342366
B,20,20,115,0.5,0.1,1.0,True,,,,
B,20,20,115,0.5,0.1,1.0,False,3594.495673331894,0.5,85.65957446808511,92.83220583243894
B,20,20,115,0.5,1.0,0.0,True,,,,
B,20,20,115,0.5,1.0,0.0,False,3750.100155118604,0.5,87.09291222508917,94.03913806342366
B,20,20,115,0.5,1.0,0.5,True,,,,
B,20,20,115,0.5,1.0,0.5,False,3750.100155118604,0.5,87.09291222508917,94.03913806342366
B,20,20,115,0.5,1.0,1.0,True,1856.6067770490176,0.6814499668810232,30.930570596757512,41.60739692596299
B,20,20,115,0.5,1.0,1.0,False,,,,
B,20,20,115,0.95,0.0,0.0,True,,,,
B,20,20,115,0.95,0.0,0.0,False,,,,
B,20,20,115,0.95,0.0,0.5,True,,,,
B,20,20,115,0.95,0.0,0.5,False,,,,
B,20,20,115,0.95,0.0,1.0,True,,,,
B,20,20,115,0.95,0.0,1.0,False,,,,
B,20,20,115,0.95,0.1,0.0,True,,,,
B,20,20,115,0.95,0.1,0.0,False,,,,
B,20,20,115,0.95,0.1,0.5,True,,,,
B,20,20,115,0.95,0.1,0.5,False,,,,
B,20,20,115,0.95,0.1,1.0,True,,,,
B,20,20,115,0.95,0.1,1.0,False,,,,
B,20,20,115,0.95,1.0,0.0,True,,,,
B,20,20,115,0.95,1.0,0.0,False,,,,
B,20,20,115,0.95,1.0,0.5,True,,,,
B,20,20,115,0.95,1.0,0.5,False,,,,
B,20,20,115,0.95,1.0,1.0,True,,,,
B,20,20,115,0.95,1.0,1.0,False,,,,
B,20,20,120,0.3,0.0,0.0,True,,,,
B,20,20,120,0.3,0.0,0.0,False,5192.754656296216,0.5,89.31124165410901,96.74242403503682
B,20,20,120,0.3,0.0,0.5,True,,,,
B,20,20,120,0.3,0.0,0.5,False,5192.754656296216,0.5,89.31124165410901,96.74242403503682
B,20,20,120,0.3,0.0,1.0,True,,,,
B,20,20,120,0.3,0.0,1.0,False,5192.754656296216,0.5,89.31124165410901,96.74242403503682
B,20,20,120,0.3,0.1,0.0,True,,,,
B,20,20,120,0.3,0.1,0.0,False,5269.42556398305,0.5,89.72750775219433,97.13344584035279
B,20,20,120,0.3,0.1,0.5,True,,,,
B,20,20,120,0.3,0.1,0.5,False,5212.577638040541,0.5,89.34158066984057,96.80670456373642
B,20,20,120,0.3,0.1,1.0,True,,,,
B,20,20,120,0.3,0.1,1.0,False,4985.185934270506,0.5,87.79787234042553,95.49973945727088
B,20,20,120,0.3,1.0,0.0,True,,,,
B,20,20,120,0.3,1.0,0.0,False,5212.577638040541,0.5,89.34158066984057,96.80670456373642
B,20,20,120,0.3,1.0,0.5,True,,,,
B,20,20,120,0.3,1.0,0.5,False,5212.577638040541,0.5,89.34158066984057,96.80670456373642
B,20,20,120,0.3,1.0,1.0,True,563.4734936100297,0.8156647768829668,44.518343828434226,53.640687209653706
B,20,20,120,0.3,1.0,1.0,False,,,,
B,20,20,120,0.5,0.0,0.0,True,,,,
B,20,20,120,0.5,0.0,0.0,False,5192.754656296216,0.5,89.31124165410901,96.74242403503682
B,20,20,120,0.5,0.0,0.5,True,,,,
B,20,20,120,0.5,0.0,0.5,False,5192.754656296216,0.5,89.31124165410901,96.74242403503682
B,20,20,120,0.5,0.0,1.0,True,,,,
B,20,20,120,0.5,0.0,1.0,False,5192.754656296216,0.5,89.31124165410901,96.74242403503682
B,20,20,120,0.5,0.1,0.0,True,,,,
B,20,20,120,0.5,0.1,0.0,False,5269.42556398305,0.5,89.72750775219433,97.13344584035279
B,20,20,120,0.5,0.1,0.5,True,,,,
B,20,20,120,0.5,0.1,0.5,False,5212.577638040541,0.5,89.34158066984057,96.80670456373642
B,20,20,120,0.5,0.1,1.0,True,,,,
B,20,20,120,0.5,0.1,1.0,False,4985.185934270506,0.5,87.79787234042553,95.49973945727088
B,20,20,120,0.5,1.0,0.0,True,,,,
B,20,20,120,0.5,1.0,0.0,False,5212.577638040541,0.5,89.34158066984057,96.80670456373642
B,20,20,120,0.5,1.0,0.5,True,,,,
B,20,20,120,0.5,1.0,0.5,False,5212.577638040541,0.5,89.34158066984057,96.80670456373642
B,20,20,120,0.5,1.0,1.0,True,1857.380448436153,0.6756643943812265,28.904078451535703,41.325423929690736
B,20,20,120,0.5,1.0,1.0,False,,,,
B,20,20,120,0.95,0.0,0.0,True,,,,
B,20,20,120,0.95,0.0,0.0,False,,,,
B,20,20,120,0.95,0.0,0.5,True,,,,
B,20,20,120,0.95,0.0,0.5,False,,,,
B,20,20,120,0.95,0.0,1.0,True,,,,
B,20,20,120,0.95,0.0,1.0,False,,,,
B,20,20,120,0.95,0.1,0.0,True,,,,
B,20,20,120,0.95,0.1,0.0,False,,,,
B,20,20,120,0.95,0.1,0.5,True,,,,
B,20,20,120,0.95,0.1,0.5,False,,,,
B,20,20,120,0.95,0.1,1.0,True,,,,
B,20,20,120,0.95,0.1,1.0,False,,,,
B,20,20,120,0.95,1.0,0.0,True,,,,
B,20,20,120,0.95,1.0,0.0,False,,,,
B,20,20,120,0.95,1.0,0.5,True,,,,
B,20,20,120,0.95,1.0,0.5,False,,,,
B,20,20,120,0.95,1.0,1.0,True,,,,
B,20,20,120,0.95,1.0,1.0,False,,,,
B,20,20,125,0.3,0.0,0.0,True,,,,
B,20,20,125,0.3,0.0,0.0,False,7184.090023632818,0.5,91.39583394674645,99.34542507405573
B,20,20,125,0.3,0.0,0.5,True,,,,
B,20,20,125,0.3,0.0,0.5,False,7184.090023632818,0.5,91.39583394674645,99.34542507405573
B,20,20,125,0.3,0.0,1.0,True,,,,
B,20,20,125,0.3,0.0,1.0,False,7184.090023632818,0.5,91.39583394674645,99.34542507405573
B,20,20,125,0.3,0.1,0.0,True,,,,
B,20,20,125,0.3,0.1,0.0,False,7293.25804173066,0.5,91.84609839735221,99.76835840818165
B,20,20,125,0.3,0.1,0.5,True,,,,
B,20,20,125,0.3,0.1,0.5,False,7211.562029169401,0.5,91.43418368242077,99.41805233713401
B,20,20,125,0.3,0.1,1.0,True,,,,
B,20,20,125,0.3,0.1,1.0,False,6884.777978924363,0.5,89.78652482269503,98.01682805294347
B,20,20,125,0.3,1.0,0.0,True,,,,
B,20,20,125,0.3,1.0,0.0,False,7211.562029169401,0.5,91.43418368242077,99.41805233713401
B,20,20,125,0.3,1.0,0.5,True,,,,
B,20,20,125,0.3,1.0,0.5,False,7211.562029169401,0.5,91.43418368242077,99.41805233713401
B,20,20,125,0.3,1.0,1.0,True,742.8970669381561,0.8104453010291772,46.50536156105525,55.403909102748756
B,20,20,125,0.3,1.0,1.0,False,,,,
B,20,20,125,0.5,0.0,0.0,True,,,,
B,20,20,125,0.5,0.0,0.0,False,7184.090023632818,0.5,91.39583394674645,99.34542507405573
B,20,20,125,0.5,0.0,0.5,True,,,,
B,20,20,125,0.5,0.0,0.5,False,7184.090023632818,0.5,91.39583394674645,99.34542507405573
B,20,20,125,0.5,0.0,1.0,True,,,,
B,20,20,125,0.5,0.0,1.0,False,7184.090023632818,0.5,91.39583394674645,99.34542507405573
B,20,20,125,0.5,0.1,0.0,True,,,,
B,20,20,125,0.5,0.1,0.0,False,7293.25804173066,0.5,91.84609839735221,99.76835840818165
B,20,20,125,0.5,0.1,0.5,True,,,,
B,20,20,125,0.5,0.1,0.5,False,7211.562029169401,0.5,91.43418368242077,99.41805233713401
B,20,20,125,0.5,0.1,1.0,True,,,,
B,20,20,125,0.5,0.1,1.0,False,6884.777978924363,0.5,89.78652482269503,98.01682805294347
B,20,20,125,0.5,1.0,0.0,True,,,,
B,20,20,125,0.5,1.0,0.0,False,7211.562029169401,0.5,91.43418368242077,99.41805233713401
B,20,20,125,0.5,1.0,0.5,True,,,,
B,20,20,125,0.5,1.0,0.5,False,7211.562029169401,0.5,91.43418368242077,99.41805233713401
B,20,20,125,0.5,1.0,1.0,True,1858.5227310656621,0.6704661751104383,27.038620853903197,41.31155139187572
B,20,20,125,0.5,1.0,1.0,False,,,,
B,20,20,125,0.95,0.0,0.0,True,,,,
B,20,20,125,0.95,0.0,0.0,False,,,,
B,20,20,125,0.95,0.0,0.5,True,,,,
B,20,20,125,0.95,0.0,0.5,False,,,,
B,20,20,125,0.95,0.0,1.0,True,,,,
B,20,20,125,0.95,0.0,1.0,False,,,,
B,20,20,125,0.95,0.1,0.0,True,,,,
B,20,20,125,0.95,0.1,0.0,False,,,,
B,20,20,125,0.95,0.1,0.5,True,,,,
B,20,20,125,0.95,0.1,0.5,False,,,,
B,20,20,125,0.95,0.1,1.0,True,,,,
B,20,20,125,0.95,0.1,1.0,False,,,,
B,20,20,125,0.95,1.0,0.0,True,,,,
B,20,20,125,0.95,1.0,0.0,False,,,,
B,20,20,125,0.95,1.0,0.5,True,,,,
B,20,20,125,0.95,1.0,0.5,False,,,,
B,20,20,125,0.95,1.0,1.0,True,,,,
B,20,20,125,0.95,1.0,1.0,False,,,,
B,25,10,115,0.3,0.0,0.0,True,,,,
B,25,10,115,0.3,0.0,0.0,False,3640.991683654186,0.5,86.13879659571387,93.23920650765055
B,25,10,115,0.3,0.0,0.5,True,,,,
B,25,10,115,0.3,0.0,0.5,False,3640.991683654186,0.5,86.13879659571387,93.23920650765055
B,25,10,115,0.3,0.0,1.0,True,,,,
B,25,10,115,0.3,0.0,1.0,False,3640.991683654186,0.5,86.13879659571387,93.23920650765055
B,25,10,115,0.3,0.1,0.0,True,,,,
B,25,10,115,0.3,0.1,0.0,False,3681.301311790017,0.5,86.50968156371324,93.55428672477142
B,25,10,115,0.3,0.1,0.5,True,,,,
B,25,10,115,0.3,0.1,0.5,False,3640.991683654186,0.5,86.13879659571387,93.23920650765055
B,25,10,115,0.3,0.1,1.0,True,,,,
B,25,10,115,0.3,0.1,1.0,False,3479.753171110864,0.5,84.65525672371638,91.97888563916712
B,25,10,115,0.3,1.0,0.0,True,,,,
B,25,10,115,0.3,1.0,0.0,False,3640.991683654186,0.5,86.13879659571387,93.23920650765055
B,25,10,115,0.3,1.0,0.5,True,,,,
B,25,10,115,0.3,1.0,0.5,False,3640.991683654186,0.5,86.13879659571387,93.23920650765055
B,25,10,115,0.3,1.0,1.0,True,,,,
B,25,10,115,0.3,1.0,1.0,False,,,,
B,25,10,115,0.5,0.0,0.0,True,,,,
B,25,10,115,0.5,0.0,0.0,False,3640.991683654186,0.5,86.13879659571387,93.23920650765055
B,25,10,115,0.5,0.0,0.5,True,,,,
B,25,10,115,0.5,0.0,0.5,False,3640.991683654186,0.5,86.13879659571387,93.23920650765055
B,25,10,115,0.5,0.0,1.0,True,,,,
B,25,10,115,0.5,0.0,1.0,False,3640.991683654186,0.5,86.13879659571387,93.23920650765055
B,25,10,115,0.5,0.1,0.0,True,,,,
B,25,10,115,0.5,0.1,0.0,False,3681.301311790017,0.5,86.50968156371324,93.55428672477142
B,25,10,115,0.5,0.1,0.5,True,,,,
B,25,10,115,0.5,0.1,0.5,False,3640.991683654186,0.5,86.13879659571387,93.23920650765055
B,25,10,115,0.5,0.1,1.0,True,,,,
B,25,10,115,0.5,0.1,1.0,False,3479.753171110864,0.5,84.65525672371638,91.97888563916712
B,25,10,115,0.5,1.0,0.0,True,,,,
B,25,10,115,0.5,1.0,0.0,False,3640.991683654186,0.5,86.13879659571387,93.23920650765055
B,25,10,115,0.5,1.0,0.5,True,,,,
B,25,10,115,0.5,1.0,0.5,False,3640.991683654186,0.5,86.13879659571387,93.23920650765055
B,25,10,115,0.5,1.0,1.0,True,,,,
B,25,10,115,0.5,1.0,1.0,False,,,,
B,25,10,115,0.95,0.0,0.0,True,,,,
B,25,10,115,0.95,0.0,0.0,False,,,,
B,25,10,115,0.95,0.0,0.5,True,,,,
B,25,10,115,0.95,0.0,0.5,False,,,,
B,25,10,115,0.95,0.0,1.0,True,,,,
B,25,10,115,0.95,0.0,1.0,False,,,,
B,25,10,115,0.95,0.1,0.0,True,,,,
B,25,10,115,0.95,0.1,0.0,False,,,,
B,25,10,115,0.95,0.1,0.5,True,,,,
B,25,10,115,0.95,0.1,0.5,False,,,,
B,25,10,115,0.95,0.1,1.0,True,,,,
B,25,10,115,0.95,0.1,1.0,False,,,,
B,25,10,115,0.95,1.0,0.0,True,,,,
B,25,10,115,0.95,1.0,0.0,False,,,,
B,25,10,115,0.95,1.0,0.5,True,,,,
B,25,10,115,0.95,1.0,0.5,False,,,,
B,25,10,115,0.95,1.0,1.0,True,,,,
B,25,10,115,0.95,1.0,1.0,False,,,,
B,25,10,120,0.3,0.0,0.0,True,,,,
B,25,10,120,0.3,0.0,0.0,False,5042.965335983925,0.5,88.29476869443629,95.91623920974898
B,25,10,120,0.3,0.0,0.5,True,,,,
B,25,10,120,0.3,0.0,0.5,False,5042.965335983925,0.5,88.29476869443629,95.91623920974898
B,25,10,120,0.3,0.0,1.0,True,,,,
B,25,10,120,0.3,0.0,1.0,False,5042.965335983925,0.5,88.29476869443629,95.91623920974898
B,25,10,120,0.3,0.1,0.0,True,,,,
B,25,10,120,0.3,0.1,0.0,False,5101.946705154299,0.5,88.69437773846101,96.25787052107555
B,25,10,120,0.3,0.1,0.5,True,,,,
B,25,10,120,0.3,0.1,0.5,False,5042.965335983925,0.5,88.29476869443629,95.91623920974898
B,25,10,120,0.3,0.1,1.0,True,,,,
B,25,10,120,0.3,0.1,1.0,False,4807.039859302429,0.5,86.69633251833741,94.54971396444277
B,25,10,120,0.3,1.0,0.0,True,,,,
B,25,10,120,0.3,1.0,0.0,False,5042.965335983925,0.5,88.29476869443629,95.91623920974898
B,25,10,120,0.3,1.0,0.5,True,,,,
B,25,10,120,0.3,1.0,0.5,False,5042.965335983925,0.5,88.29476869443629,95.91623920974898
B,25,10,120,0.3,1.0,1.0,True,,,,
B,25,10,120,0.3,1.0,1.0,False,,,,
B,25,10,120,0.5,0.0,0.0,True,,,,
B,25,10,120,0.5,0.0,0.0,False,5042.965335983925,0.5,88.29476869443629,95.91623920974898
B,25,10,120,0.5,0.0,0.5,True,,,,
B,25,10,120,0.5,0.0,0.5,False,5042.965335983925,0.5,88.29476869443629,95.91623920974898
B,25,10,120,0.5,0.0,1.0,True,,,,
B,25,10,120,0.5,0.0,1.0,False,5042.965335983925,0.5,88.29476869443629,95.91623920974898
B,25,10,120,0.5,0.1,0.0,True,,,,
B,25,10,120,0.5,0.1,0.0,False,5101.946705154299,0.5,88.69437773846101,96.25787052107555
B,25,10,120,0.5,0.1,0.5,True,,,,
B,25,10,120,0.5,0.1,0.5,False,5042.965335983925,0.5,88.29476869443629,95.91623920974898
B,25,10,120,0.5,0.1,1.0,True,,,,
B,25,10,120,0.5,0.1,1.0,False,4807.039859302429,0.5,86.69633251833741,94.54971396444277
B,25,10,120,0.5,1.0,0.0,True,,,,
B,25,10,120,0.5,1.0,0.0,False,5042.965335983925,0.5,88.29476869443629,95.91623920974898
B,25,10,120,0.5,1.0,0.5,True,,,,
B,25,10,120,0.5,1.0,0.5,False,5042.965335983925,0.5,88.29476869443629,95.91623920974898
B,25,10,120,0.5,1.0,1.0,True,,,,
B,25,10,120,0.5,1.0,1.0,False,,,,
B,25,10,120,0.95,0.0,0.0,True,,,,
B,25,10,120,0.95,0.0,0.0,False,,,,
B,25,10,120,0.95,0.0,0.5,True,,,,
B,25,10,120,0.95,0.0,0.5,False,,,,
B,25,10,120,0.95,0.0,1.0,True,,,,
B,25,10,120,0.95,0.0,1.0,False,,,,
B,25,10,120,0.95,0.1,0.0,True,,,,
B,25,10,120,0.95,0.1,0.0,False,,,,
B,25,10,120,0.95,0.1,0.5,True,,,,
B,25,10,120,0.95,0.1,0.5,False,,,,
B,25,10,120,0.95,0.1,1.0,True,,,,
B,25,10,120,0.95,0.1,1.0,False,,,,
B,25,10,120,0.95,1.0,0.0,True,,,,
B,25,10,120,0.95,1.0,0.0,False,,,,
B,25,10,120,0.95,1.0,0.5,True,,,,
B,25,10,120,0.95,1.0,0.5,False,,,,
B,25,10,120,0.95,1.0,1.0,True,,,,
B,25,10,120,0.95,1.0,1.0,False,,,,
B,25,10,125,0.3,0.0,0.0,True,,,,
B,25,10,125,0.3,0.0,0.0,False,6950.23615731947,0.5,90.29163422256218,98.43200841986697
B,25,10,125,0.3,0.0,0.5,True,,,,
B,25,10,125,0.3,0.0,0.5,False,6950.23615731947,0.5,90.29163422256218,98.43200841986697
B,25,10,125,0.3,0.0,1.0,True,,,,
B,25,10,125,0.3,0.0,1.0,False,6950.23615731947,0.5,90.29163422256218,98.43200841986697
B,25,10,125,0.3,0.1,0.0,True,,,,
B,25,10,125,0.3,0.1,0.0,False,7034.539175627299,0.5,90.71772126231029,98.79799018571492
B,25,10,125,0.3,0.1,0.5,True,,,,
B,25,10,125,0.3,0.1,0.5,False,6950.23615731947,0.5,90.29163422256218,98.43200841986697
B,25,10,125,0.3,0.1,1.0,True,,,,
B,25,10,125,0.3,0.1,1.0,False,6613.024084088157,0.5,88.58728606356968,96.96808135647518
B,25,10,125,0.3,1.0,0.0,True,,,,
B,25,10,125,0.3,1.0,0.0,False,6950.23615731947,0.5,90.29163422256218,98.43200841986697
B,25,10,125,0.3,1.0,0.5,True,,,,
B,25,10,125,0.3,1.0,0.5,False,6950.23615731947,0.5,90.29163422256218,98.43200841986697
B,25,10,125,0.3,1.0,1.0,True,,,,
B,25,10,125,0.3,1.0,1.0,False,,,,
B,25,10,125,0.5,0.0,0.0,True,,,,
B,25,10,125,0.5,0.0,0.0,False,6950.23615731947,0.5,90.29163422256218,98.43200841986697
B,25,10,125,0.5,0.0,0.5,True,,,,
B,25,10,125,0.5,0.0,0.5,False,6950.23615731947,0.5,90.29163422256218,98.43200841986697
B,25,10,125,0.5,0.0,1.0,True,,,,
B,25,10,125,0.5,0.0,1.0,False,6950.23615731947,0.5,90.29163422256218,98.43200841986697
B,25,10,125,0.5,0.1,0.0,True,,,,
B,25,10,125,0.5,0.1,0.0,False,7034.539175627299,0.5,90.71772126231029,98.79799018571492
B,25,10,125,0.5,0.1,0.5,True,,,,
B,25,10,125,0.5,0.1,0.5,False,6950.23615731947,0.5,90.29163422256218,98.43200841986697
B,25,10,125,0.5,0.1,1.0,True,,,,
B,25,10,125,0.5,0.1,1.0,False,6613.024084088157,0.5,88.58728606356968,96.96808135647518
B,25,10,125,0.5,1.0,0.0,True,,,,
B,25,10,125,0.5,1.0,0.0,False,6950.23615731947,0.5,90.29163422256218,98.43200841986697
B,25,10,125,0.5,1.0,0.5,True,,,,
B,25,10,125,0.5,1.0,0.5,False,6950.23615731947,0.5,90.29163422256218,98.43200841986697
B,25,10,125,0.5,1.0,1.0,True,,,,
B,25,10,125,0.5,1.0,1.0,False,,,,
B,25,10,125,0.95,0.0,0.0,True,,,,
B,25,10,125,0.95,0.0,0.0,False,,,,
B,25,10,125,0.95,0.0,0.5,True,,,,
B,25,10,125,0.95,0.0,0.5,False,,,,
B,25,10,125,0.95,0.0,1.0,True,,,,
B,25,10,125,0.95,0.0,1.0,False,,,,
B,25,10,125,0.95,0.1,0.0,True,,,,
B,25,10,125,0.95,0.1,0.0,False,,,,
B,25,10,125,0.95,0.1,0.5,True,,,,
B,25,10,125,0.95,0.1,0.5,False,,,,
B,25,10,125,0.95,0.1,1.0,True,,,,
B,25,10,125,0.95,0.1,1.0,False,,,,
B,25,10,125,0.95,1.0,0.0,True,,,,
B,25,10,125,0.95,1.0,0.0,False,,,,
B,25,10,125,0.95,1.0,0.5,True,,,,
B,25,10,125,0.95,1.0,0.5,False,,,,
B,25,10,125,0.95,1.0,1.0,True,,,,
B,25,10,125,0.95,1.0,1.0,False,,,,
B,25,15,115,0.3,0.0,0.0,True,,,,
B,25,15,115,0.3,0.0,0.0,False,3670.3332123103432,0.5,86.34673707341615,93.43393002040268
B,25,15,115,0.3,0.0,0.5,True,,,,
B,25,15,115,0.3,0.0,0.5,False,3670.3332123103432,0.5,86.34673707341615,93.43393002040268
B,25,15,115,0.3,0.0,1.0,True,,,,
B,25,15,115,0.3,0.0,1.0,False,3670.3332123103432,0.5,86.34673707341615,93.43393002040268
B,25,15,115,0.3,0.1,0.0,True,,,,
B,25,15,115,0.3,0.1,0.0,False,3640.991683654186,0.5,86.13879659571387,93.23920650765055
B,25,15,115,0.3,0.1,0.5,True,,,,
B,25,15,115,0.3,0.1,0.5,False,3640.991683654186,0.5,86.13879659571387,93.23920650765055
B,25,15,115,0.3,0.1,1.0,True,,,,
B,25,15,115,0.3,0.1,1.0,False,3479.753171110864,0.5,84.65525672371638,91.97888563916712
B,25,15,115,0.3,1.0,0.0,True,,,,
B,25,15,115,0.3,1.0,0.0,False,3640.991683654186,0.5,86.13879659571387,93.23920650765055
B,25,15,115,0.3,1.0,0.5,True,,,,
B,25,15,115,0.3,1.0,0.5,False,3640.991683654186,0.5,86.13879659571387,93.23920650765055
B,25,15,115,0.3,1.0,1.0,True,595.2593087625108,0.7880092233493461,46.98005354720355,55.96878003348191
B,25,15,115,0.3,1.0,1.0,False,,,,
B,25,15,115,0.5,0.0,0.0,True,,,,
B,25,15,115,0.5,0.0,0.0,False,3670.3332123103432,0.5,86.34673707341615,93.43393002040268
B,25,15,115,0.5,0.0,0.5,True,,,,
B,25,15,115,0.5,0.0,0.5,False,3670.3332123103432,0.5,86.34673707341615,93.43393002040268
B,25,15,115,0.5,0.0,1.0,True,,,,
B,25,15,115,0.5,0.0,1.0,False,3670.3332123103432,0.5,86.34673707341615,93.43393002040268
B,25,15,115,0.5,0.1,0.0,True,,,,
B,25,15,115,0.5,0.1,0.0,False,3640.991683654186,0.5,86.13879659571387,93.23920650765055
B,25,15,115,0.5,0.1,0.5,True,,,,
B,25,15,115,0.5,0.1,0.5,False,3640.991683654186,0.5,86.13879659571387,93.23920650765055
B,25,15,115,0.5,0.1,1.0,True,,,,
B,25,15,115,0.5,0.1,1.0,False,3479.753171110864,0.5,84.65525672371638,91.97888563916712
B,25,15,115,0.5,1.0,0.0,True,,,,
B,25,15,115,0.5,1.0,0.0,False,3640.991683654186,0.5,86.13879659571387,93.23920650765055
B,25,15,115,0.5,1.0,0.5,True,,,,
B,25,15,115,0.5,1.0,0.5,False,3640.991683654186,0.5,86.13879659571387,93.23920650765055
B,25,15,115,0.5,1.0,1.0,True,1484.858451072527,0.6833952786912676,31.60638997226465,41.787593953311614
B,25,15,115,0.5,1.0,1.0,False,,,,
B,25,15,115,0.95,0.0,0.0,True,,,,
B,25,15,115,0.95,0.0,0.0,False,,,,
B,25,15,115,0.95,0.0,0.5,True,,,,
B,25,15,115,0.95,0.0,0.5,False,,,,
B,25,15,115,0.95,0.0,1.0,True,,,,
B,25,15,115,0.95,0.0,1.0,False,,,,
B,25,15,115,0.95,0.1,0.0,True,,,,
B,25,15,115,0.95,0.1,0.0,False,,,,
B,25,15,115,0.95,0.1,0.5,True,,,,
B,25,15,115,0.95,0.1,0.5,False,,,,
B,25,15,115,0.95,0.1,1.0,True,,,,
B,25,15,115,0.95,0.1,1.0,False,,,,
B,25,15,115,0.95,1.0,0.0,True,,,,
B,25,15,115,0.95,1.0,0.0,False,,,,
B,25,15,115,0.95,1.0,0.5,True,,,,
B,25,15,115,0.95,1.0,0.5,False,,,,
B,25,15,115,0.95,1.0,1.0,True,,,,
B,25,15,115,0.95,1.0,1.0,False,,,,
B,25,15,120,0.3,0.0,0.0,True,,,,
B,25,15,120,0.3,0.0,0.0,False,5087.454983315911,0.5,88.52588636877815,96.13393079216684
B,25,15,120,0.3,0.0,0.5,True,,,,
B,25,15,120,0.3,0.0,0.5,False,5087.454983315911,0.5,88.52588636877815,96.13393079216684
B,25,15,120,0.3,0.0,1.0,True,,,,
B,25,15,120,0.3,0.0,1.0,False,5087.454983315911,0.5,88.52588636877815,96.13393079216684
B,25,15,120,0.3,0.1,0.0,True,,,,
B,25,15,120,0.3,0.1,0.0,False,5042.965335983925,0.5,88.29476869443629,95.91623920974898
B,25,15,120,0.3,0.1,0.5,True,,,,
B,25,15,120,0.3,0.1,0.5,False,5042.965335983925,0.5,88.29476869443629,95.91623920974898
B,25,15,120,0.3,0.1,1.0,True,,,,
B,25,15,120,0.3,0.1,1.0,False,4807.039859302429,0.5,86.69633251833741,94.54971396444277
B,25,15,120,0.3,1.0,0.0,True,,,,
B,25,15,120,0.3,1.0,0.0,False,5042.965335983925,0.5,88.29476869443629,95.91623920974898
B,25,15,120,0.3,1.0,0.5,True,,,,
B,25,15,120,0.3,1.0,0.5,False,5042.965335983925,0.5,88.29476869443629,95.91623920974898
B,25,15,120,0.3,1.0,1.0,True,804.4861474686365,0.7824769592955727,49.05715142496851,57.944139059324065
B,25,15,120,0.3,1.0,1.0,False,,,,
B,25,15,120,0.5,0.0,0.0,True,,,,
B,25,15,120,0.5,0.0,0.0,False,5087.454983315911,0.5,88.52588636877815,96.13393079216684
B,25,15,120,0.5,0.0,0.5,True,,,,
B,25,15,120,0.5,0.0,0.5,False,5087.454983315911,0.5,88.52588636877815,96.13393079216684
B,25,15,120,0.5,0.0,1.0,True,,,,
B,25,15,120,0.5,0.0,1.0,False,5087.454983315911,0.5,88.52588636877815,96.13393079216684
B,25,15,120,0.5,0.1,0.0,True,,,,
B,25,15,120,0.5,0.1,0.0,False,5042.965335983925,0.5,88.29476869443629,95.91623920974898
B,25,15,120,0.5,0.1,0.5,True,,,,
B,25,15,120,0.5,0.1,0.5,False,5042.965335983925,0.5,88.29476869443629,95.91623920974898
B,25,15,120,0.5,0.1,1.0,True,,,,
B,25,15,120,0.5,0.1,1.0,False,4807.039859302429,0.5,86.69633251833741,94.54971396444277
B,25,15,120,0.5,1.0,0.0,True,,,,
B,25,15,120,0.5,1.0,0.0,False,5042.965335983925,0.5,88.29476869443629,95.91623920974898
B,25,15,120,0.5,1.0,0.5,True,,,,
B,25,15,120,0.5,1.0,0.5,False,5042.965335983925,0.5,88.29476869443629,95.91623920974898
B,25,15,120,0.5,1.0,1.0,True,1486.9886565317024,0.677519960914782,29.88360415570265,41.65114974192415
B,25,15,120,0.5,1.0,1.0,False,,,,
B,25,15,120,0.95,0.0,0.0,True,,,,
B,25,15,120,0.95,0.0,0.0,False,,,,
B,25,15,120,0.95,0.0,0.5,True,,,,
B,25,15,120,0.95,0.0,0.5,False,,,,
B,25,15,120,0.95,0.0,1.0,True,,,,
B,25,15,120,0.95,0.0,1.0,False,,,,
B,25,15,120,0.95,0.1,0.0,True,,,,
B,25,15,120,0.95,0.1,0.0,False,,,,
B,25,15,120,0.95,0.1,0.5,True,,,,
B,25,15,120,0.95,0.1,0.5,False,,,,
B,25,15,120,0.95,0.1,1.0,True,,,,
B,25,15,120,0.95,0.1,1.0,False,,,,
B,25,15,120,0.95,1.0,0.0,True,,,,
B,25,15,120,0.95,1.0,0.0,False,,,,
B,25,15,120,0.95,1.0,0.5,True,,,,
B,25,15,120,0.95,1.0,0.5,False,,,,
B,25,15,120,0.95,1.0,1.0,True,,,,
B,25,15,120,0.95,1.0,1.0,False,,,,
B,25,15,125,0.3,0.0,0.0,True,,,,
B,25,15,125,0.3,0.0,0.0,False,7019.678364938652,0.5,90.54871473716706,98.67649579431043
B,25,15,125,0.3,0.0,0.5,True,,,,
B,25,15,125,0.3,0.0,0.5,False,7019.678364938652,0.5,90.54871473716706,98.67649579431043
B,25,15,125,0.3,0.0,1.0,True,,,,
B,25,15,125,0.3,0.0,1.0,False,7019.678364938652,0.5,90.54871473716706,98.67649579431043
B,25,15,125,0.3,0.1,0.0,True,,,,
B,25,15,125,0.3,0.1,0.0,False,6950.23615731947,0.5,90.29163422256218,98.43200841986697
B,25,15,125,0.3,0.1,0.5,True,,,,
B,25,15,125,0.3,0.1,0.5,False,6950.23615731947,0.5,90.29163422256218,98.43200841986697
B,25,15,125,0.3,0.1,1.0,True,,,,
B,25,15,125,0.3,0.1,1.0,False,6613.024084088157,0.5,88.58728606356968,96.96808135647518
B,25,15,125,0.3,1.0,0.0,True,,,,
B,25,15,125,0.3,1.0,0.0,False,6950.23615731947,0.5,90.29163422256218,98.43200841986697
B,25,15,125,0.3,1.0,0.5,True,,,,
B,25,15,125,0.3,1.0,0.5,False,6950.23615731947,0.5,90.29163422256218,98.43200841986697
B,25,15,125,0.3,1.0,1.0,True,1088.7076801556848,0.7775698305584113,51.05063699308916,59.86472520507721
B,25,15,125,0.3,1.0,1.0,False,,,,
B,25,15,125,0.5,0.0,0.0,True,,,,
B,25,15,125,0.5,0.0,0.0,False,7019.678364938652,0.5,90.54871473716706,98.67649579431043
B,25,15,125,0.5,0.0,0.5,True,,,,
B,25,15,125,0.5,0.0,0.5,False,7019.678364938652,0.5,90.54871473716706,98.67649579431043
B,25,15,125,0.5,0.0,1.0,True,,,,
B,25,15,125,0.5,0.0,1.0,False,7019.678364938652,0.5,90.54871473716706,98.67649579431043
B,25,15,125,0.5,0.1,0.0,True,,,,
B,25,15,125,0.5,0.1,0.0,False,6950.23615731947,0.5,90.29163422256218,98.43200841986697
B,25,15,125,0.5,0.1,0.5,True,,,,
B,25,15,125,0.5,0.1,0.5,False,6950.23615731947,0.5,90.29163422256218,98.43200841986697
B,25,15,125,0.5,0.1,1.0,True,,,,
B,25,15,125,0.5,0.1,1.0,False,6613.024084088157,0.5,88.58728606356968,96.96808135647518
B,25,15,125,0.5,1.0,0.0,True,,,,
B,25,15,125,0.5,1.0,0.0,False,6950.23615731947,0.5,90.29163422256218,98.43200841986697
B,25,15,125,0.5,1.0,0.5,True,,,,
B,25,15,125,0.5,1.0,0.5,False,6950.23615731947,0.5,90.29163422256218,98.43200841986697
B,25,15,125,0.5,1.0,1.0,True,1489.6505087135638,0.6722493407407608,28.32139561431438,41.76015321018035
B,25,15,125,0.5,1.0,1.0,False,,,,
B,25,15,125,0.95,0.0,0.0,True,,,,
B,25,15,125,0.95,0.0,0.0,False,,,,
B,25,15,125,0.95,0.0,0.5,True,,,,
B,25,15,125,0.95,0.0,0.5,False,,,,
B,25,15,125,0.95,0.0,1.0,True,,,,
B,25,15,125,0.95,0.0,1.0,False,,,,
B,25,15,125,0.95,0.1,0.0,True,,,,
B,25,15,125,0.95,0.1,0.0,False,,,,
B,25,15,125,0.95,0.1,0.5,True,,,,
B,25,15,125,0.95,0.1,0.5,False,,,,
B,25,15,125,0.95,0.1,1.0,True,,,,
B,25,15,125,0.95,0.1,1.0,False,,,,
B,25,15,125,0.95,1.0,0.0,True,,,,
B,25,15,125,0.95,1.0,0.0,False,,,,
B,25,15,125,0.95,1.0,0.5,True,,,,
B,25,15,125,0.95,1.0,0.5,False,,,,
B,25,15,125,0.95,1.0,1.0,True,,,,
B,25,15,125,0.95,1.0,1.0,False,,,,
B,25,20,115,0.3,0.0,0.0,True,,,,
B,25,20,115,0.3,0.0,0.0,False,3640.991683654186,0.5,86.13879659571387,93.23920650765055
B,25,20,115,0.3,0.0,0.5,True,,,,
B,25,20,115,0.3,0.0,0.5,False,3640.991683654186,0.5,86.13879659571387,93.23920650765055
B,25,20,115,0.3,0.0,1.0,True,,,,
B,25,20,115,0.3,0.0,1.0,False,3640.991683654186,0.5,86.13879659571387,93.23920650765055
B,25,20,115,0.3,0.1,0.0,True,,,,
B,25,20,115,0.3,0.1,0.0,False,3681.301311790017,0.5,86.50968156371324,93.55428672477142
B,25,20,115,0.3,0.1,0.5,True,,,,
B,25,20,115,0.3,0.1,0.5,False,3640.991683654186,0.5,86.13879659571387,93.23920650765055
B,25,20,115,0.3,0.1,1.0,True,,,,
B,25,20,115,0.3,0.1,1.0,False,3479.753171110864,0.5,84.65525672371638,91.97888563916712
B,25,20,115,0.3,1.0,0.0,True,,,,
B,25,20,115,0.3,1.0,0.0,False,3640.991683654186,0.5,86.13879659571387,93.23920650765055
B,25,20,115,0.3,1.0,0.5,True,,,,
B,25,20,115,0.3,1.0,0.5,False,3640.991683654186,0.5,86.13879659571387,93.23920650765055
B,25,20,115,0.3,1.0,1.0,True,472.9877720342133,0.8052740105574432,43.839089174537136,53.131342962687334
B,25,20,115,0.3,1.0,1.0,False,,,,
B,25,20,115,0.5,0.0,0.0,True,,,,
B,25,20,115,0.5,0.0,0.0,False,3640.991683654186,0.5,86.13879659571387,93.23920650765055
B,25,20,115,0.5,0.0,0.5,True,,,,
B,25,20,115,0.5,0.0,0.5,False,3640.991683654186,0.5,86.13879659571387,93.23920650765055
B,25,20,115,0.5,0.0,1.0,True,,,,
B,25,20,115,0.5,0.0,1.0,False,3640.991683654186,0.5,86.13879659571387,93.23920650765055
B,25,20,115,0.5,0.1,0.0,True,,,,
B,25,20,115,0.5,0.1,0.0,False,3681.301311790017,0.5,86.50968156371324,93.55428672477142
B,25,20,115,0.5,0.1,0.5,True,,,,
B,25,20,115,0.5,0.1,0.5,False,3640.991683654186,0.5,86.13879659571387,93.23920650765055
B,25,20,115,0.5,0.1,1.0,True,,,,
B,25,20,115,0.5,0.1,1.0,False,3479.753171110864,0.5,84.65525672371638,91.97888563916712
B,25,20,115,0.5,1.0,0.0,True,,,,
B,25,20,115,0.5,1.0,0.0,False,3640.991683654186,0.5,86.13879659571387,93.23920650765055
B,25,20,115,0.5,1.0,0.5,True,,,,
B,25,20,115,0.5,1.0,0.5,False,3640.991683654186,0.5,86.13879659571387,93.23920650765055
B,25,20,115,0.5,1.0,1.0,True,1988.2453571987223,0.678043341246165,31.412018088674493,42.24494028921056
B,25,20,115,0.5,1.0,1.0,False,,,,
B,25,20,115,0.95,0.0,0.0,True,,,,
B,25,20,115,0.95,0.0,0.0,False,,,,
B,25,20,115,0.95,0.0,0.5,True,,,,
B,25,20,115,0.95,0.0,0.5,False,,,,
B,25,20,115,0.95,0.0,1.0,True,,,,
B,25,20,115,0.95,0.0,1.0,False,,,,
B,25,20,115,0.95,0.1,0.0,True,,,,
B,25,20,115,0.95,0.1,0.0,False,,,,
B,25,20,115,0.95,0.1,0.5,True,,,,
B,25,20,115,0.95,0.1,0.5,False,,,,
B,25,20,115,0.95,0.1,1.0,True,,,,
B,25,20,115,0.95,0.1,1.0,False,,,,
B,25,20,115,0.95,1.0,0.0,True,,,,
B,25,20,115,0.95,1.0,0.0,False,,,,
B,25,20,115,0.95,1.0,0.5,True,,,,
B,25,20,115,0.95,1.0,0.5,False,,,,
B,25,20,115,0.95,1.0,1.0,True,,,,
B,25,20,115,0.95,1.0,1.0,False,,,,
B,25,20,120,0.3,0.0,0.0,True,,,,
B,25,20,120,0.3,0.0,0.0,False,5042.965335983925,0.5,88.29476869443629,95.91623920974898
B,25,20,120,0.3,0.0,0.5,True,,,,
B,25,20,120,0.3,0.0,0.5,False,5042.965335983925,0.5,88.29476869443629,95.91623920974898
B,25,20,120,0.3,0.0,1.0,True,,,,
B,25,20,120,0.3,0.0,1.0,False,5042.965335983925,0.5,88.29476869443629,95.91623920974898
B,25,20,120,0.3,0.1,0.0,True,,,,
B,25,20,120,0.3,0.1,0.0,False,5101.946705154299,0.5,88.69437773846101,96.25787052107555
B,25,20,120,0.3,0.1,0.5,True,,,,
B,25,20,120,0.3,0.1,0.5,False,5042.965335983925,0.5,88.29476869443629,95.91623920974898
B,25,20,120,0.3,0.1,1.0,True,,,,
B,25,20,120,0.3,0.1,1.0,False,4807.039859302429,0.5,86.69633251833741,94.54971396444277
B,25,20,120,0.3,1.0,0.0,True,,,,
B,25,20,120,0.3,1.0,0.0,False,5042.965335983925,0.5,88.29476869443629,95.91623920974898
B,25,20,120,0.3,1.0,0.5,True,,,,
B,25,20,120,0.3,1.0,0.5,False,5042.965335983925,0.5,88.29476869443629,95.91623920974898
B,25,20,120,0.3,1.0,1.0,True,624.3710477569713,0.799531738619215,45.90025297409415,55.01311672242238
B,25,20,120,0.3,1.0,1.0,False,,,,
B,25,20,120,0.5,0.0,0.0,True,,,,
B,25,20,120,0.5,0.0,0.0,False,5042.965335983925,0.5,88.29476869443629,95.91623920974898
B,25,20,120,0.5,0.0,0.5,True,,,,
B,25,20,120,0.5,0.0,0.5,False,5042.965335983925,0.5,88.29476869443629,95.91623920974898
B,25,20,120,0.5,0.0,1.0,True,,,,
B,25,20,120,0.5,0.0,1.0,False,5042.965335983925,0.5,88.29476869443629,95.91623920974898
B,25,20,120,0.5,0.1,0.0,True,,,,
B,25,20,120,0.5,0.1,0.0,False,5101.946705154299,0.5,88.69437773846101,96.25787052107555
B,25,20,120,0.5,0.1,0.5,True,,,,
B,25,20,120,0.5,0.1,0.5,False,5042.965335983925,0.5,88.29476869443629,95.91623920974898
B,25,20,120,0.5,0.1,1.0,True,,,,
B,25,20,120,0.5,0.1,1.0,False,4807.039859302429,0.5,86.69633251833741,94.54971396444277
B,25,20,120,0.5,1.0,0.0,True,,,,
B,25,20,120,0.5,1.0,0.0,False,5042.965335983925,0.5,88.29476869443629,95.91623920974898
B,25,20,120,0.5,1.0,0.5,True,,,,
B,25,20,120,0.5,1.0,0.5,False,5042.965335983925,0.5,88.29476869443629,95.91623920974898
B,25,20,120,0.5,1.0,1.0,True,1989.0752440766303,0.6725768620044104,29.45473456362899,41.9826854829286
B,25,20,120,0.5,1.0,1.0,False,,,,
B,25,20,120,0.95,0.0,0.0,True,,,,
B,25,20,120,0.95,0.0,0.0,False,,,,
B,25,20,120,0.95,0.0,0.5,True,,,,
B,25,20,120,0.95,0.0,0.5,False,,,,
B,25,20,120,0.95,0.0,1.0,True,,,,
B,25,20,120,0.95,0.0,1.0,False,,,,
B,25,20,120,0.95,0.1,0.0,True,,,,
B,25,20,120,0.95,0.1,0.0,False,,,,
B,25,20,120,0.95,0.1,0.5,True,,,,
B,25,20,120,0.95,0.1,0.5,False,,,,
B,25,20,120,0.95,0.1,1.0,True,,,,
B,25,20,120,0.95,0.1,1.0,False,,,,
B,25,20,120,0.95,1.0,0.0,True,,,,
B,25,20,120,0.95,1.0,0.0,False,,,,
B,25,20,120,0.95,1.0,0.5,True,,,,
B,25,20,120,0.95,1.0,0.5,False,,,,
B,25,20,120,0.95,1.0,1.0,True,,,,
B,25,20,120,0.95,1.0,1.0,False,,,,
B,25,20,125,0.3,0.0,0.0,True,,,,
B,25,20,125,0.3,0.0,0.0,False,6950.23615731947,0.5,90.29163422256218,98.43200841986697
B,25,20,125,0.3,0.0,0.5,True,,,,
B,25,20,125,0.3,0.0,0.5,False,6950.23615731947,0.5,90.29163422256218,98.43200841986697
B,25,20,125,0.3,0.0,1.0,True,,,,
B,25,20,125,0.3,0.0,1.0,False,6950.23615731947,0.5,90.29163422256218,98.43200841986697
B,25,20,125,0.3,0.1,0.0,True,,,,
B,25,20,125,0.3,0.1,0.0,False,7034.539175627299,0.5,90.71772126231029,98.79799018571492
B,25,20,125,0.3,0.1,0.5,True,,,,
B,25,20,125,0.3,0.1,0.5,False,6950.23615731947,0.5,90.29163422256218,98.43200841986697
B,25,20,125,0.3,0.1,1.0,True,,,,
B,25,20,125,0.3,0.1,1.0,False,6613.024084088157,0.5,88.58728606356968,96.96808135647518
B,25,20,125,0.3,1.0,0.0,True,,,,
B,25,20,125,0.3,1.0,0.0,False,6950.23615731947,0.5,90.29163422256218,98.43200841986697
B,25,20,125,0.3,1.0,0.5,True,,,,
B,25,20,125,0.3,1.0,0.5,False,6950.23615731947,0.5,90.29163422256218,98.43200841986697
B,25,20,125,0.3,1.0,1.0,True,821.3653826211008,0.794229300393909,47.92308134248307,56.844772810492266
B,25,20,125,0.3,1.0,1.0,False,,,,
B,25,20,125,0.5,0.0,0.0,True,,,,
B,25,20,125,0.5,0.0,0.0,False,6950.23615731947,0.5,90.29163422256218,98.43200841986697
B,25,20,125,0.5,0.0,0.5,True,,,,
B,25,20,125,0.5,0.0,0.5,False,6950.23615731947,0.5,90.29163422256218,98.43200841986697
B,25,20,125,0.5,0.0,1.0,True,,,,
B,25,20,125,0.5,0.0,1.0,False,6950.23615731947,0.5,90.29163422256218,98.43200841986697
B,25,20,125,0.5,0.1,0.0,True,,,,
B,25,20,125,0.5,0.1,0.0,False,7034.539175627299,0.5,90.71772126231029,98.79799018571492
B,25,20,125,0.5,0.1,0.5,True,,,,
B,25,20,125,0.5,0.1,0.5,False,6950.23615731947,0.5,90.29163422256218,98.43200841986697
B,25,20,125,0.5,0.1,1.0,True,,,,
B,25,20,125,0.5,0.1,1.0,False,6613.024084088157,0.5,88.58728606356968,96.96808135647518
B,25,20,125,0.5,1.0,0.0,True,,,,
B,25,20,125,0.5,1.0,0.0,False,6950.23615731947,0.5,90.29163422256218,98.43200841986697
B,25,20,125,0.5,1.0,0.5,True,,,,
B,25,20,125,0.5,1.0,0.5,False,6950.23615731947,0.5,90.29163422256218,98.43200841986697
B,25,20,125,0.5,1.0,1.0,True,1990.2740751258893,0.6678096332431197,27.65975994551158,41.97658728454628
B,25,20,125,0.5,1.0,1.0,False,,,,
B,25,20,125,0.95,0.0,0.0,True,,,,
B,25,20,125,0.95,0.0,0.0,False,,,,
B,25,20,125,0.95,0.0,0.5,True,,,,
B,25,20,125,0.95,0.0,0.5,False,,,,
B,25,20,125,0.95,0.0,1.0,True,,,,
B,25,20,125,0.95,0.0,1.0,False,,,,
B,25,20,125,0.95,0.1,0.0,True,,,,
B,25,20,125,0.95,0.1,0.0,False,,,,
B,25,20,125,0.95,0.1,0.5,True,,,,
B,25,20,125,0.95,0.1,0.5,False,,,,
B,25,20,125,0.95,0.1,1.0,True,,,,
B,25,20,125,0.95,0.1,1.0,False,,,,
B,25,20,125,0.95,1.0,0.0,True,,,,
B,25,20,125,0.95,1.0,0.0,False,,,,
B,25,20,125,0.95,1.0,0.5,True,,,,
B,25,20,125,0.95,1.0,0.5,False,,,,
B,25,20,125,0.95,1.0,1.0,True,,,,
B,25,20,125,0.95,1.0,1.0,False,,,,
B,30,10,115,0.3,0.0,0.0,True,,,,
B,30,10,115,0.3,0.0,0.0,False,3524.740605515353,0.5,85.11856247962035,92.37665463658429
B,30,10,115,0.3,0.0,0.5,True,,,,
B,30,10,115,0.3,0.0,0.5,False,3524.740605515353,0.5,85.11856247962035,92.37665463658429
B,30,10,115,0.3,0.0,1.0,True,,,,
B,30,10,115,0.3,0.0,1.0,False,3524.740605515353,0.5,85.11856247962035,92.37665463658429
B,30,10,115,0.3,0.1,0.0,True,,,,
B,30,10,115,0.3,0.1,0.0,False,3524.740605515353,0.5,85.11856247962035,92.37665463658429
B,30,10,115,0.3,0.1,0.5,True,,,,
B,30,10,115,0.3,0.1,0.5,False,3566.61124181303,0.5,85.50307651724694,92.70652768048848
B,30,10,115,0.3,0.1,1.0,True,,,,
B,30,10,115,0.3,0.1,1.0,False,3357.258060324647,0.5,83.58050632911393,91.05716246096755
B,30,10,115,0.3,1.0,0.0,True,,,,
B,30,10,115,0.3,1.0,0.0,False,3524.740605515353,0.5,85.11856247962035,92.37665463658429
B,30,10,115,0.3,1.0,0.5,True,,,,
B,30,10,115,0.3,1.0,0.5,False,3524.740605515353,0.5,85.11856247962035,92.37665463658429
B,30,10,115,0.3,1.0,1.0,True,,,,
B,30,10,115,0.3,1.0,1.0,False,,,,
B,30,10,115,0.5,0.0,0.0,True,,,,
B,30,10,115,0.5,0.0,0.0,False,3524.740605515353,0.5,85.11856247962035,92.37665463658429
B,30,10,115,0.5,0.0,0.5,True,,,,
B,30,10,115,0.5,0.0,0.5,False,3524.740605515353,0.5,85.11856247962035,92.37665463658429
B,30,10,115,0.5,0.0,1.0,True,,,,
B,30,10,115,0.5,0.0,1.0,False,3524.740605515353,0.5,85.11856247962035,92.37665463658429
B,30,10,115,0.5,0.1,0.0,True,,,,
B,30,10,115,0.5,0.1,0.0,False,3524.740605515353,0.5,85.11856247962035,92.37665463658429
B,30,10,115,0.5,0.1,0.5,True,,,,
B,30,10,115,0.5,0.1,0.5,False,3566.61124181303,0.5,85.50307651724694,92.70652768048848
B,30,10,115,0.5,0.1,1.0,True,,,,
B,30,10,115,0.5,0.1,1.0,False,3357.258060324647,0.5,83.58050632911393,91.05716246096755
B,30,10,115,0.5,1.0,0.0,True,,,,
B,30,10,115,0.5,1.0,0.0,False,3524.740605515353,0.5,85.11856247962035,92.37665463658429
B,30,10,115,0.5,1.0,0.5,True,,,,
B,30,10,115,0.5,1.0,0.5,False,3524.740605515353,0.5,85.11856247962035,92.37665463658429
B,30,10,115,0.5,1.0,1.0,True,,,,
B,30,10,115,0.5,1.0,1.0,False,,,,
B,30,10,115,0.95,0.0,0.0,True,,,,
B,30,10,115,0.95,0.0,0.0,False,,,,
B,30,10,115,0.95,0.0,0.5,True,,,,
B,30,10,115,0.95,0.0,0.5,False,,,,
B,30,10,115,0.95,0.0,1.0,True,,,,
B,30,10,115,0.95,0.0,1.0,False,,,,
B,30,10,115,0.95,0.1,0.0,True,,,,
B,30,10,115,0.95,0.1,0.0,False,,,,
B,30,10,115,0.95,0.1,0.5,True,,,,
B,30,10,115,0.95,0.1,0.5,False,,,,
B,30,10,115,0.95,0.1,1.0,True,,,,
B,30,10,115,0.95,0.1,1.0,False,,,,
B,30,10,115,0.95,1.0,0.0,True,,,,
B,30,10,115,0.95,1.0,0.0,False,,,,
B,30,10,115,0.95,1.0,0.5,True,,,,
B,30,10,115,0.95,1.0,0.5,False,,,,
B,30,10,115,0.95,1.0,1.0,True,,,,
B,30,10,115,0.95,1.0,1.0,False,,,,
B,30,10,120,0.3,0.0,0.0,True,,,,
B,30,10,120,0.3,0.0,0.0,False,4863.533138923494,0.5,87.17765061603217,94.95806166929599
B,30,10,120,0.3,0.0,0.5,True,,,,
B,30,10,120,0.3,0.0,0.5,False,4863.533138923494,0.5,87.17765061603217,94.95806166929599
B,30,10,120,0.3,0.0,1.0,True,,,,
B,30,10,120,0.3,0.0,1.0,False,4863.533138923494,0.5,87.17765061603217,94.95806166929599
B,30,10,120,0.3,0.1,0.0,True,,,,
B,30,10,120,0.3,0.1,0.0,False,4863.533138923494,0.5,87.17765061603217,94.95806166929599
B,30,10,120,0.3,0.1,0.5,True,,,,
B,30,10,120,0.3,0.1,0.5,False,4924.4717110916645,0.5,87.59149364978705,95.3154234056715
B,30,10,120,0.3,0.1,1.0,True,,,,
B,30,10,120,0.3,0.1,1.0,False,4619.778850250814,0.5,85.52227848101266,93.528614723794
B,30,10,120,0.3,1.0,0.0,True,,,,
B,30,10,120,0.3,1.0,0.0,False,4863.533138923494,0.5,87.17765061603217,94.95806166929599
B,30,10,120,0.3,1.0,0.5,True,,,,
B,30,10,120,0.3,1.0,0.5,False,4863.533138923494,0.5,87.17765061603217,94.95806166929599
B,30,10,120,0.3,1.0,1.0,True,,,,
B,30,10,120,0.3,1.0,1.0,False,,,,
B,30,10,120,0.5,0.0,0.0,True,,,,
B,30,10,120,0.5,0.0,0.0,False,4863.533138923494,0.5,87.17765061603217,94.95806166929599
B,30,10,120,0.5,0.0,0.5,True,,,,
B,30,10,120,0.5,0.0,0.5,False,4863.533138923494,0.5,87.17765061603217,94.95806166929599
B,30,10,120,0.5,0.0,1.0,True,,,,
B,30,10,120,0.5,0.0,1.0,False,4863.533138923494,0.5,87.17765061603217,94.95806166929599
B,30,10,120,0.5,0.1,0.0,True,,,,
B,30,10,120,0.5,0.1,0.0,False,4863.533138923494,0.5,87.17765061603217,94.95806166929599
B,30,10,120,0.5,0.1,0.5,True,,,,
B,30,10,120,0.5,0.1,0.5,False,4924.4717110916645,0.5,87.59149364978705,95.3154234056715
B,30,10,120,0.5,0.1,1.0,True,,,,
B,30,10,120,0.5,0.1,1.0,False,4619.778850250814,0.5,85.52227848101266,93.528614723794
B,30,10,120,0.5,1.0,0.0,True,,,,
B,30,10,120,0.5,1.0,0.0,False,4863.533138923494,0.5,87.17765061603217,94.95806166929599
B,30,10,120,0.5,1.0,0.5,True,,,,
B,30,10,120,0.5,1.0,0.5,False,4863.533138923494,0.5,87.17765061603217,94.95806166929599
B,30,10,120,0.5,1.0,1.0,True,,,,
B,30,10,120,0.5,1.0,1.0,False,,,,
B,30,10,120,0.95,0.0,0.0,True,,,,
B,30,10,120,0.95,0.0,0.0,False,,,,
B,30,10,120,0.95,0.0,0.5,True,,,,
B,30,10,120,0.95,0.0,0.5,False,,,,
B,30,10,120,0.95,0.0,1.0,True,,,,
B,30,10,120,0.95,0.0,1.0,False,,,,
B,30,10,120,0.95,0.1,0.0,True,,,,
B,30,10,120,0.95,0.1,0.0,False,,,,
B,30,10,120,0.95,0.1,0.5,True,,,,
B,30,10,120,0.95,0.1,0.5,False,,,,
B,30,10,120,0.95,0.1,1.0,True,,,,
B,30,10,120,0.95,0.1,1.0,False,,,,
B,30,10,120,0.95,1.0,0.0,True,,,,
B,30,10,120,0.95,1.0,0.0,False,,,,
B,30,10,120,0.95,1.0,0.5,True,,,,
B,30,10,120,0.95,1.0,0.5,False,,,,
B,30,10,120,0.95,1.0,1.0,True,,,,
B,30,10,120,0.95,1.0,1.0,False,,,,
B,30,10,125,0.3,0.0,0.0,True,,,,
B,30,10,125,0.3,0.0,0.0,False,6678.330961415239,0.5,89.07786578880173,97.37688537432683
B,30,10,125,0.3,0.0,0.5,True,,,,
B,30,10,125,0.3,0.0,0.5,False,6678.330961415239,0.5,89.07786578880173,97.37688537432683
B,30,10,125,0.3,0.0,1.0,True,,,,
B,30,10,125,0.3,0.0,1.0,False,6678.330961415239,0.5,89.07786578880173,97.37688537432683
B,30,10,125,0.3,0.1,0.0,True,,,,
B,30,10,125,0.3,0.1,0.0,False,6678.330961415239,0.5,89.07786578880173,97.37688537432683
B,30,10,125,0.3,0.1,0.5,True,,,,
B,30,10,125,0.3,0.1,0.5,False,6766.374676427337,0.5,89.51999046385026,97.76109982350748
B,30,10,125,0.3,0.1,1.0,True,,,,
B,30,10,125,0.3,0.1,1.0,False,6326.156101366848,0.5,87.3093670886076,95.84002757760429
B,30,10,125,0.3,1.0,0.0,True,,,,
B,30,10,125,0.3,1.0,0.0,False,6678.330961415239,0.5,89.07786578880173,97.37688537432683
B,30,10,125,0.3,1.0,0.5,True,,,,
B,30,10,125,0.3,1.0,0.5,False,6678.330961415239,0.5,89.07786578880173,97.37688537432683
B,30,10,125,0.3,1.0,1.0,True,,,,
B,30,10,125,0.3,1.0,1.0,False,,,,
B,30,10,125,0.5,0.0,0.0,True,,,,
B,30,10,125,0.5,0.0,0.0,False,6678.330961415239,0.5,89.07786578880173,97.37688537432683
B,30,10,125,0.5,0.0,0.5,True,,,,
B,30,10,125,0.5,0.0,0.5,False,6678.330961415239,0.5,89.07786578880173,97.37688537432683
B,30,10,125,0.5,0.0,1.0,True,,,,
B,30,10,125,0.5,0.0,1.0,False,6678.330961415239,0.5,89.07786578880173,97.37688537432683
B,30,10,125,0.5,0.1,0.0,True,,,,
B,30,10,125,0.5,0.1,0.0,False,6678.330961415239,0.5,89.07786578880173,97.37688537432683
B,30,10,125,0.5,0.1,0.5,True,,,,
B,30,10,125,0.5,0.1,0.5,False,6766.374676427337,0.5,89.51999046385026,97.76109982350748
B,30,10,125,0.5,0.1,1.0,True,,,,
B,30,10,125,0.5,0.1,1.0,False,6326.156101366848,0.5,87.3093670886076,95.84002757760429
B,30,10,125,0.5,1.0,0.0,True,,,,
B,30,10,125,0.5,1.0,0.0,False,6678.330961415239,0.5,89.07786578880173,97.37688537432683
B,30,10,125,0.5,1.0,0.5,True,,,,
B,30,10,125,0.5,1.0,0.5,False,6678.330961415239,0.5,89.07786578880173,97.37688537432683
B,30,10,125,0.5,1.0,1.0,True,,,,
B,30,10,125,0.5,1.0,1.0,False,,,,
B,30,10,125,0.95,0.0,0.0,True,,,,
B,30,10,125,0.95,0.0,0.0,False,,,,
B,30,10,125,0.95,0.0,0.5,True,,,,
B,30,10,125,0.95,0.0,0.5,False,,,,
B,30,10,125,0.95,0.0,1.0,True,,,,
B,30,10,125,0.95,0.0,1.0,False,,,,
B,30,10,125,0.95,0.1,0.0,True,,,,
B,30,10,125,0.95,0.1,0.0,False,,,,
B,30,10,125,0.95,0.1,0.5,True,,,,
B,30,10,125,0.95,0.1,0.5,False,,,,
B,30,10,125,0.95,0.1,1.0,True,,,,
B,30,10,125,0.95,0.1,1.0,False,,,,
B,30,10,125,0.95,1.0,0.0,True,,,,
B,30,10,125,0.95,1.0,0.0,False,,,,
B,30,10,125,0.95,1.0,0.5,True,,,,
B,30,10,125,0.95,1.0,0.5,False,,,,
B,30,10,125,0.95,1.0,1.0,True,,,,
B,30,10,125,0.95,1.0,1.0,False,,,,
B,30,15,115,0.3,0.0,0.0,True,,,,
B,30,15,115,0.3,0.0,0.0,False,3524.740605515353,0.5,85.11856247962035,92.37665463658429
B,30,15,115,0.3,0.0,0.5,True,,,,
B,30,15,115,0.3,0.0,0.5,False,3524.740605515353,0.5,85.11856247962035,92.37665463658429
B,30,15,115,0.3,0.0,1.0,True,,,,
B,30,15,115,0.3,0.0,1.0,False,3524.740605515353,0.5,85.11856247962035,92.37665463658429
B,30,15,115,0.3,0.1,0.0,True,,,,
B,30,15,115,0.3,0.1,0.0,False,3524.740605515353,0.5,85.11856247962035,92.37665463658429
B,30,15,115,0.3,0.1,0.5,True,,,,
B,30,15,115,0.3,0.1,0.5,False,3524.740605515353,0.5,85.11856247962035,92.37665463658429
B,30,15,115,0.3,0.1,1.0,True,,,,
B,30,15,115,0.3,0.1,1.0,False,3357.258060324647,0.5,83.58050632911393,91.05716246096755
B,30,15,115,0.3,1.0,0.0,True,,,,
B,30,15,115,0.3,1.0,0.0,False,3524.740605515353,0.5,85.11856247962035,92.37665463658429
B,30,15,115,0.3,1.0,0.5,True,,,,
B,30,15,115,0.3,1.0,0.5,False,3524.740605515353,0.5,85.11856247962035,92.37665463658429
B,30,15,115,0.3,1.0,1.0,True,290.78718697545344,0.8255071040180455,41.020209788707646,49.67046187476939
B,30,15,115,0.3,1.0,1.0,False,,,,
B,30,15,115,0.5,0.0,0.0,True,,,,
B,30,15,115,0.5,0.0,0.0,False,3524.740605515353,0.5,85.11856247962035,92.37665463658429
B,30,15,115,0.5,0.0,0.5,True,,,,
B,30,15,115,0.5,0.0,0.5,False,3524.740605515353,0.5,85.11856247962035,92.37665463658429
B,30,15,115,0.5,0.0,1.0,True,,,,
B,30,15,115,0.5,0.0,1.0,False,3524.740605515353,0.5,85.11856247962035,92.37665463658429
B,30,15,115,0.5,0.1,0.0,True,,,,
B,30,15,115,0.5,0.1,0.0,False,3524.740605515353,0.5,85.11856247962035,92.37665463658429
B,30,15,115,0.5,0.1,0.5,True,,,,
B,30,15,115,0.5,0.1,0.5,False,3524.740605515353,0.5,85.11856247962035,92.37665463658429
B,30,15,115,0.5,0.1,1.0,True,,,,
B,30,15,115,0.5,0.1,1.0,False,3357.258060324647,0.5,83.58050632911393,91.05716246096755
B,30,15,115,0.5,1.0,0.0,True,,,,
B,30,15,115,0.5,1.0,0.0,False,3524.740605515353,0.5,85.11856247962035,92.37665463658429
B,30,15,115,0.5,1.0,0.5,True,,,,
B,30,15,115,0.5,1.0,0.5,False,3524.740605515353,0.5,85.11856247962035,92.37665463658429
B,30,15,115,0.5,1.0,1.0,True,2916.4850656873077,0.6732212696068764,33.10163965993148,44.16392834414658
B,30,15,115,0.5,1.0,1.0,False,,,,
B,30,15,115,0.95,0.0,0.0,True,,,,
B,30,15,115,0.95,0.0,0.0,False,,,,
B,30,15,115,0.95,0.0,0.5,True,,,,
B,30,15,115,0.95,0.0,0.5,False,,,,
B,30,15,115,0.95,0.0,1.0,True,,,,
B,30,15,115,0.95,0.0,1.0,False,,,,
B,30,15,115,0.95,0.1,0.0,True,,,,
B,30,15,115,0.95,0.1,0.0,False,,,,
B,30,15,115,0.95,0.1,0.5,True,,,,
B,30,15,115,0.95,0.1,0.5,False,,,,
B,30,15,115,0.95,0.1,1.0,True,,,,
B,30,15,115,0.95,0.1,1.0,False,,,,
B,30,15,115,0.95,1.0,0.0,True,,,,
B,30,15,115,0.95,1.0,0.0,False,,,,
B,30,15,115,0.95,1.0,0.5,True,,,,
B,30,15,115,0.95,1.0,0.5,False,,,,
B,30,15,115,0.95,1.0,1.0,True,,,,
B,30,15,115,0.95,1.0,1.0,False,,,,
B,30,15,120,0.3,0.0,0.0,True,,,,
B,30,15,120,0.3,0.0,0.0,False,4863.533138923494,0.5,87.17765061603217,94.95806166929599
B,30,15,120,0.3,0.0,0.5,True,,,,
B,30,15,120,0.3,0.0,0.5,False,4863.533138923494,0.5,87.17765061603217,94.95806166929599
B,30,15,120,0.3,0.0,1.0,True,,,,
B,30,15,120,0.3,0.0,1.0,False,4863.533138923494,0.5,87.17765061603217,94.95806166929599
B,30,15,120,0.3,0.1,0.0,True,,,,
B,30,15,120,0.3,0.1,0.0,False,4863.533138923494,0.5,87.17765061603217,94.95806166929599
B,30,15,120,0.3,0.1,0.5,True,,,,
B,30,15,120,0.3,0.1,0.5,False,4863.533138923494,0.5,87.17765061603217,94.95806166929599
B,30,15,120,0.3,0.1,1.0,True,,,,
B,30,15,120,0.3,0.1,1.0,False,4619.778850250814,0.5,85.52227848101266,93.528614723794
B,30,15,120,0.3,1.0,0.0,True,,,,
B,30,15,120,0.3,1.0,0.0,False,4863.533138923494,0.5,87.17765061603217,94.95806166929599
B,30,15,120,0.3,1.0,0.5,True,,,,
B,30,15,120,0.3,1.0,0.5,False,4863.533138923494,0.5,87.17765061603217,94.95806166929599
B,30,15,120,0.3,1.0,1.0,True,363.9378579549915,0.8200225443528708,43.04610950603323,51.36296384822829
B,30,15,120,0.3,1.0,1.0,False,,,,
B,30,15,120,0.5,0.0,0.0,True,,,,
B,30,15,120,0.5,0.0,0.0,False,4863.533138923494,0.5,87.17765061603217,94.95806166929599
B,30,15,120,0.5,0.0,0.5,True,,,,
B,30,15,120,0.5,0.0,0.5,False,4863.533138923494,0.5,87.17765061603217,94.95806166929599
B,30,15,120,0.5,0.0,1.0,True,,,,
B,30,15,120,0.5,0.0,1.0,False,4863.533138923494,0.5,87.17765061603217,94.95806166929599
B,30,15,120,0.5,0.1,0.0,True,,,,
B,30,15,120,0.5,0.1,0.0,False,4863.533138923494,0.5,87.17765061603217,94.95806166929599
B,30,15,120,0.5,0.1,0.5,True,,,,
B,30,15,120,0.5,0.1,0.5,False,4863.533138923494,0.5,87.17765061603217,94.95806166929599
B,30,15,120,0.5,0.1,1.0,True,,,,
B,30,15,120,0.5,0.1,1.0,False,4619.778850250814,0.5,85.52227848101266,93.528614723794
B,30,15,120,0.5,1.0,0.0,True,,,,
B,30,15,120,0.5,1.0,0.0,False,4863.533138923494,0.5,87.17765061603217,94.95806166929599
B,30,15,120,0.5,1.0,0.5,True,,,,
B,30,15,120,0.5,1.0,0.5,False,4863.533138923494,0.5,87.17765061603217,94.95806166929599
B,30,15,120,0.5,1.0,1.0,True,2916.054377030472,0.6682905986822916,31.095966864646158,43.820683550548495
B,30,15,120,0.5,1.0,1.0,False,,,,
B,30,15,120,0.95,0.0,0.0,True,,,,
B,30,15,120,0.95,0.0,0.0,False,,,,
B,30,15,120,0.95,0.0,0.5,True,,,,
B,30,15,120,0.95,0.0,0.5,False,,,,
B,30,15,120,0.95,0.0,1.0,True,,,,
B,30,15,120,0.95,0.0,1.0,False,,,,
B,30,15,120,0.95,0.1,0.0,True,,,,
B,30,15,120,0.95,0.1,0.0,False,,,,
B,30,15,120,0.95,0.1,0.5,True,,,,
B,30,15,120,0.95,0.1,0.5,False,,,,
B,30,15,120,0.95,0.1,1.0,True,,,,
B,30,15,120,0.95,0.1,1.0,False,,,,
B,30,15,120,0.95,1.0,0.0,True,,,,
B,30,15,120,0.95,1.0,0.0,False,,,,
B,30,15,120,0.95,1.0,0.5,True,,,,
B,30,15,120,0.95,1.0,0.5,False,,,,
B,30,15,120,0.95,1.0,1.0,True,,,,
B,30,15,120,0.95,1.0,1.0,False,,,,
B,30,15,125,0.3,0.0,0.0,True,,,,
B,30,15,125,0.3,0.0,0.0,False,6678.330961415239,0.5,89.07786578880173,97.37688537432683
B,30,15,125,0.3,0.0,0.5,True,,,,
B,30,15,125,0.3,0.0,0.5,False,6678.330961415239,0.5,89.07786578880173,97.37688537432683
B,30,15,125,0.3,0.0,1.0,True,,,,
B,30,15,125,0.3,0.0,1.0,False,6678.330961415239,0.5,89.07786578880173,97.37688537432683
B,30,15,125,0.3,0.1,0.0,True,,,,
B,30,15,125,0.3,0.1,0.0,False,6678.330961415239,0.5,89.07786578880173,97.37688537432683
B,30,15,125,0.3,0.1,0.5,True,,,,
B,30,15,125,0.3,0.1,0.5,False,6678.330961415239,0.5,89.07786578880173,97.37688537432683
B,30,15,125,0.3,0.1,1.0,True,,,,
B,30,15,125,0.3,0.1,1.0,False,6326.156101366848,0.5,87.3093670886076,95.84002757760429
B,30,15,125,0.3,1.0,0.0,True,,,,
B,30,15,125,0.3,1.0,0.0,False,6678.330961415239,0.5,89.07786578880173,97.37688537432683
B,30,15,125,0.3,1.0,0.5,True,,,,
B,30,15,125,0.3,1.0,0.5,False,6678.330961415239,0.5,89.07786578880173,97.37688537432683
B,30,15,125,0.3,1.0,1.0,True,449.5034034190186,0.8152026251707194,44.903360332396886,52.9941806706299
B,30,15,125,0.3,1.0,1.0,False,,,,
B,30,15,125,0.5,0.0,0.0,True,,,,
B,30,15,125,0.5,0.0,0.0,False,6678.330961415239,0.5,89.07786578880173,97.37688537432683
B,30,15,125,0.5,0.0,0.5,True,,,,
B,30,15,125,0.5,0.0,0.5,False,6678.330961415239,0.5,89.07786578880173,97.37688537432683
B,30,15,125,0.5,0.0,1.0,True,,,,
B,30,15,125,0.5,0.0,1.0,False,6678.330961415239,0.5,89.07786578880173,97.37688537432683
B,30,15,125,0.5,0.1,0.0,True,,,,
B,30,15,125,0.5,0.1,0.0,False,6678.330961415239,0.5,89.07786578880173,97.37688537432683
B,30,15,125,0.5,0.1,0.5,True,,,,
B,30,15,125,0.5,0.1,0.5,False,6678.330961415239,0.5,89.07786578880173,97.37688537432683
B,30,15,125,0.5,0.1,1.0,True,,,,
B,30,15,125,0.5,0.1,1.0,False,6326.156101366848,0.5,87.3093670886076,95.84002757760429
B,30,15,125,0.5,1.0,0.0,True,,,,
B,30,15,125,0.5,1.0,0.0,False,6678.330961415239,0.5,89.07786578880173,97.37688537432683
B,30,15,125,0.5,1.0,0.5,True,,,,
B,30,15,125,0.5,1.0,0.5,False,6678.330961415239,0.5,89.07786578880173,97.37688537432683
B,30,15,125,0.5,1.0,1.0,True,2915.8149781524808,0.6642670526667898,29.258942960322784,43.71457953453816
B,30,15,125,0.5,1.0,1.0,False,,,,
B,30,15,125,0.95,0.0,0.0,True,,,,
B,30,15,125,0.95,0.0,0.0,False,,,,
B,30,15,125,0.95,0.0,0.5,True,,,,
B,30,15,125,0.95,0.0,0.5,False,,,,
B,30,15,125,0.95,0.0,1.0,True,,,,
B,30,15,125,0.95,0.0,1.0,False,,,,
B,30,15,125,0.95,0.1,0.0,True,,,,
B,30,15,125,0.95,0.1,0.0,False,,,,
B,30,15,125,0.95,0.1,0.5,True,,,,
B,30,15,125,0.95,0.1,0.5,False,,,,
B,30,15,125,0.95,0.1,1.0,True,,,,
B,30,15,125,0.95,0.1,1.0,False,,,,
B,30,15,125,0.95,1.0,0.0,True,,,,
B,30,15,125,0.95,1.0,0.0,False,,,,
B,30,15,125,0.95,1.0,0.5,True,,,,
B,30,15,125,0.95,1.0,0.5,False,,,,
B,30,15,125,0.95,1.0,1.0,True,,,,
B,30,15,125,0.95,1.0,1.0,False,,,,
B,30,20,115,0.3,0.0,0.0,True,,,,
B,30,20,115,0.3,0.0,0.0,False,3524.740605515353,0.5,85.11856247962035,92.37665463658429
B,30,20,115,0.3,0.0,0.5,True,,,,
B,30,20,115,0.3,0.0,0.5,False,3524.740605515353,0.5,85.11856247962035,92.37665463658429
B,30,20,115,0.3,0.0,1.0,True,,,,
B,30,20,115,0.3,0.0,1.0,False,3524.740605515353,0.5,85.11856247962035,92.37665463658429
B,30,20,115,0.3,0.1,0.0,True,,,,
B,30,20,115,0.3,0.1,0.0,False,3524.740605515353,0.5,85.11856247962035,92.37665463658429
B,30,20,115,0.3,0.1,0.5,True,,,,
B,30,20,115,0.3,0.1,0.5,False,3566.61124181303,0.5,85.50307651724694,92.70652768048848
B,30,20,115,0.3,0.1,1.0,True,,,,
B,30,20,115,0.3,0.1,1.0,False,3357.258060324647,0.5,83.58050632911393,91.05716246096755
B,30,20,115,0.3,1.0,0.0,True,,,,
B,30,20,115,0.3,1.0,0.0,False,3524.740605515353,0.5,85.11856247962035,92.37665463658429
B,30,20,115,0.3,1.0,0.5,True,,,,
B,30,20,115,0.3,1.0,0.5,False,3524.740605515353,0.5,85.11856247962035,92.37665463658429
B,30,20,115,0.3,1.0,1.0,True,374.87807129953654,0.809750519678803,42.52169245185028,51.67574512610031
B,30,20,115,0.3,1.0,1.0,False,3357.258060324647,0.5,83.58050632911393,91.05716246096755
B,30,20,115,0.5,0.0,0.0,True,,,,
B,30,20,115,0.5,0.0,0.0,False,3524.740605515353,0.5,85.11856247962035,92.37665463658429
B,30,20,115,0.5,0.0,0.5,True,,,,
B,30,20,115,0.5,0.0,0.5,False,3524.740605515353,0.5,85.11856247962035,92.37665463658429
B,30,20,115,0.5,0.0,1.0,True,,,,
B,30,20,115,0.5,0.0,1.0,False,3524.740605515353,0.5,85.11856247962035,92.37665463658429
B,30,20,115,0.5,0.1,0.0,True,,,,
B,30,20,115,0.5,0.1,0.0,False,3524.740605515353,0.5,85.11856247962035,92.37665463658429
B,30,20,115,0.5,0.1,0.5,True,,,,
B,30,20,115,0.5,0.1,0.5,False,3566.61124181303,0.5,85.50307651724694,92.70652768048848
B,30,20,115,0.5,0.1,1.0,True,,,,
B,30,20,115,0.5,0.1,1.0,False,3357.258060324647,0.5,83.58050632911393,91.05716246096755
B,30,20,115,0.5,1.0,0.0,True,,,,
B,30,20,115,0.5,1.0,0.0,False,3524.740605515353,0.5,85.11856247962035,92.37665463658429
B,30,20,115,0.5,1.0,0.5,True,,,,
B,30,20,115,0.5,1.0,0.5,False,3524.740605515353,0.5,85.11856247962035,92.37665463658429
B,30,20,115,0.5,1.0,1.0,True,2602.254517088859,0.6731597043810593,31.629715154323947,43.17687173230655
B,30,20,115,0.5,1.0,1.0,False,3357.258060324647,0.5,83.58050632911393,91.05716246096755
B,30,20,115,0.95,0.0,0.0,True,,,,
B,30,20,115,0.95,0.0,0.0,False,,,,
B,30,20,115,0.95,0.0,0.5,True,,,,
B,30,20,115,0.95,0.0,0.5,False,,,,
B,30,20,115,0.95,0.0,1.0,True,,,,
B,30,20,115,0.95,0.0,1.0,False,,,,
B,30,20,115,0.95,0.1,0.0,True,,,,
B,30,20,115,0.95,0.1,0.0,False,,,,
B,30,20,115,0.95,0.1,0.5,True,,,,
B,30,20,115,0.95,0.1,0.5,False,,,,
B,30,20,115,0.95,0.1,1.0,True,,,,
B,30,20,115,0.95,0.1,1.0,False,,,,
B,30,20,115,0.95,1.0,0.0,True,,,,
B,30,20,115,0.95,1.0,0.0,False,,,,
B,30,20,115,0.95,1.0,0.5,True,,,,
B,30,20,115,0.95,1.0,0.5,False,,,,
B,30,20,115,0.95,1.0,1.0,True,,,,
B,30,20,115,0.95,1.0,1.0,False,,,,
B,30,20,120,0.3,0.0,0.0,True,,,,
B,30,20,120,0.3,0.0,0.0,False,4863.533138923494,0.5,87.17765061603217,94.95806166929599
B,30,20,120,0.3,0.0,0.5,True,,,,
B,30,20,120,0.3,0.0,0.5,False,4863.533138923494,0.5,87.17765061603217,94.95806166929599
B,30,20,120,0.3,0.0,1.0,True,,,,
B,30,20,120,0.3,0.0,1.0,False,4863.533138923494,0.5,87.17765061603217,94.95806166929599
B,30,20,120,0.3,0.1,0.0,True,,,,
B,30,20,120,0.3,0.1,0.0,False,4863.533138923494,0.5,87.17765061603217,94.95806166929599
B,30,20,120,0.3,0.1,0.5,True,,,,
B,30,20,120,0.3,0.1,0.5,False,4924.4717110916645,0.5,87.59149364978705,95.3154234056715
B,30,20,120,0.3,0.1,1.0,True,,,,
B,30,20,120,0.3,0.1,1.0,False,4619.778850250814,0.5,85.52227848101266,93.528614723794
B,30,20,120,0.3,1.0,0.0,True,,,,
B,30,20,120,0.3,1.0,0.0,False,4863.533138923494,0.5,87.17765061603217,94.95806166929599
B,30,20,120,0.3,1.0,0.5,True,,,,
B,30,20,120,0.3,1.0,0.5,False,4863.533138923494,0.5,87.17765061603217,94.95806166929599
B,30,20,120,0.3,1.0,1.0,True,477.0417868443555,0.8044798873575333,44.65315471523373,53.5119805414491
B,30,20,120,0.3,1.0,1.0,False,4619.778850250814,0.5,85.52227848101266,93.528614723794
B,30,20,120,0.5,0.0,0.0,True,,,,
B,30,20,120,0.5,0.0,0.0,False,4863.533138923494,0.5,87.17765061603217,94.95806166929599
B,30,20,120,0.5,0.0,0.5,True,,,,
B,30,20,120,0.5,0.0,0.5,False,4863.533138923494,0.5,87.17765061603217,94.95806166929599
B,30,20,120,0.5,0.0,1.0,True,,,,
B,30,20,120,0.5,0.0,1.0,False,4863.533138923494,0.5,87.17765061603217,94.95806166929599
B,30,20,120,0.5,0.1,0.0,True,,,,
B,30,20,120,0.5,0.1,0.0,False,4863.533138923494,0.5,87.17765061603217,94.95806166929599
B,30,20,120,0.5,0.1,0.5,True,,,,
B,30,20,120,0.5,0.1,0.5,False,4924.4717110916645,0.5,87.59149364978705,95.3154234056715
B,30,20,120,0.5,0.1,1.0,True,,,,
B,30,20,120,0.5,0.1,1.0,False,4619.778850250814,0.5,85.52227848101266,93.528614723794
B,30,20,120,0.5,1.0,0.0,True,,,,
B,30,20,120,0.5,1.0,0.0,False,4863.533138923494,0.5,87.17765061603217,94.95806166929599
B,30,20,120,0.5,1.0,0.5,True,,,,
B,30,20,120,0.5,1.0,0.5,False,4863.533138923494,0.5,87.17765061603217,94.95806166929599
B,30,20,120,0.5,1.0,1.0,True,2601.8035289040063,0.66839507753836,29.528608522220324,42.80952990288093
B,30,20,120,0.5,1.0,1.0,False,4619.778850250814,0.5,85.52227848101266,93.528614723794
B,30,20,120,0.95,0.0,0.0,True,,,,
B,30,20,120,0.95,0.0,0.0,False,,,,
B,30,20,120,0.95,0.0,0.5,True,,,,
B,30,20,120,0.95,0.0,0.5,False,,,,
B,30,20,120,0.95,0.0,1.0,True,,,,
B,30,20,120,0.95,0.0,1.0,False,,,,
B,30,20,120,0.95,0.1,0.0,True,,,,
B,30,20,120,0.95,0.1,0.0,False,,,,
B,30,20,120,0.95,0.1,0.5,True,,,,
B,30,20,120,0.95,0.1,0.5,False,,,,
B,30,20,120,0.95,0.1,1.0,True,,,,
B,30,20,120,0.95,0.1,1.0,False,,,,
B,30,20,120,0.95,1.0,0.0,True,,,,
B,30,20,120,0.95,1.0,0.0,False,,,,
B,30,20,120,0.95,1.0,0.5,True,,,,
B,30,20,120,0.95,1.0,0.5,False,,,,
B,30,20,120,0.95,1.0,1.0,True,,,,
B,30,20,120,0.95,1.0,1.0,False,,,,
B,30,20,125,0.3,0.0,0.0,True,,,,
B,30,20,125,0.3,0.0,0.0,False,6678.330961415239,0.5,89.07786578880173,97.37688537432683
B,30,20,125,0.3,0.0,0.5,True,,,,
B,30,20,125,0.3,0.0,0.5,False,6678.330961415239,0.5,89.07786578880173,97.37688537432683
B,30,20,125,0.3,0.0,1.0,True,,,,
B,30,20,125,0.3,0.0,1.0,False,6678.330961415239,0.5,89.07786578880173,97.37688537432683
B,30,20,125,0.3,0.1,0.0,True,,,,
B,30,20,125,0.3,0.1,0.0,False,6678.330961415239,0.5,89.07786578880173,97.37688537432683
B,30,20,125,0.3,0.1,0.5,True,,,,
B,30,20,125,0.3,0.1,0.5,False,6766.374676427337,0.5,89.51999046385026,97.76109982350748
B,30,20,125,0.3,0.1,1.0,True,,,,
B,30,20,125,0.3,0.1,1.0,False,6326.156101366848,0.5,87.3093670886076,95.84002757760429
B,30,20,125,0.3,1.0,0.0,True,,,,
B,30,20,125,0.3,1.0,0.0,False,6678.330961415239,0.5,89.07786578880173,97.37688537432683
B,30,20,125,0.3,1.0,0.5,True,,,,
B,30,20,125,0.3,1.0,0.5,False,6678.330961415239,0.5,89.07786578880173,97.37688537432683
B,30,20,125,0.3,1.0,1.0,True,599.749217442676,0.8006618304011077,46.62972743578876,55.29020458245149
B,30,20,125,0.3,1.0,1.0,False,6326.156101366848,0.5,87.3093670886076,95.84002757760429
B,30,20,125,0.5,0.0,0.0,True,,,,
B,30,20,125,0.5,0.0,0.0,False,6678.330961415239,0.5,89.07786578880173,97.37688537432683
B,30,20,125,0.5,0.0,0.5,True,,,,
B,30,20,125,0.5,0.0,0.5,False,6678.330961415239,0.5,89.07786578880173,97.37688537432683
B,30,20,125,0.5,0.0,1.0,True,,,,
B,30,20,125,0.5,0.0,1.0,False,6678.330961415239,0.5,89.07786578880173,97.37688537432683
B,30,20,125,0.5,0.1,0.0,True,,,,
B,30,20,125,0.5,0.1,0.0,False,6678.330961415239,0.5,89.07786578880173,97.37688537432683
B,30,20,125,0.5,0.1,0.5,True,,,,
B,30,20,125,0.5,0.1,0.5,False,6766.374676427337,0.5,89.51999046385026,97.76109982350748
B,30,20,125,0.5,0.1,1.0,True,,,,
B,30,20,125,0.5,0.1,1.0,False,6326.156101366848,0.5,87.3093670886076,95.84002757760429
B,30,20,125,0.5,1.0,0.0,True,,,,
B,30,20,125,0.5,1.0,0.0,False,6678.330961415239,0.5,89.07786578880173,97.37688537432683
B,30,20,125,0.5,1.0,0.5,True,,,,
B,30,20,125,0.5,1.0,0.5,False,6678.330961415239,0.5,89.07786578880173,97.37688537432683
B,30,20,125,0.5,1.0,1.0,True,2601.551193713827,0.664454876672519,27.586607640045216,42.696491810484325
B,30,20,125,0.5,1.0,1.0,False,6326.156101366848,0.5,87.3093670886076,95.84002757760429
B,30,20,125,0.95,0.0,0.0,True,,,,
B,30,20,125,0.95,0.0,0.0,False,,,,
B,30,20,125,0.95,0.0,0.5,True,,,,
B,30,20,125,0.95,0.0,0.5,False,,,,
B,30,20,125,0.95,0.0,1.0,True,,,,
B,30,20,125,0.95,0.0,1.0,False,,,,
B,30,20,125,0.95,0.1,0.0,True,,,,
B,30,20,125,0.95,0.1,0.0,False,,,,
B,30,20,125,0.95,0.1,0.5,True,,,,
B,30,20,125,0.95,0.1,0.5,False,,,,
B,30,20,125,0.95,0.1,1.0,True,,,,
B,30,20,125,0.95,0.1,1.0,False,,,,
B,30,20,125,0.95,1.0,0.0,True,,,,
B,30,20,125,0.95,1.0,0.0,False,,,,
B,30,20,125,0.95,1.0,0.5,True,,,,
B,30,20,125,0.95,1.0,0.5,False,,,,
B,30,20,125,0.95,1.0,1.0,True,,,,
B,30,20,125,0.95,1.0,1.0,False,,,,
C,20,10,115,0.3,0.0,0.0,True,,,,
C,20,10,115,0.3,0.0,0.0,False,3724.458511199092,0.5,86.82436528727023,93.84138799026562
C,20,10,115,0.3,0.0,0.5,True,,,,
C,20,10,115,0.3,0.0,0.5,False,3724.458511199092,0.5,86.82436528727023,93.84138799026562
C,20,10,115,0.3,0.0,1.0,True,,,,
C,20,10,115,0.3,0.0,1.0,False,3724.458511199092,0.5,86.82436528727023,93.84138799026562
C,20,10,115,0.3,0.1,0.0,True,,,,
C,20,10,115,0.3,0.1,0.0,False,3789.0012755652815,0.5,87.45124666434018,94.34087112116984
C,20,10,115,0.3,0.1,0.5,True,,,,
C,20,10,115,0.3,0.1,0.5,False,3789.0012755652815,0.5,87.45124666434018,94.34087112116984
C,20,10,115,0.3,0.1,1.0,True,,,,
C,20,10,115,0.3,0.1,1.0,False,3594.495673331894,0.5,85.65957446808511,92.83220583243894
C,20,10,115,0.3,1.0,0.0,True,,,,
C,20,10,115,0.3,1.0,0.0,False,3750.100155118604,0.5,87.09291222508917,94.03913806342366
C,20,10,115,0.3,1.0,0.5,True,,,,
C,20,10,115,0.3,1.0,0.5,False,3750.100155118604,0.5,87.09291222508917,94.03913806342366
C,20,10,115,0.3,1.0,1.0,True,277.323688973829,0.844366855721032,39.50099050722969,48.61932379085584
C,20,10,115,0.3,1.0,1.0,False,3594.495673331894,0.5,85.65957446808511,92.83220583243894
C,20,10,115,0.5,0.0,0.0,True,,,,
C,20,10,115,0.5,0.0,0.0,False,3724.458511199092,0.5,86.82436528727023,93.84138799026562
C,20,10,115,0.5,0.0,0.5,True,,,,
C,20,10,115,0.5,0.0,0.5,False,3724.458511199092,0.5,86.82436528727023,93.84138799026562
C,20,10,115,0.5,0.0,1.0,True,,,,
C,20,10,115,0.5,0.0,1.0,False,3724.458511199092,0.5,86.82436528727023,93.84138799026562
C,20,10,115,0.5,0.1,0.0,True,,,,
C,20,10,115,0.5,0.1,0.0,False,3789.0012755652815,0.5,87.45124666434018,94.34087112116984
C,20,10,115,0.5,0.1,0.5,True,,,,
C,20,10,115,0.5,0.1,0.5,False,3789.0012755652815,0.5,87.45124666434018,94.34087112116984
C,20,10,115,0.5,0.1,1.0,True,,,,
C,20,10,115,0.5,0.1,1.0,False,3594.495673331894,0.5,85.65957446808511,92.83220583243894
C,20,10,115,0.5,1.0,0.0,True,,,,
C,20,10,115,0.5,1.0,0.0,False,3750.100155118604,0.5,87.09291222508917,94.03913806342366
C,20,10,115,0.5,1.0,0.5,True,,,,
C,20,10,115,0.5,1.0,0.5,False,3750.100155118604,0.5,87.09291222508917,94.03913806342366
C,20,10,115,0.5,1.0,1.0,True,2277.412144213102,0.6772532527900299,30.96843771376373,42.08371932675621
C,20,10,115,0.5,1.0,1.0,False,3594.495673331894,0.5,85.65957446808511,92.83220583243894
C,20,10,115,0.95,0.0,0.0,True,,,,
C,20,10,115,0.95,0.0,0.0,False,,,,
C,20,10,115,0.95,0.0,0.5,True,,,,
C,20,10,115,0.95,0.0,0.5,False,,,,
C,20,10,115,0.95,0.0,1.0,True,,,,
C,20,10,115,0.95,0.0,1.0,False,,,,
C,20,10,115,0.95,0.1,0.0,True,,,,
C,20,10,115,0.95,0.1,0.0,False,,,,
C,20,10,115,0.95,0.1,0.5,True,,,,
C,20,10,115,0.95,0.1,0.5,False,,,,
C,20,10,115,0.95,0.1,1.0,True,,,,
C,20,10,115,0.95,0.1,1.0,False,,,,
C,20,10,115,0.95,1.0,0.0,True,,,,
C,20,10,115,0.95,1.0,0.0,False,,,,
C,20,10,115,0.95,1.0,0.5,True,,,,
C,20,10,115,0.95,1.0,0.5,False,,,,
C,20,10,115,0.95,1.0,1.0,True,,,,
C,20,10,115,0.95,1.0,1.0,False,,,,
C,20,10,120,0.3,0.0,0.0,True,,,,
C,20,10,120,0.3,0.0,0.0,False,5173.285582697514,0.5,89.0520644688299,96.58915589031261
C,20,10,120,0.3,0.0,0.5,True,,,,
C,20,10,120,0.3,0.0,0.5,False,5173.285582697514,0.5,89.0520644688299,96.58915589031261
C,20,10,120,0.3,0.0,1.0,True,,,,
C,20,10,120,0.3,0.0,1.0,False,5173.285582697514,0.5,89.0520644688299,96.58915589031261
C,20,10,120,0.3,0.1,0.0,True,,,,
C,20,10,120,0.3,0.1,0.0,False,5269.42556398305,0.5,89.72750775219433,97.13344584035279
C,20,10,120,0.3,0.1,0.5,True,,,,
C,20,10,120,0.3,0.1,0.5,False,5269.42556398305,0.5,89.72750775219433,97.13344584035279
C,20,10,120,0.3,0.1,1.0,True,,,,
C,20,10,120,0.3,0.1,1.0,False,4985.185934270506,0.5,87.79787234042553,95.49973945727088
C,20,10,120,0.3,1.0,0.0,True,,,,
C,20,10,120,0.3,1.0,0.0,False,5212.577638040541,0.5,89.34158066984057,96.80670456373642
C,20,10,120,0.3,1.0,0.5,True,,,,
C,20,10,120,0.3,1.0,0.5,False,5212.577638040541,0.5,89.34158066984057,96.80670456373642
C,20,10,120,0.3,1.0,1.0,True,349.0315717357314,0.8396321916750701,41.284364136671684,50.263316890659
C,20,10,120,0.3,1.0,1.0,False,4985.185934270506,0.5,87.79787234042553,95.49973945727088
C,20,10,120,0.5,0.0,0.0,True,,,,
C,20,10,120,0.5,0.0,0.0,False,5173.285582697514,0.5,89.0520644688299,96.58915589031261
C,20,10,120,0.5,0.0,0.5,True,,,,
C,20,10,120,0.5,0.0,0.5,False,5173.285582697514,0.5,89.0520644688299,96.58915589031261
C,20,10,120,0.5,0.0,1.0,True,,,,
C,20,10,120,0.5,0.0,1.0,False,5173.285582697514,0.5,89.0520644688299,96.58915589031261
C,20,10,120,0.5,0.1,0.0,True,,,,
C,20,10,120,0.5,0.1,0.0,False,5269.42556398305,0.5,89.72750775219433,97.13344584035279
C,20,10,120,0.5,0.1,0.5,True,,,,
C,20,10,120,0.5,0.1,0.5,False,5269.42556398305,0.5,89.72750775219433,97.13344584035279
C,20,10,120,0.5,0.1,1.0,True,,,,
C,20,10,120,0.5,0.1,1.0,False,4985.185934270506,0.5,87.79787234042553,95.49973945727088
C,20,10,120,0.5,1.0,0.0,True,,,,
C,20,10,120,0.5,1.0,0.0,False,5212.577638040541,0.5,89.34158066984057,96.80670456373642
C,20,10,120,0.5,1.0,0.5,True,,,,
C,20,10,120,0.5,1.0,0.5,False,5212.577638040541,0.5,89.34158066984057,96.80670456373642
C,20,10,120,0.5,1.0,1.0,True,2276.9344611458228,0.6717907022403434,28.74324644773316,41.68347631532663
C,20,10,120,0.5,1.0,1.0,False,4985.185934270506,0.5,87.79787234042553,95.49973945727088
C,20,10,120,0.95,0.0,0.0,True,,,,
C,20,10,120,0.95,0.0,0.0,False,,,,
C,20,10,120,0.95,0.0,0.5,True,,,,
C,20,10,120,0.95,0.0,0.5,False,,,,
C,20,10,120,0.95,0.0,1.0,True,,,,
C,20,10,120,0.95,0.0,1.0,False,,,,
C,20,10,120,0.95,0.1,0.0,True,,,,
C,20,10,120,0.95,0.1,0.0,False,,,,
C,20,10,120,0.95,0.1,0.5,True,,,,
C,20,10,120,0.95,0.1,0.5,False,,,,
C,20,10,120,0.95,0.1,1.0,True,,,,
C,20,10,120,0.95,0.1,1.0,False,,,,
C,20,10,120,0.95,1.0,0.0,True,,,,
C,20,10,120,0.95,1.0,0.0,False,,,,
C,20,10,120,0.95,1.0,0.5,True,,,,
C,20,10,120,0.95,1.0,0.5,False,,,,
C,20,10,120,0.95,1.0,1.0,True,,,,
C,20,10,120,0.95,1.0,1.0,False,,,,
C,20,10,125,0.3,0.0,0.0,True,,,,
C,20,10,125,0.3,0.0,0.0,False,7152.989388022948,0.5,91.12450696062464,99.1813641902136
C,20,10,125,0.3,0.0,0.5,True,,,,
C,20,10,125,0.3,0.0,0.5,False,7152.989388022948,0.5,91.12450696062464,99.1813641902136
C,20,10,125,0.3,0.0,1.0,True,,,,
C,20,10,125,0.3,0.0,1.0,False,7152.989388022948,0.5,91.12450696062464,99.1813641902136
C,20,10,125,0.3,0.1,0.0,True,,,,
C,20,10,125,0.3,0.1,0.0,False,7293.25804173066,0.5,91.84609839735221,99.76835840818165
C,20,10,125,0.3,0.1,0.5,True,,,,
C,20,10,125,0.3,0.1,0.5,False,7293.25804173066,0.5,91.84609839735221,99.76835840818165
C,20,10,125,0.3,0.1,1.0,True,,,,
C,20,10,125,0.3,0.1,1.0,False,6884.777978924363,0.5,89.78652482269503,98.01682805294347
C,20,10,125,0.3,1.0,0.0,True,,,,
C,20,10,125,0.3,1.0,0.0,False,7211.562029169401,0.5,91.43418368242077,99.41805233713401
C,20,10,125,0.3,1.0,0.5,True,,,,
C,20,10,125,0.3,1.0,0.5,False,7211.562029169401,0.5,91.43418368242077,99.41805233713401
C,20,10,125,0.3,1.0,1.0,True,433.0341396300728,0.8345786175444848,43.23655150866465,51.877205393906195
C,20,10,125,0.3,1.0,1.0,False,6884.777978924363,0.5,89.78652482269503,98.01682805294347
C,20,10,125,0.5,0.0,0.0,True,,,,
C,20,10,125,0.5,0.0,0.0,False,7152.989388022948,0.5,91.12450696062464,99.1813641902136
C,20,10,125,0.5,0.0,0.5,True,,,,
C,20,10,125,0.5,0.0,0.5,False,7152.989388022948,0.5,91.12450696062464,99.1813641902136
C,20,10,125,0.5,0.0,1.0,True,,,,
C,20,10,125,0.5,0.0,1.0,False,7152.989388022948,0.5,91.12450696062464,99.1813641902136
C,20,10,125,0.5,0.1,0.0,True,,,,
C,20,10,125,0.5,0.1,0.0,False,7293.25804173066,0.5,91.84609839735221,99.76835840818165
C,20,10,125,0.5,0.1,0.5,True,,,,
C,20,10,125,0.5,0.1,0.5,False,7293.25804173066,0.5,91.84609839735221,99.76835840818165
C,20,10,125,0.5,0.1,1.0,True,,,,
C,20,10,125,0.5,0.1,1.0,False,6884.777978924363,0.5,89.78652482269503,98.01682805294347
C,20,10,125,0.5,1.0,0.0,True,,,,
C,20,10,125,0.5,1.0,0.0,False,7211.562029169401,0.5,91.43418368242077,99.41805233713401
C,20,10,125,0.5,1.0,0.5,True,,,,
C,20,10,125,0.5,1.0,0.5,False,7211.562029169401,0.5,91.43418368242077,99.41805233713401
C,20,10,125,0.5,1.0,1.0,True,2276.66569703361,0.6670093056355465,26.680015255061754,41.558194640503785
C,20,10,125,0.5,1.0,1.0,False,6884.777978924363,0.5,89.78652482269503,98.01682805294347
C,20,10,125,0.95,0.0,0.0,True,,,,
C,20,10,125,0.95,0.0,0.0,False,,,,
C,20,10,125,0.95,0.0,0.5,True,,,,
C,20,10,125,0.95,0.0,0.5,False,,,,
C,20,10,125,0.95,0.0,1.0,True,,,,
C,20,10,125,0.95,0.0,1.0,False,,,,
C,20,10,125,0.95,0.1,0.0,True,,,,
C,20,10,125,0.95,0.1,0.0,False,,,,
C,20,10,125,0.95,0.1,0.5,True,,,,
C,20,10,125,0.95,0.1,0.5,False,,,,
C,20,10,125,0.95,0.1,1.0,True,,,,
C,20,10,125,0.95,0.1,1.0,False,,,,
C,20,10,125,0.95,1.0,0.0,True,,,,
C,20,10,125,0.95,1.0,0.0,False,,,,
C,20,10,125,0.95,1.0,0.5,True,,,,
C,20,10,125,0.95,1.0,0.5,False,,,,
C,20,10,125,0.95,1.0,1.0,True,,,,
C,20,10,125,0.95,1.0,1.0,False,,,,
C,20,15,115,0.3,0.0,0.0,True,,,,
C,20,15,115,0.3,0.0,0.0,False,3750.100155118604,0.5,87.09291222508917,94.03913806342366
C,20,15,115,0.3,0.0,0.5,True,,,,
C,20,15,115,0.3,0.0,0.5,False,3750.100155118604,0.5,87.09291222508917,94.03913806342366
C,20,15,115,0.3,0.0,1.0,True,,,,
C,20,15,115,0.3,0.0,1.0,False,3750.100155118604,0.5,87.09291222508917,94.03913806342366
C,20,15,115,0.3,0.1,0.0,True,,,,
C,20,15,115,0.3,0.1,0.0,False,3750.100155118604,0.5,87.09291222508917,94.03913806342366
C,20,15,115,0.3,0.1,0.5,True,,,,
C,20,15,115,0.3,0.1,0.5,False,3750.100155118604,0.5,87.09291222508917,94.03913806342366
C,20,15,115,0.3,0.1,1.0,True,,,,
C,20,15,115,0.3,0.1,1.0,False,3594.495673331894,0.5,85.65957446808511,92.83220583243894
C,20,15,115,0.3,1.0,0.0,True,,,,
C,20,15,115,0.3,1.0,0.0,False,3750.100155118604,0.5,87.09291222508917,94.03913806342366
C,20,15,115,0.3,1.0,0.5,True,,,,
C,20,15,115,0.3,1.0,0.5,False,3750.100155118604,0.5,87.09291222508917,94.03913806342366
C,20,15,115,0.3,1.0,1.0,True,358.4725249983271,0.8252772838777289,40.67976908537845,50.499125887656376
C,20,15,115,0.3,1.0,1.0,False,3594.495673331894,0.5,85.65957446808511,92.83220583243894
C,20,15,115,0.5,0.0,0.0,True,,,,
C,20,15,115,0.5,0.0,0.0,False,3750.100155118604,0.5,87.09291222508917,94.03913806342366
C,20,15,115,0.5,0.0,0.5,True,,,,
C,20,15,115,0.5,0.0,0.5,False,3750.100155118604,0.5,87.09291222508917,94.03913806342366
C,20,15,115,0.5,0.0,1.0,True,,,,
C,20,15,115,0.5,0.0,1.0,False,3750.100155118604,0.5,87.09291222508917,94.03913806342366
C,20,15,115,0.5,0.1,0.0,True,,,,
C,20,15,115,0.5,0.1,0.0,False,3750.100155118604,0.5,87.09291222508917,94.03913806342366
C,20,15,115,0.5,0.1,0.5,True,,,,
C,20,15,115,0.5,0.1,0.5,False,3750.100155118604,0.5,87.09291222508917,94.03913806342366
C,20,15,115,0.5,0.1,1.0,True,,,,
C,20,15,115,0.5,0.1,1.0,False,3594.495673331894,0.5,85.65957446808511,92.83220583243894
C,20,15,115,0.5,1.0,0.0,True,,,,
C,20,15,115,0.5,1.0,0.0,False,3750.100155118604,0.5,87.09291222508917,94.03913806342366
C,20,15,115,0.5,1.0,0.5,True,,,,
C,20,15,115,0.5,1.0,0.5,False,3750.100155118604,0.5,87.09291222508917,94.03913806342366
C,20,15,115,0.5,1.0,1.0,True,2217.564245806806,0.6764385444103813,29.74318690921736,41.35620618116798
C,20,15,115,0.5,1.0,1.0,False,3594.495673331894,0.5,85.65957446808511,92.83220583243894
C,20,15,115,0.95,0.0,0.0,True,,,,
C,20,15,115,0.95,0.0,0.0,False,,,,
C,20,15,115,0.95,0.0,0.5,True,,,,
C,20,15,115,0.95,0.0,0.5,False,,,,
C,20,15,115,0.95,0.0,1.0,True,,,,
C,20,15,115,0.95,0.0,1.0,False,,,,
C,20,15,115,0.95,0.1,0.0,True,,,,
C,20,15,115,0.95,0.1,0.0,False,,,,
C,20,15,115,0.95,0.1,0.5,True,,,,
C,20,15,115,0.95,0.1,0.5,False,,,,
C,20,15,115,0.95,0.1,1.0,True,,,,
C,20,15,115,0.95,0.1,1.0,False,,,,
C,20,15,115,0.95,1.0,0.0,True,,,,
C,20,15,115,0.95,1.0,0.0,False,,,,
C,20,15,115,0.95,1.0,0.5,True,,,,
C,20,15,115,0.95,1.0,0.5,False,,,,
C,20,15,115,0.95,1.0,1.0,True,,,,
C,20,15,115,0.95,1.0,1.0,False,,,,
C,20,15,120,0.3,0.0,0.0,True,,,,
C,20,15,120,0.3,0.0,0.0,False,5212.577638040541,0.5,89.34158066984057,96.80670456373642
C,20,15,120,0.3,0.0,0.5,True,,,,
C,20,15,120,0.3,0.0,0.5,False,5212.577638040541,0.5,89.34158066984057,96.80670456373642
C,20,15,120,0.3,0.0,1.0,True,,,,
C,20,15,120,0.3,0.0,1.0,False,5212.577638040541,0.5,89.34158066984057,96.80670456373642
C,20,15,120,0.3,0.1,0.0,True,,,,
C,20,15,120,0.3,0.1,0.0,False,5212.577638040541,0.5,89.34158066984057,96.80670456373642
C,20,15,120,0.3,0.1,0.5,True,,,,
C,20,15,120,0.3,0.1,0.5,False,5212.577638040541,0.5,89.34158066984057,96.80670456373642
C,20,15,120,0.3,0.1,1.0,True,,,,
C,20,15,120,0.3,0.1,1.0,False,4985.185934270506,0.5,87.79787234042553,95.49973945727088
C,20,15,120,0.3,1.0,0.0,True,,,,
C,20,15,120,0.3,1.0,0.0,False,5212.577638040541,0.5,89.34158066984057,96.80670456373642
C,20,15,120,0.3,1.0,0.5,True,,,,
C,20,15,120,0.3,1.0,0.5,False,5212.577638040541,0.5,89.34158066984057,96.80670456373642
C,20,15,120,0.3,1.0,1.0,True,458.04174723427786,0.8201582132220976,42.5564214118699,52.279470892023284
C,20,15,120,0.3,1.0,1.0,False,4985.185934270506,0.5,87.79787234042553,95.49973945727088
C,20,15,120,0.5,0.0,0.0,True,,,,
C,20,15,120,0.5,0.0,0.0,False,5212.577638040541,0.5,89.34158066984057,96.80670456373642
C,20,15,120,0.5,0.0,0.5,True,,,,
C,20,15,120,0.5,0.0,0.5,False,5212.577638040541,0.5,89.34158066984057,96.80670456373642
C,20,15,120,0.5,0.0,1.0,True,,,,
C,20,15,120,0.5,0.0,1.0,False,5212.577638040541,0.5,89.34158066984057,96.80670456373642
C,20,15,120,0.5,0.1,0.0,True,,,,
C,20,15,120,0.5,0.1,0.0,False,5212.577638040541,0.5,89.34158066984057,96.80670456373642
C,20,15,120,0.5,0.1,0.5,True,,,,
C,20,15,120,0.5,0.1,0.5,False,5212.577638040541,0.5,89.34158066984057,96.80670456373642
C,20,15,120,0.5,0.1,1.0,True,,,,
C,20,15,120,0.5,0.1,1.0,False,4985.185934270506,0.5,87.79787234042553,95.49973945727088
C,20,15,120,0.5,1.0,0.0,True,,,,
C,20,15,120,0.5,1.0,0.0,False,5212.577638040541,0.5,89.34158066984057,96.80670456373642
C,20,15,120,0.5,1.0,0.5,True,,,,
C,20,15,120,0.5,1.0,0.5,False,5212.577638040541,0.5,89.34158066984057,96.80670456373642
C,20,15,120,0.5,1.0,1.0,True,2217.0710614936124,0.6710911271703595,27.4447445404681,40.93672750884768
C,20,15,120,0.5,1.0,1.0,False,4985.185934270506,0.5,87.79787234042553,95.49973945727088
C,20,15,120,0.95,0.0,0.0,True,,,,
C,20,15,120,0.95,0.0,0.0,False,,,,
C,20,15,120,0.95,0.0,0.5,True,,,,
C,20,15,120,0.95,0.0,0.5,False,,,,
C,20,15,120,0.95,0.0,1.0,True,,,,
C,20,15,120,0.95,0.0,1.0,False,,,,
C,20,15,120,0.95,0.1,0.0,True,,,,
C,20,15,120,0.95,0.1,0.0,False,,,,
C,20,15,120,0.95,0.1,0.5,True,,,,
C,20,15,120,0.95,0.1,0.5,False,,,,
C,20,15,120,0.95,0.1,1.0,True,,,,
C,20,15,120,0.95,0.1,1.0,False,,,,
C,20,15,120,0.95,1.0,0.0,True,,,,
C,20,15,120,0.95,1.0,0.0,False,,,,
C,20,15,120,0.95,1.0,0.5,True,,,,
C,20,15,120,0.95,1.0,0.5,False,,,,
C,20,15,120,0.95,1.0,1.0,True,,,,
C,20,15,120,0.95,1.0,1.0,False,,,,
C,20,15,125,0.3,0.0,0.0,True,,,,
C,20,15,125,0.3,0.0,0.0,False,7211.562029169401,0.5,91.43418368242077,99.41805233713401
C,20,15,125,0.3,0.0,0.5,True,,,,
C,20,15,125,0.3,0.0,0.5,False,7211.562029169401,0.5,91.43418368242077,99.41805233713401
C,20,15,125,0.3,0.0,1.0,True,,,,
C,20,15,125,0.3,0.0,1.0,False,7211.562029169401,0.5,91.43418368242077,99.41805233713401
C,20,15,125,0.3,0.1,0.0,True,,,,
C,20,15,125,0.3,0.1,0.0,False,7211.562029169401,0.5,91.43418368242077,99.41805233713401
C,20,15,125,0.3,0.1,0.5,True,,,,
C,20,15,125,0.3,0.1,0.5,False,7211.562029169401,0.5,91.43418368242077,99.41805233713401
C,20,15,125,0.3,0.1,1.0,True,,,,
C,20,15,125,0.3,0.1,1.0,False,6884.777978924363,0.5,89.78652482269503,98.01682805294347
C,20,15,125,0.3,1.0,0.0,True,,,,
C,20,15,125,0.3,1.0,0.0,False,7211.562029169401,0.5,91.43418368242077,99.41805233713401
C,20,15,125,0.3,1.0,0.5,True,,,,
C,20,15,125,0.3,1.0,0.5,False,7211.562029169401,0.5,91.43418368242077,99.41805233713401
C,20,15,125,0.3,1.0,1.0,True,578.924492383502,0.8151255963720577,44.60438760338391,54.03347031547973
C,20,15,125,0.3,1.0,1.0,False,6884.777978924363,0.5,89.78652482269503,98.01682805294347
C,20,15,125,0.5,0.0,0.0,True,,,,
C,20,15,125,0.5,0.0,0.0,False,7211.562029169401,0.5,91.43418368242077,99.41805233713401
C,20,15,125,0.5,0.0,0.5,True,,,,
C,20,15,125,0.5,0.0,0.5,False,7211.562029169401,0.5,91.43418368242077,99.41805233713401
C,20,15,125,0.5,0.0,1.0,True,,,,
C,20,15,125,0.5,0.0,1.0,False,7211.562029169401,0.5,91.43418368242077,99.41805233713401
C,20,15,125,0.5,0.1,0.0,True,,,,
C,20,15,125,0.5,0.1,0.0,False,7211.562029169401,0.5,91.43418368242077,99.41805233713401
C,20,15,125,0.5,0.1,0.5,True,,,,
C,20,15,125,0.5,0.1,0.5,False,7211.562029169401,0.5,91.43418368242077,99.41805233713401
C,20,15,125,0.5,0.1,1.0,True,,,,
C,20,15,125,0.5,0.1,1.0,False,6884.777978924363,0.5,89.78652482269503,98.01682805294347
C,20,15,125,0.5,1.0,0.0,True,,,,
C,20,15,125,0.5,1.0,0.0,False,7211.562029169401,0.5,91.43418368242077,99.41805233713401
C,20,15,125,0.5,1.0,0.5,True,,,,
C,20,15,125,0.5,1.0,0.5,False,7211.562029169401,0.5,91.43418368242077,99.41805233713401
C,20,15,125,0.5,1.0,1.0,True,2216.793396341379,0.6662295517033083,25.305564940535703,40.80707110204216
C,20,15,125,0.5,1.0,1.0,False,6884.777978924363,0.5,89.78652482269503,98.01682805294347
C,20,15,125,0.95,0.0,0.0,True,,,,
C,20,15,125,0.95,0.0,0.0,False,,,,
C,20,15,125,0.95,0.0,0.5,True,,,,
C,20,15,125,0.95,0.0,0.5,False,,,,
C,20,15,125,0.95,0.0,1.0,True,,,,
C,20,15,125,0.95,0.0,1.0,False,,,,
C,20,15,125,0.95,0.1,0.0,True,,,,
C,20,15,125,0.95,0.1,0.0,False,,,,
C,20,15,125,0.95,0.1,0.5,True,,,,
C,20,15,125,0.95,0.1,0.5,False,,,,
C,20,15,125,0.95,0.1,1.0,True,,,,
C,20,15,125,0.95,0.1,1.0,False,,,,
C,20,15,125,0.95,1.0,0.0,True,,,,
C,20,15,125,0.95,1.0,0.0,False,,,,
C,20,15,125,0.95,1.0,0.5,True,,,,
C,20,15,125,0.95,1.0,0.5,False,,,,
C,20,15,125,0.95,1.0,1.0,True,,,,
C,20,15,125,0.95,1.0,1.0,False,,,,
C,20,20,115,0.3,0.0,0.0,True,,,,
C,20,20,115,0.3,0.0,0.0,False,3750.100155118604,0.5,87.09291222508917,94.03913806342366
C,20,20,115,0.3,0.0,0.5,True,,,,
C,20,20,115,0.3,0.0,0.5,False,3750.100155118604,0.5,87.09291222508917,94.03913806342366
C,20,20,115,0.3,0.0,1.0,True,,,,
C,20,20,115,0.3,0.0,1.0,False,3750.100155118604,0.5,87.09291222508917,94.03913806342366
C,20,20,115,0.3,0.1,0.0,True,,,,
C,20,20,115,0.3,0.1,0.0,False,3750.100155118604,0.5,87.09291222508917,94.03913806342366
C,20,20,115,0.3,0.1,0.5,True,,,,
C,20,20,115,0.3,0.1,0.5,False,3750.100155118604,0.5,87.09291222508917,94.03913806342366
C,20,20,115,0.3,0.1,1.0,True,,,,
C,20,20,115,0.3,0.1,1.0,False,3594.495673331894,0.5,85.65957446808511,92.83220583243894
C,20,20,115,0.3,1.0,0.0,True,,,,
C,20,20,115,0.3,1.0,0.0,False,3750.100155118604,0.5,87.09291222508917,94.03913806342366
C,20,20,115,0.3,1.0,0.5,True,,,,
C,20,20,115,0.3,1.0,0.5,False,3750.100155118604,0.5,87.09291222508917,94.03913806342366
C,20,20,115,0.3,1.0,1.0,True,308.9077108428218,0.8352474738029504,39.966326926073435,49.38869482026494
C,20,20,115,0.3,1.0,1.0,False,,,,
C,20,20,115,0.5,0.0,0.0,True,,,,
C,20,20,115,0.5,0.0,0.0,False,3750.100155118604,0.5,87.09291222508917,94.03913806342366
C,20,20,115,0.5,0.0,0.5,True,,,,
C,20,20,115,0.5,0.0,0.5,False,3750.100155118604,0.5,87.09291222508917,94.03913806342366
C,20,20,115,0.5,0.0,1.0,True,,,,
C,20,20,115,0.5,0.0,1.0,False,3750.100155118604,0.5,87.09291222508917,94.03913806342366
C,20,20,115,0.5,0.1,0.0,True,,,,
C,20,20,115,0.5,0.1,0.0,False,3750.100155118604,0.5,87.09291222508917,94.03913806342366
C,20,20,115,0.5,0.1,0.5,True,,,,
C,20,20,115,0.5,0.1,0.5,False,3750.100155118604,0.5,87.09291222508917,94.03913806342366
C,20,20,115,0.5,0.1,1.0,True,,,,
C,20,20,115,0.5,0.1,1.0,False,3594.495673331894,0.5,85.65957446808511,92.83220583243894
C,20,20,115,0.5,1.0,0.0,True,,,,
C,20,20,115,0.5,1.0,0.0,False,3750.100155118604,0.5,87.09291222508917,94.03913806342366
C,20,20,115,0.5,1.0,0.5,True,,,,
C,20,20,115,0.5,1.0,0.5,False,3750.100155118604,0.5,87.09291222508917,94.03913806342366
C,20,20,115,0.5,1.0,1.0,True,2342.3383876651665,0.6768682600337067,30.504354176291343,41.840954654044296
C,20,20,115,0.5,1.0,1.0,False,,,,
C,20,20,115,0.95,0.0,0.0,True,,,,
C,20,20,115,0.95,0.0,0.0,False,,,,
C,20,20,115,0.95,0.0,0.5,True,,,,
C,20,20,115,0.95,0.0,0.5,False,,,,
C,20,20,115,0.95,0.0,1.0,True,,,,
C,20,20,115,0.95,0.0,1.0,False,,,,
C,20,20,115,0.95,0.1,0.0,True,,,,
C,20,20,115,0.95,0.1,0.0,False,,,,
C,20,20,115,0.95,0.1,0.5,True,,,,
C,20,20,115,0.95,0.1,0.5,False,,,,
C,20,20,115,0.95,0.1,1.0,True,,,,
C,20,20,115,0.95,0.1,1.0,False,,,,
C,20,20,115,0.95,1.0,0.0,True,,,,
C,20,20,115,0.95,1.0,0.0,False,,,,
C,20,20,115,0.95,1.0,0.5,True,,,,
C,20,20,115,0.95,1.0,0.5,False,,,,
C,20,20,115,0.95,1.0,1.0,True,,,,
C,20,20,115,0.95,1.0,1.0,False,,,,
C,20,20,120,0.3,0.0,0.0,True,,,,
C,20,20,120,0.3,0.0,0.0,False,5212.577638040541,0.5,89.34158066984057,96.80670456373642
C,20,20,120,0.3,0.0,0.5,True,,,,
C,20,20,120,0.3,0.0,0.5,False,5212.577638040541,0.5,89.34158066984057,96.80670456373642
C,20,20,120,0.3,0.0,1.0,True,,,,
C,20,20,120,0.3,0.0,1.0,False,5212.577638040541,0.5,89.34158066984057,96.80670456373642
C,20,20,120,0.3,0.1,0.0,True,,,,
C,20,20,120,0.3,0.1,0.0,False,5212.577638040541,0.5,89.34158066984057,96.80670456373642
C,20,20,120,0.3,0.1,0.5,True,,,,
C,20,20,120,0.3,0.1,0.5,False,5212.577638040541,0.5,89.34158066984057,96.80670456373642
C,20,20,120,0.3,0.1,1.0,True,,,,
C,20,20,120,0.3,0.1,1.0,False,4985.185934270506,0.5,87.79787234042553,95.49973945727088
C,20,20,120,0.3,1.0,0.0,True,,,,
C,20,20,120,0.3,1.0,0.0,False,5212.577638040541,0.5,89.34158066984057,96.80670456373642
C,20,20,120,0.3,1.0,0.5,True,,,,
C,20,20,120,0.3,1.0,0.5,False,5212.577638040541,0.5,89.34158066984057,96.80670456373642
C,20,20,120,0.3,1.0,1.0,True,391.8116983856748,0.8304893921077213,41.78324488393279,51.08248502796673
C,20,20,120,0.3,1.0,1.0,False,,,,
C,20,20,120,0.5,0.0,0.0,True,,,,
C,20,20,120,0.5,0.0,0.0,False,5212.577638040541,0.5,89.34158066984057,96.80670456373642
C,20,20,120,0.5,0.0,0.5,True,,,,
C,20,20,120,0.5,0.0,0.5,False,5212.577638040541,0.5,89.34158066984057,96.80670456373642
C,20,20,120,0.5,0.0,1.0,True,,,,
C,20,20,120,0.5,0.0,1.0,False,5212.577638040541,0.5,89.34158066984057,96.80670456373642
C,20,20,120,0.5,0.1,0.0,True,,,,
C,20,20,120,0.5,0.1,0.0,False,5212.577638040541,0.5,89.34158066984057,96.80670456373642
C,20,20,120,0.5,0.1,0.5,True,,,,
C,20,20,120,0.5,0.1,0.5,False,5212.577638040541,0.5,89.34158066984057,96.80670456373642
C,20,20,120,0.5,0.1,1.0,True,,,,
C,20,20,120,0.5,0.1,1.0,False,4985.185934270506,0.5,87.79787234042553,95.49973945727088
C,20,20,120,0.5,1.0,0.0,True,,,,
C,20,20,120,0.5,1.0,0.0,False,5212.577638040541,0.5,89.34158066984057,96.80670456373642
C,20,20,120,0.5,1.0,0.5,True,,,,
C,20,20,120,0.5,1.0,0.5,False,5212.577638040541,0.5,89.34158066984057,96.80670456373642
C,20,20,120,0.5,1.0,1.0,True,2341.8561636880463,0.6714529203851599,28.257447391645712,41.4350537467679
C,20,20,120,0.5,1.0,1.0,False,,,,
C,20,20,120,0.95,0.0,0.0,True,,,,
C,20,20,120,0.95,0.0,0.0,False,,,,
C,20,20,120,0.95,0.0,0.5,True,,,,
C,20,20,120,0.95,0.0,0.5,False,,,,
C,20,20,120,0.95,0.0,1.0,True,,,,
C,20,20,120,0.95,0.0,1.0,False,,,,
C,20,20,120,0.95,0.1,0.0,True,,,,
C,20,20,120,0.95,0.1,0.0,False,,,,
C,20,20,120,0.95,0.1,0.5,True,,,,
C,20,20,120,0.95,0.1,0.5,False,,,,
C,20,20,120,0.95,0.1,1.0,True,,,,
C,20,20,120,0.95,0.1,1.0,False,,,,
C,20,20,120,0.95,1.0,0.0,True,,,,
C,20,20,120,0.95,1.0,0.0,False,,,,
C,20,20,120,0.95,1.0,0.5,True,,,,
C,20,20,120,0.95,1.0,0.5,False,,,,
C,20,20,120,0.95,1.0,1.0,True,,,,
C,20,20,120,0.95,1.0,1.0,False,,,,
C,20,20,125,0.3,0.0,0.0,True,,,,
C,20,20,125,0.3,0.0,0.0,False,7211.562029169401,0.5,91.43418368242077,99.41805233713401
C,20,20,125,0.3,0.0,0.5,True,,,,
C,20,20,125,0.3,0.0,0.5,False,7211.562029169401,0.5,91.43418368242077,99.41805233713401
C,20,20,125,0.3,0.0,1.0,True,,,,
C,20,20,125,0.3,0.0,1.0,False,7211.562029169401,0.5,91.43418368242077,99.41805233713401
C,20,20,125,0.3,0.1,0.0,True,,,,
C,20,20,125,0.3,0.1,0.0,False,7211.562029169401,0.5,91.43418368242077,99.41805233713401
C,20,20,125,0.3,0.1,0.5,True,,,,
C,20,20,125,0.3,0.1,0.5,False,7211.562029169401,0.5,91.43418368242077,99.41805233713401
C,20,20,125,0.3,0.1,1.0,True,,,,
C,20,20,125,0.3,0.1,1.0,False,6884.777978924363,0.5,89.78652482269503,98.01682805294347
C,20,20,125,0.3,1.0,0.0,True,,,,
C,20,20,125,0.3,1.0,0.0,False,7211.562029169401,0.5,91.43418368242077,99.41805233713401
C,20,20,125,0.3,1.0,0.5,True,,,,
C,20,20,125,0.3,1.0,0.5,False,7211.562029169401,0.5,91.43418368242077,99.41805233713401
C,20,20,125,0.3,1.0,1.0,True,491.664380548016,0.8256009507434113,43.76971770000432,52.7492310911212
C,20,20,125,0.3,1.0,1.0,False,,,,
C,20,20,125,0.5,0.0,0.0,True,,,,
C,20,20,125,0.5,0.0,0.0,False,7211.562029169401,0.5,91.43418368242077,99.41805233713401
C,20,20,125,0.5,0.0,0.5,True,,,,
C,20,20,125,0.5,0.0,0.5,False,7211.562029169401,0.5,91.43418368242077,99.41805233713401
C,20,20,125,0.5,0.0,1.0,True,,,,
C,20,20,125,0.5,0.0,1.0,False,7211.562029169401,0.5,91.43418368242077,99.41805233713401
C,20,20,125,0.5,0.1,0.0,True,,,,
C,20,20,125,0.5,0.1,0.0,False,7211.562029169401,0.5,91.43418368242077,99.41805233713401
C,20,20,125,0.5,0.1,0.5,True,,,,
C,20,20,125,0.5,0.1,0.5,False,7211.562029169401,0.5,91.43418368242077,99.41805233713401
C,20,20,125,0.5,0.1,1.0,True,,,,
C,20,20,125,0.5,0.1,1.0,False,6884.777978924363,0.5,89.78652482269503,98.01682805294347
C,20,20,125,0.5,1.0,0.0,True,,,,
C,20,20,125,0.5,1.0,0.0,False,7211.562029169401,0.5,91.43418368242077,99.41805233713401
C,20,20,125,0.5,1.0,0.5,True,,,,
C,20,20,125,0.5,1.0,0.5,False,7211.562029169401,0.5,91.43418368242077,99.41805233713401
C,20,20,125,0.5,1.0,1.0,True,2341.5851151616216,0.6665839081274123,26.17158903451869,41.30927334322922
C,20,20,125,0.5,1.0,1.0,False,,,,
C,20,20,125,0.95,0.0,0.0,True,,,,
C,20,20,125,0.95,0.0,0.0,False,,,,
C,20,20,125,0.95,0.0,0.5,True,,,,
C,20,20,125,0.95,0.0,0.5,False,,,,
C,20,20,125,0.95,0.0,1.0,True,,,,
C,20,20,125,0.95,0.0,1.0,False,,,,
C,20,20,125,0.95,0.1,0.0,True,,,,
C,20,20,125,0.95,0.1,0.0,False,,,,
C,20,20,125,0.95,0.1,0.5,True,,,,
C,20,20,125,0.95,0.1,0.5,False,,,,
C,20,20,125,0.95,0.1,1.0,True,,,,
C,20,20,125,0.95,0.1,1.0,False,,,,
C,20,20,125,0.95,1.0,0.0,True,,,,
C,20,20,125,0.95,1.0,0.0,False,,,,
C,20,20,125,0.95,1.0,0.5,True,,,,
C,20,20,125,0.95,1.0,0.5,False,,,,
C,20,20,125,0.95,1.0,1.0,True,,,,
C,20,20,125,0.95,1.0,1.0,False,,,,
C,25,10,115,0.3,0.0,0.0,True,,,,
C,25,10,115,0.3,0.0,0.0,False,3670.3332123103432,0.5,86.34673707341615,93.43393002040268
C,25,10,115,0.3,0.0,0.5,True,,,,
C,25,10,115,0.3,0.0,0.5,False,3670.3332123103432,0.5,86.34673707341615,93.43393002040268
C,25,10,115,0.3,0.0,1.0,True,,,,
C,25,10,115,0.3,0.0,1.0,False,3670.3332123103432,0.5,86.34673707341615,93.43393002040268
C,25,10,115,0.3,0.1,0.0,True,,,,
C,25,10,115,0.3,0.1,0.0,False,3640.991683654186,0.5,86.13879659571387,93.23920650765055
C,25,10,115,0.3,0.1,0.5,True,,,,
C,25,10,115,0.3,0.1,0.5,False,3640.991683654186,0.5,86.13879659571387,93.23920650765055
C,25,10,115,0.3,0.1,1.0,True,,,,
C,25,10,115,0.3,0.1,1.0,False,3479.753171110864,0.5,84.65525672371638,91.97888563916712
C,25,10,115,0.3,1.0,0.0,True,,,,
C,25,10,115,0.3,1.0,0.0,False,3640.991683654186,0.5,86.13879659571387,93.23920650765055
C,25,10,115,0.3,1.0,0.5,True,,,,
C,25,10,115,0.3,1.0,0.5,False,3640.991683654186,0.5,86.13879659571387,93.23920650765055
C,25,10,115,0.3,1.0,1.0,True,286.7761104803608,0.8370037847156627,40.61282645654067,49.42628563441969
C,25,10,115,0.3,1.0,1.0,False,,,,
C,25,10,115,0.5,0.0,0.0,True,,,,
C,25,10,115,0.5,0.0,0.0,False,3670.3332123103432,0.5,86.34673707341615,93.43393002040268
C,25,10,115,0.5,0.0,0.5,True,,,,
C,25,10,115,0.5,0.0,0.5,False,3670.3332123103432,0.5,86.34673707341615,93.43393002040268
C,25,10,115,0.5,0.0,1.0,True,,,,
C,25,10,115,0.5,0.0,1.0,False,3670.3332123103432,0.5,86.34673707341615,93.43393002040268
C,25,10,115,0.5,0.1,0.0,True,,,,
C,25,10,115,0.5,0.1,0.0,False,3640.991683654186,0.5,86.13879659571387,93.23920650765055
C,25,10,115,0.5,0.1,0.5,True,,,,
C,25,10,115,0.5,0.1,0.5,False,3640.991683654186,0.5,86.13879659571387,93.23920650765055
C,25,10,115,0.5,0.1,1.0,True,,,,
C,25,10,115,0.5,0.1,1.0,False,3479.753171110864,0.5,84.65525672371638,91.97888563916712
C,25,10,115,0.5,1.0,0.0,True,,,,
C,25,10,115,0.5,1.0,0.0,False,3640.991683654186,0.5,86.13879659571387,93.23920650765055
C,25,10,115,0.5,1.0,0.5,True,,,,
C,25,10,115,0.5,1.0,0.5,False,3640.991683654186,0.5,86.13879659571387,93.23920650765055
C,25,10,115,0.5,1.0,1.0,True,2355.257238112108,0.6769087988163092,31.685732123501527,42.7574843198573
C,25,10,115,0.5,1.0,1.0,False,,,,
C,25,10,115,0.95,0.0,0.0,True,,,,
C,25,10,115,0.95,0.0,0.0,False,,,,
C,25,10,115,0.95,0.0,0.5,True,,,,
C,25,10,115,0.95,0.0,0.5,False,,,,
C,25,10,115,0.95,0.0,1.0,True,,,,
C,25,10,115,0.95,0.0,1.0,False,,,,
C,25,10,115,0.95,0.1,0.0,True,,,,
C,25,10,115,0.95,0.1,0.0,False,,,,
C,25,10,115,0.95,0.1,0.5,True,,,,
C,25,10,115,0.95,0.1,0.5,False,,,,
C,25,10,115,0.95,0.1,1.0,True,,,,
C,25,10,115,0.95,0.1,1.0,False,,,,
C,25,10,115,0.95,1.0,0.0,True,,,,
C,25,10,115,0.95,1.0,0.0,False,,,,
C,25,10,115,0.95,1.0,0.5,True,,,,
C,25,10,115,0.95,1.0,0.5,False,,,,
C,25,10,115,0.95,1.0,1.0,True,,,,
C,25,10,115,0.95,1.0,1.0,False,,,,
C,25,10,120,0.3,0.0,0.0,True,,,,
C,25,10,120,0.3,0.0,0.0,False,5087.454983315911,0.5,88.52588636877815,96.13393079216684
C,25,10,120,0.3,0.0,0.5,True,,,,
C,25,10,120,0.3,0.0,0.5,False,5087.454983315911,0.5,88.52588636877815,96.13393079216684
C,25,10,120,0.3,0.0,1.0,True,,,,
C,25,10,120,0.3,0.0,1.0,False,5087.454983315911,0.5,88.52588636877815,96.13393079216684
C,25,10,120,0.3,0.1,0.0,True,,,,
C,25,10,120,0.3,0.1,0.0,False,5042.965335983925,0.5,88.29476869443629,95.91623920974898
C,25,10,120,0.3,0.1,0.5,True,,,,
C,25,10,120,0.3,0.1,0.5,False,5042.965335983925,0.5,88.29476869443629,95.91623920974898
C,25,10,120,0.3,0.1,1.0,True,,,,
C,25,10,120,0.3,0.1,1.0,False,4807.039859302429,0.5,86.69633251833741,94.54971396444277
C,25,10,120,0.3,1.0,0.0,True,,,,
C,25,10,120,0.3,1.0,0.0,False,5042.965335983925,0.5,88.29476869443629,95.91623920974898
C,25,10,120,0.3,1.0,0.5,True,,,,
C,25,10,120,0.3,1.0,0.5,False,5042.965335983925,0.5,88.29476869443629,95.91623920974898
C,25,10,120,0.3,1.0,1.0,True,360.96469749867697,0.8318678162620616,42.628253071877126,51.113814407482394
C,25,10,120,0.3,1.0,1.0,False,,,,
C,25,10,120,0.5,0.0,0.0,True,,,,
C,25,10,120,0.5,0.0,0.0,False,5087.454983315911,0.5,88.52588636877815,96.13393079216684
C,25,10,120,0.5,0.0,0.5,True,,,,
C,25,10,120,0.5,0.0,0.5,False,5087.454983315911,0.5,88.52588636877815,96.13393079216684
C,25,10,120,0.5,0.0,1.0,True,,,,
C,25,10,120,0.5,0.0,1.0,False,5087.454983315911,0.5,88.52588636877815,96.13393079216684
C,25,10,120,0.5,0.1,0.0,True,,,,
C,25,10,120,0.5,0.1,0.0,False,5042.965335983925,0.5,88.29476869443629,95.91623920974898
C,25,10,120,0.5,0.1,0.5,True,,,,
C,25,10,120,0.5,0.1,0.5,False,5042.965335983925,0.5,88.29476869443629,95.91623920974898
C,25,10,120,0.5,0.1,1.0,True,,,,
C,25,10,120,0.5,0.1,1.0,False,4807.039859302429,0.5,86.69633251833741,94.54971396444277
C,25,10,120,0.5,1.0,0.0,True,,,,
C,25,10,120,0.5,1.0,0.0,False,5042.965335983925,0.5,88.29476869443629,95.91623920974898
C,25,10,120,0.5,1.0,0.5,True,,,,
C,25,10,120,0.5,1.0,0.5,False,5042.965335983925,0.5,88.29476869443629,95.91623920974898
C,25,10,120,0.5,1.0,1.0,True,2354.7998023186187,0.671603414865487,29.555463056691345,42.38035776025257
C,25,10,120,0.5,1.0,1.0,False,,,,
C,25,10,120,0.95,0.0,0.0,True,,,,
C,25,10,120,0.95,0.0,0.0,False,,,,
C,25,10,120,0.95,0.0,0.5,True,,,,
C,25,10,120,0.95,0.0,0.5,False,,,,
C,25,10,120,0.95,0.0,1.0,True,,,,
C,25,10,120,0.95,0.0,1.0,False,,,,
C,25,10,120,0.95,0.1,0.0,True,,,,
C,25,10,120,0.95,0.1,0.0,False,,,,
C,25,10,120,0.95,0.1,0.5,True,,,,
C,25,10,120,0.95,0.1,0.5,False,,,,
C,25,10,120,0.95,0.1,1.0,True,,,,
C,25,10,120,0.95,0.1,1.0,False,,,,
C,25,10,120,0.95,1.0,0.0,True,,,,
C,25,10,120,0.95,1.0,0.0,False,,,,
C,25,10,120,0.95,1.0,0.5,True,,,,
C,25,10,120,0.95,1.0,0.5,False,,,,
C,25,10,120,0.95,1.0,1.0,True,,,,
C,25,10,120,0.95,1.0,1.0,False,,,,
C,25,10,125,0.3,0.0,0.0,True,,,,
C,25,10,125,0.3,0.0,0.0,False,7019.678364938652,0.5,90.54871473716706,98.67649579431043
C,25,10,125,0.3,0.0,0.5,True,,,,
C,25,10,125,0.3,0.0,0.5,False,7019.678364938652,0.5,90.54871473716706,98.67649579431043
C,25,10,125,0.3,0.0,1.0,True,,,,
C,25,10,125,0.3,0.0,1.0,False,7019.678364938652,0.5,90.54871473716706,98.67649579431043
C,25,10,125,0.3,0.1,0.0,True,,,,
C,25,10,125,0.3,0.1,0.0,False,6950.23615731947,0.5,90.29163422256218,98.43200841986697
C,25,10,125,0.3,0.1,0.5,True,,,,
C,25,10,125,0.3,0.1,0.5,False,6950.23615731947,0.5,90.29163422256218,98.43200841986697
C,25,10,125,0.3,0.1,1.0,True,,,,
C,25,10,125,0.3,0.1,1.0,False,6613.024084088157,0.5,88.58728606356968,96.96808135647518
C,25,10,125,0.3,1.0,0.0,True,,,,
C,25,10,125,0.3,1.0,0.0,False,6950.23615731947,0.5,90.29163422256218,98.43200841986697
C,25,10,125,0.3,1.0,0.5,True,,,,
C,25,10,125,0.3,1.0,0.5,False,6950.23615731947,0.5,90.29163422256218,98.43200841986697
C,25,10,125,0.3,1.0,1.0,True,447.8401273572931,0.8265724712592709,44.6133815193837,52.75354152017435
C,25,10,125,0.3,1.0,1.0,False,,,,
C,25,10,125,0.5,0.0,0.0,True,,,,
C,25,10,125,0.5,0.0,0.0,False,7019.678364938652,0.5,90.54871473716706,98.67649579431043
C,25,10,125,0.5,0.0,0.5,True,,,,
C,25,10,125,0.5,0.0,0.5,False,7019.678364938652,0.5,90.54871473716706,98.67649579431043
C,25,10,125,0.5,0.0,1.0,True,,,,
C,25,10,125,0.5,0.0,1.0,False,7019.678364938652,0.5,90.54871473716706,98.67649579431043
C,25,10,125,0.5,0.1,0.0,True,,,,
C,25,10,125,0.5,0.1,0.0,False,6950.23615731947,0.5,90.29163422256218,98.43200841986697
C,25,10,125,0.5,0.1,0.5,True,,,,
C,25,10,125,0.5,0.1,0.5,False,6950.23615731947,0.5,90.29163422256218,98.43200841986697
C,25,10,125,0.5,0.1,1.0,True,,,,
C,25,10,125,0.5,0.1,1.0,False,6613.024084088157,0.5,88.58728606356968,96.96808135647518
C,25,10,125,0.5,1.0,0.0,True,,,,
C,25,10,125,0.5,1.0,0.0,False,6950.23615731947,0.5,90.29163422256218,98.43200841986697
C,25,10,125,0.5,1.0,0.5,True,,,,
C,25,10,125,0.5,1.0,0.5,False,6950.23615731947,0.5,90.29163422256218,98.43200841986697
C,25,10,125,0.5,1.0,1.0,True,2354.5439960807616,0.6670211971457713,27.59232785110882,42.26303578945388
C,25,10,125,0.5,1.0,1.0,False,,,,
C,25,10,125,0.95,0.0,0.0,True,,,,
C,25,10,125,0.95,0.0,0.0,False,,,,
C,25,10,125,0.95,0.0,0.5,True,,,,
C,25,10,125,0.95,0.0,0.5,False,,,,
C,25,10,125,0.95,0.0,1.0,True,,,,
C,25,10,125,0.95,0.0,1.0,False,,,,
C,25,10,125,0.95,0.1,0.0,True,,,,
C,25,10,125,0.95,0.1,0.0,False,,,,
C,25,10,125,0.95,0.1,0.5,True,,,,
C,25,10,125,0.95,0.1,0.5,False,,,,
C,25,10,125,0.95,0.1,1.0,True,,,,
C,25,10,125,0.95,0.1,1.0,False,,,,
C,25,10,125,0.95,1.0,0.0,True,,,,
C,25,10,125,0.95,1.0,0.0,False,,,,
C,25,10,125,0.95,1.0,0.5,True,,,,
C,25,10,125,0.95,1.0,0.5,False,,,,
C,25,10,125,0.95,1.0,1.0,True,,,,
C,25,10,125,0.95,1.0,1.0,False,,,,
C,25,15,115,0.3,0.0,0.0,True,,,,
C,25,15,115,0.3,0.0,0.0,False,3670.3332123103432,0.5,86.34673707341615,93.43393002040268
C,25,15,115,0.3,0.0,0.5,True,,,,
C,25,15,115,0.3,0.0,0.5,False,3670.3332123103432,0.5,86.34673707341615,93.43393002040268
C,25,15,115,0.3,0.0,1.0,True,,,,
C,25,15,115,0.3,0.0,1.0,False,3670.3332123103432,0.5,86.34673707341615,93.43393002040268
C,25,15,115,0.3,0.1,0.0,True,,,,
C,25,15,115,0.3,0.1,0.0,False,3681.301311790017,0.5,86.50968156371324,93.55428672477142
C,25,15,115,0.3,0.1,0.5,True,,,,
C,25,15,115,0.3,0.1,0.5,False,3640.991683654186,0.5,86.13879659571387,93.23920650765055
C,25,15,115,0.3,0.1,1.0,True,,,,
C,25,15,115,0.3,0.1,1.0,False,3479.753171110864,0.5,84.65525672371638,91.97888563916712
C,25,15,115,0.3,1.0,0.0,True,,,,
C,25,15,115,0.3,1.0,0.0,False,3640.991683654186,0.5,86.13879659571387,93.23920650765055
C,25,15,115,0.3,1.0,0.5,True,,,,
C,25,15,115,0.3,1.0,0.5,False,3640.991683654186,0.5,86.13879659571387,93.23920650765055
C,25,15,115,0.3,1.0,1.0,True,325.7788677544944,0.8256935338790297,40.7670554392002,50.07776576140011
C,25,15,115,0.3,1.0,1.0,False,3479.753171110864,0.5,84.65525672371638,91.97888563916712
C,25,15,115,0.5,0.0,0.0,True,,,,
C,25,15,115,0.5,0.0,0.0,False,3670.3332123103432,0.5,86.34673707341615,93.43393002040268
C,25,15,115,0.5,0.0,0.5,True,,,,
C,25,15,115,0.5,0.0,0.5,False,3670.3332123103432,0.5,86.34673707341615,93.43393002040268
C,25,15,115,0.5,0.0,1.0,True,,,,
C,25,15,115,0.5,0.0,1.0,False,3670.3332123103432,0.5,86.34673707341615,93.43393002040268
C,25,15,115,0.5,0.1,0.0,True,,,,
C,25,15,115,0.5,0.1,0.0,False,3681.301311790017,0.5,86.50968156371324,93.55428672477142
C,25,15,115,0.5,0.1,0.5,True,,,,
C,25,15,115,0.5,0.1,0.5,False,3640.991683654186,0.5,86.13879659571387,93.23920650765055
C,25,15,115,0.5,0.1,1.0,True,,,,
C,25,15,115,0.5,0.1,1.0,False,3479.753171110864,0.5,84.65525672371638,91.97888563916712
C,25,15,115,0.5,1.0,0.0,True,,,,
C,25,15,115,0.5,1.0,0.0,False,3640.991683654186,0.5,86.13879659571387,93.23920650765055
C,25,15,115,0.5,1.0,0.5,True,,,,
C,25,15,115,0.5,1.0,0.5,False,3640.991683654186,0.5,86.13879659571387,93.23920650765055
C,25,15,115,0.5,1.0,1.0,True,2555.1043910719254,0.6746950050721268,31.364639134680154,42.72924073865199
C,25,15,115,0.5,1.0,1.0,False,3479.753171110864,0.5,84.65525672371638,91.97888563916712
C,25,15,115,0.95,0.0,0.0,True,,,,
C,25,15,115,0.95,0.0,0.0,False,,,,
C,25,15,115,0.95,0.0,0.5,True,,,,
C,25,15,115,0.95,0.0,0.5,False,,,,
C,25,15,115,0.95,0.0,1.0,True,,,,
C,25,15,115,0.95,0.0,1.0,False,,,,
C,25,15,115,0.95,0.1,0.0,True,,,,
C,25,15,115,0.95,0.1,0.0,False,,,,
C,25,15,115,0.95,0.1,0.5,True,,,,
C,25,15,115,0.95,0.1,0.5,False,,,,
C,25,15,115,0.95,0.1,1.0,True,,,,
C,25,15,115,0.95,0.1,1.0,False,,,,
C,25,15,115,0.95,1.0,0.0,True,,,,
C,25,15,115,0.95,1.0,0.0,False,,,,
C,25,15,115,0.95,1.0,0.5,True,,,,
C,25,15,115,0.95,1.0,0.5,False,,,,
C,25,15,115,0.95,1.0,1.0,True,,,,
C,25,15,115,0.95,1.0,1.0,False,,,,
C,25,15,120,0.3,0.0,0.0,True,,,,
C,25,15,120,0.3,0.0,0.0,False,5087.454983315911,0.5,88.52588636877815,96.13393079216684
C,25,15,120,0.3,0.0,0.5,True,,,,
C,25,15,120,0.3,0.0,0.5,False,5087.454983315911,0.5,88.52588636877815,96.13393079216684
C,25,15,120,0.3,0.0,1.0,True,,,,
C,25,15,120,0.3,0.0,1.0,False,5087.454983315911,0.5,88.52588636877815,96.13393079216684
C,25,15,120,0.3,0.1,0.0,True,,,,
C,25,15,120,0.3,0.1,0.0,False,5101.946705154299,0.5,88.69437773846101,96.25787052107555
C,25,15,120,0.3,0.1,0.5,True,,,,
C,25,15,120,0.3,0.1,0.5,False,5042.965335983925,0.5,88.29476869443629,95.91623920974898
C,25,15,120,0.3,0.1,1.0,True,,,,
C,25,15,120,0.3,0.1,1.0,False,4807.039859302429,0.5,86.69633251833741,94.54971396444277
C,25,15,120,0.3,1.0,0.0,True,,,,
C,25,15,120,0.3,1.0,0.0,False,5042.965335983925,0.5,88.29476869443629,95.91623920974898
C,25,15,120,0.3,1.0,0.5,True,,,,
C,25,15,120,0.3,1.0,0.5,False,5042.965335983925,0.5,88.29476869443629,95.91623920974898
C,25,15,120,0.3,1.0,1.0,True,412.60380342472195,0.8204211884059156,42.799569733189394,51.822059588124304
C,25,15,120,0.3,1.0,1.0,False,4807.039859302429,0.5,86.69633251833741,94.54971396444277
C,25,15,120,0.5,0.0,0.0,True,,,,
C,25,15,120,0.5,0.0,0.0,False,5087.454983315911,0.5,88.52588636877815,96.13393079216684
C,25,15,120,0.5,0.0,0.5,True,,,,
C,25,15,120,0.5,0.0,0.5,False,5087.454983315911,0.5,88.52588636877815,96.13393079216684
C,25,15,120,0.5,0.0,1.0,True,,,,
C,25,15,120,0.5,0.0,1.0,False,5087.454983315911,0.5,88.52588636877815,96.13393079216684
C,25,15,120,0.5,0.1,0.0,True,,,,
C,25,15,120,0.5,0.1,0.0,False,5101.946705154299,0.5,88.69437773846101,96.25787052107555
C,25,15,120,0.5,0.1,0.5,True,,,,
C,25,15,120,0.5,0.1,0.5,False,5042.965335983925,0.5,88.29476869443629,95.91623920974898
C,25,15,120,0.5,0.1,1.0,True,,,,
C,25,15,120,0.5,0.1,1.0,False,4807.039859302429,0.5,86.69633251833741,94.54971396444277
C,25,15,120,0.5,1.0,0.0,True,,,,
C,25,15,120,0.5,1.0,0.0,False,5042.965335983925,0.5,88.29476869443629,95.91623920974898
C,25,15,120,0.5,1.0,0.5,True,,,,
C,25,15,120,0.5,1.0,0.5,False,5042.965335983925,0.5,88.29476869443629,95.91623920974898
C,25,15,120,0.5,1.0,1.0,True,2554.6410890727775,0.6695425657198303,29.206205527756822,42.347507889571006
C,25,15,120,0.5,1.0,1.0,False,4807.039859302429,0.5,86.69633251833741,94.54971396444277
C,25,15,120,0.95,0.0,0.0,True,,,,
C,25,15,120,0.95,0.0,0.0,False,,,,
C,25,15,120,0.95,0.0,0.5,True,,,,
C,25,15,120,0.95,0.0,0.5,False,,,,
C,25,15,120,0.95,0.0,1.0,True,,,,
C,25,15,120,0.95,0.0,1.0,False,,,,
C,25,15,120,0.95,0.1,0.0,True,,,,
C,25,15,120,0.95,0.1,0.0,False,,,,
C,25,15,120,0.95,0.1,0.5,True,,,,
C,25,15,120,0.95,0.1,0.5,False,,,,
C,25,15,120,0.95,0.1,1.0,True,,,,
C,25,15,120,0.95,0.1,1.0,False,,,,
C,25,15,120,0.95,1.0,0.0,True,,,,
C,25,15,120,0.95,1.0,0.0,False,,,,
C,25,15,120,0.95,1.0,0.5,True,,,,
C,25,15,120,0.95,1.0,0.5,False,,,,
C,25,15,120,0.95,1.0,1.0,True,,,,
C,25,15,120,0.95,1.0,1.0,False,,,,
C,25,15,125,0.3,0.0,0.0,True,,,,
C,25,15,125,0.3,0.0,0.0,False,7019.678364938652,0.5,90.54871473716706,98.67649579431043
C,25,15,125,0.3,0.0,0.5,True,,,,
C,25,15,125,0.3,0.0,0.5,False,7019.678364938652,0.5,90.54871473716706,98.67649579431043
C,25,15,125,0.3,0.0,1.0,True,,,,
C,25,15,125,0.3,0.0,1.0,False,7019.678364938652,0.5,90.54871473716706,98.67649579431043
C,25,15,125,0.3,0.1,0.0,True,,,,
C,25,15,125,0.3,0.1,0.0,False,7034.539175627299,0.5,90.71772126231029,98.79799018571492
C,25,15,125,0.3,0.1,0.5,True,,,,
C,25,15,125,0.3,0.1,0.5,False,6950.23615731947,0.5,90.29163422256218,98.43200841986697
C,25,15,125,0.3,0.1,1.0,True,,,,
C,25,15,125,0.3,0.1,1.0,False,6613.024084088157,0.5,88.58728606356968,96.96808135647518
C,25,15,125,0.3,1.0,0.0,True,,,,
C,25,15,125,0.3,1.0,0.0,False,6950.23615731947,0.5,90.29163422256218,98.43200841986697
C,25,15,125,0.3,1.0,0.5,True,,,,
C,25,15,125,0.3,1.0,0.5,False,6950.23615731947,0.5,90.29163422256218,98.43200841986697
C,25,15,125,0.3,1.0,1.0,True,516.4422668506855,0.8154266607698176,44.82291325703869,53.52273020119254
C,25,15,125,0.3,1.0,1.0,False,6613.024084088157,0.5,88.58728606356968,96.96808135647518
C,25,15,125,0.5,0.0,0.0,True,,,,
C,25,15,125,0.5,0.0,0.0,False,7019.678364938652,0.5,90.54871473716706,98.67649579431043
C,25,15,125,0.5,0.0,0.5,True,,,,
C,25,15,125,0.5,0.0,0.5,False,7019.678364938652,0.5,90.54871473716706,98.67649579431043
C,25,15,125,0.5,0.0,1.0,True,,,,
C,25,15,125,0.5,0.0,1.0,False,7019.678364938652,0.5,90.54871473716706,98.67649579431043
C,25,15,125,0.5,0.1,0.0,True,,,,
C,25,15,125,0.5,0.1,0.0,False,7034.539175627299,0.5,90.71772126231029,98.79799018571492
C,25,15,125,0.5,0.1,0.5,True,,,,
C,25,15,125,0.5,0.1,0.5,False,6950.23615731947,0.5,90.29163422256218,98.43200841986697
C,25,15,125,0.5,0.1,1.0,True,,,,
C,25,15,125,0.5,0.1,1.0,False,6613.024084088157,0.5,88.58728606356968,96.96808135647518
C,25,15,125,0.5,1.0,0.0,True,,,,
C,25,15,125,0.5,1.0,0.0,False,6950.23615731947,0.5,90.29163422256218,98.43200841986697
C,25,15,125,0.5,1.0,0.5,True,,,,
C,25,15,125,0.5,1.0,0.5,False,6950.23615731947,0.5,90.29163422256218,98.43200841986697
C,25,15,125,0.5,1.0,1.0,True,2554.3817995763734,0.6650724342584113,27.212178566356926,42.22955735958068
C,25,15,125,0.5,1.0,1.0,False,6613.024084088157,0.5,88.58728606356968,96.96808135647518
C,25,15,125,0.95,0.0,0.0,True,,,,
C,25,15,125,0.95,0.0,0.0,False,,,,
C,25,15,125,0.95,0.0,0.5,True,,,,
C,25,15,125,0.95,0.0,0.5,False,,,,
C,25,15,125,0.95,0.0,1.0,True,,,,
C,25,15,125,0.95,0.0,1.0,False,,,,
C,25,15,125,0.95,0.1,0.0,True,,,,
C,25,15,125,0.95,0.1,0.0,False,,,,
C,25,15,125,0.95,0.1,0.5,True,,,,
C,25,15,125,0.95,0.1,0.5,False,,,,
C,25,15,125,0.95,0.1,1.0,True,,,,
C,25,15,125,0.95,0.1,1.0,False,,,,
C,25,15,125,0.95,1.0,0.0,True,,,,
C,25,15,125,0.95,1.0,0.0,False,,,,
C,25,15,125,0.95,1.0,0.5,True,,,,
C,25,15,125,0.95,1.0,0.5,False,,,,
C,25,15,125,0.95,1.0,1.0,True,,,,
C,25,15,125,0.95,1.0,1.0,False,,,,
C,25,20,115,0.3,0.0,0.0,True,,,,
C,25,20,115,0.3,0.0,0.0,False,3640.991683654186,0.5,86.13879659571387,93.23920650765055
C,25,20,115,0.3,0.0,0.5,True,,,,
C,25,20,115,0.3,0.0,0.5,False,3640.991683654186,0.5,86.13879659571387,93.23920650765055
C,25,20,115,0.3,0.0,1.0,True,,,,
C,25,20,115,0.3,0.0,1.0,False,3640.991683654186,0.5,86.13879659571387,93.23920650765055
C,25,20,115,0.3,0.1,0.0,True,,,,
C,25,20,115,0.3,0.1,0.0,False,3640.991683654186,0.5,86.13879659571387,93.23920650765055
C,25,20,115,0.3,0.1,0.5,True,,,,
C,25,20,115,0.3,0.1,0.5,False,3640.991683654186,0.5,86.13879659571387,93.23920650765055
C,25,20,115,0.3,0.1,1.0,True,,,,
C,25,20,115,0.3,0.1,1.0,False,3479.753171110864,0.5,84.65525672371638,91.97888563916712
C,25,20,115,0.3,1.0,0.0,True,,,,
C,25,20,115,0.3,1.0,0.0,False,3640.991683654186,0.5,86.13879659571387,93.23920650765055
C,25,20,115,0.3,1.0,0.5,True,,,,
C,25,20,115,0.3,1.0,0.5,False,3640.991683654186,0.5,86.13879659571387,93.23920650765055
C,25,20,115,0.3,1.0,1.0,True,306.11628264888606,0.8311091274293544,40.33807571061045,49.512389097489596
C,25,20,115,0.3,1.0,1.0,False,,,,
C,25,20,115,0.5,0.0,0.0,True,,,,
C,25,20,115,0.5,0.0,0.0,False,3640.991683654186,0.5,86.13879659571387,93.23920650765055
C,25,20,115,0.5,0.0,0.5,True,,,,
C,25,20,115,0.5,0.0,0.5,False,3640.991683654186,0.5,86.13879659571387,93.23920650765055
C,25,20,115,0.5,0.0,1.0,True,,,,
C,25,20,115,0.5,0.0,1.0,False,3640.991683654186,0.5,86.13879659571387,93.23920650765055
C,25,20,115,0.5,0.1,0.0,True,,,,
C,25,20,115,0.5,0.1,0.0,False,3640.991683654186,0.5,86.13879659571387,93.23920650765055
C,25,20,115,0.5,0.1,0.5,True,,,,
C,25,20,115,0.5,0.1,0.5,False,3640.991683654186,0.5,86.13879659571387,93.23920650765055
C,25,20,115,0.5,0.1,1.0,True,,,,
C,25,20,115,0.5,0.1,1.0,False,3479.753171110864,0.5,84.65525672371638,91.97888563916712
C,25,20,115,0.5,1.0,0.0,True,,,,
C,25,20,115,0.5,1.0,0.0,False,3640.991683654186,0.5,86.13879659571387,93.23920650765055
C,25,20,115,0.5,1.0,0.5,True,,,,
C,25,20,115,0.5,1.0,0.5,False,3640.991683654186,0.5,86.13879659571387,93.23920650765055
C,25,20,115,0.5,1.0,1.0,True,2554.5751977918385,0.6743623387780869,31.738404749001017,42.96718733703739
C,25,20,115,0.5,1.0,1.0,False,,,,
C,25,20,115,0.95,0.0,0.0,True,,,,
C,25,20,115,0.95,0.0,0.0,False,,,,
C,25,20,115,0.95,0.0,0.5,True,,,,
C,25,20,115,0.95,0.0,0.5,False,,,,
C,25,20,115,0.95,0.0,1.0,True,,,,
C,25,20,115,0.95,0.0,1.0,False,,,,
C,25,20,115,0.95,0.1,0.0,True,,,,
C,25,20,115,0.95,0.1,0.0,False,,,,
C,25,20,115,0.95,0.1,0.5,True,,,,
C,25,20,115,0.95,0.1,0.5,False,,,,
C,25,20,115,0.95,0.1,1.0,True,,,,
C,25,20,115,0.95,0.1,1.0,False,,,,
C,25,20,115,0.95,1.0,0.0,True,,,,
C,25,20,115,0.95,1.0,0.0,False,,,,
C,25,20,115,0.95,1.0,0.5,True,,,,
C,25,20,115,0.95,1.0,0.5,False,,,,
C,25,20,115,0.95,1.0,1.0,True,,,,
C,25,20,115,0.95,1.0,1.0,False,,,,
C,25,20,120,0.3,0.0,0.0,True,,,,
C,25,20,120,0.3,0.0,0.0,False,5042.965335983925,0.5,88.29476869443629,95.91623920974898
C,25,20,120,0.3,0.0,0.5,True,,,,
C,25,20,120,0.3,0.0,0.5,False,5042.965335983925,0.5,88.29476869443629,95.91623920974898
C,25,20,120,0.3,0.0,1.0,True,,,,
C,25,20,120,0.3,0.0,1.0,False,5042.965335983925,0.5,88.29476869443629,95.91623920974898
C,25,20,120,0.3,0.1,0.0,True,,,,
C,25,20,120,0.3,0.1,0.0,False,5042.965335983925,0.5,88.29476869443629,95.91623920974898
C,25,20,120,0.3,0.1,0.5,True,,,,
C,25,20,120,0.3,0.1,0.5,False,5042.965335983925,0.5,88.29476869443629,95.91623920974898
C,25,20,120,0.3,0.1,1.0,True,,,,
C,25,20,120,0.3,0.1,1.0,False,4807.039859302429,0.5,86.69633251833741,94.54971396444277
C,25,20,120,0.3,1.0,0.0,True,,,,
C,25,20,120,0.3,1.0,0.0,False,5042.965335983925,0.5,88.29476869443629,95.91623920974898
C,25,20,120,0.3,1.0,0.5,True,,,,
C,25,20,120,0.3,1.0,0.5,False,5042.965335983925,0.5,88.29476869443629,95.91623920974898
C,25,20,120,0.3,1.0,1.0,True,385.57479797336424,0.8256738955532495,42.34372144895975,51.225372608555766
C,25,20,120,0.3,1.0,1.0,False,,,,
C,25,20,120,0.5,0.0,0.0,True,,,,
C,25,20,120,0.5,0.0,0.0,False,5042.965335983925,0.5,88.29476869443629,95.91623920974898
C,25,20,120,0.5,0.0,0.5,True,,,,
C,25,20,120,0.5,0.0,0.5,False,5042.965335983925,0.5,88.29476869443629,95.91623920974898
C,25,20,120,0.5,0.0,1.0,True,,,,
C,25,20,120,0.5,0.0,1.0,False,5042.965335983925,0.5,88.29476869443629,95.91623920974898
C,25,20,120,0.5,0.1,0.0,True,,,,
C,25,20,120,0.5,0.1,0.0,False,5042.965335983925,0.5,88.29476869443629,95.91623920974898
C,25,20,120,0.5,0.1,0.5,True,,,,
C,25,20,120,0.5,0.1,0.5,False,5042.965335983925,0.5,88.29476869443629,95.91623920974898
C,25,20,120,0.5,0.1,1.0,True,,,,
C,25,20,120,0.5,0.1,1.0,False,4807.039859302429,0.5,86.69633251833741,94.54971396444277
C,25,20,120,0.5,1.0,0.0,True,,,,
C,25,20,120,0.5,1.0,0.0,False,5042.965335983925,0.5,88.29476869443629,95.91623920974898
C,25,20,120,0.5,1.0,0.5,True,,,,
C,25,20,120,0.5,1.0,0.5,False,5042.965335983925,0.5,88.29476869443629,95.91623920974898
C,25,20,120,0.5,1.0,1.0,True,2554.115087019792,0.6691949091047951,29.595162220085896,42.58988281206719
C,25,20,120,0.5,1.0,1.0,False,,,,
C,25,20,120,0.95,0.0,0.0,True,,,,
C,25,20,120,0.95,0.0,0.0,False,,,,
C,25,20,120,0.95,0.0,0.5,True,,,,
C,25,20,120,0.95,0.0,0.5,False,,,,
C,25,20,120,0.95,0.0,1.0,True,,,,
C,25,20,120,0.95,0.0,1.0,False,,,,
C,25,20,120,0.95,0.1,0.0,True,,,,
C,25,20,120,0.95,0.1,0.0,False,,,,
C,25,20,120,0.95,0.1,0.5,True,,,,
C,25,20,120,0.95,0.1,0.5,False,,,,
C,25,20,120,0.95,0.1,1.0,True,,,,
C,25,20,120,0.95,0.1,1.0,False,,,,
C,25,20,120,0.95,1.0,0.0,True,,,,
C,25,20,120,0.95,1.0,0.0,False,,,,
C,25,20,120,0.95,1.0,0.5,True,,,,
C,25,20,120,0.95,1.0,0.5,False,,,,
C,25,20,120,0.95,1.0,1.0,True,,,,
C,25,20,120,0.95,1.0,1.0,False,,,,
C,25,20,125,0.3,0.0,0.0,True,,,,
C,25,20,125,0.3,0.0,0.0,False,6950.23615731947,0.5,90.29163422256218,98.43200841986697
C,25,20,125,0.3,0.0,0.5,True,,,,
C,25,20,125,0.3,0.0,0.5,False,6950.23615731947,0.5,90.29163422256218,98.43200841986697
C,25,20,125,0.3,0.0,1.0,True,,,,
C,25,20,125,0.3,0.0,1.0,False,6950.23615731947,0.5,90.29163422256218,98.43200841986697
C,25,20,125,0.3,0.1,0.0,True,,,,
C,25,20,125,0.3,0.1,0.0,False,6950.23615731947,0.5,90.29163422256218,98.43200841986697
C,25,20,125,0.3,0.1,0.5,True,,,,
C,25,20,125,0.3,0.1,0.5,False,6950.23615731947,0.5,90.29163422256218,98.43200841986697
C,25,20,125,0.3,0.1,1.0,True,,,,
C,25,20,125,0.3,0.1,1.0,False,6613.024084088157,0.5,88.58728606356968,96.96808135647518
C,25,20,125,0.3,1.0,0.0,True,,,,
C,25,20,125,0.3,1.0,0.0,False,6950.23615731947,0.5,90.29163422256218,98.43200841986697
C,25,20,125,0.3,1.0,0.5,True,,,,
C,25,20,125,0.3,1.0,0.5,False,6950.23615731947,0.5,90.29163422256218,98.43200841986697
C,25,20,125,0.3,1.0,1.0,True,478.67545970774444,0.8202035168472909,44.3428402837558,52.89249853858053
C,25,20,125,0.3,1.0,1.0,False,,,,
C,25,20,125,0.5,0.0,0.0,True,,,,
C,25,20,125,0.5,0.0,0.0,False,6950.23615731947,0.5,90.29163422256218,98.43200841986697
C,25,20,125,0.5,0.0,0.5,True,,,,
C,25,20,125,0.5,0.0,0.5,False,6950.23615731947,0.5,90.29163422256218,98.43200841986697
C,25,20,125,0.5,0.0,1.0,True,,,,
C,25,20,125,0.5,0.0,1.0,False,6950.23615731947,0.5,90.29163422256218,98.43200841986697
C,25,20,125,0.5,0.1,0.0,True,,,,
C,25,20,125,0.5,0.1,0.0,False,6950.23615731947,0.5,90.29163422256218,98.43200841986697
C,25,20,125,0.5,0.1,0.5,True,,,,
C,25,20,125,0.5,0.1,0.5,False,6950.23615731947,0.5,90.29163422256218,98.43200841986697
C,25,20,125,0.5,0.1,1.0,True,,,,
C,25,20,125,0.5,0.1,1.0,False,6613.024084088157,0.5,88.58728606356968,96.96808135647518
C,25,20,125,0.5,1.0,0.0,True,,,,
C,25,20,125,0.5,1.0,0.0,False,6950.23615731947,0.5,90.29163422256218,98.43200841986697
C,25,20,125,0.5,1.0,0.5,True,,,,
C,25,20,125,0.5,1.0,0.5,False,6950.23615731947,0.5,90.29163422256218,98.43200841986697
C,25,20,125,0.5,1.0,1.0,True,2553.857477729932,0.6647804202520687,27.618029765322547,42.472375445135604
C,25,20,125,0.5,1.0,1.0,False,,,,
C,25,20,125,0.95,0.0,0.0,True,,,,
C,25,20,125,0.95,0.0,0.0,False,,,,
C,25,20,125,0.95,0.0,0.5,True,,,,
C,25,20,125,0.95,0.0,0.5,False,,,,
C,25,20,125,0.95,0.0,1.0,True,,,,
C,25,20,125,0.95,0.0,1.0,False,,,,
C,25,20,125,0.95,0.1,0.0,True,,,,
C,25,20,125,0.95,0.1,0.0,False,,,,
C,25,20,125,0.95,0.1,0.5,True,,,,
C,25,20,125,0.95,0.1,0.5,False,,,,
C,25,20,125,0.95,0.1,1.0,True,,,,
C,25,20,125,0.95,0.1,1.0,False,,,,
C,25,20,125,0.95,1.0,0.0,True,,,,
C,25,20,125,0.95,1.0,0.0,False,,,,
C,25,20,125,0.95,1.0,0.5,True,,,,
C,25,20,125,0.95,1.0,0.5,False,,,,
C,25,20,125,0.95,1.0,1.0,True,,,,
C,25,20,125,0.95,1.0,1.0,False,,,,
C,30,10,115,0.3,0.0,0.0,True,,,,
C,30,10,115,0.3,0.0,0.0,False,3524.740605515353,0.5,85.11856247962035,92.37665463658429
C,30,10,115,0.3,0.0,0.5,True,,,,
C,30,10,115,0.3,0.0,0.5,False,3524.740605515353,0.5,85.11856247962035,92.37665463658429
C,30,10,115,0.3,0.0,1.0,True,,,,
C,30,10,115,0.3,0.0,1.0,False,3524.740605515353,0.5,85.11856247962035,92.37665463658429
C,30,10,115,0.3,0.1,0.0,True,,,,
C,30,10,115,0.3,0.1,0.0,False,3524.740605515353,0.5,85.11856247962035,92.37665463658429
C,30,10,115,0.3,0.1,0.5,True,,,,
C,30,10,115,0.3,0.1,0.5,False,3524.740605515353,0.5,85.11856247962035,92.37665463658429
C,30,10,115,0.3,0.1,1.0,True,,,,
C,30,10,115,0.3,0.1,1.0,False,3357.258060324647,0.5,83.58050632911393,91.05716246096755
C,30,10,115,0.3,1.0,0.0,True,,,,
C,30,10,115,0.3,1.0,0.0,False,3524.740605515353,0.5,85.11856247962035,92.37665463658429
C,30,10,115,0.3,1.0,0.5,True,,,,
C,30,10,115,0.3,1.0,0.5,False,3524.740605515353,0.5,85.11856247962035,92.37665463658429
C,30,10,115,0.3,1.0,1.0,True,398.3837192260403,0.8016456423144288,43.4634454844422,52.67981505512664
C,30,10,115,0.3,1.0,1.0,False,,,,
C,30,10,115,0.5,0.0,0.0,True,,,,
C,30,10,115,0.5,0.0,0.0,False,3524.740605515353,0.5,85.11856247962035,92.37665463658429
C,30,10,115,0.5,0.0,0.5,True,,,,
C,30,10,115,0.5,0.0,0.5,False,3524.740605515353,0.5,85.11856247962035,92.37665463658429
C,30,10,115,0.5,0.0,1.0,True,,,,
C,30,10,115,0.5,0.0,1.0,False,3524.740605515353,0.5,85.11856247962035,92.37665463658429
C,30,10,115,0.5,0.1,0.0,True,,,,
C,30,10,115,0.5,0.1,0.0,False,3524.740605515353,0.5,85.11856247962035,92.37665463658429
C,30,10,115,0.5,0.1,0.5,True,,,,
C,30,10,115,0.5,0.1,0.5,False,3524.740605515353,0.5,85.11856247962035,92.37665463658429
C,30,10,115,0.5,0.1,1.0,True,,,,
C,30,10,115,0.5,0.1,1.0,False,3357.258060324647,0.5,83.58050632911393,91.05716246096755
C,30,10,115,0.5,1.0,0.0,True,,,,
C,30,10,115,0.5,1.0,0.0,False,3524.740605515353,0.5,85.11856247962035,92.37665463658429
C,30,10,115,0.5,1.0,0.5,True,,,,
C,30,10,115,0.5,1.0,0.5,False,3524.740605515353,0.5,85.11856247962035,92.37665463658429
C,30,10,115,0.5,1.0,1.0,True,2647.175648571148,0.6753322976477856,30.951176321780927,42.70860917007952
C,30,10,115,0.5,1.0,1.0,False,,,,
C,30,10,115,0.95,0.0,0.0,True,,,,
C,30,10,115,0.95,0.0,0.0,False,,,,
C,30,10,115,0.95,0.0,0.5,True,,,,
C,30,10,115,0.95,0.0,0.5,False,,,,
C,30,10,115,0.95,0.0,1.0,True,,,,
C,30,10,115,0.95,0.0,1.0,False,,,,
C,30,10,115,0.95,0.1,0.0,True,,,,
C,30,10,115,0.95,0.1,0.0,False,,,,
C,30,10,115,0.95,0.1,0.5,True,,,,
C,30,10,115,0.95,0.1,0.5,False,,,,
C,30,10,115,0.95,0.1,1.0,True,,,,
C,30,10,115,0.95,0.1,1.0,False,,,,
C,30,10,115,0.95,1.0,0.0,True,,,,
C,30,10,115,0.95,1.0,0.0,False,,,,
C,30,10,115,0.95,1.0,0.5,True,,,,
C,30,10,115,0.95,1.0,0.5,False,,,,
C,30,10,115,0.95,1.0,1.0,True,,,,
C,30,10,115,0.95,1.0,1.0,False,,,,
C,30,10,120,0.3,0.0,0.0,True,,,,
C,30,10,120,0.3,0.0,0.0,False,4863.533138923494,0.5,87.17765061603217,94.95806166929599
C,30,10,120,0.3,0.0,0.5,True,,,,
C,30,10,120,0.3,0.0,0.5,False,4863.533138923494,0.5,87.17765061603217,94.95806166929599
C,30,10,120,0.3,0.0,1.0,True,,,,
C,30,10,120,0.3,0.0,1.0,False,4863.533138923494,0.5,87.17765061603217,94.95806166929599
C,30,10,120,0.3,0.1,0.0,True,,,,
C,30,10,120,0.3,0.1,0.0,False,4863.533138923494,0.5,87.17765061603217,94.95806166929599
C,30,10,120,0.3,0.1,0.5,True,,,,
C,30,10,120,0.3,0.1,0.5,False,4863.533138923494,0.5,87.17765061603217,94.95806166929599
C,30,10,120,0.3,0.1,1.0,True,,,,
C,30,10,120,0.3,0.1,1.0,False,4619.778850250814,0.5,85.52227848101266,93.528614723794
C,30,10,120,0.3,1.0,0.0,True,,,,
C,30,10,120,0.3,1.0,0.0,False,4863.533138923494,0.5,87.17765061603217,94.95806166929599
C,30,10,120,0.3,1.0,0.5,True,,,,
C,30,10,120,0.3,1.0,0.5,False,4863.533138923494,0.5,87.17765061603217,94.95806166929599
C,30,10,120,0.3,1.0,1.0,True,511.16478775906376,0.7979241180866313,45.62104730584366,54.549035444247764
C,30,10,120,0.3,1.0,1.0,False,,,,
C,30,10,120,0.5,0.0,0.0,True,,,,
C,30,10,120,0.5,0.0,0.0,False,4863.533138923494,0.5,87.17765061603217,94.95806166929599
C,30,10,120,0.5,0.0,0.5,True,,,,
C,30,10,120,0.5,0.0,0.5,False,4863.533138923494,0.5,87.17765061603217,94.95806166929599
C,30,10,120,0.5,0.0,1.0,True,,,,
C,30,10,120,0.5,0.0,1.0,False,4863.533138923494,0.5,87.17765061603217,94.95806166929599
C,30,10,120,0.5,0.1,0.0,True,,,,
C,30,10,120,0.5,0.1,0.0,False,4863.533138923494,0.5,87.17765061603217,94.95806166929599
C,30,10,120,0.5,0.1,0.5,True,,,,
C,30,10,120,0.5,0.1,0.5,False,4863.533138923494,0.5,87.17765061603217,94.95806166929599
C,30,10,120,0.5,0.1,1.0,True,,,,
C,30,10,120,0.5,0.1,1.0,False,4619.778850250814,0.5,85.52227848101266,93.528614723794
C,30,10,120,0.5,1.0,0.0,True,,,,
C,30,10,120,0.5,1.0,0.0,False,4863.533138923494,0.5,87.17765061603217,94.95806166929599
C,30,10,120,0.5,1.0,0.5,True,,,,
C,30,10,120,0.5,1.0,0.5,False,4863.533138923494,0.5,87.17765061603217,94.95806166929599
C,30,10,120,0.5,1.0,1.0,True,2646.7213877147487,0.6706645211151462,28.834050088540348,42.33555558133098
C,30,10,120,0.5,1.0,1.0,False,,,,
C,30,10,120,0.95,0.0,0.0,True,,,,
C,30,10,120,0.95,0.0,0.0,False,,,,
C,30,10,120,0.95,0.0,0.5,True,,,,
C,30,10,120,0.95,0.0,0.5,False,,,,
C,30,10,120,0.95,0.0,1.0,True,,,,
C,30,10,120,0.95,0.0,1.0,False,,,,
C,30,10,120,0.95,0.1,0.0,True,,,,
C,30,10,120,0.95,0.1,0.0,False,,,,
C,30,10,120,0.95,0.1,0.5,True,,,,
C,30,10,120,0.95,0.1,0.5,False,,,,
C,30,10,120,0.95,0.1,1.0,True,,,,
C,30,10,120,0.95,0.1,1.0,False,,,,
C,30,10,120,0.95,1.0,0.0,True,,,,
C,30,10,120,0.95,1.0,0.0,False,,,,
C,30,10,120,0.95,1.0,0.5,True,,,,
C,30,10,120,0.95,1.0,0.5,False,,,,
C,30,10,120,0.95,1.0,1.0,True,,,,
C,30,10,120,0.95,1.0,1.0,False,,,,
C,30,10,125,0.3,0.0,0.0,True,,,,
C,30,10,125,0.3,0.0,0.0,False,6678.330961415239,0.5,89.07786578880173,97.37688537432683
C,30,10,125,0.3,0.0,0.5,True,,,,
C,30,10,125,0.3,0.0,0.5,False,6678.330961415239,0.5,89.07786578880173,97.37688537432683
C,30,10,125,0.3,0.0,1.0,True,,,,
C,30,10,125,0.3,0.0,1.0,False,6678.330961415239,0.5,89.07786578880173,97.37688537432683
C,30,10,125,0.3,0.1,0.0,True,,,,
C,30,10,125,0.3,0.1,0.0,False,6678.330961415239,0.5,89.07786578880173,97.37688537432683
C,30,10,125,0.3,0.1,0.5,True,,,,
C,30,10,125,0.3,0.1,0.5,False,6678.330961415239,0.5,89.07786578880173,97.37688537432683
C,30,10,125,0.3,0.1,1.0,True,,,,
C,30,10,125,0.3,0.1,1.0,False,6326.156101366848,0.5,87.3093670886076,95.84002757760429
C,30,10,125,0.3,1.0,0.0,True,,,,
C,30,10,125,0.3,1.0,0.0,False,6678.330961415239,0.5,89.07786578880173,97.37688537432683
C,30,10,125,0.3,1.0,0.5,True,,,,
C,30,10,125,0.3,1.0,0.5,False,6678.330961415239,0.5,89.07786578880173,97.37688537432683
C,30,10,125,0.3,1.0,1.0,True,652.016832722215,0.795372198613598,47.63723754110802,56.367182799361686
C,30,10,125,0.3,1.0,1.0,False,,,,
C,30,10,125,0.5,0.0,0.0,True,,,,
C,30,10,125,0.5,0.0,0.0,False,6678.330961415239,0.5,89.07786578880173,97.37688537432683
C,30,10,125,0.5,0.0,0.5,True,,,,
C,30,10,125,0.5,0.0,0.5,False,6678.330961415239,0.5,89.07786578880173,97.37688537432683
C,30,10,125,0.5,0.0,1.0,True,,,,
C,30,10,125,0.5,0.0,1.0,False,6678.330961415239,0.5,89.07786578880173,97.37688537432683
C,30,10,125,0.5,0.1,0.0,True,,,,
C,30,10,125,0.5,0.1,0.0,False,6678.330961415239,0.5,89.07786578880173,97.37688537432683
C,30,10,125,0.5,0.1,0.5,True,,,,
C,30,10,125,0.5,0.1,0.5,False,6678.330961415239,0.5,89.07786578880173,97.37688537432683
C,30,10,125,0.5,0.1,1.0,True,,,,
C,30,10,125,0.5,0.1,1.0,False,6326.156101366848,0.5,87.3093670886076,95.84002757760429
C,30,10,125,0.5,1.0,0.0,True,,,,
C,30,10,125,0.5,1.0,0.0,False,6678.330961415239,0.5,89.07786578880173,97.37688537432683
C,30,10,125,0.5,1.0,0.5,True,,,,
C,30,10,125,0.5,1.0,0.5,False,6678.330961415239,0.5,89.07786578880173,97.37688537432683
C,30,10,125,0.5,1.0,1.0,True,2646.467727766391,0.6664021701314574,26.87098406273716,42.22333798600599
C,30,10,125,0.5,1.0,1.0,False,,,,
C,30,10,125,0.95,0.0,0.0,True,,,,
C,30,10,125,0.95,0.0,0.0,False,,,,
C,30,10,125,0.95,0.0,0.5,True,,,,
C,30,10,125,0.95,0.0,0.5,False,,,,
C,30,10,125,0.95,0.0,1.0,True,,,,
C,30,10,125,0.95,0.0,1.0,False,,,,
C,30,10,125,0.95,0.1,0.0,True,,,,
C,30,10,125,0.95,0.1,0.0,False,,,,
C,30,10,125,0.95,0.1,0.5,True,,,,
C,30,10,125,0.95,0.1,0.5,False,,,,
C,30,10,125,0.95,0.1,1.0,True,,,,
C,30,10,125,0.95,0.1,1.0,False,,,,
C,30,10,125,0.95,1.0,0.0,True,,,,
C,30,10,125,0.95,1.0,0.0,False,,,,
C,30,10,125,0.95,1.0,0.5,True,,,,
C,30,10,125,0.95,1.0,0.5,False,,,,
C,30,10,125,0.95,1.0,1.0,True,,,,
C,30,10,125,0.95,1.0,1.0,False,,,,
C,30,15,115,0.3,0.0,0.0,True,,,,
C,30,15,115,0.3,0.0,0.0,False,3524.740605515353,0.5,85.11856247962035,92.37665463658429
C,30,15,115,0.3,0.0,0.5,True,,,,
C,30,15,115,0.3,0.0,0.5,False,3524.740605515353,0.5,85.11856247962035,92.37665463658429
C,30,15,115,0.3,0.0,1.0,True,,,,
C,30,15,115,0.3,0.0,1.0,False,3524.740605515353,0.5,85.11856247962035,92.37665463658429
C,30,15,115,0.3,0.1,0.0,True,,,,
C,30,15,115,0.3,0.1,0.0,False,3524.740605515353,0.5,85.11856247962035,92.37665463658429
C,30,15,115,0.3,0.1,0.5,True,,,,
C,30,15,115,0.3,0.1,0.5,False,3566.61124181303,0.5,85.50307651724694,92.70652768048848
C,30,15,115,0.3,0.1,1.0,True,,,,
C,30,15,115,0.3,0.1,1.0,False,3357.258060324647,0.5,83.58050632911393,91.05716246096755
C,30,15,115,0.3,1.0,0.0,True,,,,
C,30,15,115,0.3,1.0,0.0,False,3524.740605515353,0.5,85.11856247962035,92.37665463658429
C,30,15,115,0.3,1.0,0.5,True,,,,
C,30,15,115,0.3,1.0,0.5,False,3524.740605515353,0.5,85.11856247962035,92.37665463658429
C,30,15,115,0.3,1.0,1.0,True,224.5885021769596,0.8406134483297513,40.949924127465856,48.78867025208949
C,30,15,115,0.3,1.0,1.0,False,3357.258060324647,0.5,83.58050632911393,91.05716246096755
C,30,15,115,0.5,0.0,0.0,True,,,,
C,30,15,115,0.5,0.0,0.0,False,3524.740605515353,0.5,85.11856247962035,92.37665463658429
C,30,15,115,0.5,0.0,0.5,True,,,,
C,30,15,115,0.5,0.0,0.5,False,3524.740605515353,0.5,85.11856247962035,92.37665463658429
C,30,15,115,0.5,0.0,1.0,True,,,,
C,30,15,115,0.5,0.0,1.0,False,3524.740605515353,0.5,85.11856247962035,92.37665463658429
C,30,15,115,0.5,0.1,0.0,True,,,,
C,30,15,115,0.5,0.1,0.0,False,3524.740605515353,0.5,85.11856247962035,92.37665463658429
C,30,15,115,0.5,0.1,0.5,True,,,,
C,30,15,115,0.5,0.1,0.5,False,3566.61124181303,0.5,85.50307651724694,92.70652768048848
C,30,15,115,0.5,0.1,1.0,True,,,,
C,30,15,115,0.5,0.1,1.0,False,3357.258060324647,0.5,83.58050632911393,91.05716246096755
C,30,15,115,0.5,1.0,0.0,True,,,,
C,30,15,115,0.5,1.0,0.0,False,3524.740605515353,0.5,85.11856247962035,92.37665463658429
C,30,15,115,0.5,1.0,0.5,True,,,,
C,30,15,115,0.5,1.0,0.5,False,3524.740605515353,0.5,85.11856247962035,92.37665463658429
C,30,15,115,0.5,1.0,1.0,True,2775.3078016486966,0.6776783628174122,33.58649468892261,44.220326533225744
C,30,15,115,0.5,1.0,1.0,False,3357.258060324647,0.5,83.58050632911393,91.05716246096755
C,30,15,115,0.95,0.0,0.0,True,,,,
C,30,15,115,0.95,0.0,0.0,False,,,,
C,30,15,115,0.95,0.0,0.5,True,,,,
C,30,15,115,0.95,0.0,0.5,False,,,,
C,30,15,115,0.95,0.0,1.0,True,,,,
C,30,15,115,0.95,0.0,1.0,False,,,,
C,30,15,115,0.95,0.1,0.0,True,,,,
C,30,15,115,0.95,0.1,0.0,False,,,,
C,30,15,115,0.95,0.1,0.5,True,,,,
C,30,15,115,0.95,0.1,0.5,False,,,,
C,30,15,115,0.95,0.1,1.0,True,,,,
C,30,15,115,0.95,0.1,1.0,False,,,,
C,30,15,115,0.95,1.0,0.0,True,,,,
C,30,15,115,0.95,1.0,0.0,False,,,,
C,30,15,115,0.95,1.0,0.5,True,,,,
C,30,15,115,0.95,1.0,0.5,False,,,,
C,30,15,115,0.95,1.0,1.0,True,,,,
C,30,15,115,0.95,1.0,1.0,False,,,,
C,30,15,120,0.3,0.0,0.0,True,,,,
C,30,15,120,0.3,0.0,0.0,False,4863.533138923494,0.5,87.17765061603217,94.95806166929599
C,30,15,120,0.3,0.0,0.5,True,,,,
C,30,15,120,0.3,0.0,0.5,False,4863.533138923494,0.5,87.17765061603217,94.95806166929599
C,30,15,120,0.3,0.0,1.0,True,,,,
C,30,15,120,0.3,0.0,1.0,False,4863.533138923494,0.5,87.17765061603217,94.95806166929599
C,30,15,120,0.3,0.1,0.0,True,,,,
C,30,15,120,0.3,0.1,0.0,False,4863.533138923494,0.5,87.17765061603217,94.95806166929599
C,30,15,120,0.3,0.1,0.5,True,,,,
C,30,15,120,0.3,0.1,0.5,False,4924.4717110916645,0.5,87.59149364978705,95.3154234056715
C,30,15,120,0.3,0.1,1.0,True,,,,
C,30,15,120,0.3,0.1,1.0,False,4619.778850250814,0.5,85.52227848101266,93.528614723794
C,30,15,120,0.3,1.0,0.0,True,,,,
C,30,15,120,0.3,1.0,0.0,False,4863.533138923494,0.5,87.17765061603217,94.95806166929599
C,30,15,120,0.3,1.0,0.5,True,,,,
C,30,15,120,0.3,1.0,0.5,False,4863.533138923494,0.5,87.17765061603217,94.95806166929599
C,30,15,120,0.3,1.0,1.0,True,277.69969179023883,0.8357919369227992,42.909205867475976,50.37697796566363
C,30,15,120,0.3,1.0,1.0,False,4619.778850250814,0.5,85.52227848101266,93.528614723794
C,30,15,120,0.5,0.0,0.0,True,,,,
C,30,15,120,0.5,0.0,0.0,False,4863.533138923494,0.5,87.17765061603217,94.95806166929599
C,30,15,120,0.5,0.0,0.5,True,,,,
C,30,15,120,0.5,0.0,0.5,False,4863.533138923494,0.5,87.17765061603217,94.95806166929599
C,30,15,120,0.5,0.0,1.0,True,,,,
C,30,15,120,0.5,0.0,1.0,False,4863.533138923494,0.5,87.17765061603217,94.95806166929599
C,30,15,120,0.5,0.1,0.0,True,,,,
C,30,15,120,0.5,0.1,0.0,False,4863.533138923494,0.5,87.17765061603217,94.95806166929599
C,30,15,120,0.5,0.1,0.5,True,,,,
C,30,15,120,0.5,0.1,0.5,False,4924.4717110916645,0.5,87.59149364978705,95.3154234056715
C,30,15,120,0.5,0.1,1.0,True,,,,
C,30,15,120,0.5,0.1,1.0,False,4619.778850250814,0.5,85.52227848101266,93.528614723794
C,30,15,120,0.5,1.0,0.0,True,,,,
C,30,15,120,0.5,1.0,0.0,False,4863.533138923494,0.5,87.17765061603217,94.95806166929599
C,30,15,120,0.5,1.0,0.5,True,,,,
C,30,15,120,0.5,1.0,0.5,False,4863.533138923494,0.5,87.17765061603217,94.95806166929599
C,30,15,120,0.5,1.0,1.0,True,2774.8906425093232,0.6724724138370141,31.644916540212442,43.88823345628074
C,30,15,120,0.5,1.0,1.0,False,4619.778850250814,0.5,85.52227848101266,93.528614723794
C,30,15,120,0.95,0.0,0.0,True,,,,
C,30,15,120,0.95,0.0,0.0,False,,,,
C,30,15,120,0.95,0.0,0.5,True,,,,
C,30,15,120,0.95,0.0,0.5,False,,,,
C,30,15,120,0.95,0.0,1.0,True,,,,
C,30,15,120,0.95,0.0,1.0,False,,,,
C,30,15,120,0.95,0.1,0.0,True,,,,
C,30,15,120,0.95,0.1,0.0,False,,,,
C,30,15,120,0.95,0.1,0.5,True,,,,
C,30,15,120,0.95,0.1,0.5,False,,,,
C,30,15,120,0.95,0.1,1.0,True,,,,
C,30,15,120,0.95,0.1,1.0,False,,,,
C,30,15,120,0.95,1.0,0.0,True,,,,
C,30,15,120,0.95,1.0,0.0,False,,,,
C,30,15,120,0.95,1.0,0.5,True,,,,
C,30,15,120,0.95,1.0,0.5,False,,,,
C,30,15,120,0.95,1.0,1.0,True,,,,
C,30,15,120,0.95,1.0,1.0,False,,,,
C,30,15,125,0.3,0.0,0.0,True,,,,
C,30,15,125,0.3,0.0,0.0,False,6678.330961415239,0.5,89.07786578880173,97.37688537432683
C,30,15,125,0.3,0.0,0.5,True,,,,
C,30,15,125,0.3,0.0,0.5,False,6678.330961415239,0.5,89.07786578880173,97.37688537432683
C,30,15,125,0.3,0.0,1.0,True,,,,
C,30,15,125,0.3,0.0,1.0,False,6678.330961415239,0.5,89.07786578880173,97.37688537432683
C,30,15,125,0.3,0.1,0.0,True,,,,
C,30,15,125,0.3,0.1,0.0,False,6678.330961415239,0.5,89.07786578880173,97.37688537432683
C,30,15,125,0.3,0.1,0.5,True,,,,
C,30,15,125,0.3,0.1,0.5,False,6766.374676427337,0.5,89.51999046385026,97.76109982350748
C,30,15,125,0.3,0.1,1.0,True,,,,
C,30,15,125,0.3,0.1,1.0,False,6326.156101366848,0.5,87.3093670886076,95.84002757760429
C,30,15,125,0.3,1.0,0.0,True,,,,
C,30,15,125,0.3,1.0,0.0,False,6678.330961415239,0.5,89.07786578880173,97.37688537432683
C,30,15,125,0.3,1.0,0.5,True,,,,
C,30,15,125,0.3,1.0,0.5,False,6678.330961415239,0.5,89.07786578880173,97.37688537432683
C,30,15,125,0.3,1.0,1.0,True,339.56276270600966,0.8309711932790046,44.69347496206373,51.90108681272419
C,30,15,125,0.3,1.0,1.0,False,6326.156101366848,0.5,87.3093670886076,95.84002757760429
C,30,15,125,0.5,0.0,0.0,True,,,,
C,30,15,125,0.5,0.0,0.0,False,6678.330961415239,0.5,89.07786578880173,97.37688537432683
C,30,15,125,0.5,0.0,0.5,True,,,,
C,30,15,125,0.5,0.0,0.5,False,6678.330961415239,0.5,89.07786578880173,97.37688537432683
C,30,15,125,0.5,0.0,1.0,True,,,,
C,30,15,125,0.5,0.0,1.0,False,6678.330961415239,0.5,89.07786578880173,97.37688537432683
C,30,15,125,0.5,0.1,0.0,True,,,,
C,30,15,125,0.5,0.1,0.0,False,6678.330961415239,0.5,89.07786578880173,97.37688537432683
C,30,15,125,0.5,0.1,0.5,True,,,,
C,30,15,125,0.5,0.1,0.5,False,6766.374676427337,0.5,89.51999046385026,97.76109982350748
C,30,15,125,0.5,0.1,1.0,True,,,,
C,30,15,125,0.5,0.1,1.0,False,6326.156101366848,0.5,87.3093670886076,95.84002757760429
C,30,15,125,0.5,1.0,0.0,True,,,,
C,30,15,125,0.5,1.0,0.0,False,6678.330961415239,0.5,89.07786578880173,97.37688537432683
C,30,15,125,0.5,1.0,0.5,True,,,,
C,30,15,125,0.5,1.0,0.5,False,6678.330961415239,0.5,89.07786578880173,97.37688537432683
C,30,15,125,0.5,1.0,1.0,True,2774.660373203997,0.6680754172298611,29.878351036924634,43.78624158280081
C,30,15,125,0.5,1.0,1.0,False,6326.156101366848,0.5,87.3093670886076,95.84002757760429
C,30,15,125,0.95,0.0,0.0,True,,,,
C,30,15,125,0.95,0.0,0.0,False,,,,
C,30,15,125,0.95,0.0,0.5,True,,,,
C,30,15,125,0.95,0.0,0.5,False,,,,
C,30,15,125,0.95,0.0,1.0,True,,,,
C,30,15,125,0.95,0.0,1.0,False,,,,
C,30,15,125,0.95,0.1,0.0,True,,,,
C,30,15,125,0.95,0.1,0.0,False,,,,
C,30,15,125,0.95,0.1,0.5,True,,,,
C,30,15,125,0.95,0.1,0.5,False,,,,
C,30,15,125,0.95,0.1,1.0,True,,,,
C,30,15,125,0.95,0.1,1.0,False,,,,
C,30,15,125,0.95,1.0,0.0,True,,,,
C,30,15,125,0.95,1.0,0.0,False,,,,
C,30,15,125,0.95,1.0,0.5,True,,,,
C,30,15,125,0.95,1.0,0.5,False,,,,
C,30,15,125,0.95,1.0,1.0,True,,,,
C,30,15,125,0.95,1.0,1.0,False,,,,
C,30,20,115,0.3,0.0,0.0,True,,,,
C,30,20,115,0.3,0.0,0.0,False,3509.8765989520784,0.5,85.09575112783685,92.31701139461461
C,30,20,115,0.3,0.0,0.5,True,,,,
C,30,20,115,0.3,0.0,0.5,False,3509.8765989520784,0.5,85.09575112783685,92.31701139461461
C,30,20,115,0.3,0.0,1.0,True,,,,
C,30,20,115,0.3,0.0,1.0,False,3509.8765989520784,0.5,85.09575112783685,92.31701139461461
C,30,20,115,0.3,0.1,0.0,True,,,,
C,30,20,115,0.3,0.1,0.0,False,3524.740605515353,0.5,85.11856247962035,92.37665463658429
C,30,20,115,0.3,0.1,0.5,True,,,,
C,30,20,115,0.3,0.1,0.5,False,3524.740605515353,0.5,85.11856247962035,92.37665463658429
C,30,20,115,0.3,0.1,1.0,True,,,,
C,30,20,115,0.3,0.1,1.0,False,3357.258060324647,0.5,83.58050632911393,91.05716246096755
C,30,20,115,0.3,1.0,0.0,True,,,,
C,30,20,115,0.3,1.0,0.0,False,3524.740605515353,0.5,85.11856247962035,92.37665463658429
C,30,20,115,0.3,1.0,0.5,True,,,,
C,30,20,115,0.3,1.0,0.5,False,3524.740605515353,0.5,85.11856247962035,92.37665463658429
C,30,20,115,0.3,1.0,1.0,True,290.78718697545344,0.8255071040180455,41.020209788707646,49.67046187476939
C,30,20,115,0.3,1.0,1.0,False,,,,
C,30,20,115,0.5,0.0,0.0,True,,,,
C,30,20,115,0.5,0.0,0.0,False,3509.8765989520784,0.5,85.09575112783685,92.31701139461461
C,30,20,115,0.5,0.0,0.5,True,,,,
C,30,20,115,0.5,0.0,0.5,False,3509.8765989520784,0.5,85.09575112783685,92.31701139461461
C,30,20,115,0.5,0.0,1.0,True,,,,
C,30,20,115,0.5,0.0,1.0,False,3509.8765989520784,0.5,85.09575112783685,92.31701139461461
C,30,20,115,0.5,0.1,0.0,True,,,,
C,30,20,115,0.5,0.1,0.0,False,3524.740605515353,0.5,85.11856247962035,92.37665463658429
C,30,20,115,0.5,0.1,0.5,True,,,,
C,30,20,115,0.5,0.1,0.5,False,3524.740605515353,0.5,85.11856247962035,92.37665463658429
C,30,20,115,0.5,0.1,1.0,True,,,,
C,30,20,115,0.5,0.1,1.0,False,3357.258060324647,0.5,83.58050632911393,91.05716246096755
C,30,20,115,0.5,1.0,0.0,True,,,,
C,30,20,115,0.5,1.0,0.0,False,3524.740605515353,0.5,85.11856247962035,92.37665463658429
C,30,20,115,0.5,1.0,0.5,True,,,,
C,30,20,115,0.5,1.0,0.5,False,3524.740605515353,0.5,85.11856247962035,92.37665463658429
C,30,20,115,0.5,1.0,1.0,True,2916.4850656873077,0.6732212696068764,33.10163965993148,44.16392834414658
C,30,20,115,0.5,1.0,1.0,False,,,,
C,30,20,115,0.95,0.0,0.0,True,,,,
C,30,20,115,0.95,0.0,0.0,False,,,,
C,30,20,115,0.95,0.0,0.5,True,,,,
C,30,20,115,0.95,0.0,0.5,False,,,,
C,30,20,115,0.95,0.0,1.0,True,,,,
C,30,20,115,0.95,0.0,1.0,False,,,,
C,30,20,115,0.95,0.1,0.0,True,,,,
C,30,20,115,0.95,0.1,0.0,False,,,,
C,30,20,115,0.95,0.1,0.5,True,,,,
C,30,20,115,0.95,0.1,0.5,False,,,,
C,30,20,115,0.95,0.1,1.0,True,,,,
C,30,20,115,0.95,0.1,1.0,False,,,,
C,30,20,115,0.95,1.0,0.0,True,,,,
C,30,20,115,0.95,1.0,0.0,False,,,,
C,30,20,115,0.95,1.0,0.5,True,,,,
C,30,20,115,0.95,1.0,0.5,False,,,,
C,30,20,115,0.95,1.0,1.0,True,,,,
C,30,20,115,0.95,1.0,1.0,False,,,,
C,30,20,120,0.3,0.0,0.0,True,,,,
C,30,20,120,0.3,0.0,0.0,False,4843.252276703164,0.5,87.14648187469137,94.88950588592694
C,30,20,120,0.3,0.0,0.5,True,,,,
C,30,20,120,0.3,0.0,0.5,False,4843.252276703164,0.5,87.14648187469137,94.88950588592694
C,30,20,120,0.3,0.0,1.0,True,,,,
C,30,20,120,0.3,0.0,1.0,False,4843.252276703164,0.5,87.14648187469137,94.88950588592694
C,30,20,120,0.3,0.1,0.0,True,,,,
C,30,20,120,0.3,0.1,0.0,False,4863.533138923494,0.5,87.17765061603217,94.95806166929599
C,30,20,120,0.3,0.1,0.5,True,,,,
C,30,20,120,0.3,0.1,0.5,False,4863.533138923494,0.5,87.17765061603217,94.95806166929599
C,30,20,120,0.3,0.1,1.0,True,,,,
C,30,20,120,0.3,0.1,1.0,False,4619.778850250814,0.5,85.52227848101266,93.528614723794
C,30,20,120,0.3,1.0,0.0,True,,,,
C,30,20,120,0.3,1.0,0.0,False,4863.533138923494,0.5,87.17765061603217,94.95806166929599
C,30,20,120,0.3,1.0,0.5,True,,,,
C,30,20,120,0.3,1.0,0.5,False,4863.533138923494,0.5,87.17765061603217,94.95806166929599
C,30,20,120,0.3,1.0,1.0,True,363.9378579549915,0.8200225443528708,43.04610950603323,51.36296384822829
C,30,20,120,0.3,1.0,1.0,False,,,,
C,30,20,120,0.5,0.0,0.0,True,,,,
C,30,20,120,0.5,0.0,0.0,False,4843.252276703164,0.5,87.14648187469137,94.88950588592694
C,30,20,120,0.5,0.0,0.5,True,,,,
C,30,20,120,0.5,0.0,0.5,False,4843.252276703164,0.5,87.14648187469137,94.88950588592694
C,30,20,120,0.5,0.0,1.0,True,,,,
C,30,20,120,0.5,0.0,1.0,False,4843.252276703164,0.5,87.14648187469137,94.88950588592694
C,30,20,120,0.5,0.1,0.0,True,,,,
C,30,20,120,0.5,0.1,0.0,False,4863.533138923494,0.5,87.17765061603217,94.95806166929599
C,30,20,120,0.5,0.1,0.5,True,,,,
C,30,20,120,0.5,0.1,0.5,False,4863.533138923494,0.5,87.17765061603217,94.95806166929599
C,30,20,120,0.5,0.1,1.0,True,,,,
C,30,20,120,0.5,0.1,1.0,False,4619.778850250814,0.5,85.52227848101266,93.528614723794
C,30,20,120,0.5,1.0,0.0,True,,,,
C,30,20,120,0.5,1.0,0.0,False,4863.533138923494,0.5,87.17765061603217,94.95806166929599
C,30,20,120,0.5,1.0,0.5,True,,,,
C,30,20,120,0.5,1.0,0.5,False,4863.533138923494,0.5,87.17765061603217,94.95806166929599
C,30,20,120,0.5,1.0,1.0,True,2916.054377030472,0.6682905986822916,31.095966864646158,43.820683550548495
C,30,20,120,0.5,1.0,1.0,False,,,,
C,30,20,120,0.95,0.0,0.0,True,,,,
C,30,20,120,0.95,0.0,0.0,False,,,,
C,30,20,120,0.95,0.0,0.5,True,,,,
C,30,20,120,0.95,0.0,0.5,False,,,,
C,30,20,120,0.95,0.0,1.0,True,,,,
C,30,20,120,0.95,0.0,1.0,False,,,,
C,30,20,120,0.95,0.1,0.0,True,,,,
C,30,20,120,0.95,0.1,0.0,False,,,,
C,30,20,120,0.95,0.1,0.5,True,,,,
C,30,20,120,0.95,0.1,0.5,False,,,,
C,30,20,120,0.95,0.1,1.0,True,,,,
C,30,20,120,0.95,0.1,1.0,False,,,,
C,30,20,120,0.95,1.0,0.0,True,,,,
C,30,20,120,0.95,1.0,0.0,False,,,,
C,30,20,120,0.95,1.0,0.5,True,,,,
C,30,20,120,0.95,1.0,0.5,False,,,,
C,30,20,120,0.95,1.0,1.0,True,,,,
C,30,20,120,0.95,1.0,1.0,False,,,,
C,30,20,125,0.3,0.0,0.0,True,,,,
C,30,20,125,0.3,0.0,0.0,False,6650.8705269816965,0.5,89.03919270111845,97.30035521133935
C,30,20,125,0.3,0.0,0.5,True,,,,
C,30,20,125,0.3,0.0,0.5,False,6650.8705269816965,0.5,89.03919270111845,97.30035521133935
C,30,20,125,0.3,0.0,1.0,True,,,,
C,30,20,125,0.3,0.0,1.0,False,6650.8705269816965,0.5,89.03919270111845,97.30035521133935
C,30,20,125,0.3,0.1,0.0,True,,,,
C,30,20,125,0.3,0.1,0.0,False,6678.330961415239,0.5,89.07786578880173,97.37688537432683
C,30,20,125,0.3,0.1,0.5,True,,,,
C,30,20,125,0.3,0.1,0.5,False,6678.330961415239,0.5,89.07786578880173,97.37688537432683
C,30,20,125,0.3,0.1,1.0,True,,,,
C,30,20,125,0.3,0.1,1.0,False,6326.156101366848,0.5,87.3093670886076,95.84002757760429
C,30,20,125,0.3,1.0,0.0,True,,,,
C,30,20,125,0.3,1.0,0.0,False,6678.330961415239,0.5,89.07786578880173,97.37688537432683
C,30,20,125,0.3,1.0,0.5,True,,,,
C,30,20,125,0.3,1.0,0.5,False,6678.330961415239,0.5,89.07786578880173,97.37688537432683
C,30,20,125,0.3,1.0,1.0,True,449.5034034190186,0.8152026251707194,44.903360332396886,52.9941806706299
C,30,20,125,0.3,1.0,1.0,False,,,,
C,30,20,125,0.5,0.0,0.0,True,,,,
C,30,20,125,0.5,0.0,0.0,False,6650.8705269816965,0.5,89.03919270111845,97.30035521133935
C,30,20,125,0.5,0.0,0.5,True,,,,
C,30,20,125,0.5,0.0,0.5,False,6650.8705269816965,0.5,89.03919270111845,97.30035521133935
C,30,20,125,0.5,0.0,1.0,True,,,,
C,30,20,125,0.5,0.0,1.0,False,6650.8705269816965,0.5,89.03919270111845,97.30035521133935
C,30,20,125,0.5,0.1,0.0,True,,,,
C,30,20,125,0.5,0.1,0.0,False,6678.330961415239,0.5,89.07786578880173,97.37688537432683
C,30,20,125,0.5,0.1,0.5,True,,,,
C,30,20,125,0.5,0.1,0.5,False,6678.330961415239,0.5,89.07786578880173,97.37688537432683
C,30,20,125,0.5,0.1,1.0,True,,,,
C,30,20,125,0.5,0.1,1.0,False,6326.156101366848,0.5,87.3093670886076,95.84002757760429
C,30,20,125,0.5,1.0,0.0,True,,,,
C,30,20,125,0.5,1.0,0.0,False,6678.330961415239,0.5,89.07786578880173,97.37688537432683
C,30,20,125,0.5,1.0,0.5,True,,,,
C,30,20,125,0.5,1.0,0.5,False,6678.330961415239,0.5,89.07786578880173,97.37688537432683
C,30,20,125,0.5,1.0,1.0,True,2915.8149781524808,0.6642670526667898,29.258942960322784,43.71457953453816
C,30,20,125,0.5,1.0,1.0,False,,,,
C,30,20,125,0.95,0.0,0.0,True,,,,
C,30,20,125,0.95,0.0,0.0,False,,,,
C,30,20,125,0.95,0.0,0.5,True,,,,
C,30,20,125,0.95,0.0,0.5,False,,,,
C,30,20,125,0.95,0.0,1.0,True,,,,
C,30,20,125,0.95,0.0,1.0,False,,,,
C,30,20,125,0.95,0.1,0.0,True,,,,
C,30,20,125,0.95,0.1,0.0,False,,,,
C,30,20,125,0.95,0.1,0.5,True,,,,
C,30,20,125,0.95,0.1,0.5,False,,,,
C,30,20,125,0.95,0.1,1.0,True,,,,
C,30,20,125,0.95,0.1,1.0,False,,,,
C,30,20,125,0.95,1.0,0.0,True,,,,
C,30,20,125,0.95,1.0,0.0,False,,,,
C,30,20,125,0.95,1.0,0.5,True,,,,
C,30,20,125,0.95,1.0,0.5,False,,,,
C,30,20,125,0.95,1.0,1.0,True,,,,
C,30,20,125,0.95,1.0,1.0,False,,,,
D,20,10,115,0.3,0.0,0.0,True,,,,
D,20,10,115,0.3,0.0,0.0,False,3724.458511199092,0.5,86.82436528727023,93.84138799026562
D,20,10,115,0.3,0.0,0.5,True,,,,
D,20,10,115,0.3,0.0,0.5,False,3724.458511199092,0.5,86.82436528727023,93.84138799026562
D,20,10,115,0.3,0.0,1.0,True,,,,
D,20,10,115,0.3,0.0,1.0,False,3724.458511199092,0.5,86.82436528727023,93.84138799026562
D,20,10,115,0.3,0.1,0.0,True,,,,
D,20,10,115,0.3,0.1,0.0,False,3750.100155118604,0.5,87.09291222508917,94.03913806342366
D,20,10,115,0.3,0.1,0.5,True,,,,
D,20,10,115,0.3,0.1,0.5,False,3750.100155118604,0.5,87.09291222508917,94.03913806342366
D,20,10,115,0.3,0.1,1.0,True,,,,
D,20,10,115,0.3,0.1,1.0,False,3594.495673331894,0.5,85.65957446808511,92.83220583243894
D,20,10,115,0.3,1.0,0.0,True,,,,
D,20,10,115,0.3,1.0,0.0,False,3750.100155118604,0.5,87.09291222508917,94.03913806342366
D,20,10,115,0.3,1.0,0.5,True,209.77808253181126,0.8551878536533933,38.53944260746339,47.16783268548207
D,20,10,115,0.3,1.0,0.5,False,3750.100155118604,0.5,87.09291222508917,94.03913806342366
D,20,10,115,0.3,1.0,1.0,True,,,,
D,20,10,115,0.3,1.0,1.0,False,3594.495673331894,0.5,85.65957446808511,92.83220583243894
D,20,10,115,0.5,0.0,0.0,True,,,,
D,20,10,115,0.5,0.0,0.0,False,3724.458511199092,0.5,86.82436528727023,93.84138799026562
D,20,10,115,0.5,0.0,0.5,True,,,,
D,20,10,115,0.5,0.0,0.5,False,3724.458511199092,0.5,86.82436528727023,93.84138799026562
D,20,10,115,0.5,0.0,1.0,True,,,,
D,20,10,115,0.5,0.0,1.0,False,3724.458511199092,0.5,86.82436528727023,93.84138799026562
D,20,10,115,0.5,0.1,0.0,True,,,,
D,20,10,115,0.5,0.1,0.0,False,3750.100155118604,0.5,87.09291222508917,94.03913806342366
D,20,10,115,0.5,0.1,0.5,True,,,,
D,20,10,115,0.5,0.1,0.5,False,3750.100155118604,0.5,87.09291222508917,94.03913806342366
D,20,10,115,0.5,0.1,1.0,True,,,,
D,20,10,115,0.5,0.1,1.0,False,3594.495673331894,0.5,85.65957446808511,92.83220583243894
D,20,10,115,0.5,1.0,0.0,True,,,,
D,20,10,115,0.5,1.0,0.0,False,3750.100155118604,0.5,87.09291222508917,94.03913806342366
D,20,10,115,0.5,1.0,0.5,True,2591.886671381888,0.677727691280357,32.0266887104393,42.81045159979692
D,20,10,115,0.5,1.0,0.5,False,3750.100155118604,0.5,87.09291222508917,94.03913806342366
D,20,10,115,0.5,1.0,1.0,True,,,,
D,20,10,115,0.5,1.0,1.0,False,3594.495673331894,0.5,85.65957446808511,92.83220583243894
D,20,10,115,0.95,0.0,0.0,True,,,,
D,20,10,115,0.95,0.0,0.0,False,,,,
D,20,10,115,0.95,0.0,0.5,True,,,,
D,20,10,115,0.95,0.0,0.5,False,,,,
D,20,10,115,0.95,0.0,1.0,True,,,,
D,20,10,115,0.95,0.0,1.0,False,,,,
D,20,10,115,0.95,0.1,0.0,True,,,,
D,20,10,115,0.95,0.1,0.0,False,,,,
D,20,10,115,0.95,0.1,0.5,True,,,,
D,20,10,115,0.95,0.1,0.5,False,,,,
D,20,10,115,0.95,0.1,1.0,True,,,,
D,20,10,115,0.95,0.1,1.0,False,,,,
D,20,10,115,0.95,1.0,0.0,True,,,,
D,20,10,115,0.95,1.0,0.0,False,,,,
D,20,10,115,0.95,1.0,0.5,True,,,,
D,20,10,115,0.95,1.0,0.5,False,,,,
D,20,10,115,0.95,1.0,1.0,True,,,,
D,20,10,115,0.95,1.0,1.0,False,,,,
D,20,10,120,0.3,0.0,0.0,True,,,,
D,20,10,120,0.3,0.0,0.0,False,5173.285582697514,0.5,89.0520644688299,96.58915589031261
D,20,10,120,0.3,0.0,0.5,True,,,,
D,20,10,120,0.3,0.0,0.5,False,5173.285582697514,0.5,89.0520644688299,96.58915589031261
D,20,10,120,0.3,0.0,1.0,True,,,,
D,20,10,120,0.3,0.0,1.0,False,5173.285582697514,0.5,89.0520644688299,96.58915589031261
D,20,10,120,0.3,0.1,0.0,True,,,,
D,20,10,120,0.3,0.1,0.0,False,5212.577638040541,0.5,89.34158066984057,96.80670456373642
D,20,10,120,0.3,0.1,0.5,True,,,,
D,20,10,120,0.3,0.1,0.5,False,5212.577638040541,0.5,89.34158066984057,96.80670456373642
D,20,10,120,0.3,0.1,1.0,True,,,,
D,20,10,120,0.3,0.1,1.0,False,4985.185934270506,0.5,87.79787234042553,95.49973945727088
D,20,10,120,0.3,1.0,0.0,True,,,,
D,20,10,120,0.3,1.0,0.0,False,5212.577638040541,0.5,89.34158066984057,96.80670456373642
D,20,10,120,0.3,1.0,0.5,True,259.35160068846847,0.8511517498789687,40.236891828058575,48.68851329985363
D,20,10,120,0.3,1.0,0.5,False,5212.577638040541,0.5,89.34158066984057,96.80670456373642
D,20,10,120,0.3,1.0,1.0,True,,,,
D,20,10,120,0.3,1.0,1.0,False,4985.185934270506,0.5,87.79787234042553,95.49973945727088
D,20,10,120,0.5,0.0,0.0,True,,,,
D,20,10,120,0.5,0.0,0.0,False,5173.285582697514,0.5,89.0520644688299,96.58915589031261
D,20,10,120,0.5,0.0,0.5,True,,,,
D,20,10,120,0.5,0.0,0.5,False,5173.285582697514,0.5,89.0520644688299,96.58915589031261
D,20,10,120,0.5,0.0,1.0,True,,,,
D,20,10,120,0.5,0.0,1.0,False,5173.285582697514,0.5,89.0520644688299,96.58915589031261
D,20,10,120,0.5,0.1,0.0,True,,,,
D,20,10,120,0.5,0.1,0.0,False,5212.577638040541,0.5,89.34158066984057,96.80670456373642
D,20,10,120,0.5,0.1,0.5,True,,,,
D,20,10,120,0.5,0.1,0.5,False,5212.577638040541,0.5,89.34158066984057,96.80670456373642
D,20,10,120,0.5,0.1,1.0,True,,,,
D,20,10,120,0.5,0.1,1.0,False,4985.185934270506,0.5,87.79787234042553,95.49973945727088
D,20,10,120,0.5,1.0,0.0,True,,,,
D,20,10,120,0.5,1.0,0.0,False,5212.577638040541,0.5,89.34158066984057,96.80670456373642
D,20,10,120,0.5,1.0,0.5,True,2591.4263680769154,0.6721765068147606,29.882853094000946,42.43170622260833
D,20,10,120,0.5,1.0,0.5,False,5212.577638040541,0.5,89.34158066984057,96.80670456373642
D,20,10,120,0.5,1.0,1.0,True,,,,
D,20,10,120,0.5,1.0,1.0,False,4985.185934270506,0.5,87.79787234042553,95.49973945727088
D,20,10,120,0.95,0.0,0.0,True,,,,
D,20,10,120,0.95,0.0,0.0,False,,,,
D,20,10,120,0.95,0.0,0.5,True,,,,
D,20,10,120,0.95,0.0,0.5,False,,,,
D,20,10,120,0.95,0.0,1.0,True,,,,
D,20,10,120,0.95,0.0,1.0,False,,,,
D,20,10,120,0.95,0.1,0.0,True,,,,
D,20,10,120,0.95,0.1,0.0,False,,,,
D,20,10,120,0.95,0.1,0.5,True,,,,
D,20,10,120,0.95,0.1,0.5,False,,,,
D,20,10,120,0.95,0.1,1.0,True,,,,
D,20,10,120,0.95,0.1,1.0,False,,,,
D,20,10,120,0.95,1.0,0.0,True,,,,
D,20,10,120,0.95,1.0,0.0,False,,,,
D,20,10,120,0.95,1.0,0.5,True,,,,
D,20,10,120,0.95,1.0,0.5,False,,,,
D,20,10,120,0.95,1.0,1.0,True,,,,
D,20,10,120,0.95,1.0,1.0,False,,,,
D,20,10,125,0.3,0.0,0.0,True,,,,
D,20,10,125,0.3,0.0,0.0,False,7152.989388022948,0.5,91.12450696062464,99.1813641902136
D,20,10,125,0.3,0.0,0.5,True,,,,
D,20,10,125,0.3,0.0,0.5,False,7152.989388022948,0.5,91.12450696062464,99.1813641902136
D,20,10,125,0.3,0.0,1.0,True,,,,
D,20,10,125,0.3,0.0,1.0,False,7152.989388022948,0.5,91.12450696062464,99.1813641902136
D,20,10,125,0.3,0.1,0.0,True,,,,
D,20,10,125,0.3,0.1,0.0,False,7211.562029169401,0.5,91.43418368242077,99.41805233713401
D,20,10,125,0.3,0.1,0.5,True,,,,
D,20,10,125,0.3,0.1,0.5,False,7211.562029169401,0.5,91.43418368242077,99.41805233713401
D,20,10,125,0.3,0.1,1.0,True,,,,
D,20,10,125,0.3,0.1,1.0,False,6884.777978924363,0.5,89.78652482269503,98.01682805294347
D,20,10,125,0.3,1.0,0.0,True,,,,
D,20,10,125,0.3,1.0,0.0,False,7211.562029169401,0.5,91.43418368242077,99.41805233713401
D,20,10,125,0.3,1.0,0.5,True,317.14415687704434,0.8465516594861188,42.10037789324516,50.18075264240412
D,20,10,125,0.3,1.0,0.5,False,7211.562029169401,0.5,91.43418368242077,99.41805233713401
D,20,10,125,0.3,1.0,1.0,True,,,,
D,20,10,125,0.3,1.0,1.0,False,6884.777978924363,0.5,89.78652482269503,98.01682805294347
D,20,10,125,0.5,0.0,0.0,True,,,,
D,20,10,125,0.5,0.0,0.0,False,7152.989388022948,0.5,91.12450696062464,99.1813641902136
D,20,10,125,0.5,0.0,0.5,True,,,,
D,20,10,125,0.5,0.0,0.5,False,7152.989388022948,0.5,91.12450696062464,99.1813641902136
D,20,10,125,0.5,0.0,1.0,True,,,,
D,20,10,125,0.5,0.0,1.0,False,7152.989388022948,0.5,91.12450696062464,99.1813641902136
D,20,10,125,0.5,0.1,0.0,True,,,,
D,20,10,125,0.5,0.1,0.0,False,7211.562029169401,0.5,91.43418368242077,99.41805233713401
D,20,10,125,0.5,0.1,0.5,True,,,,
D,20,10,125,0.5,0.1,0.5,False,7211.562029169401,0.5,91.43418368242077,99.41805233713401
D,20,10,125,0.5,0.1,1.0,True,,,,
D,20,10,125,0.5,0.1,1.0,False,6884.777978924363,0.5,89.78652482269503,98.01682805294347
D,20,10,125,0.5,1.0,0.0,True,,,,
D,20,10,125,0.5,1.0,0.0,False,7211.562029169401,0.5,91.43418368242077,99.41805233713401
D,20,10,125,0.5,1.0,0.5,True,2591.168552802106,0.6672926209756204,27.903637222484647,42.31367782560334
D,20,10,125,0.5,1.0,0.5,False,7211.562029169401,0.5,91.43418368242077,99.41805233713401
D,20,10,125,0.5,1.0,1.0,True,,,,
D,20,10,125,0.5,1.0,1.0,False,6884.777978924363,0.5,89.78652482269503,98.01682805294347
D,20,10,125,0.95,0.0,0.0,True,,,,
D,20,10,125,0.95,0.0,0.0,False,,,,
D,20,10,125,0.95,0.0,0.5,True,,,,
D,20,10,125,0.95,0.0,0.5,False,,,,
D,20,10,125,0.95,0.0,1.0,True,,,,
D,20,10,125,0.95,0.0,1.0,False,,,,
D,20,10,125,0.95,0.1,0.0,True,,,,
D,20,10,125,0.95,0.1,0.0,False,,,,
D,20,10,125,0.95,0.1,0.5,True,,,,
D,20,10,125,0.95,0.1,0.5,False,,,,
D,20,10,125,0.95,0.1,1.0,True,,,,
D,20,10,125,0.95,0.1,1.0,False,,,,
D,20,10,125,0.95,1.0,0.0,True,,,,
D,20,10,125,0.95,1.0,0.0,False,,,,
D,20,10,125,0.95,1.0,0.5,True,,,,
D,20,10,125,0.95,1.0,0.5,False,,,,
D,20,10,125,0.95,1.0,1.0,True,,,,
D,20,10,125,0.95,1.0,1.0,False,,,,
D,20,15,115,0.3,0.0,0.0,True,,,,
D,20,15,115,0.3,0.0,0.0,False,3736.0119778939497,0.5,87.07140468173917,93.98415112420423
D,20,15,115,0.3,0.0,0.5,True,,,,
D,20,15,115,0.3,0.0,0.5,False,3736.0119778939497,0.5,87.07140468173917,93.98415112420423
D,20,15,115,0.3,0.0,1.0,True,,,,
D,20,15,115,0.3,0.0,1.0,False,3736.0119778939497,0.5,87.07140468173917,93.98415112420423
D,20,15,115,0.3,0.1,0.0,True,,,,
D,20,15,115,0.3,0.1,0.0,False,3750.100155118604,0.5,87.09291222508917,94.03913806342366
D,20,15,115,0.3,0.1,0.5,True,,,,
D,20,15,115,0.3,0.1,0.5,False,3750.100155118604,0.5,87.09291222508917,94.03913806342366
D,20,15,115,0.3,0.1,1.0,True,,,,
D,20,15,115,0.3,0.1,1.0,False,3594.495673331894,0.5,85.65957446808511,92.83220583243894
D,20,15,115,0.3,1.0,0.0,True,,,,
D,20,15,115,0.3,1.0,0.0,False,3750.100155118604,0.5,87.09291222508917,94.03913806342366
D,20,15,115,0.3,1.0,0.5,True,,,,
D,20,15,115,0.3,1.0,0.5,False,3750.100155118604,0.5,87.09291222508917,94.03913806342366
D,20,15,115,0.3,1.0,1.0,True,308.9077108428218,0.8352474738029504,39.966326926073435,49.38869482026494
D,20,15,115,0.3,1.0,1.0,False,,,,
D,20,15,115,0.5,0.0,0.0,True,,,,
D,20,15,115,0.5,0.0,0.0,False,3736.0119778939497,0.5,87.07140468173917,93.98415112420423
D,20,15,115,0.5,0.0,0.5,True,,,,
D,20,15,115,0.5,0.0,0.5,False,3736.0119778939497,0.5,87.07140468173917,93.98415112420423
D,20,15,115,0.5,0.0,1.0,True,,,,
D,20,15,115,0.5,0.0,1.0,False,3736.0119778939497,0.5,87.07140468173917,93.98415112420423
D,20,15,115,0.5,0.1,0.0,True,,,,
D,20,15,115,0.5,0.1,0.0,False,3750.100155118604,0.5,87.09291222508917,94.03913806342366
D,20,15,115,0.5,0.1,0.5,True,,,,
D,20,15,115,0.5,0.1,0.5,False,3750.100155118604,0.5,87.09291222508917,94.03913806342366
D,20,15,115,0.5,0.1,1.0,True,,,,
D,20,15,115,0.5,0.1,1.0,False,3594.495673331894,0.5,85.65957446808511,92.83220583243894
D,20,15,115,0.5,1.0,0.0,True,,,,
D,20,15,115,0.5,1.0,0.0,False,3750.100155118604,0.5,87.09291222508917,94.03913806342366
D,20,15,115,0.5,1.0,0.5,True,,,,
D,20,15,115,0.5,1.0,0.5,False,3750.100155118604,0.5,87.09291222508917,94.03913806342366
D,20,15,115,0.5,1.0,1.0,True,2342.3383876651665,0.6768682600337067,30.504354176291343,41.840954654044296
D,20,15,115,0.5,1.0,1.0,False,,,,
D,20,15,115,0.95,0.0,0.0,True,,,,
D,20,15,115,0.95,0.0,0.0,False,,,,
D,20,15,115,0.95,0.0,0.5,True,,,,
D,20,15,115,0.95,0.0,0.5,False,,,,
D,20,15,115,0.95,0.0,1.0,True,,,,
D,20,15,115,0.95,0.0,1.0,False,,,,
D,20,15,115,0.95,0.1,0.0,True,,,,
D,20,15,115,0.95,0.1,0.0,False,,,,
D,20,15,115,0.95,0.1,0.5,True,,,,
D,20,15,115,0.95,0.1,0.5,False,,,,
D,20,15,115,0.95,0.1,1.0,True,,,,
D,20,15,115,0.95,0.1,1.0,False,,,,
D,20,15,115,0.95,1.0,0.0,True,,,,
D,20,15,115,0.95,1.0,0.0,False,,,,
D,20,15,115,0.95,1.0,0.5,True,,,,
D,20,15,115,0.95,1.0,0.5,False,,,,
D,20,15,115,0.95,1.0,1.0,True,,,,
D,20,15,115,0.95,1.0,1.0,False,,,,
D,20,15,120,0.3,0.0,0.0,True,,,,
D,20,15,120,0.3,0.0,0.0,False,5192.754656296216,0.5,89.31124165410901,96.74242403503682
D,20,15,120,0.3,0.0,0.5,True,,,,
D,20,15,120,0.3,0.0,0.5,False,5192.754656296216,0.5,89.31124165410901,96.74242403503682
D,20,15,120,0.3,0.0,1.0,True,,,,
D,20,15,120,0.3,0.0,1.0,False,5192.754656296216,0.5,89.31124165410901,96.74242403503682
D,20,15,120,0.3,0.1,0.0,True,,,,
D,20,15,120,0.3,0.1,0.0,False,5212.577638040541,0.5,89.34158066984057,96.80670456373642
D,20,15,120,0.3,0.1,0.5,True,,,,
D,20,15,120,0.3,0.1,0.5,False,5212.577638040541,0.5,89.34158066984057,96.80670456373642
D,20,15,120,0.3,0.1,1.0,True,,,,
D,20,15,120,0.3,0.1,1.0,False,4985.185934270506,0.5,87.79787234042553,95.49973945727088
D,20,15,120,0.3,1.0,0.0,True,,,,
D,20,15,120,0.3,1.0,0.0,False,5212.577638040541,0.5,89.34158066984057,96.80670456373642
D,20,15,120,0.3,1.0,0.5,True,,,,
D,20,15,120,0.3,1.0,0.5,False,5212.577638040541,0.5,89.34158066984057,96.80670456373642
D,20,15,120,0.3,1.0,1.0,True,391.8116983856748,0.8304893921077213,41.78324488393279,51.08248502796673
D,20,15,120,0.3,1.0,1.0,False,,,,
D,20,15,120,0.5,0.0,0.0,True,,,,
D,20,15,120,0.5,0.0,0.0,False,5192.754656296216,0.5,89.31124165410901,96.74242403503682
D,20,15,120,0.5,0.0,0.5,True,,,,
D,20,15,120,0.5,0.0,0.5,False,5192.754656296216,0.5,89.31124165410901,96.74242403503682
D,20,15,120,0.5,0.0,1.0,True,,,,
D,20,15,120,0.5,0.0,1.0,False,5192.754656296216,0.5,89.31124165410901,96.74242403503682
D,20,15,120,0.5,0.1,0.0,True,,,,
D,20,15,120,0.5,0.1,0.0,False,5212.577638040541,0.5,89.34158066984057,96.80670456373642
D,20,15,120,0.5,0.1,0.5,True,,,,
D,20,15,120,0.5,0.1,0.5,False,5212.577638040541,0.5,89.34158066984057,96.80670456373642
D,20,15,120,0.5,0.1,1.0,True,,,,
D,20,15,120,0.5,0.1,1.0,False,4985.185934270506,0.5,87.79787234042553,95.49973945727088
D,20,15,120,0.5,1.0,0.0,True,,,,
D,20,15,120,0.5,1.0,0.0,False,5212.577638040541,0.5,89.34158066984057,96.80670456373642
D,20,15,120,0.5,1.0,0.5,True,,,,
D,20,15,120,0.5,1.0,0.5,False,5212.577638040541,0.5,89.34158066984057,96.80670456373642
D,20,15,120,0.5,1.0,1.0,True,2341.8561636880463,0.6714529203851599,28.257447391645712,41.4350537467679
D,20,15,120,0.5,1.0,1.0,False,,,,
D,20,15,120,0.95,0.0,0.0,True,,,,
D,20,15,120,0.95,0.0,0.0,False,,,,
D,20,15,120,0.95,0.0,0.5,True,,,,
D,20,15,120,0.95,0.0,0.5,False,,,,
D,20,15,120,0.95,0.0,1.0,True,,,,
D,20,15,120,0.95,0.0,1.0,False,,,,
D,20,15,120,0.95,0.1,0.0,True,,,,
D,20,15,120,0.95,0.1,0.0,False,,,,
D,20,15,120,0.95,0.1,0.5,True,,,,
D,20,15,120,0.95,0.1,0.5,False,,,,
D,20,15,120,0.95,0.1,1.0,True,,,,
D,20,15,120,0.95,0.1,1.0,False,,,,
D,20,15,120,0.95,1.0,0.0,True,,,,
D,20,15,120,0.95,1.0,0.0,False,,,,
D,20,15,120,0.95,1.0,0.5,True,,,,
D,20,15,120,0.95,1.0,0.5,False,,,,
D,20,15,120,0.95,1.0,1.0,True,,,,
D,20,15,120,0.95,1.0,1.0,False,,,,
D,20,15,125,0.3,0.0,0.0,True,,,,
D,20,15,125,0.3,0.0,0.0,False,7184.090023632818,0.5,91.39583394674645,99.34542507405573
D,20,15,125,0.3,0.0,0.5,True,,,,
D,20,15,125,0.3,0.0,0.5,False,7184.090023632818,0.5,91.39583394674645,99.34542507405573
D,20,15,125,0.3,0.0,1.0,True,,,,
D,20,15,125,0.3,0.0,1.0,False,7184.090023632818,0.5,91.39583394674645,99.34542507405573
D,20,15,125,0.3,0.1,0.0,True,,,,
D,20,15,125,0.3,0.1,0.0,False,7211.562029169401,0.5,91.43418368242077,99.41805233713401
D,20,15,125,0.3,0.1,0.5,True,,,,
D,20,15,125,0.3,0.1,0.5,False,7211.562029169401,0.5,91.43418368242077,99.41805233713401
D,20,15,125,0.3,0.1,1.0,True,,,,
D,20,15,125,0.3,0.1,1.0,False,6884.777978924363,0.5,89.78652482269503,98.01682805294347
D,20,15,125,0.3,1.0,0.0,True,,,,
D,20,15,125,0.3,1.0,0.0,False,7211.562029169401,0.5,91.43418368242077,99.41805233713401
D,20,15,125,0.3,1.0,0.5,True,,,,
D,20,15,125,0.3,1.0,0.5,False,7211.562029169401,0.5,91.43418368242077,99.41805233713401
D,20,15,125,0.3,1.0,1.0,True,491.664380548016,0.8256009507434113,43.76971770000432,52.7492310911212
D,20,15,125,0.3,1.0,1.0,False,,,,
D,20,15,125,0.5,0.0,0.0,True,,,,
D,20,15,125,0.5,0.0,0.0,False,7184.090023632818,0.5,91.39583394674645,99.34542507405573
D,20,15,125,0.5,0.0,0.5,True,,,,
D,20,15,125,0.5,0.0,0.5,False,7184.090023632818,0.5,91.39583394674645,99.34542507405573
D,20,15,125,0.5,0.0,1.0,True,,,,
D,20,15,125,0.5,0.0,1.0,False,7184.090023632818,0.5,91.39583394674645,99.34542507405573
D,20,15,125,0.5,0.1,0.0,True,,,,
D,20,15,125,0.5,0.1,0.0,False,7211.562029169401,0.5,91.43418368242077,99.41805233713401
D,20,15,125,0.5,0.1,0.5,True,,,,
D,20,15,125,0.5,0.1,0.5,False,7211.562029169401,0.5,91.43418368242077,99.41805233713401
D,20,15,125,0.5,0.1,1.0,True,,,,
D,20,15,125,0.5,0.1,1.0,False,6884.777978924363,0.5,89.78652482269503,98.01682805294347
D,20,15,125,0.5,1.0,0.0,True,,,,
D,20,15,125,0.5,1.0,0.0,False,7211.562029169401,0.5,91.43418368242077,99.41805233713401
D,20,15,125,0.5,1.0,0.5,True,,,,
D,20,15,125,0.5,1.0,0.5,False,7211.562029169401,0.5,91.43418368242077,99.41805233713401
D,20,15,125,0.5,1.0,1.0,True,2341.5851151616216,0.6665839081274123,26.17158903451869,41.30927334322922
D,20,15,125,0.5,1.0,1.0,False,,,,
D,20,15,125,0.95,0.0,0.0,True,,,,
D,20,15,125,0.95,0.0,0.0,False,,,,
D,20,15,125,0.95,0.0,0.5,True,,,,
D,20,15,125,0.95,0.0,0.5,False,,,,
D,20,15,125,0.95,0.0,1.0,True,,,,
D,20,15,125,0.95,0.0,1.0,False,,,,
D,20,15,125,0.95,0.1,0.0,True,,,,
D,20,15,125,0.95,0.1,0.0,False,,,,
D,20,15,125,0.95,0.1,0.5,True,,,,
D,20,15,125,0.95,0.1,0.5,False,,,,
D,20,15,125,0.95,0.1,1.0,True,,,,
D,20,15,125,0.95,0.1,1.0,False,,,,
D,20,15,125,0.95,1.0,0.0,True,,,,
D,20,15,125,0.95,1.0,0.0,False,,,,
D,20,15,125,0.95,1.0,0.5,True,,,,
D,20,15,125,0.95,1.0,0.5,False,,,,
D,20,15,125,0.95,1.0,1.0,True,,,,
D,20,15,125,0.95,1.0,1.0,False,,,,
D,20,20,115,0.3,0.0,0.0,True,,,,
D,20,20,115,0.3,0.0,0.0,False,3778.4229437826734,0.5,87.2939272440445,94.22574821709708
D,20,20,115,0.3,0.0,0.5,True,,,,
D,20,20,115,0.3,0.0,0.5,False,3778.4229437826734,0.5,87.2939272440445,94.22574821709708
D,20,20,115,0.3,0.0,1.0,True,,,,
D,20,20,115,0.3,0.0,1.0,False,3778.4229437826734,0.5,87.2939272440445,94.22574821709708
D,20,20,115,0.3,0.1,0.0,True,,,,
D,20,20,115,0.3,0.1,0.0,False,3750.100155118604,0.5,87.09291222508917,94.03913806342366
D,20,20,115,0.3,0.1,0.5,True,,,,
D,20,20,115,0.3,0.1,0.5,False,3789.0012755652815,0.5,87.45124666434018,94.34087112116984
D,20,20,115,0.3,0.1,1.0,True,,,,
D,20,20,115,0.3,0.1,1.0,False,3594.495673331894,0.5,85.65957446808511,92.83220583243894
D,20,20,115,0.3,1.0,0.0,True,,,,
D,20,20,115,0.3,1.0,0.0,False,3750.100155118604,0.5,87.09291222508917,94.03913806342366
D,20,20,115,0.3,1.0,0.5,True,,,,
D,20,20,115,0.3,1.0,0.5,False,3750.100155118604,0.5,87.09291222508917,94.03913806342366
D,20,20,115,0.3,1.0,1.0,True,339.15580970756014,0.83049164563282,39.600249373469666,49.47489593976927
D,20,20,115,0.3,1.0,1.0,False,3594.495673331894,0.5,85.65957446808511,92.83220583243894
D,20,20,115,0.5,0.0,0.0,True,,,,
D,20,20,115,0.5,0.0,0.0,False,3778.4229437826734,0.5,87.2939272440445,94.22574821709708
D,20,20,115,0.5,0.0,0.5,True,,,,
D,20,20,115,0.5,0.0,0.5,False,3778.4229437826734,0.5,87.2939272440445,94.22574821709708
D,20,20,115,0.5,0.0,1.0,True,,,,
D,20,20,115,0.5,0.0,1.0,False,3778.4229437826734,0.5,87.2939272440445,94.22574821709708
D,20,20,115,0.5,0.1,0.0,True,,,,
D,20,20,115,0.5,0.1,0.0,False,3750.100155118604,0.5,87.09291222508917,94.03913806342366
D,20,20,115,0.5,0.1,0.5,True,,,,
D,20,20,115,0.5,0.1,0.5,False,3789.0012755652815,0.5,87.45124666434018,94.34087112116984
D,20,20,115,0.5,0.1,1.0,True,,,,
D,20,20,115,0.5,0.1,1.0,False,3594.495673331894,0.5,85.65957446808511,92.83220583243894
D,20,20,115,0.5,1.0,0.0,True,,,,
D,20,20,115,0.5,1.0,0.0,False,3750.100155118604,0.5,87.09291222508917,94.03913806342366
D,20,20,115,0.5,1.0,0.5,True,,,,
D,20,20,115,0.5,1.0,0.5,False,3750.100155118604,0.5,87.09291222508917,94.03913806342366
D,20,20,115,0.5,1.0,1.0,True,2409.3008783176847,0.6732540380678262,30.515999874124816,42.029653895861756
D,20,20,115,0.5,1.0,1.0,False,3594.495673331894,0.5,85.65957446808511,92.83220583243894
D,20,20,115,0.95,0.0,0.0,True,,,,
D,20,20,115,0.95,0.0,0.0,False,,,,
D,20,20,115,0.95,0.0,0.5,True,,,,
D,20,20,115,0.95,0.0,0.5,False,,,,
D,20,20,115,0.95,0.0,1.0,True,,,,
D,20,20,115,0.95,0.0,1.0,False,,,,
D,20,20,115,0.95,0.1,0.0,True,,,,
D,20,20,115,0.95,0.1,0.0,False,,,,
D,20,20,115,0.95,0.1,0.5,True,,,,
D,20,20,115,0.95,0.1,0.5,False,,,,
D,20,20,115,0.95,0.1,1.0,True,,,,
D,20,20,115,0.95,0.1,1.0,False,,,,
D,20,20,115,0.95,1.0,0.0,True,,,,
D,20,20,115,0.95,1.0,0.0,False,,,,
D,20,20,115,0.95,1.0,0.5,True,,,,
D,20,20,115,0.95,1.0,0.5,False,,,,
D,20,20,115,0.95,1.0,1.0,True,,,,
D,20,20,115,0.95,1.0,1.0,False,,,,
D,20,20,120,0.3,0.0,0.0,True,,,,
D,20,20,120,0.3,0.0,0.0,False,5255.32454167845,0.5,89.56467068850525,97.0147824943574
D,20,20,120,0.3,0.0,0.5,True,,,,
D,20,20,120,0.3,0.0,0.5,False,5255.32454167845,0.5,89.56467068850525,97.0147824943574
D,20,20,120,0.3,0.0,1.0,True,,,,
D,20,20,120,0.3,0.0,1.0,False,5255.32454167845,0.5,89.56467068850525,97.0147824943574
D,20,20,120,0.3,0.1,0.0,True,,,,
D,20,20,120,0.3,0.1,0.0,False,5212.577638040541,0.5,89.34158066984057,96.80670456373642
D,20,20,120,0.3,0.1,0.5,True,,,,
D,20,20,120,0.3,0.1,0.5,False,5269.42556398305,0.5,89.72750775219433,97.13344584035279
D,20,20,120,0.3,0.1,1.0,True,,,,
D,20,20,120,0.3,0.1,1.0,False,4985.185934270506,0.5,87.79787234042553,95.49973945727088
D,20,20,120,0.3,1.0,0.0,True,,,,
D,20,20,120,0.3,1.0,0.0,False,5212.577638040541,0.5,89.34158066984057,96.80670456373642
D,20,20,120,0.3,1.0,0.5,True,,,,
D,20,20,120,0.3,1.0,0.5,False,5212.577638040541,0.5,89.34158066984057,96.80670456373642
D,20,20,120,0.3,1.0,1.0,True,429.57427835374915,0.8249868549680996,41.41249518203806,51.21643583569155
D,20,20,120,0.3,1.0,1.0,False,4985.185934270506,0.5,87.79787234042553,95.49973945727088
D,20,20,120,0.5,0.0,0.0,True,,,,
D,20,20,120,0.5,0.0,0.0,False,5255.32454167845,0.5,89.56467068850525,97.0147824943574
D,20,20,120,0.5,0.0,0.5,True,,,,
D,20,20,120,0.5,0.0,0.5,False,5255.32454167845,0.5,89.56467068850525,97.0147824943574
D,20,20,120,0.5,0.0,1.0,True,,,,
D,20,20,120,0.5,0.0,1.0,False,5255.32454167845,0.5,89.56467068850525,97.0147824943574
D,20,20,120,0.5,0.1,0.0,True,,,,
D,20,20,120,0.5,0.1,0.0,False,5212.577638040541,0.5,89.34158066984057,96.80670456373642
D,20,20,120,0.5,0.1,0.5,True,,,,
D,20,20,120,0.5,0.1,0.5,False,5269.42556398305,0.5,89.72750775219433,97.13344584035279
D,20,20,120,0.5,0.1,1.0,True,,,,
D,20,20,120,0.5,0.1,1.0,False,4985.185934270506,0.5,87.79787234042553,95.49973945727088
D,20,20,120,0.5,1.0,0.0,True,,,,
D,20,20,120,0.5,1.0,0.0,False,5212.577638040541,0.5,89.34158066984057,96.80670456373642
D,20,20,120,0.5,1.0,0.5,True,,,,
D,20,20,120,0.5,1.0,0.5,False,5212.577638040541,0.5,89.34158066984057,96.80670456373642
D,20,20,120,0.5,1.0,1.0,True,2408.810633774383,0.6680512127594582,28.231352478636367,41.61862573184632
D,20,20,120,0.5,1.0,1.0,False,4985.185934270506,0.5,87.79787234042553,95.49973945727088
D,20,20,120,0.95,0.0,0.0,True,,,,
D,20,20,120,0.95,0.0,0.0,False,,,,
D,20,20,120,0.95,0.0,0.5,True,,,,
D,20,20,120,0.95,0.0,0.5,False,,,,
D,20,20,120,0.95,0.0,1.0,True,,,,
D,20,20,120,0.95,0.0,1.0,False,,,,
D,20,20,120,0.95,0.1,0.0,True,,,,
D,20,20,120,0.95,0.1,0.0,False,,,,
D,20,20,120,0.95,0.1,0.5,True,,,,
D,20,20,120,0.95,0.1,0.5,False,,,,
D,20,20,120,0.95,0.1,1.0,True,,,,
D,20,20,120,0.95,0.1,1.0,False,,,,
D,20,20,120,0.95,1.0,0.0,True,,,,
D,20,20,120,0.95,1.0,0.0,False,,,,
D,20,20,120,0.95,1.0,0.5,True,,,,
D,20,20,120,0.95,1.0,0.5,False,,,,
D,20,20,120,0.95,1.0,1.0,True,,,,
D,20,20,120,0.95,1.0,1.0,False,,,,
D,20,20,125,0.3,0.0,0.0,True,,,,
D,20,20,125,0.3,0.0,0.0,False,7277.557306998942,0.5,91.68148727898252,99.65053482588901
D,20,20,125,0.3,0.0,0.5,True,,,,
D,20,20,125,0.3,0.0,0.5,False,7277.557306998942,0.5,91.68148727898252,99.65053482588901
D,20,20,125,0.3,0.0,1.0,True,,,,
D,20,20,125,0.3,0.0,1.0,False,7277.557306998942,0.5,91.68148727898252,99.65053482588901
D,20,20,125,0.3,0.1,0.0,True,,,,
D,20,20,125,0.3,0.1,0.0,False,7211.562029169401,0.5,91.43418368242077,99.41805233713401
D,20,20,125,0.3,0.1,0.5,True,,,,
D,20,20,125,0.3,0.1,0.5,False,7293.25804173066,0.5,91.84609839735221,99.76835840818165
D,20,20,125,0.3,0.1,1.0,True,,,,
D,20,20,125,0.3,0.1,1.0,False,6884.777978924363,0.5,89.78652482269503,98.01682805294347
D,20,20,125,0.3,1.0,0.0,True,,,,
D,20,20,125,0.3,1.0,0.0,False,7211.562029169401,0.5,91.43418368242077,99.41805233713401
D,20,20,125,0.3,1.0,0.5,True,,,,
D,20,20,125,0.3,1.0,0.5,False,7211.562029169401,0.5,91.43418368242077,99.41805233713401
D,20,20,125,0.3,1.0,1.0,True,535.7087195659191,0.8193761060785016,43.39611232597031,52.92995202530536
D,20,20,125,0.3,1.0,1.0,False,6884.777978924363,0.5,89.78652482269503,98.01682805294347
D,20,20,125,0.5,0.0,0.0,True,,,,
D,20,20,125,0.5,0.0,0.0,False,7277.557306998942,0.5,91.68148727898252,99.65053482588901
D,20,20,125,0.5,0.0,0.5,True,,,,
D,20,20,125,0.5,0.0,0.5,False,7277.557306998942,0.5,91.68148727898252,99.65053482588901
D,20,20,125,0.5,0.0,1.0,True,,,,
D,20,20,125,0.5,0.0,1.0,False,7277.557306998942,0.5,91.68148727898252,99.65053482588901
D,20,20,125,0.5,0.1,0.0,True,,,,
D,20,20,125,0.5,0.1,0.0,False,7211.562029169401,0.5,91.43418368242077,99.41805233713401
D,20,20,125,0.5,0.1,0.5,True,,,,
D,20,20,125,0.5,0.1,0.5,False,7293.25804173066,0.5,91.84609839735221,99.76835840818165
D,20,20,125,0.5,0.1,1.0,True,,,,
D,20,20,125,0.5,0.1,1.0,False,6884.777978924363,0.5,89.78652482269503,98.01682805294347
D,20,20,125,0.5,1.0,0.0,True,,,,
D,20,20,125,0.5,1.0,0.0,False,7211.562029169401,0.5,91.43418368242077,99.41805233713401
D,20,20,125,0.5,1.0,0.5,True,,,,
D,20,20,125,0.5,1.0,0.5,False,7211.562029169401,0.5,91.43418368242077,99.41805233713401
D,20,20,125,0.5,1.0,1.0,True,2408.533804606291,0.6635656563919228,26.106029505009232,41.48952471186989
D,20,20,125,0.5,1.0,1.0,False,6884.777978924363,0.5,89.78652482269503,98.01682805294347
D,20,20,125,0.95,0.0,0.0,True,,,,
D,20,20,125,0.95,0.0,0.0,False,,,,
D,20,20,125,0.95,0.0,0.5,True,,,,
D,20,20,125,0.95,0.0,0.5,False,,,,
D,20,20,125,0.95,0.0,1.0,True,,,,
D,20,20,125,0.95,0.0,1.0,False,,,,
D,20,20,125,0.95,0.1,0.0,True,,,,
D,20,20,125,0.95,0.1,0.0,False,,,,
D,20,20,125,0.95,0.1,0.5,True,,,,
D,20,20,125,0.95,0.1,0.5,False,,,,
D,20,20,125,0.95,0.1,1.0,True,,,,
D,20,20,125,0.95,0.1,1.0,False,,,,
D,20,20,125,0.95,1.0,0.0,True,,,,
D,20,20,125,0.95,1.0,0.0,False,,,,
D,20,20,125,0.95,1.0,0.5,True,,,,
D,20,20,125,0.95,1.0,0.5,False,,,,
D,20,20,125,0.95,1.0,1.0,True,,,,
D,20,20,125,0.95,1.0,1.0,False,,,,
D,25,10,115,0.3,0.0,0.0,True,,,,
D,25,10,115,0.3,0.0,0.0,False,3670.3332123103432,0.5,86.34673707341615,93.43393002040268
D,25,10,115,0.3,0.0,0.5,True,,,,
D,25,10,115,0.3,0.0,0.5,False,3670.3332123103432,0.5,86.34673707341615,93.43393002040268
D,25,10,115,0.3,0.0,1.0,True,,,,
D,25,10,115,0.3,0.0,1.0,False,3670.3332123103432,0.5,86.34673707341615,93.43393002040268
D,25,10,115,0.3,0.1,0.0,True,,,,
D,25,10,115,0.3,0.1,0.0,False,3640.991683654186,0.5,86.13879659571387,93.23920650765055
D,25,10,115,0.3,0.1,0.5,True,,,,
D,25,10,115,0.3,0.1,0.5,False,3681.301311790017,0.5,86.50968156371324,93.55428672477142
D,25,10,115,0.3,0.1,1.0,True,,,,
D,25,10,115,0.3,0.1,1.0,False,3479.753171110864,0.5,84.65525672371638,91.97888563916712
D,25,10,115,0.3,1.0,0.0,True,,,,
D,25,10,115,0.3,1.0,0.0,False,3640.991683654186,0.5,86.13879659571387,93.23920650765055
D,25,10,115,0.3,1.0,0.5,True,,,,
D,25,10,115,0.3,1.0,0.5,False,3640.991683654186,0.5,86.13879659571387,93.23920650765055
D,25,10,115,0.3,1.0,1.0,True,,,,
D,25,10,115,0.3,1.0,1.0,False,,,,
D,25,10,115,0.5,0.0,0.0,True,,,,
D,25,10,115,0.5,0.0,0.0,False,3670.3332123103432,0.5,86.34673707341615,93.43393002040268
D,25,10,115,0.5,0.0,0.5,True,,,,
D,25,10,115,0.5,0.0,0.5,False,3670.3332123103432,0.5,86.34673707341615,93.43393002040268
D,25,10,115,0.5,0.0,1.0,True,,,,
D,25,10,115,0.5,0.0,1.0,False,3670.3332123103432,0.5,86.34673707341615,93.43393002040268
D,25,10,115,0.5,0.1,0.0,True,,,,
D,25,10,115,0.5,0.1,0.0,False,3640.991683654186,0.5,86.13879659571387,93.23920650765055
D,25,10,115,0.5,0.1,0.5,True,,,,
D,25,10,115,0.5,0.1,0.5,False,3681.301311790017,0.5,86.50968156371324,93.55428672477142
D,25,10,115,0.5,0.1,1.0,True,,,,
D,25,10,115,0.5,0.1,1.0,False,3479.753171110864,0.5,84.65525672371638,91.97888563916712
D,25,10,115,0.5,1.0,0.0,True,,,,
D,25,10,115,0.5,1.0,0.0,False,3640.991683654186,0.5,86.13879659571387,93.23920650765055
D,25,10,115,0.5,1.0,0.5,True,,,,
D,25,10,115,0.5,1.0,0.5,False,3640.991683654186,0.5,86.13879659571387,93.23920650765055
D,25,10,115,0.5,1.0,1.0,True,,,,
D,25,10,115,0.5,1.0,1.0,False,,,,
D,25,10,115,0.95,0.0,0.0,True,,,,
D,25,10,115,0.95,0.0,0.0,False,,,,
D,25,10,115,0.95,0.0,0.5,True,,,,
D,25,10,115,0.95,0.0,0.5,False,,,,
D,25,10,115,0.95,0.0,1.0,True,,,,
D,25,10,115,0.95,0.0,1.0,False,,,,
D,25,10,115,0.95,0.1,0.0,True,,,,
D,25,10,115,0.95,0.1,0.0,False,,,,
D,25,10,115,0.95,0.1,0.5,True,,,,
D,25,10,115,0.95,0.1,0.5,False,,,,
D,25,10,115,0.95,0.1,1.0,True,,,,
D,25,10,115,0.95,0.1,1.0,False,,,,
D,25,10,115,0.95,1.0,0.0,True,,,,
D,25,10,115,0.95,1.0,0.0,False,,,,
D,25,10,115,0.95,1.0,0.5,True,,,,
D,25,10,115,0.95,1.0,0.5,False,,,,
D,25,10,115,0.95,1.0,1.0,True,,,,
D,25,10,115,0.95,1.0,1.0,False,,,,
D,25,10,120,0.3,0.0,0.0,True,,,,
D,25,10,120,0.3,0.0,0.0,False,5087.454983315911,0.5,88.52588636877815,96.13393079216684
D,25,10,120,0.3,0.0,0.5,True,,,,
D,25,10,120,0.3,0.0,0.5,False,5087.454983315911,0.5,88.52588636877815,96.13393079216684
D,25,10,120,0.3,0.0,1.0,True,,,,
D,25,10,120,0.3,0.0,1.0,False,5087.454983315911,0.5,88.52588636877815,96.13393079216684
D,25,10,120,0.3,0.1,0.0,True,,,,
D,25,10,120,0.3,0.1,0.0,False,5042.965335983925,0.5,88.29476869443629,95.91623920974898
D,25,10,120,0.3,0.1,0.5,True,,,,
D,25,10,120,0.3,0.1,0.5,False,5101.946705154299,0.5,88.69437773846101,96.25787052107555
D,25,10,120,0.3,0.1,1.0,True,,,,
D,25,10,120,0.3,0.1,1.0,False,4807.039859302429,0.5,86.69633251833741,94.54971396444277
D,25,10,120,0.3,1.0,0.0,True,,,,
D,25,10,120,0.3,1.0,0.0,False,5042.965335983925,0.5,88.29476869443629,95.91623920974898
D,25,10,120,0.3,1.0,0.5,True,,,,
D,25,10,120,0.3,1.0,0.5,False,5042.965335983925,0.5,88.29476869443629,95.91623920974898
D,25,10,120,0.3,1.0,1.0,True,,,,
D,25,10,120,0.3,1.0,1.0,False,,,,
D,25,10,120,0.5,0.0,0.0,True,,,,
D,25,10,120,0.5,0.0,0.0,False,5087.454983315911,0.5,88.52588636877815,96.13393079216684
D,25,10,120,0.5,0.0,0.5,True,,,,
D,25,10,120,0.5,0.0,0.5,False,5087.454983315911,0.5,88.52588636877815,96.13393079216684
D,25,10,120,0.5,0.0,1.0,True,,,,
D,25,10,120,0.5,0.0,1.0,False,5087.454983315911,0.5,88.52588636877815,96.13393079216684
D,25,10,120,0.5,0.1,0.0,True,,,,
D,25,10,120,0.5,0.1,0.0,False,5042.965335983925,0.5,88.29476869443629,95.91623920974898
D,25,10,120,0.5,0.1,0.5,True,,,,
D,25,10,120,0.5,0.1,0.5,False,5101.946705154299,0.5,88.69437773846101,96.25787052107555
D,25,10,120,0.5,0.1,1.0,True,,,,
D,25,10,120,0.5,0.1,1.0,False,4807.039859302429,0.5,86.69633251833741,94.54971396444277
D,25,10,120,0.5,1.0,0.0,True,,,,
D,25,10,120,0.5,1.0,0.0,False,5042.965335983925,0.5,88.29476869443629,95.91623920974898
D,25,10,120,0.5,1.0,0.5,True,,,,
D,25,10,120,0.5,1.0,0.5,False,5042.965335983925,0.5,88.29476869443629,95.91623920974898
D,25,10,120,0.5,1.0,1.0,True,,,,
D,25,10,120,0.5,1.0,1.0,False,,,,
D,25,10,120,0.95,0.0,0.0,True,,,,
D,25,10,120,0.95,0.0,0.0,False,,,,
D,25,10,120,0.95,0.0,0.5,True,,,,
D,25,10,120,0.95,0.0,0.5,False,,,,
D,25,10,120,0.95,0.0,1.0,True,,,,
D,25,10,120,0.95,0.0,1.0,False,,,,
D,25,10,120,0.95,0.1,0.0,True,,,,
D,25,10,120,0.95,0.1,0.0,False,,,,
D,25,10,120,0.95,0.1,0.5,True,,,,
D,25,10,120,0.95,0.1,0.5,False,,,,
D,25,10,120,0.95,0.1,1.0,True,,,,
D,25,10,120,0.95,0.1,1.0,False,,,,
D,25,10,120,0.95,1.0,0.0,True,,,,
D,25,10,120,0.95,1.0,0.0,False,,,,
D,25,10,120,0.95,1.0,0.5,True,,,,
D,25,10,120,0.95,1.0,0.5,False,,,,
D,25,10,120,0.95,1.0,1.0,True,,,,
D,25,10,120,0.95,1.0,1.0,False,,,,
D,25,10,125,0.3,0.0,0.0,True,,,,
D,25,10,125,0.3,0.0,0.0,False,7019.678364938652,0.5,90.54871473716706,98.67649579431043
D,25,10,125,0.3,0.0,0.5,True,,,,
D,25,10,125,0.3,0.0,0.5,False,7019.678364938652,0.5,90.54871473716706,98.67649579431043
D,25,10,125,0.3,0.0,1.0,True,,,,
D,25,10,125,0.3,0.0,1.0,False,7019.678364938652,0.5,90.54871473716706,98.67649579431043
D,25,10,125,0.3,0.1,0.0,True,,,,
D,25,10,125,0.3,0.1,0.0,False,6950.23615731947,0.5,90.29163422256218,98.43200841986697
D,25,10,125,0.3,0.1,0.5,True,,,,
D,25,10,125,0.3,0.1,0.5,False,7034.539175627299,0.5,90.71772126231029,98.79799018571492
D,25,10,125,0.3,0.1,1.0,True,,,,
D,25,10,125,0.3,0.1,1.0,False,6613.024084088157,0.5,88.58728606356968,96.96808135647518
D,25,10,125,0.3,1.0,0.0,True,,,,
D,25,10,125,0.3,1.0,0.0,False,6950.23615731947,0.5,90.29163422256218,98.43200841986697
D,25,10,125,0.3,1.0,0.5,True,,,,
D,25,10,125,0.3,1.0,0.5,False,6950.23615731947,0.5,90.29163422256218,98.43200841986697
D,25,10,125,0.3,1.0,1.0,True,,,,
D,25,10,125,0.3,1.0,1.0,False,,,,
D,25,10,125,0.5,0.0,0.0,True,,,,
D,25,10,125,0.5,0.0,0.0,False,7019.678364938652,0.5,90.54871473716706,98.67649579431043
D,25,10,125,0.5,0.0,0.5,True,,,,
D,25,10,125,0.5,0.0,0.5,False,7019.678364938652,0.5,90.54871473716706,98.67649579431043
D,25,10,125,0.5,0.0,1.0,True,,,,
D,25,10,125,0.5,0.0,1.0,False,7019.678364938652,0.5,90.54871473716706,98.67649579431043
D,25,10,125,0.5,0.1,0.0,True,,,,
D,25,10,125,0.5,0.1,0.0,False,6950.23615731947,0.5,90.29163422256218,98.43200841986697
D,25,10,125,0.5,0.1,0.5,True,,,,
D,25,10,125,0.5,0.1,0.5,False,7034.539175627299,0.5,90.71772126231029,98.79799018571492
D,25,10,125,0.5,0.1,1.0,True,,,,
D,25,10,125,0.5,0.1,1.0,False,6613.024084088157,0.5,88.58728606356968,96.96808135647518
D,25,10,125,0.5,1.0,0.0,True,,,,
D,25,10,125,0.5,1.0,0.0,False,6950.23615731947,0.5,90.29163422256218,98.43200841986697
D,25,10,125,0.5,1.0,0.5,True,,,,
D,25,10,125,0.5,1.0,0.5,False,6950.23615731947,0.5,90.29163422256218,98.43200841986697
D,25,10,125,0.5,1.0,1.0,True,,,,
D,25,10,125,0.5,1.0,1.0,False,,,,
D,25,10,125,0.95,0.0,0.0,True,,,,
D,25,10,125,0.95,0.0,0.0,False,,,,
D,25,10,125,0.95,0.0,0.5,True,,,,
D,25,10,125,0.95,0.0,0.5,False,,,,
D,25,10,125,0.95,0.0,1.0,True,,,,
D,25,10,125,0.95,0.0,1.0,False,,,,
D,25,10,125,0.95,0.1,0.0,True,,,,
D,25,10,125,0.95,0.1,0.0,False,,,,
D,25,10,125,0.95,0.1,0.5,True,,,,
D,25,10,125,0.95,0.1,0.5,False,,,,
D,25,10,125,0.95,0.1,1.0,True,,,,
D,25,10,125,0.95,0.1,1.0,False,,,,
D,25,10,125,0.95,1.0,0.0,True,,,,
D,25,10,125,0.95,1.0,0.0,False,,,,
D,25,10,125,0.95,1.0,0.5,True,,,,
D,25,10,125,0.95,1.0,0.5,False,,,,
D,25,10,125,0.95,1.0,1.0,True,,,,
D,25,10,125,0.95,1.0,1.0,False,,,,
D,25,15,115,0.3,0.0,0.0,True,,,,
D,25,15,115,0.3,0.0,0.0,False,3640.991683654186,0.5,86.13879659571387,93.23920650765055
D,25,15,115,0.3,0.0,0.5,True,,,,
D,25,15,115,0.3,0.0,0.5,False,3640.991683654186,0.5,86.13879659571387,93.23920650765055
D,25,15,115,0.3,0.0,1.0,True,,,,
D,25,15,115,0.3,0.0,1.0,False,3640.991683654186,0.5,86.13879659571387,93.23920650765055
D,25,15,115,0.3,0.1,0.0,True,,,,
D,25,15,115,0.3,0.1,0.0,False,3640.991683654186,0.5,86.13879659571387,93.23920650765055
D,25,15,115,0.3,0.1,0.5,True,,,,
D,25,15,115,0.3,0.1,0.5,False,3681.301311790017,0.5,86.50968156371324,93.55428672477142
D,25,15,115,0.3,0.1,1.0,True,,,,
D,25,15,115,0.3,0.1,1.0,False,3479.753171110864,0.5,84.65525672371638,91.97888563916712
D,25,15,115,0.3,1.0,0.0,True,,,,
D,25,15,115,0.3,1.0,0.0,False,3640.991683654186,0.5,86.13879659571387,93.23920650765055
D,25,15,115,0.3,1.0,0.5,True,,,,
D,25,15,115,0.3,1.0,0.5,False,3640.991683654186,0.5,86.13879659571387,93.23920650765055
D,25,15,115,0.3,1.0,1.0,True,431.0252106000901,0.8149747689396749,43.230084900317244,52.175207901575234
D,25,15,115,0.3,1.0,1.0,False,3479.753171110864,0.5,84.65525672371638,91.97888563916712
D,25,15,115,0.5,0.0,0.0,True,,,,
D,25,15,115,0.5,0.0,0.0,False,3640.991683654186,0.5,86.13879659571387,93.23920650765055
D,25,15,115,0.5,0.0,0.5,True,,,,
D,25,15,115,0.5,0.0,0.5,False,3640.991683654186,0.5,86.13879659571387,93.23920650765055
D,25,15,115,0.5,0.0,1.0,True,,,,
D,25,15,115,0.5,0.0,1.0,False,3640.991683654186,0.5,86.13879659571387,93.23920650765055
D,25,15,115,0.5,0.1,0.0,True,,,,
D,25,15,115,0.5,0.1,0.0,False,3640.991683654186,0.5,86.13879659571387,93.23920650765055
D,25,15,115,0.5,0.1,0.5,True,,,,
D,25,15,115,0.5,0.1,0.5,False,3681.301311790017,0.5,86.50968156371324,93.55428672477142
D,25,15,115,0.5,0.1,1.0,True,,,,
D,25,15,115,0.5,0.1,1.0,False,3479.753171110864,0.5,84.65525672371638,91.97888563916712
D,25,15,115,0.5,1.0,0.0,True,,,,
D,25,15,115,0.5,1.0,0.0,False,3640.991683654186,0.5,86.13879659571387,93.23920650765055
D,25,15,115,0.5,1.0,0.5,True,,,,
D,25,15,115,0.5,1.0,0.5,False,3640.991683654186,0.5,86.13879659571387,93.23920650765055
D,25,15,115,0.5,1.0,1.0,True,2019.1876311520957,0.6785461424406375,32.046162974953695,42.6153372435599
D,25,15,115,0.5,1.0,1.0,False,3479.753171110864,0.5,84.65525672371638,91.97888563916712
D,25,15,115,0.95,0.0,0.0,True,,,,
D,25,15,115,0.95,0.0,0.0,False,,,,
D,25,15,115,0.95,0.0,0.5,True,,,,
D,25,15,115,0.95,0.0,0.5,False,,,,
D,25,15,115,0.95,0.0,1.0,True,,,,
D,25,15,115,0.95,0.0,1.0,False,,,,
D,25,15,115,0.95,0.1,0.0,True,,,,
D,25,15,115,0.95,0.1,0.0,False,,,,
D,25,15,115,0.95,0.1,0.5,True,,,,
D,25,15,115,0.95,0.1,0.5,False,,,,
D,25,15,115,0.95,0.1,1.0,True,,,,
D,25,15,115,0.95,0.1,1.0,False,,,,
D,25,15,115,0.95,1.0,0.0,True,,,,
D,25,15,115,0.95,1.0,0.0,False,,,,
D,25,15,115,0.95,1.0,0.5,True,,,,
D,25,15,115,0.95,1.0,0.5,False,,,,
D,25,15,115,0.95,1.0,1.0,True,,,,
D,25,15,115,0.95,1.0,1.0,False,,,,
D,25,15,120,0.3,0.0,0.0,True,,,,
D,25,15,120,0.3,0.0,0.0,False,5042.965335983925,0.5,88.29476869443629,95.91623920974898
D,25,15,120,0.3,0.0,0.5,True,,,,
D,25,15,120,0.3,0.0,0.5,False,5042.965335983925,0.5,88.29476869443629,95.91623920974898
D,25,15,120,0.3,0.0,1.0,True,,,,
D,25,15,120,0.3,0.0,1.0,False,5042.965335983925,0.5,88.29476869443629,95.91623920974898
D,25,15,120,0.3,0.1,0.0,True,,,,
D,25,15,120,0.3,0.1,0.0,False,5042.965335983925,0.5,88.29476869443629,95.91623920974898
D,25,15,120,0.3,0.1,0.5,True,,,,
D,25,15,120,0.3,0.1,0.5,False,5101.946705154299,0.5,88.69437773846101,96.25787052107555
D,25,15,120,0.3,0.1,1.0,True,,,,
D,25,15,120,0.3,0.1,1.0,False,4807.039859302429,0.5,86.69633251833741,94.54971396444277
D,25,15,120,0.3,1.0,0.0,True,,,,
D,25,15,120,0.3,1.0,0.0,False,5042.965335983925,0.5,88.29476869443629,95.91623920974898
D,25,15,120,0.3,1.0,0.5,True,,,,
D,25,15,120,0.3,1.0,0.5,False,5042.965335983925,0.5,88.29476869443629,95.91623920974898
D,25,15,120,0.3,1.0,1.0,True,568.0014672696427,0.8093281345717451,45.24458815273449,53.98806885437138
D,25,15,120,0.3,1.0,1.0,False,4807.039859302429,0.5,86.69633251833741,94.54971396444277
D,25,15,120,0.5,0.0,0.0,True,,,,
D,25,15,120,0.5,0.0,0.0,False,5042.965335983925,0.5,88.29476869443629,95.91623920974898
D,25,15,120,0.5,0.0,0.5,True,,,,
D,25,15,120,0.5,0.0,0.5,False,5042.965335983925,0.5,88.29476869443629,95.91623920974898
D,25,15,120,0.5,0.0,1.0,True,,,,
D,25,15,120,0.5,0.0,1.0,False,5042.965335983925,0.5,88.29476869443629,95.91623920974898
D,25,15,120,0.5,0.1,0.0,True,,,,
D,25,15,120,0.5,0.1,0.0,False,5042.965335983925,0.5,88.29476869443629,95.91623920974898
D,25,15,120,0.5,0.1,0.5,True,,,,
D,25,15,120,0.5,0.1,0.5,False,5101.946705154299,0.5,88.69437773846101,96.25787052107555
D,25,15,120,0.5,0.1,1.0,True,,,,
D,25,15,120,0.5,0.1,1.0,False,4807.039859302429,0.5,86.69633251833741,94.54971396444277
D,25,15,120,0.5,1.0,0.0,True,,,,
D,25,15,120,0.5,1.0,0.0,False,5042.965335983925,0.5,88.29476869443629,95.91623920974898
D,25,15,120,0.5,1.0,0.5,True,,,,
D,25,15,120,0.5,1.0,0.5,False,5042.965335983925,0.5,88.29476869443629,95.91623920974898
D,25,15,120,0.5,1.0,1.0,True,2020.0258697227619,0.6730097783947533,30.128339880223347,42.36289119949185
D,25,15,120,0.5,1.0,1.0,False,4807.039859302429,0.5,86.69633251833741,94.54971396444277
D,25,15,120,0.95,0.0,0.0,True,,,,
D,25,15,120,0.95,0.0,0.0,False,,,,
D,25,15,120,0.95,0.0,0.5,True,,,,
D,25,15,120,0.95,0.0,0.5,False,,,,
D,25,15,120,0.95,0.0,1.0,True,,,,
D,25,15,120,0.95,0.0,1.0,False,,,,
D,25,15,120,0.95,0.1,0.0,True,,,,
D,25,15,120,0.95,0.1,0.0,False,,,,
D,25,15,120,0.95,0.1,0.5,True,,,,
D,25,15,120,0.95,0.1,0.5,False,,,,
D,25,15,120,0.95,0.1,1.0,True,,,,
D,25,15,120,0.95,0.1,1.0,False,,,,
D,25,15,120,0.95,1.0,0.0,True,,,,
D,25,15,120,0.95,1.0,0.0,False,,,,
D,25,15,120,0.95,1.0,0.5,True,,,,
D,25,15,120,0.95,1.0,0.5,False,,,,
D,25,15,120,0.95,1.0,1.0,True,,,,
D,25,15,120,0.95,1.0,1.0,False,,,,
D,25,15,125,0.3,0.0,0.0,True,,,,
D,25,15,125,0.3,0.0,0.0,False,6950.23615731947,0.5,90.29163422256218,98.43200841986697
D,25,15,125,0.3,0.0,0.5,True,,,,
D,25,15,125,0.3,0.0,0.5,False,6950.23615731947,0.5,90.29163422256218,98.43200841986697
D,25,15,125,0.3,0.0,1.0,True,,,,
D,25,15,125,0.3,0.0,1.0,False,6950.23615731947,0.5,90.29163422256218,98.43200841986697
D,25,15,125,0.3,0.1,0.0,True,,,,
D,25,15,125,0.3,0.1,0.0,False,6950.23615731947,0.5,90.29163422256218,98.43200841986697
D,25,15,125,0.3,0.1,0.5,True,,,,
D,25,15,125,0.3,0.1,0.5,False,7034.539175627299,0.5,90.71772126231029,98.79799018571492
D,25,15,125,0.3,0.1,1.0,True,,,,
D,25,15,125,0.3,0.1,1.0,False,6613.024084088157,0.5,88.58728606356968,96.96808135647518
D,25,15,125,0.3,1.0,0.0,True,,,,
D,25,15,125,0.3,1.0,0.0,False,6950.23615731947,0.5,90.29163422256218,98.43200841986697
D,25,15,125,0.3,1.0,0.5,True,,,,
D,25,15,125,0.3,1.0,0.5,False,6950.23615731947,0.5,90.29163422256218,98.43200841986697
D,25,15,125,0.3,1.0,1.0,True,745.9247627887734,0.8036635297803243,47.21666566513959,55.74838020921687
D,25,15,125,0.3,1.0,1.0,False,6613.024084088157,0.5,88.58728606356968,96.96808135647518
D,25,15,125,0.5,0.0,0.0,True,,,,
D,25,15,125,0.5,0.0,0.0,False,6950.23615731947,0.5,90.29163422256218,98.43200841986697
D,25,15,125,0.5,0.0,0.5,True,,,,
D,25,15,125,0.5,0.0,0.5,False,6950.23615731947,0.5,90.29163422256218,98.43200841986697
D,25,15,125,0.5,0.0,1.0,True,,,,
D,25,15,125,0.5,0.0,1.0,False,6950.23615731947,0.5,90.29163422256218,98.43200841986697
D,25,15,125,0.5,0.1,0.0,True,,,,
D,25,15,125,0.5,0.1,0.0,False,6950.23615731947,0.5,90.29163422256218,98.43200841986697
D,25,15,125,0.5,0.1,0.5,True,,,,
D,25,15,125,0.5,0.1,0.5,False,7034.539175627299,0.5,90.71772126231029,98.79799018571492
D,25,15,125,0.5,0.1,1.0,True,,,,
D,25,15,125,0.5,0.1,1.0,False,6613.024084088157,0.5,88.58728606356968,96.96808135647518
D,25,15,125,0.5,1.0,0.0,True,,,,
D,25,15,125,0.5,1.0,0.0,False,6950.23615731947,0.5,90.29163422256218,98.43200841986697
D,25,15,125,0.5,1.0,0.5,True,,,,
D,25,15,125,0.5,1.0,0.5,False,6950.23615731947,0.5,90.29163422256218,98.43200841986697
D,25,15,125,0.5,1.0,1.0,True,2021.2296713753062,0.6682228664900722,28.375563888784086,42.359082413212896
D,25,15,125,0.5,1.0,1.0,False,6613.024084088157,0.5,88.58728606356968,96.96808135647518
D,25,15,125,0.95,0.0,0.0,True,,,,
D,25,15,125,0.95,0.0,0.0,False,,,,
D,25,15,125,0.95,0.0,0.5,True,,,,
D,25,15,125,0.95,0.0,0.5,False,,,,
D,25,15,125,0.95,0.0,1.0,True,,,,
D,25,15,125,0.95,0.0,1.0,False,,,,
D,25,15,125,0.95,0.1,0.0,True,,,,
D,25,15,125,0.95,0.1,0.0,False,,,,
D,25,15,125,0.95,0.1,0.5,True,,,,
D,25,15,125,0.95,0.1,0.5,False,,,,
D,25,15,125,0.95,0.1,1.0,True,,,,
D,25,15,125,0.95,0.1,1.0,False,,,,
D,25,15,125,0.95,1.0,0.0,True,,,,
D,25,15,125,0.95,1.0,0.0,False,,,,
D,25,15,125,0.95,1.0,0.5,True,,,,
D,25,15,125,0.95,1.0,0.5,False,,,,
D,25,15,125,0.95,1.0,1.0,True,,,,
D,25,15,125,0.95,1.0,1.0,False,,,,
D,25,20,115,0.3,0.0,0.0,True,,,,
D,25,20,115,0.3,0.0,0.0,False,3640.991683654186,0.5,86.13879659571387,93.23920650765055
D,25,20,115,0.3,0.0,0.5,True,,,,
D,25,20,115,0.3,0.0,0.5,False,3640.991683654186,0.5,86.13879659571387,93.23920650765055
D,25,20,115,0.3,0.0,1.0,True,,,,
D,25,20,115,0.3,0.0,1.0,False,3640.991683654186,0.5,86.13879659571387,93.23920650765055
D,25,20,115,0.3,0.1,0.0,True,,,,
D,25,20,115,0.3,0.1,0.0,False,3640.991683654186,0.5,86.13879659571387,93.23920650765055
D,25,20,115,0.3,0.1,0.5,True,,,,
D,25,20,115,0.3,0.1,0.5,False,3640.991683654186,0.5,86.13879659571387,93.23920650765055
D,25,20,115,0.3,0.1,1.0,True,,,,
D,25,20,115,0.3,0.1,1.0,False,3479.753171110864,0.5,84.65525672371638,91.97888563916712
D,25,20,115,0.3,1.0,0.0,True,,,,
D,25,20,115,0.3,1.0,0.0,False,3640.991683654186,0.5,86.13879659571387,93.23920650765055
D,25,20,115,0.3,1.0,0.5,True,,,,
D,25,20,115,0.3,1.0,0.5,False,3640.991683654186,0.5,86.13879659571387,93.23920650765055
D,25,20,115,0.3,1.0,1.0,True,350.71623530591586,0.8225387977655404,40.69812480187072,50.293905891892756
D,25,20,115,0.3,1.0,1.0,False,,,,
D,25,20,115,0.5,0.0,0.0,True,,,,
D,25,20,115,0.5,0.0,0.0,False,3640.991683654186,0.5,86.13879659571387,93.23920650765055
D,25,20,115,0.5,0.0,0.5,True,,,,
D,25,20,115,0.5,0.0,0.5,False,3640.991683654186,0.5,86.13879659571387,93.23920650765055
D,25,20,115,0.5,0.0,1.0,True,,,,
D,25,20,115,0.5,0.0,1.0,False,3640.991683654186,0.5,86.13879659571387,93.23920650765055
D,25,20,115,0.5,0.1,0.0,True,,,,
D,25,20,115,0.5,0.1,0.0,False,3640.991683654186,0.5,86.13879659571387,93.23920650765055
D,25,20,115,0.5,0.1,0.5,True,,,,
D,25,20,115,0.5,0.1,0.5,False,3640.991683654186,0.5,86.13879659571387,93.23920650765055
D,25,20,115,0.5,0.1,1.0,True,,,,
D,25,20,115,0.5,0.1,1.0,False,3479.753171110864,0.5,84.65525672371638,91.97888563916712
D,25,20,115,0.5,1.0,0.0,True,,,,
D,25,20,115,0.5,1.0,0.0,False,3640.991683654186,0.5,86.13879659571387,93.23920650765055
D,25,20,115,0.5,1.0,0.5,True,,,,
D,25,20,115,0.5,1.0,0.5,False,3640.991683654186,0.5,86.13879659571387,93.23920650765055
D,25,20,115,0.5,1.0,1.0,True,2491.6322633249174,0.6726914038010625,31.217646205084332,42.7022866251095
D,25,20,115,0.5,1.0,1.0,False,,,,
D,25,20,115,0.95,0.0,0.0,True,,,,
D,25,20,115,0.95,0.0,0.0,False,,,,
D,25,20,115,0.95,0.0,0.5,True,,,,
D,25,20,115,0.95,0.0,0.5,False,,,,
D,25,20,115,0.95,0.0,1.0,True,,,,
D,25,20,115,0.95,0.0,1.0,False,,,,
D,25,20,115,0.95,0.1,0.0,True,,,,
D,25,20,115,0.95,0.1,0.0,False,,,,
D,25,20,115,0.95,0.1,0.5,True,,,,
D,25,20,115,0.95,0.1,0.5,False,,,,
D,25,20,115,0.95,0.1,1.0,True,,,,
D,25,20,115,0.95,0.1,1.0,False,,,,
D,25,20,115,0.95,1.0,0.0,True,,,,
D,25,20,115,0.95,1.0,0.0,False,,,,
D,25,20,115,0.95,1.0,0.5,True,,,,
D,25,20,115,0.95,1.0,0.5,False,,,,
D,25,20,115,0.95,1.0,1.0,True,,,,
D,25,20,115,0.95,1.0,1.0,False,,,,
D,25,20,120,0.3,0.0,0.0,True,,,,
D,25,20,120,0.3,0.0,0.0,False,5042.965335983925,0.5,88.29476869443629,95.91623920974898
D,25,20,120,0.3,0.0,0.5,True,,,,
D,25,20,120,0.3,0.0,0.5,False,5042.965335983925,0.5,88.29476869443629,95.91623920974898
D,25,20,120,0.3,0.0,1.0,True,,,,
D,25,20,120,0.3,0.0,1.0,False,5042.965335983925,0.5,88.29476869443629,95.91623920974898
D,25,20,120,0.3,0.1,0.0,True,,,,
D,25,20,120,0.3,0.1,0.0,False,5042.965335983925,0.5,88.29476869443629,95.91623920974898
D,25,20,120,0.3,0.1,0.5,True,,,,
D,25,20,120,0.3,0.1,0.5,False,5042.965335983925,0.5,88.29476869443629,95.91623920974898
D,25,20,120,0.3,0.1,1.0,True,,,,
D,25,20,120,0.3,0.1,1.0,False,4807.039859302429,0.5,86.69633251833741,94.54971396444277
D,25,20,120,0.3,1.0,0.0,True,,,,
D,25,20,120,0.3,1.0,0.0,False,5042.965335983925,0.5,88.29476869443629,95.91623920974898
D,25,20,120,0.3,1.0,0.5,True,,,,
D,25,20,120,0.3,1.0,0.5,False,5042.965335983925,0.5,88.29476869443629,95.91623920974898
D,25,20,120,0.3,1.0,1.0,True,444.25594804530596,0.8165865179428574,42.74335452321979,52.08209438552069
D,25,20,120,0.3,1.0,1.0,False,,,,
D,25,20,120,0.5,0.0,0.0,True,,,,
D,25,20,120,0.5,0.0,0.0,False,5042.965335983925,0.5,88.29476869443629,95.91623920974898
D,25,20,120,0.5,0.0,0.5,True,,,,
D,25,20,120,0.5,0.0,0.5,False,5042.965335983925,0.5,88.29476869443629,95.91623920974898
D,25,20,120,0.5,0.0,1.0,True,,,,
D,25,20,120,0.5,0.0,1.0,False,5042.965335983925,0.5,88.29476869443629,95.91623920974898
D,25,20,120,0.5,0.1,0.0,True,,,,
D,25,20,120,0.5,0.1,0.0,False,5042.965335983925,0.5,88.29476869443629,95.91623920974898
D,25,20,120,0.5,0.1,0.5,True,,,,
D,25,20,120,0.5,0.1,0.5,False,5042.965335983925,0.5,88.29476869443629,95.91623920974898
D,25,20,120,0.5,0.1,1.0,True,,,,
D,25,20,120,0.5,0.1,1.0,False,4807.039859302429,0.5,86.69633251833741,94.54971396444277
D,25,20,120,0.5,1.0,0.0,True,,,,
D,25,20,120,0.5,1.0,0.0,False,5042.965335983925,0.5,88.29476869443629,95.91623920974898
D,25,20,120,0.5,1.0,0.5,True,,,,
D,25,20,120,0.5,1.0,0.5,False,5042.965335983925,0.5,88.29476869443629,95.91623920974898
D,25,20,120,0.5,1.0,1.0,True,2491.1618316215586,0.6676337630940388,29.025864971555322,42.314221223933046
D,25,20,120,0.5,1.0,1.0,False,,,,
D,25,20,120,0.95,0.0,0.0,True,,,,
D,25,20,120,0.95,0.0,0.0,False,,,,
D,25,20,120,0.95,0.0,0.5,True,,,,
D,25,20,120,0.95,0.0,0.5,False,,,,
D,25,20,120,0.95,0.0,1.0,True,,,,
D,25,20,120,0.95,0.0,1.0,False,,,,
D,25,20,120,0.95,0.1,0.0,True,,,,
D,25,20,120,0.95,0.1,0.0,False,,,,
D,25,20,120,0.95,0.1,0.5,True,,,,
D,25,20,120,0.95,0.1,0.5,False,,,,
D,25,20,120,0.95,0.1,1.0,True,,,,
D,25,20,120,0.95,0.1,1.0,False,,,,
D,25,20,120,0.95,1.0,0.0,True,,,,
D,25,20,120,0.95,1.0,0.0,False,,,,
D,25,20,120,0.95,1.0,0.5,True,,,,
D,25,20,120,0.95,1.0,0.5,False,,,,
D,25,20,120,0.95,1.0,1.0,True,,,,
D,25,20,120,0.95,1.0,1.0,False,,,,
D,25,20,125,0.3,0.0,0.0,True,,,,
D,25,20,125,0.3,0.0,0.0,False,6950.23615731947,0.5,90.29163422256218,98.43200841986697
D,25,20,125,0.3,0.0,0.5,True,,,,
D,25,20,125,0.3,0.0,0.5,False,6950.23615731947,0.5,90.29163422256218,98.43200841986697
D,25,20,125,0.3,0.0,1.0,True,,,,
D,25,20,125,0.3,0.0,1.0,False,6950.23615731947,0.5,90.29163422256218,98.43200841986697
D,25,20,125,0.3,0.1,0.0,True,,,,
D,25,20,125,0.3,0.1,0.0,False,6950.23615731947,0.5,90.29163422256218,98.43200841986697
D,25,20,125,0.3,0.1,0.5,True,,,,
D,25,20,125,0.3,0.1,0.5,False,6950.23615731947,0.5,90.29163422256218,98.43200841986697
D,25,20,125,0.3,0.1,1.0,True,,,,
D,25,20,125,0.3,0.1,1.0,False,6613.024084088157,0.5,88.58728606356968,96.96808135647518
D,25,20,125,0.3,1.0,0.0,True,,,,
D,25,20,125,0.3,1.0,0.0,False,6950.23615731947,0.5,90.29163422256218,98.43200841986697
D,25,20,125,0.3,1.0,0.5,True,,,,
D,25,20,125,0.3,1.0,0.5,False,6950.23615731947,0.5,90.29163422256218,98.43200841986697
D,25,20,125,0.3,1.0,1.0,True,554.0230850865171,0.8108887702294065,44.79552569187699,53.824820415907325
D,25,20,125,0.3,1.0,1.0,False,,,,
D,25,20,125,0.5,0.0,0.0,True,,,,
D,25,20,125,0.5,0.0,0.0,False,6950.23615731947,0.5,90.29163422256218,98.43200841986697
D,25,20,125,0.5,0.0,0.5,True,,,,
D,25,20,125,0.5,0.0,0.5,False,6950.23615731947,0.5,90.29163422256218,98.43200841986697
D,25,20,125,0.5,0.0,1.0,True,,,,
D,25,20,125,0.5,0.0,1.0,False,6950.23615731947,0.5,90.29163422256218,98.43200841986697
D,25,20,125,0.5,0.1,0.0,True,,,,
D,25,20,125,0.5,0.1,0.0,False,6950.23615731947,0.5,90.29163422256218,98.43200841986697
D,25,20,125,0.5,0.1,0.5,True,,,,
D,25,20,125,0.5,0.1,0.5,False,6950.23615731947,0.5,90.29163422256218,98.43200841986697
D,25,20,125,0.5,0.1,1.0,True,,,,
D,25,20,125,0.5,0.1,1.0,False,6613.024084088157,0.5,88.58728606356968,96.96808135647518
D,25,20,125,0.5,1.0,0.0,True,,,,
D,25,20,125,0.5,1.0,0.0,False,6950.23615731947,0.5,90.29163422256218,98.43200841986697
D,25,20,125,0.5,1.0,0.5,True,,,,
D,25,20,125,0.5,1.0,0.5,False,6950.23615731947,0.5,90.29163422256218,98.43200841986697
D,25,20,125,0.5,1.0,1.0,True,2490.8976415382153,0.6633699257454786,26.99812427670878,42.1930213589122
D,25,20,125,0.5,1.0,1.0,False,,,,
D,25,20,125,0.95,0.0,0.0,True,,,,
D,25,20,125,0.95,0.0,0.0,False,,,,
D,25,20,125,0.95,0.0,0.5,True,,,,
D,25,20,125,0.95,0.0,0.5,False,,,,
D,25,20,125,0.95,0.0,1.0,True,,,,
D,25,20,125,0.95,0.0,1.0,False,,,,
D,25,20,125,0.95,0.1,0.0,True,,,,
D,25,20,125,0.95,0.1,0.0,False,,,,
D,25,20,125,0.95,0.1,0.5,True,,,,
D,25,20,125,0.95,0.1,0.5,False,,,,
D,25,20,125,0.95,0.1,1.0,True,,,,
D,25,20,125,0.95,0.1,1.0,False,,,,
D,25,20,125,0.95,1.0,0.0,True,,,,
D,25,20,125,0.95,1.0,0.0,False,,,,
D,25,20,125,0.95,1.0,0.5,True,,,,
D,25,20,125,0.95,1.0,0.5,False,,,,
D,25,20,125,0.95,1.0,1.0,True,,,,
D,25,20,125,0.95,1.0,1.0,False,,,,
D,30,10,115,0.3,0.0,0.0,True,,,,
D,30,10,115,0.3,0.0,0.0,False,3497.5746760729007,0.5,84.83182749841178,92.16198970806681
D,30,10,115,0.3,0.0,0.5,True,,,,
D,30,10,115,0.3,0.0,0.5,False,3497.5746760729007,0.5,84.83182749841178,92.16198970806681
D,30,10,115,0.3,0.0,1.0,True,,,,
D,30,10,115,0.3,0.0,1.0,False,3497.5746760729007,0.5,84.83182749841178,92.16198970806681
D,30,10,115,0.3,0.1,0.0,True,,,,
D,30,10,115,0.3,0.1,0.0,False,3524.740605515353,0.5,85.11856247962035,92.37665463658429
D,30,10,115,0.3,0.1,0.5,True,,,,
D,30,10,115,0.3,0.1,0.5,False,3524.740605515353,0.5,85.11856247962035,92.37665463658429
D,30,10,115,0.3,0.1,1.0,True,,,,
D,30,10,115,0.3,0.1,1.0,False,3357.258060324647,0.5,83.58050632911393,91.05716246096755
D,30,10,115,0.3,1.0,0.0,True,,,,
D,30,10,115,0.3,1.0,0.0,False,3524.740605515353,0.5,85.11856247962035,92.37665463658429
D,30,10,115,0.3,1.0,0.5,True,,,,
D,30,10,115,0.3,1.0,0.5,False,3524.740605515353,0.5,85.11856247962035,92.37665463658429
D,30,10,115,0.3,1.0,1.0,True,377.6847954999938,0.8060232010103843,42.276970467195824,51.61603427628796
D,30,10,115,0.3,1.0,1.0,False,3357.258060324647,0.5,83.58050632911393,91.05716246096755
D,30,10,115,0.5,0.0,0.0,True,,,,
D,30,10,115,0.5,0.0,0.0,False,3497.5746760729007,0.5,84.83182749841178,92.16198970806681
D,30,10,115,0.5,0.0,0.5,True,,,,
D,30,10,115,0.5,0.0,0.5,False,3497.5746760729007,0.5,84.83182749841178,92.16198970806681
D,30,10,115,0.5,0.0,1.0,True,,,,
D,30,10,115,0.5,0.0,1.0,False,3497.5746760729007,0.5,84.83182749841178,92.16198970806681
D,30,10,115,0.5,0.1,0.0,True,,,,
D,30,10,115,0.5,0.1,0.0,False,3524.740605515353,0.5,85.11856247962035,92.37665463658429
D,30,10,115,0.5,0.1,0.5,True,,,,
D,30,10,115,0.5,0.1,0.5,False,3524.740605515353,0.5,85.11856247962035,92.37665463658429
D,30,10,115,0.5,0.1,1.0,True,,,,
D,30,10,115,0.5,0.1,1.0,False,3357.258060324647,0.5,83.58050632911393,91.05716246096755
D,30,10,115,0.5,1.0,0.0,True,,,,
D,30,10,115,0.5,1.0,0.0,False,3524.740605515353,0.5,85.11856247962035,92.37665463658429
D,30,10,115,0.5,1.0,0.5,True,,,,
D,30,10,115,0.5,1.0,0.5,False,3524.740605515353,0.5,85.11856247962035,92.37665463658429
D,30,10,115,0.5,1.0,1.0,True,2852.418989148534,0.6720482370220632,31.783980476360636,43.40806966257347
D,30,10,115,0.5,1.0,1.0,False,3357.258060324647,0.5,83.58050632911393,91.05716246096755
D,30,10,115,0.95,0.0,0.0,True,,,,
D,30,10,115,0.95,0.0,0.0,False,,,,
D,30,10,115,0.95,0.0,0.5,True,,,,
D,30,10,115,0.95,0.0,0.5,False,,,,
D,30,10,115,0.95,0.0,1.0,True,,,,
D,30,10,115,0.95,0.0,1.0,False,,,,
D,30,10,115,0.95,0.1,0.0,True,,,,
D,30,10,115,0.95,0.1,0.0,False,,,,
D,30,10,115,0.95,0.1,0.5,True,,,,
D,30,10,115,0.95,0.1,0.5,False,,,,
D,30,10,115,0.95,0.1,1.0,True,,,,
D,30,10,115,0.95,0.1,1.0,False,,,,
D,30,10,115,0.95,1.0,0.0,True,,,,
D,30,10,115,0.95,1.0,0.0,False,,,,
D,30,10,115,0.95,1.0,0.5,True,,,,
D,30,10,115,0.95,1.0,0.5,False,,,,
D,30,10,115,0.95,1.0,1.0,True,,,,
D,30,10,115,0.95,1.0,1.0,False,,,,
D,30,10,120,0.3,0.0,0.0,True,,,,
D,30,10,120,0.3,0.0,0.0,False,4822.51331588955,0.5,86.86962085039961,94.72285925638828
D,30,10,120,0.3,0.0,0.5,True,,,,
D,30,10,120,0.3,0.0,0.5,False,4822.51331588955,0.5,86.86962085039961,94.72285925638828
D,30,10,120,0.3,0.0,1.0,True,,,,
D,30,10,120,0.3,0.0,1.0,False,4822.51331588955,0.5,86.86962085039961,94.72285925638828
D,30,10,120,0.3,0.1,0.0,True,,,,
D,30,10,120,0.3,0.1,0.0,False,4863.533138923494,0.5,87.17765061603217,94.95806166929599
D,30,10,120,0.3,0.1,0.5,True,,,,
D,30,10,120,0.3,0.1,0.5,False,4863.533138923494,0.5,87.17765061603217,94.95806166929599
D,30,10,120,0.3,0.1,1.0,True,,,,
D,30,10,120,0.3,0.1,1.0,False,4619.778850250814,0.5,85.52227848101266,93.528614723794
D,30,10,120,0.3,1.0,0.0,True,,,,
D,30,10,120,0.3,1.0,0.0,False,4863.533138923494,0.5,87.17765061603217,94.95806166929599
D,30,10,120,0.3,1.0,0.5,True,,,,
D,30,10,120,0.3,1.0,0.5,False,4863.533138923494,0.5,87.17765061603217,94.95806166929599
D,30,10,120,0.3,1.0,1.0,True,480.67040593940396,0.8010886349347869,44.402030225217075,53.44899258752036
D,30,10,120,0.3,1.0,1.0,False,4619.778850250814,0.5,85.52227848101266,93.528614723794
D,30,10,120,0.5,0.0,0.0,True,,,,
D,30,10,120,0.5,0.0,0.0,False,4822.51331588955,0.5,86.86962085039961,94.72285925638828
D,30,10,120,0.5,0.0,0.5,True,,,,
D,30,10,120,0.5,0.0,0.5,False,4822.51331588955,0.5,86.86962085039961,94.72285925638828
D,30,10,120,0.5,0.0,1.0,True,,,,
D,30,10,120,0.5,0.0,1.0,False,4822.51331588955,0.5,86.86962085039961,94.72285925638828
D,30,10,120,0.5,0.1,0.0,True,,,,
D,30,10,120,0.5,0.1,0.0,False,4863.533138923494,0.5,87.17765061603217,94.95806166929599
D,30,10,120,0.5,0.1,0.5,True,,,,
D,30,10,120,0.5,0.1,0.5,False,4863.533138923494,0.5,87.17765061603217,94.95806166929599
D,30,10,120,0.5,0.1,1.0,True,,,,
D,30,10,120,0.5,0.1,1.0,False,4619.778850250814,0.5,85.52227848101266,93.528614723794
D,30,10,120,0.5,1.0,0.0,True,,,,
D,30,10,120,0.5,1.0,0.0,False,4863.533138923494,0.5,87.17765061603217,94.95806166929599
D,30,10,120,0.5,1.0,0.5,True,,,,
D,30,10,120,0.5,1.0,0.5,False,4863.533138923494,0.5,87.17765061603217,94.95806166929599
D,30,10,120,0.5,1.0,1.0,True,2851.9697496331846,0.6673866523213576,29.690533638810113,43.04434461307362
D,30,10,120,0.5,1.0,1.0,False,4619.778850250814,0.5,85.52227848101266,93.528614723794
D,30,10,120,0.95,0.0,0.0,True,,,,
D,30,10,120,0.95,0.0,0.0,False,,,,
D,30,10,120,0.95,0.0,0.5,True,,,,
D,30,10,120,0.95,0.0,0.5,False,,,,
D,30,10,120,0.95,0.0,1.0,True,,,,
D,30,10,120,0.95,0.0,1.0,False,,,,
D,30,10,120,0.95,0.1,0.0,True,,,,
D,30,10,120,0.95,0.1,0.0,False,,,,
D,30,10,120,0.95,0.1,0.5,True,,,,
D,30,10,120,0.95,0.1,0.5,False,,,,
D,30,10,120,0.95,0.1,1.0,True,,,,
D,30,10,120,0.95,0.1,1.0,False,,,,
D,30,10,120,0.95,1.0,0.0,True,,,,
D,30,10,120,0.95,1.0,0.0,False,,,,
D,30,10,120,0.95,1.0,0.5,True,,,,
D,30,10,120,0.95,1.0,0.5,False,,,,
D,30,10,120,0.95,1.0,1.0,True,,,,
D,30,10,120,0.95,1.0,1.0,False,,,,
D,30,10,125,0.3,0.0,0.0,True,,,,
D,30,10,125,0.3,0.0,0.0,False,6617.4037672408695,0.5,88.74906597429626,97.12133742882408
D,30,10,125,0.3,0.0,0.5,True,,,,
D,30,10,125,0.3,0.0,0.5,False,6617.4037672408695,0.5,88.74906597429626,97.12133742882408
D,30,10,125,0.3,0.0,1.0,True,,,,
D,30,10,125,0.3,0.0,1.0,False,6617.4037672408695,0.5,88.74906597429626,97.12133742882408
D,30,10,125,0.3,0.1,0.0,True,,,,
D,30,10,125,0.3,0.1,0.0,False,6678.330961415239,0.5,89.07786578880173,97.37688537432683
D,30,10,125,0.3,0.1,0.5,True,,,,
D,30,10,125,0.3,0.1,0.5,False,6678.330961415239,0.5,89.07786578880173,97.37688537432683
D,30,10,125,0.3,0.1,1.0,True,,,,
D,30,10,125,0.3,0.1,1.0,False,6326.156101366848,0.5,87.3093670886076,95.84002757760429
D,30,10,125,0.3,1.0,0.0,True,,,,
D,30,10,125,0.3,1.0,0.0,False,6678.330961415239,0.5,89.07786578880173,97.37688537432683
D,30,10,125,0.3,1.0,0.5,True,,,,
D,30,10,125,0.3,1.0,0.5,False,6678.330961415239,0.5,89.07786578880173,97.37688537432683
D,30,10,125,0.3,1.0,1.0,True,605.7304384271213,0.797403127838016,46.37524162191903,55.22722866394865
D,30,10,125,0.3,1.0,1.0,False,6326.156101366848,0.5,87.3093670886076,95.84002757760429
D,30,10,125,0.5,0.0,0.0,True,,,,
D,30,10,125,0.5,0.0,0.0,False,6617.4037672408695,0.5,88.74906597429626,97.12133742882408
D,30,10,125,0.5,0.0,0.5,True,,,,
D,30,10,125,0.5,0.0,0.5,False,6617.4037672408695,0.5,88.74906597429626,97.12133742882408
D,30,10,125,0.5,0.0,1.0,True,,,,
D,30,10,125,0.5,0.0,1.0,False,6617.4037672408695,0.5,88.74906597429626,97.12133742882408
D,30,10,125,0.5,0.1,0.0,True,,,,
D,30,10,125,0.5,0.1,0.0,False,6678.330961415239,0.5,89.07786578880173,97.37688537432683
D,30,10,125,0.5,0.1,0.5,True,,,,
D,30,10,125,0.5,0.1,0.5,False,6678.330961415239,0.5,89.07786578880173,97.37688537432683
D,30,10,125,0.5,0.1,1.0,True,,,,
D,30,10,125,0.5,0.1,1.0,False,6326.156101366848,0.5,87.3093670886076,95.84002757760429
D,30,10,125,0.5,1.0,0.0,True,,,,
D,30,10,125,0.5,1.0,0.0,False,6678.330961415239,0.5,89.07786578880173,97.37688537432683
D,30,10,125,0.5,1.0,0.5,True,,,,
D,30,10,125,0.5,1.0,0.5,False,6678.330961415239,0.5,89.07786578880173,97.37688537432683
D,30,10,125,0.5,1.0,1.0,True,2851.7186554336777,0.6634304291175879,27.755259473229046,42.93312773614075
D,30,10,125,0.5,1.0,1.0,False,6326.156101366848,0.5,87.3093670886076,95.84002757760429
D,30,10,125,0.95,0.0,0.0,True,,,,
D,30,10,125,0.95,0.0,0.0,False,,,,
D,30,10,125,0.95,0.0,0.5,True,,,,
D,30,10,125,0.95,0.0,0.5,False,,,,
D,30,10,125,0.95,0.0,1.0,True,,,,
D,30,10,125,0.95,0.0,1.0,False,,,,
D,30,10,125,0.95,0.1,0.0,True,,,,
D,30,10,125,0.95,0.1,0.0,False,,,,
D,30,10,125,0.95,0.1,0.5,True,,,,
D,30,10,125,0.95,0.1,0.5,False,,,,
D,30,10,125,0.95,0.1,1.0,True,,,,
D,30,10,125,0.95,0.1,1.0,False,,,,
D,30,10,125,0.95,1.0,0.0,True,,,,
D,30,10,125,0.95,1.0,0.0,False,,,,
D,30,10,125,0.95,1.0,0.5,True,,,,
D,30,10,125,0.95,1.0,0.5,False,,,,
D,30,10,125,0.95,1.0,1.0,True,,,,
D,30,10,125,0.95,1.0,1.0,False,,,,
D,30,15,115,0.3,0.0,0.0,True,,,,
D,30,15,115,0.3,0.0,0.0,False,3524.740605515353,0.5,85.11856247962035,92.37665463658429
D,30,15,115,0.3,0.0,0.5,True,,,,
D,30,15,115,0.3,0.0,0.5,False,3524.740605515353,0.5,85.11856247962035,92.37665463658429
D,30,15,115,0.3,0.0,1.0,True,,,,
D,30,15,115,0.3,0.0,1.0,False,3524.740605515353,0.5,85.11856247962035,92.37665463658429
D,30,15,115,0.3,0.1,0.0,True,,,,
D,30,15,115,0.3,0.1,0.0,False,3524.740605515353,0.5,85.11856247962035,92.37665463658429
D,30,15,115,0.3,0.1,0.5,True,,,,
D,30,15,115,0.3,0.1,0.5,False,3524.740605515353,0.5,85.11856247962035,92.37665463658429
D,30,15,115,0.3,0.1,1.0,True,,,,
D,30,15,115,0.3,0.1,1.0,False,3357.258060324647,0.5,83.58050632911393,91.05716246096755
D,30,15,115,0.3,1.0,0.0,True,,,,
D,30,15,115,0.3,1.0,0.0,False,3524.740605515353,0.5,85.11856247962035,92.37665463658429
D,30,15,115,0.3,1.0,0.5,True,,,,
D,30,15,115,0.3,1.0,0.5,False,3524.740605515353,0.5,85.11856247962035,92.37665463658429
D,30,15,115,0.3,1.0,1.0,True,369.2646228986222,0.8172051570156404,43.0111364211592,51.79516682572498
D,30,15,115,0.3,1.0,1.0,False,,,,
D,30,15,115,0.5,0.0,0.0,True,,,,
D,30,15,115,0.5,0.0,0.0,False,3524.740605515353,0.5,85.11856247962035,92.37665463658429
D,30,15,115,0.5,0.0,0.5,True,,,,
D,30,15,115,0.5,0.0,0.5,False,3524.740605515353,0.5,85.11856247962035,92.37665463658429
D,30,15,115,0.5,0.0,1.0,True,,,,
D,30,15,115,0.5,0.0,1.0,False,3524.740605515353,0.5,85.11856247962035,92.37665463658429
D,30,15,115,0.5,0.1,0.0,True,,,,
D,30,15,115,0.5,0.1,0.0,False,3524.740605515353,0.5,85.11856247962035,92.37665463658429
D,30,15,115,0.5,0.1,0.5,True,,,,
D,30,15,115,0.5,0.1,0.5,False,3524.740605515353,0.5,85.11856247962035,92.37665463658429
D,30,15,115,0.5,0.1,1.0,True,,,,
D,30,15,115,0.5,0.1,1.0,False,3357.258060324647,0.5,83.58050632911393,91.05716246096755
D,30,15,115,0.5,1.0,0.0,True,,,,
D,30,15,115,0.5,1.0,0.0,False,3524.740605515353,0.5,85.11856247962035,92.37665463658429
D,30,15,115,0.5,1.0,0.5,True,,,,
D,30,15,115,0.5,1.0,0.5,False,3524.740605515353,0.5,85.11856247962035,92.37665463658429
D,30,15,115,0.5,1.0,1.0,True,2101.925572969509,0.6753826390990515,31.321184510250568,42.71447587177271
D,30,15,115,0.5,1.0,1.0,False,,,,
D,30,15,115,0.95,0.0,0.0,True,,,,
D,30,15,115,0.95,0.0,0.0,False,,,,
D,30,15,115,0.95,0.0,0.5,True,,,,
D,30,15,115,0.95,0.0,0.5,False,,,,
D,30,15,115,0.95,0.0,1.0,True,,,,
D,30,15,115,0.95,0.0,1.0,False,,,,
D,30,15,115,0.95,0.1,0.0,True,,,,
D,30,15,115,0.95,0.1,0.0,False,,,,
D,30,15,115,0.95,0.1,0.5,True,,,,
D,30,15,115,0.95,0.1,0.5,False,,,,
D,30,15,115,0.95,0.1,1.0,True,,,,
D,30,15,115,0.95,0.1,1.0,False,,,,
D,30,15,115,0.95,1.0,0.0,True,,,,
D,30,15,115,0.95,1.0,0.0,False,,,,
D,30,15,115,0.95,1.0,0.5,True,,,,
D,30,15,115,0.95,1.0,0.5,False,,,,
D,30,15,115,0.95,1.0,1.0,True,,,,
D,30,15,115,0.95,1.0,1.0,False,,,,
D,30,15,120,0.3,0.0,0.0,True,,,,
D,30,15,120,0.3,0.0,0.0,False,4863.533138923494,0.5,87.17765061603217,94.95806166929599
D,30,15,120,0.3,0.0,0.5,True,,,,
D,30,15,120,0.3,0.0,0.5,False,4863.533138923494,0.5,87.17765061603217,94.95806166929599
D,30,15,120,0.3,0.0,1.0,True,,,,
D,30,15,120,0.3,0.0,1.0,False,4863.533138923494,0.5,87.17765061603217,94.95806166929599
D,30,15,120,0.3,0.1,0.0,True,,,,
D,30,15,120,0.3,0.1,0.0,False,4863.533138923494,0.5,87.17765061603217,94.95806166929599
D,30,15,120,0.3,0.1,0.5,True,,,,
D,30,15,120,0.3,0.1,0.5,False,4863.533138923494,0.5,87.17765061603217,94.95806166929599
D,30,15,120,0.3,0.1,1.0,True,,,,
D,30,15,120,0.3,0.1,1.0,False,4619.778850250814,0.5,85.52227848101266,93.528614723794
D,30,15,120,0.3,1.0,0.0,True,,,,
D,30,15,120,0.3,1.0,0.0,False,4863.533138923494,0.5,87.17765061603217,94.95806166929599
D,30,15,120,0.3,1.0,0.5,True,,,,
D,30,15,120,0.3,1.0,0.5,False,4863.533138923494,0.5,87.17765061603217,94.95806166929599
D,30,15,120,0.3,1.0,1.0,True,469.7845486542586,0.8112623922030262,45.15540369526702,53.63795644930656
D,30,15,120,0.3,1.0,1.0,False,,,,
D,30,15,120,0.5,0.0,0.0,True,,,,
D,30,15,120,0.5,0.0,0.0,False,4863.533138923494,0.5,87.17765061603217,94.95806166929599
D,30,15,120,0.5,0.0,0.5,True,,,,
D,30,15,120,0.5,0.0,0.5,False,4863.533138923494,0.5,87.17765061603217,94.95806166929599
D,30,15,120,0.5,0.0,1.0,True,,,,
D,30,15,120,0.5,0.0,1.0,False,4863.533138923494,0.5,87.17765061603217,94.95806166929599
D,30,15,120,0.5,0.1,0.0,True,,,,
D,30,15,120,0.5,0.1,0.0,False,4863.533138923494,0.5,87.17765061603217,94.95806166929599
D,30,15,120,0.5,0.1,0.5,True,,,,
D,30,15,120,0.5,0.1,0.5,False,4863.533138923494,0.5,87.17765061603217,94.95806166929599
D,30,15,120,0.5,0.1,1.0,True,,,,
D,30,15,120,0.5,0.1,1.0,False,4619.778850250814,0.5,85.52227848101266,93.528614723794
D,30,15,120,0.5,1.0,0.0,True,,,,
D,30,15,120,0.5,1.0,0.0,False,4863.533138923494,0.5,87.17765061603217,94.95806166929599
D,30,15,120,0.5,1.0,0.5,True,,,,
D,30,15,120,0.5,1.0,0.5,False,4863.533138923494,0.5,87.17765061603217,94.95806166929599
D,30,15,120,0.5,1.0,1.0,True,2101.4710874456496,0.6704119279723647,29.20475828904075,42.33990048249557
D,30,15,120,0.5,1.0,1.0,False,,,,
D,30,15,120,0.95,0.0,0.0,True,,,,
D,30,15,120,0.95,0.0,0.0,False,,,,
D,30,15,120,0.95,0.0,0.5,True,,,,
D,30,15,120,0.95,0.0,0.5,False,,,,
D,30,15,120,0.95,0.0,1.0,True,,,,
D,30,15,120,0.95,0.0,1.0,False,,,,
D,30,15,120,0.95,0.1,0.0,True,,,,
D,30,15,120,0.95,0.1,0.0,False,,,,
D,30,15,120,0.95,0.1,0.5,True,,,,
D,30,15,120,0.95,0.1,0.5,False,,,,
D,30,15,120,0.95,0.1,1.0,True,,,,
D,30,15,120,0.95,0.1,1.0,False,,,,
D,30,15,120,0.95,1.0,0.0,True,,,,
D,30,15,120,0.95,1.0,0.0,False,,,,
D,30,15,120,0.95,1.0,0.5,True,,,,
D,30,15,120,0.95,1.0,0.5,False,,,,
D,30,15,120,0.95,1.0,1.0,True,,,,
D,30,15,120,0.95,1.0,1.0,False,,,,
D,30,15,125,0.3,0.0,0.0,True,,,,
D,30,15,125,0.3,0.0,0.0,False,6678.330961415239,0.5,89.07786578880173,97.37688537432683
D,30,15,125,0.3,0.0,0.5,True,,,,
D,30,15,125,0.3,0.0,0.5,False,6678.330961415239,0.5,89.07786578880173,97.37688537432683
D,30,15,125,0.3,0.0,1.0,True,,,,
D,30,15,125,0.3,0.0,1.0,False,6678.330961415239,0.5,89.07786578880173,97.37688537432683
D,30,15,125,0.3,0.1,0.0,True,,,,
D,30,15,125,0.3,0.1,0.0,False,6678.330961415239,0.5,89.07786578880173,97.37688537432683
D,30,15,125,0.3,0.1,0.5,True,,,,
D,30,15,125,0.3,0.1,0.5,False,6678.330961415239,0.5,89.07786578880173,97.37688537432683
D,30,15,125,0.3,0.1,1.0,True,,,,
D,30,15,125,0.3,0.1,1.0,False,6326.156101366848,0.5,87.3093670886076,95.84002757760429
D,30,15,125,0.3,1.0,0.0,True,,,,
D,30,15,125,0.3,1.0,0.0,False,6678.330961415239,0.5,89.07786578880173,97.37688537432683
D,30,15,125,0.3,1.0,0.5,True,,,,
D,30,15,125,0.3,1.0,0.5,False,6678.330961415239,0.5,89.07786578880173,97.37688537432683
D,30,15,125,0.3,1.0,1.0,True,587.7867754737854,0.8071792355272913,47.13869906352822,55.41615641945718
D,30,15,125,0.3,1.0,1.0,False,,,,
D,30,15,125,0.5,0.0,0.0,True,,,,
D,30,15,125,0.5,0.0,0.0,False,6678.330961415239,0.5,89.07786578880173,97.37688537432683
D,30,15,125,0.5,0.0,0.5,True,,,,
D,30,15,125,0.5,0.0,0.5,False,6678.330961415239,0.5,89.07786578880173,97.37688537432683
D,30,15,125,0.5,0.0,1.0,True,,,,
D,30,15,125,0.5,0.0,1.0,False,6678.330961415239,0.5,89.07786578880173,97.37688537432683
D,30,15,125,0.5,0.1,0.0,True,,,,
D,30,15,125,0.5,0.1,0.0,False,6678.330961415239,0.5,89.07786578880173,97.37688537432683
D,30,15,125,0.5,0.1,0.5,True,,,,
D,30,15,125,0.5,0.1,0.5,False,6678.330961415239,0.5,89.07786578880173,97.37688537432683
D,30,15,125,0.5,0.1,1.0,True,,,,
D,30,15,125,0.5,0.1,1.0,False,6326.156101366848,0.5,87.3093670886076,95.84002757760429
D,30,15,125,0.5,1.0,0.0,True,,,,
D,30,15,125,0.5,1.0,0.0,False,6678.330961415239,0.5,89.07786578880173,97.37688537432683
D,30,15,125,0.5,1.0,0.5,True,,,,
D,30,15,125,0.5,1.0,0.5,False,6678.330961415239,0.5,89.07786578880173,97.37688537432683
D,30,15,125,0.5,1.0,1.0,True,2101.2162702741252,0.6665037717823808,27.24930397367755,42.22321995917149
D,30,15,125,0.5,1.0,1.0,False,,,,
D,30,15,125,0.95,0.0,0.0,True,,,,
D,30,15,125,0.95,0.0,0.0,False,,,,
D,30,15,125,0.95,0.0,0.5,True,,,,
D,30,15,125,0.95,0.0,0.5,False,,,,
D,30,15,125,0.95,0.0,1.0,True,,,,
D,30,15,125,0.95,0.0,1.0,False,,,,
D,30,15,125,0.95,0.1,0.0,True,,,,
D,30,15,125,0.95,0.1,0.0,False,,,,
D,30,15,125,0.95,0.1,0.5,True,,,,
D,30,15,125,0.95,0.1,0.5,False,,,,
D,30,15,125,0.95,0.1,1.0,True,,,,
D,30,15,125,0.95,0.1,1.0,False,,,,
D,30,15,125,0.95,1.0,0.0,True,,,,
D,30,15,125,0.95,1.0,0.0,False,,,,
D,30,15,125,0.95,1.0,0.5,True,,,,
D,30,15,125,0.95,1.0,0.5,False,,,,
D,30,15,125,0.95,1.0,1.0,True,,,,
D,30,15,125,0.95,1.0,1.0,False,,,,
D,30,20,115,0.3,0.0,0.0,True,,,,
D,30,20,115,0.3,0.0,0.0,False,3447.9606056139473,0.5,84.34866821864297,91.74432767867886
D,30,20,115,0.3,0.0,0.5,True,,,,
D,30,20,115,0.3,0.0,0.5,False,3447.9606056139473,0.5,84.34866821864297,91.74432767867886
D,30,20,115,0.3,0.0,1.0,True,,,,
D,30,20,115,0.3,0.0,1.0,False,3447.9606056139473,0.5,84.34866821864297,91.74432767867886
D,30,20,115,0.3,0.1,0.0,True,,,,
D,30,20,115,0.3,0.1,0.0,False,3524.740605515353,0.5,85.11856247962035,92.37665463658429
D,30,20,115,0.3,0.1,0.5,True,,,,
D,30,20,115,0.3,0.1,0.5,False,3524.740605515353,0.5,85.11856247962035,92.37665463658429
D,30,20,115,0.3,0.1,1.0,True,,,,
D,30,20,115,0.3,0.1,1.0,False,3357.258060324647,0.5,83.58050632911393,91.05716246096755
D,30,20,115,0.3,1.0,0.0,True,,,,
D,30,20,115,0.3,1.0,0.0,False,3524.740605515353,0.5,85.11856247962035,92.37665463658429
D,30,20,115,0.3,1.0,0.5,True,,,,
D,30,20,115,0.3,1.0,0.5,False,3524.740605515353,0.5,85.11856247962035,92.37665463658429
D,30,20,115,0.3,1.0,1.0,True,398.3837192260403,0.8016456423144288,43.4634454844422,52.67981505512664
D,30,20,115,0.3,1.0,1.0,False,3357.258060324647,0.5,83.58050632911393,91.05716246096755
D,30,20,115,0.5,0.0,0.0,True,,,,
D,30,20,115,0.5,0.0,0.0,False,3447.9606056139473,0.5,84.34866821864297,91.74432767867886
D,30,20,115,0.5,0.0,0.5,True,,,,
D,30,20,115,0.5,0.0,0.5,False,3447.9606056139473,0.5,84.34866821864297,91.74432767867886
D,30,20,115,0.5,0.0,1.0,True,,,,
D,30,20,115,0.5,0.0,1.0,False,3447.9606056139473,0.5,84.34866821864297,91.74432767867886
D,30,20,115,0.5,0.1,0.0,True,,,,
D,30,20,115,0.5,0.1,0.0,False,3524.740605515353,0.5,85.11856247962035,92.37665463658429
D,30,20,115,0.5,0.1,0.5,True,,,,
D,30,20,115,0.5,0.1,0.5,False,3524.740605515353,0.5,85.11856247962035,92.37665463658429
D,30,20,115,0.5,0.1,1.0,True,,,,
D,30,20,115,0.5,0.1,1.0,False,3357.258060324647,0.5,83.58050632911393,91.05716246096755
D,30,20,115,0.5,1.0,0.0,True,,,,
D,30,20,115,0.5,1.0,0.0,False,3524.740605515353,0.5,85.11856247962035,92.37665463658429
D,30,20,115,0.5,1.0,0.5,True,,,,
D,30,20,115,0.5,1.0,0.5,False,3524.740605515353,0.5,85.11856247962035,92.37665463658429
D,30,20,115,0.5,1.0,1.0,True,2647.175648571148,0.6753322976477856,30.951176321780927,42.70860917007952
D,30,20,115,0.5,1.0,1.0,False,3357.258060324647,0.5,83.58050632911393,91.05716246096755
D,30,20,115,0.95,0.0,0.0,True,,,,
D,30,20,115,0.95,0.0,0.0,False,,,,
D,30,20,115,0.95,0.0,0.5,True,,,,
D,30,20,115,0.95,0.0,0.5,False,,,,
D,30,20,115,0.95,0.0,1.0,True,,,,
D,30,20,115,0.95,0.0,1.0,False,,,,
D,30,20,115,0.95,0.1,0.0,True,,,,
D,30,20,115,0.95,0.1,0.0,False,,,,
D,30,20,115,0.95,0.1,0.5,True,,,,
D,30,20,115,0.95,0.1,0.5,False,,,,
D,30,20,115,0.95,0.1,1.0,True,,,,
D,30,20,115,0.95,0.1,1.0,False,,,,
D,30,20,115,0.95,1.0,0.0,True,,,,
D,30,20,115,0.95,1.0,0.0,False,,,,
D,30,20,115,0.95,1.0,0.5,True,,,,
D,30,20,115,0.95,1.0,0.5,False,,,,
D,30,20,115,0.95,1.0,1.0,True,,,,
D,30,20,115,0.95,1.0,1.0,False,,,,
D,30,20,120,0.3,0.0,0.0,True,,,,
D,30,20,120,0.3,0.0,0.0,False,4746.784758408288,0.5,86.3465254141596,94.26716623596872
D,30,20,120,0.3,0.0,0.5,True,,,,
D,30,20,120,0.3,0.0,0.5,False,4746.784758408288,0.5,86.3465254141596,94.26716623596872
D,30,20,120,0.3,0.0,1.0,True,,,,
D,30,20,120,0.3,0.0,1.0,False,4746.784758408288,0.5,86.3465254141596,94.26716623596872
D,30,20,120,0.3,0.1,0.0,True,,,,
D,30,20,120,0.3,0.1,0.0,False,4863.533138923494,0.5,87.17765061603217,94.95806166929599
D,30,20,120,0.3,0.1,0.5,True,,,,
D,30,20,120,0.3,0.1,0.5,False,4863.533138923494,0.5,87.17765061603217,94.95806166929599
D,30,20,120,0.3,0.1,1.0,True,,,,
D,30,20,120,0.3,0.1,1.0,False,4619.778850250814,0.5,85.52227848101266,93.528614723794
D,30,20,120,0.3,1.0,0.0,True,,,,
D,30,20,120,0.3,1.0,0.0,False,4863.533138923494,0.5,87.17765061603217,94.95806166929599
D,30,20,120,0.3,1.0,0.5,True,,,,
D,30,20,120,0.3,1.0,0.5,False,4863.533138923494,0.5,87.17765061603217,94.95806166929599
D,30,20,120,0.3,1.0,1.0,True,511.16478775906376,0.7979241180866313,45.62104730584366,54.549035444247764
D,30,20,120,0.3,1.0,1.0,False,4619.778850250814,0.5,85.52227848101266,93.528614723794
D,30,20,120,0.5,0.0,0.0,True,,,,
D,30,20,120,0.5,0.0,0.0,False,4746.784758408288,0.5,86.3465254141596,94.26716623596872
D,30,20,120,0.5,0.0,0.5,True,,,,
D,30,20,120,0.5,0.0,0.5,False,4746.784758408288,0.5,86.3465254141596,94.26716623596872
D,30,20,120,0.5,0.0,1.0,True,,,,
D,30,20,120,0.5,0.0,1.0,False,4746.784758408288,0.5,86.3465254141596,94.26716623596872
D,30,20,120,0.5,0.1,0.0,True,,,,
D,30,20,120,0.5,0.1,0.0,False,4863.533138923494,0.5,87.17765061603217,94.95806166929599
D,30,20,120,0.5,0.1,0.5,True,,,,
D,30,20,120,0.5,0.1,0.5,False,4863.533138923494,0.5,87.17765061603217,94.95806166929599
D,30,20,120,0.5,0.1,1.0,True,,,,
D,30,20,120,0.5,0.1,1.0,False,4619.778850250814,0.5,85.52227848101266,93.528614723794
D,30,20,120,0.5,1.0,0.0,True,,,,
D,30,20,120,0.5,1.0,0.0,False,4863.533138923494,0.5,87.17765061603217,94.95806166929599
D,30,20,120,0.5,1.0,0.5,True,,,,
D,30,20,120,0.5,1.0,0.5,False,4863.533138923494,0.5,87.17765061603217,94.95806166929599
D,30,20,120,0.5,1.0,1.0,True,2646.7213877147487,0.6706645211151462,28.834050088540348,42.33555558133098
D,30,20,120,0.5,1.0,1.0,False,4619.778850250814,0.5,85.52227848101266,93.528614723794
D,30,20,120,0.95,0.0,0.0,True,,,,
D,30,20,120,0.95,0.0,0.0,False,,,,
D,30,20,120,0.95,0.0,0.5,True,,,,
D,30,20,120,0.95,0.0,0.5,False,,,,
D,30,20,120,0.95,0.0,1.0,True,,,,
D,30,20,120,0.95,0.0,1.0,False,,,,
D,30,20,120,0.95,0.1,0.0,True,,,,
D,30,20,120,0.95,0.1,0.0,False,,,,
D,30,20,120,0.95,0.1,0.5,True,,,,
D,30,20,120,0.95,0.1,0.5,False,,,,
D,30,20,120,0.95,0.1,1.0,True,,,,
D,30,20,120,0.95,0.1,1.0,False,,,,
D,30,20,120,0.95,1.0,0.0,True,,,,
D,30,20,120,0.95,1.0,0.0,False,,,,
D,30,20,120,0.95,1.0,0.5,True,,,,
D,30,20,120,0.95,1.0,0.5,False,,,,
D,30,20,120,0.95,1.0,1.0,True,,,,
D,30,20,120,0.95,1.0,1.0,False,,,,
D,30,20,125,0.3,0.0,0.0,True,,,,
D,30,20,125,0.3,0.0,0.0,False,6497.861181418331,0.5,88.18038883426702,96.61970944177857
D,30,20,125,0.3,0.0,0.5,True,,,,
D,30,20,125,0.3,0.0,0.5,False,6497.861181418331,0.5,88.18038883426702,96.61970944177857
D,30,20,125,0.3,0.0,1.0,True,,,,
D,30,20,125,0.3,0.0,1.0,False,6497.861181418331,0.5,88.18038883426702,96.61970944177857
D,30,20,125,0.3,0.1,0.0,True,,,,
D,30,20,125,0.3,0.1,0.0,False,6678.330961415239,0.5,89.07786578880173,97.37688537432683
D,30,20,125,0.3,0.1,0.5,True,,,,
D,30,20,125,0.3,0.1,0.5,False,6678.330961415239,0.5,89.07786578880173,97.37688537432683
D,30,20,125,0.3,0.1,1.0,True,,,,
D,30,20,125,0.3,0.1,1.0,False,6326.156101366848,0.5,87.3093670886076,95.84002757760429
D,30,20,125,0.3,1.0,0.0,True,,,,
D,30,20,125,0.3,1.0,0.0,False,6678.330961415239,0.5,89.07786578880173,97.37688537432683
D,30,20,125,0.3,1.0,0.5,True,,,,
D,30,20,125,0.3,1.0,0.5,False,6678.330961415239,0.5,89.07786578880173,97.37688537432683
D,30,20,125,0.3,1.0,1.0,True,652.016832722215,0.795372198613598,47.63723754110802,56.367182799361686
D,30,20,125,0.3,1.0,1.0,False,6326.156101366848,0.5,87.3093670886076,95.84002757760429
D,30,20,125,0.5,0.0,0.0,True,,,,
D,30,20,125,0.5,0.0,0.0,False,6497.861181418331,0.5,88.18038883426702,96.61970944177857
D,30,20,125,0.5,0.0,0.5,True,,,,
D,30,20,125,0.5,0.0,0.5,False,6497.861181418331,0.5,88.18038883426702,96.61970944177857
D,30,20,125,0.5,0.0,1.0,True,,,,
D,30,20,125,0.5,0.0,1.0,False,6497.861181418331,0.5,88.18038883426702,96.61970944177857
D,30,20,125,0.5,0.1,0.0,True,,,,
D,30,20,125,0.5,0.1,0.0,False,6678.330961415239,0.5,89.07786578880173,97.37688537432683
D,30,20,125,0.5,0.1,0.5,True,,,,
D,30,20,125,0.5,0.1,0.5,False,6678.330961415239,0.5,89.07786578880173,97.37688537432683
D,30,20,125,0.5,0.1,1.0,True,,,,
D,30,20,125,0.5,0.1,1.0,False,6326.156101366848,0.5,87.3093670886076,95.84002757760429
D,30,20,125,0.5,1.0,0.0,True,,,,
D,30,20,125,0.5,1.0,0.0,False,6678.330961415239,0.5,89.07786578880173,97.37688537432683
D,30,20,125,0.5,1.0,0.5,True,,,,
D,30,20,125,0.5,1.0,0.5,False,6678.330961415239,0.5,89.07786578880173,97.37688537432683
D,30,20,125,0.5,1.0,1.0,True,2646.467727766391,0.6664021701314574,26.87098406273716,42.22333798600599
D,30,20,125,0.5,1.0,1.0,False,6326.156101366848,0.5,87.3093670886076,95.84002757760429
D,30,20,125,0.95,0.0,0.0,True,,,,
D,30,20,125,0.95,0.0,0.0,False,,,,
D,30,20,125,0.95,0.0,0.5,True,,,,
D,30,20,125,0.95,0.0,0.5,False,,,,
D,30,20,125,0.95,0.0,1.0,True,,,,
D,30,20,125,0.95,0.0,1.0,False,,,,
D,30,20,125,0.95,0.1,0.0,True,,,,
D,30,20,125,0.95,0.1,0.0,False,,,,
D,30,20,125,0.95,0.1,0.5,True,,,,
D,30,20,125,0.95,0.1,0.5,False,,,,
D,30,20,125,0.95,0.1,1.0,True,,,,
D,30,20,125,0.95,0.1,1.0,False,,,,
D,30,20,125,0.95,1.0,0.0,True,,,,
D,30,20,125,0.95,1.0,0.0,False,,,,
D,30,20,125,0.95,1.0,0.5,True,,,,
D,30,20,125,0.95,1.0,0.5,False,,,,
D,30,20,125,0.95,1.0,1.0,True,,,,
D,30,20,125,0.95,1.0,1.0,False,,,,
