feature_set,window_size,n_components,clipping_threshold,link_type,alpha,alpha_reg,l1_ratio,mean_S_score,mean_C_index,mean_MAE,mean_RMSE
A,15,10,115,log,0.1,0.0,0.0,4.781216335293324,0.8740162048837355,13.67140391458619,17.42445068431999
A,15,10,115,log,0.1,0.0,0.5,4.781216335293324,0.8740162048837355,13.67140391458619,17.42445068431999
A,15,10,115,log,0.1,0.0,1.0,4.781216335293324,0.8740162048837355,13.67140391458619,17.42445068431999
A,15,10,115,log,0.1,0.1,0.0,5.147397629286232,0.8745777737363859,14.462330804735894,18.602838247264085
A,15,10,115,log,0.1,0.1,0.5,4.938969928252516,0.8743273105499657,14.161514536865374,18.13404211363571
A,15,10,115,log,0.1,0.1,1.0,4.8119117417161,0.8738706295806546,13.917285062924321,17.730171181262385
A,15,10,115,log,0.1,0.5,0.0,10.191463467080428,0.8753000244376204,19.87757982352432,25.167626500861296
A,15,10,115,log,0.1,0.5,0.5,7.212823026564908,0.8742616895428832,17.138023550010594,22.045758478164935
A,15,10,115,log,0.5,0.0,0.0,4.970780905902349,0.8731322748687568,13.735651346093189,17.597556492210646
A,15,10,115,log,0.1,0.5,1.0,5.328495108407969,0.8718731271693028,15.065144538214085,19.25745843557498
A,15,10,115,log,0.5,0.0,0.5,4.970780905902349,0.8731322748687568,13.735651346093189,17.597556492210646
A,15,10,115,log,0.5,0.0,1.0,4.970780905902349,0.8731322748687568,13.735651346093189,17.597556492210646
A,15,10,115,log,0.5,0.1,0.0,9.469792283918952,0.8744658948557896,19.00826419841581,24.342057290076077
A,15,10,115,log,0.5,0.1,0.5,7.036111396857112,0.8733951906001334,16.7181318708461,21.646804735657675
A,15,10,115,log,0.5,0.1,1.0,5.427425432771176,0.8715758740632829,14.956544455596426,19.20720929684503
A,15,10,115,log,0.5,0.5,0.0,73.37977533925246,0.8749216032163811,42.235957330770546,47.390087305949095
A,15,10,115,log,0.5,0.5,0.5,38.8667934932228,0.8693530501397824,34.103255793189014,39.6364118328137
A,15,10,115,log,0.5,0.5,1.0,13.99324077919654,0.8503268869985565,22.166966645033035,28.214296194116486
A,15,10,115,log,1.0,0.0,0.0,5.010320451812721,0.8728856606023744,13.74999232923281,17.632590832471635
A,15,10,115,log,1.0,0.0,0.5,5.010320451812721,0.8728856606023744,13.74999232923281,17.632590832471635
A,15,10,115,log,1.0,0.0,1.0,5.010320451812721,0.8728856606023744,13.74999232923281,17.632590832471635
A,15,10,115,log,1.0,0.1,0.0,19.115511366811155,0.8744556322275244,25.81462551797953,31.4878486667478
A,15,10,115,log,1.0,0.1,0.5,11.638426793279189,0.8726228929292656,20.883020463241817,26.445363922757537
A,15,10,115,log,1.0,0.1,1.0,6.652768113693606,0.8674436291770184,16.554749008986082,21.305003891924695
A,15,10,115,log,1.0,0.5,0.0,203.86915449806304,0.8748256254206028,55.02479261264564,60.19772244294745
A,15,10,115,log,1.0,0.5,0.5,114.66192823422895,0.8636359226770981,47.44667198311815,52.79607534444368
A,15,10,115,log,1.0,0.5,1.0,32.74403823755889,0.8488863810222085,31.79767178954227,37.627383766360715
A,15,10,115,log,1.5,0.0,0.0,5.025110815668021,0.8728269003797398,13.75522515702716,17.64545114769468
A,15,10,115,log,1.5,0.0,0.5,5.025110815668021,0.8728269003797398,13.75522515702716,17.64545114769468
A,15,10,115,log,1.5,0.0,1.0,5.025110815668021,0.8728269003797398,13.75522515702716,17.64545114769468
A,15,10,115,log,1.5,0.1,0.0,32.753317456849196,0.8744410435211926,32.08801904134853,37.59792874018043
A,15,10,115,log,1.5,0.1,0.5,18.269977264676836,0.8715969784677613,25.330419903091972,31.09365159799044
A,15,10,115,log,1.5,0.1,1.0,8.530246511808892,0.8612140020634751,18.33850485237594,23.614683975518354
A,15,10,115,log,1.5,0.5,0.0,351.957988733826,0.8747710283944921,61.59892568951484,66.97254865904722
A,15,10,115,log,1.5,0.5,0.5,214.28474537531343,0.8588481561433211,55.04720628143343,60.537371418567396
A,15,10,115,log,1.5,0.5,1.0,62.06028967673755,0.8488863810222085,40.0071120624559,45.622568171550974
A,15,10,120,log,0.1,0.0,0.0,5.396577520058021,0.8658667194704991,13.451025777126981,17.95644015232852
A,15,10,120,log,0.1,0.0,0.5,5.396577520058021,0.8658667194704991,13.451025777126981,17.95644015232852
A,15,10,120,log,0.1,0.0,1.0,5.396577520058021,0.8658667194704991,13.451025777126981,17.95644015232852
A,15,10,120,log,0.1,0.1,0.0,5.872635697800812,0.866788307807641,14.40936541766086,19.245233378987987
A,15,10,120,log,0.1,0.1,0.5,5.614422397651163,0.8663965272969835,14.05149691868815,18.741178743474414
A,15,10,120,log,0.1,0.1,1.0,5.457399099694131,0.8658056126158019,13.756109939831324,18.309621401794473
A,15,10,120,log,0.1,0.5,0.0,11.983796431632587,0.8679096126492085,20.276874726943976,26.117241527950334
A,15,10,120,log,0.1,0.5,0.5,8.405975567917006,0.8665348000312832,17.3907189643214,22.901726988082864
A,15,10,120,log,0.1,0.5,1.0,6.106898329883287,0.8640166901010075,15.101902692284309,19.979452413641315
A,15,10,120,log,0.5,0.0,0.0,5.60949386016423,0.8648408232478317,13.457055798061239,18.10941598000433
A,15,10,120,log,0.5,0.0,0.5,5.60949386016423,0.8648408232478317,13.457055798061239,18.10941598000433
A,15,10,120,log,0.5,0.0,1.0,5.60949386016423,0.8648408232478317,13.457055798061239,18.10941598000433
A,15,10,120,log,0.5,0.1,0.0,11.151712617983971,0.866949518155719,19.360028291686383,25.28458438881731
A,15,10,120,log,0.5,0.1,0.5,8.206503522579915,0.8655390507690962,16.904332513855675,22.48702984107539
A,15,10,120,log,0.5,0.1,1.0,6.227251159325337,0.8635675535902095,14.911836123703083,19.902626797852683
A,15,10,120,log,0.5,0.5,0.0,90.95633746548764,0.8674945292055776,43.42429035573186,49.000136193850764
A,15,10,120,log,0.5,0.5,0.5,47.55083835510746,0.8619103143160094,35.0585867146175,41.04377982017554
A,15,10,120,log,0.5,0.5,1.0,16.823553691094396,0.8427957247040462,22.756572615489294,29.346438555718244
A,15,10,120,log,1.0,0.0,0.0,5.652391409928157,0.8646641843371959,13.460557332207532,18.140825433769134
A,15,10,120,log,1.0,0.0,0.5,5.652391409928157,0.8646641843371959,13.460557332207532,18.140825433769134
A,15,10,120,log,1.0,0.0,1.0,5.652391409928157,0.8646641843371959,13.460557332207532,18.140825433769134
A,15,10,120,log,1.0,0.1,0.0,22.9850983173034,0.8669832180106125,26.51786689386294,32.679243752918374
A,15,10,120,log,1.0,0.1,0.5,13.834961119009245,0.864953482318078,21.367483837215474,27.48668623216353
A,15,10,120,log,1.0,0.1,1.0,7.731956555707041,0.8596438465973504,16.685984854057143,22.131002957464226
A,15,10,120,log,1.0,0.5,0.0,259.86600527931637,0.8673904633790096,56.56758517992146,62.16409208483162
A,15,10,120,log,1.0,0.5,0.5,144.19987197761554,0.8563968041676041,48.766304246620244,54.555843295164934
A,15,10,120,log,1.0,0.5,1.0,40.1044975882037,0.8412656739361346,32.636445272643435,38.97901397176547
A,15,10,120,log,1.5,0.0,0.0,5.668439916252377,0.8645780847858168,13.461911623867199,18.152326847931644
A,15,10,120,log,1.5,0.0,0.5,5.668439916252377,0.8645780847858168,13.461911623867199,18.152326847931644
A,15,10,120,log,1.5,0.0,1.0,5.668439916252377,0.8645780847858168,13.461911623867199,18.152326847931644
A,15,10,120,log,1.5,0.1,0.0,39.891835914044194,0.8669839996339924,33.006834890666184,38.96617959821358
A,15,10,120,log,1.5,0.1,0.5,22.002780577992613,0.8640127253385869,26.024948869104257,32.28630984405652
A,15,10,120,log,1.5,0.1,1.0,10.028514527252279,0.8537198663203449,18.627004398107903,24.546352543524403
A,15,10,120,log,1.5,0.5,0.0,455.7661085209935,0.8673310789802023,63.31711402357534,69.12578394860832
A,15,10,120,log,1.5,0.5,0.5,274.07497931169917,0.8518199179340481,56.57522308822091,62.50762415450853
A,15,10,120,log,1.5,0.5,1.0,76.91219857651029,0.8412656739361346,41.03947550720395,47.158708554703885
A,15,10,125,log,0.1,0.0,0.0,6.195333822637008,0.8569726413154104,13.179287861784355,18.7298382193932
A,15,10,125,log,0.1,0.0,0.5,6.195333822637008,0.8569726413154104,13.179287861784355,18.7298382193932
A,15,10,125,log,0.1,0.0,1.0,6.195333822637008,0.8569726413154104,13.179287861784355,18.7298382193932
A,15,10,125,log,0.1,0.1,0.0,6.7927295359368145,0.858037755224224,14.295758321806876,20.07196767995822
A,15,10,125,log,0.1,0.1,1.0,6.2857328444960725,0.8567483185283115,13.538504642083172,19.11098900446992
A,15,10,125,log,0.1,0.1,0.5,6.472886235668595,0.8576382161547501,13.88863277291308,19.553253798513555
A,15,10,125,log,0.1,0.5,0.0,14.172812604070606,0.8597623577639469,20.607202359422114,27.10955951044486
A,15,10,125,log,0.1,0.5,0.5,9.87660919574219,0.8582518457460493,17.578189303115046,23.8422742627909
A,15,10,125,log,0.1,0.5,1.0,7.09965869032308,0.8555405733094966,15.06410684516707,20.85814335609286
A,15,10,125,log,0.5,0.0,0.0,6.433751658279041,0.8558754319362889,13.13559358917876,18.877334392102355
A,15,10,125,log,0.5,0.0,0.5,6.433751658279041,0.8558754319362889,13.13559358917876,18.877334392102355
A,15,10,125,log,0.5,0.0,1.0,6.433751658279041,0.8558754319362889,13.13559358917876,18.877334392102355
A,15,10,125,log,0.5,0.1,0.0,13.219369497550314,0.8585984302261535,19.656765569096827,26.285401491559888
A,15,10,125,log,0.5,0.1,0.5,9.661259910397709,0.8570454571493105,17.031449883171582,23.430619023538053
A,15,10,125,log,0.5,0.1,1.0,7.254445777001375,0.8549117614256849,14.812234371521583,20.778277583203447
A,15,10,125,log,0.5,0.5,0.0,112.86367340857628,0.8594679212452648,44.53826465269823,50.54817065191888
A,15,10,125,log,0.5,0.5,0.5,58.297524058575576,0.8541829183053865,35.950012052856195,42.40685400341761
A,15,10,125,log,0.5,0.5,1.0,20.317388291682356,0.8354116804787841,23.284495376809083,30.491541030998953
A,15,10,125,log,1.0,0.0,0.0,6.484577359499893,0.8556215434263559,13.130239886928212,18.9079382568022
A,15,10,125,log,1.0,0.0,0.5,6.484577359499893,0.8556215434263559,13.130239886928212,18.9079382568022
A,15,10,125,log,1.0,0.0,1.0,6.484577359499893,0.8556215434263559,13.130239886928212,18.9079382568022
A,15,10,125,log,1.0,0.1,0.0,27.71046943389745,0.8588787689146054,27.15633290397106,33.858988110276336
A,15,10,125,log,1.0,0.1,0.5,16.53199312328744,0.8567972412200062,21.780953779269012,28.556886043475497
A,15,10,125,log,1.0,0.1,1.0,9.080554829757515,0.8512936635486386,16.746197353095788,23.075231227529763
A,15,10,125,log,1.0,0.5,0.0,331.1443683333374,0.8593763791967296,58.012991370828445,64.04230318403316
A,15,10,125,log,1.0,0.5,0.5,181.46051359981396,0.8490304603271367,50.003136434287086,56.24290514015421
A,15,10,125,log,1.0,0.5,1.0,49.248014256473496,0.8338931577739253,33.43229116009449,40.2922832501385
A,15,10,125,log,1.5,0.0,0.0,6.503446922521637,0.8555232669714616,13.128274372514081,18.919077704629263
A,15,10,125,log,1.5,0.0,0.5,6.503446922521637,0.8555232669714616,13.128274372514081,18.919077704629263
A,15,10,125,log,1.5,0.0,1.0,6.503446922521637,0.8555232669714616,13.128274372514081,18.919077704629263
A,15,10,125,log,1.5,0.1,0.0,48.683331835804424,0.8589047153424877,33.85995774186896,40.29650551581334
A,15,10,125,log,1.5,0.1,0.5,26.585016302018875,0.8560262717563216,26.655477038732947,33.468164699554464
A,15,10,125,log,1.5,0.1,1.0,11.879866410696101,0.8461033343621104,18.839133311097033,25.551950276132754
A,15,10,125,log,1.5,0.5,0.0,589.5505477210767,0.8593191099817072,64.92599967695841,71.17766145020447
A,15,10,125,log,1.5,0.5,0.5,350.4385250146888,0.8447684650356967,58.00629621883147,64.38957201922022
A,15,10,125,log,1.5,0.5,1.0,95.50706128781667,0.8338931577739253,42.008403939615945,48.640247068328975
A,15,10,130,log,0.1,0.0,0.0,6.213005857017093,0.8562513870633209,12.748851774611513,18.320188970413348
A,15,10,130,log,0.1,0.0,0.5,6.213005857017093,0.8562513870633209,12.748851774611513,18.320188970413348
A,15,10,130,log,0.1,0.0,1.0,6.213005857017093,0.8562513870633209,12.748851774611513,18.320188970413348
A,15,10,130,log,0.1,0.1,0.0,6.567663627758617,0.8574485298150295,13.734516172893652,19.496129623807082
A,15,10,130,log,0.1,0.1,0.5,6.33749801926506,0.8569661688060304,13.37349144645458,19.02978512713603
A,15,10,130,log,0.1,0.1,1.0,6.237229795027663,0.8561050051813137,13.0721079477991,18.649151715397032
A,15,10,130,log,0.1,0.5,0.0,13.023070230650982,0.8595674217556711,19.640732778566907,26.166524045030464
A,15,10,130,log,0.1,0.5,0.5,9.144133576366087,0.8580471408404952,16.759040977041074,23.01186120926487
A,15,10,130,log,0.1,0.5,1.0,6.798783560572329,0.8551611409625091,14.464168274622562,20.22704290352994
A,15,10,130,log,0.5,0.0,0.0,6.4397303077350525,0.854758073614992,12.7269936840891,18.47865877760208
A,15,10,130,log,0.5,0.0,0.5,6.4397303077350525,0.854758073614992,12.7269936840891,18.47865877760208
A,15,10,130,log,0.5,0.0,1.0,6.4397303077350525,0.854758073614992,12.7269936840891,18.47865877760208
A,15,10,130,log,0.5,0.1,0.0,12.201562204399115,0.8583704146085152,18.757040216568072,25.404124499769324
A,15,10,130,log,0.5,0.1,0.5,9.008690909114803,0.8568086197302046,16.289008201674918,22.66589408414152
A,15,10,130,log,0.5,0.1,1.0,6.985716337778664,0.8543457806148599,14.265283382158515,20.194067325228335
A,15,10,130,log,0.5,0.5,0.0,105.53214086350651,0.8594627525504117,43.557931776977924,49.59607552995526
A,15,10,130,log,0.5,0.5,0.5,53.92543191249498,0.8542489739814669,34.80181353748661,41.349145768563595
A,15,10,130,log,0.5,0.5,1.0,18.630610364489463,0.8353401693280909,22.318274155393276,29.563969552646608
A,15,10,130,log,1.0,0.0,0.0,6.487448635695048,0.8545963309405463,12.725494701571465,18.51120526490435
A,15,10,130,log,1.0,0.0,0.5,6.487448635695048,0.8545963309405463,12.725494701571465,18.51120526490435
A,15,10,130,log,1.0,0.0,1.0,6.487448635695048,0.8545963309405463,12.725494701571465,18.51120526490435
A,15,10,130,log,1.0,0.1,0.0,25.540163947113797,0.8588280331059407,26.061541854423428,32.84476095206209
A,15,10,130,log,1.0,0.1,1.0,8.50703607024996,0.850981119277588,16.071504049225574,22.353188517178115
A,15,10,130,log,1.0,0.1,0.5,15.192460468592808,0.8566011307822725,20.798030856259096,27.615068584107224
A,15,10,130,log,1.0,0.5,0.0,314.12148854083205,0.8593625999267387,57.328536013510984,63.318949561234014
A,15,10,130,log,1.0,0.5,0.5,170.2991483344819,0.8492723753526448,49.12511778412771,55.35111413903296
A,15,10,130,log,1.0,0.5,1.0,45.23774272401734,0.8338931577739253,32.17013725494055,39.15382488177015
A,15,10,130,log,1.5,0.0,0.0,6.505490420396543,0.854551001133698,12.724994949875356,18.52314682363538
A,15,10,130,log,1.5,0.0,0.5,6.505490420396543,0.854551001133698,12.724994949875356,18.52314682363538
A,15,10,130,log,1.5,0.0,1.0,6.505490420396543,0.854551001133698,12.724994949875356,18.52314682363538
A,15,10,130,log,1.5,0.1,0.0,45.12048977854919,0.8588714975039344,32.74292909997597,39.269322139742684
A,15,10,130,log,1.5,0.1,0.5,24.446507561629105,0.8559419445967636,25.54759965213575,32.445642191023474
A,15,10,130,log,1.5,0.1,1.0,10.968353952724703,0.8460003164323956,18.068584269453417,24.736891626923644
A,15,10,130,log,1.5,0.5,0.0,563.9693425363228,0.8592944271649756,64.39302397768945,70.5966856002311
A,15,10,130,log,1.5,0.5,0.5,331.9006499281662,0.84517521960978,57.30795813337509,63.64793054775945
A,15,10,130,log,1.5,0.5,1.0,88.21567736805245,0.8338931577739253,40.88193027206058,47.52980930355384
A,15,15,115,log,0.1,0.0,0.0,4.772574231163208,0.8743826079947379,13.649079584890256,17.399796700311537
A,15,15,115,log,0.1,0.0,0.5,4.772574231163208,0.8743826079947379,13.649079584890256,17.399796700311537
A,15,15,115,log,0.1,0.0,1.0,4.772574231163208,0.8743826079947379,13.649079584890256,17.399796700311537
A,15,15,115,log,0.1,0.1,0.0,5.13789493270839,0.8748947502141279,14.440841292201984,18.57967936125943
A,15,15,115,log,0.1,0.1,1.0,4.8119117417161,0.8738706295806546,13.917285062924321,17.730171181262385
A,15,15,115,log,0.1,0.1,0.5,4.936368172326788,0.8744244978061602,14.156356912199877,18.127488711385915
A,15,15,115,log,0.1,0.5,0.0,10.172790226560405,0.875587703608517,19.86371076167034,25.150628423833375
A,15,15,115,log,0.1,0.5,0.5,7.212823026564908,0.8742616895428832,17.138023550010594,22.045758478164935
A,15,15,115,log,0.1,0.5,1.0,5.328495108407969,0.8718731271693028,15.065144538214085,19.25745843557498
A,15,15,115,log,0.5,0.0,0.0,4.95864844032301,0.8734990410383769,13.714144773321497,17.570413403622716
A,15,15,115,log,0.5,0.0,0.5,4.95864844032301,0.8734990410383769,13.714144773321497,17.570413403622716
A,15,15,115,log,0.5,0.0,1.0,4.95864844032301,0.8734990410383769,13.714144773321497,17.570413403622716
A,15,15,115,log,0.5,0.1,0.0,9.443416717405483,0.8748280704905296,18.99498660189895,24.318443242613533
A,15,15,115,log,0.5,0.1,0.5,7.036111396857112,0.8733951906001334,16.7181318708461,21.646804735657675
A,15,15,115,log,0.5,0.1,1.0,5.427425432771176,0.8715758740632829,14.956544455596426,19.20720929684503
A,15,15,115,log,0.5,0.5,0.0,73.2682831885394,0.8751832812605468,42.2307123345623,47.379825229641575
A,15,15,115,log,0.5,0.5,0.5,38.8667934932228,0.8693530501397824,34.103255793189014,39.6364118328137
A,15,15,115,log,0.5,0.5,1.0,13.99324077919654,0.8503268869985565,22.166966645033035,28.214296194116486
A,15,15,115,log,1.0,0.0,0.0,4.997180663811099,0.8732944268092778,13.7282657465199,17.605079780620436
A,15,15,115,log,1.0,0.0,0.5,4.997180663811099,0.8732944268092778,13.7282657465199,17.605079780620436
A,15,15,115,log,1.0,0.1,0.0,19.062913306647168,0.8748107974377801,25.806282715216128,31.466318200014577
A,15,15,115,log,1.0,0.0,1.0,4.997180663811099,0.8732944268092778,13.7282657465199,17.605079780620436
A,15,15,115,log,1.0,0.1,1.0,6.652768113693606,0.8674436291770184,16.554749008986082,21.305003891924695
A,15,15,115,log,1.0,0.1,0.5,11.638426793279189,0.8726228929292656,20.883020463241817,26.445363922757537
A,15,15,115,log,1.0,0.5,0.0,203.63506269937497,0.875083172977684,55.02086392762287,60.19041362041132
A,15,15,115,log,1.0,0.5,0.5,114.66192823422895,0.8636359226770981,47.44667198311815,52.79607534444368
A,15,15,115,log,1.0,0.5,1.0,32.74403823755889,0.8488863810222085,31.79767178954227,37.627383766360715
A,15,15,115,log,1.5,0.0,0.0,5.011651738082322,0.8731937554967469,13.7333562850665,17.617779853938003
A,15,15,115,log,1.5,0.0,0.5,5.011651738082322,0.8731937554967469,13.7333562850665,17.617779853938003
A,15,15,115,log,1.5,0.0,1.0,5.011651738082322,0.8731937554967469,13.7333562850665,17.617779853938003
A,15,15,115,log,1.5,0.1,0.0,32.67014171090371,0.8748013463613313,32.07906059173598,37.578484110372116
A,15,15,115,log,1.5,0.1,0.5,18.269977264676836,0.8715969784677613,25.330419903091972,31.09365159799044
A,15,15,115,log,1.5,0.1,1.0,8.530246511808892,0.8612140020634751,18.33850485237594,23.614683975518354
A,15,15,115,log,1.5,0.5,0.0,351.6315143115677,0.8750310185858226,61.5958134657713,66.96675283599484
A,15,15,115,log,1.5,0.5,0.5,214.28474537531343,0.8588481561433211,55.04720628143343,60.537371418567396
A,15,15,115,log,1.5,0.5,1.0,62.06028967673755,0.8488863810222085,40.0071120624559,45.622568171550974
A,15,15,120,log,0.1,0.0,0.0,5.386098160101356,0.866290572977857,13.423267833495544,17.924621960139117
A,15,15,120,log,0.1,0.0,0.5,5.386098160101356,0.866290572977857,13.423267833495544,17.924621960139117
A,15,15,120,log,0.1,0.0,1.0,5.386098160101356,0.866290572977857,13.423267833495544,17.924621960139117
A,15,15,120,log,0.1,0.1,0.0,5.857299926766373,0.8671613403920748,14.3813923793202,19.21434741813847
A,15,15,120,log,0.1,0.1,0.5,5.611240714910375,0.8664935530137917,14.044626669941588,18.732185307823045
A,15,15,120,log,0.1,0.1,1.0,5.457399099694131,0.8658056126158019,13.756109939831324,18.309621401794473
A,15,15,120,log,0.1,0.5,0.0,11.953809583366223,0.8681632695536953,20.2612571795484,26.09499356576419
A,15,15,120,log,0.1,0.5,0.5,8.405975567917006,0.8665348000312832,17.3907189643214,22.901726988082864
A,15,15,120,log,0.1,0.5,1.0,6.106898329883287,0.8640166901010075,15.101902692284309,19.979452413641315
A,15,15,120,log,0.5,0.0,0.0,5.594198106515331,0.8652752041706023,13.426981252798711,18.073897115253246
A,15,15,120,log,0.5,0.0,0.5,5.594198106515331,0.8652752041706023,13.426981252798711,18.073897115253246
A,15,15,120,log,0.5,0.0,1.0,5.594198106515331,0.8652752041706023,13.426981252798711,18.073897115253246
A,15,15,120,log,0.5,0.1,0.0,11.110130367309333,0.8673101183376375,19.342951601466375,25.254193158704112
A,15,15,120,log,0.5,0.1,0.5,8.206503522579915,0.8655390507690962,16.904332513855675,22.48702984107539
A,15,15,120,log,0.5,0.5,0.0,90.77010925705159,0.8677725188644431,43.416634367960015,48.98607925919467
A,15,15,120,log,0.5,0.1,1.0,6.227251159325337,0.8635675535902095,14.911836123703083,19.902626797852683
A,15,15,120,log,0.5,0.5,0.5,47.55083835510746,0.8619103143160094,35.0585867146175,41.04377982017554
A,15,15,120,log,0.5,0.5,1.0,16.823553691094396,0.8427957247040462,22.756572615489294,29.346438555718244
A,15,15,120,log,1.0,0.0,0.0,5.635165430282036,0.8650346481848228,13.430079588159368,18.104393387031802
A,15,15,120,log,1.0,0.0,0.5,5.635165430282036,0.8650346481848228,13.430079588159368,18.104393387031802
A,15,15,120,log,1.0,0.1,0.0,22.9006785286935,0.8673478419938817,26.505930948935266,32.65126704115297
A,15,15,120,log,1.0,0.0,1.0,5.635165430282036,0.8650346481848228,13.430079588159368,18.104393387031802
A,15,15,120,log,1.0,0.1,0.5,13.834961119009245,0.864953482318078,21.367483837215474,27.48668623216353
A,15,15,120,log,1.0,0.1,1.0,7.731956555707041,0.8596438465973504,16.685984854057143,22.131002957464226
A,15,15,120,log,1.0,0.5,0.0,259.47082226815826,0.8676509729654972,56.56224721672604,62.15424749801298
A,15,15,120,log,1.0,0.5,0.5,144.19987197761554,0.8563968041676041,48.766304246620244,54.555843295164934
A,15,15,120,log,1.0,0.5,1.0,40.1044975882037,0.8412656739361346,32.636445272643435,38.97901397176547
A,15,15,120,log,1.5,0.0,0.0,5.650153433627135,0.8649484946911035,13.431125178896446,18.11552001019141
A,15,15,120,log,1.5,0.0,0.5,5.650153433627135,0.8649484946911035,13.431125178896446,18.11552001019141
A,15,15,120,log,1.5,0.0,1.0,5.650153433627135,0.8649484946911035,13.431125178896446,18.11552001019141
A,15,15,120,log,1.5,0.1,0.0,39.75942268454667,0.8673275650381443,32.995223407744106,38.94087653738133
A,15,15,120,log,1.5,0.1,0.5,22.002780577992613,0.8640127253385869,26.024948869104257,32.28630984405652
A,15,15,120,log,1.5,0.1,1.0,10.028514527252279,0.8537198663203449,18.627004398107903,24.546352543524403
A,15,15,120,log,1.5,0.5,0.0,455.21029822548496,0.8675901466798891,63.31284941046348,69.11801118720443
A,15,15,120,log,1.5,0.5,0.5,274.07497931169917,0.8518199179340481,56.57522308822091,62.50762415450853
A,15,15,120,log,1.5,0.5,1.0,76.91219857651029,0.8412656739361346,41.03947550720395,47.158708554703885
A,15,15,125,log,0.1,0.0,0.0,6.179045442011497,0.8573135907281983,13.143315113281115,18.691866166430565
A,15,15,125,log,0.1,0.0,0.5,6.179045442011497,0.8573135907281983,13.143315113281115,18.691866166430565
A,15,15,125,log,0.1,0.0,1.0,6.179045442011497,0.8573135907281983,13.143315113281115,18.691866166430565
A,15,15,125,log,0.1,0.1,0.0,6.77129119607371,0.8583327161903709,14.265971647463264,20.03496127161792
A,15,15,125,log,0.1,0.1,0.5,6.46709369584064,0.8577433993603247,13.880129881061867,19.541872042104206
A,15,15,125,log,0.1,0.1,1.0,6.2857328444960725,0.8567483185283115,13.538504642083172,19.11098900446992
A,15,15,125,log,0.1,0.5,0.0,14.127815980843405,0.8600573521247036,20.589177996640636,27.08257868086277
A,15,15,125,log,0.1,0.5,0.5,9.87660919574219,0.8582518457460493,17.578189303115046,23.8422742627909
A,15,15,125,log,0.1,0.5,1.0,7.09965869032308,0.8555405733094966,15.06410684516707,20.85814335609286
A,15,15,125,log,0.5,0.0,0.0,6.405906558444499,0.856325655182682,13.09696503732231,18.83353838073652
A,15,15,125,log,0.5,0.0,0.5,6.405906558444499,0.856325655182682,13.09696503732231,18.83353838073652
A,15,15,125,log,0.5,0.0,1.0,6.405906558444499,0.856325655182682,13.09696503732231,18.83353838073652
A,15,15,125,log,0.5,0.1,0.0,13.157642716341886,0.8589795557181565,19.631844417232536,26.24884790282411
A,15,15,125,log,0.5,0.1,0.5,9.661259910397709,0.8570454571493105,17.031449883171582,23.430619023538053
A,15,15,125,log,0.5,0.1,1.0,7.254445777001375,0.8549117614256849,14.812234371521583,20.778277583203447
A,15,15,125,log,0.5,0.5,0.0,112.58210046439235,0.859760484568217,44.52910884264677,50.53082042192564
A,15,15,125,log,0.5,0.5,0.5,58.297524058575576,0.8541829183053865,35.950012052856195,42.40685400341761
A,15,15,125,log,0.5,0.5,1.0,20.317388291682356,0.8354116804787841,23.284495376809083,30.491541030998953
A,15,15,125,log,1.0,0.0,0.0,6.4546722951518065,0.8561391914641376,13.091048159213837,18.86319618145061
A,15,15,125,log,1.0,0.0,0.5,6.4546722951518065,0.8561391914641376,13.091048159213837,18.86319618145061
A,15,15,125,log,1.0,0.0,1.0,6.4546722951518065,0.8561391914641376,13.091048159213837,18.86319618145061
A,15,15,125,log,1.0,0.1,0.0,27.590466672579463,0.8592503995564821,27.139939430700384,33.82542792272988
A,15,15,125,log,1.0,0.1,0.5,16.531993123287442,0.8567972412200062,21.78095377926901,28.556886043475497
A,15,15,125,log,1.0,0.1,1.0,9.080554829757515,0.8512936635486386,16.746197353095788,23.075231227529763
A,15,15,125,log,1.0,0.5,0.0,330.5369019118653,0.8596451213184693,58.00647500745818,64.03023631232034
A,15,15,125,log,1.0,0.5,0.5,181.46051359981396,0.8490304603271367,50.003136434287086,56.24290514015421
A,15,15,125,log,1.0,0.5,1.0,49.248014256473496,0.8338931577739253,33.43229116009449,40.2922832501385
A,15,15,125,log,1.5,0.0,0.0,6.472777496503435,0.8560076368883456,13.088868502954238,18.873993178915214
A,15,15,125,log,1.5,0.0,0.5,6.472777496503435,0.8560076368883456,13.088868502954238,18.873993178915214
A,15,15,125,log,1.5,0.0,1.0,6.472777496503435,0.8560076368883456,13.088868502954238,18.873993178915214
A,15,15,125,log,1.5,0.1,0.0,48.489217003694655,0.859267297393831,33.845293757127266,40.26609171460548
A,15,15,125,log,1.5,0.1,0.5,26.585016302018893,0.8560262717563216,26.655477038732954,33.46816469955447
A,15,15,125,log,1.5,0.1,1.0,11.879866410696101,0.8461033343621104,18.839133311097033,25.551950276132754
A,15,15,125,log,1.5,0.5,0.0,588.6867969782372,0.8595876830434545,64.92076411568391,71.16814061733379
A,15,15,125,log,1.5,0.5,0.5,350.4385250146888,0.8447684650356967,58.00629621883147,64.38957201922022
A,15,15,125,log,1.5,0.5,1.0,95.50706128781667,0.8338931577739253,42.008403939615945,48.640247068328975
A,15,15,130,log,0.1,0.0,0.0,6.194522507597331,0.8565411122254594,12.709509165553744,18.28026124628463
A,15,15,130,log,0.1,0.0,0.5,6.194522507597331,0.8565411122254594,12.709509165553744,18.28026124628463
A,15,15,130,log,0.1,0.0,1.0,6.194522507597331,0.8565411122254594,12.709509165553744,18.28026124628463
A,15,15,130,log,0.1,0.1,0.0,6.550443087706332,0.8579045380022634,13.699786342193992,19.45757320658413
A,15,15,130,log,0.1,0.1,0.5,6.334117295546735,0.8571207676965173,13.362555525916681,19.017160118679158
A,15,15,130,log,0.1,0.1,1.0,6.237229795027663,0.8561050051813137,13.0721079477991,18.649151715397032
A,15,15,130,log,0.1,0.5,0.0,12.97914817300526,0.8599454199916721,19.620685733311813,26.137088776096146
A,15,15,130,log,0.1,0.5,0.5,9.144133576366087,0.8580471408404952,16.759040977041074,23.01186120926487
A,15,15,130,log,0.5,0.0,0.0,6.410365563249201,0.855304002709984,12.685261558627648,18.43259812249594
A,15,15,130,log,0.1,0.5,1.0,6.798783560572329,0.8551611409625091,14.464168274622562,20.22704290352994
A,15,15,130,log,0.5,0.0,0.5,6.410365563249201,0.855304002709984,12.685261558627648,18.43259812249594
A,15,15,130,log,0.5,0.0,1.0,6.410365563249201,0.855304002709984,12.685261558627648,18.43259812249594
A,15,15,130,log,0.5,0.1,0.0,12.140755585525154,0.8587913914568681,18.729733122329353,25.363614743843748
A,15,15,130,log,0.5,0.1,0.5,9.008690909114803,0.8568086197302046,16.289008201674918,22.66589408414152
A,15,15,130,log,0.5,0.1,1.0,6.985716337778664,0.8543457806148599,14.265283382158515,20.194067325228335
A,15,15,130,log,0.5,0.5,0.0,105.23369026733283,0.8597907103747693,43.54753581236196,49.576045505851106
A,15,15,130,log,0.5,0.5,0.5,53.92543191249498,0.8542489739814669,34.80181353748661,41.349145768563595
A,15,15,130,log,0.5,0.5,1.0,18.630610364489463,0.8353401693280909,22.318274155393276,29.563969552646608
A,15,15,130,log,1.0,0.0,0.0,6.456533185503557,0.8550129018371171,12.683343112566492,18.464158473955727
A,15,15,130,log,1.0,0.0,0.5,6.456533185503557,0.8550129018371171,12.683343112566492,18.464158473955727
A,15,15,130,log,1.0,0.0,1.0,6.456533185503557,0.8550129018371171,12.683343112566492,18.464158473955727
A,15,15,130,log,1.0,0.1,0.0,25.418152435753143,0.8592292295638668,26.042660645546942,32.807581862261735
A,15,15,130,log,1.0,0.1,0.5,15.192460468592808,0.8566011307822725,20.7980308562591,27.615068584107224
A,15,15,130,log,1.0,0.1,1.0,8.50703607024996,0.850981119277588,16.071504049225574,22.353188517178115
A,15,15,130,log,1.0,0.5,0.0,313.46455598303794,0.8596569720048179,57.32093108583924,63.30503937531013
A,15,15,130,log,1.0,0.5,0.5,170.2991483344819,0.8492723753526448,49.12511778412771,55.35111413903296
A,15,15,130,log,1.0,0.5,1.0,45.23774272401734,0.8338931577739253,32.17013725494055,39.15382488177015
A,15,15,130,log,1.5,0.0,0.0,6.4737506631876816,0.8549772999056753,12.682590157329944,18.47569214385296
A,15,15,130,log,1.5,0.0,0.5,6.4737506631876816,0.8549772999056753,12.682590157329944,18.47569214385296
A,15,15,130,log,1.5,0.0,1.0,6.4737506631876816,0.8549772999056753,12.682590157329944,18.47569214385296
A,15,15,130,log,1.5,0.1,0.0,44.91951341651542,0.8592749928895838,32.72598999663759,39.23498748812547
A,15,15,130,log,1.5,0.1,0.5,24.446507561629105,0.8559419445967636,25.54759965213575,32.44564219102348
A,15,15,130,log,1.5,0.1,1.0,10.968353952724703,0.8460003164323956,18.068584269453417,24.736891626923644
A,15,15,130,log,1.5,0.5,0.0,563.0275250762718,0.8595989597961265,64.38694711379546,70.58575872886017
A,15,15,130,log,1.5,0.5,0.5,331.9006499281662,0.84517521960978,57.30795813337509,63.64793054775945
A,15,15,130,log,1.5,0.5,1.0,88.21567736805245,0.8338931577739253,40.88193027206058,47.52980930355384
A,15,20,115,log,0.1,0.0,0.0,4.695295545991732,0.8753143174389999,13.592321614787428,17.32503589135495
A,15,20,115,log,0.1,0.0,0.5,4.695295545991732,0.8753143174389999,13.592321614787428,17.32503589135495
A,15,20,115,log,0.1,0.0,1.0,4.695295545991732,0.8753143174389999,13.592321614787428,17.32503589135495
A,15,20,115,log,0.1,0.1,0.0,5.069948310122763,0.8758601478635905,14.39867952148504,18.511796502701426
A,15,20,115,log,0.1,0.1,1.0,4.785079208154883,0.8741312198813235,13.903530588377,17.70404580734158
A,15,20,115,log,0.1,0.1,0.5,4.88784986662152,0.8750526665841253,14.124370787253218,18.076367980800878
A,15,20,115,log,0.1,0.5,0.0,10.116231853138522,0.8763823787785009,19.83816862887577,25.12342985831728
A,15,20,115,log,0.1,0.5,0.5,7.212823026564908,0.8742616895428832,17.138023550010594,22.045758478164935
A,15,20,115,log,0.1,0.5,1.0,5.328495108407969,0.8718731271693028,15.065144538214085,19.25745843557498
A,15,20,115,log,0.5,0.0,0.0,4.8817125434789945,0.8744795789798069,13.655467230139982,17.498058132951236
A,15,20,115,log,0.5,0.0,0.5,4.8817125434789945,0.8744795789798069,13.655467230139982,17.498058132951236
A,15,20,115,log,0.5,0.0,1.0,4.8817125434789945,0.8744795789798069,13.655467230139982,17.498058132951236
A,15,20,115,log,0.5,0.1,0.0,9.38331303842417,0.8756313595133227,18.966880184101708,24.288615598611763
A,15,20,115,log,0.5,0.1,0.5,7.036111396857438,0.8733951906001334,16.718131870846328,21.646804735658016
A,15,20,115,log,0.5,0.1,1.0,5.427425432771226,0.8715758740632829,14.956544455596475,19.2072092968451
A,15,20,115,log,0.5,0.5,0.0,73.12585270584628,0.8759081639822354,42.24591037815878,47.38524481429779
A,15,20,115,log,0.5,0.5,0.5,38.8667934932228,0.8693530501397824,34.103255793189014,39.6364118328137
A,15,20,115,log,0.5,0.5,1.0,13.99324077919654,0.8503268869985565,22.166966645033035,28.214296194116486
A,15,20,115,log,1.0,0.0,0.0,4.920935477712261,0.8742888975654107,13.670234676447313,17.533739674263025
A,15,20,115,log,1.0,0.0,0.5,4.920935477712261,0.8742888975654107,13.670234676447313,17.533739674263025
A,15,20,115,log,1.0,0.0,1.0,4.920935477712261,0.8742888975654107,13.670234676447313,17.533739674263025
A,15,20,115,log,1.0,0.1,0.0,18.983436343895043,0.875603159777771,25.814761441409026,31.459370684366725
A,15,20,115,log,1.0,0.1,0.5,11.638426793279349,0.8726228929292656,20.883020463241866,26.445363922757622
A,15,20,115,log,1.0,0.1,1.0,6.652768113693651,0.8674436291770184,16.554749008986107,21.30500389192475
A,15,20,115,log,1.0,0.5,0.0,203.45781300451728,0.8758042331756274,55.03252044187555,60.1968065016943
A,15,20,115,log,1.0,0.5,0.5,114.66192823422895,0.8636359226770981,47.44667198311815,52.79607534444368
A,15,20,115,log,1.0,0.5,1.0,32.74403823755889,0.8488863810222085,31.79767178954227,37.627383766360715
A,15,20,115,log,1.5,0.0,0.0,4.935783168674492,0.8742159109805515,13.675801532481188,17.54698735538409
A,15,20,115,log,1.5,0.0,0.5,4.935783168674492,0.8742159109805515,13.675801532481188,17.54698735538409
A,15,20,115,log,1.5,0.0,1.0,4.935783168674492,0.8742159109805515,13.675801532481188,17.54698735538409
A,15,20,115,log,1.5,0.1,0.0,32.566881356110024,0.875588471307968,32.10161275130439,37.58037115862372
A,15,20,115,log,1.5,0.1,0.5,18.269977264677056,0.8715969784677613,25.330419903091972,31.093651597990494
A,15,20,115,log,1.5,0.1,1.0,8.530246511808922,0.8612140020634751,18.338504852375955,23.614683975518375
A,15,20,115,log,1.5,0.5,0.0,351.4725715071985,0.8757473308469697,61.60525582236022,66.97258875759694
A,15,20,115,log,1.5,0.5,0.5,214.28474537531343,0.8588481561433211,55.04720628143343,60.537371418567396
A,15,20,115,log,1.5,0.5,1.0,62.06028967673755,0.8488863810222085,40.0071120624559,45.622568171550974
A,15,20,120,log,0.1,0.0,0.0,5.295061533198386,0.867548367822328,13.374466685664634,17.845474874079308
A,15,20,120,log,0.1,0.0,0.5,5.295061533198386,0.867548367822328,13.374466685664634,17.845474874079308
A,15,20,120,log,0.1,0.0,1.0,5.295061533198386,0.867548367822328,13.374466685664634,17.845474874079308
A,15,20,120,log,0.1,0.1,0.0,5.773734891939959,0.8681870700071839,14.346061539165666,19.144048829065376
A,15,20,120,log,0.1,0.1,0.5,5.54944307374822,0.8672135891957236,14.022638388831732,18.68003609342507
A,15,20,120,log,0.1,0.1,1.0,5.423831177086045,0.8661482832637037,13.74486224374032,18.28127543199422
A,15,20,120,log,0.1,0.5,0.0,11.870564838846558,0.8690578021517981,20.235838152571404,26.063746370576375
A,15,20,120,log,0.1,0.5,0.5,8.405975567917006,0.8665348000312832,17.3907189643214,22.901726988082864
A,15,20,120,log,0.1,0.5,1.0,6.106898329883287,0.8640166901010075,15.101902692284309,19.979452413641315
A,15,20,120,log,0.5,0.0,0.0,5.504857917021864,0.8664112547327403,13.37960680746902,17.99773330536891
A,15,20,120,log,0.5,0.0,0.5,5.504857917021864,0.8664112547327403,13.37960680746902,17.99773330536891
A,15,20,120,log,0.5,0.0,1.0,5.504857917021864,0.8664112547327403,13.37960680746902,17.99773330536891
A,15,20,120,log,0.5,0.1,0.0,11.021560052523975,0.8682483743649805,19.32018274206091,25.21978207435233
A,15,20,120,log,0.5,0.1,0.5,8.206503522580368,0.8655390507690962,16.904332513855923,22.48702984107578
A,15,20,120,log,0.5,0.1,1.0,6.227251159325408,0.8635675535902095,14.91183612370313,19.902626797852772
A,15,20,120,log,0.5,0.5,0.0,90.52791228126624,0.8685966614111671,43.43572036252816,48.992341075447364
A,15,20,120,log,0.5,0.5,0.5,47.55083835510746,0.8619103143160094,35.0585867146175,41.04377982017554
A,15,20,120,log,0.5,0.5,1.0,16.823553691094396,0.8427957247040462,22.756572615489294,29.346438555718244
A,15,20,120,log,1.0,0.0,0.0,5.548141067950892,0.8661326413904684,13.382765718730615,18.029143609995106
A,15,20,120,log,1.0,0.0,0.5,5.548141067950892,0.8661326413904684,13.382765718730615,18.029143609995106
A,15,20,120,log,1.0,0.0,1.0,5.548141067950892,0.8661326413904684,13.382765718730615,18.029143609995106
A,15,20,120,log,1.0,0.1,0.0,22.77767835799049,0.8682535395823328,26.515946272462294,32.642798684350936
A,15,20,120,log,1.0,0.1,0.5,13.83496111900951,0.864953482318078,21.367483837215538,27.486686232163656
A,15,20,120,log,1.0,0.1,1.0,7.731956555707052,0.8596438465973504,16.685984854057146,22.13100295746424
A,15,20,120,log,1.0,0.5,0.0,259.12721280758706,0.8684736640614439,56.57648304647754,62.16139960480426
A,15,20,120,log,1.0,0.5,0.5,144.19987197761554,0.8563968041676041,48.766304246620244,54.555843295164934
A,15,20,120,log,1.0,0.5,1.0,40.1044975882037,0.8412656739361346,32.636445272643435,38.97901397176547
A,15,20,120,log,1.5,0.0,0.5,5.563884830902925,0.866010536636262,13.383975129834445,18.0406758669178
A,15,20,120,log,1.5,0.0,0.0,5.563884830902925,0.866010536636262,13.383975129834445,18.0406758669178
A,15,20,120,log,1.5,0.1,0.0,39.58994040310588,0.8682446637539654,33.02104344851723,38.942079733610534
A,15,20,120,log,1.5,0.0,1.0,5.563884830902925,0.866010536636262,13.383975129834445,18.0406758669178
A,15,20,120,log,1.5,0.1,0.5,22.00278057799285,0.8640127253385869,26.024948869104257,32.28630984405657
A,15,20,120,log,1.5,0.1,1.0,10.028514527252355,0.8537198663203449,18.627004398107932,24.546352543524456
A,15,20,120,log,1.5,0.5,0.0,454.85965650761807,0.8684088824957163,63.32426199627916,69.12449051728831
A,15,20,120,log,1.5,0.5,0.5,274.07497931169917,0.8518199179340481,56.57522308822091,62.50762415450854
A,15,20,120,log,1.5,0.5,1.0,76.91219857651029,0.8412656739361346,41.03947550720395,47.158708554703885
A,15,20,125,log,0.1,0.0,0.0,6.068131613073644,0.8584325260443373,13.10934611962107,18.607878560131052
A,15,20,125,log,0.1,0.0,0.5,6.068131613073644,0.8584325260443373,13.10934611962107,18.607878560131052
A,15,20,125,log,0.1,0.0,1.0,6.068131613073644,0.8584325260443373,13.10934611962107,18.607878560131052
A,15,20,125,log,0.1,0.1,0.0,6.666269205890342,0.8593942649162234,14.23536103963065,19.96063861112259
A,15,20,125,log,0.1,0.1,0.5,6.395311082766474,0.8585172788042685,13.862638844802214,19.486684820987264
A,15,20,125,log,0.1,0.1,1.0,6.245078450771112,0.857120345366315,13.53014669603237,19.081169087866325
A,15,20,125,log,0.1,0.5,0.0,14.00912906094164,0.8610280579384335,20.571613134966675,27.048512663745136
A,15,20,125,log,0.1,0.5,0.5,9.87660919574219,0.8582518457460493,17.578189303115046,23.8422742627909
A,15,20,125,log,0.1,0.5,1.0,7.09965869032308,0.8555405733094966,15.06410684516707,20.85814335609286
A,15,20,125,log,0.5,0.0,0.0,6.298818293181583,0.8571516997182542,13.0617490765411,18.74857815717801
A,15,20,125,log,0.5,0.0,0.5,6.298818293181583,0.8571516997182542,13.0617490765411,18.74857815717801
A,15,20,125,log,0.5,0.0,1.0,6.298818293181583,0.8571516997182542,13.0617490765411,18.74857815717801
A,15,20,125,log,0.5,0.1,0.0,13.029042999321188,0.8599810090432767,19.61489547387332,26.209463240187524
A,15,20,125,log,0.5,0.1,0.5,9.661259910398346,0.8570454571493105,17.03144988317186,23.43061902353852
A,15,20,125,log,0.5,0.1,1.0,7.254445777001453,0.8549117614256849,14.812234371521626,20.778277583203526
A,15,20,125,log,0.5,0.5,0.0,112.19148175227804,0.8606582901145619,44.550816686992356,50.53742829253022
A,15,20,125,log,0.5,0.5,0.5,58.297524058575576,0.8541829183053865,35.950012052856195,42.40685400341761
A,15,20,125,log,0.5,0.5,1.0,20.317388291682356,0.8354116804787841,23.284495376809083,30.491541030998953
A,15,20,125,log,1.0,0.0,0.5,6.34666929266199,0.8569219262724592,13.055524987624613,18.777936428633193
A,15,20,125,log,1.0,0.0,0.0,6.34666929266199,0.8569219262724592,13.055524987624613,18.777936428633193
A,15,20,125,log,1.0,0.1,0.0,27.402059080235006,0.8602332420873863,27.149818187776265,33.81452531761742
A,15,20,125,log,1.0,0.0,1.0,6.34666929266199,0.8569219262724592,13.055524987624613,18.777936428633193
A,15,20,125,log,1.0,0.1,1.0,9.080554829757538,0.8512936635486386,16.7461973530958,23.075231227529777
A,15,20,125,log,1.0,0.1,0.5,16.531993123287805,0.8567972412200062,21.780953779269073,28.55688604347563
A,15,20,125,log,1.0,0.5,0.0,329.9397370471127,0.8605372491586465,58.02317046554718,64.03790598888979
A,15,20,125,log,1.0,0.5,0.5,181.46051359981396,0.8490304603271367,50.003136434287086,56.24290514015421
A,15,20,125,log,1.0,0.5,1.0,49.248014256473496,0.8338931577739253,33.43229116009449,40.2922832501385
A,15,20,125,log,1.5,0.0,0.0,6.364519192849532,0.8568072464977259,13.053217479610606,18.78873936433587
A,15,20,125,log,1.5,0.0,0.5,6.364519192849532,0.8568072464977259,13.053217479610606,18.78873936433587
A,15,20,125,log,1.5,0.0,1.0,6.364519192849532,0.8568072464977259,13.053217479610606,18.78873936433587
A,15,20,125,log,1.5,0.1,0.0,48.22240972278923,0.8602444935941194,33.87391993087994,40.26596495964188
A,15,20,125,log,1.5,0.1,0.5,26.585016302019106,0.8560262717563216,26.655477038732947,33.46816469955451
A,15,20,125,log,1.5,0.1,1.0,11.87986641069621,0.8461033343621104,18.83913331109705,25.551950276132807
A,15,20,125,log,1.5,0.5,0.0,588.0334606570898,0.8604666769874842,64.9340517820759,71.17505267465332
A,15,20,125,log,1.5,0.5,1.0,95.50706128781667,0.8338931577739253,42.008403939615945,48.640247068328975
A,15,20,125,log,1.5,0.5,0.5,350.4385250146888,0.8447684650356967,58.00629621883147,64.38957201922022
A,15,20,130,log,0.1,0.0,0.0,6.075036519856545,0.8576144339832874,12.668774627592873,18.19122004118265
A,15,20,130,log,0.1,0.0,0.5,6.075036519856545,0.8576144339832874,12.668774627592873,18.19122004118265
A,15,20,130,log,0.1,0.0,1.0,6.075036519856545,0.8576144339832874,12.668774627592873,18.19122004118265
A,15,20,130,log,0.1,0.1,0.0,6.443760565410703,0.8591485622373891,13.66716345132987,19.379022987615045
A,15,20,130,log,0.1,0.1,1.0,6.191525406297673,0.8565204668023764,13.065360433935211,18.620462411977403
A,15,20,130,log,0.1,0.1,0.5,6.254166073749754,0.8580453558621937,13.342514032939249,18.958867104691286
A,15,20,130,log,0.1,0.5,0.0,12.859900263969985,0.8609364996868948,19.602091622994106,26.09884485653013
A,15,20,130,log,0.1,0.5,0.5,9.144133576366087,0.8580471408404952,16.759040977041074,23.01186120926487
A,15,20,130,log,0.1,0.5,1.0,6.798783560572329,0.8551611409625091,14.464168274622562,20.22704290352994
A,15,20,130,log,0.5,0.0,0.0,6.281750881354491,0.8563215050585384,12.641858795202094,18.339788592842222
A,15,20,130,log,0.5,0.0,0.5,6.281750881354491,0.8563215050585384,12.641858795202094,18.339788592842222
A,15,20,130,log,0.5,0.0,1.0,6.281750881354491,0.8563215050585384,12.641858795202094,18.339788592842222
A,15,20,130,log,0.5,0.1,0.0,12.00978196269846,0.8599242824234874,18.717814383726257,25.318668439952642
A,15,20,130,log,0.5,0.1,0.5,9.008690909114753,0.8568086197302046,16.289008201674868,22.66589408414144
A,15,20,130,log,0.5,0.1,1.0,6.9857163377787455,0.8543457806148599,14.265283382158566,20.194067325228424
A,15,20,130,log,0.5,0.5,0.0,104.83492786660115,0.8607223379792431,43.57325678660387,49.583468759179866
A,15,20,130,log,0.5,0.5,0.5,53.92543191249498,0.8542489739814669,34.80181353748661,41.349145768563595
A,15,20,130,log,0.5,0.5,1.0,18.630610364489463,0.8353401693280909,22.318274155393276,29.563969552646608
A,15,20,130,log,1.0,0.0,0.0,6.326877777907949,0.8560783265742673,12.639089349425154,18.37086383992663
A,15,20,130,log,1.0,0.0,0.5,6.326877777907949,0.8560783265742673,12.639089349425154,18.37086383992663
A,15,20,130,log,1.0,0.0,1.0,6.326877777907949,0.8560783265742673,12.639089349425154,18.37086383992663
A,15,20,130,log,1.0,0.1,0.0,25.235049988961396,0.8602223046458976,26.052486607261635,32.79419683217807
A,15,20,130,log,1.0,0.1,0.5,15.192460468593202,0.8566011307822725,20.798030856259167,27.615068584107377
A,15,20,130,log,1.0,0.1,1.0,8.507036070249978,0.850981119277588,16.07150404922558,22.353188517178125
A,15,20,130,log,1.0,0.5,0.0,312.8269038227004,0.8605837850087328,57.34004016334065,63.31355558687791
A,15,20,130,log,1.0,0.5,1.0,45.23774272401734,0.8338931577739253,32.17013725494055,39.15382488177015
A,15,20,130,log,1.0,0.5,0.5,170.2991483344819,0.8492723753526448,49.12511778412771,55.35111413903296
A,15,20,130,log,1.5,0.0,0.0,6.344002031761966,0.8560197247337882,12.638134859771728,18.382382042277637
A,15,20,130,log,1.5,0.0,0.5,6.344002031761966,0.8560197247337882,12.638134859771728,18.382382042277637
A,15,20,130,log,1.5,0.0,1.0,6.344002031761966,0.8560197247337882,12.638134859771728,18.382382042277637
A,15,20,130,log,1.5,0.1,0.0,44.65006502826533,0.8602803474574712,32.75684437604849,39.23386630274639
A,15,20,130,log,1.5,0.1,1.0,10.968353952724815,0.8460003164323956,18.068584269453442,24.736891626923704
A,15,20,130,log,1.5,0.1,0.5,24.446507561629147,0.8559419445967636,25.54759965213575,32.44564219102348
A,15,20,130,log,1.5,0.5,0.0,562.3101389205628,0.8605206106299216,64.40212604235379,70.59340001049623
A,15,20,130,log,1.5,0.5,0.5,331.9006499281662,0.84517521960978,57.30795813337509,63.64793054775945
A,15,20,130,log,1.5,0.5,1.0,88.21567736805245,0.8338931577739253,40.88193027206058,47.52980930355384
A,20,10,115,log,0.1,0.0,0.0,3.952664411536702,0.885460049079145,12.575596762438225,16.15173888848863
A,20,10,115,log,0.1,0.0,0.5,3.952664411536702,0.885460049079145,12.575596762438225,16.15173888848863
A,20,10,115,log,0.1,0.0,1.0,3.952664411536702,0.885460049079145,12.575596762438225,16.15173888848863
A,20,10,115,log,0.1,0.1,0.0,4.306834651501131,0.88591718529817,13.359556554313627,17.33781966370059
A,20,10,115,log,0.1,0.1,0.5,4.098049827717914,0.8854377354920768,13.030353812165856,16.837863884164378
A,20,10,115,log,0.1,0.1,1.0,3.9331226707665343,0.8852407421366506,12.748428724260844,16.368341470939576
A,20,10,115,log,0.1,0.5,0.0,8.869919587904572,0.8863673882821199,18.833180761477383,24.046799083307036
A,20,10,115,log,0.1,0.5,0.5,5.998613921166596,0.8867474112478794,16.015105287921266,20.672064816795604
A,20,10,115,log,0.1,0.5,1.0,4.205128456825199,0.8862243798106517,13.699306991746733,17.56456417356032
A,20,10,115,log,0.5,0.0,0.0,4.142791133634989,0.8845371745142694,12.657035567051448,16.34650243085563
A,20,10,115,log,0.5,0.0,0.5,4.142791133634989,0.8845371745142694,12.657035567051448,16.34650243085563
A,20,10,115,log,0.5,0.0,1.0,4.142791133634989,0.8845371745142694,12.657035567051448,16.34650243085563
A,20,10,115,log,0.5,0.1,0.0,8.198236764565516,0.8856676882490225,17.9829847614803,23.203317793491202
A,20,10,115,log,0.5,0.1,0.5,5.895221801311613,0.8852881620613097,15.601742929655808,20.319909880533096
A,20,10,115,log,0.5,0.1,1.0,4.315411951414457,0.8852471121961599,13.621473756824804,17.587085512550274
A,20,10,115,log,0.5,0.5,0.0,66.92932478354562,0.885856810850872,41.64900533460157,46.57609328086774
A,20,10,115,log,0.5,0.5,0.5,33.77399301433129,0.8853276091922355,33.87862599426062,38.90519333282988
A,20,10,115,log,0.5,0.5,1.0,11.141473440355771,0.8670552425969804,22.043204133102904,26.9820322434231
A,20,10,115,log,1.0,0.0,0.0,4.183199955407465,0.884305872927252,12.675894342756953,16.38760075282372
A,20,10,115,log,1.0,0.0,0.5,4.183199955407465,0.884305872927252,12.675894342756953,16.38760075282372
A,20,10,115,log,1.0,0.0,1.0,4.183199955407465,0.884305872927252,12.675894342756953,16.38760075282372
A,20,10,115,log,1.0,0.1,0.0,16.929749621282692,0.8856038377822388,25.030277993235252,30.503033994628577
A,20,10,115,log,1.0,0.1,0.5,9.863575896801958,0.8855137420084963,19.946021381037657,25.242880105176265
A,20,10,115,log,1.0,0.1,1.0,5.110271344956791,0.8846163416641708,15.149157965195567,19.438726931140664
A,20,10,115,log,1.0,0.5,0.0,189.5103233834895,0.8857762455543291,54.34590076944666,59.42022725500639
A,20,10,115,log,1.0,0.5,0.5,103.08896692179349,0.8823675736124873,47.20374281525061,52.317061846531466
A,20,10,115,log,1.0,0.5,1.0,28.36056202421119,0.8627879427170561,32.16193257879688,37.15811119056631
A,20,10,115,log,1.5,0.0,0.0,4.198384643737905,0.8842407362452253,12.683056791468626,16.40296448711502
A,20,10,115,log,1.5,0.0,0.5,4.198384643737905,0.8842407362452253,12.683056791468626,16.40296448711502
A,20,10,115,log,1.5,0.0,1.0,4.198384643737905,0.8842407362452253,12.683056791468626,16.40296448711502
A,20,10,115,log,1.5,0.1,0.0,29.41331834374351,0.885579868448659,31.47680675414931,36.71537898648937
A,20,10,115,log,1.5,0.1,0.5,15.692610265566316,0.8854406376369235,24.757556856725518,30.09434261197403
A,20,10,115,log,1.5,0.1,1.0,6.444907635428764,0.8814525995665697,17.16285531669459,21.716049323485556
A,20,10,115,log,1.5,0.5,0.0,330.36769443156334,0.8857512981844984,60.8667280200739,66.19977084662429
A,20,10,115,log,1.5,0.5,0.5,197.12576233922698,0.8792266360135313,54.708201929694575,60.10473068832505
A,20,10,115,log,1.5,0.5,1.0,55.94033440487952,0.8627879427170561,39.97563440164961,45.204574759270244
A,20,10,120,log,0.1,0.0,0.0,4.38953349732276,0.8772761503365164,12.293827177838773,16.578618754202534
A,20,10,120,log,0.1,0.0,0.5,4.38953349732276,0.8772761503365164,12.293827177838773,16.578618754202534
A,20,10,120,log,0.1,0.0,1.0,4.38953349732276,0.8772761503365164,12.293827177838773,16.578618754202534
A,20,10,120,log,0.1,0.1,0.0,4.838428258539217,0.877858440676268,13.245293467123783,17.882034505580854
A,20,10,120,log,0.1,0.1,0.5,4.591954909427672,0.8774073587560594,12.87341452263745,17.35079626085038
A,20,10,120,log,0.1,0.1,1.0,4.405353259379182,0.8769702075676559,12.551264116253277,16.86447627333911
A,20,10,120,log,0.1,0.5,0.0,10.31073822571457,0.8787783702681434,19.21782253986752,24.919780196268352
A,20,10,120,log,0.1,0.5,0.5,6.894381736681801,0.8788287897169285,16.275240311310558,21.454970709102874
A,20,10,120,log,0.1,0.5,1.0,4.742478588358457,0.8782113587819321,13.760341290930569,18.208174503091723
A,20,10,120,log,0.5,0.0,0.0,4.594420277710915,0.8760294147814653,12.31223084866571,16.74671010207224
A,20,10,120,log,0.5,0.0,0.5,4.594420277710915,0.8760294147814653,12.31223084866571,16.74671010207224
A,20,10,120,log,0.5,0.0,1.0,4.594420277710915,0.8760294147814653,12.31223084866571,16.74671010207224
A,20,10,120,log,0.5,0.1,0.0,9.532648165368306,0.8779826989498082,18.31929253382625,24.06486101918762
A,20,10,120,log,0.5,0.1,0.5,6.790008507666991,0.8771343558875395,15.789854854664844,21.091339956644994
A,20,10,120,log,0.5,0.1,1.0,4.876447393315011,0.8768579507470733,13.60425689827404,18.210533284615774
A,20,10,120,log,0.5,0.5,0.0,82.14988532850074,0.8782781474809027,42.793230851795066,48.11755292332202
A,20,10,120,log,0.5,0.5,0.5,40.810065488527954,0.8776983217791713,34.821675243990015,40.2728587703236
A,20,10,120,log,0.5,0.5,1.0,13.074128647220764,0.8607677936147387,22.686235177925692,28.033396045534698
A,20,10,120,log,1.0,0.0,0.0,4.636947205617597,0.8757941039218077,12.32017411802457,16.782555269737294
A,20,10,120,log,1.0,0.0,0.5,4.636947205617597,0.8757941039218077,12.32017411802457,16.782555269737294
A,20,10,120,log,1.0,0.0,1.0,4.636947205617597,0.8757941039218077,12.32017411802457,16.782555269737294
A,20,10,120,log,1.0,0.1,0.0,20.10028163963016,0.8779934481493094,25.70055509492686,31.620285377623723
A,20,10,120,log,1.0,0.1,0.5,11.601040827935083,0.8775660183449387,20.448041174460943,26.233267621254555
A,20,10,120,log,1.0,0.5,0.0,239.72584651017254,0.8781798330968839,55.83132069837943,61.316037361790315
A,20,10,120,log,1.0,0.1,1.0,5.859190199689946,0.8767149621097801,15.37914113677067,20.218863783147526
A,20,10,120,log,1.0,0.5,1.0,34.23148573730286,0.8554715484347992,33.048314969588105,38.496500509397315
A,20,10,120,log,1.0,0.5,0.5,128.41682138902996,0.8750284741497623,48.50681150346197,54.04816300685998
A,20,10,120,log,1.5,0.0,0.0,4.652900432040822,0.8757086209520126,12.323325619113643,16.795983050907893
A,20,10,120,log,1.5,0.0,0.5,4.652900432040822,0.8757086209520126,12.323325619113643,16.795983050907893
A,20,10,120,log,1.5,0.0,1.0,4.652900432040822,0.8757086209520126,12.323325619113643,16.795983050907893
A,20,10,120,log,1.5,0.1,0.0,35.4066750293687,0.877974380232267,32.35007920985011,38.01172652807824
A,20,10,120,log,1.5,0.1,0.5,18.673325908026193,0.877560716818244,25.439213598189056,31.2374085546559
A,20,10,120,log,1.5,0.1,1.0,7.462838430551367,0.8740587462635622,17.573501253785153,22.608904142943828
A,20,10,120,log,1.5,0.5,0.0,425.03375136078955,0.8781489747743422,62.52022407788204,68.27991165000347
A,20,10,120,log,1.5,0.5,0.5,250.26193644665278,0.8721433229073667,56.20815580947534,62.0442799499535
A,20,10,120,log,1.5,0.5,1.0,68.58529079310881,0.8554715484347992,41.033291407085244,46.730462296608096
A,20,10,125,log,0.1,0.0,0.0,4.974662000001613,0.8678621669226407,11.97486947298345,17.273783755463352
A,20,10,125,log,0.1,0.0,0.5,4.974662000001613,0.8678621669226407,11.97486947298345,17.273783755463352
A,20,10,125,log,0.1,0.0,1.0,4.974662000001613,0.8678621669226407,11.97486947298345,17.273783755463352
A,20,10,125,log,0.1,0.1,0.0,5.535976357925044,0.8689597292668232,13.085541596963955,18.632213718304367
A,20,10,125,log,0.1,0.1,0.5,5.246666142522699,0.8685447822705588,12.671036227944398,18.091353629459718
A,20,10,125,log,0.1,0.1,1.0,5.032139783002428,0.8680508173741197,12.315159822473792,17.606676234698117
A,20,10,125,log,0.1,0.5,0.0,12.072101265676045,0.8704660801850259,19.537964778609723,25.838023692047862
A,20,10,125,log,0.1,0.5,0.5,8.01001481776735,0.870279623594989,16.471664411404333,22.328018356023374
A,20,10,125,log,0.1,0.5,1.0,5.44047527392071,0.8693731874802284,13.763297113390683,19.01565784669534
A,20,10,125,log,0.5,0.0,0.0,5.1913211528977135,0.8667196349703372,11.940433568817094,17.42658727431912
A,20,10,125,log,0.5,0.0,0.5,5.1913211528977135,0.8667196349703372,11.940433568817094,17.42658727431912
A,20,10,125,log,0.5,0.0,1.0,5.1913211528977135,0.8667196349703372,11.940433568817094,17.42658727431912
A,20,10,125,log,0.5,0.1,0.0,11.172559846796272,0.8695692608660913,18.5980798143007,24.987370645293083
A,20,10,125,log,0.5,0.1,0.5,7.916058016359831,0.8683905861195645,15.917317285170782,21.973118228474462
A,20,10,125,log,0.5,0.1,1.0,5.61935588118237,0.8680907168086346,13.542154148160677,19.022586197849456
A,20,10,125,log,0.5,0.5,0.0,101.08084023567916,0.8700926910478517,43.86032738210194,49.59685900304856
A,20,10,125,log,0.5,0.5,1.0,15.422517174361582,0.8542590599822641,23.27899544956923,29.086659529982683
A,20,10,125,log,0.5,0.5,0.5,49.49518348242397,0.8696501049562289,35.69990669018404,41.59564567809895
A,20,10,125,log,1.0,0.0,0.5,5.236919308802433,0.8665153435349844,11.938391736694498,17.45995612966373
A,20,10,125,log,1.0,0.0,0.0,5.236919308802433,0.8665153435349844,11.938391736694498,17.45995612966373
A,20,10,125,log,1.0,0.1,0.0,23.979067993344295,0.8697516338373722,26.310858276297644,32.72796740759897
A,20,10,125,log,1.0,0.0,1.0,5.236919308802433,0.8665153435349844,11.938391736694498,17.45995612966373
A,20,10,125,log,1.0,0.1,0.5,13.737170266474735,0.8691615659428228,20.894386706042333,27.251164396982524
A,20,10,125,log,1.0,0.1,1.0,6.79945022864954,0.8682581441897945,15.546271484947024,21.1078915722915
A,20,10,125,log,1.0,0.5,0.0,303.42740719660395,0.8699959973761515,57.21705657995053,63.1216986664305
A,20,10,125,log,1.0,0.5,0.5,160.20452234145222,0.8673126090611868,49.72327208284738,55.70407659829404
A,20,10,125,log,1.0,0.5,1.0,41.452881882027974,0.848198624947394,33.88288038398951,39.79781306115473
A,20,10,125,log,1.5,0.0,0.0,5.254302580754459,0.8664415901702929,11.937866576925943,17.472502943933215
A,20,10,125,log,1.5,0.0,0.5,5.254302580754459,0.8664415901702929,11.937866576925943,17.472502943933215
A,20,10,125,log,1.5,0.0,1.0,5.254302580754459,0.8664415901702929,11.937866576925943,17.472502943933215
A,20,10,125,log,1.5,0.1,0.0,42.78003740648551,0.8697403188132267,33.15843140025072,39.27153252484664
A,20,10,125,log,1.5,0.1,0.5,22.332645786063903,0.869261949999825,26.07373314273699,32.370069864368546
A,20,10,125,log,1.5,0.1,1.0,8.712082092224836,0.8662160463708111,17.929462501246803,23.56041092792425
A,20,10,125,log,1.5,0.5,0.0,546.5658291612999,0.8699619136119775,64.06172945996417,70.25576016709438
A,20,10,125,log,1.5,0.5,1.0,84.28316836958933,0.848198624947394,42.025627170678334,48.20149635760163
A,20,10,125,log,1.5,0.5,0.5,317.76273806703415,0.8647233709177726,57.607930613798395,63.89274464831546
A,20,10,130,log,0.1,0.0,0.0,4.945147638512181,0.8671924299548399,11.562877351657477,16.871067193540462
A,20,10,130,log,0.1,0.0,0.5,4.945147638512181,0.8671924299548399,11.562877351657477,16.871067193540462
A,20,10,130,log,0.1,0.0,1.0,4.945147638512181,0.8671924299548399,11.562877351657477,16.871067193540462
A,20,10,130,log,0.1,0.1,0.0,5.323385422522419,0.8686667506179251,12.534452906062176,18.063005937791473
A,20,10,130,log,0.1,0.1,1.0,4.969519513261548,0.8672660832303901,11.871522489459508,17.165814715174783
A,20,10,130,log,0.1,0.1,0.5,5.103444732133269,0.8680560452442044,12.166658362357904,17.574943189017116
A,20,10,130,log,0.1,0.5,0.0,11.057671972224982,0.870489268953512,18.588735903019177,24.89587212914707
A,20,10,130,log,0.1,0.5,0.5,7.369576710457197,0.8700740505155833,15.643181296790925,21.47936162324263
A,20,10,130,log,0.1,0.5,1.0,5.1646626776422835,0.8690946561236907,13.133171712366954,18.365582268560928
A,20,10,130,log,0.5,0.0,0.0,5.156872186831839,0.8660997875498928,11.549878070174659,17.035190014530663
A,20,10,130,log,0.5,0.0,0.5,5.156872186831839,0.8660997875498928,11.549878070174659,17.035190014530663
A,20,10,130,log,0.5,0.0,1.0,5.156872186831839,0.8660997875498928,11.549878070174659,17.035190014530663
A,20,10,130,log,0.5,0.1,0.0,10.27814180953267,0.8695059609198023,17.717426481524257,24.10416849419563
A,20,10,130,log,0.5,0.1,0.5,7.353247347791909,0.8681437858175561,15.171738964181941,21.19903661064381
A,20,10,130,log,0.5,0.1,1.0,5.379606815502484,0.8677188589976866,12.972694219872256,18.427694061678675
A,20,10,130,log,0.5,0.5,0.0,94.40310042954619,0.8702046188162005,42.92510121300502,48.66504918159244
A,20,10,130,log,0.5,0.5,0.5,45.640460878234386,0.8696091221066988,34.601571043141995,40.53468661999311
A,20,10,130,log,0.5,0.5,1.0,13.917953730200356,0.8549524143777363,22.17377424413788,27.997492374606388
A,20,10,130,log,1.0,0.0,0.0,5.20337066829926,0.8658735075764372,11.551382109437256,17.07097933786443
A,20,10,130,log,1.0,0.0,0.5,5.20337066829926,0.8658735075764372,11.551382109437256,17.07097933786443
A,20,10,130,log,1.0,0.0,1.0,5.20337066829926,0.8658735075764372,11.551382109437256,17.07097933786443
A,20,10,130,log,1.0,0.1,0.0,22.056641191997688,0.8698259144230125,25.23317127266452,31.716937546429687
A,20,10,130,log,1.0,0.1,0.5,12.581671142676068,0.868952286749796,19.899650786032197,26.28706574366036
A,20,10,130,log,1.0,0.1,1.0,6.310740403014068,0.8678075418152673,14.795913957018215,20.32843676982382
A,20,10,130,log,1.0,0.5,0.0,287.60812685536604,0.8701018139630031,56.56593255696837,62.41892603158478
A,20,10,130,log,1.0,0.5,0.5,149.955038587042,0.8674285646525668,48.91662778636919,54.84985570324585
A,20,10,130,log,1.0,0.5,1.0,37.798922342371355,0.848198624947394,32.73320549548908,38.65856691935245
A,20,10,130,log,1.5,0.0,0.0,5.221055200820575,0.8658360264443881,11.552178936670094,17.08439685807371
A,20,10,130,log,1.5,0.0,0.5,5.221055200820575,0.8658360264443881,11.552178936670094,17.08439685807371
A,20,10,130,log,1.5,0.0,1.0,5.221055200820575,0.8658360264443881,11.552178936670094,17.08439685807371
A,20,10,130,log,1.5,0.1,0.0,39.57738160561226,0.8698338141735329,32.0756903196106,38.254436841368836
A,20,10,130,log,1.5,0.1,0.5,20.467543581584675,0.8691484334638228,24.952130578714296,31.322221050165933
A,20,10,130,log,1.5,0.1,1.0,7.9486983956559385,0.8661294750051312,17.02214919377373,22.635946695239806
A,20,10,130,log,1.5,0.5,0.0,522.5833639885028,0.8700580339124139,63.55412109665063,69.69225223211235
A,20,10,130,log,1.5,0.5,0.5,300.39548108405626,0.8649663634866853,56.97009567589197,63.19497873713855
A,20,10,130,log,1.5,0.5,1.0,77.48997517078953,0.848198624947394,41.01403571064835,47.142249967147315
A,20,15,115,log,0.1,0.0,0.0,3.9312811597304913,0.8857614975002972,12.558509894538856,16.125779956179585
A,20,15,115,log,0.1,0.0,0.5,3.9312811597304913,0.8857614975002972,12.558509894538856,16.125779956179585
A,20,15,115,log,0.1,0.0,1.0,3.9312811597304913,0.8857614975002972,12.558509894538856,16.125779956179585
A,20,15,115,log,0.1,0.1,0.0,4.286861729139398,0.8862182999549704,13.339000709957308,17.313950731299975
A,20,15,115,log,0.1,0.1,0.5,4.091189340966631,0.8855144869813328,13.021440078183947,16.828514181508798
A,20,15,115,log,0.1,0.1,1.0,3.9331226707665343,0.8852407421366506,12.748428724260844,16.368341470939576
A,20,15,115,log,0.1,0.5,0.0,8.849613719040661,0.8866180703310047,18.827288852148243,24.033857348595085
A,20,15,115,log,0.1,0.5,0.5,5.998613921166596,0.8867474112478794,16.015105287921266,20.672064816795604
A,20,15,115,log,0.1,0.5,1.0,4.205128456825199,0.8862243798106517,13.699306991746733,17.56456417356032
A,20,15,115,log,0.5,0.0,0.0,4.119541278536592,0.8848142733586251,12.639676586157773,16.317257521069898
A,20,15,115,log,0.5,0.0,0.5,4.119541278536592,0.8848142733586251,12.639676586157773,16.317257521069898
A,20,15,115,log,0.5,0.0,1.0,4.119541278536592,0.8848142733586251,12.639676586157773,16.317257521069898
A,20,15,115,log,0.5,0.1,0.0,8.170842565987106,0.8859052766435171,17.97214139386769,23.184543462312085
A,20,15,115,log,0.5,0.1,0.5,5.895221801311613,0.8852881620613097,15.601742929655808,20.319909880533096
A,20,15,115,log,0.5,0.1,1.0,4.315411951414457,0.8852471121961599,13.621473756824804,17.587085512550274
A,20,15,115,log,0.5,0.5,0.0,66.8467887990004,0.8860923232074376,41.65771814676413,46.578117341097666
A,20,15,115,log,0.5,0.5,0.5,33.77399301433129,0.8853276091922355,33.87862599426062,38.90519333282988
A,20,15,115,log,0.5,0.5,1.0,11.141473440355771,0.8670552425969804,22.043204133102904,26.9820322434231
A,20,15,115,log,1.0,0.0,0.0,4.158058505064806,0.8845820777303297,12.658932825256102,16.357244795498634
A,20,15,115,log,1.0,0.0,0.5,4.158058505064806,0.8845820777303297,12.658932825256102,16.357244795498634
A,20,15,115,log,1.0,0.0,1.0,4.158058505064806,0.8845820777303297,12.658932825256102,16.357244795498634
A,20,15,115,log,1.0,0.1,0.0,16.887304431646626,0.8858584351416408,25.041425203910276,30.495558188529788
A,20,15,115,log,1.0,0.1,0.5,9.863575896801958,0.8855137420084963,19.946021381037657,25.242880105176265
A,20,15,115,log,1.0,0.1,1.0,5.110271344956791,0.8846163416641708,15.149157965195567,19.438726931140664
A,20,15,115,log,1.0,0.5,0.0,189.374784640263,0.8860067008538139,54.35170411849289,59.42278744416925
A,20,15,115,log,1.0,0.5,1.0,28.36056202421119,0.8627879427170561,32.16193257879688,37.15811119056631
A,20,15,115,log,1.0,0.5,0.5,103.08896692179349,0.8823675736124873,47.20374281525061,52.317061846531466
A,20,15,115,log,1.5,0.0,0.5,4.172469687754779,0.8844898319493802,12.666126169173804,16.372073299834927
A,20,15,115,log,1.5,0.0,0.0,4.172469687754779,0.8844898319493802,12.666126169173804,16.372073299834927
A,20,15,115,log,1.5,0.0,1.0,4.172469687754779,0.8844898319493802,12.666126169173804,16.372073299834927
A,20,15,115,log,1.5,0.1,0.0,29.351231221919477,0.8858331433361857,31.487773531411005,36.71303219479318
A,20,15,115,log,1.5,0.1,0.5,15.692610265566316,0.8854406376369235,24.757556856725515,30.09434261197403
A,20,15,115,log,1.5,0.1,1.0,6.444907635428764,0.8814525995665697,17.16285531669459,21.716049323485556
A,20,15,115,log,1.5,0.5,0.0,330.21134454178116,0.8859762960865643,60.871254991503875,66.20205816780971
A,20,15,115,log,1.5,0.5,0.5,197.12576233922698,0.8792266360135313,54.708201929694575,60.10473068832505
A,20,15,115,log,1.5,0.5,1.0,55.94033440487952,0.8627879427170561,39.97563440164961,45.204574759270244
A,20,15,120,log,0.1,0.0,0.0,4.368748853337071,0.8775576951084189,12.278613827252293,16.549743346566714
A,20,15,120,log,0.1,0.0,0.5,4.368748853337071,0.8775576951084189,12.278613827252293,16.549743346566714
A,20,15,120,log,0.1,0.0,1.0,4.368748853337071,0.8775576951084189,12.278613827252293,16.549743346566714
A,20,15,120,log,0.1,0.1,0.0,4.812605592933007,0.8781190048037573,13.22370197924794,17.854598224282505
A,20,15,120,log,0.1,0.1,1.0,4.405353259379182,0.8769702075676559,12.551264116253277,16.86447627333911
A,20,15,120,log,0.1,0.1,0.5,4.58116276373426,0.87747184621745,12.863370675144234,17.33861010213607
A,20,15,120,log,0.1,0.5,0.0,10.280274951337459,0.8790190750091519,19.215747622312573,24.90548830120239
A,20,15,120,log,0.1,0.5,0.5,6.894381736681801,0.8788287897169285,16.275240311310558,21.454970709102874
A,20,15,120,log,0.5,0.0,0.0,4.5671867125954995,0.8763521790105294,12.297517563160909,16.713623902430765
A,20,15,120,log,0.1,0.5,1.0,4.742478588358457,0.8782113587819321,13.760341290930569,18.208174503091723
A,20,15,120,log,0.5,0.0,0.5,4.5671867125954995,0.8763521790105294,12.297517563160909,16.713623902430765
A,20,15,120,log,0.5,0.0,1.0,4.5671867125954995,0.8763521790105294,12.297517563160909,16.713623902430765
A,20,15,120,log,0.5,0.1,0.0,9.493595101662555,0.878222501902744,18.313090501820504,24.044483418137055
A,20,15,120,log,0.5,0.1,0.5,6.790008507666997,0.8771343558875395,15.78985485466485,21.091339956644997
A,20,15,120,log,0.5,0.5,0.0,82.02413628581101,0.8785002992714924,42.803016426913494,48.11999003921339
A,20,15,120,log,0.5,0.1,1.0,4.876447393315011,0.8768579507470733,13.60425689827404,18.210533284615774
A,20,15,120,log,0.5,0.5,1.0,13.074128647220764,0.8607677936147387,22.686235177925692,28.033396045534698
A,20,15,120,log,0.5,0.5,0.5,40.810065488527954,0.8776983217791713,34.821675243990015,40.2728587703236
A,20,15,120,log,1.0,0.0,0.5,4.608095196322109,0.8761226195428946,12.304589007434384,16.748402824992947
A,20,15,120,log,1.0,0.0,0.0,4.608095196322109,0.8761226195428946,12.304589007434384,16.748402824992947
A,20,15,120,log,1.0,0.0,1.0,4.608095196322109,0.8761226195428946,12.304589007434384,16.748402824992947
A,20,15,120,log,1.0,0.1,0.0,20.037648364621166,0.8782337896603881,25.71168001718099,31.611975482154605
A,20,15,120,log,1.0,0.1,0.5,11.601040827935083,0.8775660183449387,20.448041174460943,26.233267621254555
A,20,15,120,log,1.0,0.1,1.0,5.859190199689946,0.8767149621097801,15.37914113677067,20.218863783147526
A,20,15,120,log,1.0,0.5,0.0,239.51840469601,0.8783942498610136,55.83799940711223,61.3190525394788
A,20,15,120,log,1.0,0.5,0.5,128.41682138902996,0.8750284741497623,48.50681150346197,54.04816300685998
A,20,15,120,log,1.0,0.5,1.0,34.23148573730286,0.8554715484347992,33.048314969588105,38.496500509397315
A,20,15,120,log,1.5,0.0,0.0,4.623095098669147,0.8759666805807065,12.307383305734751,16.76127763169106
A,20,15,120,log,1.5,0.0,0.5,4.623095098669147,0.8759666805807065,12.307383305734751,16.76127763169106
A,20,15,120,log,1.5,0.0,1.0,4.623095098669147,0.8759666805807065,12.307383305734751,16.76127763169106
A,20,15,120,log,1.5,0.1,0.0,35.31539502633883,0.8782156221732237,32.36248640583491,38.00926196782587
A,20,15,120,log,1.5,0.1,0.5,18.673325908026193,0.877560716818244,25.439213598189056,31.2374085546559
A,20,15,120,log,1.5,0.1,1.0,7.462838430551367,0.8740587462635622,17.573501253785153,22.608904142943828
A,20,15,120,log,1.5,0.5,0.0,424.7945454167434,0.8783603223308998,62.52542012360608,68.28258571701355
A,20,15,120,log,1.5,0.5,0.5,250.26193644665278,0.8721433229073667,56.20815580947534,62.0442799499535
A,20,15,120,log,1.5,0.5,1.0,68.58529079310881,0.8554715484347992,41.033291407085244,46.730462296608096
A,20,15,125,log,0.1,0.0,0.0,4.950511508592859,0.8683304381656975,11.953146403592127,17.240667279646765
A,20,15,125,log,0.1,0.0,0.5,4.950511508592859,0.8683304381656975,11.953146403592127,17.240667279646765
A,20,15,125,log,0.1,0.0,1.0,4.950511508592859,0.8683304381656975,11.953146403592127,17.240667279646765
A,20,15,125,log,0.1,0.1,0.0,5.503512816591102,0.8692615323435927,13.07015938371195,18.601374786905943
A,20,15,125,log,0.1,0.1,0.5,5.233402044152621,0.8686908494498458,12.662203386126361,18.076565786283574
A,20,15,125,log,0.1,0.1,1.0,5.032139783002428,0.8680508173741197,12.315159822473792,17.606676234698117
A,20,15,125,log,0.1,0.5,0.0,12.02829530351444,0.8707109714603977,19.543420558712814,25.822338042353397
A,20,15,125,log,0.1,0.5,0.5,8.01001481776735,0.870279623594989,16.471664411404333,22.328018356023374
A,20,15,125,log,0.1,0.5,1.0,5.44047527392071,0.8693731874802284,13.763297113390683,19.01565784669534
A,20,15,125,log,0.5,0.0,0.0,5.1617832420756296,0.8671131742795538,11.91915905828897,17.38922591124381
A,20,15,125,log,0.5,0.0,0.5,5.1617832420756296,0.8671131742795538,11.91915905828897,17.38922591124381
A,20,15,125,log,0.5,0.0,1.0,5.1617832420756296,0.8671131742795538,11.91915905828897,17.38922591124381
A,20,15,125,log,0.5,0.1,0.0,11.11935091783289,0.8698128106035161,18.596361627467655,24.965594911696424
A,20,15,125,log,0.5,0.1,0.5,7.916058016359838,0.8683905861195645,15.917317285170787,21.97311822847447
A,20,15,125,log,0.5,0.5,0.0,100.89595743564814,0.870307685730476,43.87217617058754,49.59981828471049
A,20,15,125,log,0.5,0.1,1.0,5.61935588118237,0.8680907168086346,13.542154148160677,19.022586197849456
A,20,15,125,log,0.5,0.5,1.0,15.422517174361582,0.8542590599822641,23.27899544956923,29.086659529982683
A,20,15,125,log,0.5,0.5,0.5,49.49518348242397,0.8696501049562289,35.69990669018404,41.59564567809895
A,20,15,125,log,1.0,0.0,0.0,5.20699729318297,0.8669348215487034,11.916521134011722,17.421470111714747
A,20,15,125,log,1.0,0.0,0.5,5.20699729318297,0.8669348215487034,11.916521134011722,17.421470111714747
A,20,15,125,log,1.0,0.0,1.0,5.20699729318297,0.8669348215487034,11.916521134011722,17.421470111714747
A,20,15,125,log,1.0,0.1,0.0,23.89058871198527,0.8699930042366729,26.32375880319072,32.71925285746911
A,20,15,125,log,1.0,0.1,0.5,13.737170266474745,0.8691615659428228,20.894386706042344,27.251164396982528
A,20,15,125,log,1.0,0.1,1.0,6.79945022864954,0.8682581441897945,15.546271484947024,21.1078915722915
A,20,15,125,log,1.0,0.5,0.0,303.11872005853394,0.8702123450980055,57.22455595588643,63.125169084926675
A,20,15,125,log,1.0,0.5,0.5,160.20452234145222,0.8673126090611868,49.72327208284738,55.70407659829404
A,20,15,125,log,1.0,0.5,1.0,41.452881882027974,0.848198624947394,33.88288038398951,39.79781306115473
A,20,15,125,log,1.5,0.0,0.0,5.223714839056921,0.8668794005930822,11.915801533231306,17.433475999927442
A,20,15,125,log,1.5,0.0,0.5,5.223714839056921,0.8668794005930822,11.915801533231306,17.433475999927442
A,20,15,125,log,1.5,0.0,1.0,5.223714839056921,0.8668794005930822,11.915801533231306,17.433475999927442
A,20,15,125,log,1.5,0.1,0.0,42.64982481228462,0.8699845554289846,33.172482499023175,39.26906652816517
A,20,15,125,log,1.5,0.1,0.5,22.332645786063903,0.869261949999825,26.07373314273699,32.370069864368546
A,20,15,125,log,1.5,0.1,1.0,8.712082092224836,0.8662160463708111,17.929462501246803,23.56041092792425
A,20,15,125,log,1.5,0.5,0.0,546.2105053050366,0.8701815079687408,64.06756461970181,70.25883614704976
A,20,15,125,log,1.5,0.5,1.0,84.28316836958933,0.848198624947394,42.025627170678334,48.20149635760163
A,20,15,125,log,1.5,0.5,0.5,317.76273806703415,0.8647233709177726,57.607930613798395,63.89274464831546
A,20,15,130,log,0.1,0.0,0.5,4.92048710440711,0.8675768205642399,11.54266895341514,16.836956053200833
A,20,15,130,log,0.1,0.0,0.0,4.92048710440711,0.8675768205642399,11.54266895341514,16.836956053200833
A,20,15,130,log,0.1,0.0,1.0,4.92048710440711,0.8675768205642399,11.54266895341514,16.836956053200833
A,20,15,130,log,0.1,0.1,0.0,5.2964446882390135,0.8690168789888595,12.518440968988164,18.03196084557028
A,20,15,130,log,0.1,0.1,1.0,4.969519513261548,0.8672660832303901,11.871522489459508,17.165814715174783
A,20,15,130,log,0.1,0.1,0.5,5.091983748004296,0.8682178305792384,12.155921521767969,17.559575983823358
A,20,15,130,log,0.1,0.5,0.0,11.015794953409284,0.8706977659768553,18.590750923804258,24.87857230209159
A,20,15,130,log,0.1,0.5,0.5,7.369576710457197,0.8700740505155833,15.643181296790925,21.47936162324263
A,20,15,130,log,0.5,0.0,0.0,5.128973549233749,0.8665136945519991,11.530963700559457,16.997292070410488
A,20,15,130,log,0.1,0.5,1.0,5.1646626776422835,0.8690946561236907,13.133171712366954,18.365582268560928
A,20,15,130,log,0.5,0.0,0.5,5.128973549233749,0.8665136945519991,11.530963700559457,16.997292070410488
A,20,15,130,log,0.5,0.0,1.0,5.128973549233749,0.8665136945519991,11.530963700559457,16.997292070410488
A,20,15,130,log,0.5,0.1,0.0,10.225840468558797,0.8697678628380203,17.714474263009713,24.08006201904167
A,20,15,130,log,0.5,0.1,0.5,7.353247347791902,0.8681437858175561,15.171738964181936,21.199036610643805
A,20,15,130,log,0.5,0.1,1.0,5.379606815502484,0.8677188589976866,12.972694219872256,18.427694061678675
A,20,15,130,log,0.5,0.5,0.0,94.21372426779638,0.870414866461824,42.93834777311371,48.6680400407197
A,20,15,130,log,0.5,0.5,0.5,45.640460878234386,0.8696091221066988,34.601571043141995,40.53468661999311
A,20,15,130,log,0.5,0.5,1.0,13.917953730200356,0.8549524143777363,22.17377424413788,27.997492374606388
A,20,15,130,log,1.0,0.0,0.0,5.173112025687553,0.8662402033315061,11.532518477916573,17.03177198913716
A,20,15,130,log,1.0,0.0,0.5,5.173112025687553,0.8662402033315061,11.532518477916573,17.03177198913716
A,20,15,130,log,1.0,0.0,1.0,5.173112025687553,0.8662402033315061,11.532518477916573,17.03177198913716
A,20,15,130,log,1.0,0.1,0.0,21.968118991651572,0.870073034108654,25.245279351806836,31.70616557969612
A,20,15,130,log,1.0,0.1,0.5,12.58167114267608,0.868952286749796,19.899650786032204,26.287065743660367
A,20,15,130,log,1.0,0.1,1.0,6.310740403014068,0.8678075418152673,14.795913957018215,20.32843676982382
A,20,15,130,log,1.0,0.5,0.0,287.2848267847463,0.8703126789075313,56.574085234346924,62.422630214589184
A,20,15,130,log,1.0,0.5,0.5,149.955038587042,0.8674285646525668,48.91662778636919,54.84985570324585
A,20,15,130,log,1.0,0.5,1.0,37.798922342371355,0.848198624947394,32.73320549548908,38.65856691935245
A,20,15,130,log,1.5,0.0,0.0,5.189901671732336,0.8661063884690556,11.533197444375919,17.04462212706616
A,20,15,130,log,1.5,0.0,0.5,5.189901671732336,0.8661063884690556,11.533197444375919,17.04462212706616
A,20,15,130,log,1.5,0.0,1.0,5.189901671732336,0.8661063884690556,11.533197444375919,17.04462212706616
A,20,15,130,log,1.5,0.1,0.0,39.44576009183373,0.8700725749217604,32.090458288494844,38.250915258109146
A,20,15,130,log,1.5,0.1,0.5,20.46754358158467,0.8691484334638228,24.952130578714293,31.32222105016593
A,20,15,130,log,1.5,0.1,1.0,7.9486983956559385,0.8661294750051312,17.02214919377373,22.635946695239806
A,20,15,130,log,1.5,0.5,0.0,522.2067964504249,0.870270662232558,63.5604402831378,69.69555884986504
A,20,15,130,log,1.5,0.5,0.5,300.39548108405626,0.8649663634866853,56.97009567589197,63.19497873713855
A,20,15,130,log,1.5,0.5,1.0,77.48997517078953,0.848198624947394,41.01403571064835,47.142249967147315
A,20,20,115,log,0.1,0.0,0.0,3.922197222590966,0.8857385659094825,12.54609904245929,16.11784627751765
A,20,20,115,log,0.1,0.0,0.5,3.922197222590966,0.8857385659094825,12.54609904245929,16.11784627751765
A,20,20,115,log,0.1,0.0,1.0,3.922197222590966,0.8857385659094825,12.54609904245929,16.11784627751765
A,20,20,115,log,0.1,0.1,0.0,4.281666921172254,0.8861732300614611,13.319324257381158,17.304216953845337
A,20,20,115,log,0.1,0.1,1.0,3.9319128765987363,0.8852237949965212,12.748037724842167,16.36733365158281
A,20,20,115,log,0.1,0.1,0.5,4.086970683482669,0.8854752253004016,13.018737955673084,16.82456219572538
A,20,20,115,log,0.1,0.5,0.0,8.822477541449954,0.8865954033841332,18.80368286541921,24.01143439256795
A,20,20,115,log,0.1,0.5,0.5,5.998613921166596,0.8867474112478794,16.015105287921266,20.672064816795604
A,20,20,115,log,0.1,0.5,1.0,4.205128456825199,0.8862243798106517,13.699306991746733,17.56456417356032
A,20,20,115,log,0.5,0.0,0.0,4.111136218602596,0.8847438007484947,12.62615412505451,16.309261244396872
A,20,20,115,log,0.5,0.0,0.5,4.111136218602596,0.8847438007484947,12.62615412505451,16.309261244396872
A,20,20,115,log,0.5,0.0,1.0,4.111136218602596,0.8847438007484947,12.62615412505451,16.309261244396872
A,20,20,115,log,0.5,0.1,0.0,8.147539027483228,0.8858257569687217,17.95113545729965,23.167161413235686
A,20,20,115,log,0.5,0.1,0.5,5.895221801311609,0.8852881620613097,15.601742929655808,20.3199098805331
A,20,20,115,log,0.5,0.1,1.0,4.315411951414457,0.8852471121961599,13.621473756824804,17.587085512550274
A,20,20,115,log,0.5,0.5,0.0,66.73127575911262,0.8860455194857977,41.632480873441885,46.55418449996565
A,20,20,115,log,0.5,0.5,0.5,33.77399301433129,0.8853276091922355,33.87862599426062,38.90519333282988
A,20,20,115,log,0.5,0.5,1.0,11.141473440355771,0.8670552425969804,22.043204133102904,26.9820322434231
A,20,20,115,log,1.0,0.0,0.0,4.148786907033645,0.8845346661723692,12.644982639850536,16.349229235922852
A,20,20,115,log,1.0,0.0,0.5,4.148786907033645,0.8845346661723692,12.644982639850536,16.349229235922852
A,20,20,115,log,1.0,0.0,1.0,4.148786907033645,0.8845346661723692,12.644982639850536,16.349229235922852
A,20,20,115,log,1.0,0.1,0.0,16.846382816129953,0.8857834729812387,25.01847055253257,30.471744732099232
A,20,20,115,log,1.0,0.1,0.5,9.863575896801967,0.8855137420084963,19.94602138103766,25.242880105176273
A,20,20,115,log,1.0,0.1,1.0,5.1102713449568045,0.8846163416641708,15.14915796519558,19.438726931140682
A,20,20,115,log,1.0,0.5,0.0,189.14255611851354,0.8859588446098015,54.33527469038095,59.40567740943076
A,20,20,115,log,1.0,0.5,0.5,103.08896692179349,0.8823675736124873,47.20374281525061,52.317061846531466
A,20,20,115,log,1.0,0.5,1.0,28.36056202421119,0.8627879427170561,32.16193257879688,37.15811119056631
A,20,20,115,log,1.5,0.0,0.0,4.1630492272127,0.8844577225478558,12.652104137934636,16.36404789891688
A,20,20,115,log,1.5,0.0,0.5,4.1630492272127,0.8844577225478558,12.652104137934636,16.36404789891688
A,20,20,115,log,1.5,0.0,1.0,4.1630492272127,0.8844577225478558,12.652104137934636,16.36404789891688
A,20,20,115,log,1.5,0.1,0.0,29.293027545995123,0.8857643392117582,31.456139362142267,36.68797548876526
A,20,20,115,log,1.5,0.1,0.5,15.692610265566378,0.8854406376369235,24.75755685672554,30.094342611974053
A,20,20,115,log,1.5,0.1,1.0,6.444907635428775,0.8814525995665697,17.1628553166946,21.716049323485567
A,20,20,115,log,1.5,0.5,0.0,329.89151960828985,0.8859372852236065,60.85870827798817,66.1887933366899
A,20,20,115,log,1.5,0.5,0.5,197.12576233922698,0.8792266360135313,54.708201929694575,60.10473068832505
A,20,20,115,log,1.5,0.5,1.0,55.94033440487952,0.8627879427170561,39.97563440164961,45.204574759270244
A,20,20,120,log,0.1,0.0,0.0,4.350272816563522,0.8775091959464072,12.260721376977125,16.54020508742121
A,20,20,120,log,0.1,0.0,0.5,4.350272816563522,0.8775091959464072,12.260721376977125,16.54020508742121
A,20,20,120,log,0.1,0.0,1.0,4.350272816563522,0.8775091959464072,12.260721376977125,16.54020508742121
A,20,20,120,log,0.1,0.1,0.0,4.8027989814888965,0.8780304412454398,13.208657070734585,17.844603486919574
A,20,20,120,log,0.1,0.1,0.5,4.573442633198262,0.877387213271861,12.858209490770127,17.334906950910685
A,20,20,120,log,0.1,0.1,1.0,4.402424741296697,0.8769603564145971,12.5520628190061,16.86381255202053
A,20,20,120,log,0.1,0.5,0.0,10.251535651138317,0.8789690641031017,19.19342993796179,24.885766085022407
A,20,20,120,log,0.1,0.5,0.5,6.894381736681801,0.8788287897169285,16.275240311310558,21.454970709102874
A,20,20,120,log,0.1,0.5,1.0,4.742478588358457,0.8782113587819321,13.760341290930569,18.208174503091723
A,20,20,120,log,0.5,0.0,0.0,4.547100496322785,0.8763673224330161,12.283194160054045,16.705384094758895
A,20,20,120,log,0.5,0.0,0.5,4.547100496322785,0.8763673224330161,12.283194160054045,16.705384094758895
A,20,20,120,log,0.5,0.0,1.0,4.547100496322785,0.8763673224330161,12.283194160054045,16.705384094758895
A,20,20,120,log,0.5,0.1,0.0,9.470702488370986,0.8781258190034503,18.294234369519003,24.029648605015574
A,20,20,120,log,0.5,0.1,0.5,6.790008507666992,0.8771343558875395,15.789854854664847,21.091339956644994
A,20,20,120,log,0.5,0.5,0.0,81.89461736108163,0.8784492714056491,42.778453248309916,48.09736360444023
A,20,20,120,log,0.5,0.1,1.0,4.876447393315011,0.8768579507470733,13.604256898274036,18.210533284615774
A,20,20,120,log,0.5,0.5,1.0,13.074128647220764,0.8607677936147387,22.686235177925692,28.033396045534698
A,20,20,120,log,0.5,0.5,0.5,40.810065488527954,0.8776983217791713,34.821675243990015,40.2728587703236
A,20,20,120,log,1.0,0.0,0.0,4.588817863256941,0.8760720178458217,12.290077336521378,16.740047655706864
A,20,20,120,log,1.0,0.0,0.5,4.588817863256941,0.8760720178458217,12.290077336521378,16.740047655706864
A,20,20,120,log,1.0,0.0,1.0,4.588817863256941,0.8760720178458217,12.290077336521378,16.740047655706864
A,20,20,120,log,1.0,0.1,0.0,19.997018171690275,0.8781522572138354,25.69182961162978,31.591210442597497
A,20,20,120,log,1.0,0.1,1.0,5.859190199689951,0.8767149621097801,15.379141136770674,20.218863783147533
A,20,20,120,log,1.0,0.1,0.5,11.601040827935096,0.8775660183449387,20.448041174460947,26.233267621254562
A,20,20,120,log,1.0,0.5,0.0,239.25004305012058,0.8783586866672541,55.82196505902651,61.30264427897123
A,20,20,120,log,1.0,0.5,0.5,128.41682138902996,0.8750284741497623,48.50681150346197,54.04816300685998
A,20,20,120,log,1.0,0.5,1.0,34.23148573730286,0.8554715484347992,33.048314969588105,38.496500509397315
A,20,20,120,log,1.5,0.0,0.0,4.604645688833332,0.875962760763606,12.292747471428495,16.752876847625753
A,20,20,120,log,1.5,0.0,0.5,4.604645688833332,0.875962760763606,12.292747471428495,16.752876847625753
A,20,20,120,log,1.5,0.0,1.0,4.604645688833332,0.875962760763606,12.292747471428495,16.752876847625753
A,20,20,120,log,1.5,0.1,0.0,35.25363047374166,0.8781401224868374,32.33432471429778,37.986732743871265
A,20,20,120,log,1.5,0.1,0.5,18.67332590802628,0.877560716818244,25.439213598189074,31.23740855465592
A,20,20,120,log,1.5,0.1,1.0,7.462838430551377,0.8740587462635622,17.573501253785164,22.60890414294384
A,20,20,120,log,1.5,0.5,0.0,424.41940143659366,0.8783277978619524,62.513218486148595,68.26984206659333
A,20,20,120,log,1.5,0.5,1.0,68.58529079310881,0.8554715484347992,41.033291407085244,46.730462296608096
A,20,20,120,log,1.5,0.5,0.5,250.26193644665278,0.8721433229073667,56.20815580947534,62.0442799499535
A,20,20,125,log,0.1,0.0,0.0,4.921258090188164,0.8682721449920212,11.935530126232875,17.23001611918716
A,20,20,125,log,0.1,0.0,0.5,4.921258090188164,0.8682721449920212,11.935530126232875,17.23001611918716
A,20,20,125,log,0.1,0.0,1.0,4.921258090188164,0.8682721449920212,11.935530126232875,17.23001611918716
A,20,20,125,log,0.1,0.1,0.0,5.4841115623344034,0.8692015589231273,13.053816205231513,18.59042653309559
A,20,20,125,log,0.1,0.1,1.0,5.029023245600786,0.8680306119248401,12.315566694590695,17.606397249916963
A,20,20,125,log,0.1,0.1,0.5,5.225621272021454,0.8687399612211507,12.656249334781728,18.073820742676702
A,20,20,125,log,0.1,0.5,0.0,11.999380016492106,0.8706319361221262,19.520910352841767,25.805020277056826
A,20,20,125,log,0.1,0.5,0.5,8.01001481776735,0.870279623594989,16.471664411404333,22.328018356023374
A,20,20,125,log,0.1,0.5,1.0,5.44047527392071,0.8693731874802284,13.763297113390683,19.01565784669534
A,20,20,125,log,0.5,0.0,0.0,5.138456904139323,0.8671082472272629,11.903740999154692,17.381026130938945
A,20,20,125,log,0.5,0.0,0.5,5.138456904139323,0.8671082472272629,11.903740999154692,17.381026130938945
A,20,20,125,log,0.5,0.0,1.0,5.138456904139323,0.8671082472272629,11.903740999154692,17.381026130938945
A,20,20,125,log,0.5,0.1,0.0,11.097413620918072,0.8697231641792247,18.5793521818298,24.95313408964207
A,20,20,125,log,0.5,0.1,0.5,7.916058016359839,0.8683905861195645,15.917317285170792,21.973118228474476
A,20,20,125,log,0.5,0.1,1.0,5.619355881182372,0.8680907168086346,13.542154148160673,19.022586197849456
A,20,20,125,log,0.5,0.5,0.0,100.7516639066881,0.8702589720884305,43.847484153219696,49.57859812525638
A,20,20,125,log,0.5,0.5,0.5,49.49518348242397,0.8696501049562289,35.69990669018404,41.59564567809895
A,20,20,125,log,0.5,0.5,1.0,15.422517174361582,0.8542590599822641,23.27899544956923,29.086659529982683
A,20,20,125,log,1.0,0.0,0.0,5.184255292548732,0.8668816338288838,11.901663734824126,17.413513664841965
A,20,20,125,log,1.0,0.0,0.5,5.184255292548732,0.8668816338288838,11.901663734824126,17.413513664841965
A,20,20,125,log,1.0,0.0,1.0,5.184255292548732,0.8668816338288838,11.901663734824126,17.413513664841965
A,20,20,125,log,1.0,0.1,0.0,23.84794980118294,0.8699192445260817,26.30600369146804,32.70142786437483
A,20,20,125,log,1.0,0.1,0.5,13.737170266474745,0.8691615659428228,20.894386706042333,27.251164396982528
A,20,20,125,log,1.0,0.1,1.0,6.799450228649555,0.8682581441897945,15.546271484947033,21.10789157229151
A,20,20,125,log,1.0,0.5,0.0,302.81142793275086,0.8701662083464793,57.20906663531574,63.10958445465021
A,20,20,125,log,1.0,0.5,0.5,160.20452234145222,0.8673126090611868,49.72327208284738,55.70407659829404
A,20,20,125,log,1.0,0.5,1.0,41.452881882027974,0.848198624947394,33.88288038398951,39.79781306115473
A,20,20,125,log,1.5,0.0,0.0,5.201586665395536,0.8667961003018068,11.901077305154597,17.42555165732208
A,20,20,125,log,1.5,0.0,0.5,5.201586665395536,0.8667961003018068,11.901077305154597,17.42555165732208
A,20,20,125,log,1.5,0.0,1.0,5.201586665395536,0.8667961003018068,11.901077305154597,17.42555165732208
A,20,20,125,log,1.5,0.1,0.0,42.58434090807864,0.8699113970382651,33.14847415878204,39.24882861140843
A,20,20,125,log,1.5,0.1,0.5,22.33264578606402,0.869261949999825,26.073733142737012,32.370069864368574
A,20,20,125,log,1.5,0.1,1.0,8.712082092224861,0.8662160463708111,17.92946250124681,23.560410927924266
A,20,20,125,log,1.5,0.5,0.0,545.773872984399,0.870143809956138,64.05578172653972,70.24669481905637
A,20,20,125,log,1.5,0.5,0.5,317.76273806703415,0.8647233709177726,57.607930613798395,63.89274464831546
A,20,20,125,log,1.5,0.5,1.0,84.28316836958933,0.848198624947394,42.025627170678334,48.20149635760163
A,20,20,130,log,0.1,0.0,0.0,4.890304498867643,0.8676629816116197,11.52877544438713,16.828770425597483
A,20,20,130,log,0.1,0.0,0.5,4.890304498867643,0.8676629816116197,11.52877544438713,16.828770425597483
A,20,20,130,log,0.1,0.0,1.0,4.890304498867643,0.8676629816116197,11.52877544438713,16.828770425597483
A,20,20,130,log,0.1,0.1,0.0,5.274697885714358,0.8688734711321964,12.496953673841984,18.022812350709852
A,20,20,130,log,0.1,0.1,1.0,4.963995769161542,0.86713376824981,11.871986346022119,17.164919190075146
A,20,20,130,log,0.1,0.1,0.5,5.07829879841489,0.8681891734980814,12.150837877295558,17.556892658240024
A,20,20,130,log,0.1,0.5,0.0,10.993122073588228,0.8706588517366084,18.57243400602869,24.864312297226334
A,20,20,130,log,0.1,0.5,0.5,7.369576710457197,0.8700740505155833,15.643181296790925,21.47936162324263
A,20,20,130,log,0.5,0.0,0.0,5.102463308864657,0.8665408061096999,11.52034023653749,16.991477065753156
A,20,20,130,log,0.1,0.5,1.0,5.1646626776422835,0.8690946561236907,13.133171712366954,18.365582268560928
A,20,20,130,log,0.5,0.0,0.5,5.102463308864657,0.8665408061096999,11.52034023653749,16.991477065753156
A,20,20,130,log,0.5,0.0,1.0,5.102463308864657,0.8665408061096999,11.52034023653749,16.991477065753156
A,20,20,130,log,0.5,0.1,0.0,10.208358461414843,0.8696811902131133,17.703269878657885,24.07014834437441
A,20,20,130,log,0.5,0.1,0.5,7.353247347792002,0.8681437858175561,15.171738964182003,21.199036610643894
A,20,20,130,log,0.5,0.1,1.0,5.3796068155024885,0.8677188589976866,12.972694219872258,18.427694061678682
A,20,20,130,log,0.5,0.5,0.0,94.09347974294333,0.8703555206551135,42.91532471734131,48.647943740063326
A,20,20,130,log,0.5,0.5,0.5,45.640460878234386,0.8696091221066988,34.601571043141995,40.53468661999311
A,20,20,130,log,0.5,0.5,1.0,13.917953730200356,0.8549524143777363,22.17377424413788,27.997492374606388
A,20,20,130,log,1.0,0.0,0.0,5.148403156955281,0.8661877540284321,11.522231470485186,17.02629795540604
A,20,20,130,log,1.0,0.0,0.5,5.148403156955281,0.8661877540284321,11.522231470485186,17.02629795540604
A,20,20,130,log,1.0,0.0,1.0,5.148403156955281,0.8661877540284321,11.522231470485186,17.02629795540604
A,20,20,130,log,1.0,0.1,0.0,21.933254830426883,0.8699809644124873,25.231108853370916,31.690987665610386
A,20,20,130,log,1.0,0.1,0.5,12.581671142676077,0.868952286749796,19.899650786032204,26.287065743660367
A,20,20,130,log,1.0,0.1,1.0,6.310740403014082,0.8678075418152673,14.795913957018218,20.32843676982383
A,20,20,130,log,1.0,0.5,0.0,287.0218025980529,0.8702507952542552,56.55907147922541,62.407746701093494
A,20,20,130,log,1.0,0.5,0.5,149.955038587042,0.8674285646525668,48.91662778636919,54.84985570324585
A,20,20,130,log,1.0,0.5,1.0,37.798922342371355,0.848198624947394,32.73320549548908,38.65856691935245
A,20,20,130,log,1.5,0.0,0.0,5.165911820608453,0.86607127841447,11.52300446348265,17.03916968926499
A,20,20,130,log,1.5,0.0,0.5,5.165911820608453,0.86607127841447,11.52300446348265,17.03916968926499
A,20,20,130,log,1.5,0.0,1.0,5.165911820608453,0.86607127841447,11.52300446348265,17.03916968926499
A,20,20,130,log,1.5,0.1,0.0,39.392431499671005,0.8699974224046146,32.06827098246621,38.23288687602491
A,20,20,130,log,1.5,0.1,0.5,20.46754358158477,0.8691484334638228,24.95213057871431,31.322221050165957
A,20,20,130,log,1.5,0.1,1.0,7.948698395655951,0.8661294750051312,17.022149193773735,22.635946695239817
A,20,20,130,log,1.5,0.5,0.0,521.8254661336932,0.8702229121517062,63.54910855876962,69.68392171401402
A,20,20,130,log,1.5,0.5,0.5,300.39548108405626,0.8649663634866853,56.97009567589197,63.19497873713855
A,20,20,130,log,1.5,0.5,1.0,77.48997517078953,0.848198624947394,41.01403571064835,47.142249967147315
A,25,10,115,log,0.1,0.0,0.0,3.224010587912731,0.8952250055506239,11.575965029431156,14.94397536472923
A,25,10,115,log,0.1,0.0,0.5,3.224010587912731,0.8952250055506239,11.575965029431156,14.94397536472923
A,25,10,115,log,0.1,0.0,1.0,3.224010587912731,0.8952250055506239,11.575965029431156,14.94397536472923
A,25,10,115,log,0.1,0.1,0.0,3.5194343824544205,0.8955905272785063,12.326228704243345,16.104158913131677
A,25,10,115,log,0.1,0.1,1.0,3.2142211418900266,0.8950439506260819,11.712634176266773,15.142732285338074
A,25,10,115,log,0.1,0.1,0.5,3.3433719814058795,0.89535756476919,11.984675684902523,15.593716237950058
A,25,10,115,log,0.1,0.5,0.0,7.553225185308619,0.8958866833276777,18.05415203990098,22.960170946199977
A,25,10,115,log,0.1,0.5,0.5,5.085703390312178,0.8962363817864192,15.045578204894895,19.550180569887466
A,25,10,115,log,0.1,0.5,1.0,3.5083495148037094,0.8960327125990487,12.649982684192201,16.40096423635522
A,25,10,115,log,0.5,0.0,0.0,3.3776079026295798,0.8941655403028946,11.673989767683015,15.14368787343319
A,25,10,115,log,0.5,0.0,0.5,3.3776079026295798,0.8941655403028946,11.673989767683015,15.14368787343319
A,25,10,115,log,0.5,0.0,1.0,3.3776079026295798,0.8941655403028946,11.673989767683015,15.14368787343319
A,25,10,115,log,0.5,0.1,0.0,6.932657540856148,0.8951233120189501,17.17936613920149,22.09940060887579
A,25,10,115,log,0.5,0.1,0.5,4.944607461729857,0.8946804691665238,14.65198778262339,19.174678147033937
A,25,10,115,log,0.5,0.1,1.0,3.608071431840122,0.8947159179404839,12.603760157023093,16.442639284147006
A,25,10,115,log,0.5,0.5,0.0,60.64239173828234,0.8953214429262791,41.122157685286155,45.81605664441746
A,25,10,115,log,0.5,0.5,0.5,30.899337929338305,0.8951325781018868,33.327862541672275,38.15727048607396
A,25,10,115,log,0.5,0.5,1.0,9.917401095426003,0.8827314074506682,21.583863153683154,26.244149086310085
A,25,10,115,log,1.0,0.0,0.0,3.4123841269952293,0.8939529915931758,11.697922922151312,15.18735047323013
A,25,10,115,log,1.0,0.0,0.5,3.4123841269952293,0.8939529915931758,11.697922922151312,15.18735047323013
A,25,10,115,log,1.0,0.0,1.0,3.4123841269952293,0.8939529915931758,11.697922922151312,15.18735047323013
A,25,10,115,log,1.0,0.1,0.0,14.795959463607549,0.8950453337835687,24.478378407024287,29.58764542472221
A,25,10,115,log,1.0,0.1,0.5,8.606673902278155,0.8947760136071737,19.200601438343607,24.27553850415007
A,25,10,115,log,1.0,0.1,1.0,4.405466757289828,0.8941993551067533,14.155462343584295,18.40448988508198
A,25,10,115,log,1.0,0.5,0.0,175.73920756368986,0.8952295498739374,53.680509576838496,58.67776791883207
A,25,10,115,log,1.0,0.5,0.5,96.51321741965555,0.8932762104802021,46.667953857676004,51.674683090325836
A,25,10,115,log,1.0,0.5,1.0,26.87632439906495,0.8704692725494004,32.77746116549604,37.38556851855908
A,25,10,115,log,1.5,0.0,0.0,3.425737200267425,0.8938767563801356,11.707097367649297,15.20382328613446
A,25,10,115,log,1.5,0.0,0.5,3.425737200267425,0.8938767563801356,11.707097367649297,15.20382328613446
A,25,10,115,log,1.5,0.0,1.0,3.425737200267425,0.8938767563801356,11.707097367649297,15.20382328613446
A,25,10,115,log,1.5,0.1,0.0,26.163824374849924,0.8950056787878644,30.97157397631205,35.89833649493271
A,25,10,115,log,1.5,0.1,0.5,14.018292748409078,0.8947252222897497,24.118030613062583,29.239686220603925
A,25,10,115,log,1.5,0.1,1.0,5.673743200223409,0.8923694423936036,16.189254882319723,20.751891734974954
A,25,10,115,log,1.5,0.5,0.0,309.7389963488272,0.8951990869277207,60.12857629716338,65.44564037137741
A,25,10,115,log,1.5,0.5,0.5,186.65280462964165,0.8912271672590627,54.147191579522335,59.50052512251182
A,25,10,115,log,1.5,0.5,1.0,53.762887529275815,0.8707378350019284,40.32144259717266,45.41657126251996
A,25,10,120,log,0.1,0.0,0.0,3.5451113244227814,0.8867025610130586,11.288037114352814,15.303338646633563
A,25,10,120,log,0.1,0.0,0.5,3.5451113244227814,0.8867025610130586,11.288037114352814,15.303338646633563
A,25,10,120,log,0.1,0.0,1.0,3.5451113244227814,0.8867025610130586,11.288037114352814,15.303338646633563
A,25,10,120,log,0.1,0.1,0.0,3.910292659079592,0.8874356679894971,12.216162482417193,16.585970761279064
A,25,10,120,log,0.1,0.1,0.5,3.700856496596465,0.8870959620394162,11.82420208868238,16.042839605227638
A,25,10,120,log,0.1,0.1,1.0,3.552740800991232,0.8864841697177205,11.519356115813407,15.572484243879313
A,25,10,120,log,0.1,0.5,0.0,8.686402517970613,0.888071873853766,18.42095472376025,23.76927494292401
A,25,10,120,log,0.1,0.5,0.5,5.795798855155472,0.888072304698668,15.28349796537563,20.271417314007838
A,25,10,120,log,0.1,0.5,1.0,3.932260667123741,0.8876976058541832,12.697772983400748,16.989338109759778
A,25,10,120,log,0.5,0.0,0.0,3.715192157510755,0.8854971666277762,11.329584758482094,15.476251488630458
A,25,10,120,log,0.5,0.0,0.5,3.715192157510755,0.8854971666277762,11.329584758482094,15.476251488630458
A,25,10,120,log,0.5,0.0,1.0,3.715192157510755,0.8854971666277762,11.329584758482094,15.476251488630458
A,25,10,120,log,0.5,0.1,0.0,7.973529388099058,0.8872157207223454,17.511538592698344,22.899979653550606
A,25,10,120,log,0.5,0.1,0.5,5.644614669893608,0.8863095349565884,14.838481788917054,19.88977130098832
A,25,10,120,log,0.5,0.5,0.0,73.83373681007234,0.887507591095576,42.22578630746241,47.29813856284345
A,25,10,120,log,0.5,0.1,1.0,4.046072288516191,0.886133322966996,12.584340839162945,17.01027715284298
A,25,10,120,log,0.5,0.5,0.5,37.080480624071555,0.8871261007758722,34.22307679879834,39.46220698109847
A,25,10,120,log,0.5,0.5,1.0,11.584603451216022,0.875836933459173,22.17134880933631,27.256088544843216
A,25,10,120,log,1.0,0.0,0.0,3.7542807575444157,0.8851693316450518,11.34250628121355,15.51471172865854
A,25,10,120,log,1.0,0.0,0.5,3.7542807575444157,0.8851693316450518,11.34250628121355,15.51471172865854
A,25,10,120,log,1.0,0.0,1.0,3.7542807575444157,0.8851693316450518,11.34250628121355,15.51471172865854
A,25,10,120,log,1.0,0.1,0.0,17.392292401870122,0.8872229348497165,25.124222044027768,30.646865393729275
A,25,10,120,log,1.0,0.1,0.5,10.028835719628077,0.8865490917416239,19.676643585945122,25.20985021437999
A,25,10,120,log,1.0,0.1,1.0,5.021660821656137,0.8859282099749896,14.362319206274346,19.131363815716124
A,25,10,120,log,1.0,0.5,0.0,220.90831210667125,0.8874005467947119,55.10921661140427,60.508562535928604
A,25,10,120,log,1.0,0.5,0.5,119.54903305254314,0.8854419326290884,47.912314777150726,53.33606674015427
A,25,10,120,log,1.0,0.5,1.0,32.311307465044145,0.8631004218825031,33.65832696123566,38.72565288875646
A,25,10,120,log,1.5,0.0,0.0,3.769236018532035,0.8850895417617457,11.347526766778973,15.529190473498616
A,25,10,120,log,1.5,0.0,0.5,3.769236018532035,0.8850895417617457,11.347526766778973,15.529190473498616
A,25,10,120,log,1.5,0.0,1.0,3.769236018532035,0.8850895417617457,11.347526766778973,15.529190473498616
A,25,10,120,log,1.5,0.1,0.0,31.20598788855123,0.8871872234803275,31.82103620038729,37.138044317830044
A,25,10,120,log,1.5,0.1,0.5,16.543106517013534,0.8865536661687756,24.77354317342548,30.32964055100009
A,25,10,120,log,1.5,0.1,1.0,6.541644719735855,0.8844356208664703,16.564673488056563,21.598875254764046
A,25,10,120,log,1.5,0.5,0.0,396.3250330725884,0.8873704840353744,61.71682724169847,67.45598245403227
A,25,10,120,log,1.5,0.5,0.5,235.7550305457283,0.8835778572549573,55.581175688045995,61.365960082252585
A,25,10,120,log,1.5,0.5,1.0,65.67588716458354,0.8636266516194228,41.39474506875566,46.96153208286415
A,25,10,125,log,0.1,0.0,0.0,3.9974871462157404,0.8778964262239874,10.973275369983117,15.942458830001556
A,25,10,125,log,0.1,0.0,0.5,3.9974871462157404,0.8778964262239874,10.973275369983117,15.942458830001556
A,25,10,125,log,0.1,0.0,1.0,3.9974871462157404,0.8778964262239874,10.973275369983117,15.942458830001556
A,25,10,125,log,0.1,0.1,0.0,4.437276647282151,0.8791137650056771,12.062424605110547,17.278222867459323
A,25,10,125,log,0.1,0.1,1.0,4.025311164455271,0.8777376656136274,11.29465832155866,16.259622464995367
A,25,10,125,log,0.1,0.1,0.5,4.192941052455562,0.8787965148160275,11.62994686538282,16.724630752089894
A,25,10,125,log,0.1,0.5,0.0,10.064554805816886,0.8802667896357029,18.739894646118906,24.62392550985545
A,25,10,125,log,0.1,0.5,0.5,6.680911058471368,0.8800072054645346,15.468518028631246,21.08442551876687
A,25,10,125,log,0.5,0.0,0.0,4.187604302725222,0.8766963478068088,10.963528475321187,16.10026681480514
A,25,10,125,log,0.1,0.5,1.0,4.489784273151851,0.8794849554351932,12.70013909606201,17.74787727326191
A,25,10,125,log,0.5,0.0,0.5,4.187604302725222,0.8766963478068088,10.963528475321187,16.10026681480514
A,25,10,125,log,0.5,0.0,1.0,4.187604302725222,0.8766963478068088,10.963528475321187,16.10026681480514
A,25,10,125,log,0.5,0.1,0.0,9.247378704306605,0.8793658102318167,17.79940274715069,23.761776590705825
A,25,10,125,log,0.5,0.1,0.5,6.517981703094122,0.8782978057940412,14.974398180460295,20.70744029773185
A,25,10,125,log,0.5,0.1,1.0,4.628331722406726,0.8778026501386027,12.529289457008613,17.770370463332846
A,25,10,125,log,0.5,0.5,0.0,90.07183654202939,0.8797891819810003,43.25185592781754,48.717069853000154
A,25,10,125,log,0.5,0.5,0.5,44.6330974552388,0.8793565419658002,35.05588181236075,40.72390598559102
A,25,10,125,log,0.5,0.5,1.0,13.600927577178382,0.8691541915903725,22.717696923930504,28.26478815894049
A,25,10,125,log,1.0,0.0,0.0,4.230187715182742,0.8764232110183565,10.96649122241492,16.135724536349436
A,25,10,125,log,1.0,0.0,0.5,4.230187715182742,0.8764232110183565,10.96649122241492,16.135724536349436
A,25,10,125,log,1.0,0.0,1.0,4.230187715182742,0.8764232110183565,10.96649122241492,16.135724536349436
A,25,10,125,log,1.0,0.1,0.0,20.53074712204492,0.8794634825039808,25.710054704081706,31.69589412961783
A,25,10,125,log,1.0,0.1,0.5,11.762254395376125,0.8785119605904113,20.11183606535635,26.17254816088003
A,25,10,125,log,1.0,0.1,1.0,5.799604125852081,0.8779314444862528,14.5165561158619,19.97062992680414
A,25,10,125,log,1.0,0.5,0.0,277.74268531133964,0.8796812476250422,56.43605792685283,62.24674700585881
A,25,10,125,log,1.0,0.5,0.5,148.24946774566655,0.8778532456070618,49.06889908986257,54.92099806664792
A,25,10,125,log,1.0,0.5,1.0,38.97594727716923,0.8562234640062437,34.48075986470137,40.02453094844504
A,25,10,125,log,1.5,0.0,0.0,4.246546630925503,0.876272804599339,10.967982629223425,16.149125615186698
A,25,10,125,log,1.5,0.0,0.5,4.246546630925503,0.876272804599339,10.967982629223425,16.149125615186698
A,25,10,125,log,1.5,0.0,1.0,4.246546630925503,0.876272804599339,10.967982629223425,16.149125615186698
A,25,10,125,log,1.5,0.1,0.0,37.33661428352643,0.8794315981932872,32.60867809035705,38.34035251623284
A,25,10,125,log,1.5,0.1,0.5,19.608911424092287,0.8786211616917857,25.37649261875198,31.408506018500123
A,25,10,125,log,1.5,0.1,1.0,7.608903288154229,0.8766880055627222,16.89748909008418,22.503940544432382
A,25,10,125,log,1.5,0.5,0.0,506.7114006490403,0.8796416837459725,63.190784871832534,69.35900028087443
A,25,10,125,log,1.5,0.5,0.5,297.7548094083316,0.876165408583794,56.912585392496034,63.13714413135665
A,25,10,125,log,1.5,0.5,1.0,80.40589542112151,0.8569973882651165,42.39639349265558,48.4474965229234
A,25,10,130,log,0.1,0.0,0.0,3.9957814751663188,0.8772268584414972,10.591823948946985,15.572884960051056
A,25,10,130,log,0.1,0.0,0.5,3.9957814751663188,0.8772268584414972,10.591823948946985,15.572884960051056
A,25,10,130,log,0.1,0.0,1.0,3.9957814751663188,0.8772268584414972,10.591823948946985,15.572884960051056
A,25,10,130,log,0.1,0.1,0.0,4.26727505619921,0.8786904958954288,11.534520365199842,16.72828525786733
A,25,10,130,log,0.1,0.1,0.5,4.083737782180605,0.8782272066879123,11.152699981732974,16.234438266692745
A,25,10,130,log,0.1,0.1,1.0,3.9771173345554907,0.8772872162594354,10.865854645231833,15.833530001678787
A,25,10,130,log,0.1,0.5,0.0,9.182636069971243,0.8803396246083194,17.79495717933691,23.678941785615745
A,25,10,130,log,0.1,0.5,0.5,6.128755654124878,0.8798243395460386,14.656310843944286,20.241604756636427
A,25,10,130,log,0.1,0.5,1.0,4.251106115255553,0.8791961582547986,12.094058641372698,17.109292703461005
A,25,10,130,log,0.5,0.0,0.0,4.187928602638655,0.8758732151044011,10.599985426744489,15.740618799762164
A,25,10,130,log,0.5,0.0,1.0,4.187928602638655,0.8758732151044011,10.599985426744489,15.740618799762164
A,25,10,130,log,0.5,0.0,0.5,4.187928602638655,0.8758732151044011,10.599985426744489,15.740618799762164
A,25,10,130,log,0.5,0.1,0.0,8.470889293181717,0.8793536142189889,16.918975997777704,22.873696314057398
A,25,10,130,log,0.5,0.1,0.5,6.028976134012168,0.8780847404703465,14.235351135497021,19.934550341060707
A,25,10,130,log,0.5,0.1,1.0,4.414830400063836,0.8773269028918845,11.982629939789087,17.188044459891394
A,25,10,130,log,0.5,0.5,0.0,84.02559318883114,0.8799104585509493,42.36462949859642,47.80976226295918
A,25,10,130,log,0.5,0.5,0.5,41.146650092312115,0.879275996462245,34.00534595684469,39.69194108664226
A,25,10,130,log,0.5,0.5,1.0,12.24537149626454,0.8695684835273099,21.555188766769113,27.140275255857752
A,25,10,130,log,1.0,0.0,0.0,4.2331978262511125,0.8755331885969151,10.606022910681702,15.778269653356299
A,25,10,130,log,1.0,0.0,0.5,4.2331978262511125,0.8755331885969151,10.606022910681702,15.778269653356299
A,25,10,130,log,1.0,0.0,1.0,4.2331978262511125,0.8755331885969151,10.606022910681702,15.778269653356299
A,25,10,130,log,1.0,0.1,0.0,18.83448037172758,0.8795413712097927,24.66144752287591,30.690337209834826
A,25,10,130,log,1.0,0.1,0.5,10.738228987849222,0.8782951567855081,19.139267486201195,25.212097735069758
A,25,10,130,log,1.0,0.1,1.0,5.361507525417549,0.8774710444923528,13.789304722530442,19.197404929236807
A,25,10,130,log,1.0,0.5,0.0,263.1368861665229,0.8797774238158578,55.82127136194816,61.56969196390853
A,25,10,130,log,1.0,0.5,1.0,35.538411132694954,0.8560763555055138,33.40471039036872,38.90757628846672
A,25,10,130,log,1.0,0.5,0.5,138.821251719484,0.8778416833931291,48.297539834621276,54.09011569228022
A,25,10,130,log,1.5,0.0,0.0,4.249922309811204,0.8754162745880512,10.608535956698244,15.792430920548153
A,25,10,130,log,1.5,0.0,0.5,4.249922309811204,0.8754162745880512,10.608535956698244,15.792430920548153
A,25,10,130,log,1.5,0.0,1.0,4.249922309811204,0.8754162745880512,10.608535956698244,15.792430920548153
A,25,10,130,log,1.5,0.1,0.0,34.47839506649389,0.8795199466997264,31.561827717023597,37.33866618116974
A,25,10,130,log,1.5,0.1,0.5,17.942217295307554,0.8784698346646698,24.292741322373267,30.377814690647007
A,25,10,130,log,1.5,0.1,1.0,6.922553765614964,0.8765676167124623,16.005442288374145,21.5839953940453
A,25,10,130,log,1.5,0.5,0.0,484.39455428203064,0.87974363247268,62.711082060789366,68.81756599844503
A,25,10,130,log,1.5,0.5,0.5,281.5904384344809,0.8762215695668552,56.30169154159525,62.45735314337419
A,25,10,130,log,1.5,0.5,1.0,73.83729636083214,0.8569461343465553,41.48605552606455,47.454591651593624
A,25,15,115,log,0.1,0.0,0.0,3.2164789119366035,0.8951827891283302,11.581674516229524,14.93882906741799
A,25,15,115,log,0.1,0.0,0.5,3.2164789119366035,0.8951827891283302,11.581674516229524,14.93882906741799
A,25,15,115,log,0.1,0.0,1.0,3.2164789119366035,0.8951827891283302,11.581674516229524,14.93882906741799
A,25,15,115,log,0.1,0.1,0.0,3.5100843255939163,0.8956104201147126,12.32950050270971,16.099630978942372
A,25,15,115,log,0.1,0.1,0.5,3.3413210176608517,0.8953708103364658,11.98904496565596,15.594173764399846
A,25,15,115,log,0.1,0.1,1.0,3.2142211418900266,0.8950439506260819,11.712634176266773,15.142732285338074
A,25,15,115,log,0.1,0.5,0.0,7.5376461529372545,0.8958365885353796,18.061304005333227,22.95991572038514
A,25,15,115,log,0.1,0.5,0.5,5.085703390312178,0.8962363817864192,15.045578204894895,19.550180569887466
A,25,15,115,log,0.1,0.5,1.0,3.5083495148037094,0.8960327125990487,12.649982684192201,16.40096423635522
A,25,15,115,log,0.5,0.0,0.0,3.366334810155672,0.8942009944942969,11.679413987548623,15.135665683596272
A,25,15,115,log,0.5,0.0,0.5,3.366334810155672,0.8942009944942969,11.679413987548623,15.135665683596272
A,25,15,115,log,0.5,0.0,1.0,3.366334810155672,0.8942009944942969,11.679413987548623,15.135665683596272
A,25,15,115,log,0.5,0.1,0.0,6.91562337966676,0.8951308818148711,17.187779504804787,22.098232022722524
A,25,15,115,log,0.5,0.1,0.5,4.944607461729861,0.8946804691665238,14.651987782623397,19.174678147033944
A,25,15,115,log,0.5,0.1,1.0,3.608071431840122,0.8947159179404839,12.603760157023093,16.442639284147006
A,25,15,115,log,0.5,0.5,0.0,60.60866941974007,0.895315402756436,41.1350344632108,45.82548250239218
A,25,15,115,log,0.5,0.5,0.5,30.899337929338305,0.8951325781018868,33.327862541672275,38.15727048607396
A,25,15,115,log,0.5,0.5,1.0,9.917401095426003,0.8827314074506682,21.583863153683154,26.244149086310085
A,25,15,115,log,1.0,0.0,0.0,3.399850072256784,0.8939954398123161,11.703040438528456,15.17801346068067
A,25,15,115,log,1.0,0.0,0.5,3.399850072256784,0.8939954398123161,11.703040438528456,15.17801346068067
A,25,15,115,log,1.0,0.0,1.0,3.399850072256784,0.8939954398123161,11.703040438528456,15.17801346068067
A,25,15,115,log,1.0,0.1,0.0,14.772040089993562,0.8950642759154036,24.49441872458948,29.594217562403525
A,25,15,115,log,1.0,0.1,0.5,8.60667390227816,0.8947760136071737,19.200601438343615,24.275538504150074
A,25,15,115,log,1.0,0.1,1.0,4.405466757289832,0.8941993551067533,14.1554623435843,18.404489885081986
A,25,15,115,log,1.0,0.5,0.0,175.71938983919955,0.8952195423041124,53.68904172918527,58.685488275140735
A,25,15,115,log,1.0,0.5,0.5,96.51321741965555,0.8932762104802021,46.667953857676004,51.674683090325836
A,25,15,115,log,1.0,0.5,1.0,26.87632439906495,0.8704692725494004,32.77746116549604,37.38556851855908
A,25,15,115,log,1.5,0.0,0.0,3.412607814207494,0.8939090512042439,11.712042963973056,15.193808703394044
A,25,15,115,log,1.5,0.0,0.5,3.412607814207494,0.8939090512042439,11.712042963973056,15.193808703394044
A,25,15,115,log,1.5,0.0,1.0,3.412607814207494,0.8939090512042439,11.712042963973056,15.193808703394044
A,25,15,115,log,1.5,0.1,0.0,26.133621329356327,0.8950225497454461,30.987768007979078,35.907880457291434
A,25,15,115,log,1.5,0.1,1.0,5.673743200223409,0.8923694423936036,16.189254882319723,20.751891734974954
A,25,15,115,log,1.5,0.1,0.5,14.018292748409078,0.8947252222897497,24.118030613062583,29.239686220603925
A,25,15,115,log,1.5,0.5,0.0,309.7506250391799,0.8952069701824785,60.135136093279456,65.45192689196568
A,25,15,115,log,1.5,0.5,0.5,186.65280462964165,0.8912271672590627,54.147191579522335,59.50052512251182
A,25,15,115,log,1.5,0.5,1.0,53.762887529275815,0.8707378350019284,40.32144259717266,45.41657126251996
A,25,15,120,log,0.1,0.0,0.0,3.5344547093609107,0.8867433129419089,11.292671409963773,15.295908328490459
A,25,15,120,log,0.1,0.0,0.5,3.5344547093609107,0.8867433129419089,11.292671409963773,15.295908328490459
A,25,15,120,log,0.1,0.0,1.0,3.5344547093609107,0.8867433129419089,11.292671409963773,15.295908328490459
A,25,15,120,log,0.1,0.1,0.0,3.8986973014667683,0.88746601206867,12.22017267084875,16.580555218861996
A,25,15,120,log,0.1,0.1,0.5,3.697326563464762,0.8871580510060847,11.825945448453172,16.04113698680019
A,25,15,120,log,0.1,0.1,1.0,3.552740800991232,0.8864841697177205,11.519356115813407,15.572484243879313
A,25,15,120,log,0.1,0.5,0.0,8.666649902413567,0.8880314880125058,18.43424889214055,23.770206132119444
A,25,15,120,log,0.1,0.5,0.5,5.795798855155472,0.888072304698668,15.28349796537563,20.271417314007838
A,25,15,120,log,0.5,0.0,0.0,3.70121296978886,0.8855479139113152,11.331663981815076,15.465702220833055
A,25,15,120,log,0.1,0.5,1.0,3.932260667123741,0.8876976058541832,12.697772983400748,16.989338109759778
A,25,15,120,log,0.5,0.0,0.5,3.70121296978886,0.8855479139113152,11.331663981815076,15.465702220833055
A,25,15,120,log,0.5,0.0,1.0,3.70121296978886,0.8855479139113152,11.331663981815076,15.465702220833055
A,25,15,120,log,0.5,0.1,0.0,7.951766533454292,0.8872584078000184,17.524096517272692,22.89928714547472
A,25,15,120,log,0.5,0.1,0.5,5.644614669893608,0.8863095349565884,14.838481788917054,19.88977130098832
A,25,15,120,log,0.5,0.1,1.0,4.046072288516191,0.886133322966996,12.584340839162945,17.01027715284298
A,25,15,120,log,0.5,0.5,0.0,73.78700535896776,0.8875243763310605,42.24030166449812,47.30888636685667
A,25,15,120,log,0.5,0.5,0.5,37.080480624071555,0.8871261007758722,34.22307679879834,39.46220698109847
A,25,15,120,log,0.5,0.5,1.0,11.584603451216022,0.875836933459173,22.17134880933631,27.256088544843216
A,25,15,120,log,1.0,0.0,0.0,3.738889487374194,0.8853062054245034,11.343903268475904,15.502779809311056
A,25,15,120,log,1.0,0.0,0.5,3.738889487374194,0.8853062054245034,11.343903268475904,15.502779809311056
A,25,15,120,log,1.0,0.0,1.0,3.738889487374194,0.8853062054245034,11.343903268475904,15.502779809311056
A,25,15,120,log,1.0,0.1,0.0,17.360465387104497,0.8872595613201686,25.143445373623535,30.654662868641566
A,25,15,120,log,1.0,0.1,0.5,10.028835719628091,0.8865490917416239,19.676643585945136,25.20985021438001
A,25,15,120,log,1.0,0.5,0.0,220.881014892876,0.8874242686907641,55.11874984913057,60.51724004702366
A,25,15,120,log,1.0,0.1,1.0,5.021660821656141,0.8859282099749896,14.362319206274353,19.131363815716135
A,25,15,120,log,1.0,0.5,0.5,119.54903305254314,0.8854419326290884,47.912314777150726,53.33606674015427
A,25,15,120,log,1.0,0.5,1.0,32.311307465044145,0.8631004218825031,33.65832696123566,38.72565288875646
A,25,15,120,log,1.5,0.0,0.0,3.7532031597490088,0.8852230333125448,11.348659193656749,15.516584077331213
A,25,15,120,log,1.5,0.0,0.5,3.7532031597490088,0.8852230333125448,11.348659193656749,15.516584077331213
A,25,15,120,log,1.5,0.0,1.0,3.7532031597490088,0.8852230333125448,11.348659193656749,15.516584077331213
A,25,15,120,log,1.5,0.1,0.0,31.165263997004484,0.8872217265632851,31.839538049365878,37.14903799079765
A,25,15,120,log,1.5,0.1,0.5,16.543106517013534,0.8865536661687756,24.77354317342548,30.32964055100009
A,25,15,120,log,1.5,0.1,1.0,6.541644719735855,0.8844356208664703,16.564673488056563,21.598875254764046
A,25,15,120,log,1.5,0.5,0.0,396.34500097546135,0.8873961339628499,61.72418057115173,67.46303140119493
A,25,15,120,log,1.5,0.5,0.5,235.7550305457283,0.8835778572549573,55.581175688045995,61.365960082252585
A,25,15,120,log,1.5,0.5,1.0,65.67588716458354,0.8636266516194228,41.39474506875566,46.96153208286415
A,25,15,125,log,0.1,0.0,0.0,3.986371818150438,0.8778731077037815,10.97512032096632,15.934511599137517
A,25,15,125,log,0.1,0.0,0.5,3.986371818150438,0.8778731077037815,10.97512032096632,15.934511599137517
A,25,15,125,log,0.1,0.0,1.0,3.986371818150438,0.8778731077037815,10.97512032096632,15.934511599137517
A,25,15,125,log,0.1,0.1,0.0,4.422823512607705,0.8791115361351076,12.067184407461173,17.271936825580287
A,25,15,125,log,0.1,0.1,1.0,4.025311164455271,0.8777376656136274,11.29465832155866,16.259622464995367
A,25,15,125,log,0.1,0.1,0.5,4.187129637341629,0.8788402974986014,11.63113272927462,16.721374126994284
A,25,15,125,log,0.1,0.5,0.0,10.040223827138387,0.8802049775988582,18.756974301207144,24.62532454713221
A,25,15,125,log,0.1,0.5,0.5,6.680911058471368,0.8800072054645346,15.468518028631246,21.08442551876687
A,25,15,125,log,0.1,0.5,1.0,4.489784273151851,0.8794849554351932,12.70013909606201,17.74787727326191
A,25,15,125,log,0.5,0.0,0.0,4.172472111076031,0.8767101592810278,10.964780078112797,16.08886790387052
A,25,15,125,log,0.5,0.0,0.5,4.172472111076031,0.8767101592810278,10.964780078112797,16.08886790387052
A,25,15,125,log,0.5,0.0,1.0,4.172472111076031,0.8767101592810278,10.964780078112797,16.08886790387052
A,25,15,125,log,0.5,0.1,0.0,9.221391822778902,0.879360264170202,17.818213975974352,23.7615889928853
A,25,15,125,log,0.5,0.1,0.5,6.517981703094128,0.8782978057940412,14.974398180460302,20.707440297731857
A,25,15,125,log,0.5,0.1,1.0,4.628331722406726,0.8778026501386027,12.529289457008613,17.770370463332846
A,25,15,125,log,0.5,0.5,0.0,90.01297634731958,0.8797873704567281,43.26737720646466,48.72896119636865
A,25,15,125,log,0.5,0.5,0.5,44.6330974552388,0.8793565419658002,35.05588181236075,40.72390598559102
A,25,15,125,log,0.5,0.5,1.0,13.600927577178382,0.8691541915903725,22.717696923930504,28.26478815894049
A,25,15,125,log,1.0,0.0,0.0,4.214397820773987,0.8763774107408349,10.967121493938244,16.123008144045883
A,25,15,125,log,1.0,0.0,0.5,4.214397820773987,0.8763774107408349,10.967121493938244,16.123008144045883
A,25,15,125,log,1.0,0.0,1.0,4.214397820773987,0.8763774107408349,10.967121493938244,16.123008144045883
A,25,15,125,log,1.0,0.1,0.0,20.49110742700737,0.8794722605583685,25.73247051222551,31.70476691006048
A,25,15,125,log,1.0,0.1,0.5,11.762254395376125,0.8785119605904113,20.111836065356346,26.172548160880023
A,25,15,125,log,1.0,0.1,1.0,5.7996041258520865,0.8779314444862528,14.516556115861908,19.97062992680415
A,25,15,125,log,1.0,0.5,0.0,277.71507281512515,0.8796831629484538,56.446441861261995,62.25627434261603
A,25,15,125,log,1.0,0.5,0.5,148.24946774566655,0.8778532456070618,49.06889908986257,54.92099806664792
A,25,15,125,log,1.0,0.5,1.0,38.97594727716923,0.8562234640062437,34.48075986470137,40.02453094844504
A,25,15,125,log,1.5,0.0,0.0,4.23007489268969,0.8762683790210415,10.968282293426697,16.135671536282032
A,25,15,125,log,1.5,0.0,0.5,4.23007489268969,0.8762683790210415,10.968282293426697,16.135671536282032
A,25,15,125,log,1.5,0.0,1.0,4.23007489268969,0.8762683790210415,10.968282293426697,16.135671536282032
A,25,15,125,log,1.5,0.1,0.0,37.28528801729656,0.8794505827227328,32.62915151715868,38.352490365292226
A,25,15,125,log,1.5,0.1,0.5,19.608911424092287,0.8786211616917857,25.37649261875198,31.408506018500123
A,25,15,125,log,1.5,0.1,1.0,7.608903288154229,0.8766880055627222,16.89748909008418,22.503940544432382
A,25,15,125,log,1.5,0.5,0.0,506.75446344998716,0.8796508758078071,63.19879105414826,69.36671016119803
A,25,15,125,log,1.5,0.5,0.5,297.7548094083316,0.876165408583794,56.912585392496034,63.13714413135665
A,25,15,125,log,1.5,0.5,1.0,80.40589542112151,0.8569973882651165,42.39639349265558,48.4474965229234
A,25,15,130,log,0.1,0.0,0.0,3.9849718448438294,0.8770657945313676,10.59186342094728,15.56256503797809
A,25,15,130,log,0.1,0.0,0.5,3.9849718448438294,0.8770657945313676,10.59186342094728,15.56256503797809
A,25,15,130,log,0.1,0.0,1.0,3.9849718448438294,0.8770657945313676,10.59186342094728,15.56256503797809
A,25,15,130,log,0.1,0.1,0.0,4.252736924570439,0.8786432367326589,11.538951854798045,16.720485731953822
A,25,15,130,log,0.1,0.1,1.0,3.9771173345554915,0.8772872162594354,10.865854645231833,15.833530001678787
A,25,15,130,log,0.1,0.1,0.5,4.077298791627636,0.8782614191001118,11.152150557808827,16.230097090946092
A,25,15,130,log,0.1,0.5,0.0,9.158178765823257,0.8802518464038552,17.811594205264164,23.67865927812863
A,25,15,130,log,0.1,0.5,0.5,6.128755654124878,0.8798243395460386,14.656310843944286,20.241604756636427
A,25,15,130,log,0.5,0.0,0.0,4.1753599845980105,0.8758615827006846,10.59839056799515,15.726931418106222
A,25,15,130,log,0.1,0.5,1.0,4.251106115255553,0.8791961582547986,12.094058641372698,17.109292703461005
A,25,15,130,log,0.5,0.0,0.5,4.1753599845980105,0.8758615827006846,10.59839056799515,15.726931418106222
A,25,15,130,log,0.5,0.0,1.0,4.1753599845980105,0.8758615827006846,10.59839056799515,15.726931418106222
A,25,15,130,log,0.5,0.1,0.0,8.444866053116115,0.8793496699970333,16.934402784529773,22.87148490114803
A,25,15,130,log,0.5,0.1,0.5,6.028976134012167,0.8780847404703465,14.235351135497021,19.934550341060707
A,25,15,130,log,0.5,0.1,1.0,4.414830400063836,0.8773269028918845,11.982629939789087,17.188044459891394
A,25,15,130,log,0.5,0.5,0.0,83.96170258764361,0.879907354779019,42.38095985642328,47.82192823070231
A,25,15,130,log,0.5,0.5,0.5,41.146650092312115,0.879275996462245,34.00534595684469,39.69194108664226
A,25,15,130,log,0.5,0.5,1.0,12.24537149626454,0.8695684835273099,21.555188766769113,27.140275255857752
A,25,15,130,log,1.0,0.0,0.0,4.21848305107787,0.8755265241186635,10.60381771885768,15.762787958996473
A,25,15,130,log,1.0,0.0,0.5,4.21848305107787,0.8755265241186635,10.60381771885768,15.762787958996473
A,25,15,130,log,1.0,0.0,1.0,4.21848305107787,0.8755265241186635,10.60381771885768,15.762787958996473
A,25,15,130,log,1.0,0.1,0.0,18.79441390605945,0.8795444845997041,24.685145452133433,30.698122188630656
A,25,15,130,log,1.0,0.1,0.5,10.738228987849222,0.8782951567855081,19.1392674862012,25.212097735069754
A,25,15,130,log,1.0,0.1,1.0,5.361507525417549,0.8774710444923528,13.78930472253044,19.197404929236807
A,25,15,130,log,1.0,0.5,0.0,263.0989805547989,0.879789685871079,55.832339298086296,61.57965925962351
A,25,15,130,log,1.0,0.5,0.5,138.821251719484,0.8778416833931291,48.297539834621276,54.09011569228022
A,25,15,130,log,1.0,0.5,1.0,35.538411132694954,0.8560763555055138,33.40471039036872,38.90757628846672
A,25,15,130,log,1.5,0.0,0.0,4.2348962939025965,0.8754201672122726,10.605972698535023,15.776135627042857
A,25,15,130,log,1.5,0.0,0.5,4.2348962939025965,0.8754201672122726,10.605972698535023,15.776135627042857
A,25,15,130,log,1.5,0.0,1.0,4.2348962939025965,0.8754201672122726,10.605972698535023,15.776135627042857
A,25,15,130,log,1.5,0.1,0.0,34.42535900612927,0.8795366372583796,31.584111217848907,37.35051678016176
A,25,15,130,log,1.5,0.1,0.5,17.94221729530755,0.8784698346646698,24.29274132237326,30.377814690647007
A,25,15,130,log,1.5,0.1,1.0,6.922553765614964,0.8765676167124623,16.005442288374145,21.5839953940453
A,25,15,130,log,1.5,0.5,0.0,484.42427481154607,0.8797586237610077,62.7195849001346,68.82563857475503
A,25,15,130,log,1.5,0.5,1.0,73.83729636083214,0.8569461343465553,41.48605552606455,47.454591651593624
A,25,15,130,log,1.5,0.5,0.5,281.5904384344809,0.8762215695668552,56.30169154159525,62.45735314337419
A,25,20,115,log,0.1,0.0,0.0,3.2008126156187737,0.8953152675770918,11.57102733208944,14.925293059335141
A,25,20,115,log,0.1,0.0,0.5,3.2008126156187737,0.8953152675770918,11.57102733208944,14.925293059335141
A,25,20,115,log,0.1,0.0,1.0,3.2008126156187737,0.8953152675770918,11.57102733208944,14.925293059335141
A,25,20,115,log,0.1,0.1,0.0,3.5007753605305405,0.8956542530006859,12.317323190035749,16.086930582949957
A,25,20,115,log,0.1,0.1,0.5,3.3346707157335076,0.8954556224159813,11.981955526508562,15.588348410951067
A,25,20,115,log,0.1,0.1,1.0,3.2142211418900266,0.8950439506260819,11.712634176266773,15.142732285338074
A,25,20,115,log,0.1,0.5,0.0,7.531245385122652,0.8959142616047334,18.055256672262963,22.950450883522997
A,25,20,115,log,0.1,0.5,0.5,5.085703390312178,0.8962363817864192,15.045578204894895,19.550180569887466
A,25,20,115,log,0.5,0.0,0.0,3.3498130826353396,0.8943097241982878,11.66865321887221,15.11924781923403
A,25,20,115,log,0.1,0.5,1.0,3.5083495148037094,0.8960327125990487,12.649982684192201,16.40096423635522
A,25,20,115,log,0.5,0.0,0.5,3.3498130826353396,0.8943097241982878,11.66865321887221,15.11924781923403
A,25,20,115,log,0.5,0.0,1.0,3.3498130826353396,0.8943097241982878,11.66865321887221,15.11924781923403
A,25,20,115,log,0.5,0.1,0.0,6.905412361347919,0.8951655743829481,17.177136535333936,22.08615121774915
A,25,20,115,log,0.5,0.1,0.5,4.944607461729873,0.8946804691665238,14.651987782623413,19.174678147033966
A,25,20,115,log,0.5,0.1,1.0,3.608071431840122,0.8947159179404839,12.603760157023093,16.442639284147006
A,25,20,115,log,0.5,0.5,0.0,60.55462182089568,0.8953239581192994,41.128002682703915,45.81596656652516
A,25,20,115,log,0.5,0.5,0.5,30.899337929338305,0.8951325781018868,33.327862541672275,38.15727048607396
A,25,20,115,log,0.5,0.5,1.0,9.917401095426003,0.8827314074506682,21.583863153683154,26.244149086310085
A,25,20,115,log,1.0,0.0,0.5,3.383794733058798,0.8940642013920019,11.69277816582971,15.161438146470559
A,25,20,115,log,1.0,0.0,0.0,3.383794733058798,0.8940642013920019,11.69277816582971,15.161438146470559
A,25,20,115,log,1.0,0.0,1.0,3.383794733058798,0.8940642013920019,11.69277816582971,15.161438146470559
A,25,20,115,log,1.0,0.1,0.0,14.752569170888076,0.895083105249016,24.48754002408171,29.583059997709217
A,25,20,115,log,1.0,0.1,0.5,8.606673902278157,0.8947760136071737,19.200601438343604,24.27553850415007
A,25,20,115,log,1.0,0.1,1.0,4.405466757289832,0.8941993551067533,14.1554623435843,18.404489885081986
A,25,20,115,log,1.0,0.5,0.0,175.59443941846894,0.8952492098821587,53.68380070697733,58.67786446906346
A,25,20,115,log,1.0,0.5,0.5,96.51321741965555,0.8932762104802021,46.667953857676004,51.674683090325836
A,25,20,115,log,1.0,0.5,1.0,26.87632439906495,0.8704692725494004,32.77746116549604,37.38556851855908
A,25,20,115,log,1.5,0.0,0.0,3.3967840788402874,0.8939323870833628,11.702206664120595,15.17729176284783
A,25,20,115,log,1.5,0.0,0.5,3.3967840788402874,0.8939323870833628,11.702206664120595,15.17729176284783
A,25,20,115,log,1.5,0.0,1.0,3.3967840788402874,0.8939323870833628,11.702206664120595,15.17729176284783
A,25,20,115,log,1.5,0.1,0.0,26.104568184983258,0.8950431193994095,30.981017329703416,35.89785835577276
A,25,20,115,log,1.5,0.1,0.5,14.018292748409085,0.8947252222897497,24.118030613062587,29.239686220603925
A,25,20,115,log,1.5,0.1,1.0,5.673743200223409,0.8923694423936036,16.189254882319723,20.751891734974954
A,25,20,115,log,1.5,0.5,0.0,309.5643703887695,0.8952332451267054,60.13110556040361,65.44573957451418
A,25,20,115,log,1.5,0.5,0.5,186.65280462964165,0.8912271672590627,54.147191579522335,59.50052512251182
A,25,20,115,log,1.5,0.5,1.0,53.762887529275815,0.8707378350019284,40.32144259717266,45.41657126251996
A,25,20,120,log,0.1,0.0,0.0,3.5172511929651096,0.8869409865579758,11.274982076995387,15.282330806802364
A,25,20,120,log,0.1,0.0,0.5,3.5172511929651096,0.8869409865579758,11.274982076995387,15.282330806802364
A,25,20,120,log,0.1,0.0,1.0,3.5172511929651096,0.8869409865579758,11.274982076995387,15.282330806802364
A,25,20,120,log,0.1,0.1,0.0,3.89087915600546,0.8875238983325101,12.20808709984141,16.56938281149339
A,25,20,120,log,0.1,0.1,1.0,3.552740800991232,0.8864841697177205,11.519356115813407,15.572484243879313
A,25,20,120,log,0.1,0.1,0.5,3.6911969302573917,0.8872437161251542,11.82108391264816,16.0367518604938
A,25,20,120,log,0.1,0.5,0.0,8.671875752143666,0.8880784948312659,18.42772398184594,23.762545395953744
A,25,20,120,log,0.1,0.5,0.5,5.795798855155472,0.888072304698668,15.28349796537563,20.271417314007838
A,25,20,120,log,0.1,0.5,1.0,3.932260667123741,0.8876976058541832,12.697772983400748,16.989338109759778
A,25,20,120,log,0.5,0.0,0.0,3.6828326760822634,0.8856209442329537,11.31949650407149,15.449825839854574
A,25,20,120,log,0.5,0.0,0.5,3.6828326760822634,0.8856209442329537,11.31949650407149,15.449825839854574
A,25,20,120,log,0.5,0.0,1.0,3.6828326760822634,0.8856209442329537,11.31949650407149,15.449825839854574
A,25,20,120,log,0.5,0.1,0.0,7.9539470397570025,0.8872698423594685,17.513914649046455,22.889970147391214
A,25,20,120,log,0.5,0.1,0.5,5.644614669893617,0.8863095349565884,14.838481788917065,19.889771300988333
A,25,20,120,log,0.5,0.1,1.0,4.046072288516191,0.886133322966996,12.584340839162945,17.01027715284298
A,25,20,120,log,0.5,0.5,0.0,73.76538778701425,0.8875173201275967,42.234173764551585,47.30073770519092
A,25,20,120,log,0.5,0.5,0.5,37.080480624071555,0.8871261007758722,34.22307679879834,39.46220698109847
A,25,20,120,log,0.5,0.5,1.0,11.584603451216022,0.875836933459173,22.17134880933631,27.256088544843216
A,25,20,120,log,1.0,0.0,0.0,3.7192815100910472,0.8852737910656531,11.333006515635649,15.486245092734748
A,25,20,120,log,1.0,0.0,0.5,3.7192815100910472,0.8852737910656531,11.333006515635649,15.486245092734748
A,25,20,120,log,1.0,0.0,1.0,3.7192815100910472,0.8852737910656531,11.333006515635649,15.486245092734748
A,25,20,120,log,1.0,0.1,0.0,17.358961964441953,0.8872435810384152,25.138554163532255,30.645488346537388
A,25,20,120,log,1.0,0.1,0.5,10.0288357196281,0.8865490917416239,19.676643585945143,25.209850214380015
A,25,20,120,log,1.0,0.1,1.0,5.021660821656141,0.8859282099749896,14.362319206274353,19.131363815716135
A,25,20,120,log,1.0,0.5,0.0,220.7937922100551,0.887426593643004,55.11427908170153,60.510474858278045
A,25,20,120,log,1.0,0.5,0.5,119.54903305254314,0.8854419326290884,47.912314777150726,53.33606674015427
A,25,20,120,log,1.0,0.5,1.0,32.311307465044145,0.8631004218825031,33.65832696123566,38.72565288875646
A,25,20,120,log,1.5,0.0,0.0,3.7328968833756724,0.8851839777932204,11.33836418827364,15.499872706083456
A,25,20,120,log,1.5,0.0,0.5,3.7328968833756724,0.8851839777932204,11.33836418827364,15.499872706083456
A,25,20,120,log,1.5,0.0,1.0,3.7328968833756724,0.8851839777932204,11.33836418827364,15.499872706083456
A,25,20,120,log,1.5,0.1,0.0,31.15973312212717,0.8872115318614394,31.832866224730736,37.140652162102846
A,25,20,120,log,1.5,0.1,0.5,16.543106517013552,0.8865536661687756,24.773543173425487,30.329640551000097
A,25,20,120,log,1.5,0.1,1.0,6.541644719735855,0.8844356208664703,16.564673488056563,21.598875254764046
A,25,20,120,log,1.5,0.5,0.0,396.19111848537665,0.8874097966519109,61.72076478664203,67.4575090035792
A,25,20,120,log,1.5,0.5,0.5,235.7550305457283,0.8835778572549573,55.581175688045995,61.365960082252585
A,25,20,120,log,1.5,0.5,1.0,65.67588716458354,0.8636266516194228,41.39474506875566,46.96153208286415
A,25,20,125,log,0.1,0.0,0.0,3.9703253290640164,0.87788616153674,10.954164299690541,15.922085213102855
A,25,20,125,log,0.1,0.0,0.5,3.9703253290640164,0.87788616153674,10.954164299690541,15.922085213102855
A,25,20,125,log,0.1,0.0,1.0,3.9703253290640164,0.87788616153674,10.954164299690541,15.922085213102855
A,25,20,125,log,0.1,0.1,0.0,4.418331547465366,0.8792379014049105,12.049669998952306,17.26144513492907
A,25,20,125,log,0.1,0.1,1.0,4.025311164455271,0.8777376656136274,11.29465832155866,16.259622464995367
A,25,20,125,log,0.1,0.1,0.5,4.181802248396212,0.8787801988950648,11.626414821758713,16.71916613990564
A,25,20,125,log,0.1,0.5,0.0,10.06258033828389,0.8802079206354387,18.751339626833495,24.620491479509887
A,25,20,125,log,0.1,0.5,0.5,6.680911058471368,0.8800072054645346,15.468518028631246,21.08442551876687
A,25,20,125,log,0.1,0.5,1.0,4.489784273151851,0.8794849554351932,12.70013909606201,17.74787727326191
A,25,20,125,log,0.5,0.0,0.0,4.151721707532226,0.8767226340687465,10.948231202871217,16.07338520627672
A,25,20,125,log,0.5,0.0,0.5,4.151721707532226,0.8767226340687465,10.948231202871217,16.07338520627672
A,25,20,125,log,0.5,0.0,1.0,4.151721707532226,0.8767226340687465,10.948231202871217,16.07338520627672
A,25,20,125,log,0.5,0.1,0.0,9.240741353608785,0.8792980613969708,17.806940023732324,23.754306938534732
A,25,20,125,log,0.5,0.1,0.5,6.517981703094158,0.8782978057940412,14.974398180460335,20.707440297731893
A,25,20,125,log,0.5,0.1,1.0,4.628331722406726,0.8778026501386027,12.529289457008613,17.770370463332846
A,25,20,125,log,0.5,0.5,0.0,90.04418832092499,0.8797511410421945,43.262604197527466,48.722406925675365
A,25,20,125,log,0.5,0.5,0.5,44.6330974552388,0.8793565419658002,35.05588181236075,40.72390598559102
A,25,20,125,log,0.5,0.5,1.0,13.600927577178382,0.8691541915903725,22.717696923930504,28.26478815894049
A,25,20,125,log,1.0,0.0,0.0,4.193102736692271,0.8763992002801512,10.95241392312256,16.1070012100261
A,25,20,125,log,1.0,0.0,0.5,4.193102736692271,0.8763992002801512,10.95241392312256,16.1070012100261
A,25,20,125,log,1.0,0.0,1.0,4.193102736692271,0.8763992002801512,10.95241392312256,16.1070012100261
A,25,20,125,log,1.0,0.1,0.0,20.516458873911443,0.8794330354331708,25.731059960106457,31.69821577006735
A,25,20,125,log,1.0,0.1,0.5,11.762254395376145,0.8785119605904113,20.111836065356364,26.17254816088004
A,25,20,125,log,1.0,0.1,1.0,5.7996041258520865,0.8779314444862528,14.516556115861908,19.97062992680415
A,25,20,125,log,1.0,0.5,0.0,277.6987778040671,0.8796442050906427,56.44274336065172,62.25046664007247
A,25,20,125,log,1.0,0.5,0.5,148.24946774566655,0.8778532456070618,49.06889908986257,54.92099806664792
A,25,20,125,log,1.0,0.5,1.0,38.97594727716923,0.8562234640062437,34.48075986470137,40.02453094844504
A,25,20,125,log,1.5,0.0,0.0,4.208922313288926,0.8762904258436027,10.954287583105948,16.11965263365712
A,25,20,125,log,1.5,0.0,0.5,4.208922313288926,0.8762904258436027,10.954287583105948,16.11965263365712
A,25,20,125,log,1.5,0.0,1.0,4.208922313288926,0.8762904258436027,10.954287583105948,16.11965263365712
A,25,20,125,log,1.5,0.1,0.0,37.31532661373748,0.8793974040410362,32.62199198617326,38.34602901717807
A,25,20,125,log,1.5,0.1,0.5,19.608911424092284,0.8786211616917857,25.37649261875198,31.408506018500116
A,25,20,125,log,1.5,0.1,1.0,7.608903288154229,0.8766880055627222,16.89748909008418,22.503940544432382
A,25,20,125,log,1.5,0.5,0.0,506.673786530546,0.879626131533576,63.19597273438974,69.36189694139834
A,25,20,125,log,1.5,0.5,0.5,297.7548094083316,0.876165408583794,56.912585392496034,63.13714413135665
A,25,20,125,log,1.5,0.5,1.0,80.40589542112151,0.8569973882651165,42.39639349265558,48.4474965229234
A,25,20,130,log,0.1,0.0,0.0,3.9636471667732978,0.8772732090403542,10.572464401718657,15.551448354405872
A,25,20,130,log,0.1,0.0,0.5,3.9636471667732978,0.8772732090403542,10.572464401718657,15.551448354405872
A,25,20,130,log,0.1,0.0,1.0,3.9636471667732978,0.8772732090403542,10.572464401718657,15.551448354405872
A,25,20,130,log,0.1,0.1,0.0,4.245293230714778,0.8787764375709258,11.523647214188191,16.712996440710825
A,25,20,130,log,0.1,0.1,1.0,3.9771173345554915,0.8772872162594354,10.865854645231833,15.833530001678787
A,25,20,130,log,0.1,0.1,0.5,4.070481710819328,0.8782581272554257,11.148244023752564,16.22841737330525
A,25,20,130,log,0.1,0.5,0.0,9.183127797932272,0.8802520622448651,17.80406459824771,23.67563716943759
A,25,20,130,log,0.1,0.5,0.5,6.128755654124878,0.8798243395460386,14.656310843944286,20.241604756636427
A,25,20,130,log,0.1,0.5,1.0,4.251106115255553,0.8791961582547986,12.094058641372698,17.109292703461005
A,25,20,130,log,0.5,0.0,0.0,4.152366063444596,0.8759273264535624,10.582672527289706,15.712363383724846
A,25,20,130,log,0.5,0.0,0.5,4.152366063444596,0.8759273264535624,10.582672527289706,15.712363383724846
A,25,20,130,log,0.5,0.0,1.0,4.152366063444596,0.8759273264535624,10.582672527289706,15.712363383724846
A,25,20,130,log,0.5,0.1,0.0,8.466635927216254,0.879314302095095,16.922102989535997,22.865733339276794
A,25,20,130,log,0.5,0.1,0.5,6.028976134012167,0.8780847404703465,14.235351135497021,19.934550341060707
A,25,20,130,log,0.5,0.1,1.0,4.414830400063836,0.8773269028918845,11.982629939789087,17.188044459891394
A,25,20,130,log,0.5,0.5,0.0,84.00708660226607,0.879880378330871,42.377417946773576,47.816760004743
A,25,20,130,log,0.5,0.5,0.5,41.146650092312115,0.879275996462245,34.00534595684469,39.69194108664226
A,25,20,130,log,0.5,0.5,1.0,12.24537149626454,0.8695684835273099,21.555188766769113,27.140275255857752
A,25,20,130,log,1.0,0.0,0.0,4.196082049143503,0.8756778529260767,10.589400155934877,15.747889958082649
A,25,20,130,log,1.0,0.0,0.5,4.196082049143503,0.8756778529260767,10.589400155934877,15.747889958082649
A,25,20,130,log,1.0,0.0,1.0,4.196082049143503,0.8756778529260767,10.589400155934877,15.747889958082649
A,25,20,130,log,1.0,0.1,0.0,18.824121601859435,0.879509894401154,24.686955241470237,30.693118256853506
A,25,20,130,log,1.0,0.1,0.5,10.738228987849249,0.8782951567855081,19.139267486201213,25.21209773506978
A,25,20,130,log,1.0,0.1,1.0,5.361507525417549,0.8774710444923528,13.78930472253044,19.197404929236807
A,25,20,130,log,1.0,0.5,0.0,263.1108701611099,0.8797640467897064,55.82936686206299,61.57467751162218
A,25,20,130,log,1.0,0.5,0.5,138.821251719484,0.8778416833931291,48.297539834621276,54.09011569228022
A,25,20,130,log,1.0,0.5,1.0,35.538411132694954,0.8560763555055138,33.40471039036872,38.90757628846672
A,25,20,130,log,1.5,0.0,0.0,4.212648743981983,0.8755495419202697,10.592363532348891,15.76120638019754
A,25,20,130,log,1.5,0.0,0.5,4.212648743981983,0.8755495419202697,10.592363532348891,15.76120638019754
A,25,20,130,log,1.5,0.0,1.0,4.212648743981983,0.8755495419202697,10.592363532348891,15.76120638019754
A,25,20,130,log,1.5,0.1,0.0,34.46187468220988,0.8795055809465925,31.57802697236217,37.3455550611319
A,25,20,130,log,1.5,0.1,0.5,17.94221729530755,0.8784698346646698,24.29274132237326,30.377814690647007
A,25,20,130,log,1.5,0.5,0.0,484.3796662046041,0.8797313442065537,62.71729917448757,68.82141431780703
A,25,20,130,log,1.5,0.1,1.0,6.922553765614964,0.8765676167124623,16.005442288374145,21.5839953940453
A,25,20,130,log,1.5,0.5,1.0,73.83729636083214,0.8569461343465553,41.48605552606455,47.454591651593624
A,25,20,130,log,1.5,0.5,0.5,281.5904384344809,0.8762215695668552,56.30169154159525,62.45735314337419
A,30,10,115,log,0.1,0.0,0.0,2.715060287559678,0.9018953505226888,10.830400807786836,13.96093397382096
A,30,10,115,log,0.1,0.0,0.5,2.715060287559678,0.9018953505226888,10.830400807786836,13.96093397382096
A,30,10,115,log,0.1,0.0,1.0,2.715060287559678,0.9018953505226888,10.830400807786836,13.96093397382096
A,30,10,115,log,0.1,0.1,0.0,2.9701691960354895,0.9022155974048829,11.556227380967442,15.095003945664814
A,30,10,115,log,0.1,0.1,0.5,2.814830595860097,0.9021587291684281,11.209268161800825,14.581526562626626
A,30,10,115,log,0.1,0.1,1.0,2.710611066999376,0.9019177613041993,10.94206947453016,14.146609528007783
A,30,10,115,log,0.1,0.5,0.0,6.5744000567403615,0.9025935931365081,17.443698682986103,22.05638753245544
A,30,10,115,log,0.1,0.5,0.5,4.405940663622379,0.9031420315214309,14.310912810505698,18.61252384038722
A,30,10,115,log,0.1,0.5,1.0,3.0228316451741337,0.9026766164387267,11.852634797530602,15.46498072099152
A,30,10,115,log,0.5,0.0,0.0,2.8369940886582277,0.9007500504037849,10.95028016711453,14.159717690033006
A,30,10,115,log,0.5,0.0,0.5,2.8369940886582277,0.9007500504037849,10.95028016711453,14.159717690033006
A,30,10,115,log,0.5,0.0,1.0,2.8369940886582277,0.9007500504037849,10.95028016711453,14.159717690033006
A,30,10,115,log,0.5,0.1,0.0,6.014673059853903,0.9017599349456958,16.548938980126035,21.19068642823569
A,30,10,115,log,0.5,0.1,0.5,4.263946479930944,0.9013249348363669,13.920535597303743,18.22860106341541
A,30,10,115,log,0.5,0.1,1.0,3.1000201334131345,0.9010901787583429,11.84034568153537,15.51129736051244
A,30,10,115,log,0.5,0.5,0.0,55.55731102628749,0.9019338500611628,40.59762390859541,45.123263493925876
A,30,10,115,log,0.5,0.5,0.5,28.439244538751534,0.9016757172815282,32.800415212997805,37.45061626261321
A,30,10,115,log,0.5,0.5,1.0,9.216326717097786,0.8914800738224251,20.627286612085907,25.485371965169193
A,30,10,115,log,1.0,0.0,0.0,2.86452426292366,0.9004718853239714,10.977821209307841,14.203596301257628
A,30,10,115,log,1.0,0.0,0.5,2.86452426292366,0.9004718853239714,10.977821209307841,14.203596301257628
A,30,10,115,log,1.0,0.0,1.0,2.86452426292366,0.9004718853239714,10.977821209307841,14.203596301257628
A,30,10,115,log,1.0,0.1,0.0,13.171218986628697,0.9016306727407454,23.996765689825157,28.815606859286657
A,30,10,115,log,1.0,0.1,0.5,7.641431030743568,0.901226742667524,18.602785086504632,23.45985988125875
A,30,10,115,log,1.0,0.1,1.0,3.895324818100454,0.9004986579630554,13.42029823012225,17.571695447648345
A,30,10,115,log,1.0,0.5,0.0,164.1393836672045,0.9018046620978678,52.988865438358246,57.95705340928441
A,30,10,115,log,1.0,0.5,0.5,90.40497641871556,0.8999848638040298,45.990843514536465,50.929172009445864
A,30,10,115,log,1.0,0.5,1.0,26.375244303688977,0.8761045262871315,31.94419475591331,36.80883328306977
A,30,10,115,log,1.5,0.0,0.0,2.87503218545313,0.900409156479817,10.988329127128138,14.22015466749929
A,30,10,115,log,1.5,0.0,0.5,2.87503218545313,0.900409156479817,10.988329127128138,14.22015466749929
A,30,10,115,log,1.5,0.0,1.0,2.87503218545313,0.900409156479817,10.988329127128138,14.22015466749929
A,30,10,115,log,1.5,0.1,0.0,23.63485259761192,0.9015800783307361,30.54296971005388,35.19631713179866
A,30,10,115,log,1.5,0.1,0.5,12.668533961854044,0.9010881577249634,23.59014535838411,28.498079306883795
A,30,10,115,log,1.5,0.1,1.0,5.131639105465726,0.8988599379019405,15.427986207688708,19.98844136912159
A,30,10,115,log,1.5,0.5,0.0,291.8681492256042,0.9017699976295711,59.35599115586532,64.69426668736749
A,30,10,115,log,1.5,0.5,0.5,176.0526389193638,0.898219152571313,53.3884801096345,58.71547977669176
A,30,10,115,log,1.5,0.5,1.0,52.944238043763164,0.8771789600612439,39.83310191177353,45.07531242187555
A,30,10,120,log,0.1,0.0,0.0,2.935549830816909,0.8938862858709136,10.565148747594076,14.268147852533541
A,30,10,120,log,0.1,0.0,0.5,2.935549830816909,0.8938862858709136,10.565148747594076,14.268147852533541
A,30,10,120,log,0.1,0.0,1.0,2.935549830816909,0.8938862858709136,10.565148747594076,14.268147852533541
A,30,10,120,log,0.1,0.1,0.0,3.2513436018501998,0.8945466813821685,11.467851988798953,15.527647634312595
A,30,10,120,log,0.1,0.1,0.5,3.0697190259322857,0.8944070919675042,11.072554131248197,14.981808014946926
A,30,10,120,log,0.1,0.1,1.0,2.9485742558832264,0.8938390890480894,10.764543014248304,14.520207589710973
A,30,10,120,log,0.1,0.5,0.0,7.47983808422091,0.8952050847748569,17.794069321783546,22.815746190539087
A,30,10,120,log,0.1,0.5,0.5,4.968183091480066,0.8953775000434755,14.538161193505957,19.284960247770123
A,30,10,120,log,0.1,0.5,1.0,3.3504477899092224,0.8948032091157018,11.911922819000214,16.010171113631458
A,30,10,120,log,0.5,0.0,0.0,3.0626105876680882,0.8926792375386876,10.627367890998183,14.437389835135637
A,30,10,120,log,0.5,0.0,0.5,3.0626105876680882,0.8926792375386876,10.627367890998183,14.437389835135637
A,30,10,120,log,0.5,0.0,1.0,3.0626105876680882,0.8926792375386876,10.627367890998183,14.437389835135637
A,30,10,120,log,0.5,0.1,0.0,6.845235781325995,0.8943185567743551,16.875128197631195,21.946022287080552
A,30,10,120,log,0.5,0.1,0.5,4.808692333428761,0.8934636383873258,14.107020633351189,18.893395996248426
A,30,10,120,log,0.5,0.1,1.0,3.436907297579541,0.892969291785116,11.841862893017169,16.03748349191514
A,30,10,120,log,0.5,0.5,0.0,67.13807273791046,0.8945578440274151,41.65916278703027,46.550168293222505
A,30,10,120,log,0.5,0.5,0.5,33.88943428976376,0.8939991543423303,33.6615701560306,38.704402485480685
A,30,10,120,log,0.5,0.5,1.0,10.725717409902753,0.8844805540415097,21.15595209307988,26.452495451715112
A,30,10,120,log,1.0,0.0,0.0,3.092632394511035,0.8924295148648808,10.644476914808825,14.476225701735691
A,30,10,120,log,1.0,0.0,0.5,3.092632394511035,0.8924295148648808,10.644476914808825,14.476225701735691
A,30,10,120,log,1.0,0.0,1.0,3.092632394511035,0.8924295148648808,10.644476914808825,14.476225701735691
A,30,10,120,log,1.0,0.1,0.0,15.336965200687967,0.8942417021182013,24.625117721538924,29.828367858251596
A,30,10,120,log,1.0,0.1,0.5,8.824031921077065,0.8934281418438912,19.06340671091707,24.349510106915996
A,30,10,120,log,1.0,0.1,1.0,4.401511801558721,0.8925230781619005,13.61068924619049,18.254363265161732
A,30,10,120,log,1.0,0.5,0.0,205.14147035571938,0.8944189198278736,54.3575908288856,59.72333109299101
A,30,10,120,log,1.0,0.5,0.5,111.37927440818581,0.892388319914688,47.18231334420117,52.52926547423317
A,30,10,120,log,1.0,0.5,1.0,31.705877596096837,0.8687087247283675,32.73618750730106,38.07865885971249
A,30,10,120,log,1.5,0.0,0.0,3.1040758844866807,0.8923402539294187,10.650945882253742,14.49092891342372
A,30,10,120,log,1.5,0.0,0.5,3.1040758844866807,0.8923402539294187,10.650945882253742,14.49092891342372
A,30,10,120,log,1.5,0.0,1.0,3.1040758844866807,0.8923402539294187,10.650945882253742,14.49092891342372
A,30,10,120,log,1.5,0.1,0.0,27.948784465985163,0.8941773497952878,31.364177623841346,36.387060522277665
A,30,10,120,log,1.5,0.1,0.5,14.830172376335605,0.8932902536862217,24.221935174015147,29.54265723275865
A,30,10,120,log,1.5,0.1,1.0,5.876848836831667,0.8911288240999091,15.773129192339306,20.789202694277506
A,30,10,120,log,1.5,0.5,0.0,371.5841176879165,0.894373156817308,60.875626705351536,66.63391426329008
A,30,10,120,log,1.5,0.5,0.5,221.3032317223392,0.8907415832630111,54.758912129446074,60.51198080089627
A,30,10,120,log,1.5,0.5,1.0,64.57378601055737,0.8701354175735352,40.807783212994394,46.53821676470004
A,30,10,125,log,0.1,0.0,0.0,3.2691452868766353,0.8858476185450893,10.274415103214121,14.864668050238299
A,30,10,125,log,0.1,0.0,0.5,3.2691452868766353,0.8858476185450893,10.274415103214121,14.864668050238299
A,30,10,125,log,0.1,0.0,1.0,3.2691452868766353,0.8858476185450893,10.274415103214121,14.864668050238299
A,30,10,125,log,0.1,0.1,0.0,3.649686017647756,0.8866612587543974,11.346731300156737,16.175853457287605
A,30,10,125,log,0.1,0.1,0.5,3.4372865802280375,0.8865711836195576,10.90598481084179,15.619817097861562
A,30,10,125,log,0.1,0.1,1.0,3.3090583220694123,0.8857114529420078,10.574744711619967,15.172278437922111
A,30,10,125,log,0.1,0.5,0.0,8.586883676853608,0.8879121989991419,18.09970329694511,23.623698341035638
A,30,10,125,log,0.1,0.5,0.5,5.67401665498574,0.8877638960946603,14.738724958899303,20.054062154379142
A,30,10,125,log,0.1,0.5,1.0,3.791917511963832,0.8869620928882329,11.945086285073383,16.731813863501984
A,30,10,125,log,0.5,0.0,0.0,3.408425898557077,0.884615630823839,10.287144510244866,15.019724860435243
A,30,10,125,log,0.5,0.0,0.5,3.408425898557077,0.884615630823839,10.287144510244866,15.019724860435243
A,30,10,125,log,0.5,0.0,1.0,3.408425898557077,0.884615630823839,10.287144510244866,15.019724860435243
A,30,10,125,log,0.5,0.1,0.0,7.866139052102215,0.8868829035761859,17.163152802264698,22.76420261374269
A,30,10,125,log,0.5,0.1,0.5,5.503912449462412,0.8858374231204922,14.27526859822187,19.67434322654143
A,30,10,125,log,0.5,0.1,1.0,3.8982318396052493,0.884877760125403,11.819657966212485,16.761927983519936
A,30,10,125,log,0.5,0.5,0.0,81.35466871228368,0.8873093190270935,42.64377925793694,47.91534186047982
A,30,10,125,log,0.5,0.5,0.5,40.534306737845,0.8865740585832196,34.461079674652964,39.91701925176531
A,30,10,125,log,0.5,0.5,1.0,12.550732986410624,0.8777577797867154,21.653593289716284,27.420560265397718
A,30,10,125,log,1.0,0.0,0.0,3.4409210579391654,0.8842594760327944,10.294089933381331,15.055419390788032
A,30,10,125,log,1.0,0.0,0.5,3.4409210579391654,0.8842594760327944,10.294089933381331,15.055419390788032
A,30,10,125,log,1.0,0.0,1.0,3.4409210579391654,0.8842594760327944,10.294089933381331,15.055419390788032
A,30,10,125,log,1.0,0.1,0.0,17.95160592860058,0.8869570121605299,25.19472798747416,30.83071779012506
A,30,10,125,log,1.0,0.1,0.5,10.266838604549584,0.8858198480664228,19.482174523093516,25.26954112735352
A,30,10,125,log,1.0,0.1,1.0,5.048195583716785,0.8848125144348943,13.773457694069114,19.057424473940895
A,30,10,125,log,1.0,0.5,0.0,256.5752458172577,0.8871512440937595,55.62442152896151,61.39727320950824
A,30,10,125,log,1.0,0.5,0.5,137.44422261246498,0.8850666391195352,48.28610649138286,54.053883349160834
A,30,10,125,log,1.0,0.5,1.0,38.246062289807654,0.8618198015525603,33.47117483904733,39.30779895318235
A,30,10,125,log,1.5,0.0,0.0,3.453400360967521,0.8841768411075644,10.296930461523756,15.068947177210461
A,30,10,125,log,1.5,0.0,0.5,3.453400360967521,0.8841768411075644,10.296930461523756,15.068947177210461
A,30,10,125,log,1.5,0.0,1.0,3.453400360967521,0.8841768411075644,10.296930461523756,15.068947177210461
A,30,10,125,log,1.5,0.1,0.0,33.18341849876252,0.8868988917636319,32.12466126209491,37.54184936472583
A,30,10,125,log,1.5,0.1,0.5,17.452296562211785,0.8857475506795168,24.806703513644756,30.577639528720386
A,30,10,125,log,1.5,0.1,1.0,6.797695750249423,0.8836335218533582,16.0813092828189,21.65553170842302
A,30,10,125,log,1.5,0.5,0.0,472.9011407589579,0.8870978993409995,62.281008637665444,68.46610514075766
A,30,10,125,log,1.5,0.5,0.5,278.2882699286994,0.8835418796485136,56.02696282472986,62.2147338208624
A,30,10,125,log,1.5,0.5,1.0,78.9536844692869,0.8634825175364969,41.710430870891514,47.94029475088922
A,30,10,130,log,0.1,0.0,0.0,3.260814886147557,0.8851309243825227,9.92357305138839,14.524136080027812
A,30,10,130,log,0.1,0.0,0.5,3.260814886147557,0.8851309243825227,9.92357305138839,14.524136080027812
A,30,10,130,log,0.1,0.0,1.0,3.260814886147557,0.8851309243825227,9.92357305138839,14.524136080027812
A,30,10,130,log,0.1,0.1,0.0,3.491878002645168,0.8864005851436136,10.841873306185136,15.639968780518547
A,30,10,130,log,0.1,0.1,0.5,3.326164414852056,0.886202534999561,10.452272045827653,15.141764146163316
A,30,10,130,log,0.1,0.1,1.0,3.2624616466424343,0.8849930147391477,10.192340559134724,14.781136841658348
A,30,10,130,log,0.1,0.5,0.0,7.811468967910599,0.8879173959513056,17.18022081193338,22.683804056330636
A,30,10,130,log,0.1,0.5,0.5,5.18204197147759,0.887599742444418,13.949988730549032,19.21611961546304
A,30,10,130,log,0.1,0.5,1.0,3.5683584501604386,0.8865703721252034,11.366044054807928,16.1036884020794
A,30,10,130,log,0.5,0.0,0.0,3.4043267609987176,0.883699726212595,9.951902521638768,14.687592794011127
A,30,10,130,log,0.5,0.0,0.5,3.4043267609987176,0.883699726212595,9.951902521638768,14.687592794011127
A,30,10,130,log,0.5,0.0,1.0,3.4043267609987176,0.883699726212595,9.951902521638768,14.687592794011127
A,30,10,130,log,0.5,0.1,0.0,7.180586728070206,0.8868662153105704,16.30489499774705,21.87775508143211
A,30,10,130,log,0.5,0.1,0.5,5.056348783763939,0.8858027560032437,13.546307510519512,18.889781945953594
A,30,10,130,log,0.5,0.1,1.0,3.7023392282328396,0.8844621241594366,11.299977217234565,16.19277279347316
A,30,10,130,log,0.5,0.5,0.0,75.84413017560621,0.8874157214483815,41.80614532467431,47.03740175731848
A,30,10,130,log,0.5,0.5,0.5,37.37199352859293,0.8864789724940298,33.46379360242465,38.91924162402141
A,30,10,130,log,0.5,0.5,1.0,11.311276223701118,0.8780074901059572,20.545018550672626,26.339334465700478
A,30,10,130,log,1.0,0.0,0.0,3.4386688281028164,0.8833054213619554,9.961724163365052,14.725021776807452
A,30,10,130,log,1.0,0.0,0.5,3.4386688281028164,0.8833054213619554,9.961724163365052,14.725021776807452
A,30,10,130,log,1.0,0.0,1.0,3.4386688281028164,0.8833054213619554,9.961724163365052,14.725021776807452
A,30,10,130,log,1.0,0.1,0.0,16.438555896795496,0.887033258956891,24.17171565120598,29.83830770442421
A,30,10,130,log,1.0,0.1,0.5,9.352089577950583,0.8856237394604329,18.538817047469998,24.32091251381577
A,30,10,130,log,1.0,0.1,1.0,4.650142994876426,0.8844367160383676,13.084400001435316,18.29897122600649
A,30,10,130,log,1.0,0.5,0.0,243.07246426097853,0.8872573936555493,55.04495151921854,60.74792170066396
A,30,10,130,log,1.0,0.5,0.5,128.81026168600545,0.8850065045043987,47.557037451271455,53.25766909834865
A,30,10,130,log,1.0,0.5,1.0,35.04024964455209,0.8616150249052288,32.404403337312885,38.2237246403101
A,30,10,130,log,1.5,0.0,0.0,3.45201098713927,0.8832120021346102,9.965589613960502,14.739228436797067
A,30,10,130,log,1.5,0.0,0.5,3.45201098713927,0.8832120021346102,9.965589613960502,14.739228436797067
A,30,10,130,log,1.5,0.0,1.0,3.45201098713927,0.8832120021346102,9.965589613960502,14.739228436797067
A,30,10,130,log,1.5,0.1,0.0,30.609491152976155,0.8869788801964186,31.121922542310067,36.562069029459494
A,30,10,130,log,1.5,0.1,0.5,15.954731511351241,0.8855823306756692,23.758849779754193,29.56931525860831
A,30,10,130,log,1.5,0.1,1.0,6.174546262894465,0.883421825405501,15.23520932305507,20.75900067814105
A,30,10,130,log,1.5,0.5,0.0,452.1598932364462,0.8871981460276965,61.82831333731866,67.94790042978391
A,30,10,130,log,1.5,0.5,0.5,263.44059456082493,0.8835439837558287,55.448312053797835,61.56382457533582
A,30,10,130,log,1.5,0.5,1.0,72.76403700195885,0.8633526417784297,40.79602755510311,46.95727997175108
A,30,15,115,log,0.1,0.0,0.0,2.7072409752413464,0.9019467175089092,10.826851685945808,13.954445056462319
A,30,15,115,log,0.1,0.0,0.5,2.7072409752413464,0.9019467175089092,10.826851685945808,13.954445056462319
A,30,15,115,log,0.1,0.0,1.0,2.7072409752413464,0.9019467175089092,10.826851685945808,13.954445056462319
A,30,15,115,log,0.1,0.1,0.0,2.961758823636024,0.9022346252451559,11.553664739772767,15.094214721956906
A,30,15,115,log,0.1,0.1,0.5,2.8095547250371924,0.902388585721004,11.197501816327616,14.572281865696311
A,30,15,115,log,0.1,0.1,1.0,2.710611066999376,0.9019177613041993,10.94206947453016,14.146609528007783
A,30,15,115,log,0.1,0.5,0.0,6.571331013535439,0.9025242504896906,17.486390945209756,22.083449604889818
A,30,15,115,log,0.1,0.5,0.5,4.405940663622379,0.9031420315214309,14.310912810505698,18.61252384038722
A,30,15,115,log,0.1,0.5,1.0,3.0228316451741337,0.9026766164387267,11.852634797530602,15.46498072099152
A,30,15,115,log,0.5,0.0,0.0,2.824217493240705,0.9008488643792093,10.948253834883776,14.151697766892358
A,30,15,115,log,0.5,0.0,0.5,2.824217493240705,0.9008488643792093,10.948253834883776,14.151697766892358
A,30,15,115,log,0.5,0.0,1.0,2.824217493240705,0.9008488643792093,10.948253834883776,14.151697766892358
A,30,15,115,log,0.5,0.1,0.0,6.012566359243614,0.9017648261141631,16.595509608307417,21.21992028456622
A,30,15,115,log,0.5,0.1,0.5,4.263946479930955,0.9013249348363669,13.920535597303763,18.228601063415432
A,30,15,115,log,0.5,0.1,1.0,3.1000201334131345,0.9010901787583429,11.84034568153537,15.51129736051244
A,30,15,115,log,0.5,0.5,0.0,55.650052121562055,0.9018960784461033,40.648134343344005,45.17055821668317
A,30,15,115,log,0.5,0.5,0.5,28.439244538751534,0.9016757172815282,32.800415212997805,37.45061626261321
A,30,15,115,log,0.5,0.5,1.0,9.216326717097786,0.8914800738224251,20.627286612085907,25.485371965169193
A,30,15,115,log,1.0,0.0,0.0,2.8508567243163627,0.9006099563926991,10.976477723493279,14.195233432326825
A,30,15,115,log,1.0,0.0,0.5,2.8508567243163627,0.9006099563926991,10.976477723493279,14.195233432326825
A,30,15,115,log,1.0,0.0,1.0,2.8508567243163627,0.9006099563926991,10.976477723493279,14.195233432326825
A,30,15,115,log,1.0,0.1,0.0,13.186172656148937,0.901636688457011,24.06897293636838,28.8656620190537
A,30,15,115,log,1.0,0.1,0.5,7.641431030743567,0.901226742667524,18.60278508650463,23.459859881258748
A,30,15,115,log,1.0,0.5,0.0,164.44270696534323,0.9017902681506481,53.02347314728924,57.99318039946566
A,30,15,115,log,1.0,0.1,1.0,3.895324818100454,0.9004986579630554,13.42029823012225,17.571695447648345
A,30,15,115,log,1.0,0.5,1.0,26.375244303688977,0.8761045262871315,31.94419475591331,36.80883328306977
A,30,15,115,log,1.0,0.5,0.5,90.40497641871556,0.8999848638040298,45.990843514536465,50.929172009445864
A,30,15,115,log,1.5,0.0,0.5,2.8609645640358186,0.9004792093168922,10.987210193690352,14.211485994164619
A,30,15,115,log,1.5,0.0,0.0,2.8609645640358186,0.9004792093168922,10.987210193690352,14.211485994164619
A,30,15,115,log,1.5,0.1,0.0,23.67139549163591,0.9015859882389383,30.609296703956932,35.25086248460693
A,30,15,115,log,1.5,0.0,1.0,2.8609645640358186,0.9004792093168922,10.987210193690352,14.211485994164619
A,30,15,115,log,1.5,0.1,0.5,12.668533961854052,0.9010881577249634,23.590145358384117,28.498079306883803
A,30,15,115,log,1.5,0.1,1.0,5.131639105465726,0.8988599379019405,15.427986207688704,19.98844136912159
A,30,15,115,log,1.5,0.5,0.0,292.37590401729346,0.9017645478922771,59.382681218850564,64.72305953649716
A,30,15,115,log,1.5,0.5,0.5,176.0526389193638,0.898219152571313,53.3884801096345,58.71547977669176
A,30,15,115,log,1.5,0.5,1.0,52.944238043763164,0.8771789600612439,39.83310191177353,45.07531242187555
A,30,15,120,log,0.1,0.0,0.0,2.9281997228072623,0.8940691103819969,10.566143980871235,14.26469235309904
A,30,15,120,log,0.1,0.0,0.5,2.9281997228072623,0.8940691103819969,10.566143980871235,14.26469235309904
A,30,15,120,log,0.1,0.0,1.0,2.9281997228072623,0.8940691103819969,10.566143980871235,14.26469235309904
A,30,15,120,log,0.1,0.1,0.0,3.244522411603228,0.8945300013655991,11.467929138122443,15.530220135388024
A,30,15,120,log,0.1,0.1,0.5,3.063717140294371,0.894612883069013,11.061964483055723,14.972050092228574
A,30,15,120,log,0.1,0.1,1.0,2.9485742558832264,0.8938390890480894,10.764543014248304,14.520207589710973
A,30,15,120,log,0.1,0.5,0.0,7.4786906695915665,0.8951798864160242,17.846416565395707,22.8464974300861
A,30,15,120,log,0.1,0.5,0.5,4.968183091480066,0.8953775000434755,14.538161193505957,19.284960247770123
A,30,15,120,log,0.1,0.5,1.0,3.3504477899092224,0.8948032091157018,11.911922819000214,16.010171113631458
A,30,15,120,log,0.5,0.0,0.0,3.052762538730581,0.8928901011406349,10.629903556658448,14.433983828078203
A,30,15,120,log,0.5,0.0,0.5,3.052762538730581,0.8928901011406349,10.629903556658448,14.433983828078203
A,30,15,120,log,0.5,0.0,1.0,3.052762538730581,0.8928901011406349,10.629903556658448,14.433983828078203
A,30,15,120,log,0.5,0.1,0.0,6.8448733128898755,0.8943163348862871,16.928538453063616,21.97808663186141
A,30,15,120,log,0.5,0.1,0.5,4.808692333428773,0.8934636383873258,14.107020633351208,18.89339599624845
A,30,15,120,log,0.5,0.1,1.0,3.436907297579541,0.892969291785116,11.841862893017169,16.03748349191514
A,30,15,120,log,0.5,0.5,0.0,67.25834912271243,0.894543064371607,41.712008720074024,46.60006925661446
A,30,15,120,log,0.5,0.5,0.5,33.88943428976376,0.8939991543423303,33.6615701560306,38.704402485480685
A,30,15,120,log,0.5,0.5,1.0,10.725717409902753,0.8844805540415097,21.15595209307988,26.452495451715112
A,30,15,120,log,1.0,0.0,0.0,3.081262477066676,0.8925994135473418,10.64703839877083,14.471922534171142
A,30,15,120,log,1.0,0.0,0.5,3.081262477066676,0.8925994135473418,10.64703839877083,14.471922534171142
A,30,15,120,log,1.0,0.0,1.0,3.081262477066676,0.8925994135473418,10.64703839877083,14.471922534171142
A,30,15,120,log,1.0,0.1,0.0,15.356745001028296,0.8942670435588447,24.702587534404678,29.881441956948713
A,30,15,120,log,1.0,0.1,0.5,8.824031921077063,0.8934281418438912,19.06340671091707,24.349510106915993
A,30,15,120,log,1.0,0.1,1.0,4.401511801558721,0.8925230781619005,13.610689246190486,18.254363265161732
A,30,15,120,log,1.0,0.5,0.0,205.54428566633516,0.8944236546455219,54.3937473937028,59.76124328917168
A,30,15,120,log,1.0,0.5,0.5,111.37927440818581,0.892388319914688,47.18231334420117,52.52926547423317
A,30,15,120,log,1.0,0.5,1.0,31.705877596096837,0.8687087247283675,32.73618750730106,38.07865885971249
A,30,15,120,log,1.5,0.0,0.0,3.0920304394992675,0.8924497747393376,10.653562526051568,14.486091858178941
A,30,15,120,log,1.5,0.0,0.5,3.0920304394992675,0.8924497747393376,10.653562526051568,14.486091858178941
A,30,15,120,log,1.5,0.0,1.0,3.0920304394992675,0.8924497747393376,10.653562526051568,14.486091858178941
A,30,15,120,log,1.5,0.1,0.0,27.995578245683426,0.8942079775426539,31.434114794391313,36.444597876562874
A,30,15,120,log,1.5,0.1,1.0,5.876848836831671,0.8911288240999091,15.773129192339308,20.789202694277513
A,30,15,120,log,1.5,0.1,0.5,14.830172376335607,0.8932902536862217,24.221935174015147,29.542657232758653
A,30,15,120,log,1.5,0.5,0.0,372.2708853489213,0.8943821141143526,60.903515645108925,66.66409059633939
A,30,15,120,log,1.5,0.5,0.5,221.3032317223392,0.8907415832630111,54.758912129446074,60.51198080089627
A,30,15,120,log,1.5,0.5,1.0,64.57378601055737,0.8701354175735352,40.807783212994394,46.53821676470004
A,30,15,125,log,0.1,0.0,0.0,3.264602714261797,0.8859209213497936,10.277884606467875,14.863768854534365
A,30,15,125,log,0.1,0.0,0.5,3.264602714261797,0.8859209213497936,10.277884606467875,14.863768854534365
A,30,15,125,log,0.1,0.0,1.0,3.264602714261797,0.8859209213497936,10.277884606467875,14.863768854534365
A,30,15,125,log,0.1,0.1,0.0,3.6444584070443526,0.8867860109059136,11.36011086357382,16.17936979438615
A,30,15,125,log,0.1,0.1,0.5,3.4297335673286256,0.886764790048507,10.897508854636717,15.609577641036335
A,30,15,125,log,0.1,0.1,1.0,3.3090583220694123,0.8857114529420078,10.574744711619967,15.172278437922111
A,30,15,125,log,0.1,0.5,0.0,8.589161351073546,0.8878562400894452,18.160337152305054,23.656201585562208
A,30,15,125,log,0.1,0.5,0.5,5.67401665498574,0.8877638960946603,14.738724958899303,20.054062154379142
A,30,15,125,log,0.1,0.5,1.0,3.791917511963832,0.8869620928882329,11.945086285073383,16.731813863501984
A,30,15,125,log,0.5,0.0,0.0,3.3987536577019313,0.8846809760521582,10.292280250018392,15.016666836494702
A,30,15,125,log,0.5,0.0,0.5,3.3987536577019313,0.8846809760521582,10.292280250018392,15.016666836494702
A,30,15,125,log,0.5,0.0,1.0,3.3987536577019313,0.8846809760521582,10.292280250018392,15.016666836494702
A,30,15,125,log,0.5,0.1,0.0,7.8695452330482905,0.8869533249000696,17.22490267993088,22.797778060720873
A,30,15,125,log,0.5,0.1,0.5,5.503912449462417,0.8858374231204922,14.275268598221876,19.674343226541435
A,30,15,125,log,0.5,0.1,1.0,3.8982318396052493,0.884877760125403,11.819657966212485,16.761927983519936
A,30,15,125,log,0.5,0.5,0.0,81.51433623928554,0.8872928089602459,42.6984314436837,47.96752800879839
A,30,15,125,log,0.5,0.5,0.5,40.534306737845,0.8865740585832196,34.461079674652964,39.91701925176531
A,30,15,125,log,0.5,0.5,1.0,12.550732986410624,0.8777577797867154,21.653593289716284,27.420560265397718
A,30,15,125,log,1.0,0.0,0.0,3.429638184627131,0.8844348997588508,10.29941999773442,15.051482308882218
A,30,15,125,log,1.0,0.0,0.5,3.429638184627131,0.8844348997588508,10.29941999773442,15.051482308882218
A,30,15,125,log,1.0,0.0,1.0,3.429638184627131,0.8844348997588508,10.29941999773442,15.051482308882218
A,30,15,125,log,1.0,0.1,0.0,17.98020926786446,0.8869941340651906,25.27695223042387,30.886510544737735
A,30,15,125,log,1.0,0.1,0.5,10.266838604549593,0.8858198480664228,19.482174523093526,25.269541127353527
A,30,15,125,log,1.0,0.1,1.0,5.048195583716785,0.8848125144348943,13.773457694069114,19.057424473940895
A,30,15,125,log,1.0,0.5,0.0,257.11341291202183,0.8871561775086306,55.661832707578434,61.43673302054871
A,30,15,125,log,1.0,0.5,0.5,137.44422261246498,0.8850666391195352,48.28610649138286,54.053883349160834
A,30,15,125,log,1.0,0.5,1.0,38.246062289807654,0.8618198015525603,33.47117483904733,39.30779895318235
A,30,15,125,log,1.5,0.0,0.0,3.4414438306425517,0.8843516558663838,10.302206518641828,15.064571699865258
A,30,15,125,log,1.5,0.0,0.5,3.4414438306425517,0.8843516558663838,10.302206518641828,15.064571699865258
A,30,15,125,log,1.5,0.0,1.0,3.4414438306425517,0.8843516558663838,10.302206518641828,15.064571699865258
A,30,15,125,log,1.5,0.1,0.0,33.2466744899526,0.8869335317993521,32.196912319788076,37.60194986801651
A,30,15,125,log,1.5,0.1,0.5,17.452296562211806,0.8857475506795168,24.806703513644774,30.577639528720397
A,30,15,125,log,1.5,0.1,1.0,6.797695750249423,0.8836335218533582,16.0813092828189,21.65553170842302
A,30,15,125,log,1.5,0.5,0.0,473.8297850462012,0.8871154206538947,62.309824580776784,68.49743220506448
A,30,15,125,log,1.5,0.5,0.5,278.2882699286994,0.8835418796485136,56.02696282472986,62.2147338208624
A,30,15,125,log,1.5,0.5,1.0,78.9536844692869,0.8634825175364969,41.710430870891514,47.94029475088922
A,30,15,130,log,0.1,0.0,0.0,3.2557077140455193,0.8852298084334584,9.923440174597047,14.520861003675185
A,30,15,130,log,0.1,0.0,0.5,3.2557077140455193,0.8852298084334584,9.923440174597047,14.520861003675185
A,30,15,130,log,0.1,0.0,1.0,3.2557077140455193,0.8852298084334584,9.923440174597047,14.520861003675185
A,30,15,130,log,0.1,0.1,0.0,3.4869940141808415,0.8865414787487442,10.85238756390137,15.641867436066804
A,30,15,130,log,0.1,0.1,1.0,3.2624616466424343,0.8849930147391477,10.192340559134724,14.781136841658348
A,30,15,130,log,0.1,0.1,0.5,3.320042324496499,0.886404425436577,10.443727589356081,15.132033435531977
A,30,15,130,log,0.1,0.5,0.0,7.811552693284345,0.8879116536275555,17.23464388378027,22.71143112516298
A,30,15,130,log,0.1,0.5,1.0,3.5683584501604386,0.8865703721252034,11.366044054807928,16.1036884020794
A,30,15,130,log,0.1,0.5,0.5,5.18204197147759,0.887599742444418,13.949988730549032,19.21611961546304
A,30,15,130,log,0.5,0.0,0.0,3.3950614676227353,0.8838777151919366,9.953058349734794,14.68273099911465
A,30,15,130,log,0.5,0.0,0.5,3.3950614676227353,0.8838777151919366,9.953058349734794,14.68273099911465
A,30,15,130,log,0.5,0.0,1.0,3.3950614676227353,0.8838777151919366,9.953058349734794,14.68273099911465
A,30,15,130,log,0.5,0.1,0.0,7.1823329802416875,0.8869119155570433,16.359718710226627,21.90639168538697
A,30,15,130,log,0.5,0.1,1.0,3.7023392282328396,0.8844621241594366,11.299977217234565,16.19277279347316
A,30,15,130,log,0.5,0.1,0.5,5.0563487837639505,0.8858027560032437,13.54630751051953,18.88978194595361
A,30,15,130,log,0.5,0.5,0.0,75.98644864347168,0.887411026292454,41.86200450721946,47.08986270422448
A,30,15,130,log,0.5,0.5,0.5,37.37199352859293,0.8864789724940298,33.46379360242465,38.91924162402141
A,30,15,130,log,1.0,0.0,0.0,3.4278539888132213,0.8836282370866944,9.963352251284531,14.719370367240122
A,30,15,130,log,0.5,0.5,1.0,11.311276223701118,0.8780074901059572,20.545018550672626,26.339334465700478
A,30,15,130,log,1.0,0.0,0.5,3.4278539888132213,0.8836282370866944,9.963352251284531,14.719370367240122
A,30,15,130,log,1.0,0.0,1.0,3.4278539888132213,0.8836282370866944,9.963352251284531,14.719370367240122
A,30,15,130,log,1.0,0.1,0.0,16.46240643140697,0.8870776614791049,24.254125909895517,29.890969559704853
A,30,15,130,log,1.0,0.1,0.5,9.352089577950592,0.8856237394604329,18.53881704747,24.320912513815777
A,30,15,130,log,1.0,0.1,1.0,4.650142994876426,0.8844367160383676,13.084400001435316,18.29897122600649
A,30,15,130,log,1.0,0.5,0.0,243.57166797420933,0.8872712205440054,55.08327831767124,60.7879256681196
A,30,15,130,log,1.0,0.5,0.5,128.81026168600545,0.8850065045043987,47.557037451271455,53.25766909834865
A,30,15,130,log,1.0,0.5,1.0,35.04024964455209,0.8616150249052288,32.404403337312885,38.2237246403101
A,30,15,130,log,1.5,0.0,0.0,3.4404667192062943,0.8835268066565799,9.967459477677894,14.733178725986798
A,30,15,130,log,1.5,0.0,0.5,3.4404667192062943,0.8835268066565799,9.967459477677894,14.733178725986798
A,30,15,130,log,1.5,0.0,1.0,3.4404667192062943,0.8835268066565799,9.967459477677894,14.733178725986798
A,30,15,130,log,1.5,0.1,0.0,30.66450216943384,0.8870331077597605,31.196081379214313,36.62111783679366
A,30,15,130,log,1.5,0.1,0.5,15.95473151135126,0.8855823306756692,23.758849779754208,29.56931525860832
A,30,15,130,log,1.5,0.1,1.0,6.174546262894465,0.883421825405501,15.23520932305507,20.75900067814105
A,30,15,130,log,1.5,0.5,0.0,453.03726337421006,0.8872131251793893,61.85783917097284,67.97973633433168
A,30,15,130,log,1.5,0.5,0.5,263.44059456082493,0.8835439837558287,55.448312053797835,61.56382457533582
A,30,15,130,log,1.5,0.5,1.0,72.76403700195885,0.8633526417784297,40.79602755510311,46.95727997175108
A,30,20,115,log,0.1,0.0,0.0,2.687611035146392,0.9022497120116073,10.797926176869135,13.919679080388955
A,30,20,115,log,0.1,0.0,0.5,2.687611035146392,0.9022497120116073,10.797926176869135,13.919679080388955
A,30,20,115,log,0.1,0.0,1.0,2.687611035146392,0.9022497120116073,10.797926176869135,13.919679080388955
A,30,20,115,log,0.1,0.1,0.0,2.9474761784674213,0.9025295041029457,11.521710836671224,15.06220496055117
A,30,20,115,log,0.1,0.1,0.5,2.806486228144988,0.9024068989905899,11.191758759649172,14.561636430809116
A,30,20,115,log,0.1,0.1,1.0,2.710611066999376,0.9019177613041993,10.94206947453016,14.146609528007783
A,30,20,115,log,0.1,0.5,0.0,6.563692294757767,0.9027534907540498,17.45993698496619,22.06303206660139
A,30,20,115,log,0.1,0.5,0.5,4.405940663622379,0.9031420315214309,14.310912810505698,18.61252384038722
A,30,20,115,log,0.1,0.5,1.0,3.0228316451741337,0.9026766164387267,11.852634797530602,15.46498072099152
A,30,20,115,log,0.5,0.0,0.0,2.804867138581569,0.9011701378880475,10.91904518759041,14.113293258105372
A,30,20,115,log,0.5,0.0,1.0,2.804867138581569,0.9011701378880475,10.91904518759041,14.113293258105372
A,30,20,115,log,0.5,0.0,0.5,2.804867138581569,0.9011701378880475,10.91904518759041,14.113293258105372
A,30,20,115,log,0.5,0.1,0.0,5.99876106257309,0.9020127794131263,16.55886885149797,21.190228136207917
A,30,20,115,log,0.5,0.1,0.5,4.263946479930959,0.9013249348363669,13.920535597303768,18.22860106341544
A,30,20,115,log,0.5,0.1,1.0,3.1000201334131345,0.9010901787583429,11.84034568153537,15.51129736051244
A,30,20,115,log,0.5,0.5,0.0,55.59365632900911,0.9020256867632387,40.635375206450036,45.15517099588125
A,30,20,115,log,0.5,0.5,0.5,28.439244538751534,0.9016757172815282,32.800415212997805,37.45061626261321
A,30,20,115,log,0.5,0.5,1.0,9.216326717097786,0.8914800738224251,20.627286612085907,25.485371965169193
A,30,20,115,log,1.0,0.0,0.0,2.8316936714141767,0.9008387326307128,10.94710129469954,14.15601991535963
A,30,20,115,log,1.0,0.0,0.5,2.8316936714141767,0.9008387326307128,10.94710129469954,14.15601991535963
A,30,20,115,log,1.0,0.0,1.0,2.8316936714141767,0.9008387326307128,10.94710129469954,14.15601991535963
A,30,20,115,log,1.0,0.1,0.0,13.16017525366721,0.9018638566616775,24.042731276175196,28.83858934001451
A,30,20,115,log,1.0,0.1,0.5,7.641431030743574,0.901226742667524,18.60278508650464,23.459859881258758
A,30,20,115,log,1.0,0.1,1.0,3.895324818100454,0.9004986579630554,13.42029823012225,17.571695447648345
A,30,20,115,log,1.0,0.5,0.0,164.28706133303217,0.9019252546079585,53.013821607623825,57.980790969675375
A,30,20,115,log,1.0,0.5,0.5,90.40497641871556,0.8999848638040298,45.990843514536465,50.929172009445864
A,30,20,115,log,1.0,0.5,1.0,26.375244303688977,0.8761045262871315,31.94419475591331,36.80883328306977
A,30,20,115,log,1.5,0.0,0.0,2.8419892847203365,0.9007313222662076,10.957901910401073,14.172270407928451
A,30,20,115,log,1.5,0.0,0.5,2.8419892847203365,0.9007313222662076,10.957901910401073,14.172270407928451
A,30,20,115,log,1.5,0.0,1.0,2.8419892847203365,0.9007313222662076,10.957901910401073,14.172270407928451
A,30,20,115,log,1.5,0.1,0.0,23.628697130682816,0.9018030292781622,30.588991579266473,35.22579460394942
A,30,20,115,log,1.5,0.1,0.5,12.668533961854063,0.9010881577249634,23.590145358384124,28.498079306883806
A,30,20,115,log,1.5,0.1,1.0,5.131639105465725,0.8988599379019405,15.427986207688704,19.988441369121585
A,30,20,115,log,1.5,0.5,0.0,292.1229303589298,0.9018926434659633,59.37518186846198,64.71288379476161
A,30,20,115,log,1.5,0.5,0.5,176.0526389193638,0.898219152571313,53.3884801096345,58.71547977669176
A,30,20,115,log,1.5,0.5,1.0,52.944238043763164,0.8771789600612439,39.83310191177353,45.07531242187555
A,30,20,120,log,0.1,0.0,0.0,2.9043608878643625,0.8945217129167938,10.519534837227656,14.220600168171853
A,30,20,120,log,0.1,0.0,0.5,2.9043608878643625,0.8945217129167938,10.519534837227656,14.220600168171853
A,30,20,120,log,0.1,0.0,1.0,2.9043608878643625,0.8945217129167938,10.519534837227656,14.220600168171853
A,30,20,120,log,0.1,0.1,0.0,3.230057306006087,0.8949594246804333,11.42359908476908,15.491236102991383
A,30,20,120,log,0.1,0.1,1.0,2.9485742558832264,0.8938390890480894,10.764543014248304,14.520207589710973
A,30,20,120,log,0.1,0.1,0.5,3.060011010184272,0.8946851727328274,11.051256296063409,14.958092203380442
A,30,20,120,log,0.1,0.5,0.0,7.477714592126827,0.8954201595760972,17.813079053817265,22.821488981926528
A,30,20,120,log,0.1,0.5,0.5,4.968183091480066,0.8953775000434755,14.538161193505957,19.284960247770123
A,30,20,120,log,0.5,0.0,0.0,3.0304750590203353,0.8933188598313098,10.58315332617699,14.387194225998007
A,30,20,120,log,0.1,0.5,1.0,3.3504477899092224,0.8948032091157018,11.911922819000214,16.010171113631458
A,30,20,120,log,0.5,0.0,0.5,3.0304750590203353,0.8933188598313098,10.58315332617699,14.387194225998007
A,30,20,120,log,0.5,0.0,1.0,3.0304750590203353,0.8933188598313098,10.58315332617699,14.387194225998007
A,30,20,120,log,0.5,0.1,0.0,6.834731626822188,0.894549703216955,16.880040174711073,21.94162947069214
A,30,20,120,log,0.5,0.1,0.5,4.8086923334287786,0.8934636383873258,14.107020633351215,18.893395996248458
A,30,20,120,log,0.5,0.1,1.0,3.436907297579541,0.892969291785116,11.841862893017169,16.03748349191514
A,30,20,120,log,0.5,0.5,0.0,67.20444732700932,0.8946925053178478,41.698000372448405,46.582145981725226
A,30,20,120,log,0.5,0.5,0.5,33.88943428976376,0.8939991543423303,33.6615701560306,38.704402485480685
A,30,20,120,log,0.5,0.5,1.0,10.725717409902753,0.8844805540415097,21.15595209307988,26.452495451715112
A,30,20,120,log,1.0,0.0,0.0,3.058947260688062,0.8929866526659687,10.60152839051457,14.424866851305566
A,30,20,120,log,1.0,0.0,0.5,3.058947260688062,0.8929866526659687,10.60152839051457,14.424866851305566
A,30,20,120,log,1.0,0.0,1.0,3.058947260688062,0.8929866526659687,10.60152839051457,14.424866851305566
A,30,20,120,log,1.0,0.1,0.0,15.336572259979821,0.8944895284713027,24.670306337885894,29.84923116766587
A,30,20,120,log,1.0,0.1,0.5,8.82403192107707,0.8934281418438912,19.063406710917075,24.349510106916007
A,30,20,120,log,1.0,0.1,1.0,4.401511801558721,0.8925230781619005,13.610689246190486,18.254363265161725
A,30,20,120,log,1.0,0.5,0.0,205.35164676118694,0.8945594448376374,54.38333536740015,59.747133682959955
A,30,20,120,log,1.0,0.5,0.5,111.37927440818581,0.892388319914688,47.18231334420117,52.52926547423317
A,30,20,120,log,1.0,0.5,1.0,31.705877596096837,0.8687087247283675,32.73618750730106,38.07865885971249
A,30,20,120,log,1.5,0.0,0.0,3.069885351451733,0.8928527243369164,10.609037310748203,14.439230027539441
A,30,20,120,log,1.5,0.0,0.5,3.069885351451733,0.8928527243369164,10.609037310748203,14.439230027539441
A,30,20,120,log,1.5,0.0,1.0,3.069885351451733,0.8928527243369164,10.609037310748203,14.439230027539441
A,30,20,120,log,1.5,0.1,0.0,27.95683806001431,0.8944238280428503,31.411252051002485,36.41515801596729
A,30,20,120,log,1.5,0.1,1.0,5.8768488368316705,0.8911288240999091,15.773129192339308,20.78920269427751
A,30,20,120,log,1.5,0.1,0.5,14.830172376335629,0.8932902536862217,24.22193517401516,29.542657232758664
A,30,20,120,log,1.5,0.5,0.0,371.93141119795695,0.8945251939901885,60.89538813001118,66.65255444713932
A,30,20,120,log,1.5,0.5,0.5,221.3032317223392,0.8907415832630111,54.758912129446074,60.51198080089627
A,30,20,120,log,1.5,0.5,1.0,64.57378601055737,0.8701354175735352,40.807783212994394,46.53821676470004
A,30,20,125,log,0.1,0.0,0.0,3.2392856661632665,0.8864554362250849,10.215558986527835,14.816231506427352
A,30,20,125,log,0.1,0.0,1.0,3.2392856661632665,0.8864554362250849,10.215558986527835,14.816231506427352
A,30,20,125,log,0.1,0.0,0.5,3.2392856661632665,0.8864554362250849,10.215558986527835,14.816231506427352
A,30,20,125,log,0.1,0.1,0.0,3.6293869150197913,0.8871688665189984,11.295477622692575,16.134010417919832
A,30,20,125,log,0.1,0.1,0.5,3.425622869760896,0.8868332057705517,10.878820747519452,15.591136795868318
A,30,20,125,log,0.1,0.1,1.0,3.3090583220694123,0.8857114529420078,10.574744711619967,15.172278437922111
A,30,20,125,log,0.1,0.5,0.0,8.597280870861074,0.8880884351252576,18.12413104712332,23.627513989736443
A,30,20,125,log,0.1,0.5,0.5,5.67401665498574,0.8877638960946603,14.738724958899303,20.054062154379142
A,30,20,125,log,0.1,0.5,1.0,3.791917511963832,0.8869620928882329,11.945086285073383,16.731813863501984
A,30,20,125,log,0.5,0.0,0.0,3.375919810680031,0.8851534970075378,10.23009048004434,14.96677070687573
A,30,20,125,log,0.5,0.0,0.5,3.375919810680031,0.8851534970075378,10.23009048004434,14.96677070687573
A,30,20,125,log,0.5,0.0,1.0,3.375919810680031,0.8851534970075378,10.23009048004434,14.96677070687573
A,30,20,125,log,0.5,0.1,0.0,7.86688200673032,0.8872079488287694,17.17096131124881,22.756300558817664
A,30,20,125,log,0.5,0.1,0.5,5.503912449462423,0.8858374231204922,14.275268598221885,19.674343226541446
A,30,20,125,log,0.5,0.1,1.0,3.8982318396052493,0.884877760125403,11.819657966212485,16.761927983519936
A,30,20,125,log,0.5,0.5,0.0,81.46764320657243,0.8874634472502242,42.6828574809992,47.94760272277182
A,30,20,125,log,0.5,0.5,0.5,40.534306737845,0.8865740585832196,34.461079674652964,39.91701925176531
A,30,20,125,log,0.5,0.5,1.0,12.550732986410624,0.8777577797867154,21.653593289716284,27.420560265397718
A,30,20,125,log,1.0,0.0,0.0,3.407623059011981,0.884891453232961,10.238674743669549,15.001405812956639
A,30,20,125,log,1.0,0.0,0.5,3.407623059011981,0.884891453232961,10.238674743669549,15.001405812956639
A,30,20,125,log,1.0,0.0,1.0,3.407623059011981,0.884891453232961,10.238674743669549,15.001405812956639
A,30,20,125,log,1.0,0.1,0.0,17.970063112056444,0.8872348891219506,25.24018481417669,30.850450106212556
A,30,20,125,log,1.0,0.1,0.5,10.26683860454958,0.8858198480664228,19.482174523093512,25.26954112735352
A,30,20,125,log,1.0,0.1,1.0,5.0481955837167884,0.8848125144348943,13.773457694069123,19.057424473940905
A,30,20,125,log,1.0,0.5,0.0,256.87641786610993,0.8873251188476194,55.650830506517686,61.421222778497906
A,30,20,125,log,1.0,0.5,0.5,137.44422261246498,0.8850666391195352,48.28610649138286,54.053883349160834
A,30,20,125,log,1.0,0.5,1.0,38.246062289807654,0.8618198015525603,33.47117483904733,39.30779895318235
A,30,20,125,log,1.5,0.0,0.0,3.419505897560677,0.88477110839855,10.242405505234014,15.014585901766997
A,30,20,125,log,1.5,0.0,0.5,3.419505897560677,0.88477110839855,10.242405505234014,15.014585901766997
A,30,20,125,log,1.5,0.0,1.0,3.419505897560677,0.88477110839855,10.242405505234014,15.014585901766997
A,30,20,125,log,1.5,0.1,0.0,33.21572860108769,0.8871782255393177,32.17116068721619,37.56892187039233
A,30,20,125,log,1.5,0.1,0.5,17.452296562211806,0.8857475506795168,24.80670351364477,30.577639528720397
A,30,20,125,log,1.5,0.1,1.0,6.79769575024943,0.8836335218533582,16.081309282818903,21.65553170842303
A,30,20,125,log,1.5,0.5,0.0,473.38249610207083,0.8872889984129936,62.30125067915903,68.48484251017643
A,30,20,125,log,1.5,0.5,0.5,278.2882699286994,0.8835418796485136,56.02696282472986,62.2147338208624
A,30,20,125,log,1.5,0.5,1.0,78.9536844692869,0.8634825175364969,41.710430870891514,47.94029475088922
A,30,20,130,log,0.1,0.0,0.0,3.2265716183243542,0.8859216834638453,9.868359185236448,14.476074678903942
A,30,20,130,log,0.1,0.0,0.5,3.2265716183243542,0.8859216834638453,9.868359185236448,14.476074678903942
A,30,20,130,log,0.1,0.0,1.0,3.2265716183243542,0.8859216834638453,9.868359185236448,14.476074678903942
A,30,20,130,log,0.1,0.1,0.0,3.4696273476074992,0.8870260450595051,10.78988863108469,15.597484062300769
A,30,20,130,log,0.1,0.1,0.5,3.312607113287369,0.8865700683465987,10.419887809781134,15.109156683731788
A,30,20,130,log,0.1,0.1,1.0,3.2624616466424343,0.8849930147391477,10.192340559134724,14.781136841658348
A,30,20,130,log,0.1,0.5,0.0,7.819717798004139,0.8882108143907892,17.193249927413554,22.681728169188215
A,30,20,130,log,0.1,0.5,0.5,5.18204197147759,0.887599742444418,13.949988730549032,19.21611961546304
A,30,20,130,log,0.5,0.0,0.0,3.367731203214073,0.8846365189325777,9.899206498764222,14.63586182288355
A,30,20,130,log,0.1,0.5,1.0,3.5683584501604386,0.8865703721252034,11.366044054807928,16.1036884020794
A,30,20,130,log,0.5,0.0,0.5,3.367731203214073,0.8846365189325777,9.899206498764222,14.63586182288355
A,30,20,130,log,0.5,0.0,1.0,3.367731203214073,0.8846365189325777,9.899206498764222,14.63586182288355
A,30,20,130,log,0.5,0.1,0.0,7.180251730141613,0.8872064623439059,16.300641937350097,21.863621132932327
A,30,20,130,log,0.5,0.1,0.5,5.056348783763957,0.8858027560032437,13.546307510519537,18.889781945953622
A,30,20,130,log,0.5,0.1,1.0,3.7023392282328396,0.8844621241594366,11.299977217234565,16.19277279347316
A,30,20,130,log,0.5,0.5,0.0,75.94266140170004,0.8876103044127627,41.84607538952042,47.06875950595963
A,30,20,130,log,0.5,0.5,0.5,37.37199352859293,0.8864789724940298,33.46379360242465,38.91924162402141
A,30,20,130,log,0.5,0.5,1.0,11.311276223701118,0.8780074901059572,20.545018550672626,26.339334465700478
A,30,20,130,log,1.0,0.0,0.0,3.4001750496496315,0.8842621918124882,9.910177041090595,14.672097244442904
A,30,20,130,log,1.0,0.0,0.5,3.4001750496496315,0.8842621918124882,9.910177041090595,14.672097244442904
A,30,20,130,log,1.0,0.0,1.0,3.4001750496496315,0.8842621918124882,9.910177041090595,14.672097244442904
A,30,20,130,log,1.0,0.1,0.0,16.45389024200853,0.8873532898059293,24.21342550280418,29.852764816184525
A,30,20,130,log,1.0,0.1,0.5,9.35208957795059,0.8856237394604329,18.53881704747,24.320912513815777
A,30,20,130,log,1.0,0.1,1.0,4.6501429948764255,0.8844367160383676,13.084400001435313,18.29897122600649
A,30,20,130,log,1.0,0.5,0.0,243.3317254844821,0.8874607498025066,55.0716753420845,60.77146667354248
A,30,20,130,log,1.0,0.5,0.5,128.81026168600545,0.8850065045043987,47.557037451271455,53.25766909834865
A,30,20,130,log,1.0,0.5,1.0,35.04024964455209,0.8616150249052288,32.404403337312885,38.2237246403101
A,30,20,130,log,1.5,0.0,0.0,3.4126363268649533,0.8841707290265368,9.91467132078198,14.685888488254653
A,30,20,130,log,1.5,0.0,0.5,3.4126363268649533,0.8841707290265368,9.91467132078198,14.685888488254653
A,30,20,130,log,1.5,0.0,1.0,3.4126363268649533,0.8841707290265368,9.91467132078198,14.685888488254653
A,30,20,130,log,1.5,0.1,0.0,30.636088653887306,0.887294306171083,31.165379820814884,36.585992685340045
A,30,20,130,log,1.5,0.1,0.5,15.954731511351259,0.8855823306756692,23.758849779754208,29.56931525860832
A,30,20,130,log,1.5,0.1,1.0,6.174546262894465,0.883421825405501,15.23520932305507,20.75900067814105
A,30,20,130,log,1.5,0.5,0.0,452.5764696514525,0.8874184889417993,61.84879866264562,67.9663546765437
A,30,20,130,log,1.5,0.5,0.5,263.44059456082493,0.8835439837558287,55.448312053797835,61.56382457533582
A,30,20,130,log,1.5,0.5,1.0,72.76403700195885,0.8633526417784297,40.79602755510311,46.95727997175108
B,15,10,115,log,0.1,0.0,0.0,4.642492775004521,0.8775666626924921,13.456262448726482,17.175313934490315
B,15,10,115,log,0.1,0.0,0.5,4.642492775004521,0.8775666626924921,13.456262448726482,17.175313934490315
B,15,10,115,log,0.1,0.0,1.0,4.642492775004521,0.8775666626924921,13.456262448726482,17.175313934490315
B,15,10,115,log,0.1,0.1,0.0,4.994554451104982,0.8781589940373241,14.240365123374223,18.34905546669439
B,15,10,115,log,0.1,0.1,0.5,4.7907661402669035,0.8783509039821669,13.916925793211343,17.851083466166138
B,15,10,115,log,0.1,0.1,1.0,4.648960434882122,0.878314584726916,13.635261636090352,17.398617679011654
B,15,10,115,log,0.1,0.5,0.0,9.969389366554465,0.8789263361180734,19.714902592466622,24.951905271158317
B,15,10,115,log,0.1,0.5,0.5,6.951611916092849,0.87888576287554,16.93340563451436,21.72304948015023
B,15,10,115,log,0.5,0.0,0.0,4.806777631368537,0.8769245047504057,13.510645260084004,17.32314265712949
B,15,10,115,log,0.1,0.5,1.0,5.093415595619962,0.8772864551262913,14.757438479539127,18.831689703575822
B,15,10,115,log,0.5,0.0,0.5,4.806777631368537,0.8769245047504057,13.510645260084004,17.32314265712949
B,15,10,115,log,0.5,0.0,1.0,4.806777631368537,0.8769245047504057,13.510645260084004,17.32314265712949
B,15,10,115,log,0.5,0.1,0.0,9.201208218029976,0.8782740765711956,18.82816296268866,24.081622225281382
B,15,10,115,log,0.5,0.1,0.5,6.733570962191355,0.8782878079958476,16.484410613304387,21.2773179093556
B,15,10,115,log,0.5,0.5,0.0,71.70037843406377,0.8788397345876717,42.15374124835194,47.2169635457028
B,15,10,115,log,0.5,0.1,1.0,5.1617257685148275,0.8771174991272292,14.625933625081913,18.75419536925701
B,15,10,115,log,0.5,0.5,1.0,13.255519595975509,0.8555149912848089,22.277531743103744,27.9727858542035
B,15,10,115,log,0.5,0.5,0.5,37.22115783775356,0.875387881836468,34.082189832420354,39.411607974174615
B,15,10,115,log,1.0,0.0,0.5,4.841928383762194,0.876772133211783,13.521569741071186,17.352188467483586
B,15,10,115,log,1.0,0.0,0.0,4.841928383762194,0.876772133211783,13.521569741071186,17.352188467483586
B,15,10,115,log,1.0,0.1,0.0,18.580248794697567,0.8784066558008089,25.722333865161268,31.2594981623997
B,15,10,115,log,1.0,0.0,1.0,4.841928383762194,0.876772133211783,13.521569741071186,17.352188467483586
B,15,10,115,log,1.0,0.1,0.5,11.098304008675916,0.8779549302875175,20.70175565847473,26.098861149831247
B,15,10,115,log,1.0,0.1,1.0,6.252007440485883,0.8739905432329882,16.243543217692444,20.796067116377166
B,15,10,115,log,1.0,0.5,0.0,199.85075562326443,0.8787941009386842,54.9544502830736,60.054756129196356
B,15,10,115,log,1.0,0.5,0.5,110.61573304654556,0.8705779570718313,47.44849010504087,52.66270601765045
B,15,10,115,log,1.0,0.5,1.0,32.94843828194347,0.8489502945353037,31.664937263050923,37.54848432658819
B,15,10,115,log,1.5,0.0,0.0,4.85472679278206,0.8767089718191234,13.525445085561913,17.36261466308024
B,15,10,115,log,1.5,0.0,0.5,4.85472679278206,0.8767089718191234,13.525445085561913,17.36261466308024
B,15,10,115,log,1.5,0.0,1.0,4.85472679278206,0.8767089718191234,13.525445085561913,17.36261466308024
B,15,10,115,log,1.5,0.1,0.0,31.879159135490625,0.8784315880613386,31.99756244510068,37.39004777799778
B,15,10,115,log,1.5,0.1,0.5,17.43780794025915,0.8772015605772208,25.26072533313958,30.790573030087
B,15,10,115,log,1.5,0.5,0.0,345.8917378829563,0.8787691833298797,61.534679458684494,66.84763997158896
B,15,10,115,log,1.5,0.1,1.0,7.90639748835747,0.8687747311495901,18.072548675608598,23.089372175829318
B,15,10,115,log,1.5,0.5,1.0,64.50948917210965,0.8410357371095042,39.55836825230591,45.4119116667854
B,15,10,115,log,1.5,0.5,0.5,208.1309819793721,0.8663696839945839,55.05699952324619,60.44860698206742
B,15,10,120,log,0.1,0.0,0.0,5.23651983542381,0.8694096586196294,13.221229692761673,17.67208087905179
B,15,10,120,log,0.1,0.0,0.5,5.23651983542381,0.8694096586196294,13.221229692761673,17.67208087905179
B,15,10,120,log,0.1,0.0,1.0,5.23651983542381,0.8694096586196294,13.221229692761673,17.67208087905179
B,15,10,120,log,0.1,0.1,0.0,5.679109541321163,0.8702815528102675,14.17634248605793,18.957179630512552
B,15,10,120,log,0.1,0.1,1.0,5.254099830209364,0.8701827543594074,13.45253479835913,17.930817953096795
B,15,10,120,log,0.1,0.1,0.5,5.4312959543631605,0.8703042227589011,13.797083861404499,18.42175396277748
B,15,10,120,log,0.1,0.5,0.0,11.666272266729754,0.8714070273529032,20.097904817732815,25.87200799777934
B,15,10,120,log,0.1,0.5,0.5,8.0399706072314,0.8712336089346489,17.157639563227605,22.533744320468305
B,15,10,120,log,0.1,0.5,1.0,5.803176383928955,0.869466584156213,14.772049071826768,19.502010970763095
B,15,10,120,log,0.5,0.0,0.0,5.423975710792738,0.8684360888136966,13.215614361520593,17.79791023848082
B,15,10,120,log,0.5,0.0,0.5,5.423975710792738,0.8684360888136966,13.215614361520593,17.79791023848082
B,15,10,120,log,0.5,0.0,1.0,5.423975710792738,0.8684360888136966,13.215614361520593,17.79791023848082
B,15,10,120,log,0.5,0.1,0.0,10.772493805414175,0.8706218355830938,19.167910224635833,24.993945687346077
B,15,10,120,log,0.5,0.1,0.5,7.785201645385593,0.8705230348870432,16.642287847523892,22.06527548330508
B,15,10,120,log,0.5,0.5,0.0,88.58061499402496,0.8713284535000442,43.341103917959714,48.81220351892502
B,15,10,120,log,0.5,0.1,1.0,5.879815273007849,0.8690147313405058,14.567948530979518,19.39555518252834
B,15,10,120,log,0.5,0.5,0.5,45.27100884446038,0.867941685230716,35.03696639824167,40.79643601061826
B,15,10,120,log,0.5,0.5,1.0,15.81363800454029,0.8479665278144264,22.862111472331904,29.078569067013472
B,15,10,120,log,1.0,0.0,0.0,5.462063823105745,0.8682661185197788,13.214873801134132,17.821958221474283
B,15,10,120,log,1.0,0.0,0.5,5.462063823105745,0.8682661185197788,13.214873801134132,17.821958221474283
B,15,10,120,log,1.0,0.0,1.0,5.462063823105745,0.8682661185197788,13.214873801134132,17.821958221474283
B,15,10,120,log,1.0,0.1,0.0,22.230138528939268,0.8708474929248166,26.406503905810773,32.42646829339846
B,15,10,120,log,1.0,0.1,0.5,13.104122576880613,0.8702786663451111,21.164013183167793,27.101017766822384
B,15,10,120,log,1.0,0.1,1.0,7.20036786442396,0.8662225750540398,16.361070498198362,21.56911177545134
B,15,10,120,log,1.0,0.5,0.0,254.1649570544724,0.8712745481621115,56.49552297782905,62.010959814391455
B,15,10,120,log,1.0,0.5,0.5,138.51324206012754,0.8633153264160104,48.76974200029885,54.409947210777815
B,15,10,120,log,1.5,0.0,0.0,5.476074904991142,0.8681609668808619,13.214432216143013,17.830442527516173
B,15,10,120,log,1.0,0.5,1.0,40.18603569612425,0.8416982787111827,32.5211503621602,38.88446709271995
B,15,10,120,log,1.5,0.0,0.5,5.476074904991142,0.8681609668808619,13.214432216143013,17.830442527516173
B,15,10,120,log,1.5,0.0,1.0,5.476074904991142,0.8681609668808619,13.214432216143013,17.830442527516173
B,15,10,120,log,1.5,0.1,0.0,38.659401089130675,0.870874983762449,32.90741799939673,38.738580079335556
B,15,10,120,log,1.5,0.1,0.5,20.847148880046262,0.8696328601839305,25.938543145124914,31.949453878457383
B,15,10,120,log,1.5,0.5,0.0,447.1246655888425,0.87124313484293,63.250918275412765,68.99263951874529
B,15,10,120,log,1.5,0.1,1.0,9.223385343177508,0.8614008653342331,18.34768985060864,23.977317113489825
B,15,10,120,log,1.5,0.5,0.5,265.32502468541435,0.8593051647026074,56.58576019177515,62.41038958624129
B,15,10,120,log,1.5,0.5,1.0,79.92717212183481,0.8342760115207299,40.58832469370429,46.932084670791696
B,15,10,125,log,0.1,0.0,0.0,6.0099382717206655,0.8600497019799566,12.938614589244725,18.418238633002225
B,15,10,125,log,0.1,0.0,0.5,6.0099382717206655,0.8600497019799566,12.938614589244725,18.418238633002225
B,15,10,125,log,0.1,0.0,1.0,6.0099382717206655,0.8600497019799566,12.938614589244725,18.418238633002225
B,15,10,125,log,0.1,0.1,0.0,6.549180293035825,0.8614671471023323,14.059322214071859,19.75660725715976
B,15,10,125,log,0.1,0.1,1.0,6.025572006503919,0.8609164378706587,13.223832718930987,18.69777895615716
B,15,10,125,log,0.1,0.1,0.5,6.244586645573472,0.8613420502631237,13.62285249876104,19.203824900086147
B,15,10,125,log,0.1,0.5,0.0,13.72217666415689,0.8632220109170557,20.42052380690517,26.83923143525912
B,15,10,125,log,0.1,0.5,0.5,9.382073776537942,0.8627929487512077,17.32136731794419,23.43653431872871
B,15,10,125,log,0.1,0.5,1.0,6.700304930814855,0.8606485222296436,14.726890105254558,20.33999485392685
B,15,10,125,log,0.5,0.0,0.0,6.216745417375643,0.8591167696731287,12.877916945375386,18.531880240476653
B,15,10,125,log,0.5,0.0,0.5,6.216745417375643,0.8591167696731287,12.877916945375386,18.531880240476653
B,15,10,125,log,0.5,0.0,1.0,6.216745417375643,0.8591167696731287,12.877916945375386,18.531880240476653
B,15,10,125,log,0.5,0.1,0.0,12.686794696521243,0.8623132682766876,19.443058037257856,25.967119616853147
B,15,10,125,log,0.5,0.1,0.5,9.093309740768575,0.8619437123284985,16.74484580842256,22.967003274219103
B,15,10,125,log,0.5,0.1,1.0,6.793034842586346,0.8601288173501193,14.457053267782934,20.22410587264093
B,15,10,125,log,0.5,0.5,0.0,109.55567994074924,0.863250068470123,44.453801595472314,50.346532298855806
B,15,10,125,log,0.5,0.5,0.5,55.18044644155194,0.8601035610098645,35.928968329998526,42.138299455005225
B,15,10,125,log,0.5,0.5,1.0,18.956250282242387,0.840571392323173,23.37770059721071,30.195933354850848
B,15,10,125,log,1.0,0.0,0.0,6.259256568788757,0.8589399166614301,12.867154559933685,18.553769857484898
B,15,10,125,log,1.0,0.0,0.5,6.259256568788757,0.8589399166614301,12.867154559933685,18.553769857484898
B,15,10,125,log,1.0,0.0,1.0,6.259256568788757,0.8589399166614301,12.867154559933685,18.553769857484898
B,15,10,125,log,1.0,0.1,0.0,26.67314175251827,0.8627085964097342,27.02498889340361,33.58604135549669
B,15,10,125,log,1.0,0.1,1.0,8.39011980980168,0.8578333862035651,16.413574622821812,22.469421137198438
B,15,10,125,log,1.0,0.1,0.5,15.543734601134975,0.862085481501139,21.56721346872491,28.135421191256672
B,15,10,125,log,1.0,0.5,0.0,323.1777954491389,0.8632022548734044,57.93965944812406,63.87992984270318
B,15,10,125,log,1.0,0.5,0.5,173.58207921741297,0.8558054115307054,50.00843250192308,56.08534175071806
B,15,10,125,log,1.0,0.5,1.0,49.149075398451686,0.8346275019097439,33.330080177908975,40.1828757862604
B,15,10,125,log,1.5,0.0,0.0,6.274930722640904,0.8589278051890916,12.8628205391792,18.561382557752534
B,15,10,125,log,1.5,0.0,0.5,6.274930722640904,0.8589278051890916,12.8628205391792,18.561382557752534
B,15,10,125,log,1.5,0.0,1.0,6.274930722640904,0.8589278051890916,12.8628205391792,18.561382557752534
B,15,10,125,log,1.5,0.1,0.0,46.97329420326916,0.8627509205249269,33.75065168433544,40.05136630717322
B,15,10,125,log,1.5,0.1,0.5,25.00551731210131,0.8615898886741611,26.549878358816407,33.1002537580388
B,15,10,125,log,1.5,0.1,1.0,10.840606325328688,0.8535184701442112,18.55774378461986,24.941667171320194
B,15,10,125,log,1.5,0.5,0.0,577.4189201858474,0.8631682532472551,64.85820434121175,71.03698292758784
B,15,10,125,log,1.5,0.5,0.5,338.18504991380496,0.8520812956518002,58.01791631433408,64.28455092013138
B,15,10,125,log,1.5,0.5,1.0,99.21848712289544,0.8276401140948156,41.55566697298549,48.39841346736106
B,15,10,130,log,0.1,0.0,0.5,6.048827566905009,0.8590338769708638,12.508504952012139,18.011395958708853
B,15,10,130,log,0.1,0.0,0.0,6.048827566905009,0.8590338769708638,12.508504952012139,18.011395958708853
B,15,10,130,log,0.1,0.0,1.0,6.048827566905009,0.8590338769708638,12.508504952012139,18.011395958708853
B,15,10,130,log,0.1,0.1,0.0,6.351854290687598,0.8608404360658435,13.500096701815417,19.184994048599332
B,15,10,130,log,0.1,0.1,1.0,6.000103729011604,0.8602234439319867,12.756095499825808,18.24253537439801
B,15,10,130,log,0.1,0.1,0.5,6.127922474311995,0.860536094248727,13.106834551551781,18.686830823628306
B,15,10,130,log,0.1,0.5,0.0,12.598411170118085,0.8630642156988351,19.442278303330955,25.89085878777173
B,15,10,130,log,0.1,0.5,0.5,8.684583444899593,0.8625578731670677,16.492859530943157,22.59295709714823
B,15,10,130,log,0.1,0.5,1.0,6.420391049251125,0.8602247134501019,14.114191668063444,19.693059373074497
B,15,10,130,log,0.5,0.0,0.0,6.235419750472939,0.8580147026137134,12.471803198350713,18.135633676598047
B,15,10,130,log,0.5,0.0,0.5,6.235419750472939,0.8580147026137134,12.471803198350713,18.135633676598047
B,15,10,130,log,0.5,0.0,1.0,6.235419750472939,0.8580147026137134,12.471803198350713,18.135633676598047
B,15,10,130,log,0.5,0.1,0.0,11.696055112473786,0.8620647079414203,18.542246154504767,25.079321428701153
B,15,10,130,log,0.5,0.1,0.5,8.472323484134062,0.861672711820602,15.991400787524762,22.187172820957343
B,15,10,130,log,0.5,0.1,1.0,6.532541677999101,0.859695990319574,13.89317875724868,19.622148918727177
B,15,10,130,log,0.5,0.5,0.0,102.38706112299903,0.8632426326085669,43.47114030510927,49.390982111899305
B,15,10,130,log,0.5,0.5,0.5,50.94488037282997,0.8601747470234052,34.78115043883078,41.06773081315616
B,15,10,130,log,0.5,0.5,1.0,17.354573383779922,0.8405339325550765,22.367673012557997,29.236026310051045
B,15,10,130,log,1.0,0.0,0.0,6.27325344350339,0.8577266084194901,12.46498409371539,18.15967789662699
B,15,10,130,log,1.0,0.0,0.5,6.27325344350339,0.8577266084194901,12.46498409371539,18.15967789662699
B,15,10,130,log,1.0,0.0,1.0,6.27325344350339,0.8577266084194901,12.46498409371539,18.15967789662699
B,15,10,130,log,1.0,0.1,0.0,24.575157548466454,0.8626227793596195,25.924932555321373,32.56670382819566
B,15,10,130,log,1.0,0.1,1.0,7.858788360466788,0.8573770225475791,15.714860951080391,21.71735366425034
B,15,10,130,log,1.0,0.1,0.5,14.261238263607012,0.8619521333834813,20.569427119290758,27.17512935565849
B,15,10,130,log,1.0,0.5,0.0,306.4159625894548,0.8631809901475638,57.25436018359553,63.15373061363524
B,15,10,130,log,1.0,0.5,0.5,162.60285656351815,0.8560258568479039,49.132301270030815,55.18671063524628
B,15,10,130,log,1.0,0.5,1.0,45.04201353413963,0.8349462040925164,32.09478610406525,39.054617439983936
B,15,10,130,log,1.5,0.0,0.0,6.2872365471537615,0.8577158534879004,12.462053689687218,18.168150553253803
B,15,10,130,log,1.5,0.0,0.5,6.2872365471537615,0.8577158534879004,12.462053689687218,18.168150553253803
B,15,10,130,log,1.5,0.0,1.0,6.2872365471537615,0.8577158534879004,12.462053689687218,18.168150553253803
B,15,10,130,log,1.5,0.1,0.0,43.50487284276116,0.8627166292964187,32.63233307084956,39.02053584450421
B,15,10,130,log,1.5,0.1,0.5,22.94917695709871,0.8615404175950019,25.425463457243136,32.05943797962931
B,15,10,130,log,1.5,0.1,1.0,10.000778788102796,0.853475361131349,17.75100571005992,24.086400933626635
B,15,10,130,log,1.5,0.5,0.0,552.1338328651964,0.863145211238284,64.32407667524377,70.45343390689165
B,15,10,130,log,1.5,0.5,1.0,91.64350274854664,0.8282975611064284,40.42946618380311,47.30211012604171
B,15,10,130,log,1.5,0.5,0.5,319.78583691256165,0.8524547535904847,57.32087823845037,63.538757570311056
B,15,15,115,log,0.1,0.0,0.5,4.6459231093964135,0.8775716820944766,13.452127661884017,17.178985173046637
B,15,15,115,log,0.1,0.0,0.0,4.6459231093964135,0.8775716820944766,13.452127661884017,17.178985173046637
B,15,15,115,log,0.1,0.0,1.0,4.6459231093964135,0.8775716820944766,13.452127661884017,17.178985173046637
B,15,15,115,log,0.1,0.1,0.0,4.993798030575183,0.878045341437795,14.245917180428032,18.353562893847506
B,15,15,115,log,0.1,0.1,1.0,4.648960434882122,0.878314584726916,13.635261636090352,17.398617679011654
B,15,15,115,log,0.1,0.1,0.5,4.791774860050888,0.8783075607853549,13.91757941749266,17.85350981801095
B,15,15,115,log,0.1,0.5,0.0,9.956132216747461,0.8788576278210884,19.73007691050312,24.96017757286445
B,15,15,115,log,0.1,0.5,0.5,6.951611916092849,0.87888576287554,16.93340563451436,21.72304948015023
B,15,15,115,log,0.1,0.5,1.0,5.093415595619962,0.8772864551262913,14.757438479539127,18.831689703575822
B,15,15,115,log,0.5,0.0,0.0,4.8124231864864795,0.8767885913607438,13.510310742154422,17.331025462539667
B,15,15,115,log,0.5,0.0,0.5,4.8124231864864795,0.8767885913607438,13.510310742154422,17.331025462539667
B,15,15,115,log,0.5,0.0,1.0,4.8124231864864795,0.8767885913607438,13.510310742154422,17.331025462539667
B,15,15,115,log,0.5,0.1,0.0,9.197423407145056,0.8781481296947578,18.84409552823641,24.093040949445673
B,15,15,115,log,0.5,0.1,0.5,6.733570962191367,0.8782878079958476,16.484410613304398,21.27731790935561
B,15,15,115,log,0.5,0.1,1.0,5.1617257685148275,0.8771174991272292,14.625933625081913,18.75419536925701
B,15,15,115,log,0.5,0.5,0.0,71.73224897363477,0.8787614880351752,42.186103401101434,47.23983463765007
B,15,15,115,log,0.5,0.5,0.5,37.22115783775356,0.875387881836468,34.082189832420354,39.411607974174615
B,15,15,115,log,0.5,0.5,1.0,13.255519595975509,0.8555149912848089,22.277531743103744,27.9727858542035
B,15,15,115,log,1.0,0.0,0.0,4.848399599122912,0.8766090513267162,13.52257582332183,17.360983088371643
B,15,15,115,log,1.0,0.0,0.5,4.848399599122912,0.8766090513267162,13.52257582332183,17.360983088371643
B,15,15,115,log,1.0,0.0,1.0,4.848399599122912,0.8766090513267162,13.52257582332183,17.360983088371643
B,15,15,115,log,1.0,0.1,0.0,18.581592692603188,0.8783002895800653,25.739402864620406,31.273952143741337
B,15,15,115,log,1.0,0.1,0.5,11.098304008675916,0.8779549302875175,20.70175565847473,26.098861149831254
B,15,15,115,log,1.0,0.1,1.0,6.252007440485885,0.8739905432329882,16.24354321769245,20.79606711637717
B,15,15,115,log,1.0,0.5,0.0,199.97839377592408,0.8787335535403578,54.97791652683823,60.07506305075276
B,15,15,115,log,1.0,0.5,0.5,110.61573304654556,0.8705779570718313,47.44849010504087,52.66270601765045
B,15,15,115,log,1.0,0.5,1.0,32.94843828194347,0.8489502945353037,31.664937263050923,37.54848432658819
B,15,15,115,log,1.5,0.0,0.0,4.861812385201222,0.8765906763331064,13.526893352256945,17.37178586082977
B,15,15,115,log,1.5,0.0,0.5,4.861812385201222,0.8765906763331064,13.526893352256945,17.37178586082977
B,15,15,115,log,1.5,0.0,1.0,4.861812385201222,0.8765906763331064,13.526893352256945,17.37178586082977
B,15,15,115,log,1.5,0.1,0.0,31.89517541225012,0.8783395205714095,32.02872310556184,37.41003256994113
B,15,15,115,log,1.5,0.1,0.5,17.437807940259166,0.8772015605772208,25.260725333139582,30.790573030087
B,15,15,115,log,1.5,0.1,1.0,7.906397488357472,0.8687747311495901,18.072548675608594,23.089372175829318
B,15,15,115,log,1.5,0.5,0.0,346.1215845462558,0.8787151891636171,61.55299978846468,66.86460294198048
B,15,15,115,log,1.5,0.5,0.5,208.1309819793721,0.8663696839945839,55.05699952324619,60.44860698206742
B,15,15,115,log,1.5,0.5,1.0,64.50948917210965,0.8410357371095042,39.55836825230591,45.4119116667854
B,15,15,120,log,0.1,0.0,0.0,5.244636836606181,0.8692862461199281,13.221004754720846,17.676105493956445
B,15,15,120,log,0.1,0.0,0.5,5.244636836606181,0.8692862461199281,13.221004754720846,17.676105493956445
B,15,15,120,log,0.1,0.0,1.0,5.244636836606181,0.8692862461199281,13.221004754720846,17.676105493956445
B,15,15,120,log,0.1,0.1,0.0,5.678309555550266,0.8702658341149917,14.185570986289,18.96314696552373
B,15,15,120,log,0.1,0.1,0.5,5.432914705968395,0.87029874430345,13.800688471679038,18.42570640391532
B,15,15,120,log,0.1,0.1,1.0,5.254958734363583,0.8701841015714906,13.45319548248168,17.931985453913647
B,15,15,120,log,0.1,0.5,0.0,11.65089563826701,0.8713121337069735,20.115025714666483,25.882291483449286
B,15,15,120,log,0.1,0.5,0.5,8.0399706072314,0.8712336089346489,17.157639563227605,22.533744320468305
B,15,15,120,log,0.1,0.5,1.0,5.803176383928955,0.869466584156213,14.772049071826768,19.502010970763095
B,15,15,120,log,0.5,0.0,0.0,5.431229603500615,0.8684087699035619,13.217138897881403,17.805645213538927
B,15,15,120,log,0.5,0.0,0.5,5.431229603500615,0.8684087699035619,13.217138897881403,17.805645213538927
B,15,15,120,log,0.5,0.0,1.0,5.431229603500615,0.8684087699035619,13.217138897881403,17.805645213538927
B,15,15,120,log,0.5,0.1,0.0,10.769103053275098,0.8705333902342156,19.18741031802698,25.00792723275003
B,15,15,120,log,0.5,0.1,0.5,7.785201645385618,0.8705230348870432,16.64228784752391,22.065275483305104
B,15,15,120,log,0.5,0.1,1.0,5.879815273007849,0.8690147313405058,14.567948530979518,19.39555518252834
B,15,15,120,log,0.5,0.5,0.0,88.6188795282891,0.8712718883370991,43.37498862644795,48.83639820649106
B,15,15,120,log,0.5,0.5,0.5,45.27100884446038,0.867941685230716,35.03696639824167,40.79643601061826
B,15,15,120,log,0.5,0.5,1.0,15.81363800454029,0.8479665278144264,22.862111472331904,29.078569067013472
B,15,15,120,log,1.0,0.0,0.5,5.471612491099473,0.8682649053360489,13.217567247852937,17.83115298457815
B,15,15,120,log,1.0,0.0,0.0,5.471612491099473,0.8682649053360489,13.217567247852937,17.83115298457815
B,15,15,120,log,1.0,0.1,0.0,22.23171459655652,0.8707829144477603,26.429016144274705,32.44332866397497
B,15,15,120,log,1.0,0.0,1.0,5.471612491099473,0.8682649053360489,13.217567247852937,17.83115298457815
B,15,15,120,log,1.0,0.1,1.0,7.200367864423963,0.8662225750540398,16.361070498198366,21.56911177545134
B,15,15,120,log,1.0,0.1,0.5,13.104122576880616,0.8702786663451111,21.164013183167793,27.101017766822384
B,15,15,120,log,1.0,0.5,0.0,254.33256509012682,0.8712309895206376,56.51989720037393,62.03230867263369
B,15,15,120,log,1.0,0.5,0.5,138.51324206012754,0.8633153264160104,48.76974200029885,54.409947210777815
B,15,15,120,log,1.5,0.0,0.0,5.4867383135856755,0.8682184907978094,13.217391657703539,17.840209326346944
B,15,15,120,log,1.0,0.5,1.0,40.18603569612425,0.8416982787111827,32.5211503621602,38.88446709271995
B,15,15,120,log,1.5,0.0,0.5,5.4867383135856755,0.8682184907978094,13.217391657703539,17.840209326346944
B,15,15,120,log,1.5,0.0,1.0,5.4867383135856755,0.8682184907978094,13.217391657703539,17.840209326346944
B,15,15,120,log,1.5,0.1,0.0,38.678855961828916,0.870809939897847,32.940915030152425,38.76017258111386
B,15,15,120,log,1.5,0.1,0.5,20.847148880046284,0.8696328601839305,25.938543145124914,31.949453878457394
B,15,15,120,log,1.5,0.5,0.0,447.4338488808715,0.8712056724659106,63.269889800980046,69.01039933805232
B,15,15,120,log,1.5,0.1,1.0,9.22338534317751,0.8614008653342331,18.34768985060864,23.97731711348983
B,15,15,120,log,1.5,0.5,0.5,265.32502468541435,0.8593051647026074,56.58576019177515,62.41038958624129
B,15,15,120,log,1.5,0.5,1.0,79.92717212183481,0.8342760115207299,40.58832469370429,46.932084670791696
B,15,15,125,log,0.1,0.0,0.5,6.012525764433912,0.8600296714245272,12.941740274408772,18.421263604683816
B,15,15,125,log,0.1,0.0,0.0,6.012525764433912,0.8600296714245272,12.941740274408772,18.421263604683816
B,15,15,125,log,0.1,0.0,1.0,6.012525764433912,0.8600296714245272,12.941740274408772,18.421263604683816
B,15,15,125,log,0.1,0.1,0.0,6.548363095397609,0.8613497375659854,14.068367723583544,19.763185026228918
B,15,15,125,log,0.1,0.1,1.0,6.026761491282813,0.8608723667449146,13.225196808492068,18.699156388227703
B,15,15,125,log,0.1,0.1,0.5,6.2495640864840425,0.8612353429989948,13.630003765250148,19.20894506619674
B,15,15,125,log,0.1,0.5,0.0,13.701667134966872,0.8631566059328734,20.44097668884552,26.850920008299113
B,15,15,125,log,0.1,0.5,0.5,9.382073776537942,0.8627929487512077,17.32136731794419,23.43653431872871
B,15,15,125,log,0.1,0.5,1.0,6.700304930814855,0.8606485222296436,14.726890105254558,20.33999485392685
B,15,15,125,log,0.5,0.0,0.0,6.2175716568574275,0.8589572141495518,12.884989652391576,18.53940161286895
B,15,15,125,log,0.5,0.0,0.5,6.2175716568574275,0.8589572141495518,12.884989652391576,18.53940161286895
B,15,15,125,log,0.5,0.0,1.0,6.2175716568574275,0.8589572141495518,12.884989652391576,18.53940161286895
B,15,15,125,log,0.5,0.1,0.0,12.681712643836914,0.8622842408312735,19.463618773480555,25.98255280160073
B,15,15,125,log,0.5,0.1,0.5,9.093309740768582,0.8619437123284985,16.74484580842257,22.967003274219113
B,15,15,125,log,0.5,0.1,1.0,6.793034842586349,0.8601288173501193,14.457053267782939,20.224105872640937
B,15,15,125,log,0.5,0.5,0.0,109.59481013912034,0.8632142791813685,44.490157342837215,50.372399958271345
B,15,15,125,log,0.5,0.5,0.5,55.18044644155194,0.8601035610098645,35.928968329998526,42.138299455005225
B,15,15,125,log,0.5,0.5,1.0,18.956250282242387,0.840571392323173,23.37770059721071,30.195933354850848
B,15,15,125,log,1.0,0.0,0.0,6.259544679875786,0.8587668375341624,12.874907621585635,18.562307195246582
B,15,15,125,log,1.0,0.0,0.5,6.259544679875786,0.8587668375341624,12.874907621585635,18.562307195246582
B,15,15,125,log,1.0,0.0,1.0,6.259544679875786,0.8587668375341624,12.874907621585635,18.562307195246582
B,15,15,125,log,1.0,0.1,0.0,26.67222871949128,0.8626514393310402,27.05310953649363,33.604667980549166
B,15,15,125,log,1.0,0.1,0.5,15.543734601134977,0.862085481501139,21.56721346872491,28.135421191256672
B,15,15,125,log,1.0,0.1,1.0,8.390119809801687,0.8578333862035651,16.413574622821812,22.469421137198445
B,15,15,125,log,1.0,0.5,0.0,323.38556106911915,0.8631806106597949,57.96525938798302,63.90261344399998
B,15,15,125,log,1.0,0.5,0.5,173.58207921741297,0.8558054115307054,50.00843250192308,56.08534175071806
B,15,15,125,log,1.0,0.5,1.0,49.149075398451686,0.8346275019097439,33.330080177908975,40.1828757862604
B,15,15,125,log,1.5,0.0,0.0,6.275222460564049,0.8587293603244989,12.870873336854192,18.570355686560507
B,15,15,125,log,1.5,0.0,0.5,6.275222460564049,0.8587293603244989,12.870873336854192,18.570355686560507
B,15,15,125,log,1.5,0.0,1.0,6.275222460564049,0.8587293603244989,12.870873336854192,18.570355686560507
B,15,15,125,log,1.5,0.1,0.0,46.99460793771969,0.8627122701005708,33.78783148786708,40.074702111448474
B,15,15,125,log,1.5,0.1,0.5,25.00551731210134,0.8615898886741611,26.549878358816414,33.10025375803881
B,15,15,125,log,1.5,0.1,1.0,10.840606325328691,0.8535184701442112,18.55774378461986,24.941667171320198
B,15,15,125,log,1.5,0.5,0.0,577.8207032741271,0.8631517951821133,64.87812005342876,71.05581439788511
B,15,15,125,log,1.5,0.5,0.5,338.18504991380496,0.8520812956518002,58.01791631433408,64.28455092013138
B,15,15,125,log,1.5,0.5,1.0,99.21848712289544,0.8276401140948156,41.55566697298549,48.39841346736106
B,15,15,130,log,0.1,0.0,0.0,6.039199907834733,0.859018013559953,12.50675616912297,18.012923261430032
B,15,15,130,log,0.1,0.0,0.5,6.039199907834733,0.859018013559953,12.50675616912297,18.012923261430032
B,15,15,130,log,0.1,0.0,1.0,6.039199907834733,0.859018013559953,12.50675616912297,18.012923261430032
B,15,15,130,log,0.1,0.1,0.0,6.357105490897111,0.860765540121287,13.508504454159578,19.191066964812023
B,15,15,130,log,0.1,0.1,1.0,6.001235866564089,0.8601848338490388,12.757425804584178,18.2439397949257
B,15,15,130,log,0.1,0.1,0.5,6.134969925139013,0.8605132560439159,13.113057938509602,18.691872771093248
B,15,15,130,log,0.1,0.5,0.0,12.580449230294068,0.8630333535448761,19.463739114519047,25.903214283109367
B,15,15,130,log,0.1,0.5,0.5,8.684583444899593,0.8625578731670677,16.492859530943157,22.59295709714823
B,15,15,130,log,0.1,0.5,1.0,6.420391049251125,0.8602247134501019,14.114191668063444,19.693059373074497
B,15,15,130,log,0.5,0.0,0.0,6.228393181740896,0.8579855961164263,12.47211781881595,18.142410283961464
B,15,15,130,log,0.5,0.0,0.5,6.228393181740896,0.8579855961164263,12.47211781881595,18.142410283961464
B,15,15,130,log,0.5,0.0,1.0,6.228393181740896,0.8579855961164263,12.47211781881595,18.142410283961464
B,15,15,130,log,0.5,0.1,0.0,11.691997846820367,0.862087315712334,18.560702214861823,25.09508530650529
B,15,15,130,log,0.5,0.1,0.5,8.472323484134064,0.861672711820602,15.991400787524762,22.187172820957343
B,15,15,130,log,0.5,0.1,1.0,6.5325416779991015,0.859695990319574,13.89317875724868,19.622148918727177
B,15,15,130,log,0.5,0.5,0.0,102.42695780112444,0.8632067136294493,43.50853269746962,49.41723731469959
B,15,15,130,log,0.5,0.5,0.5,50.94488037282997,0.8601747470234052,34.78115043883078,41.06773081315616
B,15,15,130,log,0.5,0.5,1.0,17.354573383779922,0.8405339325550765,22.367673012557997,29.236026310051045
B,15,15,130,log,1.0,0.0,0.0,6.266798722006648,0.8577184638039801,12.46635296195667,18.16761769371095
B,15,15,130,log,1.0,0.0,0.5,6.266798722006648,0.8577184638039801,12.46635296195667,18.16761769371095
B,15,15,130,log,1.0,0.0,1.0,6.266798722006648,0.8577184638039801,12.46635296195667,18.16761769371095
B,15,15,130,log,1.0,0.1,0.0,24.57713914908833,0.8625773468039963,25.952377059125375,32.58593763030102
B,15,15,130,log,1.0,0.1,0.5,14.261238263607044,0.8619521333834813,20.569427119290776,27.17512935565851
B,15,15,130,log,1.0,0.1,1.0,7.858788360466788,0.8573770225475791,15.714860951080391,21.71735366425034
B,15,15,130,log,1.0,0.5,0.0,306.6228498368772,0.8631654680960233,57.28115738741352,63.17727928236309
B,15,15,130,log,1.0,0.5,0.5,162.60285656351815,0.8560258568479039,49.132301270030815,55.18671063524628
B,15,15,130,log,1.0,0.5,1.0,45.04201353413963,0.8349462040925164,32.09478610406525,39.054617439983936
B,15,15,130,log,1.5,0.0,0.0,6.280878765492849,0.857675286824098,12.463941753341828,18.176504888211365
B,15,15,130,log,1.5,0.0,0.5,6.280878765492849,0.857675286824098,12.463941753341828,18.176504888211365
B,15,15,130,log,1.5,0.0,1.0,6.280878765492849,0.857675286824098,12.463941753341828,18.176504888211365
B,15,15,130,log,1.5,0.1,0.0,43.526689094125686,0.8626739173746263,32.669773148662244,39.04359697027608
B,15,15,130,log,1.5,0.1,0.5,22.949176957098743,0.8615404175950019,25.425463457243136,32.05943797962931
B,15,15,130,log,1.5,0.1,1.0,10.0007787881028,0.853475361131349,17.75100571005992,24.08640093362664
B,15,15,130,log,1.5,0.5,0.0,552.5338035520033,0.8631284369002714,64.34492745478045,70.47306260635227
B,15,15,130,log,1.5,0.5,0.5,319.78583691256165,0.8524547535904847,57.32087823845037,63.538757570311056
B,15,15,130,log,1.5,0.5,1.0,91.64350274854664,0.8282975611064284,40.42946618380311,47.30211012604171
B,15,20,115,log,0.1,0.0,0.0,4.653512596411035,0.8776119927245748,13.442975256150692,17.16943972119647
B,15,20,115,log,0.1,0.0,0.5,4.653512596411035,0.8776119927245748,13.442975256150692,17.16943972119647
B,15,20,115,log,0.1,0.0,1.0,4.653512596411035,0.8776119927245748,13.442975256150692,17.16943972119647
B,15,20,115,log,0.1,0.1,0.0,4.99561577585085,0.8780683032116119,14.226066495630667,18.338802509205813
B,15,20,115,log,0.1,0.1,1.0,4.648960434882122,0.878314584726916,13.635261636090352,17.398617679011654
B,15,20,115,log,0.1,0.1,0.5,4.790486753763842,0.8783223059553549,13.912221240862277,17.848028239059193
B,15,20,115,log,0.1,0.5,0.0,9.933727701368358,0.8788272075975808,19.70047409120706,24.929908568114975
B,15,20,115,log,0.1,0.5,0.5,6.951611916092849,0.87888576287554,16.93340563451436,21.72304948015023
B,15,20,115,log,0.5,0.0,0.0,4.821430795773918,0.8768048680101017,13.499635990533061,17.322651098801906
B,15,20,115,log,0.1,0.5,1.0,5.093415595619962,0.8772864551262913,14.757438479539127,18.831689703575822
B,15,20,115,log,0.5,0.0,1.0,4.821430795773918,0.8768048680101017,13.499635990533061,17.322651098801906
B,15,20,115,log,0.5,0.0,0.5,4.821430795773918,0.8768048680101017,13.499635990533061,17.322651098801906
B,15,20,115,log,0.5,0.1,0.0,9.182179281103465,0.8781475201654348,18.816399501983184,24.06975215331633
B,15,20,115,log,0.5,0.1,0.5,6.73357096219137,0.8782878079958476,16.484410613304398,21.27731790935561
B,15,20,115,log,0.5,0.1,1.0,5.1617257685148275,0.8771174991272292,14.625933625081913,18.75419536925701
B,15,20,115,log,0.5,0.5,0.0,71.62094172716901,0.8787405639972473,42.15501383406668,47.212113476953874
B,15,20,115,log,0.5,0.5,1.0,13.255519595975509,0.8555149912848089,22.277531743103744,27.9727858542035
B,15,20,115,log,0.5,0.5,0.5,37.22115783775356,0.875387881836468,34.082189832420354,39.411607974174615
B,15,20,115,log,1.0,0.0,0.0,4.857620840182961,0.8765799451197595,13.511527258877994,17.35267200583392
B,15,20,115,log,1.0,0.0,0.5,4.857620840182961,0.8765799451197595,13.511527258877994,17.35267200583392
B,15,20,115,log,1.0,0.0,1.0,4.857620840182961,0.8765799451197595,13.511527258877994,17.35267200583392
B,15,20,115,log,1.0,0.1,0.0,18.551734145468345,0.8782989583795693,25.70907700457291,31.247142600511314
B,15,20,115,log,1.0,0.1,1.0,6.252007440485887,0.8739905432329882,16.24354321769245,20.79606711637717
B,15,20,115,log,1.0,0.1,0.5,11.098304008675914,0.8779549302875175,20.70175565847473,26.098861149831247
B,15,20,115,log,1.0,0.5,0.0,199.73773276561406,0.8787319791737641,54.95744138603161,60.05497077481564
B,15,20,115,log,1.0,0.5,0.5,110.61573304654556,0.8705779570718313,47.44849010504087,52.66270601765045
B,15,20,115,log,1.5,0.0,0.0,4.870818383213047,0.8765037015802216,13.515742184025655,17.363409014077234
B,15,20,115,log,1.0,0.5,1.0,32.94843828194347,0.8489502945353037,31.664937263050923,37.54848432658819
B,15,20,115,log,1.5,0.0,0.5,4.870818383213047,0.8765037015802216,13.515742184025655,17.363409014077234
B,15,20,115,log,1.5,0.0,1.0,4.870818383213047,0.8765037015802216,13.515742184025655,17.363409014077234
B,15,20,115,log,1.5,0.1,0.0,31.847721109277206,0.8783299544907035,31.99776996279811,37.38258379496441
B,15,20,115,log,1.5,0.1,0.5,17.437807940259166,0.8772015605772208,25.260725333139582,30.790573030087
B,15,20,115,log,1.5,0.1,1.0,7.906397488357472,0.8687747311495901,18.072548675608594,23.089372175829318
B,15,20,115,log,1.5,0.5,0.0,345.77147900077154,0.8787253986433056,61.537109207164875,66.84879885412595
B,15,20,115,log,1.5,0.5,0.5,208.13098197937205,0.8663696839945839,55.05699952324619,60.44860698206742
B,15,20,115,log,1.5,0.5,1.0,64.50948917210965,0.8410357371095042,39.55836825230591,45.4119116667854
B,15,20,120,log,0.1,0.0,0.5,5.255742332159313,0.8692984197634154,13.20622911407412,17.66501753444659
B,15,20,120,log,0.1,0.0,0.0,5.255742332159313,0.8692984197634154,13.20622911407412,17.66501753444659
B,15,20,120,log,0.1,0.0,1.0,5.255742332159313,0.8692984197634154,13.20622911407412,17.66501753444659
B,15,20,120,log,0.1,0.1,0.0,5.679723471754636,0.8701625208004039,14.159975117131657,18.946508808536528
B,15,20,120,log,0.1,0.1,1.0,5.254958734363583,0.8701841015714906,13.45319548248168,17.931985453913647
B,15,20,120,log,0.1,0.1,0.5,5.431924148069109,0.8703266335571149,13.793044563186246,18.419154135682913
B,15,20,120,log,0.1,0.5,0.0,11.633941716394343,0.8712840983244261,20.082933460724263,25.852712399701453
B,15,20,120,log,0.1,0.5,0.5,8.0399706072314,0.8712336089346489,17.157639563227605,22.533744320468305
B,15,20,120,log,0.1,0.5,1.0,5.803176383928955,0.869466584156213,14.772049071826768,19.502010970763095
B,15,20,120,log,0.5,0.0,0.0,5.44169073489261,0.8684124691593091,13.201306959446905,17.79568731831629
B,15,20,120,log,0.5,0.0,0.5,5.44169073489261,0.8684124691593091,13.201306959446905,17.79568731831629
B,15,20,120,log,0.5,0.0,1.0,5.44169073489261,0.8684124691593091,13.201306959446905,17.79568731831629
B,15,20,120,log,0.5,0.1,0.0,10.760116034024982,0.8705429695494786,19.157622417235476,24.985663176389913
B,15,20,120,log,0.5,0.1,0.5,7.785201645385621,0.8705230348870432,16.64228784752391,22.065275483305104
B,15,20,120,log,0.5,0.1,1.0,5.879815273007849,0.8690147313405058,14.567948530979518,19.39555518252834
B,15,20,120,log,0.5,0.5,0.0,88.50825750998874,0.8712290908734437,43.34422359409606,48.80958338545395
B,15,20,120,log,0.5,0.5,0.5,45.27100884446038,0.867941685230716,35.03696639824167,40.79643601061826
B,15,20,120,log,0.5,0.5,1.0,15.81363800454029,0.8479665278144264,22.862111472331907,29.078569067013472
B,15,20,120,log,1.0,0.0,0.0,5.481509015122839,0.8682462954471308,13.201537873492654,17.821251084351438
B,15,20,120,log,1.0,0.0,0.5,5.481509015122839,0.8682462954471308,13.201537873492654,17.821251084351438
B,15,20,120,log,1.0,0.0,1.0,5.481509015122839,0.8682462954471308,13.201537873492654,17.821251084351438
B,15,20,120,log,1.0,0.1,0.0,22.20788797713342,0.8707268924407078,26.398438566934498,32.41867252830933
B,15,20,120,log,1.0,0.1,0.5,13.104122576880618,0.8702786663451111,21.164013183167793,27.101017766822384
B,15,20,120,log,1.0,0.1,1.0,7.200367864423963,0.8662225750540398,16.361070498198366,21.56911177545134
B,15,20,120,log,1.0,0.5,0.0,254.06975780058065,0.87120605763359,56.49970406997279,62.01277958876453
B,15,20,120,log,1.0,0.5,0.5,138.51324206012754,0.8633153264160104,48.76974200029885,54.409947210777815
B,15,20,120,log,1.0,0.5,1.0,40.18603569612425,0.8416982787111827,32.5211503621602,38.88446709271995
B,15,20,120,log,1.5,0.0,0.0,5.49633519301404,0.8681711525252735,13.20139555397309,17.83030666640967
B,15,20,120,log,1.5,0.0,0.5,5.49633519301404,0.8681711525252735,13.20139555397309,17.83030666640967
B,15,20,120,log,1.5,0.0,1.0,5.49633519301404,0.8681711525252735,13.20139555397309,17.83030666640967
B,15,20,120,log,1.5,0.1,0.0,38.638065625915985,0.8707711357419738,32.91137276724312,38.734246045766284
B,15,20,120,log,1.5,0.1,0.5,20.847148880046284,0.8696328601839305,25.938543145124914,31.949453878457387
B,15,20,120,log,1.5,0.1,1.0,9.22338534317751,0.8614008653342331,18.34768985060864,23.97731711348983
B,15,20,120,log,1.5,0.5,0.0,447.03390422910434,0.8711936833018793,63.25425729861301,68.99501417708005
B,15,20,120,log,1.5,0.5,0.5,265.32502468541435,0.8593051647026074,56.58576019177515,62.41038958624129
B,15,20,120,log,1.5,0.5,1.0,79.92717212183481,0.8342760115207299,40.58832469370429,46.932084670791696
B,15,20,125,log,0.1,0.0,0.0,6.019075593262999,0.8601160467836518,12.91919625381741,18.41027958058563
B,15,20,125,log,0.1,0.0,0.5,6.019075593262999,0.8601160467836518,12.91919625381741,18.41027958058563
B,15,20,125,log,0.1,0.0,1.0,6.019075593262999,0.8601160467836518,12.91919625381741,18.41027958058563
B,15,20,125,log,0.1,0.1,0.0,6.55641118651466,0.8613528670157384,14.03834056341903,19.747023863756763
B,15,20,125,log,0.1,0.1,0.5,6.2501693795761835,0.8612709181159477,13.621072372205683,19.20280541568796
B,15,20,125,log,0.1,0.1,1.0,6.026761491282813,0.8608723667449146,13.225196808492068,18.699156388227703
B,15,20,125,log,0.1,0.5,0.0,13.691258455380256,0.8631079895331224,20.40761539841128,26.822522513576182
B,15,20,125,log,0.1,0.5,0.5,9.382073776537942,0.8627929487512077,17.32136731794419,23.43653431872871
B,15,20,125,log,0.1,0.5,1.0,6.700304930814855,0.8606485222296436,14.726890105254558,20.33999485392685
B,15,20,125,log,0.5,0.0,0.0,6.2232344906519135,0.8590165683086368,12.864815839917515,18.530193399871163
B,15,20,125,log,0.5,0.0,0.5,6.2232344906519135,0.8590165683086368,12.864815839917515,18.530193399871163
B,15,20,125,log,0.5,0.0,1.0,6.2232344906519135,0.8590165683086368,12.864815839917515,18.530193399871163
B,15,20,125,log,0.5,0.1,0.0,12.680708548183977,0.8622363475300038,19.435285971945515,25.961712865789952
B,15,20,125,log,0.5,0.1,0.5,9.093309740768584,0.8619437123284985,16.74484580842257,22.967003274219113
B,15,20,125,log,0.5,0.1,1.0,6.793034842586349,0.8601288173501193,14.457053267782939,20.224105872640937
B,15,20,125,log,0.5,0.5,0.0,109.48467406963009,0.863187077091961,44.459409285140936,50.34633160587832
B,15,20,125,log,0.5,0.5,1.0,18.956250282242387,0.840571392323173,23.37770059721071,30.195933354850848
B,15,20,125,log,0.5,0.5,0.5,55.18044644155194,0.8601035610098645,35.928968329998526,42.138299455005225
B,15,20,125,log,1.0,0.0,0.0,6.265180116634935,0.8587832616479731,12.855286497194792,18.553445680496985
B,15,20,125,log,1.0,0.0,0.5,6.265180116634935,0.8587832616479731,12.855286497194792,18.553445680496985
B,15,20,125,log,1.0,0.0,1.0,6.265180116634935,0.8587832616479731,12.855286497194792,18.553445680496985
B,15,20,125,log,1.0,0.1,0.0,26.655601725518693,0.8626158475003651,27.021917739055464,33.581457949392096
B,15,20,125,log,1.0,0.1,0.5,15.54373460113498,0.862085481501139,21.567213468724905,28.135421191256672
B,15,20,125,log,1.0,0.1,1.0,8.390119809801687,0.8578333862035651,16.413574622821812,22.469421137198445
B,15,20,125,log,1.0,0.5,0.0,323.09286644984894,0.8631622353131047,57.94527659085575,63.88353802690765
B,15,20,125,log,1.0,0.5,0.5,173.58207921741297,0.8558054115307054,50.00843250192308,56.08534175071806
B,15,20,125,log,1.0,0.5,1.0,49.149075398451686,0.8346275019097439,33.330080177908975,40.1828757862604
B,15,20,125,log,1.5,0.0,0.0,6.280612303389937,0.8587074412602658,12.85144326278915,18.561583855005455
B,15,20,125,log,1.5,0.0,0.5,6.280612303389937,0.8587074412602658,12.85144326278915,18.561583855005455
B,15,20,125,log,1.5,0.0,1.0,6.280612303389937,0.8587074412602658,12.85144326278915,18.561583855005455
B,15,20,125,log,1.5,0.1,0.0,46.96222647835025,0.8626747564781742,33.761083003411606,40.05016433333573
B,15,20,125,log,1.5,0.1,0.5,25.005517312101365,0.8615898886741611,26.549878358816414,33.10025375803881
B,15,20,125,log,1.5,0.5,0.0,577.353765251992,0.8631514702788496,64.86271488214273,71.04079671789952
B,15,20,125,log,1.5,0.1,1.0,10.840606325328691,0.8535184701442112,18.557743784619856,24.941667171320198
B,15,20,125,log,1.5,0.5,1.0,99.21848712289544,0.8276401140948156,41.55566697298549,48.39841346736106
B,15,20,125,log,1.5,0.5,0.5,338.18504991380496,0.8520812956518002,58.01791631433408,64.28455092013138
B,15,20,130,log,0.1,0.0,0.5,6.04004790741773,0.8590556672980618,12.489823019708265,18.004140973414923
B,15,20,130,log,0.1,0.0,0.0,6.04004790741773,0.8590556672980618,12.489823019708265,18.004140973414923
B,15,20,130,log,0.1,0.0,1.0,6.04004790741773,0.8590556672980618,12.489823019708265,18.004140973414923
B,15,20,130,log,0.1,0.1,0.0,6.366186291488009,0.8608015957389774,13.481855471013318,19.177571363516357
B,15,20,130,log,0.1,0.1,1.0,6.001235866564089,0.8601848338490388,12.757425804584178,18.2439397949257
B,15,20,130,log,0.1,0.1,0.5,6.131790444463431,0.8605219298637452,13.105886938116225,18.686420334355667
B,15,20,130,log,0.1,0.5,0.0,12.57393784048386,0.8630171193315975,19.430568337584383,25.87658048359757
B,15,20,130,log,0.1,0.5,0.5,8.684583444899593,0.8625578731670677,16.492859530943157,22.59295709714823
B,15,20,130,log,0.1,0.5,1.0,6.420391049251125,0.8602247134501019,14.114191668063444,19.693059373074497
B,15,20,130,log,0.5,0.0,0.0,6.2247478928882165,0.8579269525345616,12.458269045734573,18.134329249849657
B,15,20,130,log,0.5,0.0,0.5,6.2247478928882165,0.8579269525345616,12.458269045734573,18.134329249849657
B,15,20,130,log,0.5,0.0,1.0,6.2247478928882165,0.8579269525345616,12.458269045734573,18.134329249849657
B,15,20,130,log,0.5,0.1,0.0,11.6926762292178,0.8620458191981555,18.534514116988916,25.07604455341472
B,15,20,130,log,0.5,0.1,0.5,8.472323484134066,0.861672711820602,15.991400787524762,22.187172820957343
B,15,20,130,log,0.5,0.1,1.0,6.5325416779991015,0.859695990319574,13.89317875724868,19.622148918727177
B,15,20,130,log,0.5,0.5,0.0,102.33551519533688,0.8631742758471816,43.47791519142963,49.39188404331376
B,15,20,130,log,0.5,0.5,0.5,50.94488037282997,0.8601747470234052,34.78115043883078,41.06773081315616
B,15,20,130,log,0.5,0.5,1.0,17.354573383779922,0.8405339325550765,22.367673012557997,29.236026310051045
B,15,20,130,log,1.0,0.0,0.0,6.264563855202056,0.8577418340926852,12.45265689952294,18.160016993962117
B,15,20,130,log,1.0,0.0,0.5,6.264563855202056,0.8577418340926852,12.45265689952294,18.160016993962117
B,15,20,130,log,1.0,0.0,1.0,6.264563855202056,0.8577418340926852,12.45265689952294,18.160016993962117
B,15,20,130,log,1.0,0.1,0.0,24.565254839033503,0.8625413294798896,25.9248506053286,32.56460765952024
B,15,20,130,log,1.0,0.1,0.5,14.261238263607027,0.8619521333834813,20.569427119290765,27.175129355658505
B,15,20,130,log,1.0,0.1,1.0,7.858788360466789,0.8573770225475791,15.714860951080388,21.71735366425034
B,15,20,130,log,1.0,0.5,0.0,306.3681586698004,0.8631435087792733,57.26140563306164,63.15857331416312
B,15,20,130,log,1.0,0.5,0.5,162.60285656351815,0.8560258568479039,49.132301270030815,55.18671063524628
B,15,20,130,log,1.0,0.5,1.0,45.04201353413963,0.8349462040925164,32.09478610406525,39.054617439983936
B,15,20,130,log,1.5,0.0,0.0,6.279561377988052,0.857626071161383,12.45018410190355,18.16910810838375
B,15,20,130,log,1.5,0.0,0.5,6.279561377988052,0.857626071161383,12.45018410190355,18.16910810838375
B,15,20,130,log,1.5,0.0,1.0,6.279561377988052,0.857626071161383,12.45018410190355,18.16910810838375
B,15,20,130,log,1.5,0.1,0.0,43.502989008570786,0.8626314844981093,32.644088793821126,39.020544062154165
B,15,20,130,log,1.5,0.1,0.5,22.949176957098743,0.8615404175950019,25.425463457243133,32.05943797962931
B,15,20,130,log,1.5,0.1,1.0,10.0007787881028,0.853475361131349,17.75100571005992,24.08640093362664
B,15,20,130,log,1.5,0.5,0.0,552.1179603219571,0.8631286220280915,64.32974283592871,70.45832356283253
B,15,20,130,log,1.5,0.5,0.5,319.78583691256165,0.8524547535904847,57.32087823845037,63.538757570311056
B,15,20,130,log,1.5,0.5,1.0,91.64350274854664,0.8282975611064284,40.42946618380311,47.30211012604171
B,20,10,115,log,0.1,0.0,0.0,3.7820913099534783,0.8884640905187666,12.363778919951631,15.898048930946823
B,20,10,115,log,0.1,0.0,0.5,3.7820913099534783,0.8884640905187666,12.363778919951631,15.898048930946823
B,20,10,115,log,0.1,0.0,1.0,3.7820913099534783,0.8884640905187666,12.363778919951631,15.898048930946823
B,20,10,115,log,0.1,0.1,0.0,4.138616168247639,0.8890615042386452,13.122481105830625,17.076956976493396
B,20,10,115,log,0.1,0.1,0.5,3.934986564848303,0.889412051448488,12.774154675342162,16.55205079217147
B,20,10,115,log,0.1,0.1,1.0,3.7933300315072183,0.8895639075238838,12.489195614312331,16.097697345923
B,20,10,115,log,0.1,0.5,0.0,8.634493239375628,0.8899564675187502,18.737944211695872,23.83006603567129
B,20,10,115,log,0.1,0.5,0.5,5.959740474214458,0.8905259214686337,15.797604841453275,20.489615797535546
B,20,10,115,log,0.5,0.0,0.0,3.9298930123616898,0.8876991837061381,12.429454103954667,16.056491712062904
B,20,10,115,log,0.1,0.5,1.0,4.251119208341595,0.8890377329740243,13.523039804987292,17.50967473952639
B,20,10,115,log,0.5,0.0,0.5,3.9298930123616898,0.8876991837061381,12.429454103954667,16.056491712062904
B,20,10,115,log,0.5,0.0,1.0,3.9298930123616898,0.8876991837061381,12.429454103954667,16.056491712062904
B,20,10,115,log,0.5,0.1,0.0,7.910428266806937,0.8892071968182987,17.835971529078666,22.928213637168874
B,20,10,115,log,0.5,0.1,0.5,5.747650075055984,0.8897764408440079,15.348574431278596,20.03588740384232
B,20,10,115,log,0.5,0.1,1.0,4.3135137626579745,0.8885937372964477,13.401511910603379,17.442805360600197
B,20,10,115,log,0.5,0.5,0.0,65.17631756371588,0.8898030483569009,41.599802901740716,46.40949712211052
B,20,10,115,log,0.5,0.5,0.5,33.67960514861388,0.8878252646258318,33.36139205043063,38.50303311033609
B,20,10,115,log,0.5,0.5,1.0,11.80130310806059,0.870843053497494,21.264455614156702,26.925007567334415
B,20,10,115,log,1.0,0.0,0.0,3.9601011885333364,0.8875719279474961,12.444342127166022,16.08861820702804
B,20,10,115,log,1.0,0.0,0.5,3.9601011885333364,0.8875719279474961,12.444342127166022,16.08861820702804
B,20,10,115,log,1.0,0.0,1.0,3.9601011885333364,0.8875719279474961,12.444342127166022,16.08861820702804
B,20,10,115,log,1.0,0.1,0.0,16.392096412656958,0.8892776422104237,24.958438493967673,30.26930635795411
B,20,10,115,log,1.0,0.1,0.5,9.71009472708798,0.889547864259443,19.698743472772684,24.961313163924007
B,20,10,115,log,1.0,0.1,1.0,5.314473842037165,0.8866303192690713,14.975532315572483,19.487169227216224
B,20,10,115,log,1.0,0.5,0.0,185.33236367424428,0.8897991347071965,54.30189895456192,59.289289753847484
B,20,10,115,log,1.0,0.5,0.5,101.98641987245608,0.8842842384153231,46.772847538777135,51.839852394124684
B,20,10,115,log,1.0,0.5,1.0,32.32889513806215,0.8499284105958269,31.09409785000893,37.09922104990958
B,20,10,115,log,1.5,0.0,0.0,3.971331084034303,0.8875138454380902,12.449861434251522,16.100327069324692
B,20,10,115,log,1.5,0.0,0.5,3.971331084034303,0.8875138454380902,12.449861434251522,16.100327069324692
B,20,10,115,log,1.5,0.0,1.0,3.971331084034303,0.8875138454380902,12.449861434251522,16.100327069324692
B,20,10,115,log,1.5,0.1,0.0,28.5274729127932,0.8893035287214947,31.403173366046406,36.50760941897374
B,20,10,115,log,1.5,0.1,0.5,15.501446198940044,0.8889694633292219,24.381664825515056,29.758335737309
B,20,10,115,log,1.5,0.1,1.0,6.815626357724218,0.8831633882116854,16.843718197183502,21.800598594560174
B,20,10,115,log,1.5,0.5,0.0,324.1079781007732,0.8897933090023236,60.823515040626546,66.08689968924583
B,20,10,115,log,1.5,0.5,0.5,193.91214084988957,0.8811086783206618,54.369849312277985,59.6564630048977
B,20,10,115,log,1.5,0.5,1.0,63.071946331755704,0.8428870414562712,38.905463158110976,44.855964382965865
B,20,10,120,log,0.1,0.0,0.0,4.171282411749337,0.8800729136096503,12.06667949354799,16.284583611921917
B,20,10,120,log,0.1,0.0,0.5,4.171282411749337,0.8800729136096503,12.06667949354799,16.284583611921917
B,20,10,120,log,0.1,0.0,1.0,4.171282411749337,0.8800729136096503,12.06667949354799,16.284583611921917
B,20,10,120,log,0.1,0.1,0.0,4.613867327874162,0.8808823638527506,13.004049285102543,17.58725076420464
B,20,10,120,log,0.1,0.1,0.5,4.367825483373755,0.8811511278799719,12.600379335038022,17.022501211132514
B,20,10,120,log,0.1,0.1,1.0,4.193811521733499,0.8811564250844285,12.25193938109177,16.525207760643095
B,20,10,120,log,0.1,0.5,0.0,9.969051962789608,0.8822776011833977,19.09397740443657,24.673610268908824
B,20,10,120,log,0.1,0.5,0.5,6.797504977135745,0.8826329560813683,15.985887115742315,21.210763305614535
B,20,10,120,log,0.1,0.5,1.0,4.762125011721599,0.8809717874259846,13.504847943562325,18.082432179740945
B,20,10,120,log,0.5,0.0,0.0,4.328284542993702,0.8792270788194575,12.068937508681511,16.415335275515204
B,20,10,120,log,0.5,0.0,0.5,4.328284542993702,0.8792270788194575,12.068937508681511,16.415335275515204
B,20,10,120,log,0.5,0.0,1.0,4.328284542993702,0.8792270788194575,12.068937508681511,16.415335275515204
B,20,10,120,log,0.5,0.1,0.0,9.136063662049434,0.8814382001792989,18.151100270884918,23.764660260104776
B,20,10,120,log,0.5,0.1,0.5,6.547838381522661,0.8817003568605655,15.48045104747219,20.732885496485277
B,20,10,120,log,0.5,0.1,1.0,4.825288692663898,0.8804745899249994,13.306736838526177,17.98122118319484
B,20,10,120,log,0.5,0.5,0.0,79.73556723299887,0.8821409973856984,42.748857085067804,47.94275929370858
B,20,10,120,log,0.5,0.5,0.5,40.540935963873196,0.880120597644115,34.26814310308991,39.81949769733467
B,20,10,120,log,0.5,0.5,1.0,13.872193502689854,0.8638471419609697,21.753137683030836,27.912787348149767
B,20,10,120,log,1.0,0.0,0.0,4.3614371370565905,0.8790167654590452,12.071959390877698,16.442309647885534
B,20,10,120,log,1.0,0.0,0.5,4.3614371370565905,0.8790167654590452,12.071959390877698,16.442309647885534
B,20,10,120,log,1.0,0.0,1.0,4.3614371370565905,0.8790167654590452,12.071959390877698,16.442309647885534
B,20,10,120,log,1.0,0.1,0.0,19.3641078504566,0.8815610503388708,25.61728726748972,31.370323788136307
B,20,10,120,log,1.0,0.1,0.5,11.311250497576662,0.8817217572743072,20.122863228873747,25.884177814070995
B,20,10,120,log,1.0,0.1,1.0,6.042793017118693,0.8784997873539788,15.052981748791117,20.169900094509174
B,20,10,120,log,1.0,0.5,0.0,233.9761810724208,0.8821235897177587,55.789788712402455,61.181012813572885
B,20,10,120,log,1.0,0.5,0.5,126.68011990201,0.8767000027426206,48.044757655497435,53.519944138974516
B,20,10,120,log,1.0,0.5,1.0,39.36550798418685,0.8426544797541917,31.91082482234403,38.39412666830244
B,20,10,120,log,1.5,0.0,0.0,4.37347455064173,0.8789573591585782,12.073055421283632,16.452008792189435
B,20,10,120,log,1.5,0.0,0.5,4.37347455064173,0.8789573591585782,12.073055421283632,16.452008792189435
B,20,10,120,log,1.5,0.0,1.0,4.37347455064173,0.8789573591585782,12.073055421283632,16.452008792189435
B,20,10,120,log,1.5,0.1,0.0,34.20175790071507,0.8816045412734453,32.282906022663305,37.79487601334589
B,20,10,120,log,1.5,0.1,0.5,18.31065745204454,0.8811820940258247,25.01219395295769,30.843900361968792
B,20,10,120,log,1.5,0.1,1.0,7.85603336890902,0.875332766020899,17.072660570945366,22.60433326170128
B,20,10,120,log,1.5,0.5,0.0,416.3898718912416,0.8821041110018022,62.47845968842729,68.16401285275815
B,20,10,120,log,1.5,0.5,0.5,245.50295276539518,0.8736515339226688,55.84188782805105,61.548386794359786
B,20,10,120,log,1.5,0.5,1.0,78.00269836881655,0.8360075535765761,39.891756201208544,46.32754662328588
B,20,10,125,log,0.1,0.0,0.0,4.704910258290472,0.8709138999119265,11.728919424620932,16.948143876652114
B,20,10,125,log,0.1,0.0,0.5,4.704910258290472,0.8709138999119265,11.728919424620932,16.948143876652114
B,20,10,125,log,0.1,0.0,1.0,4.704910258290472,0.8709138999119265,11.728919424620932,16.948143876652114
B,20,10,125,log,0.1,0.1,0.0,5.234859496108745,0.8719481202337045,12.843843858811502,18.305145648120195
B,20,10,125,log,0.1,0.1,0.5,4.943568953639376,0.8721997645770605,12.382391359201828,17.724688019583304
B,20,10,125,log,0.1,0.1,1.0,4.7371719725795725,0.8722153273001769,11.97565071787278,17.2069725380489
B,20,10,125,log,0.1,0.5,0.0,11.581053128443463,0.8740199822388313,19.38890126190517,25.567521223249845
B,20,10,125,log,0.1,0.5,0.5,7.830307273390227,0.8740921243915365,16.117764040730293,22.03316178971363
B,20,10,125,log,0.5,0.0,0.0,4.875995572264903,0.8699669490241613,11.680254839101565,17.066491723323935
B,20,10,125,log,0.1,0.5,1.0,5.424870686388884,0.8722648105733105,13.433693764758923,18.837746249921526
B,20,10,125,log,0.5,0.0,1.0,4.875995572264903,0.8699669490241613,11.680254839101565,17.066491723323935
B,20,10,125,log,0.5,0.0,0.5,4.875995572264903,0.8699669490241613,11.680254839101565,17.066491723323935
B,20,10,125,log,0.5,0.1,0.0,10.626262750182532,0.8730508878789202,18.414018783663398,24.66708540495777
B,20,10,125,log,0.5,0.1,0.5,7.544287550453655,0.8730542114960823,15.55966488226631,21.55049078411181
B,20,10,125,log,0.5,0.1,1.0,5.4950780380538005,0.8713840967373185,13.16735485626322,18.722599989323975
B,20,10,125,log,0.5,0.5,0.0,97.72586868832214,0.8740071257833926,43.822892262479954,49.41520737224121
B,20,10,125,log,0.5,0.5,0.5,48.941892857999036,0.8721371204676659,35.10927625349545,41.09397464514502
B,20,10,125,log,0.5,0.5,1.0,16.390463753104363,0.8567556584982053,22.16941342749784,28.915555299856898
B,20,10,125,log,1.0,0.0,0.0,4.9117299086208615,0.8697878089828992,11.673145395225399,17.0909207647477
B,20,10,125,log,1.0,0.0,0.5,4.9117299086208615,0.8697878089828992,11.673145395225399,17.0909207647477
B,20,10,125,log,1.0,0.0,1.0,4.9117299086208615,0.8697878089828992,11.673145395225399,17.0909207647477
B,20,10,125,log,1.0,0.1,0.0,22.9623177264446,0.8733921957579664,26.220568096174674,32.46463100585271
B,20,10,125,log,1.0,0.1,0.5,13.259038278026003,0.8734885910888757,20.488274588315903,26.844886481355353
B,20,10,125,log,1.0,0.1,1.0,6.9602633995516525,0.8699269773113413,15.089621273811996,20.989870861658744
B,20,10,125,log,1.0,0.5,0.0,295.46255480747726,0.8739837803066768,57.178793247731264,62.98369684601819
B,20,10,125,log,1.0,0.5,0.5,157.54267304540502,0.8689181441679275,49.232640486598044,55.12688393102731
B,20,10,125,log,1.0,0.5,1.0,48.062225125666245,0.8356859209086916,32.6802953770988,39.6496458468324
B,20,10,125,log,1.5,0.0,0.0,4.925006945166794,0.8696903532433555,11.670292606688005,17.099680906620286
B,20,10,125,log,1.5,0.0,0.5,4.925006945166794,0.8696903532433555,11.670292606688005,17.099680906620286
B,20,10,125,log,1.5,0.0,1.0,4.925006945166794,0.8696903532433555,11.670292606688005,17.099680906620286
B,20,10,125,log,1.5,0.1,0.0,41.12208720959832,0.8734310498630802,33.10105932514,39.047214672677676
B,20,10,125,log,1.5,0.1,0.5,21.722247234814063,0.8730737801998055,25.58275425358488,31.923647192925756
B,20,10,125,log,1.5,0.1,1.0,9.140583313686516,0.8670713049725416,17.245688472610574,23.492800294105756
B,20,10,125,log,1.5,0.5,0.0,534.5725189809805,0.8739687430211847,64.02204632832647,70.13774465133426
B,20,10,125,log,1.5,0.5,0.5,310.8457655395397,0.86605933556613,57.215033705633616,63.350360235143356
B,20,10,125,log,1.5,0.5,1.0,96.6416357331634,0.8294033303225463,40.81349459301817,47.742981090604005
B,20,10,130,log,0.1,0.0,0.0,4.7019362032783345,0.8702174511748938,11.334637085724477,16.559944166104053
B,20,10,130,log,0.1,0.0,0.5,4.7019362032783345,0.8702174511748938,11.334637085724477,16.559944166104053
B,20,10,130,log,0.1,0.0,1.0,4.7019362032783345,0.8702174511748938,11.334637085724477,16.559944166104053
B,20,10,130,log,0.1,0.1,0.0,5.030886711440113,0.8715831975563727,12.300484196079477,17.740761199045284
B,20,10,130,log,0.1,0.1,1.0,4.677433519385748,0.8717086870794619,11.537758262280894,16.769687230354855
B,20,10,130,log,0.1,0.1,0.5,4.810284418471632,0.8716876785332872,11.891203884131942,17.220081575979933
B,20,10,130,log,0.1,0.5,0.0,10.60547712130293,0.8738986607802014,18.431034572634665,24.623867898659
B,20,10,130,log,0.1,0.5,0.5,7.212540389144953,0.8737815579102961,15.300401525946336,21.189966942859964
B,20,10,130,log,0.1,0.5,1.0,5.143860219677173,0.8717916476125354,12.82503900647129,18.194403085585442
B,20,10,130,log,0.5,0.0,0.0,4.864421393289563,0.8692319335797727,11.30772980401469,16.692112303329544
B,20,10,130,log,0.5,0.0,1.0,4.864421393289563,0.8692319335797727,11.30772980401469,16.692112303329544
B,20,10,130,log,0.5,0.0,0.5,4.864421393289563,0.8692319335797727,11.30772980401469,16.692112303329544
B,20,10,130,log,0.5,0.1,0.0,9.76558524755364,0.8728212660890066,17.529639570600427,23.780718122292893
B,20,10,130,log,0.5,0.1,0.5,6.990530400070642,0.8726680686113852,14.810165651298169,20.769332413117358
B,20,10,130,log,0.5,0.1,1.0,5.246436521655201,0.8711036998967344,12.609959222267285,18.13119679799174
B,20,10,130,log,0.5,0.5,0.0,91.27426068314398,0.8740080274974721,42.88957496168271,48.48566761703308
B,20,10,130,log,0.5,0.5,0.5,45.181315285219476,0.8721590742422922,34.00700245114154,40.047551007919864
B,20,10,130,log,0.5,0.5,1.0,14.882231217809329,0.8572627498450214,21.131200666283465,27.90620207860178
B,20,10,130,log,1.0,0.0,0.0,4.899164247930742,0.8690284334644988,11.304452541333351,16.719509039488326
B,20,10,130,log,1.0,0.0,0.5,4.899164247930742,0.8690284334644988,11.304452541333351,16.719509039488326
B,20,10,130,log,1.0,0.0,1.0,4.899164247930742,0.8690284334644988,11.304452541333351,16.719509039488326
B,20,10,130,log,1.0,0.1,0.0,21.116566296182874,0.8733585971251289,25.138738090799023,31.45345797237045
B,20,10,130,log,1.0,0.1,0.5,12.143605955431948,0.8733115548122417,19.509469104979118,25.890979893002566
B,20,10,130,log,1.0,0.1,1.0,6.470284109900784,0.869523706807902,14.395269134970558,20.236688009648823
B,20,10,130,log,1.0,0.5,0.0,280.07712302908584,0.873971497160464,56.53102526565931,62.28402403464387
B,20,10,130,log,1.0,0.5,0.5,147.60741145149206,0.8690300325746934,48.39894575590897,54.257342022737795
B,20,10,130,log,1.0,0.5,1.0,44.21654373968181,0.8359491559791191,31.49875612359251,38.57947468356407
B,20,10,130,log,1.5,0.0,0.0,4.912217717421633,0.8689800985158508,11.303069467909754,16.729424519839455
B,20,10,130,log,1.5,0.0,0.5,4.912217717421633,0.8689800985158508,11.303069467909754,16.729424519839455
B,20,10,130,log,1.5,0.0,1.0,4.912217717421633,0.8689800985158508,11.303069467909754,16.729424519839455
B,20,10,130,log,1.5,0.1,0.0,38.042911066072215,0.8734119081007601,32.0196708915734,38.032677564761144
B,20,10,130,log,1.5,0.1,0.5,19.91673841197721,0.8730280509332937,24.483010379535358,30.89417592232504
B,20,10,130,log,1.5,0.1,1.0,8.387853992272127,0.8669451829392065,16.427322735175572,22.629894711364194
B,20,10,130,log,1.5,0.5,0.0,511.1590253549765,0.8739550504413142,63.516706126367374,69.57686892508451
B,20,10,130,log,1.5,0.5,0.5,294.01246553001135,0.8662820629216247,56.55193107933532,62.629805835046774
B,20,10,130,log,1.5,0.5,1.0,89.59107978844068,0.8299399717464043,39.734903521594596,46.69788789185155
B,20,15,115,log,0.1,0.0,0.0,3.764828275138688,0.8885684430120092,12.337918638919993,15.861594571042556
B,20,15,115,log,0.1,0.0,0.5,3.764828275138688,0.8885684430120092,12.337918638919993,15.861594571042556
B,20,15,115,log,0.1,0.0,1.0,3.764828275138688,0.8885684430120092,12.337918638919993,15.861594571042556
B,20,15,115,log,0.1,0.1,0.0,4.111596259370878,0.8891547563443865,13.088573481330394,17.0315434325136
B,20,15,115,log,0.1,0.1,1.0,3.7862608941698843,0.8896388359348434,12.479694063104688,16.08577809199813
B,20,15,115,log,0.1,0.1,0.5,3.9217022362612495,0.8895779406170983,12.752051612186259,16.526168615594408
B,20,15,115,log,0.1,0.5,0.0,8.566545619443069,0.8900909231535943,18.716339080155404,23.7850080902307
B,20,15,115,log,0.1,0.5,0.5,5.959740474214458,0.8905259214686337,15.797604841453275,20.489615797535546
B,20,15,115,log,0.5,0.0,0.0,3.9088968684898924,0.8878747192271431,12.406190585933581,16.02131765971084
B,20,15,115,log,0.1,0.5,1.0,4.251119208341595,0.8890377329740243,13.523039804987292,17.50967473952639
B,20,15,115,log,0.5,0.0,0.5,3.9088968684898924,0.8878747192271431,12.406190585933581,16.02131765971084
B,20,15,115,log,0.5,0.0,1.0,3.9088968684898924,0.8878747192271431,12.406190585933581,16.02131765971084
B,20,15,115,log,0.5,0.1,0.0,7.853870545243836,0.8893065584159983,17.817895884829696,22.888091739269203
B,20,15,115,log,0.5,0.1,0.5,5.747650075055994,0.8897764408440079,15.348574431278596,20.035887403842327
B,20,15,115,log,0.5,0.1,1.0,4.31351376265798,0.8885937372964477,13.40151191060338,17.4428053606002
B,20,15,115,log,0.5,0.5,0.0,64.951546242923,0.8899090203594664,41.598156888806884,46.39861604385673
B,20,15,115,log,0.5,0.5,0.5,33.67960514861388,0.8878252646258318,33.36139205043063,38.50303311033609
B,20,15,115,log,0.5,0.5,1.0,11.80130310806059,0.870843053497494,21.264455614156702,26.925007567334415
B,20,15,115,log,1.0,0.0,0.0,3.939988776355853,0.8877228147017217,12.421070778268057,16.05380648626126
B,20,15,115,log,1.0,0.0,0.5,3.939988776355853,0.8877228147017217,12.421070778268057,16.05380648626126
B,20,15,115,log,1.0,0.0,1.0,3.939988776355853,0.8877228147017217,12.421070778268057,16.05380648626126
B,20,15,115,log,1.0,0.1,0.0,16.299967309053105,0.8893788051724674,24.950854224440295,30.240893403565792
B,20,15,115,log,1.0,0.1,1.0,5.314473842037168,0.8866303192690713,14.975532315572488,19.48716922721623
B,20,15,115,log,1.0,0.1,0.5,9.71009472708799,0.889547864259443,19.69874347277269,24.96131316392401
B,20,15,115,log,1.0,0.5,0.0,184.98965288866157,0.8899135507673183,54.29994432465743,59.285116562284216
B,20,15,115,log,1.0,0.5,0.5,101.98641987245608,0.8842842384153231,46.772847538777135,51.839852394124684
