feature_set,window_size,n_components,clipping_threshold,n_estimators,max_depth,min_samples_leaf,max_features,mean_S_score,mean_C_index,mean_MAE,mean_RMSE
A,15,10,115,50,5.0,1,sqrt,6.319770873070553,0.8560982615792859,13.359182252225631,16.175246234219582
A,15,10,115,50,5.0,1,1.0,4.720894724983859,0.877542393571183,9.694256750367796,13.956893292527374
A,15,10,115,50,5.0,5,sqrt,6.328492494583953,0.8574294304252315,13.242766653553424,16.10754145341152
A,15,10,115,50,5.0,5,1.0,4.7217477497353775,0.8775714212843744,9.69522823773234,13.957242696174816
A,15,10,115,50,5.0,10,sqrt,6.391100519056955,0.8557991742943492,13.208681365648667,16.106107571702932
A,15,10,115,50,5.0,10,1.0,4.718716488525578,0.8775803910396558,9.693447890052855,13.954163600550268
A,15,10,115,50,10.0,1,sqrt,4.5399327149834106,0.8783746160570882,10.103429526810588,13.773764054813665
A,15,10,115,50,10.0,1,1.0,4.584770253355518,0.8810136918264238,9.064747970434828,13.652340423754236
A,15,10,115,50,10.0,5,sqrt,4.552222761272189,0.8782364854116459,10.136004784647874,13.76854969508849
A,15,10,115,50,10.0,5,1.0,4.520148002214282,0.8811173012847086,9.065628842490248,13.631754635881055
A,15,10,115,50,10.0,10,sqrt,4.519906845189764,0.8772482941500523,10.16906659617987,13.81907523175622
A,15,10,115,50,10.0,10,1.0,4.5194117098036015,0.8812401603350362,9.05276809892448,13.61145536737023
A,15,10,115,50,,1,sqrt,4.330426347895762,0.8762080406458754,9.493768933199725,13.702929007645745
A,15,10,115,50,,1,1.0,4.660544106458808,0.874376656478501,9.315358667666684,13.982157202896843
A,15,10,115,50,,5,sqrt,4.26660541765259,0.8783240986238596,9.410815222353808,13.576252018356508
A,15,10,115,50,,5,1.0,4.542823540082137,0.8774829230980081,9.174970599411049,13.799988544505998
A,15,10,115,50,,10,sqrt,4.2570907680112935,0.8787939408568057,9.585157832588484,13.613285787649136
A,15,10,115,50,,10,1.0,4.539988084294099,0.8788783821432216,9.108992418984007,13.712387282363425
A,15,10,115,100,5.0,1,sqrt,6.290827370162665,0.8586476353466027,13.289943850755188,16.116084391147457
A,15,10,115,100,5.0,1,1.0,4.7215912463442935,0.8776448280107243,9.695926382346173,13.960639886870556
A,15,10,115,100,5.0,5,sqrt,6.300108861373383,0.8592697736903709,13.214691800771291,16.070506211416344
A,15,10,115,100,5.0,5,1.0,4.7222126910961775,0.8776719446963555,9.696254032526062,13.960894105033011
A,15,10,115,100,5.0,10,sqrt,6.3365767886121205,0.8576328171882663,13.187705873896078,16.06670924482691
A,15,10,115,100,5.0,10,1.0,4.720122240895887,0.8777021504631628,9.694973425951911,13.958451592460827
A,15,10,115,100,10.0,1,sqrt,4.490047892776142,0.8792483008288219,10.067763459433907,13.72479592955164
A,15,10,115,100,10.0,1,1.0,4.521752348027057,0.8813328864763186,9.06220179466322,13.632033178854112
A,15,10,115,100,10.0,5,sqrt,4.503874956882895,0.8786889413517847,10.083110046963288,13.745909355026496
A,15,10,115,100,10.0,5,1.0,4.479619381085421,0.8813770399874865,9.055285565436227,13.614177111038634
A,15,10,115,100,10.0,10,sqrt,4.482973749117354,0.8783414817257077,10.13278736924831,13.772380443744808
A,15,10,115,100,10.0,10,1.0,4.471838920444883,0.8814955237480941,9.04561841042277,13.595153075994668
A,15,10,115,100,,1,sqrt,4.2250292718773075,0.8778282332359624,9.458820139952566,13.610691902283202
A,15,10,115,100,,1,1.0,4.549309135047506,0.8755333644291354,9.298708320313915,13.91718151171228
A,15,10,115,100,,5,sqrt,4.212588961048079,0.8795006947750219,9.414920299083002,13.532322641762146
A,15,10,115,100,,5,1.0,4.476689165578831,0.8776939006152403,9.16249237437051,13.76178300622765
A,15,10,115,100,,10,sqrt,4.179350275503557,0.8799730864533547,9.531014527320895,13.54322735694438
A,15,10,115,100,,10,1.0,4.474909539381066,0.8791587403275827,9.101055365629458,13.684514106527416
A,15,10,115,200,5.0,1,sqrt,6.295981871121555,0.8603069087597366,13.36689520025953,16.170329058887308
A,15,10,115,200,5.0,1,1.0,4.725106435315886,0.8782786535404137,9.688488651280448,13.95033946197887
A,15,10,115,200,5.0,5,sqrt,6.324329344613892,0.860686157578237,13.367214944870636,16.172626192805748
A,15,10,115,200,5.0,5,1.0,4.724949657896589,0.8783670180534073,9.688937927282666,13.950005445166877
A,15,10,115,200,5.0,10,sqrt,6.326047246155641,0.8595755107251479,13.318456312098448,16.145634992583688
A,15,10,115,200,5.0,10,1.0,4.723948193418446,0.8783707764206952,9.68830641674777,13.948666052460023
A,15,10,115,200,10.0,1,sqrt,4.524763923478758,0.8791043360301117,10.1168372608048,13.759817347050603
A,15,10,115,200,10.0,1,1.0,4.52781688462619,0.8815385662689602,9.046770767092656,13.611196648634092
A,15,10,115,200,10.0,5,sqrt,4.506231038933712,0.8791847028538907,10.103739121437552,13.74868527584564
A,15,10,115,200,10.0,5,1.0,4.502286618213996,0.8815340987572726,9.04354212246522,13.60173217320563
A,15,10,115,200,10.0,10,sqrt,4.493826690187658,0.8788294289635067,10.16266239017679,13.774196278431216
A,15,10,115,200,10.0,10,1.0,4.492475629576165,0.8817105649419255,9.035505501298134,13.583452001555273
A,15,10,115,200,,1,sqrt,4.2084971113184135,0.8782545321244244,9.463465341062776,13.59234978995748
A,15,10,115,200,,1,1.0,4.5423744814970775,0.8761169993078051,9.279810532237963,13.882317401170733
A,15,10,115,200,,5,sqrt,4.213724824305368,0.8793292807279848,9.45214503332568,13.536572533768506
A,15,10,115,50,5.0,1,sqrt,6.319770873070553,0.8560982615792859,13.359182252225631,16.175246234219582
A,15,10,115,50,5.0,1,1.0,4.720894724983859,0.877542393571183,9.694256750367796,13.956893292527374
A,15,10,115,50,5.0,5,sqrt,6.328492494583953,0.8574294304252315,13.242766653553424,16.10754145341152
A,15,10,115,50,5.0,5,1.0,4.7217477497353775,0.8775714212843744,9.69522823773234,13.957242696174816
A,15,10,115,50,5.0,10,sqrt,6.391100519056955,0.8557991742943492,13.208681365648667,16.106107571702932
A,15,10,115,50,5.0,10,1.0,4.718716488525578,0.8775803910396558,9.693447890052855,13.954163600550268
A,15,10,115,50,10.0,1,sqrt,4.5399327149834106,0.8783746160570882,10.103429526810588,13.773764054813665
A,15,10,115,50,10.0,1,1.0,4.584770253355518,0.8810136918264238,9.064747970434828,13.652340423754236
A,15,10,115,50,10.0,5,sqrt,4.552222761272189,0.8782364854116459,10.136004784647874,13.76854969508849
A,15,10,115,50,10.0,5,1.0,4.520148002214282,0.8811173012847086,9.065628842490248,13.631754635881055
A,15,10,115,50,10.0,10,sqrt,4.519906845189764,0.8772482941500523,10.16906659617987,13.81907523175622
A,15,10,115,50,10.0,10,1.0,4.5194117098036015,0.8812401603350362,9.05276809892448,13.61145536737023
A,15,10,115,50,,1,sqrt,4.330426347895762,0.8762080406458754,9.493768933199725,13.702929007645745
A,15,10,115,50,,1,1.0,4.660544106458808,0.874376656478501,9.315358667666684,13.982157202896843
A,15,10,115,50,,5,sqrt,4.26660541765259,0.8783240986238596,9.410815222353808,13.576252018356508
A,15,10,115,50,,5,1.0,4.542823540082137,0.8774829230980081,9.174970599411049,13.799988544505998
A,15,10,115,50,,10,sqrt,4.2570907680112935,0.8787939408568057,9.585157832588484,13.613285787649136
A,15,10,115,50,,10,1.0,4.539988084294099,0.8788783821432216,9.108992418984007,13.712387282363425
A,15,10,115,100,5.0,1,sqrt,6.290827370162665,0.8586476353466027,13.289943850755188,16.116084391147457
A,15,10,115,100,5.0,1,1.0,4.7215912463442935,0.8776448280107243,9.695926382346173,13.960639886870556
A,15,10,115,100,5.0,5,sqrt,6.300108861373383,0.8592697736903709,13.214691800771291,16.070506211416344
A,15,10,115,100,5.0,5,1.0,4.7222126910961775,0.8776719446963555,9.696254032526062,13.960894105033011
A,15,10,115,100,5.0,10,sqrt,6.3365767886121205,0.8576328171882663,13.187705873896078,16.06670924482691
A,15,10,115,100,5.0,10,1.0,4.720122240895887,0.8777021504631628,9.694973425951911,13.958451592460827
A,15,10,115,100,10.0,1,sqrt,4.490047892776142,0.8792483008288219,10.067763459433907,13.72479592955164
A,15,10,115,100,10.0,1,1.0,4.521752348027057,0.8813328864763186,9.06220179466322,13.632033178854112
A,15,10,115,100,10.0,5,sqrt,4.503874956882895,0.8786889413517847,10.083110046963288,13.745909355026496
A,15,10,115,100,10.0,5,1.0,4.479619381085421,0.8813770399874865,9.055285565436227,13.614177111038634
A,15,10,115,100,10.0,10,sqrt,4.482973749117354,0.8783414817257077,10.13278736924831,13.772380443744808
A,15,10,115,100,10.0,10,1.0,4.471838920444883,0.8814955237480941,9.04561841042277,13.595153075994668
A,15,10,115,100,,1,sqrt,4.2250292718773075,0.8778282332359624,9.458820139952566,13.610691902283202
A,15,10,115,100,,1,1.0,4.549309135047506,0.8755333644291354,9.298708320313915,13.91718151171228
A,15,10,115,100,,5,sqrt,4.212588961048079,0.8795006947750219,9.414920299083002,13.532322641762146
A,15,10,115,100,,5,1.0,4.476689165578831,0.8776939006152403,9.16249237437051,13.76178300622765
A,15,10,115,100,,10,sqrt,4.179350275503557,0.8799730864533547,9.531014527320895,13.54322735694438
A,15,10,115,100,,10,1.0,4.474909539381066,0.8791587403275827,9.101055365629458,13.684514106527416
A,15,10,115,200,5.0,1,sqrt,6.295981871121555,0.8603069087597366,13.36689520025953,16.170329058887308
A,15,10,115,200,5.0,1,1.0,4.725106435315886,0.8782786535404137,9.688488651280448,13.95033946197887
A,15,10,115,200,5.0,5,sqrt,6.324329344613892,0.860686157578237,13.367214944870636,16.172626192805748
A,15,10,115,200,5.0,5,1.0,4.724949657896589,0.8783670180534073,9.688937927282666,13.950005445166877
A,15,10,115,200,5.0,10,sqrt,6.326047246155641,0.8595755107251479,13.318456312098448,16.145634992583688
A,15,10,115,200,5.0,10,1.0,4.723948193418446,0.8783707764206952,9.68830641674777,13.948666052460023
A,15,10,115,200,10.0,1,sqrt,4.524763923478758,0.8791043360301117,10.1168372608048,13.759817347050603
A,15,10,115,200,10.0,1,1.0,4.52781688462619,0.8815385662689602,9.046770767092656,13.611196648634092
A,15,10,115,200,10.0,5,sqrt,4.506231038933712,0.8791847028538907,10.103739121437552,13.74868527584564
A,15,10,115,200,10.0,5,1.0,4.502286618213996,0.8815340987572726,9.04354212246522,13.60173217320563
A,15,10,115,200,10.0,10,sqrt,4.493826690187658,0.8788294289635067,10.16266239017679,13.774196278431216
A,15,10,115,200,10.0,10,1.0,4.492475629576165,0.8817105649419255,9.035505501298134,13.583452001555273
A,15,10,115,200,,1,sqrt,4.2084971113184135,0.8782545321244244,9.463465341062776,13.59234978995748
A,15,10,115,200,,1,1.0,4.5423744814970775,0.8761169993078051,9.279810532237963,13.882317401170733
A,15,10,115,200,,5,sqrt,4.213724824305368,0.8793292807279848,9.45214503332568,13.536572533768506
A,15,10,115,200,,5,1.0,4.523681375788014,0.8780259017066505,9.15317910107404,13.754054191184466
A,15,10,115,200,,10,sqrt,4.1733194398120785,0.8801939802720404,9.536823015477468,13.528375093795807
A,15,10,115,200,,10,1.0,4.503570506227809,0.8793608239095791,9.09228795519906,13.673036256770876
A,15,10,120,50,5.0,1,sqrt,7.852730854576616,0.8510234281305229,14.510692594664205,17.416557558978027
A,15,10,120,50,5.0,1,1.0,5.946020739444359,0.8696801554131387,10.753191173171448,15.095602702747446
A,15,10,120,50,5.0,5,sqrt,7.955941475431759,0.8510279031102271,14.441888166882856,17.410064910589444
A,15,10,120,50,5.0,5,1.0,5.9457552543258885,0.8696935133371817,10.75403260695768,15.094191701150836
A,15,10,120,50,5.0,10,sqrt,7.844860616862475,0.8505419500896183,14.37322983574862,17.355527393133855
A,15,10,120,50,5.0,10,1.0,5.943523303906023,0.8697227655500279,10.75307608542751,15.09173129728044
A,15,10,120,50,10.0,1,sqrt,5.752836238696948,0.8704043940705685,11.242797509917894,14.978112919735754
A,15,10,120,50,10.0,1,1.0,5.805433833598869,0.8727588930961163,10.090923935370688,14.78314934238947
A,15,10,120,50,10.0,5,sqrt,5.665804912121556,0.870956959566241,11.114521442881903,14.889386348534174
A,15,10,120,50,10.0,5,1.0,5.846745762445653,0.8727153593238451,10.088901577563131,14.76814825670262
A,15,10,120,50,10.0,10,sqrt,5.6487332259624,0.8709903250534821,11.226242675582242,14.956020045036556
A,15,10,120,50,10.0,10,1.0,5.8202377283157,0.8728801879119104,10.080113775470746,14.742547870337711
A,15,10,120,50,,1,sqrt,5.469031109975663,0.867521757875866,10.556952368986732,14.870041247157795
A,15,10,120,50,,1,1.0,5.931080585403347,0.865855699667855,10.378930685623247,15.16659545358383
A,15,10,120,50,,5,sqrt,5.344955250091557,0.8710339133504819,10.472854056151812,14.708911650753835
A,15,10,120,50,,5,1.0,5.897352379779704,0.8690070523847495,10.218107869219384,14.96724223593588
A,15,10,120,50,,10,sqrt,5.354657560411556,0.8710739382397079,10.585773273331396,14.728478417037412
A,15,10,120,50,,10,1.0,5.870991138185424,0.870200425771676,10.151591971189522,14.856409923242524
A,15,10,120,100,5.0,1,sqrt,7.820470034286794,0.8523476217945261,14.457375130683166,17.370525225008173
A,15,10,120,100,5.0,1,1.0,5.928736205426844,0.8700017827995028,10.746007799059834,15.086167358884657
A,15,10,120,100,5.0,5,sqrt,7.860232966035531,0.8524284855055921,14.412250711097508,17.354340890094015
A,15,10,120,100,5.0,5,1.0,5.928092951831351,0.8700366187118671,10.746087298712611,15.084832859727925
A,15,10,120,100,5.0,10,sqrt,7.785288347055899,0.8521507594371739,14.326308101282212,17.286476984474945
A,15,10,120,100,5.0,10,1.0,5.926244538082783,0.8700793230881066,10.744743824072865,15.082642881617955
A,15,10,120,100,10.0,1,sqrt,5.6291735582776345,0.8715979788169843,11.14322149255269,14.880825816176738
A,15,10,120,100,10.0,1,1.0,5.770521696824855,0.8731430054268096,10.083492072231564,14.764559935595594
A,15,10,120,100,10.0,5,sqrt,5.629992064100772,0.8715066821598985,11.103280215064148,14.874323267764373
A,15,10,120,100,10.0,5,1.0,5.778079921048942,0.8730658756562454,10.07989355312652,14.75495893221194
A,15,10,120,100,10.0,10,sqrt,5.609261792102008,0.8709493197277821,11.2249318601874,14.933301251404666
A,15,10,120,100,10.0,10,1.0,5.738163229891102,0.8731781354398149,10.07537925375957,14.734404006342752
A,15,10,120,100,,1,sqrt,5.328264283783159,0.8691522736039177,10.52090725196934,14.775847713931675
A,15,10,120,100,,1,1.0,5.817916099231655,0.8667795115050965,10.366579012528405,15.099738497229271
A,15,10,120,100,,5,sqrt,5.318407964149952,0.8714146421328101,10.489457966817994,14.684415455987054
A,15,10,120,100,,5,1.0,5.807271066447359,0.8691673135664006,10.214279503014762,14.938686887921056
A,15,10,120,100,,10,sqrt,5.286085434645416,0.8717331036602907,10.563351727320294,14.691292230894453
A,15,10,120,100,,10,1.0,5.744475594757943,0.8705754132335907,10.148692908578887,14.838026767978253
A,15,10,120,200,5.0,1,sqrt,7.800299729585953,0.8536308612240291,14.54729917556573,17.425992759812893
A,15,10,120,200,5.0,1,1.0,5.930250802993915,0.870830420472865,10.730863227823097,15.0698834311445
A,15,10,120,200,5.0,5,sqrt,7.840929374558639,0.8534439820664635,14.560665344691731,17.449630134263877
A,15,10,120,200,5.0,5,1.0,5.929315592174673,0.8708527746574131,10.731298148686053,15.068243079390118
A,15,10,120,200,5.0,10,sqrt,7.819216545647542,0.8532423854657228,14.518876867765515,17.421520328851294
A,15,10,120,200,5.0,10,1.0,5.9278230525581534,0.8708547423834372,10.730184651196115,15.066377891860494
A,15,10,120,200,10.0,1,sqrt,5.653965305803653,0.871464402103323,11.194769038837304,14.911226310136508
A,15,10,120,200,10.0,1,1.0,5.755064931798034,0.8734316884673288,10.068224546791177,14.740391887117346
A,15,10,120,200,10.0,5,sqrt,5.6582867659189295,0.8719314195172492,11.18137115951338,14.916476115219933
A,15,10,120,200,10.0,5,1.0,5.761051244099805,0.8733063210347731,10.069040163816796,14.7350997516435
A,15,10,120,200,10.0,10,sqrt,5.597627847796414,0.8713318867022004,11.24806310803094,14.930989728351658
A,15,10,120,200,10.0,10,1.0,5.704926749709498,0.8733413096853517,10.06400248066767,14.716163624399192
A,15,10,120,200,,1,sqrt,5.312294725584282,0.8700625488624588,10.508841134351254,14.747259844163532
A,15,10,120,200,,1,1.0,5.786794475458743,0.8674482672562407,10.338248356921046,15.05361630981237
A,15,10,120,200,,5,sqrt,5.299167180503654,0.8717504421213077,10.477276948512664,14.657500486605064
A,15,10,120,200,,5,1.0,5.807587670092845,0.8694834363435611,10.200057900113674,14.91560193979094
A,15,10,120,200,,10,sqrt,5.268517263303014,0.8721472189267356,10.568780010766364,14.67020310846758
A,15,10,120,200,,10,1.0,5.740796079467531,0.8708440810878197,10.137852328880232,14.825677258312837
A,15,10,125,50,5.0,1,sqrt,9.67618123362916,0.8436160398782441,15.743701960259198,18.73790901499414
A,15,10,125,50,5.0,1,1.0,7.352420221760899,0.8627852740237033,11.824583412901726,16.23572741003624
A,15,10,125,50,5.0,5,sqrt,9.852998293989916,0.8435061150416127,15.66370404619401,18.73588781145478
A,15,10,125,50,5.0,5,1.0,7.351704967542193,0.862796368642362,11.825008782693502,16.234592248991373
A,15,10,125,50,5.0,10,sqrt,9.792394828557482,0.842967080441283,15.507835581269868,18.617844607366543
A,15,10,125,50,5.0,10,1.0,7.351440110962744,0.8628217051515705,11.824973415055648,16.232819891211
A,15,10,125,50,10.0,1,sqrt,7.132425151130901,0.8627835850436233,12.221623464721509,16.112724599350162
A,15,10,125,50,10.0,1,1.0,7.341053677884335,0.8644868256388977,11.132718779526131,15.943524107468628
A,15,10,125,50,10.0,5,sqrt,7.011560141498177,0.8622857478317723,12.246990959185911,16.09463071901643
A,15,10,125,50,10.0,5,1.0,7.304679602597355,0.8643708597162195,11.131324827216476,15.92937488115108
A,15,10,125,50,10.0,10,sqrt,7.0956235247101045,0.8622060064418982,12.369280532462293,16.177366396228713
A,15,10,125,50,10.0,10,1.0,7.271090980580034,0.864521164651961,11.125637863993624,15.898122828222522
A,15,10,125,50,,1,sqrt,6.854873031302617,0.8598969871658255,11.644901156249048,16.02733492095099
A,15,10,125,50,,1,1.0,7.396546204850961,0.8578783605380697,11.422002887910336,16.327284468627877
A,15,10,125,50,,5,sqrt,6.723189237079124,0.8625404819048217,11.563080505150513,15.8816162867594
A,15,10,125,50,,5,1.0,7.387142737395514,0.8605107710043998,11.27504352075218,16.14253575102891
A,15,10,125,50,,10,sqrt,6.630111157224936,0.862936512215722,11.67047529788534,15.890632049433862
A,15,10,125,50,,10,1.0,7.299165707443163,0.8620502735522793,11.202161580296444,16.017392431051025
A,15,10,125,100,5.0,1,sqrt,9.617422039350902,0.8451975476477477,15.642924537019091,18.657980361765503
A,15,10,125,100,5.0,1,1.0,7.359885042610578,0.8628335329152728,11.82735114056218,16.237094530666255
A,15,10,125,100,5.0,5,sqrt,9.676483318602576,0.8451328480858156,15.666652478933022,18.69110141999925
A,15,10,125,100,5.0,5,1.0,7.358947195914405,0.8628399939640014,11.827146799353477,16.235558441816487
A,15,10,125,100,5.0,10,sqrt,9.643289534212467,0.8449214809571742,15.512996214077033,18.574585709657583
A,15,10,125,100,5.0,10,1.0,7.358553609954983,0.8628489555508079,11.826618689361156,16.234062993207605
A,15,10,125,100,10.0,1,sqrt,7.036289802686542,0.8631967903270686,12.20484160186322,16.05982369503186
A,15,10,125,100,10.0,1,1.0,7.297964821440135,0.8648137756699488,11.131468369661093,15.92474358496462
A,15,10,125,100,10.0,5,sqrt,6.925906720405427,0.8631301625122452,12.197491377444052,16.037625397003524
A,15,10,125,100,10.0,5,1.0,7.257285384497171,0.8646661266604889,11.128637355096362,15.913838118912889
A,15,10,125,100,10.0,10,sqrt,7.014910773333275,0.8629075977495939,12.337341750906312,16.13418795804081
A,15,10,125,100,10.0,10,1.0,7.221979023348735,0.8646884862172405,11.125904337843476,15.889087476350657
A,15,10,125,100,,1,sqrt,6.630780884370625,0.8616296183552439,11.599781842022624,15.93700222773305
A,15,10,125,100,,1,1.0,7.273692218379019,0.858863200153572,11.400034398219304,16.254994574819456
A,15,10,125,100,,5,sqrt,6.637968459778344,0.8635986889105576,11.541892155139577,15.821002474421888
A,15,10,125,100,,5,1.0,7.31074832291514,0.8607307881271226,11.278687594119996,16.122995934299325
A,15,10,125,100,,10,sqrt,6.561428903060974,0.863924536327507,11.624567332076328,15.825261901998797
A,15,10,125,100,,10,1.0,7.226256499318785,0.8621721902248888,11.205610769116523,16.010642279506307
A,15,10,125,200,5.0,1,sqrt,9.600550575752973,0.8459746360506163,15.76229582314996,18.726117720846727
A,15,10,125,200,5.0,1,1.0,7.38942948531272,0.8630819222273853,11.828382519370072,16.24233297999969
A,15,10,125,200,5.0,5,sqrt,9.636480040787058,0.8458975590436113,15.80162140134644,18.760449548682992
A,15,10,125,200,5.0,5,1.0,7.388811011520285,0.8630909081831175,11.828560285584988,16.240888177234293
A,15,10,125,200,5.0,10,sqrt,9.654603482940592,0.8458814145384611,15.717195404919304,18.70959197559169
A,15,10,125,200,5.0,10,1.0,7.38829629115146,0.8630959696091557,11.82818868491818,16.239698497658413
A,15,10,125,200,10.0,1,sqrt,7.026601380204146,0.8638439442057422,12.243454598088396,16.0713489400538
A,15,10,125,200,10.0,1,1.0,7.289220510490926,0.8649862046083008,11.127685310519713,15.91944250076486
A,15,10,125,200,10.0,5,sqrt,6.983804960649894,0.8638589480847848,12.267652968750378,16.06763605330613
A,15,10,125,200,10.0,5,1.0,7.260266815055466,0.8648778692391612,11.123472866701803,15.902939676618953
A,15,10,125,200,10.0,10,sqrt,7.005771007494968,0.8632741198912945,12.353814770138204,16.12886776842813
A,15,10,125,200,10.0,10,1.0,7.213117976848494,0.8649128869316962,11.1180261626014,15.878648568060235
A,15,10,125,200,,1,sqrt,6.632671352998064,0.8621361546013174,11.590982729043064,15.919122464837518
A,15,10,125,200,,1,1.0,7.313993857587053,0.8591285024531562,11.400457277933045,16.24236136943287
A,15,10,125,200,,5,sqrt,6.6229701886042305,0.8637357945233223,11.547113287902338,15.807848142743364
A,15,10,125,200,,5,1.0,7.322889702613473,0.8610163275678827,11.27194895805432,16.10911819453127
A,15,10,125,200,,10,sqrt,6.547531022371724,0.8639830503347742,11.639193307710032,15.81711912252984
A,15,10,125,200,,10,1.0,7.248028123050618,0.8624399191323023,11.196252009337009,15.997774553537967
A,15,10,130,50,5.0,1,sqrt,11.309600964292576,0.8448509404883783,14.954579983384994,18.553231773078235
A,15,10,130,50,5.0,1,1.0,8.579548150066534,0.8615303792568024,11.189460945880418,16.34578834181115
A,15,10,130,50,5.0,5,sqrt,11.452110074245658,0.8444845716141334,14.875475424732263,18.55677771064696
A,15,10,130,50,5.0,5,1.0,8.578710755870913,0.8615358873790173,11.189363157641788,16.343923582977972
A,15,10,130,50,5.0,10,sqrt,11.45449082128503,0.8440414616746764,14.702929455271084,18.45846161723036
A,15,10,130,50,5.0,10,1.0,8.578217404534152,0.8615480616311,11.189701475848434,16.342138700614434
A,15,10,130,50,10.0,1,sqrt,8.27203611694502,0.8629891608584753,11.32234075081626,16.12034594882781
A,15,10,130,50,10.0,1,1.0,8.575150480504252,0.8618575855691677,10.533096830995238,16.117408702894956
A,15,10,130,50,10.0,5,sqrt,8.2662329091313,0.8629895587018452,11.325090245582263,16.108542470328477
A,15,10,130,50,10.0,5,1.0,8.46605359695972,0.8617808600135278,10.53276910443962,16.091225936043763
A,15,10,130,50,10.0,10,sqrt,8.17200421637116,0.8620030345001964,11.473031498307328,16.176732727792835
A,15,10,130,50,10.0,10,1.0,8.449287496321528,0.862104822598625,10.52658430158984,16.059639730843696
A,15,10,130,50,,1,sqrt,7.87866600349076,0.8598417342907119,10.89696337905252,16.11101646417763
A,15,10,130,50,,1,1.0,8.84125555199358,0.8557394540248563,10.889766937397193,16.455418924519083
A,15,10,130,50,,5,sqrt,7.891162886027329,0.862458808107893,10.794198909798467,15.968837654987547
A,15,10,130,50,,5,1.0,8.645390779930418,0.8577172933790346,10.742488495392353,16.30183086885515
A,15,10,130,50,,10,sqrt,7.798045416856991,0.8624704538590169,10.877731656724256,15.936216914045684
A,15,10,130,50,,10,1.0,8.467592726189622,0.8593596643329029,10.637185354413786,16.16684164011296
A,15,10,130,100,5.0,1,sqrt,11.184268046159586,0.8462734232243694,14.911792036246869,18.509240354715317
A,15,10,130,100,5.0,1,1.0,8.593608773427814,0.8615721437329356,11.200802717668894,16.36291738168293
A,15,10,130,100,5.0,5,sqrt,11.237292766609926,0.8454242669234387,14.870909720376584,18.49686068731292
A,15,10,130,100,5.0,5,1.0,8.592414878642469,0.8615659978652014,11.19960747072304,16.360454026443822
A,15,10,130,100,5.0,10,sqrt,11.285810542497735,0.8458707414894329,14.69983608686152,18.399147276345975
A,15,10,130,100,5.0,10,1.0,8.591517582111328,0.8615566278428238,11.199740101519126,16.359427063841874
A,15,10,130,100,10.0,1,sqrt,8.144495419677067,0.8635400291858029,11.281199283923224,16.082978300656443
A,15,10,130,100,10.0,1,1.0,8.511394630645672,0.8622063058518574,10.529129167354323,16.089818048062714
A,15,10,130,100,10.0,5,sqrt,8.102456458574256,0.8638319896188997,11.274611117092745,16.046994465137264
A,15,10,130,100,10.0,5,1.0,8.450536878826165,0.8622084022208647,10.527401285883863,16.074162381610325
A,15,10,130,100,10.0,10,sqrt,8.05655218509561,0.862846081844949,11.385855599300784,16.100413946157254
A,15,10,130,100,10.0,10,1.0,8.424145386015226,0.8622527701524902,10.5309424905467,16.054917093407504
A,15,10,130,100,,1,sqrt,7.659672784204025,0.8612361362661453,10.828653575582988,15.989439160308322
A,15,10,130,100,,1,1.0,8.608254097332296,0.8559526377810747,10.873512619024902,16.39448443129602
A,15,10,130,100,,5,sqrt,7.728600349540311,0.8632221751125344,10.751348146066013,15.903060550568688
A,15,10,130,100,,5,1.0,8.535451909833665,0.8580457709040081,10.726628587049897,16.268611753033014
A,15,10,130,100,,10,sqrt,7.757930820410138,0.8630407710352663,10.85427679023964,15.9110243409096
A,15,10,130,100,,10,1.0,8.389948846728629,0.8596635926645737,10.638976668798918,16.15011246847224
A,15,10,130,200,5.0,1,sqrt,11.102586534584653,0.8467837162358324,15.003430034908607,18.546112916230495
A,15,10,130,200,5.0,1,1.0,8.644494830983088,0.8615615952314286,11.206667861467558,16.37188965699627
A,15,10,130,200,5.0,5,sqrt,11.175429862091216,0.8462991380661995,15.005345922160364,18.556706634345005
A,15,10,130,200,5.0,5,1.0,8.643710063841619,0.8615624077075468,11.205675380531066,16.369748022349572
A,15,10,130,200,5.0,10,sqrt,11.19233843768532,0.8466098091990046,14.90991362953624,18.50171088423395
A,15,10,130,200,5.0,10,1.0,8.64275007521386,0.8615695531600714,11.206012979422905,16.36868206221414
A,15,10,130,200,10.0,1,sqrt,8.160378877641833,0.8640061200043476,11.303923898911489,16.078837390278643
A,15,10,130,200,10.0,1,1.0,8.536734731652412,0.8624944308025319,10.526909644053037,16.09401830116524
A,15,10,130,200,10.0,5,sqrt,8.129595529937323,0.8642605622086499,11.32571721375563,16.062007476900185
A,15,10,130,200,10.0,5,1.0,8.499715883149955,0.8624923866164025,10.524999930843755,16.076286450254734
A,15,10,130,200,10.0,10,sqrt,8.092259824292762,0.8634957256641451,11.416711981044136,16.098594246336518
A,15,10,130,200,10.0,10,1.0,8.452613497737712,0.862596961300922,10.523868118131537,16.052556802781535
A,15,10,130,200,,1,sqrt,7.59448922375699,0.8617630505159196,10.822639360145669,15.943879268005286
A,15,10,130,200,,1,1.0,8.566282868514453,0.8565985676719743,10.856293929057603,16.367084382678293
A,15,10,130,200,,5,sqrt,7.704557868363702,0.8631616722900832,10.766574654440335,15.898428985879605
A,15,10,130,200,,5,1.0,8.514881305802405,0.8584417890051261,10.712522366474362,16.249640828211465
A,15,10,130,200,,10,sqrt,7.673926714395736,0.8634566005310973,10.84533903550946,15.88259372658375
A,15,10,130,200,,10,1.0,8.429659406627271,0.8598714668849784,10.62853981338515,16.145687654060364
A,15,15,115,50,5.0,1,sqrt,9.225993037339489,0.8352667112542063,16.660008040096223,19.23859897010037
A,15,15,115,50,5.0,1,1.0,4.722045851483332,0.8774803500767392,9.69557941848806,13.960885502961435
A,15,15,115,50,5.0,5,sqrt,8.729589977855758,0.8351155659675069,16.322118436203798,18.88249903930393
A,15,15,115,50,5.0,5,1.0,4.7219930807224175,0.8774999786268938,9.696649707164967,13.96099210533078
A,15,15,115,50,5.0,10,sqrt,8.66422424554943,0.8341023734599137,16.18347089032617,18.784851423430485
A,15,15,115,50,5.0,10,1.0,4.719537079434107,0.8775136478513627,9.69512114334936,13.95731918356866
A,15,15,115,50,10.0,1,sqrt,5.401148202322922,0.8647798142084919,12.029159320546668,15.048601837778747
A,15,15,115,50,10.0,1,1.0,4.6476666312176675,0.8808055882335305,9.080230912818925,13.675520465764134
A,15,15,115,50,10.0,5,sqrt,5.500011276276692,0.8635509502165938,12.079872968233026,15.118673104686795
A,15,15,115,50,10.0,5,1.0,4.5955900453781,0.8809118338802607,9.070421440485806,13.646858371478462
A,15,15,115,50,10.0,10,sqrt,5.383539670685272,0.8643879788629778,12.107156436378247,15.102759704099446
A,15,15,115,50,10.0,10,1.0,4.549978100204607,0.8811969557004022,9.062715965956391,13.621064316090942
A,15,15,115,50,,1,sqrt,4.573171595914735,0.8707636507151607,10.300372324881778,14.06143485591286
A,15,15,115,50,,1,1.0,4.729545935564722,0.8745732381344242,9.325218271146522,13.967678771365886
A,15,15,115,50,,5,sqrt,4.486454716432656,0.8720501194595647,10.410782702303766,14.063354966930527
A,15,15,115,50,,5,1.0,4.679049768044329,0.8765694094788831,9.20173566463662,13.839177169417049
A,15,15,115,50,,10,sqrt,4.511025145532808,0.872731911361541,10.598186251878746,14.151012981372952
A,15,15,115,50,,10,1.0,4.613483273577018,0.8782860178066786,9.14060576576094,13.740452295968074
A,15,15,115,100,5.0,1,sqrt,8.825983244978724,0.8398503819491945,16.471882140469045,19.019731895306048
A,15,15,115,100,5.0,1,1.0,4.72295866233667,0.8775831539846513,9.697339509245102,13.964373941445784
A,15,15,115,100,5.0,5,sqrt,8.6616195489413,0.83926589275708,16.35579028721099,18.88696794442226
A,15,15,115,100,5.0,5,1.0,4.7235035771964835,0.8776306820830705,9.69789730006173,13.96459401342268
A,15,15,115,100,5.0,10,sqrt,8.76000023658899,0.8389627755813434,16.378257162191055,18.930076627232232
A,15,15,115,100,5.0,10,1.0,4.721416748659271,0.8776410798062934,9.696630024016304,13.961766739750468
A,15,15,115,100,10.0,1,sqrt,5.3161958186636555,0.8682019511300396,11.936437300289976,14.960930965361708
A,15,15,115,100,10.0,1,1.0,4.595023214860101,0.881003159571016,9.071676106364952,13.649550451676348
A,15,15,115,100,10.0,5,sqrt,5.375737079743366,0.8670526499913388,11.95334228831609,14.98749351914185
A,15,15,115,100,10.0,5,1.0,4.557338111570767,0.881094957913564,9.063460457162074,13.625933575175088
A,15,15,115,100,10.0,10,sqrt,5.285049516921953,0.8669065231193649,11.944081442974849,14.96827648484593
A,15,15,115,100,10.0,10,1.0,4.517456597129214,0.8813472307493863,9.056724690482316,13.605719291597293
A,15,15,115,100,,1,sqrt,4.428510667796716,0.8729692113395773,10.281301595828296,13.96702745929928
A,15,15,115,100,,1,1.0,4.623158383449055,0.8753745665837018,9.314193461607786,13.91119010411027
A,15,15,115,100,,5,sqrt,4.428100322351922,0.8734520615524488,10.38657566198503,13.990644728108553
A,15,15,115,100,,5,1.0,4.583938037272499,0.8773299121975725,9.18167813482709,13.782116095024112
A,15,15,115,100,,10,sqrt,4.456835693169809,0.8734999657436667,10.614522568241943,14.108514515524018
A,15,15,115,100,,10,1.0,4.538382455679498,0.8787589634046435,9.12709918259062,13.70367924166356
A,15,15,115,200,5.0,1,sqrt,8.152588686097904,0.844564936438793,15.869990636485474,18.405150882630544
A,15,15,115,200,5.0,1,1.0,4.726295927217055,0.8782148160069884,9.690682350257786,13.954385653384534
A,15,15,115,200,5.0,5,sqrt,8.077333014189758,0.8443489289926169,15.81738099597674,18.35207233559601
A,15,15,115,200,5.0,5,1.0,4.726101578335713,0.8783013328533595,9.690823444502144,13.953854197965065
A,15,15,115,200,5.0,10,sqrt,8.184135519981039,0.8446212798827506,15.901703470037678,18.439696881150333
A,15,15,115,200,5.0,10,1.0,4.7244742957577,0.8783059955087292,9.689816566806462,13.951850674563923
A,15,15,115,200,10.0,1,sqrt,5.22992807491894,0.8706873057260097,11.688190855501253,14.777227938667414
A,15,15,115,200,10.0,1,1.0,4.578402140922757,0.8813869217442122,9.05739073858727,13.62526290247671
A,15,15,115,200,10.0,5,sqrt,5.252517202224021,0.8693109757904528,11.762548414884783,14.830559132829164
A,15,15,115,200,10.0,5,1.0,4.555663708464032,0.8813400095215178,9.05309573462002,13.613367760236384
A,15,15,115,200,10.0,10,sqrt,5.21810814799025,0.8693935699587776,11.76016287202836,14.823847903780456
A,15,15,115,200,10.0,10,1.0,4.526244843568829,0.8815472476436478,9.049200767427946,13.593518920393493
A,15,15,115,200,,1,sqrt,4.36936116276578,0.8745106102035358,10.19619044254353,13.881159210031948
A,15,15,115,200,,1,1.0,4.61037451288137,0.8759417652089543,9.298655076245849,13.87782518420362
A,15,15,115,200,,5,sqrt,4.417072748739815,0.874832765828937,10.315169148874473,13.930496994968005
A,15,15,115,200,,5,1.0,4.580520056628201,0.8777447339535136,9.170061636576763,13.761244666818817
A,15,15,115,200,,10,sqrt,4.429318036249977,0.8749290973095482,10.521021563569928,14.024281749643468
A,15,15,115,200,,10,1.0,4.533330110952921,0.8790760554740089,9.116038132702688,13.67947742493556
A,15,15,120,50,5.0,1,sqrt,11.275442006155602,0.8275488547344991,17.9765408509658,20.597986300797672
A,15,15,120,50,5.0,1,1.0,5.949816257041087,0.8696304397989095,10.75607467257701,15.100622661070222
A,15,15,120,50,5.0,5,sqrt,10.80632453198034,0.8268789489259672,17.73568691178788,20.337041601642056
A,15,15,120,50,5.0,5,1.0,5.947145959616831,0.8696546420132594,10.756033711156627,15.098510571275678
A,15,15,120,50,5.0,10,sqrt,10.72966568633004,0.8263491381401014,17.612192070705913,20.259220332033053
A,15,15,120,50,5.0,10,1.0,5.945730180656393,0.8696779298883998,10.7548424261733,15.0961319956515
A,15,15,120,50,10.0,1,sqrt,6.642308420558976,0.8581303609927124,13.037954053210324,16.17858949155756
A,15,15,120,50,10.0,1,1.0,5.839889192240487,0.8725022641988847,10.103954207865916,14.804891829957006
A,15,15,120,50,10.0,5,sqrt,6.8439861838269636,0.8571711906197954,13.0298387786037,16.245351032762226
A,15,15,120,50,10.0,5,1.0,5.845299308433879,0.8725537861473589,10.098710307427238,14.781202202322756
A,15,15,120,50,10.0,10,sqrt,6.879108864327219,0.8569781424541494,13.2912283872263,16.394870733837934
A,15,15,120,50,10.0,10,1.0,5.7871725748550045,0.8728047073233502,10.095575573580312,14.758110829201543
A,15,15,120,50,,1,sqrt,5.657004732895835,0.8639358625836259,11.340490012735708,15.181161106453889
A,15,10,115,50,5.0,1,sqrt,6.319770873070553,0.8560982615792859,13.359182252225631,16.175246234219582
A,15,10,115,50,5.0,1,1.0,4.720894724983859,0.877542393571183,9.694256750367796,13.956893292527374
A,15,10,115,50,5.0,5,sqrt,6.328492494583953,0.8574294304252315,13.242766653553424,16.10754145341152
A,15,10,115,50,5.0,5,1.0,4.7217477497353775,0.8775714212843744,9.69522823773234,13.957242696174816
A,15,10,115,50,5.0,10,sqrt,6.391100519056955,0.8557991742943492,13.208681365648667,16.106107571702932
A,15,10,115,50,5.0,10,1.0,4.718716488525578,0.8775803910396558,9.693447890052855,13.954163600550268
A,15,10,115,50,10.0,1,sqrt,4.5399327149834106,0.8783746160570882,10.103429526810588,13.773764054813665
A,15,10,115,50,10.0,1,1.0,4.584770253355518,0.8810136918264238,9.064747970434828,13.652340423754236
A,15,10,115,50,10.0,5,sqrt,4.552222761272189,0.8782364854116459,10.136004784647874,13.76854969508849
A,15,10,115,50,10.0,5,1.0,4.520148002214282,0.8811173012847086,9.065628842490248,13.631754635881055
A,15,10,115,50,10.0,10,sqrt,4.519906845189764,0.8772482941500523,10.16906659617987,13.81907523175622
A,15,10,115,50,10.0,10,1.0,4.5194117098036015,0.8812401603350362,9.05276809892448,13.61145536737023
A,15,10,115,50,,1,sqrt,4.330426347895762,0.8762080406458754,9.493768933199725,13.702929007645745
A,15,10,115,50,,1,1.0,4.660544106458808,0.874376656478501,9.315358667666684,13.982157202896843
A,15,10,115,50,,5,sqrt,4.26660541765259,0.8783240986238596,9.410815222353808,13.576252018356508
A,15,10,115,50,,5,1.0,4.542823540082137,0.8774829230980081,9.174970599411049,13.799988544505998
A,15,10,115,50,,10,sqrt,4.2570907680112935,0.8787939408568057,9.585157832588484,13.613285787649136
A,15,10,115,50,,10,1.0,4.539988084294099,0.8788783821432216,9.108992418984007,13.712387282363425
A,15,10,115,100,5.0,1,sqrt,6.290827370162665,0.8586476353466027,13.289943850755188,16.116084391147457
A,15,10,115,100,5.0,1,1.0,4.7215912463442935,0.8776448280107243,9.695926382346173,13.960639886870556
A,15,10,115,100,5.0,5,sqrt,6.300108861373383,0.8592697736903709,13.214691800771291,16.070506211416344
A,15,10,115,100,5.0,5,1.0,4.7222126910961775,0.8776719446963555,9.696254032526062,13.960894105033011
A,15,10,115,100,5.0,10,sqrt,6.3365767886121205,0.8576328171882663,13.187705873896078,16.06670924482691
A,15,10,115,100,5.0,10,1.0,4.720122240895887,0.8777021504631628,9.694973425951911,13.958451592460827
A,15,10,115,100,10.0,1,sqrt,4.490047892776142,0.8792483008288219,10.067763459433907,13.72479592955164
A,15,10,115,100,10.0,1,1.0,4.521752348027057,0.8813328864763186,9.06220179466322,13.632033178854112
A,15,10,115,100,10.0,5,sqrt,4.503874956882895,0.8786889413517847,10.083110046963288,13.745909355026496
A,15,10,115,100,10.0,5,1.0,4.479619381085421,0.8813770399874865,9.055285565436227,13.614177111038634
A,15,10,115,100,10.0,10,sqrt,4.482973749117354,0.8783414817257077,10.13278736924831,13.772380443744808
A,15,10,115,100,10.0,10,1.0,4.471838920444883,0.8814955237480941,9.04561841042277,13.595153075994668
A,15,10,115,100,,1,sqrt,4.2250292718773075,0.8778282332359624,9.458820139952566,13.610691902283202
A,15,10,115,100,,1,1.0,4.549309135047506,0.8755333644291354,9.298708320313915,13.91718151171228
A,15,10,115,100,,5,sqrt,4.212588961048079,0.8795006947750219,9.414920299083002,13.532322641762146
A,15,10,115,100,,5,1.0,4.476689165578831,0.8776939006152403,9.16249237437051,13.76178300622765
A,15,10,115,100,,10,sqrt,4.179350275503557,0.8799730864533547,9.531014527320895,13.54322735694438
A,15,10,115,100,,10,1.0,4.474909539381066,0.8791587403275827,9.101055365629458,13.684514106527416
A,15,10,115,200,5.0,1,sqrt,6.295981871121555,0.8603069087597366,13.36689520025953,16.170329058887308
A,15,10,115,200,5.0,1,1.0,4.725106435315886,0.8782786535404137,9.688488651280448,13.95033946197887
A,15,10,115,200,5.0,5,sqrt,6.324329344613892,0.860686157578237,13.367214944870636,16.172626192805748
A,15,10,115,200,5.0,5,1.0,4.724949657896589,0.8783670180534073,9.688937927282666,13.950005445166877
A,15,10,115,200,5.0,10,sqrt,6.326047246155641,0.8595755107251479,13.318456312098448,16.145634992583688
A,15,10,115,200,5.0,10,1.0,4.723948193418446,0.8783707764206952,9.68830641674777,13.948666052460023
A,15,10,115,200,10.0,1,sqrt,4.524763923478758,0.8791043360301117,10.1168372608048,13.759817347050603
A,15,10,115,200,10.0,1,1.0,4.52781688462619,0.8815385662689602,9.046770767092656,13.611196648634092
A,15,10,115,200,10.0,5,sqrt,4.506231038933712,0.8791847028538907,10.103739121437552,13.74868527584564
A,15,10,115,200,10.0,5,1.0,4.502286618213996,0.8815340987572726,9.04354212246522,13.60173217320563
A,15,10,115,200,10.0,10,sqrt,4.493826690187658,0.8788294289635067,10.16266239017679,13.774196278431216
A,15,10,115,200,10.0,10,1.0,4.492475629576165,0.8817105649419255,9.035505501298134,13.583452001555273
A,15,10,115,200,,1,sqrt,4.2084971113184135,0.8782545321244244,9.463465341062776,13.59234978995748
A,15,10,115,50,5.0,1,sqrt,6.319770873070553,0.8560982615792859,13.359182252225631,16.175246234219582
A,15,10,115,50,5.0,1,sqrt,6.319770873070553,0.8560982615792859,13.359182252225631,16.175246234219582
A,15,10,115,50,5.0,1,1.0,4.720894724983859,0.877542393571183,9.694256750367796,13.956893292527374
A,15,10,115,50,5.0,5,sqrt,6.328492494583953,0.8574294304252315,13.242766653553424,16.10754145341152
A,15,10,115,50,5.0,5,1.0,4.7217477497353775,0.8775714212843744,9.69522823773234,13.957242696174816
A,15,10,115,50,5.0,10,sqrt,6.391100519056955,0.8557991742943492,13.208681365648667,16.106107571702932
A,15,10,115,50,5.0,10,1.0,4.718716488525578,0.8775803910396558,9.693447890052855,13.954163600550268
A,15,10,115,50,10.0,1,sqrt,4.5399327149834106,0.8783746160570882,10.103429526810588,13.773764054813665
A,15,10,115,50,10.0,1,1.0,4.584770253355518,0.8810136918264238,9.064747970434828,13.652340423754236
A,15,10,115,50,10.0,5,sqrt,4.552222761272189,0.8782364854116459,10.136004784647874,13.76854969508849
A,15,10,115,50,10.0,5,1.0,4.520148002214282,0.8811173012847086,9.065628842490248,13.631754635881055
A,15,10,115,50,10.0,10,sqrt,4.519906845189764,0.8772482941500523,10.16906659617987,13.81907523175622
A,15,10,115,50,10.0,10,1.0,4.5194117098036015,0.8812401603350362,9.05276809892448,13.61145536737023
A,15,10,115,50,,1,sqrt,4.330426347895762,0.8762080406458754,9.493768933199725,13.702929007645745
A,15,10,115,50,,1,1.0,4.660544106458808,0.874376656478501,9.315358667666684,13.982157202896843
A,15,10,115,50,,5,sqrt,4.26660541765259,0.8783240986238596,9.410815222353808,13.576252018356508
A,15,10,115,50,,5,1.0,4.542823540082137,0.8774829230980081,9.174970599411049,13.799988544505998
A,15,10,115,50,,10,sqrt,4.2570907680112935,0.8787939408568057,9.585157832588484,13.613285787649136
A,15,10,115,50,,10,1.0,4.539988084294099,0.8788783821432216,9.108992418984007,13.712387282363425
A,15,10,115,100,5.0,1,sqrt,6.290827370162665,0.8586476353466027,13.289943850755188,16.116084391147457
A,15,10,115,100,5.0,1,1.0,4.7215912463442935,0.8776448280107243,9.695926382346173,13.960639886870556
A,15,10,115,100,5.0,5,sqrt,6.300108861373383,0.8592697736903709,13.214691800771291,16.070506211416344
A,15,10,115,100,5.0,5,1.0,4.7222126910961775,0.8776719446963555,9.696254032526062,13.960894105033011
A,15,10,115,100,5.0,10,sqrt,6.3365767886121205,0.8576328171882663,13.187705873896078,16.06670924482691
A,15,10,115,100,5.0,10,1.0,4.720122240895887,0.8777021504631628,9.694973425951911,13.958451592460827
A,15,10,115,100,10.0,1,sqrt,4.490047892776142,0.8792483008288219,10.067763459433907,13.72479592955164
A,15,10,115,100,10.0,1,1.0,4.521752348027057,0.8813328864763186,9.06220179466322,13.632033178854112
A,15,10,115,100,10.0,5,sqrt,4.503874956882895,0.8786889413517847,10.083110046963288,13.745909355026496
A,15,10,115,100,10.0,5,1.0,4.479619381085421,0.8813770399874865,9.055285565436227,13.614177111038634
A,15,10,115,100,10.0,10,sqrt,4.482973749117354,0.8783414817257077,10.13278736924831,13.772380443744808
A,15,10,115,100,10.0,10,1.0,4.471838920444883,0.8814955237480941,9.04561841042277,13.595153075994668
A,15,10,115,100,,1,sqrt,4.2250292718773075,0.8778282332359624,9.458820139952566,13.610691902283202
A,15,10,115,100,,1,1.0,4.549309135047506,0.8755333644291354,9.298708320313915,13.91718151171228
A,15,10,115,100,,5,sqrt,4.212588961048079,0.8795006947750219,9.414920299083002,13.532322641762146
A,15,10,115,100,,5,1.0,4.476689165578831,0.8776939006152403,9.16249237437051,13.76178300622765
A,15,10,115,100,,10,sqrt,4.179350275503557,0.8799730864533547,9.531014527320895,13.54322735694438
A,15,10,115,100,,10,1.0,4.474909539381066,0.8791587403275827,9.101055365629458,13.684514106527416
A,15,10,115,200,5.0,1,sqrt,6.295981871121555,0.8603069087597366,13.36689520025953,16.170329058887308
A,15,10,115,200,5.0,1,1.0,4.725106435315886,0.8782786535404137,9.688488651280448,13.95033946197887
A,15,10,115,200,5.0,5,sqrt,6.324329344613892,0.860686157578237,13.367214944870636,16.172626192805748
A,15,10,115,200,5.0,5,1.0,4.724949657896589,0.8783670180534073,9.688937927282666,13.950005445166877
A,15,10,115,200,5.0,10,sqrt,6.326047246155641,0.8595755107251479,13.318456312098448,16.145634992583688
A,15,10,115,200,5.0,10,1.0,4.723948193418446,0.8783707764206952,9.68830641674777,13.948666052460023
A,15,10,115,200,10.0,1,sqrt,4.524763923478758,0.8791043360301117,10.1168372608048,13.759817347050603
A,15,10,115,200,10.0,1,1.0,4.52781688462619,0.8815385662689602,9.046770767092656,13.611196648634092
A,15,10,115,200,10.0,5,sqrt,4.506231038933712,0.8791847028538907,10.103739121437552,13.74868527584564
A,15,10,115,200,10.0,5,1.0,4.502286618213996,0.8815340987572726,9.04354212246522,13.60173217320563
A,15,10,115,200,10.0,10,sqrt,4.493826690187658,0.8788294289635067,10.16266239017679,13.774196278431216
A,15,10,115,200,10.0,10,1.0,4.492475629576165,0.8817105649419255,9.035505501298134,13.583452001555273
A,15,10,115,200,,1,sqrt,4.2084971113184135,0.8782545321244244,9.463465341062776,13.59234978995748
A,15,10,115,200,,1,1.0,4.5423744814970775,0.8761169993078051,9.279810532237963,13.882317401170733
A,15,10,115,200,,5,sqrt,4.213724824305368,0.8793292807279848,9.45214503332568,13.536572533768506
A,15,10,115,200,,5,1.0,4.523681375788014,0.8780259017066505,9.15317910107404,13.754054191184466
A,15,10,115,200,,10,sqrt,4.1733194398120785,0.8801939802720404,9.536823015477468,13.528375093795807
A,15,10,115,200,,10,1.0,4.503570506227809,0.8793608239095791,9.09228795519906,13.673036256770876
A,15,10,120,50,5.0,1,sqrt,7.852730854576616,0.8510234281305229,14.510692594664205,17.416557558978027
A,15,10,120,50,5.0,1,1.0,5.946020739444359,0.8696801554131387,10.753191173171448,15.095602702747446
A,15,10,120,50,5.0,5,sqrt,7.955941475431759,0.8510279031102271,14.441888166882856,17.410064910589444
A,15,10,120,50,5.0,5,1.0,5.9457552543258885,0.8696935133371817,10.75403260695768,15.094191701150836
A,15,10,120,50,5.0,10,sqrt,7.844860616862475,0.8505419500896183,14.37322983574862,17.355527393133855
A,15,10,120,50,5.0,10,1.0,5.943523303906023,0.8697227655500279,10.75307608542751,15.09173129728044
A,15,10,120,50,10.0,1,sqrt,5.752836238696948,0.8704043940705685,11.242797509917894,14.978112919735754
A,15,10,120,50,10.0,1,1.0,5.805433833598869,0.8727588930961163,10.090923935370688,14.78314934238947
A,15,10,120,50,10.0,5,sqrt,5.665804912121556,0.870956959566241,11.114521442881903,14.889386348534174
A,15,10,120,50,10.0,5,1.0,5.846745762445653,0.8727153593238451,10.088901577563131,14.76814825670262
A,15,10,120,50,10.0,10,sqrt,5.6487332259624,0.8709903250534821,11.226242675582242,14.956020045036556
A,15,10,120,50,10.0,10,1.0,5.8202377283157,0.8728801879119104,10.080113775470746,14.742547870337711
A,15,10,120,50,,1,sqrt,5.469031109975663,0.867521757875866,10.556952368986732,14.870041247157795
A,15,10,120,50,,1,1.0,5.931080585403347,0.865855699667855,10.378930685623247,15.16659545358383
A,15,10,120,50,,5,sqrt,5.344955250091557,0.8710339133504819,10.472854056151812,14.708911650753835
A,15,10,120,50,,5,1.0,5.897352379779704,0.8690070523847495,10.218107869219384,14.96724223593588
A,15,10,120,50,,10,sqrt,5.354657560411556,0.8710739382397079,10.585773273331396,14.728478417037412
A,15,10,120,50,,10,1.0,5.870991138185424,0.870200425771676,10.151591971189522,14.856409923242524
A,15,10,120,100,5.0,1,sqrt,7.820470034286794,0.8523476217945261,14.457375130683166,17.370525225008173
A,15,10,120,100,5.0,1,1.0,5.928736205426844,0.8700017827995028,10.746007799059834,15.086167358884657
A,15,10,120,100,5.0,5,sqrt,7.860232966035531,0.8524284855055921,14.412250711097508,17.354340890094015
A,15,10,120,100,5.0,5,1.0,5.928092951831351,0.8700366187118671,10.746087298712611,15.084832859727925
A,15,10,120,100,5.0,10,sqrt,7.785288347055899,0.8521507594371739,14.326308101282212,17.286476984474945
A,15,10,120,100,5.0,10,1.0,5.926244538082783,0.8700793230881066,10.744743824072865,15.082642881617955
A,15,10,120,100,10.0,1,sqrt,5.6291735582776345,0.8715979788169843,11.14322149255269,14.880825816176738
A,15,10,120,100,10.0,1,1.0,5.770521696824855,0.8731430054268096,10.083492072231564,14.764559935595594
A,15,10,120,100,10.0,5,sqrt,5.629992064100772,0.8715066821598985,11.103280215064148,14.874323267764373
A,15,10,120,100,10.0,5,1.0,5.778079921048942,0.8730658756562454,10.07989355312652,14.75495893221194
A,15,10,120,100,10.0,10,sqrt,5.609261792102008,0.8709493197277821,11.2249318601874,14.933301251404666
A,15,10,120,100,10.0,10,1.0,5.738163229891102,0.8731781354398149,10.07537925375957,14.734404006342752
A,15,10,120,100,,1,sqrt,5.328264283783159,0.8691522736039177,10.52090725196934,14.775847713931675
A,15,10,120,100,,1,1.0,5.817916099231655,0.8667795115050965,10.366579012528405,15.099738497229271
A,15,10,120,100,,5,sqrt,5.318407964149952,0.8714146421328101,10.489457966817994,14.684415455987054
A,15,10,120,100,,5,1.0,5.807271066447359,0.8691673135664006,10.214279503014762,14.938686887921056
A,15,10,120,100,,10,sqrt,5.286085434645416,0.8717331036602907,10.563351727320294,14.691292230894453
A,15,10,120,100,,10,1.0,5.744475594757943,0.8705754132335907,10.148692908578887,14.838026767978253
A,15,10,120,200,5.0,1,sqrt,7.800299729585953,0.8536308612240291,14.54729917556573,17.425992759812893
A,15,10,120,200,5.0,1,1.0,5.930250802993915,0.870830420472865,10.730863227823097,15.0698834311445
A,15,10,120,200,5.0,5,sqrt,7.840929374558639,0.8534439820664635,14.560665344691731,17.449630134263877
A,15,10,120,200,5.0,5,1.0,5.929315592174673,0.8708527746574131,10.731298148686053,15.068243079390118
A,15,10,120,200,5.0,10,sqrt,7.819216545647542,0.8532423854657228,14.518876867765515,17.421520328851294
A,15,10,120,200,5.0,10,1.0,5.9278230525581534,0.8708547423834372,10.730184651196115,15.066377891860494
A,15,10,120,200,10.0,1,sqrt,5.653965305803653,0.871464402103323,11.194769038837304,14.911226310136508
A,15,10,120,200,10.0,1,1.0,5.755064931798034,0.8734316884673288,10.068224546791177,14.740391887117346
A,15,10,120,200,10.0,5,sqrt,5.6582867659189295,0.8719314195172492,11.18137115951338,14.916476115219933
A,15,10,120,200,10.0,5,1.0,5.761051244099805,0.8733063210347731,10.069040163816796,14.7350997516435
A,15,10,120,200,10.0,10,sqrt,5.597627847796414,0.8713318867022004,11.24806310803094,14.930989728351658
A,15,10,120,200,10.0,10,1.0,5.704926749709498,0.8733413096853517,10.06400248066767,14.716163624399192
A,15,10,120,200,,1,sqrt,5.312294725584282,0.8700625488624588,10.508841134351254,14.747259844163532
A,15,10,120,200,,1,1.0,5.786794475458743,0.8674482672562407,10.338248356921046,15.05361630981237
A,15,10,120,200,,5,sqrt,5.299167180503654,0.8717504421213077,10.477276948512664,14.657500486605064
A,15,10,120,200,,5,1.0,5.807587670092845,0.8694834363435611,10.200057900113674,14.91560193979094
A,15,10,120,200,,10,sqrt,5.268517263303014,0.8721472189267356,10.568780010766364,14.67020310846758
A,15,10,120,200,,10,1.0,5.740796079467531,0.8708440810878197,10.137852328880232,14.825677258312837
A,15,10,125,50,5.0,1,sqrt,9.67618123362916,0.8436160398782441,15.743701960259198,18.73790901499414
A,15,10,125,50,5.0,1,1.0,7.352420221760899,0.8627852740237033,11.824583412901726,16.23572741003624
A,15,10,125,50,5.0,5,sqrt,9.852998293989916,0.8435061150416127,15.66370404619401,18.73588781145478
A,15,10,125,50,5.0,5,1.0,7.351704967542193,0.862796368642362,11.825008782693502,16.234592248991373
A,15,10,125,50,5.0,10,sqrt,9.792394828557482,0.842967080441283,15.507835581269868,18.617844607366543
A,15,10,125,50,5.0,10,1.0,7.351440110962744,0.8628217051515705,11.824973415055648,16.232819891211
A,15,10,125,50,10.0,1,sqrt,7.132425151130901,0.8627835850436233,12.221623464721509,16.112724599350162
A,15,10,125,50,10.0,1,1.0,7.341053677884335,0.8644868256388977,11.132718779526131,15.943524107468628
A,15,10,125,50,10.0,5,sqrt,7.011560141498177,0.8622857478317723,12.246990959185911,16.09463071901643
A,15,10,125,50,10.0,5,1.0,7.304679602597355,0.8643708597162195,11.131324827216476,15.92937488115108
A,15,10,125,50,10.0,10,sqrt,7.0956235247101045,0.8622060064418982,12.369280532462293,16.177366396228713
A,15,10,125,50,10.0,10,1.0,7.271090980580034,0.864521164651961,11.125637863993624,15.898122828222522
A,15,10,125,50,,1,sqrt,6.854873031302617,0.8598969871658255,11.644901156249048,16.02733492095099
A,15,10,125,50,,1,1.0,7.396546204850961,0.8578783605380697,11.422002887910336,16.327284468627877
A,15,10,125,50,,5,sqrt,6.723189237079124,0.8625404819048217,11.563080505150513,15.8816162867594
A,15,10,125,50,,5,1.0,7.387142737395514,0.8605107710043998,11.27504352075218,16.14253575102891
A,15,10,125,50,,10,sqrt,6.630111157224936,0.862936512215722,11.67047529788534,15.890632049433862
A,15,10,125,50,,10,1.0,7.299165707443163,0.8620502735522793,11.202161580296444,16.017392431051025
A,15,10,125,100,5.0,1,sqrt,9.617422039350902,0.8451975476477477,15.642924537019091,18.657980361765503
A,15,10,125,100,5.0,1,1.0,7.359885042610578,0.8628335329152728,11.82735114056218,16.237094530666255
A,15,10,125,100,5.0,5,sqrt,9.676483318602576,0.8451328480858156,15.666652478933022,18.69110141999925
A,15,10,125,100,5.0,5,1.0,7.358947195914405,0.8628399939640014,11.827146799353477,16.235558441816487
A,15,10,125,100,5.0,10,sqrt,9.643289534212467,0.8449214809571742,15.512996214077033,18.574585709657583
A,15,10,125,100,5.0,10,1.0,7.358553609954983,0.8628489555508079,11.826618689361156,16.234062993207605
A,15,10,125,100,10.0,1,sqrt,7.036289802686542,0.8631967903270686,12.20484160186322,16.05982369503186
A,15,10,125,100,10.0,1,1.0,7.297964821440135,0.8648137756699488,11.131468369661093,15.92474358496462
A,15,10,125,100,10.0,5,sqrt,6.925906720405427,0.8631301625122452,12.197491377444052,16.037625397003524
A,15,10,125,100,10.0,5,1.0,7.257285384497171,0.8646661266604889,11.128637355096362,15.913838118912889
A,15,10,125,100,10.0,10,sqrt,7.014910773333275,0.8629075977495939,12.337341750906312,16.13418795804081
A,15,10,125,100,10.0,10,1.0,7.221979023348735,0.8646884862172405,11.125904337843476,15.889087476350657
A,15,10,125,100,,1,sqrt,6.630780884370625,0.8616296183552439,11.599781842022624,15.93700222773305
A,15,10,125,100,,1,1.0,7.273692218379019,0.858863200153572,11.400034398219304,16.254994574819456
A,15,10,125,100,,5,sqrt,6.637968459778344,0.8635986889105576,11.541892155139577,15.821002474421888
A,15,10,125,100,,5,1.0,7.31074832291514,0.8607307881271226,11.278687594119996,16.122995934299325
A,15,10,125,100,,10,sqrt,6.561428903060974,0.863924536327507,11.624567332076328,15.825261901998797
A,15,10,125,100,,10,1.0,7.226256499318785,0.8621721902248888,11.205610769116523,16.010642279506307
A,15,10,125,200,5.0,1,sqrt,9.600550575752973,0.8459746360506163,15.76229582314996,18.726117720846727
A,15,10,125,200,5.0,1,1.0,7.38942948531272,0.8630819222273853,11.828382519370072,16.24233297999969
A,15,10,125,200,5.0,5,sqrt,9.636480040787058,0.8458975590436113,15.80162140134644,18.760449548682992
A,15,10,125,200,5.0,5,1.0,7.388811011520285,0.8630909081831175,11.828560285584988,16.240888177234293
A,15,10,125,200,5.0,10,sqrt,9.654603482940592,0.8458814145384611,15.717195404919304,18.70959197559169
A,15,10,125,200,5.0,10,1.0,7.38829629115146,0.8630959696091557,11.82818868491818,16.239698497658413
A,15,10,125,200,10.0,1,sqrt,7.026601380204146,0.8638439442057422,12.243454598088396,16.0713489400538
A,15,10,125,200,10.0,1,1.0,7.289220510490926,0.8649862046083008,11.127685310519713,15.91944250076486
A,15,10,125,200,10.0,5,sqrt,6.983804960649894,0.8638589480847848,12.267652968750378,16.06763605330613
A,15,10,125,200,10.0,5,1.0,7.260266815055466,0.8648778692391612,11.123472866701803,15.902939676618953
A,15,10,125,200,10.0,10,sqrt,7.005771007494968,0.8632741198912945,12.353814770138204,16.12886776842813
A,15,10,125,200,10.0,10,1.0,7.213117976848494,0.8649128869316962,11.1180261626014,15.878648568060235
A,15,10,125,200,,1,sqrt,6.632671352998064,0.8621361546013174,11.590982729043064,15.919122464837518
A,15,10,115,50,5.0,1,sqrt,6.319770873070553,0.8560982615792859,13.359182252225633,16.175246234219582
A,15,10,115,50,5.0,1,1.0,4.720894724983859,0.877542393571183,9.694256750367796,13.956893292527374
A,15,10,115,50,5.0,5,sqrt,6.328492494583953,0.8574294304252315,13.242766653553423,16.10754145341152
A,15,10,115,50,5.0,5,1.0,4.7217477497353775,0.8775714212843744,9.69522823773234,13.957242696174816
A,15,10,115,50,5.0,10,sqrt,6.391100519056955,0.8557991742943492,13.208681365648669,16.106107571702932
A,15,10,115,50,5.0,10,1.0,4.718716488525578,0.8775803910396558,9.693447890052855,13.954163600550268
A,15,10,115,50,10.0,1,sqrt,4.5399327149834106,0.8783746160570882,10.103429526810588,13.773764054813665
A,15,10,115,50,10.0,1,1.0,4.584770253355518,0.8810136918264238,9.064747970434828,13.652340423754236
A,15,10,115,50,10.0,5,sqrt,4.552222761272189,0.8782364854116459,10.136004784647874,13.76854969508849
A,15,10,115,50,10.0,5,1.0,4.520148002214282,0.8811173012847086,9.065628842490247,13.631754635881055
A,15,10,115,50,10.0,10,sqrt,4.519906845189764,0.8772482941500523,10.16906659617987,13.81907523175622
A,15,10,115,50,10.0,10,1.0,4.5194117098036015,0.8812401603350362,9.052768098924481,13.61145536737023
A,15,10,115,50,,1,sqrt,4.330426347895762,0.8762080406458754,9.493768933199723,13.702929007645745
A,15,10,115,50,,1,1.0,4.660544106458808,0.874376656478501,9.315358667666683,13.982157202896843
A,15,10,115,50,,5,sqrt,4.26660541765259,0.8783240986238596,9.410815222353808,13.576252018356508
A,15,10,115,50,,5,1.0,4.542823540082137,0.8774829230980081,9.174970599411049,13.799988544505998
A,15,10,115,50,,10,sqrt,4.2570907680112935,0.8787939408568057,9.585157832588484,13.613285787649136
A,15,10,115,50,,10,1.0,4.539988084294099,0.8788783821432216,9.108992418984009,13.712387282363423
A,15,10,115,100,5.0,1,sqrt,6.290827370162665,0.8586476353466027,13.289943850755188,16.116084391147457
A,15,10,115,100,5.0,1,1.0,4.7215912463442935,0.8776448280107243,9.695926382346173,13.960639886870556
A,15,10,115,100,5.0,5,sqrt,6.300108861373383,0.8592697736903709,13.214691800771291,16.070506211416344
A,15,10,115,100,5.0,5,1.0,4.7222126910961775,0.8776719446963555,9.696254032526062,13.960894105033011
A,15,10,115,100,5.0,10,sqrt,6.3365767886121205,0.8576328171882663,13.187705873896078,16.06670924482691
A,15,10,115,100,5.0,10,1.0,4.720122240895887,0.8777021504631628,9.694973425951911,13.958451592460829
A,15,10,115,100,10.0,1,sqrt,4.490047892776142,0.8792483008288219,10.067763459433907,13.724795929551641
A,15,10,115,100,10.0,1,1.0,4.521752348027057,0.8813328864763186,9.062201794663219,13.632033178854112
A,15,10,115,100,10.0,5,sqrt,4.503874956882895,0.8786889413517847,10.083110046963288,13.745909355026495
A,15,10,115,100,10.0,5,1.0,4.479619381085421,0.8813770399874865,9.055285565436229,13.614177111038634
A,15,10,115,100,10.0,10,sqrt,4.482973749117354,0.8783414817257077,10.13278736924831,13.772380443744808
A,15,10,115,100,10.0,10,1.0,4.471838920444883,0.8814955237480941,9.04561841042277,13.595153075994668
A,15,10,115,100,,1,sqrt,4.2250292718773075,0.8778282332359624,9.458820139952566,13.610691902283202
A,15,10,115,100,,1,1.0,4.549309135047506,0.8755333644291354,9.298708320313915,13.91718151171228
A,15,10,115,100,,5,sqrt,4.212588961048079,0.8795006947750219,9.414920299083002,13.532322641762146
A,15,10,115,100,,5,1.0,4.476689165578831,0.8776939006152403,9.16249237437051,13.76178300622765
A,15,10,115,100,,10,sqrt,4.179350275503557,0.8799730864533547,9.531014527320895,13.54322735694438
A,15,10,115,100,,10,1.0,4.474909539381066,0.8791587403275827,9.101055365629458,13.684514106527416
A,15,10,115,200,5.0,1,sqrt,6.295981871121555,0.8603069087597366,13.36689520025953,16.170329058887308
A,15,10,115,200,5.0,1,1.0,4.725106435315886,0.8782786535404137,9.688488651280448,13.95033946197887
A,15,10,115,200,5.0,5,sqrt,6.324329344613892,0.860686157578237,13.367214944870636,16.172626192805748
A,15,10,115,200,5.0,5,1.0,4.724949657896589,0.8783670180534073,9.688937927282666,13.950005445166877
A,15,10,115,200,5.0,10,sqrt,6.326047246155641,0.8595755107251479,13.318456312098448,16.145634992583688
A,15,10,115,200,5.0,10,1.0,4.723948193418446,0.8783707764206952,9.68830641674777,13.948666052460023
A,15,10,115,200,10.0,1,sqrt,4.524763923478758,0.8791043360301117,10.1168372608048,13.759817347050605
A,15,10,115,200,10.0,1,1.0,4.52781688462619,0.8815385662689602,9.046770767092656,13.611196648634092
A,15,10,115,200,10.0,5,sqrt,4.506231038933712,0.8791847028538907,10.103739121437552,13.74868527584564
A,15,10,115,200,10.0,5,1.0,4.502286618213996,0.8815340987572726,9.04354212246522,13.60173217320563
A,15,10,115,200,10.0,10,sqrt,4.493826690187658,0.8788294289635067,10.16266239017679,13.774196278431216
A,15,10,115,200,10.0,10,1.0,4.492475629576165,0.8817105649419255,9.035505501298134,13.583452001555273
A,15,10,115,200,,1,sqrt,4.2084971113184135,0.8782545321244244,9.463465341062777,13.592349789957481
A,15,10,115,200,,1,1.0,4.5423744814970775,0.8761169993078051,9.279810532237965,13.882317401170733
A,15,10,115,200,,5,sqrt,4.213724824305368,0.8793292807279848,9.45214503332568,13.536572533768506
A,15,10,115,200,,5,1.0,4.523681375788014,0.8780259017066505,9.15317910107404,13.754054191184466
A,15,10,115,200,,10,sqrt,4.1733194398120785,0.8801939802720404,9.536823015477468,13.528375093795807
A,15,10,115,200,,10,1.0,4.503570506227809,0.8793608239095791,9.09228795519906,13.673036256770876
A,15,10,120,50,5.0,1,sqrt,7.852730854576616,0.8510234281305229,14.510692594664203,17.416557558978027
A,15,10,120,50,5.0,1,1.0,5.946020739444359,0.8696801554131387,10.753191173171448,15.095602702747446
A,15,10,120,50,5.0,5,sqrt,7.955941475431759,0.8510279031102271,14.441888166882856,17.410064910589444
A,15,10,120,50,5.0,5,1.0,5.9457552543258885,0.8696935133371817,10.75403260695768,15.094191701150837
A,15,10,120,50,5.0,10,sqrt,7.844860616862475,0.8505419500896183,14.37322983574862,17.355527393133855
A,15,10,120,50,5.0,10,1.0,5.943523303906023,0.8697227655500279,10.75307608542751,15.091731297280441
A,15,10,120,50,10.0,1,sqrt,5.752836238696948,0.8704043940705685,11.242797509917894,14.978112919735754
A,15,10,120,50,10.0,1,1.0,5.805433833598869,0.8727588930961163,10.090923935370688,14.78314934238947
A,15,10,120,50,10.0,5,sqrt,5.665804912121556,0.870956959566241,11.114521442881905,14.889386348534174
A,15,10,120,50,10.0,5,1.0,5.846745762445653,0.8727153593238451,10.088901577563131,14.76814825670262
A,15,10,120,50,10.0,10,sqrt,5.6487332259624,0.8709903250534821,11.226242675582242,14.956020045036556
A,15,10,120,50,10.0,10,1.0,5.8202377283157,0.8728801879119104,10.080113775470746,14.742547870337713
A,15,10,120,50,,1,sqrt,5.469031109975663,0.867521757875866,10.556952368986732,14.870041247157795
A,15,10,120,50,,1,1.0,5.931080585403347,0.865855699667855,10.378930685623247,15.16659545358383
A,15,10,120,50,,5,sqrt,5.344955250091557,0.8710339133504819,10.472854056151812,14.708911650753837
A,15,10,120,50,,5,1.0,5.897352379779704,0.8690070523847495,10.218107869219384,14.96724223593588
A,15,10,120,50,,10,sqrt,5.354657560411556,0.8710739382397079,10.585773273331395,14.728478417037413
A,15,10,120,50,,10,1.0,5.870991138185424,0.870200425771676,10.151591971189522,14.856409923242524
A,15,10,120,100,5.0,1,sqrt,7.820470034286794,0.8523476217945261,14.457375130683166,17.370525225008173
A,15,10,120,100,5.0,1,1.0,5.928736205426844,0.8700017827995028,10.746007799059834,15.086167358884657
A,15,10,120,100,5.0,5,sqrt,7.860232966035531,0.8524284855055921,14.412250711097508,17.354340890094015
A,15,10,120,100,5.0,5,1.0,5.928092951831351,0.8700366187118671,10.746087298712613,15.084832859727925
A,15,10,120,100,5.0,10,sqrt,7.785288347055899,0.8521507594371739,14.326308101282212,17.286476984474945
A,15,10,120,100,5.0,10,1.0,5.926244538082783,0.8700793230881066,10.744743824072863,15.082642881617957
A,15,10,120,100,10.0,1,sqrt,5.6291735582776345,0.8715979788169843,11.14322149255269,14.880825816176738
A,15,10,120,100,10.0,1,1.0,5.770521696824855,0.8731430054268096,10.083492072231563,14.764559935595594
A,15,10,120,100,10.0,5,sqrt,5.629992064100772,0.8715066821598985,11.103280215064148,14.874323267764371
A,15,10,120,100,10.0,5,1.0,5.778079921048942,0.8730658756562454,10.079893553126519,14.75495893221194
A,15,10,120,100,10.0,10,sqrt,5.609261792102008,0.8709493197277821,11.2249318601874,14.933301251404666
A,15,10,120,100,10.0,10,1.0,5.738163229891102,0.8731781354398149,10.07537925375957,14.734404006342753
A,15,10,120,100,,1,sqrt,5.328264283783159,0.8691522736039177,10.520907251969339,14.775847713931677
A,15,10,120,100,,1,1.0,5.817916099231655,0.8667795115050965,10.366579012528403,15.099738497229273
A,15,10,120,100,,5,sqrt,5.318407964149952,0.8714146421328101,10.489457966817994,14.684415455987054
A,15,10,120,100,,5,1.0,5.807271066447359,0.8691673135664006,10.214279503014762,14.938686887921055
A,15,10,120,100,,10,sqrt,5.286085434645416,0.8717331036602907,10.563351727320294,14.691292230894453
A,15,10,120,100,,10,1.0,5.744475594757943,0.8705754132335907,10.148692908578889,14.838026767978253
A,15,10,120,200,5.0,1,sqrt,7.800299729585953,0.8536308612240291,14.54729917556573,17.425992759812893
A,15,10,120,200,5.0,1,1.0,5.930250802993915,0.870830420472865,10.730863227823095,15.069883431144499
A,15,10,120,200,5.0,5,sqrt,7.840929374558639,0.8534439820664635,14.560665344691733,17.449630134263877
A,15,10,120,200,5.0,5,1.0,5.929315592174673,0.8708527746574131,10.731298148686053,15.068243079390118
A,15,10,120,200,5.0,10,sqrt,7.819216545647542,0.8532423854657228,14.518876867765517,17.421520328851294
A,15,10,120,200,5.0,10,1.0,5.9278230525581534,0.8708547423834372,10.730184651196117,15.066377891860494
A,15,10,120,200,10.0,1,sqrt,5.653965305803653,0.871464402103323,11.194769038837304,14.911226310136508
A,15,10,120,200,10.0,1,1.0,5.755064931798034,0.8734316884673288,10.068224546791177,14.740391887117346
A,15,10,120,200,10.0,5,sqrt,5.6582867659189295,0.8719314195172492,11.18137115951338,14.916476115219933
A,15,10,120,200,10.0,5,1.0,5.761051244099805,0.8733063210347731,10.069040163816796,14.7350997516435
A,15,10,120,200,10.0,10,sqrt,5.597627847796414,0.8713318867022004,11.24806310803094,14.930989728351658
A,15,10,120,200,10.0,10,1.0,5.704926749709498,0.8733413096853517,10.06400248066767,14.716163624399192
A,15,10,120,200,,1,sqrt,5.312294725584282,0.8700625488624588,10.508841134351254,14.747259844163533
A,15,10,120,200,,1,1.0,5.786794475458743,0.8674482672562407,10.338248356921046,15.05361630981237
A,15,10,120,200,,5,sqrt,5.299167180503654,0.8717504421213077,10.477276948512664,14.657500486605064
A,15,10,120,200,,5,1.0,5.807587670092845,0.8694834363435611,10.200057900113674,14.91560193979094
A,15,10,120,200,,10,sqrt,5.268517263303014,0.8721472189267356,10.568780010766364,14.670203108467579
A,15,10,120,200,,10,1.0,5.740796079467531,0.8708440810878197,10.137852328880232,14.825677258312837
A,15,10,125,50,5.0,1,sqrt,9.67618123362916,0.8436160398782441,15.743701960259198,18.73790901499414
A,15,10,125,50,5.0,1,1.0,7.352420221760899,0.8627852740237033,11.824583412901726,16.23572741003624
A,15,10,125,50,5.0,5,sqrt,9.852998293989916,0.8435061150416127,15.66370404619401,18.73588781145478
A,15,10,125,50,5.0,5,1.0,7.351704967542193,0.862796368642362,11.825008782693502,16.234592248991373
A,15,10,125,50,5.0,10,sqrt,9.792394828557482,0.842967080441283,15.507835581269868,18.617844607366543
A,15,10,125,50,5.0,10,1.0,7.351440110962744,0.8628217051515705,11.824973415055647,16.232819891211
A,15,10,125,50,10.0,1,sqrt,7.132425151130901,0.8627835850436233,12.221623464721507,16.112724599350162
A,15,10,125,50,10.0,1,1.0,7.341053677884335,0.8644868256388977,11.132718779526133,15.943524107468628
A,15,10,125,50,10.0,5,sqrt,7.011560141498177,0.8622857478317723,12.246990959185913,16.09463071901643
A,15,10,125,50,10.0,5,1.0,7.304679602597355,0.8643708597162195,11.131324827216476,15.92937488115108
A,15,10,125,50,10.0,10,sqrt,7.0956235247101045,0.8622060064418982,12.369280532462293,16.177366396228713
A,15,10,125,50,10.0,10,1.0,7.271090980580034,0.864521164651961,11.125637863993624,15.898122828222522
A,15,10,125,50,,1,sqrt,6.854873031302617,0.8598969871658255,11.644901156249047,16.02733492095099
A,15,10,125,50,,1,1.0,7.396546204850961,0.8578783605380697,11.422002887910335,16.327284468627877
A,15,10,125,50,,5,sqrt,6.723189237079124,0.8625404819048217,11.563080505150513,15.881616286759401
A,15,10,125,50,,5,1.0,7.387142737395514,0.8605107710043998,11.275043520752181,16.14253575102891
A,15,10,125,50,,10,sqrt,6.630111157224936,0.862936512215722,11.67047529788534,15.890632049433862
A,15,10,125,50,,10,1.0,7.299165707443163,0.8620502735522793,11.202161580296444,16.017392431051025
A,15,10,125,100,5.0,1,sqrt,9.617422039350902,0.8451975476477477,15.642924537019093,18.657980361765503
A,15,10,125,100,5.0,1,1.0,7.359885042610578,0.8628335329152728,11.82735114056218,16.237094530666255
A,15,10,125,100,5.0,5,sqrt,9.676483318602575,0.8451328480858156,15.666652478933022,18.691101419999246
A,15,10,125,100,5.0,5,1.0,7.358947195914405,0.8628399939640014,11.827146799353475,16.235558441816487
A,15,10,125,100,5.0,10,sqrt,9.643289534212467,0.8449214809571742,15.512996214077031,18.574585709657583
A,15,10,125,100,5.0,10,1.0,7.358553609954983,0.8628489555508079,11.826618689361155,16.234062993207605
A,15,10,125,100,10.0,1,sqrt,7.036289802686542,0.8631967903270686,12.204841601863219,16.05982369503186
A,15,10,125,100,10.0,1,1.0,7.297964821440135,0.8648137756699488,11.131468369661091,15.92474358496462
A,15,10,125,100,10.0,5,sqrt,6.925906720405427,0.8631301625122452,12.197491377444052,16.037625397003524
A,15,10,125,100,10.0,5,1.0,7.257285384497171,0.8646661266604889,11.128637355096362,15.913838118912889
A,15,10,125,100,10.0,10,sqrt,7.014910773333275,0.8629075977495939,12.337341750906313,16.13418795804081
A,15,10,125,100,10.0,10,1.0,7.221979023348735,0.8646884862172405,11.125904337843476,15.889087476350657
A,15,10,125,100,,1,sqrt,6.630780884370625,0.8616296183552439,11.599781842022624,15.93700222773305
A,15,10,125,100,,1,1.0,7.2736922183790185,0.858863200153572,11.400034398219303,16.254994574819456
A,15,10,125,100,,5,sqrt,6.637968459778344,0.8635986889105576,11.541892155139575,15.821002474421888
A,15,10,125,100,,5,1.0,7.31074832291514,0.8607307881271226,11.278687594119997,16.122995934299325
A,15,10,125,100,,10,sqrt,6.561428903060974,0.863924536327507,11.624567332076328,15.825261901998795
A,15,10,125,100,,10,1.0,7.226256499318785,0.8621721902248888,11.205610769116525,16.010642279506307
A,15,10,125,200,5.0,1,sqrt,9.600550575752973,0.8459746360506163,15.762295823149959,18.726117720846727
A,15,10,125,200,5.0,1,1.0,7.38942948531272,0.8630819222273853,11.828382519370072,16.24233297999969
A,15,10,125,200,5.0,5,sqrt,9.636480040787058,0.8458975590436113,15.801621401346441,18.760449548682992
A,15,10,125,200,5.0,5,1.0,7.388811011520285,0.8630909081831175,11.828560285584988,16.240888177234293
A,15,10,125,200,5.0,10,sqrt,9.654603482940592,0.8458814145384611,15.717195404919305,18.70959197559169
A,15,10,125,200,5.0,10,1.0,7.38829629115146,0.8630959696091557,11.82818868491818,16.239698497658413
A,15,10,125,200,10.0,1,sqrt,7.026601380204146,0.8638439442057422,12.243454598088395,16.0713489400538
A,15,10,125,200,10.0,1,1.0,7.289220510490926,0.8649862046083008,11.127685310519713,15.919442500764859
A,15,10,125,200,10.0,5,sqrt,6.983804960649894,0.8638589480847848,12.267652968750378,16.06763605330613
A,15,10,125,200,10.0,5,1.0,7.260266815055466,0.8648778692391612,11.123472866701803,15.902939676618953
A,15,10,125,200,10.0,10,sqrt,7.005771007494968,0.8632741198912945,12.353814770138204,16.12886776842813
A,15,10,125,200,10.0,10,1.0,7.213117976848494,0.8649128869316962,11.118026162601401,15.878648568060237
A,15,10,125,200,,1,sqrt,6.632671352998064,0.8621361546013174,11.590982729043064,15.919122464837518
A,15,10,125,200,,1,1.0,7.313993857587053,0.8591285024531562,11.400457277933045,16.24236136943287
A,15,10,125,200,,5,sqrt,6.6229701886042305,0.8637357945233223,11.547113287902338,15.807848142743364
A,15,10,125,200,,5,1.0,7.322889702613473,0.8610163275678827,11.27194895805432,16.10911819453127
A,15,10,125,200,,10,sqrt,6.547531022371724,0.8639830503347742,11.639193307710032,15.81711912252984
A,15,10,125,200,,10,1.0,7.248028123050618,0.8624399191323023,11.196252009337007,15.997774553537969
A,15,10,130,50,5.0,1,sqrt,11.309600964292576,0.8448509404883783,14.954579983384994,18.553231773078235
A,15,10,130,50,5.0,1,1.0,8.579548150066534,0.8615303792568024,11.189460945880418,16.34578834181115
A,15,10,130,50,5.0,5,sqrt,11.452110074245658,0.8444845716141334,14.875475424732263,18.556777710646962
A,15,10,130,50,5.0,5,1.0,8.578710755870913,0.8615358873790173,11.189363157641788,16.343923582977972
A,15,10,130,50,5.0,10,sqrt,11.45449082128503,0.8440414616746764,14.702929455271084,18.45846161723036
A,15,10,130,50,5.0,10,1.0,8.578217404534152,0.8615480616311,11.189701475848434,16.342138700614434
A,15,10,130,50,10.0,1,sqrt,8.27203611694502,0.8629891608584753,11.322340750816261,16.12034594882781
A,15,10,130,50,10.0,1,1.0,8.575150480504252,0.8618575855691677,10.533096830995238,16.117408702894956
A,15,10,130,50,10.0,5,sqrt,8.2662329091313,0.8629895587018452,11.325090245582265,16.108542470328477
A,15,10,130,50,10.0,5,1.0,8.46605359695972,0.8617808600135278,10.53276910443962,16.091225936043763
A,15,10,130,50,10.0,10,sqrt,8.17200421637116,0.8620030345001964,11.473031498307327,16.176732727792835
A,15,10,130,50,10.0,10,1.0,8.449287496321528,0.862104822598625,10.526584301589839,16.059639730843696
A,15,10,130,50,,1,sqrt,7.87866600349076,0.8598417342907119,10.89696337905252,16.11101646417763
A,15,10,130,50,,1,1.0,8.84125555199358,0.8557394540248563,10.889766937397193,16.455418924519083
A,15,10,130,50,,5,sqrt,7.891162886027329,0.862458808107893,10.794198909798467,15.968837654987547
A,15,10,130,50,,5,1.0,8.645390779930418,0.8577172933790346,10.742488495392353,16.30183086885515
A,15,10,130,50,,10,sqrt,7.798045416856991,0.8624704538590169,10.877731656724256,15.936216914045684
A,15,10,130,50,,10,1.0,8.467592726189622,0.8593596643329029,10.637185354413786,16.16684164011296
A,15,10,130,100,5.0,1,sqrt,11.184268046159586,0.8462734232243694,14.911792036246869,18.509240354715317
A,15,10,130,100,5.0,1,1.0,8.593608773427814,0.8615721437329356,11.200802717668894,16.36291738168293
A,15,10,130,100,5.0,5,sqrt,11.237292766609926,0.8454242669234387,14.870909720376583,18.49686068731292
A,15,10,130,100,5.0,5,1.0,8.592414878642469,0.8615659978652014,11.199607470723041,16.360454026443822
A,15,10,130,100,5.0,10,sqrt,11.285810542497735,0.8458707414894329,14.69983608686152,18.399147276345975
A,15,10,130,100,5.0,10,1.0,8.591517582111328,0.8615566278428238,11.199740101519126,16.359427063841874
A,15,10,130,100,10.0,1,sqrt,8.144495419677067,0.8635400291858029,11.281199283923225,16.082978300656443
A,15,10,130,100,10.0,1,1.0,8.511394630645672,0.8622063058518574,10.529129167354323,16.089818048062714
A,15,10,130,100,10.0,5,sqrt,8.102456458574256,0.8638319896188997,11.274611117092743,16.046994465137264
A,15,10,130,100,10.0,5,1.0,8.450536878826165,0.8622084022208647,10.527401285883865,16.074162381610325
A,15,10,130,100,10.0,10,sqrt,8.05655218509561,0.862846081844949,11.385855599300783,16.100413946157254
A,15,10,130,100,10.0,10,1.0,8.424145386015226,0.8622527701524902,10.5309424905467,16.054917093407504
A,15,10,130,100,,1,sqrt,7.659672784204025,0.8612361362661453,10.828653575582987,15.989439160308322
A,15,10,130,100,,1,1.0,8.608254097332296,0.8559526377810747,10.873512619024902,16.39448443129602
A,15,10,130,100,,5,sqrt,7.728600349540311,0.8632221751125344,10.751348146066013,15.903060550568688
A,15,10,130,100,,5,1.0,8.535451909833665,0.8580457709040081,10.726628587049897,16.268611753033014
A,15,10,130,100,,10,sqrt,7.757930820410138,0.8630407710352663,10.854276790239641,15.9110243409096
A,15,10,130,100,,10,1.0,8.389948846728629,0.8596635926645737,10.638976668798918,16.15011246847224
A,15,10,130,200,5.0,1,sqrt,11.102586534584653,0.8467837162358324,15.003430034908607,18.546112916230495
A,15,10,130,200,5.0,1,1.0,8.644494830983088,0.8615615952314286,11.206667861467558,16.37188965699627
A,15,10,130,200,5.0,5,sqrt,11.175429862091217,0.8462991380661995,15.005345922160364,18.556706634345005
A,15,10,130,200,5.0,5,1.0,8.643710063841619,0.8615624077075468,11.205675380531066,16.369748022349572
A,15,10,130,200,5.0,10,sqrt,11.192338437685319,0.8466098091990046,14.90991362953624,18.50171088423395
A,15,10,130,200,5.0,10,1.0,8.64275007521386,0.8615695531600714,11.206012979422905,16.36868206221414
A,15,10,130,200,10.0,1,sqrt,8.160378877641833,0.8640061200043476,11.303923898911489,16.078837390278643
A,15,10,130,200,10.0,1,1.0,8.536734731652412,0.8624944308025319,10.526909644053035,16.09401830116524
A,15,10,130,200,10.0,5,sqrt,8.129595529937323,0.8642605622086499,11.32571721375563,16.062007476900185
A,15,10,130,200,10.0,5,1.0,8.499715883149955,0.8624923866164025,10.524999930843757,16.076286450254734
A,15,10,130,200,10.0,10,sqrt,8.092259824292762,0.8634957256641451,11.416711981044136,16.098594246336518
A,15,10,130,200,10.0,10,1.0,8.452613497737712,0.862596961300922,10.523868118131535,16.052556802781535
A,15,10,130,200,,1,sqrt,7.59448922375699,0.8617630505159196,10.822639360145667,15.943879268005286
A,15,10,130,200,,1,1.0,8.566282868514453,0.8565985676719743,10.856293929057603,16.367084382678293
A,15,10,130,200,,5,sqrt,7.704557868363702,0.8631616722900832,10.766574654440337,15.898428985879605
A,15,10,130,200,,5,1.0,8.514881305802405,0.8584417890051261,10.712522366474362,16.249640828211465
A,15,10,130,200,,10,sqrt,7.673926714395736,0.8634566005310973,10.84533903550946,15.88259372658375
A,15,10,130,200,,10,1.0,8.429659406627271,0.8598714668849784,10.62853981338515,16.145687654060364
A,15,15,115,50,5.0,1,sqrt,9.225993037339489,0.8352667112542063,16.660008040096223,19.23859897010037
A,15,15,115,50,5.0,1,1.0,4.722045851483332,0.8774803500767392,9.695579418488059,13.960885502961435
A,15,15,115,50,5.0,5,sqrt,8.729589977855758,0.8351155659675069,16.322118436203798,18.88249903930393
A,15,15,115,50,5.0,5,1.0,4.7219930807224175,0.8774999786268938,9.696649707164969,13.96099210533078
A,15,15,115,50,5.0,10,sqrt,8.66422424554943,0.8341023734599137,16.18347089032617,18.784851423430485
A,15,15,115,50,5.0,10,1.0,4.719537079434107,0.8775136478513627,9.69512114334936,13.95731918356866
A,15,15,115,50,10.0,1,sqrt,5.401148202322922,0.8647798142084919,12.029159320546668,15.048601837778747
A,15,15,115,50,10.0,1,1.0,4.6476666312176675,0.8808055882335305,9.080230912818923,13.675520465764134
A,15,15,115,50,10.0,5,sqrt,5.500011276276692,0.8635509502165938,12.079872968233026,15.118673104686797
A,15,15,115,50,10.0,5,1.0,4.5955900453781,0.8809118338802607,9.070421440485806,13.646858371478462
A,15,15,115,50,10.0,10,sqrt,5.383539670685272,0.8643879788629778,12.107156436378247,15.102759704099446
A,15,15,115,50,10.0,10,1.0,4.549978100204607,0.8811969557004022,9.062715965956391,13.621064316090942
A,15,15,115,50,,1,sqrt,4.573171595914735,0.8707636507151607,10.300372324881778,14.061434855912859
A,15,15,115,50,,1,1.0,4.729545935564722,0.8745732381344242,9.325218271146522,13.967678771365886
A,15,15,115,50,,5,sqrt,4.486454716432656,0.8720501194595647,10.410782702303766,14.063354966930529
A,15,15,115,50,,5,1.0,4.679049768044329,0.8765694094788831,9.20173566463662,13.839177169417047
A,15,15,115,50,,10,sqrt,4.511025145532808,0.872731911361541,10.598186251878746,14.151012981372952
A,15,15,115,50,,10,1.0,4.613483273577018,0.8782860178066786,9.14060576576094,13.740452295968074
A,15,15,115,100,5.0,1,sqrt,8.825983244978724,0.8398503819491945,16.471882140469045,19.019731895306048
A,15,15,115,100,5.0,1,1.0,4.72295866233667,0.8775831539846513,9.697339509245102,13.964373941445785
A,15,15,115,100,5.0,5,sqrt,8.6616195489413,0.83926589275708,16.35579028721099,18.88696794442226
A,15,15,115,100,5.0,5,1.0,4.7235035771964835,0.8776306820830705,9.69789730006173,13.96459401342268
A,15,15,115,100,5.0,10,sqrt,8.76000023658899,0.8389627755813434,16.378257162191055,18.930076627232232
A,15,15,115,100,5.0,10,1.0,4.721416748659271,0.8776410798062934,9.696630024016304,13.961766739750468
A,15,15,115,100,10.0,1,sqrt,5.3161958186636555,0.8682019511300396,11.936437300289976,14.960930965361708
A,15,15,115,100,10.0,1,1.0,4.595023214860101,0.881003159571016,9.071676106364952,13.649550451676348
A,15,15,115,100,10.0,5,sqrt,5.375737079743366,0.8670526499913388,11.95334228831609,14.98749351914185
A,15,15,115,100,10.0,5,1.0,4.557338111570767,0.881094957913564,9.063460457162074,13.625933575175088
A,15,15,115,100,10.0,10,sqrt,5.285049516921953,0.8669065231193649,11.944081442974847,14.96827648484593
A,15,15,115,100,10.0,10,1.0,4.517456597129214,0.8813472307493863,9.056724690482316,13.605719291597293
A,15,15,115,100,,1,sqrt,4.428510667796716,0.8729692113395773,10.281301595828296,13.96702745929928
A,15,15,115,100,,1,1.0,4.623158383449055,0.8753745665837018,9.314193461607786,13.91119010411027
A,15,15,115,100,,5,sqrt,4.428100322351922,0.8734520615524488,10.38657566198503,13.990644728108553
A,15,15,115,100,,5,1.0,4.583938037272499,0.8773299121975725,9.18167813482709,13.782116095024113
A,15,15,115,100,,10,sqrt,4.456835693169809,0.8734999657436667,10.614522568241945,14.108514515524018
A,15,15,115,100,,10,1.0,4.538382455679498,0.8787589634046435,9.127099182590621,13.70367924166356
A,15,15,115,200,5.0,1,sqrt,8.152588686097904,0.844564936438793,15.869990636485474,18.405150882630544
A,15,15,115,200,5.0,1,1.0,4.726295927217055,0.8782148160069884,9.690682350257786,13.954385653384534
A,15,15,115,200,5.0,5,sqrt,8.077333014189758,0.8443489289926169,15.81738099597674,18.35207233559601
A,15,15,115,200,5.0,5,1.0,4.726101578335713,0.8783013328533595,9.690823444502144,13.953854197965063
A,15,15,115,200,5.0,10,sqrt,8.184135519981039,0.8446212798827506,15.901703470037678,18.439696881150333
A,15,15,115,200,5.0,10,1.0,4.7244742957577,0.8783059955087292,9.689816566806462,13.951850674563923
A,15,15,115,200,10.0,1,sqrt,5.22992807491894,0.8706873057260097,11.688190855501253,14.777227938667414
A,15,15,115,200,10.0,1,1.0,4.578402140922757,0.8813869217442122,9.05739073858727,13.62526290247671
A,15,15,115,200,10.0,5,sqrt,5.252517202224021,0.8693109757904528,11.762548414884785,14.830559132829165
A,15,15,115,200,10.0,5,1.0,4.555663708464032,0.8813400095215178,9.05309573462002,13.613367760236383
A,15,15,115,200,10.0,10,sqrt,5.21810814799025,0.8693935699587776,11.76016287202836,14.823847903780456
A,15,15,115,200,10.0,10,1.0,4.526244843568829,0.8815472476436478,9.049200767427946,13.593518920393493
A,15,15,115,200,,1,sqrt,4.36936116276578,0.8745106102035358,10.19619044254353,13.881159210031948
A,15,15,115,200,,1,1.0,4.61037451288137,0.8759417652089543,9.298655076245847,13.877825184203619
A,15,15,115,200,,5,sqrt,4.417072748739815,0.874832765828937,10.315169148874471,13.930496994968005
A,15,15,115,200,,5,1.0,4.580520056628201,0.8777447339535136,9.170061636576765,13.761244666818817
A,15,15,115,200,,10,sqrt,4.429318036249977,0.8749290973095482,10.521021563569928,14.024281749643468
A,15,15,115,200,,10,1.0,4.533330110952921,0.8790760554740089,9.116038132702688,13.67947742493556
A,15,15,120,50,5.0,1,sqrt,11.275442006155602,0.8275488547344991,17.9765408509658,20.597986300797672
A,15,15,120,50,5.0,1,1.0,5.949816257041087,0.8696304397989095,10.75607467257701,15.100622661070222
A,15,15,120,50,5.0,5,sqrt,10.80632453198034,0.8268789489259672,17.73568691178788,20.337041601642056
A,15,15,120,50,5.0,5,1.0,5.947145959616831,0.8696546420132594,10.756033711156629,15.098510571275678
A,15,15,120,50,5.0,10,sqrt,10.729665686330039,0.8263491381401014,17.612192070705913,20.259220332033053
A,15,15,120,50,5.0,10,1.0,5.945730180656393,0.8696779298883998,10.754842426173301,15.096131995651499
A,15,15,120,50,10.0,1,sqrt,6.642308420558976,0.8581303609927124,13.037954053210324,16.17858949155756
A,15,15,120,50,10.0,1,1.0,5.839889192240487,0.8725022641988847,10.103954207865916,14.804891829957006
A,15,15,120,50,10.0,5,sqrt,6.8439861838269636,0.8571711906197954,13.0298387786037,16.245351032762226
A,15,15,120,50,10.0,5,1.0,5.845299308433879,0.8725537861473589,10.098710307427238,14.781202202322756
A,15,15,120,50,10.0,10,sqrt,6.879108864327219,0.8569781424541494,13.291228387226301,16.394870733837934
A,15,15,120,50,10.0,10,1.0,5.7871725748550045,0.8728047073233502,10.095575573580312,14.758110829201545
A,15,15,120,50,,1,sqrt,5.657004732895835,0.8639358625836259,11.340490012735707,15.181161106453889
A,15,15,120,50,,1,1.0,5.992531474933841,0.8656101053664098,10.403467099050463,15.151156761999795
A,15,15,120,50,,5,sqrt,5.644084497834486,0.8651680891429668,11.483678968068315,15.201738737654242
A,15,15,120,50,,5,1.0,5.926537541499019,0.8686908084215336,10.235342490210567,14.9659510524046
A,15,15,120,50,,10,sqrt,5.685271600082913,0.8652561298498492,11.727965227212014,15.325616620039607
A,15,15,120,50,,10,1.0,5.830633516645515,0.8703031810479909,10.168514025994648,14.860790044761524
A,15,15,120,100,5.0,1,sqrt,10.833325906772568,0.8322092777519492,17.850759109816163,20.435373511732475
A,15,15,120,100,5.0,1,1.0,5.931322543985507,0.8699465889479132,10.7482457752613,15.090483117829644
A,15,15,120,100,5.0,5,sqrt,10.71258505880935,0.8316653348428087,17.74889771793172,20.33022406684711
A,15,15,120,100,5.0,5,1.0,5.930063434495239,0.8699832784163976,10.748329159797493,15.089106474517049
A,15,15,120,100,5.0,10,sqrt,10.719531824087948,0.8313324178218549,17.724223733180093,20.325850890325693
A,15,15,120,100,5.0,10,1.0,5.928446754538159,0.8700095323573219,10.7464740124129,15.086744057441575
A,15,15,120,100,10.0,1,sqrt,6.501225738697076,0.8607100541254884,12.903406435165863,16.062608978640746
A,15,15,120,100,10.0,1,1.0,5.817184595704424,0.8727874753761169,10.104763519398697,14.795292760520718
A,15,15,120,100,10.0,5,sqrt,6.693080118724401,0.8603087478291762,13.003360479875514,16.160814950971776
A,15,15,120,100,10.0,5,1.0,5.7979681758841455,0.8728572681912101,10.097708956796533,14.772304719815684
A,15,15,120,100,10.0,10,sqrt,6.602727465300691,0.860456017753156,13.032610737690865,16.15920299163334
A,15,15,120,100,10.0,10,1.0,5.752148942809898,0.8730486204957302,10.096038192495893,14.759860270955121
A,15,15,120,100,,1,sqrt,5.489935045726534,0.8658449350346034,11.288494198211984,15.071397058482276
A,15,15,120,100,,1,1.0,5.8984099307030435,0.8663996103610433,10.389396292634908,15.105986707755491
A,15,15,120,100,,5,sqrt,5.518609411968092,0.8664970255536574,11.44293272264495,15.117565611889024
A,15,15,120,100,,5,1.0,5.833526284934032,0.8690873480070526,10.231839313360476,14.941837024403728
A,15,15,120,100,,10,sqrt,5.607346074072045,0.8661623143782192,11.665585605018268,15.25340779090006
A,15,15,120,100,,10,1.0,5.7508826714758055,0.8705613886797756,10.16658370602546,14.854585763595006
A,15,15,120,200,5.0,1,sqrt,9.984768305521763,0.8369810811871641,17.212036585247088,19.79177819014922
A,15,15,120,200,5.0,1,1.0,5.931414767896003,0.8707355567902615,10.732762360265479,15.073065093850065
A,15,15,120,200,5.0,5,sqrt,9.968526168675645,0.8369225030995902,17.209625132531052,19.78954267812184
A,15,15,120,200,5.0,5,1.0,5.930289743119428,0.8707629261929124,10.733242755848526,15.071554146766525
A,15,15,120,200,5.0,10,sqrt,10.010202284161156,0.8373945499495976,17.227879751955683,19.814084912823507
A,15,15,120,200,5.0,10,1.0,5.928443157518936,0.8707729415936576,10.731717750786796,15.069451895768523
A,15,15,120,200,10.0,1,sqrt,6.4123207440314,0.863448415363183,12.756009451083802,15.933326590192497
A,15,15,120,200,10.0,1,1.0,5.81677917572507,0.8730832342426647,10.09433025129815,14.777658289079636
A,15,15,120,200,10.0,5,sqrt,6.521316055329345,0.8625984574766473,12.853779025946679,16.01591483649173
A,15,15,120,200,10.0,5,1.0,5.793482841906368,0.873159421429008,10.082252847073912,14.7510944784261
A,15,15,120,200,10.0,10,sqrt,6.484077219414675,0.8622022930908058,12.91152547058132,16.03958621689131
A,15,15,120,200,10.0,10,1.0,5.7478675532887795,0.8732764863777946,10.08133664409858,14.737557932914864
A,15,15,120,200,,1,sqrt,5.409932323324509,0.8673797984640454,11.23201604004083,15.001395559085717
A,15,15,120,200,,1,1.0,5.883310344069351,0.8670727147154998,10.368455141587702,15.067803754899748
A,15,15,120,200,,5,sqrt,5.491002116370405,0.8675907235146856,11.380164719009189,15.06603266918265
A,15,15,120,200,,5,1.0,5.8448304613754,0.8694403470447549,10.219343655000413,14.922033531696803
A,15,15,120,200,,10,sqrt,5.554598317548182,0.8673484144516166,11.591051601843473,15.184522944211906
A,15,15,120,200,,10,1.0,5.769982578469943,0.8707947091761004,10.15653081099398,14.83839565159018
A,15,15,125,50,5.0,1,sqrt,13.428836989814197,0.8197876372047876,19.253083132367067,21.937832323857656
A,15,15,125,50,5.0,1,1.0,7.355560498079058,0.8627508683974561,11.827365448562329,16.24011188330544
A,15,15,125,50,5.0,5,sqrt,13.118551609569773,0.8213481449408091,18.98220650129683,21.6880814739557
A,15,15,125,50,5.0,5,1.0,7.3541401671239965,0.8627732687121424,11.828204745720905,16.239141408171005
A,15,15,125,50,5.0,10,sqrt,12.896878670870336,0.82091519517253,18.821464255238553,21.554710190751102
A,15,15,125,50,5.0,10,1.0,7.353627827864507,0.8628083320458781,11.827335901571178,16.23710395113661
A,15,15,125,50,10.0,1,sqrt,8.132750680088,0.8503499896137713,14.07671188117784,17.349749279192512
A,15,15,125,50,10.0,1,1.0,7.426820510874103,0.86414655218089,11.158893683257379,15.975653156854488
A,15,15,125,50,10.0,5,sqrt,8.476400864569829,0.850038615382633,14.413806547352229,17.59444979200399
A,15,15,125,50,10.0,5,1.0,7.355569134732545,0.8642142344689588,11.142301007596288,15.938170278864089
A,15,15,125,50,10.0,10,sqrt,8.46992072762429,0.8474808661310768,14.406050685083196,17.59736770439598
A,15,15,125,50,10.0,10,1.0,7.303677087707382,0.8643782986621067,11.138243724685854,15.916534812442075
A,15,15,125,50,,1,sqrt,7.146148675441817,0.8549337059680473,12.50975579312704,16.437152241297433
A,15,15,125,50,,1,1.0,7.738996834479003,0.8571042671631217,11.48651053169759,16.387175879801525
A,15,15,125,50,,5,sqrt,6.923166607789705,0.8570982806893273,12.60689238922668,16.379071675141468
A,15,15,125,50,,5,1.0,7.5008677404242405,0.8597664854402953,11.310925771726598,16.161984582593696
A,15,15,125,50,,10,sqrt,7.085876348600292,0.8566278180356484,12.801389129971392,16.514327215144032
A,15,15,125,50,,10,1.0,7.317550274725849,0.8616375431690063,11.230638921880969,16.047856422675377
A,15,15,125,100,5.0,1,sqrt,12.995019406701044,0.8240013597976963,19.179249747216534,21.82183293168567
A,15,15,125,100,5.0,1,1.0,7.36348029344957,0.8627546805699442,11.83017195665466,16.24233340139481
A,15,15,125,100,5.0,5,sqrt,12.87310300553536,0.8242350182464394,18.987305723681743,21.650479917785944
A,15,15,125,100,5.0,5,1.0,7.362667868775399,0.8627849116511145,11.830503482056004,16.24132322456391
A,15,15,125,100,5.0,10,sqrt,12.919082577499655,0.8237642995225116,18.989778525163427,21.668622444447674
A,15,15,125,100,5.0,10,1.0,7.361675077894384,0.8627994230348695,11.829572369418601,16.2394804171651
A,15,15,125,100,10.0,1,sqrt,7.963966571255807,0.8532005787083303,14.058271983508325,17.281230416772427
A,15,15,125,100,10.0,1,1.0,7.363236700435945,0.8645374155539537,11.157282043044026,15.954818130062629
A,15,15,125,100,10.0,5,sqrt,8.284879957615143,0.8533679849536687,14.242407962005197,17.431906482964244
A,15,15,125,100,10.0,5,1.0,7.293206006358341,0.8645062919697217,11.145634818347101,15.927007199799828
A,15,15,125,100,10.0,10,sqrt,8.180554658109148,0.8508078786780715,14.276301325162645,17.45746270435032
A,15,15,125,100,10.0,10,1.0,7.243582202808417,0.8645020370985043,11.146354420050214,15.911253026218802
A,15,15,125,100,,1,sqrt,6.889595959126926,0.8572764828285908,12.445711706390385,16.30051275395202
A,15,15,125,100,,1,1.0,7.465046807375108,0.8586073999682121,11.438886472636273,16.27597820998741
A,15,15,125,100,,5,sqrt,6.884482720109778,0.8584727085328467,12.552574769723094,16.316082243222695
A,15,15,125,100,,5,1.0,7.363284196431252,0.86065296586524,11.30066069339688,16.123611291478987
A,15,15,125,100,,10,sqrt,6.96916756704817,0.857645468106466,12.798143395640825,16.46689720653608
A,15,15,125,100,,10,1.0,7.238362048033409,0.8619719835068441,11.23015327732354,16.025059059938208
A,15,15,125,200,5.0,1,sqrt,12.072790096984168,0.8298151124359782,18.46890809729997,21.127644228376255
A,15,15,125,200,5.0,1,1.0,7.391565431815086,0.8630353513243735,11.830947408470594,16.24686250854519
A,15,15,125,200,5.0,5,sqrt,12.099779558252589,0.8303261102759105,18.456707405023245,21.12065851697688
A,15,15,125,200,5.0,5,1.0,7.390532479987482,0.8630561038738855,11.831424512104975,16.24560950212327
A,15,15,125,200,5.0,10,sqrt,12.197401962097867,0.8297418867812377,18.49828376460667,21.169164002010536
A,15,15,125,200,5.0,10,1.0,7.389441608440714,0.8630740687630638,11.830729050809463,16.244005662918433
A,15,15,125,200,10.0,1,sqrt,7.893579665117327,0.8561053524401581,13.90314689699009,17.15537506343633
A,15,15,125,200,10.0,1,1.0,7.377202937636139,0.8648216603917032,11.14854837322612,15.940328473533793
A,15,15,125,200,10.0,5,sqrt,8.124503860643358,0.8550835474890324,14.051233980507268,17.28552006614793
A,15,15,125,200,10.0,5,1.0,7.312140968125502,0.8647787575069978,11.13876468116061,15.915242675573392
A,15,15,125,200,10.0,10,sqrt,7.9668077262625925,0.853572530532398,14.11861967123426,17.313682374785547
A,15,15,125,200,10.0,10,1.0,7.27309215539843,0.8647251279972737,11.142140544391047,15.90402605705755
A,15,15,125,200,,1,sqrt,6.772032814948709,0.8592450978791846,12.339464626492687,16.191654813013237
A,15,15,125,200,,1,1.0,7.445686281992472,0.8590086206715302,11.433249168727965,16.249889536239316
A,15,15,125,200,,5,sqrt,6.789247632472384,0.8597265699343966,12.480100857393591,16.231402993710724
A,15,15,125,200,,5,1.0,7.359244013777595,0.8608850765837364,11.295272347816962,16.109510296012843
A,15,15,125,200,,10,sqrt,6.919085843003215,0.8589286198264162,12.741212690801254,16.391619319711552
A,15,15,125,200,,10,1.0,7.293241532255645,0.8621703166587074,11.228904769478087,16.020062409555045
A,15,15,130,50,5.0,1,sqrt,15.136568431220969,0.8211158319650481,18.443067272190763,21.57013168652437
A,15,15,130,50,5.0,1,1.0,8.583211154632084,0.8615258386420889,11.192235918542432,16.35034941120002
A,15,15,130,50,5.0,5,sqrt,15.277695953831664,0.820563535047657,18.259950445020344,21.433362954485297
A,15,15,130,50,5.0,5,1.0,8.580828919198135,0.8615432169860447,11.192437482019015,16.34834417705311
A,15,15,130,50,5.0,10,sqrt,14.925295102653626,0.8200907463166365,18.037990553448957,21.245055789422576
A,15,15,130,50,5.0,10,1.0,8.580021430807628,0.8615522060559269,11.192590279145673,16.346599940606705
A,15,15,130,50,10.0,1,sqrt,9.60005937095842,0.851248935843173,13.312483579940988,17.26130916204864
A,15,15,130,50,10.0,1,1.0,8.842597741956016,0.8616757673403755,10.564354968694367,16.172535641773276
A,15,15,130,50,10.0,5,sqrt,9.599912985816776,0.8516158754712524,13.409970707576644,17.299831957748527
A,15,15,130,50,10.0,5,1.0,8.743924986616243,0.8616745148855143,10.55501963940768,16.138312337745784
A,15,15,130,50,10.0,10,sqrt,9.799248608119573,0.8496086981140536,13.647346428088772,17.480610383912666
A,15,15,130,50,10.0,10,1.0,8.614851904049889,0.8618694672565054,10.542848026782696,16.099298118615756
A,15,15,130,50,,1,sqrt,8.015150966944683,0.8553426137394589,11.681910204007014,16.348765947904457
A,15,15,130,50,,1,1.0,9.07851768019465,0.8546672816968488,10.955369477373509,16.50473262319888
A,15,15,130,50,,5,sqrt,8.01802518559405,0.8578042884175678,11.710600069775051,16.35608275735502
A,15,15,130,50,,5,1.0,8.887105954741166,0.8576117114183794,10.763312560180097,16.336895652352297
A,15,15,130,50,,10,sqrt,8.026975629766488,0.8570045047709749,11.96652455263341,16.464829164203707
A,15,15,130,50,,10,1.0,8.573845069364179,0.8589689935620062,10.658432328188537,16.199491459335853
A,15,15,130,100,5.0,1,sqrt,14.620036919708758,0.8256831871147288,18.332128245437083,21.415040210034157
A,15,15,130,100,5.0,1,1.0,8.59553042768505,0.8615348783882881,11.202799565016253,16.36669140627828
A,15,15,130,100,5.0,5,sqrt,14.836242779048863,0.8253827303365451,18.31687996119802,21.41145264875424
A,15,15,130,100,5.0,5,1.0,8.59462273536424,0.8615528320719787,11.20220336700866,16.36499954308087
A,15,15,130,100,5.0,10,sqrt,14.74219140139138,0.8250497774183312,18.228558107735747,21.348925253340326
A,15,15,130,100,5.0,10,1.0,8.593244347941571,0.8615325060564993,11.20238835405407,16.364041986316302
A,15,15,130,100,10.0,1,sqrt,9.29075441060973,0.8542678865852773,13.223943381999632,17.127190365870703
A,15,15,130,100,10.0,1,1.0,8.730837630145828,0.8620795464697893,10.558128666522009,16.139668385481567
A,15,15,130,100,10.0,5,sqrt,9.349888945912912,0.8542101602361137,13.322438210790988,17.19455300780833
A,15,15,130,100,10.0,5,1.0,8.640374979803848,0.8621309913472738,10.548637803977352,16.110463531212222
A,15,15,130,100,10.0,10,sqrt,9.476802887264503,0.8520465426269543,13.521834200741642,17.35458054812632
A,15,15,130,100,10.0,10,1.0,8.527171158079456,0.8621010751287894,10.541166592679899,16.08189689130628
A,15,15,130,100,,1,sqrt,7.836420916662256,0.8576613428237442,11.59063197074705,16.21932425242958
A,15,15,130,100,,1,1.0,8.751659787398172,0.855797701304476,10.917013421167253,16.420828408936256
A,15,15,130,100,,5,sqrt,7.89044030248805,0.8588257755534453,11.66552189643946,16.26297510496635
A,15,15,130,100,,5,1.0,8.75582842672669,0.8581287689818462,10.74053530130833,16.288783210322258
A,15,15,130,100,,10,sqrt,7.9294539482385265,0.8584969222197303,11.911168456379867,16.384519345621605
A,15,15,130,100,,10,1.0,8.464343222743356,0.8598337554346897,10.641645978012228,16.165300979233294
A,15,15,130,200,5.0,1,sqrt,13.699197793584549,0.8304874722874395,17.695579089145877,20.799183795600698
A,15,15,130,200,5.0,1,1.0,8.645065535673444,0.8615134945900813,11.208655128607177,16.375199060237883
A,15,15,130,200,5.0,5,sqrt,13.938910423978294,0.8311470953817146,17.796017465578387,20.901353180096798
A,15,15,130,200,5.0,5,1.0,8.64390665269317,0.8615349902878752,11.208167965310746,16.373569747180156
A,15,15,130,200,5.0,10,sqrt,13.956816349464571,0.8299054059897534,17.749823333922535,20.873092615620692
A,15,15,130,200,5.0,10,1.0,8.642714973795727,0.8615372472753986,11.208422008138069,16.372759203495196
A,15,15,130,200,10.0,1,sqrt,9.188556025269747,0.856759547566522,13.04777727619599,17.017269517625103
A,15,15,130,200,10.0,1,1.0,8.690422629574092,0.8623329046761092,10.544229279192372,16.12731358776913
A,15,15,130,200,10.0,5,sqrt,9.269757109090865,0.8556340713343056,13.18975310873611,17.10212291398492
A,15,15,130,200,10.0,5,1.0,8.62054075307174,0.8624862733898315,10.53418383594244,16.096870618661665
A,15,15,130,200,10.0,10,sqrt,9.254475549242823,0.8540418311495049,13.337170956415338,17.20181537860904
A,15,15,130,200,10.0,10,1.0,8.528693616117655,0.8625042784460344,10.529459563921872,16.073739720539486
A,15,15,130,200,,1,sqrt,7.767156106110855,0.8591898993525827,11.49365734860342,16.141303891955886
A,15,15,130,200,,1,1.0,8.687450217761977,0.8566668082191367,10.875300108245938,16.37283178226903
A,15,15,130,200,,5,sqrt,7.832615328291911,0.8598088025940054,11.608667184093175,16.21168139377522
A,15,15,130,200,,5,1.0,8.694536850677627,0.8588360322792552,10.721522397423485,16.264225316099985
A,15,15,130,200,,10,sqrt,7.915802431082113,0.85959728372301,11.84056663000949,16.330015842589216
A,15,15,130,200,,10,1.0,8.488563305246085,0.8603775614830076,10.624291008768129,16.151108213358178
A,15,20,115,50,5.0,1,sqrt,8.162255880115096,0.8434080966910564,15.961845119120934,18.555070555887436
A,15,20,115,50,5.0,1,1.0,4.72052158443978,0.8773658371958148,9.700234588096766,13.96158249243345
A,15,20,115,50,5.0,5,sqrt,8.169261961312028,0.8444015861373735,15.922652525756764,18.507805884448405
A,15,20,115,50,5.0,5,1.0,4.720166743729126,0.8774148860785699,9.700030871691606,13.961443219522355
A,15,20,115,50,5.0,10,sqrt,8.040649810938078,0.8461826089351344,15.76442680113322,18.361527674047885
A,15,20,115,50,5.0,10,1.0,4.716647158637972,0.8774539527343503,9.698124179413966,13.958364451287201
A,15,20,115,50,10.0,1,sqrt,5.160901930656427,0.8674910773021054,11.784081653697548,14.852894190327552
A,15,20,115,50,10.0,1,1.0,4.544835029224982,0.8804105768058967,9.101539631864496,13.664228013022555
A,15,20,115,50,10.0,5,sqrt,5.232828181114762,0.866880085676747,11.871388091027107,14.943218468804867
A,15,20,115,50,10.0,5,1.0,4.5348049847139436,0.8805642998798968,9.102514543540986,13.65275535243698
A,15,20,115,50,10.0,10,sqrt,5.3109471880590515,0.8671565570215044,11.999945568573276,15.036520182969799
A,15,20,115,50,10.0,10,1.0,4.443067393910285,0.8807822490369144,9.09102976626123,13.610326035480842
A,15,20,115,50,,1,sqrt,4.388143463370346,0.8708261155506684,10.343436082881848,14.020047416011206
A,15,20,115,50,,1,1.0,4.553820424078188,0.8731069941724652,9.370864962324994,13.938069047287732
A,15,20,115,50,,5,sqrt,4.458784088955474,0.871621006786403,10.470338213991104,14.066741029539306
A,15,20,115,50,,5,1.0,4.538686501900793,0.8763353319892012,9.227513820592018,13.810264250955578
A,15,20,115,50,,10,sqrt,4.453685901223931,0.8717412792252098,10.635451009870312,14.142537936726185
A,15,20,115,50,,10,1.0,4.457944335476546,0.8778001915080583,9.173723758226345,13.712213676828895
A,15,20,115,100,5.0,1,sqrt,7.787499745720938,0.8459125198230917,15.515519841160224,18.08716514939548
A,15,20,115,100,5.0,1,1.0,4.721246112745094,0.877350958996359,9.700871071302867,13.964714781703176
A,15,20,115,100,5.0,5,sqrt,7.8496554763774755,0.8451185558459693,15.493627645591982,18.066992420298938
A,15,20,115,100,5.0,5,1.0,4.7214894726987735,0.8773940625685961,9.70071282925542,13.964889819713534
A,15,20,115,100,5.0,10,sqrt,7.796851508954009,0.8459013051153053,15.365918280884012,17.979864213223685
A,15,20,115,100,5.0,10,1.0,4.718911890079028,0.8775284716533907,9.699543515427042,13.962619554671821
A,15,20,115,100,10.0,1,sqrt,5.18934768617321,0.8685319060381798,11.65252485869797,14.765327618826252
A,15,20,115,100,10.0,1,1.0,4.510287606692298,0.8807561681621344,9.093297543929713,13.640284783116083
A,15,20,115,100,10.0,5,sqrt,5.256474076385912,0.8683759583848278,11.758235679348813,14.866649829811973
A,15,20,115,100,10.0,5,1.0,4.484164431532947,0.8808774570129506,9.09090467246388,13.625479089245513
A,15,20,115,100,10.0,10,sqrt,5.232285157728223,0.8678295931042934,11.924774766359933,14.955311630549366
A,15,20,115,100,10.0,10,1.0,4.422242833843165,0.8810033309524661,9.083525944863704,13.597580509791428
A,15,20,115,100,,1,sqrt,4.330650433921459,0.8722742676201589,10.308133903917575,13.935638670082161
A,15,20,115,100,,1,1.0,4.461577431100037,0.8744070538697827,9.354112761346865,13.87912683773393
A,15,20,115,100,,5,sqrt,4.385464369274581,0.8734345820565208,10.387994420586411,13.960527742177467
A,15,20,115,100,,5,1.0,4.459348058313928,0.8770658040298922,9.209074844164565,13.764471592257092
A,15,20,115,100,,10,sqrt,4.41488858915759,0.873267159078396,10.62119039804828,14.092869159621563
A,15,20,115,100,,10,1.0,4.424053765613712,0.8784902642023982,9.153944084236482,13.679076616368382
A,15,20,115,200,5.0,1,sqrt,7.856955592476728,0.848039640560797,15.669039169474127,18.20240875045193
A,15,20,115,200,5.0,1,1.0,4.724167700418827,0.8780302276917261,9.692579873234227,13.953549715883838
A,15,20,115,200,5.0,5,sqrt,7.913134661583039,0.8477720358083654,15.749476449284106,18.257847719496915
A,15,20,115,200,5.0,5,1.0,4.723987065543956,0.8781077762143937,9.692404176529097,13.953086752007664
A,15,20,115,200,5.0,10,sqrt,7.8321267044942715,0.8481540558075702,15.599967359814134,18.142708203635408
A,15,20,115,200,5.0,10,1.0,4.721975074960391,0.8781762981902326,9.691395790953967,13.951657420887567
A,15,20,115,200,10.0,1,sqrt,5.15885520743973,0.8694208209217369,11.67681948285681,14.760704938219941
A,15,20,115,200,10.0,1,1.0,4.510535977859585,0.8809817238403417,9.082471079427238,13.626358932164527
A,15,20,115,200,10.0,5,sqrt,5.204357548704654,0.8692650544133308,11.782329376837785,14.847811803926609
A,15,20,115,200,10.0,5,1.0,4.476788494065142,0.8810941325908243,9.07835474115556,13.608366082804688
A,15,20,115,200,10.0,10,sqrt,5.194382222977278,0.8685489792548138,11.903806178642197,14.921006077757507
A,15,20,115,200,10.0,10,1.0,4.42513879318784,0.8812974811191111,9.076005019881,13.587117243838492
A,15,20,115,200,,1,sqrt,4.265983792609909,0.87345640729495,10.2967595152489,13.894990678590094
A,15,20,115,200,,1,1.0,4.477914887432542,0.8748639598526655,9.340270497173611,13.861678599275772
A,15,20,115,200,,5,sqrt,4.355534879622567,0.8742650295985788,10.372921175500174,13.930463764920958
A,15,20,115,200,,5,1.0,4.462518818029432,0.8772207192374128,9.198319762774222,13.742712476335171
A,15,20,115,200,,10,sqrt,4.402516663536494,0.8742548693054655,10.600204195753207,14.058034917934677
A,15,20,115,200,,10,1.0,4.418797306034364,0.8787447803573561,9.144804939012701,13.665129198696793
A,15,20,120,50,5.0,1,sqrt,10.04396139073298,0.8356218012765382,17.353725581925083,19.987504329950845
A,15,20,120,50,5.0,1,1.0,5.943619289273347,0.8695356655667877,10.759660305202274,15.097512373615738
A,15,20,120,50,5.0,5,sqrt,9.887969096998201,0.837867330733487,17.16010211806786,19.799315341431136
A,15,20,120,50,5.0,5,1.0,5.942434733177012,0.8695306941751954,10.759912264556208,15.096754017427909
A,15,20,120,50,5.0,10,sqrt,9.763620564800373,0.8391009934322161,16.913467686564196,19.575137907407417
A,15,20,120,50,5.0,10,1.0,5.939455131098475,0.8695732938160468,10.757222493519162,15.09406136698475
A,15,20,120,50,10.0,1,sqrt,6.419644832327391,0.8621567049042822,12.837167425965859,16.030581573498957
A,15,20,120,50,10.0,1,1.0,5.7635385023326355,0.8719496465920162,10.147927079986799,14.820262703872851
A,15,20,120,50,10.0,5,sqrt,6.60533225018622,0.8583500842563442,13.163840953108314,16.25122120747048
A,15,20,120,50,10.0,5,1.0,5.707279476821874,0.8720923347817134,10.141823651956583,14.797685821298625
A,15,20,120,50,10.0,10,sqrt,6.650256679492105,0.8576960976924974,13.080834456991942,16.235115670937468
A,15,20,120,50,10.0,10,1.0,5.661277940158455,0.8724423254499346,10.132099844726318,14.771618164939278
A,15,20,120,50,,1,sqrt,5.5234372157177205,0.862791589810269,11.429778236065074,15.200302570154577
A,15,20,120,50,,1,1.0,5.826047491644614,0.8651629355064724,10.436380812676418,15.127970259017946
A,15,20,120,50,,5,sqrt,5.54977102268839,0.8649433331197095,11.444564788224628,15.16426259592804
A,15,20,120,50,,5,1.0,5.757319937471668,0.8682346597993934,10.27628590077344,14.970364686248562
A,15,20,120,50,,10,sqrt,5.626750488374882,0.8643632317472539,11.762634671416588,15.34941219833549
A,15,20,120,50,,10,1.0,5.656789842274465,0.8697749596104332,10.206556687177562,14.867132491196148
A,15,20,120,100,5.0,1,sqrt,9.571835093238342,0.8390801048941887,16.890693526501053,19.495448751294234
A,15,20,120,100,5.0,1,1.0,5.927242003093265,0.8698254045164937,10.751630264272558,15.089256870758359
A,15,20,120,100,5.0,5,sqrt,9.544232264969276,0.8399210787873699,16.71495076021233,19.34422768669695
A,15,20,120,100,5.0,5,1.0,5.9269337025990705,0.8698460847977177,10.751536163787044,15.088806535378513
A,15,20,120,100,5.0,10,sqrt,9.527916879096214,0.8401483869187796,16.560732423871826,19.233076123647248
A,15,20,120,100,5.0,10,1.0,5.924267621167408,0.8698790902453075,10.749202199228481,15.086170267367299
A,15,20,120,100,10.0,1,sqrt,6.451873885033055,0.8626826060506687,12.78695495927096,15.991608285701677
A,15,20,120,100,10.0,1,1.0,5.704922736711713,0.872612768060207,10.127262431966082,14.7836436411725
A,15,20,120,100,10.0,5,sqrt,6.48325670274306,0.8609693747363636,12.929733075456763,16.06138933105671
A,15,20,120,100,10.0,5,1.0,5.6585920236026,0.8726891833624292,10.12143454315205,14.766187041499828
A,15,20,120,100,10.0,10,sqrt,6.4713890893457515,0.8597592791118194,12.975644930447652,16.106922481547088
A,15,20,120,100,10.0,10,1.0,5.623442557724901,0.8729048245732483,10.117246629658435,14.751037907168136
A,15,20,120,100,,1,sqrt,5.436523444839056,0.8649323127537158,11.370998221742,15.096196270796032
A,15,20,120,100,,1,1.0,5.733279754738835,0.8663266309099014,10.412748571451397,15.064017982986794
A,15,20,120,100,,5,sqrt,5.462258234650914,0.8663162466978929,11.412559804887653,15.090000298043075
A,15,20,120,100,,5,1.0,5.64307501106134,0.8689307483671831,10.255694223404893,14.915902535129618
A,15,20,120,100,,10,sqrt,5.513123021110134,0.8665661730041705,11.677492417755735,15.236432492503303
A,15,20,120,100,,10,1.0,5.597089428354285,0.8703100991296591,10.188860781268058,14.838909618826174
A,15,20,120,200,5.0,1,sqrt,9.635452496280685,0.8415912590051271,17.02346411542371,19.584838771911272
A,15,20,120,200,5.0,1,1.0,5.928071164073958,0.8706071438997129,10.734437283799107,15.071652596635445
A,15,20,120,200,5.0,5,sqrt,9.622874833069307,0.8421361248329624,17.024869974191205,19.5796025176977
A,15,20,120,200,5.0,5,1.0,5.927594011609384,0.870658533800641,10.73476394132408,15.070762922683855
A,15,20,120,200,5.0,10,sqrt,9.51737872270866,0.8420402265135365,16.888440393194188,19.46334223259567
A,15,20,120,200,5.0,10,1.0,5.925690930549619,0.8706837301493084,10.733253070478671,15.069026292271321
A,15,20,120,200,10.0,1,sqrt,6.436793447235763,0.8631545642710506,12.857106047629657,16.01139688295985
A,15,20,120,200,10.0,1,1.0,5.708267045248151,0.8728446768844522,10.112406111802741,14.762790002961438
A,15,20,120,200,10.0,5,sqrt,6.425650929375368,0.8622505100507233,12.909910977166442,16.03316865525836
A,15,20,120,200,10.0,5,1.0,5.665207225680812,0.872864545267358,10.110076658960004,14.749926057269004
A,15,20,120,200,10.0,10,sqrt,6.4281888529469144,0.8611424669513232,12.954477895561428,16.068293829047256
A,15,20,120,200,10.0,10,1.0,5.618811227598703,0.8730504111104607,10.105050404941512,14.729093772929446
A,15,20,120,200,,1,sqrt,5.363919803506887,0.8659165972065196,11.379127534349303,15.054266456982194
A,15,20,120,200,,1,1.0,5.665538672636667,0.8671886394786522,10.382022654005862,15.009543803430972
A,15,20,120,200,,5,sqrt,5.431671573369099,0.866757828270351,11.465340674568504,15.09404952529618
A,15,20,120,200,,5,1.0,5.6377588375295655,0.8692264335139704,10.24398925863351,14.894795213761128
A,15,20,120,200,,10,sqrt,5.4958582699790455,0.8670445081143745,11.655768478087257,15.204431210018617
A,15,20,120,200,,10,1.0,5.604914712326864,0.8704989936308823,10.179588239759031,14.818021866299853
A,15,20,125,50,5.0,1,sqrt,12.218820800247052,0.8289122420560313,18.598152459047963,21.311733568001372
A,15,20,125,50,5.0,1,1.0,7.347697351947393,0.8627220013577975,11.828269752301285,16.235397022087778
A,15,20,125,50,5.0,5,sqrt,12.108693855703404,0.8311145859129437,18.412677014250757,21.16896109800563
A,15,20,125,50,5.0,5,1.0,7.345753572528809,0.8627020650278279,11.828491882538302,16.23416917368095
A,15,20,125,50,5.0,10,sqrt,11.844724260366071,0.8320655298371257,18.236031207462464,20.96303155723077
A,15,20,125,50,5.0,10,1.0,7.343070105263278,0.8627124999975658,11.827405507590088,16.232409674021195
A,15,20,125,50,10.0,1,sqrt,8.024174026300905,0.8524863849682328,14.111920837679458,17.33453559203295
A,15,20,125,50,10.0,1,1.0,7.286907398837487,0.8637547765315287,11.20125919274139,15.986861487999374
A,15,20,125,50,10.0,5,sqrt,8.09748620117054,0.8527814077530053,14.286879462145226,17.45185102972687
A,15,20,125,50,10.0,5,1.0,7.230760601987574,0.8639277993406171,11.177629538010907,15.94451223223212
A,15,20,125,50,10.0,10,sqrt,7.957364253852172,0.8523307708485619,14.153335502671041,17.37767997038366
A,15,20,125,50,10.0,10,1.0,7.11426134766509,0.8639270902618639,11.176849825511137,15.923468878932406
A,15,20,125,50,,1,sqrt,6.994290633436295,0.8550145183118198,12.53638703063304,16.40373459900632
A,15,20,125,50,,1,1.0,7.353706886791717,0.8568622904274974,11.505039518924892,16.325456284260945
A,15,20,125,50,,5,sqrt,7.022290909490588,0.8568615685547183,12.642417566724355,16.41751074610579
A,15,20,125,50,,5,1.0,7.321545631117067,0.8592072167903486,11.346580844979812,16.153655536936306
A,15,20,125,50,,10,sqrt,6.911484036667579,0.8575086968971963,12.83390323825281,16.50335820812817
A,15,20,125,50,,10,1.0,7.101209927980847,0.8611421231917064,11.27463802910476,16.048076061115587
A,15,20,125,100,5.0,1,sqrt,11.716705576832997,0.831729038109075,18.11021202776965,20.80807141424539
A,15,20,125,100,5.0,1,1.0,7.358446321543591,0.8626626559289964,11.83209914061442,16.239515825533697
A,15,20,125,100,5.0,5,sqrt,11.737339514477062,0.831570980986329,18.009432097792953,20.740309111065805
A,15,20,125,100,5.0,5,1.0,7.35804418264695,0.8626728859089553,11.832738961565767,16.239078499842645
A,15,20,125,100,5.0,10,sqrt,11.645268894631252,0.8321912932165739,17.92102008695009,20.647647879267378
A,15,20,125,100,5.0,10,1.0,7.355215947104037,0.862709472751461,11.831097851078214,16.236487589385774
A,15,20,125,100,10.0,1,sqrt,8.000703130299152,0.8536923817891463,13.951847846639069,17.221999147467635
A,15,20,125,100,10.0,1,1.0,7.1578072693254455,0.8643736481810878,11.182375263396029,15.938024038457689
A,15,20,125,100,10.0,5,sqrt,8.047641743649013,0.854264878592313,14.156087231074608,17.350384875112113
A,15,20,125,100,10.0,5,1.0,7.091722215996955,0.8645464734761553,11.162491682864687,15.907649480976094
A,15,20,125,100,10.0,10,sqrt,7.929992635289945,0.8537570600357556,14.121484199737177,17.31622936682698
A,15,20,125,100,10.0,10,1.0,7.035638884295362,0.8643900838832511,11.16861897747205,15.901493013781504
A,15,20,125,100,,1,sqrt,6.822384127599615,0.8573017946285828,12.495783875551343,16.29823550457728
A,15,20,125,100,,1,1.0,7.158372048124877,0.8581715141629573,11.47053328807733,16.230298869106257
A,15,20,125,100,,5,sqrt,6.848274940727964,0.8585177054292913,12.577898779697858,16.311631259449946
A,15,20,125,100,,5,1.0,7.089525531306147,0.8605691595963372,11.312422532775695,16.07741184741336
A,15,20,125,100,,10,sqrt,6.822043150617053,0.8584738912870662,12.77509405407726,16.41780239700832
A,15,20,125,100,,10,1.0,7.029505171878851,0.8617692170839811,11.260048504268488,16.01262505588793
A,15,20,125,200,5.0,1,sqrt,11.768293500463733,0.8341312923421083,18.33702986548689,20.978146896915355
A,15,20,125,200,5.0,1,1.0,7.388284861751414,0.8629675912638008,11.832438484932826,16.244841076254016
A,15,20,125,200,5.0,5,sqrt,11.718631119321564,0.8340335784644969,18.318013542058715,20.95425046109849
A,15,20,125,200,5.0,5,1.0,7.387459528362257,0.8629790402329112,11.83284296559866,16.24394915097052
A,15,20,125,200,5.0,10,sqrt,11.590041995019732,0.8341600105889881,18.22604426253315,20.862488236521965
A,15,20,125,200,5.0,10,1.0,7.38536124273985,0.8629881121660752,11.831653463284152,16.2419691419552
A,15,20,125,200,10.0,1,sqrt,7.929730385335693,0.8546422809952189,14.01212241572874,17.23919301853073
A,15,20,125,200,10.0,1,1.0,7.177055531850587,0.864526036891873,11.175381632134401,15.929014092979006
A,15,20,125,200,10.0,5,sqrt,7.942023479048018,0.8549636097928539,14.129883669107926,17.30553860026817
A,15,20,125,200,10.0,5,1.0,7.111228050728667,0.8645382387180109,11.162702608480025,15.905736723266159
A,15,20,125,200,10.0,10,sqrt,7.849669106349571,0.854900929702864,14.110670307561733,17.289179124806417
A,15,20,125,200,10.0,10,1.0,7.072359712874379,0.864505221863159,11.167501132906938,15.899788676040995
A,15,20,125,200,,1,sqrt,6.7267628143238,0.8581213158415275,12.490648565636095,16.242225133374056
A,15,20,125,200,,1,1.0,7.126623869812474,0.858601134201512,11.461029609032872,16.201806681711616
A,15,20,125,200,,5,sqrt,6.76968983888236,0.8593658905830288,12.59256437939222,16.28786168202118
A,15,20,125,200,,5,1.0,7.117007017438652,0.8608687510063913,11.30949861116365,16.065388604878393
A,15,20,125,200,,10,sqrt,6.813978717175905,0.8588428702009084,12.780782173879821,16.40625975864138
A,15,20,125,200,,10,1.0,7.076324665328317,0.8621497292738368,11.250400689079505,15.998320270885353
A,15,20,130,50,5.0,1,sqrt,13.92762840931332,0.8287001389444981,17.888196760692274,21.038998668373814
A,15,20,130,50,5.0,1,1.0,8.577267672083973,0.8614495240600171,11.193707276947585,16.349681364687946
A,15,20,130,50,5.0,5,sqrt,13.638646379169122,0.8307535872586026,17.50096234811658,20.744572218179876
A,15,20,130,50,5.0,5,1.0,8.574728992321495,0.86142908424645,11.194495758366944,16.347907518175063
A,15,20,130,50,5.0,10,sqrt,13.75294975518339,0.8306917108134572,17.665410992009008,20.870677176271652
A,15,20,130,50,5.0,10,1.0,8.574421128751935,0.8614393881156561,11.195459495389999,16.346143561506373
A,15,20,130,50,10.0,1,sqrt,9.368801316118136,0.8537982272910076,13.131443441380023,17.139924574815126
A,15,20,130,50,10.0,1,1.0,8.541032455451093,0.861651289938902,10.581134400592891,16.143830193522774
A,15,20,130,50,10.0,5,sqrt,9.484715725270245,0.8532809099710146,13.405956879931281,17.29804781843452
A,15,20,130,50,10.0,5,1.0,8.46019634809364,0.8615727449884636,10.57328760888833,16.106438354415694
A,15,20,130,50,10.0,10,sqrt,9.326992446249466,0.8518416332680122,13.379836034546122,17.323612986379135
A,15,20,130,50,10.0,10,1.0,8.341594569547443,0.8619093707827303,10.558238379614803,16.07803800584876
A,15,20,130,50,,1,sqrt,8.032448239222742,0.8554432899307288,11.747579146142055,16.371748981524394
A,15,20,130,50,,1,1.0,8.477924879324842,0.8554477355945093,10.934001397994432,16.40963293262931
A,15,20,130,50,,5,sqrt,8.0802843611546,0.8565594404463017,11.834650506021429,16.412379011472716
A,15,20,130,50,,5,1.0,8.36405678804476,0.8581704176232406,10.755998638340293,16.25746285196693
A,15,20,130,50,,10,sqrt,7.957414823834858,0.8581738208351108,11.947339731021295,16.418614824610138
A,15,20,130,50,,10,1.0,8.391715975585686,0.859177945523312,10.680546052578382,16.188120635071222
A,15,20,130,100,5.0,1,sqrt,13.429678824244778,0.8324612724668414,17.28246802745554,20.469832981904048
A,15,20,130,100,5.0,1,1.0,8.591059385754091,0.8614028756954439,11.202340535956989,16.364289203434197
A,15,20,130,100,5.0,5,sqrt,13.39742764597043,0.8326741733924734,17.201250548607227,20.413189198200165
A,15,20,130,100,5.0,5,1.0,8.589839912239423,0.8614260310837496,11.20289926630324,16.362784995806248
A,15,20,130,100,5.0,10,sqrt,13.45504341204566,0.8319135614892416,17.25779223158859,20.4609170401997
A,15,20,130,100,5.0,10,1.0,8.588292589858671,0.8614307353600615,11.20346318441151,16.361512620466396
A,15,20,130,100,10.0,1,sqrt,9.177372881681139,0.8555668849719578,13.094895164953803,17.073510499848744
A,15,20,130,100,10.0,1,1.0,8.429793471171546,0.8619862232549569,10.571989547958395,16.113940475969834
A,15,20,130,100,10.0,5,sqrt,9.274782547101854,0.8551293105977942,13.133442514175448,17.104067960397366
A,15,20,130,100,10.0,5,1.0,8.338002457853241,0.8620840693490454,10.560211877667482,16.078116809236757
A,15,20,130,100,10.0,10,sqrt,9.240625561409235,0.8538609416932793,13.340089838207168,17.23791030133225
A,15,20,130,100,10.0,10,1.0,8.263331313798975,0.8622167202372586,10.556808286860118,16.060918958093573
A,15,20,130,100,,1,sqrt,7.77669994770856,0.8577739730532846,11.641187782225936,16.24375321679964
A,15,20,130,100,,1,1.0,8.38258788262635,0.8560151304680442,10.922956328017852,16.366241970601635
A,15,20,130,100,,5,sqrt,7.886856531736322,0.8584190942021417,11.72503179727444,16.29139215460878
A,15,20,130,100,,5,1.0,8.27539453463292,0.8582216952459059,10.748346238867878,16.228910792571426
A,15,20,130,100,,10,sqrt,7.8734623995104345,0.8586350489266534,11.939377320735236,16.379824674727253
A,15,20,130,100,,10,1.0,8.273419175985115,0.8593766923165489,10.677207450316397,16.163098785875782
A,15,20,130,200,5.0,1,sqrt,13.433381011792978,0.8344021544006418,17.512634916187277,20.62177752280302
A,15,20,130,200,5.0,1,1.0,8.640620047368348,0.8614377637186843,11.207437838972664,16.372367008255342
A,15,20,130,200,5.0,5,sqrt,13.325169166871897,0.834751679005012,17.506596445876948,20.601020942698632
A,15,20,130,200,5.0,5,1.0,8.639597603017577,0.8614552701877178,11.207990325228758,16.37105859385644
A,15,20,130,200,5.0,10,sqrt,13.252932112863459,0.8342470473713112,17.508706259596337,20.59373674354947
A,15,20,130,200,5.0,10,1.0,8.638466045344058,0.8614696428731247,11.208522695980273,16.370248613605295
A,15,20,130,200,10.0,1,sqrt,9.096824670133802,0.8564314145494656,13.10370105018825,17.03919292676138
A,15,20,130,200,10.0,1,1.0,8.459039174751373,0.8621061611230371,10.570237737750647,16.116120450824667
A,15,20,130,200,10.0,5,sqrt,9.192200152349086,0.8559850638682495,13.194554920851257,17.10115296421713
A,15,20,130,200,10.0,5,1.0,8.374067073357676,0.8620274284526939,10.56049225757926,16.08533951512174
A,15,20,130,200,10.0,10,sqrt,9.14216115244496,0.8547031320820515,13.289891027963137,17.165120333471656
A,15,20,130,200,10.0,10,1.0,8.315254971270283,0.8623230819197154,10.560238250658877,16.07136941340001
A,15,20,130,200,,1,sqrt,7.712661540656214,0.8590763967648248,11.627017516606534,16.178261811898427
A,15,20,130,200,,1,1.0,8.365785593900117,0.8567147381799544,10.896419817988996,16.32412481166751
A,15,20,130,200,,5,sqrt,7.7867011869498155,0.8593131472370702,11.716931973142891,16.242026656132968
A,15,20,130,200,,5,1.0,8.266486753206857,0.8587014249782727,10.734309954470358,16.212764295276305
A,15,20,130,200,,10,sqrt,7.825214459469839,0.859754818909118,11.89446265969153,16.324766806081495
A,15,20,130,200,,10,1.0,8.289563315343175,0.8596942413864406,10.667832340695309,16.152746878985656
A,20,10,115,50,5.0,1,sqrt,5.393634757244816,0.8658579013640569,12.376201481754602,15.304581225126876
A,20,10,115,50,5.0,1,1.0,3.5006819135068943,0.8893323504133759,9.011578024459132,12.928800868767473
A,20,10,115,50,5.0,5,sqrt,5.323873743742926,0.8673674332468572,12.243404941437069,15.196368734132028
A,20,10,115,50,5.0,5,1.0,3.500575305228492,0.8893261720130907,9.011808655347695,12.928999216936878
A,20,10,115,50,5.0,10,sqrt,5.305053958574112,0.8678535275890858,12.252949214218944,15.196801656777799
A,20,10,115,50,5.0,10,1.0,3.500678465613239,0.8893205317768839,9.01198379191926,12.929663860814205
A,20,10,115,50,10.0,1,sqrt,3.444854066430146,0.8900967996695412,9.212029155156632,12.721411620336662
A,20,10,115,50,10.0,1,1.0,3.2585244969535188,0.8932187007155784,8.295794844080897,12.60375176338999
A,20,10,115,50,10.0,5,sqrt,3.405201140525257,0.8910178355124876,9.154266432250717,12.67539409919888
A,20,10,115,50,10.0,5,1.0,3.259870298821665,0.892735302787543,8.305266777932484,12.609999913280525
A,20,10,115,50,10.0,10,sqrt,3.373038458898044,0.8899210670787637,9.20923159558877,12.700856284521432
A,20,10,115,50,10.0,10,1.0,3.2329546721501408,0.8928785841136477,8.299251426259605,12.58824471651628
A,20,10,115,50,,1,sqrt,3.2047623853050786,0.8881287918319334,8.691171711142612,12.621099295726372
A,20,10,115,50,,1,1.0,3.3630428870496933,0.8865515938285518,8.519063946417862,12.897427625009229
A,20,10,115,50,,5,sqrt,3.1687379677672007,0.8907897487653539,8.621214943506482,12.51468718771615
A,20,10,115,50,,5,1.0,3.3370390509639924,0.8886897055252978,8.408553198408171,12.776796529970163
A,20,10,115,50,,10,sqrt,3.178184269757671,0.8904274581394305,8.740764796634817,12.555471809446576
A,20,10,115,50,,10,1.0,3.2766325285810227,0.890311737039284,8.35070180398208,12.675377903970226
A,20,10,115,100,5.0,1,sqrt,5.1202074400156,0.8700916941797093,12.2500371313857,15.127783535968684
A,20,10,115,100,5.0,1,1.0,3.506948073042679,0.8896416683967836,9.011878344475642,12.939539756345898
A,20,10,115,100,5.0,5,sqrt,5.104266728489158,0.8708785706015713,12.232391574430101,15.095209652021172
A,20,10,115,100,5.0,5,1.0,3.506916522997696,0.8896382026762213,9.012307321037305,12.93972746160667
A,20,10,115,100,5.0,10,sqrt,5.003067477177907,0.8716302197423509,12.160909496048305,15.008802367718562
A,20,10,115,100,5.0,10,1.0,3.5063185912476755,0.8896331896636032,9.012086151613104,12.93924826266084
A,20,10,115,100,10.0,1,sqrt,3.3804995193211034,0.891114954861485,9.13180322103938,12.650112353163584
A,20,10,115,100,10.0,1,1.0,3.2485612783129474,0.8936053546258764,8.27534704702866,12.582962471664867
A,20,10,115,100,10.0,5,sqrt,3.355196920057252,0.8920363017789967,9.086862509263371,12.61390205157675
A,20,10,115,100,10.0,5,1.0,3.2490160494207387,0.8931881918385092,8.28591094968999,12.591829384494275
A,20,10,115,100,10.0,10,sqrt,3.345661426675684,0.8912030386937234,9.141929823150722,12.651297512199866
A,20,10,115,100,10.0,10,1.0,3.215993941848468,0.893321009478746,8.281360713370157,12.564777518800295
A,20,10,115,100,,1,sqrt,3.182755868126253,0.8896465741279345,8.649333958926295,12.560229318906172
A,20,10,115,100,,1,1.0,3.326604414328666,0.8874723178068937,8.477764762162401,12.826562016695295
A,20,10,115,100,,5,sqrt,3.1609668223249243,0.8912172866751019,8.608727205821888,12.496237220236434
A,20,10,115,100,,5,1.0,3.3144644265656367,0.8892629480079097,8.37858134163074,12.731820424388903
A,20,10,115,100,,10,sqrt,3.1420238305215666,0.8917737750117685,8.687796791475773,12.49149699404229
A,20,10,115,100,,10,1.0,3.2479430852648563,0.8908383106357534,8.325767478590624,12.63816014646539
A,20,10,115,200,5.0,1,sqrt,5.159754252654369,0.8707856346089073,12.314112108926654,15.147224393397085
A,20,10,115,200,5.0,1,1.0,3.5093251799022234,0.8898264008104648,9.014298094096727,12.94258915433701
A,20,10,115,200,5.0,5,sqrt,5.169226455832024,0.8710733802133512,12.354647792090052,15.169929051084457
A,20,10,115,200,5.0,5,1.0,3.509650483920615,0.8898116503393725,9.014839281798487,12.943288321997091
A,20,10,115,200,5.0,10,sqrt,5.075005325659757,0.8714027860638941,12.333861734498488,15.121171513931234
A,20,10,115,200,5.0,10,1.0,3.5088891647595957,0.8898290552726975,9.014586353761453,12.942267906275802
A,20,10,115,200,10.0,1,sqrt,3.362879967776493,0.8918737601994671,9.144995815211782,12.62148343182631
A,20,10,115,200,10.0,1,1.0,3.228600930077556,0.8936717596237289,8.272428187469036,12.570784013706264
A,20,10,115,200,10.0,5,sqrt,3.3635741125777345,0.892164344819656,9.128262830707317,12.617011110699135
A,20,10,115,200,10.0,5,1.0,3.220776898010577,0.8934827177579965,8.273117568374113,12.56314478871321
A,20,10,115,200,10.0,10,sqrt,3.3634133843780836,0.8914875369703095,9.21600170335756,12.67259385797362
A,20,10,115,200,10.0,10,1.0,3.1950561897944754,0.8935583751250535,8.266676226591516,12.535021458784202
A,20,10,115,200,,1,sqrt,3.1390846648984345,0.890501472302852,8.634869981801623,12.512689249698962
A,20,10,115,200,,1,1.0,3.2927598079501927,0.8881601714852815,8.466138005770654,12.802192796796366
A,20,10,115,200,,5,sqrt,3.149957263540806,0.891462797828968,8.626598861880941,12.48369712002263
A,20,10,115,200,,5,1.0,3.2788135544165575,0.8897092491411055,8.366924833312968,12.70260304775709
A,20,10,115,200,,10,sqrt,3.1334301528720605,0.892116357953857,8.67904108306261,12.471386158826267
A,20,10,115,200,,10,1.0,3.2226698691916944,0.8912540114776732,8.312395560133815,12.608569273047271
A,20,10,120,50,5.0,1,sqrt,6.529537330325795,0.8586566448154551,13.452015014058862,16.46330090454654
A,20,10,120,50,5.0,1,1.0,4.400016403577203,0.8830072915114991,10.029164769360204,14.05954442798604
A,20,10,120,50,5.0,5,sqrt,6.500952589109419,0.8596474140374883,13.464642428064428,16.44362510614203
A,20,10,120,50,5.0,5,1.0,4.399286139874957,0.8829924525733777,10.028676730724275,14.058917625083675
A,20,10,120,50,5.0,10,sqrt,6.4102480060956735,0.8594937729669969,13.376232336796457,16.362107919881534
A,20,10,120,50,5.0,10,1.0,4.398624817046109,0.8829974670776417,10.027663019229163,14.057717586798338
A,20,10,120,50,10.0,1,sqrt,4.269689277646634,0.8834523616103966,10.113971310633833,13.7548207488481
A,20,10,120,50,10.0,1,1.0,4.092011179676639,0.885627635620206,9.247578103682796,13.684395408822756
A,20,10,120,50,10.0,5,sqrt,4.216316937978527,0.8826754119203294,10.239046654334466,13.793494390904138
A,20,10,120,50,10.0,5,1.0,4.081089443587911,0.8853497485339353,9.25623259523859,13.686688055861376
A,20,10,120,50,10.0,10,sqrt,4.177975931290993,0.883756867351655,10.140537908306356,13.72897160113816
A,20,10,120,50,10.0,10,1.0,4.065885101864977,0.8854860389418138,9.245175223242459,13.65609941992227
A,20,10,120,50,,1,sqrt,4.05470415046324,0.8809137869258865,9.642434805086346,13.726991926154898
A,20,10,120,50,,1,1.0,4.232963232106107,0.8784249556661867,9.496207435725415,14.00700479209568
A,20,10,120,50,,5,sqrt,3.9889767729712964,0.8823464054507513,9.621572749491506,13.626979138321698
A,20,10,120,50,,5,1.0,4.1772630178785475,0.8810690995981446,9.367013544151222,13.866133887732499
A,20,10,120,50,,10,sqrt,4.012041566407303,0.8825668029856594,9.736121380476083,13.648590045325747
A,20,10,120,50,,10,1.0,4.111829454424802,0.8828010600518145,9.301504817394619,13.749923904751611
A,20,10,120,100,5.0,1,sqrt,6.191435147324163,0.8636084443601894,13.314426512302276,16.26841756829169
A,20,10,120,100,5.0,1,1.0,4.411189576887066,0.8829380352668981,10.024884051143042,14.058703426228652
A,20,10,120,100,5.0,5,sqrt,6.203446463530962,0.8639758882855425,13.384644072802747,16.29742468367116
A,20,10,120,100,5.0,5,1.0,4.410505812654124,0.8829440556142891,10.024148784494503,14.057828070531055
A,20,10,120,100,5.0,10,sqrt,6.0401059849559875,0.864884499966494,13.269522967172014,16.16687908564439
A,20,10,120,100,5.0,10,1.0,4.409500559134855,0.8829636876404949,10.022673402937947,14.056069513994348
A,20,10,120,100,10.0,1,sqrt,4.210654054374666,0.8837454891782409,10.10635890589514,13.723906333426878
A,20,10,120,100,10.0,1,1.0,4.076479717816428,0.8859312641443722,9.229420452822549,13.653981786702122
A,20,10,120,100,10.0,5,sqrt,4.138157269222659,0.8840457937111653,10.107949798102155,13.697808287370773
A,20,10,120,100,10.0,5,1.0,4.07987782353578,0.8855954773861837,9.241907905761002,13.663716243574367
A,20,10,120,100,10.0,10,sqrt,4.132477409915574,0.8847497753888647,10.112925636168239,13.69770122007626
A,20,10,120,100,10.0,10,1.0,4.059681280172027,0.8857387217038879,9.23094034720683,13.633955193053925
A,20,10,120,100,,1,sqrt,3.9737144958548756,0.8820765772300669,9.597079895805141,13.629841474130188
A,20,10,120,100,,1,1.0,4.19259233547736,0.8797316924604747,9.455459632290497,13.930981656113298
A,20,10,120,100,,5,sqrt,3.952197006737264,0.8833583972601422,9.580697761294378,13.564548209758371
A,20,10,120,100,,5,1.0,4.170602356620594,0.8815404150670425,9.347889148833229,13.821682031730706
A,20,10,120,100,,10,sqrt,3.956624204186987,0.8836552901999223,9.67320715826579,13.581295885499795
A,20,10,120,100,,10,1.0,4.093048487144111,0.8831903542802756,9.283899673929813,13.717630258025935
A,20,10,120,200,5.0,1,sqrt,6.2692779016753635,0.8642739902189145,13.432402265403747,16.33213162851423
A,20,10,120,200,5.0,1,1.0,4.414753335212468,0.8831003092713752,10.019890788318198,14.051194105176767
A,20,10,120,200,5.0,5,sqrt,6.299634252333382,0.8640789888524665,13.520965601011932,16.385479325483765
A,20,10,120,200,5.0,5,1.0,4.414181181194772,0.8831007466010632,10.01937366555227,14.050755027834873
A,20,10,120,200,5.0,10,sqrt,6.170989701339531,0.8643281224881527,13.469319845445469,16.312132066917364
A,20,10,120,200,5.0,10,1.0,4.412978383815817,0.8831411908019267,10.018112714125882,14.048915031256584
A,20,10,120,200,10.0,1,sqrt,4.182864491004269,0.8840727334941743,10.123546390061097,13.70529092698079
A,20,10,120,200,10.0,1,1.0,4.066958591174876,0.8860517268333543,9.224659486231795,13.639287499828754
A,20,10,120,200,10.0,5,sqrt,4.1496402130893095,0.8844192465063747,10.132924636539371,13.702379442795248
A,20,10,120,200,10.0,5,1.0,4.06419065640664,0.8857331852008843,9.232424343813136,13.643598599694204
A,20,10,120,200,10.0,10,sqrt,4.137051611388811,0.8847603173487343,10.141827109638976,13.706681330271513
A,20,10,120,200,10.0,10,1.0,4.041516557273833,0.8857988077715323,9.2227959151335,13.612072171874711
A,20,10,120,200,,1,sqrt,3.945812703105928,0.8825030199542081,9.600797417561413,13.601940746715846
A,20,10,120,200,,1,1.0,4.163488723170343,0.8802037628970684,9.445258579606577,13.904470184996033
A,20,10,120,200,,5,sqrt,3.9297752620946915,0.8837053524466454,9.585613384016556,13.54651970319986
A,20,10,120,200,,5,1.0,4.146415091169989,0.8818529239086939,9.333892219668106,13.79471324273992
A,20,10,120,200,,10,sqrt,3.9223064753981065,0.8843047547845794,9.6633709547147,13.555119423577228
A,20,10,120,200,,10,1.0,4.076260006347766,0.8833689355104232,9.27348634180753,13.694754798715518
A,20,10,125,50,5.0,1,sqrt,7.925271626030974,0.8499128937100687,14.637518792964755,17.70219558504054
A,20,10,125,50,5.0,1,1.0,5.545874580617867,0.8754202490094093,11.037414333629767,15.18142975669663
A,20,10,125,50,5.0,5,sqrt,7.796188819166329,0.851727308092031,14.550178199563414,17.61299344475635
A,20,10,125,50,5.0,5,1.0,5.54534644291017,0.8754299376745186,11.036758159706043,15.180996245376736
A,20,10,125,50,5.0,10,sqrt,7.829055463097222,0.8512561018943068,14.5150633993009,17.592163808379688
A,20,10,125,50,5.0,10,1.0,5.5416904518002035,0.8754737070211072,11.034296973445883,15.178642925376916
A,20,10,125,50,10.0,1,sqrt,5.257661983712019,0.8750776271776187,11.249901652425649,14.92312310522943
A,20,10,125,50,10.0,1,1.0,5.218797219839215,0.8771137952431463,10.26821487731359,14.83277241427209
A,20,10,125,50,10.0,5,sqrt,5.165477547140522,0.875698573119599,11.1155809231439,14.834013684908768
A,20,10,125,50,10.0,5,1.0,5.227353245508714,0.8771334464695011,10.25746227015979,14.814955223322068
A,20,10,125,50,10.0,10,sqrt,5.1514378079777305,0.8753247297363107,11.185337280514956,14.867652040276557
A,20,10,125,50,10.0,10,1.0,5.179856633207949,0.8773739028717022,10.253003028589154,14.775130015431813
A,20,10,125,50,,1,sqrt,5.1241418497540465,0.8724771989695401,10.666961700052989,14.861766680611984
A,20,10,125,50,,1,1.0,5.379362045211795,0.8704140429479166,10.51660974618216,15.142677899751524
A,20,10,125,50,,5,sqrt,4.95551113136686,0.8738601693399819,10.637054395577234,14.760021406190376
A,20,10,125,50,,5,1.0,5.302620857131932,0.8733590080470849,10.355068875328701,14.976182557846716
A,20,10,125,50,,10,sqrt,4.910907674518219,0.8755744707323959,10.666728228167639,14.681286352832663
A,20,10,125,50,,10,1.0,5.226944786095654,0.8749771978866535,10.309240077388386,14.869762606886377
A,20,10,125,100,5.0,1,sqrt,7.513399632292452,0.8555245574302862,14.44942154770538,17.46838347368073
A,20,10,125,100,5.0,1,1.0,5.531431999865795,0.8754321329513646,11.03640440787313,15.179470247323298
A,20,10,125,100,5.0,5,sqrt,7.505159328314062,0.8560034707293575,14.467360034289461,17.468710644366087
A,20,10,125,100,5.0,5,1.0,5.530894610684992,0.8754385859168365,11.035605419045764,15.178832505215391
A,20,10,125,100,5.0,10,sqrt,7.404193975288143,0.8562563948203742,14.401342449311022,17.400609626265584
A,20,10,125,100,5.0,10,1.0,5.5280084817655695,0.8754611543271391,11.033068432259128,15.176529258822043
A,20,10,125,100,10.0,1,sqrt,5.134555614617936,0.8762276115118119,11.127377300438742,14.800612561983522
A,20,10,125,100,10.0,1,1.0,5.171039075439422,0.8776176021349059,10.24055808178276,14.789088410301876
A,20,10,125,100,10.0,5,sqrt,5.10915137383284,0.8763581123462878,11.065150084250414,14.778455935198878
A,20,10,125,100,10.0,5,1.0,5.181242337799822,0.8775034179621424,10.241093388814392,14.783623586585694
A,20,10,125,100,10.0,10,sqrt,5.1167047229046965,0.8757467585131314,11.146015769782391,14.83100378083969
A,20,10,125,100,10.0,10,1.0,5.138319216490384,0.8777032537967072,10.233903347858737,14.745265769574564
A,20,10,125,100,,1,sqrt,5.005054921543856,0.8738897784644701,10.610606440405245,14.767593104887359
A,20,10,125,100,,1,1.0,5.282249044889075,0.8715587065402243,10.477060310876386,15.07005606863515
A,20,10,125,100,,5,sqrt,4.9159776309661565,0.875092396086681,10.582836378193548,14.693086407063134
A,20,10,125,100,,5,1.0,5.25576333546693,0.8739386001866212,10.340178272096892,14.942254271251253
A,20,10,125,100,,10,sqrt,4.879470545890987,0.8759435857618119,10.641713922133224,14.656201961000935
A,20,10,125,100,,10,1.0,5.178814278970188,0.8755240405892966,10.282459902215635,14.835133636218185
A,20,10,125,200,5.0,1,sqrt,7.605731141232347,0.8561762283911003,14.590761573384253,17.55427530899528
A,20,10,125,200,5.0,1,1.0,5.534599919165644,0.8753022560086923,11.037428290661909,15.17914136481985
A,20,10,125,200,5.0,5,sqrt,7.621869405408782,0.8560907748099279,14.645056395382039,17.58634486971853
A,20,10,125,200,5.0,5,1.0,5.533798240304596,0.8753007570678125,11.036809954186163,15.178610759865672
A,20,10,125,200,5.0,10,sqrt,7.491914529358202,0.8563594034568716,14.614093020503145,17.540410055265255
A,20,10,125,200,5.0,10,1.0,5.532028765031619,0.8753293682764095,11.03522272409975,15.177241662132237
A,20,10,125,200,10.0,1,sqrt,5.12100972674749,0.8763835796102335,11.130375695725052,14.792560004186214
A,20,10,125,200,10.0,1,1.0,5.1526517033444295,0.8778858529123095,10.224841289492488,14.760104547702465
A,20,10,125,200,10.0,5,sqrt,5.122799280146719,0.8763655040701375,11.120677996844927,14.795277876677744
A,20,10,125,200,10.0,5,1.0,5.155017471616762,0.8777351979999871,10.225094584356892,14.755351460803027
A,20,10,125,200,10.0,10,sqrt,5.121128968525161,0.8759182626599884,11.18327312703457,14.84379890913593
A,20,10,125,200,10.0,10,1.0,5.12405219596814,0.8778127859592498,10.219893895463763,14.727672110486077
A,20,10,125,200,,1,sqrt,4.946335017753087,0.8745254091725563,10.595478212274505,14.716686249252254
A,20,10,125,200,,1,1.0,5.245664002364928,0.8720849308662204,10.465037959778781,15.042682710485789
A,20,10,125,200,,5,sqrt,4.890824370281554,0.8754155469823599,10.592437638861503,14.683434829784762
A,20,10,125,200,,5,1.0,5.213853657299539,0.8741853290318309,10.333156757714033,14.918038644107924
A,20,10,125,200,,10,sqrt,4.840792952238791,0.8763963683669818,10.640851082720319,14.637949391029801
A,20,10,125,200,,10,1.0,5.166875691476129,0.8754509491658513,10.273879075877906,14.821245680589518
A,20,10,130,50,5.0,1,sqrt,8.98237386316268,0.8511295010080216,13.850136691920824,17.525006197041684
A,20,10,130,50,5.0,1,1.0,6.425144503854085,0.8743017620914552,10.347655457213222,15.301949977390928
A,20,10,130,50,5.0,5,sqrt,8.746935275726065,0.8532077125411405,13.718075840815313,17.3755491509486
A,20,10,130,50,5.0,5,1.0,6.423593277588623,0.8743046651188753,10.346755546043543,15.300199239567693
A,20,10,130,50,5.0,10,sqrt,8.923645918333156,0.8516568514269671,13.718272602815437,17.40907846561575
A,20,10,130,50,5.0,10,1.0,6.42022949296998,0.8742805402683539,10.34528227914107,15.298599423306786
A,20,10,130,50,10.0,1,sqrt,6.049874430321351,0.8756419165523841,10.334040989107905,14.963448831168131
A,20,10,130,50,10.0,1,1.0,6.046032892876522,0.8752143269563215,9.681679983956181,14.978706630236761
A,20,10,130,50,10.0,5,sqrt,5.968824032878926,0.8757340923751805,10.346967638624616,14.973078609403228
A,20,10,130,50,10.0,5,1.0,6.044285981838565,0.8748767174778574,9.681813912984758,14.959316848460016
A,20,10,130,50,10.0,10,sqrt,5.960627620435882,0.8753685823396709,10.358335715608959,14.92198941937347
A,20,10,130,50,10.0,10,1.0,5.976223848358279,0.8750287545453291,9.678292187249403,14.92064776089337
A,20,10,130,50,,1,sqrt,5.833027938859906,0.8712461433327222,10.034288064596051,14.946962586998964
A,20,10,130,50,,1,1.0,6.151964947616323,0.869093532352743,9.991982737916825,15.231839227875067
A,20,10,130,50,,5,sqrt,5.597057645219277,0.8742001848003225,9.92765134855447,14.797859387654762
A,20,10,130,50,,5,1.0,6.098487590123608,0.8711052454369017,9.84260386688769,15.101699812543387
A,20,10,130,50,,10,sqrt,5.55786594379602,0.874571425229704,10.028883595615767,14.81513227689409
A,20,10,130,50,,10,1.0,5.95817144563822,0.8726958098175828,9.76361976568209,14.983892331791427
A,20,10,130,100,5.0,1,sqrt,8.399289067755515,0.8568558583714528,13.610612865994772,17.234202727076756
A,20,10,130,100,5.0,1,1.0,6.4039299944253045,0.8745690054315782,10.345584573235381,15.301649639484733
A,20,10,130,100,5.0,5,sqrt,8.362117030540585,0.8574627006652517,13.595898457343697,17.20323716706168
A,20,10,130,100,5.0,5,1.0,6.402927303589934,0.8745605731379777,10.344920300980027,15.30038723451961
A,20,10,130,100,5.0,10,sqrt,8.321879690807608,0.8574764758596973,13.552819120109564,17.16953138035254
A,20,10,130,100,5.0,10,1.0,6.399139257384391,0.8745623489792592,10.342496013492905,15.297349022791707
A,20,10,130,100,10.0,1,sqrt,5.897059542296587,0.8763161411416579,10.251185272861424,14.856935928522475
A,20,10,130,100,10.0,1,1.0,5.979075296089813,0.8754678479535498,9.659335970298674,14.944567773575741
A,20,10,130,100,10.0,5,sqrt,5.845231701291608,0.8766763655847706,10.229076557774322,14.870444418633017
A,20,10,130,100,10.0,5,1.0,5.989671230201121,0.8751850337898066,9.65957045172252,14.931318287871838
A,20,10,130,100,10.0,10,sqrt,5.856879665047034,0.8761519411924106,10.303056033782546,14.879425498255966
A,20,10,130,100,10.0,10,1.0,5.946855216869581,0.8754679390942437,9.653963348548533,14.897257428504005
A,20,10,130,100,,1,sqrt,5.6985308269155075,0.8728875635621713,9.958099028368157,14.85364374646631
A,20,10,130,100,,1,1.0,6.037884362543527,0.8700066134537531,9.951410882121596,15.173878646988703
A,20,10,130,100,,5,sqrt,5.570615345255661,0.8747343633601814,9.890275765778526,14.748017043914198
A,20,10,130,100,,5,1.0,6.029867333875664,0.8719132524407452,9.805290139884779,15.052481908425301
A,20,10,130,100,,10,sqrt,5.5160427026628955,0.8753553220134311,9.935111654286251,14.721291419385864
A,20,10,130,100,,10,1.0,5.936459592859544,0.8732288432846179,9.730482892909276,14.95548742370821
A,20,10,130,200,5.0,1,sqrt,8.485500903306304,0.8575758266384923,13.72322636314129,17.272695617103974
A,20,10,130,200,5.0,1,1.0,6.454977868366351,0.8742520436232576,10.354423897462407,15.322711374380173
A,20,10,130,200,5.0,5,sqrt,8.470650472552359,0.8576728556801314,13.737618648343192,17.271939155070772
A,20,10,130,200,5.0,5,1.0,6.45313038118928,0.8742596684632673,10.35399533355636,15.321381540057505
A,20,10,130,200,5.0,10,sqrt,8.39816362485663,0.857580785815448,13.779439539091015,17.29077989401941
A,20,10,130,200,5.0,10,1.0,6.450910483460399,0.874260460904015,10.352313706374542,15.319569047868999
A,20,10,130,200,10.0,1,sqrt,5.857051392141814,0.8766416072084905,10.247421560196749,14.818739328970485
A,20,10,130,200,10.0,1,1.0,5.986479505268065,0.8756578144657071,9.651044622425697,14.935868996793278
A,20,10,130,200,10.0,5,sqrt,5.850320212773316,0.876630555852846,10.261248800441466,14.851346962681685
A,20,10,130,200,10.0,5,1.0,5.991635913448351,0.87541246269849,9.653553588974692,14.925994019546982
A,20,10,130,200,10.0,10,sqrt,5.871346798579904,0.8762531291644265,10.326228827977088,14.87115956267005
A,20,10,130,200,10.0,10,1.0,5.9574847231068215,0.8755247363007579,9.647755560738663,14.896818365658465
A,20,10,130,200,,1,sqrt,5.6298867338639,0.8733679876938009,9.939010493499392,14.812580489984905
A,20,10,130,200,,1,1.0,6.024380544384462,0.8704463353918672,9.925850022819862,15.145619335615326
A,20,10,130,200,,5,sqrt,5.573373886120516,0.8749981301717542,9.886426835297344,14.729398412279348
A,20,10,130,200,,5,1.0,6.000208380176108,0.8722719897972592,9.795446761195889,15.04298166920313
A,20,10,130,200,,10,sqrt,5.485399644757058,0.87570332124189,9.9438080197712,14.718779709923009
A,20,10,130,200,,10,1.0,5.946703693858961,0.8733883365972005,9.725214259068817,14.957529317037006
A,20,15,115,50,5.0,1,sqrt,6.900523598722659,0.8554297792486288,14.831898791085678,17.452167303445634
A,20,15,115,50,5.0,1,1.0,3.499242546259797,0.8893346153172921,9.011220491224119,12.927184697477045
A,20,15,115,50,5.0,5,sqrt,7.018365656318949,0.8557276671052613,14.876009282890005,17.50115870313133
A,20,15,115,50,5.0,5,1.0,3.4992410943400913,0.889321742287688,9.011809176730846,12.927599375727734
A,20,15,115,50,5.0,10,sqrt,7.007977199147706,0.855579831316464,14.81651483034056,17.486014799841275
A,20,15,115,50,5.0,10,1.0,3.4989419000034028,0.8893232395788948,9.012146172682638,12.927491488021213
A,20,15,115,50,10.0,1,sqrt,4.059886414194981,0.881825482421306,10.643547464128195,13.717231429676279
A,20,15,115,50,10.0,1,1.0,3.2853836341689115,0.8936053174729413,8.303569690907981,12.591287445902047
A,20,15,115,50,10.0,5,sqrt,4.16729959114969,0.880034125978689,10.936488814048161,13.923778623283985
A,20,15,115,50,10.0,5,1.0,3.2752195887614115,0.8933470721262495,8.30109903020261,12.58762042494448
A,20,15,115,50,10.0,10,sqrt,4.100375349101867,0.8788438215555212,10.837694339734071,13.891398687206244
A,20,15,115,50,10.0,10,1.0,3.2407105138854946,0.8935188056594807,8.28351754072304,12.555341625418844
A,20,15,115,50,,1,sqrt,3.405921125745661,0.883307330808662,9.401397279799538,12.998828663336667
A,20,15,115,50,,1,1.0,3.395988249797017,0.8865974985909875,8.52101627602955,12.867046095704996
A,20,15,115,50,,5,sqrt,3.4321568465470556,0.8853208974878017,9.455189745718059,13.018965052905918
A,20,15,115,50,,5,1.0,3.38076290289912,0.8891780161263622,8.39983640428083,12.757894568393708
A,20,15,115,50,,10,sqrt,3.476374686561292,0.8848304002526899,9.703959398889527,13.163337633159648
A,20,15,115,50,,10,1.0,3.2919253466462615,0.8910258052765456,8.331265924252595,12.639036973000302
A,20,15,115,100,5.0,1,sqrt,6.807284965385061,0.8574846705442125,14.81507791977125,17.39636114343036
A,20,15,115,100,5.0,1,1.0,3.5055027099074096,0.8896449505126691,9.01207798679128,12.938678315804955
A,20,15,115,100,5.0,5,sqrt,6.932366898171703,0.8566528289175848,14.87555632726529,17.466759448441728
A,20,15,115,100,5.0,5,1.0,3.5051256149807712,0.8896374375433711,9.01229317225587,12.93828769102233
A,20,15,115,100,5.0,10,sqrt,6.904180127949052,0.8579899551206859,14.807966096537777,17.424695756267095
A,20,15,115,100,5.0,10,1.0,3.5042147205822025,0.8896352925274205,9.012084594510238,12.937251443126062
A,20,15,115,100,10.0,1,sqrt,4.006809662541519,0.8826701491371072,10.605671779041396,13.672354970460319
A,20,15,115,100,10.0,1,1.0,3.256475516785406,0.8939985279887835,8.282589586849797,12.566091707201757
A,20,15,115,100,10.0,5,sqrt,4.085290725247739,0.8823644189608093,10.755125653574574,13.790449994321992
A,20,15,115,100,10.0,5,1.0,3.2482555823030155,0.8939242029664471,8.27865433322059,12.556411159634097
A,20,15,115,100,10.0,10,sqrt,4.007647818364424,0.881204792620443,10.780339624494449,13.792260651741492
A,20,15,115,100,10.0,10,1.0,3.222577335897602,0.8940839180379851,8.26518181797949,12.530159429354587
A,20,15,115,100,,1,sqrt,3.325961199160061,0.8858311662191583,9.307351880335073,12.876128588212103
A,20,15,115,100,,1,1.0,3.3441052133435973,0.8877502475190561,8.477148335876375,12.796414733657366
A,20,15,115,100,,5,sqrt,3.377194201801325,0.8869262631140288,9.392600572263955,12.932890093662058
A,20,15,115,100,,5,1.0,3.316190484286235,0.8900177617853535,8.367746354498367,12.692620383214862
A,20,15,115,100,,10,sqrt,3.40263400933273,0.8865152425024385,9.60184647169071,13.043437785230557
A,20,15,115,100,,10,1.0,3.2600057546983168,0.8918607136249976,8.303797673546095,12.592830799926592
A,20,15,115,200,5.0,1,sqrt,6.595287129848924,0.8608977324843871,14.502598651588443,17.075744871890766
A,20,15,115,200,5.0,1,1.0,3.5080158739320497,0.8898421820962021,9.014372822626559,12.941310087621606
A,20,15,115,200,5.0,5,sqrt,6.668421752048326,0.860275865362812,14.514459573279131,17.108981478347708
A,20,15,115,200,5.0,5,1.0,3.5082180540139425,0.8898184916264611,9.014807181588031,12.941819034611408
A,20,15,115,200,5.0,10,sqrt,6.562696822042135,0.8610146432354917,14.450238025602227,17.04457592872567
A,20,15,115,200,5.0,10,1.0,3.5066250284857583,0.889840960563901,9.013867799332099,12.939503317187093
A,20,15,115,200,10.0,1,sqrt,3.9730875444235254,0.8839841136779458,10.489866459869264,13.581454017242553
A,20,15,115,200,10.0,1,1.0,3.2367459783222707,0.8941152465103717,8.27850668475445,12.547504579334433
A,20,15,115,200,10.0,5,sqrt,4.015702282845437,0.8835667972642733,10.636933905207243,13.685095646214123
A,20,15,115,200,10.0,5,1.0,3.225344356048828,0.8941023502256542,8.267933205908298,12.53013245038324
A,20,15,115,200,10.0,10,sqrt,3.9494784321089726,0.8826683497105208,10.651407794774556,13.677936962694815
A,20,15,115,200,10.0,10,1.0,3.2036968772988343,0.894232220934604,8.254627245866534,12.5054560200836
A,20,15,115,200,,1,sqrt,3.293121356471242,0.886820601933761,9.263263117882472,12.816633639874993
A,20,15,115,200,,1,1.0,3.317845854044671,0.8883071949003842,8.46792013176115,12.768764534771968
A,20,15,115,200,,5,sqrt,3.32708336247362,0.8882746919286459,9.30509473278388,12.83231962466447
A,20,15,115,200,,5,1.0,3.2826523020129796,0.8904335625386608,8.35748302218023,12.658823367855604
A,20,15,115,200,,10,sqrt,3.350159096530601,0.8879971190061797,9.50259631673464,12.946003833914693
A,20,15,115,200,,10,1.0,3.2360444578943435,0.8920922311477527,8.298282761596145,12.574047968562454
A,20,15,120,50,5.0,1,sqrt,8.298332944819862,0.8476816474777898,16.00817469395205,18.705380910546857
A,20,15,120,50,5.0,1,1.0,4.395489740927898,0.8830193063672981,10.028505671088546,14.055451967623958
A,20,15,120,50,5.0,5,sqrt,8.23892941933415,0.8491908249904736,15.903303398433795,18.58162870704478
A,20,15,120,50,5.0,5,1.0,4.395448729258424,0.8829977444623627,10.029166977019514,14.056273253766287
A,20,15,120,50,5.0,10,sqrt,8.42963841550431,0.8476283360161272,16.046011044024862,18.769405575340613
A,20,15,120,50,5.0,10,1.0,4.3939931707307265,0.8829978272421067,10.02840854126961,14.054771808015264
A,20,15,120,50,10.0,1,sqrt,5.100203486348825,0.8719224194550985,11.78754440585482,14.927757656094112
A,20,15,120,50,10.0,1,1.0,4.160126959792438,0.8854837344135327,9.275069027634979,13.692867860949747
A,20,15,120,50,10.0,5,sqrt,5.138502847554593,0.872007720614306,11.903834280779323,15.002668724130743
A,20,15,120,50,10.0,5,1.0,4.111754387545827,0.8857499528115674,9.255030541423801,13.655021828604983
A,20,15,120,50,10.0,10,sqrt,5.084232996428573,0.8714497829979901,12.024123186747818,15.083150767770537
A,20,15,120,50,10.0,10,1.0,4.091489515959645,0.8859153060040337,9.23480500101402,13.63152229995994
A,20,15,120,50,,1,sqrt,4.2245664585807585,0.8768723963814324,10.357426831268393,14.07668266112554
A,20,15,120,50,,1,1.0,4.3388595218802575,0.8790823718522371,9.48719052681582,13.982101858471884
A,20,15,120,50,,5,sqrt,4.172009466808173,0.8773859720398777,10.468636583997782,14.056720254578982
A,20,15,120,50,,5,1.0,4.230186885947835,0.8820846529278003,9.339857502634159,13.808744994448006
A,20,15,120,50,,10,sqrt,4.257342714618675,0.8774912888061775,10.673829736967166,14.219750490313663
A,20,15,120,50,,10,1.0,4.147197502691148,0.8835418541215143,9.287391093591465,13.720189779702778
A,20,15,120,100,5.0,1,sqrt,8.161421300148644,0.8497286889362572,16.022215914745555,18.654679798831662
A,20,15,120,100,5.0,1,1.0,4.408428062641052,0.8829453893724294,10.024478532489065,14.056246072641951
A,20,15,120,100,5.0,5,sqrt,8.200294294194899,0.8501275464616722,15.994880651874478,18.62838081640631
A,20,15,120,100,5.0,5,1.0,4.4079118973731966,0.8829438577438438,10.02451771241406,14.056109477446274
A,20,15,120,100,5.0,10,sqrt,8.313914615089677,0.8495981939405148,16.042145540488182,18.71168223716619
A,20,15,120,100,5.0,10,1.0,4.406337929758228,0.8829659013601091,10.023171897703081,14.05399382300119
A,20,15,120,100,10.0,1,sqrt,4.934028745719438,0.8740182355124441,11.76230599668536,14.846596149759353
A,20,15,120,100,10.0,1,1.0,4.11745964124845,0.8860499641087104,9.253448979667848,13.660819737110089
A,20,15,120,100,10.0,5,sqrt,4.969352198226383,0.8741974134855293,11.758683997717819,14.86918497691866
A,20,15,120,100,10.0,5,1.0,4.104314271329333,0.8861230983156073,9.24215763941703,13.64279294560319
A,20,15,120,100,10.0,10,sqrt,4.974631002068267,0.8733947087221923,11.896360448511762,14.9721084892961
A,20,15,120,100,10.0,10,1.0,4.08160206321312,0.8862466612028272,9.225853043806753,13.617615403616208
A,20,15,120,100,,1,sqrt,4.120463885140203,0.8789804632808726,10.269895883849772,13.930043730953932
A,20,15,120,100,,1,1.0,4.233254815888285,0.8802215778853955,9.45895543334972,13.904967053313593
A,20,15,120,100,,5,sqrt,4.135803242740313,0.8792268486731413,10.385488856441414,13.971057035322044
A,20,15,120,100,,5,1.0,4.195949795492868,0.8823111555240045,9.338608995070942,13.78239928985742
A,20,15,120,100,,10,sqrt,4.224488782468866,0.8788960898767133,10.595178937024253,14.13507771119605
A,20,15,120,100,,10,1.0,4.132357491520716,0.8840670440145229,9.269269115514955,13.690957475924971
A,20,15,120,200,5.0,1,sqrt,7.993902649638995,0.8528122337339721,15.771963498193182,18.386714588983576
A,20,15,120,200,5.0,1,1.0,4.412793301962674,0.883111618297564,10.019917030153692,14.049306610153689
A,20,15,120,200,5.0,5,sqrt,7.969708122973534,0.852636099852311,15.692604306436692,18.32545491720456
A,20,15,120,200,5.0,5,1.0,4.412422490357465,0.8831065816862761,10.019820837916386,14.049343694584469
A,20,15,120,200,5.0,10,sqrt,7.9498858439425915,0.8527798911182771,15.716152314013417,18.348649223003786
A,20,15,120,200,5.0,10,1.0,4.410618550379855,0.8831457568078898,10.018299677846159,14.046924514618564
A,20,15,120,200,10.0,1,sqrt,4.866753392617387,0.8762862906399531,11.599135910445403,14.721666210134774
A,20,15,120,200,10.0,1,1.0,4.10331983604794,0.8863226853417251,9.239773228032764,13.632444097031911
A,20,15,120,200,10.0,5,sqrt,4.898310770806742,0.8759186471956836,11.649965257314198,14.785748669547644
A,20,15,120,200,10.0,5,1.0,4.089930853039657,0.8863089111092316,9.228123348924338,13.615437642447237
A,20,15,120,200,10.0,10,sqrt,4.88881162439914,0.8756963613626645,11.705901992648794,14.823135098024585
A,20,15,120,200,10.0,10,1.0,4.061392417077175,0.8864040944582575,9.212341208911313,13.587581061528805
A,20,15,120,200,,1,sqrt,4.085626988620195,0.8797328998554874,10.207311164225292,13.875636195086267
A,20,15,120,200,,1,1.0,4.207010570427206,0.8809145116773616,9.442079813897852,13.860148582260958
A,20,15,120,200,,5,sqrt,4.119027162833832,0.8800397923193758,10.32908489690595,13.926462290694555
A,20,15,120,200,,5,1.0,4.165140190699008,0.8826648680454893,9.321312574394494,13.746101801865809
A,20,15,120,200,,10,sqrt,4.1811830257265195,0.8799810807076925,10.543456748164491,14.070311128179977
A,20,15,120,200,,10,1.0,4.09879930763981,0.8842180686673384,9.257796973929416,13.65766663928287
A,20,15,125,50,5.0,1,sqrt,9.874084481248655,0.8401267589742416,17.232961181103608,19.990966223616763
A,20,15,125,50,5.0,1,1.0,5.5401125692055455,0.8754281154489295,11.037084591010197,15.177578951543108
A,20,15,125,50,5.0,5,sqrt,9.70508502175777,0.8416884083128024,17.060135460999458,19.800734553734877
A,20,15,125,50,5.0,5,1.0,5.5392242856849485,0.8754396089624571,11.036838895618335,15.177272771047575
A,20,15,125,50,5.0,10,sqrt,9.86031697908041,0.8413973621800167,17.27884081246658,20.016377172613744
A,20,15,125,50,5.0,10,1.0,5.536056236705221,0.875471881997458,11.034910933783497,15.175321927504736
A,20,15,125,50,10.0,1,sqrt,6.078527150784594,0.8652829876114518,12.811323730293788,15.993017548451757
A,20,15,125,50,10.0,1,1.0,5.273972301026481,0.877877896365846,10.259425467106038,14.799009325633875
A,20,15,125,50,10.0,5,sqrt,6.191158991120423,0.8640190015353593,12.941601888751535,16.13064358045317
A,20,15,125,50,10.0,5,1.0,5.259612249768873,0.8776260088982235,10.255624732228487,14.785781462850599
A,20,15,125,50,10.0,10,sqrt,6.095832979461374,0.864674550457198,12.962186787760013,16.136606899058688
A,20,15,125,50,10.0,10,1.0,5.1959167342216075,0.8779258504222737,10.229550051776117,14.736824298484251
A,20,15,125,50,,1,sqrt,5.20358549349732,0.8684849426216953,11.374696656673802,15.16760263029742
A,20,15,125,50,,1,1.0,5.517230129879449,0.8707910469526133,10.532253424275362,15.14497298877408
A,20,15,125,50,,5,sqrt,5.13938266919538,0.870686673914995,11.450908710676911,15.164479754026038
A,20,15,125,50,,5,1.0,5.376119433064103,0.8735160520931771,10.371099251757666,14.949754680659263
A,20,15,125,50,,10,sqrt,5.141499432067386,0.8698543395048995,11.712307969431352,15.307698619792385
A,20,15,125,50,,10,1.0,5.273826137496994,0.8752445299918055,10.29052588974009,14.839723169340203
A,20,15,125,100,5.0,1,sqrt,9.78170560059522,0.8422932301336671,17.31909462245897,20.012571766401155
A,20,15,125,100,5.0,1,1.0,5.527480995534204,0.8754326800158798,11.036120799278141,15.176649437961657
A,20,15,125,100,5.0,5,sqrt,9.700194018296132,0.8432244695348425,17.254912968661653,19.942375249727796
A,20,15,125,100,5.0,5,1.0,5.526458536605487,0.8754468771788162,11.035565718950679,15.17576686528395
A,20,15,125,100,5.0,10,sqrt,9.735224155766659,0.8433556891965408,17.26792105975914,19.96334912577685
A,20,15,125,100,5.0,10,1.0,5.5239641145208465,0.8754562795606372,11.033587467756389,15.173750953653203
A,20,15,125,100,10.0,1,sqrt,5.964267700962132,0.8668548320246969,12.712231016391764,15.898666708754106
A,20,15,125,100,10.0,1,1.0,5.216517104538305,0.8782115594861126,10.24546301382504,14.76772921432297
A,20,15,125,100,10.0,5,sqrt,6.048471297037039,0.8657056657838998,12.863835213422803,16.0346933642066
A,20,15,125,100,10.0,5,1.0,5.1942213422961725,0.8779644351100249,10.238326994661383,14.749144746851053
A,20,15,125,100,10.0,10,sqrt,5.9152027572653365,0.8674340901820574,12.806934729777439,15.985591701536952
A,20,15,125,100,10.0,10,1.0,5.15494607583663,0.8781960458166719,10.220143788498863,14.71283783398465
A,20,15,125,100,,1,sqrt,5.110171621062973,0.8695866338854998,11.341507373100438,15.089875148266259
A,20,15,125,100,,1,1.0,5.423099242986809,0.8718948688962895,10.502902936343775,15.069068229887828
A,20,15,125,100,,5,sqrt,5.1161582586810095,0.8713843166974782,11.417263560119501,15.11913476980368
A,20,15,125,100,,5,1.0,5.329911839007738,0.8740815541854519,10.354780517460561,14.914468574350916
A,20,15,125,100,,10,sqrt,5.108393482437792,0.87110472719203,11.653679837384548,15.23323385814283
A,20,15,125,100,,10,1.0,5.2153730186710385,0.8756746634245604,10.278046559420934,14.806398886745345
A,20,15,125,200,5.0,1,sqrt,9.505309450144031,0.8458469062327151,16.985926538453267,19.663605972273306
A,20,15,125,200,5.0,1,1.0,5.5320475430621645,0.8753058854696274,11.03766230662422,15.176923591477504
A,20,15,125,200,5.0,5,sqrt,9.46296224609748,0.8461597175201936,16.95083862579242,19.63169792088102
A,20,15,125,200,5.0,5,1.0,5.531051935733903,0.8753102299429208,11.037116188933073,15.176276421725623
A,20,15,125,200,5.0,10,sqrt,9.3735506112805,0.8465017339790494,16.924812115317,19.589162530655198
A,20,15,125,200,5.0,10,1.0,5.5293547777823315,0.875336826978226,11.035620674709103,15.174846380415833
A,20,15,125,200,10.0,1,sqrt,5.85600428916378,0.8686909500677491,12.575343561880128,15.7913917632336
A,20,15,125,200,10.0,1,1.0,5.189036034510711,0.8784157191270978,10.229520995762241,14.738060482960284
A,20,15,125,200,10.0,5,sqrt,5.9499274676471,0.8678366342423249,12.71909275310611,15.919379161917869
A,20,15,125,200,10.0,5,1.0,5.173629357197926,0.87830532438846,10.2214549907322,14.722352541228537
A,20,15,125,200,10.0,10,sqrt,5.882432304646443,0.8683923815858943,12.715747032914605,15.910337490233662
A,20,15,125,200,10.0,10,1.0,5.134827729954391,0.8784424615094361,10.206770887473988,14.690712477820451
A,20,15,125,200,,1,sqrt,5.043834393843306,0.871334860063253,11.248989017248732,14.992692184435668
A,20,15,125,200,,1,1.0,5.3453012731957745,0.8722640219322095,10.483582228164707,15.020589579902197
A,20,15,125,200,,5,sqrt,5.064086765571207,0.8724428852840147,11.33747544083224,15.039015573806566
A,20,15,125,200,,5,1.0,5.278776496429549,0.8744867629687743,10.338596581792775,14.882951938244684
A,20,15,125,200,,10,sqrt,5.098549368297117,0.8720672072315642,11.568832104236243,15.169985535447385
A,20,15,125,200,,10,1.0,5.167234192551526,0.8758689222182721,10.271822675787446,14.785735579406204
A,20,15,130,50,5.0,1,sqrt,10.937562432042853,0.8420298442974218,16.454842506548044,19.650733553748932
A,20,15,130,50,5.0,1,1.0,6.419824989044942,0.8743172193598889,10.347778290860566,15.299076560360598
A,20,15,130,50,5.0,5,sqrt,10.830068981381416,0.8429875719271429,16.333335018807052,19.507866859896485
A,20,15,130,50,5.0,5,1.0,6.418405436753896,0.8743216825587424,10.347182655518502,15.297646496798745
A,20,15,130,50,5.0,10,sqrt,11.169507147394196,0.8426674846797877,16.713936696101378,19.888594033576254
A,20,15,130,50,5.0,10,1.0,6.414325392943532,0.8743032872706907,10.345102614616573,15.295258482695555
A,20,15,130,50,10.0,1,sqrt,6.904589612486009,0.8660268396928572,12.152732552733065,15.984958453088733
A,20,15,130,50,10.0,1,1.0,6.093857377830757,0.875895228059767,9.691142801945588,14.983038579425457
A,20,15,130,50,10.0,5,sqrt,6.862131163934775,0.864778018173747,12.254672194890198,16.030208670488395
A,20,15,130,50,10.0,5,1.0,6.07462994115668,0.8756807180138099,9.670173210763874,14.940540296488233
A,20,15,130,50,10.0,10,sqrt,6.977674730385546,0.865089750964137,12.166433664892663,16.02720946941346
A,20,15,130,50,10.0,10,1.0,6.018582901680025,0.8757175786342136,9.65653477074207,14.89402677587255
A,20,15,130,50,,1,sqrt,6.023218348011656,0.8687053922173537,10.628495324217383,15.230183621991102
A,20,15,130,50,,1,1.0,6.129462502324557,0.8697306470536604,9.985966386126776,15.202412250532927
A,20,15,130,50,,5,sqrt,5.947511606787918,0.869644778389263,10.729156041456687,15.253163845691805
A,20,15,130,50,,5,1.0,6.129859251906235,0.8719896688376043,9.822963010042205,15.058505323633938
A,20,15,130,50,,10,sqrt,5.909393293366232,0.8698852827057536,10.902536536242252,15.342534587273667
A,20,15,130,50,,10,1.0,6.047056396778396,0.8732284391666006,9.740849672135163,14.956939106776252
A,20,15,130,100,5.0,1,sqrt,10.837582539255987,0.8434173593670099,16.536521171323745,19.66253080538924
A,20,15,130,100,5.0,1,1.0,6.400474397792012,0.8745809837393652,10.345408289190942,15.29958930498827
A,20,15,130,100,5.0,5,sqrt,10.819684287713493,0.8438992734012956,16.477261673611316,19.61348637337181
A,20,15,130,100,5.0,5,1.0,6.399452009051474,0.8745942907915676,10.344820060126816,15.29835700948962
A,20,15,130,100,5.0,10,sqrt,10.96648989487603,0.8444178863467083,16.539638819610254,19.700810682857387
A,20,15,130,100,5.0,10,1.0,6.395387869363626,0.8745908253418857,10.342352790073114,15.294938385223777
A,20,15,130,100,10.0,1,sqrt,6.711255731211535,0.8686437042574845,11.892225019838422,15.79435898031283
A,20,15,130,100,10.0,1,1.0,6.034277090632507,0.8759465679981389,9.662188233879291,14.945134004860595
A,20,15,130,100,10.0,5,sqrt,6.827945277270208,0.8668905921520471,12.010745367529548,15.876983041933528
A,20,15,130,100,10.0,5,1.0,6.027656576136521,0.8758423579111383,9.650408672965687,14.917464885489853
A,20,15,130,100,10.0,10,sqrt,6.767088241569565,0.8674155229230662,11.94967791373253,15.8582707425009
A,20,15,130,100,10.0,10,1.0,5.992292212680033,0.8759354233270497,9.63575150664552,14.87571188160417
A,20,15,130,100,,1,sqrt,5.874989077785115,0.870341104719887,10.56359025262257,15.12805012867852
A,20,15,130,100,,1,1.0,6.067767088052685,0.8710459474958651,9.938609142109485,15.1384424282145
A,20,15,130,100,,5,sqrt,5.809227772802545,0.8715077869320952,10.632761603326117,15.134688860334293
A,20,15,130,100,,5,1.0,6.087760624264283,0.8723528118603259,9.805526612895713,15.041328127055866
A,20,15,130,100,,10,sqrt,5.863714020927721,0.8715600137563333,10.786839735510735,15.220632891341367
A,20,15,130,100,,10,1.0,5.997510009461174,0.8737373011012961,9.717309086938117,14.934028095484038
A,20,15,130,200,5.0,1,sqrt,10.55748935933873,0.8468746612886144,16.220224212304302,19.328934029162617
A,20,15,130,200,5.0,1,1.0,6.452701196204091,0.8742661470544799,10.354587345815512,15.321154803849293
A,20,15,130,200,5.0,5,sqrt,10.548153535538198,0.8470191479452784,16.191110168979613,19.31037422383703
A,20,15,130,200,5.0,5,1.0,6.451003897382236,0.8742645064089055,10.35410071346896,15.319835815713356
A,20,15,130,200,5.0,10,sqrt,10.450093679511587,0.8479621731247742,16.21959340168976,19.311488848475893
A,20,15,130,200,5.0,10,1.0,6.4482790196014275,0.8742926826000366,10.35213339802716,15.317370654188448
A,20,15,130,200,10.0,1,sqrt,6.66514409793823,0.8697024119123983,11.782282628094915,15.695602760244777
A,20,15,130,200,10.0,1,1.0,6.043155753274425,0.8762464702733554,9.65400184790063,14.935053467912033
A,20,15,130,200,10.0,5,sqrt,6.720671170153866,0.8685350324212028,11.824219878288275,15.750088872041534
A,20,15,130,200,10.0,5,1.0,6.028209028242506,0.8761961354506077,9.64082412448791,14.90396880451363
A,20,15,130,200,10.0,10,sqrt,6.641503896057905,0.8689232385766669,11.81587836904627,15.74514862215851
A,20,15,130,200,10.0,10,1.0,5.997721235598586,0.8761648786371131,9.63108073890276,14.872180724137277
A,20,15,130,200,,1,sqrt,5.77728050184408,0.871625104043835,10.482277818594431,15.036880907616032
A,20,15,130,200,,1,1.0,6.0828937879100025,0.8713159848618138,9.92476118302023,15.120933338690605
A,20,15,130,200,,5,sqrt,5.745887705268546,0.8728386660917961,10.552585966871447,15.055618679684988
A,20,15,130,200,,5,1.0,6.075655325471516,0.8727677135065731,9.79167975163402,15.021488773629695
A,20,15,130,200,,10,sqrt,5.8028498560475255,0.8724794843672043,10.709788644166263,15.151831837247801
A,20,15,130,200,,10,1.0,5.986029422992005,0.874069601501415,9.713159795744474,14.93026804972111
A,20,20,115,50,5.0,1,sqrt,6.908021773619542,0.8554384315919317,14.724426401333977,17.325032718546293
A,20,20,115,50,5.0,1,1.0,3.501789305687958,0.8893238197201356,9.015781412824156,12.933357225095438
A,20,20,115,50,5.0,5,sqrt,6.7039078952492,0.8555448130243416,14.498507053874647,17.127608693468463
A,20,20,115,50,5.0,5,1.0,3.5008373753668875,0.8893183228932557,9.015837786584871,12.932728032278254
A,20,20,115,50,5.0,10,sqrt,6.8295555850884195,0.8555126223531335,14.640574432403241,17.257641879352366
A,20,20,115,50,5.0,10,1.0,3.5003532289970765,0.8893223558156473,9.016733368933414,12.93328502668983
A,20,20,115,50,10.0,1,sqrt,4.055591076472548,0.8797826691380244,10.724659199724547,13.767114327165284
A,20,20,115,50,10.0,1,1.0,3.327316248293987,0.8928099263001863,8.371725610883377,12.666603468497353
A,20,20,115,50,10.0,5,sqrt,4.14379969288216,0.8802133301474233,10.82459712175947,13.900050427049615
A,20,20,115,50,10.0,5,1.0,3.3012262919427804,0.8926746545963352,8.355779284008404,12.642188624707584
A,20,20,115,50,10.0,10,sqrt,3.939112053556488,0.8814700617377336,10.640897441943125,13.698546710439704
A,20,20,115,50,10.0,10,1.0,3.258844553632153,0.8929908985336544,8.326460342981562,12.596450494958148
A,20,20,115,50,,1,sqrt,3.4090072577069406,0.8824489723193569,9.474315116742156,13.017036449487804
A,20,20,115,50,,1,1.0,3.443508230289214,0.8857541423258629,8.582665708746855,12.908277935543424
A,20,20,115,50,,5,sqrt,3.397223316597775,0.8846947062922098,9.504203880716902,12.991630560009302
A,20,20,115,50,,5,1.0,3.361591639473944,0.8884874089626708,8.452886623121477,12.773658929768818
A,20,20,115,50,,10,sqrt,3.4401453740180976,0.8848393016701117,9.744654247181993,13.1587139289396
A,20,20,115,50,,10,1.0,3.2852425139931283,0.8905819209167003,8.367682474461912,12.658261333155128
A,20,20,115,100,5.0,1,sqrt,6.697419901007981,0.8574409430044969,14.491794805179628,17.06833760354873
A,20,20,115,100,5.0,1,1.0,3.507485051985224,0.8896339878606538,9.015264461709215,12.942877090790095
A,20,20,115,100,5.0,5,sqrt,6.54984877218758,0.8573217761517015,14.29082878598884,16.894662155040344
A,20,20,115,100,5.0,5,1.0,3.506577148068284,0.8896315728302693,9.015254375711233,12.942204427765523
A,20,20,115,100,5.0,10,sqrt,6.62451810523554,0.8572481012175265,14.336572906812695,16.952457512169488
A,20,20,115,100,5.0,10,1.0,3.5056668787858856,0.8896298213205581,9.015314124867757,12.941419428798174
A,20,20,115,100,10.0,1,sqrt,4.0074705102572015,0.8815346302937238,10.648683247373894,13.681675539594286
A,20,20,115,100,10.0,1,1.0,3.279286308307362,0.8933529159643987,8.345916314562963,12.620749319961742
A,20,20,115,100,10.0,5,sqrt,4.028118414145,0.880956387545236,10.676976470829137,13.735209272085001
A,20,20,115,100,10.0,5,1.0,3.257513366249023,0.8931709218797816,8.336376391414772,12.60521355886861
A,20,20,115,100,10.0,10,sqrt,3.9548416398787083,0.8825712099486687,10.66541785664597,13.691236097441674
A,20,20,115,100,10.0,10,1.0,3.2167274717194756,0.8934353398849986,8.312444076626807,12.561461942316502
A,20,20,115,100,,1,sqrt,3.3599920529601803,0.8845007682706612,9.417415496110092,12.919247614732607
A,20,20,115,100,,1,1.0,3.3508848944214207,0.8869439532479454,8.5565733102004,12.841091091154137
A,20,20,115,100,,5,sqrt,3.371801523906979,0.8856514647838614,9.48677791336603,12.938507876736987
A,20,20,115,100,,5,1.0,3.2885482014690117,0.8893843693403649,8.4279557574486,12.71418621957346
A,20,20,115,100,,10,sqrt,3.385328838580352,0.8860315218897572,9.651510148669207,13.043333179538791
A,20,20,115,100,,10,1.0,3.237788769397021,0.8911983917519042,8.35383532288979,12.619825014328498
A,20,20,115,200,5.0,1,sqrt,6.757637436220816,0.8592093630372467,14.732371745537145,17.256667637424265
A,20,20,115,200,5.0,1,1.0,3.509587010415781,0.8898436817985698,9.01740823569968,12.945039199775593
A,20,20,115,200,5.0,5,sqrt,6.623544221084623,0.8597698820637947,14.57949335808944,17.113445752055178
A,20,20,115,200,5.0,5,1.0,3.509056943644257,0.8898051141024647,9.017292116424676,12.944780600105876
A,20,20,115,200,5.0,10,sqrt,6.723854241978891,0.8587496775115449,14.681707360160704,17.220289390426977
A,20,20,115,200,5.0,10,1.0,3.5072905029736896,0.8898264450720725,9.016443298358793,12.94246232327082
A,20,20,115,200,10.0,1,sqrt,4.00051379354008,0.8826060388234055,10.689892600204043,13.685709744246344
A,20,20,115,200,10.0,1,1.0,3.2651856055600676,0.893375172182276,8.337394300218355,12.604575447927406
A,20,20,115,200,10.0,5,sqrt,4.020826516539384,0.8818961446372235,10.70384653219734,13.735669791011649
A,20,20,115,200,10.0,5,1.0,3.240559830439846,0.8933311568148629,8.325255326377501,12.580617176599091
A,20,20,115,200,10.0,10,sqrt,3.953274810927224,0.8825614451855678,10.731691265285258,13.70811382818376
A,20,20,115,200,10.0,10,1.0,3.2047499946333646,0.8935697069164229,8.305359351072465,12.542930479158741
A,20,20,115,200,,1,sqrt,3.3327828862033178,0.8853656529630465,9.401920733127682,12.871110936804971
A,20,20,115,200,,1,1.0,3.3338659563003845,0.8872807235388649,8.549738151908892,12.815725701887482
A,20,20,115,200,,5,sqrt,3.343989544849854,0.8866801570153893,9.46301427235502,12.899762655093772
A,20,20,115,200,,5,1.0,3.2783916508031345,0.8896731228261201,8.417712107706803,12.691301146990211
A,20,20,115,200,,10,sqrt,3.3705459748255735,0.8868073441906121,9.650956178625862,13.011748143899002
A,20,20,115,200,,10,1.0,3.2248945621379774,0.8912407795138201,8.354644612887165,12.606112900786902
A,20,20,120,50,5.0,1,sqrt,8.243450796826888,0.8493359441313381,15.892351435279938,18.525390335248414
A,20,20,120,50,5.0,1,1.0,4.3964774089393295,0.8830469143407372,10.032195858968693,14.05898626068578
A,20,20,120,50,5.0,5,sqrt,7.972233248422375,0.8491953258091074,15.791031509824563,18.398785141156228
A,20,20,120,50,5.0,5,1.0,4.396060991085153,0.883024822277602,10.032351551858723,14.059193165726288
A,20,20,120,50,5.0,10,sqrt,8.154973414056693,0.8502865623627496,15.931973389285863,18.55588922589965
A,20,20,120,50,5.0,10,1.0,4.3940544024961214,0.8829838228228715,10.031146922572143,14.057393100809568
A,20,20,120,50,10.0,1,sqrt,4.984722838424895,0.8745253300615199,11.822496908430612,14.899216088785
A,20,20,120,50,10.0,1,1.0,4.147564969790484,0.8851902206734724,9.323574188679654,13.740162453191463
A,20,20,120,50,10.0,5,sqrt,4.9592780057547055,0.8727213240972516,11.927458054975054,14.982471022699775
A,20,20,120,50,10.0,5,1.0,4.124826599095217,0.885095109904432,9.31235018358558,13.721066367477892
A,20,20,120,50,10.0,10,sqrt,4.88439464197318,0.8738994548369725,11.86909301612246,14.929171278870683
A,20,20,120,50,10.0,10,1.0,4.078061906394997,0.8854043447575026,9.28392366170057,13.671839816029266
A,20,20,120,50,,1,sqrt,4.23912796291159,0.8759735596027707,10.438512973511163,14.104660549221197
A,20,20,120,50,,1,1.0,4.303806105888299,0.8782657272416294,9.568058538029174,14.024617455632892
A,20,20,120,50,,5,sqrt,4.2057873013522835,0.8783610921575635,10.462855410137745,14.079449269709482
A,20,20,120,50,,5,1.0,4.2105133293563,0.8813643404549051,9.415439246841155,13.85497340540544
A,20,20,120,50,,10,sqrt,4.256441066973922,0.8784775889064781,10.696078499078519,14.188876168208145
A,20,20,120,50,,10,1.0,4.1382420726215745,0.8828311688887723,9.338084850222113,13.751788891854531
A,20,20,120,100,5.0,1,sqrt,8.088089565358313,0.8513757863754605,15.750517381652989,18.353943162599514
A,20,20,120,100,5.0,1,1.0,4.409781162994745,0.8829589846237751,10.027160134032233,14.058899924770333
A,20,20,120,100,5.0,5,sqrt,7.849286470010133,0.8512974460034867,15.54830800750187,18.15121769444813
A,20,20,120,100,5.0,5,1.0,4.409088672307633,0.8829652957023371,10.026740606474467,14.058490087641292
A,20,20,120,100,5.0,10,sqrt,7.933080491004157,0.8515977078570884,15.574607378070345,18.209914130732464
A,20,20,120,100,5.0,10,1.0,4.407305789761212,0.8829541377434639,10.025177501325786,14.056412330454336
A,20,20,120,100,10.0,1,sqrt,4.901120213224539,0.8756345963700053,11.697074927525367,14.79879799895578
A,20,20,120,100,10.0,1,1.0,4.10493174714006,0.8856525809107438,9.300889984674418,13.700138229006953
A,20,20,120,100,10.0,5,sqrt,4.91154886314311,0.8734148100757905,11.784723033454679,14.875322709495123
A,20,20,120,100,10.0,5,1.0,4.09187731615951,0.8856042590863253,9.29338269813085,13.68424707851712
A,20,20,120,100,10.0,10,sqrt,4.927836746513902,0.8744101468770603,11.893491175661447,14.92954282049224
A,20,20,120,100,10.0,10,1.0,4.03890171653031,0.8857675657179721,9.27047544703164,13.641293535891199
A,20,20,120,100,,1,sqrt,4.148041674755873,0.8774858759805056,10.409418077981467,14.002296573119665
A,20,20,120,100,,1,1.0,4.215707597563315,0.8795216616553052,9.547927777205512,13.949232653120987
A,20,20,120,100,,5,sqrt,4.146007738360406,0.8795171757613989,10.425587534522943,13.988524761649156
A,20,20,120,100,,5,1.0,4.165932444071449,0.8819777656701318,9.397460419515955,13.812566978730288
A,20,20,120,100,,10,sqrt,4.204496583313271,0.8789246801608377,10.66015361351145,14.12089737901033
A,20,20,120,100,,10,1.0,4.076315332830484,0.8834893029282418,9.32074567446437,13.712494579061476
A,20,20,120,200,5.0,1,sqrt,8.116412347582536,0.8522817022201284,15.955514336021585,18.51757309285065
A,20,20,120,200,5.0,1,1.0,4.413441215292992,0.8831245691931798,10.021909099605043,14.051028342873337
A,20,20,120,200,5.0,5,sqrt,8.034919136210647,0.8522338321215986,15.881973194285331,18.44207988944202
A,20,20,120,200,5.0,5,1.0,4.412737444264737,0.8830986228515915,10.021472252439846,14.050717000147197
A,20,20,120,200,5.0,10,sqrt,8.118954991644689,0.8521282037862203,15.909933917891584,18.494121327167974
A,20,20,120,200,5.0,10,1.0,4.410860525360072,0.8831265261027597,10.019869541429998,14.04853431421497
A,20,20,120,200,10.0,1,sqrt,4.875151391864635,0.8764929422909775,11.697477448574999,14.781975219747256
A,20,20,120,200,10.0,1,1.0,4.095959517733561,0.8859179721817114,9.289880983240838,13.674104447016862
A,20,20,120,200,10.0,5,sqrt,4.871541458131842,0.8741229083127443,11.826104269479012,14.866800692405857
A,20,20,120,200,10.0,5,1.0,4.080464604930773,0.8857831011999047,9.28021929247252,13.659315561689812
A,20,20,120,200,10.0,10,sqrt,4.858227818842094,0.8754571305738509,11.83798477287684,14.86261761916877
A,20,20,120,200,10.0,10,1.0,4.038416246881899,0.885937715909608,9.259322489844013,13.618895907635842
A,20,20,120,200,,1,sqrt,4.096833308045306,0.8786730305576823,10.398284039539403,13.95891752817376
A,20,20,120,200,,1,1.0,4.178566303122678,0.8801803917800463,9.521225141678679,13.904196413913775
A,20,20,120,200,,5,sqrt,4.115027235911489,0.8798428050458262,10.438649310997333,13.959019008205695
A,20,20,120,200,,5,1.0,4.147009652874735,0.8823476655885896,9.382816062462094,13.783204510511734
A,20,20,120,200,,10,sqrt,4.161931197980493,0.8794811433427615,10.646733736262794,14.096313582725568
A,20,20,120,200,,10,1.0,4.072010009715556,0.8837012391897444,9.31097642784549,13.687123535121989
A,20,20,125,50,5.0,1,sqrt,9.80557991140917,0.8422574979924395,17.01757434504422,19.740672554892896
A,20,20,125,50,5.0,1,1.0,5.540381053745503,0.8754394459201025,11.037294286795419,15.177873203140404
A,20,20,125,50,5.0,5,sqrt,9.527386472625675,0.8420568620563212,16.885601240281552,19.599781624150665
A,20,20,125,50,5.0,5,1.0,5.53879663309119,0.8754442642871568,11.03654884560284,15.176891271316867
A,20,20,125,50,5.0,10,sqrt,9.59858949902753,0.8425397694888936,16.951578763724573,19.674297455890194
A,20,20,125,50,5.0,10,1.0,5.535921854378411,0.8754623319462093,11.034900874715735,15.175133055763325
A,20,20,125,50,10.0,1,sqrt,6.031188251881818,0.8669026770090488,12.84586821167845,16.02601710104964
A,20,20,125,50,10.0,1,1.0,5.21095047131983,0.8774513671175305,10.294315805790017,14.821011251172374
A,20,20,125,50,10.0,5,sqrt,6.013445790134654,0.8657429130632511,12.737979069960199,15.956422075903731
A,20,20,125,50,10.0,5,1.0,5.192091799237412,0.8772117741295291,10.283135828016032,14.793919270093772
A,20,20,125,50,10.0,10,sqrt,5.938753619915871,0.8668472315378353,12.847295047764831,16.04150903318277
A,20,20,125,50,10.0,10,1.0,5.119210963794547,0.8774348714103549,10.259011707841035,14.744695883753
A,20,20,125,50,,1,sqrt,5.315550200510585,0.8673100828363898,11.527919217343834,15.268088154998072
A,20,20,125,50,,1,1.0,5.411415711931513,0.8707173498889957,10.562974109400992,15.14143798937371
A,20,20,125,50,,5,sqrt,5.181418648370721,0.869897613836863,11.506611539722492,15.17100542756997
A,20,20,125,50,,5,1.0,5.3450945195836175,0.8730025267372585,10.407635855043468,14.97698345618932
A,20,20,125,50,,10,sqrt,5.13031300942711,0.8695037496168254,11.712917529675238,15.281947373248215
A,20,20,125,50,,10,1.0,5.219778728811367,0.8748011110470955,10.330651787920612,14.857517408806453
A,20,20,125,100,5.0,1,sqrt,9.70283789154917,0.8433774337156056,16.989961483549244,19.6710849434589
A,20,20,125,100,5.0,1,1.0,5.5281667492609206,0.8754124054278416,11.037056437223276,15.176962571905383
A,20,20,125,100,5.0,5,sqrt,9.497645280749515,0.8430864123120653,16.777795783069195,19.47666800884914
A,20,20,125,100,5.0,5,1.0,5.526741038990932,0.8754279809469739,11.035935947503665,15.175656982897703
A,20,20,125,100,5.0,10,sqrt,9.473629747357254,0.8439625607323965,16.750575345221247,19.4624661478076
A,20,20,125,100,5.0,10,1.0,5.524412696604115,0.8754326128294864,11.034077454446843,15.173745603765093
A,20,20,125,100,10.0,1,sqrt,5.947074110520664,0.8674769881450228,12.733932518092969,15.926541520261518
A,20,20,125,100,10.0,1,1.0,5.160622296482696,0.8777823476238529,10.28816546799867,14.794342881744546
A,20,20,125,100,10.0,5,sqrt,5.900347508610558,0.866881338751105,12.692918423184324,15.889629837749775
A,20,20,125,100,10.0,5,1.0,5.13582791115409,0.8775260820192061,10.276871311876118,14.77162280625753
A,20,20,125,100,10.0,10,sqrt,5.881113041834324,0.8675619225172191,12.876099782868383,16.005780965784457
A,20,20,125,100,10.0,10,1.0,5.076539324449111,0.8776358857942295,10.257706234772996,14.729713973217212
A,20,20,125,100,,1,sqrt,5.0942369899330435,0.8701053958107648,11.422882814183877,15.117620175476628
A,20,20,125,100,,1,1.0,5.349759151647478,0.8714821094299696,10.560113429202364,15.093071377754583
A,20,20,125,100,,5,sqrt,5.086867877853825,0.8710810580649955,11.457738084630329,15.097382057856768
A,20,20,125,100,,5,1.0,5.273981496856953,0.8736668334460921,10.40327730025445,14.941220229185234
A,20,20,125,100,,10,sqrt,5.092155764031084,0.8704958998101754,11.682077518183672,15.222633716537867
A,20,20,125,100,,10,1.0,5.146589928810476,0.8751146156737265,10.33178326764111,14.831728913403229
A,20,20,125,200,5.0,1,sqrt,9.685491052416268,0.8444611118324781,17.187292660948106,19.82657330375048
A,20,20,125,200,5.0,1,1.0,5.532779005022634,0.875269325772446,11.038786949879114,15.177403445388942
A,20,20,125,200,5.0,5,sqrt,9.56413607701958,0.8445097734661289,17.0662046222765,19.70955785847851
A,20,20,125,200,5.0,5,1.0,5.531310430342967,0.8752746727561938,11.037758126857607,15.176332850021637
A,20,20,125,200,5.0,10,sqrt,9.649951376009392,0.8448722952245398,17.09702951464354,19.750767300645478
A,20,20,125,200,5.0,10,1.0,5.529773722908776,0.8752948765404216,11.036354856312926,15.175124968047504
A,20,20,125,200,10.0,1,sqrt,5.960970493487312,0.8675103901051495,12.80903241606479,15.966632814257926
A,20,20,125,200,10.0,1,1.0,5.164340424650664,0.8779675679604504,10.277659144061769,14.77635343411863
A,20,20,125,200,10.0,5,sqrt,5.88505980556457,0.8679811503919902,12.78452833560183,15.93355495839117
A,20,20,125,200,10.0,5,1.0,5.1369854866367115,0.8778415487554773,10.26398081449301,14.752963070536378
A,20,20,125,200,10.0,10,sqrt,5.840129277834444,0.8677970996172274,12.88644362433977,15.999295453992527
A,20,20,125,200,10.0,10,1.0,5.087310974650881,0.8778395504473373,10.25092733475983,14.719847207945765
A,20,20,125,200,,1,sqrt,5.043416299999919,0.8709565072170193,11.41094563525979,15.071441397548451
A,20,20,125,200,,1,1.0,5.312054894936998,0.8720056635770506,10.539313139498327,15.054485650792842
A,20,20,125,200,,5,sqrt,5.0205357699043764,0.8719080062997836,11.447836695537035,15.061106793842246
A,20,20,125,200,,5,1.0,5.238922840409846,0.8739809760721444,10.394621912442634,14.91867061506072
A,20,20,125,200,,10,sqrt,5.058465154926483,0.8714491481828939,11.672687102274002,15.190040517207981
A,20,20,125,200,,10,1.0,5.134959887366397,0.8753014584056489,10.327039186929472,14.819190212450005
A,20,20,130,50,5.0,1,sqrt,10.773260639842825,0.8442349653019408,16.096177970036695,19.291425135106113
A,20,20,130,50,5.0,1,1.0,6.425346751225419,0.8742632402879916,10.349508242200304,15.302042639013573
A,20,20,130,50,5.0,5,sqrt,10.5583425824614,0.8440361776055626,16.034824293254434,19.22616224941578
A,20,20,130,50,5.0,5,1.0,6.422804788980957,0.8742428535389373,10.34869464832999,15.299778713130772
A,20,20,130,50,5.0,10,sqrt,10.72058963379243,0.843033890468381,16.1806603563651,19.348848062858746
A,20,20,130,50,5.0,10,1.0,6.419863888583317,0.8742793481349411,10.346928859911788,15.29776817160708
A,20,20,130,50,10.0,1,sqrt,6.837767216507754,0.8674694416128526,12.058107953151687,15.924973772043572
A,20,20,130,50,10.0,1,1.0,6.016682766202586,0.8758294994699378,9.716834822992753,14.993296966132874
A,20,20,130,50,10.0,5,sqrt,6.600691349912319,0.867760009639509,11.801653723891325,15.761890408191993
A,20,20,130,50,10.0,5,1.0,5.994313023533304,0.8753806992485229,9.713355415637544,14.967182570701326
A,20,20,130,50,10.0,10,sqrt,6.670948449025765,0.8656338303509952,12.015073466188067,15.935662608982815
A,20,20,130,50,10.0,10,1.0,5.923576490066404,0.875204669866819,9.700496272464598,14.930685327319807
A,20,20,130,50,,1,sqrt,5.855532844823954,0.869180474999046,10.748289434273083,15.210606173461525
A,20,20,130,50,,1,1.0,6.195784899961744,0.8698562412836764,10.00906881154911,15.240505721357598
A,20,20,130,50,,5,sqrt,5.851345245164415,0.8693931108039863,10.733217603731461,15.196393964677522
A,20,20,130,50,,5,1.0,6.084264925813777,0.871722855818358,9.87192112642553,15.105793272105808
A,20,20,130,50,,10,sqrt,5.778469657657647,0.8697281063804911,10.934370714853424,15.270318566100368
A,20,20,130,50,,10,1.0,5.984817819935391,0.8731099882028431,9.793336433163791,14.999681777034828
A,20,20,130,100,5.0,1,sqrt,10.717112874093278,0.8455143826089312,16.13846125734556,19.268725890749135
A,20,20,130,100,5.0,1,1.0,6.405737273152154,0.8745049178415695,10.346732988915807,15.30123936584954
A,20,20,130,100,5.0,5,sqrt,10.587386398932171,0.8456805781351869,15.937992581067164,19.11458567063979
A,20,20,130,100,5.0,5,1.0,6.4044261048927265,0.8745118915482797,10.346003327097176,15.299762046284428
A,20,20,130,100,5.0,10,sqrt,10.609633632914148,0.8447159481253201,15.9725827202093,19.142739582057985
A,20,20,130,100,5.0,10,1.0,6.401243809458746,0.8745257237963153,10.343748413582889,15.296780584032991
A,20,20,130,100,10.0,1,sqrt,6.837025969001469,0.8675435577201835,11.977266642489386,15.877092672355001
A,20,20,130,100,10.0,1,1.0,5.975088007043963,0.8758111117636422,9.709407786330832,14.973151570069192
A,20,20,130,100,10.0,5,sqrt,6.666288937949597,0.8678799861744894,11.844063130244866,15.780146933319418
A,20,20,130,100,10.0,5,1.0,5.952689802681197,0.8754461815264378,9.694679122747598,14.940609117732421
A,20,20,130,100,10.0,10,sqrt,6.616903777126977,0.8673730166097788,11.997926741478597,15.849588121636378
A,20,20,130,100,10.0,10,1.0,5.919802218334627,0.8754112068313307,9.689495580914185,14.915189005043677
A,20,20,130,100,,1,sqrt,5.722029558026145,0.8706956848460357,10.675149146919875,15.101682885567405
A,20,20,130,100,,1,1.0,6.102822495991513,0.8710502424751219,9.977213248314872,15.178180140330056
A,20,20,130,100,,5,sqrt,5.705501316688318,0.8712961918757551,10.651802243605367,15.08682505764481
A,20,20,130,100,,5,1.0,6.000802022380283,0.8724790869537582,9.845921737332455,15.061072749285378
A,20,20,130,100,,10,sqrt,5.755140679237964,0.8711203867568675,10.843468875422577,15.193942434886438
A,20,20,130,100,,10,1.0,5.926165986430935,0.8733796575451095,9.780843659754993,14.971394284936741
A,20,20,130,200,5.0,1,sqrt,10.838648144560555,0.8458180626299834,16.37785915994342,19.45621551676738
A,20,20,130,200,5.0,1,1.0,6.458433599116501,0.8742402546419477,10.35543810181886,15.322899509501681
A,20,20,130,200,5.0,5,sqrt,10.59429210676005,0.8465746790724378,16.26677413833368,19.34525238329433
A,20,20,130,200,5.0,5,1.0,6.4566624535475325,0.8742343745165911,10.354698785115303,15.321407660229244
A,20,20,130,200,5.0,10,sqrt,10.737960220830637,0.8453307607570606,16.275632202160168,19.378147765226753
A,20,20,130,200,5.0,10,1.0,6.454338536936518,0.8742286252248119,10.352778916953351,15.318982836756623
A,20,20,130,200,10.0,1,sqrt,6.729318365798586,0.8681968337062784,11.95876085846316,15.843200087261517
A,20,20,130,200,10.0,1,1.0,5.98405044703335,0.8759420439848287,9.700405833799769,14.963802683192995
A,20,20,130,200,10.0,5,sqrt,6.591879512621519,0.868653899354876,11.87702571002482,15.762719361309042
A,20,20,130,200,10.0,5,1.0,5.9621089109903815,0.8756632884168649,9.69401880419034,14.940225084664041
A,20,20,130,200,10.0,10,sqrt,6.562008499684923,0.8681532610293937,11.984225960970189,15.813022165821025
A,20,20,130,200,10.0,10,1.0,5.927647328912425,0.8755305078760636,9.690694990585643,14.917913217974618
A,20,20,130,200,,1,sqrt,5.659031362227693,0.8714280565063651,10.631147888696471,15.046594957461497
A,20,20,130,200,,1,1.0,6.09112363521428,0.8714336566116023,9.974566133191592,15.161213703673557
A,20,20,130,200,,5,sqrt,5.66368750830583,0.8723771526632029,10.60013932894663,15.038750465237802
A,20,20,130,200,,5,1.0,6.005026697788733,0.8727894361061292,9.845437442553731,15.060733615539794
A,20,20,130,200,,10,sqrt,5.730277699515619,0.8715881838769768,10.842822520854558,15.176599867282652
A,20,20,130,200,,10,1.0,5.93867573032982,0.8736086541852917,9.78116360368117,14.97431537493677
A,25,10,115,50,5.0,1,sqrt,4.795279995146349,0.8750631350998409,11.519823510819005,14.570031246515754
A,25,10,115,50,5.0,1,1.0,2.851723011758893,0.8900311492450038,8.565418967574557,12.217717747984418
A,25,10,115,50,5.0,5,sqrt,4.851696673682612,0.8747572668362092,11.558192895873326,14.595819465798403
A,25,10,115,50,5.0,5,1.0,2.8509628174299193,0.8900438976745548,8.5637205183225,12.216044007976327
A,25,10,115,50,5.0,10,sqrt,4.89506556191778,0.8753685142666721,11.621500311479004,14.663567480191452
A,25,10,115,50,5.0,10,1.0,2.8502575146437428,0.8900611882255973,8.564413130850838,12.216823086322036
A,25,10,115,50,10.0,1,sqrt,2.7018938157124026,0.9010054087969136,8.458948950566768,11.820272161297709
A,25,10,115,50,10.0,1,1.0,2.53065589735372,0.9029036567606299,7.574117433179535,11.637990580684434
A,25,10,115,50,10.0,5,sqrt,2.699468821081192,0.9012666588372591,8.465121870213862,11.80850842423054
A,25,10,115,50,10.0,5,1.0,2.4999858842973706,0.9027293893761433,7.573765644425523,11.636810926008181
A,25,10,115,50,10.0,10,sqrt,2.7102396749119566,0.8999319110596593,8.488224084048205,11.852400420159416
A,25,10,115,50,10.0,10,1.0,2.4742998938694307,0.9031216956869056,7.548529350737707,11.594178898631984
A,25,10,115,50,,1,sqrt,2.470258658894288,0.8996790067520951,7.886957276773306,11.653711103196184
A,25,10,115,50,,1,1.0,2.6113034882975117,0.8978239081112264,7.682603175296474,11.826080176882531
A,25,10,115,50,,5,sqrt,2.451187903177335,0.901620107021549,7.838184928893014,11.556724813647786
A,25,10,115,50,,5,1.0,2.5321885151678365,0.8997179882722739,7.619817550660192,11.750907155495664
A,25,10,115,50,,10,sqrt,2.4525532941444417,0.9011476414049726,7.9764662722888655,11.606816131712845
A,25,10,115,50,,10,1.0,2.485927504866821,0.9010808115263881,7.561615155076746,11.653740199256665
A,25,10,115,100,5.0,1,sqrt,4.500181836106632,0.8801285149847141,11.371887503666056,14.356996444889447
A,25,10,115,100,5.0,1,1.0,2.839662163289903,0.890590339927504,8.5454991814585,12.19207952984728
A,25,10,115,100,5.0,5,sqrt,4.506141588851129,0.8804047909483023,11.368437114992936,14.347368105260632
A,25,10,115,100,5.0,5,1.0,2.8389041195110822,0.890608500185459,8.544281945455545,12.190718480868071
A,25,10,115,100,5.0,10,sqrt,4.544927630837733,0.8799570398793138,11.405142299933889,14.382407043841255
A,25,10,115,100,5.0,10,1.0,2.839067146544253,0.8906202992447959,8.544746993814913,12.192071833483835
A,25,10,115,100,10.0,1,sqrt,2.6438699371508774,0.9018091909989085,8.383158325638934,11.749249097798153
A,25,10,115,100,10.0,1,1.0,2.511100924869386,0.9034906058507788,7.5509763201372255,11.612492305225839
A,25,10,115,100,10.0,5,sqrt,2.634701996053259,0.9022147978910937,8.381132990949771,11.737084713647317
A,25,10,115,100,10.0,5,1.0,2.4982272992717425,0.9033533308211739,7.552806258291895,11.615122017735155
A,25,10,115,100,10.0,10,sqrt,2.6446182867400303,0.9006217670882837,8.431397789183972,11.778365377294827
A,25,10,115,100,10.0,10,1.0,2.4704912653827296,0.9036651669576768,7.5296872151751675,11.577095781061752
A,25,10,115,100,,1,sqrt,2.445623868581728,0.9004225769596872,7.872290648490726,11.624582506102461
A,25,10,115,100,,1,1.0,2.5864777301567208,0.8987464750096323,7.6800530118787265,11.820386888256854
A,25,10,115,100,,5,sqrt,2.4282287543752323,0.9021319694531647,7.828574922113245,11.537122873923135
A,25,10,115,100,,5,1.0,2.536885082971625,0.9002409301027307,7.6062721983720625,11.740835822374141
A,25,10,115,100,,10,sqrt,2.413289809808992,0.9020237701434807,7.951312350224351,11.561255005362256
A,25,10,115,100,,10,1.0,2.490727234861074,0.9016137164601193,7.547497184632991,11.64641941483004
A,25,10,115,200,5.0,1,sqrt,4.503600285643398,0.8805849175307163,11.50167913399813,14.397341798263824
A,25,10,115,200,5.0,1,1.0,2.8409933399974743,0.8911700469928465,8.541062294801,12.190767478655989
A,25,10,115,200,5.0,5,sqrt,4.554134191652241,0.8808312676328205,11.53510712559186,14.423355213066127
A,25,10,115,200,5.0,5,1.0,2.839962141655761,0.8911811267161427,8.539657777614817,12.188948460114734
A,25,10,115,200,5.0,10,sqrt,4.538210184929359,0.8805870780080853,11.614458074930981,14.477415871258405
A,25,10,115,200,5.0,10,1.0,2.839164737310267,0.8912140345136844,8.538514489639612,12.188220400274984
A,25,10,115,200,10.0,1,sqrt,2.65715734894129,0.9018244640085596,8.422692380171727,11.754127895854044
A,25,10,115,200,10.0,1,1.0,2.517173945084287,0.9034762679667606,7.556016331617821,11.621353927603815
A,25,10,115,200,10.0,5,sqrt,2.645993774213185,0.9016992870129583,8.439862967596621,11.760137657457781
A,25,10,115,200,10.0,5,1.0,2.4959639951527555,0.903575853287173,7.543419154732393,11.608511493135698
A,25,10,115,200,10.0,10,sqrt,2.6766085078898527,0.9006704192901378,8.51386273368153,11.82701487463819
A,25,10,115,200,10.0,10,1.0,2.474568258949259,0.90373047449729,7.527570856248663,11.576050170553367
A,25,10,115,200,,1,sqrt,2.4259558390382563,0.9012441068580955,7.854305991644127,11.575283793047394
A,25,10,115,200,,1,1.0,2.583833767993049,0.8989615128184365,7.683493684891076,11.821179286027967
A,25,10,115,200,,5,sqrt,2.402292791342071,0.9025885848973196,7.832762837002889,11.516329239827616
A,25,10,115,200,,5,1.0,2.5397850844842873,0.9006344162482419,7.594734478576841,11.730970210977159
A,25,10,115,200,,10,sqrt,2.410788210922126,0.902290380319948,7.957564049535643,11.563262314659331
A,25,10,115,200,,10,1.0,2.4910909627092424,0.9018435513901997,7.545497308876664,11.642067059318737
A,25,10,120,50,5.0,1,sqrt,5.7687311592708905,0.8678211916824521,12.548906208346079,15.639518153857768
A,25,10,120,50,5.0,1,1.0,3.5030249091970687,0.8864082229572343,9.470922041408755,13.207442485659948
A,25,10,120,50,5.0,5,sqrt,5.854873262184355,0.8675509231272512,12.622740388632945,15.704766379900601
A,25,10,120,50,5.0,5,1.0,3.501712460531658,0.8864264831147753,9.468859662096264,13.204881756468797
A,25,10,120,50,5.0,10,sqrt,5.912406357701722,0.8679441092026995,12.659983637838181,15.739557437165274
A,25,10,120,50,5.0,10,1.0,3.501480776510843,0.8864076706693229,9.469641878020388,13.205867823233884
A,25,10,120,50,10.0,1,sqrt,3.326260608923697,0.8923282876036742,9.428642991916039,12.871076183936239
A,25,10,120,50,10.0,1,1.0,3.15694677162372,0.8943939584577922,8.480554563290926,12.65514072163231
A,25,10,120,50,10.0,5,sqrt,3.2400961073692023,0.8925248631068555,9.345538331925075,12.780840731489608
A,25,10,120,50,10.0,5,1.0,3.1174590453368305,0.8946501424534581,8.476973900002324,12.641957640500385
A,25,10,120,50,10.0,10,sqrt,3.275842891008325,0.8921015134799731,9.388354368218822,12.830872888458753
A,25,10,120,50,10.0,10,1.0,3.063461639387067,0.8951507146684868,8.439299145075745,12.58713018079379
A,25,10,120,50,,1,sqrt,3.021415425799496,0.8916647769348576,8.831511229889747,12.720367433809209
A,25,10,120,50,,1,1.0,3.2505160772297104,0.8892346526876167,8.636005264358586,12.91622229822732
A,25,10,120,50,,5,sqrt,3.0491223520989603,0.893094257670754,8.800900725809033,12.613974584501657
A,25,10,120,50,,5,1.0,3.1336666234339345,0.8915686217140781,8.502919609637,12.748884202032482
A,25,10,120,50,,10,sqrt,2.9434775991031032,0.8933620018980017,8.84795033800639,12.558899410650874
A,25,10,120,50,,10,1.0,3.0894414570806132,0.8930477710909164,8.442888119474532,12.657879454459806
A,25,10,120,100,5.0,1,sqrt,5.409566610922028,0.8734490140549548,12.373193257244973,15.413732808359669
A,25,10,120,100,5.0,1,1.0,3.52621406321855,0.8866348920073218,9.463157018989936,13.211185579813948
A,25,10,120,100,5.0,5,sqrt,5.417842319314678,0.8733337569598423,12.392421500404506,15.421479924131768
A,25,10,120,100,5.0,5,1.0,3.525223967998368,0.8866515914024424,9.461689064504336,13.2092413781023
A,25,10,120,100,5.0,10,sqrt,5.461150911647495,0.8731793727369151,12.404052492630928,15.430762332942333
A,25,10,120,100,5.0,10,1.0,3.52541267230293,0.8866499543599382,9.461960194799554,13.210452882003622
A,25,10,120,100,10.0,1,sqrt,3.2607359973093146,0.8931176742805187,9.37865193748863,12.802975101268748
A,25,10,120,100,10.0,1,1.0,3.122925418268596,0.8950648390427893,8.454918394689212,12.620239934843898
A,25,10,120,100,10.0,5,sqrt,3.219697021878202,0.8933476539896319,9.303346313624287,12.749627333899092
A,25,10,120,100,10.0,5,1.0,3.080388855516352,0.8953622302254294,8.448982449660795,12.605776296768811
A,25,10,120,100,10.0,10,sqrt,3.2130328286591405,0.8930173641737811,9.34451750580278,12.771291318813486
A,25,10,120,100,10.0,10,1.0,3.038291351025852,0.89562679050919,8.423031228117903,12.559983529664072
A,25,10,120,100,,1,sqrt,2.9712790714893815,0.8929430030157584,8.78147553028791,12.627554180833979
A,25,10,120,100,,1,1.0,3.216191897289402,0.8904131991889305,8.598262693133133,12.84782226426401
A,25,10,120,100,,5,sqrt,2.9813789689516588,0.8937141476820312,8.749319959515004,12.548855257490677
A,25,10,120,100,,5,1.0,3.121767711364778,0.892112637154935,8.494381571933229,12.727472149075995
A,25,10,120,100,,10,sqrt,2.931775904860247,0.8941118389184973,8.831570862025611,12.544334459762853
A,25,10,120,100,,10,1.0,3.068159787830923,0.893506133135495,8.435225693685732,12.63485995718162
A,25,10,120,200,5.0,1,sqrt,5.426085019318408,0.8740126255209587,12.523430834267625,15.48013269210146
A,25,10,120,200,5.0,1,1.0,3.5240871624236823,0.8869635188228889,9.463975305931214,13.209711052543563
A,25,10,120,200,5.0,5,sqrt,5.474894885629125,0.8736690876274231,12.593145646195435,15.526096334081547
A,25,10,120,200,5.0,5,1.0,3.5232534570380194,0.886975553337594,9.46259059279766,13.207986841512778
A,25,10,120,200,5.0,10,sqrt,5.436155910045804,0.8739164432877711,12.627143985392095,15.541985169215517
A,25,10,120,200,5.0,10,1.0,3.5225020604768082,0.8870025990231054,9.462117297052313,13.20774238432642
A,25,10,120,200,10.0,1,sqrt,3.232603076255509,0.8937209244983517,9.363188776603755,12.765693516631263
A,25,10,120,200,10.0,1,1.0,3.115495218967255,0.8953353698592144,8.453889444352681,12.628193048837801
A,25,10,120,200,10.0,5,sqrt,3.2159491973608865,0.8937562495707947,9.340473496111098,12.756556202354389
A,25,10,120,200,10.0,5,1.0,3.069689586975891,0.8955108109369618,8.44012265346421,12.599109814530756
A,25,10,120,200,10.0,10,sqrt,3.222812512381258,0.8935617659054136,9.388768395653543,12.789979428223862
A,25,10,120,200,10.0,10,1.0,3.0361921706601707,0.8957044037806867,8.42098208547892,12.558261476859496
A,25,10,120,200,,1,sqrt,2.9610598809064212,0.8930758270919663,8.779708320845465,12.598950238415394
A,25,10,120,200,,1,1.0,3.189455345803956,0.8908405278107765,8.589584779169018,12.830627371492856
A,25,10,120,200,,5,sqrt,2.9654191906485297,0.8938280938852806,8.764419037324817,12.54538399981191
A,25,10,120,200,,5,1.0,3.1230837367973527,0.8922592985057403,8.496036445461153,12.72860106564271
A,25,10,120,200,,10,sqrt,2.940676813163517,0.8943566950948579,8.850011897555252,12.555830371723328
A,25,10,120,200,,10,1.0,3.064258546450361,0.8936112315057982,8.437262888056553,12.632618642847337
A,25,10,125,50,5.0,1,sqrt,6.851468056856595,0.8609160137027452,13.579982385640335,16.757826403903056
A,25,10,125,50,5.0,1,1.0,4.33826980578625,0.8824006105821454,10.353554728101287,14.212453342380746
A,25,10,125,50,5.0,5,sqrt,6.983196665082872,0.8605063507540007,13.642675754050838,16.80316558828447
A,25,10,125,50,5.0,5,1.0,4.33724902319529,0.8824098879725064,10.352209300492229,14.210829577269584
A,25,10,125,50,5.0,10,sqrt,6.987342526504291,0.8613043252554373,13.640210446574667,16.81291696755063
A,25,10,125,50,5.0,10,1.0,4.33756614344099,0.8824062309296344,10.352065167633949,14.211237388989176
A,25,10,125,50,10.0,1,sqrt,3.9112506640407494,0.8861414024638474,10.269340180270396,13.78977673542093
A,25,10,125,50,10.0,1,1.0,3.9331423231489078,0.8867028169708677,9.440003265398362,13.743294652180087
A,25,10,125,50,10.0,5,sqrt,3.9430692422565783,0.8852999795571034,10.315492505867105,13.8271746833057
A,25,10,125,50,10.0,5,1.0,3.8762733081621157,0.8869071137731911,9.426919964015147,13.722779399848482
A,25,10,125,50,10.0,10,sqrt,3.8991404974390784,0.8856677098536142,10.350367558717858,13.831577819931804
A,25,10,125,50,10.0,10,1.0,3.8159761625175874,0.8872151681209377,9.393729590966704,13.656692267192174
A,25,10,125,50,,1,sqrt,3.6895055187874113,0.8848103907961138,9.730417150262339,13.699740620950845
A,25,10,125,50,,1,1.0,4.0646280113884945,0.8815930247076837,9.589448799802396,13.988774525756645
A,25,10,125,50,,5,sqrt,3.707585486331233,0.8854300272486354,9.72846407894865,13.656812301234828
A,25,10,125,50,,5,1.0,3.950377918578141,0.8837975085484102,9.480227781487528,13.86636275292878
A,25,10,125,50,,10,sqrt,3.5576192960657465,0.886696376523697,9.740377296025212,13.562204812791927
A,25,10,125,50,,10,1.0,3.8564149453889796,0.8853315152190445,9.401053165443589,13.733051401597342
A,25,10,125,100,5.0,1,sqrt,6.419790042570438,0.8668058509017122,13.395333787411754,16.524494707376427
A,25,10,125,100,5.0,1,1.0,4.35444526019854,0.8826099194422486,10.3542810728761,14.216264576712158
A,25,10,125,100,5.0,5,sqrt,6.395924399919495,0.866874809229276,13.399998598723915,16.500024050342905
A,25,10,125,100,5.0,5,1.0,4.3534488120781685,0.882617826533744,10.35281514048217,14.214596281865948
A,25,10,125,100,5.0,10,sqrt,6.415659455374184,0.8671208951240382,13.39209641852263,16.496675364330205
A,25,10,125,100,5.0,10,1.0,4.353575302597144,0.8826264056564957,10.35290468222309,14.215138959876189
A,25,10,125,100,10.0,1,sqrt,3.8823256595363906,0.8862078845943404,10.237871343748264,13.764652767107782
A,25,10,125,100,10.0,1,1.0,3.90634297373949,0.887226403765565,9.409231310900722,13.699851565706902
A,25,10,125,100,10.0,5,sqrt,3.8919284787423245,0.8863160450644362,10.242732991940777,13.772699338634983
A,25,10,125,100,10.0,5,1.0,3.832630710701622,0.8874166369935598,9.38987319946225,13.671320966771669
A,25,10,125,100,10.0,10,sqrt,3.868050897942722,0.8861264231513271,10.316092837592956,13.799946522735443
A,25,10,125,100,10.0,10,1.0,3.7865161180096676,0.88760240624922,9.361698778069893,13.613599962900613
A,25,10,125,100,,1,sqrt,3.642773752233842,0.8855811137832358,9.700807968705286,13.64933999640264
A,25,10,125,100,,1,1.0,4.0159131192224535,0.8825914797795414,9.562759906107592,13.946376992495487
A,25,10,125,100,,5,sqrt,3.651356508371941,0.8860103139267705,9.707135205846127,13.606422080850558
A,25,10,125,100,,5,1.0,3.911961127988518,0.8842140172134736,9.458298571435806,13.834131114086683
A,25,10,125,100,,10,sqrt,3.540388174697798,0.8870552319245432,9.720116973207087,13.527643893510287
A,25,10,125,100,,10,1.0,3.8422247941695895,0.8857001478240418,9.383100783587583,13.705628015511413
A,25,10,125,200,5.0,1,sqrt,6.425124314436118,0.8673449990243917,13.528824055315507,16.55964161775691
A,25,10,125,200,5.0,1,1.0,4.339505079210555,0.8828587951206137,10.354159288895968,14.214680967133535
A,25,10,125,200,5.0,5,sqrt,6.451056560337852,0.8673688983864457,13.57772564016662,16.589537308141963
A,25,10,125,200,5.0,5,1.0,4.338489963242753,0.8828690762578851,10.352783411860946,14.21300983886151
A,25,10,125,200,5.0,10,sqrt,6.4090883010963,0.8674528222616068,13.620475781150683,16.62024901075522
A,25,10,125,200,5.0,10,1.0,4.338818319136957,0.8828705238768728,10.352953845208297,14.213429785915727
A,25,10,125,200,10.0,1,sqrt,3.883813851458077,0.8864937266606916,10.286207116663565,13.772698954717828
A,25,10,125,200,10.0,1,1.0,3.8719655303037515,0.8874372446123442,9.400419297290961,13.68638047134894
A,25,10,125,200,10.0,5,sqrt,3.8941394322310527,0.8863266372463551,10.286309834854054,13.778503643537098
A,25,10,125,200,10.0,5,1.0,3.807797580205115,0.8875498151766589,9.382771598529839,13.654957435663997
A,25,10,125,200,10.0,10,sqrt,3.8894254200331586,0.8863866701532462,10.336878051704408,13.81149844160026
A,25,10,125,200,10.0,10,1.0,3.7715690119889684,0.8876783185833068,9.36200202385028,13.610107719731806
A,25,10,125,200,,1,sqrt,3.6112637606736584,0.8859607461977893,9.694095708595487,13.610071338103978
A,25,10,125,200,,1,1.0,3.972771315060169,0.882941390472085,9.548503072146838,13.917677031277961
A,25,10,125,200,,5,sqrt,3.627916696631419,0.8864962797897877,9.70703885286565,13.588265077511105
A,25,10,125,200,,5,1.0,3.8913620633872723,0.8845582372079649,9.443479427872408,13.809365525943226
A,25,10,125,200,,10,sqrt,3.5484150572987425,0.8872455215840682,9.754663231810724,13.55214941411748
A,25,10,125,200,,10,1.0,3.819235541036684,0.8858486014692586,9.380630338384892,13.697699285842225
A,25,10,130,50,5.0,1,sqrt,7.678115078081848,0.861819136502725,12.794929971536487,16.585111098254906
A,25,10,130,50,5.0,1,1.0,4.86526323943173,0.8824976801610369,9.605943975857862,14.378549444524761
A,25,10,130,50,5.0,5,sqrt,7.695484062479821,0.8621020470249141,12.721727985945193,16.52568572884847
A,25,10,130,50,5.0,5,1.0,4.86401699914876,0.8825340532993332,9.604335571430436,14.376819984848414
A,25,10,130,50,5.0,10,sqrt,7.70881352748201,0.8627803429377284,12.781906173180538,16.581298730962608
A,25,10,130,50,5.0,10,1.0,4.863909699842101,0.882597264226016,9.603851964547175,14.376728480137903
A,25,10,130,50,10.0,1,sqrt,4.341496592316277,0.8861276171741326,9.430401333939914,13.81248334438165
A,25,10,130,50,10.0,1,1.0,4.326151516503465,0.8851114294088935,8.90632608247856,13.905173442764987
A,25,10,130,50,10.0,5,sqrt,4.401231181543482,0.8849996673389817,9.529270657280344,13.916494502975912
A,25,10,130,50,10.0,5,1.0,4.250336842898116,0.8855731365919983,8.891133310734322,13.857380908355097
A,25,10,130,50,10.0,10,sqrt,4.255922787977916,0.8862477129405912,9.432942288422442,13.805112070364151
A,25,10,130,50,10.0,10,1.0,4.219919362975769,0.8856096400031335,8.868888157951286,13.803532775917887
A,25,10,130,50,,1,sqrt,4.127190066630012,0.8831410339211981,9.178612256679449,13.831551661544992
A,25,10,130,50,,1,1.0,4.427462589537318,0.880558475406759,9.088104544232346,14.093671673517992
A,25,10,130,50,,5,sqrt,4.003793871293876,0.8850669398017169,9.08404592424528,13.69159580995518
A,25,10,130,50,,5,1.0,4.323476852964431,0.8821131229283324,9.001983545063876,13.983936155614085
A,25,10,130,50,,10,sqrt,3.9623023730041047,0.8858393891351133,9.132332074097707,13.71193967371465
A,25,10,130,50,,10,1.0,4.255811313119938,0.8833192506852182,8.921940823811862,13.867584285977813
A,25,10,130,100,5.0,1,sqrt,7.1288568117408975,0.8677235272568199,12.58237650238757,16.334350042017018
A,25,10,130,100,5.0,1,1.0,4.853293770453867,0.8829103556318172,9.587219416549157,14.348495803976245
A,25,10,130,100,5.0,5,sqrt,7.049578512985791,0.8679605673696514,12.534448682996132,16.27081999287139
A,25,10,130,100,5.0,5,1.0,4.851130702130844,0.8829070112927967,9.585581264611859,14.346005187952489
A,25,10,130,100,5.0,10,sqrt,7.064190281074512,0.8679463782277315,12.529121572133517,16.290082634370382
A,25,10,130,100,5.0,10,1.0,4.850380373474531,0.882974890687691,9.584281700386319,14.345213325498671
A,25,10,130,100,10.0,1,sqrt,4.26186722962818,0.8871166780404668,9.386912458033391,13.757065572713747
A,25,10,130,100,10.0,1,1.0,4.294826586847583,0.8856141148791268,8.871254844900445,13.856547566181286
A,25,10,130,100,10.0,5,sqrt,4.306869170571802,0.8866943311056513,9.420287013886163,13.832640273941816
A,25,10,130,100,10.0,5,1.0,4.233976974596132,0.8858440445688511,8.856758362904655,13.814613863882718
A,25,10,130,100,10.0,10,sqrt,4.210517907683295,0.886702910140631,9.400161588204174,13.778642373680015
A,25,10,130,100,10.0,10,1.0,4.192234462477592,0.8861741333774553,8.827716057310827,13.755737589138672
A,25,10,130,100,,1,sqrt,4.015310801095824,0.884627307684072,9.10256413805035,13.738154954494348
A,25,10,130,100,,1,1.0,4.3876361219667475,0.8810634062415221,9.063849861671347,14.041778040547701
A,25,10,130,100,,5,sqrt,3.9454342661254813,0.8860712066566032,9.020745083573468,13.618207870494382
A,25,10,130,100,,5,1.0,4.323472199551964,0.8823891675728263,8.972101695291176,13.951447187811505
A,25,10,130,100,,10,sqrt,3.89699404818518,0.8868808784827632,9.080548991742187,13.626810230699215
A,25,10,130,100,,10,1.0,4.238805514201052,0.8838295087388609,8.886209139931859,13.824211981436187
A,25,10,130,200,5.0,1,sqrt,7.171278585286393,0.868110337400009,12.716642644716691,16.356096505310056
A,25,10,130,200,5.0,1,1.0,4.84768824192995,0.8834717608125395,9.583384452726747,14.343865583907425
A,25,10,130,200,5.0,5,sqrt,7.143531659235807,0.8682603243180205,12.735074663191892,16.352086861803606
A,25,10,130,200,5.0,5,1.0,4.845825789358775,0.8834836887852248,9.581795536568743,14.341768957895459
A,25,10,130,200,5.0,10,sqrt,7.078857470576769,0.8682386135301137,12.7735287038746,16.381316758006818
A,25,10,130,200,5.0,10,1.0,4.844753881526561,0.8835381008417672,9.580280090142303,14.340349916377713
A,25,10,130,200,10.0,1,sqrt,4.285790764786985,0.8872554777230137,9.435811364461895,13.770915086076837
A,25,10,130,200,10.0,1,1.0,4.248456115883397,0.8860390502148672,8.858407825091286,13.833270155383278
A,25,10,130,200,10.0,5,sqrt,4.298991763858025,0.8868144831440354,9.440871048413168,13.81377087417892
A,25,10,130,200,10.0,5,1.0,4.202229009349097,0.8862871231798714,8.842737672247043,13.795080282265385
A,25,10,130,200,10.0,10,sqrt,4.283836120286517,0.8865403873351176,9.465812918008304,13.817588992996477
A,25,10,130,200,10.0,10,1.0,4.16082554037817,0.8864911114368716,8.817456952532403,13.740009183092514
A,25,10,130,200,,1,sqrt,3.9945791651841973,0.8850404804348603,9.074506725984516,13.692995467153276
A,25,10,130,200,,1,1.0,4.3630256983026365,0.8814262506868895,9.050112616419943,14.017013689340962
A,25,10,130,200,,5,sqrt,3.916652728738236,0.8864560263213894,9.031660718789828,13.610315155220775
A,25,10,130,200,,5,1.0,4.290781014685666,0.8828593842842531,8.953258296295115,13.927041805175273
A,25,10,130,200,,10,sqrt,3.918134677096942,0.8865409442666315,9.1059182562119,13.63783838919847
A,25,10,130,200,,10,1.0,4.209776436063789,0.8840592127725383,8.879527531217988,13.8120146711205
A,25,15,115,50,5.0,1,sqrt,6.210192346768464,0.8670372033089242,13.696840306592392,16.493210073706546
A,25,15,115,50,5.0,1,1.0,2.8519163364158153,0.8900150407238019,8.565082058967857,12.216900537867451
A,25,15,115,50,5.0,5,sqrt,6.571104624773549,0.8664470091405023,14.187132896765382,16.91651163827127
A,25,15,115,50,5.0,5,1.0,2.8517114381405597,0.8900294648334668,8.56415815937552,12.216361678490701
A,25,15,115,50,5.0,10,sqrt,6.09186661453491,0.8671941916068157,13.819536990900014,16.51450284884153
A,25,15,115,50,5.0,10,1.0,2.850313061617598,0.890091476822696,8.564984732559505,12.216869051273658
A,25,15,115,50,10.0,1,sqrt,3.429596749967382,0.8914829349169825,10.041799280643197,13.014507450426427
A,25,15,115,50,10.0,1,1.0,2.5151257393754034,0.903325325626193,7.563239168539033,11.601429953917455
A,25,15,115,50,10.0,5,sqrt,3.5417031013225313,0.8897596473873893,10.219923860923554,13.1871272898086
A,25,15,115,50,10.0,5,1.0,2.497118502144388,0.903152370522243,7.564384690157555,11.591007005924203
A,25,15,115,50,10.0,10,sqrt,3.524728557554572,0.8888897724429812,10.361384264146945,13.304450802181742
A,25,15,115,50,10.0,10,1.0,2.476131017967985,0.9032937732116689,7.553320577313912,11.575027479185803
A,25,15,115,50,,1,sqrt,2.6335355605861,0.8964127198512282,8.580446887843486,12.025508411401542
A,25,15,115,50,,1,1.0,2.5643614036285993,0.8992331747832724,7.658592602141842,11.757118568022298
A,25,15,115,50,,5,sqrt,2.6598115400184836,0.8977547422151897,8.691680778481796,12.076996458327809
A,25,15,115,50,,5,1.0,2.4998086199788965,0.9012198858982574,7.5769066969686945,11.651271830040917
A,25,15,115,50,,10,sqrt,2.7140955720789846,0.8972775480368421,8.881335836061623,12.214107218993172
A,25,15,115,50,,10,1.0,2.465054286970493,0.9021107328962683,7.550554831849595,11.596614516686937
A,25,15,115,100,5.0,1,sqrt,6.404352994267884,0.8681990643858318,14.05302214434476,16.741302039968794
A,25,15,115,100,5.0,1,1.0,2.8405435824594543,0.8905861227446576,8.54556570906955,12.192175375219339
A,25,15,115,100,5.0,5,sqrt,6.576776469044579,0.8680412914649361,14.263333656101148,16.92980369787954
A,25,15,115,100,5.0,5,1.0,2.8400326545072314,0.8905966471038711,8.544656532750974,12.191283745666212
A,25,15,115,100,5.0,10,sqrt,6.238109376398658,0.868585451975848,14.012261129546397,16.666882224246038
A,25,15,115,100,5.0,10,1.0,2.8396949031857974,0.8906310217412278,8.54502390208458,12.192252526608325
A,25,15,115,100,10.0,1,sqrt,3.422888657272467,0.8920653447436632,10.050871912218753,13.030544240970386
A,25,15,115,100,10.0,1,1.0,2.494680291463099,0.903718307403215,7.550078601347418,11.575944105049732
A,25,15,115,100,10.0,5,sqrt,3.414264177162091,0.8923631874340178,10.033792137491238,13.014789273439385
A,25,15,115,100,10.0,5,1.0,2.483595006565388,0.9036073066777565,7.548439088181676,11.571189307658454
A,25,15,115,100,10.0,10,sqrt,3.4281748307975546,0.8910728791126428,10.17156124137355,13.133549075440309
A,25,15,115,100,10.0,10,1.0,2.4681935189422015,0.9037455074991294,7.538796229205187,11.554093674598152
A,25,15,115,100,,1,sqrt,2.5917054519373273,0.897823853780795,8.539554010550523,11.965565654868492
A,25,15,115,100,,1,1.0,2.5274882689306617,0.8999888704896982,7.643141379713572,11.713257529190866
A,25,15,115,100,,5,sqrt,2.6243726630564694,0.8993012273979929,8.628382999940277,12.005287204648997
A,25,15,115,100,,5,1.0,2.485367359699487,0.901547657885828,7.564361813308511,11.630715310656068
A,25,15,115,100,,10,sqrt,2.693591710143264,0.8986923923137825,8.830865470604799,12.161601539225003
A,25,15,115,100,,10,1.0,2.457935718211565,0.9024679504828038,7.539281953579494,11.58220815074595
A,25,15,115,200,5.0,1,sqrt,6.015836456761158,0.8709979814234396,13.732699086514952,16.38823477168332
A,25,15,115,200,5.0,1,1.0,2.841751623092945,0.8911962337772324,8.539851330709956,12.18999917547841
A,25,15,115,200,5.0,5,sqrt,6.196263345285504,0.8702147969961139,13.94762633014993,16.594181280561862
A,25,15,115,200,5.0,5,1.0,2.8408539429395288,0.8912242022912196,8.538506230530633,12.18844974933565
A,25,15,115,200,5.0,10,sqrt,6.019668340400016,0.871452820483783,13.771025136530067,16.4316960759892
A,25,15,115,200,5.0,10,1.0,2.83977319549473,0.8912572970973855,8.537823445655473,12.188008030850403
A,25,15,115,200,10.0,1,sqrt,3.3207575808850427,0.8939674027668817,9.927892186759216,12.90114425565929
A,25,15,115,200,10.0,1,1.0,2.506260751797747,0.9037424329452171,7.55675210527009,11.591697778787811
A,25,15,115,200,10.0,5,sqrt,3.358967326811586,0.8931685025770999,9.978446272345245,12.942819370213082
A,25,15,115,200,10.0,5,1.0,2.484373806312438,0.9039317391412764,7.543365937647098,11.569867102384205
A,25,15,115,200,10.0,10,sqrt,3.37358725435913,0.8923841243395371,10.03228979802912,13.006559883971104
A,25,15,115,200,10.0,10,1.0,2.4666095300349102,0.9040239806810331,7.5324766719965695,11.54697385516038
A,25,15,115,200,,1,sqrt,2.5662826312003992,0.8988313334455407,8.50142468342292,11.908812583418557
A,25,15,115,200,,1,1.0,2.525362276339536,0.900158882997799,7.652922018177409,11.71884296309393
A,25,15,115,200,,5,sqrt,2.5960530836451667,0.9001295328894992,8.586458995898258,11.950986531885135
A,25,15,115,200,,5,1.0,2.4841032247999983,0.9018708197281473,7.563914225795171,11.62958800631511
A,25,15,115,200,,10,sqrt,2.67680812526457,0.8990743469979436,8.800753598297984,12.1236434436671
A,25,15,115,200,,10,1.0,2.4579603807180397,0.9026105487273448,7.538177061812583,11.5795812594808
A,25,15,120,50,5.0,1,sqrt,7.358064726839802,0.8605925860785378,14.757196528257557,17.59189511710451
A,25,15,120,50,5.0,1,1.0,3.5050116862929186,0.8865609703009245,9.470823189097118,13.207821600842982
A,25,15,120,50,5.0,5,sqrt,7.568670910891514,0.8598407061355366,15.118811567325366,17.89329457961835
A,25,15,120,50,5.0,5,1.0,3.5041169609689042,0.88657111384314,9.469758458543563,13.20613331923126
A,25,15,120,50,5.0,10,sqrt,7.173092268355222,0.86192346140763,14.893555497716198,17.616821440032385
A,25,15,120,50,5.0,10,1.0,3.5042764281923118,0.8864719590027779,9.47203668109827,13.208636573154987
A,25,15,120,50,10.0,1,sqrt,4.093033236100532,0.8835390614354608,10.901060039577533,13.984251463023028
A,25,15,120,50,10.0,1,1.0,3.0998885630088866,0.8952552505410832,8.474422987923564,12.601853252144199
A,25,15,120,50,10.0,5,sqrt,4.210906376554503,0.882653360713608,11.112864846541743,14.155843214312549
A,25,15,120,50,10.0,5,1.0,3.081772117457798,0.8952123401737246,8.467805971561441,12.597025197120761
A,25,15,120,50,10.0,10,sqrt,4.230693653103461,0.882262610204009,11.18119410583985,14.24002417240067
A,25,15,120,50,10.0,10,1.0,3.052115730592103,0.8953637680039985,8.45603035541782,12.578205585133176
A,25,15,120,50,,1,sqrt,3.2447517012103226,0.8882983475773043,9.539779151233887,13.135463200348113
A,25,15,120,50,,1,1.0,3.1603999035245214,0.8907044069192714,8.603122493496517,12.786154712655232
A,25,15,120,50,,5,sqrt,3.2168789058592915,0.8895050156634235,9.59199923571938,13.073956464630186
A,25,15,120,50,,5,1.0,3.1012434167585843,0.8925114378700985,8.486166526560275,12.67243654901779
A,25,15,120,50,,10,sqrt,3.2937432222710283,0.8895609180566473,9.83750032370602,13.238882649726344
A,25,15,120,50,,10,1.0,3.0635317467087657,0.8934446259387352,8.460250380922178,12.6265709627494
A,25,15,120,100,5.0,1,sqrt,7.589839355002466,0.8616275144895237,15.13121928050721,17.867961541710848
A,25,15,120,100,5.0,1,1.0,3.527892244762414,0.886657429382361,9.463228722571268,13.211747032740504
A,25,15,120,100,5.0,5,sqrt,7.685111843462853,0.8604976551114711,15.29125453323194,18.006929837631912
A,25,15,120,100,5.0,5,1.0,3.527110982329657,0.8866712433207506,9.462020887030455,13.2100437648219
A,25,15,120,100,5.0,10,sqrt,7.375806173191774,0.8612891564765117,15.136456148434988,17.82747128543943
A,25,15,120,100,5.0,10,1.0,3.527796576688605,0.8866627549179146,9.463507885147635,13.212702187246245
A,25,15,120,100,10.0,1,sqrt,4.144501987435394,0.8845108716188148,10.95114301465883,14.011390351475521
A,25,15,120,100,10.0,1,1.0,3.064942072699047,0.895712649670758,8.454031363910241,12.567098635088303
A,25,15,120,100,10.0,5,sqrt,4.043278163555709,0.8850123935395485,10.922291426090625,13.965502024369636
A,25,15,120,100,10.0,5,1.0,3.0557605408286017,0.8956977736306456,8.44691746314491,12.568982600921641
A,25,15,120,100,10.0,10,sqrt,4.1438003082279,0.8832259398403899,11.1154258696242,14.155028930271254
A,25,15,120,100,10.0,10,1.0,3.029846427707498,0.8957144158959599,8.437243666766761,12.548084156859096
A,25,15,120,100,,1,sqrt,3.1448426265587157,0.8899618005817495,9.481025095020854,12.995870378893454
A,25,15,120,100,,1,1.0,3.1230771072481165,0.8917289739958516,8.56817185003864,12.734834352977026
A,25,15,120,100,,5,sqrt,3.144405735223142,0.8911732842128455,9.559976668851641,12.99101092189905
A,25,15,120,100,,5,1.0,3.079907391102242,0.8932346203312956,8.469626370623564,12.645244615085069
A,25,15,120,100,,10,sqrt,3.2408344105380236,0.8905673248855965,9.77088007924631,13.154286589370397
A,25,15,120,100,,10,1.0,3.043740207356585,0.8940032101879509,8.443661460596894,12.598210485930826
A,25,15,120,200,5.0,1,sqrt,7.100821959774301,0.8641866728946134,14.785620854722282,17.49153294062487
A,25,15,120,200,5.0,1,1.0,3.5254758595319102,0.8870008563857399,9.463499109224237,13.209550239156233
A,25,15,120,200,5.0,5,sqrt,7.2022157052838605,0.862782729959257,14.978609613303679,17.664659620199366
A,25,15,120,200,5.0,5,1.0,3.524868477208515,0.8870082216064888,9.462247322764123,13.208116037051084
A,25,15,120,200,5.0,10,sqrt,7.170811419047372,0.8640772100411998,14.935254669361754,17.619969229941603
A,25,15,120,200,5.0,10,1.0,3.5242695674986657,0.8870120744089824,9.462966166864714,13.20892525825128
A,25,15,120,200,10.0,1,sqrt,4.031214854356217,0.8854551797958148,10.895451131465872,13.937852994990578
A,25,15,120,200,10.0,1,1.0,3.0683857046150784,0.8958287834795756,8.452238774007686,12.575231611701742
A,25,15,120,200,10.0,5,sqrt,3.9902565166780994,0.8857956999448078,10.872274771650945,13.918012073587843
A,25,15,120,200,10.0,5,1.0,3.0487910637183715,0.8958618298479981,8.43895842092352,12.561803369597445
A,25,15,120,200,10.0,10,sqrt,4.078131117968936,0.8843994824772607,11.013915627216933,14.057054937568983
A,25,15,120,200,10.0,10,1.0,3.024970290460378,0.895908958065333,8.431263472490247,12.539369741905471
A,25,15,120,200,,1,sqrt,3.105859568611886,0.891121631225601,9.410194698112821,12.902635574708299
A,25,15,120,200,,1,1.0,3.1245791739388844,0.8920743158759645,8.567149801304733,12.73243346301506
A,25,15,120,200,,5,sqrt,3.1134508287405787,0.8920470775371194,9.495389780435211,12.930471744172838
A,25,15,120,200,,5,1.0,3.0720522645155226,0.893334254811443,8.469794182815814,12.643602455356042
A,25,15,120,200,,10,sqrt,3.219797736897209,0.8912385116571636,9.721904879795318,13.100207157890546
A,25,15,120,200,,10,1.0,3.031400239477228,0.8943143721416561,8.439465046226214,12.582201259669684
A,25,15,125,50,5.0,1,sqrt,8.721831757967486,0.8542412955623201,15.864903984322876,18.77200593006161
A,25,15,125,50,5.0,1,1.0,4.342791887343504,0.8824320768887158,10.355908568161357,14.2161943138907
A,25,15,125,50,5.0,5,sqrt,9.00955094702467,0.8521308536033103,16.198195908431153,19.06539631787345
A,25,15,125,50,5.0,5,1.0,4.342632550348204,0.8824422328408088,10.355664383238878,14.21578982176008
A,25,15,125,50,5.0,10,sqrt,8.57444009994226,0.8543337911237557,15.985532793900143,18.826586858735897
A,25,15,125,50,5.0,10,1.0,4.341430830774926,0.8824241215702318,10.35568906660087,14.21541928007241
A,25,15,125,50,10.0,1,sqrt,4.855371300257058,0.8769358812734899,11.871935417891766,15.018175453967768
A,25,15,125,50,10.0,1,1.0,3.8513324197950554,0.886790779158995,9.435244097069754,13.684555996172133
A,25,15,125,50,10.0,5,sqrt,5.138247348223768,0.8751307276156023,12.16254163719503,15.263008205055149
A,25,15,125,50,10.0,5,1.0,3.831443888442313,0.8868282344313074,9.42758774379177,13.674664578313173
A,25,15,125,50,10.0,10,sqrt,5.122786577421807,0.8742202835877814,12.378173828194573,15.447699389512014
A,25,15,125,50,10.0,10,1.0,3.7824231293140103,0.8872181086333292,9.408547924970396,13.630223910547684
A,25,15,125,50,,1,sqrt,3.9386745307388593,0.8813879518158801,10.451082381148733,14.081671774695863
A,25,15,125,50,,1,1.0,3.999465497762337,0.8822809295123613,9.59119520928957,13.929837608020772
A,25,15,125,50,,5,sqrt,3.977312129324563,0.8822539374267062,10.532176177181132,14.136717090586611
A,25,15,125,50,,5,1.0,3.8891185727012805,0.8839200676360015,9.475040814307874,13.78780522420839
A,25,15,125,50,,10,sqrt,3.9500154966868037,0.8815414083924544,10.7866422896291,14.266882071224426
A,25,15,125,50,,10,1.0,3.814723506138492,0.8853331046056944,9.419990835170083,13.694180880870627
A,25,15,125,100,5.0,1,sqrt,8.980308539259317,0.8542116479632573,16.278856049658703,19.083716162037085
A,25,15,125,100,5.0,1,1.0,4.357071272344953,0.8826122518422587,10.356205423725164,14.21862080218853
A,25,15,125,100,5.0,5,sqrt,9.190936979802059,0.8533629544485176,16.425264839661857,19.23656414195612
A,25,15,125,100,5.0,5,1.0,4.356634333435601,0.8826161825789359,10.355396035807876,14.217724162201327
A,25,15,125,100,5.0,10,sqrt,8.749569797376388,0.8534604068256858,16.271303898416264,19.05295960380142
A,25,15,125,100,5.0,10,1.0,4.355821278649735,0.8826475221860676,10.35503592750918,14.217474888633372
A,25,15,125,100,10.0,1,sqrt,4.9048221208224705,0.8769302059052949,11.967015990691896,15.081635317325453
A,25,15,125,100,10.0,1,1.0,3.81464248578027,0.8874185372622204,9.405613486886768,13.648517061954541
A,25,15,125,100,10.0,5,sqrt,4.94177081415981,0.8768308725286896,12.011226868797667,15.101674516596011
A,25,15,125,100,10.0,5,1.0,3.801549184954021,0.8874710885310989,9.397849837104264,13.639415072685413
A,25,15,125,100,10.0,10,sqrt,4.9090226773462975,0.8759822078558755,12.165011956282427,15.226462849505372
A,25,15,125,100,10.0,10,1.0,3.7525756311426326,0.8876792242946205,9.379463983350457,13.595971744931882
A,25,15,125,100,,1,sqrt,3.8409582928461545,0.8829870962063078,10.380754781882747,13.960472950788002
A,25,15,125,100,,1,1.0,3.935072270886363,0.8835531827825294,9.540286175295403,13.848171053561675
A,25,15,125,100,,5,sqrt,3.876658544191944,0.8835795527833351,10.477663306651305,14.045440176807748
A,25,15,125,100,,5,1.0,3.8704112131572237,0.8845493049774398,9.449257378808522,13.755189636137407
A,25,15,125,100,,10,sqrt,3.8995075837977806,0.8825279771312552,10.735555260217653,14.187904826137256
A,25,15,125,100,,10,1.0,3.787320368747609,0.8858928139792226,9.396592481751899,13.663658099605788
A,25,15,125,200,5.0,1,sqrt,8.373704531017141,0.8568003244693649,15.882210030464915,18.66462229776417
A,25,15,125,200,5.0,1,1.0,4.342059664447306,0.8828990460513021,10.355570670789602,14.216504488637522
A,25,15,125,200,5.0,5,sqrt,8.558214339186657,0.8552537192873032,16.078450830979598,18.853452615219606
A,25,15,125,200,5.0,5,1.0,4.341438541373606,0.8829083070001122,10.354742369304613,14.21545011780825
A,25,15,125,200,5.0,10,sqrt,8.403554013609519,0.8565570214875493,16.014576028910653,18.778350046631907
A,25,15,125,200,5.0,10,1.0,4.340839646141787,0.882925939959953,10.354545874388887,14.215176900185872
A,25,15,125,200,10.0,1,sqrt,4.751339749257797,0.8784377917192627,11.852568776688065,14.941436944760516
A,25,15,125,200,10.0,1,1.0,3.8031478922773045,0.8876524637508096,9.392424843120699,13.631861695576456
A,25,15,125,200,10.0,5,sqrt,4.809557998684964,0.8784953638329439,11.862096957234893,14.980020882560137
A,25,15,125,200,10.0,5,1.0,3.7636443749459803,0.8878871856878506,9.37772398497126,13.60676420019044
A,25,15,125,200,10.0,10,sqrt,4.845121495450078,0.8770927228399186,12.045622691209903,15.11702194534547
A,25,15,125,200,10.0,10,1.0,3.727423657073865,0.8879555262197563,9.364641284791787,13.573504089965223
A,25,15,125,200,,1,sqrt,3.771945741412126,0.8837787984692234,10.322444499068194,13.891293228373225
A,25,15,125,200,,1,1.0,3.873592566129928,0.884090331932024,9.515274417563472,13.806950815842459
A,25,15,125,200,,5,sqrt,3.786972421612172,0.884323728238995,10.414464215003154,13.947529928608466
A,25,15,125,200,,5,1.0,3.8215568680865686,0.8851723882602883,9.428791929646152,13.718656579257658
A,25,15,125,200,,10,sqrt,3.869203587605541,0.8831449683179364,10.677578915177724,14.117875818408056
A,25,15,125,200,,10,1.0,3.754414807812224,0.8863381170979274,9.382834777301856,13.640471182050897
A,25,15,130,50,5.0,1,sqrt,9.675882818393706,0.8546197250537423,15.149711856762593,18.53068107267401
A,25,15,130,50,5.0,1,1.0,4.867748057767285,0.8824767527971955,9.60610446454301,14.380089657131387
A,25,15,130,50,5.0,5,sqrt,10.186904778762504,0.8524161684058356,15.470491413965544,18.82233518453536
A,25,15,130,50,5.0,5,1.0,4.8667946124295005,0.8825086755819488,9.604982455083924,14.37900008626041
A,25,15,130,50,5.0,10,sqrt,9.510983321286009,0.8529569622676011,15.208382748572003,18.531245448110568
A,25,15,130,50,5.0,10,1.0,4.867389320277269,0.8825565064213633,9.606333328335905,14.380689615486165
A,25,15,130,50,10.0,1,sqrt,5.556978229745118,0.875992487517955,11.13394784461717,15.021798355984439
A,25,15,130,50,10.0,1,1.0,4.242949919205342,0.8857177321063041,8.881547822236996,13.849947598100496
A,25,15,130,50,10.0,5,sqrt,5.450075877473517,0.8767549180590347,11.406153299279197,15.082975357919214
A,25,15,130,50,10.0,5,1.0,4.209313327322321,0.8859858004423493,8.873662211960612,13.819998897798365
A,25,15,130,50,10.0,10,sqrt,5.707125908464578,0.8735524936846181,11.472984755805374,15.27473383771327
A,25,15,130,50,10.0,10,1.0,4.181835983730336,0.8859750428882164,8.85582830475918,13.777857251779585
A,25,15,130,50,,1,sqrt,4.188849877299522,0.8818825551721716,9.720126764403812,14.037228040185571
A,25,15,130,50,,1,1.0,4.3756809289548135,0.8817107808224307,9.076354514624233,14.021393049517163
A,25,15,130,50,,5,sqrt,4.28492793462404,0.8830144991247544,9.743649016099019,14.101924525442325
A,25,15,130,50,,5,1.0,4.214695777775943,0.8836406733872575,8.961789106429707,13.895479114835888
A,25,15,130,50,,10,sqrt,4.307123184625385,0.8812742201396329,9.951633840386537,14.21231631318678
A,25,15,130,50,,10,1.0,4.166910608632363,0.8842556600149104,8.912771648457975,13.82539914164544
A,25,15,130,100,5.0,1,sqrt,9.953954290138318,0.8547933257552411,15.508638647369992,18.766396372897653
A,25,15,130,100,5.0,1,1.0,4.855136277349301,0.8828999190796625,9.58826290625401,14.350236880914935
A,25,15,130,100,5.0,5,sqrt,10.152256248366486,0.8540704396312137,15.62597492791638,18.872284564197493
A,25,15,130,100,5.0,5,1.0,4.853157908633616,0.88289511364563,9.586983182088096,14.348131498414634
A,25,15,130,100,5.0,10,sqrt,9.722307179987508,0.854338498870171,15.463936652793219,18.705462111811425
A,25,15,130,100,5.0,10,1.0,4.852392045129786,0.8829457174791677,9.586140733176503,14.34760633238678
A,25,15,130,100,10.0,1,sqrt,5.421919192019364,0.8784016101527146,10.984277575410335,14.884537918065103
A,25,15,130,100,10.0,1,1.0,4.2100542314009735,0.8862263827537789,8.851036256856926,13.802795563662547
A,25,15,130,100,10.0,5,sqrt,5.395727324830743,0.8782831801412442,11.250017500006663,15.010882964923876
A,25,15,130,100,10.0,5,1.0,4.179724667270859,0.8862286667473196,8.842268254937538,13.77510973056153
A,25,15,130,100,10.0,10,sqrt,5.578054893429213,0.875649098957766,11.343268276872019,15.155851876634696
A,25,15,130,100,10.0,10,1.0,4.128058987336499,0.8867331062456772,8.817106754814073,13.720053865811598
A,25,15,130,100,,1,sqrt,4.1004819977402525,0.8831906739804605,9.651518900634311,13.923239075740378
A,25,15,130,100,,1,1.0,4.31277657156585,0.8822643804301696,9.034724250704008,13.950155798855025
A,25,15,130,100,,5,sqrt,4.20933089976732,0.8838923925605513,9.709599684061853,14.020207002151732
A,25,15,130,100,,5,1.0,4.206696024274807,0.8840683079493598,8.928510806655074,13.85473155677638
A,25,15,130,100,,10,sqrt,4.219958178004834,0.8829699843013425,9.900442762202026,14.123620449530524
A,25,15,130,100,,10,1.0,4.133391894724442,0.8851045893335623,8.866238090518458,13.76779738235877
A,25,15,130,200,5.0,1,sqrt,9.309082180130156,0.8571520709330656,15.069112615160682,18.30851661620703
A,25,15,130,200,5.0,1,1.0,4.849567877056564,0.8834399766339484,9.584066144440703,14.345325030938582
A,25,15,130,200,5.0,5,sqrt,9.562357568741682,0.855913623534245,15.27511343435691,18.498154614120303
A,25,15,130,200,5.0,5,1.0,4.847970955780271,0.8834379368169548,9.58296962994688,14.343722752787091
A,25,15,130,200,5.0,10,sqrt,9.279503104397374,0.8579869689290692,15.179112194393252,18.39698536818631
A,25,15,130,200,5.0,10,1.0,4.846916855948228,0.8834832305064119,9.58193814218405,14.342522335120202
A,25,15,130,200,10.0,1,sqrt,5.276106193092973,0.8794515628025301,10.918579192716638,14.795438712246812
A,25,15,130,200,10.0,1,1.0,4.169035344401455,0.8867064122502301,8.835567407417171,13.776835076415031
A,25,15,130,200,10.0,5,sqrt,5.287049160513609,0.878859881115025,11.108459253871711,14.898426476996146
A,25,15,130,200,10.0,5,1.0,4.13241333265876,0.8868683457052052,8.821730184906576,13.746631811665498
A,25,15,130,200,10.0,10,sqrt,5.355202336176733,0.8778305385652635,11.141410121320309,14.958816451941065
A,25,15,130,200,10.0,10,1.0,4.0965946578947365,0.8871382704247124,8.805627304473834,13.70838458968258
A,25,15,130,200,,1,sqrt,4.040988673267664,0.8842239440768707,9.5761723568784,13.855311324285484
A,25,15,130,200,,1,1.0,4.231799624598279,0.8827754917345105,9.010001799672446,13.912714050425222
A,25,15,130,200,,5,sqrt,4.1360481860371205,0.8848278885103683,9.643778581511,13.938834616518317
A,25,15,130,200,,5,1.0,4.1691929597896875,0.8844089687344756,8.9114343434946,13.833638048406272
A,25,15,130,200,,10,sqrt,4.191294233125843,0.8841249577872572,9.839320312232406,14.066668379628121
A,25,15,130,200,,10,1.0,4.110360338285076,0.8852997455214233,8.856799535666347,13.757263245037663
A,25,20,115,50,5.0,1,sqrt,6.329376181645339,0.8638351747918932,13.932802015775954,16.684067048872286
A,25,20,115,50,5.0,1,1.0,2.8555768142761084,0.8899044818946857,8.569115788472937,12.223622127665296
A,25,20,115,50,5.0,5,sqrt,6.235206489930787,0.8655493542979473,13.688554423136154,16.468166384707825
A,25,20,115,50,5.0,5,1.0,2.8553232934741715,0.8899184544045777,8.568283578447103,12.223117612946965
A,25,20,115,50,5.0,10,sqrt,5.804765980665713,0.8667198713456642,13.324777852748193,16.105608339666762
A,25,20,115,50,5.0,10,1.0,2.8534268770163256,0.8899738368157483,8.568946617233644,12.223121785078986
A,25,20,115,50,10.0,1,sqrt,3.375519899340967,0.8902120253574299,9.9311611469263,12.971042165108875
A,25,20,115,50,10.0,1,1.0,2.572805680065993,0.9028663853859769,7.635067962558902,11.687002037926359
A,25,20,115,50,10.0,5,sqrt,3.466471622199042,0.887897675567548,10.194180001297921,13.180712752363707
A,25,20,115,50,10.0,5,1.0,2.560830146153653,0.9027929414847284,7.611041143826353,11.655725069687639
A,25,20,115,50,10.0,10,sqrt,3.440194514651696,0.8873593793007913,10.258306251510827,13.220713170385332
A,25,20,115,50,10.0,10,1.0,2.5337396666187195,0.9029551115570424,7.5992454744289075,11.6348974858137
A,25,20,115,50,,1,sqrt,2.7326340338049375,0.8942350793685879,8.730356941879133,12.162917672863585
A,25,20,115,50,,1,1.0,2.6404734155409177,0.8974751611290696,7.754459869383899,11.852295351181315
A,25,20,115,50,,5,sqrt,2.7278788932776616,0.8943296177496031,8.814424955749885,12.170920693996404
A,25,20,115,50,,5,1.0,2.5872573528424376,0.8993655795722167,7.669222956095565,11.757521857309607
A,25,20,115,50,,10,sqrt,2.749668619631193,0.8938909825259105,9.097126654945711,12.331181650395143
A,25,20,115,50,,10,1.0,2.5459832611846758,0.9006669512131023,7.630840884126303,11.695682177765894
A,25,20,115,100,5.0,1,sqrt,6.140985606952997,0.8667618350711889,13.780668336493381,16.480333964104812
A,25,20,115,100,5.0,1,1.0,2.842987640062005,0.8904769593764316,8.549677817068531,12.197957317744203
A,25,20,115,100,5.0,5,sqrt,6.0265119316439755,0.8686910504311942,13.649174789762446,16.354670719329516
A,25,20,115,100,5.0,5,1.0,2.842498305853029,0.890486430374868,8.54895303523962,12.197247298347483
A,25,20,115,100,5.0,10,sqrt,5.855995886332433,0.8683942407192726,13.395253720342442,16.148555951711266
A,25,20,115,100,5.0,10,1.0,2.841653912779941,0.890502786082339,8.548565285605934,12.197401190124967
A,25,20,115,100,10.0,1,sqrt,3.357322821291948,0.8911205651419957,9.933869353978926,12.943985316349494
A,25,20,115,100,10.0,1,1.0,2.5448695370859733,0.9033918445106884,7.612190509599432,11.653701273541362
A,25,20,115,100,10.0,5,sqrt,3.3950948534487737,0.8904970862054918,10.032732167300193,13.036093845856621
A,25,20,115,100,10.0,5,1.0,2.5415338354506436,0.9032583030122465,7.594716675778,11.634675090405839
A,25,20,115,100,10.0,10,sqrt,3.377316052429164,0.8902736536637331,10.150646658832523,13.099667988972431
A,25,20,115,100,10.0,10,1.0,2.530036034361992,0.9032801545123957,7.588637023810945,11.620352014899378
A,25,20,115,100,,1,sqrt,2.6294728315033176,0.8958270525953637,8.652787075417937,12.013599225708022
A,25,20,115,100,,1,1.0,2.5943711507256006,0.898745318199005,7.7230151701839045,11.795626008849432
A,25,20,115,100,,5,sqrt,2.668178125235773,0.8962780105335633,8.745669205793206,12.069755222019673
A,25,20,115,100,,5,1.0,2.565497186172391,0.9000705268029533,7.6491935747342295,11.729172222105143
A,25,20,115,100,,10,sqrt,2.70101538469131,0.8956084910287133,8.975246810236152,12.218226446503195
A,25,20,115,100,,10,1.0,2.534370024074722,0.9012751352962078,7.615447351110585,11.671401944564513
A,25,20,115,200,5.0,1,sqrt,6.177680509754401,0.8677050866718341,14.041987687893538,16.662334875974818
A,25,20,115,200,5.0,1,1.0,2.844453658805585,0.8910511379880373,8.543172640446201,12.195140164478312
A,25,20,115,200,5.0,5,sqrt,6.021402378796347,0.8691718906824478,13.847818365572076,16.48014147875511
A,25,20,115,200,5.0,5,1.0,2.843538461213696,0.8910323656221854,8.542041728707506,12.193762678880866
A,25,20,115,200,5.0,10,sqrt,5.982248895570365,0.8672454261613554,13.750446823290915,16.410450871967317
A,25,20,115,200,5.0,10,1.0,2.8416402774393887,0.8910904251231646,8.541189563983504,12.192474243791409
A,25,20,115,200,10.0,1,sqrt,3.3306052744706305,0.8915384805941751,9.941752895020713,12.92840244233103
A,25,20,115,200,10.0,1,1.0,2.5469464573656238,0.90343381622941,7.610354786250286,11.653652290288736
A,25,20,115,200,10.0,5,sqrt,3.397024353439099,0.8906344951648706,10.116340952272886,13.068851578625537
A,25,20,115,200,10.0,5,1.0,2.5339642192535132,0.9036158650189412,7.582885088582836,11.62116153654111
A,25,20,115,200,10.0,10,sqrt,3.388806611647953,0.8904886408622621,10.19388789592384,13.114777021848818
A,25,20,115,200,10.0,10,1.0,2.5207080188337487,0.9035617399312752,7.580558694227866,11.607793088496653
A,25,20,115,200,,1,sqrt,2.6166393032143356,0.89672344967335,8.644678459743862,11.98596527255711
A,25,20,115,200,,1,1.0,2.5827342108249285,0.8991438915029132,7.727152522202698,11.786563203893852
A,25,20,115,200,,5,sqrt,2.672823374551869,0.896849114755543,8.765297143334589,12.07499266401148
A,25,20,115,200,,5,1.0,2.546856653072414,0.90079849161219,7.626503828034257,11.698255708645693
A,25,20,115,200,,10,sqrt,2.702316197422591,0.8960257143821032,8.974670935706001,12.211768590877135
A,25,20,115,200,,10,1.0,2.519302238437315,0.9017949189609379,7.600016610193142,11.64727874343033
A,25,20,120,50,5.0,1,sqrt,7.259440039821423,0.8585327448604028,14.885389211834354,17.661682590930504
A,25,20,120,50,5.0,1,1.0,3.5083355248038055,0.8865114232496246,9.474659006477541,13.213945416267583
A,25,20,120,50,5.0,5,sqrt,7.134061562328266,0.8590262821297714,14.656407308500714,17.459851002517638
A,25,20,120,50,5.0,5,1.0,3.5074058751945336,0.8865257586048836,9.473611399645042,13.212552633791617
A,25,20,120,50,5.0,10,sqrt,6.846280001169679,0.8599037028014592,14.457409690992131,17.23704317476341
A,25,20,120,50,5.0,10,1.0,3.507447283601948,0.8864295393619864,9.475841218000392,13.214903974891905
A,25,20,120,50,10.0,1,sqrt,3.9747514735560387,0.8839997537651898,10.89374392014064,13.952107782416817
A,25,20,120,50,10.0,1,1.0,3.175790173861115,0.8945079569266088,8.55897094151214,12.699319537274857
A,25,20,120,50,10.0,5,sqrt,4.061992289654299,0.8830861781928396,11.03694849500917,14.081922691613613
A,25,20,120,50,10.0,5,1.0,3.1370163087412655,0.8946359115742792,8.526567273587293,12.653842533429728
A,25,20,120,50,10.0,10,sqrt,4.1571106857060975,0.8814554054794919,11.172904366451673,14.259847398045704
A,25,20,120,50,10.0,10,1.0,3.1103451343860673,0.8947806064780588,8.517617494100737,12.642848977691612
A,25,20,120,50,,1,sqrt,3.216850228851494,0.8859099864229185,9.719238679255644,13.160045748143485
A,25,20,120,50,,1,1.0,3.2460425708497125,0.889444303800281,8.70020062501827,12.880032145360612
A,25,20,120,50,,5,sqrt,3.2833733965659007,0.8879141891702931,9.705639367738927,13.14524353410756
A,25,20,120,50,,5,1.0,3.1940970486310185,0.8910592505454696,8.59201077389234,12.772288874267272
A,25,20,120,50,,10,sqrt,3.384836858795714,0.8865272893212172,9.979754001833678,13.338337428368494
A,25,20,120,50,,10,1.0,3.1086188197524764,0.8926454764855052,8.528848085437563,12.681859703133412
A,25,20,120,100,5.0,1,sqrt,7.1970809837092276,0.8602071072183414,14.848030080305284,17.58569444134083
A,25,20,120,100,5.0,1,1.0,3.5308164572229663,0.8865619284106838,9.466855863216546,13.217117190013841
A,25,20,120,100,5.0,5,sqrt,6.996304258070492,0.8613314824985545,14.669273693592023,17.409623428174278
A,25,20,120,100,5.0,5,1.0,3.529890740984193,0.8865869469793273,9.465816722125686,13.21561585726064
A,25,20,120,100,5.0,10,sqrt,6.868025656643283,0.8615654048977397,14.525190608831647,17.281095846860726
A,25,20,120,100,5.0,10,1.0,3.5301462580808183,0.8866350517778485,9.46652020892996,13.217739806784772
A,25,20,120,100,10.0,1,sqrt,3.9935383509051547,0.8842545202231165,10.925763761742484,13.965324218371137
A,25,20,120,100,10.0,1,1.0,3.125086307951695,0.8950595044570022,8.52291481153608,12.643517318105566
A,25,20,120,100,10.0,5,sqrt,3.969968580356867,0.8847534349817465,10.949315746762377,13.969937172589926
A,25,20,120,100,10.0,5,1.0,3.1044612714900532,0.8952073111112512,8.494725344119137,12.611213493260875
A,25,20,120,100,10.0,10,sqrt,4.036257379574863,0.883607508310823,11.00511347395643,14.062178387586547
A,25,20,120,100,10.0,10,1.0,3.080901004703681,0.895084837709272,8.48940413178497,12.602783777635308
A,25,20,120,100,,1,sqrt,3.1829709182174226,0.8872379811473801,9.683056568096863,13.091453886803482
A,25,20,120,100,,1,1.0,3.200396647812777,0.8903448542359985,8.662475519074686,12.822272739547614
A,25,20,120,100,,5,sqrt,3.2532539299061463,0.8889135682286211,9.683105913385514,13.101284085167794
A,25,20,120,100,,5,1.0,3.16394118882767,0.8919391188220122,8.55396998251872,12.717763526254226
A,25,20,120,100,,10,sqrt,3.335338764246406,0.8877878258224092,9.923127082276022,13.282118597620723
A,25,20,120,100,,10,1.0,3.0920716072551917,0.8931412750074299,8.510650806277418,12.652222341210088
A,25,20,120,200,5.0,1,sqrt,7.30129784495942,0.8606307043535655,15.11712333344639,17.794423439058882
A,25,20,120,200,5.0,1,1.0,3.528514060281286,0.8869457015404285,9.467073460716216,13.215303662802693
A,25,20,120,200,5.0,5,sqrt,7.06806185654096,0.8615242524590577,14.905436376909131,17.58326283357356
A,25,20,120,200,5.0,5,1.0,3.527755865446771,0.8869582070433755,9.466039978100085,13.214158082702545
A,25,20,120,200,5.0,10,sqrt,6.9846841475978305,0.8607988052454667,14.820680793949283,17.507531426662663
A,25,20,120,200,5.0,10,1.0,3.5268618887781784,0.8869502567045962,9.466405004904592,13.214721082258048
A,25,20,120,200,10.0,1,sqrt,4.00410937303327,0.8845360089246803,10.95525801422257,13.98365451474605
A,25,20,120,200,10.0,1,1.0,3.1168703267605826,0.8951689189437921,8.514055142913694,12.635324463342165
A,25,20,120,200,10.0,5,sqrt,4.009972196982544,0.8844686216450823,11.005522095204995,14.011950023946081
A,25,20,120,200,10.0,5,1.0,3.088859421959433,0.8953579601591579,8.48485481875212,12.599011694008416
A,25,20,120,200,10.0,10,sqrt,4.057281458396327,0.8839327219486526,11.08446392997865,14.096150429967642
A,25,20,120,200,10.0,10,1.0,3.0721954369116924,0.8953185915587476,8.481773673083108,12.58947994404152
A,25,20,120,200,,1,sqrt,3.153087825946442,0.8886963346194033,9.63085923559778,13.023252706819386
A,25,20,120,200,,1,1.0,3.16569931612191,0.8907858917488152,8.656213298947282,12.804178753526092
A,25,20,120,200,,5,sqrt,3.228825206204006,0.8889872028796144,9.700803218657517,13.076411185651699
A,25,20,120,200,,5,1.0,3.121179559237217,0.8923860871571275,8.542675036763274,12.69345463986115
A,25,20,120,200,,10,sqrt,3.3138388856113474,0.8884452541221226,9.934837703066908,13.252755514076899
A,25,20,120,200,,10,1.0,3.0793387667960266,0.8933912796589745,8.506931643984013,12.638168409422073
A,25,20,125,50,5.0,1,sqrt,8.655884965963223,0.8528560435356314,16.082803415554448,18.909710056882307
A,25,20,125,50,5.0,1,1.0,4.346725963851976,0.8823497183102489,10.361878623528025,14.223594598784581
A,25,20,125,50,5.0,5,sqrt,8.341949089517794,0.8551563242704988,15.591975541547885,18.481734373317057
A,25,20,125,50,5.0,5,1.0,4.346423590377933,0.8823586921671186,10.361228992957965,14.223087895951448
A,25,20,125,50,5.0,10,sqrt,8.16564387842214,0.8543741210681601,15.637145175348508,18.473903996864287
A,25,20,125,50,5.0,10,1.0,4.344233766927394,0.882394441904846,10.359488051252185,14.221318551915129
A,25,20,125,50,10.0,1,sqrt,4.842449363696748,0.8761364193249166,11.911067743702393,15.057143913567336
A,25,20,125,50,10.0,1,1.0,3.9082904509147043,0.8861626439086902,9.513234905628988,13.762201627969429
A,25,20,125,50,10.0,5,sqrt,4.846710153586534,0.8754890843890463,12.071883054236725,15.154884758545421
A,25,20,125,50,10.0,5,1.0,3.874480338356446,0.8864535620746254,9.47379472061812,13.70653702230116
A,25,20,125,50,10.0,10,sqrt,4.837898703021191,0.8755129945493346,12.094591704657995,15.197265369150443
A,25,20,125,50,10.0,10,1.0,3.8453389990579807,0.8865355388177278,9.454426194699465,13.666666716930967
A,25,20,125,50,,1,sqrt,3.9532185808059084,0.8799012329835314,10.567380408783446,14.168663945294247
A,25,20,125,50,,1,1.0,4.022395722587964,0.8812561605633673,9.686041881427741,13.991999321676591
A,25,20,125,50,,5,sqrt,3.9567311390501168,0.8806527187966899,10.66439335077514,14.161382442198624
A,25,20,125,50,,5,1.0,3.9673011492453076,0.883342715654092,9.539079807446477,13.833891059207204
A,25,20,125,50,,10,sqrt,3.9962758502619002,0.8806582649915276,10.849104891631146,14.24904509755803
A,25,20,125,50,,10,1.0,3.889617718786849,0.8844784824990428,9.486520350878994,13.735987837272528
A,25,20,125,100,5.0,1,sqrt,8.561962313013003,0.8528473943581604,16.013675938710374,18.813496444238872
A,25,20,125,100,5.0,1,1.0,4.361595765464691,0.8825663750953042,10.36143904834817,14.225349565679798
A,25,20,125,100,5.0,5,sqrt,8.202887589337513,0.8548527715356107,15.702943799485226,18.51330596913076
A,25,20,125,100,5.0,5,1.0,4.360822157079243,0.8825950325901827,10.360125810437584,14.22420426140312
A,25,20,125,100,5.0,10,sqrt,8.09182803080761,0.8539609631107605,15.62683188145331,18.441939615779877
A,25,20,125,100,5.0,10,1.0,4.359048188717551,0.8826368835433674,10.3589090914023,14.223097348637882
A,25,20,125,100,10.0,1,sqrt,4.773185440095845,0.8767321151440257,11.926180518223635,15.029867837728437
A,25,20,125,100,10.0,1,1.0,3.855309824114297,0.8868281572369208,9.474895604107473,13.708139383494919
A,25,20,125,100,10.0,5,sqrt,4.794143204461468,0.8761191748705379,12.01057341593215,15.089476726989082
A,25,20,125,100,10.0,5,1.0,3.8399339229148017,0.8869853677090151,9.445008958252288,13.667967379368966
A,25,20,125,100,10.0,10,sqrt,4.762157953345747,0.8765449662619403,12.04826826198547,15.112273978667478
A,25,20,125,100,10.0,10,1.0,3.8191011813141715,0.8869514769496188,9.429217468216434,13.638370627636444
A,25,20,125,100,,1,sqrt,3.8320688048281064,0.8808722273848787,10.543553674224231,14.074121650475073
A,25,20,125,100,,1,1.0,3.9511972488793736,0.8820130680029774,9.646587739265831,13.925922547215515
A,25,20,125,100,,5,sqrt,3.9210452351227993,0.8813609652926481,10.659715868831565,14.127749067707166
A,25,20,125,100,,5,1.0,3.927017498569345,0.8838342430529762,9.514681438982386,13.795839256246992
A,25,20,125,100,,10,sqrt,3.964685831662307,0.8815765435045254,10.817067303385912,14.224383858803566
A,25,20,125,100,,10,1.0,3.8575996399408483,0.8848246909301126,9.46992076468759,13.712965904022434
A,25,20,125,200,5.0,1,sqrt,8.639765944650287,0.8534040054303554,16.229670274673037,18.979696581132288
A,25,20,125,200,5.0,1,1.0,4.348424108985737,0.8828391859829974,10.361121084023228,14.225113952189641
A,25,20,125,200,5.0,5,sqrt,8.285754799467046,0.8547084504986607,15.966497844288488,18.714904581937027
A,25,20,125,200,5.0,5,1.0,4.347458087309917,0.8828694126294507,10.359977366893029,14.223949546802686
A,25,20,125,200,5.0,10,sqrt,8.238682380958606,0.8540928613615166,15.92688013422438,18.68091569849282
A,25,20,125,200,5.0,10,1.0,4.346168234947414,0.8828689465655458,10.359345982226461,14.223263999769387
A,25,20,125,200,10.0,1,sqrt,4.814339699178587,0.8769141517108675,11.9684807414139,15.071160552818085
A,25,20,125,200,10.0,1,1.0,3.8379744458122302,0.8872118193895646,9.4536627305276,13.677740327672359
A,25,20,125,200,10.0,5,sqrt,4.7877178494351496,0.8772282271009721,11.982844096686314,15.045752083869544
A,25,20,125,200,10.0,5,1.0,3.8037333099174697,0.8873409493724382,9.427807783502946,13.637857132192764
A,25,20,125,200,10.0,10,sqrt,4.773314515630302,0.8766816547804985,12.102379312513463,15.143604603153088
A,25,20,125,200,10.0,10,1.0,3.7813644030136273,0.8872667591402742,9.41656359921981,13.612807159852457
A,25,20,125,200,,1,sqrt,3.8184560166758836,0.8817169459571155,10.546097040892613,14.03878007401003
A,25,20,125,200,,1,1.0,3.8901889294625804,0.8827149019647823,9.620304288691305,13.87505349064094
A,25,20,125,200,,5,sqrt,3.91289901829456,0.8819145299849638,10.674504956312934,14.136005042175864
A,25,20,125,200,,5,1.0,3.8720429335086557,0.8843892725215705,9.495002470573702,13.761608943892963
A,25,20,125,200,,10,sqrt,3.95206583295857,0.8817837318852695,10.852540609758423,14.231582904077133
A,25,20,125,200,,10,1.0,3.813701923474438,0.8852436872416408,9.459191848667,13.69004247449979
A,25,20,130,50,5.0,1,sqrt,9.959482826807294,0.8550400503705134,15.380961340772695,18.69811871249473
A,25,20,130,50,5.0,1,1.0,4.87379972132779,0.8824205735721792,9.610849511236793,14.387790250189179
A,25,20,130,50,5.0,5,sqrt,9.588246154698112,0.8554369096875977,14.959475947017092,18.32045642331752
A,25,20,130,50,5.0,5,1.0,4.872943909432028,0.8824675482642415,9.609813207350538,14.386801220502523
A,25,20,130,50,5.0,10,sqrt,8.964885744836979,0.8559978579351913,14.827094615261677,18.149215488705075
A,25,20,130,50,5.0,10,1.0,4.87326242015069,0.882516407861643,9.610643432954138,14.387904304109915
A,25,20,130,50,10.0,1,sqrt,5.263203314423778,0.8781097685671628,10.938067961119216,14.844115234323931
A,25,20,130,50,10.0,1,1.0,4.3382257459504405,0.885153177191923,8.935926843918718,13.909905628239645
A,25,20,130,50,10.0,5,sqrt,5.271983820222667,0.8773669573758982,11.22075720030979,14.980074975629552
A,25,20,130,50,10.0,5,1.0,4.2777269744172575,0.8854527755306556,8.908861781212298,13.851305077866916
A,25,20,130,50,10.0,10,sqrt,5.469840691836655,0.8745789002944164,11.428682697050796,15.222830709332678
A,25,20,130,50,10.0,10,1.0,4.232217927083932,0.8854927331383073,8.892533228998257,13.801261039189058
A,25,20,130,50,,1,sqrt,4.287948485304669,0.8800333292832535,9.936467657838552,14.162829490582382
A,25,20,130,50,,1,1.0,4.417996632604161,0.8805192882460903,9.15348780612231,14.061341594445981
A,25,20,130,50,,5,sqrt,4.2852867582922745,0.8808620683764253,9.986189440119727,14.17496779927366
A,25,20,130,50,,5,1.0,4.274234847162499,0.8823896099201647,9.02716447848358,13.942214763165595
A,25,20,130,50,,10,sqrt,4.415367399726439,0.8803612209336251,10.171398232708336,14.327366468858878
A,25,20,130,50,,10,1.0,4.2070690155998545,0.8836209023780037,8.960917978038296,13.844867480117708
A,25,20,130,100,5.0,1,sqrt,9.51402871816259,0.8551892591043385,15.276700607523058,18.510012321458788
A,25,20,130,100,5.0,1,1.0,4.862561943595044,0.8829174183763435,9.593001355520068,14.35863410349204
A,25,20,130,100,5.0,5,sqrt,9.254556432094711,0.8555049323529305,14.936530271156238,18.234057685326775
A,25,20,130,100,5.0,5,1.0,4.860998728258831,0.8829072572583743,9.59211135922064,14.356923659874678
A,25,20,130,100,5.0,10,sqrt,8.891843654014357,0.855793632509218,14.798957982815441,18.088245360332174
A,25,20,130,100,5.0,10,1.0,4.859202932594284,0.8828984762428203,9.590681794770797,14.355385455752975
A,25,20,130,100,10.0,1,sqrt,5.171488643005267,0.8789584554558024,10.925486722979578,14.796847085875896
A,25,20,130,100,10.0,1,1.0,4.286136627794185,0.885894924028751,8.900712589259538,13.856491582978474
A,25,20,130,100,10.0,5,sqrt,5.325551136909608,0.8769888404075005,11.22091976103503,14.99006486775023
A,25,20,130,100,10.0,5,1.0,4.224719280126576,0.8861822300426991,8.875800575902769,13.80290487801038
A,25,20,130,100,10.0,10,sqrt,5.30458009441201,0.8761092309750251,11.311210158365757,15.021370477139616
A,25,20,130,100,10.0,10,1.0,4.174076150887819,0.8862423535343588,8.856344222693656,13.752026543432232
A,25,20,130,100,,1,sqrt,4.155572096464731,0.8809243190929694,9.877522947166884,14.063089667680577
A,25,20,130,100,,1,1.0,4.361785280324353,0.881429132021099,9.111752547207889,14.010862680639551
A,25,20,130,100,,5,sqrt,4.231952383622648,0.8819935035643583,9.911302667523872,14.095916177463414
A,25,20,130,100,,5,1.0,4.243281675702676,0.8830728381508897,8.991117969608116,13.896865222829945
A,25,20,130,100,,10,sqrt,4.346279585799352,0.8818298608561139,10.09040961055649,14.239386150041744
A,25,20,130,100,,10,1.0,4.162156899318125,0.8844018329683824,8.919484080240057,13.791616654793923
A,25,20,130,200,5.0,1,sqrt,9.448956374139831,0.8553386248762456,15.417953975045148,18.5849423032071
A,25,20,130,200,5.0,1,1.0,4.858535250664274,0.8834149560091233,9.589177903813471,14.355064728988623
A,25,20,130,200,5.0,5,sqrt,9.231744656229665,0.8554428088741833,15.207009991214647,18.405531737305193
A,25,20,130,200,5.0,5,1.0,4.8568647887413405,0.8833952614807871,9.588238336928772,14.353441542361494
A,25,20,130,200,5.0,10,sqrt,9.035995123422687,0.8556301384811729,15.123553573687696,18.316734999560122
A,25,20,130,200,5.0,10,1.0,4.855201952104897,0.883425620935259,9.586939383448426,14.351643244248184
A,25,20,130,200,10.0,1,sqrt,5.201025613129698,0.8786961382761082,10.988101399605316,14.829438472089652
A,25,20,130,200,10.0,1,1.0,4.2526217548995255,0.8862896285775399,8.885018246870008,13.836059264599339
A,25,20,130,200,10.0,5,sqrt,5.361363045375509,0.8774617652383302,11.225027944074341,14.986254662384022
A,25,20,130,200,10.0,5,1.0,4.184437989047234,0.8867188917179789,8.85950644324005,13.776820823976696
A,25,20,130,200,10.0,10,sqrt,5.254678856661172,0.8769946076146422,11.309745568371486,15.00824757771936
A,25,20,130,200,10.0,10,1.0,4.13876254340651,0.886615957195553,8.84662946173008,13.735747486383087
A,25,20,130,200,,1,sqrt,4.122058844076521,0.8821685177922582,9.808533398282737,14.000261540655384
A,25,20,130,200,,1,1.0,4.286079397255364,0.8820331087553728,9.084843619966419,13.963738439327681
A,25,20,130,200,,5,sqrt,4.222039088059054,0.8824025036037124,9.880621919061287,14.074514684181647
A,25,20,130,200,,5,1.0,4.203232937200335,0.8837255453764821,8.972360499864369,13.864826166964852
A,25,20,130,200,,10,sqrt,4.307994855121332,0.8821811320305664,10.059415317150675,14.208358739006588
A,25,20,130,200,,10,1.0,4.1412451000787645,0.884749596962406,8.910673592765438,13.777792391573206
A,30,10,115,50,5.0,1,sqrt,4.132186575553417,0.880508107462411,11.199589092416213,14.09514570272621
A,30,10,115,50,5.0,1,1.0,2.4440652235923315,0.9022837899497368,8.101193432304125,11.487350910093998
A,30,10,115,50,5.0,5,sqrt,4.1341829537556025,0.8802044946008023,11.119357964663546,14.086727588662939
A,30,10,115,50,5.0,5,1.0,2.4437347032361436,0.9022857347558274,8.10023325043612,11.486883906018074
A,30,10,115,50,5.0,10,sqrt,4.2034719533229294,0.8806106332837779,11.148555189549143,14.114852897167456
A,30,10,115,50,5.0,10,1.0,2.4442550996139234,0.902281121595642,8.100657967854453,11.487178228420152
A,30,10,115,50,10.0,1,sqrt,2.2118396073593884,0.9058807038341721,8.089662296811525,11.14587064946902
A,30,10,115,50,10.0,1,1.0,1.956968099406471,0.9097646632464069,6.978617110381909,10.705290829942564
A,30,10,115,50,10.0,5,sqrt,2.197812074007342,0.90712123395791,8.06596717454194,11.134068666759921
A,30,10,115,50,10.0,5,1.0,1.9457815476247915,0.9099535068805981,6.9680449365559225,10.69147922507619
A,30,10,115,50,10.0,10,sqrt,2.2157638296368622,0.905819745787832,8.116254846940436,11.184907120924585
A,30,10,115,50,10.0,10,1.0,1.9427473439337486,0.9098109031760225,6.968395552157688,10.676543444837716
A,30,10,115,50,,1,sqrt,1.93934563962592,0.9070271030869532,7.382335728616337,10.809761044673447
A,30,10,115,50,,1,1.0,1.9746710734286732,0.905205337618851,7.106244767370216,10.883255644512975
A,30,10,115,50,,5,sqrt,1.9446790145307122,0.9078303600683922,7.442371285970521,10.822873754507297
A,30,10,115,50,,5,1.0,1.9529222076415613,0.9068784817241339,7.036885262187932,10.814775083606321
A,30,10,115,50,,10,sqrt,1.928072482321977,0.9089785059660711,7.422668933150293,10.769449291857113
A,30,10,115,50,,10,1.0,1.9423573881636191,0.9079832129517508,6.999977497873208,10.745359277315398
A,30,10,115,100,5.0,1,sqrt,3.898225039955387,0.8857587691793715,10.939859555319122,13.834965899233467
A,30,10,115,100,5.0,1,1.0,2.4168021612057125,0.902363275433396,8.092587475325406,11.45845423349142
A,30,10,115,100,5.0,5,sqrt,3.9780021046542835,0.8847637584929551,11.053873681730444,13.948865937226435
A,30,10,115,100,5.0,5,1.0,2.416739387923873,0.9023668573393447,8.091669542161872,11.458509096102656
A,30,10,115,100,5.0,10,sqrt,3.9903135849769447,0.8850064163188754,11.020373436016149,13.936422983854419
A,30,10,115,100,5.0,10,1.0,2.415867695411785,0.9023690228764039,8.091109877675198,11.456112268173491
A,30,10,115,100,10.0,1,sqrt,2.1754900278768114,0.9068444928475838,7.989504679122968,11.088666843902654
A,30,10,115,100,10.0,1,1.0,1.947140733827825,0.9100305458421227,6.987652651547414,10.706752357564298
A,30,10,115,100,10.0,5,sqrt,2.1745694997408735,0.9076061584867473,7.9983008573753605,11.095228676434362
A,30,10,115,100,10.0,5,1.0,1.9314996548281371,0.9102336464701569,6.967253345464469,10.679262289848847
A,30,10,115,100,10.0,10,sqrt,2.1637888546958606,0.9074253898338143,8.01324935340257,11.095613319433633
A,30,10,115,100,10.0,10,1.0,1.9288506358581157,0.9101622694421886,6.963479192858718,10.662903260611696
A,30,10,115,100,,1,sqrt,1.9246652614972515,0.9078581318252954,7.354244552549774,10.774524498784992
A,30,10,115,100,,1,1.0,1.9673398644496278,0.9057560606402332,7.113105587450664,10.874898572369656
A,30,10,115,100,,5,sqrt,1.9240645478713698,0.9088231469022485,7.389123856052886,10.754839840620756
A,30,10,115,100,,5,1.0,1.9363730012431,0.9073118070153077,7.032343532491777,10.788422360731985
A,30,10,115,100,,10,sqrt,1.9364630417929003,0.9092591578172584,7.43542526264166,10.788816378415218
A,30,10,115,100,,10,1.0,1.9300672980176334,0.9081806742871746,6.998061190768809,10.73326256321776
A,30,10,115,200,5.0,1,sqrt,3.9707757209958885,0.8860734035625274,11.16502013452099,13.949938832958589
A,30,10,115,200,5.0,1,1.0,2.406337886899678,0.9025133079974756,8.086454546475567,11.449760771003197
A,30,10,115,200,5.0,5,sqrt,4.02306385539738,0.8858424231136406,11.219249499583242,14.016036164235771
A,30,10,115,200,5.0,5,1.0,2.4061811435425127,0.9025155048682377,8.085506575557048,11.449552258905772
A,30,10,115,200,5.0,10,sqrt,4.072750077945643,0.8848017853397829,11.192597986407566,14.031526407554384
A,30,10,115,200,5.0,10,1.0,2.4049634309479737,0.902508892764132,8.084725375867368,11.446858575654742
A,30,10,115,200,10.0,1,sqrt,2.1893789961145065,0.9071260973733976,8.025424374548573,11.103029547621833
A,30,10,115,200,10.0,1,1.0,1.929570397533006,0.9102996407937305,6.963143647673351,10.671061234527212
A,30,10,115,200,10.0,5,sqrt,2.1977900794066128,0.907511998949411,8.065311552045838,11.132362661514357
A,30,10,115,200,10.0,5,1.0,1.9154240499456872,0.9104473725374576,6.946225193979194,10.643695883332935
A,30,10,115,200,10.0,10,sqrt,2.1849969204448714,0.9075072852504149,8.082900062491571,11.141951851693273
A,30,10,115,200,10.0,10,1.0,1.9102069717216974,0.9103426508906688,6.946906781489012,10.630348125043687
A,30,10,115,200,,1,sqrt,1.9062453936082282,0.908536493045189,7.336955430660869,10.74010002616593
A,30,10,115,200,,1,1.0,1.9489197206576487,0.9062267590045605,7.090112247753434,10.843006834712282
A,30,10,115,200,,5,sqrt,1.913727722386109,0.9094729525514325,7.362247851087988,10.72670085370723
A,30,10,115,200,,5,1.0,1.9190725367236392,0.907704371790395,7.004343141346043,10.749306531049644
A,30,10,115,200,,10,sqrt,1.9347428859520188,0.9097481178393458,7.439421278095639,10.778461065748996
A,30,10,115,200,,10,1.0,1.908403223135697,0.9085747048079618,6.973880811725889,10.690538576005792
A,30,10,120,50,5.0,1,sqrt,4.928415454188017,0.872279848182805,12.117163517738287,15.103617893183928
A,30,10,120,50,5.0,1,1.0,2.959963216188595,0.8944166744476852,9.016192238522567,12.498538627256412
A,30,10,120,50,5.0,5,sqrt,4.945913721971912,0.8720709347805033,12.08682832669159,15.107399550414792
A,30,10,120,50,5.0,5,1.0,2.959599732371579,0.8944204492568183,9.017099455938716,12.498883418363912
A,30,10,120,50,5.0,10,sqrt,5.133705744382062,0.8720995054989421,12.244418129016378,15.304755693150776
A,30,10,120,50,5.0,10,1.0,2.9601137195448968,0.8944326209972123,9.017637655298103,12.498826670353573
A,30,10,120,50,10.0,1,sqrt,2.6674877269726274,0.8993660966608152,8.905508720281512,12.073765493785112
A,30,10,120,50,10.0,1,1.0,2.4453808529280816,0.9017631291417312,7.8612069338032935,11.722301469502415
A,30,10,120,50,10.0,5,sqrt,2.6883549230986348,0.8984056212703637,8.931423300559365,12.108706235020449
A,30,10,120,50,10.0,5,1.0,2.4379908309258833,0.9016416960677281,7.855990882988159,11.70907695887912
A,30,10,120,50,10.0,10,sqrt,2.696325086903369,0.8976518393405393,8.9899226596838,12.148406422136102
A,30,10,120,50,10.0,10,1.0,2.4117944644012264,0.9015875263959984,7.84244620953385,11.669130465853437
A,30,10,120,50,,1,sqrt,2.37107600723834,0.8998592313644066,8.214062440191105,11.758947791644472
A,30,10,120,50,,1,1.0,2.4938095943001497,0.8972418420965512,8.031951390088588,11.955274161511683
A,30,10,120,50,,5,sqrt,2.3832373813570022,0.899874013114587,8.286335106360891,11.782942965270134
A,30,10,120,50,,5,1.0,2.456623268806661,0.89860535843068,7.9323014433537296,11.849748733381793
A,30,10,120,50,,10,sqrt,2.379971868645015,0.9009132446519944,8.327262970661682,11.778048676445328
A,30,10,120,50,,10,1.0,2.4186948185421135,0.8996009491305191,7.887147412858413,11.756051978457684
A,30,10,120,100,5.0,1,sqrt,4.6907955778039785,0.8782863281172103,11.914140963972073,14.890587271232345
A,30,10,120,100,5.0,1,1.0,2.9440482199700364,0.8963158105938691,8.9987357263302,12.477430710627104
A,30,10,120,100,5.0,5,sqrt,4.719338009264193,0.8776091008287082,12.016535275308705,14.979499901247584
A,30,10,120,100,5.0,5,1.0,2.944012864529696,0.8963222349863489,9.00014909688719,12.478441067200425
A,30,10,120,100,5.0,10,sqrt,4.8360664337816575,0.8767127197799021,12.082760750513103,15.08102317458398
A,30,10,120,100,5.0,10,1.0,2.94420232617637,0.8963217853781821,9.000614485358373,12.47784184774035
A,30,10,120,100,10.0,1,sqrt,2.6420769781466182,0.9007943947317024,8.858510992341369,12.042983355001983
A,30,10,120,100,10.0,1,1.0,2.4215326887999526,0.9016850467249293,7.870775584462369,11.713496463242796
A,30,10,120,100,10.0,5,sqrt,2.6564127142266396,0.8992945876196549,8.865309754624251,12.062900757852287
A,30,10,120,100,10.0,5,1.0,2.406879080698199,0.9017977016174207,7.854591397504231,11.69106741943616
A,30,10,120,100,10.0,10,sqrt,2.6568361667033704,0.8991119910684737,8.923129264679154,12.091427489313228
A,30,10,120,100,10.0,10,1.0,2.393985889746074,0.901757418957289,7.847487302151474,11.668490143667965
A,30,10,120,100,,1,sqrt,2.348090600982262,0.9001631932441645,8.206582366913993,11.732958713867722
A,30,10,120,100,,1,1.0,2.4619008343283313,0.8973859223088768,8.041636500340084,11.931709564434582
A,30,10,120,100,,5,sqrt,2.3515337637421614,0.9011379422655951,8.21732196912526,11.698518266507259
A,30,10,120,100,,5,1.0,2.425974192325005,0.8988910908589334,7.9304129854654635,11.824302496963512
A,30,10,120,100,,10,sqrt,2.359170923696724,0.9016742281277914,8.28444342669999,11.721347758163077
A,30,10,120,100,,10,1.0,2.398809496229964,0.8997326669362758,7.889022553932489,11.749252765769523
A,30,10,120,200,5.0,1,sqrt,4.758710272078939,0.8783975710446448,12.125309894849945,15.00646461789052
A,30,10,120,200,5.0,1,1.0,2.9294327441263253,0.8968039782668724,8.989970474164764,12.456109280725283
A,30,10,120,200,5.0,5,sqrt,4.779344546446211,0.878051390487296,12.195710554008397,15.071578701630596
A,30,10,120,200,5.0,5,1.0,2.929388293521944,0.8968108186508281,8.990670600070121,12.456817303549935
A,30,10,120,200,5.0,10,sqrt,4.8480845775977865,0.8772405591062112,12.167629614802689,15.09723763893363
A,30,10,120,200,5.0,10,1.0,2.929224520414063,0.8968154704479158,8.990687155594603,12.455944852327011
A,30,10,120,200,10.0,1,sqrt,2.6430768915403027,0.9007997836665048,8.896177331763534,12.047150064209838
A,30,10,120,200,10.0,1,1.0,2.4023317114315588,0.9019696662789769,7.855255941874193,11.68634926191448
A,30,10,120,200,10.0,5,sqrt,2.6523360583505933,0.8999627213776206,8.896930642247126,12.06695354548325
A,30,10,120,200,10.0,5,1.0,2.3861468199224345,0.9019595311811003,7.842538222377603,11.665148404081696
A,30,10,120,200,10.0,10,sqrt,2.663454792055039,0.8996875229114224,8.979647589667156,12.117573638728922
A,30,10,120,200,10.0,10,1.0,2.3755208085888375,0.9017902035087163,7.837343074706841,11.646129446553193
A,30,10,120,200,,1,sqrt,2.3331754796227413,0.901061284870209,8.198922773196212,11.700504708282674
A,30,10,120,200,,1,1.0,2.4430780344529723,0.8977972563658589,8.015248495018906,11.89554744559858
A,30,10,120,200,,5,sqrt,2.32753841287665,0.9016723575954524,8.202734232559598,11.664254143988334
A,30,10,120,200,,5,1.0,2.4086676099965736,0.8991077841607348,7.9157125214573325,11.796910899444391
A,30,10,120,200,,10,sqrt,2.3583723712711335,0.9018399312868244,8.2930119387881,11.715148441071781
A,30,10,120,200,,10,1.0,2.38081212836126,0.8999385959383706,7.873770370859607,11.722379088493796
A,30,10,125,50,5.0,1,sqrt,5.840723443928061,0.8659503000236507,13.145550429172763,16.232147024957065
A,30,10,125,50,5.0,1,1.0,3.511432642955179,0.8881148689920003,9.928092220428505,13.458065543913023
A,30,10,125,50,5.0,5,sqrt,5.912825190516406,0.8658975273709446,13.128691071810772,16.259451839542663
A,30,10,125,50,5.0,5,1.0,3.5097371591677877,0.8881214097967763,9.928592744200163,13.45793149162488
A,30,10,125,50,5.0,10,sqrt,5.942658185784721,0.8664754375921134,13.173229800517992,16.326789522853762
A,30,10,125,50,5.0,10,1.0,3.5157784689142204,0.8881230111072259,9.930746843414195,13.463313359687202
A,30,10,125,50,10.0,1,sqrt,3.18581471830934,0.8930800924630224,9.814399749493788,13.051647862061936
A,30,10,125,50,10.0,1,1.0,2.9861808974148727,0.8947696663099828,8.745740579724906,12.704169533166187
A,30,10,125,50,10.0,5,sqrt,3.2470892942954044,0.8918234857165469,9.88394448696976,13.131342109285942
A,30,10,125,50,10.0,5,1.0,2.9736583897447892,0.8947394978211207,8.736063893816878,12.684782323650174
A,30,10,125,50,10.0,10,sqrt,3.212760749214058,0.8917561540647349,9.878505016371363,13.114928994245636
A,30,10,125,50,10.0,10,1.0,2.9336566849542165,0.8946910296531444,8.711566228337293,12.632070662728898
A,30,10,125,50,,1,sqrt,2.8507148609170594,0.8922384332006915,9.130264475986445,12.760727604382762
A,30,10,125,50,,1,1.0,3.0179296691287014,0.8908430572424713,8.910270728020757,12.914549239454823
A,30,10,125,50,,5,sqrt,2.8705834228728846,0.8928769690614626,9.18840450094267,12.77338221198733
A,30,10,125,50,,5,1.0,3.0066398086125394,0.8919390474001627,8.815766189981478,12.839069839720144
A,30,10,125,50,,10,sqrt,2.8912393932549945,0.8938771090414491,9.235860533984267,12.763008065700065
A,30,10,125,50,,10,1.0,2.9502771286014813,0.8925674754435082,8.761760223234178,12.733027141833135
A,30,10,125,100,5.0,1,sqrt,5.565197626169947,0.871707702736189,12.910447484159551,15.987747037633056
A,30,10,125,100,5.0,1,1.0,3.515782666441808,0.8896482938920858,9.914395891737565,13.445926776264653
A,30,10,125,100,5.0,5,sqrt,5.601217123992539,0.871983069623233,13.012606763383042,16.07963456809635
A,30,10,125,100,5.0,5,1.0,3.5150689089233467,0.8896610917515162,9.916087398224105,13.447243407050337
A,30,10,125,100,5.0,10,sqrt,5.655178716132221,0.8712534089004753,13.007310691879752,16.10315298535993
A,30,10,125,100,5.0,10,1.0,3.5187028092701462,0.8896557283260014,9.917713049591523,13.450458493902309
A,30,10,125,100,10.0,1,sqrt,3.1776929893764025,0.8932534197991021,9.778601419526408,13.017713269433116
A,30,10,125,100,10.0,1,1.0,2.968318709888205,0.8946819654196145,8.759574894877861,12.714232498788409
A,30,10,125,100,10.0,5,sqrt,3.150825586618822,0.8928914550588617,9.764202991482863,13.003774651880065
A,30,10,125,100,10.0,5,1.0,2.950878630822,0.8947573631153645,8.741173561812367,12.68686759278994
A,30,10,125,100,10.0,10,sqrt,3.1524500817381145,0.8933405912680641,9.756009777704433,13.01484609173382
A,30,10,125,100,10.0,10,1.0,2.9267721428119944,0.8947693297068214,8.727212801679823,12.648730583259013
A,30,10,125,100,,1,sqrt,2.8518427596233122,0.8932973141660201,9.107051925051886,12.71395768315126
A,30,10,125,100,,1,1.0,3.008572218627513,0.8908456308704711,8.928635807716798,12.925751482424152
A,30,10,125,100,,5,sqrt,2.8426251467566237,0.8939687965893445,9.126924600021008,12.704965552033205
A,30,10,125,100,,5,1.0,2.979769541688504,0.8919256256369075,8.824241846190727,12.828763784819694
A,30,10,125,100,,10,sqrt,2.8634215284717968,0.8944333646086843,9.198231379551807,12.717704646702597
A,30,10,125,100,,10,1.0,2.9488584840512617,0.8928112432757718,8.774490155388042,12.744661138244137
A,30,10,125,200,5.0,1,sqrt,5.6466964861845765,0.8715500223421984,13.106158749655782,16.10334964639833
A,30,10,125,200,5.0,1,1.0,3.490587986145928,0.8907842583461928,9.889206014332249,13.414449707244287
A,30,10,125,200,5.0,5,sqrt,5.624070562385616,0.8719895799951904,13.153875698716178,16.132277229439342
A,30,10,125,200,5.0,5,1.0,3.489943702221315,0.8908148686866794,9.890213872108854,13.415061120498141
A,30,10,125,200,5.0,10,sqrt,5.678406996130741,0.8715018615327503,13.11102301637741,16.146446763284448
A,30,10,125,200,5.0,10,1.0,3.491993560567063,0.8907921621299343,9.891866996055045,13.417738753092843
A,30,10,125,200,10.0,1,sqrt,3.1978254154999735,0.8931401999771398,9.81514027346265,13.046394877840635
A,30,10,125,200,10.0,1,1.0,2.9622678529554944,0.8949107650879956,8.75573432261078,12.706891971567035
A,30,10,125,200,10.0,5,sqrt,3.180136252370839,0.8931239550666554,9.829153055963586,13.053962086195787
A,30,10,125,200,10.0,5,1.0,2.947722633368658,0.8948300873081397,8.744369769892618,12.689485126510185
A,30,10,125,200,10.0,10,sqrt,3.1875052343785755,0.892607932216966,9.872472028323056,13.091126974040966
A,30,10,125,200,10.0,10,1.0,2.9234308353822627,0.8948620528112409,8.735962107175185,12.660170681061214
A,30,10,125,200,,1,sqrt,2.8431689470225723,0.8936527207262133,9.104977050564882,12.690613062213416
A,30,10,125,200,,1,1.0,2.9995629987863457,0.8911922725342926,8.913017414114789,12.9028230757025
A,30,10,125,200,,5,sqrt,2.850431580327609,0.8944400550440108,9.112284789490221,12.689142604063457
A,30,10,125,200,,5,1.0,2.971863347379095,0.8922753920431793,8.816241494439355,12.818121978920704
A,30,10,125,200,,10,sqrt,2.868500561895009,0.8946917169286674,9.21238369838351,12.722130759054235
A,30,10,125,200,,10,1.0,2.9327284722883267,0.8931439776299032,8.774177491816838,12.739508790279839
A,30,10,130,50,5.0,1,sqrt,6.281989805868039,0.8681302846938033,12.324481659804334,15.936527125916887
A,30,10,130,50,5.0,1,1.0,3.8956993608476145,0.8891106637216482,9.245866408785385,13.615063303386895
A,30,10,130,50,5.0,5,sqrt,6.492516025340893,0.8668887409091628,12.345268530960507,16.060332448027268
A,30,10,130,50,5.0,5,1.0,3.895493530685698,0.8890742634245296,9.247306420355537,13.615457812164852
A,30,10,130,50,5.0,10,sqrt,6.621051499023126,0.8672019167339121,12.41472792233195,16.17448029952149
A,30,10,130,50,5.0,10,1.0,3.8968352375627844,0.8890827735477844,9.249295418167915,13.618536367857562
A,30,10,130,50,10.0,1,sqrt,3.529724238393027,0.8922553058418317,9.14279098400458,13.169072024668708
A,30,10,130,50,10.0,1,1.0,3.2524199094759942,0.8933250497377948,8.25499805244392,12.863275218987022
A,30,10,130,50,10.0,5,sqrt,3.5631363971830154,0.8924766438906149,9.073952266415986,13.18366712884956
A,30,10,130,50,10.0,5,1.0,3.242129496071294,0.8937952357599478,8.240192686275682,12.834614108910614
A,30,10,130,50,10.0,10,sqrt,3.6050432016091056,0.8913270064244541,9.111578216374397,13.225555548218376
A,30,10,130,50,10.0,10,1.0,3.246735576329649,0.8935227345713616,8.252249578616912,12.828008513704486
A,30,10,130,50,,1,sqrt,3.146954685054787,0.8911489987144284,8.676159205901145,12.907568913843741
A,30,10,130,50,,1,1.0,3.3020965854463356,0.8898457792110606,8.453064481614073,13.026992352114103
A,30,10,130,50,,5,sqrt,3.1388984745030766,0.8927882227177154,8.605710027937594,12.82981418315201
A,30,10,130,50,,5,1.0,3.269134062721535,0.890897984229673,8.354619333138343,12.949301983939083
A,30,10,130,50,,10,sqrt,3.1055423254043775,0.8934283187366832,8.633031276876354,12.806083022914155
A,30,10,130,50,,10,1.0,3.239978695514034,0.8915530470137334,8.314033638440367,12.88047322671097
A,30,10,130,100,5.0,1,sqrt,6.038790689568584,0.8727952390482511,12.11986435832161,15.773602473964889
A,30,10,130,100,5.0,1,1.0,3.873646272131391,0.8894659299804099,9.234768214714874,13.571760631008672
A,30,10,130,100,5.0,5,sqrt,6.143470715745393,0.8724975599640367,12.206645756973435,15.873105971659864
A,30,10,130,100,5.0,5,1.0,3.872945324370318,0.8894293047977968,9.236564549004758,13.57266517429052
A,30,10,130,100,5.0,10,sqrt,6.255659071778538,0.8716104557427649,12.253935035133406,15.965285941417898
A,30,10,130,100,5.0,10,1.0,3.874520768622159,0.8894310332183546,9.238265581455442,13.575769144054942
A,30,10,130,100,10.0,1,sqrt,3.481384521262728,0.8934727947517231,9.000728918299487,13.082438868951249
A,30,10,130,100,10.0,1,1.0,3.238451368585694,0.8934063882184338,8.257162866958973,12.837929409528874
A,30,10,130,100,10.0,5,sqrt,3.4754664663690313,0.8932565819324486,8.99992880983414,13.09206363650112
A,30,10,130,100,10.0,5,1.0,3.2195300392669894,0.8937641128643221,8.239427323102294,12.81042868625299
A,30,10,130,100,10.0,10,sqrt,3.4895185075326096,0.8931842351002002,8.98018323531865,13.084232273810992
A,30,10,130,100,10.0,10,1.0,3.2239351104437235,0.8936833154444669,8.245822724663283,12.79956464401827
A,30,10,130,100,,1,sqrt,3.1157835592687895,0.8924831394555588,8.587570501147173,12.83695712234283
A,30,10,130,100,,1,1.0,3.273006163082853,0.8900751917052245,8.449509032367406,12.988926172732022
A,30,10,130,100,,5,sqrt,3.1103509356263066,0.8934751303815519,8.545096466449394,12.779358895395742
A,30,10,130,100,,5,1.0,3.2420203918439343,0.8909463909765154,8.3427163950449,12.913165130658342
A,30,10,130,100,,10,sqrt,3.104392832342805,0.8941270333365461,8.59427702088485,12.790959845034708
A,30,10,130,100,,10,1.0,3.21751144612888,0.8917842831440723,8.30338389930855,12.851353817130791
A,30,10,130,200,5.0,1,sqrt,6.1347333766380325,0.872533744820579,12.313906593791685,15.86574026452
A,30,10,130,200,5.0,1,1.0,3.846271712749337,0.8898583898476412,9.20985590674315,13.537345560560059
A,30,10,130,200,5.0,5,sqrt,6.181474650987451,0.872742944861246,12.394290256252317,15.942529558038638
A,30,10,130,200,5.0,5,1.0,3.846172841112588,0.8898470580969621,9.211325113807323,13.538449284409396
A,30,10,130,200,5.0,10,sqrt,6.327446239103845,0.8716836634620971,12.415823243695579,16.028655492854803
A,30,10,130,200,5.0,10,1.0,3.846622089462676,0.8898167379198749,9.212589584615648,13.540805385589625
A,30,10,130,200,10.0,1,sqrt,3.4815965722219615,0.893724655127726,9.030711042128212,13.081364411190663
A,30,10,130,200,10.0,1,1.0,3.217993448785348,0.8938791442369374,8.241826389071523,12.816809286125999
A,30,10,130,200,10.0,5,sqrt,3.5066229896091867,0.8937218311484596,9.028659320170037,13.107184872255583
A,30,10,130,200,10.0,5,1.0,3.2101950013061553,0.8939876342849612,8.234545238819853,12.802372549150281
A,30,10,130,200,10.0,10,sqrt,3.524221405028271,0.8929664440949218,9.077115267193006,13.13855908607033
A,30,10,130,200,10.0,10,1.0,3.19926902910642,0.8940270529554282,8.23466966960434,12.782969470702357
A,30,10,130,200,,1,sqrt,3.0767289479599844,0.8932801253308146,8.546458098304996,12.768717229298309
A,30,10,130,200,,1,1.0,3.254872339369812,0.8903692120203655,8.433825658563311,12.971901380294312
A,30,10,130,200,,5,sqrt,3.1117017456203073,0.8936426685587252,8.540633823464864,12.777676529927536
A,30,10,130,200,,5,1.0,3.2348774503555036,0.8912751879394699,8.334858169753886,12.903940789732667
A,30,10,130,200,,10,sqrt,3.09442882267772,0.8942110090084695,8.60761047861265,12.77483059439616
A,30,10,130,200,,10,1.0,3.194242634023025,0.8923087802776101,8.290563538750744,12.83353001698409
A,30,15,115,50,5.0,1,sqrt,5.825489364793543,0.8701339016433801,13.621116850527068,16.326257888630586
A,30,15,115,50,5.0,1,1.0,2.447248951519974,0.9023293462180015,8.105614306264153,11.494770426323113
A,30,15,115,50,5.0,5,sqrt,5.680297662386534,0.8705972386819087,13.359198454440735,16.113787157651842
A,30,15,115,50,5.0,5,1.0,2.447060923036092,0.9023324567999795,8.104784976486094,11.49453819880427
A,30,15,115,50,5.0,10,sqrt,6.003354298121211,0.8709794037734359,13.789104847130062,16.469165633174992
A,30,15,115,50,5.0,10,1.0,2.4469971801366297,0.9023195741775835,8.105018067949612,11.49397460029915
A,30,15,115,50,10.0,1,sqrt,2.9342887909441995,0.8921396764168208,9.776469425891115,12.586832027109157
A,30,15,115,50,10.0,1,1.0,1.9554476107300052,0.9100399623648705,6.972078174894061,10.698165055598704
A,30,15,115,50,10.0,5,sqrt,2.972053579517528,0.8927815392148977,9.786546267301603,12.666189207663106
A,30,15,115,50,10.0,5,1.0,1.937171704451282,0.9100432149488483,6.9640070559350615,10.677666170974057
A,30,15,115,50,10.0,10,sqrt,2.8878494605018528,0.8948584838656828,9.665118741799006,12.521332237419484
A,30,15,115,50,10.0,10,1.0,1.9231822872649509,0.9103456851681484,6.952446418742012,10.648967404125234
A,30,15,115,50,,1,sqrt,2.196575345469077,0.9026092649510119,8.225890638880085,11.436388609247635
A,30,15,115,50,,1,1.0,1.9695714994932665,0.9062523253372212,7.074333603170038,10.818297588574508
A,30,15,115,50,,5,sqrt,2.2077794263003443,0.9039516626675491,8.24749024026996,11.419735144881901
A,30,15,115,50,,5,1.0,1.9465936526778347,0.9075991081354499,7.0094739001169,10.757647713069487
A,30,15,115,50,,10,sqrt,2.3331775143400377,0.9029076582759836,8.566035274457604,11.718464429682879
A,30,15,115,50,,10,1.0,1.929997827068038,0.9089575255232163,6.98055655552115,10.70624192669059
A,30,15,115,100,5.0,1,sqrt,5.819099446712594,0.87128177716183,13.619312028971205,16.302191586344776
A,30,15,115,100,5.0,1,1.0,2.4191864557094336,0.9023934451215918,8.096307077007442,11.464264474885642
A,30,15,115,100,5.0,5,sqrt,5.8760940818345935,0.8714893336450465,13.55683923721258,16.267371272100366
A,30,15,115,100,5.0,5,1.0,2.4191722247542504,0.9023976172044949,8.095468929928687,11.464394955630988
A,30,15,115,100,5.0,10,sqrt,6.027885832933595,0.8709145606419014,13.827468741439713,16.49064217699757
A,30,15,115,100,5.0,10,1.0,2.417975647631753,0.9023953849047042,8.09470397920852,11.461539270460957
A,30,15,115,100,10.0,1,sqrt,2.8535476629874017,0.8956676403270585,9.65254626415493,12.457703492806644
A,30,15,115,100,10.0,1,1.0,1.9435399021274598,0.9103908532368798,6.966313419770101,10.679995930015515
A,30,15,115,100,10.0,5,sqrt,2.8942719617794217,0.8953594922558412,9.68027822051717,12.532035889621136
A,30,15,115,100,10.0,5,1.0,1.9249666314284835,0.9106171524127717,6.949516355701114,10.655424716208511
A,30,15,115,100,10.0,10,sqrt,2.8495043765193473,0.896207191552031,9.616834456410286,12.46636709903829
A,30,15,115,100,10.0,10,1.0,1.9135167581407568,0.9107124400944222,6.94740950045406,10.635517786219273
A,30,15,115,100,,1,sqrt,2.1476703891269744,0.9038658328872291,8.173422895603437,11.325938021426445
A,30,15,115,100,,1,1.0,1.960600725719199,0.9068194025616995,7.0754534319280165,10.811491124450054
A,30,15,115,100,,5,sqrt,2.180202583549652,0.904467478552788,8.25205578616409,11.381688492197918
A,30,15,115,100,,5,1.0,1.9314109786695854,0.9084915809134033,6.987242367661631,10.725469002093561
A,30,15,115,100,,10,sqrt,2.285889055889979,0.9036946162152816,8.501203504591953,11.626986992846366
A,30,15,115,100,,10,1.0,1.9190373345713954,0.9094147874934457,6.966954235670094,10.685640465351545
A,30,15,115,200,5.0,1,sqrt,5.47133709992548,0.8743298634174084,13.375561406205676,16.009164858541574
A,30,15,115,200,5.0,1,1.0,2.4089389323923562,0.9025294045583865,8.090119189941523,11.455167609680341
A,30,15,115,200,5.0,5,sqrt,5.5064370860100835,0.8742983522586674,13.376728680041253,16.021307346979405
A,30,15,115,200,5.0,5,1.0,2.408760883991659,0.9025297819640089,8.08928116045212,11.455011507183364
A,30,15,115,200,5.0,10,sqrt,5.566265017916924,0.8734943384323375,13.502225272167411,16.13160031284553
A,30,15,115,200,5.0,10,1.0,2.4071574778582727,0.9025218968700216,8.088072032128219,11.451908935816366
A,30,15,115,200,10.0,1,sqrt,2.8027219211941476,0.8968947375443703,9.548670603032168,12.363599728135176
A,30,15,115,200,10.0,1,1.0,1.927071277231122,0.910593837265333,6.95505512913156,10.65452482095213
A,30,15,115,200,10.0,5,sqrt,2.81927063457696,0.8970194867153024,9.563289310671097,12.404305247183819
A,30,15,115,200,10.0,5,1.0,1.9095023389557373,0.9108399311705236,6.937560219618968,10.628638755341141
A,30,15,115,200,10.0,10,sqrt,2.804667036472543,0.8971682225845798,9.549697635598784,12.393329134694659
A,30,15,115,200,10.0,10,1.0,1.9001867526144829,0.9107815679312848,6.939217691167954,10.612990151847328
A,30,15,115,200,,1,sqrt,2.1205827721063746,0.9052833803787264,8.100525410817689,11.255725863381818
A,30,15,115,200,,1,1.0,1.9390518510825394,0.9074353934879094,7.045895123609407,10.763382384911187
A,30,15,115,200,,5,sqrt,2.1579652918355547,0.9056014237325339,8.178398768920427,11.319294073392147
A,30,15,115,200,,5,1.0,1.9149740271030378,0.9089782032281455,6.960912928618205,10.687584599031739
A,30,15,115,200,,10,sqrt,2.2562773776904086,0.9043674209223944,8.448222279120227,11.562421202849677
A,30,15,115,200,,10,1.0,1.9016081632794386,0.909682276510187,6.949388783309461,10.651318654332778
A,30,15,120,50,5.0,1,sqrt,6.833669560626333,0.8648101628226434,14.524103269376786,17.338002811246877
A,30,15,120,50,5.0,1,1.0,2.9633876663263,0.8943647058698186,9.021120166120344,12.507152493167512
A,30,15,120,50,5.0,5,sqrt,6.7880673127806075,0.8627941567192579,14.546640594400724,17.355130490521297
A,30,15,120,50,5.0,5,1.0,2.9631187045407414,0.8943707361957068,9.022002752982457,12.507532362969968
A,30,15,120,50,5.0,10,sqrt,7.091647491188017,0.8629602187204231,14.690824213883573,17.513753285054847
A,30,15,120,50,5.0,10,1.0,2.963059096627392,0.8943867977768732,9.021754740971677,12.50601623556672
A,30,15,120,50,10.0,1,sqrt,3.4664593305380826,0.8888442032207354,10.528244756249933,13.459226175536898
A,30,15,120,50,10.0,1,1.0,2.4121829368300225,0.9022583999211772,7.85666309032994,11.704447611863646
A,30,15,120,50,10.0,5,sqrt,3.5652447848765974,0.8857150966018377,10.68984742702644,13.657262934387054
A,30,15,120,50,10.0,5,1.0,2.399810880410412,0.9021799310891945,7.844036022462431,11.691356264959758
A,30,15,120,50,10.0,10,sqrt,3.437383795372207,0.8878390461881983,10.637963383050959,13.553316869173909
A,30,15,120,50,10.0,10,1.0,2.3703632360271802,0.9020524238995147,7.834867805586287,11.650285940407215
A,30,15,120,50,,1,sqrt,2.632270320271154,0.8955982727073666,9.096186760092017,12.395419248141014
A,30,15,120,50,,1,1.0,2.4415011841091423,0.8982980308480849,7.970305604697354,11.848038253089282
A,30,15,120,50,,5,sqrt,2.6796555735630903,0.8973170967647569,9.132307052220828,12.403675775433681
A,30,15,120,50,,5,1.0,2.421535099276892,0.8996730988980497,7.884337855690754,11.780845418072136
A,30,15,120,50,,10,sqrt,2.753729856344173,0.8950173260991303,9.405310613768119,12.617519835477394
A,30,15,120,50,,10,1.0,2.383878867197994,0.9006470779439347,7.8656316717085435,11.715664801852906
A,30,15,120,100,5.0,1,sqrt,6.846539128843622,0.8645967988590362,14.59201683973321,17.366681525572716
A,30,15,120,100,5.0,1,1.0,2.9468712517070363,0.8962718528830447,9.00254099088547,12.484339019880561
A,30,15,120,100,5.0,5,sqrt,6.9338586649638785,0.8641746761055916,14.646192283479959,17.405210732712003
A,30,15,120,100,5.0,5,1.0,2.946816762595045,0.8962895069242045,9.003927881138925,12.485322115155684
A,30,15,120,100,5.0,10,sqrt,7.206934590342206,0.8637477543829253,14.789662177238236,17.584894605243868
A,30,15,120,100,5.0,10,1.0,2.9468019442490467,0.8963005656763412,9.004165306689284,12.484182301233627
A,30,15,120,100,10.0,1,sqrt,3.416745221143065,0.8900855451793925,10.477578146184928,13.412961471622248
A,30,15,120,100,10.0,1,1.0,2.397371125854879,0.9024049762531343,7.849210400718971,11.685908774689116
A,30,15,120,100,10.0,5,sqrt,3.4477532636566233,0.8886848970291572,10.550389122156371,13.499654444174979
A,30,15,120,100,10.0,5,1.0,2.3832095850089865,0.9023984749580155,7.838997131962186,11.672949210139555
A,30,15,120,100,10.0,10,sqrt,3.417265600541063,0.8883476758658151,10.611225370550878,13.5441982861395
A,30,15,120,100,10.0,10,1.0,2.3647937659418785,0.9022255050598472,7.833989904457768,11.646566264729472
A,30,15,120,100,,1,sqrt,2.562387227612851,0.8974271076184566,9.009445759597053,12.2494166127714
A,30,15,120,100,,1,1.0,2.4248620333998128,0.898878829428788,7.961017049079976,11.817786509089071
A,30,15,120,100,,5,sqrt,2.628760561656835,0.8979517863583559,9.107439256886948,12.330088404356115
A,30,15,120,100,,5,1.0,2.4031104215207524,0.9000649892250964,7.879904121496594,11.75561806249731
A,30,15,120,100,,10,sqrt,2.737713707651479,0.8960131443276207,9.375624455097892,12.566622988396563
A,30,15,120,100,,10,1.0,2.3765595905701487,0.9009022821156807,7.857742500355281,11.701897608290025
A,30,15,120,200,5.0,1,sqrt,6.452258955803684,0.8676261150944432,14.417021794870013,17.132080023344553
A,30,15,120,200,5.0,1,1.0,2.9324133855483643,0.896813725681343,8.993810892604664,12.46291587442768
A,30,15,120,200,5.0,5,sqrt,6.395420364030416,0.8675995306450875,14.4054534448325,17.095247777669385
A,30,15,120,200,5.0,5,1.0,2.932320430800808,0.8968367189403459,8.994453057614292,12.463538959320138
A,30,15,120,200,5.0,10,sqrt,6.6195790856824726,0.8661207097031525,14.497412751874265,17.23756886098119
A,30,15,120,200,5.0,10,1.0,2.9321451906001648,0.8968357734787642,8.994371677035861,12.462572455275424
A,30,15,120,200,10.0,1,sqrt,3.3664429814773293,0.8909581179326503,10.4022798991948,13.332702982809545
A,30,15,120,200,10.0,1,1.0,2.394589606087784,0.9025364385607813,7.841691843239467,11.670097265363712
A,30,15,120,200,10.0,5,sqrt,3.4066149816401756,0.8901032436595642,10.445132698160068,13.398104234593669
A,30,15,120,200,10.0,5,1.0,2.37266198675829,0.9024935782303576,7.8285010813472,11.648373758829306
A,30,15,120,200,10.0,10,sqrt,3.4081843817672173,0.8895249277725457,10.520649540949298,13.480840097102789
A,30,15,120,200,10.0,10,1.0,2.357899105064332,0.9022355170472176,7.825865764551034,11.627871927279418
A,30,15,120,200,,1,sqrt,2.5457950942550704,0.8983192576794437,8.960164024067756,12.191532434367224
A,30,15,120,200,,1,1.0,2.4183244071696026,0.8992878865777731,7.942365813767912,11.792477002901009
A,30,15,120,200,,5,sqrt,2.6017323525158007,0.8988186717878547,9.052904839958881,12.26961783258644
A,30,15,120,200,,5,1.0,2.388032446194146,0.9003560937772146,7.8667169979922065,11.724545581951366
A,30,15,120,200,,10,sqrt,2.706421553211955,0.8971636446655749,9.312367384469315,12.500131221727177
A,30,15,120,200,,10,1.0,2.3653632826839703,0.9009690522941993,7.845775305377813,11.675869994620829
A,30,15,125,50,5.0,1,sqrt,8.0488381989589,0.8555757644072302,15.633179397558134,18.543100739333813
A,30,15,125,50,5.0,1,1.0,3.5151136378901713,0.8880777262444572,9.931811555700097,13.464971961546173
A,30,15,125,50,5.0,5,sqrt,7.939466635019761,0.8552993392383395,15.525719397718536,18.446605132843843
A,30,15,125,50,5.0,5,1.0,3.5146962176457976,0.8880810076571105,9.932666212878921,13.4656519063568
A,30,15,125,50,5.0,10,sqrt,8.263914855120627,0.8561061004672135,15.747112470459408,18.668717334465747
A,30,15,125,50,5.0,10,1.0,3.5194023452698735,0.8880869895130875,9.934340986856716,13.469749202870474
A,30,15,125,50,10.0,1,sqrt,4.1335106688769585,0.8819102717710633,11.51488472801968,14.546840308447567
A,30,15,125,50,10.0,1,1.0,2.955684405269234,0.8951342553803935,8.73573481189574,12.684686046726945
A,30,15,125,50,10.0,5,sqrt,4.310089335536655,0.8790060771760542,11.742859382102052,14.765515588370903
A,30,15,125,50,10.0,5,1.0,2.943893314819133,0.8950930584470751,8.718796147023175,12.660117622779932
A,30,15,125,50,10.0,10,sqrt,4.135116336996811,0.8793186749123345,11.568616497709902,14.565238842720168
A,30,15,125,50,10.0,10,1.0,2.906672970203869,0.8947072080354775,8.710571589339384,12.614372709331475
A,30,15,125,50,,1,sqrt,3.149290454209608,0.8902300226549331,9.914863558435334,13.284792234573015
A,30,15,125,50,,1,1.0,2.970997847007402,0.8920976553328938,8.844340653684293,12.82144203076707
A,30,15,125,50,,5,sqrt,3.209990909500166,0.8891268038798502,10.03075545878816,13.394468060073176
A,30,15,125,50,,5,1.0,2.9616669690083564,0.8929976322898531,8.769233202956983,12.750262090534317
A,30,15,125,50,,10,sqrt,3.3064082067813976,0.8883427161556467,10.298795764806306,13.602434272809475
A,30,15,125,50,,10,1.0,2.922229417321266,0.8932450227295881,8.74778759279967,12.688755244228338
A,30,15,125,100,5.0,1,sqrt,7.920749964227848,0.8570646514278479,15.576846974567369,18.44659473950665
A,30,15,125,100,5.0,1,1.0,3.519273004893745,0.8896201253545609,9.917203674987448,13.451597654412314
A,30,15,125,100,5.0,5,sqrt,8.04666141899469,0.8563582600239465,15.678069345458633,18.54436763961918
A,30,15,125,100,5.0,5,1.0,3.51923440097114,0.8896320902429957,9.919106368524142,13.453375529214975
A,30,15,125,100,5.0,10,sqrt,8.22883220505296,0.8568682079196916,15.733534510913472,18.633645051145937
A,30,15,125,100,5.0,10,1.0,3.5223393017488847,0.8896304598658293,9.92072741697255,13.456217252301627
A,30,15,125,100,10.0,1,sqrt,4.061311421181495,0.8827191449334487,11.529119090378,14.503108674464546
A,30,15,125,100,10.0,1,1.0,2.928197667970255,0.8952756546057674,8.734049657499078,12.670196041500606
A,30,15,125,100,10.0,5,sqrt,4.163014244988573,0.8816696328789767,11.536928802686234,14.572747660991036
A,30,15,125,100,10.0,5,1.0,2.913845977703549,0.8953255334138183,8.71515152782665,12.643028212975418
A,30,15,125,100,10.0,10,sqrt,4.06894870974552,0.8809047405831659,11.535098259710962,14.537377542229006
A,30,15,125,100,10.0,10,1.0,2.8846642463138026,0.895132526809884,8.708906779953443,12.613256718132456
A,30,15,125,100,,1,sqrt,3.0930182771573436,0.891134918272923,9.877801825175158,13.20952777353248
A,30,15,125,100,,1,1.0,2.946445194902817,0.8923098803463718,8.845744748323911,12.801032224847532
A,30,15,125,100,,5,sqrt,3.114054674694546,0.8905409566342145,10.00210936195146,13.2897912904394
A,30,15,125,100,,5,1.0,2.9239882253816227,0.89332670136734,8.762733755902225,12.72357544061258
A,30,15,125,100,,10,sqrt,3.2464496666535467,0.8889833781551101,10.246180728324411,13.51250283023119
A,30,15,125,100,,10,1.0,2.8928128256080674,0.893746927522486,8.738074786832575,12.676658709245144
A,30,15,125,200,5.0,1,sqrt,7.560909439713427,0.8606302478243185,15.39875400947356,18.222972752071485
A,30,15,125,200,5.0,1,1.0,3.494233521377945,0.8907572571466428,9.892273299905169,13.419852748979284
A,30,15,125,200,5.0,5,sqrt,7.509016808037084,0.8597422204529497,15.389503698158673,18.20099082030046
A,30,15,125,200,5.0,5,1.0,3.493785964190701,0.8907890769338345,9.893276236887129,13.420526023939633
A,30,15,125,200,5.0,10,sqrt,7.579240361978234,0.8594301650075135,15.381182938241546,18.232109844627992
A,30,15,125,200,5.0,10,1.0,3.4954848555007176,0.8907721323180811,9.894826814327166,13.422921390576295
A,30,15,125,200,10.0,1,sqrt,4.0144557059342425,0.8835329331493137,11.374954769809428,14.395505885375462
A,30,15,125,200,10.0,1,1.0,2.9249049139132604,0.8954753014676374,8.728053050662414,12.66117946293109
A,30,15,125,200,10.0,5,sqrt,4.072652545750579,0.8833080384119165,11.352955325524123,14.403930563375098
A,30,15,125,200,10.0,5,1.0,2.905866597871937,0.89541401511667,8.715883385110725,12.639846767044519
A,30,15,125,200,10.0,10,sqrt,4.015870450865948,0.8819339360287346,11.447344498503409,14.458033342772495
A,30,15,125,200,10.0,10,1.0,2.887921584463423,0.8951772225108734,8.716888571406901,12.623556499000651
A,30,15,125,200,,1,sqrt,3.0623675131183585,0.8918651641766797,9.850979486615277,13.16592611309326
A,30,15,125,200,,1,1.0,2.9373950003426046,0.8929542847426365,8.824519812184533,12.768830431670711
A,30,15,125,200,,5,sqrt,3.0979434699494,0.8914596297603209,9.936334955320824,13.22311051785741
A,30,15,125,200,,5,1.0,2.9083126616479866,0.8936878344770915,8.753207023709109,12.705761582885483
A,30,15,125,200,,10,sqrt,3.21530213458047,0.8899737071237155,10.183179710607188,13.444823261530018
A,30,15,125,200,,10,1.0,2.8855595824338804,0.8941113863483835,8.7362825091053,12.671699028127499
A,30,15,130,50,5.0,1,sqrt,9.035987216232801,0.8573334306254768,14.988422292815946,18.36053550539644
A,30,15,130,50,5.0,1,1.0,3.8964783891811896,0.8891017016149,9.246836344490253,13.617063897902904
A,30,15,130,50,5.0,5,sqrt,8.751177663066395,0.8573277246210862,14.876406377051604,18.225495019599236
A,30,15,130,50,5.0,5,1.0,3.8965140880166347,0.8890618607005946,9.248415006615774,13.617791404694469
A,30,15,130,50,5.0,10,sqrt,8.901825387074446,0.8583891883427585,14.938684333021564,18.273360942677023
A,30,15,130,50,5.0,10,1.0,3.8971820953940357,0.8890801618853897,9.24960279035012,13.619706676562043
A,30,15,130,50,10.0,1,sqrt,4.549480262279689,0.8801431998084022,10.78048408481503,14.48725195398438
A,30,15,130,50,10.0,1,1.0,3.2058802261596755,0.8940081379773771,8.235806252278694,12.822908032624662
A,30,15,130,50,10.0,5,sqrt,4.615858702970695,0.8813697421151705,10.951271508318007,14.629756927763395
A,30,15,130,50,10.0,5,1.0,3.2076634037478597,0.8941713034530301,8.222133871329104,12.801373581395339
A,30,15,130,50,10.0,10,sqrt,4.487265192864716,0.8818649018037554,10.777873782811774,14.492775854706759
A,30,15,130,50,10.0,10,1.0,3.1790472051733927,0.8941187985514008,8.224220470013826,12.76743826701519
A,30,15,130,50,,1,sqrt,3.437625379041043,0.8887036859542926,9.346476130201575,13.361304445396451
A,30,15,130,50,,1,1.0,3.2191719129691245,0.8912330952909502,8.374349709760153,12.896954769044623
A,30,15,130,50,,5,sqrt,3.460741271124687,0.889708138443259,9.37981122037965,13.40204607704852
A,30,15,130,50,,5,1.0,3.206481667513484,0.8919813359165527,8.295183033739159,12.846059837414028
A,30,15,130,50,,10,sqrt,3.4901847239206774,0.8883191096148486,9.566991902906144,13.529620425181704
A,30,15,130,50,,10,1.0,3.1687395743298588,0.8929862095067678,8.25495306374838,12.781274416285619
A,30,15,130,100,5.0,1,sqrt,8.81300779362141,0.8585472393102483,14.934556335536787,18.227266303311914
A,30,15,130,100,5.0,1,1.0,3.874269055180901,0.8894657115224212,9.235392389205698,13.573099481626702
A,30,15,130,100,5.0,5,sqrt,8.959889335916419,0.8574445824796589,15.009647341131103,18.290792367186764
A,30,15,130,100,5.0,5,1.0,3.873757622997303,0.8894239674144799,9.237275226380149,13.574248261368059
A,30,15,130,100,5.0,10,sqrt,9.032399602188487,0.8578281820704792,14.977960012876048,18.309172701362375
A,30,15,130,100,5.0,10,1.0,3.875087712702176,0.889426191657618,9.23863471251741,13.576953014375494
A,30,15,130,100,10.0,1,sqrt,4.412383012841673,0.8828800609948655,10.648642224357676,14.336634090746163
A,30,15,130,100,10.0,1,1.0,3.17008129262922,0.8940408274109103,8.225388878542384,12.782831538580584
A,30,15,130,100,10.0,5,sqrt,4.42314709953338,0.8828884998178651,10.729382586066738,14.408273576350737
A,30,15,130,100,10.0,5,1.0,3.1604999839605457,0.8943570481681895,8.207367201171149,12.757498360694091
A,30,15,130,100,10.0,10,sqrt,4.3949468575617585,0.8839276051368271,10.605676994009992,14.339874073482752
A,30,15,130,100,10.0,10,1.0,3.139616715403121,0.8943819879996889,8.207257377070047,12.726227550067021
A,30,15,130,100,,1,sqrt,3.334676020349866,0.8906123778100689,9.231793015264062,13.227779227205229
A,30,15,130,100,,1,1.0,3.160302706082976,0.8915051449743704,8.348346539307103,12.833741028642516
A,30,15,130,100,,5,sqrt,3.3940860165928135,0.8908289180929119,9.303742896275427,13.298910663753768
A,30,15,130,100,,5,1.0,3.153978811548929,0.8924002447856159,8.271344971922638,12.7900318194886
A,30,15,130,100,,10,sqrt,3.4743657776757737,0.8896520106744591,9.515946677644783,13.490440772005499
A,30,15,130,100,,10,1.0,3.1214076189368427,0.8932910186007309,8.240270841965282,12.737076386774831
A,30,15,130,200,5.0,1,sqrt,8.30962273535944,0.8618103121619844,14.69134981866269,17.932721799653656
A,30,15,130,200,5.0,1,1.0,3.8480554372125284,0.8898387213202701,9.211038982210201,13.539810878724557
A,30,15,130,200,5.0,5,sqrt,8.378314002762973,0.8607354114448491,14.756980428887157,17.976318512512893
A,30,15,130,200,5.0,5,1.0,3.8479705019478545,0.8898196892296225,9.212658835418235,13.54105292740822
A,30,15,130,200,5.0,10,sqrt,8.33872985952048,0.8608515516132904,14.653268987044012,17.937968715848967
A,30,15,130,200,5.0,10,1.0,3.848203881380595,0.8898029283757187,9.21383803098748,13.54323040806012
A,30,15,130,200,10.0,1,sqrt,4.33218178068333,0.88435786857367,10.532381532501889,14.239925091092141
A,30,15,130,200,10.0,1,1.0,3.155856098250415,0.8946352066751977,8.20880172879644,12.759206824725968
A,30,15,130,200,10.0,5,sqrt,4.343459622641112,0.8839712071516557,10.584671610932967,14.275978411776242
A,30,15,130,200,10.0,5,1.0,3.1472335845329673,0.894718302706514,8.199383488125275,12.74169073629321
A,30,15,130,200,10.0,10,sqrt,4.387152058538172,0.8838882736447788,10.591335002523245,14.318346505854972
A,30,15,130,200,10.0,10,1.0,3.1309392465240635,0.8946001267683314,8.20317366529853,12.720125513294324
A,30,15,130,200,,1,sqrt,3.3079158921756666,0.8914270682769626,9.185290905981576,13.177937106034772
A,30,15,130,200,,1,1.0,3.124463128913278,0.8925473585030204,8.319220926743935,12.790429160089111
A,30,15,130,200,,5,sqrt,3.3580124433532044,0.8914141069177857,9.244181314878258,13.25173814684256
A,30,15,130,200,,5,1.0,3.119619956089312,0.8929862946532501,8.252102796456212,12.755805265497766
A,30,15,130,200,,10,sqrt,3.4560613212572484,0.890424465423705,9.466623928946683,13.432800690222072
A,30,15,130,200,,10,1.0,3.102768981067782,0.8935277768031835,8.234619605785696,12.724501423057774
A,30,20,115,50,5.0,1,sqrt,5.8042462181879815,0.8664595696302883,13.75208326463227,16.35407652048712
A,30,20,115,50,5.0,1,1.0,2.444436633529764,0.9022899195822042,8.102286932760984,11.486834736351632
A,30,20,115,50,5.0,5,sqrt,5.518760400142599,0.8689210020163669,13.4975322740008,16.134291754873548
A,30,20,115,50,5.0,5,1.0,2.4440770518924175,0.9022927537054708,8.101188210637329,11.48618724080521
A,30,20,115,50,5.0,10,sqrt,5.31428662321262,0.8701343566612154,13.423415037862053,16.003391135357624
A,30,20,115,50,5.0,10,1.0,2.445385833284173,0.9022907419843126,8.104362449786684,11.48962826585589
A,30,20,115,50,10.0,1,sqrt,2.963548949934101,0.8943981664297074,9.77419627199715,12.595194274948614
A,30,20,115,50,10.0,1,1.0,1.9372634482714328,0.909704909830279,6.975303619851685,10.653290878341718
A,30,20,115,50,10.0,5,sqrt,2.8674952100873314,0.8940015050139491,9.672311059769703,12.526851119315213
A,30,20,115,50,10.0,5,1.0,1.9221795932920915,0.9098188822098165,6.960246487424617,10.626691280362637
A,30,20,115,50,10.0,10,sqrt,3.020425610513494,0.8925785975478073,10.029520679181038,12.827760977298201
A,30,20,115,50,10.0,10,1.0,1.9077421071076273,0.9098249639934343,6.954966300020151,10.6065440591245
A,30,20,115,50,,1,sqrt,2.1959106212812958,0.9007103978440737,8.37109353071298,11.48757519080892
A,30,20,115,50,,1,1.0,1.9351081334381437,0.9056174074265565,7.09552378062575,10.78351395145653
A,30,20,115,50,,5,sqrt,2.2591007185397505,0.900598301055709,8.460925311723214,11.579689203612238
A,30,20,115,50,,5,1.0,1.9236215768992764,0.907000369708751,7.016023852585919,10.706781245401622
A,30,20,115,50,,10,sqrt,2.3286017956406737,0.9001207545094522,8.70215280547815,11.760048135246496
A,30,20,115,50,,10,1.0,1.910151648929811,0.9079681853088856,6.987621806665553,10.662685275253812
A,30,20,115,100,5.0,1,sqrt,5.7840233426633265,0.8704870311919299,13.651802553804123,16.249528622051365
A,30,20,115,100,5.0,1,1.0,2.416831699257542,0.9022856230582372,8.09334974948448,11.456402025869803
A,30,20,115,100,5.0,5,sqrt,5.453164128726124,0.8715882817144751,13.327916515797677,15.945134266881826
A,30,20,115,100,5.0,5,1.0,2.417020258646466,0.9022974100339688,8.092524467889138,11.456936202156134
A,30,20,115,100,5.0,10,sqrt,5.2734610462266645,0.872863037234179,13.202759076509263,15.80748080986659
A,30,20,115,100,5.0,10,1.0,2.417048227640586,0.9023076218603687,8.094271276959061,11.457321183438832
A,30,20,115,100,10.0,1,sqrt,2.868324715261737,0.8960837224541647,9.620225904832559,12.432941272425037
A,30,20,115,100,10.0,1,1.0,1.9288587400606456,0.9100398699664733,6.980555639486913,10.643466093255743
A,30,20,115,100,10.0,5,sqrt,2.844423843392163,0.895796727368808,9.606912292297773,12.450094572354963
A,30,20,115,100,10.0,5,1.0,1.9072616016766186,0.9102580850630959,6.956817840950444,10.60596092340969
A,30,20,115,100,10.0,10,sqrt,2.8911515121079603,0.8950953635225141,9.835219802526979,12.611794924747329
A,30,20,115,100,10.0,10,1.0,1.8910455875186352,0.9101625826194463,6.955357381435246,10.586205732075062
A,30,20,115,100,,1,sqrt,2.15144777342063,0.9027219535219624,8.335507823290811,11.389314422765306
A,30,20,115,100,,1,1.0,1.919161436095863,0.9061496934019981,7.087064721816908,10.740302896760134
A,30,20,115,100,,5,sqrt,2.2073237600786024,0.9024874561424816,8.379560521826651,11.45187099936103
A,30,20,115,100,,5,1.0,1.8980499338575973,0.9079100083637451,7.0022327978540755,10.667064055059313
A,30,20,115,100,,10,sqrt,2.2673482581740663,0.9018344958377472,8.594954215734806,11.624432773146363
A,30,20,115,100,,10,1.0,1.8932965434076614,0.9084222366268865,6.985038619630418,10.636344928556255
A,30,20,115,200,5.0,1,sqrt,5.981438114891374,0.8716997866609558,13.799260421845911,16.398217033962393
A,30,20,115,200,5.0,1,1.0,2.4070292937446913,0.9023440376917626,8.088180610139329,11.44852912237222
A,30,20,115,200,5.0,5,sqrt,5.57495825777856,0.8725331770725606,13.528046829729169,16.10633366896089
A,30,20,115,200,5.0,5,1.0,2.4070835531649295,0.9023659684871523,8.087412505116337,11.448863141823916
A,30,20,115,200,5.0,10,sqrt,5.413868284013989,0.8742729521686418,13.412220050272918,15.991618888200026
A,30,20,115,200,5.0,10,1.0,2.4063256608613997,0.9023933743159667,8.087064157777295,11.447642699642305
A,30,20,115,200,10.0,1,sqrt,2.8496947575735536,0.8966897492277563,9.63576310201067,12.438072453339348
A,30,20,115,200,10.0,1,1.0,1.9154740150684577,0.9101703398076977,6.976931929461708,10.624688329276449
A,30,20,115,200,10.0,5,sqrt,2.81431866024642,0.8962015689438878,9.59146652392433,12.405722478082172
A,30,20,115,200,10.0,5,1.0,1.8988168304099513,0.910292591664567,6.961136985500215,10.597293593680842
A,30,20,115,200,10.0,10,sqrt,2.8531044910973966,0.8958958754760646,9.75414940897696,12.534517442817997
A,30,20,115,200,10.0,10,1.0,1.8886510623206962,0.9100754596021894,6.961161843979765,10.583096987993098
A,30,20,115,200,,1,sqrt,2.144079983502968,0.9033999120886635,8.311685539554563,11.353911244197837
A,30,20,115,200,,1,1.0,1.902389255526927,0.9066168776046524,7.07539104670776,10.71256788118472
A,30,20,115,200,,5,sqrt,2.198212099502972,0.9024857090468787,8.398226689253814,11.43850228349282
A,30,20,115,200,,5,1.0,1.8919827820159827,0.9080162106552085,7.0027641673789365,10.654055465150849
A,30,20,115,200,,10,sqrt,2.260667246820505,0.9025384523325803,8.606227899763564,11.617909278849515
A,30,20,115,200,,10,1.0,1.8831201068307173,0.9086925503389531,6.982620828913674,10.621407204233776
A,30,20,120,50,5.0,1,sqrt,6.882830178197716,0.8574519249507457,14.788474574007566,17.475117974960213
A,30,20,120,50,5.0,1,1.0,2.9612086761432055,0.8943650908914291,9.019444152219219,12.502224389459188
A,30,20,120,50,5.0,5,sqrt,6.447258770898162,0.8607997970168201,14.459828711239387,17.198127936623695
A,30,20,120,50,5.0,5,1.0,2.960462410808024,0.8943848253394222,9.01949368732895,12.501746918794307
A,30,20,120,50,5.0,10,sqrt,6.289183587792012,0.8645054777091762,14.474972708174061,17.146649906969685
A,30,20,120,50,5.0,10,1.0,2.960760494379843,0.8943916481637639,9.019267616222105,12.501543306826909
A,30,20,120,50,10.0,1,sqrt,3.4345788025941912,0.8882267102349232,10.508440355672999,13.445367029921963
A,30,20,120,50,10.0,1,1.0,2.411584267450054,0.9013179758251892,7.867256579884108,11.682715795918915
A,30,20,120,50,10.0,5,sqrt,3.4753347917864623,0.887277434855086,10.640060571394343,13.575901831707887
A,30,20,120,50,10.0,5,1.0,2.395084834466676,0.901270905183225,7.868008017839102,11.66901485785866
A,30,20,120,50,10.0,10,sqrt,3.4374689820470463,0.8864610271970571,10.828291798179777,13.682862442221108
A,30,20,120,50,10.0,10,1.0,2.37941860065051,0.9009570749578287,7.865361406966424,11.651829403094345
A,30,20,120,50,,1,sqrt,2.723118516151454,0.8938241848971415,9.307290484361422,12.540195179427977
A,30,20,120,50,,1,1.0,2.410943561657091,0.8967854012804578,8.015131176953528,11.827242667875051
A,30,20,120,50,,5,sqrt,2.736163902907522,0.8950156126686173,9.323829170205332,12.531706136935625
A,30,20,120,50,,5,1.0,2.3967862720930406,0.8980459077471977,7.936503850325602,11.761652513544854
A,30,20,120,50,,10,sqrt,2.8016884759720164,0.8942225318552934,9.541258099449667,12.6901581918408
A,30,20,120,50,,10,1.0,2.376161465860794,0.8992606137931324,7.8937665520428055,11.699654173716047
A,30,20,120,100,5.0,1,sqrt,6.8059746598913575,0.8627455841224083,14.653830550446699,17.34689022928657
A,30,20,120,100,5.0,1,1.0,2.9455690908068237,0.8962692868409006,9.001699048002575,12.480843760590997
A,30,20,120,100,5.0,5,sqrt,6.411022012499645,0.8644384566454851,14.420374939409395,17.112367553027287
A,30,20,120,100,5.0,5,1.0,2.9451956924480363,0.8963048728350882,9.002341565186212,12.481158577093343
A,30,20,120,100,5.0,10,sqrt,6.280610887700436,0.866142984615062,14.282233591057409,16.989092518721847
A,30,20,120,100,5.0,10,1.0,2.945196661408525,0.8963176911440598,9.002355597486916,12.480439199386232
A,30,20,120,100,10.0,1,sqrt,3.3428618980295504,0.890336077155722,10.399144100030638,13.318894643150184
A,30,20,120,100,10.0,1,1.0,2.400166865571089,0.9014796084036469,7.872132058311554,11.67564180466889
A,30,20,120,100,10.0,5,sqrt,3.3913655459820986,0.8892124842952607,10.527063841124953,13.438037117008292
A,30,20,120,100,10.0,5,1.0,2.380232020400518,0.9014940034921534,7.868555374150651,11.657897806625071
A,30,20,120,100,10.0,10,sqrt,3.359773568863629,0.8895560980740769,10.659850772740295,13.510776058943998
A,30,20,120,100,10.0,10,1.0,2.3636250289178933,0.9013065344637875,7.861161477444308,11.637298634279365
A,30,20,120,100,,1,sqrt,2.6182017154203505,0.8954957615204282,9.224213774260932,12.375402099272685
A,30,20,120,100,,1,1.0,2.4064271211775257,0.8970651642600569,8.00972180251212,11.808567371997663
A,30,20,120,100,,5,sqrt,2.6899574709555574,0.8962221238412779,9.280816491464126,12.445035083398306
A,30,20,120,100,,5,1.0,2.3892300634574797,0.8985998350087521,7.935858892778718,11.750995659339186
A,30,20,120,100,,10,sqrt,2.7498993761531247,0.8949130039274319,9.4898631667447,12.611859857327092
A,30,20,120,100,,10,1.0,2.360275657942463,0.8996877316434408,7.889489481908827,11.684755523182158
A,30,20,120,200,5.0,1,sqrt,6.947665024283535,0.8646396965683047,14.823782319854576,17.493055377444335
A,30,20,120,200,5.0,1,1.0,2.9314637988241175,0.8967537994474224,8.993421585628997,12.459574523885953
A,30,20,120,200,5.0,5,sqrt,6.591345400984862,0.8655058713095158,14.587362950631269,17.261316916383173
A,30,20,120,200,5.0,5,1.0,2.931168213951925,0.8968048371309175,8.993505824187338,12.459807818911012
A,30,20,120,200,5.0,10,sqrt,6.434065783307128,0.8672621418887182,14.463952156846812,17.142318393744155
A,30,20,120,200,5.0,10,1.0,2.931062180836793,0.8968156118804023,8.993006281366679,12.459168572998099
A,30,20,120,200,10.0,1,sqrt,3.313410982319668,0.8908043524735916,10.433886136483446,13.322693567351905
A,30,20,120,200,10.0,1,1.0,2.3819910101080284,0.9016524039976291,7.867993795947643,11.65180239995914
A,30,20,120,200,10.0,5,sqrt,3.4051039550965347,0.8892099747205675,10.567668253213736,13.473870236209759
A,30,20,120,200,10.0,5,1.0,2.3659412477838666,0.9015600950359494,7.8630466705607915,11.636883635979594
A,30,20,120,200,10.0,10,sqrt,3.3241575818388283,0.8895533145065622,10.590541465632898,13.44629073214133
A,30,20,120,200,10.0,10,1.0,2.351088188874569,0.9013351106671237,7.861874464984801,11.619953811047385
A,30,20,120,200,,1,sqrt,2.5955373633793664,0.8961989271718631,9.214617047653515,12.338450000301814
A,30,20,120,200,,1,1.0,2.385056200325739,0.8976791439229539,7.9932327750774474,11.775836476032472
A,30,20,120,200,,5,sqrt,2.6516347610981215,0.8961462474330315,9.279877327830341,12.404580791351254
A,30,20,120,200,,5,1.0,2.36659500396974,0.8990433001866762,7.919653158217827,11.71469134639002
A,30,20,120,200,,10,sqrt,2.71939707913955,0.8952672110593742,9.486626316648834,12.576730789031302
A,30,20,120,200,,10,1.0,2.347101885400083,0.8998438862585445,7.88816897274514,11.664305398558655
A,30,20,125,50,5.0,1,sqrt,7.952464512266405,0.8536522709110196,15.605240454620585,18.441511754225402
A,30,20,125,50,5.0,1,1.0,3.514342454339156,0.8880475242071073,9.932077778177286,13.463372113461944
A,30,20,125,50,5.0,5,sqrt,7.311703025039589,0.8572449846041692,15.348741312739822,18.16948611439053
A,30,20,125,50,5.0,5,1.0,3.5127066357531938,0.8880601403496765,9.932396443016913,13.462448587856807
A,30,20,125,50,5.0,10,sqrt,7.169678546986253,0.8585807878213736,15.399371120449507,18.17116780484912
A,30,20,125,50,5.0,10,1.0,3.5176671307737877,0.8880611045849974,9.934525075629091,13.467603895750505
A,30,20,125,50,10.0,1,sqrt,4.1274603689306355,0.8817184085399044,11.636777973451185,14.619976129004218
A,30,20,125,50,10.0,1,1.0,2.94496590191739,0.8940154383738476,8.788916651013318,12.6930237750225
A,30,20,125,50,10.0,5,sqrt,4.265933408168126,0.8788862486900879,11.69860211739306,14.728493569098339
A,30,20,125,50,10.0,5,1.0,2.9215871294772615,0.8939064967111967,8.77137636633294,12.657600197677468
A,30,20,125,50,10.0,10,sqrt,4.122990264476035,0.8797333715545624,11.703852471001717,14.682083926823301
A,30,20,125,50,10.0,10,1.0,2.918459099125156,0.8934241092133156,8.778485674907198,12.65582989149286
A,30,20,125,50,,1,sqrt,3.2338390412881295,0.8848963106816772,10.299513366564332,13.556496794140353
A,30,20,125,50,,1,1.0,2.9598359880880025,0.8901345717758413,8.934806213542348,12.85781846620145
A,30,20,125,50,,5,sqrt,3.310936500800937,0.8863614178271743,10.30956453133887,13.591607342555907
A,30,20,125,50,,5,1.0,2.9554099567881464,0.8909694278257094,8.851296655135917,12.786801878168314
A,30,20,125,50,,10,sqrt,3.3773443976226583,0.8874143999826231,10.4889503171618,13.705788706804588
A,30,20,125,50,,10,1.0,2.9393592895401226,0.8916417092462989,8.82811586398395,12.746828322413991
A,30,20,125,100,5.0,1,sqrt,7.904756986342771,0.8567825750556555,15.558045942155639,18.380246344965656
A,30,20,125,100,5.0,1,1.0,3.5209338657324603,0.8895978035808232,9.918506187544974,13.452838947070024
A,30,20,125,100,5.0,5,sqrt,7.405919307583257,0.8589614553998505,15.328712561515422,18.137611650266926
A,30,20,125,100,5.0,5,1.0,3.519949933442555,0.8896136051087623,9.919887690206176,13.453408192910155
A,30,20,125,100,5.0,10,sqrt,7.140246800808939,0.8597226788111534,15.237190575305243,18.012817722814347
A,30,20,125,100,5.0,10,1.0,3.5235137328068107,0.8895990985503595,9.922194902966854,13.457487157069982
A,30,20,125,100,10.0,1,sqrt,4.019368873210429,0.882959121630779,11.452484261152104,14.442322733241472
A,30,20,125,100,10.0,1,1.0,2.914173789828401,0.8942999685677016,8.780261034362482,12.663908603775731
A,30,20,125,100,10.0,5,sqrt,4.059774889486684,0.8815011266707475,11.508808254439566,14.497536301462052
A,30,20,125,100,10.0,5,1.0,2.8919406790850535,0.8943864377467342,8.766907023181114,12.638893486404118
A,30,20,125,100,10.0,10,sqrt,4.050213719419345,0.8820043457416293,11.61063932818703,14.571865801438912
A,30,20,125,100,10.0,10,1.0,2.8779798614062746,0.8941547399572244,8.765468557152353,12.6287256128636
A,30,20,125,100,,1,sqrt,3.152702721031209,0.8873336740338328,10.150381490983435,13.3931879884268
A,30,20,125,100,,1,1.0,2.928175536069862,0.8905362204037715,8.917692587983089,12.814560803783511
A,30,20,125,100,,5,sqrt,3.217288443998487,0.8881352885391616,10.213798325069115,13.4500537410144
A,30,20,125,100,,5,1.0,2.9112174788365053,0.8918239909510912,8.831168430958945,12.739836601665044
A,30,20,125,100,,10,sqrt,3.2977406586563687,0.8885012773083101,10.383741390406906,13.599898232355539
A,30,20,125,100,,10,1.0,2.887751551794121,0.8925022501699335,8.808197778748012,12.702581165813916
A,30,20,125,200,5.0,1,sqrt,8.029175635024552,0.8586921548709165,15.745020303829676,18.52727267723436
A,30,20,125,200,5.0,1,1.0,3.4950712147416625,0.8907110272689994,9.892993892423721,13.419641822596597
A,30,20,125,200,5.0,5,sqrt,7.60065994609968,0.8594104655107468,15.518250215441622,18.29720338977748
A,30,20,125,200,5.0,5,1.0,3.494456892073134,0.8907404309205932,9.89427440244354,13.420413497744411
A,30,20,125,200,5.0,10,sqrt,7.423154331151821,0.8600393128294982,15.447762123780814,18.219833613264022
A,30,20,125,200,5.0,10,1.0,3.4964220304655824,0.8907231192005955,9.896029703847443,13.423563691747457
A,30,20,125,200,10.0,1,sqrt,4.025854883459603,0.8829366293334042,11.465364623270222,14.4574400437484
A,30,20,125,200,10.0,1,1.0,2.9056087668409756,0.8944680553339174,8.77900626095981,12.6563125315113
A,30,20,125,200,10.0,5,sqrt,4.0280446602930535,0.8823605966772948,11.524583014516185,14.4909550116187
A,30,20,125,200,10.0,5,1.0,2.8904628333507767,0.8943584734505187,8.77303530290568,12.640962232943636
A,30,20,125,200,10.0,10,sqrt,4.007109042466498,0.8823393888572554,11.55800954272247,14.528927332552238
A,30,20,125,200,10.0,10,1.0,2.8804779745396507,0.8941672551801976,8.777064412667803,12.635107620983785
A,30,20,125,200,,1,sqrt,3.112396447919219,0.8887672149028845,10.120699635807258,13.339305532015407
A,30,20,125,200,,1,1.0,2.904784138066886,0.8910317585710855,8.90930919881556,12.791146537306098
A,30,20,125,200,,5,sqrt,3.1940165902397504,0.889169657297149,10.18641736500003,13.407987154232524
A,30,20,125,200,,5,1.0,2.890187162899862,0.8920930870338152,8.829996037064731,12.725270203582491
A,30,20,125,200,,10,sqrt,3.2736612818806528,0.8886449183471532,10.395781161036114,13.587399637715555
A,30,20,125,200,,10,1.0,2.8793479700859694,0.8927397770327848,8.814657157786307,12.695845248968931
A,30,20,130,50,5.0,1,sqrt,8.816091931077215,0.8550265555225666,14.881974664663776,18.153737435006235
A,30,20,130,50,5.0,1,1.0,3.9013899139062564,0.8890978629518512,9.255066195797209,13.623039832905528
A,30,20,130,50,5.0,5,sqrt,8.094599600806017,0.8566731566769195,14.522184297035588,17.860429074662843
A,30,20,130,50,5.0,5,1.0,3.9005790091695944,0.8890533171339952,9.25655755782265,13.622918360808246
A,30,20,130,50,5.0,10,sqrt,7.908711047103031,0.8576349992075458,14.750509347526295,17.924874484547168
A,30,20,130,50,5.0,10,1.0,3.9007084763811166,0.8890718546358537,9.257579676150149,13.624934931874353
A,30,20,130,50,10.0,1,sqrt,4.380936386481828,0.8822972164816312,10.724403328318122,14.387299663663152
A,30,20,130,50,10.0,1,1.0,3.2013817914156655,0.8927849012497482,8.300477389316574,12.825216281245426
A,30,20,130,50,10.0,5,sqrt,4.3915032741437035,0.8828498712029813,10.68104535729741,14.352839564413145
A,30,20,130,50,10.0,5,1.0,3.20587231850621,0.8926664502446521,8.304373638481156,12.815788827103853
A,30,20,130,50,10.0,10,sqrt,4.410483530715688,0.8822134259492292,10.776487610498716,14.459666714836269
A,30,20,130,50,10.0,10,1.0,3.193751633588439,0.8925895598084297,8.309714304578717,12.808557339653685
A,30,20,130,50,,1,sqrt,3.417027238330314,0.887232178582205,9.52475576093905,13.437083387669063
A,30,20,130,50,,1,1.0,3.205975587549876,0.8897191082664815,8.4619592499299,12.897645261254237
A,30,20,130,50,,5,sqrt,3.5560237863432156,0.8877221118263646,9.57772614102318,13.577906878076462
A,30,20,130,50,,5,1.0,3.18585531706894,0.8907489038389091,8.377673037042817,12.83991773891706
A,30,20,130,50,,10,sqrt,3.6294249680751904,0.8868633210063814,9.740799792602635,13.703630912567416
A,30,20,130,50,,10,1.0,3.1731841678350614,0.8915274061998091,8.341866210108446,12.804903549763429
A,30,20,130,100,5.0,1,sqrt,8.687613273379853,0.8583850691034055,14.765887918103886,18.016633412298393
A,30,20,130,100,5.0,1,1.0,3.8801471286493254,0.8894019165426922,9.24160170630043,13.578598103007968
A,30,20,130,100,5.0,5,sqrt,8.096473068678264,0.8595867401604502,14.502087125319457,17.77169320417621
A,30,20,130,100,5.0,5,1.0,3.878985253006049,0.8893796215957736,9.243373325736638,13.57922436638782
A,30,20,130,100,5.0,10,sqrt,7.836518485514835,0.8599316829814982,14.498110896854593,17.700302069105227
A,30,20,130,100,5.0,10,1.0,3.8803776436602275,0.8893747716753954,9.244276087810546,13.582984469623042
A,30,20,130,100,10.0,1,sqrt,4.294634403510779,0.8840719052692826,10.64396175698614,14.25745583683352
A,30,20,130,100,10.0,1,1.0,3.177721118430913,0.8929414739429289,8.288373633763088,12.791467254964422
A,30,20,130,100,10.0,5,sqrt,4.379029323319641,0.8832181107698265,10.651209731971072,14.327285354149964
A,30,20,130,100,10.0,5,1.0,3.170582043792284,0.8930648997118078,8.286883482662684,12.779353015133953
A,30,20,130,100,10.0,10,sqrt,4.283693618307355,0.8837309530262092,10.675077486353455,14.32805339463474
A,30,20,130,100,10.0,10,1.0,3.1491149719729483,0.8930906000562067,8.291153326878938,12.76520931824283
A,30,20,130,100,,1,sqrt,3.3541951685190745,0.8890407605372221,9.414743407198758,13.31985220884901
A,30,20,130,100,,1,1.0,3.1600172011850343,0.8901563319641982,8.43058239936779,12.839868115694443
A,30,20,130,100,,5,sqrt,3.462577984968147,0.8889793327524981,9.517342008149026,13.470186308516071
A,30,20,130,100,,5,1.0,3.150246058848348,0.891072358155536,8.36420835439033,12.807287010464275
A,30,20,130,100,,10,sqrt,3.5696494285342957,0.8881965030274644,9.643002384132762,13.603783897979218
A,30,20,130,100,,10,1.0,3.126155342012245,0.8919016970808473,8.332456037925569,12.764825385388644
A,30,20,130,200,5.0,1,sqrt,8.778640849644088,0.8600782957035162,14.965428051217804,18.141887426927433
A,30,20,130,200,5.0,1,1.0,3.8532850183955283,0.8897702829287161,9.21648485025268,13.544015692465157
A,30,20,130,200,5.0,5,sqrt,8.323414577268167,0.8601769047149848,14.71665332473538,17.92656469171129
A,30,20,130,200,5.0,5,1.0,3.852722254463715,0.8897472220633977,9.218107285205935,13.545044067536612
A,30,20,130,200,5.0,10,sqrt,8.150412825306582,0.8600997837407782,14.679712620387281,17.87815885032333
A,30,20,130,200,5.0,10,1.0,3.8534370989535147,0.8896959355842904,9.219846371834077,13.548552867584439
A,30,20,130,200,10.0,1,sqrt,4.276533139252734,0.8842863519611376,10.670303784810807,14.248651806856213
A,30,20,130,200,10.0,1,1.0,3.173146319213915,0.8931384633626521,8.277357718369128,12.7805716102276
A,30,20,130,200,10.0,5,sqrt,4.3490035130342,0.8840397224294658,10.634949709595075,14.308691730229743
A,30,20,130,200,10.0,5,1.0,3.1630200584322012,0.8931749611466572,8.275812442159653,12.766935256422602
A,30,20,130,200,10.0,10,sqrt,4.287880172932345,0.8839716463264023,10.651903370503629,14.319684851840822
A,30,20,130,200,10.0,10,1.0,3.144570311959889,0.8931992556240808,8.28253081702704,12.75258106204979
A,30,20,130,200,,1,sqrt,3.3174394916391643,0.8899510819480462,9.364061401966017,13.259536700522588
A,30,20,130,200,,1,1.0,3.1456524835649797,0.8906571551664838,8.41844166107773,12.828635190994328
A,30,20,130,200,,5,sqrt,3.4340875208587036,0.8895242817917832,9.492858325919052,13.41753129836508
A,30,20,130,200,,5,1.0,3.133525914616446,0.8915981330346359,8.351686082097576,12.793567462071657
A,30,20,130,200,,10,sqrt,3.5328396853300283,0.8889265675191694,9.629368641822921,13.55499401266581
A,30,20,130,200,,10,1.0,3.119545773062583,0.8921843091902268,8.325173460506498,12.759264185450187
B,15,10,115,50,5.0,1,sqrt,7.045307419323798,0.8544192845572983,13.285214172352743,16.432914196028598
B,15,10,115,50,5.0,1,1.0,5.122406649523937,0.8687881661956727,10.070237080807948,14.30615984259217
B,15,10,115,50,5.0,5,sqrt,7.078022071956282,0.8545581985767307,13.2940951353539,16.397254981831917
B,15,10,115,50,5.0,5,1.0,5.121281820346369,0.8687836531223943,10.06905346898922,14.306363132946297
B,15,10,115,50,5.0,10,sqrt,7.044374618109839,0.8555928139115011,13.227325311171958,16.37805858801146
B,15,10,115,50,5.0,10,1.0,5.121164765888089,0.8688013817171439,10.067996143871786,14.305944008080541
B,15,10,115,50,10.0,1,sqrt,4.807654229409348,0.8755263237558026,10.232434058578583,13.985470882809134
B,15,10,115,50,10.0,1,1.0,4.669523266167836,0.8809172767057202,9.044345987896412,13.737088575607256
B,15,10,115,50,10.0,5,sqrt,4.759203009418732,0.8758310047577027,10.291627948114959,13.977005724382817
B,15,10,115,50,10.0,5,1.0,4.624464537807714,0.8807700095740257,9.024018951116183,13.71938756856924
B,15,10,115,50,10.0,10,sqrt,4.770704945195854,0.8770532388574184,10.387180285899806,14.038074922261405
B,15,10,115,50,10.0,10,1.0,4.589356219443374,0.8809841890942494,9.009824446511322,13.694820736407143
B,15,10,115,50,,1,sqrt,4.5408277919532,0.8756616589244711,9.47552885805096,13.83910218280582
B,15,10,115,50,,1,1.0,4.9707703866755795,0.8732646753896182,9.244828162943548,14.117141430472941
B,15,10,115,50,,5,sqrt,4.416598689681588,0.8782894414713329,9.46620288646118,13.722989071967959
B,15,10,115,50,,5,1.0,4.758990643629408,0.8762877196903025,9.10303507861846,13.93669347285169
B,15,10,115,50,,10,sqrt,4.35843000785845,0.8785452996682299,9.556853672772487,13.711872108732587
B,15,10,115,50,,10,1.0,4.630027859901412,0.8781522951760129,9.032226216992822,13.807570515187635
B,15,10,115,100,5.0,1,sqrt,7.0604579142141075,0.8561100612595414,13.335494047155853,16.45555260735862
B,15,10,115,100,5.0,1,1.0,5.130862858443973,0.8700315688225693,10.06911421763949,14.308280952721853
B,15,10,115,100,5.0,5,sqrt,7.008914426220469,0.8571215914064693,13.23228516899161,16.351696821588423
B,15,10,115,100,5.0,5,1.0,5.129969973447072,0.8700221870947926,10.068615652926614,14.308547576694988
B,15,10,115,100,5.0,10,sqrt,6.949485480483557,0.8572895037032617,13.262428280058327,16.36548478975572
B,15,10,115,100,5.0,10,1.0,5.129593019381416,0.8700288966432019,10.067197892451095,14.307923078286427
B,15,10,115,100,10.0,1,sqrt,4.769722873256532,0.8775065359211258,10.178760569420227,13.939756933377618
B,15,10,115,100,10.0,1,1.0,4.63211913963528,0.8812047635383479,9.033026240307787,13.710422564599762
B,15,10,115,100,10.0,5,sqrt,4.728046332798146,0.8769387808533352,10.265485190532766,13.961341983589506
B,15,10,115,100,10.0,5,1.0,4.5908002647010395,0.8810936294443474,9.013129834790716,13.692318478565108
B,15,10,115,100,10.0,10,sqrt,4.704733174890282,0.8777775236122659,10.289433758350816,13.969668671493656
B,15,10,115,100,10.0,10,1.0,4.543128714927302,0.8813579423127219,8.996718933750092,13.65832679973676
B,15,10,115,100,,1,sqrt,4.459895979132312,0.8771236964754838,9.433978766221484,13.758693050604316
B,15,10,115,100,,1,1.0,4.8554206992153395,0.8745534530786468,9.220636614982586,14.04109606614486
B,15,10,115,100,,5,sqrt,4.359137703204678,0.8791032887221863,9.427347751697635,13.67343746433192
B,15,10,115,100,,5,1.0,4.679294636559776,0.8770712850271328,9.096164534873685,13.889524537416259
B,15,10,115,100,,10,sqrt,4.354888720056753,0.8790854487692655,9.52601513000246,13.676977390566796
B,15,10,115,100,,10,1.0,4.560444621826727,0.8785907442322761,9.027202340499626,13.768358243417387
B,15,10,115,200,5.0,1,sqrt,7.063110756991603,0.8571826628153731,13.573028411522026,16.577089253191684
B,15,10,115,200,5.0,1,1.0,5.1349175014522865,0.8709145684511143,10.069556504427881,14.310199664290646
B,15,10,115,200,5.0,5,sqrt,7.077333002639267,0.8576385570898071,13.457809509473247,16.49839724369406
B,15,10,115,200,5.0,5,1.0,5.13394511146633,0.8709079213591988,10.068578181763115,14.310172613773153
B,15,10,115,200,5.0,10,sqrt,7.072895436085538,0.8574792916265499,13.537324633267835,16.565097889644896
B,15,10,115,200,5.0,10,1.0,5.133074611276305,0.8709100294318025,10.06701009023875,14.309340054576296
B,15,10,115,200,10.0,1,sqrt,4.776241523669905,0.8779207177059808,10.25729274166892,13.960143723846045
B,15,10,115,200,10.0,1,1.0,4.631783044408636,0.881198472622083,9.030885788972173,13.710690747406044
B,15,10,115,200,10.0,5,sqrt,4.756149186182299,0.877584804241893,10.305972889911555,13.973381232687576
B,15,10,115,200,10.0,5,1.0,4.595485107249088,0.8811131502896149,9.010464366371334,13.684785593715635
B,15,10,115,200,10.0,10,sqrt,4.718381055310584,0.8779748940334938,10.320486978161085,13.977658941651933
B,15,10,115,200,10.0,10,1.0,4.545797005022012,0.8814296395345774,8.989155774474357,13.647675720178366
B,15,10,115,200,,1,sqrt,4.456864395621496,0.8776843850214888,9.434443372199073,13.7317309090278
B,15,10,115,200,,1,1.0,4.849808961508507,0.8749430949458663,9.225222550785393,14.033559318553316
B,15,10,115,200,,5,sqrt,4.3712190075070065,0.879367114678279,9.426810439223335,13.651832127015933
B,15,10,115,200,,5,1.0,4.695263897651207,0.8771755152680264,9.091343922072348,13.875263685385885
B,15,10,115,200,,10,sqrt,4.313418734620588,0.8795243525991921,9.516340925945478,13.646822101326427
B,15,10,115,200,,10,1.0,4.570869346296596,0.8786953204428576,9.01645482051103,13.753719685926171
B,15,10,120,50,5.0,1,sqrt,8.723071720340823,0.8461628788068074,14.464674978126505,17.67919278203494
B,15,10,120,50,5.0,1,1.0,6.49441872240209,0.8624887559102075,11.162687585828113,15.505816579143474
B,15,10,120,50,5.0,5,sqrt,8.708005942166045,0.8474501754660174,14.501669790690647,17.654350935576268
B,15,10,120,50,5.0,5,1.0,6.493520890458801,0.8625069094197911,11.160780112184865,15.505127252601506
B,15,10,120,50,5.0,10,sqrt,8.714769362190827,0.8488682873671998,14.518945352518056,17.701792987135835
B,15,10,120,50,5.0,10,1.0,6.4925471124160286,0.8625146058737256,11.159441945322559,15.504916132640911
B,15,10,120,50,10.0,1,sqrt,5.9328552922078845,0.8689602414292938,11.280866609104498,15.09477917934665
B,15,10,120,50,10.0,1,1.0,5.99057706605966,0.8725591798282339,10.088158777662237,14.910898972617185
B,15,10,120,50,10.0,5,sqrt,6.070847510053109,0.8679476036446971,11.431536355655997,15.22968532292428
B,15,10,120,50,10.0,5,1.0,5.932946889211176,0.8726016001925535,10.071218982372143,14.891554435195918
B,15,10,120,50,10.0,10,sqrt,5.959352096347395,0.8690659731853222,11.391674922063043,15.170083832173447
B,15,10,120,50,10.0,10,1.0,5.835385261124021,0.8729512407266004,10.047162693977645,14.844735477972867
B,15,10,120,50,,1,sqrt,5.760402938159412,0.8677115488379707,10.520780973353117,14.99042860764015
B,15,10,120,50,,1,1.0,6.288448592005207,0.8649221208272737,10.324307927529109,15.299025172021766
B,15,10,120,50,,5,sqrt,5.522598898731791,0.8704028504238194,10.499093947524846,14.855806245184933
B,15,10,120,50,,5,1.0,6.063347630650563,0.8674088665041498,10.169033147289403,15.1074083005448
B,15,10,120,50,,10,sqrt,5.512835666347606,0.8703694805932081,10.588180371034145,14.832956482172657
B,15,10,120,50,,10,1.0,5.913708285215565,0.8692877472701254,10.088200532043734,14.972733772300426
B,15,10,120,100,5.0,1,sqrt,8.755459443696527,0.8486764233972786,14.509818352054413,17.704296688398617
B,15,10,120,100,5.0,1,1.0,6.49927164405595,0.8638914303587878,11.15843156413371,15.498488851373889
B,15,10,120,100,5.0,5,sqrt,8.7434028318106,0.8491339985303877,14.468804131059766,17.65009291194638
B,15,10,120,100,5.0,5,1.0,6.498054698856137,0.863905972482125,11.156425717830357,15.497650757394245
B,15,10,120,100,5.0,10,sqrt,8.67867531559098,0.8504748182806555,14.538435098621258,17.688279044369757
B,15,10,120,100,5.0,10,1.0,6.496827441781017,0.8639212555835794,11.15486757337593,15.496586113335294
B,15,10,120,100,10.0,1,sqrt,5.92510062860363,0.8695952232715278,11.296238000463607,15.10173472162881
B,15,10,120,100,10.0,1,1.0,5.946477505606324,0.8728959426172951,10.073713899193402,14.87896234009445
B,15,10,120,100,10.0,5,sqrt,5.959155541896066,0.8691413541830629,11.39104011377637,15.173405189735538
B,15,10,120,100,10.0,5,1.0,5.9068774351618485,0.8728213190146589,10.061468703978086,14.861852622633744
B,15,10,120,100,10.0,10,sqrt,5.918317855053447,0.8701385128815484,11.353496707717017,15.133463987626726
B,15,10,120,100,10.0,10,1.0,5.8147658095968895,0.8730491498041013,10.041165738161693,14.821883202344248
B,15,10,120,100,,1,sqrt,5.656294673918886,0.8691227799584886,10.474714893608759,14.902634773153881
B,15,10,120,100,,1,1.0,6.198672510891021,0.8658157256895723,10.292907667382982,15.226821020529703
B,15,10,120,100,,5,sqrt,5.46682157111411,0.8712368704435557,10.455855740224518,14.79333574742554
B,15,10,120,100,,5,1.0,5.991060960699997,0.86822772619141,10.145922428979057,15.048800183536454
B,15,10,120,100,,10,sqrt,5.450102096128157,0.8712436322891695,10.541416733214437,14.785099228290278
B,15,10,120,100,,10,1.0,5.863926125416826,0.8698053272793806,10.078742426280929,14.941653259313787
B,15,10,120,200,5.0,1,sqrt,8.767018816159002,0.8502904050622488,14.78701810195498,17.85458905080975
B,15,10,120,200,5.0,1,1.0,6.519802567506209,0.8646927829060438,11.161405208292361,15.503732187098809
B,15,10,120,200,5.0,5,sqrt,8.805701682087674,0.8505312979603776,14.67334089498635,17.779846225804693
B,15,10,120,200,5.0,5,1.0,6.518994895726624,0.8646982688825549,11.159648910714912,15.503334583609831
B,15,10,120,200,5.0,10,sqrt,8.747448474789783,0.851733301129325,14.78998609240982,17.856088586528138
B,15,10,120,200,5.0,10,1.0,6.5171529013389975,0.8647106831788047,11.157501811707066,15.501902236002014
B,15,10,120,200,10.0,1,sqrt,5.948314908744033,0.8700177378547366,11.368324677659778,15.127994128387593
B,15,10,120,200,10.0,1,1.0,5.92362419704302,0.8729871558218119,10.067486010074383,14.868679088591097
B,15,10,120,200,10.0,5,sqrt,5.94894604174176,0.8698372847526612,11.41829070469185,15.170345877115306
B,15,10,120,200,10.0,5,1.0,5.8899797095723505,0.8729077990687909,10.05573593799986,14.85274920520618
B,15,10,120,200,10.0,10,sqrt,5.9423401737353085,0.8699214504934216,11.424741050642186,15.162680880287592
B,15,10,120,200,10.0,10,1.0,5.808163724394285,0.873228715283459,10.029465714126076,14.808161609580058
B,15,10,120,200,,1,sqrt,5.611139814929314,0.869590077806258,10.473812622593147,14.856853202300403
B,15,10,120,200,,1,1.0,6.208847198633412,0.8663200442686249,10.28690709844791,15.212428653243247
B,15,10,120,200,,5,sqrt,5.483892317944209,0.8712425482624415,10.466696091197685,14.784277299060836
B,15,10,120,200,,5,1.0,6.019157671531777,0.86841929896011,10.1461653879316,15.048269984517784
B,15,10,120,200,,10,sqrt,5.410987714002134,0.8715396151754147,10.54946917651344,14.757243306472015
B,15,10,120,200,,10,1.0,5.853740610865554,0.870122108294615,10.070452749460106,14.9271748155783
B,15,10,125,50,5.0,1,sqrt,10.890991611894655,0.8407538355864641,15.698830408293224,18.988841851867598
B,15,10,125,50,5.0,1,1.0,8.39998494515081,0.8566323757150958,12.305402542960367,16.74020267145567
B,15,10,125,50,5.0,5,sqrt,10.939550081551575,0.8401426716011346,15.756863302708055,19.014963108680288
B,15,10,125,50,5.0,5,1.0,8.399448910996849,0.8566280113093716,12.303702823911701,16.73986674214073
B,15,10,125,50,5.0,10,sqrt,10.828960162288583,0.8426700553990205,15.759725210540982,19.010526385544473
B,15,10,125,50,5.0,10,1.0,8.398063499749764,0.856619993394793,12.303006817476867,16.740108863857692
B,15,10,125,50,10.0,1,sqrt,7.405143461745171,0.8606833161672632,12.480982648532983,16.337856332102593
B,15,10,125,50,10.0,1,1.0,7.548997956841492,0.8643371673871816,11.140507853816157,16.06017482182541
B,15,10,125,50,10.0,5,sqrt,7.547279268362433,0.86066330923867,12.618230712344367,16.445006717606784
B,15,10,125,50,10.0,5,1.0,7.5191327074390575,0.8645949923863652,11.1148358921123,16.031004454787045
B,15,10,125,50,10.0,10,sqrt,7.404030656685035,0.8613166485648321,12.55061296665112,16.360586565417815
B,15,10,125,50,10.0,10,1.0,7.416441590089484,0.8648774028131812,11.083479416024682,15.985647164543499
B,15,10,125,50,,1,sqrt,7.291116169149703,0.859468897796782,11.634467501497829,16.168863411312557
B,15,10,125,50,,1,1.0,8.105446860988383,0.8562134053378113,11.413725206577727,16.49456193062094
B,15,10,125,50,,5,sqrt,7.020270584998528,0.8623675607388405,11.555495273193088,15.992285625850041
B,15,10,125,50,,5,1.0,7.83807963956815,0.8593384748738112,11.243389846237317,16.29335970011997
B,15,10,125,50,,10,sqrt,6.937278857015359,0.8622543074699431,11.65100934993743,15.9809238312606
B,15,10,125,50,,10,1.0,7.5857242270235785,0.8612219365090793,11.1433634455976,16.14644912465408
B,15,10,125,100,5.0,1,sqrt,10.884047425645514,0.8424554493037208,15.782593695204596,19.035692112987658
B,15,10,125,100,5.0,1,1.0,8.427611021687959,0.8569958962629803,12.306584404241667,16.745763717785806
B,15,10,125,100,5.0,5,sqrt,10.913142698375989,0.8415060989605496,15.755381183439999,19.012959766322183
B,15,10,125,100,5.0,5,1.0,8.426246989774665,0.8569982882257726,12.30445802358619,16.744869559755422
B,15,10,125,100,5.0,10,sqrt,10.747187403761213,0.843594873166808,15.795978862517353,19.01249720180721
B,15,10,125,100,5.0,10,1.0,8.425058076396894,0.8569957259382596,12.303577488188065,16.744271072158103
B,15,10,125,100,10.0,1,sqrt,7.352741475025619,0.8623047930966908,12.407614818511655,16.276020239397408
B,15,10,125,100,10.0,1,1.0,7.474633326449956,0.8648220388055989,11.120863153384324,16.025435468702163
B,15,10,125,100,10.0,5,sqrt,7.337283972235291,0.8617276847618782,12.52837071435509,16.352635193693196
B,15,10,125,100,10.0,5,1.0,7.439130273801942,0.864827054654611,11.104870237346672,16.001456165770115
B,15,10,125,100,10.0,10,sqrt,7.3028285054268425,0.8623373592824553,12.50449825156223,16.31682491583015
B,15,10,125,100,10.0,10,1.0,7.359084004910019,0.8649799493229968,11.083911655275312,15.963345539902852
B,15,10,125,100,,1,sqrt,7.123708847739337,0.8611642647478241,11.566033819187055,16.070336407886764
B,15,10,125,100,,1,1.0,7.870488852337212,0.8576249388963231,11.373112590040918,16.411987057157084
B,15,10,125,100,,5,sqrt,6.959442896870125,0.8631315209508108,11.50100274678872,15.924973176248539
B,15,10,125,100,,5,1.0,7.698568876674043,0.8599869260865406,11.218097963176257,16.23431792924835
B,15,10,125,100,,10,sqrt,6.810501509620238,0.8629234917924553,11.64628633826695,15.951273656328581
B,15,10,125,100,,10,1.0,7.522606362447317,0.8614423538213462,11.142465562743586,16.11557783876227
B,15,10,125,200,5.0,1,sqrt,10.84279955970231,0.8431135521718571,16.037947240496734,19.170934199024867
B,15,10,125,200,5.0,1,1.0,8.444393168300202,0.8576884488113656,12.307112356443227,16.746601532557072
B,15,10,125,200,5.0,5,sqrt,10.847578994621143,0.8432939140758358,15.942597356547887,19.10952674946007
B,15,10,125,200,5.0,5,1.0,8.442946864108928,0.8576861326037145,12.304884536905831,16.745807207356084
B,15,10,125,200,5.0,10,sqrt,10.764840697173977,0.8442496385464573,16.06479212805309,19.187366683436856
B,15,10,125,200,5.0,10,1.0,8.440705175111699,0.8576914364209479,12.302999583174817,16.744512247414605
B,15,10,125,200,10.0,1,sqrt,7.319885174665347,0.8627938989104935,12.424391032410092,16.282432954820255
B,15,10,125,200,10.0,1,1.0,7.516621816928949,0.8649953171029742,11.118885384385099,16.02519439121171
B,15,10,125,200,10.0,5,sqrt,7.321303402790029,0.8621535805191531,12.523137074880303,16.345379882116745
B,15,10,125,200,10.0,5,1.0,7.458611042861567,0.8649849583630493,11.103953774920729,15.997993020414333
B,15,10,125,200,10.0,10,sqrt,7.329483476552854,0.8624423897256269,12.541973922925402,16.33355619437932
B,15,10,125,200,10.0,10,1.0,7.382333414765384,0.8650808530869984,11.084196627870616,15.962573118979298
B,15,10,125,200,,1,sqrt,7.030889244849838,0.8615669269820152,11.559927316618108,16.030256280249727
B,15,10,125,200,,1,1.0,7.830216641293278,0.8580949566696596,11.359303624619704,16.393271789398888
B,15,10,125,200,,5,sqrt,6.930025360272748,0.8632132565700308,11.515393170198307,15.906834145067569
B,15,10,125,200,,5,1.0,7.737441143794402,0.8602276792114466,11.212769977027774,16.22838435105065
B,15,10,125,200,,10,sqrt,6.810783778879421,0.8632138559397904,11.650539345404512,15.941814576881935
B,15,10,125,200,,10,1.0,7.518107933092085,0.8616447140868833,11.138157150852841,16.10681407952933
B,15,10,130,50,5.0,1,sqrt,12.828428081446253,0.8408276086857189,15.054376271833641,18.928366974672922
B,15,10,130,50,5.0,1,1.0,10.664726693317366,0.855898897438489,11.655442176314923,16.955434619516073
B,15,10,130,50,5.0,5,sqrt,12.879683313510842,0.841103684924064,14.961663758204603,18.86357617349724
B,15,10,130,50,5.0,5,1.0,10.665085417085209,0.855899233886773,11.653199396849612,16.95455633548195
B,15,10,130,50,5.0,10,sqrt,12.668344167034615,0.8420835631964174,15.053638674797412,18.88466404265315
B,15,10,130,50,5.0,10,1.0,10.663029659329977,0.8559154857274347,11.652514011063783,16.95467241655603
B,15,10,130,50,10.0,1,sqrt,8.845076359052928,0.8595491448589414,11.666998818340566,16.387404416901685
B,15,10,130,50,10.0,1,1.0,9.012050291593859,0.862245725082752,10.54588949105851,16.253504340693034
B,15,10,130,50,10.0,5,sqrt,8.595324819972152,0.8619036920456373,11.571917051322187,16.322987214660323
B,15,10,130,50,10.0,5,1.0,9.04127067525072,0.8624906052965997,10.522656764031213,16.227743811244146
B,15,10,130,50,10.0,10,sqrt,8.639961839225546,0.8617372430102355,11.64545474824724,16.335928171047776
B,15,10,130,50,10.0,10,1.0,8.866735079539367,0.8629478206954981,10.486610851840059,16.161584936465147
B,15,10,130,50,,1,sqrt,8.517967711923287,0.8588542522492821,10.92421521160593,16.2031195031294
B,15,10,130,50,,1,1.0,9.58904983359957,0.8541180123664199,10.897300066895664,16.61594436368401
B,15,10,130,50,,5,sqrt,8.148798696542512,0.8614600248175573,10.84024166881712,16.07959207641415
B,15,10,130,50,,5,1.0,9.362107483268046,0.8571892508560517,10.722773985306258,16.456019335141768
B,15,10,130,50,,10,sqrt,8.069196737852058,0.8620702549694164,10.90561544325438,16.06618289363784
B,15,10,130,50,,10,1.0,9.157072634539919,0.8589258069167967,10.624241697900882,16.3080211482209
B,15,10,130,100,5.0,1,sqrt,12.703189891697034,0.8434970333775949,15.071102913766007,18.904094444758023
B,15,10,130,100,5.0,1,1.0,10.641980579007924,0.8561976079141338,11.651412042437702,16.931609248832057
B,15,10,130,100,5.0,5,sqrt,12.70633786058974,0.8430740893594024,14.955703975107213,18.83267274984889
B,15,10,130,100,5.0,5,1.0,10.640934524998652,0.8561968893540566,11.648709339098545,16.930347173667336
B,15,10,130,100,5.0,10,sqrt,12.558611004999282,0.8443168684052059,15.058451314580466,18.862114288308913
B,15,10,130,100,5.0,10,1.0,10.639614367323722,0.8562038537238263,11.648177595527168,16.929976304777448
B,15,10,130,100,10.0,1,sqrt,8.722884198771805,0.8620509767676495,11.529559625059392,16.305009050291382
B,15,10,130,100,10.0,1,1.0,8.892213900275985,0.8626217890600643,10.531530053569941,16.224822346640977
B,15,10,130,100,10.0,5,sqrt,8.3986161432055,0.8628822090150928,11.521032180027515,16.25179934371375
B,15,10,130,100,10.0,5,1.0,8.90601236386124,0.8627622952632429,10.510887289599106,16.199004287739726
B,15,10,130,100,10.0,10,sqrt,8.500588269394642,0.8622969385647028,11.623159098636918,16.323816926464218
B,15,10,130,100,10.0,10,1.0,8.776877096078403,0.8629771552427498,10.486768051115245,16.14830677731374
B,15,10,130,100,,1,sqrt,8.248755683635455,0.8603746280958422,10.837898769817661,16.094804179569856
B,15,10,130,100,,1,1.0,9.290933124993263,0.8556322887187623,10.845309230577323,16.533960238980082
B,15,10,130,100,,5,sqrt,8.101317284150376,0.8623118887033929,10.80577604398886,16.03633471073034
B,15,10,130,100,,5,1.0,9.090654645621749,0.857966683485633,10.690142001256381,16.38949909225273
B,15,10,130,100,,10,sqrt,7.962211277697148,0.8628431241280916,10.856055504842383,16.00471016589854
B,15,10,130,100,,10,1.0,8.998333589081493,0.859075556102035,10.611081865558956,16.277080049170642
B,15,10,130,200,5.0,1,sqrt,12.753082408018212,0.8442058829644198,15.283011775569872,19.00559475758479
B,15,10,130,200,5.0,1,1.0,10.550887733685652,0.8561479654629764,11.638232827234642,16.90185893042672
B,15,10,130,200,5.0,5,sqrt,12.743133841739972,0.8449867922036545,15.14995198881375,18.933943257758497
B,15,10,130,200,5.0,5,1.0,10.549598881499776,0.8561441974347666,11.635501274858344,16.90072795933733
B,15,10,130,200,5.0,10,sqrt,12.635738374844218,0.8454990241651025,15.267973129176278,18.991316222055566
B,15,10,130,200,5.0,10,1.0,10.547146919130997,0.8561611945238672,11.63396715837838,16.899483026320343
B,15,10,130,200,10.0,1,sqrt,8.622920353384737,0.8624754344429272,11.548231348812035,16.30298488501679
B,15,10,130,200,10.0,1,1.0,8.943871088212802,0.8629935256106694,10.517830873757932,16.212453693912057
B,15,10,130,200,10.0,5,sqrt,8.469366360686903,0.8632789817069053,11.562002676963289,16.27143203632907
B,15,10,130,200,10.0,5,1.0,8.913058275241946,0.863082574426002,10.499646431789955,16.18268362666579
B,15,10,130,200,10.0,10,sqrt,8.506541311127487,0.8624575602611229,11.644494436043109,16.334362404996966
B,15,10,130,200,10.0,10,1.0,8.77243429639609,0.8633111222383139,10.477527586304543,16.13676338932716
B,15,10,130,200,,1,sqrt,8.143805372906181,0.8608936310355315,10.835102616202457,16.071315554742924
B,15,10,130,200,,1,1.0,9.306671934528453,0.8560152566857502,10.824193694053738,16.513619023840608
B,15,10,130,200,,5,sqrt,8.143223469209456,0.8625407302671944,10.80791611136022,16.03122018699653
B,15,10,130,200,,5,1.0,9.14159067767662,0.8581701482016223,10.686417439896008,16.379456631442675
B,15,10,130,200,,10,sqrt,7.90629543627292,0.8631086966197739,10.858732405149567,15.985833656591103
B,15,10,130,200,,10,1.0,8.988819824539458,0.859475163596023,10.603931163967768,16.273056077029135
B,15,15,115,50,5.0,1,sqrt,10.023259520929997,0.8345558585968899,16.699088553323673,19.453939380561625
B,15,15,115,50,5.0,1,1.0,5.122537681642258,0.8687959403715648,10.072599667298919,14.306817222389355
B,15,15,115,50,5.0,5,sqrt,9.869837636435422,0.8350421736836291,16.757067003654736,19.46730900246654
B,15,15,115,50,5.0,5,1.0,5.12134219887004,0.868794723712538,10.0715759302296,14.307068106070805
B,15,15,115,50,5.0,10,sqrt,9.993883403751951,0.831533568803367,16.84287785628056,19.567783568494956
B,15,15,115,50,5.0,10,1.0,5.121018273983337,0.8688057731420887,10.06984882068009,14.306414662913179
B,15,15,115,50,10.0,1,sqrt,5.989029078379115,0.8602598717676571,12.387745869527631,15.546576597380874
B,15,15,115,50,10.0,1,1.0,4.630150390528537,0.8808403135298557,9.073024990565168,13.747352519121492
B,15,15,115,50,10.0,5,sqrt,6.003859186874486,0.8591304882827803,12.40529215142453,15.578096158547954
B,15,15,115,50,10.0,5,1.0,4.588906008609923,0.8809050410496552,9.048112116881823,13.718133008946472
B,15,15,115,50,10.0,10,sqrt,5.960143961095302,0.8618939605343842,12.538164015499232,15.64627738364518
B,15,15,115,50,10.0,10,1.0,4.530946189576797,0.881188629126795,9.031952231134285,13.682502407196603
B,15,15,115,50,,1,sqrt,4.631713991954634,0.8714131973077635,10.289541682395305,14.168774235416157
B,15,15,115,50,,1,1.0,4.849009556853344,0.8735304964005426,9.290673752652252,14.068163277362425
B,15,15,115,50,,5,sqrt,4.640494096885703,0.8717661260886415,10.437265011216951,14.232644032990674
B,15,15,115,50,,5,1.0,4.6967408491568685,0.8765725798009667,9.122021749095051,13.892293229221119
B,15,15,115,50,,10,sqrt,4.635488282977187,0.8727414119550803,10.656059597063742,14.302606880919138
B,15,15,115,50,,10,1.0,4.541516641621448,0.8780086322607424,9.068167577832027,13.788125631855943
B,15,15,115,100,5.0,1,sqrt,9.667099066375336,0.837564790247642,16.651940557480902,19.361058716208145
B,15,15,115,100,5.0,1,1.0,5.131070704096437,0.8700359557050723,10.071656822313022,14.308986144214899
B,15,15,115,100,5.0,5,sqrt,9.717208304593296,0.838378632896483,16.871027618458662,19.52622799784432
B,15,15,115,100,5.0,5,1.0,5.130059009925976,0.8700311783886667,10.071129198109919,14.30913544201717
B,15,15,115,100,5.0,10,sqrt,9.709572620357928,0.8360091360179087,16.788650467294065,19.460033875336183
B,15,15,115,100,5.0,10,1.0,5.129778749063279,0.8700301625830671,10.069514686057408,14.30871153732277
B,15,15,115,100,10.0,1,sqrt,5.83384729775388,0.8642209868151152,12.291285895902217,15.417965247830068
B,15,15,115,100,10.0,1,1.0,4.594763303040638,0.8812254036115208,9.048950987886787,13.706465935792252
B,15,15,115,100,10.0,5,sqrt,5.790842091698922,0.8650498181621906,12.273520482251396,15.414034381328253
B,15,15,115,100,10.0,5,1.0,4.563614936799875,0.8812216452198303,9.028145037616202,13.6807353627723
B,15,15,115,100,10.0,10,sqrt,5.801585401504006,0.8648079586451114,12.360479756885004,15.474296451723518
B,15,15,115,100,10.0,10,1.0,4.51202231421942,0.8814729070661732,9.012850401460815,13.64980414952538
B,15,15,115,100,,1,sqrt,4.525007026138847,0.8737219653027933,10.22566514168059,14.071621952270188
B,15,15,115,100,,1,1.0,4.806779602008154,0.8747549745783427,9.251416126439159,13.999304508130251
B,15,15,115,100,,5,sqrt,4.569668379113585,0.8738875246477324,10.37969196750426,14.151174951641233
B,15,15,115,100,,5,1.0,4.668181044543649,0.8772406996222948,9.116264894817887,13.858996564606775
B,15,15,115,100,,10,sqrt,4.626474856228843,0.8734476825499143,10.637439259315958,14.279053945760248
B,15,15,115,100,,10,1.0,4.529245157145914,0.8785062539592573,9.057821954402062,13.761095528939624
B,15,15,115,200,5.0,1,sqrt,8.988474110002183,0.8424800961314538,16.163259465644305,18.846295370069303
B,15,15,115,200,5.0,1,1.0,5.135157335874231,0.8709313573594952,10.071961217425576,14.310890201803783
B,15,15,115,200,5.0,5,sqrt,9.173949908628186,0.8431592864831879,16.47507607613252,19.127310840006082
B,15,15,115,200,5.0,5,1.0,5.133969275727976,0.870927035069634,10.07077032243396,14.31074263790702
B,15,15,115,200,5.0,10,sqrt,9.146758142500598,0.8412693079979252,16.379957154737316,19.045056492030852
B,15,15,115,200,5.0,10,1.0,5.133293804125104,0.8709296362008626,10.068956657004046,14.310022288640184
B,15,15,115,200,10.0,1,sqrt,5.72587573548718,0.867218028092242,12.053745758914474,15.242203168124803
B,15,15,115,200,10.0,1,1.0,4.602173673095811,0.881274549342376,9.041363327406465,13.69915217183113
B,15,15,115,200,10.0,5,sqrt,5.63824945027522,0.8674943175393081,12.06595216511957,15.232895865502787
B,15,15,115,200,10.0,5,1.0,4.5681240733954525,0.8812209440418057,9.02450487362482,13.675059254644282
B,15,15,115,200,10.0,10,sqrt,5.691793081878277,0.867968935452231,12.206916331024555,15.342313062041303
B,15,15,115,200,10.0,10,1.0,4.512089401517983,0.8814669052297646,9.006514270525226,13.641481221315402
B,15,15,115,200,,1,sqrt,4.498046009726733,0.8748192540432351,10.181169095462115,14.007752875141772
B,15,15,115,200,,1,1.0,4.777296774982172,0.8751848906445551,9.235712768823522,13.97411112689106
B,15,15,115,200,,5,sqrt,4.537128212386981,0.875070952044829,10.313361528491464,14.077332935453416
B,15,15,115,200,,5,1.0,4.655552859168967,0.8775180969370521,9.108003844636334,13.838475999495959
B,15,15,115,200,,10,sqrt,4.583531704013643,0.8748504266981383,10.573558730990012,14.22056265098974
B,15,15,115,200,,10,1.0,4.515235203096702,0.878945976493528,9.041843090977752,13.737150007345912
B,15,15,120,50,5.0,1,sqrt,12.148607096090547,0.8274002468478944,18.112649254361134,20.880217289241365
B,15,15,120,50,5.0,1,1.0,6.495168647360029,0.8624983742238989,11.166539150770026,15.507615099358755
B,15,15,120,50,5.0,5,sqrt,11.954369549239619,0.8282514351551578,18.098166611142254,20.846140907906992
B,15,15,120,50,5.0,5,1.0,6.493761844732897,0.8625070483820817,11.16383863296004,15.50622957775164
B,15,15,120,50,5.0,10,sqrt,12.292605546470238,0.8242648415238643,18.243777574984417,21.00465707030887
B,15,15,120,50,5.0,10,1.0,6.492683793054184,0.8625091608912718,11.161091062847598,15.505648411532036
B,15,15,120,50,10.0,1,sqrt,7.654218223021656,0.8537313137824938,13.571182348412185,16.83945064240997
B,15,15,120,50,10.0,1,1.0,5.911568099234654,0.8724765544989873,10.10711077173322,14.898967977921123
B,15,15,120,50,10.0,5,sqrt,7.565067275664814,0.852965934507548,13.594644023341592,16.833061400174902
B,15,15,120,50,10.0,5,1.0,5.879585610368487,0.8727073091237518,10.073882019018594,14.867483966349841
B,15,15,120,50,10.0,10,sqrt,7.319619293076943,0.8539366445548646,13.528244961152382,16.749739284196288
B,15,15,120,50,10.0,10,1.0,5.8033335242763915,0.87295617467592,10.056199368325746,14.838372957377256
B,15,15,120,50,,1,sqrt,5.807864436656713,0.8638229519627242,11.355330817261851,15.327791283795307
B,15,15,120,50,,1,1.0,6.275688329901833,0.8649142850292311,10.331337586361471,15.242789007568362
B,15,15,120,50,,5,sqrt,5.788468549348073,0.8646784226564309,11.468680992698928,15.324570861817515
B,15,15,120,50,,5,1.0,6.077552908665512,0.8676965645102246,10.191685234347416,15.08355685656602
B,15,15,120,50,,10,sqrt,5.752714591914119,0.8649067584364161,11.67997741711591,15.40575806240101
B,15,15,120,50,,10,1.0,5.895066006552696,0.8691019697889274,10.124220407648597,14.982830665793168
B,15,15,120,100,5.0,1,sqrt,11.659075706811375,0.8303013298817957,17.993311805495093,20.714821632417323
B,15,15,120,100,5.0,1,1.0,6.499530848312132,0.8639068112518686,11.161644084854144,15.4998926238113
B,15,15,120,100,5.0,5,sqrt,11.731306650432794,0.8321809062961012,18.193418311418974,20.88845024980783
B,15,15,120,100,5.0,5,1.0,6.498467275607742,0.8639212697279414,11.159561358806727,15.498856188289281
B,15,15,120,100,5.0,10,sqrt,11.802020964793517,0.829380182044574,18.154708195957465,20.864039693112378
B,15,15,120,100,5.0,10,1.0,6.497374220506276,0.8639179885676498,11.157011102434428,15.497534256885235
B,15,15,120,100,10.0,1,sqrt,7.352014067177639,0.8576707060211405,13.461018598502324,16.69049819713227
B,15,15,120,100,10.0,1,1.0,5.896486176975129,0.872942242053468,10.087117451201536,14.869919833816393
B,15,15,120,100,10.0,5,sqrt,7.28877773883328,0.8569617727947444,13.478769012326087,16.68874854935482
B,15,15,120,100,10.0,5,1.0,5.867997946127588,0.8729448950076361,10.068048638950895,14.850645386156938
B,15,15,120,100,10.0,10,sqrt,7.16943446182403,0.857031960432165,13.526101711717104,16.700738017571304
B,15,15,120,100,10.0,10,1.0,5.780365061561669,0.8730625470545345,10.056252166017673,14.822059183752335
B,15,15,120,100,,1,sqrt,5.661230578286857,0.865782181205839,11.29100635502975,15.217036183509228
B,15,15,120,100,,1,1.0,6.178056739879252,0.8661606578356171,10.293844693226573,15.17037978684009
B,15,15,120,100,,5,sqrt,5.671032793727305,0.8663380970516826,11.4243108186723,15.249063315702234
B,15,15,120,100,,5,1.0,6.017188471144793,0.8683711433646293,10.167153644354183,15.038077959066646
B,15,15,120,100,,10,sqrt,5.677096903907707,0.8657662787251006,11.65935659205341,15.362512339467017
B,15,15,120,100,,10,1.0,5.833147957771297,0.8698273217679106,10.106838774774783,14.941563038396968
B,15,15,120,200,5.0,1,sqrt,10.928011582849091,0.8354357561415384,17.464175713630787,20.18539794384303
B,15,15,120,200,5.0,1,1.0,6.520501708487684,0.864708237138324,11.164305045334638,15.505053719699655
B,15,15,120,200,5.0,5,sqrt,11.054649038081234,0.8366123861450336,17.712910973311097,20.409639063414442
B,15,15,120,200,5.0,5,1.0,6.51969685928856,0.8647097355346677,11.162356774623612,15.504545742437168
B,15,15,120,200,5.0,10,sqrt,11.095948143566421,0.8348067692501843,17.654021854865892,20.36509294878019
B,15,15,120,200,5.0,10,1.0,6.51806647926807,0.8647079674584008,11.159570464750013,15.503027472155788
B,15,15,120,200,10.0,1,sqrt,7.164413638747279,0.860597676647817,13.257755519829644,16.50327600401915
B,15,15,120,200,10.0,1,1.0,5.876794705004943,0.873045666233574,10.074235950299226,14.855179431142748
B,15,15,120,200,10.0,5,sqrt,7.168136490562381,0.8597651492501969,13.291289316869362,16.540147136050557
B,15,15,120,200,10.0,5,1.0,5.851205850365394,0.8729815308799035,10.064135410829744,14.842929202638937
B,15,15,120,200,10.0,10,sqrt,7.046052201202201,0.8599635482373079,13.325018297140428,16.532132537028534
B,15,15,120,200,10.0,10,1.0,5.764018038449917,0.8731802433683077,10.044018537632684,14.803886280592806
B,15,15,120,200,,1,sqrt,5.598302963311575,0.8670236986992623,11.228117712712208,15.143522050437605
B,15,15,120,200,,1,1.0,6.093110805218785,0.8663206359725193,10.286169162273405,15.148430912175751
B,15,15,120,200,,5,sqrt,5.629300143377547,0.8674272310753303,11.363259097100379,15.195792304640287
B,15,15,120,200,,5,1.0,5.991327231035939,0.8686049231115609,10.160245152862702,15.026368727300177
B,15,15,120,200,,10,sqrt,5.666434173386502,0.866893731325843,11.610095637158354,15.333317157105341
B,15,15,120,200,,10,1.0,5.801105616666204,0.8702331278920068,10.084752617608558,14.90834673843339
B,15,15,125,50,5.0,1,sqrt,15.045202875324245,0.8199987541708286,19.661583806371613,22.484298512269984
B,15,15,125,50,5.0,1,1.0,8.400485249401527,0.856627092655099,12.308085489222483,16.74103850292972
B,15,15,125,50,5.0,5,sqrt,14.450285285055589,0.8202133685676778,19.53959650651319,22.31463321545912
B,15,15,125,50,5.0,5,1.0,8.399048555825509,0.8566351424137786,12.304871341983517,16.739640766586085
B,15,15,125,50,5.0,10,sqrt,14.69315972665475,0.8155517908824192,19.565171016452783,22.36054868374764
B,15,15,125,50,5.0,10,1.0,8.397419972486414,0.8566237015329581,12.30326772919885,16.73939388660334
B,15,15,125,50,10.0,1,sqrt,9.300245872165142,0.8453905371632086,14.740941476939408,18.04134324581205
B,15,15,125,50,10.0,1,1.0,7.484641142157526,0.8646416675793803,11.14958816927055,16.046108512053973
B,15,15,125,50,10.0,5,sqrt,9.030119217108467,0.8488036756156827,14.759724684640807,18.02905499324739
B,15,15,125,50,10.0,5,1.0,7.462064562780208,0.8647266187973154,11.113546149474335,16.008721844628777
B,15,15,125,50,10.0,10,sqrt,9.160298044743021,0.8451414031486737,15.02168104740088,18.237962856559854
B,15,15,125,50,10.0,10,1.0,7.384766388913076,0.8651135270504874,11.08706904632725,15.973381369764377
B,15,15,125,50,,1,sqrt,7.143340611113194,0.855692512018915,12.463318309234321,16.479379945455616
B,15,15,125,50,,1,1.0,8.011643049998257,0.8564367313056686,11.41680284382694,16.45414880630423
B,15,15,125,50,,5,sqrt,7.142954024200328,0.8566201208769071,12.555800969368038,16.486501592704457
B,15,15,125,50,,5,1.0,7.770511960689808,0.8592089711404514,11.259898906515222,16.268707034324716
B,15,15,125,50,,10,sqrt,7.130210723639971,0.8566610652776078,12.844688972330072,16.643110027055123
B,15,15,125,50,,10,1.0,7.54996239340459,0.8614448625319611,11.160156200325712,16.132055616933368
B,15,15,125,100,5.0,1,sqrt,14.352723606520087,0.8232948301692261,19.50423552214287,22.276690825256175
B,15,15,125,100,5.0,1,1.0,8.427444828385793,0.8569930822383526,12.309252338120297,16.746378698988128
B,15,15,125,100,5.0,5,sqrt,14.167272508351498,0.8242536487857592,19.558464431922225,22.302567446558193
B,15,15,125,100,5.0,5,1.0,8.425908141013668,0.8570030608059576,12.306424352441434,16.74491585727397
B,15,15,125,100,5.0,10,sqrt,14.228890887628612,0.8215470416708393,19.536811281595952,22.289652479890556
B,15,15,125,100,5.0,10,1.0,8.424764331894515,0.8570069491849711,12.304885087256324,16.74419132332715
B,15,15,125,100,10.0,1,sqrt,9.065152653285015,0.8482327196705091,14.699311259981624,17.97494394410964
B,15,15,125,100,10.0,1,1.0,7.415619478181526,0.8651499686894006,11.135255262758891,16.01370672701213
B,15,15,125,100,10.0,5,sqrt,8.756697394967707,0.8514055060604729,14.631607813383514,17.874166544358822
B,15,15,125,100,10.0,5,1.0,7.38323267639625,0.8649940879395848,11.11036958132567,15.98642072282524
B,15,15,125,100,10.0,10,sqrt,8.854936985916407,0.8486887744063946,14.819364247675669,18.02853049117964
B,15,15,125,100,10.0,10,1.0,7.332818884384518,0.8651203176246101,11.099045054716589,15.968409641765135
B,15,15,125,100,,1,sqrt,6.980516118787543,0.8578025891814605,12.39808575859829,16.353688449376108
B,15,15,125,100,,1,1.0,7.911581096472735,0.8573962120571202,11.39553638340618,16.389787695660754
B,15,15,125,100,,5,sqrt,7.060201546921206,0.8580583963067678,12.532411379456377,16.42542980154434
B,15,15,125,100,,5,1.0,7.642120514854286,0.8600670477214107,11.23135455101029,16.20456358849667
B,15,15,125,100,,10,sqrt,7.027696244068482,0.8576019325076146,12.818088934389374,16.587754709273106
B,15,15,125,100,,10,1.0,7.477283524098392,0.8615742222058314,11.170671629658377,16.11892976764287
B,15,15,125,200,5.0,1,sqrt,13.412442328025065,0.8281843911746772,18.917725427737885,21.68676109619455
B,15,15,125,200,5.0,1,1.0,8.445070965341722,0.8576853442196313,12.309688907857709,16.747614195533934
B,15,15,125,200,5.0,5,sqrt,13.427735807789976,0.8291633113015159,19.010744072756403,21.76813990932765
B,15,15,125,200,5.0,5,1.0,8.443680415231023,0.8576869746912752,12.307093680058147,16.746637898672937
B,15,15,125,200,5.0,10,sqrt,13.484592157955229,0.8276355606480127,19.03121732083078,21.79024890145056
B,15,15,125,200,5.0,10,1.0,8.44118298663641,0.8576947918516904,12.304740847402858,16.745060198069474
B,15,15,125,200,10.0,1,sqrt,8.797916710666525,0.8517268471988576,14.430216049577144,17.74238829387934
B,15,15,125,200,10.0,1,1.0,7.457690046881423,0.8651218106411125,11.128394386304842,16.01114310196252
B,15,15,125,200,10.0,5,sqrt,8.631453047548288,0.8538809535748106,14.442269074305841,17.72886887662812
B,15,15,125,200,10.0,5,1.0,7.408037595903403,0.8650426839165188,11.110455663471734,15.989550909850049
B,15,15,125,200,10.0,10,sqrt,8.70470767141914,0.8512971454299499,14.576263407336683,17.8343869473653
B,15,15,125,200,10.0,10,1.0,7.35094634132999,0.8651395725428991,11.09482795611152,15.961641372927849
B,15,15,125,200,,1,sqrt,6.808535603469133,0.8592543078697128,12.324299893889215,16.271430912046846
B,15,15,125,200,,1,1.0,7.850859446941132,0.8579375605957642,11.37464683739108,16.355411627047232
B,15,15,125,200,,5,sqrt,6.964444384562263,0.8594228225621343,12.477558691033005,16.36333196850149
B,15,15,125,200,,5,1.0,7.617923595750151,0.8602986391286981,11.225204145854173,16.197734704789063
B,15,15,125,200,,10,sqrt,6.9836141327152195,0.8589152000875531,12.72413126049229,16.511870826809265
B,15,15,125,200,,10,1.0,7.460250255804925,0.8617509874378813,11.16007046469898,16.100232160415185
B,15,15,130,50,5.0,1,sqrt,17.165160825992643,0.8215908062879919,18.852915129333535,22.126948648030698
B,15,15,130,50,5.0,1,1.0,10.666091513940163,0.8558731798614613,11.658321212032572,16.957116949409425
B,15,15,130,50,5.0,5,sqrt,16.67105896740792,0.8207328071228748,18.764304795034487,22.002071428439052
B,15,15,130,50,5.0,5,1.0,10.665827294432455,0.8558781266630696,11.655449571481814,16.955769963410614
B,15,15,130,50,5.0,10,sqrt,16.880909294327505,0.8162544151855119,18.679441320071152,21.947025027878258
B,15,15,130,50,5.0,10,1.0,10.663268549378184,0.8558865308271647,11.654061029786188,16.95535128655568
B,15,15,130,50,10.0,1,sqrt,10.562649997717672,0.8500971721933814,13.665708417209279,17.737107669129614
B,15,15,130,50,10.0,1,1.0,8.919128129239681,0.8625105183572941,10.540371421418914,16.224084468055963
B,15,15,130,50,10.0,5,sqrt,10.558904270895113,0.8500376309203332,13.82703893730503,17.786612392828623
B,15,15,130,50,10.0,5,1.0,8.967204064745776,0.8625112159925038,10.522560246421904,16.2059389640455
B,15,15,130,50,10.0,10,sqrt,10.651238736021806,0.8480362910344713,13.957300729753763,17.884020821390767
B,15,15,130,50,10.0,10,1.0,8.845432671002843,0.8630220326051482,10.48431435227631,16.14918545322432
B,15,15,130,50,,1,sqrt,8.631646047682883,0.855033661929889,11.685052240880538,16.519081738364772
B,15,15,130,50,,1,1.0,9.384307748024113,0.8556116523182027,10.870798405667689,16.53956454683687
B,15,15,130,50,,5,sqrt,8.4099130203965,0.8570810208025398,11.774544964917638,16.526032609236783
B,15,15,130,50,,5,1.0,9.379588810259849,0.857573321316969,10.717645812767511,16.426141593880832
B,15,15,130,50,,10,sqrt,8.270725687932277,0.857087228896285,11.98446269833284,16.588366174499253
B,15,15,130,50,,10,1.0,9.151762131888674,0.8591706465028274,10.61846622296157,16.291677769128817
B,15,15,130,100,5.0,1,sqrt,16.384216578106482,0.8251243457655801,18.743559415859885,21.960052631927965
B,15,15,130,100,5.0,1,1.0,10.642302779526691,0.8561796954119789,11.653809555402855,16.9326351710751
B,15,15,130,100,5.0,5,sqrt,16.342753584813288,0.8263619035633359,18.861028249444455,22.044972356791334
B,15,15,130,100,5.0,5,1.0,10.641472995425001,0.8561855091500347,11.650988265614462,16.931402953499592
B,15,15,130,100,5.0,10,sqrt,16.408074651293383,0.8225581136524882,18.750197058985464,21.95878634867871
B,15,15,130,100,5.0,10,1.0,10.639798377438433,0.8561936146491741,11.649548618095512,16.930430561535335
B,15,15,130,100,10.0,1,sqrt,10.277864361679722,0.8519547698633236,13.674771580987265,17.6502632688207
B,15,15,130,100,10.0,1,1.0,8.844776145628327,0.8627620513168297,10.529008342381616,16.2017891479566
B,15,15,130,100,10.0,5,sqrt,10.286877013066775,0.852317002476159,13.694649790417014,17.670845101355564
B,15,15,130,100,10.0,5,1.0,8.856589711856348,0.8627762912304971,10.513779394143956,16.18348348372265
B,15,15,130,100,10.0,10,sqrt,10.298571887226206,0.8510846073035581,13.931018109128848,17.806995251150443
B,15,15,130,100,10.0,10,1.0,8.746118215251062,0.8631537575233106,10.493021080863578,16.146372232106987
B,15,15,130,100,,1,sqrt,8.206838677006896,0.8574087721784023,11.619203424404807,16.388670344963685
B,15,15,130,100,,1,1.0,9.20551669075959,0.8562958957243321,10.827238502100911,16.4621237058441
B,15,15,130,100,,5,sqrt,8.228112422645946,0.8593723270728445,11.67549322543679,16.401931611430296
B,15,15,130,100,,5,1.0,9.162908463629718,0.8582783805479288,10.693507395259237,16.37072501446767
B,15,15,130,100,,10,sqrt,8.101253260547804,0.858651596660694,11.91176533717522,16.520290990621337
B,15,15,130,100,,10,1.0,9.000001575317915,0.8595324282423986,10.62389908729141,16.28507466138135
B,15,15,130,200,5.0,1,sqrt,15.515180131912325,0.8298083044485095,18.20394340670721,21.436225603542276
B,15,15,130,200,5.0,1,1.0,10.551717184032794,0.8561561096970504,11.640401646212649,16.902825012363788
B,15,15,130,200,5.0,5,sqrt,15.538446871228853,0.830856947039466,18.27021228774547,21.491576539012463
B,15,15,130,200,5.0,5,1.0,10.55057723456181,0.856148344153563,11.637579008116868,16.901747673320898
B,15,15,130,200,5.0,10,sqrt,15.630583536198007,0.828877874682059,18.311013205880677,21.535310898965655
B,15,15,130,200,5.0,10,1.0,10.547743876564594,0.8561585764516908,11.635384259560345,16.900045282703474
B,15,15,130,200,10.0,1,sqrt,10.153586545095513,0.8537357591405856,13.516847549485902,17.53177930179632
B,15,15,130,200,10.0,1,1.0,8.878490939275867,0.8631313011888005,10.515992235783274,16.19528660150724
B,15,15,130,200,10.0,5,sqrt,10.022265412645606,0.8542531546142694,13.486474284946146,17.51018653974676
B,15,15,130,200,10.0,5,1.0,8.845316249050347,0.8631252564244534,10.498884416331792,16.171054006655158
B,15,15,130,200,10.0,10,sqrt,10.159457895305048,0.8525512667315926,13.688876361866317,17.642414897805658
B,15,15,130,200,10.0,10,1.0,8.741231627938802,0.8633877257448784,10.478235952052103,16.13167693125319
B,15,15,130,200,,1,sqrt,8.027515148734064,0.8593210633257848,11.52477958941067,16.287301285020142
B,15,15,130,200,,1,1.0,9.262718283359224,0.8565081715385613,10.822804939786757,16.456894053921104
B,15,15,130,200,,5,sqrt,8.11074361326067,0.8603745616889336,11.609693529837623,16.339553692268865
B,15,15,130,200,,5,1.0,9.154160767216169,0.8586501373911786,10.68136625609958,16.355252938367897
B,15,15,130,200,,10,sqrt,8.047768709081707,0.8595655885327094,11.84696551566262,16.459950295122244
B,15,15,130,200,,10,1.0,8.998290615668097,0.8597914223624354,10.606101674314765,16.263686287013893
B,15,20,115,50,5.0,1,sqrt,9.394092899512327,0.8418944698996803,16.37876055866935,19.121656012835548
B,15,20,115,50,5.0,1,1.0,5.121760097415643,0.8688156440413038,10.073576339149025,14.308267253293156
B,15,20,115,50,5.0,5,sqrt,9.278114145324764,0.8422033491027235,16.510107198947686,19.197627829525516
B,15,20,115,50,5.0,5,1.0,5.119838104386332,0.8688032936186516,10.072860928573942,14.308294837195366
B,15,20,115,50,5.0,10,sqrt,8.985511011043991,0.8393518165276976,16.104084928971012,18.844846736769405
B,15,20,115,50,5.0,10,1.0,5.11827507528847,0.8688161957968411,10.070596275643737,14.30653222750507
B,15,20,115,50,10.0,1,sqrt,5.9166220311662405,0.8652588924287017,12.461883895644819,15.583948933614272
B,15,20,115,50,10.0,1,1.0,4.583595940396641,0.8806586707214918,9.113501453978234,13.767409337576666
B,15,20,115,50,10.0,5,sqrt,5.88093527348501,0.8640658216713337,12.258992144811193,15.422379118265383
B,15,20,115,50,10.0,5,1.0,4.5321503456653405,0.8805930720051137,9.080570005359242,13.719560167990185
B,15,20,115,50,10.0,10,sqrt,5.822521177592016,0.8656049111530416,12.445759704576428,15.521790011892886
B,15,20,115,50,10.0,10,1.0,4.501387174385889,0.8809787941754748,9.05864861905997,13.686865197672379
B,15,20,115,50,,1,sqrt,4.618729733950121,0.871091120497302,10.334742180550968,14.222949302161036
B,15,20,115,50,,1,1.0,4.7291454694114154,0.8735258128028894,9.330147792263764,14.07230695353299
B,15,20,115,50,,5,sqrt,4.644502941960377,0.8730309740930731,10.448486969701822,14.24728634825046
B,15,20,115,50,,5,1.0,4.6214706184684795,0.8766880917146208,9.153287327487766,13.88405860628136
B,15,20,115,50,,10,sqrt,4.680571111925849,0.8731086164465678,10.64350976550271,14.316697200917593
B,15,20,115,50,,10,1.0,4.520137677810683,0.8781554828160312,9.087739973451011,13.783364860907849
B,15,20,115,100,5.0,1,sqrt,9.049836534543928,0.8426976805737743,15.976422871312234,18.740959732086235
B,15,20,115,100,5.0,1,1.0,5.131165969817383,0.8700285949661692,10.073515575975346,14.31072091971149
B,15,20,115,100,5.0,5,sqrt,8.962818148039998,0.8435215632817327,15.94270853926752,18.68218353123888
B,15,20,115,100,5.0,5,1.0,5.129066603654249,0.870029232009558,10.07200858771512,14.309720531101116
B,15,20,115,100,5.0,10,sqrt,8.841152202800588,0.8427642539742217,15.811650906749497,18.574940061305952
B,15,20,115,100,5.0,10,1.0,5.127937303354009,0.8700369291582485,10.070082600193102,14.308532182877252
B,15,20,115,100,10.0,1,sqrt,5.865317882377296,0.8667185392865016,12.243933926810891,15.406368213223335
B,15,20,115,100,10.0,1,1.0,4.580307846371791,0.8808907153812928,9.091276946578997,13.737535204140263
B,15,20,115,100,10.0,5,sqrt,5.798781273352214,0.8668498097700421,12.20569105404117,15.357491431056962
B,15,20,115,100,10.0,5,1.0,4.541826452111432,0.880903544044747,9.064298634418902,13.69957923844342
B,15,20,115,100,10.0,10,sqrt,5.753825761512145,0.8666808953662531,12.301613803378242,15.402696430940626
B,15,20,115,100,10.0,10,1.0,4.5036456926388855,0.881207655758024,9.044621495621184,13.667167620038594
B,15,20,115,100,,1,sqrt,4.515277526476737,0.8735777995220779,10.264679839568775,14.090232426692992
B,15,20,115,100,,1,1.0,4.734033777526258,0.8742314260493552,9.305707843388129,14.023383973057701
B,15,20,115,100,,5,sqrt,4.5988134514724,0.8744023100411713,10.383343706036145,14.1458007727742
B,15,20,115,100,,5,1.0,4.62932613091188,0.8771510155140774,9.146513226909645,13.8680262377899
B,15,20,115,100,,10,sqrt,4.599923458742813,0.8745712084313467,10.590588526457797,14.239787822613206
B,15,20,115,100,,10,1.0,4.520682568100712,0.8784030924475301,9.08137789257765,13.767942146677374
B,15,20,115,200,5.0,1,sqrt,9.04973186788113,0.844693600636061,16.242818955259047,18.911767872968447
B,15,20,115,200,5.0,1,1.0,5.13493815906172,0.870922875857864,10.074144765891823,14.312756832001082
B,15,20,115,200,5.0,5,sqrt,9.034842755999982,0.8452063093391177,16.24323645881945,18.911316065025748
B,15,20,115,200,5.0,5,1.0,5.133235695415165,0.8709183541120064,10.072062212963932,14.311701765746832
B,15,20,115,200,5.0,10,sqrt,8.983747572693417,0.8446092892883069,16.19054804120442,18.870276845798834
B,15,20,115,200,5.0,10,1.0,5.132118021695255,0.8709232224586951,10.070014274882483,14.3105452810449
B,15,20,115,200,10.0,1,sqrt,5.849948059356828,0.8679036422752022,12.214542893457615,15.369912851645632
B,15,20,115,200,10.0,1,1.0,4.583875516552401,0.8809910517518518,9.086445231809218,13.725562510625238
B,15,20,115,200,10.0,5,sqrt,5.819412520646511,0.8677377832517618,12.199698434977186,15.357493796245047
B,15,20,115,200,10.0,5,1.0,4.553569878163486,0.8810482427300247,9.06216256814478,13.69371212805903
B,15,20,115,200,10.0,10,sqrt,5.769346917774006,0.8671422658173128,12.307960129309667,15.412969351931778
B,15,20,115,200,10.0,10,1.0,4.507677317086636,0.8813004344174835,9.042430925063025,13.662679241238603
B,15,20,115,200,,1,sqrt,4.46816822271813,0.8745771312400464,10.242468187005738,14.036186430552737
B,15,20,115,200,,1,1.0,4.706614845649212,0.874679753304435,9.28680259326689,13.989222732449386
B,15,20,115,200,,5,sqrt,4.561798465777149,0.8750858392759593,10.387770844654305,14.111283123585741
B,15,20,115,200,,5,1.0,4.621143459699198,0.8774819754636176,9.14362070247946,13.852925448479862
B,15,20,115,200,,10,sqrt,4.591614203463228,0.8746692158282707,10.626368492872674,14.244941763139892
B,15,20,115,200,,10,1.0,4.526758846221465,0.8789190531638041,9.071520597614413,13.752371872500206
B,15,20,120,50,5.0,1,sqrt,11.53065361234648,0.8348167544476437,17.687042340020504,20.486461306742243
B,15,20,120,50,5.0,1,1.0,6.494418865819684,0.8624975122120974,11.1668859916709,15.50900967126243
B,15,20,120,50,5.0,5,sqrt,11.614508491789444,0.8349202486416466,17.985949473813967,20.717236586393838
B,15,20,120,50,5.0,5,1.0,6.490786444886078,0.8625110703155878,11.16424861832113,15.506610198376427
B,15,20,120,50,5.0,10,sqrt,11.316878121120034,0.8348200054732361,17.64435001976789,20.41912085292706
B,15,20,120,50,5.0,10,1.0,6.489039263266131,0.8625165317413245,11.161607899062554,15.5054660175503
B,15,20,120,50,10.0,1,sqrt,7.3946454832426385,0.8583986166647305,13.49411392114369,16.734257647853607
B,15,20,120,50,10.0,1,1.0,5.915058702368799,0.8724220078963876,10.153780112213287,14.94047857751416
B,15,20,120,50,10.0,5,sqrt,7.362679896331097,0.8563472250980311,13.572682984442114,16.797517474748748
B,15,20,120,50,10.0,5,1.0,5.858522050389333,0.8726125374543331,10.110471402751571,14.892270213438419
B,15,20,120,50,10.0,10,sqrt,7.190337397772114,0.8573444270930191,13.642708171727582,16.7985249872472
B,15,20,120,50,10.0,10,1.0,5.767195664953588,0.8729757091335462,10.091374263064282,14.85482867431449
B,15,20,120,50,,1,sqrt,5.771018742096425,0.8638065753129889,11.426927140473927,15.366875023683837
B,15,20,120,50,,1,1.0,6.218490004573021,0.8650786130981569,10.422349128297835,15.295768185925192
B,15,20,120,50,,5,sqrt,5.753184841663812,0.8653379093885285,11.474474431833059,15.313020266057226
B,15,20,120,50,,5,1.0,6.034042289356288,0.8678862803105482,10.222082544486852,15.104344328144972
B,15,20,120,50,,10,sqrt,5.813847229890547,0.865594459279313,11.705485081589044,15.465488289221522
B,15,20,120,50,,10,1.0,5.82714457358838,0.8694833638157752,10.146726326094036,14.97209216287526
B,15,20,120,100,5.0,1,sqrt,11.164760192965698,0.8357692030234718,17.239517396553936,20.059973143718686
B,15,20,120,100,5.0,1,1.0,6.49928364187017,0.8638963162660562,11.1630082493186,15.501909000320197
B,15,20,120,100,5.0,5,sqrt,11.166103886558929,0.83617329919578,17.42749635501661,20.189789486515682
B,15,20,120,100,5.0,5,1.0,6.496268609251776,0.8639070060130466,11.160412264689292,15.499752048470569
B,15,20,120,100,5.0,10,sqrt,10.946017086619074,0.8371255484659719,17.157378454341853,19.961549098502257
B,15,20,120,100,5.0,10,1.0,6.494440447910082,0.8639147814608762,11.157670658895004,15.497831363902046
B,15,20,120,100,10.0,1,sqrt,7.239475737872067,0.8606218471536389,13.41342281207154,16.624924117179805
B,15,20,120,100,10.0,1,1.0,5.8665423999626665,0.8729236343856813,10.13512284938413,14.899988189700164
B,15,20,120,100,10.0,5,sqrt,7.239483862243375,0.8590360630397995,13.465455887902996,16.678685178397423
B,15,20,120,100,10.0,5,1.0,5.817084497621133,0.8730393274829445,10.103060588887752,14.865251717328428
B,15,20,120,100,10.0,10,sqrt,7.093260912146806,0.8578012987870067,13.468957646467482,16.64142420820863
B,15,20,120,100,10.0,10,1.0,5.751773451595336,0.8732033505194199,10.088161785004065,14.83956698911815
B,15,20,120,100,,1,sqrt,5.680643989887946,0.8658142601115412,11.35675319742007,15.25006219427674
B,15,20,120,100,,1,1.0,6.113470667299742,0.8658340970748964,10.384382827270532,15.218529204091041
B,15,20,120,100,,5,sqrt,5.683868997144418,0.8666650597105304,11.436919583949267,15.247716247467869
B,15,20,120,100,,5,1.0,5.952824555906451,0.8685589481683934,10.208434111867968,15.047587239288642
B,15,20,120,100,,10,sqrt,5.708799841936732,0.8669763625440634,11.665278691873064,15.389301405145641
B,15,20,120,100,,10,1.0,5.826205910772837,0.8699237131441266,10.14138108761146,14.953463245040869
B,15,20,120,200,5.0,1,sqrt,11.046439324674056,0.8375929319754134,17.509703708210463,20.225980458582818
B,15,20,120,200,5.0,1,1.0,6.520097997820386,0.8646955982869983,11.165938327271487,15.507067805519068
B,15,20,120,200,5.0,5,sqrt,11.094569221477146,0.8377726015896899,17.64593628235458,20.346838155193886
B,15,20,120,200,5.0,5,1.0,6.518019252494549,0.8646954889706487,11.163130204532056,15.505479248744066
B,15,20,120,200,5.0,10,sqrt,11.026674413748967,0.8382956545093568,17.508374812811017,20.236509134352964
B,15,20,120,200,5.0,10,1.0,6.516312760044785,0.8647000167514521,11.160654982598103,15.504118573370803
B,15,20,120,200,10.0,1,sqrt,7.15844605500059,0.8618109788287219,13.41361194588508,16.593540996208286
