feature_set,window_size,n_components,clipping_threshold,n_estimators,learning_rate,max_depth,subsample,colsample_bytree,reg_lambda,min_child_weight,mean_S_score,mean_C_index,mean_MAE,mean_RMSE
A,20,10,115,100,0.05,3,0.8,0.8,0.1,1,3.031648424279052,0.8955885365192728,8.654737764156568,12.370206479506349
A,20,10,115,100,0.05,3,0.8,0.8,0.1,5,3.0326020542853187,0.8955912875305627,8.65423359550359,12.369434849991816
A,20,10,115,100,0.05,3,0.8,0.8,1.0,1,3.037300492826235,0.8954142392826145,8.669591660825585,12.383919277017066
A,20,10,115,100,0.05,3,0.8,0.8,1.0,5,3.035825297020747,0.895400165722058,8.67146997035625,12.385555955830906
A,20,10,115,100,0.05,3,0.8,0.8,10.0,1,3.037803030461904,0.8956042329636313,8.665572735502119,12.38356570859786
A,20,10,115,100,0.05,3,0.8,0.8,10.0,5,3.037730932749719,0.8958500059111143,8.660649707192484,12.381325554571209
A,20,10,115,100,0.05,3,0.8,1.0,0.1,1,3.0463963803780136,0.8956996081655664,8.642111340520717,12.400680835914743
A,20,10,115,100,0.05,3,0.8,1.0,0.1,5,3.0464868272644847,0.8956765189944559,8.641851584263174,12.401228706461476
A,20,10,115,100,0.05,3,0.8,1.0,1.0,1,3.042672182151513,0.8955315164857083,8.643610728023166,12.40329042379422
A,20,10,115,100,0.05,3,0.8,1.0,1.0,5,3.0427143878767327,0.8955563809426975,8.643794151647938,12.40271648619401
A,20,10,115,100,0.05,3,0.8,1.0,10.0,1,3.045529396263212,0.8954893502845058,8.647074100549023,12.40454955057304
A,20,10,115,100,0.05,3,0.8,1.0,10.0,5,3.043472462632788,0.8954659615375331,8.649581679112007,12.403138118565716
A,20,10,115,100,0.05,3,1.0,0.8,0.1,1,3.0335641299070217,0.8956429670522255,8.68516956781463,12.37313965815061
A,20,10,115,100,0.05,3,1.0,0.8,0.1,5,3.032721577398774,0.8956306405471064,8.683835420774814,12.372979245874737
A,20,10,115,100,0.05,3,1.0,0.8,1.0,1,3.026426692180192,0.8956352101098961,8.67149032332614,12.36555681415243
A,20,10,115,100,0.05,3,1.0,0.8,1.0,5,3.0262772215553477,0.8956358407425021,8.671417328767053,12.365382675677008
A,20,10,115,100,0.05,3,1.0,0.8,10.0,1,3.0390444774639565,0.8951885864815928,8.709285103843293,12.392539818273754
A,20,10,115,100,0.05,3,1.0,0.8,10.0,5,3.0430142719064053,0.8951686427304022,8.715414238829661,12.396390977594049
A,20,10,115,100,0.05,3,1.0,1.0,0.1,1,3.0490751654112755,0.8947847782145582,8.668094776133369,12.422569835076498
A,20,10,115,100,0.05,3,1.0,1.0,0.1,5,3.04943599389926,0.8948637265633176,8.666192515426214,12.422246600443158
A,20,10,115,100,0.05,3,1.0,1.0,1.0,1,3.0398529371194654,0.8949312012376879,8.66420226741961,12.415047087166904
A,20,10,115,100,0.05,3,1.0,1.0,1.0,5,3.0404716893845047,0.894925775804405,8.666759361094176,12.41544234341932
A,20,10,115,100,0.05,3,1.0,1.0,10.0,1,3.051846918916124,0.8949286553543299,8.693019742556208,12.42510652957328
A,20,10,115,100,0.05,3,1.0,1.0,10.0,5,3.0511363346705904,0.8950062146027248,8.685094593030215,12.41637051617398
A,20,10,115,100,0.05,5,0.8,0.8,0.1,1,3.0119106459467724,0.8972905233758297,8.225373215814791,12.17744377696484
A,20,10,115,100,0.05,5,0.8,0.8,0.1,5,2.9990003925096644,0.8974735661933322,8.22728245793619,12.174700764840043
A,20,10,115,100,0.05,5,0.8,0.8,1.0,1,3.0163251488653424,0.8975482522597382,8.221957326340016,12.170761325570131
A,20,10,115,100,0.05,5,0.8,0.8,1.0,5,3.0084552114338594,0.8974026668812639,8.230100290954033,12.171975598812711
A,20,10,115,100,0.05,5,0.8,0.8,10.0,1,2.996568283126763,0.8972793087508247,8.270100387511127,12.1781223414504
A,20,10,115,100,0.05,5,0.8,0.8,10.0,5,2.9963298725228213,0.8975199485829609,8.250741755510827,12.172196214011798
A,20,10,115,100,0.05,5,0.8,1.0,0.1,1,3.0169348668981355,0.8977676520937191,8.180088620044508,12.181715442256952
A,20,10,115,100,0.05,5,0.8,1.0,0.1,5,3.0093735618710924,0.8977835631229372,8.1684266218848,12.168977878858012
A,20,10,115,100,0.05,5,0.8,1.0,1.0,1,3.001220564877649,0.8980210717646866,8.164269048996774,12.158343689104102
A,20,10,115,100,0.05,5,0.8,1.0,1.0,5,3.0146183992939823,0.8980276076594805,8.16795402196475,12.162946450980938
A,20,10,115,100,0.05,5,0.8,1.0,10.0,1,3.009106162029556,0.8977799927388027,8.204711894304841,12.186072692875316
A,20,10,115,100,0.05,5,0.8,1.0,10.0,5,3.0203195308199544,0.8977618709971195,8.192806238359468,12.176123135429409
A,20,10,115,100,0.05,5,1.0,0.8,0.1,1,2.9889124599722967,0.8975400199879255,8.23631047876243,12.169217755873458
A,20,10,115,100,0.05,5,1.0,0.8,0.1,5,2.996907618188987,0.8976304938988955,8.233218026811688,12.17339581742782
A,20,10,115,100,0.05,5,1.0,0.8,1.0,1,2.9808925792115297,0.8975629520746647,8.23791713542138,12.163381740098696
A,20,10,115,100,0.05,5,1.0,0.8,1.0,5,2.979390674465753,0.8974368306165728,8.245749577887006,12.172512744470668
A,20,10,115,100,0.05,5,1.0,0.8,10.0,1,3.011316120660928,0.8972877437760207,8.282229210776475,12.198034682395086
A,20,10,115,100,0.05,5,1.0,0.8,10.0,5,2.9975763609641475,0.8974604647263643,8.264588392821608,12.184407761480532
A,20,10,115,100,0.05,5,1.0,1.0,0.1,1,3.022633318708232,0.8979049442949902,8.193993142788106,12.201052104086392
A,20,10,115,100,0.05,5,1.0,1.0,0.1,5,3.006701484754829,0.897954233018378,8.181171018655101,12.180837833170424
A,20,10,115,100,0.05,5,1.0,1.0,1.0,1,3.023908714269962,0.8980700324575297,8.18681973894356,12.194238195301908
A,20,10,115,100,0.05,5,1.0,1.0,1.0,5,3.0104451676022586,0.8981728813975487,8.183505653596534,12.18323238452145
A,20,10,115,100,0.05,5,1.0,1.0,10.0,1,3.0011986684294,0.8979644951831004,8.204022729846447,12.186087420366
A,20,10,115,100,0.05,5,1.0,1.0,10.0,5,3.005077990167534,0.8983054292969278,8.199072914296208,12.180069000774475
A,20,10,115,100,0.1,3,0.8,0.8,0.1,1,2.9971742638389225,0.896186586610361,8.41046889143571,12.282401469763492
A,20,10,115,100,0.1,3,0.8,0.8,0.1,5,3.003698830313533,0.8961200809707004,8.421342336122544,12.297107750252504
A,20,10,115,100,0.1,3,0.8,0.8,1.0,1,2.990836215335345,0.8959966737179761,8.433283655762322,12.297175800508208
A,20,10,115,100,0.1,3,0.8,0.8,1.0,5,2.9906047749802966,0.896006232932883,8.421613248768889,12.29374795182073
A,20,10,115,100,0.1,3,0.8,0.8,10.0,1,2.989070054703172,0.8961595345250242,8.43364778661246,12.289671225718168
A,20,10,115,100,0.1,3,0.8,0.8,10.0,5,2.987273967426269,0.8962846646688762,8.421277283256392,12.279742206986182
A,20,10,115,100,0.1,3,0.8,1.0,0.1,1,3.000653516232791,0.8955673817367099,8.424838900426977,12.31654683664414
A,20,10,115,100,0.1,3,0.8,1.0,0.1,5,2.9859494153473483,0.8953421632296802,8.423776061988255,12.308598921924972
A,20,10,115,100,0.1,3,0.8,1.0,1.0,1,2.98644090782588,0.8957532963623545,8.413084471436763,12.295517053515828
A,20,10,115,100,0.1,3,0.8,1.0,1.0,5,2.987405327432663,0.8956171421248026,8.417288057806331,12.301285393672496
A,20,10,115,100,0.1,3,0.8,1.0,10.0,1,2.984215320731738,0.8956830424674745,8.42720577142864,12.30517040617319
A,20,10,115,100,0.1,3,0.8,1.0,10.0,5,2.986926173791589,0.8960426511449825,8.413496606939942,12.30253382205279
A,20,10,115,100,0.1,3,1.0,0.8,0.1,1,2.9839054787569625,0.8963384444146254,8.431408696132277,12.28653244077938
A,20,10,115,100,0.1,3,1.0,0.8,0.1,5,2.97730582755128,0.8962818991365455,8.434662115280602,12.28921553177233
A,20,10,115,100,0.1,3,1.0,0.8,1.0,1,3.0030040858956637,0.8963345614130196,8.439025842984371,12.301654847934165
A,20,10,115,100,0.1,3,1.0,0.8,1.0,5,3.006401613649497,0.8964121675210475,8.434533436933995,12.295385576639656
A,20,10,115,100,0.1,3,1.0,0.8,10.0,1,2.9837097724018022,0.8965847360925681,8.418826833206282,12.280523753571758
A,20,10,115,100,0.1,3,1.0,0.8,10.0,5,2.982587915447662,0.8964574358503852,8.411492650725426,12.276357812803736
A,20,10,115,100,0.1,3,1.0,1.0,0.1,1,2.9663446878046136,0.8965580907793692,8.391719189196854,12.26913378037136
A,20,10,115,100,0.1,3,1.0,1.0,0.1,5,2.9692240902252487,0.8965316995596215,8.406427008641131,12.280957454771997
A,20,10,115,100,0.1,3,1.0,1.0,1.0,1,2.959950447785415,0.8961642182829352,8.408782858499602,12.278481555347597
A,20,10,115,100,0.1,3,1.0,1.0,1.0,5,2.9732400018838803,0.8961701744784323,8.417924159024087,12.294993614874064
A,20,10,115,100,0.1,3,1.0,1.0,10.0,1,2.99837612995225,0.8955993210672298,8.449670429535036,12.33164183190798
A,20,10,115,100,0.1,3,1.0,1.0,10.0,5,2.9978720445357023,0.8954393431191944,8.45573965030071,12.334516349140184
A,20,10,115,100,0.1,5,0.8,0.8,0.1,1,3.0798707475724094,0.8952648730978326,8.20738994778898,12.2815891224541
A,20,10,115,100,0.1,5,0.8,0.8,0.1,5,3.0788172412571577,0.8950735695476537,8.22294704882126,12.278919826395532
A,20,10,115,100,0.1,5,0.8,0.8,1.0,1,3.0799615292244864,0.8956373800707006,8.198557478994793,12.274300188556296
A,20,10,115,100,0.1,5,0.8,0.8,1.0,5,3.0694053475207026,0.8953245529184256,8.212598461918285,12.281602631873664
A,20,10,115,100,0.1,5,0.8,0.8,10.0,1,3.033142038358968,0.8959445435082651,8.182713157837139,12.233454827075024
A,20,10,115,100,0.1,5,0.8,0.8,10.0,5,3.047842187689279,0.8951116496855475,8.180844079448871,12.244182315931194
A,20,10,115,100,0.1,5,0.8,1.0,0.1,1,3.09610495501055,0.895263204561011,8.19992354473753,12.304838797240867
A,20,10,115,100,0.1,5,0.8,1.0,0.1,5,3.064338496680163,0.8951157753908241,8.188551473256004,12.281244551920468
A,20,10,115,100,0.1,5,0.8,1.0,1.0,1,3.0741141619049634,0.8952481335809953,8.192465868724781,12.28719193038422
A,20,10,115,100,0.1,5,0.8,1.0,1.0,5,3.073550604224465,0.8956989654539058,8.206048980929252,12.292629506995755
A,20,10,115,100,0.1,5,0.8,1.0,10.0,1,3.060811754034409,0.8957291644709559,8.184103859016814,12.271460629294417
A,20,10,115,100,0.1,5,0.8,1.0,10.0,5,3.0659809900344257,0.8957581151204229,8.174924665055965,12.259582855144988
A,20,10,115,100,0.1,5,1.0,0.8,0.1,1,3.0054452003193126,0.8962712997753709,8.17481731466957,12.217974872676638
A,20,10,115,100,0.1,5,1.0,0.8,0.1,5,3.0533346194241755,0.8956915230349758,8.192064345047077,12.241009291820234
A,20,10,115,100,0.1,5,1.0,0.8,1.0,1,3.0345462625578827,0.8957338789626208,8.195778754965565,12.24288900869584
A,20,10,115,100,0.1,5,1.0,0.8,1.0,5,3.013705821667497,0.8958917124287943,8.200661947563496,12.22728695691116
A,20,10,115,100,0.1,5,1.0,0.8,10.0,1,3.032201987151797,0.8956658893529186,8.182778756354654,12.218213216530666
A,20,10,115,100,0.1,5,1.0,0.8,10.0,5,3.015000891999036,0.8963594976752531,8.144547930175587,12.1795356565385
A,20,10,115,100,0.1,5,1.0,1.0,0.1,1,3.060608104602566,0.8958875458469541,8.157269287874394,12.249561357698386
A,20,10,115,100,0.1,5,1.0,1.0,0.1,5,3.0473075438420327,0.8955390974525261,8.165790601845037,12.234061805840806
A,20,10,115,100,0.1,5,1.0,1.0,1.0,1,3.047012017064376,0.8956353693124484,8.151183923685892,12.24302423886522
A,20,10,115,100,0.1,5,1.0,1.0,1.0,5,3.067554345256313,0.8957080185716029,8.147914955460845,12.258216363235473
A,20,10,115,100,0.1,5,1.0,1.0,10.0,1,3.058028194414935,0.895932442513524,8.158515145953595,12.240598669339198
A,20,10,115,100,0.1,5,1.0,1.0,10.0,5,3.034552147822453,0.8963547864398503,8.148506079720892,12.230975336296185
A,20,10,115,200,0.05,3,0.8,0.8,0.1,1,2.9607584105150364,0.8963696520420775,8.412192486251325,12.263683519625824
A,20,10,115,200,0.05,3,0.8,0.8,0.1,5,2.9565515937354947,0.8963748996794385,8.405095072690688,12.256521370176726
A,20,10,115,200,0.05,3,0.8,0.8,1.0,1,2.966851764647495,0.896270146241305,8.415895616448651,12.271338071587476
A,20,10,115,200,0.05,3,0.8,0.8,1.0,5,2.964174566116076,0.8963344024170921,8.4201351561948,12.270524255515884
A,20,10,115,200,0.05,3,0.8,0.8,10.0,1,2.961257785178433,0.8964717636514761,8.411959888282107,12.263840087253838
A,20,10,115,200,0.05,3,0.8,0.8,10.0,5,2.969102996983219,0.8963769602233365,8.417868517252469,12.27154458849611
A,20,10,115,200,0.05,3,0.8,1.0,0.1,1,2.961956567594814,0.8964412155932461,8.386876369214724,12.26917735562608
A,20,10,115,200,0.05,3,0.8,1.0,0.1,5,2.9564371839119548,0.8964903063680693,8.380706118394354,12.257207961746456
A,20,10,115,200,0.05,3,0.8,1.0,1.0,1,2.953893369517656,0.8963341256081989,8.388251627719033,12.264168965290526
A,20,10,115,200,0.05,3,0.8,1.0,1.0,5,2.954608835352777,0.896335830195224,8.382864142530554,12.260190509792793
A,20,10,115,200,0.05,3,0.8,1.0,10.0,1,2.9654139696281803,0.896148266026611,8.388176297153375,12.274206651899622
A,20,10,115,200,0.05,3,0.8,1.0,10.0,5,2.965611887632599,0.8962082227779578,8.387212336459557,12.273414440558046
A,20,10,115,200,0.05,3,1.0,0.8,0.1,1,2.9495349491646072,0.896619200944226,8.406783128016,12.247867937548552
A,20,10,115,200,0.05,3,1.0,0.8,0.1,5,2.965392390643067,0.8965176358107841,8.427713893310212,12.270024610726525
A,20,10,115,200,0.05,3,1.0,0.8,1.0,1,2.961437142985578,0.8964497069028552,8.420145608966944,12.26497184107136
A,20,10,115,200,0.05,3,1.0,0.8,1.0,5,2.952985332287415,0.8965673239074642,8.412153311519637,12.25097980918007
A,20,10,115,200,0.05,3,1.0,0.8,10.0,1,2.957082540169112,0.8960157339503484,8.43184700444515,12.269719492899087
A,20,10,115,200,0.05,3,1.0,0.8,10.0,5,2.966466189211798,0.8959875439717647,8.434955588935082,12.279438507722803
A,20,10,115,200,0.05,3,1.0,1.0,0.1,1,2.981118552959013,0.8959154868711524,8.413148781995062,12.29592936389144
A,20,10,115,200,0.05,3,1.0,1.0,0.1,5,2.9840486129947097,0.8958013554552624,8.42272319086781,12.306855533355924
A,20,10,115,200,0.05,3,1.0,1.0,1.0,1,2.9680424858252072,0.8960372316095981,8.412073009337423,12.289531765763645
A,20,10,115,200,0.05,3,1.0,1.0,1.0,5,2.9716708040516493,0.8958094835262356,8.421888815219912,12.298373628831772
A,20,10,115,200,0.05,3,1.0,1.0,10.0,1,2.9761448515045994,0.8960565527906326,8.421125471587818,12.299557073772302
A,20,10,115,200,0.05,3,1.0,1.0,10.0,5,2.977161544475352,0.896010550491399,8.415478967103786,12.292222363678777
A,20,10,115,200,0.05,5,0.8,0.8,0.1,1,3.033957290865375,0.8953676788939404,8.18447070546945,12.224014621463674
A,20,10,115,200,0.05,5,0.8,0.8,0.1,5,3.0324245064335678,0.8955725163220976,8.178703806378227,12.22511564350732
A,20,10,115,200,0.05,5,0.8,0.8,1.0,1,3.043668975144962,0.8958416222242537,8.165845197654889,12.217498133985746
A,20,10,115,200,0.05,5,0.8,0.8,1.0,5,3.0282308329020795,0.8960639440256539,8.159608102527839,12.211006852635265
A,20,10,115,200,0.05,5,0.8,0.8,10.0,1,3.0217843899779857,0.8958165304013468,8.176358286070649,12.205302340185918
A,20,10,115,200,0.05,5,0.8,0.8,10.0,5,3.0124533418254065,0.896019192497769,8.163114598493115,12.193092867686342
A,20,10,115,200,0.05,5,0.8,1.0,0.1,1,3.0379314278428446,0.8956818961060552,8.139166262163375,12.232410588480851
A,20,10,115,200,0.05,5,0.8,1.0,0.1,5,3.0434202908083003,0.8958271306540967,8.135987073111327,12.231361861567516
A,20,10,115,200,0.05,5,0.8,1.0,1.0,1,3.0279318034322085,0.8960432551884411,8.125321459570781,12.212892025019864
A,20,10,115,200,0.05,5,0.8,1.0,1.0,5,3.050752917759275,0.8957354628584928,8.130314297092891,12.22435009917608
A,20,10,115,200,0.05,5,0.8,1.0,10.0,1,3.0367950673629944,0.8960907428918097,8.13356373935474,12.224180111850549
A,20,10,115,200,0.05,5,0.8,1.0,10.0,5,3.052589010099345,0.896215258233329,8.123945761935142,12.225587553176188
A,20,10,115,200,0.05,5,1.0,0.8,0.1,1,3.0007232591520685,0.8964820520779894,8.159729130530028,12.190429371299428
A,20,10,115,200,0.05,5,1.0,0.8,0.1,5,3.029693156557915,0.8961253905590665,8.160055050394476,12.20636657376827
A,20,10,115,200,0.05,5,1.0,0.8,1.0,1,3.0040041244300206,0.8962388581787127,8.15891775184013,12.191164384378524
A,20,10,115,200,0.05,5,1.0,0.8,1.0,5,3.002430595030732,0.8960370185143779,8.178110319939751,12.20566504774222
A,20,10,115,200,0.05,5,1.0,0.8,10.0,1,3.0342164387120163,0.896305875992012,8.17619147174869,12.203702674233464
A,20,10,115,200,0.05,5,1.0,0.8,10.0,5,3.0223704030569123,0.8963242437372907,8.158425252275332,12.196325574421143
A,20,10,115,200,0.05,5,1.0,1.0,0.1,1,3.058156701610542,0.8962261560519451,8.140758148028308,12.23763907219212
A,20,10,115,200,0.05,5,1.0,1.0,0.1,5,3.0366438505910787,0.8958503614258191,8.14052835835771,12.21878187538056
A,20,10,115,200,0.05,5,1.0,1.0,1.0,1,3.0449218191667864,0.8961518244856835,8.135371982927259,12.229712733050157
A,20,10,115,200,0.05,5,1.0,1.0,1.0,5,3.0366761832536358,0.8964619490300751,8.13086020521342,12.2156725192555
A,20,10,115,200,0.05,5,1.0,1.0,10.0,1,3.0284209292968995,0.8964129284487219,8.131014809944732,12.208434135621374
A,20,10,115,200,0.05,5,1.0,1.0,10.0,5,3.034086364112957,0.8967136474953167,8.12009693035608,12.203016766685852
A,20,10,115,200,0.1,3,0.8,0.8,0.1,1,2.964375938803552,0.895767283862412,8.396939598903918,12.263887723709129
A,20,10,115,200,0.1,3,0.8,0.8,0.1,5,2.972416909131208,0.8955518454044868,8.390566536023575,12.277924183769318
A,20,10,115,200,0.1,3,0.8,0.8,1.0,1,2.9665712912426607,0.8956152367096675,8.400299747652284,12.273600216377966
A,20,10,115,200,0.1,3,0.8,0.8,1.0,5,2.964385277766997,0.8955602560306086,8.390403399910394,12.272718986176498
A,20,10,115,200,0.1,3,0.8,0.8,10.0,1,2.9582051605633746,0.8956482335549033,8.3788668553043,12.255452585715243
A,20,10,115,200,0.1,3,0.8,0.8,10.0,5,2.943925964554706,0.8957198033888483,8.379886588153038,12.248291763088602
A,20,10,115,200,0.1,3,0.8,1.0,0.1,1,2.9497583293212544,0.8956926035928197,8.351795565755188,12.250112629331785
A,20,10,115,200,0.1,3,0.8,1.0,0.1,5,2.9536523341875798,0.89520654968456,8.361605844688585,12.27229914645817
A,20,10,115,200,0.1,3,0.8,1.0,1.0,1,2.944990012701595,0.8957580183511421,8.347301475970967,12.240990606239558
A,20,10,115,200,0.1,3,0.8,1.0,1.0,5,2.9444291119623336,0.8956419053748499,8.35184193462509,12.248955919964647
A,20,10,115,200,0.1,3,0.8,1.0,10.0,1,2.936313808145843,0.8958443960666536,8.348882054141056,12.248514349360413
A,20,10,115,200,0.1,3,0.8,1.0,10.0,5,2.9238384716679784,0.8961056722305777,8.319552523671485,12.226751356119893
A,20,10,115,200,0.1,3,1.0,0.8,0.1,1,2.9387656793202384,0.896109427013284,8.374142542275582,12.24370942787914
A,20,10,115,200,0.1,3,1.0,0.8,0.1,5,2.932784815892861,0.8961979048512771,8.358270036709651,12.2347216614024
A,20,10,115,200,0.1,3,1.0,0.8,1.0,1,2.9653957334315795,0.8961707064806467,8.387145750037472,12.258811301262645
A,20,10,115,200,0.1,3,1.0,0.8,1.0,5,2.9514706028412228,0.8964923228941416,8.360115776712561,12.23328364603851
A,20,10,115,200,0.1,3,1.0,0.8,10.0,1,2.94159086119691,0.8965423265689232,8.356695329381049,12.241081493368403
A,20,10,115,200,0.1,3,1.0,0.8,10.0,5,2.9432293708623964,0.8964317479279547,8.34410486815813,12.233835602725437
A,20,10,115,200,0.1,3,1.0,1.0,0.1,1,2.929736544731115,0.8962561465838046,8.340614260086765,12.232158115007731
A,20,10,115,200,0.1,3,1.0,1.0,0.1,5,2.928944907743689,0.8961903702557892,8.34667086812232,12.234865210373624
A,20,10,115,200,0.1,3,1.0,1.0,1.0,1,2.9260981122473644,0.8959695312179683,8.351031902339573,12.237162013237269
A,20,10,115,200,0.1,3,1.0,1.0,1.0,5,2.934949117689297,0.8957546047256715,8.369054936155596,12.252960535061458
A,20,10,115,200,0.1,3,1.0,1.0,10.0,1,2.9560178783573035,0.8958426216118909,8.370161188157976,12.268600815648824
A,20,10,115,200,0.1,3,1.0,1.0,10.0,5,2.961800577367001,0.8958874097837908,8.386595386470152,12.290506179676774
A,20,10,115,200,0.1,5,0.8,0.8,0.1,1,3.1753639349073928,0.8915353239725426,8.38679771408668,12.458535678522114
A,20,10,115,200,0.1,5,0.8,0.8,0.1,5,3.1745130953633085,0.8916123739274813,8.373373710278178,12.429397019267142
A,20,10,115,200,0.1,5,0.8,0.8,1.0,1,3.174832632825697,0.8921975674095213,8.347837416088444,12.415943650560052
A,20,10,115,200,0.1,5,0.8,0.8,1.0,5,3.1415631932224164,0.8923259879824388,8.353208178692281,12.409827410071568
A,20,10,115,200,0.1,5,0.8,0.8,10.0,1,3.124658275090323,0.8928207249293761,8.299288488717872,12.364514623848205
A,20,10,115,200,0.1,5,0.8,0.8,10.0,5,3.120975859327796,0.8926172026532806,8.308226020951295,12.3708338915793
A,20,10,115,200,0.1,5,0.8,1.0,0.1,1,3.221818689324233,0.8915107060510096,8.375872095195126,12.48455192716802
A,20,10,115,200,0.1,5,0.8,1.0,0.1,5,3.164697299470253,0.8918450548096744,8.340106653954042,12.433183018368288
A,20,10,115,200,0.1,5,0.8,1.0,1.0,1,3.196311379942887,0.8914204901049063,8.35926296552365,12.474073088643626
A,20,10,115,200,0.1,5,0.8,1.0,1.0,5,3.166410742394551,0.8922286190284188,8.368805787004863,12.466091212785413
A,20,10,115,200,0.1,5,0.8,1.0,10.0,1,3.149330974743555,0.8918913814815961,8.330964628740631,12.432856387201968
A,20,10,115,200,0.1,5,0.8,1.0,10.0,5,3.16526440516804,0.8924857586387936,8.31941774135276,12.412096146820236
A,20,10,115,200,0.1,5,1.0,0.8,0.1,1,3.047157788425693,0.8938469181419346,8.274597229774338,12.311336293020029
A,20,10,115,200,0.1,5,1.0,0.8,0.1,5,3.1072444317686925,0.8937681352088322,8.283326092307318,12.3322066468794
A,20,10,115,200,0.1,5,1.0,0.8,1.0,1,3.088058390868885,0.8931143075144921,8.313424631453547,12.351155049106886
A,20,10,115,200,0.1,5,1.0,0.8,1.0,5,3.0917931307887607,0.8934368197733603,8.306557986673093,12.340873626265497
A,20,10,115,200,0.1,5,1.0,0.8,10.0,1,3.079307730563625,0.8935039651750303,8.25269469042127,12.292124170249505
A,20,10,115,200,0.1,5,1.0,0.8,10.0,5,3.0559457296841077,0.8940839586535422,8.23397290430942,12.263624352808668
A,20,10,115,200,0.1,5,1.0,1.0,0.1,1,3.124037263335706,0.8927230092994318,8.306000354190362,12.387350578231354
A,20,10,115,200,0.1,5,1.0,1.0,0.1,5,3.119155066086816,0.892965030553872,8.303141712067305,12.364129986474724
A,20,10,115,200,0.1,5,1.0,1.0,1.0,1,3.1070809451909427,0.8933398222599006,8.278125971890455,12.353664055727094
A,20,10,115,200,0.1,5,1.0,1.0,1.0,5,3.1329944940612013,0.8927367191285109,8.302646823973085,12.390611934073917
A,20,10,115,200,0.1,5,1.0,1.0,10.0,1,3.1154883704826077,0.8931884702697968,8.270671816121013,12.363205732803902
A,20,10,115,200,0.1,5,1.0,1.0,10.0,5,3.0802803691472347,0.8940371749028332,8.257686750528155,12.339745046114984
A,20,10,115,300,0.05,3,0.8,0.8,0.1,1,2.926894941874129,0.8965825356970727,8.354986749889768,12.224494404434864
A,20,10,115,300,0.05,3,0.8,0.8,0.1,5,2.931809520151566,0.8964171190199723,8.358124102998506,12.225678911318775
A,20,10,115,300,0.05,3,0.8,0.8,1.0,1,2.938028398443955,0.8961635993831122,8.370491042384582,12.241332342859875
A,20,10,115,300,0.05,3,0.8,0.8,1.0,5,2.932671074963457,0.8964227326173193,8.36641745375008,12.233424684520578
A,20,10,115,300,0.05,3,0.8,0.8,10.0,1,2.931210072213724,0.8967310763788017,8.355497458139984,12.22326733308849
A,20,10,115,300,0.05,3,0.8,0.8,10.0,5,2.9315642253973584,0.896843051478271,8.355551429791408,12.221658027921492
A,20,10,115,300,0.05,3,0.8,1.0,0.1,1,2.931677353475346,0.8964775295122409,8.34565937778513,12.234567381046856
A,20,10,115,300,0.05,3,0.8,1.0,0.1,5,2.933456904913348,0.896673687692623,8.33989585532764,12.227391908761067
A,20,10,115,300,0.05,3,0.8,1.0,1.0,1,2.9296313831647107,0.8962653403814558,8.350030809293449,12.230916354967473
A,20,10,115,300,0.05,3,0.8,1.0,1.0,5,2.940597686893441,0.8962897273595678,8.348199540460545,12.234946811881738
A,20,10,115,300,0.05,3,0.8,1.0,10.0,1,2.9449295441400904,0.8963199972094935,8.341393221953368,12.241549092319184
A,20,10,115,300,0.05,3,0.8,1.0,10.0,5,2.9358630094425613,0.8962469536779001,8.337388921478246,12.232557260990172
A,20,10,115,300,0.05,3,1.0,0.8,0.1,1,2.924207040120648,0.8965403978192489,8.36230874621006,12.219395795749724
A,20,10,115,300,0.05,3,1.0,0.8,0.1,5,2.9334757854299007,0.8966369345127105,8.371744520227162,12.23065691696006
A,20,10,115,300,0.05,3,1.0,0.8,1.0,1,2.939565886378876,0.8963459024205875,8.374947519090444,12.242359632473308
A,20,10,115,300,0.05,3,1.0,0.8,1.0,5,2.9319320942936464,0.8964717457766914,8.36209679566387,12.221683496707026
A,20,10,115,300,0.05,3,1.0,0.8,10.0,1,2.9309249116492717,0.896257346064224,8.370713896638868,12.226229046678656
A,20,10,115,300,0.05,3,1.0,0.8,10.0,5,2.936770281238809,0.8960950624080743,8.380890388224786,12.242182606226852
A,20,10,115,300,0.05,3,1.0,1.0,0.1,1,2.9564191450737742,0.8960341164356096,8.368499068087697,12.264867545386476
A,20,10,115,300,0.05,3,1.0,1.0,0.1,5,2.955609639384403,0.8959077689670177,8.38364148351085,12.278202050284882
A,20,10,115,300,0.05,3,1.0,1.0,1.0,1,2.943656825113647,0.8961365044285223,8.373970087176232,12.26090900030804
A,20,10,115,300,0.05,3,1.0,1.0,1.0,5,2.950340771012461,0.8958770800348755,8.386220432080368,12.272705938611928
A,20,10,115,300,0.05,3,1.0,1.0,10.0,1,2.958586184038634,0.8958998091190866,8.382783795599948,12.27715031030721
A,20,10,115,300,0.05,3,1.0,1.0,10.0,5,2.951693251693454,0.8960260718044857,8.370055715911246,12.262671095799984
A,20,10,115,300,0.05,5,0.8,0.8,0.1,1,3.079442567243787,0.8935113273246369,8.244781271401056,12.28741524946475
A,20,10,115,300,0.05,5,0.8,0.8,0.1,5,3.084018075350466,0.8938043364118095,8.237779812875155,12.290181058303318
A,20,10,115,300,0.05,5,0.8,0.8,1.0,1,3.0777228563527155,0.8944974965803552,8.214119696913674,12.268350460917867
A,20,10,115,300,0.05,5,0.8,0.8,1.0,5,3.06842503684417,0.8944550807848518,8.222248489701098,12.271247345928346
A,20,10,115,300,0.05,5,0.8,0.8,10.0,1,3.0634908509997,0.8943961674791245,8.224881882562242,12.270327008495377
A,20,10,115,300,0.05,5,0.8,0.8,10.0,5,3.0585224035662555,0.8946122913385836,8.208604740217712,12.25086406189554
A,20,10,115,300,0.05,5,0.8,1.0,0.1,1,3.085340457487592,0.8939332581116197,8.219610742181382,12.306681278850368
A,20,10,115,300,0.05,5,0.8,1.0,0.1,5,3.096364394035197,0.8939585357254088,8.221799558922935,12.31522956182576
A,20,10,115,300,0.05,5,0.8,1.0,1.0,1,3.0797196795732,0.8941916609168666,8.206849618716268,12.29321642204791
A,20,10,115,300,0.05,5,0.8,1.0,1.0,5,3.085219118917587,0.8937436460388526,8.209530108943422,12.29727676723833
A,20,10,115,300,0.05,5,0.8,1.0,10.0,1,3.085341958750968,0.8945269151313529,8.206667232919685,12.29485516252281
A,20,10,115,300,0.05,5,0.8,1.0,10.0,5,3.0942511558839456,0.8946458085011235,8.1975165318297,12.294436426360068
A,20,10,115,300,0.05,5,1.0,0.8,0.1,1,3.0304972309843534,0.8952457896633039,8.198525533101392,12.240075769962468
A,20,10,115,300,0.05,5,1.0,0.8,0.1,5,3.0514215292186586,0.8952383201385402,8.210712509872803,12.254306719822209
A,20,10,115,300,0.05,5,1.0,0.8,1.0,1,3.031230348290602,0.8951748848890346,8.203219700221691,12.239414139877532
A,20,10,115,300,0.05,5,1.0,0.8,1.0,5,3.032675614778072,0.8950090655396551,8.212091725488708,12.248946467729365
A,20,10,115,300,0.05,5,1.0,0.8,10.0,1,3.0552595780418863,0.8951097656334074,8.208013457796662,12.241322751549529
A,20,10,115,300,0.05,5,1.0,0.8,10.0,5,3.0440378458385213,0.8952680431461448,8.19212450089719,12.23184039907895
A,20,10,115,300,0.05,5,1.0,1.0,0.1,1,3.085895128268035,0.8949848314967579,8.200468025199887,12.295213865543484
A,20,10,115,300,0.05,5,1.0,1.0,0.1,5,3.0711091661983065,0.8949494411633621,8.195858267769875,12.265960161178
A,20,10,115,300,0.05,5,1.0,1.0,1.0,1,3.069257810991299,0.8947806460155447,8.203553220799595,12.29105524994556
A,20,10,115,300,0.05,5,1.0,1.0,1.0,5,3.048826801320817,0.8950941252562863,8.185724149177421,12.262452429485446
A,20,10,115,300,0.05,5,1.0,1.0,10.0,1,3.056777315573316,0.8953254387530183,8.178362198276618,12.263506515369134
A,20,10,115,300,0.05,5,1.0,1.0,10.0,5,3.0558164835591164,0.8954418128284878,8.161362797713949,12.247519784621073
A,20,10,115,300,0.1,3,0.8,0.8,0.1,1,2.967971178516997,0.894766787691689,8.377524344073652,12.257694106296086
A,20,10,115,300,0.1,3,0.8,0.8,0.1,5,2.9683408689017456,0.895017840902908,8.367251416945164,12.254716542883434
A,20,10,115,300,0.1,3,0.8,0.8,1.0,1,2.973274740980455,0.8949607773153918,8.394276903871512,12.273089956729176
A,20,10,115,300,0.1,3,0.8,0.8,1.0,5,2.973062705136146,0.8949024495265798,8.375698844303068,12.267187906980784
A,20,10,115,300,0.1,3,0.8,0.8,10.0,1,2.956687119261805,0.8954584007745128,8.34908153010156,12.233883948869066
A,20,10,115,300,0.1,3,0.8,0.8,10.0,5,2.950120023617176,0.8950682497642177,8.361066991103437,12.236065184489297
A,20,10,115,300,0.1,3,0.8,1.0,0.1,1,2.945980400942533,0.894917054805141,8.357365300151955,12.249748047815949
A,20,10,115,300,0.1,3,0.8,1.0,0.1,5,2.950351054225039,0.8945190205046236,8.362337673113657,12.265222944754267
A,20,10,115,300,0.1,3,0.8,1.0,1.0,1,2.947483230545809,0.8950851425243733,8.358563766721963,12.24888451479882
A,20,10,115,300,0.1,3,0.8,1.0,1.0,5,2.934003700067456,0.8952989125685251,8.34291681344364,12.226709687438612
A,20,10,115,300,0.1,3,0.8,1.0,10.0,1,2.923301604051813,0.8955143907239724,8.339200464356104,12.227394885663648
A,20,10,115,300,0.1,3,0.8,1.0,10.0,5,2.9370546258335866,0.8954165324175023,8.337542705530744,12.242443118317109
A,20,10,115,300,0.1,3,1.0,0.8,0.1,1,2.9355466196731643,0.8958735758654452,8.358653682546642,12.2333574730347
A,20,10,115,300,0.1,3,1.0,0.8,0.1,5,2.920987815518159,0.8958774144789654,8.343632176723265,12.226296239988285
A,20,10,115,300,0.1,3,1.0,0.8,1.0,1,2.943559218315165,0.8961874197913691,8.346207336538276,12.233006683326774
A,20,10,115,300,0.1,3,1.0,0.8,1.0,5,2.9282181264542237,0.8965291197372445,8.324835910394814,12.210622720706969
A,20,10,115,300,0.1,3,1.0,0.8,10.0,1,2.9155725326602826,0.8967537074295903,8.3168217813509,12.198112830728586
A,20,10,115,300,0.1,3,1.0,0.8,10.0,5,2.936786744162504,0.8962216536484844,8.329517828594598,12.221153412355394
A,20,10,115,300,0.1,3,1.0,1.0,0.1,1,2.91644670051853,0.8958909144356626,8.327385533944232,12.21973301725658
A,20,10,115,300,0.1,3,1.0,1.0,0.1,5,2.9136433332572342,0.895805113893694,8.323294787175385,12.222318002790448
A,20,10,115,300,0.1,3,1.0,1.0,1.0,1,2.9157713226141047,0.8956202001429536,8.327169192333475,12.216249460575485
A,20,10,115,300,0.1,3,1.0,1.0,1.0,5,2.9262841656491188,0.8955590911895429,8.343173197747555,12.233342699487388
A,20,10,115,300,0.1,3,1.0,1.0,10.0,1,2.929797678000159,0.895555778573379,8.326323844230169,12.231742228813076
A,20,10,115,300,0.1,3,1.0,1.0,10.0,5,2.933532221974843,0.895950317872189,8.347122708084848,12.2485676196919
A,20,10,115,300,0.1,5,0.8,0.8,0.1,1,3.283714179960133,0.8890554136272926,8.507471789733803,12.593138669993351
A,20,10,115,300,0.1,5,0.8,0.8,0.1,5,3.282666768442136,0.8896207386477206,8.479086762952756,12.54896637147457
A,20,10,115,300,0.1,5,0.8,0.8,1.0,1,3.2821976148834096,0.889622194415064,8.48049380031829,12.558993075810532
A,20,10,115,300,0.1,5,0.8,0.8,1.0,5,3.233885578319446,0.8898889789161697,8.473593428287197,12.53351748819152
A,20,10,115,300,0.1,5,0.8,0.8,10.0,1,3.218263231414922,0.8906013272255955,8.410948111838405,12.476688264140396
A,20,10,115,300,0.1,5,0.8,0.8,10.0,5,3.2335442453756387,0.890371765347488,8.412002547782796,12.496673923898822
A,20,10,115,300,0.1,5,0.8,1.0,0.1,1,3.353021306914866,0.8890860047001918,8.50404621458062,12.636082290310997
A,20,10,115,300,0.1,5,0.8,1.0,0.1,5,3.23525109807266,0.8897928271109894,8.46502177504605,12.549065552862752
A,20,10,115,300,0.1,5,0.8,1.0,1.0,1,3.314664178323851,0.8887906686412486,8.491664188710295,12.607806328998644
A,20,10,115,300,0.1,5,0.8,1.0,1.0,5,3.3144707427716127,0.8892297343003162,8.49475818605389,12.61862088257401
A,20,10,115,300,0.1,5,0.8,1.0,10.0,1,3.2679696658067217,0.8894693446420361,8.459927606064886,12.57328332177772
A,20,10,115,300,0.1,5,0.8,1.0,10.0,5,3.2594232575916124,0.88978905317871,8.440265591220173,12.544361024233424
A,20,10,115,300,0.1,5,1.0,0.8,0.1,1,3.1212863372064623,0.8919791370958716,8.373204685213349,12.41579049252458
A,20,10,115,300,0.1,5,1.0,0.8,0.1,5,3.185133010741785,0.8916534818863898,8.392967109643184,12.443861494539872
A,20,10,115,300,0.1,5,1.0,0.8,1.0,1,3.169891712617742,0.8906739210810277,8.428775899369489,12.476910099141776
A,20,10,115,300,0.1,5,1.0,0.8,1.0,5,3.1706394960112423,0.8913570366742297,8.398971646992294,12.44837452932966
A,20,10,115,300,0.1,5,1.0,0.8,10.0,1,3.1496675655958746,0.8912668833984141,8.352397505053322,12.409131961849363
A,20,10,115,300,0.1,5,1.0,0.8,10.0,5,3.1158300577594824,0.8924213852289358,8.319487820310238,12.36294862661809
A,20,10,115,300,0.1,5,1.0,1.0,0.1,1,3.1926809277768298,0.8907810478005016,8.418186003178256,12.50123430603892
A,20,10,115,300,0.1,5,1.0,1.0,0.1,5,3.1941612111033577,0.8909556202455597,8.413319579015432,12.490828457380037
A,20,10,115,300,0.1,5,1.0,1.0,1.0,1,3.198141139797364,0.8918370166017621,8.375552821630288,12.468305572500949
A,20,10,115,300,0.1,5,1.0,1.0,1.0,5,3.232228915397644,0.8907607975728269,8.421454197671057,12.512331483643065
A,20,10,115,300,0.1,5,1.0,1.0,10.0,1,3.205412379422888,0.8910432069630316,8.37692757469165,12.481346465797532
A,20,10,115,300,0.1,5,1.0,1.0,10.0,5,3.160131310859856,0.892013310989244,8.352951003710707,12.43774098853305
A,20,10,120,100,0.05,3,0.8,0.8,0.1,1,3.7454172547123066,0.888301550843513,9.622101139857367,13.438378129875677
A,20,10,120,100,0.05,3,0.8,0.8,0.1,5,3.746297575550571,0.8883067356402394,9.622982275026262,13.43959271844562
A,20,10,120,100,0.05,3,0.8,0.8,1.0,1,3.759934366715176,0.8880911138441572,9.63959565616603,13.45607742496578
A,20,10,120,100,0.05,3,0.8,0.8,1.0,5,3.753410141109666,0.8881297989143808,9.640303436660052,13.453099131582766
A,20,10,120,100,0.05,3,0.8,0.8,10.0,1,3.750112497142998,0.8881653657436545,9.64800044080782,13.462118343149324
A,20,10,120,100,0.05,3,0.8,0.8,10.0,5,3.751851551358153,0.888156163861925,9.648974453015043,13.46231929241348
A,20,10,120,100,0.05,3,0.8,1.0,0.1,1,3.749781000369764,0.8882762536902232,9.600248164732823,13.443676729914808
A,20,10,120,100,0.05,3,0.8,1.0,0.1,5,3.755992164064394,0.888082145412044,9.602914686155897,13.45149043162979
A,20,10,120,100,0.05,3,0.8,1.0,1.0,1,3.765873124615232,0.887832420630799,9.607376401554252,13.465597160745522
A,20,10,120,100,0.05,3,0.8,1.0,1.0,5,3.762664656423735,0.8878678897040861,9.606764694711456,13.461871529594491
A,20,10,120,100,0.05,3,0.8,1.0,10.0,1,3.771167077012761,0.8883102402364205,9.614139019664988,13.461558453840876
A,20,10,120,100,0.05,3,0.8,1.0,10.0,5,3.7625010734478215,0.8883470569252306,9.611830954226308,13.45714095764355
A,20,10,120,100,0.05,3,1.0,0.8,0.1,1,3.7319223605942335,0.8883787029125185,9.64439477609776,13.433605014346066
A,20,10,120,100,0.05,3,1.0,0.8,0.1,5,3.730842103572348,0.8884048367178805,9.646079344444896,13.432838839612478
A,20,10,120,100,0.05,3,1.0,0.8,1.0,1,3.727456176941272,0.888541991019894,9.650854648980532,13.424984329871553
A,20,10,120,100,0.05,3,1.0,0.8,1.0,5,3.72608260972241,0.88857046432421,9.650336971030002,13.42643421912465
A,20,10,120,100,0.05,3,1.0,0.8,10.0,1,3.756747574975873,0.888082299660138,9.673839683112393,13.451058950605912
A,20,10,120,100,0.05,3,1.0,0.8,10.0,5,3.755279373611823,0.8881450645572532,9.671320277552084,13.446565070002162
A,20,10,120,100,0.05,3,1.0,1.0,0.1,1,3.786253110658413,0.8877324503306985,9.642988326559788,13.492120160780326
A,20,10,120,100,0.05,3,1.0,1.0,0.1,5,3.785620396340303,0.8877360820098149,9.642636492754963,13.49115038936642
A,20,10,120,100,0.05,3,1.0,1.0,1.0,1,3.772613772976585,0.887894685952616,9.643293899124732,13.478023407727555
A,20,10,120,100,0.05,3,1.0,1.0,1.0,5,3.772631646105636,0.8878930533870998,9.643383419526458,13.478083051349453
A,20,10,120,100,0.05,3,1.0,1.0,10.0,1,3.776039710737408,0.8875251949062676,9.65974416508933,13.501591838651482
A,20,10,120,100,0.05,3,1.0,1.0,10.0,5,3.7770924093051006,0.8875386604668062,9.657364323755017,13.503312522464928
A,20,10,120,100,0.05,5,0.8,0.8,0.1,1,3.769933900809518,0.8901906350659132,9.167219425523724,13.238802257297404
A,20,10,120,100,0.05,5,0.8,0.8,0.1,5,3.764135602509229,0.890332504728309,9.15570589247121,13.226868597652816
A,20,10,120,100,0.05,5,0.8,0.8,1.0,1,3.7577163050915177,0.8903258547610872,9.160293488626284,13.228162243345007
A,20,10,120,100,0.05,5,0.8,0.8,1.0,5,3.759421377623733,0.8902037300446215,9.162908525054418,13.22889080372783
A,20,10,120,100,0.05,5,0.8,0.8,10.0,1,3.781481499004961,0.8898408158811405,9.223920121002644,13.26144445172219
A,20,10,120,100,0.05,5,0.8,0.8,10.0,5,3.770301689481341,0.8900743779596478,9.205264532583062,13.242714503674028
A,20,10,120,100,0.05,5,0.8,1.0,0.1,1,3.7891146593084,0.8906028844767526,9.106419308750564,13.24637508308021
A,20,10,120,100,0.05,5,0.8,1.0,0.1,5,3.778232896890613,0.8905498331648604,9.097153009239614,13.241993111696326
A,20,10,120,100,0.05,5,0.8,1.0,1.0,1,3.760992876735018,0.8904830153382035,9.104052014376972,13.22597918001467
A,20,10,120,100,0.05,5,0.8,1.0,1.0,5,3.762217312956494,0.8904652558025958,9.096077140185171,13.223661388468956
A,20,10,120,100,0.05,5,0.8,1.0,10.0,1,3.77123247763496,0.8903105237685901,9.150260151757198,13.254926708791118
A,20,10,120,100,0.05,5,0.8,1.0,10.0,5,3.7656882708504993,0.8903733128645268,9.135801675356191,13.248930249073066
A,20,10,120,100,0.05,5,1.0,0.8,0.1,1,3.755170951447758,0.8899140129040516,9.178032831532112,13.26564237214777
A,20,10,120,100,0.05,5,1.0,0.8,0.1,5,3.754311345683315,0.8900534166516879,9.1786234058636,13.264885225646498
A,20,10,120,100,0.05,5,1.0,0.8,1.0,1,3.7489624765361578,0.890175635407323,9.169622346178198,13.238097122668924
A,20,10,120,100,0.05,5,1.0,0.8,1.0,5,3.751637723474886,0.8900750492799275,9.178049159608918,13.250696511964478
A,20,10,120,100,0.05,5,1.0,0.8,10.0,1,3.7628224606016616,0.8897828579944074,9.211759288283744,13.252795593159664
A,20,10,120,100,0.05,5,1.0,0.8,10.0,5,3.775295402809408,0.8899617427453365,9.197022425813056,13.254481617260833
A,20,10,120,100,0.05,5,1.0,1.0,0.1,1,3.774787536895025,0.8905976871228647,9.121472523076148,13.257260896364448
A,20,10,120,100,0.05,5,1.0,1.0,0.1,5,3.79229786229702,0.8903784572910094,9.126120204580968,13.265469619610789
A,20,10,120,100,0.05,5,1.0,1.0,1.0,1,3.76008427168774,0.8903814033995738,9.120104955635949,13.246026069004614
A,20,10,120,100,0.05,5,1.0,1.0,1.0,5,3.7764157450235176,0.8902668379129907,9.1293220408314,13.256904462564046
A,20,10,120,100,0.05,5,1.0,1.0,10.0,1,3.781425632057772,0.8905064682519022,9.166634467161751,13.270824841068372
A,20,10,120,100,0.05,5,1.0,1.0,10.0,5,3.775809370044841,0.8900780104501533,9.168035151695053,13.279497306163
A,20,10,120,100,0.1,3,0.8,0.8,0.1,1,3.6934658400267977,0.8886687123781984,9.373145233309245,13.355948290084973
A,20,10,120,100,0.1,3,0.8,0.8,0.1,5,3.6861247532876105,0.8887489688797743,9.366249849701283,13.352198979010897
A,20,10,120,100,0.1,3,0.8,0.8,1.0,1,3.691782013057531,0.8889399047276012,9.368610134071336,13.344558779187729
A,20,10,120,100,0.1,3,0.8,0.8,1.0,5,3.6902663155720647,0.888835899496652,9.36585528385392,13.344636600437353
A,20,10,120,100,0.1,3,0.8,0.8,10.0,1,3.713877825363222,0.8888645930406376,9.359011463976708,13.34911756406778
A,20,10,120,100,0.1,3,0.8,0.8,10.0,5,3.719494606032959,0.888952947219891,9.353782583537276,13.344103409549955
A,20,10,120,100,0.1,3,0.8,1.0,0.1,1,3.6915840203483095,0.8887701474877128,9.347813372369671,13.35604012795852
A,20,10,120,100,0.1,3,0.8,1.0,0.1,5,3.6963295267580873,0.888630198840915,9.352252162121212,13.356801600607977
A,20,10,120,100,0.1,3,0.8,1.0,1.0,1,3.719225223174592,0.8881166970843791,9.35963104480126,13.364918987281268
A,20,10,120,100,0.1,3,0.8,1.0,1.0,5,3.717366144577877,0.8884536707582308,9.35070848503426,13.36529596341934
A,20,10,120,100,0.1,3,0.8,1.0,10.0,1,3.70457734007839,0.8883931557008344,9.37467735779927,13.371013927196389
A,20,10,120,100,0.1,3,0.8,1.0,10.0,5,3.70689098826085,0.8884741004782057,9.360343096006671,13.365129708723996
A,20,10,120,100,0.1,3,1.0,0.8,0.1,1,3.711144768697453,0.8890419294332463,9.389504575661782,13.35882586923248
A,20,10,120,100,0.1,3,1.0,0.8,0.1,5,3.720303539490738,0.8889922583768541,9.396711923162655,13.364456703083023
A,20,10,120,100,0.1,3,1.0,0.8,1.0,1,3.695864859373896,0.8895315963291335,9.369548020435388,13.334822490438734
A,20,10,120,100,0.1,3,1.0,0.8,1.0,5,3.700602284938172,0.8894412768179162,9.37479145982146,13.336594600124684
A,20,10,120,100,0.1,3,1.0,0.8,10.0,1,3.708995649377355,0.8894270648462015,9.343735902610224,13.331664900710347
A,20,10,120,100,0.1,3,1.0,0.8,10.0,5,3.7094088716959233,0.8893777137942347,9.334436311741309,13.329600223057849
A,20,10,120,100,0.1,3,1.0,1.0,0.1,1,3.687055098398109,0.8888256400886295,9.364079275843,13.350653767555162
A,20,10,120,100,0.1,3,1.0,1.0,0.1,5,3.691444113212005,0.8888424894556956,9.360501567149162,13.351748987926891
A,20,10,120,100,0.1,3,1.0,1.0,1.0,1,3.703776818303646,0.8885997130475156,9.36150876555881,13.374809316695169
A,20,10,120,100,0.1,3,1.0,1.0,1.0,5,3.7123725174886415,0.8884980815724377,9.366200741962642,13.37786683230854
A,20,10,120,100,0.1,3,1.0,1.0,10.0,1,3.691222350273077,0.8885736409096069,9.366659158525088,13.359210790554812
A,20,10,120,100,0.1,3,1.0,1.0,10.0,5,3.690893959151168,0.8889095493957807,9.360079535166305,13.355911253284155
A,20,10,120,100,0.1,5,0.8,0.8,0.1,1,3.918866510773536,0.887581663478491,9.147292926103724,13.36930528382466
A,20,10,120,100,0.1,5,0.8,0.8,0.1,5,3.900843992535074,0.8880405911494973,9.134809618224375,13.36067980553741
A,20,10,120,100,0.1,5,0.8,0.8,1.0,1,3.915297810844817,0.8874588320883404,9.151804835834389,13.374539746213843
A,20,10,120,100,0.1,5,0.8,0.8,1.0,5,3.93346130791848,0.887598685739435,9.169646720502312,13.402728957498326
A,20,10,120,100,0.1,5,0.8,0.8,10.0,1,3.838568600686693,0.8885393417096854,9.105724229219003,13.303446438565334
A,20,10,120,100,0.1,5,0.8,0.8,10.0,5,3.8524929474644978,0.8880640822628589,9.141491848687574,13.348923699417716
A,20,10,120,100,0.1,5,0.8,1.0,0.1,1,3.850713779273886,0.8873396200542907,9.121470075207489,13.352583443560528
A,20,10,120,100,0.1,5,0.8,1.0,0.1,5,3.869337081252594,0.8880015882888854,9.116098183820691,13.36110031388714
A,20,10,120,100,0.1,5,0.8,1.0,1.0,1,3.8904274440994064,0.887437819760873,9.13589186931522,13.384165900432476
A,20,10,120,100,0.1,5,0.8,1.0,1.0,5,3.880111460931967,0.8876075441772766,9.122375515688642,13.365700602462471
A,20,10,120,100,0.1,5,0.8,1.0,10.0,1,3.8972110050269846,0.8879390226212344,9.13076860727661,13.36790232711473
A,20,10,120,100,0.1,5,0.8,1.0,10.0,5,3.857263917445752,0.8879806468765932,9.12338051853133,13.338838917466106
A,20,10,120,100,0.1,5,1.0,0.8,0.1,1,3.814581453718216,0.8880235483079242,9.111880543156998,13.303086874944828
A,20,10,120,100,0.1,5,1.0,0.8,0.1,5,3.7686578601384175,0.8883137491790916,9.09507569321564,13.290681388544073
A,20,10,120,100,0.1,5,1.0,0.8,1.0,1,3.82060975697717,0.8882233985802348,9.109440007635948,13.313368574108608
A,20,10,120,100,0.1,5,1.0,0.8,1.0,5,3.821838507243601,0.8885683356361888,9.104943108903626,13.297390926055352
A,20,10,120,100,0.1,5,1.0,0.8,10.0,1,3.799858702677736,0.8887459427612747,9.105973771120023,13.29719761356281
A,20,10,120,100,0.1,5,1.0,0.8,10.0,5,3.800625956218652,0.8887777152686314,9.110360518396329,13.303950451514464
A,20,10,120,100,0.1,5,1.0,1.0,0.1,1,3.8610131487645134,0.8881179302198785,9.103015202769,13.353086849443915
A,20,10,120,100,0.1,5,1.0,1.0,0.1,5,3.831966398811447,0.888020037476742,9.090848880316807,13.325006391977691
A,20,10,120,100,0.1,5,1.0,1.0,1.0,1,3.836348541921424,0.8882027748103575,9.07890545893053,13.31758457126983
A,20,10,120,100,0.1,5,1.0,1.0,1.0,5,3.837630740165082,0.8878206661789727,9.098495310161326,13.32229456606919
A,20,10,120,100,0.1,5,1.0,1.0,10.0,1,3.835958004401889,0.8884394812142096,9.085147443632788,13.31456767383958
A,20,10,120,100,0.1,5,1.0,1.0,10.0,5,3.8230250002726778,0.8888314499720368,9.093259885665422,13.321062862575122
A,20,10,120,200,0.05,3,0.8,0.8,0.1,1,3.671153942900027,0.8891191550479366,9.358999241070997,13.324974349354074
A,20,10,120,200,0.05,3,0.8,0.8,0.1,5,3.679008884218446,0.8890095476672097,9.363447310520751,13.331282683690716
A,20,10,120,200,0.05,3,0.8,0.8,1.0,1,3.686128748060976,0.888911882157088,9.370361803862483,13.340778144046292
A,20,10,120,200,0.05,3,0.8,0.8,1.0,5,3.684773831891176,0.888787297084906,9.372838243937588,13.343658210631466
A,20,10,120,200,0.05,3,0.8,0.8,10.0,1,3.675363965091196,0.8888241176904232,9.36142864278602,13.34488208703055
A,20,10,120,200,0.05,3,0.8,0.8,10.0,5,3.682409716517365,0.8888716711323713,9.365929318754354,13.345080003016308
A,20,10,120,200,0.05,3,0.8,1.0,0.1,1,3.666545236390994,0.8892712791078834,9.313473860426305,13.309443455219323
A,20,10,120,200,0.05,3,0.8,1.0,0.1,5,3.6784976761811015,0.8889804311451363,9.324379951281118,13.320014699645778
A,20,10,120,200,0.05,3,0.8,1.0,1.0,1,3.693433209482,0.8888533419595696,9.320747698394973,13.32899818500574
A,20,10,120,200,0.05,3,0.8,1.0,1.0,5,3.68548834446577,0.8889830284001835,9.315987729176454,13.320522375385158
A,20,10,120,200,0.05,3,0.8,1.0,10.0,1,3.693516565870364,0.8890705847565791,9.336889473095384,13.338133300534432
A,20,10,120,200,0.05,3,0.8,1.0,10.0,5,3.691428160344105,0.8891698809147398,9.323450056160748,13.32954923903124
A,20,10,120,200,0.05,3,1.0,0.8,0.1,1,3.676927433217526,0.8892186516719127,9.3635618568398,13.324372854166064
A,20,10,120,200,0.05,3,1.0,0.8,0.1,5,3.677103005596954,0.8892044090391302,9.356967900073723,13.324829527542942
A,20,10,120,200,0.05,3,1.0,0.8,1.0,1,3.666793272238297,0.8893344224192992,9.354575900784225,13.30053571339796
A,20,10,120,200,0.05,3,1.0,0.8,1.0,5,3.67116220287456,0.8893070388459503,9.359434429889928,13.311903794593707
A,20,10,120,200,0.05,3,1.0,0.8,10.0,1,3.7006284687923223,0.888930625676734,9.376662714822125,13.339306002674396
A,20,10,120,200,0.05,3,1.0,0.8,10.0,5,3.698896437165982,0.8888851376322787,9.383268834927552,13.337975261464669
A,20,10,120,200,0.05,3,1.0,1.0,0.1,1,3.712685783730586,0.8887189677673983,9.361726579401784,13.364514149572416
A,20,10,120,200,0.05,3,1.0,1.0,0.1,5,3.711541191443135,0.8886426125693747,9.358887043158829,13.363122220268496
A,20,10,120,200,0.05,3,1.0,1.0,1.0,1,3.709133093618553,0.888733014948721,9.3713027664698,13.362801990860657
A,20,10,120,200,0.05,3,1.0,1.0,1.0,5,3.7031825614984633,0.888937196935025,9.362356183011933,13.35491402621224
A,20,10,120,200,0.05,3,1.0,1.0,10.0,1,3.700837475515493,0.8885666940404686,9.373541133346228,13.36992969453372
A,20,10,120,200,0.05,3,1.0,1.0,10.0,5,3.696347508575004,0.8887951454741296,9.35692576254699,13.35688091086356
A,20,10,120,200,0.05,5,0.8,0.8,0.1,1,3.837294324303656,0.8883397985533424,9.10892929603374,13.29971410488702
A,20,10,120,200,0.05,5,0.8,0.8,0.1,5,3.817517024460144,0.8884155982419706,9.11892082111804,13.303244287808052
A,20,10,120,200,0.05,5,0.8,0.8,1.0,1,3.804251288698887,0.8885390747019366,9.10499284092,13.2866471062345
A,20,10,120,200,0.05,5,0.8,0.8,1.0,5,3.820084270973149,0.8883872723177941,9.105984662372304,13.286271100855794
A,20,10,120,200,0.05,5,0.8,0.8,10.0,1,3.818839463579484,0.8883045715196038,9.133692546193595,13.294927968557785
A,20,10,120,200,0.05,5,0.8,0.8,10.0,5,3.817314817102333,0.8886148491075622,9.12567049857366,13.284984930414604
A,20,10,120,200,0.05,5,0.8,1.0,0.1,1,3.850213628858439,0.8882859874623283,9.079858841070106,13.324700979725684
A,20,10,120,200,0.05,5,0.8,1.0,0.1,5,3.84978094977347,0.8884634830451674,9.0617946899238,13.311411770885522
A,20,10,120,200,0.05,5,0.8,1.0,1.0,1,3.810252683311917,0.8885782435375662,9.052461854729575,13.28593312133249
A,20,10,120,200,0.05,5,0.8,1.0,1.0,5,3.813656074906382,0.8885837679944991,9.056141502385625,13.28921962139859
A,20,10,120,200,0.05,5,0.8,1.0,10.0,1,3.835965347914267,0.8885556176762315,9.07598125240901,13.306947462967724
A,20,10,120,200,0.05,5,0.8,1.0,10.0,5,3.8340355120845535,0.8885966650814305,9.066829059170953,13.3086444340856
A,20,10,120,200,0.05,5,1.0,0.8,0.1,1,3.8034225057279194,0.8885293812803543,9.102210946464464,13.29874154605474
A,20,10,120,200,0.05,5,1.0,0.8,0.1,5,3.787903529262629,0.8886586384886952,9.105596080935902,13.301301701453175
A,20,10,120,200,0.05,5,1.0,0.8,1.0,1,3.780108742388053,0.8887949148360008,9.086314703047316,13.274496200260572
A,20,10,120,200,0.05,5,1.0,0.8,1.0,5,3.800007466204259,0.8888508537006666,9.091315611578338,13.289795652615089
A,20,10,120,200,0.05,5,1.0,0.8,10.0,1,3.796554245289331,0.8888141561070405,9.09406651625215,13.271202998027636
A,20,10,120,200,0.05,5,1.0,0.8,10.0,5,3.8213590632148735,0.8888396978749651,9.08789369946824,13.281140544961222
A,20,10,120,200,0.05,5,1.0,1.0,0.1,1,3.809638857649046,0.8884814185636334,9.076383650680643,13.306369641069484
A,20,10,120,200,0.05,5,1.0,1.0,0.1,5,3.813378084019013,0.8884322655489241,9.083349480445786,13.308650794081876
A,20,10,120,200,0.05,5,1.0,1.0,1.0,1,3.796231172920172,0.8884257266945756,9.06241506176015,13.28185038660894
A,20,10,120,200,0.05,5,1.0,1.0,1.0,5,3.8128438251757375,0.8885994324551968,9.070129536586917,13.296096341046848
A,20,10,120,200,0.05,5,1.0,1.0,10.0,1,3.8216428670302647,0.8886724804347311,9.078502483386554,13.304472952215672
A,20,10,120,200,0.05,5,1.0,1.0,10.0,5,3.830565019457624,0.8885390546702888,9.080196401747614,13.308889068577203
A,20,10,120,200,0.1,3,0.8,0.8,0.1,1,3.661241652503016,0.8880765028707792,9.30838489691477,13.332582633582728
A,20,10,120,200,0.1,3,0.8,0.8,0.1,5,3.680880013246019,0.8879764068109204,9.311616702030303,13.330552898993966
A,20,10,120,200,0.1,3,0.8,0.8,1.0,1,3.661846246843235,0.8883156023353868,9.314031658121117,13.323550826565633
A,20,10,120,200,0.1,3,0.8,0.8,1.0,5,3.6727444734416976,0.8881001389981387,9.305457127963296,13.326830418495046
A,20,10,120,200,0.1,3,0.8,0.8,10.0,1,3.694323245305214,0.8882477736999885,9.304805785471496,13.324686709309947
A,20,10,120,200,0.1,3,0.8,0.8,10.0,5,3.6960519551437705,0.8882661053533714,9.310032119652448,13.329992643694808
A,20,10,120,200,0.1,3,0.8,1.0,0.1,1,3.667682622336001,0.8883606400435543,9.26705461156617,13.314214727397234
A,20,10,120,200,0.1,3,0.8,1.0,0.1,5,3.6728221098849376,0.8884934058686795,9.270349493854743,13.312884803621582
A,20,10,120,200,0.1,3,0.8,1.0,1.0,1,3.709971115857617,0.8882028214808846,9.269397580139444,13.324631695217528
A,20,10,120,200,0.1,3,0.8,1.0,1.0,5,3.69844881116351,0.8880937973449214,9.278896647727162,13.327838776829012
A,20,10,120,200,0.1,3,0.8,1.0,10.0,1,3.649640383911908,0.888788797927285,9.259013957781203,13.292949600531069
A,20,10,120,200,0.1,3,0.8,1.0,10.0,5,3.6617482146526337,0.888394335128227,9.268694965523972,13.307685053636892
A,20,10,120,200,0.1,3,1.0,0.8,0.1,1,3.678570270043572,0.8890417462666811,9.294231648283958,13.316844688332017
A,20,10,120,200,0.1,3,1.0,0.8,0.1,5,3.671929200542861,0.8890910062456362,9.291986041795802,13.305669102128984
A,20,10,120,200,0.1,3,1.0,0.8,1.0,1,3.664762780766027,0.8892557806486957,9.293242068361492,13.29387431810029
A,20,10,120,200,0.1,3,1.0,0.8,1.0,5,3.6615625885291134,0.8893114273903253,9.29731795305042,13.29770339768498
A,20,10,120,200,0.1,3,1.0,0.8,10.0,1,3.66860608470313,0.8890729294981148,9.269648254435536,13.291912967322862
A,20,10,120,200,0.1,3,1.0,0.8,10.0,5,3.673507069110106,0.8891569078350496,9.271969520778404,13.290991538660077
A,20,10,120,200,0.1,3,1.0,1.0,0.1,1,3.6495548279817593,0.8886338070254427,9.304213976072932,13.320316791040272
A,20,10,120,200,0.1,3,1.0,1.0,0.1,5,3.6625786473322384,0.8887648371287105,9.285518467010942,13.319612643241626
A,20,10,120,200,0.1,3,1.0,1.0,1.0,1,3.671767536854252,0.8885059819107578,9.291981787794937,13.327443076185173
A,20,10,120,200,0.1,3,1.0,1.0,1.0,5,3.688988810079069,0.888596824586673,9.286428630495829,13.338465440342878
A,20,10,120,200,0.1,3,1.0,1.0,10.0,1,3.6613342691114816,0.8884180850753889,9.295151357241124,13.31970184942828
A,20,10,120,200,0.1,3,1.0,1.0,10.0,5,3.678882408054476,0.8883888049765943,9.300870775440742,13.33286988960732
A,20,10,120,200,0.1,5,0.8,0.8,0.1,1,4.053958720519349,0.884512328699094,9.308187066108363,13.54782678632814
A,20,10,120,200,0.1,5,0.8,0.8,0.1,5,4.037384400064168,0.8846733029524119,9.27225643186904,13.509131562734655
A,20,10,120,200,0.1,5,0.8,0.8,1.0,1,4.013467232891278,0.8844541075629007,9.290626765449227,13.515729456316578
A,20,10,120,200,0.1,5,0.8,0.8,1.0,5,4.063012652030748,0.8839082488296048,9.322132563850854,13.564793705163922
A,20,10,120,200,0.1,5,0.8,0.8,10.0,1,3.959634027795937,0.8851717013568619,9.237352608725695,13.452784574529534
A,20,10,120,200,0.1,5,0.8,0.8,10.0,5,3.985931826382944,0.8847926118618389,9.26871622420111,13.497399975055302
A,20,10,120,200,0.1,5,0.8,1.0,0.1,1,4.012161078023425,0.8838067887673354,9.307631612644837,13.555818057443656
A,20,10,120,200,0.1,5,0.8,1.0,0.1,5,4.038911760498097,0.8836359571842248,9.2962260448075,13.574882730190106
A,20,10,120,200,0.1,5,0.8,1.0,1.0,1,4.054489732992551,0.8839077044727981,9.2996862841949,13.570804338362578
A,20,10,120,200,0.1,5,0.8,1.0,1.0,5,4.026682052856685,0.8836321464956363,9.3074796141707,13.5612954689837
A,20,10,120,200,0.1,5,0.8,1.0,10.0,1,4.033961274798673,0.8845184661586902,9.27668621727031,13.535389639358044
A,20,10,120,200,0.1,5,0.8,1.0,10.0,5,3.984728250807615,0.8845259687495881,9.261881089686046,13.517425590410529
A,20,10,120,200,0.1,5,1.0,0.8,0.1,1,3.932427762631849,0.8851438350008982,9.256022365612528,13.46186858450167
A,20,10,120,200,0.1,5,1.0,0.8,0.1,5,3.8718639752553385,0.8852641200313738,9.223118772307586,13.428992303093684
A,20,10,120,200,0.1,5,1.0,0.8,1.0,1,3.90996810265416,0.8856003257618106,9.233267339141484,13.435720384327391
A,20,10,120,200,0.1,5,1.0,0.8,1.0,5,3.914987190254021,0.8860033832949361,9.220089332517588,13.428953020020495
A,20,10,120,200,0.1,5,1.0,0.8,10.0,1,3.878545703355888,0.8861964061287851,9.21562207136969,13.408587556459882
A,20,10,120,200,0.1,5,1.0,0.8,10.0,5,3.899813896096237,0.8858434644026001,9.210273731663538,13.41647884147786
A,20,10,120,200,0.1,5,1.0,1.0,0.1,1,3.9778086562258026,0.8852636827261252,9.248021203208442,13.49512429562554
A,20,10,120,200,0.1,5,1.0,1.0,0.1,5,3.95235061670498,0.8852535880271386,9.231337990152904,13.486426765184811
A,20,10,120,200,0.1,5,1.0,1.0,1.0,1,3.926213311101692,0.8853293102142359,9.219209302938925,13.462157611559814
A,20,10,120,200,0.1,5,1.0,1.0,1.0,5,3.937742295745658,0.8850154217210425,9.232668644469928,13.462088306464269
A,20,10,120,200,0.1,5,1.0,1.0,10.0,1,3.93743226042434,0.8855613737157217,9.21104910880966,13.45167946733498
A,20,10,120,200,0.1,5,1.0,1.0,10.0,5,3.8898299041290154,0.8861774953591777,9.20593782365099,13.435485210866588
A,20,10,120,300,0.05,3,0.8,0.8,0.1,1,3.65344625354913,0.8891841633995871,9.303710055571283,13.298621224796046
A,20,10,120,300,0.05,3,0.8,0.8,0.1,5,3.662247765187253,0.8890677599727876,9.304989054362244,13.30104065327652
A,20,10,120,300,0.05,3,0.8,0.8,1.0,1,3.665991033778228,0.8888382182305692,9.320564992783858,13.317835581389977
A,20,10,120,300,0.05,3,0.8,0.8,1.0,5,3.6689773470687768,0.8888301039155765,9.314075845880868,13.314708927131466
A,20,10,120,300,0.05,3,0.8,0.8,10.0,1,3.6551344833112926,0.8888827848661383,9.302717913980024,13.307789561297309
A,20,10,120,300,0.05,3,0.8,0.8,10.0,5,3.657548829709216,0.8890216736801679,9.304926995240551,13.30700349304264
A,20,10,120,300,0.05,3,0.8,1.0,0.1,1,3.648770105647961,0.8891016165606551,9.2755367095351,13.29288110062358
A,20,10,120,300,0.05,3,0.8,1.0,0.1,5,3.644514492886337,0.8891085881384828,9.283795391729967,13.292297179156112
A,20,10,120,300,0.05,3,0.8,1.0,1.0,1,3.675212207537661,0.8887405334102547,9.28883045367724,13.31273743752656
A,20,10,120,300,0.05,3,0.8,1.0,1.0,5,3.680520471491543,0.8888248569298518,9.2917015497266,13.31490575783236
A,20,10,120,300,0.05,3,0.8,1.0,10.0,1,3.68079190076498,0.889005996289962,9.296423803150883,13.322014148225316
A,20,10,120,300,0.05,3,0.8,1.0,10.0,5,3.674298284180017,0.8891356017313787,9.279505426917655,13.303958845939595
A,20,10,120,300,0.05,3,1.0,0.8,0.1,1,3.651204583818284,0.8891029856034429,9.303569145594793,13.292185582936703
A,20,10,120,300,0.05,3,1.0,0.8,0.1,5,3.6589778782892566,0.8891499784846643,9.295123708169658,13.295790632186264
A,20,10,120,300,0.05,3,1.0,0.8,1.0,1,3.6378916775293546,0.889299712284721,9.291250600095696,13.275986427972809
A,20,10,120,300,0.05,3,1.0,0.8,1.0,5,3.6395318014939,0.8894395304025468,9.283362556566978,13.269023315610236
A,20,10,120,300,0.05,3,1.0,0.8,10.0,1,3.6744623320499095,0.8890753041885603,9.307815263378773,13.298944230706834
A,20,10,120,300,0.05,3,1.0,0.8,10.0,5,3.673042398638557,0.889125483544033,9.30235240757936,13.29354583599555
A,20,10,120,300,0.05,3,1.0,1.0,0.1,1,3.693232622013376,0.8886519825368471,9.319273518357395,13.347050064701929
A,20,10,120,300,0.05,3,1.0,1.0,0.1,5,3.6902163566632327,0.8887368252130312,9.310563364188104,13.33914226349818
A,20,10,120,300,0.05,3,1.0,1.0,1.0,1,3.685864837326229,0.8887536132011968,9.324415788777085,13.339311159863673
A,20,10,120,300,0.05,3,1.0,1.0,1.0,5,3.678674629871098,0.8888563227245502,9.31114556443352,13.327608053542004
A,20,10,120,300,0.05,3,1.0,1.0,10.0,1,3.680326757024312,0.8886081139033891,9.3179544067254,13.346306258939377
A,20,10,120,300,0.05,3,1.0,1.0,10.0,5,3.68314701492284,0.8887534078895198,9.308876284383832,13.336332850828892
A,20,10,120,300,0.05,5,0.8,0.8,0.1,1,3.896548214073447,0.8865417144954995,9.17654121154371,13.373898577653256
A,20,10,120,300,0.05,5,0.8,0.8,0.1,5,3.898621405161875,0.886715573670843,9.176181742785152,13.381768219508997
A,20,10,120,300,0.05,5,0.8,0.8,1.0,1,3.862054431895983,0.886816592078252,9.157220484629583,13.352643309988837
A,20,10,120,300,0.05,5,0.8,0.8,1.0,5,3.871950073049516,0.8866364475519225,9.161989527651624,13.35329710786172
A,20,10,120,300,0.05,5,0.8,0.8,10.0,1,3.870575889858503,0.886927577781722,9.17371403899188,13.351638766690415
A,20,10,120,300,0.05,5,0.8,0.8,10.0,5,3.880928838453849,0.8871971139902801,9.1621768118273,13.349157805869288
A,20,10,120,300,0.05,5,0.8,1.0,0.1,1,3.917727968173023,0.8863763512409253,9.16720340298854,13.40776440922646
A,20,10,120,300,0.05,5,0.8,1.0,0.1,5,3.923613288959881,0.8865561812633814,9.152603421550747,13.402088271812818
A,20,10,120,300,0.05,5,0.8,1.0,1.0,1,3.8777746555598407,0.8865838910006587,9.137067718196692,13.374285993510924
A,20,10,120,300,0.05,5,0.8,1.0,1.0,5,3.886834119316066,0.886535430315275,9.140647108088416,13.378784825892314
A,20,10,120,300,0.05,5,0.8,1.0,10.0,1,3.8924835286864017,0.8865658802742813,9.153008202877109,13.38352090084635
A,20,10,120,300,0.05,5,0.8,1.0,10.0,5,3.89690468503023,0.8867850223103794,9.134591197923497,13.385849478893354
A,20,10,120,300,0.05,5,1.0,0.8,0.1,1,3.8428792141806754,0.8872381135024823,9.148985136733923,13.36394791313936
A,20,10,120,300,0.05,5,1.0,0.8,0.1,5,3.800232240602832,0.8875103162852568,9.13904380586877,13.338006957800872
A,20,10,120,300,0.05,5,1.0,0.8,1.0,1,3.811064766474417,0.8875640187730836,9.140917876071704,13.327923256578288
A,20,10,120,300,0.05,5,1.0,0.8,1.0,5,3.8366879076142646,0.8874464507794716,9.137622079876694,13.348528577865128
A,20,10,120,300,0.05,5,1.0,0.8,10.0,1,3.8276521191299366,0.8877329360157958,9.126630144399956,13.31512010069306
A,20,10,120,300,0.05,5,1.0,0.8,10.0,5,3.855791315937817,0.8876794942177983,9.126946757115537,13.333844492902278
A,20,10,120,300,0.05,5,1.0,1.0,0.1,1,3.851335724190349,0.887103392162361,9.145345814712854,13.371856143420484
A,20,10,120,300,0.05,5,1.0,1.0,0.1,5,3.8515262207516434,0.8870012055194442,9.152722708251243,13.37325200284678
A,20,10,120,300,0.05,5,1.0,1.0,1.0,1,3.828529146804373,0.8868974199758887,9.130242358061071,13.34372717269755
A,20,10,120,300,0.05,5,1.0,1.0,1.0,5,3.838043184544336,0.8871284796870269,9.138911444875774,13.362623360034297
A,20,10,120,300,0.05,5,1.0,1.0,10.0,1,3.870030289308837,0.8871242715578388,9.14182560565293,13.3724331523359
A,20,10,120,300,0.05,5,1.0,1.0,10.0,5,3.85029454478967,0.8873129401961994,9.1219328990975,13.35292343908903
A,20,10,120,300,0.1,3,0.8,0.8,0.1,1,3.685902830537589,0.8873730464170843,9.3100276000377,13.33783456195744
A,20,10,120,300,0.1,3,0.8,0.8,0.1,5,3.6915002427431434,0.8872375375346138,9.298434758984936,13.32406043483663
A,20,10,120,300,0.1,3,0.8,0.8,1.0,1,3.702222247862181,0.8875165409291267,9.303896716451325,13.33503984998146
A,20,10,120,300,0.1,3,0.8,0.8,1.0,5,3.7076650955306767,0.8872297525985982,9.297800816722392,13.329620696527911
A,20,10,120,300,0.1,3,0.8,0.8,10.0,1,3.7283561162842567,0.8871816230821379,9.29544401952542,13.33084449760018
A,20,10,120,300,0.1,3,0.8,0.8,10.0,5,3.71475389141777,0.887481460190411,9.290342815985374,13.323117940203488
A,20,10,120,300,0.1,3,0.8,1.0,0.1,1,3.6823837230365655,0.8874932509453183,9.285157556372086,13.323752135109094
A,20,10,120,300,0.1,3,0.8,1.0,0.1,5,3.6988462433643496,0.8874800179058735,9.28846207660178,13.326732975368897
A,20,10,120,300,0.1,3,0.8,1.0,1.0,1,3.722709814437482,0.8874331613708322,9.279983555881843,13.335252693393835
A,20,10,120,300,0.1,3,0.8,1.0,1.0,5,3.708145085999063,0.8869334618082091,9.290886437319331,13.33786977019212
A,20,10,120,300,0.1,3,0.8,1.0,10.0,1,3.6753953285180088,0.8880107029912828,9.268958255400516,13.306166818868338
A,20,10,120,300,0.1,3,0.8,1.0,10.0,5,3.671164870914514,0.8876272148842332,9.279199787888556,13.320928293345911
A,20,10,120,300,0.1,3,1.0,0.8,0.1,1,3.6676751222730095,0.8885082164651065,9.275108279640312,13.308340493573889
A,20,10,120,300,0.1,3,1.0,0.8,0.1,5,3.665307727181175,0.8887915826006436,9.253279058413575,13.288784232281024
A,20,10,120,300,0.1,3,1.0,0.8,1.0,1,3.646100018407952,0.8887732857334061,9.26503568192112,13.28162020138161
A,20,10,120,300,0.1,3,1.0,0.8,1.0,5,3.650430374459649,0.8885677704113879,9.279734535984543,13.290238945203935
A,20,10,120,300,0.1,3,1.0,0.8,10.0,1,3.655280150172553,0.8889891737572914,9.227116887404517,13.25960716705967
A,20,10,120,300,0.1,3,1.0,0.8,10.0,5,3.658676729304682,0.8889357069320223,9.229343774071722,13.25416288480262
A,20,10,120,300,0.1,3,1.0,1.0,0.1,1,3.638163466588577,0.8882407084195458,9.273153888933503,13.30269060478766
A,20,10,120,300,0.1,3,1.0,1.0,0.1,5,3.6490773251341153,0.8882523908413422,9.25830891200196,13.302413321421357
A,20,10,120,300,0.1,3,1.0,1.0,1.0,1,3.6631394210085886,0.8881320870505827,9.260539083317004,13.308726829352109
A,20,10,120,300,0.1,3,1.0,1.0,1.0,5,3.668331483022732,0.8881913129731694,9.260840882302208,13.322865368431485
A,20,10,120,300,0.1,3,1.0,1.0,10.0,1,3.653932439504185,0.88802316236682,9.248930923573033,13.295429680970312
A,20,10,120,300,0.1,3,1.0,1.0,10.0,5,3.657059537331759,0.8883754868604257,9.249325530061672,13.291949372629066
A,20,10,120,300,0.1,5,0.8,0.8,0.1,1,4.177729720088346,0.8817627240408583,9.444877774681803,13.700178154855124
A,20,10,120,300,0.1,5,0.8,0.8,0.1,5,4.212574721021704,0.8822534955630228,9.3964732245845,13.647875037319938
A,20,10,120,300,0.1,5,0.8,0.8,1.0,1,4.1572607688826375,0.8819271796011252,9.419189814727472,13.665758886920916
A,20,10,120,300,0.1,5,0.8,0.8,1.0,5,4.192052897644051,0.8816007908959215,9.43475927571681,13.686268220062118
A,20,10,120,300,0.1,5,0.8,0.8,10.0,1,4.099571084515453,0.8827808147633458,9.363055215313953,13.591211678603756
A,20,10,120,300,0.1,5,0.8,0.8,10.0,5,4.144973615449921,0.8823434293842707,9.396389518842476,13.635573476743748
A,20,10,120,300,0.1,5,0.8,1.0,0.1,1,4.1562870255433975,0.8815251118442102,9.428839848883715,13.691697154605588
A,20,10,120,300,0.1,5,0.8,1.0,0.1,5,4.199629622185872,0.8808983555583426,9.441050663604525,13.731790092475132
A,20,10,120,300,0.1,5,0.8,1.0,1.0,1,4.242897072934872,0.8810419182436571,9.440181145297732,13.73310935731124
A,20,10,120,300,0.1,5,0.8,1.0,1.0,5,4.208080573556583,0.8813513439991845,9.430678100960195,13.705325830848816
A,20,10,120,300,0.1,5,0.8,1.0,10.0,1,4.198910136503995,0.8819862539825675,9.405580248098516,13.682073471711522
A,20,10,120,300,0.1,5,0.8,1.0,10.0,5,4.143305757366745,0.8821203552194369,9.38549805361438,13.652203593671665
A,20,10,120,300,0.1,5,1.0,0.8,0.1,1,4.035305866505823,0.8829031001246627,9.373143253683091,13.596063512144324
A,20,10,120,300,0.1,5,1.0,0.8,0.1,5,3.96683159481716,0.883302287460714,9.32233770639692,13.543165381280364
A,20,10,120,300,0.1,5,1.0,0.8,1.0,1,4.021467036367495,0.8835011546803362,9.348906371486162,13.570513523045433
A,20,10,120,300,0.1,5,1.0,0.8,1.0,5,3.995026785761727,0.8839818173068391,9.322927080694033,13.540910861557435
A,20,10,120,300,0.1,5,1.0,0.8,10.0,1,3.9810253609219854,0.8842634240439813,9.315335133330652,13.52662063603296
A,20,10,120,300,0.1,5,1.0,0.8,10.0,5,3.9914183813490185,0.8838490471036675,9.321777865132407,13.537438467225524
A,20,10,120,300,0.1,5,1.0,1.0,0.1,1,4.091603186222576,0.8830085907169141,9.362026941497511,13.630119197359088
A,20,10,120,300,0.1,5,1.0,1.0,0.1,5,4.0803766345469805,0.8828243449463884,9.349389867604376,13.61801710227054
A,20,10,120,300,0.1,5,1.0,1.0,1.0,1,4.026993880582115,0.8830988542679382,9.335700068370054,13.577588216769533
A,20,10,120,300,0.1,5,1.0,1.0,1.0,5,4.0546393777422445,0.8829638655703954,9.344103884515306,13.58907274804898
A,20,10,120,300,0.1,5,1.0,1.0,10.0,1,4.051799326759653,0.8831676899114369,9.34296939488473,13.598148517073655
A,20,10,120,300,0.1,5,1.0,1.0,10.0,5,3.999664917249823,0.88374032838546,9.324502881955103,13.572606718027112
A,20,10,125,100,0.05,3,0.8,0.8,0.1,1,4.601488115707787,0.8803658610736693,10.636692208716234,14.537683447330672
A,20,10,125,100,0.05,3,0.8,0.8,0.1,5,4.612111126981744,0.8802317636200205,10.64908895601966,14.546219379416334
A,20,10,125,100,0.05,3,0.8,0.8,1.0,1,4.595126343646658,0.8803944126770121,10.626405702526649,14.525895132344813
A,20,10,125,100,0.05,3,0.8,0.8,1.0,5,4.594894025797458,0.8803867256455178,10.62674783328528,14.526205919312227
A,20,10,125,100,0.05,3,0.8,0.8,10.0,1,4.601926290426929,0.8804212133256806,10.643384142334208,14.530617899540797
A,20,10,125,100,0.05,3,0.8,0.8,10.0,5,4.601880517091989,0.8804548842928241,10.644529634150553,14.5308125063282
A,20,10,125,100,0.05,3,0.8,1.0,0.1,1,4.623942357778199,0.8803021687436079,10.593660366252214,14.529787148246246
A,20,10,125,100,0.05,3,0.8,1.0,0.1,5,4.6229637678345705,0.8803053267308709,10.591775885551716,14.53016470956141
A,20,10,125,100,0.05,3,0.8,1.0,1.0,1,4.6355028618310286,0.8800928465524736,10.607388207120874,14.547399444821082
A,20,10,125,100,0.05,3,0.8,1.0,1.0,5,4.636146475163268,0.8800924346542871,10.609151039723972,14.54783514611896
A,20,10,125,100,0.05,3,0.8,1.0,10.0,1,4.617971174262237,0.8799738154878092,10.61601618566588,14.547130897241242
A,20,10,125,100,0.05,3,0.8,1.0,10.0,5,4.618747986733965,0.879985694948773,10.606189638753566,14.539247816565336
A,20,10,125,100,0.05,3,1.0,0.8,0.1,1,4.599208130767008,0.8806872279548289,10.644936670040352,14.520012724483328
A,20,10,125,100,0.05,3,1.0,0.8,0.1,5,4.599578931751537,0.8806869673262945,10.64440503200019,14.519715305085494
A,20,10,125,100,0.05,3,1.0,0.8,1.0,1,4.584736409411031,0.880626751566426,10.625036616010902,14.500240591461893
A,20,10,125,100,0.05,3,1.0,0.8,1.0,5,4.5847618991899,0.8806245732304223,10.625105262403643,14.500278236967276
A,20,10,125,100,0.05,3,1.0,0.8,10.0,1,4.611253349000888,0.8804406514582537,10.67464709908725,14.533390417979463
A,20,10,125,100,0.05,3,1.0,0.8,10.0,5,4.6061951231155565,0.8804962727981493,10.665531361456797,14.521648046109238
A,20,10,125,100,0.05,3,1.0,1.0,0.1,1,4.613599443323831,0.8801857500474387,10.619391119481552,14.535734665370558
A,20,10,125,100,0.05,3,1.0,1.0,0.1,5,4.612192107895304,0.8802414392856994,10.62314254357221,14.536338162198646
A,20,10,125,100,0.05,3,1.0,1.0,1.0,1,4.615137520662218,0.8800161530075437,10.62719372282306,14.541294806189502
A,20,10,125,100,0.05,3,1.0,1.0,1.0,5,4.616747383178944,0.8801524581083775,10.627989364650182,14.54209168870789
A,20,10,125,100,0.05,3,1.0,1.0,10.0,1,4.611091864250071,0.8803045176776703,10.633587605225197,14.545600012115514
A,20,10,125,100,0.05,3,1.0,1.0,10.0,5,4.610613643615009,0.8801959791254845,10.6361193603361,14.54690892835436
A,20,10,125,100,0.05,5,0.8,0.8,0.1,1,4.669271720202934,0.8818729353193128,10.13882135246851,14.330430348815682
A,20,10,125,100,0.05,5,0.8,0.8,0.1,5,4.67232449008836,0.8821793983060019,10.11918071194774,14.321896862843218
A,20,10,125,100,0.05,5,0.8,0.8,1.0,1,4.694219773031841,0.8818023757275684,10.147142039114753,14.344911358992835
A,20,10,125,100,0.05,5,0.8,0.8,1.0,5,4.700160544819838,0.8817886570839473,10.136234905593088,14.341464251237312
A,20,10,125,100,0.05,5,0.8,0.8,10.0,1,4.6891461289180825,0.8820009090017855,10.180163075012164,14.338665193002246
A,20,10,125,100,0.05,5,0.8,0.8,10.0,5,4.680826673513884,0.881915183216794,10.168247625774834,14.330012513668697
A,20,10,125,100,0.05,5,0.8,1.0,0.1,1,4.70544484177873,0.8822722291185441,10.09039324281461,14.349023479553152
A,20,10,125,100,0.05,5,0.8,1.0,0.1,5,4.711045107137839,0.8821961414906484,10.07458361768936,14.335683693440927
A,20,10,125,100,0.05,5,0.8,1.0,1.0,1,4.710092242787627,0.8822025253772882,10.071764605663606,14.331292001194518
A,20,10,125,100,0.05,5,0.8,1.0,1.0,5,4.728720367859611,0.882052273245991,10.095053119640076,14.353828142002069
A,20,10,125,100,0.05,5,0.8,1.0,10.0,1,4.714218891865838,0.882205572068424,10.112164700103053,14.337117805428855
A,20,10,125,100,0.05,5,0.8,1.0,10.0,5,4.6951661431662455,0.8822626182062742,10.102201204509194,14.326344163543164
A,20,10,125,100,0.05,5,1.0,0.8,0.1,1,4.703506743456302,0.881648708930116,10.151878111545155,14.351460494022287
A,20,10,125,100,0.05,5,1.0,0.8,0.1,5,4.708940248246219,0.8817355735102537,10.161537842498982,14.364788919212824
A,20,10,125,100,0.05,5,1.0,0.8,1.0,1,4.718833316643967,0.8815072602867172,10.165030196903366,14.364418431198994
A,20,10,125,100,0.05,5,1.0,0.8,1.0,5,4.722386688873397,0.8815700289488622,10.1671409361345,14.370394427904175
A,20,10,125,100,0.05,5,1.0,0.8,10.0,1,4.713178459647125,0.8815280006918108,10.188220695429212,14.360755387158257
A,20,10,125,100,0.05,5,1.0,0.8,10.0,5,4.676028046307561,0.8815910638293806,10.182138673822196,14.340005649259354
A,20,10,125,100,0.05,5,1.0,1.0,0.1,1,4.713387262136591,0.881847788007614,10.111949788453874,14.367746007926666
A,20,10,125,100,0.05,5,1.0,1.0,0.1,5,4.71622505746204,0.8818571691474443,10.108888931717368,14.3753661420951
A,20,10,125,100,0.05,5,1.0,1.0,1.0,1,4.701402202999251,0.8816657955889433,10.118551730007445,14.374904723663915
A,20,10,125,100,0.05,5,1.0,1.0,1.0,5,4.685906520457214,0.8814982055949635,10.111232970472743,14.363995355990246
A,20,10,125,100,0.05,5,1.0,1.0,10.0,1,4.7117977699199445,0.8819536352554976,10.135850049264851,14.362117312031874
A,20,10,125,100,0.05,5,1.0,1.0,10.0,5,4.704658024812453,0.8820356194082933,10.133280507157869,14.367291186972484
A,20,10,125,100,0.1,3,0.8,0.8,0.1,1,4.566072637073772,0.8808335491238948,10.3134593687298,14.41776142863085
A,20,10,125,100,0.1,3,0.8,0.8,0.1,5,4.561318556880195,0.880833658484525,10.303998239072913,14.407244074413532
A,20,10,125,100,0.1,3,0.8,0.8,1.0,1,4.5895044202628,0.8801674709439109,10.324210699231685,14.436760555584366
A,20,10,125,100,0.1,3,0.8,0.8,1.0,5,4.5912895486439655,0.8801160636803071,10.33175966875378,14.44657005605184
A,20,10,125,100,0.1,3,0.8,0.8,10.0,1,4.59791747102368,0.8808702646460652,10.319301139131811,14.429408728326347
A,20,10,125,100,0.1,3,0.8,0.8,10.0,5,4.591281515424939,0.8807891182124177,10.323658551420849,14.430644089933576
A,20,10,125,100,0.1,3,0.8,1.0,0.1,1,4.582458391742763,0.8794917767506363,10.336465796555508,14.47044779779186
A,20,10,125,100,0.1,3,0.8,1.0,0.1,5,4.5899960069359365,0.8795342208435116,10.341594514357592,14.477339042093012
A,20,10,125,100,0.1,3,0.8,1.0,1.0,1,4.596693233822363,0.8796444153626677,10.32378665178006,14.468371936682807
A,20,10,125,100,0.1,3,0.8,1.0,1.0,5,4.59725084494396,0.8796987518651672,10.329259916812031,14.472594703186758
A,20,10,125,100,0.1,3,0.8,1.0,10.0,1,4.58039988204534,0.8795014476729082,10.320503231952417,14.45623075402764
A,20,10,125,100,0.1,3,0.8,1.0,10.0,5,4.584260686349049,0.8794480519853274,10.328172067096466,14.468184167298006
A,20,10,125,100,0.1,3,1.0,0.8,0.1,1,4.566580164612377,0.8806572315552577,10.338697523501953,14.452122424487186
A,20,10,125,100,0.1,3,1.0,0.8,0.1,5,4.570479779668364,0.880601950257509,10.329394388602331,14.448629689794751
A,20,10,125,100,0.1,3,1.0,0.8,1.0,1,4.581642061601327,0.8804034285963607,10.337267831214907,14.453551320864648
A,20,10,125,100,0.1,3,1.0,0.8,1.0,5,4.574844605108945,0.8804323846104227,10.34354308852797,14.455774866079953
A,20,10,125,100,0.1,3,1.0,0.8,10.0,1,4.61175977094418,0.8804970244639934,10.340181405762374,14.449030534155128
A,20,10,125,100,0.1,3,1.0,0.8,10.0,5,4.60658551324576,0.8803816635657433,10.350187825076723,14.454954191930083
A,20,10,125,100,0.1,3,1.0,1.0,0.1,1,4.576619222037672,0.8802224709080464,10.313038056441794,14.451498006162703
A,20,10,125,100,0.1,3,1.0,1.0,0.1,5,4.582585925943501,0.8802502167961024,10.322153588632307,14.465506353444898
A,20,10,125,100,0.1,3,1.0,1.0,1.0,1,4.570434614251881,0.8808558915917934,10.292497106495464,14.434518133230734
A,20,10,125,100,0.1,3,1.0,1.0,1.0,5,4.566544255381712,0.8808156115899616,10.293734984935508,14.438266980922572
A,20,10,125,100,0.1,3,1.0,1.0,10.0,1,4.547998362420509,0.8811536880185354,10.287922872508236,14.407926036338695
A,20,10,125,100,0.1,3,1.0,1.0,10.0,5,4.546230920657411,0.881223381283829,10.285477795054176,14.405345275243878
A,20,10,125,100,0.1,5,0.8,0.8,0.1,1,4.822621278608375,0.879594724130748,10.05896144202121,14.435307510833576
A,20,10,125,100,0.1,5,0.8,0.8,0.1,5,4.884976536214721,0.8796700877836807,10.05910328312406,14.451894983029486
A,20,10,125,100,0.1,5,0.8,0.8,1.0,1,4.824206232559705,0.879357586800209,10.064795812786858,14.434172130843308
A,20,10,125,100,0.1,5,0.8,0.8,1.0,5,4.791792390815906,0.8796016474468988,10.05580437881643,14.42496662385631
A,20,10,125,100,0.1,5,0.8,0.8,10.0,1,4.847407256177556,0.8793068283982833,10.06740205880378,14.442980755253735
A,20,10,125,100,0.1,5,0.8,0.8,10.0,5,4.833795624205864,0.8797514683147751,10.06229652241888,14.44394896812211
A,20,10,125,100,0.1,5,0.8,1.0,0.1,1,4.8860891963402935,0.8794555700249092,10.040370711767991,14.4724480091441
A,20,10,125,100,0.1,5,0.8,1.0,0.1,5,4.838338518262441,0.8791783782881325,10.051998812985506,14.471031171397849
A,20,10,125,100,0.1,5,0.8,1.0,1.0,1,4.877478217267756,0.8789382168288539,10.05425948779354,14.472173341938989
A,20,10,125,100,0.1,5,0.8,1.0,1.0,5,4.886974804991214,0.8791091623755378,10.04526229163191,14.45930024130386
A,20,10,125,100,0.1,5,0.8,1.0,10.0,1,4.8848059959519805,0.8794949992410181,10.04732179915169,14.46213959580111
A,20,10,125,100,0.1,5,0.8,1.0,10.0,5,4.841472133698401,0.8794308348308724,10.041654844623,14.434534920611163
A,20,10,125,100,0.1,5,1.0,0.8,0.1,1,4.789931951774856,0.8796621972317571,10.053097683933848,14.418520853378649
A,20,10,125,100,0.1,5,1.0,0.8,0.1,5,4.721274818291755,0.8796571451984885,10.032082961518912,14.404062715552216
A,20,10,125,100,0.1,5,1.0,0.8,1.0,1,4.765003183880505,0.8801171337922377,10.042874993824684,14.400602705413949
A,20,10,125,100,0.1,5,1.0,0.8,1.0,5,4.766535840238179,0.8800959899937058,10.030891905097851,14.398538346345203
A,20,10,125,100,0.1,5,1.0,0.8,10.0,1,4.770270874070654,0.879986894351212,10.051733866253333,14.40828153221674
A,20,10,125,100,0.1,5,1.0,0.8,10.0,5,4.772041908104704,0.880006036559565,10.04124634034864,14.39872546690046
A,20,10,125,100,0.1,5,1.0,1.0,0.1,1,4.845630042104905,0.8789322834614538,10.067655988710449,14.467305202963733
A,20,10,125,100,0.1,5,1.0,1.0,0.1,5,4.833059797418024,0.8791160165107683,10.05403507739489,14.459357692846307
A,20,10,125,100,0.1,5,1.0,1.0,1.0,1,4.799620055894527,0.8793726119198606,10.031158009941192,14.431012377112026
A,20,10,125,100,0.1,5,1.0,1.0,1.0,5,4.83207330891794,0.8791101508352513,10.051820432483924,14.46885983163592
A,20,10,125,100,0.1,5,1.0,1.0,10.0,1,4.841820645517883,0.879726238222841,10.033981884381294,14.43727993752221
A,20,10,125,100,0.1,5,1.0,1.0,10.0,5,4.770726522891992,0.8795413661556966,10.028469776135037,14.421443383282746
A,20,10,125,200,0.05,3,0.8,0.8,0.1,1,4.555681227291422,0.8805028664071424,10.331739008419625,14.433931972111465
A,20,10,125,200,0.05,3,0.8,0.8,0.1,5,4.578716330989288,0.880371536772412,10.350160406004496,14.453077486064767
A,20,10,125,200,0.05,3,0.8,0.8,1.0,1,4.549362564664134,0.8808133813859687,10.312836732438935,14.417708161266235
A,20,10,125,200,0.05,3,0.8,0.8,1.0,5,4.558975908129861,0.8807318756565046,10.315670924346122,14.425931881967102
A,20,10,125,200,0.05,3,0.8,0.8,10.0,1,4.5529854280015485,0.8806782164639948,10.318933051825644,14.412227117537595
A,20,10,125,200,0.05,3,0.8,0.8,10.0,5,4.542172392409722,0.8808838481838601,10.30769108928166,14.406203722932576
A,20,10,125,200,0.05,3,0.8,1.0,0.1,1,4.568521666176327,0.8806863899063095,10.27880887175126,14.4128769919484
A,20,10,125,200,0.05,3,0.8,1.0,0.1,5,4.558260417579019,0.8807679152583111,10.27095222169974,14.408210345127085
A,20,10,125,200,0.05,3,0.8,1.0,1.0,1,4.561111687700676,0.880752657418004,10.272898449257092,14.40519326776187
A,20,10,125,200,0.05,3,0.8,1.0,1.0,5,4.547883042689167,0.8807700985414841,10.275452832978171,14.405980581172397
A,20,10,125,200,0.05,3,0.8,1.0,10.0,1,4.548359326160244,0.8807298455389052,10.277278285687323,14.406709111977896
A,20,10,125,200,0.05,3,0.8,1.0,10.0,5,4.54155920481557,0.8807813751995257,10.265127528330089,14.399888612935218
A,20,10,125,200,0.05,3,1.0,0.8,0.1,1,4.55498728868506,0.8810988782102047,10.320018186052982,14.411176233663738
A,20,10,125,200,0.05,3,1.0,0.8,0.1,5,4.550920694187628,0.8811932454672075,10.3151287183657,14.407509944885453
A,20,10,125,200,0.05,3,1.0,0.8,1.0,1,4.5568852163643045,0.8809956713351195,10.317363678483009,14.41574296995529
A,20,10,125,200,0.05,3,1.0,0.8,1.0,5,4.559137518112062,0.8808555995485964,10.320390285569196,14.414129905147274
A,20,10,125,200,0.05,3,1.0,0.8,10.0,1,4.573460976872456,0.8807754452149597,10.342785374103618,14.423011285577552
A,20,10,125,200,0.05,3,1.0,0.8,10.0,5,4.574695080736285,0.8809646718217163,10.335292638766871,14.417100801417249
A,20,10,125,200,0.05,3,1.0,1.0,0.1,1,4.570877166716572,0.8805537935384127,10.312370634744637,14.428204440899956
A,20,10,125,200,0.05,3,1.0,1.0,0.1,5,4.566592949542729,0.8805464301068209,10.316270916486594,14.42734726400594
A,20,10,125,200,0.05,3,1.0,1.0,1.0,1,4.565160598209365,0.8805396408451811,10.314657079541725,14.429140443430269
A,20,10,125,200,0.05,3,1.0,1.0,1.0,5,4.567001868843883,0.8807462651800136,10.305586019726766,14.42451588098937
A,20,10,125,200,0.05,3,1.0,1.0,10.0,1,4.56348521647744,0.8808965166669672,10.310629463138737,14.425449338499089
A,20,10,125,200,0.05,3,1.0,1.0,10.0,5,4.560376840437376,0.8807782464875931,10.307422179901767,14.425925099929891
A,20,10,125,200,0.05,5,0.8,0.8,0.1,1,4.792991098980528,0.879620116518381,10.058068374773455,14.410778387322852
A,20,10,125,200,0.05,5,0.8,0.8,0.1,5,4.781078712226651,0.8802327504028831,10.030354993689432,14.389137404249954
A,20,10,125,200,0.05,5,0.8,0.8,1.0,1,4.801924681509084,0.8798469015731328,10.05472417048261,14.41473328185538
A,20,10,125,200,0.05,5,0.8,0.8,1.0,5,4.779484693555152,0.8799599191154075,10.046546263809716,14.403493412762437
A,20,10,125,200,0.05,5,0.8,0.8,10.0,1,4.785876824451079,0.8803302000260503,10.047686491130948,14.380580844063504
A,20,10,125,200,0.05,5,0.8,0.8,10.0,5,4.75289399513194,0.8801860143420646,10.046322676206891,14.370154699974176
A,20,10,125,200,0.05,5,0.8,1.0,0.1,1,4.774292777186321,0.8799541124886504,10.026615470698344,14.42919819892075
A,20,10,125,200,0.05,5,0.8,1.0,0.1,5,4.78787791495988,0.8798608871401544,10.008967307713712,14.414987901528454
A,20,10,125,200,0.05,5,0.8,1.0,1.0,1,4.7995186422661735,0.8799321417908142,10.004220852420836,14.416718012002596
A,20,10,125,200,0.05,5,0.8,1.0,1.0,5,4.823651652661685,0.8796976203691438,10.029047661138373,14.436856467104466
A,20,10,125,200,0.05,5,0.8,1.0,10.0,1,4.797780236706894,0.8802441800216533,10.016250954766454,14.4036006248092
A,20,10,125,200,0.05,5,0.8,1.0,10.0,5,4.77542112162223,0.88032446077716,10.005086081294287,14.392660249358466
A,20,10,125,200,0.05,5,1.0,0.8,0.1,1,4.758052764753628,0.8798486850660485,10.055598488777823,14.408757558989702
A,20,10,125,200,0.05,5,1.0,0.8,0.1,5,4.772368030995414,0.8799317870541913,10.054712836915227,14.40500043544957
A,20,10,125,200,0.05,5,1.0,0.8,1.0,1,4.785934762289345,0.8798722573395688,10.058358323811031,14.40732877520028
A,20,10,125,200,0.05,5,1.0,0.8,1.0,5,4.796079408896768,0.8799195077708284,10.042444291574766,14.413154174551346
A,20,10,125,200,0.05,5,1.0,0.8,10.0,1,4.785015253143726,0.8798484997704928,10.053949093593252,14.398742730737274
A,20,10,125,200,0.05,5,1.0,0.8,10.0,5,4.734003711109535,0.880311331667602,10.04728067917164,14.370581868210872
A,20,10,125,200,0.05,5,1.0,1.0,0.1,1,4.7712889250262265,0.8798874597740625,10.00654203649214,14.422649769283892
A,20,10,125,200,0.05,5,1.0,1.0,0.1,5,4.782445327230986,0.8798923247206286,10.007382304967818,14.426595930373878
A,20,10,125,200,0.05,5,1.0,1.0,1.0,1,4.773906060586722,0.8796593931329315,10.022191749561207,14.429931342431974
A,20,10,125,200,0.05,5,1.0,1.0,1.0,5,4.754392984106252,0.8797198535358504,10.015887523710653,14.414352533880106
A,20,10,125,200,0.05,5,1.0,1.0,10.0,1,4.774939294898256,0.8802877791354298,10.016492040073375,14.39229043620907
A,20,10,125,200,0.05,5,1.0,1.0,10.0,5,4.780170430237479,0.8804228870433886,10.018800154485522,14.410178188784082
A,20,10,125,200,0.1,3,0.8,0.8,0.1,1,4.527639535489249,0.8799835279417383,10.209114535764751,14.38487616542004
A,20,10,125,200,0.1,3,0.8,0.8,0.1,5,4.525206973310701,0.8800169929401693,10.213166503972754,14.38444831500641
A,20,10,125,200,0.1,3,0.8,0.8,1.0,1,4.567844523549991,0.8795458471963891,10.228954693062931,14.41994638811507
A,20,10,125,200,0.1,3,0.8,0.8,1.0,5,4.544930736931445,0.8799772642158781,10.1933788433985,14.389711268578418
A,20,10,125,200,0.1,3,0.8,0.8,10.0,1,4.570859315757731,0.8800611015899065,10.218628881571805,14.414247733165748
A,20,10,125,200,0.1,3,0.8,0.8,10.0,5,4.571755925251905,0.8801195281016307,10.207825942356958,14.399483102795068
A,20,10,125,200,0.1,3,0.8,1.0,0.1,1,4.573709106586237,0.879466863061609,10.19484689226688,14.4150901202218
A,20,10,125,200,0.1,3,0.8,1.0,0.1,5,4.550248707580865,0.8793842370433215,10.210051770798362,14.424683883038066
A,20,10,125,200,0.1,3,0.8,1.0,1.0,1,4.569307668737348,0.8793004107749507,10.217249969620031,14.437905739344648
A,20,10,125,200,0.1,3,0.8,1.0,1.0,5,4.561857932137054,0.8793216520409427,10.206610165933048,14.418054230964492
A,20,10,125,200,0.1,3,0.8,1.0,10.0,1,4.531239010780246,0.87958672856453,10.183392784999066,14.396764862622115
A,20,10,125,200,0.1,3,0.8,1.0,10.0,5,4.5516851167792725,0.8795653546804243,10.180339645472904,14.39720849044051
A,20,10,125,200,0.1,3,1.0,0.8,0.1,1,4.52484272410945,0.880672850725815,10.19984438670057,14.400393221908704
A,20,10,125,200,0.1,3,1.0,0.8,0.1,5,4.508813831202522,0.8805502526760215,10.211090684666123,14.390566171301506
A,20,10,125,200,0.1,3,1.0,0.8,1.0,1,4.5697061640764,0.8797449180424171,10.23555775391734,14.429409434077735
A,20,10,125,200,0.1,3,1.0,0.8,1.0,5,4.556520568596818,0.8800638571988607,10.22369194651009,14.419057234724258
A,20,10,125,200,0.1,3,1.0,0.8,10.0,1,4.594029612261297,0.880016335046286,10.22433642756678,14.414920484794038
A,20,10,125,200,0.1,3,1.0,0.8,10.0,5,4.571868735854712,0.8803516535443723,10.214300219433415,14.406344355542974
A,20,10,125,200,0.1,3,1.0,1.0,0.1,1,4.563087231840114,0.8796788417066598,10.21922232505569,14.439198522413596
A,20,10,125,200,0.1,3,1.0,1.0,0.1,5,4.559516725048779,0.8801599533024552,10.19238975584056,14.419092692955966
A,20,10,125,200,0.1,3,1.0,1.0,1.0,1,4.566524715237344,0.8802749701448261,10.189071717905035,14.415530194526548
A,20,10,125,200,0.1,3,1.0,1.0,1.0,5,4.5538933881727655,0.8802362581431137,10.189606279862373,14.410616312622244
A,20,10,125,200,0.1,3,1.0,1.0,10.0,1,4.549199389823098,0.8806155071615441,10.175450180899809,14.383086037277613
A,20,10,125,200,0.1,3,1.0,1.0,10.0,5,4.550193371946386,0.8806053179928492,10.176936027644702,14.389161319735951
A,20,10,125,200,0.1,5,0.8,0.8,0.1,1,5.013325968141904,0.8760134184274004,10.16200611158769,14.602598288181351
A,20,10,125,200,0.1,5,0.8,0.8,0.1,5,5.075958362814785,0.8765247264847436,10.160178469304782,14.61809996416854
A,20,10,125,200,0.1,5,0.8,0.8,1.0,1,5.020209241082134,0.8760248118942187,10.183968917523526,14.60142612440544
A,20,10,125,200,0.1,5,0.8,0.8,1.0,5,4.957886080468048,0.8762793589547602,10.15907101480263,14.602421757878432
A,20,10,125,200,0.1,5,0.8,0.8,10.0,1,5.013930452395025,0.8760783784947769,10.160451045663187,14.599253821296614
A,20,10,125,200,0.1,5,0.8,0.8,10.0,5,5.003058098848912,0.8763488975346734,10.169523735186836,14.610741520871295
A,20,10,125,200,0.1,5,0.8,1.0,0.1,1,5.13419065050972,0.8753603778342167,10.192659280438724,14.679810304806455
A,20,10,125,200,0.1,5,0.8,1.0,0.1,5,5.007385713636538,0.8757879901040733,10.165537942238862,14.667249612105874
A,20,10,125,200,0.1,5,0.8,1.0,1.0,1,5.080782690563995,0.8755367508793844,10.187121428032755,14.660986455202297
A,20,10,125,200,0.1,5,0.8,1.0,1.0,5,5.13335549100597,0.8751931566970192,10.172189507642576,14.66740939207549
A,20,10,125,200,0.1,5,0.8,1.0,10.0,1,5.0750615955006495,0.8758136157625731,10.1572755019674,14.649437399557092
A,20,10,125,200,0.1,5,0.8,1.0,10.0,5,4.981629076775117,0.8759659291759551,10.148081080673998,14.60112670433559
A,20,10,125,200,0.1,5,1.0,0.8,0.1,1,4.937246611437929,0.8771971256553073,10.121974320533017,14.536310360143624
A,20,10,125,200,0.1,5,1.0,0.8,0.1,5,4.834870001096346,0.876681279609663,10.13556408896019,14.548648729933054
A,20,10,125,200,0.1,5,1.0,0.8,1.0,1,4.86382819484946,0.877358787995521,10.11968180662973,14.5278080031712
A,20,10,125,200,0.1,5,1.0,0.8,1.0,5,4.8705156879118245,0.8772314174923208,10.129483651345854,14.551403027384971
A,20,10,125,200,0.1,5,1.0,0.8,10.0,1,4.886286345741422,0.8777723669394604,10.106445843590151,14.515954059881937
A,20,10,125,200,0.1,5,1.0,0.8,10.0,5,4.869681369660883,0.8780183037014357,10.079687416296048,14.4946298611241
A,20,10,125,200,0.1,5,1.0,1.0,0.1,1,4.993324936697407,0.8760155072271092,10.175953421922976,14.636437882175745
A,20,10,125,200,0.1,5,1.0,1.0,0.1,5,4.992722922372851,0.876091593571941,10.153690428686634,14.620131678674216
A,20,10,125,200,0.1,5,1.0,1.0,1.0,1,4.9168519863282185,0.8763717718651389,10.142368074896057,14.588999962718692
A,20,10,125,200,0.1,5,1.0,1.0,1.0,5,4.986938509004881,0.8761316614042265,10.147056211012458,14.621585436658089
A,20,10,125,200,0.1,5,1.0,1.0,10.0,1,4.957501300552538,0.8769657125059431,10.11521784410654,14.566066295474666
A,20,10,125,200,0.1,5,1.0,1.0,10.0,5,4.906772958375679,0.8768692709884112,10.11020576864677,14.549194989083176
A,20,10,125,300,0.05,3,0.8,0.8,0.1,1,4.527340337260794,0.8804378894767456,10.240062748235443,14.389866820095117
A,20,10,125,300,0.05,3,0.8,0.8,0.1,5,4.548723565853566,0.8802591493989176,10.253556658648204,14.408547623759734
A,20,10,125,300,0.05,3,0.8,0.8,1.0,1,4.544254774388212,0.8805895224552851,10.234805483708673,14.393424733385135
A,20,10,125,300,0.05,3,0.8,0.8,1.0,5,4.546341422296367,0.8805595904840511,10.225519542950751,14.388916719799935
A,20,10,125,300,0.05,3,0.8,0.8,10.0,1,4.537377408111775,0.8805906765024734,10.226424247758851,14.382066857558693
A,20,10,125,300,0.05,3,0.8,0.8,10.0,5,4.528665556141219,0.8806006511835843,10.232121584019277,14.3852957638978
A,20,10,125,300,0.05,3,0.8,1.0,0.1,1,4.545509890977183,0.8803066072956659,10.219695788155818,14.399095668621248
A,20,10,125,300,0.05,3,0.8,1.0,0.1,5,4.549738589543495,0.8803099108451008,10.211354599936934,14.399078766022413
A,20,10,125,300,0.05,3,0.8,1.0,1.0,1,4.554349626746805,0.8803471125675191,10.207933660163471,14.390116033471298
A,20,10,125,300,0.05,3,0.8,1.0,1.0,5,4.551817700897948,0.880245865435978,10.20973976318639,14.396490914553038
A,20,10,125,300,0.05,3,0.8,1.0,10.0,1,4.542844772992329,0.8805153348468611,10.205309760614137,14.382025720644329
A,20,10,125,300,0.05,3,0.8,1.0,10.0,5,4.5389563485279,0.8806183453164476,10.191554403753994,14.370430578059626
A,20,10,125,300,0.05,3,1.0,0.8,0.1,1,4.539625272432273,0.8808550114439914,10.23678195768409,14.3872112470411
A,20,10,125,300,0.05,3,1.0,0.8,0.1,5,4.535179084397751,0.8810441311645955,10.225277370764932,14.379579512356722
A,20,10,125,300,0.05,3,1.0,0.8,1.0,1,4.523539147532658,0.8808810099070152,10.227603665819064,14.379421173043855
A,20,10,125,300,0.05,3,1.0,0.8,1.0,5,4.5323030159672175,0.8807567338045642,10.22165168156778,14.381616115117414
A,20,10,125,300,0.05,3,1.0,0.8,10.0,1,4.559608161728013,0.8806733627393358,10.249607850820473,14.388978990717728
A,20,10,125,300,0.05,3,1.0,0.8,10.0,5,4.548763545735395,0.8809148126479727,10.240669109347724,14.378348682822171
A,20,10,125,300,0.05,3,1.0,1.0,0.1,1,4.563075328123676,0.8802550409654234,10.24112943624814,14.413065838552916
A,20,10,125,300,0.05,3,1.0,1.0,0.1,5,4.54677693327415,0.8803690739680998,10.243159799576016,14.409058852476091
A,20,10,125,300,0.05,3,1.0,1.0,1.0,1,4.545989580035327,0.8805257523354021,10.229947665035366,14.402652067247391
A,20,10,125,300,0.05,3,1.0,1.0,1.0,5,4.5453869722539135,0.8805929664577461,10.230295761498777,14.405481195229331
A,20,10,125,300,0.05,3,1.0,1.0,10.0,1,4.541578005249972,0.8806253587605815,10.228163639195504,14.402761417013206
A,20,10,125,300,0.05,3,1.0,1.0,10.0,5,4.559593435920546,0.8805975012700923,10.235159273977356,14.408723958774058
A,20,10,125,300,0.05,5,0.8,0.8,0.1,1,4.884559077058503,0.878069468020312,10.093441462104076,14.48523391887835
A,20,10,125,300,0.05,5,0.8,0.8,0.1,5,4.895277454127359,0.8784630604652873,10.077954934877274,14.473985911847867
A,20,10,125,300,0.05,5,0.8,0.8,1.0,1,4.885182723016065,0.8779794378661018,10.099067139914723,14.488259747707016
A,20,10,125,300,0.05,5,0.8,0.8,1.0,5,4.870550180811492,0.8783159157042342,10.082426553864163,14.476799175035527
A,20,10,125,300,0.05,5,0.8,0.8,10.0,1,4.864047772549626,0.8788898818908019,10.07112152411946,14.442503966443953
A,20,10,125,300,0.05,5,0.8,0.8,10.0,5,4.839417887588409,0.8783997637334917,10.081545127830305,14.447673888227625
A,20,10,125,300,0.05,5,0.8,1.0,0.1,1,4.842236746641348,0.8780409121276834,10.079718534634768,14.519769156259152
A,20,10,125,300,0.05,5,0.8,1.0,0.1,5,4.865168941947493,0.8779836022053542,10.066677306133348,14.50299315730904
A,20,10,125,300,0.05,5,0.8,1.0,1.0,1,4.868412765164561,0.8780729990442767,10.069593584029125,14.505177713681196
A,20,10,125,300,0.05,5,0.8,1.0,1.0,5,4.889100577205521,0.8779026695407189,10.080226935599732,14.5187984917612
A,20,10,125,300,0.05,5,0.8,1.0,10.0,1,4.857206600068652,0.8785060866067198,10.060343770122357,14.473612617235808
A,20,10,125,300,0.05,5,0.8,1.0,10.0,5,4.852054582925449,0.8785042110653267,10.064053868876092,14.479748212972584
A,20,10,125,300,0.05,5,1.0,0.8,0.1,1,4.829773520475212,0.8783026394531884,10.092396151142871,14.476410561335678
A,20,10,125,300,0.05,5,1.0,0.8,0.1,5,4.813961657426487,0.8788140008050067,10.077815347063432,14.456737093201344
A,20,10,125,300,0.05,5,1.0,0.8,1.0,1,4.833088639895332,0.8785566523150756,10.084425723933425,14.46961950747947
A,20,10,125,300,0.05,5,1.0,0.8,1.0,5,4.836198070248846,0.8788460105081184,10.057375721096417,14.455322901361743
A,20,10,125,300,0.05,5,1.0,0.8,10.0,1,4.818238094181198,0.8786427148441465,10.07418888651566,14.4465048288164
A,20,10,125,300,0.05,5,1.0,0.8,10.0,5,4.772419027242454,0.8790827000117869,10.07774854759396,14.428894695812952
A,20,10,125,300,0.05,5,1.0,1.0,0.1,1,4.816186675804182,0.8784717868968933,10.050484146341274,14.4869467698613
A,20,10,125,300,0.05,5,1.0,1.0,0.1,5,4.848323976058233,0.8783461396782449,10.054354341192816,14.496980489895485
A,20,10,125,300,0.05,5,1.0,1.0,1.0,1,4.832892256979288,0.8782043889230027,10.064610104439822,14.498666963240073
A,20,10,125,300,0.05,5,1.0,1.0,1.0,5,4.822689103048679,0.8783675087864731,10.058809430475408,14.480592920964956
A,20,10,125,300,0.05,5,1.0,1.0,10.0,1,4.826741836972078,0.878871982269197,10.04430855265298,14.453382923065965
A,20,10,125,300,0.05,5,1.0,1.0,10.0,5,4.820780491541243,0.879115629205707,10.052456480543,14.470523828902662
A,20,10,125,300,0.1,3,0.8,0.8,0.1,1,4.570092674085393,0.8791973364641077,10.1860670019734,14.402353774849326
A,20,10,125,300,0.1,3,0.8,0.8,0.1,5,4.568257152197838,0.8793760234030383,10.178519944628896,14.384002459503929
A,20,10,125,300,0.1,3,0.8,0.8,1.0,1,4.602383871046587,0.8789452007316285,10.192387298708852,14.41867039836814
A,20,10,125,300,0.1,3,0.8,0.8,1.0,5,4.598879958932576,0.8792162050956239,10.172046307626449,14.402634309273823
A,20,10,125,300,0.1,3,0.8,0.8,10.0,1,4.619511463254154,0.8792931667662902,10.193327978390538,14.416038950718267
A,20,10,125,300,0.1,3,0.8,0.8,10.0,5,4.596776949151824,0.8792440836928959,10.192494076046216,14.41198414188272
A,20,10,125,300,0.1,3,0.8,1.0,0.1,1,4.569554561020371,0.8789566655385264,10.148520610780151,14.404420538693469
A,20,10,125,300,0.1,3,0.8,1.0,0.1,5,4.574115757371596,0.8786494847533811,10.196001252660466,14.442360261887496
A,20,10,125,300,0.1,3,0.8,1.0,1.0,1,4.601898777684172,0.8787273587996827,10.183121910694105,14.434069730710505
A,20,10,125,300,0.1,3,0.8,1.0,1.0,5,4.599362564644543,0.8786488848670173,10.180475707435178,14.423091341865554
A,20,10,125,300,0.1,3,0.8,1.0,10.0,1,4.56827679040919,0.8786342983714153,10.173178718382824,14.411349773925972
A,20,10,125,300,0.1,3,0.8,1.0,10.0,5,4.562503971554602,0.8786537954936364,10.171048936660052,14.406069030707728
A,20,10,125,300,0.1,3,1.0,0.8,0.1,1,4.541532721510282,0.8799447634333187,10.176610503943326,14.409979149237545
A,20,10,125,300,0.1,3,1.0,0.8,0.1,5,4.537872472015082,0.8797932284964916,10.183791468429735,14.402867876825685
A,20,10,125,300,0.1,3,1.0,0.8,1.0,1,4.536149056851853,0.879786859715637,10.162400715093826,14.389578333884105
A,20,10,125,300,0.1,3,1.0,0.8,1.0,5,4.558750432674602,0.8795256242731652,10.157049650089892,14.395038897978331
A,20,10,125,300,0.1,3,1.0,0.8,10.0,1,4.583460544990125,0.8798323434831898,10.163273559871428,14.38943414361585
A,20,10,125,300,0.1,3,1.0,0.8,10.0,5,4.572123652988512,0.8798868130469966,10.167135650653664,14.39497028808556
A,20,10,125,300,0.1,3,1.0,1.0,0.1,1,4.554350170951004,0.8790607711071283,10.18410787928874,14.426354018440176
A,20,10,125,300,0.1,3,1.0,1.0,0.1,5,4.562164318847474,0.8795579518357819,10.15231600656256,14.407934808920825
A,20,10,125,300,0.1,3,1.0,1.0,1.0,1,4.588013138910255,0.8793509076537938,10.177536632076912,14.43510228314262
A,20,10,125,300,0.1,3,1.0,1.0,1.0,5,4.560722376222186,0.8795887116658495,10.165946149887038,14.405381132961462
A,20,10,125,300,0.1,3,1.0,1.0,10.0,1,4.534364391335352,0.8802347108723463,10.141362146655904,14.365397810530949
A,20,10,125,300,0.1,3,1.0,1.0,10.0,5,4.555719064753477,0.879920301832606,10.144043369406308,14.382866895685224
A,20,10,125,300,0.1,5,0.8,0.8,0.1,1,5.214312234820401,0.8734087123468104,10.271837416182963,14.754894755214712
A,20,10,125,300,0.1,5,0.8,0.8,0.1,5,5.257733806701742,0.8739746103301809,10.270970463521772,14.767865546805126
A,20,10,125,300,0.1,5,0.8,0.8,1.0,1,5.154649688546033,0.87352700084278,10.282241482402572,14.736837712411466
A,20,10,125,300,0.1,5,0.8,0.8,1.0,5,5.077852412281947,0.8741943439297948,10.254414299452838,14.72604341578486
A,20,10,125,300,0.1,5,0.8,0.8,10.0,1,5.12835325946932,0.8739957192255645,10.247716641915622,14.724909845993958
A,20,10,125,300,0.1,5,0.8,0.8,10.0,5,5.148598231948392,0.874278889143447,10.245210048609852,14.72701492651691
A,20,10,125,300,0.1,5,0.8,1.0,0.1,1,5.29379004978391,0.8725542170479743,10.317662318107264,14.828494389595855
A,20,10,125,300,0.1,5,0.8,1.0,0.1,5,5.176922760670893,0.8731086190470488,10.282415953512118,14.819702820421371
A,20,10,125,300,0.1,5,0.8,1.0,1.0,1,5.252315221731867,0.8732293837668653,10.294693445889532,14.807355883411867
A,20,10,125,300,0.1,5,0.8,1.0,1.0,5,5.351969376226684,0.8730231384927934,10.267563273185525,14.797831873398769
A,20,10,125,300,0.1,5,0.8,1.0,10.0,1,5.27584896155136,0.8737973109655186,10.245306559168908,14.783338086341658
A,20,10,125,300,0.1,5,0.8,1.0,10.0,5,5.156656862491095,0.8736998801737965,10.250904038139586,14.743233112470769
A,20,10,125,300,0.1,5,1.0,0.8,0.1,1,5.033142156415342,0.8753909216640295,10.205486622151462,14.651362728960011
A,20,10,125,300,0.1,5,1.0,0.8,0.1,5,4.949852033364989,0.8746058946236518,10.224466534548704,14.663891887241077
A,20,10,125,300,0.1,5,1.0,0.8,1.0,1,5.000575493261837,0.8750914557509448,10.215883368530797,14.667233207680995
A,20,10,125,300,0.1,5,1.0,0.8,1.0,5,5.001241629033766,0.8749391460009992,10.222573098105034,14.67831940157082
A,20,10,125,300,0.1,5,1.0,0.8,10.0,1,4.995732918777054,0.8756606221600721,10.188066021931252,14.636123855898784
A,20,10,125,300,0.1,5,1.0,0.8,10.0,5,5.01102408649355,0.8759249130644756,10.172426239278082,14.626713484071493
A,20,10,125,300,0.1,5,1.0,1.0,0.1,1,5.160503938480145,0.8734339727220419,10.27805249182562,14.775570390777933
A,20,10,125,300,0.1,5,1.0,1.0,0.1,5,5.116627754695514,0.8736492689042988,10.255343452443508,14.743289383567957
A,20,10,125,300,0.1,5,1.0,1.0,1.0,1,5.092333681198308,0.8742363108009321,10.23526368103488,14.729569085232871
A,20,10,125,300,0.1,5,1.0,1.0,1.0,5,5.181938306439523,0.8742982465204718,10.236463540863957,14.76296250017621
A,20,10,125,300,0.1,5,1.0,1.0,10.0,1,5.111691764216123,0.874620929667101,10.213223218164986,14.70706926042249
A,20,10,125,300,0.1,5,1.0,1.0,10.0,5,5.02862181856998,0.8749741659765299,10.201343593772558,14.674953869029668
A,20,15,115,100,0.05,3,0.8,0.8,0.1,1,3.0338133645383163,0.8954022654827218,8.718909390252868,12.37575771121112
A,20,15,115,100,0.05,3,0.8,0.8,0.1,5,3.032353900180493,0.8954530772329263,8.71955061935093,12.37365798523746
A,20,15,115,100,0.05,3,0.8,0.8,1.0,1,3.030257675918892,0.8954972630879178,8.7104470753812,12.376059583833314
A,20,15,115,100,0.05,3,0.8,0.8,1.0,5,3.028762105811964,0.8955148266838394,8.712171670567791,12.37396224557108
A,20,15,115,100,0.05,3,0.8,0.8,10.0,1,3.040116223890708,0.8952231111483755,8.742003335912283,12.39492002071644
A,20,15,115,100,0.05,3,0.8,0.8,10.0,5,3.041715121849744,0.8951517647961925,8.744902173787901,12.39740525509996
A,20,15,115,100,0.05,3,0.8,1.0,0.1,1,3.0543532484213154,0.8956264163035753,8.659841468449214,12.41142075262955
A,20,15,115,100,0.05,3,0.8,1.0,0.1,5,3.052423026333733,0.8956507887658551,8.659629923845786,12.409020002220633
A,20,15,115,100,0.05,3,0.8,1.0,1.0,1,3.0562152520827213,0.8952872913700046,8.663640593657657,12.420732584979236
A,20,15,115,100,0.05,3,0.8,1.0,1.0,5,3.0560923292153337,0.8952981347232207,8.663257893082967,12.41957370538422
A,20,15,115,100,0.05,3,0.8,1.0,10.0,1,3.0647643952267667,0.895107820091455,8.660615391747843,12.420339878778224
A,20,15,115,100,0.05,3,0.8,1.0,10.0,5,3.053114663999412,0.8955769566617429,8.664761107056808,12.409466475456824
A,20,15,115,100,0.05,3,1.0,0.8,0.1,1,3.024743972239294,0.8951276384318636,8.718751222911168,12.382163274523784
A,20,15,115,100,0.05,3,1.0,0.8,0.1,5,3.0254639618070813,0.8951058456370248,8.720480289007641,12.382731361198822
A,20,15,115,100,0.05,3,1.0,0.8,1.0,1,3.028898061659907,0.8949684158929619,8.715272853537396,12.382358118648936
A,20,15,115,100,0.05,3,1.0,0.8,1.0,5,3.029438106961314,0.8949137606588382,8.715668577541601,12.38427927828902
A,20,15,115,100,0.05,3,1.0,0.8,10.0,1,3.0328460408811764,0.8950813200479766,8.736846968766118,12.386046479416285
A,20,15,115,100,0.05,3,1.0,0.8,10.0,5,3.033970327666663,0.8950379880977245,8.740649940492965,12.388845977567058
A,20,15,115,100,0.05,3,1.0,1.0,0.1,1,3.0601817392893134,0.8945634964741223,8.682083763844236,12.434990133852958
A,20,15,115,100,0.05,3,1.0,1.0,0.1,5,3.058447772459785,0.8946749825813471,8.683358242280068,12.43170492572354
A,20,15,115,100,0.05,3,1.0,1.0,1.0,1,3.050282383026703,0.8949566015687005,8.673884074662972,12.42412013965675
A,20,15,115,100,0.05,3,1.0,1.0,1.0,5,3.051054317948361,0.8949471035106791,8.672597391132015,12.425091114393934
A,20,15,115,100,0.05,3,1.0,1.0,10.0,1,3.054979057950084,0.8951484673097564,8.684722868464608,12.416979281630264
A,20,15,115,100,0.05,3,1.0,1.0,10.0,5,3.054397527459776,0.8951060745808761,8.689057787855749,12.418248943944644
A,20,15,115,100,0.05,5,0.8,0.8,0.1,1,3.0023422066465573,0.8972817785701588,8.26810212659089,12.18609070084421
A,20,15,115,100,0.05,5,0.8,0.8,0.1,5,2.9813988471818176,0.8974216221623484,8.255782756575082,12.170576066589645
A,20,15,115,100,0.05,5,0.8,0.8,1.0,1,2.9848503505427657,0.89787347754169,8.250323485821763,12.163618519352182
A,20,15,115,100,0.05,5,0.8,0.8,1.0,5,2.9986311964498675,0.8975552009656536,8.257531810003325,12.170976946095688
A,20,15,115,100,0.05,5,0.8,0.8,10.0,1,2.9883713373946827,0.897467570681069,8.307338286126026,12.185338120559068
A,20,15,115,100,0.05,5,0.8,0.8,10.0,5,2.9900546146065654,0.897217982780389,8.296757941669446,12.183901883625088
A,20,15,115,100,0.05,5,0.8,1.0,0.1,1,3.017716002911944,0.8976112267971796,8.192600766658234,12.18716459346165
A,20,15,115,100,0.05,5,0.8,1.0,0.1,5,3.0265076935083184,0.8977723295460962,8.192467368122477,12.191554386188908
A,20,15,115,100,0.05,5,0.8,1.0,1.0,1,3.014172594457983,0.8975264934819022,8.21530263969457,12.196576406828008
A,20,15,115,100,0.05,5,0.8,1.0,1.0,5,3.024343266499065,0.897701750629279,8.201300881848836,12.192335972916576
A,20,15,115,100,0.05,5,0.8,1.0,10.0,1,3.026675218879697,0.8974540576689505,8.228459068843524,12.20453775950697
A,20,15,115,100,0.05,5,0.8,1.0,10.0,5,3.0365931463497224,0.8977700066026817,8.224966973700493,12.201355930789848
A,20,15,115,100,0.05,5,1.0,0.8,0.1,1,2.9799687498052,0.8975202444005523,8.257908076887693,12.158482261626444
A,20,15,115,100,0.05,5,1.0,0.8,0.1,5,2.97852675688936,0.8974513250835585,8.255399722708002,12.158413036001363
A,20,15,115,100,0.05,5,1.0,0.8,1.0,1,2.983622114130213,0.8971732028962563,8.267651612939504,12.175022534187244
A,20,15,115,100,0.05,5,1.0,0.8,1.0,5,2.999437232488748,0.8974516289114757,8.255198060112962,12.1686654786662
A,20,15,115,100,0.05,5,1.0,0.8,10.0,1,2.9846262820798195,0.8974719314794001,8.303288152468857,12.188467261784616
A,20,15,115,100,0.05,5,1.0,0.8,10.0,5,2.9912143076624425,0.8970333575782192,8.29997548942989,12.177302967021202
A,20,15,115,100,0.05,5,1.0,1.0,0.1,1,3.0008503547809324,0.8978415381180508,8.215117847210639,12.197897978128738
A,20,15,115,100,0.05,5,1.0,1.0,0.1,5,2.99493202608526,0.8980419385633993,8.198866179862126,12.188535257780403
A,20,15,115,100,0.05,5,1.0,1.0,1.0,1,3.009440874936633,0.8979023649316208,8.21217546743694,12.19569782119965
A,20,15,115,100,0.05,5,1.0,1.0,1.0,5,3.0250378164112752,0.8977632656138447,8.214111602145307,12.209640214478648
A,20,15,115,100,0.05,5,1.0,1.0,10.0,1,3.0139657042913006,0.8976927464295796,8.24581229459754,12.21376923124944
A,20,15,115,100,0.05,5,1.0,1.0,10.0,5,3.0193511450297863,0.8979363565338483,8.227106551946544,12.201898965640778
A,20,15,115,100,0.1,3,0.8,0.8,0.1,1,2.970754541124646,0.8957266640138807,8.438332455059838,12.277091234677494
A,20,15,115,100,0.1,3,0.8,0.8,0.1,5,2.9733255473890514,0.8959624901223195,8.443927776675004,12.28101064704477
A,20,15,115,100,0.1,3,0.8,0.8,1.0,1,2.979450178375811,0.895813479996374,8.451241847060277,12.287106694241686
A,20,15,115,100,0.1,3,0.8,0.8,1.0,5,2.976128279394241,0.8958264413535497,8.454865812973619,12.28260800269512
A,20,15,115,100,0.1,3,0.8,0.8,10.0,1,2.964084602848471,0.8952669756248003,8.457980859087305,12.281009219156036
A,20,15,115,100,0.1,3,0.8,0.8,10.0,5,2.9624584330520856,0.8953573287727601,8.457759784400373,12.279531280332744
A,20,15,115,100,0.1,3,0.8,1.0,0.1,1,2.9854245147604237,0.8954777515176013,8.444284888183315,12.31019305473066
A,20,15,115,100,0.1,3,0.8,1.0,0.1,5,2.9964763388356586,0.8953315257244071,8.4452546747042,12.320045927419669
A,20,15,115,100,0.1,3,0.8,1.0,1.0,1,3.0030975997980804,0.8954392893885117,8.466325045255036,12.337373951435124
A,20,15,115,100,0.1,3,0.8,1.0,1.0,5,2.991452921744173,0.8955166966064446,8.460494186488393,12.323599524175384
A,20,15,115,100,0.1,3,0.8,1.0,10.0,1,2.994281050589456,0.8959619341896039,8.446413033078342,12.306612037693045
A,20,15,115,100,0.1,3,0.8,1.0,10.0,5,2.992841336555794,0.8959763078290776,8.458510323943717,12.3113806685767
A,20,15,115,100,0.1,3,1.0,0.8,0.1,1,2.935453202536194,0.8959254681824292,8.452232111606957,12.272476338063722
A,20,15,115,100,0.1,3,1.0,0.8,0.1,5,2.9429824430292197,0.8958972031440735,8.45394176013338,12.282775389019676
A,20,15,115,100,0.1,3,1.0,0.8,1.0,1,2.957465341953589,0.8959323175544259,8.441450410431319,12.281632000319684
A,20,15,115,100,0.1,3,1.0,0.8,1.0,5,2.9542488205124693,0.8958030801786799,8.438759790686913,12.283291449152506
A,20,15,115,100,0.1,3,1.0,0.8,10.0,1,2.937276898449165,0.8960228061727715,8.454394194539224,12.262302570089648
A,20,15,115,100,0.1,3,1.0,0.8,10.0,5,2.9284393144119054,0.8960159396566227,8.446051165045041,12.2504928651315
A,20,15,115,100,0.1,3,1.0,1.0,0.1,1,2.9786824212952263,0.8962800586438118,8.422884606726644,12.298910581859303
A,20,15,115,100,0.1,3,1.0,1.0,0.1,5,2.975044225633221,0.8960901765585634,8.424425928233525,12.295818959770978
A,20,15,115,100,0.1,3,1.0,1.0,1.0,1,2.964670427614176,0.8961831552612607,8.436143148275972,12.298372613251953
A,20,15,115,100,0.1,3,1.0,1.0,1.0,5,2.962997911591196,0.8962634963140665,8.424724440447642,12.292636051591767
A,20,15,115,100,0.1,3,1.0,1.0,10.0,1,2.998861443561636,0.8954727755305918,8.486404765104677,12.348305127937756
A,20,15,115,100,0.1,3,1.0,1.0,10.0,5,2.99348081914106,0.8955544520546518,8.476339065207123,12.343208373216845
A,20,15,115,100,0.1,5,0.8,0.8,0.1,1,3.020570594623858,0.8945750795845295,8.264824076894543,12.267234304129133
A,20,15,115,100,0.1,5,0.8,0.8,0.1,5,3.03019454598282,0.8946679324836154,8.273230204169305,12.276354278799891
A,20,15,115,100,0.1,5,0.8,0.8,1.0,1,3.0102587435740302,0.8947005566275911,8.259422616886297,12.269454926525071
A,20,15,115,100,0.1,5,0.8,0.8,1.0,5,2.994340709120116,0.8946486568751464,8.246502007320377,12.24963373982393
A,20,15,115,100,0.1,5,0.8,0.8,10.0,1,3.0095874565183776,0.8949360099322476,8.269450143721244,12.262136700523552
A,20,15,115,100,0.1,5,0.8,0.8,10.0,5,3.006720279689735,0.8949183765070226,8.242157538600335,12.23683298397756
A,20,15,115,100,0.1,5,0.8,1.0,0.1,1,3.070144860755301,0.8950183684754199,8.203985194683655,12.293177616290109
A,20,15,115,100,0.1,5,0.8,1.0,0.1,5,3.094285852303687,0.8955151966312457,8.218599506354012,12.304505040210808
A,20,15,115,100,0.1,5,0.8,1.0,1.0,1,3.068236347923196,0.8949971387799746,8.225786620186526,12.297430694442845
A,20,15,115,100,0.1,5,0.8,1.0,1.0,5,3.0800644188819843,0.8955644814832912,8.216667585759115,12.294541406527742
A,20,15,115,100,0.1,5,0.8,1.0,10.0,1,3.0246183558082755,0.8946495010249558,8.234520429290743,12.289452133982554
A,20,15,115,100,0.1,5,0.8,1.0,10.0,5,3.052946732976573,0.8950193481021775,8.21851655404573,12.27259844808606
A,20,15,115,100,0.1,5,1.0,0.8,0.1,1,2.9905837116691503,0.8951423315590878,8.213070780794848,12.217475330712253
A,20,15,115,100,0.1,5,1.0,0.8,0.1,5,3.0006075664936445,0.8956040253764972,8.223462051080023,12.236366604001578
A,20,15,115,100,0.1,5,1.0,0.8,1.0,1,2.9840300411177454,0.8952792435544694,8.207409704436023,12.202626399691276
A,20,15,115,100,0.1,5,1.0,0.8,1.0,5,2.9914996969580323,0.895474146856189,8.208274073472307,12.20464507292292
A,20,15,115,100,0.1,5,1.0,0.8,10.0,1,3.002442420069184,0.8954085123940493,8.227702247521764,12.225225062662693
A,20,15,115,100,0.1,5,1.0,0.8,10.0,5,3.016560330414836,0.8952703144137677,8.229908362224949,12.226049266103493
A,20,15,115,100,0.1,5,1.0,1.0,0.1,1,3.047446380056079,0.8958776451499268,8.197339503838084,12.25717338243214
A,20,15,115,100,0.1,5,1.0,1.0,0.1,5,3.0339887530023715,0.8949606129656024,8.19058011434932,12.24172989351781
A,20,15,115,100,0.1,5,1.0,1.0,1.0,1,3.0332662420121195,0.8953790657097436,8.177370501406283,12.243687293598745
A,20,15,115,100,0.1,5,1.0,1.0,1.0,5,3.039658422330203,0.8955139931570384,8.174708971067988,12.235093456037836
A,20,15,115,100,0.1,5,1.0,1.0,10.0,1,3.027958595447524,0.8957176810285331,8.201689432944761,12.2467345088205
A,20,15,115,100,0.1,5,1.0,1.0,10.0,5,3.042822279922754,0.896093114098653,8.199242299777682,12.25491527855738
A,20,15,115,200,0.05,3,0.8,0.8,0.1,1,2.950142259457588,0.8962275697932046,8.46306341020408,12.25454985660722
A,20,15,115,200,0.05,3,0.8,0.8,0.1,5,2.954368135938674,0.8963758932304963,8.4593895802377,12.254512443032183
A,20,15,115,200,0.05,3,0.8,0.8,1.0,1,2.938300475629732,0.8965851634566182,8.44183821950225,12.236149958089396
A,20,15,115,200,0.05,3,0.8,0.8,1.0,5,2.939465686257324,0.896574060524497,8.442509410033532,12.239838858820171
A,20,15,115,200,0.05,3,0.8,0.8,10.0,1,2.951254131373537,0.8960844751661746,8.473784710644896,12.269215558325769
A,20,15,115,200,0.05,3,0.8,0.8,10.0,5,2.955627221461154,0.8960720510589733,8.474426113527148,12.270881848197956
A,20,15,115,200,0.05,3,0.8,1.0,0.1,1,2.9769949818722314,0.8963021138673234,8.422879878462025,12.292813634633138
A,20,15,115,200,0.05,3,0.8,1.0,0.1,5,2.976544090012348,0.8963233904310712,8.418832011898788,12.292017523745152
A,20,15,115,200,0.05,3,0.8,1.0,1.0,1,2.978055610566901,0.8960694340522288,8.435398301422245,12.295748943713043
A,20,15,115,200,0.05,3,0.8,1.0,1.0,5,2.9758486890576243,0.8961458644073236,8.436556974993138,12.296552763632736
A,20,15,115,200,0.05,3,0.8,1.0,10.0,1,2.9858286118135,0.8959689673955383,8.425744891531124,12.300323358155516
A,20,15,115,200,0.05,3,0.8,1.0,10.0,5,2.980013382714187,0.8961473095644736,8.424364217248634,12.296088966398129
A,20,15,115,200,0.05,3,1.0,0.8,0.1,1,2.9458526509681966,0.8962607894549288,8.454728516409821,12.262332045831034
A,20,15,115,200,0.05,3,1.0,0.8,0.1,5,2.9457313850579,0.8960060983350393,8.465310231681286,12.26771857533168
A,20,15,115,200,0.05,3,1.0,0.8,1.0,1,2.9508136004560237,0.8962028429923379,8.456664037281861,12.264901138774764
A,20,15,115,200,0.05,3,1.0,0.8,1.0,5,2.951193807632501,0.896187967885416,8.46106092062475,12.26827948855497
A,20,15,115,200,0.05,3,1.0,0.8,10.0,1,2.953534377841118,0.896145048618443,8.464094700782624,12.264635793615874
A,20,15,115,200,0.05,3,1.0,0.8,10.0,5,2.947539613656861,0.8961618424011544,8.462260854089084,12.258006193860412
A,20,15,115,200,0.05,3,1.0,1.0,0.1,1,2.9819388270331397,0.8957104759759649,8.443954344882483,12.31647087460422
A,20,15,115,200,0.05,3,1.0,1.0,0.1,5,2.983008303863608,0.8957515475907722,8.448347458430465,12.316750321017505
A,20,15,115,200,0.05,3,1.0,1.0,1.0,1,2.975519091593527,0.8959354350666443,8.440790591771291,12.312548646033
A,20,15,115,200,0.05,3,1.0,1.0,1.0,5,2.979959722274129,0.8958956441763256,8.442851231604404,12.319021244146844
A,20,15,115,200,0.05,3,1.0,1.0,10.0,1,2.9824448133010693,0.8960565642918075,8.442317150739372,12.308908541421449
A,20,15,115,200,0.05,3,1.0,1.0,10.0,5,2.9878488170462023,0.8960097811097782,8.457341623365597,12.319945864716948
A,20,15,115,200,0.05,5,0.8,0.8,0.1,1,3.0123242662207623,0.89605062331029,8.190065503391136,12.19433466442554
A,20,15,115,200,0.05,5,0.8,0.8,0.1,5,2.98244851875104,0.8961267239381504,8.17129019724463,12.181724047498625
A,20,15,115,200,0.05,5,0.8,0.8,1.0,1,2.9980339377189247,0.8962968733841394,8.180499616317022,12.195622171807354
A,20,15,115,200,0.05,5,0.8,0.8,1.0,5,3.0057937571778632,0.8960666393364868,8.181014331427022,12.19058448140127
A,20,15,115,200,0.05,5,0.8,0.8,10.0,1,2.9909053312196905,0.8963020323640393,8.207400869390593,12.197160561627966
A,20,15,115,200,0.05,5,0.8,0.8,10.0,5,2.9966224035205538,0.8957528718691098,8.202691394701645,12.205797985869816
A,20,15,115,200,0.05,5,0.8,1.0,0.1,1,3.0478349810237524,0.8952887646593831,8.168345143160886,12.243349800510448
A,20,15,115,200,0.05,5,0.8,1.0,0.1,5,3.0436571856582093,0.8956708463242954,8.177472199659576,12.239016354451458
A,20,15,115,200,0.05,5,0.8,1.0,1.0,1,3.0290359880037934,0.8958040063853179,8.171587410875077,12.234811731348058
A,20,15,115,200,0.05,5,0.8,1.0,1.0,5,3.056430039233061,0.8959036280720563,8.16432315778584,12.238761130888138
A,20,15,115,200,0.05,5,0.8,1.0,10.0,1,3.050497946959217,0.8960092528240127,8.167005244481004,12.237919205644562
A,20,15,115,200,0.05,5,0.8,1.0,10.0,5,3.062715066817989,0.8959163187481678,8.165466241280566,12.237560225290752
A,20,15,115,200,0.05,5,1.0,0.8,0.1,1,2.9749641978570915,0.8965537150026901,8.17232768821267,12.16468567642561
A,20,15,115,200,0.05,5,1.0,0.8,0.1,5,2.985624481363588,0.8962917325407597,8.174920236490712,12.172649637130537
A,20,15,115,200,0.05,5,1.0,0.8,1.0,1,2.971193089256253,0.8959249081164049,8.1831438638572,12.174478204146826
A,20,15,115,200,0.05,5,1.0,0.8,1.0,5,2.9882784418283697,0.8965275859025553,8.165592976138326,12.17085216625141
A,20,15,115,200,0.05,5,1.0,0.8,10.0,1,2.9869405117267704,0.8963126074712179,8.193394514384646,12.196236179772573
A,20,15,115,200,0.05,5,1.0,0.8,10.0,5,2.9807821348701253,0.8959761488499737,8.196939103891543,12.179148734148152
A,20,15,115,200,0.05,5,1.0,1.0,0.1,1,3.0231360484011267,0.8960534896673679,8.16936122964195,12.237920059104674
A,20,15,115,200,0.05,5,1.0,1.0,0.1,5,3.013734464639357,0.8961827878910693,8.147771052641835,12.214853309714286
A,20,15,115,200,0.05,5,1.0,1.0,1.0,1,3.015088994758805,0.8962197833225648,8.165260621283416,12.222577336140246
A,20,15,115,200,0.05,5,1.0,1.0,1.0,5,3.040972919017738,0.8960123847503907,8.159397203782156,12.232991756522086
A,20,15,115,200,0.05,5,1.0,1.0,10.0,1,3.0254608426330867,0.8962137349503199,8.170592412974708,12.236152471911314
A,20,15,115,200,0.05,5,1.0,1.0,10.0,5,3.034688807458673,0.8963788173949325,8.16774075611968,12.23153240316888
A,20,15,115,200,0.1,3,0.8,0.8,0.1,1,2.9273491743597466,0.8953997148499495,8.421656071614766,12.242233341647324
A,20,15,115,200,0.1,3,0.8,0.8,0.1,5,2.917924658977782,0.8954770776807927,8.418589097240687,12.24834643302749
A,20,15,115,200,0.1,3,0.8,0.8,1.0,1,2.930027910363083,0.8954335488735108,8.429754624426115,12.253716775177969
A,20,15,115,200,0.1,3,0.8,0.8,1.0,5,2.93227996912307,0.8954408606264037,8.430184469424912,12.24818215069772
A,20,15,115,200,0.1,3,0.8,0.8,10.0,1,2.924044077554936,0.8949374832195641,8.445364636559741,12.260178760939436
A,20,15,115,200,0.1,3,0.8,0.8,10.0,5,2.928735566511353,0.8950725096356003,8.428501731994132,12.249395022080042
A,20,15,115,200,0.1,3,0.8,1.0,0.1,1,2.9384645385167723,0.8952346383115609,8.411558063009362,12.270894252195244
A,20,15,115,200,0.1,3,0.8,1.0,0.1,5,2.955752040580333,0.8949651179302677,8.421126191664438,12.28376339643654
A,20,15,115,200,0.1,3,0.8,1.0,1.0,1,2.963516093997009,0.8952071057991329,8.422199639599103,12.286667872086928
A,20,15,115,200,0.1,3,0.8,1.0,1.0,5,2.9598489425679007,0.8952384032820623,8.425765010619655,12.286733887753066
A,20,15,115,200,0.1,3,0.8,1.0,10.0,1,2.95623635813996,0.8955734214727793,8.41755873075119,12.27675253751665
A,20,15,115,200,0.1,3,0.8,1.0,10.0,5,2.955691143076865,0.8957741238112211,8.40880562663952,12.270644294954757
A,20,15,115,200,0.1,3,1.0,0.8,0.1,1,2.910802117335435,0.8955953298944346,8.428336505887804,12.25229159906178
A,20,15,115,200,0.1,3,1.0,0.8,0.1,5,2.9202618973364776,0.8955638768661507,8.440105684107984,12.267266296245053
A,20,15,115,200,0.1,3,1.0,0.8,1.0,1,2.9255441242028017,0.8955190904572763,8.416762776558667,12.260561929497092
A,20,15,115,200,0.1,3,1.0,0.8,1.0,5,2.930731919705833,0.8957163115089852,8.412029366469397,12.261420589801592
A,20,15,115,200,0.1,3,1.0,0.8,10.0,1,2.8977882611878485,0.8958481885595505,8.400398150508888,12.21094931539055
A,20,15,115,200,0.1,3,1.0,0.8,10.0,5,2.9015059950655413,0.8957506544348304,8.413617885824694,12.21954947090126
A,20,15,115,200,0.1,3,1.0,1.0,0.1,1,2.9448780535138788,0.8958631799215062,8.400790750436403,12.262928719527794
A,20,15,115,200,0.1,3,1.0,1.0,0.1,5,2.940907488276518,0.8959663441689653,8.375581439752743,12.249717917881824
A,20,15,115,200,0.1,3,1.0,1.0,1.0,1,2.9292257894717446,0.8958986523865322,8.393834813151706,12.260051330461623
A,20,15,115,200,0.1,3,1.0,1.0,1.0,5,2.9319549202256856,0.8958491942332184,8.391901360083148,12.261798900208245
A,20,15,115,200,0.1,3,1.0,1.0,10.0,1,2.95781539167112,0.8954073261037895,8.424955574453454,12.30440259707959
A,20,15,115,200,0.1,3,1.0,1.0,10.0,5,2.954547837098904,0.8952486360231788,8.435382621939635,12.308976481213204
A,20,15,115,200,0.1,5,0.8,0.8,0.1,1,3.0983366662544425,0.8914283413132346,8.425241174889567,12.415315056492105
A,20,15,115,200,0.1,5,0.8,0.8,0.1,5,3.0958959188687354,0.8914839044136885,8.410029478380386,12.39537954324565
A,20,15,115,200,0.1,5,0.8,0.8,1.0,1,3.099432271825831,0.8914085290175627,8.412529699715595,12.40515049498719
A,20,15,115,200,0.1,5,0.8,0.8,1.0,5,3.0645344216793378,0.8917489906307985,8.393562780400648,12.378885313776758
A,20,15,115,200,0.1,5,0.8,0.8,10.0,1,3.065024190105442,0.8922367912180299,8.40661449730524,12.370957836463312
A,20,15,115,200,0.1,5,0.8,0.8,10.0,5,3.0687495215179594,0.8923227763541941,8.375869957895253,12.357564629445644
A,20,15,115,200,0.1,5,0.8,1.0,0.1,1,3.166766887077912,0.8912947213010428,8.38795831631865,12.45888657329203
A,20,15,115,200,0.1,5,0.8,1.0,0.1,5,3.174002470319633,0.891932575582311,8.392705531388003,12.445079276220335
A,20,15,115,200,0.1,5,0.8,1.0,1.0,1,3.1481597347494743,0.891507743463748,8.402323991969508,12.453857914904455
A,20,15,115,200,0.1,5,0.8,1.0,1.0,5,3.1501326401181453,0.8917261658767355,8.376517030330564,12.437702299339286
A,20,15,115,200,0.1,5,0.8,1.0,10.0,1,3.0902023219196457,0.8918452947953808,8.370906596585852,12.39821554241044
A,20,15,115,200,0.1,5,0.8,1.0,10.0,5,3.139670532296869,0.8916197951480151,8.391895726726045,12.427609625158953
A,20,15,115,200,0.1,5,1.0,0.8,0.1,1,3.049969537798821,0.892589020564548,8.350970416312977,12.327095652495794
A,20,15,115,200,0.1,5,1.0,0.8,0.1,5,3.0142836115430187,0.893141443011066,8.341370686222067,12.320769879229529
A,20,15,115,200,0.1,5,1.0,0.8,1.0,1,3.04090626638393,0.8929496998016813,8.32922380337281,12.305789650305536
A,20,15,115,200,0.1,5,1.0,0.8,1.0,5,3.03561884307212,0.8929278932977288,8.328009120186149,12.302524388419132
A,20,15,115,200,0.1,5,1.0,0.8,10.0,1,3.027610202818471,0.8936487523842953,8.319628312272329,12.30007060537217
A,20,15,115,200,0.1,5,1.0,0.8,10.0,5,3.0597215068235286,0.8933093637010032,8.333207671929538,12.301051645562785
A,20,15,115,200,0.1,5,1.0,1.0,0.1,1,3.100912736159901,0.8931512635894359,8.334883295115988,12.372806285217264
A,20,15,115,200,0.1,5,1.0,1.0,0.1,5,3.0969739052690786,0.892422020669098,8.324313469608523,12.345188471414138
A,20,15,115,200,0.1,5,1.0,1.0,1.0,1,3.082419215222712,0.8928406916891213,8.3078703873829,12.342883074214337
A,20,15,115,200,0.1,5,1.0,1.0,1.0,5,3.0859318309783927,0.8926896160233755,8.310314288425095,12.33432985420089
A,20,15,115,200,0.1,5,1.0,1.0,10.0,1,3.061943532961648,0.8934056131406225,8.302593481801242,12.317671364360708
A,20,15,115,200,0.1,5,1.0,1.0,10.0,5,3.080508404364502,0.8939413437565159,8.294969675907554,12.319839447473948
A,20,15,115,300,0.05,3,0.8,0.8,0.1,1,2.928220815464502,0.8961034001333633,8.432092279079159,12.229674074927193
A,20,15,115,300,0.05,3,0.8,0.8,0.1,5,2.9330861300397078,0.8960480831866617,8.435201088344106,12.232765682816964
A,20,15,115,300,0.05,3,0.8,0.8,1.0,1,2.92425056729554,0.896232338868562,8.418456467277295,12.217847278722088
A,20,15,115,300,0.05,3,0.8,0.8,1.0,5,2.923552689046891,0.8963249002787199,8.420899056706528,12.21804893732724
A,20,15,115,300,0.05,3,0.8,0.8,10.0,1,2.924106485214451,0.8960791320532178,8.434730716867605,12.232712815340316
A,20,15,115,300,0.05,3,0.8,0.8,10.0,5,2.932580370397707,0.8959092309329243,8.448269670296309,12.24556418256806
A,20,15,115,300,0.05,3,0.8,1.0,0.1,1,2.948663533417828,0.8962179766047583,8.384560389580383,12.26097969182631
A,20,15,115,300,0.05,3,0.8,1.0,0.1,5,2.951065517800985,0.896238614329995,8.38609321747315,12.264619948824222
A,20,15,115,300,0.05,3,0.8,1.0,1.0,1,2.9602653669588053,0.8957433835673461,8.407797349277837,12.277844379547664
A,20,15,115,300,0.05,3,0.8,1.0,1.0,5,2.961151756314391,0.895959461033535,8.406183227634926,12.280166616357842
A,20,15,115,300,0.05,3,0.8,1.0,10.0,1,2.9648635110007,0.8958381528886644,8.401602925911945,12.283621194722915
A,20,15,115,300,0.05,3,0.8,1.0,10.0,5,2.960964445337664,0.8959307166900556,8.400796474107002,12.281000500850643
A,20,15,115,300,0.05,3,1.0,0.8,0.1,1,2.9166305439739357,0.8962045379265193,8.419594785701952,12.238204503536672
A,20,15,115,300,0.05,3,1.0,0.8,0.1,5,2.9189075757705965,0.8958288387089814,8.435458393411986,12.241711769305386
A,20,15,115,300,0.05,3,1.0,0.8,1.0,1,2.9235641168356934,0.8959986856130573,8.418164879210357,12.241210025559056
A,20,15,115,300,0.05,3,1.0,0.8,1.0,5,2.9258323347466435,0.89604053915161,8.423674466921662,12.245941897721048
A,20,15,115,300,0.05,3,1.0,0.8,10.0,1,2.939709284907009,0.8959715490862201,8.436920178113969,12.24659338232816
A,20,15,115,300,0.05,3,1.0,0.8,10.0,5,2.93036235116844,0.8959659958106192,8.432254746487633,12.242314707709616
A,20,15,115,300,0.05,3,1.0,1.0,0.1,1,2.95963550218182,0.8957943376258173,8.41781213745802,12.291927490420314
A,20,15,115,300,0.05,3,1.0,1.0,0.1,5,2.954569519519692,0.895759271152906,8.415043713713708,12.285665768480838
A,20,15,115,300,0.05,3,1.0,1.0,1.0,1,2.942042157593319,0.8959589113857437,8.40445679295126,12.280180802480375
A,20,15,115,300,0.05,3,1.0,1.0,1.0,5,2.9518251446418486,0.8958578976024603,8.406483542312845,12.285250723601228
A,20,15,115,300,0.05,3,1.0,1.0,10.0,1,2.957460832314774,0.8960264470722749,8.407066949800393,12.285531464091232
A,20,15,115,300,0.05,3,1.0,1.0,10.0,5,2.962293244065319,0.8960870018839753,8.417334517372629,12.29152500002068
A,20,15,115,300,0.05,5,0.8,0.8,0.1,1,3.053190691947393,0.8942144845196431,8.268492021026075,12.25948725529516
A,20,15,115,300,0.05,5,0.8,0.8,0.1,5,3.014627632088789,0.8945364531997091,8.24747171554355,12.23446448526051
A,20,15,115,300,0.05,5,0.8,0.8,1.0,1,3.0317512955344763,0.894597769132765,8.248260629336105,12.25163747469215
A,20,15,115,300,0.05,5,0.8,0.8,1.0,5,3.042153501657955,0.8944745877904913,8.251391353163772,12.24614017184187
A,20,15,115,300,0.05,5,0.8,0.8,10.0,1,3.0285466779963013,0.8945342624038183,8.269967275270252,12.254551113951043
A,20,15,115,300,0.05,5,0.8,0.8,10.0,5,3.02822319249128,0.8941906139719343,8.260664607815446,12.256676707984544
A,20,15,115,300,0.05,5,0.8,1.0,0.1,1,3.080479754985098,0.8936346008722842,8.245242488844111,12.304355044947863
A,20,15,115,300,0.05,5,0.8,1.0,0.1,5,3.086234430600216,0.8939876077151473,8.257105131894034,12.3025299286898
A,20,15,115,300,0.05,5,0.8,1.0,1.0,1,3.076160849592686,0.8938183933389017,8.253592434329835,12.304447537220767
A,20,15,115,300,0.05,5,0.8,1.0,1.0,5,3.0752871041035634,0.8941896843696991,8.24334439437293,12.292214356787929
A,20,15,115,300,0.05,5,0.8,1.0,10.0,1,3.076095285110315,0.8945070052246209,8.233664537406664,12.29032297786522
A,20,15,115,300,0.05,5,0.8,1.0,10.0,5,3.084994305825905,0.8945991916284267,8.22644393271432,12.27856301961684
A,20,15,115,300,0.05,5,1.0,0.8,0.1,1,2.9901044531932057,0.895163557252759,8.229864280227511,12.21157166209197
A,20,15,115,300,0.05,5,1.0,0.8,0.1,5,3.008987714840518,0.8950889966727968,8.219008231657925,12.213653134104444
A,20,15,115,300,0.05,5,1.0,0.8,1.0,1,2.9824348424649707,0.8952045582785072,8.21789538015156,12.202918119634312
A,20,15,115,300,0.05,5,1.0,0.8,1.0,5,3.007456471725805,0.8953311604794548,8.215608948729292,12.210357096091476
A,20,15,115,300,0.05,5,1.0,0.8,10.0,1,3.009525994681229,0.8952876625841608,8.230827079356395,12.232074335454673
A,20,15,115,300,0.05,5,1.0,0.8,10.0,5,2.9905935637654024,0.8950093141678606,8.231932809391518,12.210865180612169
A,20,15,115,300,0.05,5,1.0,1.0,0.1,1,3.039807147032086,0.894857225192375,8.216816919467487,12.265280390083923
A,20,15,115,300,0.05,5,1.0,1.0,0.1,5,3.033070370914726,0.895072405178967,8.20804085013017,12.256953585487404
A,20,15,115,300,0.05,5,1.0,1.0,1.0,1,3.035423088155286,0.895008042341684,8.22052961206885,12.261478213794833
A,20,15,115,300,0.05,5,1.0,1.0,1.0,5,3.0504231278160945,0.8948179273092732,8.218339807920746,12.270438841113473
A,20,15,115,300,0.05,5,1.0,1.0,10.0,1,3.042495168734116,0.8948559269574758,8.218348860007946,12.269708878641614
A,20,15,115,300,0.05,5,1.0,1.0,10.0,5,3.0462615152949697,0.8950112086411026,8.215189175935501,12.26493601784818
A,20,15,115,300,0.1,3,0.8,0.8,0.1,1,2.920974745133321,0.8949025767720883,8.442894530459592,12.236425662774687
A,20,15,115,300,0.1,3,0.8,0.8,0.1,5,2.9159537268926057,0.8951760794739938,8.417032055808198,12.236553408209318
A,20,15,115,300,0.1,3,0.8,0.8,1.0,1,2.9277069906651008,0.8949424360596524,8.434410152799384,12.25089690867983
A,20,15,115,300,0.1,3,0.8,0.8,1.0,5,2.927976937184201,0.8948338057902975,8.43735398527495,12.24670382275118
A,20,15,115,300,0.1,3,0.8,0.8,10.0,1,2.9252778740672816,0.8945898568328478,8.445340892240022,12.249174255015884
A,20,15,115,300,0.1,3,0.8,0.8,10.0,5,2.9253593730732304,0.8947023823812774,8.43048679156205,12.243289004260587
A,20,15,115,300,0.1,3,0.8,1.0,0.1,1,2.938179087613642,0.8946832726524688,8.424281416342264,12.26410500927894
A,20,15,115,300,0.1,3,0.8,1.0,0.1,5,2.955978045257497,0.8945932270202663,8.437625644046019,12.281483160899125
A,20,15,115,300,0.1,3,0.8,1.0,1.0,1,2.9588137738859563,0.8949051760267299,8.422670641109239,12.270040448106258
A,20,15,115,300,0.1,3,0.8,1.0,1.0,5,2.948950614896965,0.8947942852522168,8.436885500929415,12.280506233159972
A,20,15,115,300,0.1,3,0.8,1.0,10.0,1,2.950795212770373,0.8950847144873656,8.428182447345652,12.271776182745745
A,20,15,115,300,0.1,3,0.8,1.0,10.0,5,2.95436400828483,0.8949805118318277,8.428818823625107,12.280625068672332
A,20,15,115,300,0.1,3,1.0,0.8,0.1,1,2.906226809623146,0.8952152739080305,8.443859920288924,12.258117082889108
A,20,15,115,300,0.1,3,1.0,0.8,0.1,5,2.904057923306195,0.895176099316825,8.444484161611182,12.26637995565554
A,20,15,115,300,0.1,3,1.0,0.8,1.0,1,2.912857732812695,0.8950565290971586,8.426175694444371,12.253733228106348
A,20,15,115,300,0.1,3,1.0,0.8,1.0,5,2.93125476807192,0.8949353943878092,8.427345912082824,12.266644187325936
A,20,15,115,300,0.1,3,1.0,0.8,10.0,1,2.88390044225421,0.8958025688325195,8.391187424262723,12.201790118940696
A,20,15,115,300,0.1,3,1.0,0.8,10.0,5,2.8981522517091607,0.8952642687120098,8.41766771013797,12.223102417039394
A,20,15,115,300,0.1,3,1.0,1.0,0.1,1,2.917066884518678,0.8956670361144008,8.405442835951467,12.241572978718084
A,20,15,115,300,0.1,3,1.0,1.0,0.1,5,2.924427840148033,0.8956522505656777,8.376906130889783,12.23578860291152
A,20,15,115,300,0.1,3,1.0,1.0,1.0,1,2.930932375572057,0.8955468609096886,8.409295101614138,12.258888425350452
A,20,15,115,300,0.1,3,1.0,1.0,1.0,5,2.9153798392187733,0.8953492045270861,8.395603339121418,12.244293625479743
A,20,15,115,300,0.1,3,1.0,1.0,10.0,1,2.938434631455647,0.8951657259004785,8.418092995851223,12.281824228325489
A,20,15,115,300,0.1,3,1.0,1.0,10.0,5,2.9452572354892483,0.8949163202618771,8.440338310219076,12.29776136621977
A,20,15,115,300,0.1,5,0.8,0.8,0.1,1,3.1673111180505207,0.8895297707006911,8.541897128821837,12.52557861321332
A,20,15,115,300,0.1,5,0.8,0.8,0.1,5,3.1477875124251864,0.8892197958737247,8.534337733730696,12.499644537683926
A,20,15,115,300,0.1,5,0.8,0.8,1.0,1,3.160302068553368,0.8891711862166123,8.526958945342503,12.510746433572129
A,20,15,115,300,0.1,5,0.8,0.8,1.0,5,3.122931868457651,0.889584895412088,8.518836903109827,12.486623231130547
A,20,15,115,300,0.1,5,0.8,0.8,10.0,1,3.1297245488652217,0.890052217889966,8.51998778250871,12.476835600860138
A,20,15,115,300,0.1,5,0.8,0.8,10.0,5,3.1426137127049056,0.8900316560014291,8.492030032048675,12.464603018256875
A,20,15,115,300,0.1,5,0.8,1.0,0.1,1,3.234983858450591,0.8886821203194891,8.515026283624758,12.56416245137206
A,20,15,115,300,0.1,5,0.8,1.0,0.1,5,3.2518470376516238,0.88953219454036,8.517121623651843,12.550933461284368
A,20,15,115,300,0.1,5,0.8,1.0,1.0,1,3.2146440037055264,0.889810215428542,8.517742623623464,12.549830683171992
A,20,15,115,300,0.1,5,0.8,1.0,1.0,5,3.2157079442465504,0.889744602201722,8.499393920200859,12.541568128673736
A,20,15,115,300,0.1,5,0.8,1.0,10.0,1,3.16997157458556,0.8892147322867535,8.506348236103232,12.512186239988411
A,20,15,115,300,0.1,5,0.8,1.0,10.0,5,3.1907423258964456,0.8896052478688536,8.50500559914073,12.523587636151678
A,20,15,115,300,0.1,5,1.0,0.8,0.1,1,3.115948028133822,0.8906939444316493,8.464308057404173,12.43199147421905
A,20,15,115,300,0.1,5,1.0,0.8,0.1,5,3.065287958446097,0.8912183808388269,8.460352904496498,12.418298939627691
A,20,15,115,300,0.1,5,1.0,0.8,1.0,1,3.100717889495351,0.8907982967669066,8.445285442616587,12.41817851266996
A,20,15,115,300,0.1,5,1.0,0.8,1.0,5,3.077834484261249,0.8912490410180315,8.425968501415861,12.39225006536166
A,20,15,115,300,0.1,5,1.0,0.8,10.0,1,3.0693970193186404,0.8919303211149515,8.427925068109705,12.396156805394051
A,20,15,115,300,0.1,5,1.0,0.8,10.0,5,3.113093004742501,0.8914054613708847,8.444580059010345,12.400224242856837
A,20,15,115,300,0.1,5,1.0,1.0,0.1,1,3.160005050871795,0.8911560942635113,8.448341002389277,12.467301753035184
A,20,15,115,300,0.1,5,1.0,1.0,0.1,5,3.1583917580793184,0.8900852602457082,8.459709783126165,12.46977163301017
A,20,15,115,300,0.1,5,1.0,1.0,1.0,1,3.1464980747550424,0.8910049237560743,8.41213893534033,12.43142703980016
A,20,15,115,300,0.1,5,1.0,1.0,1.0,5,3.11946009677984,0.8905749387201457,8.42654974982433,12.420644676300842
A,20,15,115,300,0.1,5,1.0,1.0,10.0,1,3.1246165521008598,0.8914337676084717,8.412041698161472,12.41025617993388
A,20,15,115,300,0.1,5,1.0,1.0,10.0,5,3.1039898800296646,0.8921470157964656,8.391041842015651,12.388719201219237
A,20,15,120,100,0.05,3,0.8,0.8,0.1,1,3.743937085290752,0.8883100024327067,9.67300001753041,13.437810741224288
A,20,15,120,100,0.05,3,0.8,0.8,0.1,5,3.744065704945722,0.8883310951160898,9.66971810261818,13.437944778317256
A,20,15,120,100,0.05,3,0.8,0.8,1.0,1,3.7404274931345554,0.8882110762835305,9.670768643886548,13.43958667388836
A,20,15,120,100,0.05,3,0.8,0.8,1.0,5,3.737510594352306,0.8882329477024197,9.668392232679723,13.43798200573952
A,20,15,120,100,0.05,3,0.8,0.8,10.0,1,3.76527876517702,0.8880632157276853,9.707848656920405,13.453590905519444
A,20,15,120,100,0.05,3,0.8,0.8,10.0,5,3.749892137643985,0.8881046435594955,9.706124451683744,13.447700980034195
A,20,15,120,100,0.05,3,0.8,1.0,0.1,1,3.766724894032744,0.8880596572646059,9.6208584864029,13.462681339189222
A,20,15,120,100,0.05,3,0.8,1.0,0.1,5,3.7745659459505454,0.8880062306754934,9.62482229836814,13.471189987087891
A,20,15,120,100,0.05,3,0.8,1.0,1.0,1,3.763341067959311,0.8878705135030934,9.617613182313187,13.470455653927194
A,20,15,120,100,0.05,3,0.8,1.0,1.0,5,3.763234258506798,0.8878558950661096,9.621083866853432,13.47239443412258
A,20,15,120,100,0.05,3,0.8,1.0,10.0,1,3.7878855573922032,0.8879822836778517,9.63193893629842,13.48119441935619
A,20,15,120,100,0.05,3,0.8,1.0,10.0,5,3.7779812880151047,0.8882638800532427,9.615058726046213,13.46961866431511
A,20,15,120,100,0.05,3,1.0,0.8,0.1,1,3.743235548781133,0.8880126850755288,9.6883516590955,13.43803931498194
A,20,15,120,100,0.05,3,1.0,0.8,0.1,5,3.74322072967402,0.8879518493584111,9.688817052749288,13.440664014816274
A,20,15,120,100,0.05,3,1.0,0.8,1.0,1,3.7357438384063,0.8878684162279686,9.68659173956936,13.439450955367718
A,20,15,120,100,0.05,3,1.0,0.8,1.0,5,3.7357438384063,0.8878684162279686,9.68659173956936,13.439450955367718
A,20,15,120,100,0.05,3,1.0,0.8,10.0,1,3.731794418383153,0.8882530439470558,9.683094133018743,13.42972937971246
A,20,15,120,100,0.05,3,1.0,0.8,10.0,5,3.7319775034124207,0.8882445187534204,9.673990307359912,13.42709662237004
A,20,15,120,100,0.05,3,1.0,1.0,0.1,1,3.786499321805701,0.8875577358549774,9.656061670823124,13.498443163415203
A,20,15,120,100,0.05,3,1.0,1.0,0.1,5,3.790019970140496,0.8875368233441228,9.65902070353862,13.50138349931242
A,20,15,120,100,0.05,3,1.0,1.0,1.0,1,3.775696311644654,0.8878447137191949,9.649287120021873,13.480354796716934
A,20,15,120,100,0.05,3,1.0,1.0,1.0,5,3.7756975949543103,0.8878446041055884,9.649294112160902,13.4803578435381
A,20,15,120,100,0.05,3,1.0,1.0,10.0,1,3.7684765861998137,0.8879620453688906,9.660735183439702,13.479971698772289
A,20,15,120,100,0.05,3,1.0,1.0,10.0,5,3.775910352872432,0.887647479536823,9.66683377014004,13.497234461800806
A,20,15,120,100,0.05,5,0.8,0.8,0.1,1,3.7322858864776465,0.8900019693206562,9.19121316775226,13.232331549691864
A,20,15,120,100,0.05,5,0.8,0.8,0.1,5,3.7488975647132134,0.889977969555304,9.195455823344513,13.244764391290374
A,20,15,120,100,0.05,5,0.8,0.8,1.0,1,3.7391034022208913,0.8898217517084254,9.214995658764945,13.254648153150526
A,20,15,120,100,0.05,5,0.8,0.8,1.0,5,3.747762447256936,0.8898849690690274,9.213369604578759,13.252878955834893
A,20,15,120,100,0.05,5,0.8,0.8,10.0,1,3.729390050252383,0.8899183820275297,9.24484768619038,13.249292493792357
A,20,15,120,100,0.05,5,0.8,0.8,10.0,5,3.7233475892131516,0.8903154109788,9.226534401897904,13.233502185616553
A,20,15,120,100,0.05,5,0.8,1.0,0.1,1,3.7666183596573717,0.8901519532390149,9.141154116935562,13.268575681814085
A,20,15,120,100,0.05,5,0.8,1.0,0.1,5,3.778827191122276,0.8902042977158043,9.129053086595059,13.26008014732722
A,20,15,120,100,0.05,5,0.8,1.0,1.0,1,3.771899441427447,0.8901299266982559,9.126790611304596,13.254493067898721
A,20,15,120,100,0.05,5,0.8,1.0,1.0,5,3.7633865347438644,0.8901752263976389,9.141306067678522,13.256701963480818
A,20,15,120,100,0.05,5,0.8,1.0,10.0,1,3.7711852895223132,0.8901054721755827,9.167280800201365,13.26619853280818
A,20,15,120,100,0.05,5,0.8,1.0,10.0,5,3.766371955127127,0.8903191424654041,9.16704606539739,13.268091854309535
A,20,15,120,100,0.05,5,1.0,0.8,0.1,1,3.72150026949229,0.8899919657807376,9.21537018007563,13.246530446784709
A,20,15,120,100,0.05,5,1.0,0.8,0.1,5,3.7372088971118855,0.89010008456328,9.20832973137548,13.246409809266222
A,20,15,120,100,0.05,5,1.0,0.8,1.0,1,3.720292125565801,0.8900102467135212,9.207192031851438,13.224227451678185
A,20,15,120,100,0.05,5,1.0,0.8,1.0,5,3.7315886759033674,0.8899117932699196,9.201897728454098,13.227345973011865
A,20,15,120,100,0.05,5,1.0,0.8,10.0,1,3.7264186978112406,0.8896311333184311,9.25001792733048,13.259558705226748
A,20,15,120,100,0.05,5,1.0,0.8,10.0,5,3.7172301743158407,0.8900017930425778,9.239663330096075,13.24105186398111
A,20,15,120,100,0.05,5,1.0,1.0,0.1,1,3.744890072189296,0.890332224565522,9.140425933388986,13.259119424222078
A,20,15,120,100,0.05,5,1.0,1.0,0.1,5,3.7776716982411953,0.8899087289673352,9.145586306755048,13.276505202241362
A,20,15,120,100,0.05,5,1.0,1.0,1.0,1,3.74601185624835,0.8905823066897696,9.122131984656951,13.239372010742363
A,20,15,120,100,0.05,5,1.0,1.0,1.0,5,3.751558166750761,0.8900693295808741,9.143950923848246,13.260386464254372
A,20,15,120,100,0.05,5,1.0,1.0,10.0,1,3.7883297519384285,0.8901194803469743,9.183826361491901,13.276883695877506
A,20,15,120,100,0.05,5,1.0,1.0,10.0,5,3.7694234205890362,0.8903179265163367,9.179869559668974,13.263206576107233
A,20,15,120,100,0.1,3,0.8,0.8,0.1,1,3.699538302648425,0.887864418943883,9.41760099110303,13.373205792287507
A,20,15,120,100,0.1,3,0.8,0.8,0.1,5,3.7035989625059664,0.8879741383554599,9.426154953939761,13.37541660225402
A,20,15,120,100,0.1,3,0.8,0.8,1.0,1,3.6509055479799004,0.8883663705835417,9.39895794820199,13.335228714657044
A,20,15,120,100,0.1,3,0.8,0.8,1.0,5,3.6590231252790035,0.8881144724096564,9.408925979082893,13.343132983528468
A,20,15,120,100,0.1,3,0.8,0.8,10.0,1,3.668616884932304,0.8883803539021132,9.40429612594285,13.336703663202005
A,20,15,120,100,0.1,3,0.8,0.8,10.0,5,3.6703504590444638,0.8884205140182587,9.404216235817985,13.34045119031298
A,20,15,120,100,0.1,3,0.8,1.0,0.1,1,3.7083680268545045,0.8882781016505026,9.39320933210439,13.386900422862244
A,20,15,120,100,0.1,3,0.8,1.0,0.1,5,3.718221608362602,0.8881890236088719,9.395359105368719,13.395019177477128
A,20,15,120,100,0.1,3,0.8,1.0,1.0,1,3.7063212277765922,0.8882338466705081,9.378673563221403,13.3769470004586
A,20,15,120,100,0.1,3,0.8,1.0,1.0,5,3.696042699802734,0.8883725886973954,9.382936719330214,13.376225333117299
A,20,15,120,100,0.1,3,0.8,1.0,10.0,1,3.706741052924354,0.887961896025528,9.401573588172417,13.380890588355593
A,20,15,120,100,0.1,3,0.8,1.0,10.0,5,3.706381521026342,0.8881209641948727,9.394139637171392,13.379832517451868
A,20,15,120,100,0.1,3,1.0,0.8,0.1,1,3.6813325924059557,0.8881604851954762,9.403742423878821,13.341918606196248
A,20,15,120,100,0.1,3,1.0,0.8,0.1,5,3.6864706409750836,0.8883751230785968,9.39041987382591,13.330034710414674
A,20,15,120,100,0.1,3,1.0,0.8,1.0,1,3.647970458974033,0.8887594093298159,9.387806473269853,13.315658306249768
A,20,15,120,100,0.1,3,1.0,0.8,1.0,5,3.6519333907081823,0.8885166549648297,9.399843999801401,13.32345031043389
A,20,15,120,100,0.1,3,1.0,0.8,10.0,1,3.678282704425448,0.8885540264943353,9.400217308842997,13.329294191572519
A,20,15,120,100,0.1,3,1.0,0.8,10.0,5,3.664497474338927,0.8883013782681435,9.411893673775046,13.336715952544
A,20,15,120,100,0.1,3,1.0,1.0,0.1,1,3.6915557938501493,0.8886091694074645,9.391944462798506,13.365771009214537
A,20,15,120,100,0.1,3,1.0,1.0,0.1,5,3.7152563462998267,0.8882044064733602,9.41674235618299,13.394073614546002
A,20,15,120,100,0.1,3,1.0,1.0,1.0,1,3.709587499619199,0.8880127383367631,9.411250872066047,13.395272951657205
A,20,15,120,100,0.1,3,1.0,1.0,1.0,5,3.7030121596496586,0.8879653221844344,9.409696476478729,13.390185066317809
A,20,15,120,100,0.1,3,1.0,1.0,10.0,1,3.702086596021728,0.8881807181204247,9.401706731245334,13.388521676775639
A,20,15,120,100,0.1,3,1.0,1.0,10.0,5,3.714329174758673,0.8882994631169565,9.411154307789463,13.392239170257948
A,20,15,120,100,0.1,5,0.8,0.8,0.1,1,3.801860776267117,0.8871678284048322,9.188218814859463,13.35955459443199
A,20,15,120,100,0.1,5,0.8,0.8,0.1,5,3.8471827222527333,0.8881122239696453,9.166825434164249,13.35056300289358
A,20,15,120,100,0.1,5,0.8,0.8,1.0,1,3.825978057465007,0.8876273311240401,9.188249572606185,13.342387621846395
A,20,15,120,100,0.1,5,0.8,0.8,1.0,5,3.8045372671171465,0.8873708573254223,9.182400120307435,13.337624790636543
A,20,15,120,100,0.1,5,0.8,0.8,10.0,1,3.831863523736648,0.8876013281573811,9.201554035078436,13.342655371778651
A,20,15,120,100,0.1,5,0.8,0.8,10.0,5,3.7414311912328544,0.8880724190503001,9.164021091923729,13.286364448251456
A,20,15,120,100,0.1,5,0.8,1.0,0.1,1,3.811530231593153,0.887377234016362,9.148395320904704,13.34753619150355
A,20,15,120,100,0.1,5,0.8,1.0,0.1,5,3.8489738672193567,0.8870372214365219,9.138081711156541,13.372066695158944
A,20,15,120,100,0.1,5,0.8,1.0,1.0,1,3.8569659274372263,0.8878924936210533,9.136399952382558,13.35994063196712
A,20,15,120,100,0.1,5,0.8,1.0,1.0,5,3.8633946307641436,0.8880693216741321,9.116162067743163,13.318519022057249
A,20,15,120,100,0.1,5,0.8,1.0,10.0,1,3.8424053801272806,0.8885089615965412,9.125059437986971,13.33105957758691
A,20,15,120,100,0.1,5,0.8,1.0,10.0,5,3.837413852083073,0.8885289845715931,9.11744658727131,13.320395916759306
A,20,15,120,100,0.1,5,1.0,0.8,0.1,1,3.769796084716212,0.8878138003267285,9.15317060980659,13.294168465335082
A,20,15,120,100,0.1,5,1.0,0.8,0.1,5,3.734495533180264,0.8877239610048843,9.163717070336086,13.307816399338469
A,20,15,120,100,0.1,5,1.0,0.8,1.0,1,3.7603744236002483,0.8878642641803915,9.153755004126404,13.293887214790232
A,20,15,120,100,0.1,5,1.0,0.8,1.0,5,3.8048348893241304,0.8876556251076902,9.168046207223087,13.315507595141117
A,20,15,120,100,0.1,5,1.0,0.8,10.0,1,3.7416181870955385,0.8885277647877843,9.148045824146774,13.284881039593506
A,20,15,120,100,0.1,5,1.0,0.8,10.0,5,3.771506292284222,0.8883551792071571,9.146874600524658,13.303584317455142
A,20,15,120,100,0.1,5,1.0,1.0,0.1,1,3.8235314258003528,0.8879474861672726,9.127072769987727,13.343041605626832
A,20,15,120,100,0.1,5,1.0,1.0,0.1,5,3.8161323256382476,0.8878374628983794,9.126345241543314,13.347145904506652
A,20,15,120,100,0.1,5,1.0,1.0,1.0,1,3.840344400908365,0.8886446645597786,9.123455132487763,13.330306769131832
A,20,15,120,100,0.1,5,1.0,1.0,1.0,5,3.8356298992421145,0.8882479257290331,9.117221534867033,13.320652426553135
A,20,15,120,100,0.1,5,1.0,1.0,10.0,1,3.7976325278327687,0.8883273479358497,9.131642021173613,13.326003856916277
A,20,15,120,100,0.1,5,1.0,1.0,10.0,5,3.8137357645259264,0.8880644724106526,9.13849149827075,13.331319866561003
A,20,15,120,200,0.05,3,0.8,0.8,0.1,1,3.6614929037289086,0.8892020370401857,9.385961999453013,13.311396586283752
A,20,15,120,200,0.05,3,0.8,0.8,0.1,5,3.6597289840478426,0.8892436544400963,9.378293700548724,13.307178785055413
A,20,15,120,200,0.05,3,0.8,0.8,1.0,1,3.6602888510094216,0.8891991932197033,9.380219146482201,13.308849595538158
A,20,15,120,200,0.05,3,0.8,0.8,1.0,5,3.6516883532121525,0.8893334218711703,9.371506086763963,13.301153567312767
A,20,15,120,200,0.05,3,0.8,0.8,10.0,1,3.684694291710496,0.8890027621783044,9.41034017746936,13.327438568045244
A,20,15,120,200,0.05,3,0.8,0.8,10.0,5,3.659251247878683,0.8891003442354911,9.401406088756046,13.30940785077372
A,20,15,120,200,0.05,3,0.8,1.0,0.1,1,3.6964106928278837,0.8886811638089416,9.371188742692691,13.351625489578307
A,20,15,120,200,0.05,3,0.8,1.0,0.1,5,3.6942788687864647,0.8886694459245728,9.374467652720554,13.352389162054465
A,20,15,120,200,0.05,3,0.8,1.0,1.0,1,3.703710010833767,0.8886165181586634,9.380221511275106,13.366521018327495
A,20,15,120,200,0.05,3,0.8,1.0,1.0,5,3.689333666232328,0.8886526758592955,9.375318598104396,13.357035723054684
A,20,15,120,200,0.05,3,0.8,1.0,10.0,1,3.7013716422839975,0.8888223722996876,9.365917919213459,13.353363504527598
A,20,15,120,200,0.05,3,0.8,1.0,10.0,5,3.704149914676549,0.8889050855969319,9.36930825725514,13.353755306465548
A,20,15,120,200,0.05,3,1.0,0.8,0.1,1,3.6634954287183894,0.8890997083893784,9.405885652455687,13.319193443342527
A,20,15,120,200,0.05,3,1.0,0.8,0.1,5,3.668157839683296,0.8888876316772947,9.412416976197964,13.326341144419683
A,20,15,120,200,0.05,3,1.0,0.8,1.0,1,3.663227766621025,0.8889126671123136,9.418154370422219,13.324986853683564
A,20,15,120,200,0.05,3,1.0,0.8,1.0,5,3.6609271871800315,0.8889699925567991,9.401808003705984,13.31825057221034
A,20,15,120,200,0.05,3,1.0,0.8,10.0,1,3.656101300015493,0.8892253925363965,9.391076633667359,13.307452019721945
A,20,15,120,200,0.05,3,1.0,0.8,10.0,5,3.6492518960709264,0.8894447478877264,9.388522432750083,13.305630550271994
A,20,15,120,200,0.05,3,1.0,1.0,0.1,1,3.7074962816646773,0.8886239788391123,9.392918612021063,13.382309889241403
A,20,15,120,200,0.05,3,1.0,1.0,0.1,5,3.7079624388403984,0.8886416674291755,9.388537544071085,13.377026597852828
A,20,15,120,200,0.05,3,1.0,1.0,1.0,1,3.700657870438021,0.8889151422287256,9.38541449040945,13.365274548297927
A,20,15,120,200,0.05,3,1.0,1.0,1.0,5,3.6997762173885,0.8889208083091862,9.384836488221927,13.36432140766738
A,20,15,120,200,0.05,3,1.0,1.0,10.0,1,3.6871438168563357,0.8890157874877449,9.373109256448291,13.357135495209567
A,20,15,120,200,0.05,3,1.0,1.0,10.0,5,3.694139227656958,0.888612271587807,9.388662712402184,13.37205667843988
A,20,15,120,200,0.05,5,0.8,0.8,0.1,1,3.768996451925253,0.8881481378928736,9.124607735158303,13.270451419157705
A,20,15,120,200,0.05,5,0.8,0.8,0.1,5,3.7809856289401695,0.8883126363950176,9.125961385810959,13.280221584461504
A,20,15,120,200,0.05,5,0.8,0.8,1.0,1,3.7891939110277137,0.8880349114824148,9.138350748818388,13.286475264775424
A,20,15,120,200,0.05,5,0.8,0.8,1.0,5,3.7809773697557487,0.887899181340894,9.142669171962334,13.292715880489357
A,20,15,120,200,0.05,5,0.8,0.8,10.0,1,3.755032672119911,0.8884149261093881,9.142169907491873,13.280065168087237
A,20,15,120,200,0.05,5,0.8,0.8,10.0,5,3.769687545244664,0.8887079237102723,9.127921681213495,13.264754950769117
A,20,15,120,200,0.05,5,0.8,1.0,0.1,1,3.816380097618307,0.888096320133743,9.105496560646326,13.326464503464047
A,20,15,120,200,0.05,5,0.8,1.0,0.1,5,3.8226840698117486,0.8881028316469213,9.093393473261477,13.313886205350874
A,20,15,120,200,0.05,5,0.8,1.0,1.0,1,3.808099803648576,0.8883525085149202,9.082801085252674,13.301634684721847
A,20,15,120,200,0.05,5,0.8,1.0,1.0,5,3.8172359042469397,0.8886264668233345,9.09153193254219,13.30491389771189
A,20,15,120,200,0.05,5,0.8,1.0,10.0,1,3.8200204764968797,0.8886611750738119,9.096921174891273,13.316047811756997
A,20,15,120,200,0.05,5,0.8,1.0,10.0,5,3.8160837505744993,0.8886714721186337,9.099473622139323,13.310662994906306
A,20,15,120,200,0.05,5,1.0,0.8,0.1,1,3.7445779852503827,0.8884235244971949,9.135492419138284,13.274668084718565
A,20,15,120,200,0.05,5,1.0,0.8,0.1,5,3.751824568674762,0.8888061731915651,9.116290426902811,13.258033453186348
A,20,15,120,200,0.05,5,1.0,0.8,1.0,1,3.727763924942066,0.8885935073012655,9.119683016089729,13.251857146072762
A,20,15,120,200,0.05,5,1.0,0.8,1.0,5,3.7292729912676053,0.8886766563704059,9.111531709626854,13.243955258865203
A,20,15,120,200,0.05,5,1.0,0.8,10.0,1,3.739312014749877,0.8889397716519198,9.128618531445193,13.264843617809353
A,20,15,120,200,0.05,5,1.0,0.8,10.0,5,3.741155963478375,0.8888407819579885,9.125554177924815,13.259687149347815
A,20,15,120,200,0.05,5,1.0,1.0,0.1,1,3.799496833433479,0.888819873823733,9.094732968455371,13.310311288838566
A,20,15,120,200,0.05,5,1.0,1.0,0.1,5,3.806850098681958,0.8883324188979481,9.098367969488402,13.30882714880622
A,20,15,120,200,0.05,5,1.0,1.0,1.0,1,3.778645888784305,0.8891810248082385,9.070070524400052,13.280800868890598
A,20,15,120,200,0.05,5,1.0,1.0,1.0,5,3.794442326354349,0.8884660991383015,9.090783187125197,13.309041815280064
A,20,15,120,200,0.05,5,1.0,1.0,10.0,1,3.818799837906721,0.8887195652196116,9.117540777032643,13.308275458980239
A,20,15,120,200,0.05,5,1.0,1.0,10.0,5,3.79869147404008,0.8889836912243677,9.096940878586574,13.291690229438572
A,20,15,120,200,0.1,3,0.8,0.8,0.1,1,3.6551742602905812,0.8875051126541402,9.374539778405644,13.333144490521875
A,20,15,120,200,0.1,3,0.8,0.8,0.1,5,3.651775888715855,0.8874123938511586,9.374236660613184,13.337392423434377
A,20,15,120,200,0.1,3,0.8,0.8,1.0,1,3.6298361393544267,0.8877332166008248,9.353349983052027,13.318602944890898
A,20,15,120,200,0.1,3,0.8,0.8,1.0,5,3.6245999772325157,0.887490564442625,9.374436881169462,13.328490846835626
A,20,15,120,200,0.1,3,0.8,0.8,10.0,1,3.6432778282557408,0.8878769830078627,9.360944677284069,13.320717573802725
A,20,15,120,200,0.1,3,0.8,0.8,10.0,5,3.646462881929817,0.8879793379511568,9.35353557894054,13.316127174219082
A,20,15,120,200,0.1,3,0.8,1.0,0.1,1,3.6824843537922107,0.8878377376604233,9.35500469862198,13.359432607338757
A,20,15,120,200,0.1,3,0.8,1.0,0.1,5,3.680636419845959,0.8878278689625416,9.352161415970652,13.368666849578016
A,20,15,120,200,0.1,3,0.8,1.0,1.0,1,3.649194037160543,0.8879133529239411,9.341125202509826,13.348958700153181
A,20,15,120,200,0.1,3,0.8,1.0,1.0,5,3.6760753669595525,0.887730562498805,9.350365216496836,13.359138994020176
A,20,15,120,200,0.1,3,0.8,1.0,10.0,1,3.674922229973178,0.8878861234956708,9.352363657924787,13.346922173072176
A,20,15,120,200,0.1,3,0.8,1.0,10.0,5,3.677590706632175,0.8878115932576476,9.360303051546987,13.354402156438407
A,20,15,120,200,0.1,3,1.0,0.8,0.1,1,3.647978011826537,0.8880026508310953,9.35061855472039,13.311927121078401
A,20,15,120,200,0.1,3,1.0,0.8,0.1,5,3.6576864345500866,0.8877536272162022,9.36107707259266,13.31344136537864
A,20,15,120,200,0.1,3,1.0,0.8,1.0,1,3.6243303553083757,0.8880924040451201,9.36419080590385,13.313026510493085
A,20,15,120,200,0.1,3,1.0,0.8,1.0,5,3.628183339949115,0.8880914937428159,9.35567249907518,13.309780753755632
A,20,15,120,200,0.1,3,1.0,0.8,10.0,1,3.6560575070551833,0.8880873044892453,9.352740584221158,13.306953592622381
A,20,15,120,200,0.1,3,1.0,0.8,10.0,5,3.6476966978210115,0.8879803650816847,9.363548336283198,13.314772905509454
A,20,15,120,200,0.1,3,1.0,1.0,0.1,1,3.6702753872891187,0.8882741171575417,9.34554607712747,13.342349626382903
A,20,15,120,200,0.1,3,1.0,1.0,0.1,5,3.673052792697919,0.8879500851319646,9.357050714090974,13.35884773399835
A,20,15,120,200,0.1,3,1.0,1.0,1.0,1,3.682166204337284,0.8876099084507458,9.35342583332132,13.364079693524195
A,20,15,120,200,0.1,3,1.0,1.0,1.0,5,3.6727795917713606,0.8876176060487768,9.360363236492347,13.36660785700494
A,20,15,120,200,0.1,3,1.0,1.0,10.0,1,3.689374605723354,0.887990678000398,9.350085426830498,13.358142021372311
A,20,15,120,200,0.1,3,1.0,1.0,10.0,5,3.681820479289054,0.8879810523807151,9.353735867597866,13.356726103282398
A,20,15,120,200,0.1,5,0.8,0.8,0.1,1,3.8969657852602557,0.8837861968575801,9.365839652965423,13.51601405567423
A,20,15,120,200,0.1,5,0.8,0.8,0.1,5,3.9391507018000183,0.8849217983762306,9.341558684261795,13.494295976771088
A,20,15,120,200,0.1,5,0.8,0.8,1.0,1,3.905223624301456,0.883948699874853,9.347270282479784,13.483632814781846
A,20,15,120,200,0.1,5,0.8,0.8,1.0,5,3.90350160710557,0.8842093853599456,9.360313285878835,13.494424141697706
A,20,15,120,200,0.1,5,0.8,0.8,10.0,1,3.9100664297720726,0.8845215316852268,9.347875892633178,13.482991931659177
A,20,15,120,200,0.1,5,0.8,0.8,10.0,5,3.838427580966602,0.8844931303760045,9.324821056062103,13.434772707500958
A,20,15,120,200,0.1,5,0.8,1.0,0.1,1,3.9544298564231455,0.8831813118655306,9.370116136399908,13.55529124744542
A,20,15,120,200,0.1,5,0.8,1.0,0.1,5,3.9471181994091618,0.8841380936095324,9.282409775533168,13.502733531358112
A,20,15,120,200,0.1,5,0.8,1.0,1.0,1,3.9130346110993344,0.8845610184310917,9.296254087435148,13.488927663895137
A,20,15,120,200,0.1,5,0.8,1.0,1.0,5,3.9734811366745726,0.8845955419046507,9.282648099579324,13.474110856956255
A,20,15,120,200,0.1,5,0.8,1.0,10.0,1,3.948600885825491,0.8848039396457146,9.28735571219155,13.477376788844268
A,20,15,120,200,0.1,5,0.8,1.0,10.0,5,3.9585041103073286,0.8849869132492787,9.28721578656839,13.477087906867357
A,20,15,120,200,0.1,5,1.0,0.8,0.1,1,3.825508768198927,0.8853113793865525,9.273499235897287,13.394344459458711
A,20,15,120,200,0.1,5,1.0,0.8,0.1,5,3.7778603658421614,0.8850254393576886,9.294017817626301,13.420745234887054
A,20,15,120,200,0.1,5,1.0,0.8,1.0,1,3.8107074980867233,0.8852084958871984,9.268588466325431,13.397751803458345
A,20,15,120,200,0.1,5,1.0,0.8,1.0,5,3.8779796874629158,0.8848675278403704,9.307983106638254,13.433357703638041
A,20,15,120,200,0.1,5,1.0,0.8,10.0,1,3.8069369113858564,0.8859580191650765,9.265107445391848,13.3915637240929
A,20,15,120,200,0.1,5,1.0,0.8,10.0,5,3.8576538986285898,0.8853526677751324,9.285920600954475,13.432738094006234
A,20,15,120,200,0.1,5,1.0,1.0,0.1,1,3.896934484238476,0.8844574735141661,9.27879567949049,13.475980825398375
A,20,15,120,200,0.1,5,1.0,1.0,0.1,5,3.8982052575498556,0.8847672422588119,9.258074132144127,13.465966879543325
A,20,15,120,200,0.1,5,1.0,1.0,1.0,1,3.9123816283608646,0.8855815186400532,9.257683854726162,13.438255977227197
A,20,15,120,200,0.1,5,1.0,1.0,1.0,5,3.8644591841385223,0.8854795666116445,9.242391051531882,13.41543641013779
A,20,15,120,200,0.1,5,1.0,1.0,10.0,1,3.87898295425578,0.885609765074338,9.242620752904717,13.42270734611123
A,20,15,120,200,0.1,5,1.0,1.0,10.0,5,3.8743331748342578,0.8855031733427904,9.252189991951655,13.42681631519894
A,20,15,120,300,0.05,3,0.8,0.8,0.1,1,3.6375255572390985,0.8888016442292347,9.36532942214107,13.2992473503982
A,20,15,120,300,0.05,3,0.8,0.8,0.1,5,3.6346626660921,0.8888259633001272,9.356044315176629,13.295163389477185
A,20,15,120,300,0.05,3,0.8,0.8,1.0,1,3.6286062167687505,0.888912427117982,9.3444703006397,13.284131392864278
A,20,15,120,300,0.05,3,0.8,0.8,1.0,5,3.6434727440279877,0.8888094679613465,9.35320544299807,13.295596444495498
A,20,15,120,300,0.05,3,0.8,0.8,10.0,1,3.6666540055223407,0.8888252186148516,9.370084657595061,13.306595401718244
A,20,15,120,300,0.05,3,0.8,0.8,10.0,5,3.641674741510937,0.8887989478972436,9.365948628596593,13.296261812048943
A,20,15,120,300,0.05,3,0.8,1.0,0.1,1,3.6760973247237283,0.8885226381059839,9.338832216571024,13.337423006148237
A,20,15,120,300,0.05,3,0.8,1.0,0.1,5,3.6800186759187645,0.8884293508613803,9.348721640325891,13.345798023481313
A,20,15,120,300,0.05,3,0.8,1.0,1.0,1,3.682881104776155,0.8883396701602637,9.346102654209334,13.348952439897698
A,20,15,120,300,0.05,3,0.8,1.0,1.0,5,3.6755128637743,0.8884289465284008,9.344973780982688,13.343750642045459
A,20,15,120,300,0.05,3,0.8,1.0,10.0,1,3.6756878394730577,0.8885403943996313,9.332958034731549,13.336693088145603
A,20,15,120,300,0.05,3,0.8,1.0,10.0,5,3.684950731241803,0.8885731129039918,9.332546361379563,13.338463472428066
A,20,15,120,300,0.05,3,1.0,0.8,0.1,1,3.640754504515202,0.8889910773597925,9.358990005125955,13.293776700744132
A,20,15,120,300,0.05,3,1.0,0.8,0.1,5,3.6424091281812396,0.8886692454421203,9.355492907863738,13.299897536925751
A,20,15,120,300,0.05,3,1.0,0.8,1.0,1,3.640513064206697,0.8888414238952963,9.358525492621753,13.296142322714491
A,20,15,120,300,0.05,3,1.0,0.8,1.0,5,3.6408232733270034,0.8888926520852769,9.350003772075521,13.287089740659956
A,20,15,120,300,0.05,3,1.0,0.8,10.0,1,3.635808812821719,0.8890370084007726,9.34816846154666,13.28716034305136
A,20,15,120,300,0.05,3,1.0,0.8,10.0,5,3.6307261964179354,0.8893224073890946,9.342581606852594,13.284925032928607
A,20,15,120,300,0.05,3,1.0,1.0,0.1,1,3.6869571038320403,0.8884942431772511,9.35121915968737,13.356810253165293
A,20,15,120,300,0.05,3,1.0,1.0,0.1,5,3.684686374136439,0.8885276252027386,9.338503336000427,13.34771934640072
A,20,15,120,300,0.05,3,1.0,1.0,1.0,1,3.6820422170085165,0.8887378851029121,9.336617023605974,13.342994160095603
A,20,15,120,300,0.05,3,1.0,1.0,1.0,5,3.680767928722527,0.8887771662111161,9.33202855156016,13.339217094890481
A,20,15,120,300,0.05,3,1.0,1.0,10.0,1,3.6632602022205853,0.8888214774707656,9.335670423680043,13.337371926391503
A,20,15,120,300,0.05,3,1.0,1.0,10.0,5,3.6724770161008538,0.8885847608752225,9.342628454364895,13.35035406110985
A,20,15,120,300,0.05,5,0.8,0.8,0.1,1,3.7986388234636848,0.8865770907377197,9.1944516478589,13.328057734105466
A,20,15,120,300,0.05,5,0.8,0.8,0.1,5,3.827632201217079,0.8866030679625743,9.200623039708393,13.349525688660359
A,20,15,120,300,0.05,5,0.8,0.8,1.0,1,3.816423399671708,0.8866689925792354,9.202456635764612,13.344454572450081
A,20,15,120,300,0.05,5,0.8,0.8,1.0,5,3.8306062840942765,0.8861254240486849,9.22043227611105,13.360062184850523
A,20,15,120,300,0.05,5,0.8,0.8,10.0,1,3.8081085327837614,0.8867837573715711,9.206972365240897,13.341809284355074
A,20,15,120,300,0.05,5,0.8,0.8,10.0,5,3.796618552936555,0.887349368664584,9.177723805359324,13.30863500862588
A,20,15,120,300,0.05,5,0.8,1.0,0.1,1,3.862076476936282,0.8865321413730551,9.176040706743326,13.38292624990961
A,20,15,120,300,0.05,5,0.8,1.0,0.1,5,3.8843891777891906,0.8864787454597923,9.171051889915226,13.381010347136492
A,20,15,120,300,0.05,5,0.8,1.0,1.0,1,3.856531662149294,0.8867848822777333,9.159605220497571,13.364498840128471
A,20,15,120,300,0.05,5,0.8,1.0,1.0,5,3.858730064740552,0.886740294714156,9.172961003520424,13.374549588673466
A,20,15,120,300,0.05,5,0.8,1.0,10.0,1,3.8704409385041716,0.8870720097642302,9.165055029765863,13.377717994411492
A,20,15,120,300,0.05,5,0.8,1.0,10.0,5,3.8726198171248805,0.8870914873510266,9.17066317584759,13.378637308326825
A,20,15,120,300,0.05,5,1.0,0.8,0.1,1,3.782185784362047,0.8874022877175346,9.182453594521771,13.323039221733215
A,20,15,120,300,0.05,5,1.0,0.8,0.1,5,3.8033793833024796,0.887282090340847,9.182600774479544,13.322242963590643
A,20,15,120,300,0.05,5,1.0,0.8,1.0,1,3.7477725848609955,0.8875299664837698,9.162976518775633,13.285462230862422
A,20,15,120,300,0.05,5,1.0,0.8,1.0,5,3.756049064119741,0.8873446661934657,9.169559375281091,13.294435092791895
A,20,15,120,300,0.05,5,1.0,0.8,10.0,1,3.7682145884516425,0.8879046668750894,9.162027530653365,13.301566986295231
A,20,15,120,300,0.05,5,1.0,0.8,10.0,5,3.7619938973263713,0.8877547226703054,9.161573150136025,13.297075351768132
A,20,15,120,300,0.05,5,1.0,1.0,0.1,1,3.8167835898659916,0.8874726889048651,9.149556511070404,13.35230028753627
A,20,15,120,300,0.05,5,1.0,1.0,0.1,5,3.8340582605177245,0.8872005386632132,9.155222093285216,13.353755182630612
A,20,15,120,300,0.05,5,1.0,1.0,1.0,1,3.8194205289450442,0.8879627779274919,9.124251730991462,13.33510128876959
A,20,15,120,300,0.05,5,1.0,1.0,1.0,5,3.8208853396453635,0.887131721745428,9.144846478556014,13.357352677095198
A,20,15,120,300,0.05,5,1.0,1.0,10.0,1,3.8440324814869404,0.8876689209793026,9.150928493852868,13.338543814693216
A,20,15,120,300,0.05,5,1.0,1.0,10.0,5,3.823198535478361,0.8880277847876805,9.13777890562697,13.3271892552445
A,20,15,120,300,0.1,3,0.8,0.8,0.1,1,3.654071762852572,0.8867552343380591,9.377341505537162,13.337889510607358
A,20,15,120,300,0.1,3,0.8,0.8,0.1,5,3.649067632906122,0.8866017071392693,9.384190985695126,13.340425362653836
A,20,15,120,300,0.1,3,0.8,0.8,1.0,1,3.626556727098292,0.8869016019378936,9.364617263107032,13.323924680837004
A,20,15,120,300,0.1,3,0.8,0.8,1.0,5,3.623659157725778,0.8868699472763817,9.387190488330276,13.332074462837266
A,20,15,120,300,0.1,3,0.8,0.8,10.0,1,3.6533754416384867,0.8873041976901416,9.361093174195876,13.318079529510692
A,20,15,120,300,0.1,3,0.8,0.8,10.0,5,3.6472681951947665,0.8871939515422571,9.351642225732975,13.316194000265307
A,20,15,120,300,0.1,3,0.8,1.0,0.1,1,3.6662189161364567,0.8871334535709998,9.36601805204116,13.354122980286679
A,20,15,120,300,0.1,3,0.8,1.0,0.1,5,3.66722462493327,0.8870761041550898,9.369380391721275,13.362901342877118
A,20,15,120,300,0.1,3,0.8,1.0,1.0,1,3.673579932907926,0.886901426264912,9.370235376862505,13.366669178912627
A,20,15,120,300,0.1,3,0.8,1.0,1.0,5,3.670610750238244,0.8871666462474612,9.347299435876577,13.33906108214445
A,20,15,120,300,0.1,3,0.8,1.0,10.0,1,3.6888869387833765,0.88720280853893,9.355377948789048,13.340563969404963
A,20,15,120,300,0.1,3,0.8,1.0,10.0,5,3.6761199531904567,0.8872112752933121,9.371479845192873,13.349367478740913
A,20,15,120,300,0.1,3,1.0,0.8,0.1,1,3.6451081359110615,0.887582873063935,9.347837918012688,13.307897645913703
A,20,15,120,300,0.1,3,1.0,0.8,0.1,5,3.6504410849603888,0.8872676240821725,9.347009157924862,13.314080617620542
A,20,15,120,300,0.1,3,1.0,0.8,1.0,1,3.6213540490895872,0.8875319298718871,9.383988317440943,13.326917686976657
A,20,15,120,300,0.1,3,1.0,0.8,1.0,5,3.6170635522687355,0.8877760719627951,9.34562915147107,13.298166333248584
A,20,15,120,300,0.1,3,1.0,0.8,10.0,1,3.6505243033148944,0.8874441874210703,9.353113871728107,13.313258488278143
A,20,15,120,300,0.1,3,1.0,0.8,10.0,5,3.63690986796043,0.8875113774494563,9.36564942700835,13.323531951526792
A,20,15,120,300,0.1,3,1.0,1.0,0.1,1,3.656629592094337,0.8875913236585271,9.36136369524044,13.34462627350388
A,20,15,120,300,0.1,3,1.0,1.0,0.1,5,3.6558692388688305,0.887704455810393,9.335159648630517,13.339430424603227
A,20,15,120,300,0.1,3,1.0,1.0,1.0,1,3.655080142587365,0.8872682536836889,9.346165555552977,13.352050310344818
A,20,15,120,300,0.1,3,1.0,1.0,1.0,5,3.667621491261798,0.8874216769076906,9.349504530892943,13.353665684718539
A,20,15,120,300,0.1,3,1.0,1.0,10.0,1,3.6911000625565933,0.8873132021353886,9.349940529962076,13.357467182625044
A,20,15,120,300,0.1,3,1.0,1.0,10.0,5,3.661230113199502,0.8875340935535343,9.337341497294293,13.345046817044414
A,20,15,120,300,0.1,5,0.8,0.8,0.1,1,3.990402028405717,0.8816126236733324,9.495588992385708,13.647541846421296
A,20,15,120,300,0.1,5,0.8,0.8,0.1,5,4.025127148720834,0.8825420496361694,9.477369592576094,13.617355918578255
A,20,15,120,300,0.1,5,0.8,0.8,1.0,1,3.9959857821629035,0.8816909205375151,9.482400153981434,13.61232374702237
A,20,15,120,300,0.1,5,0.8,0.8,1.0,5,3.981517904564272,0.8822096916336104,9.495303756938185,13.612720115059991
A,20,15,120,300,0.1,5,0.8,0.8,10.0,1,4.003407367606427,0.8820568553655977,9.47656501869731,13.60989715412527
A,20,15,120,300,0.1,5,0.8,0.8,10.0,5,3.934974495415662,0.8824555663464123,9.442761418382684,13.54416557551582
A,20,15,120,300,0.1,5,0.8,1.0,0.1,1,4.027397431596308,0.8807629158894166,9.496552570266672,13.668915080801886
A,20,15,120,300,0.1,5,0.8,1.0,0.1,5,4.021845367059174,0.8817484188899393,9.42106226805835,13.626990884651917
A,20,15,120,300,0.1,5,0.8,1.0,1.0,1,4.0240052657812155,0.8816861671573821,9.44156677061318,13.626613853917997
A,20,15,120,300,0.1,5,0.8,1.0,1.0,5,4.047880818739779,0.8820663720885392,9.42519585163112,13.591132095603006
A,20,15,120,300,0.1,5,0.8,1.0,10.0,1,4.034550304093013,0.8827537296393642,9.413237363124248,13.590769933935206
A,20,15,120,300,0.1,5,0.8,1.0,10.0,5,4.032124637531644,0.8825686587547222,9.424565898064085,13.59530449093209
A,20,15,120,300,0.1,5,1.0,0.8,0.1,1,3.906436175335503,0.8830102539688207,9.377375651503218,13.493591835649767
A,20,15,120,300,0.1,5,1.0,0.8,0.1,5,3.862171456735369,0.8833531616447029,9.398195304508999,13.517274089479873
A,20,15,120,300,0.1,5,1.0,0.8,1.0,1,3.8879180035774246,0.8834118084950779,9.370757748259098,13.489141642851473
A,20,15,120,300,0.1,5,1.0,0.8,1.0,5,3.9424743347298294,0.8831615048680458,9.417479234768493,13.53335569905678
A,20,15,120,300,0.1,5,1.0,0.8,10.0,1,3.865948465554363,0.884058900584769,9.361618470013894,13.478413144809059
A,20,15,120,300,0.1,5,1.0,0.8,10.0,5,3.9040642102894494,0.8835896994985241,9.386716193876827,13.525072878194242
A,20,15,120,300,0.1,5,1.0,1.0,0.1,1,3.9454836066510475,0.8822527191785225,9.40473323694589,13.570561770427162
A,20,15,120,300,0.1,5,1.0,1.0,0.1,5,3.9743845745974036,0.8824898380406253,9.374714939355249,13.573180664138235
A,20,15,120,300,0.1,5,1.0,1.0,1.0,1,3.996767466495251,0.883413447670865,9.384657569231006,13.555708279113404
A,20,15,120,300,0.1,5,1.0,1.0,1.0,5,3.937202970263152,0.8831309032434639,9.375944577948864,13.537397245452421
A,20,15,120,300,0.1,5,1.0,1.0,10.0,1,3.9596305627232424,0.8830452701506524,9.363385709888059,13.535202119303662
A,20,15,120,300,0.1,5,1.0,1.0,10.0,5,3.9631417740039128,0.8831136975617426,9.384603179256818,13.55297609483008
A,20,15,125,100,0.05,3,0.8,0.8,0.1,1,4.589077032696765,0.8805309754221291,10.6591642240902,14.510980261238108
A,20,15,125,100,0.05,3,0.8,0.8,0.1,5,4.585605401989794,0.880512889116223,10.661016827210716,14.513422607335665
A,20,15,125,100,0.05,3,0.8,0.8,1.0,1,4.592491620960074,0.8800621285707638,10.673048619816782,14.534584947659486
A,20,15,125,100,0.05,3,0.8,0.8,1.0,5,4.592326307757,0.8800624361130472,10.673054307174784,14.53451238928908
A,20,15,125,100,0.05,3,0.8,0.8,10.0,1,4.595497398892227,0.8799742461328712,10.696768337377716,14.54844507083059
A,20,15,125,100,0.05,3,0.8,0.8,10.0,5,4.599113760101945,0.8800519316504909,10.698546682283368,14.551380614530322
A,20,15,125,100,0.05,3,0.8,1.0,0.1,1,4.636720400152386,0.8802350353572035,10.61119518105466,14.53973068286488
A,20,15,125,100,0.05,3,0.8,1.0,0.1,5,4.635534012866,0.8802152979421669,10.608286520251061,14.538741015915571
A,20,15,125,100,0.05,3,0.8,1.0,1.0,1,4.635567614393041,0.8801820133493781,10.612666905491224,14.54475094641884
A,20,15,125,100,0.05,3,0.8,1.0,1.0,5,4.6367798996831775,0.8801621403234681,10.615640395538936,14.545975580677839
A,20,15,125,100,0.05,3,0.8,1.0,10.0,1,4.626782184401405,0.8801569703717537,10.62555110863713,14.544631483468967
A,20,15,125,100,0.05,3,0.8,1.0,10.0,5,4.63175232426278,0.8800770664516417,10.627503097187752,14.547112563746092
A,20,15,125,100,0.05,3,1.0,0.8,0.1,1,4.5767150475135026,0.8803471044955771,10.662599162748476,14.506960824426622
A,20,15,125,100,0.05,3,1.0,0.8,0.1,5,4.578817792825569,0.8803199211057577,10.664402764544038,14.50879313774702
A,20,15,125,100,0.05,3,1.0,0.8,1.0,1,4.598225616400022,0.8797486767934553,10.691364660524348,14.540561977193192
A,20,15,125,100,0.05,3,1.0,0.8,1.0,5,4.598235483063753,0.8797485527562934,10.691390419934262,14.540587620506434
A,20,15,125,100,0.05,3,1.0,0.8,10.0,1,4.61013274354317,0.8796823079156507,10.721011481135095,14.560003791762634
A,20,15,125,100,0.05,3,1.0,0.8,10.0,5,4.607165385410776,0.8798168749162704,10.721186890697485,14.555119719049207
A,20,15,125,100,0.05,3,1.0,1.0,0.1,1,4.615114416835224,0.8802968817559795,10.635449937283258,14.533524520673296
A,20,15,125,100,0.05,3,1.0,1.0,0.1,5,4.6133288086699,0.880292222734646,10.636604927176581,14.534247293070871
A,20,15,125,100,0.05,3,1.0,1.0,1.0,1,4.624055970659034,0.8800514344553625,10.646095943849403,14.553271718737756
A,20,15,125,100,0.05,3,1.0,1.0,1.0,5,4.624212538109772,0.8800430901041351,10.64358341130635,14.552815419034474
A,20,15,125,100,0.05,3,1.0,1.0,10.0,1,4.624813758200241,0.8804270755068014,10.64079033756133,14.543806557039995
A,20,15,125,100,0.05,3,1.0,1.0,10.0,5,4.627342459114332,0.8801996410135249,10.643809722109006,14.552664847402792
A,20,15,125,100,0.05,5,0.8,0.8,0.1,1,4.65377038612586,0.8820235392317688,10.16688949777468,14.330725285488066
A,20,15,125,100,0.05,5,0.8,0.8,0.1,5,4.674284897614237,0.8819258354356044,10.173985322956849,14.343907189757076
A,20,15,125,100,0.05,5,0.8,0.8,1.0,1,4.661713634635438,0.882101307225051,10.180851540705854,14.33800334961455
A,20,15,125,100,0.05,5,0.8,0.8,1.0,5,4.63094799816648,0.8821087592243255,10.173874920780515,14.329843758167081
A,20,15,125,100,0.05,5,0.8,0.8,10.0,1,4.625041307686706,0.8822288364491351,10.20287292320236,14.333553423549423
A,20,15,125,100,0.05,5,0.8,0.8,10.0,5,4.621348483116577,0.8821186507294408,10.192572868870077,14.315936921694393
A,20,15,125,100,0.05,5,0.8,1.0,0.1,1,4.7004673806501724,0.8820102566762292,10.10600945933346,14.365801492214649
A,20,15,125,100,0.05,5,0.8,1.0,0.1,5,4.70336149844184,0.8816239015082943,10.096933587807838,14.356887359265366
A,20,15,125,100,0.05,5,0.8,1.0,1.0,1,4.7094589372428,0.8817671540266812,10.115389892161213,14.373465785114558
A,20,15,125,100,0.05,5,0.8,1.0,1.0,5,4.726900630001801,0.8816266849415502,10.12289733174651,14.376902818982298
A,20,15,125,100,0.05,5,0.8,1.0,10.0,1,4.710239614358777,0.8820955266003819,10.138542971107382,14.359731964420742
A,20,15,125,100,0.05,5,0.8,1.0,10.0,5,4.662891631487588,0.8825712223400975,10.113573746635222,14.327527377942982
A,20,15,125,100,0.05,5,1.0,0.8,0.1,1,4.652112002342142,0.8818109643772185,10.183432007205926,14.333080993772665
A,20,15,125,100,0.05,5,1.0,0.8,0.1,5,4.667178579690448,0.8814462421759531,10.191462925668878,14.341126579713697
A,20,15,125,100,0.05,5,1.0,0.8,1.0,1,4.637497155445173,0.8817835656735328,10.189319446755622,14.344223127816147
A,20,15,125,100,0.05,5,1.0,0.8,1.0,5,4.635165808298948,0.8818371426680894,10.17918298363739,14.325850857277342
A,20,15,125,100,0.05,5,1.0,0.8,10.0,1,4.6266122893518755,0.8815771473094747,10.219571414018903,14.339104275989246
A,20,15,125,100,0.05,5,1.0,0.8,10.0,5,4.590839324012478,0.8820910391371053,10.193140096909469,14.315109378708119
A,20,15,125,100,0.05,5,1.0,1.0,0.1,1,4.683411163351626,0.8819427806100952,10.125045300938673,14.359421758059145
A,20,15,125,100,0.05,5,1.0,1.0,0.1,5,4.6943165774827005,0.8817951064953811,10.123246627041295,14.362668693664304
A,20,15,125,100,0.05,5,1.0,1.0,1.0,1,4.688724804183481,0.8819546557818985,10.140092688433509,14.385621161709754
A,20,15,125,100,0.05,5,1.0,1.0,1.0,5,4.709797729623794,0.8819288721664031,10.132668658990992,14.381252048212474
A,20,15,125,100,0.05,5,1.0,1.0,10.0,1,4.685752202993685,0.882003597987984,10.16042320477543,14.375828282001724
A,20,15,125,100,0.05,5,1.0,1.0,10.0,5,4.70762618528711,0.8821652394060496,10.145621747355722,14.364880965993288
A,20,15,125,100,0.1,3,0.8,0.8,0.1,1,4.5515388341632255,0.8796716683980286,10.362296094099985,14.44451337017714
A,20,15,125,100,0.1,3,0.8,0.8,0.1,5,4.54497152330908,0.8798347268391022,10.358967908097894,14.436444912117626
A,20,15,125,100,0.1,3,0.8,0.8,1.0,1,4.526594109893262,0.8801675461504391,10.351812410035794,14.424911969595806
A,20,15,125,100,0.1,3,0.8,0.8,1.0,5,4.5338947088839765,0.8799935861824553,10.354143300653435,14.43103133434758
A,20,15,125,100,0.1,3,0.8,0.8,10.0,1,4.525368582716945,0.8797638551426946,10.376346590318079,14.437391664565482
A,20,15,125,100,0.1,3,0.8,0.8,10.0,5,4.531016566375333,0.8797846883342484,10.377998754058055,14.443963523859969
A,20,15,125,100,0.1,3,0.8,1.0,0.1,1,4.579430343263223,0.879419445064948,10.373321097196515,14.485582585056576
A,20,15,125,100,0.1,3,0.8,1.0,0.1,5,4.564786196411085,0.8796222707965369,10.379497309155411,14.482522933785514
A,20,15,125,100,0.1,3,0.8,1.0,1.0,1,4.585505656565756,0.8797604855133503,10.372777031372259,14.492158159587953
A,20,15,125,100,0.1,3,0.8,1.0,1.0,5,4.596771342292621,0.8799032329432734,10.356369005149602,14.487825295299222
A,20,15,125,100,0.1,3,0.8,1.0,10.0,1,4.5846448943252565,0.8793273475742105,10.37453436719548,14.493129561659496
A,20,15,125,100,0.1,3,0.8,1.0,10.0,5,4.581750322480133,0.8794852774186561,10.363610781331701,14.482173936508527
A,20,15,125,100,0.1,3,1.0,0.8,0.1,1,4.532779221323646,0.8805588502063004,10.353228122588202,14.403858155552834
A,20,15,125,100,0.1,3,1.0,0.8,0.1,5,4.512975635636321,0.8806456270375842,10.355170647637568,14.392150284847464
A,20,15,125,100,0.1,3,1.0,0.8,1.0,1,4.5069590392487076,0.8803634224328958,10.363725354667137,14.404171476978807
A,20,15,125,100,0.1,3,1.0,0.8,1.0,5,4.497834843207582,0.8804718781648214,10.351958216822732,14.394301312105096
A,20,15,125,100,0.1,3,1.0,0.8,10.0,1,4.508506941100465,0.8806644601115219,10.361733348443664,14.411444852131861
A,20,15,125,100,0.1,3,1.0,0.8,10.0,5,4.499134162489973,0.8806968771738513,10.358480512265908,14.402498216866396
A,20,15,125,100,0.1,3,1.0,1.0,0.1,1,4.583687410078289,0.8799739312793994,10.363951137651906,14.489344551144399
A,20,15,125,100,0.1,3,1.0,1.0,0.1,5,4.5791180950899,0.8800668188844323,10.367197938974346,14.488063054467727
A,20,15,125,100,0.1,3,1.0,1.0,1.0,1,4.590909778519132,0.8806919772524756,10.339334461888287,14.454944895873973
A,20,15,125,100,0.1,3,1.0,1.0,1.0,5,4.5886647760655705,0.8806718587493536,10.34901234974198,14.466659828859994
A,20,15,125,100,0.1,3,1.0,1.0,10.0,1,4.534498991904179,0.8810163399044393,10.336733941483715,14.42189205197776
A,20,15,125,100,0.1,3,1.0,1.0,10.0,5,4.544983430818687,0.8809660691757207,10.321596872809298,14.423543068577455
A,20,15,125,100,0.1,5,0.8,0.8,0.1,1,4.753056164532042,0.8792735331505124,10.138104413137498,14.439442271619493
A,20,15,125,100,0.1,5,0.8,0.8,0.1,5,4.755390194478663,0.8794072955903591,10.121237131777477,14.42780283198761
A,20,15,125,100,0.1,5,0.8,0.8,1.0,1,4.739766416332564,0.8792581275958566,10.111684550259294,14.426632471604199
A,20,15,125,100,0.1,5,0.8,0.8,1.0,5,4.763683482943059,0.8793599182071773,10.11997466842669,14.43160140670119
A,20,15,125,100,0.1,5,0.8,0.8,10.0,1,4.742453347279472,0.8796557318636042,10.11567827433218,14.414511414102574
A,20,15,125,100,0.1,5,0.8,0.8,10.0,5,4.74198362503486,0.8800364752498284,10.08780702096206,14.406000164415058
A,20,15,125,100,0.1,5,0.8,1.0,0.1,1,4.802206032706307,0.8792234680801491,10.044143473650372,14.435340329727737
A,20,15,125,100,0.1,5,0.8,1.0,0.1,5,4.867616115445712,0.8784596947347174,10.082462806428149,14.478056483438184
A,20,15,125,100,0.1,5,0.8,1.0,1.0,1,4.8047356457948425,0.879305453327708,10.034276051832117,14.426672103924366
A,20,15,125,100,0.1,5,0.8,1.0,1.0,5,4.829483376271807,0.8792385955017524,10.046924065692986,14.429196511116876
A,20,15,125,100,0.1,5,0.8,1.0,10.0,1,4.821833034520566,0.8796584456871077,10.055011231678975,14.428735614217473
A,20,15,125,100,0.1,5,0.8,1.0,10.0,5,4.799654136296935,0.8797933336958982,10.060731673718116,14.429802935443055
A,20,15,125,100,0.1,5,1.0,0.8,0.1,1,4.731218957867133,0.8794584484234435,10.095170619957463,14.409103127907212
A,20,15,125,100,0.1,5,1.0,0.8,0.1,5,4.725226777950391,0.8790734739814148,10.107550160886703,14.421002719518635
A,20,15,125,100,0.1,5,1.0,0.8,1.0,1,4.724914286376863,0.8794024890628418,10.092615680356088,14.406750375061003
A,20,15,125,100,0.1,5,1.0,0.8,1.0,5,4.713136146914569,0.8795708915237153,10.094156560483958,14.396287232044292
A,20,15,125,100,0.1,5,1.0,0.8,10.0,1,4.789577444470122,0.8799447212418035,10.080294082660112,14.391980757014258
A,20,15,125,100,0.1,5,1.0,0.8,10.0,5,4.753603995430076,0.880065122769252,10.06948226288473,14.38618121482634
A,20,15,125,100,0.1,5,1.0,1.0,0.1,1,4.862708983984583,0.878862271302286,10.076920289586743,14.480854245298204
A,20,15,125,100,0.1,5,1.0,1.0,0.1,5,4.799356192047567,0.8793872243364123,10.068877344991941,14.462700814480886
A,20,15,125,100,0.1,5,1.0,1.0,1.0,1,4.797845317238509,0.8794522450690387,10.048508547289504,14.455206541893691
A,20,15,125,100,0.1,5,1.0,1.0,1.0,5,4.836385208943256,0.8795232765539718,10.040144397386326,14.448594543327772
A,20,15,125,100,0.1,5,1.0,1.0,10.0,1,4.830267569990212,0.8793801376691253,10.085122067317174,14.474500766195002
A,20,15,125,100,0.1,5,1.0,1.0,10.0,5,4.781895197109529,0.8799261257688087,10.065589409925101,14.441210780643967
A,20,15,125,200,0.05,3,0.8,0.8,0.1,1,4.523982685578174,0.881076000849849,10.342886745205131,14.390905028496231
A,20,15,125,200,0.05,3,0.8,0.8,0.1,5,4.514733475021224,0.8811109030636946,10.343541808625881,14.38779947523447
A,20,15,125,200,0.05,3,0.8,0.8,1.0,1,4.529750411239824,0.8806720199439191,10.350180184492462,14.40916403939426
A,20,15,125,200,0.05,3,0.8,0.8,1.0,5,4.522448309618403,0.8808349087130205,10.342695304721037,14.400545015044164
A,20,15,125,200,0.05,3,0.8,0.8,10.0,1,4.519913281779156,0.8809189134707289,10.348772983352198,14.400448883180875
A,20,15,125,200,0.05,3,0.8,0.8,10.0,5,4.533183779426083,0.8809330202720662,10.34573253701772,14.405521442159387
A,20,15,125,200,0.05,3,0.8,1.0,0.1,1,4.577053148682183,0.8807941258906322,10.320168309064059,14.432239547669052
A,20,15,125,200,0.05,3,0.8,1.0,0.1,5,4.567108319600095,0.8809213140581965,10.313722557590252,14.426753727816168
A,20,15,125,200,0.05,3,0.8,1.0,1.0,1,4.576297037103558,0.8807619686919743,10.324855690974427,14.438334723618771
A,20,15,125,200,0.05,3,0.8,1.0,1.0,5,4.577646461130308,0.8806895353668619,10.329651142123321,14.446243669480271
A,20,15,125,200,0.05,3,0.8,1.0,10.0,1,4.552072395844258,0.8808272099847727,10.330786053332577,14.433860660924887
A,20,15,125,200,0.05,3,0.8,1.0,10.0,5,4.5603689534829455,0.8808681689498833,10.320840563504111,14.427743293583404
A,20,15,125,200,0.05,3,1.0,0.8,0.1,1,4.517099431374804,0.8810849402949053,10.36582213452678,14.405276262069819
A,20,15,125,200,0.05,3,1.0,0.8,0.1,5,4.521417978188569,0.8811266956937909,10.357155976140422,14.399944321851336
A,20,15,125,200,0.05,3,1.0,0.8,1.0,1,4.518500314567736,0.8807732190689311,10.364684879884214,14.40442672618002
A,20,15,125,200,0.05,3,1.0,0.8,1.0,5,4.524246921064084,0.8807149984780581,10.368904101286954,14.411057932718824
A,20,15,125,200,0.05,3,1.0,0.8,10.0,1,4.530371713466176,0.8805560649597675,10.399941777522685,14.427013114574503
A,20,15,125,200,0.05,3,1.0,0.8,10.0,5,4.5259117501734645,0.8807516458502883,10.3889238497168,14.417621838167879
A,20,15,125,200,0.05,3,1.0,1.0,0.1,1,4.565329382678204,0.88081968115746,10.347552096680763,14.431058897786826
A,20,15,125,200,0.05,3,1.0,1.0,0.1,5,4.563578800088517,0.8808953213190943,10.34112378629589,14.427827072428808
A,20,15,125,200,0.05,3,1.0,1.0,1.0,1,4.572773815959508,0.8805162505138853,10.361102966724776,14.456816600652962
A,20,15,125,200,0.05,3,1.0,1.0,1.0,5,4.571740081429823,0.8804949029560474,10.36576749565943,14.453597154445594
A,20,15,125,200,0.05,3,1.0,1.0,10.0,1,4.55679668888573,0.8809390837672044,10.341212524442563,14.431069052163583
A,20,15,125,200,0.05,3,1.0,1.0,10.0,5,4.569164486488986,0.8806875940410299,10.347332840830283,14.444752572729081
A,20,15,125,200,0.05,5,0.8,0.8,0.1,1,4.719592668430934,0.8798804169983919,10.066045680500107,14.379633365638
A,20,15,125,200,0.05,5,0.8,0.8,0.1,5,4.746344735787402,0.8798515995184983,10.07461615197021,14.394356140672986
A,20,15,125,200,0.05,5,0.8,0.8,1.0,1,4.729903889331586,0.879879844736266,10.068533639358114,14.381458633397461
A,20,15,125,200,0.05,5,0.8,0.8,1.0,5,4.680488592119832,0.8802401240418595,10.054636532477753,14.368197632480204
A,20,15,125,200,0.05,5,0.8,0.8,10.0,1,4.692004533007418,0.8803778224998755,10.073848366941672,14.37565282857835
A,20,15,125,200,0.05,5,0.8,0.8,10.0,5,4.6793690026345525,0.8799915158425288,10.071909888234016,14.358940224947371
A,20,15,125,200,0.05,5,0.8,1.0,0.1,1,4.768310900760306,0.8798724994001084,10.033329040940414,14.42502493347958
A,20,15,125,200,0.05,5,0.8,1.0,0.1,5,4.767057778974232,0.8795927488417894,10.028600527109427,14.418946584451433
A,20,15,125,200,0.05,5,0.8,1.0,1.0,1,4.775271400975263,0.8797301380547247,10.032162942364558,14.426745006292364
A,20,15,125,200,0.05,5,0.8,1.0,1.0,5,4.793986108525003,0.8795126374456734,10.050746431272525,14.440919859852205
A,20,15,125,200,0.05,5,0.8,1.0,10.0,1,4.783128101240321,0.8801210550906596,10.030155504733447,14.404322599092524
A,20,15,125,200,0.05,5,0.8,1.0,10.0,5,4.733234706157832,0.880536657341378,10.027792759371383,14.39373664583876
A,20,15,125,200,0.05,5,1.0,0.8,0.1,1,4.709113892820479,0.8802099408790071,10.063892540953796,14.370802263734182
A,20,15,125,200,0.05,5,1.0,0.8,0.1,5,4.698765636892726,0.8801628639545787,10.065629515066814,14.36515744696707
A,20,15,125,200,0.05,5,1.0,0.8,1.0,1,4.69064985017537,0.8801662549442224,10.075363656133744,14.385806988608868
A,20,15,125,200,0.05,5,1.0,0.8,1.0,5,4.677056098855547,0.8801744969097791,10.059021915155913,14.355403917375583
A,20,15,125,200,0.05,5,1.0,0.8,10.0,1,4.653426019856696,0.8804995497046896,10.061235142150633,14.351291986615252
A,20,15,125,200,0.05,5,1.0,0.8,10.0,5,4.6349884286002325,0.8810099599082857,10.042557618842913,14.326881207134926
A,20,15,125,200,0.05,5,1.0,1.0,0.1,1,4.748447372706778,0.8801399826227408,10.033182938360591,14.406203943152708
A,20,15,125,200,0.05,5,1.0,1.0,0.1,5,4.7563911850352465,0.8801635738851538,10.023337789826424,14.406325388869101
A,20,15,125,200,0.05,5,1.0,1.0,1.0,1,4.735179849224527,0.8803897820591251,10.033405244812357,14.424565149359813
A,20,15,125,200,0.05,5,1.0,1.0,1.0,5,4.769298772090525,0.880198345592424,10.030906629717258,14.41992705089866
A,20,15,125,200,0.05,5,1.0,1.0,10.0,1,4.74129519379231,0.8804877198915484,10.042705650974414,14.410317882691604
A,20,15,125,200,0.05,5,1.0,1.0,10.0,5,4.762933056381772,0.88076796221167,10.031627603793954,14.404939435371853
A,20,15,125,200,0.1,3,0.8,0.8,0.1,1,4.504200966877006,0.879015719486117,10.255596750735469,14.406038878721265
A,20,15,125,200,0.1,3,0.8,0.8,0.1,5,4.520213963110434,0.8788530818596605,10.279031422927021,14.41616380605466
A,20,15,125,200,0.1,3,0.8,0.8,1.0,1,4.5135012840794975,0.8793057798867417,10.261438354796727,14.411561206297014
A,20,15,125,200,0.1,3,0.8,0.8,1.0,5,4.515999292608992,0.8792370703207304,10.269375675004481,14.420747958745448
A,20,15,125,200,0.1,3,0.8,0.8,10.0,1,4.466824338817593,0.8791820124703097,10.264081572363608,14.392644573571056
A,20,15,125,200,0.1,3,0.8,0.8,10.0,5,4.5089628619375555,0.8793406062699403,10.265213963872734,14.406780011034906
A,20,15,125,200,0.1,3,0.8,1.0,0.1,1,4.539951204408926,0.8793130334456742,10.264381677322401,14.44739098801827
A,20,15,125,200,0.1,3,0.8,1.0,0.1,5,4.540376899728316,0.8788002415722354,10.289047614277738,14.46086644034861
A,20,15,125,200,0.1,3,0.8,1.0,1.0,1,4.520499313356963,0.8792804268234524,10.250269932536563,14.436422013393553
A,20,15,125,200,0.1,3,0.8,1.0,1.0,5,4.5655994546908065,0.8791580861062751,10.277481049452806,14.469236875022238
A,20,15,125,200,0.1,3,0.8,1.0,10.0,1,4.541463066894098,0.8792300519879868,10.26150691076399,14.442143227650146
A,20,15,125,200,0.1,3,0.8,1.0,10.0,5,4.5489562176340925,0.8790176548074898,10.24929225770909,14.442506133613463
A,20,15,125,200,0.1,3,1.0,0.8,0.1,1,4.52780775047786,0.8796243496001018,10.285584094015897,14.412679673542357
A,20,15,125,200,0.1,3,1.0,0.8,0.1,5,4.49681760617519,0.8801222281034651,10.24536586335818,14.378887953079692
A,20,15,125,200,0.1,3,1.0,0.8,1.0,1,4.510427998873684,0.8798355019405228,10.263958651934306,14.393736919163587
A,20,15,125,200,0.1,3,1.0,0.8,1.0,5,4.481964223475934,0.8799755083458596,10.254916427747915,14.382128041851626
A,20,15,125,200,0.1,3,1.0,0.8,10.0,1,4.487193230432602,0.8802987983268222,10.242006467393855,14.372626554833932
A,20,15,125,200,0.1,3,1.0,0.8,10.0,5,4.497514796614906,0.8800673743907084,10.263251943843443,14.387388977077455
A,20,15,125,200,0.1,3,1.0,1.0,0.1,1,4.565981733217753,0.8794319792823894,10.26692273158131,14.465800010637357
A,20,15,125,200,0.1,3,1.0,1.0,0.1,5,4.555175387653977,0.8795183225456507,10.264480693685238,14.459051795225255
A,20,15,125,200,0.1,3,1.0,1.0,1.0,1,4.5612502372942965,0.8798880474572954,10.240267601560518,14.439093829702301
A,20,15,125,200,0.1,3,1.0,1.0,1.0,5,4.549718908159855,0.8797592599539149,10.249035620370265,14.441537834614303
A,20,15,125,200,0.1,3,1.0,1.0,10.0,1,4.528515823884663,0.8802541965098041,10.23878468425358,14.409331032597688
A,20,15,125,200,0.1,3,1.0,1.0,10.0,5,4.524497099404082,0.8804958397156708,10.235462236841151,14.4032820796014
A,20,15,125,200,0.1,5,0.8,0.8,0.1,1,4.839937867189934,0.8758428645329481,10.242340716051702,14.57479461989567
A,20,15,125,200,0.1,5,0.8,0.8,0.1,5,4.893875535523257,0.8761626309272081,10.242432619911238,14.582482564304263
A,20,15,125,200,0.1,5,0.8,0.8,1.0,1,4.853778887642657,0.8758545541284215,10.237212733299412,14.584061509509699
A,20,15,125,200,0.1,5,0.8,0.8,1.0,5,4.895345121702797,0.8754689235715059,10.262835097170548,14.612194430305317
A,20,15,125,200,0.1,5,0.8,0.8,10.0,1,4.855016459445764,0.8765586819405966,10.206717278653183,14.554930096803577
A,20,15,125,200,0.1,5,0.8,0.8,10.0,5,4.853943257934102,0.8762847438615673,10.206064742202168,14.558254707382023
A,20,15,125,200,0.1,5,0.8,1.0,0.1,1,4.9344432362547,0.875420115152199,10.165712616365514,14.611549706089548
A,20,15,125,200,0.1,5,0.8,1.0,0.1,5,4.957436919842705,0.8750355313520715,10.20901283099777,14.63372760652139
A,20,15,125,200,0.1,5,0.8,1.0,1.0,1,4.918354940011267,0.8752998905303612,10.18737264004293,14.620949193157127
A,20,15,125,200,0.1,5,0.8,1.0,1.0,5,4.902366122069331,0.8757236491704583,10.167940936023076,14.578439368874879
A,20,15,125,200,0.1,5,0.8,1.0,10.0,1,4.920056119790202,0.8761270004599983,10.176653773058694,14.592738160393122
A,20,15,125,200,0.1,5,0.8,1.0,10.0,5,4.886912557466205,0.8766602366190204,10.15547659500113,14.566332476974413
A,20,15,125,200,0.1,5,1.0,0.8,0.1,1,4.803976390218532,0.8762829905165861,10.184161488119916,14.521289927580323
A,20,15,125,200,0.1,5,1.0,0.8,0.1,5,4.802175487634093,0.8762160391832223,10.185309240703955,14.526677671138426
A,20,15,125,200,0.1,5,1.0,0.8,1.0,1,4.788800873288372,0.8767840137087092,10.17623921508708,14.513768752589502
A,20,15,125,200,0.1,5,1.0,0.8,1.0,5,4.80862944606145,0.8768329604177098,10.183732886210835,14.516744455020113
A,20,15,125,200,0.1,5,1.0,0.8,10.0,1,4.882773711720991,0.8774100305985334,10.14492044309844,14.496693648265884
A,20,15,125,200,0.1,5,1.0,0.8,10.0,5,4.8139563782760195,0.8774410345522,10.151653622585146,14.48876485529748
A,20,15,125,200,0.1,5,1.0,1.0,0.1,1,4.9412451161754465,0.8757784280121426,10.17586701781212,14.6005786893575
A,20,15,125,200,0.1,5,1.0,1.0,0.1,5,4.851339293986407,0.8765685279799662,10.143296248268829,14.553260633178226
A,20,15,125,200,0.1,5,1.0,1.0,1.0,1,4.858821044475331,0.8760926138052574,10.152389457433847,14.571461268977242
A,20,15,125,200,0.1,5,1.0,1.0,1.0,5,4.904557492084017,0.8764517177257476,10.125599732856362,14.552355308430643
A,20,15,125,200,0.1,5,1.0,1.0,10.0,1,4.88024751461067,0.8764602214080369,10.155401821263057,14.571414574921638
A,20,15,125,200,0.1,5,1.0,1.0,10.0,5,4.862802718046934,0.8771891829700973,10.135977312668931,14.539727755248958
A,20,15,125,300,0.05,3,0.8,0.8,0.1,1,4.506283589681767,0.8804296883208546,10.293064704616313,14.382712492606293
A,20,15,125,300,0.05,3,0.8,0.8,0.1,5,4.496826652130837,0.8807376708104367,10.282492585165794,14.373496875785213
A,20,15,125,300,0.05,3,0.8,0.8,1.0,1,4.512618263760588,0.8803350063366043,10.290924934565815,14.396824438811828
A,20,15,125,300,0.05,3,0.8,0.8,1.0,5,4.512544147065365,0.8805263436411062,10.288432782351686,14.388734204190234
A,20,15,125,300,0.05,3,0.8,0.8,10.0,1,4.515587359146911,0.880444563693749,10.29169447518259,14.39256265694971
A,20,15,125,300,0.05,3,0.8,0.8,10.0,5,4.51944706183434,0.8804941367892472,10.280174004428245,14.39018332282844
A,20,15,125,300,0.05,3,0.8,1.0,0.1,1,4.563728190354093,0.8801301202769929,10.259436361658924,14.425054711903801
A,20,15,125,300,0.05,3,0.8,1.0,0.1,5,4.557568812355722,0.8802340779627069,10.254783736622372,14.422155121935432
A,20,15,125,300,0.05,3,0.8,1.0,1.0,1,4.569259912236563,0.88001901802069,10.276983329501528,14.434615151484355
A,20,15,125,300,0.05,3,0.8,1.0,1.0,5,4.564525737657044,0.8801210964392986,10.274750523409061,14.436428405753395
A,20,15,125,300,0.05,3,0.8,1.0,10.0,1,4.539335776360081,0.8801588763949855,10.263691918694372,14.423031288098326
A,20,15,125,300,0.05,3,0.8,1.0,10.0,5,4.541726952873815,0.8804756569838019,10.244069736621636,14.406155727255433
A,20,15,125,300,0.05,3,1.0,0.8,0.1,1,4.499151025328742,0.8807596065505588,10.286940486714164,14.388307770150709
A,20,15,125,300,0.05,3,1.0,0.8,0.1,5,4.515460371580253,0.8807194597627455,10.287474660115713,14.388406865799245
A,20,15,125,300,0.05,3,1.0,0.8,1.0,1,4.500412745182795,0.8806106731274067,10.29422463327392,14.38282865446701
A,20,15,125,300,0.05,3,1.0,0.8,1.0,5,4.52221020136075,0.8803445598166091,10.295323345601508,14.39143770307395
A,20,15,125,300,0.05,3,1.0,0.8,10.0,1,4.522970601281026,0.8803363987291926,10.323981150835156,14.409590043237433
A,20,15,125,300,0.05,3,1.0,0.8,10.0,5,4.524171161536474,0.8805407696552564,10.315636737893367,14.402432314364418
A,20,15,125,300,0.05,3,1.0,1.0,0.1,1,4.530969341679385,0.8807124653333105,10.264674066888599,14.401744218959744
A,20,15,125,300,0.05,3,1.0,1.0,0.1,5,4.535928484265031,0.8805788962995127,10.263759919413243,14.403878380388935
A,20,15,125,300,0.05,3,1.0,1.0,1.0,1,4.5435316271191,0.880330903167604,10.279097363011582,14.423029643738115
A,20,15,125,300,0.05,3,1.0,1.0,1.0,5,4.540545973166479,0.8803686314205862,10.276980681229084,14.42399033813113
A,20,15,125,300,0.05,3,1.0,1.0,10.0,1,4.544765086573581,0.8806268036555748,10.263833855588393,14.408790640492594
A,20,15,125,300,0.05,3,1.0,1.0,10.0,5,4.554427188540789,0.8805392802362817,10.274615277929733,14.41976952342895
A,20,15,125,300,0.05,5,0.8,0.8,0.1,1,4.766778966367841,0.8780808442029244,10.11924469689086,14.449135075656619
A,20,15,125,300,0.05,5,0.8,0.8,0.1,5,4.805697489777932,0.8777921455272952,10.124457885464615,14.465842352724001
A,20,15,125,300,0.05,5,0.8,0.8,1.0,1,4.776976932014925,0.8780141012124778,10.124949066712933,14.456344600692788
A,20,15,125,300,0.05,5,0.8,0.8,1.0,5,4.724000546291598,0.8785148833178189,10.10253084957697,14.427398118888528
A,20,15,125,300,0.05,5,0.8,0.8,10.0,1,4.754369743893827,0.8785701164750142,10.11413991471315,14.43560392637995
A,20,15,125,300,0.05,5,0.8,0.8,10.0,5,4.727145531502643,0.878327255355704,10.110743076455323,14.416807791246962
A,20,15,125,300,0.05,5,0.8,1.0,0.1,1,4.81572310200239,0.8781113975825733,10.090250383944346,14.502039547525026
A,20,15,125,300,0.05,5,0.8,1.0,0.1,5,4.806563503028461,0.8777293014353973,10.086044948288432,14.487992274792106
A,20,15,125,300,0.05,5,0.8,1.0,1.0,1,4.829375584806811,0.8778867925988069,10.084266451825503,14.496924623272339
A,20,15,125,300,0.05,5,0.8,1.0,1.0,5,4.837142399168473,0.8776405761106197,10.100065178925366,14.506702596697739
A,20,15,125,300,0.05,5,0.8,1.0,10.0,1,4.819021651546928,0.8782864265540604,10.080319016720663,14.471450691256376
A,20,15,125,300,0.05,5,0.8,1.0,10.0,5,4.779052731960784,0.8787411264340026,10.066482717960305,14.456193087547291
A,20,15,125,300,0.05,5,1.0,0.8,0.1,1,4.741105206136122,0.8787664843795732,10.095678955552724,14.422457551884966
A,20,15,125,300,0.05,5,1.0,0.8,0.1,5,4.70398349729462,0.8788363266226366,10.087494174915147,14.408796268326777
A,20,15,125,300,0.05,5,1.0,0.8,1.0,1,4.7331974701988155,0.878947129687711,10.10321299202864,14.436397557975019
A,20,15,125,300,0.05,5,1.0,0.8,1.0,5,4.703429930740007,0.8787601032915842,10.083362872788928,14.398577662703284
A,20,15,125,300,0.05,5,1.0,0.8,10.0,1,4.689719913273345,0.8792258341572058,10.080846017573228,14.398470369355298
A,20,15,125,300,0.05,5,1.0,0.8,10.0,5,4.673335748309784,0.8799655639878285,10.053163320701529,14.368292448910916
A,20,15,125,300,0.05,5,1.0,1.0,0.1,1,4.775042507725109,0.8787606609166654,10.060385275104219,14.458332807225224
A,20,15,125,300,0.05,5,1.0,1.0,0.1,5,4.7931115440251615,0.8785451988150209,10.058210768745809,14.460328235479233
A,20,15,125,300,0.05,5,1.0,1.0,1.0,1,4.758677081981693,0.8790584404433595,10.056757648170304,14.470405177814694
A,20,15,125,300,0.05,5,1.0,1.0,1.0,5,4.805138620926909,0.87858302575836,10.070688831474277,14.47905565690817
A,20,15,125,300,0.05,5,1.0,1.0,10.0,1,4.768652309249889,0.879477429179586,10.048648054532304,14.445364143457331
A,20,15,125,300,0.05,5,1.0,1.0,10.0,5,4.799441718858384,0.8795950825557985,10.045645715927428,14.437270122740335
A,20,15,125,300,0.1,3,0.8,0.8,0.1,1,4.5317830279638125,0.8778933774302187,10.256636866283639,14.431011109296644
A,20,15,125,300,0.1,3,0.8,0.8,0.1,5,4.538583352025446,0.8779458715130758,10.269983485638514,14.41791028215766
A,20,15,125,300,0.1,3,0.8,0.8,1.0,1,4.5146049245081645,0.8785053331906904,10.244456127276838,14.409976851329242
A,20,15,125,300,0.1,3,0.8,0.8,1.0,5,4.502055187713345,0.8785168339390543,10.241811576190022,14.411586403193471
A,20,15,125,300,0.1,3,0.8,0.8,10.0,1,4.467998587700126,0.8784199264349173,10.234550809120096,14.392438221559383
A,20,15,125,300,0.1,3,0.8,0.8,10.0,5,4.507196140972857,0.8782888104289757,10.269140550163492,14.42958932051072
A,20,15,125,300,0.1,3,0.8,1.0,0.1,1,4.529603353659,0.8786309554199029,10.245419973244646,14.439974264178142
A,20,15,125,300,0.1,3,0.8,1.0,0.1,5,4.541187521121053,0.8783954707913146,10.249308518980364,14.444365043696134
A,20,15,125,300,0.1,3,0.8,1.0,1.0,1,4.520607407336035,0.8781768684690296,10.248541547619924,14.450463854406516
A,20,15,125,300,0.1,3,0.8,1.0,1.0,5,4.586501456123203,0.8779138216642048,10.284801188447453,14.489721789073155
A,20,15,125,300,0.1,3,0.8,1.0,10.0,1,4.539364545573997,0.8782518554306751,10.24278865480846,14.448702911064279
A,20,15,125,300,0.1,3,0.8,1.0,10.0,5,4.544366758455328,0.8782694461230118,10.23297363934911,14.442463190357358
A,20,15,125,300,0.1,3,1.0,0.8,0.1,1,4.51454398528772,0.878790992172777,10.25593718092509,14.418197018625293
A,20,15,125,300,0.1,3,1.0,0.8,0.1,5,4.485353215770909,0.8793285726794784,10.22383219696599,14.381783743687759
A,20,15,125,300,0.1,3,1.0,0.8,1.0,1,4.497851070237487,0.8792556760643928,10.242302054336864,14.40107170382249
A,20,15,125,300,0.1,3,1.0,0.8,1.0,5,4.478948679094836,0.8790680485330716,10.239497137249566,14.400565748740146
A,20,15,125,300,0.1,3,1.0,0.8,10.0,1,4.493102468726465,0.8793625308732353,10.22954969293416,14.393322836431773
A,20,15,125,300,0.1,3,1.0,0.8,10.0,5,4.497562664726405,0.8791436394826473,10.233213832104866,14.394973102875536
A,20,15,125,300,0.1,3,1.0,1.0,0.1,1,4.534490920803195,0.8788338971955296,10.24381449434444,14.451879499621828
A,20,15,125,300,0.1,3,1.0,1.0,0.1,5,4.532485967113546,0.8790939721351071,10.24550596550494,14.445382062296076
A,20,15,125,300,0.1,3,1.0,1.0,1.0,1,4.54795570092088,0.8793751998858508,10.224340504882083,14.429315174107199
A,20,15,125,300,0.1,3,1.0,1.0,1.0,5,4.529002328990711,0.8793158372919558,10.221240921129239,14.427631201582798
A,20,15,125,300,0.1,3,1.0,1.0,10.0,1,4.510488502117103,0.8795329141826782,10.215709941770166,14.392959274705746
A,20,15,125,300,0.1,3,1.0,1.0,10.0,5,4.5150043156041715,0.8797649641219817,10.213549961104794,14.398538473601173
A,20,15,125,300,0.1,5,0.8,0.8,0.1,1,4.990855490334029,0.8730101917226527,10.352257049950428,14.714641027373663
A,20,15,125,300,0.1,5,0.8,0.8,0.1,5,5.020251104625062,0.8737382048232305,10.349007167757739,14.710233495279477
A,20,15,125,300,0.1,5,0.8,0.8,1.0,1,4.9303332649569755,0.8735821059184339,10.324254931009323,14.684149013460523
A,20,15,125,300,0.1,5,0.8,0.8,1.0,5,5.021048263101077,0.8732193989506319,10.35585501964821,14.73083347641058
A,20,15,125,300,0.1,5,0.8,0.8,10.0,1,4.979828150647558,0.8741889543673496,10.305607106479815,14.670644788248618
A,20,15,125,300,0.1,5,0.8,0.8,10.0,5,4.942557580327876,0.8738897812950144,10.301471966096676,14.670775081359077
A,20,15,125,300,0.1,5,0.8,1.0,0.1,1,5.054045693403374,0.8729183483474958,10.278000661399785,14.746248620506515
A,20,15,125,300,0.1,5,0.8,1.0,0.1,5,5.058359970137401,0.8726117105658906,10.323766884297855,14.767666931715093
A,20,15,125,300,0.1,5,0.8,1.0,1.0,1,5.029422747619127,0.8731210471813056,10.284541419385551,14.740513831960888
A,20,15,125,300,0.1,5,0.8,1.0,1.0,5,4.997306533218245,0.8733577386938867,10.272155228030988,14.696983257873816
A,20,15,125,300,0.1,5,0.8,1.0,10.0,1,5.06838504036455,0.8734900519383988,10.290520129420814,14.731366589268685
A,20,15,125,300,0.1,5,0.8,1.0,10.0,5,4.997212317096843,0.8740374312129227,10.266928199855926,14.697115269573525
A,20,15,125,300,0.1,5,1.0,0.8,0.1,1,4.939692101055836,0.8739624270017391,10.28218625837981,14.656197709325678
A,20,15,125,300,0.1,5,1.0,0.8,0.1,5,4.899995517484814,0.8740976135668804,10.275123599091266,14.637999704149976
A,20,15,125,300,0.1,5,1.0,0.8,1.0,1,4.866119785724455,0.8747878306870369,10.262708162911068,14.614824623357672
A,20,15,125,300,0.1,5,1.0,0.8,1.0,5,4.937258229050128,0.8747646089686711,10.274778067392733,14.645918061819463
A,20,15,125,300,0.1,5,1.0,0.8,10.0,1,4.9513226110821424,0.8754151155380615,10.232150529496774,14.59216366466338
A,20,15,125,300,0.1,5,1.0,0.8,10.0,5,4.87019506885794,0.8752567467164981,10.246177975993383,14.596534159287765
A,20,15,125,300,0.1,5,1.0,1.0,0.1,1,5.062482102355257,0.8734686221823053,10.284721695256355,14.731124744656034
A,20,15,125,300,0.1,5,1.0,1.0,0.1,5,4.95370363368616,0.8740030078279645,10.264132660074846,14.688744878528714
A,20,15,125,300,0.1,5,1.0,1.0,1.0,1,4.942080503711739,0.8735902786516878,10.252478011690833,14.687369467996135
A,20,15,125,300,0.1,5,1.0,1.0,1.0,5,4.978701150546378,0.8742309650416153,10.22643305102676,14.665531315008034
A,20,15,125,300,0.1,5,1.0,1.0,10.0,1,4.970344126222194,0.8740559952794691,10.245749957052535,14.682780291163178
A,20,15,125,300,0.1,5,1.0,1.0,10.0,5,4.957653351163566,0.8745175630773027,10.251809028157336,14.66661832698071
A,20,20,115,100,0.05,3,0.8,0.8,0.1,1,3.0389129479127392,0.8944895696276733,8.756307765959567,12.391008650718502
A,20,20,115,100,0.05,3,0.8,0.8,0.1,5,3.0383539065984215,0.8944809256510057,8.75484443210477,12.392027846305243
A,20,20,115,100,0.05,3,0.8,0.8,1.0,1,3.0336974446474883,0.8944892028391065,8.756113756741836,12.389486107432786
A,20,20,115,100,0.05,3,0.8,0.8,1.0,5,3.033665743861031,0.8944890972231596,8.755976078732738,12.389393517632922
A,20,20,115,100,0.05,3,0.8,0.8,10.0,1,3.0334900659430932,0.8942217515951111,8.780886463057769,12.407053590040377
A,20,20,115,100,0.05,3,0.8,0.8,10.0,5,3.029438980066454,0.8943653720166509,8.777471124879707,12.39947434087421
A,20,20,115,100,0.05,3,0.8,1.0,0.1,1,3.0422979266923407,0.8955097600941959,8.662179343347407,12.412736334718257
A,20,20,115,100,0.05,3,0.8,1.0,0.1,5,3.0467856392351913,0.8952986662299601,8.661722408702285,12.414432691376348
A,20,20,115,100,0.05,3,0.8,1.0,1.0,1,3.062153220659268,0.8950991944450223,8.680247955663742,12.428485230263878
A,20,20,115,100,0.05,3,0.8,1.0,1.0,5,3.0615908001341383,0.8950966223364285,8.680298221652754,12.428546029278264
A,20,20,115,100,0.05,3,0.8,1.0,10.0,1,3.0586427185929494,0.8952144499176786,8.685677121643414,12.428687844240887
A,20,20,115,100,0.05,3,0.8,1.0,10.0,5,3.0443846111409165,0.8953786395671142,8.669610283144753,12.410397139124825
A,20,20,115,100,0.05,3,1.0,0.8,0.1,1,2.9970472111670277,0.8947273205606869,8.75139689573777,12.355662712580697
A,20,20,115,100,0.05,3,1.0,0.8,0.1,5,2.9968282805679403,0.8946852706320347,8.747284182968162,12.357052330090363
A,20,20,115,100,0.05,3,1.0,0.8,1.0,1,3.0129198428362067,0.8944368553561801,8.770684228626308,12.37765546561236
A,20,20,115,100,0.05,3,1.0,0.8,1.0,5,3.0129119105185245,0.8944359701605157,8.770761396157827,12.377689959210114
A,20,20,115,100,0.05,3,1.0,0.8,10.0,1,3.0278850857917883,0.894165695574844,8.781550409274875,12.388963571188118
A,20,20,115,100,0.05,3,1.0,0.8,10.0,5,3.0182703934635478,0.894300452206728,8.790126184089619,12.390582550183495
A,20,20,115,100,0.05,3,1.0,1.0,0.1,1,3.060972372492997,0.8943122287708481,8.69702048873839,12.445728151005277
A,20,20,115,100,0.05,3,1.0,1.0,0.1,5,3.065457117453689,0.8941337564920382,8.697642829472919,12.44613912052979
A,20,20,115,100,0.05,3,1.0,1.0,1.0,1,3.054861214290847,0.8944363468816021,8.697655877886252,12.439010172743382
A,20,20,115,100,0.05,3,1.0,1.0,1.0,5,3.0550718261359133,0.8944754406209208,8.69929589951387,12.43808096527176
A,20,20,115,100,0.05,3,1.0,1.0,10.0,1,3.04698979046843,0.8948505974434763,8.696253179175605,12.420554692081192
A,20,20,115,100,0.05,3,1.0,1.0,10.0,5,3.0500127861634247,0.8947846049724625,8.70367807853531,12.422985872603217
A,20,20,115,100,0.05,5,0.8,0.8,0.1,1,2.9922313206661992,0.8959679850257973,8.346367593300293,12.21220635318816
A,20,20,115,100,0.05,5,0.8,0.8,0.1,5,2.999133176011436,0.8956609316150794,8.353810738624897,12.230752906091327
A,20,20,115,100,0.05,5,0.8,0.8,1.0,1,3.0033727398413714,0.8961936349247767,8.34016703382024,12.214122695611064
A,20,20,115,100,0.05,5,0.8,0.8,1.0,5,3.004249901579639,0.8961217084584719,8.35271440554472,12.230029423649073
A,20,20,115,100,0.05,5,0.8,0.8,10.0,1,2.982567007058748,0.8961511227264929,8.375964368551585,12.223323896402677
A,20,20,115,100,0.05,5,0.8,0.8,10.0,5,2.9855982170994233,0.8959643601853131,8.377919169242682,12.221102356767329
A,20,20,115,100,0.05,5,0.8,1.0,0.1,1,3.0141562837486435,0.8968071154222172,8.242628496218233,12.217458997675092
A,20,20,115,100,0.05,5,0.8,1.0,0.1,5,3.0190120800403903,0.8970557176538888,8.2406881958796,12.21478970657831
A,20,20,115,100,0.05,5,0.8,1.0,1.0,1,3.03446611593043,0.8973655562342664,8.251190311074094,12.220297976837495
A,20,20,115,100,0.05,5,0.8,1.0,1.0,5,3.0289448243510524,0.8972876017895205,8.245882051601189,12.216766666422831
A,20,20,115,100,0.05,5,0.8,1.0,10.0,1,3.0421342479290363,0.8968886008763766,8.279160072588807,12.233691663084485
A,20,20,115,100,0.05,5,0.8,1.0,10.0,5,3.022744741113221,0.8970790270649396,8.254980095495778,12.218914750223192
A,20,20,115,100,0.05,5,1.0,0.8,0.1,1,2.969825343551241,0.8964668296385719,8.350298155589348,12.203754219403399
A,20,20,115,100,0.05,5,1.0,0.8,0.1,5,2.9838116502432617,0.8960811315845204,8.34670193888076,12.208210916927007
A,20,20,115,100,0.05,5,1.0,0.8,1.0,1,2.9845852906951142,0.8962497526089486,8.368454362104506,12.224833874864974
A,20,20,115,100,0.05,5,1.0,0.8,1.0,5,2.9816269564750435,0.8962281225103302,8.353592578839732,12.208805590558693
A,20,20,115,100,0.05,5,1.0,0.8,10.0,1,3.0008540750139363,0.8959757977503067,8.38402775286695,12.236001009368351
A,20,20,115,100,0.05,5,1.0,0.8,10.0,5,2.986555156721388,0.895902417577154,8.380499029828073,12.225772048662888
A,20,20,115,100,0.05,5,1.0,1.0,0.1,1,3.0280053857093376,0.897563761826061,8.263027178822243,12.243991085276658
A,20,20,115,100,0.05,5,1.0,1.0,0.1,5,3.0245176555616267,0.8971849167554875,8.254508453080513,12.231002348214739
A,20,20,115,100,0.05,5,1.0,1.0,1.0,1,3.0373622776267686,0.8972699112157839,8.25550569069297,12.232499352783705
A,20,20,115,100,0.05,5,1.0,1.0,1.0,5,3.034224886344296,0.8974466925257317,8.26173651187117,12.241070672602607
A,20,20,115,100,0.05,5,1.0,1.0,10.0,1,3.033856579958296,0.8976818881461128,8.269274831059507,12.232827567026614
A,20,20,115,100,0.05,5,1.0,1.0,10.0,5,3.0178507496558327,0.8977491619552997,8.261910641596412,12.216856651681923
A,20,20,115,100,0.1,3,0.8,0.8,0.1,1,2.9827132192265875,0.8948371917851657,8.524099644394036,12.30049507986121
A,20,20,115,100,0.1,3,0.8,0.8,0.1,5,2.9728905821592786,0.895145263052186,8.51471245127087,12.289253274191587
A,20,20,115,100,0.1,3,0.8,0.8,1.0,1,2.953791164006909,0.8952551531705275,8.517180955086284,12.282083487599667
A,20,20,115,100,0.1,3,0.8,0.8,1.0,5,2.9542975373301905,0.8952763946540975,8.512277286799216,12.279460007428682
A,20,20,115,100,0.1,3,0.8,0.8,10.0,1,2.9652734125690885,0.8950869641571508,8.523418557602094,12.309179136995024
A,20,20,115,100,0.1,3,0.8,0.8,10.0,5,2.960329089264075,0.8952002463150139,8.517937517504109,12.305443391977889
A,20,20,115,100,0.1,3,0.8,1.0,0.1,1,3.012581547772194,0.8949963600065958,8.485717725087255,12.337094410535908
A,20,20,115,100,0.1,3,0.8,1.0,0.1,5,3.0122530053436396,0.8949536642231036,8.49596910719287,12.347134188507567
A,20,20,115,100,0.1,3,0.8,1.0,1.0,1,3.0136438290879535,0.8951161361376249,8.489122233899929,12.33992463769668
A,20,20,115,100,0.1,3,0.8,1.0,1.0,5,3.012509113905853,0.8950045070061561,8.500434639396842,12.345415973994552
A,20,20,115,100,0.1,3,0.8,1.0,10.0,1,3.0010985155535037,0.8949010809609156,8.503092123821489,12.33762820069467
A,20,20,115,100,0.1,3,0.8,1.0,10.0,5,3.0043501718335244,0.8952653028220169,8.502004218227711,12.3374953029282
A,20,20,115,100,0.1,3,1.0,0.8,0.1,1,2.952680635796579,0.8950714173682301,8.544542969958036,12.311552699454896
A,20,20,115,100,0.1,3,1.0,0.8,0.1,5,2.9607380001577983,0.8948580623553711,8.556690422228339,12.320467354950129
A,20,20,115,100,0.1,3,1.0,0.8,1.0,1,2.9687693998656397,0.8954639765951434,8.516343053607446,12.29490278817299
A,20,20,115,100,0.1,3,1.0,0.8,1.0,5,2.9691259753575414,0.8955974700746591,8.517822784014475,12.296171403199398
A,20,20,115,100,0.1,3,1.0,0.8,10.0,1,2.9457712635320625,0.8949396471183094,8.51944954869802,12.295401975821528
A,20,20,115,100,0.1,3,1.0,0.8,10.0,5,2.962470605032038,0.894936892629741,8.5223637026487,12.311706448492176
A,20,20,115,100,0.1,3,1.0,1.0,0.1,1,2.9990845143309373,0.8957832781919398,8.472212530757028,12.330350681427973
A,20,20,115,100,0.1,3,1.0,1.0,0.1,5,3.0130877239904037,0.8954651415526612,8.495239075196814,12.352474211667307
A,20,20,115,100,0.1,3,1.0,1.0,1.0,1,2.9831213627662474,0.8960302263237321,8.487437466846787,12.321762929845866
A,20,20,115,100,0.1,3,1.0,1.0,1.0,5,2.9832252098123404,0.8960082728265922,8.478347026783561,12.319521710346253
A,20,20,115,100,0.1,3,1.0,1.0,10.0,1,3.0085972849220646,0.895074511073032,8.520599112671725,12.373330041555306
A,20,20,115,100,0.1,3,1.0,1.0,10.0,5,3.007959464937186,0.8951074853115262,8.525723553377729,12.380730489982458
A,20,20,115,100,0.1,5,0.8,0.8,0.1,1,3.08606657897189,0.8938067616759531,8.32060030614793,12.313733264483467
A,20,20,115,100,0.1,5,0.8,0.8,0.1,5,3.0819891126879666,0.8935078779916017,8.329500259659273,12.32971373247263
A,20,20,115,100,0.1,5,0.8,0.8,1.0,1,3.0647061776740743,0.8940023889909696,8.308914572863827,12.296940259973288
A,20,20,115,100,0.1,5,0.8,0.8,1.0,5,3.0652105025424525,0.8938496211603277,8.319489931120668,12.309722654129304
A,20,20,115,100,0.1,5,0.8,0.8,10.0,1,3.050503290280178,0.8942473361439637,8.305438706384479,12.296902860940948
A,20,20,115,100,0.1,5,0.8,0.8,10.0,5,3.0412997204576633,0.8941876727064726,8.31148189548706,12.290489732731116
A,20,20,115,100,0.1,5,0.8,1.0,0.1,1,3.0403401120732494,0.8941057972625159,8.248796808229239,12.286774486498976
A,20,20,115,100,0.1,5,0.8,1.0,0.1,5,3.0912918544786896,0.8941990406681011,8.274219274513438,12.32544994329973
A,20,20,115,100,0.1,5,0.8,1.0,1.0,1,3.0772579688885866,0.8942760746602915,8.269909798845674,12.305706635191521
A,20,20,115,100,0.1,5,0.8,1.0,1.0,5,3.0766568694957046,0.894458371097586,8.252880751683083,12.307646543460995
A,20,20,115,100,0.1,5,0.8,1.0,10.0,1,3.05630348552274,0.8947415981683952,8.26091183710629,12.304693046753007
A,20,20,115,100,0.1,5,0.8,1.0,10.0,5,3.0683006046103527,0.8944529567748397,8.248967807297255,12.28682870391475
A,20,20,115,100,0.1,5,1.0,0.8,0.1,1,3.04153878211175,0.8942200528779244,8.309940573008154,12.29058972258038
A,20,20,115,100,0.1,5,1.0,0.8,0.1,5,3.021979408911827,0.8943415996024993,8.286826573424262,12.248006220182898
A,20,20,115,100,0.1,5,1.0,0.8,1.0,1,3.0168600825344765,0.8943438706528868,8.297149474758694,12.273940973165303
A,20,20,115,100,0.1,5,1.0,0.8,1.0,5,3.0309142327258494,0.8946362358123308,8.293184589470538,12.269206537904504
A,20,20,115,100,0.1,5,1.0,0.8,10.0,1,3.0234706165154632,0.8944764015813955,8.299991918891578,12.25915067455858
A,20,20,115,100,0.1,5,1.0,0.8,10.0,5,2.98891937315349,0.8950228325820534,8.280669974847356,12.236400167925693
A,20,20,115,100,0.1,5,1.0,1.0,0.1,1,3.063349816058175,0.8948497187477578,8.262414416676824,12.307924604779164
A,20,20,115,100,0.1,5,1.0,1.0,0.1,5,3.0796465891257325,0.8951305926052584,8.25335469155361,12.291442351068403
A,20,20,115,100,0.1,5,1.0,1.0,1.0,1,3.068429502335275,0.8947193259233378,8.229022169233678,12.28637607464679
A,20,20,115,100,0.1,5,1.0,1.0,1.0,5,3.0543103981441315,0.8948137284429105,8.236416706093506,12.287179660289599
A,20,20,115,100,0.1,5,1.0,1.0,10.0,1,3.058339893778469,0.8954514579229638,8.241548705987892,12.27229001262963
A,20,20,115,100,0.1,5,1.0,1.0,10.0,5,3.0652213489055087,0.8953112449497158,8.237658714042146,12.270593323232122
A,20,20,115,200,0.05,3,0.8,0.8,0.1,1,2.97651026036952,0.8957083743310268,8.47905180850588,12.275366331820981
A,20,20,115,200,0.05,3,0.8,0.8,0.1,5,2.9792656149316388,0.8956544151943726,8.488329659721327,12.281817331373233
A,20,20,115,200,0.05,3,0.8,0.8,1.0,1,2.9515367638542562,0.8956427164943263,8.475243439009855,12.260875963522242
A,20,20,115,200,0.05,3,0.8,0.8,1.0,5,2.9554486245075338,0.8956456952958843,8.47828366881156,12.268853932799528
A,20,20,115,200,0.05,3,0.8,0.8,10.0,1,2.957935764396847,0.8956195825042913,8.48811347854657,12.279277839115466
A,20,20,115,200,0.05,3,0.8,0.8,10.0,5,2.95263305276174,0.8955219375404022,8.497611441543949,12.280291781599505
A,20,20,115,200,0.05,3,0.8,1.0,0.1,1,2.9863112089831674,0.8960071148011,8.462841283272116,12.309768811744446
A,20,20,115,200,0.05,3,0.8,1.0,0.1,5,2.9821359401368523,0.8959950179546737,8.460138607697289,12.304487099751302
A,20,20,115,200,0.05,3,0.8,1.0,1.0,1,2.992351115076248,0.8956145763793544,8.481612016758435,12.319822904843667
A,20,20,115,200,0.05,3,0.8,1.0,1.0,5,2.9966811399268325,0.8955158340934577,8.480925043579395,12.32306764910086
A,20,20,115,200,0.05,3,0.8,1.0,10.0,1,2.988903211013123,0.895698967081563,8.470160976047046,12.320878160693946
A,20,20,115,200,0.05,3,0.8,1.0,10.0,5,2.9795115979512463,0.8957925664296041,8.455614872887836,12.304594941596282
A,20,20,115,200,0.05,3,1.0,0.8,0.1,1,2.9232162659392587,0.8962216136021179,8.47318793130459,12.231744177910231
A,20,20,115,200,0.05,3,1.0,0.8,0.1,5,2.9213731802745344,0.8960067958794025,8.479582454083376,12.235429264858745
A,20,20,115,200,0.05,3,1.0,0.8,1.0,1,2.947823025615455,0.8956312928692546,8.49875729067658,12.267789388412057
A,20,20,115,200,0.05,3,1.0,0.8,1.0,5,2.9391863698467846,0.8959257966745003,8.484046570758522,12.255971416398047
A,20,20,115,200,0.05,3,1.0,0.8,10.0,1,2.9569098712142377,0.8957104369664902,8.498016857864187,12.268654831409048
A,20,20,115,200,0.05,3,1.0,0.8,10.0,5,2.9444848171663622,0.8957627325021308,8.502301850919903,12.265291516088308
A,20,20,115,200,0.05,3,1.0,1.0,0.1,1,3.002935566663196,0.8954201575749453,8.486049725841353,12.340391977955601
A,20,20,115,200,0.05,3,1.0,1.0,0.1,5,3.0040888967558543,0.895191596925083,8.492024424079094,12.346512134905888
A,20,20,115,200,0.05,3,1.0,1.0,1.0,1,2.995937190418219,0.895247276662786,8.491254496912521,12.343497337707982
A,20,20,115,200,0.05,3,1.0,1.0,1.0,5,2.99148158591841,0.8954345189873564,8.488598852895944,12.337087162989386
A,20,20,115,200,0.05,3,1.0,1.0,10.0,1,2.990164151408691,0.8957780921527677,8.485450507302579,12.33001899139255
A,20,20,115,200,0.05,3,1.0,1.0,10.0,5,2.9949314179865114,0.8956400782718218,8.48871306213736,12.33670657573144
A,20,20,115,200,0.05,5,0.8,0.8,0.1,1,3.016995514152142,0.8944987521424519,8.270190588617426,12.248759333616439
A,20,20,115,200,0.05,5,0.8,0.8,0.1,5,3.0238161983975487,0.8940188608947193,8.288955722614336,12.267715132088364
A,20,20,115,200,0.05,5,0.8,0.8,1.0,1,3.027565214761243,0.8945895358080094,8.270196005420209,12.25700537870405
A,20,20,115,200,0.05,5,0.8,0.8,1.0,5,3.0164836104097428,0.8945791673581687,8.281346772999873,12.26031697012118
A,20,20,115,200,0.05,5,0.8,0.8,10.0,1,2.996361378380333,0.894940195973485,8.279242433113378,12.245078268872158
A,20,20,115,200,0.05,5,0.8,0.8,10.0,5,2.994709616053181,0.8948609527943449,8.262749138742695,12.235199421812357
A,20,20,115,200,0.05,5,0.8,1.0,0.1,1,3.029483042827177,0.8947962754569581,8.193367214246894,12.244622006106741
A,20,20,115,200,0.05,5,0.8,1.0,0.1,5,3.047500639056533,0.8951245425453294,8.211126515018218,12.26224185716466
A,20,20,115,200,0.05,5,0.8,1.0,1.0,1,3.057016413228793,0.8949986130012804,8.231314461779284,12.270639262928805
A,20,20,115,200,0.05,5,0.8,1.0,1.0,5,3.0494936754690505,0.8955425207952713,8.205032996008361,12.250649935186969
A,20,20,115,200,0.05,5,0.8,1.0,10.0,1,3.0698051798190216,0.8950757055940871,8.21748184738885,12.269181919135203
A,20,20,115,200,0.05,5,0.8,1.0,10.0,5,3.0527792907124054,0.8953865080629839,8.20576752508324,12.25571222188179
A,20,20,115,200,0.05,5,1.0,0.8,0.1,1,2.9957991837582036,0.8950390711959534,8.272641475568026,12.239440368721002
A,20,20,115,200,0.05,5,1.0,0.8,0.1,5,3.0013221423049017,0.8948280935558801,8.268863893490495,12.23803486503434
A,20,20,115,200,0.05,5,1.0,0.8,1.0,1,3.005555706713689,0.8949702959702263,8.286348818778086,12.249156732939772
A,20,20,115,200,0.05,5,1.0,0.8,1.0,5,2.988170851836037,0.8950603453127204,8.271861460597787,12.226677664748841
A,20,20,115,200,0.05,5,1.0,0.8,10.0,1,3.0072701519179583,0.8951229479321283,8.272160775050128,12.238388226538715
A,20,20,115,200,0.05,5,1.0,0.8,10.0,5,2.992752174522609,0.8952480023898609,8.270371020815046,12.231004412166635
A,20,20,115,200,0.05,5,1.0,1.0,0.1,1,3.049531278662298,0.8955446194362182,8.230635064820515,12.284299202858504
A,20,20,115,200,0.05,5,1.0,1.0,0.1,5,3.046435736551856,0.8954027278953207,8.22584318446716,12.266781392691312
A,20,20,115,200,0.05,5,1.0,1.0,1.0,1,3.054700365677582,0.8952481214245787,8.20827568847758,12.2615666061386
A,20,20,115,200,0.05,5,1.0,1.0,1.0,5,3.0478798765367143,0.8956052408539898,8.221538168651168,12.271436139057375
A,20,20,115,200,0.05,5,1.0,1.0,10.0,1,3.0543526924454456,0.8955428866531031,8.224619152064717,12.26505385565083
A,20,20,115,200,0.05,5,1.0,1.0,10.0,5,3.031182079567602,0.8961234092802334,8.198174125678197,12.236403071556381
A,20,20,115,200,0.1,3,0.8,0.8,0.1,1,2.9656773762491198,0.8942044434979796,8.515163267947376,12.28822441620154
A,20,20,115,200,0.1,3,0.8,0.8,0.1,5,2.955655861821147,0.8943204763890427,8.508942210322019,12.28863858372594
A,20,20,115,200,0.1,3,0.8,0.8,1.0,1,2.9272295648675435,0.8944300697859029,8.50976687506714,12.272325250101503
A,20,20,115,200,0.1,3,0.8,0.8,1.0,5,2.9344333050523623,0.8943420062766346,8.511624619636097,12.28383584804872
A,20,20,115,200,0.1,3,0.8,0.8,10.0,1,2.9583677970277806,0.8941725305114051,8.513772471142707,12.307128364808218
A,20,20,115,200,0.1,3,0.8,0.8,10.0,5,2.9521998576015087,0.8943540535908907,8.50462738977264,12.300848556842391
A,20,20,115,200,0.1,3,0.8,1.0,0.1,1,2.986017488010328,0.8939093453664689,8.499027798441265,12.337135990272781
A,20,20,115,200,0.1,3,0.8,1.0,0.1,5,2.9760180729349375,0.8942714252360637,8.480875343754313,12.322828122764745
A,20,20,115,200,0.1,3,0.8,1.0,1.0,1,2.9802389645962144,0.8942675421898343,8.49536089630845,12.321709078582117
A,20,20,115,200,0.1,3,0.8,1.0,1.0,5,2.9851786307218138,0.89451998189726,8.48387670060227,12.316017108369019
A,20,20,115,200,0.1,3,0.8,1.0,10.0,1,2.9701515604591924,0.8945398126834844,8.481763252560546,12.316105769780071
A,20,20,115,200,0.1,3,0.8,1.0,10.0,5,2.9669569908111426,0.894542635103541,8.475280721323262,12.306094704160767
A,20,20,115,200,0.1,3,1.0,0.8,0.1,1,2.934806071942394,0.8947919898856881,8.510490456975399,12.282232407185852
A,20,20,115,200,0.1,3,1.0,0.8,0.1,5,2.944167872162814,0.8944348325388798,8.530289302567123,12.293689431131074
A,20,20,115,200,0.1,3,1.0,0.8,1.0,1,2.956980850336495,0.895143815745568,8.498668695519935,12.279644264220844
A,20,20,115,200,0.1,3,1.0,0.8,1.0,5,2.949306759781267,0.8948570347126715,8.494171023921792,12.280025594066768
A,20,20,115,200,0.1,3,1.0,0.8,10.0,1,2.9356075332204763,0.8944711201134187,8.511296983337086,12.288938917959957
A,20,20,115,200,0.1,3,1.0,0.8,10.0,5,2.9573751521285034,0.894867699731719,8.50275082250462,12.288661531710996
A,20,20,115,200,0.1,3,1.0,1.0,0.1,1,2.9647761849116323,0.8950675755010218,8.480531280264213,12.32009226478123
A,20,20,115,200,0.1,3,1.0,1.0,0.1,5,2.9751952920984883,0.8948757611948439,8.47793679946173,12.323160190972228
A,20,20,115,200,0.1,3,1.0,1.0,1.0,1,2.9440581016321543,0.8953349312519132,8.463280847400394,12.294897096105625
A,20,20,115,200,0.1,3,1.0,1.0,1.0,5,2.9464732361174653,0.8955449299424473,8.45831753055968,12.289708058975975
A,20,20,115,200,0.1,3,1.0,1.0,10.0,1,2.9865052071336624,0.8948392233436218,8.495682980236335,12.349831954589144
A,20,20,115,200,0.1,3,1.0,1.0,10.0,5,2.9863699695498624,0.8946858168813367,8.505480607489432,12.357594901846616
A,20,20,115,200,0.1,5,0.8,0.8,0.1,1,3.154839693424542,0.8909175007047432,8.504879633839966,12.470367210446106
A,20,20,115,200,0.1,5,0.8,0.8,0.1,5,3.1704492764582026,0.8903335692808744,8.506225051762097,12.491782934101273
A,20,20,115,200,0.1,5,0.8,0.8,1.0,1,3.128954525283555,0.8907779912755587,8.49168894478646,12.448545952305007
A,20,20,115,200,0.1,5,0.8,0.8,1.0,5,3.138917760232732,0.8906718724154,8.4920436300999,12.460320923206007
A,20,20,115,200,0.1,5,0.8,0.8,10.0,1,3.1205456662324957,0.8918962234215607,8.428963219155104,12.402996421541499
A,20,20,115,200,0.1,5,0.8,0.8,10.0,5,3.083877362108655,0.8914073918609875,8.464163879648204,12.409389195246803
A,20,20,115,200,0.1,5,0.8,1.0,0.1,1,3.1219879380237203,0.8908005519229599,8.417032192141647,12.438051175294069
A,20,20,115,200,0.1,5,0.8,1.0,0.1,5,3.1750708145306765,0.890460239823699,8.454099669157255,12.470746510114543
A,20,20,115,200,0.1,5,0.8,1.0,1.0,1,3.1538348500012945,0.8909727343633431,8.44650295542181,12.457633133418039
A,20,20,115,200,0.1,5,0.8,1.0,1.0,5,3.146850760352232,0.8910167183062733,8.41704961047836,12.434358479795875
A,20,20,115,200,0.1,5,0.8,1.0,10.0,1,3.12204927836169,0.8914690615679628,8.436875983856359,12.459745999863278
A,20,20,115,200,0.1,5,0.8,1.0,10.0,5,3.147436339104316,0.8913624069707868,8.409449429314249,12.421475302659339
A,20,20,115,200,0.1,5,1.0,0.8,0.1,1,3.0961077467672955,0.8919543622242863,8.446766296349008,12.407053284408672
A,20,20,115,200,0.1,5,1.0,0.8,0.1,5,3.091807612365046,0.8917079619753794,8.43816531839359,12.397084003251262
A,20,20,115,200,0.1,5,1.0,0.8,1.0,1,3.0970177620312334,0.8912155333231379,8.429133876097021,12.399756226860239
A,20,20,115,200,0.1,5,1.0,0.8,1.0,5,3.0904060695935827,0.8925614143759028,8.405922575690145,12.366561602591398
A,20,20,115,200,0.1,5,1.0,0.8,10.0,1,3.0670202426118918,0.8924247554648546,8.400091407397182,12.345015713052073
A,20,20,115,200,0.1,5,1.0,0.8,10.0,5,3.0670804296559186,0.892847672607688,8.39252589324387,12.34366492552253
A,20,20,115,200,0.1,5,1.0,1.0,0.1,1,3.1233244050426534,0.8916576596583013,8.420361801045736,12.42822491367863
A,20,20,115,200,0.1,5,1.0,1.0,0.1,5,3.1305899155308383,0.8920554428851046,8.408161956828476,12.415120652558363
A,20,20,115,200,0.1,5,1.0,1.0,1.0,1,3.1418023620803774,0.8918254516992038,8.379046064904207,12.403042661599414
A,20,20,115,200,0.1,5,1.0,1.0,1.0,5,3.122748605515491,0.8923436146356266,8.372325417320464,12.395231359204683
A,20,20,115,200,0.1,5,1.0,1.0,10.0,1,3.1163527241107,0.892686338641649,8.368735382682253,12.377696162481802
A,20,20,115,200,0.1,5,1.0,1.0,10.0,5,3.105214045721401,0.8931068429413118,8.36497391516451,12.363111389378382
A,20,20,115,300,0.05,3,0.8,0.8,0.1,1,2.9734684163283203,0.8953814800750651,8.467418005663971,12.269647152534077
A,20,20,115,300,0.05,3,0.8,0.8,0.1,5,2.9785957757849335,0.8953529913321363,8.477460641100993,12.28029112374964
A,20,20,115,300,0.05,3,0.8,0.8,1.0,1,2.9559996045445285,0.8953508717048537,8.470201745837892,12.265093787874836
A,20,20,115,300,0.05,3,0.8,0.8,1.0,5,2.963058192711967,0.8952907514530342,8.474075560941499,12.270117370570242
A,20,20,115,300,0.05,3,0.8,0.8,10.0,1,2.9584238949216926,0.8953141643061502,8.476503146000752,12.277608704868507
A,20,20,115,300,0.05,3,0.8,0.8,10.0,5,2.9588664812210412,0.895195763288774,8.485912742900203,12.277044008017922
A,20,20,115,300,0.05,3,0.8,1.0,0.1,1,2.9627793720631757,0.8955940832460986,8.451363818463744,12.29296971756631
A,20,20,115,300,0.05,3,0.8,1.0,0.1,5,2.9573238354009335,0.8956726606333311,8.443321611728962,12.28556032941027
A,20,20,115,300,0.05,3,0.8,1.0,1.0,1,2.975122946572968,0.8953033717984248,8.458137776357697,12.302234609631821
A,20,20,115,300,0.05,3,0.8,1.0,1.0,5,2.968959639508016,0.8953903386785818,8.451039119136373,12.294662760208203
A,20,20,115,300,0.05,3,0.8,1.0,10.0,1,2.9650590041359783,0.8955789090875965,8.44152016194405,12.293445411005212
A,20,20,115,300,0.05,3,0.8,1.0,10.0,5,2.958924739763103,0.895727121150812,8.430781748053235,12.28635584813251
A,20,20,115,300,0.05,3,1.0,0.8,0.1,1,2.910907356008472,0.8959280910310102,8.453115086078059,12.222840310523933
A,20,20,115,300,0.05,3,1.0,0.8,0.1,5,2.9196168008900547,0.8956935525274357,8.461479868425759,12.229404145497412
A,20,20,115,300,0.05,3,1.0,0.8,1.0,1,2.93724507315753,0.8954770802203432,8.469768648662972,12.251221223046707
A,20,20,115,300,0.05,3,1.0,0.8,1.0,5,2.932836828360781,0.8955740422921024,8.465902059985824,12.2524201129169
A,20,20,115,300,0.05,3,1.0,0.8,10.0,1,2.9390181979393066,0.8957259137438047,8.455764342917545,12.242075071146374
A,20,20,115,300,0.05,3,1.0,0.8,10.0,5,2.938182712138196,0.8955481034315611,8.480400100400427,12.26080507969272
A,20,20,115,300,0.05,3,1.0,1.0,0.1,1,2.9661432009507473,0.89560115253301,8.453919195116432,12.307928509183022
A,20,20,115,300,0.05,3,1.0,1.0,0.1,5,2.96858156987861,0.8952664526013432,8.460796834988136,12.31277808414713
A,20,20,115,300,0.05,3,1.0,1.0,1.0,1,2.959065587201194,0.8952953365296207,8.456204564706923,12.306963984499927
A,20,20,115,300,0.05,3,1.0,1.0,1.0,5,2.960524555111335,0.8954077108155362,8.456839604893144,12.306972205878868
A,20,20,115,300,0.05,3,1.0,1.0,10.0,1,2.960246684105516,0.8955224814657626,8.46036739144947,12.30561206940786
A,20,20,115,300,0.05,3,1.0,1.0,10.0,5,2.9645386918030767,0.8956333915396872,8.459392525066097,12.308015648455614
A,20,20,115,300,0.05,5,0.8,0.8,0.1,1,3.057296265606891,0.8928729970490472,8.346517486582394,12.312724483832808
A,20,20,115,300,0.05,5,0.8,0.8,0.1,5,3.066158690622273,0.8926364725702722,8.367332090139433,12.337240350212213
A,20,20,115,300,0.05,5,0.8,0.8,1.0,1,3.0679761090754085,0.8931490911878786,8.332001335727778,12.311802842212341
A,20,20,115,300,0.05,5,0.8,0.8,1.0,5,3.0606113515206688,0.893327149250706,8.346162010436847,12.321212002379243
A,20,20,115,300,0.05,5,0.8,0.8,10.0,1,3.026265696263187,0.8934341845312076,8.338207812886306,12.298867255375896
A,20,20,115,300,0.05,5,0.8,0.8,10.0,5,3.024849130176183,0.8935011623350559,8.326060526617308,12.291692873972234
A,20,20,115,300,0.05,5,0.8,1.0,0.1,1,3.078706204413972,0.8933100746618756,8.279223002839043,12.314865899089805
A,20,20,115,300,0.05,5,0.8,1.0,0.1,5,3.0805635128330735,0.8935665387107183,8.28490915908531,12.319440238841551
A,20,20,115,300,0.05,5,0.8,1.0,1.0,1,3.098971805653,0.8933317131766565,8.30731706613734,12.333791905526017
A,20,20,115,300,0.05,5,0.8,1.0,1.0,5,3.096310938896643,0.8940809135642063,8.282288274217281,12.31889427442073
A,20,20,115,300,0.05,5,0.8,1.0,10.0,1,3.101663686561513,0.8937852358992833,8.279074608115494,12.318392420297407
A,20,20,115,300,0.05,5,0.8,1.0,10.0,5,3.090610304718137,0.8938146044538822,8.282537339594246,12.319962553054452
A,20,20,115,300,0.05,5,1.0,0.8,0.1,1,3.027161330966588,0.8937789981761217,8.33525843712208,12.288817180995839
A,20,20,115,300,0.05,5,1.0,0.8,0.1,5,3.0317953492166083,0.893599821528918,8.335157367898237,12.296880650167562
A,20,20,115,300,0.05,5,1.0,0.8,1.0,1,3.0211214793081522,0.8938246823221151,8.332774975694488,12.291900906697345
A,20,20,115,300,0.05,5,1.0,0.8,1.0,5,3.00148551282225,0.8940730946346431,8.325568196070964,12.270502661229626
A,20,20,115,300,0.05,5,1.0,0.8,10.0,1,3.023285106294888,0.894027547898218,8.319685633844728,12.280168395709373
A,20,20,115,300,0.05,5,1.0,0.8,10.0,5,3.0126420359692885,0.8943496236654728,8.314362402875554,12.268461777677627
A,20,20,115,300,0.05,5,1.0,1.0,0.1,1,3.078204339849952,0.8941806424464971,8.300385400640819,12.332334016955727
A,20,20,115,300,0.05,5,1.0,1.0,0.1,5,3.0569480400763958,0.8940866310364137,8.292440701504395,12.310174603580526
A,20,20,115,300,0.05,5,1.0,1.0,1.0,1,3.06730972586606,0.8940948439814591,8.268420390338935,12.302960354676639
A,20,20,115,300,0.05,5,1.0,1.0,1.0,5,3.0668617055401235,0.8942210704094944,8.287218914780908,12.312200332249821
A,20,20,115,300,0.05,5,1.0,1.0,10.0,1,3.066076868515026,0.8945604153907707,8.27117198447687,12.297445738495123
A,20,20,115,300,0.05,5,1.0,1.0,10.0,5,3.039093861525239,0.8951082674505024,8.241209397379377,12.26417549674924
A,20,20,115,300,0.1,3,0.8,0.8,0.1,1,2.9929824967761407,0.8935927363396672,8.54013053748857,12.317186316090988
A,20,20,115,300,0.1,3,0.8,0.8,0.1,5,2.9803648353872494,0.8934530421654163,8.535622383457229,12.31116630293743
A,20,20,115,300,0.1,3,0.8,0.8,1.0,1,2.9631952489891824,0.8935289744982733,8.542034927257507,12.307884999969463
A,20,20,115,300,0.1,3,0.8,0.8,1.0,5,2.959170796988391,0.8936701159590902,8.516935415677375,12.296977052671066
A,20,20,115,300,0.1,3,0.8,0.8,10.0,1,2.9697613131538043,0.8934982558914634,8.531778832956633,12.316372409990954
A,20,20,115,300,0.1,3,0.8,0.8,10.0,5,2.966640142222592,0.8936182633033202,8.518272073644122,12.313308917326571
A,20,20,115,300,0.1,3,0.8,1.0,0.1,1,3.00747858959284,0.8926753183655981,8.549789500731642,12.368207323373934
A,20,20,115,300,0.1,3,0.8,1.0,0.1,5,2.9784603251197668,0.8933720843950516,8.526916574094063,12.342616406163044
A,20,20,115,300,0.1,3,0.8,1.0,1.0,1,2.989584561890451,0.8932768527710188,8.53665474281691,12.349005420036487
A,20,20,115,300,0.1,3,0.8,1.0,1.0,5,2.998279471218254,0.8935197450995844,8.522681211379817,12.34440114334458
A,20,20,115,300,0.1,3,0.8,1.0,10.0,1,2.9695709146880205,0.8936047077016852,8.51256507514466,12.331281278595759
A,20,20,115,300,0.1,3,0.8,1.0,10.0,5,2.982926332214092,0.8936510226263646,8.504196316935255,12.32698175806167
A,20,20,115,300,0.1,3,1.0,0.8,0.1,1,2.9351440969456144,0.8942571831821671,8.508087721564383,12.275058257440824
A,20,20,115,300,0.1,3,1.0,0.8,0.1,5,2.9324559930927494,0.8942475261420393,8.52106617785961,12.278097702486459
A,20,20,115,300,0.1,3,1.0,0.8,1.0,1,2.957178080194903,0.8946012534033582,8.501477403678425,12.278139104885623
A,20,20,115,300,0.1,3,1.0,0.8,1.0,5,2.947995058949774,0.8943897043267475,8.514904177271474,12.290222141951455
A,20,20,115,300,0.1,3,1.0,0.8,10.0,1,2.941331929446798,0.8943424432513802,8.505677231708757,12.281978051968407
A,20,20,115,300,0.1,3,1.0,0.8,10.0,5,2.961276362674319,0.894426341519541,8.510260096618065,12.296288261356093
A,20,20,115,300,0.1,3,1.0,1.0,0.1,1,2.9639175072445076,0.894598911641577,8.487255736004442,12.308331539874372
A,20,20,115,300,0.1,3,1.0,1.0,0.1,5,2.9754480912602848,0.8942708781341299,8.50124072684888,12.33375573288509
A,20,20,115,300,0.1,3,1.0,1.0,1.0,1,2.9508905577488083,0.8945416403566531,8.48838692662979,12.307870505735838
A,20,20,115,300,0.1,3,1.0,1.0,1.0,5,2.962168234035695,0.8945730891727794,8.487102897485405,12.306926351220818
A,20,20,115,300,0.1,3,1.0,1.0,10.0,1,2.980039329168084,0.8942333739782453,8.512276162391345,12.350427273769819
A,20,20,115,300,0.1,3,1.0,1.0,10.0,5,2.9841005041722743,0.8943625076626223,8.509663975071282,12.346826336041506
A,20,20,115,300,0.1,5,0.8,0.8,0.1,1,3.246251280538538,0.8883117968259693,8.64746000390007,12.594310089483603
A,20,20,115,300,0.1,5,0.8,0.8,0.1,5,3.2340255819981207,0.8883723088718576,8.625750806813993,12.596426428334258
A,20,20,115,300,0.1,5,0.8,0.8,1.0,1,3.1846103043734186,0.8885497479506738,8.622905093652923,12.562236372804497
A,20,20,115,300,0.1,5,0.8,0.8,1.0,5,3.2144389006171594,0.8889314067796363,8.622327812987674,12.570737742545825
A,20,20,115,300,0.1,5,0.8,0.8,10.0,1,3.1984808604592616,0.8895079776045796,8.568537957799721,12.530119832596691
A,20,20,115,300,0.1,5,0.8,0.8,10.0,5,3.1590432776118003,0.8889334145106131,8.593574851275587,12.52409213081683
A,20,20,115,300,0.1,5,0.8,1.0,0.1,1,3.215522092147258,0.8884211911899037,8.557864275602977,12.567544383149679
A,20,20,115,300,0.1,5,0.8,1.0,0.1,5,3.2447920062298103,0.8877495262898221,8.603487010394302,12.597932334442108
A,20,20,115,300,0.1,5,0.8,1.0,1.0,1,3.2439113095835834,0.8881753270542481,8.590221340317786,12.593530140245566
A,20,20,115,300,0.1,5,0.8,1.0,1.0,5,3.228402830957735,0.8886526989172113,8.5622549723525,12.560065537500638
A,20,20,115,300,0.1,5,0.8,1.0,10.0,1,3.2147157276091725,0.8892041384011836,8.579928431135002,12.583960003803705
A,20,20,115,300,0.1,5,0.8,1.0,10.0,5,3.217491719973455,0.8889742513987458,8.553359736205675,12.559033071502409
A,20,20,115,300,0.1,5,1.0,0.8,0.1,1,3.1735606508649292,0.8900141535475207,8.556587043634076,12.508865413829135
A,20,20,115,300,0.1,5,1.0,0.8,0.1,5,3.1573950914812814,0.889688307001608,8.54915375782359,12.500857942250935
A,20,20,115,300,0.1,5,1.0,0.8,1.0,1,3.150503084000994,0.8892020767496485,8.550671622079864,12.509614693403751
A,20,20,115,300,0.1,5,1.0,0.8,1.0,5,3.1574591893953237,0.8905003101477236,8.519309458300665,12.465360569324844
A,20,20,115,300,0.1,5,1.0,0.8,10.0,1,3.1211482356215137,0.8909076498262287,8.505913878958967,12.431046034786451
A,20,20,115,300,0.1,5,1.0,0.8,10.0,5,3.117199008024113,0.8909006053948414,8.509559683712062,12.44249370310338
A,20,20,115,300,0.1,5,1.0,1.0,0.1,1,3.180998185748742,0.8892211451980809,8.545733506093566,12.542963105621796
A,20,20,115,300,0.1,5,1.0,1.0,0.1,5,3.1987591300136353,0.8896647723976369,8.53607111434017,12.529781866110246
A,20,20,115,300,0.1,5,1.0,1.0,1.0,1,3.225914247365773,0.8896959597789387,8.504387028832427,12.51992594628191
A,20,20,115,300,0.1,5,1.0,1.0,1.0,5,3.18873116964416,0.8899775609695633,8.512333754755598,12.507363924310155
A,20,20,115,300,0.1,5,1.0,1.0,10.0,1,3.1584080642995156,0.8899577889522016,8.477123199569892,12.469430058226104
A,20,20,115,300,0.1,5,1.0,1.0,10.0,5,3.1833261401833712,0.8908086803279339,8.49310101842912,12.476639850763203
A,20,20,120,100,0.05,3,0.8,0.8,0.1,1,3.7317453476750373,0.8872943924726909,9.715242833590343,13.438475744982162
A,20,20,120,100,0.05,3,0.8,0.8,0.1,5,3.73421265200282,0.887277134871041,9.715623071269752,13.439859636468451
A,20,20,120,100,0.05,3,0.8,0.8,1.0,1,3.747016860121623,0.8871899638953332,9.731161923091133,13.457627901974979
A,20,20,120,100,0.05,3,0.8,0.8,1.0,5,3.746720067066603,0.8871930496871618,9.7307016696812,13.45725206620636
A,20,20,120,100,0.05,3,0.8,0.8,10.0,1,3.7635299287068165,0.8870122435697894,9.75124624680987,13.47545161828194
A,20,20,120,100,0.05,3,0.8,0.8,10.0,5,3.7632889795717888,0.8870510378510639,9.750480303964007,13.473054014741257
A,20,20,120,100,0.05,3,0.8,1.0,0.1,1,3.753968049396362,0.8880476726630212,9.619235549258454,13.45438329289691
A,20,20,120,100,0.05,3,0.8,1.0,0.1,5,3.7563846936673384,0.8880302154936857,9.623455065978764,13.457059497016882
A,20,20,120,100,0.05,3,0.8,1.0,1.0,1,3.757271533501803,0.887996933315874,9.630838595955273,13.463964333978131
A,20,20,120,100,0.05,3,0.8,1.0,1.0,5,3.756849817131241,0.8879956415626504,9.63067906971896,13.463672218825664
A,20,20,120,100,0.05,3,0.8,1.0,10.0,1,3.7746617237278044,0.8880212709878655,9.635300699889942,13.472703663760266
A,20,20,120,100,0.05,3,0.8,1.0,10.0,5,3.7776848930566005,0.8878594424429049,9.636929690981113,13.476090398147857
A,20,20,120,100,0.05,3,1.0,0.8,0.1,1,3.7199388303622554,0.8873627768552221,9.732687060291582,13.429639719870476
A,20,20,120,100,0.05,3,1.0,0.8,0.1,5,3.72594603177487,0.8874221273552262,9.741444818081138,13.434326734328284
A,20,20,120,100,0.05,3,1.0,0.8,1.0,1,3.7145691221255603,0.8874382534785653,9.731779047315172,13.434227431751179
A,20,20,120,100,0.05,3,1.0,0.8,1.0,5,3.714568833319374,0.8874382811153533,9.731775308749677,13.434227157258618
A,20,20,120,100,0.05,3,1.0,0.8,10.0,1,3.7252852248987294,0.8870785860149883,9.753936272221043,13.452493693634404
A,20,20,120,100,0.05,3,1.0,0.8,10.0,5,3.7240351225470443,0.8871228418181965,9.75321765096039,13.448494687378997
A,20,20,120,100,0.05,3,1.0,1.0,0.1,1,3.781176986645849,0.8876868780491669,9.664089837175247,13.495723841953993
A,20,20,120,100,0.05,3,1.0,1.0,0.1,5,3.7850561131242033,0.8873682614875008,9.67279650311065,13.50462098992551
A,20,20,120,100,0.05,3,1.0,1.0,1.0,1,3.7652838670345448,0.8877139366224753,9.66442496258883,13.483245422925426
A,20,20,120,100,0.05,3,1.0,1.0,1.0,5,3.7663064775659207,0.8876995252584476,9.660926315737859,13.48333885649923
A,20,20,120,100,0.05,3,1.0,1.0,10.0,1,3.7764114130426,0.8875176661165574,9.669717183367354,13.495637948305898
A,20,20,120,100,0.05,3,1.0,1.0,10.0,5,3.7850736112530328,0.8872036121262908,9.683479164237161,13.51151087507717
A,20,20,120,100,0.05,5,0.8,0.8,0.1,1,3.6845482890714742,0.8891034625259818,9.283316858389446,13.251946117606433
A,20,20,120,100,0.05,5,0.8,0.8,0.1,5,3.7043864062540415,0.8891268031319303,9.27507577897549,13.260425203370213
A,20,20,120,100,0.05,5,0.8,0.8,1.0,1,3.714782041380258,0.8891491731018561,9.28637990658645,13.27612367659026
A,20,20,120,100,0.05,5,0.8,0.8,1.0,5,3.7033748769398303,0.8891031999669995,9.288770321702694,13.271413964628763
A,20,20,120,100,0.05,5,0.8,0.8,10.0,1,3.7193944256132254,0.8891063825831926,9.31094859453536,13.28183423456623
A,20,20,120,100,0.05,5,0.8,0.8,10.0,5,3.7136773442021984,0.8892038705757939,9.29838151508746,13.272008003588349
A,20,20,120,100,0.05,5,0.8,1.0,0.1,1,3.783126397606284,0.8902028915240752,9.163107474986216,13.268767924799553
A,20,20,120,100,0.05,5,0.8,1.0,0.1,5,3.7847503520911077,0.8899846876315719,9.154946435543687,13.263139460712287
A,20,20,120,100,0.05,5,0.8,1.0,1.0,1,3.7656056328677656,0.8898997904554313,9.17542640956179,13.276118153824587
A,20,20,120,100,0.05,5,0.8,1.0,1.0,5,3.7827292105375014,0.8901371845726977,9.168907465549825,13.269195210996106
A,20,20,120,100,0.05,5,0.8,1.0,10.0,1,3.7861886229308785,0.8900046355391599,9.19191110931231,13.289834514088756
A,20,20,120,100,0.05,5,0.8,1.0,10.0,5,3.784122597197036,0.8900293344787571,9.204263250961352,13.297408300148353
A,20,20,120,100,0.05,5,1.0,0.8,0.1,1,3.7356181380055835,0.8886389864330931,9.306728426012073,13.286818091107236
A,20,20,120,100,0.05,5,1.0,0.8,0.1,5,3.729790627998585,0.8889246194825814,9.298050210746798,13.282812167174885
A,20,20,120,100,0.05,5,1.0,0.8,1.0,1,3.742053774051121,0.8886223792485535,9.304494099746721,13.290586276706147
A,20,20,120,100,0.05,5,1.0,0.8,1.0,5,3.6971483195558834,0.8891681055813688,9.281853091472986,13.266258602063896
A,20,20,120,100,0.05,5,1.0,0.8,10.0,1,3.718565869897816,0.889332086313668,9.323397473299725,13.291597730864893
A,20,20,120,100,0.05,5,1.0,0.8,10.0,5,3.730293448234897,0.8890368274006011,9.302131725427316,13.27512234280556
A,20,20,120,100,0.05,5,1.0,1.0,0.1,1,3.7965165726163064,0.8899265393177744,9.179164337644623,13.300028295006943
A,20,20,120,100,0.05,5,1.0,1.0,0.1,5,3.793055210072423,0.8899687640048194,9.182897297495005,13.292177298460278
A,20,20,120,100,0.05,5,1.0,1.0,1.0,1,3.783728374879942,0.8898127827492468,9.193330951720315,13.293198940599618
A,20,20,120,100,0.05,5,1.0,1.0,1.0,5,3.7865359980044984,0.8900536706270735,9.188135065174993,13.296350629754624
A,20,20,120,100,0.05,5,1.0,1.0,10.0,1,3.788794405241627,0.8897288838957877,9.236316762498587,13.312073275444618
A,20,20,120,100,0.05,5,1.0,1.0,10.0,5,3.797061384919961,0.8900657900175919,9.224956721139684,13.30066622982703
A,20,20,120,100,0.1,3,0.8,0.8,0.1,1,3.7051366251141773,0.8877381679062493,9.480658184870798,13.377784364738584
A,20,20,120,100,0.1,3,0.8,0.8,0.1,5,3.7021111471654167,0.8878458235524868,9.46941487211681,13.363985735465537
A,20,20,120,100,0.1,3,0.8,0.8,1.0,1,3.6860885195580915,0.8878518972931009,9.491104151727683,13.394361401448469
A,20,20,120,100,0.1,3,0.8,0.8,1.0,5,3.677810273864156,0.8879216026739056,9.485361929159009,13.38947978926492
A,20,20,120,100,0.1,3,0.8,0.8,10.0,1,3.6771828189084657,0.8874263383548332,9.487466061855585,13.384477986275911
A,20,20,120,100,0.1,3,0.8,0.8,10.0,5,3.677248207927826,0.8872659329909123,9.490338791946808,13.383745215161806
A,20,20,120,100,0.1,3,0.8,1.0,0.1,1,3.725508599316135,0.8875352835749016,9.435670000047981,13.40713627087058
A,20,20,120,100,0.1,3,0.8,1.0,0.1,5,3.74021138249325,0.8876144880985469,9.435770330213924,13.421211482897842
A,20,20,120,100,0.1,3,0.8,1.0,1.0,1,3.7122098047886696,0.8880107456599731,9.420971348731726,13.402323505068527
A,20,20,120,100,0.1,3,0.8,1.0,1.0,5,3.7111469002334614,0.8883150460084532,9.423375879196474,13.398171713162332
A,20,20,120,100,0.1,3,0.8,1.0,10.0,1,3.7149037748210487,0.8877508960491163,9.42919263973028,13.40470055788441
A,20,20,120,100,0.1,3,0.8,1.0,10.0,5,3.721672437026912,0.8874107147986944,9.440815053423394,13.414573432970514
A,20,20,120,100,0.1,3,1.0,0.8,0.1,1,3.675633301124517,0.8883024257875484,9.464148983353509,13.347539279377548
A,20,20,120,100,0.1,3,1.0,0.8,0.1,5,3.6757098439354663,0.8882062928694131,9.461101094253063,13.346524974199479
A,20,20,120,100,0.1,3,1.0,0.8,1.0,1,3.6885905026415293,0.8883988540036876,9.451806079227687,13.347593210939783
A,20,20,120,100,0.1,3,1.0,0.8,1.0,5,3.684942035894104,0.8882099810088023,9.461526486125624,13.351124469718036
A,20,20,120,100,0.1,3,1.0,0.8,10.0,1,3.6450666298090466,0.8884229275648625,9.449126183155917,13.339573719007053
A,20,20,120,100,0.1,3,1.0,0.8,10.0,5,3.6518119842163124,0.8881560172088292,9.4619469751877,13.351846187653885
A,20,20,120,100,0.1,3,1.0,1.0,0.1,1,3.7151658316940344,0.8881791210378734,9.429748605120984,13.398198390496674
A,20,20,120,100,0.1,3,1.0,1.0,0.1,5,3.7059850237944225,0.8884553895140762,9.42609105151741,13.390827165209402
A,20,20,120,100,0.1,3,1.0,1.0,1.0,1,3.719675216758347,0.887693653613003,9.445649626283474,13.420977352725762
A,20,20,120,100,0.1,3,1.0,1.0,1.0,5,3.7102723967077216,0.8877052945026304,9.44293888767913,13.412213026003064
A,20,20,120,100,0.1,3,1.0,1.0,10.0,1,3.704618401100322,0.888348923514448,9.442936348068434,13.400973941051106
A,20,20,120,100,0.1,3,1.0,1.0,10.0,5,3.7121273701637527,0.8880767642659977,9.435328374922612,13.404077950095806
A,20,20,120,100,0.1,5,0.8,0.8,0.1,1,3.8808205987804962,0.8870947912436951,9.261654420960095,13.397034385000556
A,20,20,120,100,0.1,5,0.8,0.8,0.1,5,3.8661851091326156,0.8869084016481507,9.24598033087959,13.368126651672378
A,20,20,120,100,0.1,5,0.8,0.8,1.0,1,3.847478416493773,0.8868488512079624,9.239859792754569,13.35820459084015
A,20,20,120,100,0.1,5,0.8,0.8,1.0,5,3.8736576255854955,0.8861294860728892,9.288490386610354,13.419956505066796
A,20,20,120,100,0.1,5,0.8,0.8,10.0,1,3.862366153459778,0.886744366320887,9.251266764159467,13.395932594145616
A,20,20,120,100,0.1,5,0.8,0.8,10.0,5,3.8881644275050165,0.8864140429778612,9.267200813982845,13.418366841615612
A,20,20,120,100,0.1,5,0.8,1.0,0.1,1,3.8914779288506764,0.8872632758255856,9.183975247537203,13.37451635324478
A,20,20,120,100,0.1,5,0.8,1.0,0.1,5,3.832763759895292,0.8872799356662737,9.179616800913092,13.370255646561997
A,20,20,120,100,0.1,5,0.8,1.0,1.0,1,3.871193860155249,0.8875539358229687,9.149128115854236,13.335663879269607
A,20,20,120,100,0.1,5,0.8,1.0,1.0,5,3.905046124530928,0.8870769235239591,9.177005360142578,13.36049430134893
A,20,20,120,100,0.1,5,0.8,1.0,10.0,1,3.856936361220216,0.8869544669995981,9.199393505199643,13.378223091620356
A,20,20,120,100,0.1,5,0.8,1.0,10.0,5,3.848878077868977,0.8870080418967025,9.174112333601219,13.352098797849607
A,20,20,120,100,0.1,5,1.0,0.8,0.1,1,3.83058929830094,0.8866701173251907,9.23322075303162,13.3472510751181
A,20,20,120,100,0.1,5,1.0,0.8,0.1,5,3.8076106870827444,0.8869331693674681,9.237069308981967,13.372861142578056
A,20,20,120,100,0.1,5,1.0,0.8,1.0,1,3.8247144293542448,0.8868121649999997,9.256573809131222,13.365916230750011
A,20,20,120,100,0.1,5,1.0,0.8,1.0,5,3.8152304249959443,0.8865634127414694,9.245378859862942,13.365947437075027
A,20,20,120,100,0.1,5,1.0,0.8,10.0,1,3.7633545459327635,0.8875908300668385,9.217444242343158,13.332730399178681
A,20,20,120,100,0.1,5,1.0,0.8,10.0,5,3.7953793196714947,0.8872268125275091,9.224120889500718,13.344543147125842
A,20,20,120,100,0.1,5,1.0,1.0,0.1,1,3.8574918734240056,0.8872981772866799,9.190402242740253,13.37983554073512
A,20,20,120,100,0.1,5,1.0,1.0,0.1,5,3.838448098585905,0.8876483308189286,9.171403764758034,13.364334087202522
A,20,20,120,100,0.1,5,1.0,1.0,1.0,1,3.8456299672550727,0.8875434695319304,9.182209101409887,13.374024145214722
A,20,20,120,100,0.1,5,1.0,1.0,1.0,5,3.834062008026398,0.8871433245557325,9.198523827839484,13.378644691378913
A,20,20,120,100,0.1,5,1.0,1.0,10.0,1,3.781692958236048,0.8882362158451009,9.167573254275036,13.327940582177437
A,20,20,120,100,0.1,5,1.0,1.0,10.0,5,3.806761883175838,0.8877949664202196,9.185778900966387,13.361493594520883
A,20,20,120,200,0.05,3,0.8,0.8,0.1,1,3.6799074551725552,0.8884006078597103,9.42400453117456,13.32655029034593
A,20,20,120,200,0.05,3,0.8,0.8,0.1,5,3.6733922695914543,0.8883830273005829,9.416561292475787,13.317476621763955
A,20,20,120,200,0.05,3,0.8,0.8,1.0,1,3.6798240652839214,0.8883576742589767,9.43331047114579,13.34264255491394
A,20,20,120,200,0.05,3,0.8,0.8,1.0,5,3.677423511876012,0.888328401580307,9.429923986773968,13.340620716743066
A,20,20,120,200,0.05,3,0.8,0.8,10.0,1,3.690030803143651,0.888306964119154,9.439414003526796,13.35050877122406
A,20,20,120,200,0.05,3,0.8,0.8,10.0,5,3.687448321681738,0.8884420599440276,9.430270806034255,13.345575362820815
A,20,20,120,200,0.05,3,0.8,1.0,0.1,1,3.6983247638395724,0.8885225991694791,9.402078037500107,13.360805341659496
A,20,20,120,200,0.05,3,0.8,1.0,0.1,5,3.6971780315027574,0.8885739916639434,9.407003267246534,13.360272714614648
A,20,20,120,200,0.05,3,0.8,1.0,1.0,1,3.705165268697184,0.8885804594070551,9.397942343293689,13.361393544936025
A,20,20,120,200,0.05,3,0.8,1.0,1.0,5,3.7011285165845704,0.8886399619444262,9.393287781839664,13.359924717901379
A,20,20,120,200,0.05,3,0.8,1.0,10.0,1,3.710932095190109,0.8885291056481165,9.416069618802272,13.382554039499254
A,20,20,120,200,0.05,3,0.8,1.0,10.0,5,3.717292747511062,0.8884308009505123,9.416182358186644,13.382578289110958
A,20,20,120,200,0.05,3,1.0,0.8,0.1,1,3.6575444801887955,0.8886974319525658,9.419208429269847,13.303893687066335
A,20,20,120,200,0.05,3,1.0,0.8,0.1,5,3.6715043166666232,0.8886348075651617,9.42971409749749,13.314836537114477
A,20,20,120,200,0.05,3,1.0,0.8,1.0,1,3.656230060431563,0.8886107952490103,9.437504007978328,13.3185929929303
A,20,20,120,200,0.05,3,1.0,0.8,1.0,5,3.6568927830128173,0.888668501313026,9.432538935678233,13.31795623446161
A,20,20,120,200,0.05,3,1.0,0.8,10.0,1,3.6592756719513084,0.8886584043670271,9.43930590189397,13.323321289725675
A,20,20,120,200,0.05,3,1.0,0.8,10.0,5,3.6541562559686738,0.8884100935436642,9.427765302883188,13.319669455924274
A,20,20,120,200,0.05,3,1.0,1.0,0.1,1,3.715267886745272,0.8884304702805179,9.426530470922886,13.391723052078575
A,20,20,120,200,0.05,3,1.0,1.0,0.1,5,3.725652394956054,0.8882395538258431,9.43842079043167,13.403683886831866
A,20,20,120,200,0.05,3,1.0,1.0,1.0,1,3.6992502892776216,0.8885465640432706,9.425850287003067,13.37617270898495
A,20,20,120,200,0.05,3,1.0,1.0,1.0,5,3.7060972909439913,0.8885058529535023,9.427009833523945,13.385873288629023
A,20,20,120,200,0.05,3,1.0,1.0,10.0,1,3.7099706754239614,0.8883401980139091,9.43221196681001,13.394559554814197
A,20,20,120,200,0.05,3,1.0,1.0,10.0,5,3.7145419912008464,0.8883224647728583,9.43156805316627,13.396834700597092
A,20,20,120,200,0.05,5,0.8,0.8,0.1,1,3.740989447702976,0.8872891960963099,9.21807701989872,13.312606018284049
A,20,20,120,200,0.05,5,0.8,0.8,0.1,5,3.753808354086388,0.8871696664030777,9.217362155218861,13.322093558029275
A,20,20,120,200,0.05,5,0.8,0.8,1.0,1,3.7619175731366985,0.8875437749146282,9.205790328756159,13.325111714361745
A,20,20,120,200,0.05,5,0.8,0.8,1.0,5,3.7550496640552224,0.8875826491882138,9.204966636057666,13.315212776777619
A,20,20,120,200,0.05,5,0.8,0.8,10.0,1,3.77018045577229,0.8878461935254638,9.2085645279549,13.322190217169938
A,20,20,120,200,0.05,5,0.8,0.8,10.0,5,3.7489274321315746,0.8879626984476372,9.19348002827231,13.308910456278179
A,20,20,120,200,0.05,5,0.8,1.0,0.1,1,3.8364619343390745,0.8876172062267214,9.142467842251145,13.343133916351793
A,20,20,120,200,0.05,5,0.8,1.0,0.1,5,3.8255271625557326,0.8879136189848313,9.130443999613876,13.32632708169454
A,20,20,120,200,0.05,5,0.8,1.0,1.0,1,3.800547759372177,0.8877216942208215,9.139698224573154,13.327432748634601
A,20,20,120,200,0.05,5,0.8,1.0,1.0,5,3.8223290401362378,0.8880736985615805,9.128504845643864,13.322011342753768
A,20,20,120,200,0.05,5,0.8,1.0,10.0,1,3.844556097042333,0.887779860959838,9.14753305277284,13.35623437434649
A,20,20,120,200,0.05,5,0.8,1.0,10.0,5,3.8228089176611375,0.8879792347487928,9.13908494448283,13.344143597108893
A,20,20,120,200,0.05,5,1.0,0.8,0.1,1,3.7517942832102413,0.8870123023013894,9.226236771156255,13.33429159658509
A,20,20,120,200,0.05,5,1.0,0.8,0.1,5,3.7480959326939867,0.8877671523703411,9.2088023891319,13.305209002399234
A,20,20,120,200,0.05,5,1.0,0.8,1.0,1,3.7640336277536166,0.8876564005752693,9.205191315603305,13.316606460200038
A,20,20,120,200,0.05,5,1.0,0.8,1.0,5,3.7207516470774764,0.887982389092525,9.198519423586777,13.292398883219846
A,20,20,120,200,0.05,5,1.0,0.8,10.0,1,3.7326284326879806,0.8881930602376599,9.203183416597295,13.303733463965992
A,20,20,120,200,0.05,5,1.0,0.8,10.0,5,3.7614084378587713,0.8881416722367985,9.189325040185743,13.296833237178912
A,20,20,120,200,0.05,5,1.0,1.0,0.1,1,3.830894699910305,0.8881902679449191,9.137475429968674,13.335769353943935
A,20,20,120,200,0.05,5,1.0,1.0,0.1,5,3.8246235555225625,0.8881814915137092,9.133213950530065,13.328658360303816
A,20,20,120,200,0.05,5,1.0,1.0,1.0,1,3.8162625045684093,0.8882717474881346,9.134380084351276,13.323325375977358
A,20,20,120,200,0.05,5,1.0,1.0,1.0,5,3.809739292806813,0.8883394812188399,9.125971669399291,13.325702577587734
A,20,20,120,200,0.05,5,1.0,1.0,10.0,1,3.8155922452144404,0.8883835644376695,9.146097333162954,13.329229897149006
A,20,20,120,200,0.05,5,1.0,1.0,10.0,5,3.8301563892248156,0.8884635380144648,9.156192958323356,13.330873252833115
A,20,20,120,200,0.1,3,0.8,0.8,0.1,1,3.6921479076522217,0.8865210085862184,9.477211839867955,13.393270681060773
A,20,20,120,200,0.1,3,0.8,0.8,0.1,5,3.693642328291849,0.8865000181605932,9.469079171612623,13.392385328743888
A,20,20,120,200,0.1,3,0.8,0.8,1.0,1,3.6789444946896923,0.8867205335627645,9.466683943701744,13.39844463687823
A,20,20,120,200,0.1,3,0.8,0.8,1.0,5,3.6751555483955647,0.8866873833299651,9.462682211151307,13.391750508011995
A,20,20,120,200,0.1,3,0.8,0.8,10.0,1,3.6764128696691394,0.8865775904318378,9.464604269029838,13.39553258440757
A,20,20,120,200,0.1,3,0.8,0.8,10.0,5,3.6796138172501047,0.8866061716163968,9.45874846870476,13.392076449465222
A,20,20,120,200,0.1,3,0.8,1.0,0.1,1,3.6989971866297195,0.8866525090897939,9.415752665174754,13.399486622743542
A,20,20,120,200,0.1,3,0.8,1.0,0.1,5,3.709698178957251,0.8868473487603955,9.423897867464694,13.413376708799806
A,20,20,120,200,0.1,3,0.8,1.0,1.0,1,3.702779149592774,0.887133373077478,9.409150374737248,13.404912946604856
A,20,20,120,200,0.1,3,0.8,1.0,1.0,5,3.6890619483833573,0.8871708094827675,9.424424170691228,13.399966761503219
A,20,20,120,200,0.1,3,0.8,1.0,10.0,1,3.6891851400976896,0.8871172612281978,9.39784079043241,13.376277434472119
A,20,20,120,200,0.1,3,0.8,1.0,10.0,5,3.7026967487521305,0.8868379056617843,9.419519512107609,13.400940123333907
A,20,20,120,200,0.1,3,1.0,0.8,0.1,1,3.6720578625161027,0.8876946571400441,9.424301511032429,13.336632391943718
A,20,20,120,200,0.1,3,1.0,0.8,0.1,5,3.6579686041699446,0.8876358395920005,9.428365053113863,13.344282370454303
A,20,20,120,200,0.1,3,1.0,0.8,1.0,1,3.675342693138589,0.8878041449006837,9.424640953398926,13.346787125624767
A,20,20,120,200,0.1,3,1.0,0.8,1.0,5,3.678849652457424,0.8878040048831579,9.406687942035688,13.329280676840602
A,20,20,120,200,0.1,3,1.0,0.8,10.0,1,3.6391696832148157,0.887800994037456,9.408715544743401,13.328133754438406
A,20,20,120,200,0.1,3,1.0,0.8,10.0,5,3.6546761735422266,0.887607944153187,9.424224931431601,13.341677704945814
A,20,20,120,200,0.1,3,1.0,1.0,0.1,1,3.678203114294456,0.8879027719188016,9.393905320858583,13.369924419037119
A,20,20,120,200,0.1,3,1.0,1.0,0.1,5,3.679566460062395,0.8881278576217205,9.384925032519146,13.37456815418389
A,20,20,120,200,0.1,3,1.0,1.0,1.0,1,3.692385330679378,0.8870859144055133,9.421822268674575,13.405908094555812
A,20,20,120,200,0.1,3,1.0,1.0,1.0,5,3.681396181985599,0.8872590750424731,9.406620795013833,13.393859237170158
A,20,20,120,200,0.1,3,1.0,1.0,10.0,1,3.6724264596517884,0.8878161963353588,9.400878910046591,13.36890567960467
A,20,20,120,200,0.1,3,1.0,1.0,10.0,5,3.69459429586434,0.8874810777523606,9.406073999561697,13.394641673256732
A,20,20,120,200,0.1,5,0.8,0.8,0.1,1,3.9687413316620104,0.8839033551673829,9.43111703313329,13.55216763846683
A,20,20,120,200,0.1,5,0.8,0.8,0.1,5,3.968041628069245,0.8837964624984981,9.414017782567814,13.53428517694251
A,20,20,120,200,0.1,5,0.8,0.8,1.0,1,3.9600452944704125,0.8836505086808399,9.423671917197586,13.541088796461827
A,20,20,120,200,0.1,5,0.8,0.8,1.0,5,3.985113798607719,0.8827763745763025,9.474961835733081,13.592519141172449
A,20,20,120,200,0.1,5,0.8,0.8,10.0,1,3.937711721951792,0.8838873214108156,9.391170560622069,13.519127329276461
A,20,20,120,200,0.1,5,0.8,0.8,10.0,5,3.9896051148227882,0.8836326839895152,9.415696997438976,13.559890114908669
A,20,20,120,200,0.1,5,0.8,1.0,0.1,1,4.030130625032572,0.8831710608668306,9.375388647195127,13.55709000384061
A,20,20,120,200,0.1,5,0.8,1.0,0.1,5,3.9770946697489293,0.883083811686333,9.387118033266834,13.56075194887687
A,20,20,120,200,0.1,5,0.8,1.0,1.0,1,4.0231989964239885,0.8841857855529291,9.343580137336803,13.516594882828127
A,20,20,120,200,0.1,5,0.8,1.0,1.0,5,4.026929903409716,0.8832512006617395,9.369078426117103,13.5329878657253
A,20,20,120,200,0.1,5,0.8,1.0,10.0,1,3.93872580405462,0.8840248442503753,9.353876592877837,13.51003652527711
A,20,20,120,200,0.1,5,0.8,1.0,10.0,5,3.9571053691108715,0.8833637473556337,9.358167540148632,13.528914536473454
A,20,20,120,200,0.1,5,1.0,0.8,0.1,1,3.938574697771691,0.8836814395469199,9.396303496429422,13.499734831345322
A,20,20,120,200,0.1,5,1.0,0.8,0.1,5,3.8905294678156266,0.8840130324543022,9.390048177180928,13.515073148629028
A,20,20,120,200,0.1,5,1.0,0.8,1.0,1,3.898502445350604,0.8844096178019949,9.370514238206543,13.466766760025601
A,20,20,120,200,0.1,5,1.0,0.8,1.0,5,3.895653100598101,0.8838107139936368,9.390478100395725,13.499111135785304
A,20,20,120,200,0.1,5,1.0,0.8,10.0,1,3.8281654005084804,0.8858070646472782,9.305023130224454,13.421462105826748
A,20,20,120,200,0.1,5,1.0,0.8,10.0,5,3.8417436288987283,0.8853282881706133,9.337887760170663,13.438668733430024
A,20,20,120,200,0.1,5,1.0,1.0,0.1,1,3.9721258962876718,0.8840758080672929,9.34902609621432,13.522181962818859
A,20,20,120,200,0.1,5,1.0,1.0,0.1,5,3.9138539603699956,0.8846619725527292,9.327290654307903,13.488134995708034
A,20,20,120,200,0.1,5,1.0,1.0,1.0,1,3.929850657169119,0.8843236996767228,9.32741173531031,13.501561177993187
A,20,20,120,200,0.1,5,1.0,1.0,1.0,5,3.925489780289947,0.8842402710473746,9.329898800629042,13.491150204630912
A,20,20,120,200,0.1,5,1.0,1.0,10.0,1,3.849254038914637,0.8857353114815855,9.289622487404472,13.432824547592427
A,20,20,120,200,0.1,5,1.0,1.0,10.0,5,3.8608927943340228,0.8855035080589788,9.291585290409088,13.452784219126661
A,20,20,120,300,0.05,3,0.8,0.8,0.1,1,3.680852280902722,0.8880845093545128,9.398633684282919,13.322686284242243
A,20,20,120,300,0.05,3,0.8,0.8,0.1,5,3.6790067748724162,0.8879543511183113,9.39864703178419,13.319031073534152
A,20,20,120,300,0.05,3,0.8,0.8,1.0,1,3.681466788231346,0.8881068942250611,9.405672466356975,13.334560314086309
A,20,20,120,300,0.05,3,0.8,0.8,1.0,5,3.6920436908985144,0.8878693674940397,9.41701967648481,13.342965496649034
A,20,20,120,300,0.05,3,0.8,0.8,10.0,1,3.6813986386331026,0.8882004452622038,9.398395573196211,13.327983519924626
A,20,20,120,300,0.05,3,0.8,0.8,10.0,5,3.6866195948706015,0.8881616799601751,9.403853699371322,13.335419433734035
A,20,20,120,300,0.05,3,0.8,1.0,0.1,1,3.6760557530301057,0.8880348705525594,9.382847668281117,13.351777758611655
A,20,20,120,300,0.05,3,0.8,1.0,0.1,5,3.6722254671253944,0.8881198582674639,9.386094628330541,13.350901389540729
A,20,20,120,300,0.05,3,0.8,1.0,1.0,1,3.6826986434442333,0.8882260187789532,9.37165895907522,13.347784399348248
A,20,20,120,300,0.05,3,0.8,1.0,1.0,5,3.683933122925032,0.8880768464679226,9.375816591692864,13.351544838883978
A,20,20,120,300,0.05,3,0.8,1.0,10.0,1,3.6855020133665066,0.8881849110287188,9.381242738748284,13.361772897834124
A,20,20,120,300,0.05,3,0.8,1.0,10.0,5,3.7005176156227306,0.8879735032759386,9.38743434658743,13.371425236606035
A,20,20,120,300,0.05,3,1.0,0.8,0.1,1,3.630552817075498,0.8885058595194636,9.37499153024956,13.282927122144207
A,20,20,120,300,0.05,3,1.0,0.8,0.1,5,3.656380589131325,0.8884008571266655,9.384897215969485,13.298200511845954
A,20,20,120,300,0.05,3,1.0,0.8,1.0,1,3.6342513221738555,0.8883731696787086,9.394337781774158,13.300184367410058
A,20,20,120,300,0.05,3,1.0,0.8,1.0,5,3.6453340896019433,0.8883981040601417,9.390579552765795,13.303932099868593
A,20,20,120,300,0.05,3,1.0,0.8,10.0,1,3.6536285818920886,0.8884178410888364,9.40142881917734,13.314604663835789
A,20,20,120,300,0.05,3,1.0,0.8,10.0,5,3.6484490409421424,0.8882085975050659,9.39619146144952,13.309696165522976
A,20,20,120,300,0.05,3,1.0,1.0,0.1,1,3.6794721659064864,0.8883816460738305,9.380403100764465,13.362211533398007
A,20,20,120,300,0.05,3,1.0,1.0,0.1,5,3.7015372700640334,0.8882091478165867,9.393054347307636,13.378333326438442
A,20,20,120,300,0.05,3,1.0,1.0,1.0,1,3.6708760338211186,0.8884058663693019,9.38509367118519,13.356873071361136
A,20,20,120,300,0.05,3,1.0,1.0,1.0,5,3.6751482045448904,0.8884275709301989,9.383733993395504,13.3584529460751
A,20,20,120,300,0.05,3,1.0,1.0,10.0,1,3.6790880080654533,0.8882549543062217,9.390713107681437,13.365886131223542
A,20,20,120,300,0.05,3,1.0,1.0,10.0,5,3.6902014447880562,0.8881456620643065,9.392590661013491,13.3733960602331
A,20,20,120,300,0.05,5,0.8,0.8,0.1,1,3.799591573786749,0.8856378169490746,9.285831105562304,13.386377992022535
A,20,20,120,300,0.05,5,0.8,0.8,0.1,5,3.797650316517985,0.8857646677081599,9.278018522962663,13.382611892093635
A,20,20,120,300,0.05,5,0.8,0.8,1.0,1,3.8208082801917653,0.8861346764628693,9.270862963061631,13.38888472986262
A,20,20,120,300,0.05,5,0.8,0.8,1.0,5,3.8027905682616328,0.8860188105299709,9.266109776894687,13.378162249779063
A,20,20,120,300,0.05,5,0.8,0.8,10.0,1,3.817463575986095,0.8865462596135071,9.26634456558627,13.383480573324594
A,20,20,120,300,0.05,5,0.8,0.8,10.0,5,3.784145575531647,0.8864691754672374,9.250370913888407,13.3649097549256
A,20,20,120,300,0.05,5,0.8,1.0,0.1,1,3.8799471432154014,0.8859795412555107,9.22368369382858,13.411884741418925
A,20,20,120,300,0.05,5,0.8,1.0,0.1,5,3.8574599896491413,0.886157132221685,9.21011095174758,13.387921522842058
A,20,20,120,300,0.05,5,0.8,1.0,1.0,1,3.8580776594939423,0.8859914203038208,9.20978603467689,13.397390139980113
A,20,20,120,300,0.05,5,0.8,1.0,1.0,5,3.8712131169327306,0.8862525395963802,9.211498749496013,13.395785105490848
A,20,20,120,300,0.05,5,0.8,1.0,10.0,1,3.8753774231667606,0.8863049121830968,9.212686623355093,13.406940098745773
A,20,20,120,300,0.05,5,0.8,1.0,10.0,5,3.861469375360823,0.8865239901445925,9.211634777451682,13.405552318655669
A,20,20,120,300,0.05,5,1.0,0.8,0.1,1,3.7877244177492466,0.8861237797371517,9.27690341977491,13.381015367585752
A,20,20,120,300,0.05,5,1.0,0.8,0.1,5,3.7817475355136265,0.8865102019746608,9.264545898388025,13.357483542902049
A,20,20,120,300,0.05,5,1.0,0.8,1.0,1,3.7961886870813624,0.8864554515237344,9.263024884526377,13.372260067801879
A,20,20,120,300,0.05,5,1.0,0.8,1.0,5,3.741114820038034,0.8869753378918992,9.248092953517261,13.340800720377763
A,20,20,120,300,0.05,5,1.0,0.8,10.0,1,3.777407176327921,0.8872253960046909,9.239685858414381,13.35078394416065
A,20,20,120,300,0.05,5,1.0,0.8,10.0,5,3.7980342298244394,0.8871197671232693,9.232082304006685,13.33982536722138
A,20,20,120,300,0.05,5,1.0,1.0,0.1,1,3.8659308225344704,0.8867512422431083,9.197545774635431,13.394121726213342
A,20,20,120,300,0.05,5,1.0,1.0,0.1,5,3.848355471978207,0.8868840600046906,9.188164346003274,13.373820516996384
A,20,20,120,300,0.05,5,1.0,1.0,1.0,1,3.8706167932859126,0.8868691673759553,9.194033017408225,13.378637793794862
A,20,20,120,300,0.05,5,1.0,1.0,1.0,5,3.8415395437415127,0.886981094944933,9.178755811861876,13.371319425514693
A,20,20,120,300,0.05,5,1.0,1.0,10.0,1,3.830750874419583,0.8871559108792801,9.18581406524207,13.360843874670925
A,20,20,120,300,0.05,5,1.0,1.0,10.0,5,3.8523196380378097,0.8871263777121842,9.204645177217715,13.371745049429439
A,20,20,120,300,0.1,3,0.8,0.8,0.1,1,3.7073603194669476,0.8857619323561898,9.479570361131518,13.401043953266557
A,20,20,120,300,0.1,3,0.8,0.8,0.1,5,3.7153251805184757,0.8854366928719154,9.493335618860893,13.424640604014481
A,20,20,120,300,0.1,3,0.8,0.8,1.0,1,3.710588713784605,0.8858166339383147,9.489966730476045,13.432254337646366
A,20,20,120,300,0.1,3,0.8,0.8,1.0,5,3.684127598365643,0.8859390904821625,9.479836419890344,13.417441866605387
A,20,20,120,300,0.1,3,0.8,0.8,10.0,1,3.6833075923116807,0.8855803539384635,9.490959120495635,13.415269557646758
A,20,20,120,300,0.1,3,0.8,0.8,10.0,5,3.709493227826434,0.8855747178497879,9.482059522484613,13.413557604799507
A,20,20,120,300,0.1,3,0.8,1.0,0.1,1,3.6961590325006943,0.885957051778211,9.443215892244535,13.407000451180147
A,20,20,120,300,0.1,3,0.8,1.0,0.1,5,3.70385250677768,0.8859717507886395,9.44864477503528,13.419169769586372
A,20,20,120,300,0.1,3,0.8,1.0,1.0,1,3.7148996043073863,0.8864421431872979,9.43961898757885,13.42332972820823
A,20,20,120,300,0.1,3,0.8,1.0,1.0,5,3.69654218595185,0.8863465220425321,9.444912754999962,13.412596283288854
A,20,20,120,300,0.1,3,0.8,1.0,10.0,1,3.7135901267564413,0.8860887787979135,9.43831938983872,13.412992122090003
A,20,20,120,300,0.1,3,0.8,1.0,10.0,5,3.718789274746489,0.8861831464071276,9.442412293788177,13.415012302001731
A,20,20,120,300,0.1,3,1.0,0.8,0.1,1,3.683975927242809,0.8871846738663605,9.41344155376012,13.338223217820182
A,20,20,120,300,0.1,3,1.0,0.8,0.1,5,3.6491996672341798,0.8871245064912923,9.427189749670791,13.341199813843613
A,20,20,120,300,0.1,3,1.0,0.8,1.0,1,3.6888816445336374,0.8872958184348736,9.415542909241374,13.350858995505206
A,20,20,120,300,0.1,3,1.0,0.8,1.0,5,3.703930654587535,0.8870343114379219,9.412996145943032,13.352114707561231
A,20,20,120,300,0.1,3,1.0,0.8,10.0,1,3.6525956926125525,0.8872011054715975,9.40953262589581,13.335015687635584
A,20,20,120,300,0.1,3,1.0,0.8,10.0,5,3.6642237494168812,0.8869910925897807,9.413749447625943,13.340311385027508
A,20,20,120,300,0.1,3,1.0,1.0,0.1,1,3.684888845885033,0.8871517571332088,9.402140469542408,13.376887834716936
A,20,20,120,300,0.1,3,1.0,1.0,0.1,5,3.689823817896695,0.8871934659384566,9.415973478914001,13.387927688255624
A,20,20,120,300,0.1,3,1.0,1.0,1.0,1,3.6988999024795826,0.8862379685719193,9.453001730476672,13.432727023617494
A,20,20,120,300,0.1,3,1.0,1.0,1.0,5,3.6796754082122805,0.8867577970221973,9.426747301907588,13.404525397827346
A,20,20,120,300,0.1,3,1.0,1.0,10.0,1,3.685327279264711,0.8871694857830864,9.418679367882461,13.38364496154291
A,20,20,120,300,0.1,3,1.0,1.0,10.0,5,3.7056284769818184,0.8868804027177924,9.422591219043762,13.404211713907761
A,20,20,120,300,0.1,5,0.8,0.8,0.1,1,4.054597310532027,0.8816158288158181,9.576545110227723,13.690925332372242
A,20,20,120,300,0.1,5,0.8,0.8,0.1,5,4.0753516314477904,0.8813546849402446,9.55305346242767,13.676248719333135
A,20,20,120,300,0.1,5,0.8,0.8,1.0,1,4.055703746806006,0.8813648322840291,9.558502707590142,13.666018239361623
A,20,20,120,300,0.1,5,0.8,0.8,1.0,5,4.118382981828973,0.8805227899210246,9.610526253506825,13.732690128450741
A,20,20,120,300,0.1,5,0.8,0.8,10.0,1,4.034689377260032,0.8818758331181314,9.51154317638377,13.630810862681333
A,20,20,120,300,0.1,5,0.8,0.8,10.0,5,4.097369572730246,0.8813660402053293,9.541850805936027,13.697114546645873
A,20,20,120,300,0.1,5,0.8,1.0,0.1,1,4.154037880293137,0.8811352794695683,9.50525332714741,13.67765046895687
A,20,20,120,300,0.1,5,0.8,1.0,0.1,5,4.056498441524299,0.880487578922889,9.537099658040722,13.695782861704842
A,20,20,120,300,0.1,5,0.8,1.0,1.0,1,4.103069855641655,0.8817734837643594,9.480114054238548,13.643774234027296
A,20,20,120,300,0.1,5,0.8,1.0,1.0,5,4.139949166500007,0.8807578762998262,9.517459800301072,13.669733770583198
A,20,20,120,300,0.1,5,0.8,1.0,10.0,1,4.035834422968538,0.8816274180691387,9.491376927308277,13.631702470764349
A,20,20,120,300,0.1,5,0.8,1.0,10.0,5,4.04966477960418,0.8812780424476383,9.492664047424057,13.658248993166751
A,20,20,120,300,0.1,5,1.0,0.8,0.1,1,4.024978120151286,0.8812296088703973,9.53338456531361,13.632688795505828
A,20,20,120,300,0.1,5,1.0,0.8,0.1,5,3.9846601426346284,0.8814083296332509,9.527638595749806,13.636001943418028
A,20,20,120,300,0.1,5,1.0,0.8,1.0,1,3.97928341485963,0.8818642011182602,9.499740912411857,13.586873312933387
A,20,20,120,300,0.1,5,1.0,0.8,1.0,5,3.97541858000737,0.8819544901305102,9.510829635491872,13.607579442569186
A,20,20,120,300,0.1,5,1.0,0.8,10.0,1,3.926453669035977,0.8832197715750985,9.445259856734399,13.55015671778786
A,20,20,120,300,0.1,5,1.0,0.8,10.0,5,3.924140470171899,0.8830231569871133,9.444330361907713,13.544075160671389
A,20,20,120,300,0.1,5,1.0,1.0,0.1,1,4.0502819019254455,0.8817226425308518,9.481441471678933,13.637505376544373
A,20,20,120,300,0.1,5,1.0,1.0,0.1,5,4.027624155742204,0.8819395461805499,9.46553456287441,13.622689310115012
A,20,20,120,300,0.1,5,1.0,1.0,1.0,1,4.032367048905764,0.8819647775295041,9.451524209837663,13.617349381910042
A,20,20,120,300,0.1,5,1.0,1.0,1.0,5,4.004338526484452,0.8820991104710535,9.45532528217361,13.607647694999045
A,20,20,120,300,0.1,5,1.0,1.0,10.0,1,3.951489331461032,0.8835187984214393,9.416982016192335,13.543381332595507
A,20,20,120,300,0.1,5,1.0,1.0,10.0,5,3.9531784747112133,0.8832104841341313,9.418724149432856,13.568343551296119
A,20,20,125,100,0.05,3,0.8,0.8,0.1,1,4.582221276442327,0.8793165220025723,10.7286535862412,14.539385760792555
A,20,20,125,100,0.05,3,0.8,0.8,0.1,5,4.579509057104988,0.8793232754728031,10.728597768848275,14.537952181265709
A,20,20,125,100,0.05,3,0.8,0.8,1.0,1,4.602476408122281,0.879227412727853,10.743369379603084,14.552310005464411
A,20,20,125,100,0.05,3,0.8,0.8,1.0,5,4.6023679542270655,0.8792287019289475,10.743200695920214,14.552155483714268
A,20,20,125,100,0.05,3,0.8,0.8,10.0,1,4.612730284780552,0.8790728027802934,10.748516941537451,14.554099406016022
A,20,20,125,100,0.05,3,0.8,0.8,10.0,5,4.604603466353637,0.8792090853063984,10.734731300065187,14.541226754475185
A,20,20,125,100,0.05,3,0.8,1.0,0.1,1,4.623116172620518,0.8800208042563952,10.626137767476035,14.548653381391626
A,20,20,125,100,0.05,3,0.8,1.0,0.1,5,4.62232866671931,0.8800522966554787,10.625872056820654,14.547837630305732
A,20,20,125,100,0.05,3,0.8,1.0,1.0,1,4.628448953903563,0.880003808963556,10.6305666103836,14.553936741337498
A,20,20,125,100,0.05,3,0.8,1.0,1.0,5,4.629079740754959,0.8800389844398779,10.628827519308267,14.554732977438121
A,20,20,125,100,0.05,3,0.8,1.0,10.0,1,4.617784221047671,0.8798561498923718,10.644377272821337,14.551260197936966
A,20,20,125,100,0.05,3,0.8,1.0,10.0,5,4.621830479532543,0.8797355372052875,10.642007560628624,14.555607045233893
A,20,20,125,100,0.05,3,1.0,0.8,0.1,1,4.570317674554145,0.8793556608525277,10.742815971339663,14.536422042393676
A,20,20,125,100,0.05,3,1.0,0.8,0.1,5,4.565335728880212,0.8793759978639031,10.74371570325944,14.53644764073818
A,20,20,125,100,0.05,3,1.0,0.8,1.0,1,4.575755757706439,0.8792375649319719,10.744762456500512,14.543729344991169
A,20,20,125,100,0.05,3,1.0,0.8,1.0,5,4.575909340423095,0.8792223982658287,10.746219159972862,14.544905450284684
A,20,20,125,100,0.05,3,1.0,0.8,10.0,1,4.569471510384348,0.8797819931344604,10.733370916235868,14.522671461559773
A,20,20,125,100,0.05,3,1.0,0.8,10.0,5,4.564717903346394,0.8797043854784965,10.728944573257564,14.52424080268355
A,20,20,125,100,0.05,3,1.0,1.0,0.1,1,4.610599141754243,0.8799457165698513,10.654257701328731,14.551889870322867
A,20,20,125,100,0.05,3,1.0,1.0,0.1,5,4.615095016240803,0.8799724154760126,10.651279156202571,14.554959237868871
A,20,20,125,100,0.05,3,1.0,1.0,1.0,1,4.619123557883174,0.8797321079558887,10.654347278220538,14.569100917998606
A,20,20,125,100,0.05,3,1.0,1.0,1.0,5,4.61870392022585,0.879725694756544,10.649628931566777,14.56863857382674
A,20,20,125,100,0.05,3,1.0,1.0,10.0,1,4.606994511794843,0.8802657860684076,10.652234819562926,14.54599068013076
A,20,20,125,100,0.05,3,1.0,1.0,10.0,5,4.6081390815829,0.8801940712185621,10.650773269498838,14.554256244912276
A,20,20,125,100,0.05,5,0.8,0.8,0.1,1,4.621794046929816,0.8808678094345821,10.255308984149606,14.360292648286052
A,20,20,125,100,0.05,5,0.8,0.8,0.1,5,4.618046345662814,0.880668962938935,10.263866119881573,14.356077276159809
A,20,20,125,100,0.05,5,0.8,0.8,1.0,1,4.629038565019968,0.8809102853836439,10.252810774542255,14.365786451465912
A,20,20,125,100,0.05,5,0.8,0.8,1.0,5,4.6201863563478405,0.8809248439269444,10.257682338121757,14.355223075568333
A,20,20,125,100,0.05,5,0.8,0.8,10.0,1,4.611154795385216,0.8809969604613826,10.283753358287187,14.358898409239007
A,20,20,125,100,0.05,5,0.8,0.8,10.0,5,4.61426983241464,0.880656603343055,10.278935908057983,14.357947882054873
A,20,20,125,100,0.05,5,0.8,1.0,0.1,1,4.746226528132474,0.881633549336273,10.138488131848566,14.38214858762135
A,20,20,125,100,0.05,5,0.8,1.0,0.1,5,4.704143919840229,0.8818333685715573,10.139918527135071,14.356701285036678
A,20,20,125,100,0.05,5,0.8,1.0,1.0,1,4.734257433992093,0.8818575134613541,10.149549489706088,14.38267072103416
A,20,20,125,100,0.05,5,0.8,1.0,1.0,5,4.70259045522481,0.8819697356483192,10.132183755006304,14.374198564190454
A,20,20,125,100,0.05,5,0.8,1.0,10.0,1,4.723103567921792,0.8819692749466436,10.169661259702947,14.378093593664179
A,20,20,125,100,0.05,5,0.8,1.0,10.0,5,4.71534955992156,0.8820646855476756,10.169908772491532,14.369782583923193
A,20,20,125,100,0.05,5,1.0,0.8,0.1,1,4.6555530942612,0.8810522494400566,10.258864428842703,14.366342579239603
A,20,20,125,100,0.05,5,1.0,0.8,0.1,5,4.6378996816776885,0.8809137168783814,10.265920157640249,14.371250605732971
A,20,20,125,100,0.05,5,1.0,0.8,1.0,1,4.613037282383942,0.8810032960151141,10.281032521463388,14.37146418515581
A,20,20,125,100,0.05,5,1.0,0.8,1.0,5,4.647649696185829,0.8808813419700889,10.275058378887659,14.379158522261358
A,20,20,125,100,0.05,5,1.0,0.8,10.0,1,4.614917591665701,0.880861035110396,10.291422558868224,14.375042540838626
A,20,20,125,100,0.05,5,1.0,0.8,10.0,5,4.6155845777097415,0.8809956158147714,10.262993973449658,14.349346865570215
A,20,20,125,100,0.05,5,1.0,1.0,0.1,1,4.71869962240868,0.8818635295388727,10.170578818634755,14.38836184287766
A,20,20,125,100,0.05,5,1.0,1.0,0.1,5,4.733373491085179,0.8820944797753889,10.1706873407476,14.396063703300314
A,20,20,125,100,0.05,5,1.0,1.0,1.0,1,4.707764983580712,0.8819072736102493,10.165074390204227,14.3912936801526
A,20,20,125,100,0.05,5,1.0,1.0,1.0,5,4.728441812906789,0.8819140464586146,10.164128033086367,14.38779296250498
A,20,20,125,100,0.05,5,1.0,1.0,10.0,1,4.748088610254715,0.8819510837040377,10.19053204691665,14.399938099063169
A,20,20,125,100,0.05,5,1.0,1.0,10.0,5,4.722693028377362,0.8822066595662411,10.178718580336527,14.387456569379633
A,20,20,125,100,0.1,3,0.8,0.8,0.1,1,4.51939655023755,0.8801383933558853,10.386195520268116,14.430017857785955
A,20,20,125,100,0.1,3,0.8,0.8,0.1,5,4.51907386147048,0.8799042383901808,10.395315956337198,14.437686877893645
A,20,20,125,100,0.1,3,0.8,0.8,1.0,1,4.538823686411261,0.8796953369756739,10.435349581020162,14.45276779981037
A,20,20,125,100,0.1,3,0.8,0.8,1.0,5,4.546387158427017,0.8794882362693064,10.429634715218986,14.45033127634565
A,20,20,125,100,0.1,3,0.8,0.8,10.0,1,4.576683908490901,0.8796966242693,10.423789561934015,14.477245242767902
A,20,20,125,100,0.1,3,0.8,0.8,10.0,5,4.5690170479277565,0.8799141696938746,10.413452109834845,14.468241544138312
A,20,20,125,100,0.1,3,0.8,1.0,0.1,1,4.568883546140758,0.8797343827072754,10.389151757616464,14.47563847070742
A,20,20,125,100,0.1,3,0.8,1.0,0.1,5,4.579359863113943,0.8797777261737577,10.39488720107953,14.484300627519934
A,20,20,125,100,0.1,3,0.8,1.0,1.0,1,4.586824056333924,0.8798028621903791,10.386121037633108,14.495470419663793
A,20,20,125,100,0.1,3,0.8,1.0,1.0,5,4.597325228144107,0.8795357603864741,10.378665331475457,14.498225085557067
A,20,20,125,100,0.1,3,0.8,1.0,10.0,1,4.573820544835748,0.8796151818155886,10.40060979292668,14.497907082373349
A,20,20,125,100,0.1,3,0.8,1.0,10.0,5,4.5753165404906415,0.879606279740919,10.385224143863793,14.484433193074967
A,20,20,125,100,0.1,3,1.0,0.8,0.1,1,4.518246102013322,0.8803248375685646,10.425448712410027,14.428139994355202
A,20,20,125,100,0.1,3,1.0,0.8,0.1,5,4.514700191192526,0.880424470977264,10.419291811423573,14.42601902663074
A,20,20,125,100,0.1,3,1.0,0.8,1.0,1,4.532365174862722,0.8797753626433348,10.441684817585823,14.454001427774184
A,20,20,125,100,0.1,3,1.0,0.8,1.0,5,4.538149907629547,0.8799101002770329,10.434233477560253,14.451722926769136
A,20,20,125,100,0.1,3,1.0,0.8,10.0,1,4.527430902745126,0.8804428901356041,10.412925098182603,14.419044393574705
A,20,20,125,100,0.1,3,1.0,0.8,10.0,5,4.492865711914923,0.8807543202141416,10.410232940027692,14.409641968322441
A,20,20,125,100,0.1,3,1.0,1.0,0.1,1,4.592805357780988,0.8801126274599678,10.3844825630682,14.493449982872459
A,20,20,125,100,0.1,3,1.0,1.0,0.1,5,4.591970943141079,0.8800218694865883,10.39859563820108,14.508312648801326
A,20,20,125,100,0.1,3,1.0,1.0,1.0,1,4.5873913864235245,0.8804186145564327,10.384846698528374,14.480481216109993
A,20,20,125,100,0.1,3,1.0,1.0,1.0,5,4.595952711718015,0.8803350189922939,10.378872562854772,14.482871151238834
A,20,20,125,100,0.1,3,1.0,1.0,10.0,1,4.529977215980908,0.8806920751026471,10.362006152104975,14.449235985712061
A,20,20,125,100,0.1,3,1.0,1.0,10.0,5,4.5273466935306335,0.8806219855925193,10.36180730883434,14.448333276132468
A,20,20,125,100,0.1,5,0.8,0.8,0.1,1,4.819365495363963,0.8786241336307986,10.15582593535231,14.454055895082664
A,20,20,125,100,0.1,5,0.8,0.8,0.1,5,4.8271777452433575,0.8785771178873863,10.149934238185589,14.461457882674456
A,20,20,125,100,0.1,5,0.8,0.8,1.0,1,4.805155354498008,0.879096241463379,10.135426609359147,14.430507781172278
A,20,20,125,100,0.1,5,0.8,0.8,1.0,5,4.790201718799917,0.8791616421893197,10.117930111238756,14.432268351880506
A,20,20,125,100,0.1,5,0.8,0.8,10.0,1,4.771291629894579,0.8794535014452167,10.134504606578584,14.417288410980817
A,20,20,125,100,0.1,5,0.8,0.8,10.0,5,4.734042561306875,0.8793315125994468,10.116851852989551,14.417166414438658
A,20,20,125,100,0.1,5,0.8,1.0,0.1,1,4.790158375544941,0.8789680510610477,10.098321789902236,14.445717493140046
A,20,20,125,100,0.1,5,0.8,1.0,0.1,5,4.787051096577111,0.8794446719594655,10.097900528287834,14.442248755725373
A,20,20,125,100,0.1,5,0.8,1.0,1.0,1,4.834651039033818,0.87889822091669,10.09317521029404,14.437721108699563
A,20,20,125,100,0.1,5,0.8,1.0,1.0,5,4.797616207773542,0.87954450667018,10.0766588127728,14.43775901198308
A,20,20,125,100,0.1,5,0.8,1.0,10.0,1,4.827202995900049,0.8793596147764505,10.120456242033631,14.486339044871722
A,20,20,125,100,0.1,5,0.8,1.0,10.0,5,4.782638813181227,0.8797897567974367,10.094785362581026,14.440992363927638
A,20,20,125,100,0.1,5,1.0,0.8,0.1,1,4.765303786984296,0.8788706255334576,10.187098134337225,14.467230559695144
A,20,20,125,100,0.1,5,1.0,0.8,0.1,5,4.773003048217107,0.8788157615523448,10.180431790742315,14.471243945041968
A,20,20,125,100,0.1,5,1.0,0.8,1.0,1,4.726041893317001,0.8785575432385657,10.183677390237062,14.454078421171099
A,20,20,125,100,0.1,5,1.0,0.8,1.0,5,4.762834534896936,0.8784036092760751,10.188804428550279,14.472679206349818
A,20,20,125,100,0.1,5,1.0,0.8,10.0,1,4.789399328199272,0.8791490461266684,10.159393621826712,14.448539277020533
A,20,20,125,100,0.1,5,1.0,0.8,10.0,5,4.684654656356159,0.879568788060334,10.146910836333413,14.43573025164637
A,20,20,125,100,0.1,5,1.0,1.0,0.1,1,4.772210921998091,0.8791730636020183,10.095590839239732,14.456980773112326
A,20,20,125,100,0.1,5,1.0,1.0,0.1,5,4.802021883763958,0.8786833119785665,10.099363101294955,14.474870664703749
A,20,20,125,100,0.1,5,1.0,1.0,1.0,1,4.825231953884213,0.8792043019248217,10.089931011466414,14.468798054047628
A,20,20,125,100,0.1,5,1.0,1.0,1.0,5,4.805944834508959,0.8793624304022447,10.087173578182808,14.45723451784458
A,20,20,125,100,0.1,5,1.0,1.0,10.0,1,4.84833226345687,0.8790490878851722,10.124471583281425,14.508238511927853
A,20,20,125,100,0.1,5,1.0,1.0,10.0,5,4.798401887229921,0.8792951967103833,10.112438470529005,14.47190035309834
A,20,20,125,200,0.05,3,0.8,0.8,0.1,1,4.537918772080065,0.8800375847472661,10.402788206566779,14.428782579987452
A,20,20,125,200,0.05,3,0.8,0.8,0.1,5,4.535496140087134,0.8801750093892494,10.407892232331998,14.428689748623057
A,20,20,125,200,0.05,3,0.8,0.8,1.0,1,4.558033165206942,0.8799702815609018,10.395437291109923,14.434976495280157
A,20,20,125,200,0.05,3,0.8,0.8,1.0,5,4.549036919993311,0.8800871155809004,10.398040708750035,14.432500892459036
A,20,20,125,200,0.05,3,0.8,0.8,10.0,1,4.548698059878724,0.8800758173283872,10.390661101274416,14.425434264672628
A,20,20,125,200,0.05,3,0.8,0.8,10.0,5,4.561279807344385,0.8800340181304399,10.389157273990719,14.426629761413489
A,20,20,125,200,0.05,3,0.8,1.0,0.1,1,4.58157489404113,0.8804349750624947,10.362442500912298,14.454510509238062
A,20,20,125,200,0.05,3,0.8,1.0,0.1,5,4.583121169961268,0.8802744847742048,10.37152456707102,14.464695736165051
A,20,20,125,200,0.05,3,0.8,1.0,1.0,1,4.581153767433248,0.8803366810565219,10.371859069216569,14.45897022702249
A,20,20,125,200,0.05,3,0.8,1.0,1.0,5,4.581675474780459,0.8802391397727813,10.378840727995716,14.464616795478936
A,20,20,125,200,0.05,3,0.8,1.0,10.0,1,4.579194152937741,0.8802488971306979,10.383739417869574,14.463704509032652
A,20,20,125,200,0.05,3,0.8,1.0,10.0,5,4.560672759130594,0.8802876662317509,10.368137299712718,14.447486364730477
A,20,20,125,200,0.05,3,1.0,0.8,0.1,1,4.507887295020696,0.8804280554977482,10.404366477684732,14.413656948281266
A,20,20,125,200,0.05,3,1.0,0.8,0.1,5,4.515683050701189,0.8801732988540734,10.405305115950831,14.417076945262187
A,20,20,125,200,0.05,3,1.0,0.8,1.0,1,4.525198517083845,0.8802779363994455,10.403964428815625,14.418048084653055
A,20,20,125,200,0.05,3,1.0,0.8,1.0,5,4.523957964297048,0.880342064169608,10.403929783124635,14.41475349796967
A,20,20,125,200,0.05,3,1.0,0.8,10.0,1,4.514904337493638,0.880617796676139,10.390310638699557,14.40743106597103
A,20,20,125,200,0.05,3,1.0,0.8,10.0,5,4.501508953506695,0.8806276716421737,10.386589540819196,14.399653638127669
A,20,20,125,200,0.05,3,1.0,1.0,0.1,1,4.559268135645641,0.8804169419143854,10.38771855590033,14.458115043065249
A,20,20,125,200,0.05,3,1.0,1.0,0.1,5,4.568300510812079,0.8802921004332542,10.39871001053326,14.465336515219297
A,20,20,125,200,0.05,3,1.0,1.0,1.0,1,4.56100727040701,0.8801509732646856,10.384391279939637,14.46548168469037
A,20,20,125,200,0.05,3,1.0,1.0,1.0,5,4.557680057188041,0.880266081011546,10.380892978099265,14.461317311733755
A,20,20,125,200,0.05,3,1.0,1.0,10.0,1,4.557008627599258,0.8807415580358018,10.372803761283475,14.449747671577114
A,20,20,125,200,0.05,3,1.0,1.0,10.0,5,4.548175299247033,0.8805742327572756,10.36648769784458,14.450230526719029
A,20,20,125,200,0.05,5,0.8,0.8,0.1,1,4.703692510324279,0.8790442631545836,10.151592498430348,14.427674774845718
A,20,20,125,200,0.05,5,0.8,0.8,0.1,5,4.697309631678922,0.8790462668668291,10.150984315771655,14.414774944509224
A,20,20,125,200,0.05,5,0.8,0.8,1.0,1,4.694093828286574,0.879269768972823,10.136052891753957,14.419562096799211
A,20,20,125,200,0.05,5,0.8,0.8,1.0,5,4.662607094006683,0.8793509735395248,10.139790100135667,14.405802676657714
A,20,20,125,200,0.05,5,0.8,0.8,10.0,1,4.662167262148962,0.8795986534846951,10.142432827897927,14.397496525499497
A,20,20,125,200,0.05,5,0.8,0.8,10.0,5,4.652016878759504,0.8791016254159132,10.141180691690783,14.399872526378243
A,20,20,125,200,0.05,5,0.8,1.0,0.1,1,4.806717136498264,0.8793791969649638,10.058557521680518,14.449253984153923
A,20,20,125,200,0.05,5,0.8,1.0,0.1,5,4.777079407782743,0.8795315111028597,10.062377310492712,14.424599316528694
A,20,20,125,200,0.05,5,0.8,1.0,1.0,1,4.799910762837738,0.8794371334251665,10.090792616287994,14.45614277321155
A,20,20,125,200,0.05,5,0.8,1.0,1.0,5,4.776431877167394,0.8796312290330015,10.076322438295392,14.443009026741588
A,20,20,125,200,0.05,5,0.8,1.0,10.0,1,4.786335388731672,0.8796411704425207,10.077787440183215,14.440755760910468
A,20,20,125,200,0.05,5,0.8,1.0,10.0,5,4.76680440542183,0.8797022080145117,10.077075313157462,14.429987573057995
A,20,20,125,200,0.05,5,1.0,0.8,0.1,1,4.704392025472385,0.8794062155235178,10.134472569594552,14.412855245652938
A,20,20,125,200,0.05,5,1.0,0.8,0.1,5,4.699433429159335,0.8793481468594754,10.146198492671934,14.414518584969738
A,20,20,125,200,0.05,5,1.0,0.8,1.0,1,4.662368258765902,0.8793601711699524,10.148968499540814,14.40983385654089
A,20,20,125,200,0.05,5,1.0,0.8,1.0,5,4.692103868279382,0.8792787758256149,10.144929213875255,14.41474271217019
A,20,20,125,200,0.05,5,1.0,0.8,10.0,1,4.6848812747090545,0.8798012140599722,10.140279841005079,14.400109415037416
A,20,20,125,200,0.05,5,1.0,0.8,10.0,5,4.680554749412336,0.8796355555533475,10.124219167868208,14.390324269672707
A,20,20,125,200,0.05,5,1.0,1.0,0.1,1,4.756693151444117,0.8799017898978038,10.08134399184505,14.43761902569696
A,20,20,125,200,0.05,5,1.0,1.0,0.1,5,4.750079420598182,0.880155401302875,10.07437555479422,14.431779466414522
A,20,20,125,200,0.05,5,1.0,1.0,1.0,1,4.753342109294516,0.8797502581553877,10.083049823593328,14.448304724742073
A,20,20,125,200,0.05,5,1.0,1.0,1.0,5,4.778242100517779,0.8796849772005523,10.076943979859163,14.43577742429136
A,20,20,125,200,0.05,5,1.0,1.0,10.0,1,4.78197330636346,0.8802112586834021,10.07511842108603,14.429786065602272
A,20,20,125,200,0.05,5,1.0,1.0,10.0,5,4.743880497523451,0.8807232939261223,10.061013632212125,14.410038627449657
A,20,20,125,200,0.1,3,0.8,0.8,0.1,1,4.526812751107351,0.8787509404918549,10.331785621298621,14.448033862758226
A,20,20,125,200,0.1,3,0.8,0.8,0.1,5,4.4948622047356865,0.8790805494610583,10.3169822900627,14.429691012661706
A,20,20,125,200,0.1,3,0.8,0.8,1.0,1,4.5320191385518065,0.8787450154124583,10.348727787333774,14.458325385865427
A,20,20,125,200,0.1,3,0.8,0.8,1.0,5,4.5353421516786945,0.8783673783723419,10.36461555541725,14.46675262784
A,20,20,125,200,0.1,3,0.8,0.8,10.0,1,4.558782331535254,0.8786183315455343,10.34827084797529,14.482308581009942
A,20,20,125,200,0.1,3,0.8,0.8,10.0,5,4.569114419405467,0.8784961152604105,10.345640906920563,14.480244312382135
A,20,20,125,200,0.1,3,0.8,1.0,0.1,1,4.525438310231508,0.8789948998776115,10.302071538538957,14.454381315798196
A,20,20,125,200,0.1,3,0.8,1.0,0.1,5,4.554801946967567,0.8791591849852809,10.310401827076248,14.471813279010524
A,20,20,125,200,0.1,3,0.8,1.0,1.0,1,4.56134339844027,0.8785826919529811,10.314153525925287,14.491063601963948
A,20,20,125,200,0.1,3,0.8,1.0,1.0,5,4.582606336028418,0.8786209068958419,10.308890837357566,14.499759625860255
A,20,20,125,200,0.1,3,0.8,1.0,10.0,1,4.55080439522597,0.878830902269687,10.295312437111768,14.467915854085806
A,20,20,125,200,0.1,3,0.8,1.0,10.0,5,4.553136189431027,0.8788566300908286,10.283044779906941,14.457895352776152
A,20,20,125,200,0.1,3,1.0,0.8,0.1,1,4.510753804948663,0.8794273661101066,10.338820458801205,14.429513819933803
A,20,20,125,200,0.1,3,1.0,0.8,0.1,5,4.509681057577447,0.8794764164459853,10.345222837882336,14.426972215527647
A,20,20,125,200,0.1,3,1.0,0.8,1.0,1,4.524945290004378,0.878968542935992,10.351347238196691,14.435787029494374
A,20,20,125,200,0.1,3,1.0,0.8,1.0,5,4.529960237752742,0.8792619890453869,10.340031620074683,14.431414493566617
A,20,20,125,200,0.1,3,1.0,0.8,10.0,1,4.522568551583712,0.8795467743400911,10.328243605958082,14.417112313966644
A,20,20,125,200,0.1,3,1.0,0.8,10.0,5,4.495425296980901,0.8799502494844281,10.328337025806245,14.402486286145479
A,20,20,125,200,0.1,3,1.0,1.0,0.1,1,4.543158194192318,0.8793857230852984,10.296141453645053,14.470230369094491
A,20,20,125,200,0.1,3,1.0,1.0,0.1,5,4.545464002001684,0.8791746032517581,10.30338911802332,14.486609131449251
A,20,20,125,200,0.1,3,1.0,1.0,1.0,1,4.556470398158559,0.8796842430654863,10.294347033620506,14.462857966832669
A,20,20,125,200,0.1,3,1.0,1.0,1.0,5,4.575827079931208,0.8794769005639089,10.290252984134945,14.465000056393555
A,20,20,125,200,0.1,3,1.0,1.0,10.0,1,4.507779424836293,0.8797313212373815,10.28853469331168,14.443121770056758
A,20,20,125,200,0.1,3,1.0,1.0,10.0,5,4.483863020824335,0.8798178113234781,10.281345785472077,14.430711822631315
A,20,20,125,200,0.1,5,0.8,0.8,0.1,1,4.952205563985759,0.8749387633942444,10.289814710820195,14.650187878914258
A,20,20,125,200,0.1,5,0.8,0.8,0.1,5,4.9269164334390805,0.8754323179804091,10.27684404074405,14.633466332616791
A,20,20,125,200,0.1,5,0.8,0.8,1.0,1,4.913621904632395,0.8755095054634634,10.277863100864227,14.633235391563314
A,20,20,125,200,0.1,5,0.8,0.8,1.0,5,4.911302552784931,0.8759862900859648,10.237281838262106,14.592473148410381
A,20,20,125,200,0.1,5,0.8,0.8,10.0,1,4.8611905383777705,0.8762946413219623,10.234025709756143,14.56001070185135
A,20,20,125,200,0.1,5,0.8,0.8,10.0,5,4.878559613654202,0.8758384846691254,10.236671954818062,14.585843512235186
A,20,20,125,200,0.1,5,0.8,1.0,0.1,1,4.913711861197299,0.8754224293932383,10.236260617837942,14.617737332318134
A,20,20,125,200,0.1,5,0.8,1.0,0.1,5,4.9125357441704605,0.8755272005180291,10.233218411899788,14.63482547037969
A,20,20,125,200,0.1,5,0.8,1.0,1.0,1,4.982181687243504,0.87477535761284,10.23678284471479,14.627628205474826
A,20,20,125,200,0.1,5,0.8,1.0,1.0,5,5.012780806856103,0.8745179559504532,10.244518499338714,14.660438197692136
A,20,20,125,200,0.1,5,0.8,1.0,10.0,1,4.943178038163097,0.8750550493749081,10.277190569672733,14.66693767249465
A,20,20,125,200,0.1,5,0.8,1.0,10.0,5,4.8978542464636705,0.8762372335523253,10.22404298931035,14.604541771987101
A,20,20,125,200,0.1,5,1.0,0.8,0.1,1,4.855200035515015,0.876204304879258,10.250388297248284,14.581551500725272
A,20,20,125,200,0.1,5,1.0,0.8,0.1,5,4.84686969884859,0.8761248109267346,10.258907535554801,14.59528064360014
A,20,20,125,200,0.1,5,1.0,0.8,1.0,1,4.840124291315487,0.875701356272956,10.254994187128188,14.57515703129045
A,20,20,125,200,0.1,5,1.0,0.8,1.0,5,4.838791872118485,0.875360066666438,10.27910702017114,14.59532486417774
A,20,20,125,200,0.1,5,1.0,0.8,10.0,1,4.839925627901058,0.8764687922064635,10.227544943906976,14.545003385492404
A,20,20,125,200,0.1,5,1.0,0.8,10.0,5,4.745725284374577,0.8770552470486699,10.204804372101753,14.529977644694247
A,20,20,125,200,0.1,5,1.0,1.0,0.1,1,4.865917934382809,0.8765612000231812,10.192032050812607,14.581762956747912
A,20,20,125,200,0.1,5,1.0,1.0,0.1,5,4.87979339515342,0.875612295517304,10.202319603168146,14.605108673520197
A,20,20,125,200,0.1,5,1.0,1.0,1.0,1,4.911305175440321,0.8763610955919434,10.179179877153256,14.59084862918325
A,20,20,125,200,0.1,5,1.0,1.0,1.0,5,4.866604325769146,0.8767402959295241,10.16637233476316,14.561351280738407
A,20,20,125,200,0.1,5,1.0,1.0,10.0,1,4.88876421778576,0.8765507353708436,10.192053965623577,14.602603394101816
A,20,20,125,200,0.1,5,1.0,1.0,10.0,5,4.881028961029509,0.8765316115800964,10.210457262194785,14.597549885368199
A,20,20,125,300,0.05,3,0.8,0.8,0.1,1,4.5362217749300004,0.8795749789371488,10.345455794987434,14.422032041091791
A,20,20,125,300,0.05,3,0.8,0.8,0.1,5,4.544554405512394,0.8797802807944413,10.345249779519222,14.41966521952383
A,20,20,125,300,0.05,3,0.8,0.8,1.0,1,4.570487948754422,0.8793110306812952,10.351508712843705,14.437505720274928
A,20,20,125,300,0.05,3,0.8,0.8,1.0,5,4.550143603889366,0.8795559788155707,10.3464497937441,14.428216977787667
A,20,20,125,300,0.05,3,0.8,0.8,10.0,1,4.554678050225131,0.8795847816382232,10.33928177423695,14.422752302518074
A,20,20,125,300,0.05,3,0.8,0.8,10.0,5,4.562973432871555,0.8798234236324145,10.330929331144613,14.411491541736945
A,20,20,125,300,0.05,3,0.8,1.0,0.1,1,4.551121767889259,0.8799574241728549,10.300011170101303,14.436711190441338
A,20,20,125,300,0.05,3,0.8,1.0,0.1,5,4.56265921262726,0.8798027844315254,10.305905242093882,14.44649615912573
A,20,20,125,300,0.05,3,0.8,1.0,1.0,1,4.548404770650194,0.8800090282724593,10.294340280585406,14.427799460969918
A,20,20,125,300,0.05,3,0.8,1.0,1.0,5,4.556431637440474,0.8798054138761231,10.308538948157919,14.438832812683467
A,20,20,125,300,0.05,3,0.8,1.0,10.0,1,4.557907910062022,0.8796356178126542,10.317736281143326,14.448060589630137
A,20,20,125,300,0.05,3,0.8,1.0,10.0,5,4.536746157175295,0.8798493354276576,10.292959760942816,14.422954013041656
A,20,20,125,300,0.05,3,1.0,0.8,0.1,1,4.505030515552287,0.87992682995451,10.339186521259023,14.39866278036564
A,20,20,125,300,0.05,3,1.0,0.8,0.1,5,4.500292289680983,0.8798518817063122,10.338107990164948,14.407536991997933
A,20,20,125,300,0.05,3,1.0,0.8,1.0,1,4.520319846665254,0.8800088060306432,10.331940417093218,14.400656975567822
A,20,20,125,300,0.05,3,1.0,0.8,1.0,5,4.512452171796227,0.8799739385059429,10.341843614198797,14.403212550954041
A,20,20,125,300,0.05,3,1.0,0.8,10.0,1,4.500830776709183,0.8802685079438474,10.322251054932305,14.387917756483272
A,20,20,125,300,0.05,3,1.0,0.8,10.0,5,4.490191188060398,0.8803244875797651,10.328248838896268,14.386087511461056
A,20,20,125,300,0.05,3,1.0,1.0,0.1,1,4.533981745603827,0.8801052409691332,10.303298078469158,14.429846266120993
A,20,20,125,300,0.05,3,1.0,1.0,0.1,5,4.53211646197004,0.8800401443793081,10.310227201027647,14.427932260135256
A,20,20,125,300,0.05,3,1.0,1.0,1.0,1,4.540081857180825,0.8798331663827998,10.31544310406705,14.448980934834907
A,20,20,125,300,0.05,3,1.0,1.0,1.0,5,4.527410781499452,0.8800954906169945,10.304954447116984,14.434834029307709
A,20,20,125,300,0.05,3,1.0,1.0,10.0,1,4.521174719359435,0.8803801132527498,10.294174183221447,14.417225557725198
A,20,20,125,300,0.05,3,1.0,1.0,10.0,5,4.514988428448631,0.8802628859097814,10.296589423390483,14.426035625541022
A,20,20,125,300,0.05,5,0.8,0.8,0.1,1,4.748401855880088,0.8773986345815032,10.196361409950612,14.500687152595493
A,20,20,125,300,0.05,5,0.8,0.8,0.1,5,4.74543580814438,0.8773051416411614,10.19535486621928,14.479514146435093
A,20,20,125,300,0.05,5,0.8,0.8,1.0,1,4.756414286629672,0.8777171795120683,10.168775363031761,14.477767043585256
A,20,20,125,300,0.05,5,0.8,0.8,1.0,5,4.683445038338753,0.8778355276906312,10.172864005694088,14.460354273231454
A,20,20,125,300,0.05,5,0.8,0.8,10.0,1,4.7237941989418655,0.8779829593275863,10.179137427762779,14.463541926124046
A,20,20,125,300,0.05,5,0.8,0.8,10.0,5,4.70754555722136,0.8776831062014196,10.168921565682801,14.461994158486698
A,20,20,125,300,0.05,5,0.8,1.0,0.1,1,4.838653515471131,0.8778586360681342,10.099041484247396,14.505979207234441
A,20,20,125,300,0.05,5,0.8,1.0,0.1,5,4.829975333877888,0.8776006055252432,10.107803696285645,14.493169607843063
A,20,20,125,300,0.05,5,0.8,1.0,1.0,1,4.842685286644629,0.8777546522211612,10.136847922211782,14.534028642672297
A,20,20,125,300,0.05,5,0.8,1.0,1.0,5,4.811443120167324,0.8779123789981659,10.122123926275966,14.498736313055526
A,20,20,125,300,0.05,5,0.8,1.0,10.0,1,4.825153137568639,0.8779962042825554,10.128164702859209,14.513069719612565
A,20,20,125,300,0.05,5,0.8,1.0,10.0,5,4.8137842968924565,0.878119720910475,10.119733697667453,14.496308480394157
A,20,20,125,300,0.05,5,1.0,0.8,0.1,1,4.7555024496543785,0.8780063910160685,10.169667820557729,14.478549288983803
A,20,20,125,300,0.05,5,1.0,0.8,0.1,5,4.740234469038068,0.8780739053561044,10.175140526628061,14.472108369740761
A,20,20,125,300,0.05,5,1.0,0.8,1.0,1,4.703320743741213,0.8781389640118007,10.177682770954386,14.464808462249428
A,20,20,125,300,0.05,5,1.0,0.8,1.0,5,4.732221128459174,0.878079153863851,10.169561329901176,14.462897540432502
A,20,20,125,300,0.05,5,1.0,0.8,10.0,1,4.715899271118749,0.8789022491926003,10.149815582043804,14.440073641603169
A,20,20,125,300,0.05,5,1.0,0.8,10.0,5,4.721777306005584,0.8785790626620281,10.142282977960097,14.43261369404532
A,20,20,125,300,0.05,5,1.0,1.0,0.1,1,4.786852810586714,0.878726873854651,10.106992663287935,14.491547955986842
A,20,20,125,300,0.05,5,1.0,1.0,0.1,5,4.777326253621919,0.87856263708978,10.112305923857965,14.48923934590206
A,20,20,125,300,0.05,5,1.0,1.0,1.0,1,4.776145518890093,0.8783159088162045,10.114689550366084,14.497610734040368
A,20,20,125,300,0.05,5,1.0,1.0,1.0,5,4.805429423906477,0.8785390200721219,10.093033621167821,14.478942028897048
A,20,20,125,300,0.05,5,1.0,1.0,10.0,1,4.7959329461921865,0.8789578468495204,10.102730069658682,14.470459801065928
A,20,20,125,300,0.05,5,1.0,1.0,10.0,5,4.758683085971661,0.8795131083248393,10.074747260361447,14.443062766580434
A,20,20,125,300,0.1,3,0.8,0.8,0.1,1,4.563666423226489,0.8775461216570009,10.320072994170244,14.474619556534913
A,20,20,125,300,0.1,3,0.8,0.8,0.1,5,4.543172740044165,0.8777892430388862,10.322815921170802,14.470011961375837
A,20,20,125,300,0.1,3,0.8,0.8,1.0,1,4.5418272087704015,0.8778564450292571,10.326385115666259,14.470771179495472
A,20,20,125,300,0.1,3,0.8,0.8,1.0,5,4.546447629208359,0.8771664333207397,10.352196143565612,14.48856435412967
A,20,20,125,300,0.1,3,0.8,0.8,10.0,1,4.59534829866099,0.8775390196036483,10.33426361752063,14.507604969553984
A,20,20,125,300,0.1,3,0.8,0.8,10.0,5,4.621435809467561,0.8772660155660269,10.340014391560768,14.512590940429186
A,20,20,125,300,0.1,3,0.8,1.0,0.1,1,4.562859416650411,0.8777250572009875,10.314896655643103,14.48888509961527
A,20,20,125,300,0.1,3,0.8,1.0,0.1,5,4.5646195941012,0.8777422061123354,10.311505454269035,14.501742396047598
A,20,20,125,300,0.1,3,0.8,1.0,1.0,1,4.595175590997703,0.8776722290529596,10.32383742768374,14.516791764919791
A,20,20,125,300,0.1,3,0.8,1.0,1.0,5,4.597767899867903,0.8776937345810797,10.295774610656085,14.513939592456591
A,20,20,125,300,0.1,3,0.8,1.0,10.0,1,4.565486181228758,0.8779428859411478,10.29873824200904,14.4972320984645
A,20,20,125,300,0.1,3,0.8,1.0,10.0,5,4.573640727104298,0.8778433190187609,10.289155449648408,14.48305841030386
A,20,20,125,300,0.1,3,1.0,0.8,0.1,1,4.519182716819715,0.8785688895912658,10.31341305843367,14.43296084056766
A,20,20,125,300,0.1,3,1.0,0.8,0.1,5,4.5358620875595665,0.878780762809282,10.31958417928428,14.445654277409824
A,20,20,125,300,0.1,3,1.0,0.8,1.0,1,4.510366421698829,0.87865210623327,10.310057621681448,14.419896213134132
A,20,20,125,300,0.1,3,1.0,0.8,1.0,5,4.546483619482499,0.8783403431872246,10.326672486841474,14.457989411210516
A,20,20,125,300,0.1,3,1.0,0.8,10.0,1,4.542375756259302,0.878576626323303,10.3082570748821,14.437256371454307
A,20,20,125,300,0.1,3,1.0,0.8,10.0,5,4.512742866793653,0.8791058289352514,10.302752616904776,14.41840219049256
A,20,20,125,300,0.1,3,1.0,1.0,0.1,1,4.546287432519875,0.8784762710135476,10.276128097112363,14.471410929973107
A,20,20,125,300,0.1,3,1.0,1.0,0.1,5,4.547899774999897,0.8783902351765829,10.305572931929186,14.506802572786379
A,20,20,125,300,0.1,3,1.0,1.0,1.0,1,4.563093357846482,0.8788102887755109,10.287011314100923,14.47883122919105
A,20,20,125,300,0.1,3,1.0,1.0,1.0,5,4.573578852752375,0.8786906903422746,10.290317861049255,14.485081632209816
A,20,20,125,300,0.1,3,1.0,1.0,10.0,1,4.516469319194654,0.8787505608339223,10.28034748709181,14.45634883533911
A,20,20,125,300,0.1,3,1.0,1.0,10.0,5,4.501168098159345,0.8789485103726091,10.26798762202717,14.446584160700644
A,20,20,125,300,0.1,5,0.8,0.8,0.1,1,5.07664312742131,0.8725482142060434,10.403803604610143,14.784387682110083
A,20,20,125,300,0.1,5,0.8,0.8,0.1,5,5.03779605551034,0.8731579690875876,10.380595519379256,14.76057989546772
A,20,20,125,300,0.1,5,0.8,0.8,1.0,1,5.050875309041267,0.8732004236740607,10.388111671450396,14.768836740709677
A,20,20,125,300,0.1,5,0.8,0.8,1.0,5,5.075544974405143,0.8735278837621546,10.36597432050895,14.750981715919355
A,20,20,125,300,0.1,5,0.8,0.8,10.0,1,4.954610529433241,0.8737849337159082,10.335035622729674,14.687171327268015
A,20,20,125,300,0.1,5,0.8,0.8,10.0,5,5.008476598823488,0.873089575318005,10.351807651194877,14.726941591820514
A,20,20,125,300,0.1,5,0.8,1.0,0.1,1,5.024504930989165,0.8728032727572543,10.347513328484997,14.755441804852072
A,20,20,125,300,0.1,5,0.8,1.0,0.1,5,5.063533331062756,0.8727139991927981,10.345398787851698,14.781618329552023
A,20,20,125,300,0.1,5,0.8,1.0,1.0,1,5.081452314361831,0.8723804729024695,10.347059184980937,14.763272375246036
A,20,20,125,300,0.1,5,0.8,1.0,1.0,5,5.087381562502609,0.8722774218006071,10.342734907769136,14.773912058189499
A,20,20,125,300,0.1,5,0.8,1.0,10.0,1,5.0321386669047214,0.8728151005837159,10.374006303947525,14.784314042407534
A,20,20,125,300,0.1,5,0.8,1.0,10.0,5,4.995483658867286,0.8737983705833614,10.33370594643195,14.736121857073723
A,20,20,125,300,0.1,5,1.0,0.8,0.1,1,4.955812654369739,0.8732758577191548,10.380830021072992,14.72181092439862
A,20,20,125,300,0.1,5,1.0,0.8,0.1,5,4.940648671929866,0.8736590957826852,10.373579774152837,14.717844777191385
A,20,20,125,300,0.1,5,1.0,0.8,1.0,1,4.937083709875927,0.8732380228161013,10.364181190831433,14.711629982178883
A,20,20,125,300,0.1,5,1.0,0.8,1.0,5,4.938014595585015,0.873188419207286,10.377055635857454,14.71706744032888
A,20,20,125,300,0.1,5,1.0,0.8,10.0,1,4.902274802122881,0.8745274157830497,10.317487813217559,14.637467234995047
A,20,20,125,300,0.1,5,1.0,0.8,10.0,5,4.830991293052172,0.8743038283726327,10.318958462936155,14.656029064086642
A,20,20,125,300,0.1,5,1.0,1.0,0.1,1,4.980827527010786,0.8741477964977197,10.291110069852305,14.708159930316361
A,20,20,125,300,0.1,5,1.0,1.0,0.1,5,5.007381429408626,0.8730569588826729,10.299265102195415,14.725416149672304
A,20,20,125,300,0.1,5,1.0,1.0,1.0,1,5.006674953736957,0.8740569206369745,10.27291419904703,14.701839869779747
A,20,20,125,300,0.1,5,1.0,1.0,1.0,5,5.019647269803848,0.8739512864236169,10.278466644913891,14.695511823597304
A,20,20,125,300,0.1,5,1.0,1.0,10.0,1,4.975093024112433,0.8740258252655668,10.288423063792191,14.70808168824814
A,20,20,125,300,0.1,5,1.0,1.0,10.0,5,4.990391709862336,0.8742551272934772,10.305238377799347,14.716778597265872
A,25,10,115,100,0.05,3,0.8,0.8,0.1,1,2.3579935535932135,0.9063126898551976,7.859616122004473,11.392443378477601
A,25,10,115,100,0.05,3,0.8,0.8,0.1,5,2.3603770929942103,0.9062857088842871,7.857347279281941,11.392075222797319
A,25,10,115,100,0.05,3,0.8,0.8,1.0,1,2.3586809300785334,0.9062075739681719,7.8600365886046575,11.391221558713706
A,25,10,115,100,0.05,3,0.8,0.8,1.0,5,2.35702842100568,0.906311574158954,7.85872623959785,11.386496202534824
A,25,10,115,100,0.05,3,0.8,0.8,10.0,1,2.375990514636769,0.9059667846616583,7.894748917347547,11.426917754198737
A,25,10,115,100,0.05,3,0.8,0.8,10.0,5,2.3759059866583288,0.9059684927301472,7.894540820206403,11.426704978544329
A,25,10,115,100,0.05,3,0.8,1.0,0.1,1,2.391311469442093,0.9060713453168774,7.836941790333029,11.415735641285698
A,25,10,115,100,0.05,3,0.8,1.0,0.1,5,2.39318140118215,0.9060571411779245,7.836401342361633,11.417157765621933
A,25,10,115,100,0.05,3,0.8,1.0,1.0,1,2.377002644165292,0.9063176032877862,7.816934505918754,11.39157509268757
A,25,10,115,100,0.05,3,0.8,1.0,1.0,5,2.3732639525058286,0.9064367545492178,7.812613537286945,11.386179586109686
A,25,10,115,100,0.05,3,0.8,1.0,10.0,1,2.388246856544318,0.9057807271007053,7.854033423876541,11.424131817945172
A,25,10,115,100,0.05,3,0.8,1.0,10.0,5,2.388409577535442,0.905778581993993,7.853684790016544,11.42398123699849
A,25,10,115,100,0.05,3,1.0,0.8,0.1,1,2.3356102270724763,0.9064269331760586,7.841864501906459,11.35914791263578
A,25,10,115,100,0.05,3,1.0,0.8,0.1,5,2.338039265472233,0.9063480206606048,7.8417296296210655,11.362060187228593
A,25,10,115,100,0.05,3,1.0,0.8,1.0,1,2.3397825680018416,0.9064775006592557,7.84656284336594,11.356500682338524
A,25,10,115,100,0.05,3,1.0,0.8,1.0,5,2.342516684048994,0.9064617974692295,7.853521777167752,11.362141560424977
A,25,10,115,100,0.05,3,1.0,0.8,10.0,1,2.3364540889688987,0.9067099811374707,7.848143182721205,11.343746738469264
A,25,10,115,100,0.05,3,1.0,0.8,10.0,5,2.3393280027633323,0.9065905208202316,7.846556495078602,11.3469280546308
A,25,10,115,100,0.05,3,1.0,1.0,0.1,1,2.370134658610412,0.9065247341378454,7.8140529312307745,11.395148887015967
A,25,10,115,100,0.05,3,1.0,1.0,0.1,5,2.3695044491773145,0.9065857330973064,7.810112629542064,11.394447802647809
A,25,10,115,100,0.05,3,1.0,1.0,1.0,1,2.3819646824526357,0.9062733968601346,7.830446770868671,11.406663194995144
A,25,10,115,100,0.05,3,1.0,1.0,1.0,5,2.3826228494636927,0.9062783560980187,7.829304240730065,11.40691397920962
A,25,10,115,100,0.05,3,1.0,1.0,10.0,1,2.3886159963785714,0.9060663236996478,7.8687696247475145,11.426961570025451
A,25,10,115,100,0.05,3,1.0,1.0,10.0,5,2.3879259164805733,0.9061018629625327,7.864922768818735,11.425922985088393
A,25,10,115,100,0.05,5,0.8,0.8,0.1,1,2.226084450398574,0.907774405275401,7.515732057370227,11.176585564266457
A,25,10,115,100,0.05,5,0.8,0.8,0.1,5,2.218601711978535,0.9078375782846214,7.505217336314766,11.162668661342016
A,25,10,115,100,0.05,5,0.8,0.8,1.0,1,2.2217139324512076,0.9079128201917639,7.501172396379881,11.152279619621801
A,25,10,115,100,0.05,5,0.8,0.8,1.0,5,2.226555706035287,0.9079039504261888,7.505476032838155,11.154775542919909
A,25,10,115,100,0.05,5,0.8,0.8,10.0,1,2.232222715155122,0.9078835387451312,7.536311865268291,11.170877038755219
A,25,10,115,100,0.05,5,0.8,0.8,10.0,5,2.233433602472457,0.907754934693051,7.544400517125422,11.177318847635195
A,25,10,115,100,0.05,5,0.8,1.0,0.1,1,2.233587552945578,0.9087004337599355,7.433472190937553,11.133826850817162
A,25,10,115,100,0.05,5,0.8,1.0,0.1,5,2.224510665496354,0.9084869536461151,7.424410251900815,11.121957570609897
A,25,10,115,100,0.05,5,0.8,1.0,1.0,1,2.232280574640602,0.9086278156976745,7.425795970271016,11.12517059814511
A,25,10,115,100,0.05,5,0.8,1.0,1.0,5,2.230428332103913,0.9085612539915529,7.42066516955955,11.117170350064844
A,25,10,115,100,0.05,5,0.8,1.0,10.0,1,2.2227793815930474,0.9087062166859134,7.457708149483499,11.1144165854349
A,25,10,115,100,0.05,5,0.8,1.0,10.0,5,2.2249203265963367,0.908538414148078,7.449602525111189,11.11830292106762
A,25,10,115,100,0.05,5,1.0,0.8,0.1,1,2.227049793056975,0.9075140590785085,7.526254608790673,11.166058352272088
A,25,10,115,100,0.05,5,1.0,0.8,0.1,5,2.231113799776268,0.9076122383247027,7.525625674302253,11.177761429114305
A,25,10,115,100,0.05,5,1.0,0.8,1.0,1,2.2236024984235856,0.9075915368934828,7.530759577283211,11.166011506732271
A,25,10,115,100,0.05,5,1.0,0.8,1.0,5,2.223135713610042,0.9078392837304519,7.529268378494298,11.169041541741311
A,25,10,115,100,0.05,5,1.0,0.8,10.0,1,2.226365903609703,0.9076744092146413,7.5451132366088345,11.164508711124636
A,25,10,115,100,0.05,5,1.0,0.8,10.0,5,2.2258559389054087,0.9079045768206603,7.545049130710356,11.166157228369613
A,25,10,115,100,0.05,5,1.0,1.0,0.1,1,2.2294667786677804,0.9080941802237874,7.461781094558089,11.13650923382546
A,25,10,115,100,0.05,5,1.0,1.0,0.1,5,2.232300800553844,0.9081461160838558,7.4640936726615,11.142721955121772
A,25,10,115,100,0.05,5,1.0,1.0,1.0,1,2.2314834736469304,0.9084767435022405,7.449820244719254,11.132846959936094
A,25,10,115,100,0.05,5,1.0,1.0,1.0,5,2.231429322927033,0.908334224925982,7.459478579821052,11.140382071905021
A,25,10,115,100,0.05,5,1.0,1.0,10.0,1,2.2373818766458697,0.9082102608935578,7.478515034228641,11.150371992728102
A,25,10,115,100,0.05,5,1.0,1.0,10.0,5,2.237961519364698,0.9080861369072203,7.4757239635898,11.137119693763639
A,25,10,115,100,0.1,3,0.8,0.8,0.1,1,2.2404223502101615,0.9074024487174359,7.622764650546562,11.219626496151399
A,25,10,115,100,0.1,3,0.8,0.8,0.1,5,2.2407276800253184,0.9073899176858087,7.608385385567743,11.208688991423816
A,25,10,115,100,0.1,3,0.8,0.8,1.0,1,2.2484239093387033,0.9066904966536248,7.622354614549979,11.224537083135564
A,25,10,115,100,0.1,3,0.8,0.8,1.0,5,2.2462192634789,0.9070633611233255,7.6177846043521225,11.220278291401726
A,25,10,115,100,0.1,3,0.8,0.8,10.0,1,2.233000379995935,0.9075702188587467,7.609646508102591,11.21413866043562
A,25,10,115,100,0.1,3,0.8,0.8,10.0,5,2.237554462941647,0.9075562090612486,7.617899608186674,11.219831629964172
A,25,10,115,100,0.1,3,0.8,1.0,0.1,1,2.278975939699489,0.9076305823154793,7.5835337277665475,11.254584320731785
A,25,10,115,100,0.1,3,0.8,1.0,0.1,5,2.2636998064861755,0.9080915884712549,7.567250228725555,11.235613533419027
A,25,10,115,100,0.1,3,0.8,1.0,1.0,1,2.2542424083735506,0.907569158625677,7.582383914032913,11.226769206212474
A,25,10,115,100,0.1,3,0.8,1.0,1.0,5,2.253796785727883,0.9076787511329446,7.577117599332797,11.229217409142715
A,25,10,115,100,0.1,3,0.8,1.0,10.0,1,2.25228486756465,0.9074517423227029,7.593987372945307,11.24575553271687
A,25,10,115,100,0.1,3,0.8,1.0,10.0,5,2.2552039889262785,0.907429615671742,7.592646750489178,11.247476678390418
A,25,10,115,100,0.1,3,1.0,0.8,0.1,1,2.252504315948224,0.9072834596131278,7.6057289267093635,11.21794397690444
A,25,10,115,100,0.1,3,1.0,0.8,0.1,5,2.2574127133933595,0.9071781269919613,7.621325303942191,11.230213706632007
A,25,10,115,100,0.1,3,1.0,0.8,1.0,1,2.257269097369857,0.9069567687042719,7.624971139710792,11.247826806958594
A,25,10,115,100,0.1,3,1.0,0.8,1.0,5,2.246321109787003,0.9071136137809127,7.62231831518604,11.238555972844004
A,25,10,115,100,0.1,3,1.0,0.8,10.0,1,2.251659479994591,0.9069779781907832,7.602235701348742,11.215755266643175
A,25,10,115,100,0.1,3,1.0,0.8,10.0,5,2.2504830822230693,0.9069293148558103,7.602135441663991,11.217328538009292
A,25,10,115,100,0.1,3,1.0,1.0,0.1,1,2.2761277860860334,0.9072025506295434,7.604421781783117,11.270430670537857
A,25,10,115,100,0.1,3,1.0,1.0,0.1,5,2.2679562037746392,0.9070842539291855,7.602841693354378,11.267416200387897
A,25,10,115,100,0.1,3,1.0,1.0,1.0,1,2.271127013223819,0.9070604511974875,7.614403321198449,11.260797669476966
A,25,10,115,100,0.1,3,1.0,1.0,1.0,5,2.2730635214261086,0.9070822815032216,7.614625390472922,11.261638164517677
A,25,10,115,100,0.1,3,1.0,1.0,10.0,1,2.30582232342915,0.9073207853521751,7.615488141132116,11.314597079258158
A,25,10,115,100,0.1,3,1.0,1.0,10.0,5,2.2985093528312532,0.9075723542799704,7.609838494962527,11.299093090457736
A,25,10,115,100,0.1,5,0.8,0.8,0.1,1,2.285157092562632,0.9053044233455102,7.530518273238913,11.284783454743737
A,25,10,115,100,0.1,5,0.8,0.8,0.1,5,2.2803165539136945,0.9051855801024192,7.510894130391877,11.279006023039027
A,25,10,115,100,0.1,5,0.8,0.8,1.0,1,2.278393874401108,0.9057022510651278,7.498107974603803,11.263965636692841
A,25,10,115,100,0.1,5,0.8,0.8,1.0,5,2.25124024721443,0.9056553457434988,7.500762645560639,11.242462393781816
A,25,10,115,100,0.1,5,0.8,0.8,10.0,1,2.242951693025266,0.9058598531174222,7.497982527241159,11.225878654932487
A,25,10,115,100,0.1,5,0.8,0.8,10.0,5,2.251566692437747,0.9057326648250449,7.482334826135869,11.232574898409528
A,25,10,115,100,0.1,5,0.8,1.0,0.1,1,2.2934737641378335,0.9053338233789935,7.495112426747305,11.298789792703602
A,25,10,115,100,0.1,5,0.8,1.0,0.1,5,2.3038499465237017,0.9054408895767079,7.497136553279603,11.304011457199696
A,25,10,115,100,0.1,5,0.8,1.0,1.0,1,2.2937773727890614,0.9052779205114817,7.481695006689677,11.277179280246102
A,25,10,115,100,0.1,5,0.8,1.0,1.0,5,2.3063988492473557,0.9055250585334411,7.494165937225958,11.29801071046703
A,25,10,115,100,0.1,5,0.8,1.0,10.0,1,2.284076640222117,0.9063864638805736,7.442797960616093,11.248758001242305
A,25,10,115,100,0.1,5,0.8,1.0,10.0,5,2.2643963403041516,0.9060476756517272,7.453946643015155,11.231626304277334
A,25,10,115,100,0.1,5,1.0,0.8,0.1,1,2.283939243760527,0.9055656158208544,7.4915727915117,11.266929491923541
A,25,10,115,100,0.1,5,1.0,0.8,0.1,5,2.26863609857776,0.9054785450937489,7.5078396721648755,11.262496486134657
A,25,10,115,100,0.1,5,1.0,0.8,1.0,1,2.2734411035882114,0.9057726775987719,7.493017458346595,11.252411520366614
A,25,10,115,100,0.1,5,1.0,0.8,1.0,5,2.2631231646431837,0.9056115371318935,7.493136819420582,11.239085456647217
A,25,10,115,100,0.1,5,1.0,0.8,10.0,1,2.2622991336620695,0.9062875729981711,7.466014398161841,11.21194736051437
A,25,10,115,100,0.1,5,1.0,0.8,10.0,5,2.26881798375616,0.9063064161263039,7.469610516831599,11.21752914682141
A,25,10,115,100,0.1,5,1.0,1.0,0.1,1,2.268602757130636,0.9059524198481999,7.4537279291503875,11.226961585969503
A,25,10,115,100,0.1,5,1.0,1.0,0.1,5,2.256351288618354,0.9062841600852896,7.440832317681794,11.235357044659342
A,25,10,115,100,0.1,5,1.0,1.0,1.0,1,2.25543318026815,0.9057232013203305,7.443267005722793,11.222710612636295
A,25,10,115,100,0.1,5,1.0,1.0,1.0,5,2.271193557928365,0.9053501430493978,7.467251941884949,11.243615150873758
A,25,10,115,100,0.1,5,1.0,1.0,10.0,1,2.2488027226927954,0.9066786950941751,7.447072375773663,11.206418639197631
A,25,10,115,100,0.1,5,1.0,1.0,10.0,5,2.264366353247316,0.9063074231376606,7.4598605967048925,11.22882595006864
A,25,10,115,200,0.05,3,0.8,0.8,0.1,1,2.24795156314853,0.907648228223378,7.6100436314034265,11.235324134367325
A,25,10,115,200,0.05,3,0.8,0.8,0.1,5,2.2518015919388055,0.9075578194341084,7.612597515140886,11.24112575595936
A,25,10,115,200,0.05,3,0.8,0.8,1.0,1,2.243730724030997,0.9077269880326915,7.604300588698346,11.229695601703865
A,25,10,115,200,0.05,3,0.8,0.8,1.0,5,2.2420398285654466,0.9075866062952658,7.600459633255184,11.223409197217805
A,25,10,115,200,0.05,3,0.8,0.8,10.0,1,2.257352694457337,0.907393790437235,7.631259336066734,11.257994068423741
A,25,10,115,200,0.05,3,0.8,0.8,10.0,5,2.2578769978325304,0.9074460515568378,7.6299023219285065,11.25512243293265
A,25,10,115,200,0.05,3,0.8,1.0,0.1,1,2.2768453347678492,0.9073729123889918,7.5913284176002005,11.26040783636273
A,25,10,115,200,0.05,3,0.8,1.0,0.1,5,2.2738086858543953,0.9074277211969639,7.588297133665688,11.253206880966736
A,25,10,115,200,0.05,3,0.8,1.0,1.0,1,2.264438837681554,0.9075979461179357,7.5823162980813095,11.241402385439688
A,25,10,115,200,0.05,3,0.8,1.0,1.0,5,2.2639614619483224,0.9077107446563378,7.5814104616652145,11.2393198644935
A,25,10,115,200,0.05,3,0.8,1.0,10.0,1,2.264723817708571,0.9072545703434823,7.599045934010185,11.252366722682426
A,25,10,115,200,0.05,3,0.8,1.0,10.0,5,2.266307632126795,0.907279560348161,7.6041524482367135,11.257068049457054
A,25,10,115,200,0.05,3,1.0,0.8,0.1,1,2.239840169439235,0.9075747960225382,7.599704884528107,11.210031239478525
A,25,10,115,200,0.05,3,1.0,0.8,0.1,5,2.2401431631373256,0.9075920095252519,7.60351594141577,11.214458470521384
A,25,10,115,200,0.05,3,1.0,0.8,1.0,1,2.2378995627900267,0.9075613161195977,7.600627227676187,11.212385973492065
A,25,10,115,200,0.05,3,1.0,0.8,1.0,5,2.236360216115149,0.9077218042046887,7.595691809879175,11.207281598103954
A,25,10,115,200,0.05,3,1.0,0.8,10.0,1,2.2344974655876078,0.9082130403634837,7.5903060669907605,11.183496987055538
A,25,10,115,200,0.05,3,1.0,0.8,10.0,5,2.233879590209229,0.9079085730836111,7.591103646203793,11.184030455707816
A,25,10,115,200,0.05,3,1.0,1.0,0.1,1,2.260218674126282,0.9080116332836667,7.56995982371339,11.235487590815227
A,25,10,115,200,0.05,3,1.0,1.0,0.1,5,2.26100728946689,0.9080462262994837,7.563920511681876,11.233262079473167
A,25,10,115,200,0.05,3,1.0,1.0,1.0,1,2.2714769314312044,0.9077055485847663,7.589403659382491,11.250428669779339
A,25,10,115,200,0.05,3,1.0,1.0,1.0,5,2.2658724442583544,0.9077587205691786,7.582816213196847,11.243124917808085
A,25,10,115,200,0.05,3,1.0,1.0,10.0,1,2.284574253448173,0.9075313870128856,7.61318231404975,11.26980657184227
A,25,10,115,200,0.05,3,1.0,1.0,10.0,5,2.2843714858915143,0.9074915958956138,7.613444893201963,11.270163261154314
A,25,10,115,200,0.05,5,0.8,0.8,0.1,1,2.2485876462141574,0.9059375008399151,7.483983423303629,11.235702790144504
A,25,10,115,200,0.05,5,0.8,0.8,0.1,5,2.2516665747622127,0.9057859274844328,7.469663266123396,11.22313775084345
A,25,10,115,200,0.05,5,0.8,0.8,1.0,1,2.2503489763544016,0.9059477789134973,7.482995671221376,11.226008375404977
A,25,10,115,200,0.05,5,0.8,0.8,1.0,5,2.248733062942491,0.9063234144016035,7.467032352247578,11.209047996038718
A,25,10,115,200,0.05,5,0.8,0.8,10.0,1,2.243618753957551,0.9064039347998609,7.468890938077777,11.209378972515603
A,25,10,115,200,0.05,5,0.8,0.8,10.0,5,2.241560419176197,0.9063361778583582,7.472485082774838,11.204688686254372
A,25,10,115,200,0.05,5,0.8,1.0,0.1,1,2.28841593304847,0.9055524611923527,7.448597916303112,11.25066224393799
A,25,10,115,200,0.05,5,0.8,1.0,0.1,5,2.2779049682359656,0.9055825634926242,7.447420017065824,11.23479918569866
A,25,10,115,200,0.05,5,0.8,1.0,1.0,1,2.2672543490948778,0.9063506545956956,7.4177805732608615,11.212924383860589
A,25,10,115,200,0.05,5,0.8,1.0,1.0,5,2.2679226728786595,0.9062017111458924,7.417509875435026,11.213046055933546
A,25,10,115,200,0.05,5,0.8,1.0,10.0,1,2.256818056017507,0.9064198618348133,7.424739165243301,11.193233064169856
A,25,10,115,200,0.05,5,0.8,1.0,10.0,5,2.25620229408436,0.9062243518389617,7.420948343034729,11.197933986425488
A,25,10,115,200,0.05,5,1.0,0.8,0.1,1,2.241006588087302,0.9059910814845133,7.488196525450045,11.214153728492823
A,25,10,115,200,0.05,5,1.0,0.8,0.1,5,2.240419878956655,0.9063355109161041,7.47252693902365,11.217447326589655
A,25,10,115,200,0.05,5,1.0,0.8,1.0,1,2.2361737298626667,0.9062701351343136,7.477029873627157,11.207529153584128
A,25,10,115,200,0.05,5,1.0,0.8,1.0,5,2.2363066822992783,0.9061490371966281,7.474699670433322,11.21542529813264
A,25,10,115,200,0.05,5,1.0,0.8,10.0,1,2.2340482983028536,0.9065314561380056,7.473248185567849,11.197609287581816
A,25,10,115,200,0.05,5,1.0,0.8,10.0,5,2.232701241675433,0.9065300337401,7.461789725767176,11.19733988098597
A,25,10,115,200,0.05,5,1.0,1.0,0.1,1,2.2504953222454303,0.9059998195069555,7.451206301541665,11.212693584789715
A,25,10,115,200,0.05,5,1.0,1.0,0.1,5,2.2584497754631334,0.9061093014700161,7.446034991230863,11.217018153167249
A,25,10,115,200,0.05,5,1.0,1.0,1.0,1,2.2644618846634073,0.9062108039116366,7.441314958879886,11.22127125292283
A,25,10,115,200,0.05,5,1.0,1.0,1.0,5,2.262584409323014,0.9061202438142132,7.4486579894134035,11.226042182076
A,25,10,115,200,0.05,5,1.0,1.0,10.0,1,2.253319451940124,0.9066889843829321,7.435959621999947,11.209612068593536
A,25,10,115,200,0.05,5,1.0,1.0,10.0,5,2.25278079826096,0.9064472433300821,7.429019280993396,11.186802407170077
A,25,10,115,200,0.1,3,0.8,0.8,0.1,1,2.1949438105692907,0.9076409663553686,7.58132702039411,11.1689222097566
A,25,10,115,200,0.1,3,0.8,0.8,0.1,5,2.2083947202130707,0.9072032328692196,7.579367949402899,11.170595286138921
A,25,10,115,200,0.1,3,0.8,0.8,1.0,1,2.210375069183929,0.9069463115208066,7.585765372822141,11.185505355585871
A,25,10,115,200,0.1,3,0.8,0.8,1.0,5,2.2132163552778765,0.9070422816100733,7.588746495407979,11.19167716678082
A,25,10,115,200,0.1,3,0.8,0.8,10.0,1,2.2033630804219393,0.9075559327083396,7.575472781677021,11.18022782111014
A,25,10,115,200,0.1,3,0.8,0.8,10.0,5,2.196413468866961,0.9077917828709982,7.585956386755505,11.177645736306694
A,25,10,115,200,0.1,3,0.8,1.0,0.1,1,2.235230101522038,0.907164388504391,7.558031348209774,11.205359045374504
A,25,10,115,200,0.1,3,0.8,1.0,0.1,5,2.23060209865655,0.9075786430198566,7.551275443925396,11.198095921704956
A,25,10,115,200,0.1,3,0.8,1.0,1.0,1,2.2224351547076147,0.9070323187653436,7.569859549747198,11.191065310226676
A,25,10,115,200,0.1,3,0.8,1.0,1.0,5,2.2220284325084116,0.9073327654732127,7.560415580232359,11.188425260379065
A,25,10,115,200,0.1,3,0.8,1.0,10.0,1,2.207420244941873,0.9072498403695766,7.5560972191828935,11.19247575980833
A,25,10,115,200,0.1,3,0.8,1.0,10.0,5,2.21756718205418,0.9070502294873819,7.563474496208959,11.205951308339262
A,25,10,115,200,0.1,3,1.0,0.8,0.1,1,2.2132274863249974,0.9076193548933691,7.56222433068091,11.17483565319643
A,25,10,115,200,0.1,3,1.0,0.8,0.1,5,2.226791292945591,0.9069432074483041,7.602626967317045,11.209792645821272
A,25,10,115,200,0.1,3,1.0,0.8,1.0,1,2.2099082498711047,0.9070313828937904,7.585565710324765,11.194133580765898
A,25,10,115,200,0.1,3,1.0,0.8,1.0,5,2.2031993045824185,0.9073996540667363,7.568134944680821,11.179207927447127
A,25,10,115,200,0.1,3,1.0,0.8,10.0,1,2.212168327124565,0.9071230983979642,7.563070878169934,11.17585573954981
A,25,10,115,200,0.1,3,1.0,0.8,10.0,5,2.2060999951402285,0.9075130505408421,7.554274904815253,11.164600321576685
A,25,10,115,200,0.1,3,1.0,1.0,0.1,1,2.227639647797051,0.907297042197009,7.55529231720809,11.214324532148527
A,25,10,115,200,0.1,3,1.0,1.0,0.1,5,2.2326249472608497,0.9070995813782753,7.580554950660819,11.233628413503007
A,25,10,115,200,0.1,3,1.0,1.0,1.0,1,2.2262869186957204,0.9070457245964466,7.5589889946112425,11.220663280624773
A,25,10,115,200,0.1,3,1.0,1.0,1.0,5,2.230974636086691,0.9070649332430504,7.560378791998099,11.22130371492841
A,25,10,115,200,0.1,3,1.0,1.0,10.0,1,2.2469263509785113,0.9075316253155025,7.564578200474886,11.245692892771336
A,25,10,115,200,0.1,3,1.0,1.0,10.0,5,2.247309369541192,0.9077345592742603,7.568305487927633,11.244536945230898
A,25,10,115,200,0.1,5,0.8,0.8,0.1,1,2.3718387598817183,0.9017771647909882,7.676446297151934,11.456948838172963
A,25,10,115,200,0.1,5,0.8,0.8,0.1,5,2.341081454971044,0.902074872139736,7.655056520445743,11.422997134014112
A,25,10,115,200,0.1,5,0.8,0.8,1.0,1,2.3470318091839295,0.902348079230331,7.655698770608775,11.424053922351273
A,25,10,115,200,0.1,5,0.8,0.8,1.0,5,2.33459248859538,0.9023859431337039,7.64848589294117,11.40554128713347
A,25,10,115,200,0.1,5,0.8,0.8,10.0,1,2.302832970823117,0.9027829342569081,7.617906590989965,11.358284544471356
A,25,10,115,200,0.1,5,0.8,0.8,10.0,5,2.316756659829225,0.9029829797975248,7.605876542412662,11.36683178841668
A,25,10,115,200,0.1,5,0.8,1.0,0.1,1,2.3980714110646195,0.9012873201932454,7.672347419506707,11.511636669173592
A,25,10,115,200,0.1,5,0.8,1.0,0.1,5,2.4073156659911015,0.9016416676129448,7.6750463922200325,11.511673703448505
A,25,10,115,200,0.1,5,0.8,1.0,1.0,1,2.399241930503474,0.9015862810137015,7.654336929201496,11.48335901251492
A,25,10,115,200,0.1,5,0.8,1.0,1.0,5,2.3903154858706044,0.9017237356158667,7.669580719627277,11.488610832733439
A,25,10,115,200,0.1,5,0.8,1.0,10.0,1,2.3649847740518806,0.9025017253073131,7.6129461280181925,11.4271327522393
A,25,10,115,200,0.1,5,0.8,1.0,10.0,5,2.355265844974576,0.902240793694127,7.6147379860564,11.41794108320909
A,25,10,115,200,0.1,5,1.0,0.8,0.1,1,2.34547593296265,0.9023635731041523,7.623127356901475,11.397826841152273
A,25,10,115,200,0.1,5,1.0,0.8,0.1,5,2.328318058347891,0.9027906670871693,7.6215569691123735,11.388081975924294
A,25,10,115,200,0.1,5,1.0,0.8,1.0,1,2.3610370777451406,0.9030527224156408,7.625380152314951,11.410695357577856
A,25,10,115,200,0.1,5,1.0,0.8,1.0,5,2.3332471874902034,0.9026768215093739,7.628158798744932,11.404959843768172
A,25,10,115,200,0.1,5,1.0,0.8,10.0,1,2.312960345539787,0.9039702378422578,7.581101375471893,11.330069761383239
A,25,10,115,200,0.1,5,1.0,0.8,10.0,5,2.327344692897104,0.9034544225387593,7.586734730599842,11.349403286291274
A,25,10,115,200,0.1,5,1.0,1.0,0.1,1,2.358824605429967,0.9022365628159299,7.627947403118478,11.417861471902784
A,25,10,115,200,0.1,5,1.0,1.0,0.1,5,2.3500435525030716,0.9027026967460031,7.615628339737958,11.436479902689912
A,25,10,115,200,0.1,5,1.0,1.0,1.0,1,2.3347036933638354,0.9022428702432522,7.5867631632265216,11.384753864451953
A,25,10,115,200,0.1,5,1.0,1.0,1.0,5,2.3717947791325296,0.902152233344412,7.626329233424888,11.42164545032316
A,25,10,115,200,0.1,5,1.0,1.0,10.0,1,2.318592257673598,0.9034063698097521,7.5991765747519295,11.369060157567665
A,25,10,115,200,0.1,5,1.0,1.0,10.0,5,2.3302450372436185,0.902906568754729,7.595948487058493,11.388574970043758
A,25,10,115,300,0.05,3,0.8,0.8,0.1,1,2.2119449025679856,0.9078600791153217,7.566012829989586,11.181902087476947
A,25,10,115,300,0.05,3,0.8,0.8,0.1,5,2.213147028278788,0.9077275671489126,7.573088148252078,11.188485503336725
A,25,10,115,300,0.05,3,0.8,0.8,1.0,1,2.2094488084857544,0.9078544718545383,7.560303122750135,11.179620211567414
A,25,10,115,300,0.05,3,0.8,0.8,1.0,5,2.203663374414378,0.9078176467616175,7.554466616632956,11.165732738780678
A,25,10,115,300,0.05,3,0.8,0.8,10.0,1,2.2208982701985494,0.9077286879512452,7.581671582213469,11.201928645910012
A,25,10,115,300,0.05,3,0.8,0.8,10.0,5,2.216226716516025,0.9078169584221756,7.573218624786857,11.191175355995217
A,25,10,115,300,0.05,3,0.8,1.0,0.1,1,2.2209256408642455,0.9080281097615291,7.526105639446956,11.17702257928119
A,25,10,115,300,0.05,3,0.8,1.0,0.1,5,2.222805756766461,0.9077731614106448,7.534760830323873,11.178553578852778
A,25,10,115,300,0.05,3,0.8,1.0,1.0,1,2.211948507433842,0.9081527343517948,7.520445068568146,11.163068607217845
A,25,10,115,300,0.05,3,0.8,1.0,1.0,5,2.2159692330695484,0.9081998000019358,7.52682552296378,11.170122104312771
A,25,10,115,300,0.05,3,0.8,1.0,10.0,1,2.2161529887480134,0.907780869366559,7.544694478640482,11.185689031596752
A,25,10,115,300,0.05,3,0.8,1.0,10.0,5,2.220198807402658,0.9077290756509464,7.552480974397052,11.191248853940099
A,25,10,115,300,0.05,3,1.0,0.8,0.1,1,2.2125608599769424,0.9080402071701773,7.551776862150168,11.177409496411107
A,25,10,115,300,0.05,3,1.0,0.8,0.1,5,2.2104766077001288,0.9077835200639365,7.561508926360171,11.182991802074284
A,25,10,115,300,0.05,3,1.0,0.8,1.0,1,2.2089129319291008,0.9077822170085283,7.564396337308841,11.174478868405124
A,25,10,115,300,0.05,3,1.0,0.8,1.0,5,2.210215263771707,0.9079252342988331,7.552584537341969,11.170085556262555
A,25,10,115,300,0.05,3,1.0,0.8,10.0,1,2.203528536929654,0.9084950570418723,7.542510535553039,11.142576722651773
A,25,10,115,300,0.05,3,1.0,0.8,10.0,5,2.2059468392364763,0.908136350627507,7.553239567324202,11.149606431769985
A,25,10,115,300,0.05,3,1.0,1.0,0.1,1,2.232618245677645,0.9080462598942525,7.541393142503455,11.20897803094214
A,25,10,115,300,0.05,3,1.0,1.0,0.1,5,2.234372341151105,0.9079634427037379,7.534910232003895,11.20570223443491
A,25,10,115,300,0.05,3,1.0,1.0,1.0,1,2.238555093357159,0.9079510901003746,7.548495287702712,11.217140316064341
A,25,10,115,300,0.05,3,1.0,1.0,1.0,5,2.2394613042898754,0.9078047446761021,7.547775030506474,11.216507052662418
A,25,10,115,300,0.05,3,1.0,1.0,10.0,1,2.250539208915801,0.9076564351749221,7.57923152149406,11.23403582107243
A,25,10,115,300,0.05,3,1.0,1.0,10.0,5,2.252735804951022,0.907666657024581,7.567303601943638,11.230522365081297
A,25,10,115,300,0.05,5,0.8,0.8,0.1,1,2.3014975034555163,0.9038659530940805,7.567032839643756,11.343790907430781
A,25,10,115,300,0.05,5,0.8,0.8,0.1,5,2.2796925763303193,0.9041659780176392,7.53102388307244,11.292826673415057
A,25,10,115,300,0.05,5,0.8,0.8,1.0,1,2.28073249661468,0.9040230508616436,7.5519182500487805,11.307442550560445
A,25,10,115,300,0.05,5,0.8,0.8,1.0,5,2.284714899131431,0.9043667641962324,7.547070359656223,11.300481890948323
A,25,10,115,300,0.05,5,0.8,0.8,10.0,1,2.2608987497642614,0.9047354425227558,7.5268017518277235,11.271387252099437
A,25,10,115,300,0.05,5,0.8,0.8,10.0,5,2.2714444843122705,0.9047031338967658,7.534198864147038,11.275946601760321
A,25,10,115,300,0.05,5,0.8,1.0,0.1,1,2.329989869701232,0.9033382774431905,7.550790458953178,11.354896254428686
A,25,10,115,300,0.05,5,0.8,1.0,0.1,5,2.3163129742389885,0.9036033769564271,7.535489430367198,11.32947229180911
A,25,10,115,300,0.05,5,0.8,1.0,1.0,1,2.313194337634033,0.9041375309256592,7.519412880451256,11.32142578991531
A,25,10,115,300,0.05,5,0.8,1.0,1.0,5,2.309165269745074,0.9040529932118444,7.509684706024165,11.315358132682766
A,25,10,115,300,0.05,5,0.8,1.0,10.0,1,2.302165588657166,0.9044556261154184,7.5099164401525,11.291420803088972
A,25,10,115,300,0.05,5,0.8,1.0,10.0,5,2.300469095007153,0.9040677908539555,7.507926255501578,11.304030696040927
A,25,10,115,300,0.05,5,1.0,0.8,0.1,1,2.268012039879723,0.9046351119990301,7.541962307508126,11.27430025267454
A,25,10,115,300,0.05,5,1.0,0.8,0.1,5,2.2657157174781726,0.9051144958254265,7.517181604363311,11.278130494687487
A,25,10,115,300,0.05,5,1.0,0.8,1.0,1,2.2704750031719763,0.9047114736806294,7.536484863621423,11.279261272693304
A,25,10,115,300,0.05,5,1.0,0.8,1.0,5,2.2690034894826114,0.9047401218552282,7.532705541226088,11.284538214925659
A,25,10,115,300,0.05,5,1.0,0.8,10.0,1,2.2521395290366852,0.9053813568949147,7.515237949098766,11.248489527319062
A,25,10,115,300,0.05,5,1.0,0.8,10.0,5,2.2549118732354057,0.9054012819786253,7.514126068432057,11.253544550775704
A,25,10,115,300,0.05,5,1.0,1.0,0.1,1,2.290314966212015,0.9037842259307546,7.532298284081719,11.302679939757471
A,25,10,115,300,0.05,5,1.0,1.0,0.1,5,2.2891143843930126,0.9043874463172802,7.517642633693422,11.29078132341452
A,25,10,115,300,0.05,5,1.0,1.0,1.0,1,2.301883080182126,0.9045303341294039,7.521869615679089,11.305498917093807
A,25,10,115,300,0.05,5,1.0,1.0,1.0,5,2.2991407013609075,0.9042430671710402,7.5322344278018125,11.313459256987667
A,25,10,115,300,0.05,5,1.0,1.0,10.0,1,2.2819653009084457,0.9052065498638548,7.502874742608839,11.288897006686117
A,25,10,115,300,0.05,5,1.0,1.0,10.0,5,2.285271830298183,0.9047814566769237,7.498015953662426,11.26881842605329
A,25,10,115,300,0.1,3,0.8,0.8,0.1,1,2.183017649065527,0.9069606928416244,7.572449039475181,11.150605035034673
A,25,10,115,300,0.1,3,0.8,0.8,0.1,5,2.2008741881690543,0.9062979096455145,7.584152476172778,11.175867408753685
A,25,10,115,300,0.1,3,0.8,0.8,1.0,1,2.197857474837811,0.9059779939145811,7.596888531471636,11.177661962124244
A,25,10,115,300,0.1,3,0.8,0.8,1.0,5,2.2038725736463887,0.9061687435925976,7.596641707332033,11.190766031295173
A,25,10,115,300,0.1,3,0.8,0.8,10.0,1,2.1931883453514596,0.9067428643849367,7.578811327943534,11.17092660010243
A,25,10,115,300,0.1,3,0.8,0.8,10.0,5,2.19523168172924,0.9070614300096181,7.566800214092277,11.164925794594197
A,25,10,115,300,0.1,3,0.8,1.0,0.1,1,2.23315937971096,0.9060294521972374,7.573986539635979,11.212987429746548
A,25,10,115,300,0.1,3,0.8,1.0,0.1,5,2.2245740187222918,0.9064002363572399,7.552676207972604,11.194137771361337
A,25,10,115,300,0.1,3,0.8,1.0,1.0,1,2.207438180661345,0.9063239871905268,7.561494872119373,11.181374063713289
A,25,10,115,300,0.1,3,0.8,1.0,1.0,5,2.213215766064868,0.9064860542836082,7.555689120138068,11.181944328229829
A,25,10,115,300,0.1,3,0.8,1.0,10.0,1,2.1950853316116077,0.906627578950779,7.5616152968354955,11.175120852029119
A,25,10,115,300,0.1,3,0.8,1.0,10.0,5,2.2035739049880325,0.906105201781435,7.570054219803168,11.194439970493775
A,25,10,115,300,0.1,3,1.0,0.8,0.1,1,2.2078291462892112,0.9071638510531524,7.572276139529876,11.179215731960731
A,25,10,115,300,0.1,3,1.0,0.8,0.1,5,2.2175419768927895,0.9065302862495115,7.589216676505967,11.197735667228159
A,25,10,115,300,0.1,3,1.0,0.8,1.0,1,2.2079462359704145,0.906848367803055,7.57804916214306,11.19130826486448
A,25,10,115,300,0.1,3,1.0,0.8,1.0,5,2.2039559394937753,0.9070097463112126,7.5788240625983745,11.189757571461541
A,25,10,115,300,0.1,3,1.0,0.8,10.0,1,2.2037628487705185,0.9067224746049452,7.560914783350529,11.167259506910202
A,25,10,115,300,0.1,3,1.0,0.8,10.0,5,2.1974190376855027,0.9071835808869608,7.549304721416308,11.156409736053151
A,25,10,115,300,0.1,3,1.0,1.0,0.1,1,2.214590991437923,0.9069624564853418,7.569836661158672,11.215777276731808
A,25,10,115,300,0.1,3,1.0,1.0,0.1,5,2.2272769840311035,0.9064937112958713,7.593925677186327,11.238404466244315
A,25,10,115,300,0.1,3,1.0,1.0,1.0,1,2.2174642625625274,0.9065985513504943,7.575343499737498,11.223980549384118
A,25,10,115,300,0.1,3,1.0,1.0,1.0,5,2.2240073769830566,0.9064008454939817,7.579097003934872,11.232672290744247
A,25,10,115,300,0.1,3,1.0,1.0,10.0,1,2.219929452125723,0.9073017299371301,7.558540598468014,11.21943378995731
A,25,10,115,300,0.1,3,1.0,1.0,10.0,5,2.2295616975533985,0.9075811473268948,7.563962300318266,11.229806121609693
A,25,10,115,300,0.1,5,0.8,0.8,0.1,1,2.427523520696675,0.8996983702235312,7.780384268014106,11.57122228276356
A,25,10,115,300,0.1,5,0.8,0.8,0.1,5,2.4076989170263388,0.9000325262499687,7.7703717809843535,11.548795303867907
A,25,10,115,300,0.1,5,0.8,0.8,1.0,1,2.418186104501441,0.9002979311234863,7.771383161252052,11.562953968256547
A,25,10,115,300,0.1,5,0.8,0.8,1.0,5,2.407551005904701,0.9001515840200167,7.769813274237771,11.541528383284211
A,25,10,115,300,0.1,5,0.8,0.8,10.0,1,2.3685619197552508,0.9009385263080147,7.7336982426994725,11.48672047119042
A,25,10,115,300,0.1,5,0.8,0.8,10.0,5,2.3732696118203944,0.9008646912073022,7.711261471204719,11.487267992567856
A,25,10,115,300,0.1,5,0.8,1.0,0.1,1,2.4810799099067165,0.8983964001186177,7.826333887874034,11.694033185742594
A,25,10,115,300,0.1,5,0.8,1.0,0.1,5,2.4757390868951705,0.8995139075739287,7.809874119221976,11.656583386631185
A,25,10,115,300,0.1,5,0.8,1.0,1.0,1,2.463083914055118,0.8994929850605347,7.780513881211275,11.626363306955508
A,25,10,115,300,0.1,5,0.8,1.0,1.0,5,2.47276198823836,0.8991510081947653,7.8036939298740835,11.643358986173125
A,25,10,115,300,0.1,5,0.8,1.0,10.0,1,2.437328514564541,0.9001940387400996,7.740420916371389,11.57454104331973
A,25,10,115,300,0.1,5,0.8,1.0,10.0,5,2.432531324908676,0.8999378171812996,7.743866857295456,11.570786726622046
A,25,10,115,300,0.1,5,1.0,0.8,0.1,1,2.3965002803335294,0.9004872259881544,7.733183255682111,11.514518847267622
A,25,10,115,300,0.1,5,1.0,0.8,0.1,5,2.3919489370647673,0.9008744888026804,7.724613706451427,11.509263557751426
A,25,10,115,300,0.1,5,1.0,0.8,1.0,1,2.41712141030193,0.9009711041906723,7.732816623363734,11.522310023776912
A,25,10,115,300,0.1,5,1.0,0.8,1.0,5,2.3950379562313486,0.9007585404170566,7.7364431851139175,11.515949621740875
A,25,10,115,300,0.1,5,1.0,0.8,10.0,1,2.3644553205818624,0.9021925071845299,7.673292683709015,11.439657163820609
A,25,10,115,300,0.1,5,1.0,0.8,10.0,5,2.373564374387912,0.901719887306576,7.676502408845927,11.445163322348161
A,25,10,115,300,0.1,5,1.0,1.0,0.1,1,2.4265845277076807,0.9004128901490802,7.734158468352393,11.546801846678127
A,25,10,115,300,0.1,5,1.0,1.0,0.1,5,2.4195169752168164,0.900211400427224,7.728054152155859,11.571116567498938
A,25,10,115,300,0.1,5,1.0,1.0,1.0,1,2.4071816850905847,0.8998086589283943,7.720452256267171,11.535160929080964
A,25,10,115,300,0.1,5,1.0,1.0,1.0,5,2.4386385441372367,0.9000275624610238,7.733596392502254,11.54140395969647
A,25,10,115,300,0.1,5,1.0,1.0,10.0,1,2.3718982896892937,0.9013081253262707,7.699652350707095,11.480996130134233
A,25,10,115,300,0.1,5,1.0,1.0,10.0,5,2.3906307398282065,0.9009382288497984,7.7058829829055355,11.504866745307481
A,25,10,120,100,0.05,3,0.8,0.8,0.1,1,2.865689696700125,0.8987474491039776,8.772930406931533,12.374860552842588
A,25,10,120,100,0.05,3,0.8,0.8,0.1,5,2.8728568570521125,0.8986301837291718,8.780969095905153,12.383642950669744
A,25,10,120,100,0.05,3,0.8,0.8,1.0,1,2.8672742782479164,0.8984784774189561,8.785444666010102,12.38403557056912
A,25,10,120,100,0.05,3,0.8,0.8,1.0,5,2.8633251443879724,0.8986034988409786,8.778422165564916,12.380386145510164
A,25,10,120,100,0.05,3,0.8,0.8,10.0,1,2.8776856467821963,0.8983486051519547,8.800150519142214,12.41095717590724
A,25,10,120,100,0.05,3,0.8,0.8,10.0,5,2.8737451738622157,0.8983996415210787,8.795144854354291,12.407748247249849
A,25,10,120,100,0.05,3,0.8,1.0,0.1,1,2.8865678546451727,0.8985516602152976,8.737535306482412,12.381685421181771
A,25,10,120,100,0.05,3,0.8,1.0,0.1,5,2.8860138050160984,0.898620612034874,8.733063023984283,12.37740659820727
A,25,10,120,100,0.05,3,0.8,1.0,1.0,1,2.8924660558378354,0.8987844316113216,8.730680715504743,12.383314722308647
A,25,10,120,100,0.05,3,0.8,1.0,1.0,5,2.8905988855784313,0.8986964339915675,8.731120427525894,12.383276007021147
A,25,10,120,100,0.05,3,0.8,1.0,10.0,1,2.9023317830881465,0.8985213681767256,8.752232073057428,12.404754410107582
A,25,10,120,100,0.05,3,0.8,1.0,10.0,5,2.897625377394448,0.8986656128134447,8.746005642953326,12.397071388627996
A,25,10,120,100,0.05,3,1.0,0.8,0.1,1,2.8468494683208005,0.899349882519328,8.74873948421936,12.340321599261884
A,25,10,120,100,0.05,3,1.0,0.8,0.1,5,2.8499273799801026,0.8992283215844352,8.75768502970717,12.34987600663558
A,25,10,120,100,0.05,3,1.0,0.8,1.0,1,2.840324045078011,0.8992763607159823,8.748241470770209,12.330065444721809
A,25,10,120,100,0.05,3,1.0,0.8,1.0,5,2.8381632768726144,0.8993746328260708,8.742803284644024,12.32462277401133
A,25,10,120,100,0.05,3,1.0,0.8,10.0,1,2.881077207847329,0.8985727990063541,8.802180090326425,12.40257464558459
A,25,10,120,100,0.05,3,1.0,0.8,10.0,5,2.8788805562593263,0.8987119350482276,8.798270859255375,12.399870256345604
A,25,10,120,100,0.05,3,1.0,1.0,0.1,1,2.890331678996751,0.8986607643368488,8.724386353804666,12.368419742605942
A,25,10,120,100,0.05,3,1.0,1.0,0.1,5,2.897099064243431,0.8986941328110282,8.724923756124117,12.375306351662358
A,25,10,120,100,0.05,3,1.0,1.0,1.0,1,2.903205248365075,0.8983912089002853,8.745894897573034,12.387023678983862
A,25,10,120,100,0.05,3,1.0,1.0,1.0,5,2.9026620567858643,0.8984858929010535,8.753678372234292,12.391458962830466
A,25,10,120,100,0.05,3,1.0,1.0,10.0,1,2.905918428169542,0.8985204263295055,8.74892061874314,12.398262631170775
A,25,10,120,100,0.05,3,1.0,1.0,10.0,5,2.9058861620296685,0.8985219956951234,8.748759293362639,12.398176362980966
A,25,10,120,100,0.05,5,0.8,0.8,0.1,1,2.72289341175235,0.9008904724130495,8.358967156919672,12.122139808690777
A,25,10,120,100,0.05,5,0.8,0.8,0.1,5,2.7298858679052986,0.9007340876123514,8.359291618970914,12.126635242451368
A,25,10,120,100,0.05,5,0.8,0.8,1.0,1,2.72997064152817,0.900631334424493,8.36883285007045,12.121578294977278
A,25,10,120,100,0.05,5,0.8,0.8,1.0,5,2.7323231080567743,0.9008043472631335,8.35790501906008,12.120513670262621
A,25,10,120,100,0.05,5,0.8,0.8,10.0,1,2.725160746326794,0.9004520343047465,8.385374386472742,12.142861360970759
A,25,10,120,100,0.05,5,0.8,0.8,10.0,5,2.7222053281633998,0.9006558987012326,8.397152895491043,12.141850641639977
A,25,10,120,100,0.05,5,0.8,1.0,0.1,1,2.737777196861031,0.9006376582972587,8.312578037404762,12.12686420938858
A,25,10,120,100,0.05,5,0.8,1.0,0.1,5,2.722556545531279,0.900895362443741,8.287500618052261,12.088709046103215
A,25,10,120,100,0.05,5,0.8,1.0,1.0,1,2.7233773236435503,0.9006981140040276,8.299173015618566,12.100985684790887
A,25,10,120,100,0.05,5,0.8,1.0,1.0,5,2.72965509326779,0.9007215935326084,8.300333890557226,12.10727590670221
A,25,10,120,100,0.05,5,0.8,1.0,10.0,1,2.7206024423652146,0.9006524232904084,8.3336528397742,12.103165558759319
A,25,10,120,100,0.05,5,0.8,1.0,10.0,5,2.724609209320389,0.900650982032186,8.323940278315629,12.102945296032395
A,25,10,120,100,0.05,5,1.0,0.8,0.1,1,2.739565810867103,0.900164641416121,8.386999804655604,12.136174882295004
A,25,10,120,100,0.05,5,1.0,0.8,0.1,5,2.732998327354257,0.9001034471864182,8.388272433753233,12.146904159178337
A,25,10,120,100,0.05,5,1.0,0.8,1.0,1,2.741563953605298,0.8999352164526642,8.410022086969786,12.16420000027857
A,25,10,120,100,0.05,5,1.0,0.8,1.0,5,2.730026560236043,0.9000323902425984,8.398971186559134,12.13916954255724
A,25,10,120,100,0.05,5,1.0,0.8,10.0,1,2.747523804206761,0.8997692345523172,8.436022089447238,12.17058959610936
A,25,10,120,100,0.05,5,1.0,0.8,10.0,5,2.7315712577802884,0.9001317555316479,8.420039162789717,12.163106939804956
A,25,10,120,100,0.05,5,1.0,1.0,0.1,1,2.7576829989480514,0.9004308052150225,8.337092206891528,12.145341577407653
A,25,10,120,100,0.05,5,1.0,1.0,0.1,5,2.766246441545691,0.900411527875743,8.336375511996048,12.149894535993571
A,25,10,120,100,0.05,5,1.0,1.0,1.0,1,2.720595952559626,0.9008234897098226,8.314058752889538,12.099890938419556
A,25,10,120,100,0.05,5,1.0,1.0,1.0,5,2.746934777029186,0.9006157595908422,8.325550848245731,12.123742463125323
A,25,10,120,100,0.05,5,1.0,1.0,10.0,1,2.7580583846487654,0.9005774020817222,8.364209628752976,12.13736295015158
A,25,10,120,100,0.05,5,1.0,1.0,10.0,5,2.738698212080815,0.900713667788769,8.358027205758841,12.12128429619981
A,25,10,120,100,0.1,3,0.8,0.8,0.1,1,2.735555165369866,0.899161328155824,8.52741072675029,12.236753686851113
A,25,10,120,100,0.1,3,0.8,0.8,0.1,5,2.744268185107546,0.8991250210952935,8.519199744835415,12.244419393610928
A,25,10,120,100,0.1,3,0.8,0.8,1.0,1,2.754125346191491,0.8990885784073294,8.497353629702037,12.23278968996322
A,25,10,120,100,0.1,3,0.8,0.8,1.0,5,2.7514412718941434,0.8989779900719185,8.513245114748624,12.242883202941382
A,25,10,120,100,0.1,3,0.8,0.8,10.0,1,2.737964650976755,0.8993205397936122,8.498449164405173,12.213934554671145
A,25,10,120,100,0.1,3,0.8,0.8,10.0,5,2.7319695747671373,0.8994351752041598,8.488806756266545,12.206004190310024
A,25,10,120,100,0.1,3,0.8,1.0,0.1,1,2.752022520242208,0.899457359845143,8.495620373662543,12.232288870959447
A,25,10,120,100,0.1,3,0.8,1.0,0.1,5,2.7494556493849958,0.8993561942026904,8.470444017540233,12.21927029521236
A,25,10,120,100,0.1,3,0.8,1.0,1.0,1,2.7479783109757254,0.8994377643193163,8.477012458630368,12.2307113005312
A,25,10,120,100,0.1,3,0.8,1.0,1.0,5,2.7321701001875245,0.899287778889953,8.482634515195933,12.217667974135509
A,25,10,120,100,0.1,3,0.8,1.0,10.0,1,2.7834938128071376,0.8987037071696896,8.526533397700131,12.283604830007445
A,25,10,120,100,0.1,3,0.8,1.0,10.0,5,2.7850324500665016,0.8986482935168925,8.531177846746328,12.291160005892987
A,25,10,120,100,0.1,3,1.0,0.8,0.1,1,2.7838762710726597,0.8987736917847131,8.543094521558098,12.275294961520128
A,25,10,120,100,0.1,3,1.0,0.8,0.1,5,2.7812724039387553,0.8986322109342282,8.546048663869723,12.28149768977603
A,25,10,120,100,0.1,3,1.0,0.8,1.0,1,2.771429031296843,0.8992682130903287,8.494701275935572,12.239274122461707
A,25,10,120,100,0.1,3,1.0,0.8,1.0,5,2.76568828917396,0.8992144976854851,8.50479879794221,12.241863049270915
A,25,10,120,100,0.1,3,1.0,0.8,10.0,1,2.7657063679802043,0.8991364712964035,8.526875598291246,12.251275897943788
A,25,10,120,100,0.1,3,1.0,0.8,10.0,5,2.7703418518734013,0.8988632807339598,8.532977107447781,12.25905365920715
A,25,10,120,100,0.1,3,1.0,1.0,0.1,1,2.769596082341076,0.8998904799081322,8.450837420360504,12.236284338165266
A,25,10,120,100,0.1,3,1.0,1.0,0.1,5,2.774204456066051,0.8996926424640819,8.460888009471526,12.246044928061044
A,25,10,120,100,0.1,3,1.0,1.0,1.0,1,2.807636123183411,0.899553528578004,8.494472684020796,12.276309670030205
A,25,10,120,100,0.1,3,1.0,1.0,1.0,5,2.8004010094874316,0.8994857230104294,8.48690331363974,12.275970962143603
A,25,10,120,100,0.1,3,1.0,1.0,10.0,1,2.773078812847884,0.8995979477642179,8.481351244125225,12.24039613710612
A,25,10,120,100,0.1,3,1.0,1.0,10.0,5,2.7800420333495257,0.899524771138917,8.481451330669291,12.243911033462771
A,25,10,120,100,0.1,5,0.8,0.8,0.1,1,2.7979111887995067,0.8973918726992827,8.3690561328934,12.270124010644194
A,25,10,120,100,0.1,5,0.8,0.8,0.1,5,2.7937098251297905,0.8980199457546476,8.354355265947833,12.25064435696772
A,25,10,120,100,0.1,5,0.8,0.8,1.0,1,2.757429388954106,0.8983443281499479,8.320306719695948,12.20575284414549
A,25,10,120,100,0.1,5,0.8,0.8,1.0,5,2.8230065158715436,0.8979261268091875,8.358263120427594,12.266489346199977
A,25,10,120,100,0.1,5,0.8,0.8,10.0,1,2.788638775560019,0.8980813096159104,8.351264091796711,12.237963923420077
A,25,10,120,100,0.1,5,0.8,0.8,10.0,5,2.774548307111759,0.8983262624061931,8.332394318632883,12.210534141455527
A,25,10,120,100,0.1,5,0.8,1.0,0.1,1,2.831898908342082,0.8976561888936294,8.374260656997834,12.305045388856083
A,25,10,120,100,0.1,5,0.8,1.0,0.1,5,2.8432348473883864,0.8975660003995826,8.364887411165599,12.305780482219667
A,25,10,120,100,0.1,5,0.8,1.0,1.0,1,2.8419515473551593,0.897865366766293,8.329871841762202,12.272856144008925
A,25,10,120,100,0.1,5,0.8,1.0,1.0,5,2.8471791430114926,0.897852171907705,8.349735485534461,12.279216072926342
A,25,10,120,100,0.1,5,0.8,1.0,10.0,1,2.8009072271632207,0.8983830948781097,8.330896185521595,12.232087939284735
A,25,10,120,100,0.1,5,0.8,1.0,10.0,5,2.787961181520912,0.8983943393056443,8.311067120948898,12.20456903443284
A,25,10,120,100,0.1,5,1.0,0.8,0.1,1,2.798820755339926,0.8986633532491052,8.355078673474967,12.25720279414631
A,25,10,120,100,0.1,5,1.0,0.8,0.1,5,2.7929182994098314,0.8986790492023566,8.357683261537607,12.266322008967848
A,25,10,120,100,0.1,5,1.0,0.8,1.0,1,2.807827523238119,0.8985433850382435,8.345486524878016,12.255832499899046
A,25,10,120,100,0.1,5,1.0,0.8,1.0,5,2.78162260535095,0.8985471276749507,8.331031348895836,12.219039673296928
A,25,10,120,100,0.1,5,1.0,0.8,10.0,1,2.7807970037485212,0.8986477791758176,8.345065630383866,12.226326980893742
A,25,10,120,100,0.1,5,1.0,0.8,10.0,5,2.8008745154497814,0.898296612252409,8.34709215401032,12.24268871031393
A,25,10,120,100,0.1,5,1.0,1.0,0.1,1,2.807360821596962,0.8982064859358418,8.333284540630412,12.244431725930664
A,25,10,120,100,0.1,5,1.0,1.0,0.1,5,2.797197627328404,0.8985036623344062,8.327687696169665,12.23955995319365
A,25,10,120,100,0.1,5,1.0,1.0,1.0,1,2.796815063265035,0.8986050097672365,8.312310691772781,12.211306346435578
A,25,10,120,100,0.1,5,1.0,1.0,1.0,5,2.8045858610899437,0.8985418476570892,8.305644439661844,12.212854872857612
A,25,10,120,100,0.1,5,1.0,1.0,10.0,1,2.7769306893136347,0.8987309323815975,8.304117764981628,12.189555372949158
A,25,10,120,100,0.1,5,1.0,1.0,10.0,5,2.7747000748187767,0.8991571273918286,8.286808972241891,12.182856912891339
A,25,10,120,200,0.05,3,0.8,0.8,0.1,1,2.752095623670651,0.8997339179158514,8.485993814437307,12.226514976583008
A,25,10,120,200,0.05,3,0.8,0.8,0.1,5,2.750507172966162,0.8997177467977693,8.488174840685293,12.226385868839658
A,25,10,120,200,0.05,3,0.8,0.8,1.0,1,2.746339535085453,0.8998006453084768,8.482863327423283,12.232545083312319
A,25,10,120,200,0.05,3,0.8,0.8,1.0,5,2.7398547426372586,0.8997766099818317,8.486045881153405,12.230387550079765
A,25,10,120,200,0.05,3,0.8,0.8,10.0,1,2.7408965402067835,0.8996335662958866,8.497944106361508,12.236283844605877
A,25,10,120,200,0.05,3,0.8,0.8,10.0,5,2.7430192879068764,0.899704013549796,8.498706594850741,12.24106719637646
A,25,10,120,200,0.05,3,0.8,1.0,0.1,1,2.765278870922722,0.8997227653900847,8.464364520971834,12.233009592748397
A,25,10,120,200,0.05,3,0.8,1.0,0.1,5,2.7617239165615644,0.8996847062166046,8.457345030688174,12.227150099036203
A,25,10,120,200,0.05,3,0.8,1.0,1.0,1,2.7687715123988887,0.8998130684855573,8.46270675260466,12.237567622966598
A,25,10,120,200,0.05,3,0.8,1.0,1.0,5,2.771089292110651,0.899652249035378,8.466133522896511,12.238684718888855
A,25,10,120,200,0.05,3,0.8,1.0,10.0,1,2.773474285894734,0.8996971482274025,8.473016116822057,12.246989746504111
A,25,10,120,200,0.05,3,0.8,1.0,10.0,5,2.7782252816744624,0.8995358894704703,8.473542536044015,12.252332671924787
A,25,10,120,200,0.05,3,1.0,0.8,0.1,1,2.7438745831986333,0.9003845677981606,8.483278899875593,12.200489324672626
A,25,10,120,200,0.05,3,1.0,0.8,0.1,5,2.735206198652493,0.9003303651510312,8.477991034220723,12.194766378630375
A,25,10,120,200,0.05,3,1.0,0.8,1.0,1,2.7256222533003873,0.9000233426089466,8.468310202636605,12.182851294104932
A,25,10,120,200,0.05,3,1.0,0.8,1.0,5,2.7151286336492744,0.9004461668762032,8.445784435528953,12.159845397897929
A,25,10,120,200,0.05,3,1.0,0.8,10.0,1,2.7629706179966385,0.8997523227331381,8.522507274073039,12.251410261285114
A,25,10,120,200,0.05,3,1.0,0.8,10.0,5,2.7672601971173654,0.8997255916330907,8.526918384089251,12.2556678684913
A,25,10,120,200,0.05,3,1.0,1.0,0.1,1,2.775257108584797,0.8999043647422404,8.45873914916468,12.221254211238435
A,25,10,120,200,0.05,3,1.0,1.0,0.1,5,2.7876598339356944,0.8999499596184387,8.454802735724224,12.232398551267982
A,25,10,120,200,0.05,3,1.0,1.0,1.0,1,2.788965721302013,0.8994923590749696,8.472087671540223,12.239038063494991
A,25,10,120,200,0.05,3,1.0,1.0,1.0,5,2.7863729106642063,0.8995309303191347,8.474544181013734,12.23796277378846
A,25,10,120,200,0.05,3,1.0,1.0,10.0,1,2.787153181222206,0.8998863842610971,8.46796765259277,12.243807145003615
A,25,10,120,200,0.05,3,1.0,1.0,10.0,5,2.788070915579932,0.8998762016407869,8.462138794555022,12.245272682717701
A,25,10,120,200,0.05,5,0.8,0.8,0.1,1,2.765404517249805,0.8987601862289131,8.31913421848626,12.198064407295174
A,25,10,120,200,0.05,5,0.8,0.8,0.1,5,2.7701842858630608,0.898658909585723,8.322317806123518,12.203550083991221
A,25,10,120,200,0.05,5,0.8,0.8,1.0,1,2.7622202421486337,0.8989995185026085,8.320299974599461,12.181827304523413
A,25,10,120,200,0.05,5,0.8,0.8,1.0,5,2.770359172382324,0.8987250305254131,8.32295395118877,12.20350048462902
A,25,10,120,200,0.05,5,0.8,0.8,10.0,1,2.753276920291387,0.8992462786494109,8.303249221148453,12.178798051911164
A,25,10,120,200,0.05,5,0.8,0.8,10.0,5,2.738087121950449,0.8995943612777225,8.305680360736758,12.174635185493454
A,25,10,120,200,0.05,5,0.8,1.0,0.1,1,2.7996138283769194,0.898301434146474,8.310847558413553,12.238142208687137
A,25,10,120,200,0.05,5,0.8,1.0,0.1,5,2.7909393126418753,0.8983214658103702,8.286618097890655,12.203012178376106
A,25,10,120,200,0.05,5,0.8,1.0,1.0,1,2.789173741969138,0.8982230392483004,8.292248733223506,12.211303918521995
A,25,10,120,200,0.05,5,0.8,1.0,1.0,5,2.7845426661993735,0.8982949373091378,8.296090411498028,12.214883892706828
A,25,10,120,200,0.05,5,0.8,1.0,10.0,1,2.774075168880551,0.898672529406336,8.307084452151319,12.196941002355729
A,25,10,120,200,0.05,5,0.8,1.0,10.0,5,2.7702657924285994,0.8984196400404667,8.295499905587748,12.193229896770525
A,25,10,120,200,0.05,5,1.0,0.8,0.1,1,2.772147106825752,0.8986573216431379,8.337780197822736,12.210311368673771
A,25,10,120,200,0.05,5,1.0,0.8,0.1,5,2.756841847826512,0.8986321664250854,8.334051132264921,12.202960427370789
A,25,10,120,200,0.05,5,1.0,0.8,1.0,1,2.7709312395750714,0.8986130070744578,8.342504881751708,12.228399052062167
A,25,10,120,200,0.05,5,1.0,0.8,1.0,5,2.7607160808673563,0.8985497310380219,8.350723417668444,12.207263115976042
A,25,10,120,200,0.05,5,1.0,0.8,10.0,1,2.7569055656918975,0.8990333033360958,8.32851451226532,12.196033730731386
A,25,10,120,200,0.05,5,1.0,0.8,10.0,5,2.74874582083468,0.8990612758568022,8.333060462224783,12.194579483445272
A,25,10,120,200,0.05,5,1.0,1.0,0.1,1,2.797174758017974,0.8985061033462468,8.32622233698324,12.239927162107303
A,25,10,120,200,0.05,5,1.0,1.0,0.1,5,2.817874204609839,0.8986917827473851,8.304786455299753,12.243003146406004
A,25,10,120,200,0.05,5,1.0,1.0,1.0,1,2.7518090408644973,0.8990359136905081,8.279063351340971,12.178686997713097
A,25,10,120,200,0.05,5,1.0,1.0,1.0,5,2.7816459515465075,0.8989689638719314,8.290825572229375,12.196521730864236
A,25,10,120,200,0.05,5,1.0,1.0,10.0,1,2.7725617476848186,0.8991821705400307,8.303498451638237,12.188874252423735
A,25,10,120,200,0.05,5,1.0,1.0,10.0,5,2.7527521688448906,0.899307710585434,8.293333359482254,12.172109874224189
A,25,10,120,200,0.1,3,0.8,0.8,0.1,1,2.6924055429575566,0.8993835133835095,8.46790237290865,12.196077249579698
A,25,10,120,200,0.1,3,0.8,0.8,0.1,5,2.6968189519051586,0.8992290146364376,8.467074572986482,12.201693140364773
A,25,10,120,200,0.1,3,0.8,0.8,1.0,1,2.721944336881979,0.8988589097439321,8.480028791859327,12.214236199233497
A,25,10,120,200,0.1,3,0.8,0.8,1.0,5,2.7230136154553306,0.8988872059346598,8.473974352832808,12.214977531343477
A,25,10,120,200,0.1,3,0.8,0.8,10.0,1,2.6924635751603163,0.8996435619794108,8.435932996825114,12.158735213965617
A,25,10,120,200,0.1,3,0.8,0.8,10.0,5,2.6848593799170253,0.8998529760383983,8.42911333787966,12.162333515729738
A,25,10,120,200,0.1,3,0.8,1.0,0.1,1,2.7136849758115753,0.8991713648893584,8.443926796670748,12.19838799301706
A,25,10,120,200,0.1,3,0.8,1.0,0.1,5,2.710865623397276,0.8993249338815275,8.42570730665736,12.186038745302387
A,25,10,120,200,0.1,3,0.8,1.0,1.0,1,2.7085736596118877,0.8992912313973092,8.43257335435948,12.189880374469444
A,25,10,120,200,0.1,3,0.8,1.0,1.0,5,2.7010430003158667,0.8989925098752611,8.444640015092698,12.186819457708392
A,25,10,120,200,0.1,3,0.8,1.0,10.0,1,2.7089639451759053,0.8989526093702747,8.457951186105195,12.21256604322495
A,25,10,120,200,0.1,3,0.8,1.0,10.0,5,2.7182830359480272,0.8988063986825828,8.473214760644277,12.227118030595829
A,25,10,120,200,0.1,3,1.0,0.8,0.1,1,2.735390324668599,0.8993600183387865,8.46515232050508,12.214805713678548
A,25,10,120,200,0.1,3,1.0,0.8,0.1,5,2.7326641114578645,0.8992124861160459,8.473680634207197,12.221192541840574
A,25,10,120,200,0.1,3,1.0,0.8,1.0,1,2.7193798210249396,0.8995564603134429,8.4400189262178,12.188232341313928
A,25,10,120,200,0.1,3,1.0,0.8,1.0,5,2.7184357478021517,0.8992067460600108,8.44076064429505,12.197480452244864
A,25,10,120,200,0.1,3,1.0,0.8,10.0,1,2.710836102208444,0.899423993944272,8.446196636420728,12.187200464036007
A,25,10,120,200,0.1,3,1.0,0.8,10.0,5,2.7237180416396987,0.8990827103437985,8.475232187102367,12.21747749092357
A,25,10,120,200,0.1,3,1.0,1.0,0.1,1,2.7362440676570374,0.8996179611972825,8.420056165786576,12.229379095283658
A,25,10,120,200,0.1,3,1.0,1.0,0.1,5,2.7316153203567435,0.8997082966318335,8.40801838843695,12.216066216492772
A,25,10,120,200,0.1,3,1.0,1.0,1.0,1,2.7349855371207674,0.8995802684496036,8.410699802412328,12.213017858106284
A,25,10,120,200,0.1,3,1.0,1.0,1.0,5,2.7367261049063103,0.8998558325569335,8.409671888462405,12.212862414932689
A,25,10,120,200,0.1,3,1.0,1.0,10.0,1,2.720208794577585,0.8996159775319846,8.427724574917262,12.200567097011362
A,25,10,120,200,0.1,3,1.0,1.0,10.0,5,2.7227304347223638,0.8996908772325793,8.415070282941198,12.195227085048051
A,25,10,120,200,0.1,5,0.8,0.8,0.1,1,2.8808719757150785,0.8948245727008703,8.509720418586118,12.429071402327871
A,25,10,120,200,0.1,5,0.8,0.8,0.1,5,2.8913690997643484,0.8950554367499975,8.50634564952384,12.428258490644666
A,25,10,120,200,0.1,5,0.8,0.8,1.0,1,2.8716343357109855,0.8951020747793994,8.474219603093509,12.38792999531012
A,25,10,120,200,0.1,5,0.8,0.8,1.0,5,2.955429559698622,0.8945471189715246,8.533087510134134,12.469272978934253
A,25,10,120,200,0.1,5,0.8,0.8,10.0,1,2.8739699203217945,0.8950317845134694,8.503075860283193,12.398340382339484
A,25,10,120,200,0.1,5,0.8,0.8,10.0,5,2.8641005745870376,0.8958544046614987,8.460945038017975,12.358742773385979
A,25,10,120,200,0.1,5,0.8,1.0,0.1,1,2.9613676655229924,0.8936331755938607,8.556713631550396,12.525121127079185
A,25,10,120,200,0.1,5,0.8,1.0,0.1,5,2.970977285280619,0.8937178573021336,8.553982343915823,12.526047053869954
A,25,10,120,200,0.1,5,0.8,1.0,1.0,1,2.9584570827306655,0.8943934241956528,8.519915617042662,12.4869299604568
A,25,10,120,200,0.1,5,0.8,1.0,1.0,5,2.945918100825483,0.894311818852721,8.549881492281575,12.496296113538898
A,25,10,120,200,0.1,5,0.8,1.0,10.0,1,2.90046788251139,0.8949260413125438,8.49822808475833,12.427033384533573
A,25,10,120,200,0.1,5,0.8,1.0,10.0,5,2.888371662064503,0.8953491670329704,8.468025709003378,12.392348949724198
A,25,10,120,200,0.1,5,1.0,0.8,0.1,1,2.8725030166109953,0.8954986976434224,8.486148210988985,12.409068842836692
A,25,10,120,200,0.1,5,1.0,0.8,0.1,5,2.8707651684730697,0.8957660362278397,8.488611810486267,12.413201175657525
A,25,10,120,200,0.1,5,1.0,0.8,1.0,1,2.8774683651812296,0.8956683560443798,8.487388194504549,12.409624285612876
A,25,10,120,200,0.1,5,1.0,0.8,1.0,5,2.8733555947425944,0.8953721927820325,8.47796418421231,12.383604616058324
A,25,10,120,200,0.1,5,1.0,0.8,10.0,1,2.8491219877542413,0.8961240638353658,8.459178626338716,12.35263581324573
A,25,10,120,200,0.1,5,1.0,0.8,10.0,5,2.857666751990903,0.895643834531257,8.459774544526804,12.369709121489091
A,25,10,120,200,0.1,5,1.0,1.0,0.1,1,2.907286785553428,0.8947131544223303,8.495689176355432,12.437668100417513
A,25,10,120,200,0.1,5,1.0,1.0,0.1,5,2.9226040722057425,0.8951393807135031,8.481527667726445,12.432306805580218
A,25,10,120,200,0.1,5,1.0,1.0,1.0,1,2.915460911584822,0.8948116777419621,8.494811134002864,12.418240312599952
A,25,10,120,200,0.1,5,1.0,1.0,1.0,5,2.9029281743514788,0.8954639787567847,8.46460858828253,12.401129563668256
A,25,10,120,200,0.1,5,1.0,1.0,10.0,1,2.897426793145679,0.8952728410251153,8.466512219588372,12.392694885782818
A,25,10,120,200,0.1,5,1.0,1.0,10.0,5,2.8749105728324644,0.8960736356997835,8.434740039612903,12.3700375124847
A,25,10,120,300,0.05,3,0.8,0.8,0.1,1,2.71853117065303,0.8998249521222826,8.432941781789822,12.181670295509708
A,25,10,120,300,0.05,3,0.8,0.8,0.1,5,2.7131602450864856,0.8996730225419569,8.441567856457771,12.18463658013502
A,25,10,120,300,0.05,3,0.8,0.8,1.0,1,2.71799348761079,0.8997596258027768,8.442666634312108,12.195676690339662
A,25,10,120,300,0.05,3,0.8,0.8,1.0,5,2.7106867082703108,0.8995937370799592,8.44007697825109,12.19092414201251
A,25,10,120,300,0.05,3,0.8,0.8,10.0,1,2.712969357821394,0.8997710750303346,8.444252490071339,12.193666388369984
A,25,10,120,300,0.05,3,0.8,0.8,10.0,5,2.7115535746488186,0.8998239194796108,8.443044465773458,12.195116980599781
A,25,10,120,300,0.05,3,0.8,1.0,0.1,1,2.7200831234137617,0.899963484221446,8.404046743814122,12.179183497424129
A,25,10,120,300,0.05,3,0.8,1.0,0.1,5,2.7206028324381317,0.8999750544879502,8.41008834536423,12.181214918014957
A,25,10,120,300,0.05,3,0.8,1.0,1.0,1,2.7220058096810646,0.9000474779235705,8.407061273656597,12.179256263867968
A,25,10,120,300,0.05,3,0.8,1.0,1.0,5,2.735601283388305,0.8997719441561589,8.418596742936806,12.193094911360514
A,25,10,120,300,0.05,3,0.8,1.0,10.0,1,2.7279149082475866,0.8998858445527211,8.414494823301869,12.190080055838996
A,25,10,120,300,0.05,3,0.8,1.0,10.0,5,2.7371485807408016,0.8997237833747963,8.421853760614914,12.199124988043872
A,25,10,120,300,0.05,3,1.0,0.8,0.1,1,2.7201945551940536,0.9003843616350821,8.430125312349873,12.17480136147459
A,25,10,120,300,0.05,3,1.0,0.8,0.1,5,2.7086663316093595,0.9005068021160607,8.420477770295257,12.164905200151921
A,25,10,120,300,0.05,3,1.0,0.8,1.0,1,2.6960605849580803,0.9002859918343651,8.409628199348012,12.149223985798626
A,25,10,120,300,0.05,3,1.0,0.8,1.0,5,2.6887953155506468,0.9005346910980471,8.396623376486911,12.129561707808021
A,25,10,120,300,0.05,3,1.0,0.8,10.0,1,2.7321608640171924,0.8999673314937269,8.461947520466012,12.212465516303094
A,25,10,120,300,0.05,3,1.0,0.8,10.0,5,2.7354211448826455,0.8999798811959459,8.466882263914014,12.215944044904727
A,25,10,120,300,0.05,3,1.0,1.0,0.1,1,2.7333473890998317,0.90023631665316,8.404873727307747,12.181909094768486
A,25,10,120,300,0.05,3,1.0,1.0,0.1,5,2.7515978236555507,0.9002024352104616,8.407719337166435,12.195558855207235
A,25,10,120,300,0.05,3,1.0,1.0,1.0,1,2.752214231472104,0.8996245128358493,8.431500307721585,12.208327893256802
A,25,10,120,300,0.05,3,1.0,1.0,1.0,5,2.751504908602348,0.8997794548152749,8.42518198277851,12.201532740720115
A,25,10,120,300,0.05,3,1.0,1.0,10.0,1,2.7549281141941693,0.9001538370980299,8.416193658989759,12.210015267352663
A,25,10,120,300,0.05,3,1.0,1.0,10.0,5,2.7547158171981487,0.9000232946135952,8.416984282652175,12.212113205092127
A,25,10,120,300,0.05,5,0.8,0.8,0.1,1,2.8219663559355146,0.8967323772610719,8.414116660362973,12.314194408049271
A,25,10,120,300,0.05,5,0.8,0.8,0.1,5,2.8072354975282807,0.8970924046035822,8.387220571150644,12.281513974315635
A,25,10,120,300,0.05,5,0.8,0.8,1.0,1,2.8042709776704333,0.89701807537426,8.405661059473912,12.279492776936483
A,25,10,120,300,0.05,5,0.8,0.8,1.0,5,2.813650495693203,0.8970879706105244,8.395067632580597,12.294157987469799
A,25,10,120,300,0.05,5,0.8,0.8,10.0,1,2.7884951063158967,0.89765395348561,8.370863884732104,12.259020246847417
A,25,10,120,300,0.05,5,0.8,0.8,10.0,5,2.7700912264548556,0.8979536513197379,8.370072667224914,12.254012878469847
A,25,10,120,300,0.05,5,0.8,1.0,0.1,1,2.8747613581832567,0.8958804041094,8.411030701973386,12.35995742693114
A,25,10,120,300,0.05,5,0.8,1.0,0.1,5,2.852273643630407,0.8962506644282178,8.382705846960988,12.318802334609824
A,25,10,120,300,0.05,5,0.8,1.0,1.0,1,2.851121862307644,0.8962578232814764,8.385105785231898,12.321757149343927
A,25,10,120,300,0.05,5,0.8,1.0,1.0,5,2.846484151866719,0.8964772949404439,8.389456781757046,12.325680187946245
A,25,10,120,300,0.05,5,0.8,1.0,10.0,1,2.825351029180753,0.8967122201912648,8.3838869270211,12.298335213799373
A,25,10,120,300,0.05,5,0.8,1.0,10.0,5,2.8327526081362193,0.8963952505925876,8.392091958237609,12.315384449054747
A,25,10,120,300,0.05,5,1.0,0.8,0.1,1,2.8084604670063404,0.8969314242183387,8.392974922499983,12.277684030751796
A,25,10,120,300,0.05,5,1.0,0.8,0.1,5,2.79306608729667,0.8972741688702135,8.389688730893184,12.273217554306763
A,25,10,120,300,0.05,5,1.0,0.8,1.0,1,2.8125845038088686,0.89721369483649,8.397864950899343,12.3073125300581
A,25,10,120,300,0.05,5,1.0,0.8,1.0,5,2.8041759161109576,0.8973215673149113,8.40489555671024,12.28441697390564
A,25,10,120,300,0.05,5,1.0,0.8,10.0,1,2.790575557115445,0.8977451248690528,8.383760417660564,12.2709847252593
A,25,10,120,300,0.05,5,1.0,0.8,10.0,5,2.783259557345571,0.8978390498003412,8.372723549713593,12.261773621149512
A,25,10,120,300,0.05,5,1.0,1.0,0.1,1,2.849533634985346,0.8966252108408266,8.390563543086467,12.326991511822559
A,25,10,120,300,0.05,5,1.0,1.0,0.1,5,2.8626796954842098,0.8969621033198043,8.384466647867725,12.336997159930714
A,25,10,120,300,0.05,5,1.0,1.0,1.0,1,2.8001066008268998,0.8971504404104081,8.357385617948452,12.268644885628728
A,25,10,120,300,0.05,5,1.0,1.0,1.0,5,2.831764197662119,0.8972393438473414,8.366324168514627,12.290575499476343
A,25,10,120,300,0.05,5,1.0,1.0,10.0,1,2.8224606099097143,0.8975715823755805,8.368295698886964,12.282515751107471
A,25,10,120,300,0.05,5,1.0,1.0,10.0,5,2.794467746910968,0.8979339356056032,8.347203865643126,12.253420170085029
A,25,10,120,300,0.1,3,0.8,0.8,0.1,1,2.677914420975798,0.8987022153927245,8.47057189467075,12.194824464845649
A,25,10,120,300,0.1,3,0.8,0.8,0.1,5,2.7015406537141127,0.8982050362164264,8.486947386322921,12.214023754921717
A,25,10,120,300,0.1,3,0.8,0.8,1.0,1,2.7194861347442156,0.8978735176542599,8.482698190165829,12.217586095139668
A,25,10,120,300,0.1,3,0.8,0.8,1.0,5,2.707642017188154,0.898088410291671,8.47647390913225,12.212526010515012
A,25,10,120,300,0.1,3,0.8,0.8,10.0,1,2.684421917348189,0.8989317683413047,8.446276096980485,12.1625324513764
A,25,10,120,300,0.1,3,0.8,0.8,10.0,5,2.676160409502729,0.8992417467726195,8.409897393876653,12.13698419952153
A,25,10,120,300,0.1,3,0.8,1.0,0.1,1,2.714213389808944,0.8980407627534965,8.447591988606616,12.201902722118344
A,25,10,120,300,0.1,3,0.8,1.0,0.1,5,2.706841355554395,0.8984950529190442,8.42215569289135,12.18372779276749
A,25,10,120,300,0.1,3,0.8,1.0,1.0,1,2.708527649239156,0.8982226312718937,8.437637125060355,12.19718890050114
A,25,10,120,300,0.1,3,0.8,1.0,1.0,5,2.700588758222321,0.8982840753485257,8.444021551886438,12.1879634422771
A,25,10,120,300,0.1,3,0.8,1.0,10.0,1,2.7067609897938754,0.8983024660664011,8.454511192826685,12.211287535926832
A,25,10,120,300,0.1,3,0.8,1.0,10.0,5,2.691672393114255,0.8982841378274241,8.457953096995393,12.202152904487912
A,25,10,120,300,0.1,3,1.0,0.8,0.1,1,2.719466567914868,0.8989347096076321,8.452643880498048,12.204816776919259
A,25,10,120,300,0.1,3,1.0,0.8,0.1,5,2.7351606241598625,0.8988429274761485,8.473698740418534,12.224361047503846
A,25,10,120,300,0.1,3,1.0,0.8,1.0,1,2.7213008674845445,0.8992512992633941,8.435094915867431,12.193611844664755
A,25,10,120,300,0.1,3,1.0,0.8,1.0,5,2.7160165799241276,0.8989069165736605,8.430553529636608,12.195050828534153
A,25,10,120,300,0.1,3,1.0,0.8,10.0,1,2.704198215567771,0.8988673107896459,8.446134146389175,12.189247200190119
A,25,10,120,300,0.1,3,1.0,0.8,10.0,5,2.706819854201897,0.8988254423877171,8.454349725948944,12.19935541979681
A,25,10,120,300,0.1,3,1.0,1.0,0.1,1,2.718389700207963,0.8993685927408063,8.408957136194475,12.21631454926231
A,25,10,120,300,0.1,3,1.0,1.0,0.1,5,2.7253751497424554,0.8990333329261284,8.431715093015772,12.232540477584447
A,25,10,120,300,0.1,3,1.0,1.0,1.0,1,2.71534822459357,0.8991202718858853,8.417488642408788,12.205187977671972
A,25,10,120,300,0.1,3,1.0,1.0,1.0,5,2.7285264203798647,0.8992155972551625,8.422257572389611,12.21302132835385
A,25,10,120,300,0.1,3,1.0,1.0,10.0,1,2.7064977256614746,0.8992309173010099,8.419846819785487,12.180712590526946
A,25,10,120,300,0.1,3,1.0,1.0,10.0,5,2.709272184164668,0.8990657149458808,8.417321297394912,12.189327649188117
A,25,10,120,300,0.1,5,0.8,0.8,0.1,1,2.9554992990524998,0.8929515360143977,8.624659496143133,12.562866203019919
A,25,10,120,300,0.1,5,0.8,0.8,0.1,5,2.98399018708896,0.89266167213807,8.642591741939121,12.592971195366985
A,25,10,120,300,0.1,5,0.8,0.8,1.0,1,2.943895394587527,0.8931524451877102,8.598995029632643,12.528127358789394
A,25,10,120,300,0.1,5,0.8,0.8,1.0,5,3.040668763827459,0.8922664249912776,8.66249480729492,12.615892461572423
A,25,10,120,300,0.1,5,0.8,0.8,10.0,1,2.96614668925015,0.8927800748777605,8.629530635193404,12.550103104204362
A,25,10,120,300,0.1,5,0.8,0.8,10.0,5,2.9483633263030664,0.8935990742844202,8.592512971959374,12.508706478635329
A,25,10,120,300,0.1,5,0.8,1.0,0.1,1,3.056401588369421,0.891381453239048,8.684111788974445,12.663493802026528
A,25,10,120,300,0.1,5,0.8,1.0,0.1,5,3.0832129847953214,0.8912645158651145,8.676283362875347,12.684253445866542
A,25,10,120,300,0.1,5,0.8,1.0,1.0,1,3.0737948851109804,0.8919440692233908,8.652178404936118,12.653824447875746
A,25,10,120,300,0.1,5,0.8,1.0,1.0,5,3.030700612199831,0.8922648469373534,8.68101290013701,12.636521169363983
A,25,10,120,300,0.1,5,0.8,1.0,10.0,1,3.018990259450031,0.8925007683268648,8.632943312815023,12.591048621333238
A,25,10,120,300,0.1,5,0.8,1.0,10.0,5,2.989440102921221,0.8927855751802241,8.600757176878266,12.555359875013576
A,25,10,120,300,0.1,5,1.0,0.8,0.1,1,2.942226877554147,0.8937804236374287,8.572456655722373,12.518873253994558
A,25,10,120,300,0.1,5,1.0,0.8,0.1,5,2.9414192086542994,0.8940423117829083,8.587855318186886,12.51844023932412
A,25,10,120,300,0.1,5,1.0,0.8,1.0,1,2.9599183423426574,0.8933424600117055,8.605725327644983,12.55065095474396
A,25,10,120,300,0.1,5,1.0,0.8,1.0,5,2.9459719626013134,0.8935969188773496,8.576049494764536,12.50697754226267
A,25,10,120,300,0.1,5,1.0,0.8,10.0,1,2.9253854957031074,0.8941834611989131,8.569960925411666,12.48874827535509
A,25,10,120,300,0.1,5,1.0,0.8,10.0,5,2.9498660998679105,0.8933158164806843,8.578844946441269,12.509072126841696
A,25,10,120,300,0.1,5,1.0,1.0,0.1,1,3.0074501825515125,0.8921905366110673,8.627735342808986,12.592873881130014
A,25,10,120,300,0.1,5,1.0,1.0,0.1,5,3.0239037854283994,0.8928775288306656,8.603917383530117,12.587213874923929
A,25,10,120,300,0.1,5,1.0,1.0,1.0,1,3.01262476918123,0.8926659600593647,8.621438743223681,12.564743051798647
A,25,10,120,300,0.1,5,1.0,1.0,1.0,5,3.019242147888785,0.8928090155995039,8.596501838923933,12.572719439614351
A,25,10,120,300,0.1,5,1.0,1.0,10.0,1,2.9737852067397865,0.8931182732450988,8.588044748940565,12.540020213774687
A,25,10,120,300,0.1,5,1.0,1.0,10.0,5,2.9529381084399016,0.8940101225128979,8.548415597801732,12.498624988745439
A,25,10,125,100,0.05,3,0.8,0.8,0.1,1,3.476049200558824,0.8912903362186565,9.68902698671786,13.37506497057382
A,25,10,125,100,0.05,3,0.8,0.8,0.1,5,3.485731916147872,0.8912920123619414,9.695862027705594,13.385322139365783
A,25,10,125,100,0.05,3,0.8,0.8,1.0,1,3.4616731383338086,0.8910095117249066,9.720576299123437,13.397554277020834
A,25,10,125,100,0.05,3,0.8,0.8,1.0,5,3.4693155912955307,0.8909006965289381,9.72199112724463,13.401461133981039
A,25,10,125,100,0.05,3,0.8,0.8,10.0,1,3.472780635354686,0.8913436563660231,9.706091065023703,13.375139574051634
A,25,10,125,100,0.05,3,0.8,0.8,10.0,5,3.4727096857909574,0.8913466887708946,9.705753703657805,13.375002611594194
A,25,10,125,100,0.05,3,0.8,1.0,0.1,1,3.5130353475726617,0.8906238381183522,9.67023993782848,13.40918788403008
A,25,10,125,100,0.05,3,0.8,1.0,0.1,5,3.507911595969854,0.8907493721068815,9.665708162431965,13.40299573385187
A,25,10,125,100,0.05,3,0.8,1.0,1.0,1,3.5328652428809804,0.890425060897145,9.69991901931553,13.427885729106242
A,25,10,125,100,0.05,3,0.8,1.0,1.0,5,3.5236588004791165,0.8905315574542974,9.688777812260767,13.416242928913928
A,25,10,125,100,0.05,3,0.8,1.0,10.0,1,3.5209215192881507,0.8907732303689226,9.681351015151334,13.407353083580656
A,25,10,125,100,0.05,3,0.8,1.0,10.0,5,3.5213631593261674,0.8907798572362846,9.681850741640844,13.40835545071975
A,25,10,125,100,0.05,3,1.0,0.8,0.1,1,3.442104274012191,0.8916350983942027,9.688606767045215,13.341512537402995
A,25,10,125,100,0.05,3,1.0,0.8,0.1,5,3.4343758309749353,0.8917548525113675,9.677851176486286,13.327972823762058
A,25,10,125,100,0.05,3,1.0,0.8,1.0,1,3.446504099524204,0.8915287740591454,9.705273744459571,13.364462767350597
A,25,10,125,100,0.05,3,1.0,0.8,1.0,5,3.446566577449018,0.89153081064939,9.698892632450532,13.360656953825037
A,25,10,125,100,0.05,3,1.0,0.8,10.0,1,3.4644063943745147,0.8913857428059295,9.698738044301512,13.358840663069305
A,25,10,125,100,0.05,3,1.0,0.8,10.0,5,3.469889816171515,0.8912691003502369,9.71139962258746,13.369696411826407
A,25,10,125,100,0.05,3,1.0,1.0,0.1,1,3.5237516005987737,0.8910162175269141,9.678899477303755,13.408916915764232
A,25,10,125,100,0.05,3,1.0,1.0,0.1,5,3.520730092828211,0.8911193223146124,9.673582889737396,13.406803094168641
A,25,10,125,100,0.05,3,1.0,1.0,1.0,1,3.5015552638002574,0.8909437893106864,9.667024354828925,13.39642731811307
A,25,10,125,100,0.05,3,1.0,1.0,1.0,5,3.4933192900216605,0.8910037867325574,9.665009820837671,13.389138010203869
A,25,10,125,100,0.05,3,1.0,1.0,10.0,1,3.52526618071078,0.8910010917380543,9.692280345018279,13.419728275232663
A,25,10,125,100,0.05,3,1.0,1.0,10.0,5,3.5266252696654528,0.8909846259558825,9.692553969378176,13.421509560736236
A,25,10,125,100,0.05,5,0.8,0.8,0.1,1,3.344735970381501,0.8926917656312385,9.264125643107395,13.159398316421564
A,25,10,125,100,0.05,5,0.8,0.8,0.1,5,3.339124472865204,0.8927441415128309,9.256658623203698,13.14697625493535
A,25,10,125,100,0.05,5,0.8,0.8,1.0,1,3.3497845817622163,0.892659513675763,9.275571775315417,13.165267824334432
A,25,10,125,100,0.05,5,0.8,0.8,1.0,5,3.3519897918922874,0.8928660983510674,9.274605793300895,13.163522299768868
A,25,10,125,100,0.05,5,0.8,0.8,10.0,1,3.347949736608278,0.8924459819206328,9.305274077109747,13.159783518546671
A,25,10,125,100,0.05,5,0.8,0.8,10.0,5,3.3381080815414377,0.8926310916811051,9.280818745684725,13.14545471917794
A,25,10,125,100,0.05,5,0.8,1.0,0.1,1,3.363676454004961,0.8931574376351572,9.196508104105128,13.140663762082497
A,25,10,125,100,0.05,5,0.8,1.0,0.1,5,3.3796455193871653,0.8930044868371189,9.200463383614604,13.146016625419685
A,25,10,125,100,0.05,5,0.8,1.0,1.0,1,3.367275714895514,0.8930425387851066,9.195707107129698,13.119483042751583
A,25,10,125,100,0.05,5,0.8,1.0,1.0,5,3.3660976210486737,0.8930899662110108,9.180526272753418,13.118670802732524
A,25,10,125,100,0.05,5,0.8,1.0,10.0,1,3.345632517507352,0.892652580721401,9.231122109513983,13.128502751755434
A,25,10,125,100,0.05,5,0.8,1.0,10.0,5,3.3619136802422696,0.8927924978541881,9.214427038417867,13.122375653475618
A,25,10,125,100,0.05,5,1.0,0.8,0.1,1,3.3336142885918187,0.8926368607527193,9.27368866650737,13.148929946915521
A,25,10,125,100,0.05,5,1.0,0.8,0.1,5,3.3595125161161237,0.892148213945158,9.289761357461405,13.164322982573982
A,25,10,125,100,0.05,5,1.0,0.8,1.0,1,3.3772401136631545,0.8922796490925347,9.29701059818659,13.179599093668369
A,25,10,125,100,0.05,5,1.0,0.8,1.0,5,3.3672583511764906,0.8922250282854284,9.302904404114182,13.175986200386967
A,25,10,125,100,0.05,5,1.0,0.8,10.0,1,3.3632629425307656,0.892107772509221,9.323095252662226,13.179780378350184
A,25,10,125,100,0.05,5,1.0,0.8,10.0,5,3.3650140644834807,0.8922608210750737,9.31331675068137,13.167779298797333
A,25,10,125,100,0.05,5,1.0,1.0,0.1,1,3.397104741160839,0.8929857081574101,9.225789110247002,13.158240793667876
A,25,10,125,100,0.05,5,1.0,1.0,0.1,5,3.3897695541294546,0.892572402304449,9.233339711654647,13.156245328941463
A,25,10,125,100,0.05,5,1.0,1.0,1.0,1,3.388502918932267,0.8927456541355868,9.220488665637998,13.142464484331043
A,25,10,125,100,0.05,5,1.0,1.0,1.0,5,3.3956724368831233,0.8927226490802591,9.212935994008149,13.146186338648608
A,25,10,125,100,0.05,5,1.0,1.0,10.0,1,3.3601390940854614,0.8930317305678042,9.260595381487855,13.140662127605145
A,25,10,125,100,0.05,5,1.0,1.0,10.0,5,3.369695291843334,0.8926908281489216,9.247035329127733,13.137148575630466
A,25,10,125,100,0.1,3,0.8,0.8,0.1,1,3.3615359741807196,0.8916693819309209,9.362810401925852,13.22341482045648
A,25,10,125,100,0.1,3,0.8,0.8,0.1,5,3.3840873694987854,0.891621759554203,9.368275794871247,13.241158517073956
A,25,10,125,100,0.1,3,0.8,0.8,1.0,1,3.3807467985661313,0.8916134773295624,9.346623235157969,13.224711525242924
A,25,10,125,100,0.1,3,0.8,0.8,1.0,5,3.361705354266673,0.8918046014775793,9.345856650144174,13.21845165250923
A,25,10,125,100,0.1,3,0.8,0.8,10.0,1,3.3243388357472297,0.8913983573428975,9.379597847417358,13.228135450032275
A,25,10,125,100,0.1,3,0.8,0.8,10.0,5,3.3326300963756084,0.891274644225523,9.387101345303865,13.24134534121628
A,25,10,125,100,0.1,3,0.8,1.0,0.1,1,3.381755205674517,0.8914106616404259,9.35957406451189,13.251249781825129
A,25,10,125,100,0.1,3,0.8,1.0,0.1,5,3.373294682581194,0.8913109734172673,9.366101636564132,13.252431164222225
A,25,10,125,100,0.1,3,0.8,1.0,1.0,1,3.3924367612502926,0.8911762605373801,9.38251581361093,13.274565799179461
A,25,10,125,100,0.1,3,0.8,1.0,1.0,5,3.38889857691683,0.8911276257235864,9.38679331038637,13.277320477445068
A,25,10,125,100,0.1,3,0.8,1.0,10.0,1,3.398980407961994,0.8914354340601915,9.39185436598704,13.283464934425592
A,25,10,125,100,0.1,3,0.8,1.0,10.0,5,3.377430498458671,0.8915640709856072,9.373929995962204,13.256311765573392
A,25,10,125,100,0.1,3,1.0,0.8,0.1,1,3.353454044819555,0.8914777289075098,9.394461166224763,13.263800673684546
A,25,10,125,100,0.1,3,1.0,0.8,0.1,5,3.363176552751715,0.8914632427238696,9.401749620849603,13.27364940191148
A,25,10,125,100,0.1,3,1.0,0.8,1.0,1,3.368257398660501,0.8910972761081932,9.407510711644875,13.274525594983043
A,25,10,125,100,0.1,3,1.0,0.8,1.0,5,3.3771326671058417,0.8910781499047135,9.430173061409432,13.29575393614265
A,25,10,125,100,0.1,3,1.0,0.8,10.0,1,3.380222749822053,0.8913833575237298,9.411721861498076,13.277987708172947
A,25,10,125,100,0.1,3,1.0,0.8,10.0,5,3.3729448453208932,0.8913816521997765,9.408426939398462,13.282129364878827
A,25,10,125,100,0.1,3,1.0,1.0,0.1,1,3.4094644152586886,0.89138113620166,9.402934275033651,13.296063598707239
A,25,10,125,100,0.1,3,1.0,1.0,0.1,5,3.39683136163318,0.8916455220895434,9.39056290809463,13.288767212403021
A,25,10,125,100,0.1,3,1.0,1.0,1.0,1,3.383565446688066,0.8916042325624571,9.383331761837365,13.262454720252213
A,25,10,125,100,0.1,3,1.0,1.0,1.0,5,3.3893491130485884,0.8916343359022795,9.38626128739928,13.26828278673322
A,25,10,125,100,0.1,3,1.0,1.0,10.0,1,3.3864931399905642,0.891675541730011,9.366848525637009,13.264340080792508
A,25,10,125,100,0.1,3,1.0,1.0,10.0,5,3.3839291681340926,0.8915641207178293,9.372419350826013,13.262769289757012
A,25,10,125,100,0.1,5,0.8,0.8,0.1,1,3.4720448587502575,0.8898320796300757,9.21632754146796,13.29760513354042
A,25,10,125,100,0.1,5,0.8,0.8,0.1,5,3.4073054227819264,0.8900616990244666,9.216752402365836,13.25985587922817
A,25,10,125,100,0.1,5,0.8,0.8,1.0,1,3.4380895423492333,0.8904346017479948,9.200271625199054,13.277856740292062
A,25,10,125,100,0.1,5,0.8,0.8,1.0,5,3.4638801463654447,0.8899851297742613,9.211276388006429,13.273988098034035
A,25,10,125,100,0.1,5,0.8,0.8,10.0,1,3.3933381297015246,0.8907004312280311,9.192792966320635,13.226745614005702
A,25,10,125,100,0.1,5,0.8,0.8,10.0,5,3.4407320449469054,0.8906425499884794,9.203427881537714,13.2571110987916
A,25,10,125,100,0.1,5,0.8,1.0,0.1,1,3.420090155414927,0.8908610060863703,9.150092600087987,13.256716694099874
A,25,10,125,100,0.1,5,0.8,1.0,0.1,5,3.476656316089882,0.8905346673241274,9.180426288613681,13.265823785126901
A,25,10,125,100,0.1,5,0.8,1.0,1.0,1,3.458871238775507,0.8903017912981017,9.18014781326556,13.260899229582193
A,25,10,125,100,0.1,5,0.8,1.0,1.0,5,3.461601054739011,0.8905370803346291,9.172910577235662,13.26571611704511
A,25,10,125,100,0.1,5,0.8,1.0,10.0,1,3.4557805786929072,0.8908073035478129,9.19523091668086,13.289994951424243
A,25,10,125,100,0.1,5,0.8,1.0,10.0,5,3.4861495098888873,0.8902468659046328,9.214481738851113,13.28941072151685
A,25,10,125,100,0.1,5,1.0,0.8,0.1,1,3.4557285358230936,0.8907784273139754,9.208734885107424,13.282616827905619
A,25,10,125,100,0.1,5,1.0,0.8,0.1,5,3.473201769102963,0.8905156640706939,9.220916003705309,13.300679341441315
A,25,10,125,100,0.1,5,1.0,0.8,1.0,1,3.4261839508240635,0.8906638127552693,9.220003484554502,13.275059468243393
A,25,10,125,100,0.1,5,1.0,0.8,1.0,5,3.4263055549881885,0.8908022320092334,9.210805215923012,13.274118638832466
A,25,10,125,100,0.1,5,1.0,0.8,10.0,1,3.429691389951556,0.890797976373284,9.224099507850166,13.273524053736452
A,25,10,125,100,0.1,5,1.0,0.8,10.0,5,3.4123719399874775,0.8913808177340024,9.182967275518672,13.236788847915921
A,25,10,125,100,0.1,5,1.0,1.0,0.1,1,3.477315702048485,0.8906869443762598,9.154135643239425,13.271699063420687
A,25,10,125,100,0.1,5,1.0,1.0,0.1,5,3.4316009717161187,0.8909698502624022,9.145126929293136,13.234787704056483
A,25,10,125,100,0.1,5,1.0,1.0,1.0,1,3.458755181516883,0.8905449838107546,9.167919012894835,13.261049903957652
A,25,10,125,100,0.1,5,1.0,1.0,1.0,5,3.4535048462706706,0.8905810041290533,9.16679482001637,13.24653567722026
A,25,10,125,100,0.1,5,1.0,1.0,10.0,1,3.416828813289167,0.8916462578022897,9.163847171495808,13.228618331837438
A,25,10,125,100,0.1,5,1.0,1.0,10.0,5,3.4053768678917438,0.8918285584838891,9.136228903750858,13.200183484524462
A,25,10,125,200,0.05,3,0.8,0.8,0.1,1,3.363128257763486,0.891776971458041,9.391324850395694,13.249334008136254
A,25,10,125,200,0.05,3,0.8,0.8,0.1,5,3.3523196807541877,0.8918645280256443,9.382534605281021,13.241916509354903
A,25,10,125,200,0.05,3,0.8,0.8,1.0,1,3.3319037036142163,0.8918008091194032,9.391833367946026,13.247823180133068
A,25,10,125,200,0.05,3,0.8,0.8,1.0,5,3.348345114274019,0.8915538875367076,9.407293945394123,13.265989788277125
A,25,10,125,200,0.05,3,0.8,0.8,10.0,1,3.3556357786456723,0.8919407621648346,9.385230820717265,13.239164749918302
A,25,10,125,200,0.05,3,0.8,0.8,10.0,5,3.358244357213253,0.8919175174048849,9.38673159092914,13.242473229668008
A,25,10,125,200,0.05,3,0.8,1.0,0.1,1,3.388641602959422,0.8911824542281976,9.367080503128602,13.27242234587072
A,25,10,125,200,0.05,3,0.8,1.0,0.1,5,3.3826672102924205,0.8913777812978061,9.367024545559367,13.26344420546071
A,25,10,125,200,0.05,3,0.8,1.0,1.0,1,3.3896674389073596,0.8913123927571656,9.377324841328893,13.26938435792714
A,25,10,125,200,0.05,3,0.8,1.0,1.0,5,3.393700620008098,0.8913553929216844,9.384628225652616,13.274529723482114
A,25,10,125,200,0.05,3,0.8,1.0,10.0,1,3.3867047149792113,0.8915584539859106,9.377860182276597,13.256467987982083
A,25,10,125,200,0.05,3,0.8,1.0,10.0,5,3.3832099761583962,0.8916791205393377,9.367958214838968,13.248559857858194
A,25,10,125,200,0.05,3,1.0,0.8,0.1,1,3.349541755387919,0.8920734174727322,9.386788378559853,13.225479625921475
A,25,10,125,200,0.05,3,1.0,0.8,0.1,5,3.3477815182471424,0.8921168608598464,9.37454196944675,13.215331031080705
A,25,10,125,200,0.05,3,1.0,0.8,1.0,1,3.346285090781381,0.8917605470133688,9.402998362179224,13.249766130835535
A,25,10,125,200,0.05,3,1.0,0.8,1.0,5,3.3400830625701063,0.8919323634907199,9.403031667490108,13.244786463627946
A,25,10,125,200,0.05,3,1.0,0.8,10.0,1,3.366105965369593,0.8919101304042163,9.396492660515365,13.24025854054741
A,25,10,125,200,0.05,3,1.0,0.8,10.0,5,3.3631675593007473,0.8918518843106199,9.402445348450728,13.237892262794253
A,25,10,125,200,0.05,3,1.0,1.0,0.1,1,3.4073027325446335,0.8916277851535893,9.380390736365142,13.273310288261149
A,25,10,125,200,0.05,3,1.0,1.0,0.1,5,3.4144246564131633,0.8916439648491249,9.390996628359932,13.280177272577337
A,25,10,125,200,0.05,3,1.0,1.0,1.0,1,3.3899628790093863,0.8917760811616049,9.371287749292856,13.254093791653833
A,25,10,125,200,0.05,3,1.0,1.0,1.0,5,3.3886723594953123,0.8917257334462156,9.364622864917767,13.2471957971165
A,25,10,125,200,0.05,3,1.0,1.0,10.0,1,3.4025347103163903,0.8919141742181035,9.38396381330457,13.267894403881368
A,25,10,125,200,0.05,3,1.0,1.0,10.0,5,3.401527464149914,0.8918369299135449,9.37432580703376,13.26188094112645
A,25,10,125,200,0.05,5,0.8,0.8,0.1,1,3.4212876341494827,0.8905949779716348,9.221200587452417,13.267581990622272
A,25,10,125,200,0.05,5,0.8,0.8,0.1,5,3.3949129508890494,0.8908610413315156,9.188251016949998,13.23034210019308
A,25,10,125,200,0.05,5,0.8,0.8,1.0,1,3.419456580707732,0.8908358238339236,9.201359781722298,13.259195604793353
A,25,10,125,200,0.05,5,0.8,0.8,1.0,5,3.4138737264104853,0.8909251599839891,9.197285523372718,13.243434112253208
A,25,10,125,200,0.05,5,0.8,0.8,10.0,1,3.3899894810827873,0.8911184487471656,9.187798697093466,13.212101471715297
A,25,10,125,200,0.05,5,0.8,0.8,10.0,5,3.3687207403745645,0.8916266505232819,9.16032422822617,13.17935228867787
A,25,10,125,200,0.05,5,0.8,1.0,0.1,1,3.4492704123048434,0.8908094807919694,9.173220208476279,13.2551178674947
A,25,10,125,200,0.05,5,0.8,1.0,0.1,5,3.461797374382109,0.8909072563298587,9.156830544553664,13.261355635917448
A,25,10,125,200,0.05,5,0.8,1.0,1.0,1,3.4447019696330132,0.8908846574498899,9.151032494410488,13.235180282899805
A,25,10,125,200,0.05,5,0.8,1.0,1.0,5,3.464706503215613,0.8910796087266476,9.14442134137666,13.245020669828818
A,25,10,125,200,0.05,5,0.8,1.0,10.0,1,3.4076235930964978,0.8912051739535368,9.155636978887376,13.207185597993623
A,25,10,125,200,0.05,5,0.8,1.0,10.0,5,3.4411444110529077,0.8911092133019721,9.156005713707113,13.227937934440153
A,25,10,125,200,0.05,5,1.0,0.8,0.1,1,3.387510313570119,0.8914954214891972,9.179492611983273,13.217806757302835
A,25,10,125,200,0.05,5,1.0,0.8,0.1,5,3.4003193496023973,0.8910626188929582,9.184298200630849,13.212703066034539
A,25,10,125,200,0.05,5,1.0,0.8,1.0,1,3.4265106970078265,0.8912935119857138,9.186438655408462,13.235054176385933
A,25,10,125,200,0.05,5,1.0,0.8,1.0,5,3.420389331203124,0.8907963753977544,9.205160051284839,13.24261425069594
A,25,10,125,200,0.05,5,1.0,0.8,10.0,1,3.394057806236303,0.8909680519109999,9.203041984881382,13.21990869641549
A,25,10,125,200,0.05,5,1.0,0.8,10.0,5,3.406064531567482,0.89111640333458,9.192693950064369,13.217632065513575
A,25,10,125,200,0.05,5,1.0,1.0,0.1,1,3.465691413919541,0.8910053867337837,9.175869499903161,13.257435862527931
A,25,10,125,200,0.05,5,1.0,1.0,0.1,5,3.4417745871550816,0.8908352102963629,9.153818394277698,13.235408800359735
A,25,10,125,200,0.05,5,1.0,1.0,1.0,1,3.4390441550249675,0.8911676528375049,9.143102720573264,13.22527881904266
A,25,10,125,200,0.05,5,1.0,1.0,1.0,5,3.463406402001965,0.8910779897330899,9.151701672260907,13.240347692881617
A,25,10,125,200,0.05,5,1.0,1.0,10.0,1,3.407184422130851,0.8915441862739986,9.174919566335175,13.203714710892655
A,25,10,125,200,0.05,5,1.0,1.0,10.0,5,3.415669690628177,0.8914490888583437,9.151192985946734,13.19725359626132
A,25,10,125,200,0.1,3,0.8,0.8,0.1,1,3.3108816240163796,0.8912631126971385,9.281394050816518,13.202523174790187
A,25,10,125,200,0.1,3,0.8,0.8,0.1,5,3.354696894541422,0.8913726012041238,9.2879535885447,13.230058222102741
A,25,10,125,200,0.1,3,0.8,0.8,1.0,1,3.3238119685004515,0.8915619601026569,9.283692142133104,13.19840652048548
A,25,10,125,200,0.1,3,0.8,0.8,1.0,5,3.316586962347292,0.8914806410965582,9.26672561608984,13.193391123666041
A,25,10,125,200,0.1,3,0.8,0.8,10.0,1,3.289891109548016,0.8909932982492477,9.29595122515869,13.208889247456074
A,25,10,125,200,0.1,3,0.8,0.8,10.0,5,3.3028298813760477,0.8909291453015529,9.307423473783505,13.218251132242397
A,25,10,125,200,0.1,3,0.8,1.0,0.1,1,3.332380343791015,0.8914693999436848,9.253338503574767,13.207587029552105
A,25,10,125,200,0.1,3,0.8,1.0,0.1,5,3.3341052345341686,0.8911647441370694,9.274721628217126,13.22686638823134
A,25,10,125,200,0.1,3,0.8,1.0,1.0,1,3.337126369235746,0.8912150430818369,9.275557298250291,13.217960046416717
A,25,10,125,200,0.1,3,0.8,1.0,1.0,5,3.3350197919835862,0.8909603296478854,9.284007533426573,13.23202930063872
A,25,10,125,200,0.1,3,0.8,1.0,10.0,1,3.3492028276395374,0.891238556982081,9.284480006211705,13.23186784905027
A,25,10,125,200,0.1,3,0.8,1.0,10.0,5,3.3320958011535056,0.8914973155934556,9.268121247410752,13.198327535610739
A,25,10,125,200,0.1,3,1.0,0.8,0.1,1,3.2893574135384966,0.8917245410012296,9.273913683046356,13.201130614430227
A,25,10,125,200,0.1,3,1.0,0.8,0.1,5,3.3037588299085323,0.8916795722426814,9.278166197847769,13.212197232570059
A,25,10,125,200,0.1,3,1.0,0.8,1.0,1,3.2986263172680097,0.8914155620963469,9.291238501669993,13.21627164574591
A,25,10,125,200,0.1,3,1.0,0.8,1.0,5,3.316882291493971,0.8915053555170097,9.29488065577924,13.233472452710624
A,25,10,125,200,0.1,3,1.0,0.8,10.0,1,3.3197538007964433,0.8913888641601385,9.306256450982199,13.232351691669454
A,25,10,125,200,0.1,3,1.0,0.8,10.0,5,3.3109467240842507,0.8913846861654724,9.290601399006272,13.222462046150554
A,25,10,125,200,0.1,3,1.0,1.0,0.1,1,3.321328914903841,0.8913565882615654,9.272181051981427,13.225757426838594
A,25,10,125,200,0.1,3,1.0,1.0,0.1,5,3.326780950188339,0.8915804395226823,9.262289045254562,13.223286921031995
A,25,10,125,200,0.1,3,1.0,1.0,1.0,1,3.3268378978140705,0.8918033276438422,9.259083982720316,13.20838400607597
A,25,10,125,200,0.1,3,1.0,1.0,1.0,5,3.3345992632914943,0.8916782971818156,9.271613746688915,13.217354188048839
A,25,10,125,200,0.1,3,1.0,1.0,10.0,1,3.3325178178757526,0.8915180464299366,9.269395055929701,13.22805467821802
A,25,10,125,200,0.1,3,1.0,1.0,10.0,5,3.3110254657794975,0.8916104394350512,9.25770165772795,13.197936672226607
A,25,10,125,200,0.1,5,0.8,0.8,0.1,1,3.604568757264123,0.8869208751550378,9.35814621390213,13.495568659638337
A,25,10,125,200,0.1,5,0.8,0.8,0.1,5,3.5118950996567335,0.8871694050808457,9.333910615720914,13.424880177765692
A,25,10,125,200,0.1,5,0.8,0.8,1.0,1,3.536038822657688,0.8876143148658178,9.33122741816932,13.447553890628512
A,25,10,125,200,0.1,5,0.8,0.8,1.0,5,3.55023637300544,0.8874452206832004,9.331876079381043,13.425013383203275
A,25,10,125,200,0.1,5,0.8,0.8,10.0,1,3.480973832168695,0.8880134827825497,9.299485007973876,13.382963484779903
A,25,10,125,200,0.1,5,0.8,0.8,10.0,5,3.5357330087055745,0.8882345976004815,9.287671660377686,13.38987908862332
A,25,10,125,200,0.1,5,0.8,1.0,0.1,1,3.6041978485532256,0.8871844951876998,9.316522317226498,13.483633272024525
A,25,10,125,200,0.1,5,0.8,1.0,0.1,5,3.604619583727615,0.8871376190222111,9.330768398049177,13.47631402011648
A,25,10,125,200,0.1,5,0.8,1.0,1.0,1,3.5974494746663637,0.8867759525502485,9.33479163256425,13.458921406736835
A,25,10,125,200,0.1,5,0.8,1.0,1.0,5,3.608149956309635,0.8874184740124773,9.305355072989174,13.472566841198633
A,25,10,125,200,0.1,5,0.8,1.0,10.0,1,3.568271403541167,0.8878708693035232,9.292979749712336,13.447682184344051
A,25,10,125,200,0.1,5,0.8,1.0,10.0,5,3.6246881672729727,0.8871680959913887,9.32997309378499,13.475453955568392
A,25,10,125,200,0.1,5,1.0,0.8,0.1,1,3.5750624757918956,0.8879692632042643,9.315358222527726,13.44261424774761
A,25,10,125,200,0.1,5,1.0,0.8,0.1,5,3.547838569287714,0.8883979295309665,9.311389836763919,13.449562120369837
A,25,10,125,200,0.1,5,1.0,0.8,1.0,1,3.5414418591283727,0.8878924274281317,9.326089391458968,13.43908480415337
A,25,10,125,200,0.1,5,1.0,0.8,1.0,5,3.547844247542392,0.8878773364646213,9.318167963340915,13.436862585999569
A,25,10,125,200,0.1,5,1.0,0.8,10.0,1,3.514257523135408,0.8884143778580482,9.302986824896838,13.413836561095767
A,25,10,125,200,0.1,5,1.0,0.8,10.0,5,3.4747210185566333,0.8889971499243527,9.25948516191173,13.359878920646079
A,25,10,125,200,0.1,5,1.0,1.0,0.1,1,3.617726415530165,0.887367892348027,9.294780163744685,13.472703607150503
A,25,10,125,200,0.1,5,1.0,1.0,0.1,5,3.5682895279055655,0.8873091284800891,9.295640228719403,13.451557659048925
A,25,10,125,200,0.1,5,1.0,1.0,1.0,1,3.566953887542426,0.8871720647773526,9.28281501391249,13.437033291903797
A,25,10,125,200,0.1,5,1.0,1.0,1.0,5,3.555009205739485,0.8870782768844668,9.306745192056875,13.443298296445306
A,25,10,125,200,0.1,5,1.0,1.0,10.0,1,3.5303296181766006,0.8888217560054585,9.294995609657844,13.42181873300442
A,25,10,125,200,0.1,5,1.0,1.0,10.0,5,3.504759795419099,0.8889500394155769,9.250678150779843,13.379455756991174
A,25,10,125,300,0.05,3,0.8,0.8,0.1,1,3.3345569275942992,0.8916523402783911,9.31515455243886,13.214504020575328
A,25,10,125,300,0.05,3,0.8,0.8,0.1,5,3.3065196510151935,0.891795961940778,9.302858278577691,13.193553294086154
A,25,10,125,300,0.05,3,0.8,0.8,1.0,1,3.3014930990728986,0.8916428317875178,9.316031423568333,13.208964003904464
A,25,10,125,300,0.05,3,0.8,0.8,1.0,5,3.2953799590527595,0.8917880917396201,9.313257362925102,13.207180945858743
A,25,10,125,300,0.05,3,0.8,0.8,10.0,1,3.3188885283524328,0.8918545189916648,9.304914425227274,13.203093544014843
A,25,10,125,300,0.05,3,0.8,0.8,10.0,5,3.321563259118137,0.8918013521985836,9.304974615423351,13.203222750168266
A,25,10,125,300,0.05,3,0.8,1.0,0.1,1,3.34118490791973,0.891476646198677,9.295913768156185,13.231261044354548
A,25,10,125,300,0.05,3,0.8,1.0,0.1,5,3.339549899525487,0.8915393287712392,9.292202014843266,13.227474240093846
A,25,10,125,300,0.05,3,0.8,1.0,1.0,1,3.340701819061146,0.8913021759495796,9.308112891279203,13.22722686173563
A,25,10,125,300,0.05,3,0.8,1.0,1.0,5,3.3415561841123482,0.8912879784547905,9.30836995949271,13.231026379744327
A,25,10,125,300,0.05,3,0.8,1.0,10.0,1,3.328280788318994,0.8919013404442284,9.28757335966868,13.19714693398243
A,25,10,125,300,0.05,3,0.8,1.0,10.0,5,3.3374959402434974,0.8917316474088416,9.29040464134042,13.20127734264577
A,25,10,125,300,0.05,3,1.0,0.8,0.1,1,3.311572478043123,0.8922082449854905,9.285986196419001,13.17726318481528
A,25,10,125,300,0.05,3,1.0,0.8,0.1,5,3.3041492031634547,0.8922134636859909,9.277223956056384,13.170219276523468
A,25,10,125,300,0.05,3,1.0,0.8,1.0,1,3.3051300596709945,0.8919752954351383,9.312902299522847,13.208522822992986
A,25,10,125,300,0.05,3,1.0,0.8,1.0,5,3.2958755140586917,0.8920532444457031,9.307665472952696,13.197459247178845
A,25,10,125,300,0.05,3,1.0,0.8,10.0,1,3.3231177676131565,0.8923782805836542,9.296631456456149,13.190477856644145
A,25,10,125,300,0.05,3,1.0,0.8,10.0,5,3.320477374421665,0.8920464837057305,9.311002724519607,13.191820046590703
A,25,10,125,300,0.05,3,1.0,1.0,0.1,1,3.372492202052814,0.8917658816877386,9.300957260645811,13.236470323660518
A,25,10,125,300,0.05,3,1.0,1.0,0.1,5,3.369899117661334,0.8917101947252956,9.303115578647128,13.23896973499257
A,25,10,125,300,0.05,3,1.0,1.0,1.0,1,3.3489372912261657,0.8921854080316255,9.28018039008297,13.212758828571216
A,25,10,125,300,0.05,3,1.0,1.0,1.0,5,3.354174844791488,0.8918649329744669,9.284887807367067,13.213872293529212
A,25,10,125,300,0.05,3,1.0,1.0,10.0,1,3.3673268998489547,0.8920015950080472,9.307345393221699,13.23341833144977
A,25,10,125,300,0.05,3,1.0,1.0,10.0,5,3.359170102759226,0.8921234822750369,9.291730794470011,13.21873283912284
A,25,10,125,300,0.05,5,0.8,0.8,0.1,1,3.482520341598307,0.8888559533658963,9.270378144367768,13.361026669541928
A,25,10,125,300,0.05,5,0.8,0.8,0.1,5,3.4438365329907854,0.8893399165073209,9.225973315843472,13.310256821951594
A,25,10,125,300,0.05,5,0.8,0.8,1.0,1,3.4805882791791296,0.8890471458277622,9.261115779092089,13.357355153618624
A,25,10,125,300,0.05,5,0.8,0.8,1.0,5,3.452653297075989,0.8892325332333044,9.245063273490398,13.325561973790434
A,25,10,125,300,0.05,5,0.8,0.8,10.0,1,3.430205679978124,0.8896247986127177,9.227938035320035,13.293667809104173
A,25,10,125,300,0.05,5,0.8,0.8,10.0,5,3.402596709109306,0.8900235036313504,9.204709151287561,13.264449309977962
A,25,10,125,300,0.05,5,0.8,1.0,0.1,1,3.5329971042920825,0.8887360472833954,9.238117326127618,13.36785984365992
A,25,10,125,300,0.05,5,0.8,1.0,0.1,5,3.536608149225794,0.8888073244558121,9.239327863924057,13.380012679795538
A,25,10,125,300,0.05,5,0.8,1.0,1.0,1,3.5303862326067152,0.8888024940165644,9.234029236310873,13.363237261029644
A,25,10,125,300,0.05,5,0.8,1.0,1.0,5,3.5338877641893687,0.8890989540932319,9.221496035866622,13.357633910027578
A,25,10,125,300,0.05,5,0.8,1.0,10.0,1,3.4834398382607885,0.8892452720903696,9.226598795630078,13.327188216487656
A,25,10,125,300,0.05,5,0.8,1.0,10.0,5,3.5003095304071934,0.8893442263566584,9.215584157116135,13.32138686902554
A,25,10,125,300,0.05,5,1.0,0.8,0.1,1,3.425656710200547,0.8902272216633434,9.214262310745232,13.288573515070727
A,25,10,125,300,0.05,5,1.0,0.8,0.1,5,3.4449509901499864,0.8897032321210083,9.23089191030588,13.29919783221545
A,25,10,125,300,0.05,5,1.0,0.8,1.0,1,3.47228619983584,0.8898492012653361,9.229752138802047,13.31895954381728
A,25,10,125,300,0.05,5,1.0,0.8,1.0,5,3.4589147914301632,0.8895006429231399,9.242494040783006,13.322461272022418
A,25,10,125,300,0.05,5,1.0,0.8,10.0,1,3.4552806464934926,0.8896472886199858,9.246638436617632,13.311930561365989
A,25,10,125,300,0.05,5,1.0,0.8,10.0,5,3.450057176041212,0.890018614558978,9.220706412521228,13.280702469027128
A,25,10,125,300,0.05,5,1.0,1.0,0.1,1,3.5130811778473756,0.8892372493014067,9.243360709309465,13.358711862636037
A,25,10,125,300,0.05,5,1.0,1.0,0.1,5,3.4951820686736723,0.8894152939314399,9.204539053147288,13.327818032186821
A,25,10,125,300,0.05,5,1.0,1.0,1.0,1,3.4896877702919027,0.8894796374032321,9.209522363152402,13.315356392250456
A,25,10,125,300,0.05,5,1.0,1.0,1.0,5,3.518704012473691,0.889403223768088,9.217871658901876,13.344031543770404
A,25,10,125,300,0.05,5,1.0,1.0,10.0,1,3.4400050841300165,0.8903261878402825,9.214720065683064,13.279915804202176
A,25,10,125,300,0.05,5,1.0,1.0,10.0,5,3.475771648073927,0.889995204236067,9.200580964565216,13.298143984285971
A,25,10,125,300,0.1,3,0.8,0.8,0.1,1,3.3059587144422986,0.8907785743569571,9.254574462583824,13.197726910440641
A,25,10,125,300,0.1,3,0.8,0.8,0.1,5,3.3312115669668785,0.8904223663844893,9.272969716038526,13.218618774085234
A,25,10,125,300,0.1,3,0.8,0.8,1.0,1,3.308524311709392,0.8907100935040049,9.254522472174788,13.187028740045724
A,25,10,125,300,0.1,3,0.8,0.8,1.0,5,3.3115421671771927,0.8908476284416622,9.253238392960549,13.197866025997063
A,25,10,125,300,0.1,3,0.8,0.8,10.0,1,3.2921510613626888,0.8908283192735873,9.248277826367822,13.19166062136554
A,25,10,125,300,0.1,3,0.8,0.8,10.0,5,3.284898901750747,0.8903750735684953,9.287532827241218,13.209691190830972
A,25,10,125,300,0.1,3,0.8,1.0,0.1,1,3.343137211759678,0.890179111462089,9.262074755265227,13.236095182893376
A,25,10,125,300,0.1,3,0.8,1.0,0.1,5,3.3367982158271934,0.8901254927922674,9.272213484181604,13.243612561774466
A,25,10,125,300,0.1,3,0.8,1.0,1.0,1,3.33918195236573,0.8902267321809705,9.274666911950629,13.231599272446974
A,25,10,125,300,0.1,3,0.8,1.0,1.0,5,3.33539319407524,0.8900439740160422,9.274803254441911,13.244769471544942
A,25,10,125,300,0.1,3,0.8,1.0,10.0,1,3.345127066512517,0.8907046448829641,9.250107023958918,13.230964219430339
A,25,10,125,300,0.1,3,0.8,1.0,10.0,5,3.335870314500002,0.8907417167725867,9.261130828957567,13.217773618978395
A,25,10,125,300,0.1,3,1.0,0.8,0.1,1,3.2789906164275293,0.891185801187051,9.249079748999865,13.193446391967242
A,25,10,125,300,0.1,3,1.0,0.8,0.1,5,3.305289807340396,0.8911134302525798,9.265346280627444,13.217339377924688
A,25,10,125,300,0.1,3,1.0,0.8,1.0,1,3.2983274054591027,0.8912717193060917,9.24736395425266,13.206263871103687
A,25,10,125,300,0.1,3,1.0,0.8,1.0,5,3.310449316885836,0.891155358390772,9.26911543356135,13.2259651889885
A,25,10,125,300,0.1,3,1.0,0.8,10.0,1,3.295915409333292,0.8909772578860998,9.264098552362787,13.211124596669915
A,25,10,125,300,0.1,3,1.0,0.8,10.0,5,3.298805373188486,0.8911417946418426,9.260777366117166,13.21481531893998
A,25,10,125,300,0.1,3,1.0,1.0,0.1,1,3.315560078006988,0.8909204383262598,9.254435547142336,13.226399983430605
A,25,10,125,300,0.1,3,1.0,1.0,0.1,5,3.325835143118667,0.8908386134701539,9.250433930599765,13.231407280309512
A,25,10,125,300,0.1,3,1.0,1.0,1.0,1,3.318632087446609,0.8912084243345257,9.24729782477859,13.216665578500885
A,25,10,125,300,0.1,3,1.0,1.0,1.0,5,3.3372768671467448,0.890838374479979,9.270644124341747,13.241118788686146
A,25,10,125,300,0.1,3,1.0,1.0,10.0,1,3.3174268548307055,0.8910460612450292,9.251273351255652,13.223377108354054
A,25,10,125,300,0.1,3,1.0,1.0,10.0,5,3.3166061201203747,0.8911832045222476,9.242115347820075,13.20711806786403
A,25,10,125,300,0.1,5,0.8,0.8,0.1,1,3.717709358400158,0.884374906928789,9.469108437522422,13.641596959062875
A,25,10,125,300,0.1,5,0.8,0.8,0.1,5,3.6098967138836313,0.8852566342879836,9.440814362055702,13.57834496105148
A,25,10,125,300,0.1,5,0.8,0.8,1.0,1,3.6442506443068745,0.8855611919146733,9.427269915169681,13.589683920003353
A,25,10,125,300,0.1,5,0.8,0.8,1.0,5,3.6564776464357513,0.885614777574229,9.415078031466454,13.56420462211835
A,25,10,125,300,0.1,5,0.8,0.8,10.0,1,3.5674387539966643,0.8861581098176344,9.3978484957516,13.507111649755313
A,25,10,125,300,0.1,5,0.8,0.8,10.0,5,3.6335998058415897,0.8863605467231002,9.373436840694186,13.526405913543787
A,25,10,125,300,0.1,5,0.8,1.0,0.1,1,3.6949377566123367,0.8854203521897077,9.404423304979236,13.614421205567561
A,25,10,125,300,0.1,5,0.8,1.0,0.1,5,3.7344375637616425,0.8849209083345476,9.449905882163755,13.650839057970364
A,25,10,125,300,0.1,5,0.8,1.0,1.0,1,3.7223081078923634,0.8844746883812006,9.446834030494381,13.628934800175262
A,25,10,125,300,0.1,5,0.8,1.0,1.0,5,3.7173364766621235,0.8856576796924859,9.390429831564123,13.604315361069979
A,25,10,125,300,0.1,5,0.8,1.0,10.0,1,3.6943745032124724,0.8853942878753875,9.415457560629294,13.616538482860758
A,25,10,125,300,0.1,5,0.8,1.0,10.0,5,3.719899592372651,0.8847936980716931,9.447590002759343,13.633530291493852
A,25,10,125,300,0.1,5,1.0,0.8,0.1,1,3.691461385050082,0.8858535081643313,9.415275809061368,13.585394521089071
A,25,10,125,300,0.1,5,1.0,0.8,0.1,5,3.6360021974746717,0.886584974586424,9.395763031251908,13.569610477665128
A,25,10,125,300,0.1,5,1.0,0.8,1.0,1,3.619490663064198,0.8858671954093416,9.416635021263657,13.570654313329886
A,25,10,125,300,0.1,5,1.0,0.8,1.0,5,3.614360685918997,0.8857566870023149,9.415024355073857,13.551569313487798
A,25,10,125,300,0.1,5,1.0,0.8,10.0,1,3.60229820705253,0.8863781444111718,9.395740188475797,13.539236164813929
A,25,10,125,300,0.1,5,1.0,0.8,10.0,5,3.5641494555720663,0.8867422204862443,9.36088985188559,13.488620787566024
A,25,10,125,300,0.1,5,1.0,1.0,0.1,1,3.7342640422856306,0.8853606416981229,9.41385773042719,13.630339437557009
A,25,10,125,300,0.1,5,1.0,1.0,0.1,5,3.6941924565273885,0.8851782652935489,9.412224292103165,13.599203609721968
A,25,10,125,300,0.1,5,1.0,1.0,1.0,1,3.680640033204914,0.8850911524862864,9.395352457922078,13.588621912075919
A,25,10,125,300,0.1,5,1.0,1.0,1.0,5,3.6731196834421675,0.8848279087012738,9.412191148266318,13.600888539267377
A,25,10,125,300,0.1,5,1.0,1.0,10.0,1,3.62553621045954,0.8868945036036944,9.375876285208001,13.548811398522654
A,25,10,125,300,0.1,5,1.0,1.0,10.0,5,3.6171961518266933,0.8866860211322377,9.34895087645007,13.530434990214726
A,25,15,115,100,0.05,3,0.8,0.8,0.1,1,2.358679062843197,0.9061914654799423,7.919484169876361,11.386402647501537
A,25,15,115,100,0.05,3,0.8,0.8,0.1,5,2.3586926734277864,0.9061926242270957,7.919016140465355,11.386109707498699
A,25,15,115,100,0.05,3,0.8,0.8,1.0,1,2.3626139623189255,0.9062157930082915,7.929292184386625,11.389641853044802
A,25,15,115,100,0.05,3,0.8,0.8,1.0,5,2.363340179377696,0.9061147777378047,7.932287757649773,11.391835343907026
A,25,15,115,100,0.05,3,0.8,0.8,10.0,1,2.363058409716031,0.9059314461171072,7.951726326501412,11.403432039980876
A,25,15,115,100,0.05,3,0.8,0.8,10.0,5,2.3663796297025086,0.9059642448449898,7.952173893253098,11.405349421290575
A,25,15,115,100,0.05,3,0.8,1.0,0.1,1,2.3961945159724665,0.9059510279092102,7.849454088693911,11.425541401291806
A,25,15,115,100,0.05,3,0.8,1.0,0.1,5,2.396781476920902,0.9058672111774928,7.850945428080266,11.424249530350426
A,25,15,115,100,0.05,3,0.8,1.0,1.0,1,2.3853388014263004,0.9061520799529404,7.83799589098197,11.408227825678054
A,25,15,115,100,0.05,3,0.8,1.0,1.0,5,2.388482513534286,0.9061370655514024,7.839678687310894,11.411266200788532
A,25,15,115,100,0.05,3,0.8,1.0,10.0,1,2.388420918476233,0.9055781129235326,7.861859255635167,11.428258587122944
A,25,15,115,100,0.05,3,0.8,1.0,10.0,5,2.391531592481115,0.9055559864702231,7.864713069628327,11.432997763045474
A,25,15,115,100,0.05,3,1.0,0.8,0.1,1,2.353306074264768,0.9059949892590187,7.924846058185769,11.376602023511705
A,25,15,115,100,0.05,3,1.0,0.8,0.1,5,2.3536357293656964,0.9059523608974722,7.926258192399007,11.37790048150104
A,25,15,115,100,0.05,3,1.0,0.8,1.0,1,2.367307981671984,0.905901007478627,7.93321272929975,11.390573613957693
A,25,15,115,100,0.05,3,1.0,0.8,1.0,5,2.3680405238448743,0.9058847960334754,7.9347214444603225,11.391264832275084
A,25,15,115,100,0.05,3,1.0,0.8,10.0,1,2.384730761218199,0.9053963157561338,7.964433504286437,11.41801881525366
A,25,15,115,100,0.05,3,1.0,0.8,10.0,5,2.382890343984022,0.9054111581495056,7.963079793537749,11.415907300980733
A,25,15,115,100,0.05,3,1.0,1.0,0.1,1,2.3840118400542125,0.9063584070887737,7.83604453290979,11.41818033320493
A,25,15,115,100,0.05,3,1.0,1.0,0.1,5,2.38588953933969,0.9063072430316982,7.8406046891865655,11.420440397693493
A,25,15,115,100,0.05,3,1.0,1.0,1.0,1,2.38315629970458,0.9060238112256316,7.84296820858974,11.414440023020044
A,25,15,115,100,0.05,3,1.0,1.0,1.0,5,2.3808105670428708,0.906095952418044,7.8358887036096805,11.408655505286664
A,25,15,115,100,0.05,3,1.0,1.0,10.0,1,2.3824350070801046,0.9060986189241124,7.867317563437527,11.420788226403271
A,25,15,115,100,0.05,3,1.0,1.0,10.0,5,2.3832280929213305,0.9062025472459897,7.861894371490459,11.417659409997814
A,25,15,115,100,0.05,5,0.8,0.8,0.1,1,2.256133454840678,0.9072378823271221,7.557333933847507,11.192736990561778
A,25,15,115,100,0.05,5,0.8,0.8,0.1,5,2.249522905393728,0.9068498856185204,7.549302835183755,11.183663395459295
A,25,15,115,100,0.05,5,0.8,0.8,1.0,1,2.2405197063910203,0.9070987553404537,7.540612792381235,11.167268889820765
A,25,15,115,100,0.05,5,0.8,0.8,1.0,5,2.262830054100247,0.9067043502383788,7.552086569235023,11.184527068430466
A,25,15,115,100,0.05,5,0.8,0.8,10.0,1,2.253317159000166,0.9070081736601218,7.579994135268764,11.187405956111357
A,25,15,115,100,0.05,5,0.8,0.8,10.0,5,2.253188254419549,0.907038480049755,7.58088119245392,11.198892396764954
A,25,15,115,100,0.05,5,0.8,1.0,0.1,1,2.2395345139103546,0.9083246142814291,7.4624611555037195,11.133389671157698
A,25,15,115,100,0.05,5,0.8,1.0,0.1,5,2.2423863998061,0.9085066156891737,7.454492647930714,11.142109120121809
A,25,15,115,100,0.05,5,0.8,1.0,1.0,1,2.235061906503924,0.908349400888226,7.461608525596875,11.144193792511592
A,25,15,115,100,0.05,5,0.8,1.0,1.0,5,2.228341074936651,0.9089621966298426,7.4487120543040515,11.121545384240463
A,25,15,115,100,0.05,5,0.8,1.0,10.0,1,2.228930903227731,0.9081928830281594,7.496880230889329,11.138343592022569
A,25,15,115,100,0.05,5,0.8,1.0,10.0,5,2.239758122732695,0.9086601024983336,7.478531729987134,11.13986168321156
A,25,15,115,100,0.05,5,1.0,0.8,0.1,1,2.254969865013066,0.9069243912386842,7.57561495668472,11.19619363547503
A,25,15,115,100,0.05,5,1.0,0.8,0.1,5,2.2537914650072564,0.9068052698209724,7.569511255524196,11.199789413853201
A,25,15,115,100,0.05,5,1.0,0.8,1.0,1,2.2534041638000994,0.9066628917299703,7.562130799585314,11.186341929014135
A,25,15,115,100,0.05,5,1.0,0.8,1.0,5,2.2418244650852177,0.9069066266334167,7.548716633111707,11.175497906034067
A,25,15,115,100,0.05,5,1.0,0.8,10.0,1,2.2586731278230445,0.9069110649853332,7.597909175312045,11.20070762531106
A,25,15,115,100,0.05,5,1.0,0.8,10.0,5,2.2549003864624817,0.9068786073799663,7.588297968867228,11.193099890877672
A,25,15,115,100,0.05,5,1.0,1.0,0.1,1,2.2485151597005184,0.908385921874838,7.480977837382722,11.157775736834537
A,25,15,115,100,0.05,5,1.0,1.0,0.1,5,2.2371504844460426,0.908120484555831,7.488308992581591,11.157852958943028
A,25,15,115,100,0.05,5,1.0,1.0,1.0,1,2.2423900331281623,0.9083097036982108,7.477988416440036,11.155653216661701
A,25,15,115,100,0.05,5,1.0,1.0,1.0,5,2.236619967933513,0.908295733452718,7.470720141020875,11.148589138102883
A,25,15,115,100,0.05,5,1.0,1.0,10.0,1,2.2379658912757856,0.9078957597147976,7.51898180672256,11.157449911969373
A,25,15,115,100,0.05,5,1.0,1.0,10.0,5,2.242000187851004,0.9082191562111867,7.497408067310403,11.152267574468476
A,25,15,115,100,0.1,3,0.8,0.8,0.1,1,2.2483397976023616,0.9073320044458898,7.674915409849035,11.244518355607875
A,25,15,115,100,0.1,3,0.8,0.8,0.1,5,2.2449312897831986,0.9073974647995315,7.671267965559659,11.237942900145637
A,25,15,115,100,0.1,3,0.8,0.8,1.0,1,2.2438833175043973,0.9072279191031518,7.664537659870876,11.235041651512228
A,25,15,115,100,0.1,3,0.8,0.8,1.0,5,2.2476806737398696,0.907086780114182,7.673912889049385,11.241477099492823
A,25,15,115,100,0.1,3,0.8,0.8,10.0,1,2.237357527296847,0.9069101279032046,7.679311505932641,11.227382992392908
A,25,15,115,100,0.1,3,0.8,0.8,10.0,5,2.2451067630613193,0.9068524252165726,7.677694272026029,11.23487033723849
A,25,15,115,100,0.1,3,0.8,1.0,0.1,1,2.3109488227719917,0.9074502633026544,7.628621673487278,11.297349929322795
A,25,15,115,100,0.1,3,0.8,1.0,0.1,5,2.3097711805093413,0.9071478563819484,7.636184447133827,11.300437091622163
A,25,15,115,100,0.1,3,0.8,1.0,1.0,1,2.279565471738148,0.9071559985825319,7.632099713728794,11.279727725031876
A,25,15,115,100,0.1,3,0.8,1.0,1.0,5,2.2773978710511997,0.907313315294922,7.629340922155494,11.2791175598478
A,25,15,115,100,0.1,3,0.8,1.0,10.0,1,2.2888852374937345,0.9069111357999088,7.649904482923785,11.306771265696842
A,25,15,115,100,0.1,3,0.8,1.0,10.0,5,2.2984953082187842,0.9066998626253282,7.659200426990149,11.314854766750834
A,25,15,115,100,0.1,3,1.0,0.8,0.1,1,2.275496907879246,0.9065677329821163,7.672666642737603,11.254440898812208
A,25,15,115,100,0.1,3,1.0,0.8,0.1,5,2.271905328303659,0.9067228640050905,7.670141957903473,11.252288077769084
A,25,15,115,100,0.1,3,1.0,0.8,1.0,1,2.283702212954723,0.9069582185276508,7.678513334364716,11.271358331127146
A,25,15,115,100,0.1,3,1.0,0.8,1.0,5,2.2814586770430685,0.9069240993421716,7.6717476199650605,11.267297890890323
A,25,15,115,100,0.1,3,1.0,0.8,10.0,1,2.2681822767517343,0.9069042344488146,7.694828566174856,11.259262441709051
A,25,15,115,100,0.1,3,1.0,0.8,10.0,5,2.259677862753457,0.9068553539185169,7.678705993947199,11.249109869348406
A,25,15,115,100,0.1,3,1.0,1.0,0.1,1,2.3030506580562173,0.9066813119764789,7.650134075963405,11.304739879809713
A,25,15,115,100,0.1,3,1.0,1.0,0.1,5,2.306240400079536,0.9066225959290011,7.643886754070701,11.309072163370493
A,25,15,115,100,0.1,3,1.0,1.0,1.0,1,2.303611271874902,0.9067676084314442,7.651716877944899,11.305616113942147
A,25,15,115,100,0.1,3,1.0,1.0,1.0,5,2.3122236560640435,0.9063706840938168,7.666392470617112,11.320830506162743
A,25,15,115,100,0.1,3,1.0,1.0,10.0,1,2.3326912728964855,0.9068402256750441,7.654496680242777,11.340687142942325
A,25,15,115,100,0.1,3,1.0,1.0,10.0,5,2.3269223832934416,0.9069654937269978,7.65854390738478,11.335536066798912
A,25,15,115,100,0.1,5,0.8,0.8,0.1,1,2.2954087388362243,0.9048853922126169,7.542675682066905,11.287396011700354
A,25,15,115,100,0.1,5,0.8,0.8,0.1,5,2.2736381711267137,0.9054020754389296,7.527677452330937,11.257431238629616
A,25,15,115,100,0.1,5,0.8,0.8,1.0,1,2.271638639996829,0.9055719170293205,7.505906314918738,11.239255835266146
A,25,15,115,100,0.1,5,0.8,0.8,1.0,5,2.2435966331369612,0.9058563480737943,7.494704760817362,11.209260812673048
A,25,15,115,100,0.1,5,0.8,0.8,10.0,1,2.261673778654628,0.9058592562352772,7.5290156846059535,11.223951187869645
A,25,15,115,100,0.1,5,0.8,0.8,10.0,5,2.281088514627714,0.9056777670745518,7.528553146667326,11.230760040587386
A,25,15,115,100,0.1,5,0.8,1.0,0.1,1,2.315053359127025,0.9058110852507996,7.515266695222627,11.303399874522992
A,25,15,115,100,0.1,5,0.8,1.0,0.1,5,2.311824719219978,0.9058842446123304,7.5030666467180795,11.287082643676825
A,25,15,115,100,0.1,5,0.8,1.0,1.0,1,2.3039783958026794,0.9064575056966916,7.483678217864103,11.265307685119055
A,25,15,115,100,0.1,5,0.8,1.0,1.0,5,2.2901834704795574,0.9066405573374625,7.479939379726583,11.247136150864657
A,25,15,115,100,0.1,5,0.8,1.0,10.0,1,2.2761038221458505,0.9061783286907243,7.478253146428159,11.232362639780227
A,25,15,115,100,0.1,5,0.8,1.0,10.0,5,2.281908463899753,0.9064152721847492,7.487196706597507,11.24006170736311
A,25,15,115,100,0.1,5,1.0,0.8,0.1,1,2.27152891719095,0.9056679063138849,7.532133018371016,11.25156427906923
A,25,15,115,100,0.1,5,1.0,0.8,0.1,5,2.289617931027282,0.9059672909844174,7.5263966742411785,11.2509917130618
A,25,15,115,100,0.1,5,1.0,0.8,1.0,1,2.274765637587445,0.9055985215087838,7.5340744903325,11.252170176580073
A,25,15,115,100,0.1,5,1.0,0.8,1.0,5,2.267777111031544,0.9054099117103988,7.552209373709983,11.263607920448852
A,25,15,115,100,0.1,5,1.0,0.8,10.0,1,2.246535719342617,0.9065532297466324,7.510970575430326,11.194273174515576
A,25,15,115,100,0.1,5,1.0,0.8,10.0,5,2.257294741863119,0.9059291286786333,7.5266328586410705,11.228143303509393
A,25,15,115,100,0.1,5,1.0,1.0,0.1,1,2.2744391860599773,0.9061907739716762,7.4956225206717475,11.242085909835398
A,25,15,115,100,0.1,5,1.0,1.0,0.1,5,2.269336741012639,0.9062656558550038,7.4759021951173095,11.232457132908035
A,25,15,115,100,0.1,5,1.0,1.0,1.0,1,2.285195048733583,0.906252263245427,7.487193065265343,11.247993186536045
A,25,15,115,100,0.1,5,1.0,1.0,1.0,5,2.2631432708043016,0.9068824158312472,7.456601940845665,11.224740112997694
A,25,15,115,100,0.1,5,1.0,1.0,10.0,1,2.2730682083756166,0.9068245837639204,7.482045720214266,11.213887263998018
A,25,15,115,100,0.1,5,1.0,1.0,10.0,5,2.2633004559183902,0.9071481485367426,7.472779435496132,11.203436814022302
A,25,15,115,200,0.05,3,0.8,0.8,0.1,1,2.251304745713248,0.9076303678633124,7.628396013603511,11.216907577705735
A,25,15,115,200,0.05,3,0.8,0.8,0.1,5,2.25197238989715,0.9076786326294751,7.6302400854183094,11.218978267495993
A,25,15,115,200,0.05,3,0.8,0.8,1.0,1,2.256272915319924,0.9075342654077503,7.643862143891269,11.22535568019072
A,25,15,115,200,0.05,3,0.8,0.8,1.0,5,2.249244883892721,0.9075831071641982,7.643678369734408,11.221202481487863
A,25,15,115,200,0.05,3,0.8,0.8,10.0,1,2.250401632392802,0.907392805002503,7.660764844048235,11.227529529133395
A,25,15,115,200,0.05,3,0.8,0.8,10.0,5,2.2552265011088277,0.9073671353773192,7.658145657736645,11.231047980567855
A,25,15,115,200,0.05,3,0.8,1.0,0.1,1,2.3007239094350633,0.9069122929922461,7.638412750349031,11.2974237678239
A,25,15,115,200,0.05,3,0.8,1.0,0.1,5,2.297060160136952,0.9069609334026205,7.640621360926881,11.296542835026028
A,25,15,115,200,0.05,3,0.8,1.0,1.0,1,2.2946786786753917,0.9072453236423513,7.62183675564251,11.279453956357994
A,25,15,115,200,0.05,3,0.8,1.0,1.0,5,2.2925839138274564,0.9072943420357751,7.624046886418286,11.279534142385575
A,25,15,115,200,0.05,3,0.8,1.0,10.0,1,2.290855425415079,0.9069203858807683,7.64278818918343,11.285734622673768
A,25,15,115,200,0.05,3,0.8,1.0,10.0,5,2.2930924195674036,0.9069160165539648,7.650396842444519,11.292832963172263
A,25,15,115,200,0.05,3,1.0,0.8,0.1,1,2.276304541551011,0.9074505151043951,7.67508685869178,11.24453692167915
A,25,15,115,200,0.05,3,1.0,0.8,0.1,5,2.2731056973493606,0.9073984251682841,7.676517038124777,11.248163540224613
A,25,15,115,200,0.05,3,1.0,0.8,1.0,1,2.2859317813932196,0.907123973059137,7.674603456005855,11.260125768797272
A,25,15,115,200,0.05,3,1.0,0.8,1.0,5,2.2850144674517745,0.9072509735379952,7.677452092611951,11.259121157225795
A,25,15,115,200,0.05,3,1.0,0.8,10.0,1,2.2922158403143067,0.907012117167285,7.688952609124982,11.274317069894023
A,25,15,115,200,0.05,3,1.0,0.8,10.0,5,2.292966588893086,0.9069528343002764,7.692583579520997,11.27777240885683
A,25,15,115,200,0.05,3,1.0,1.0,0.1,1,2.287461080013265,0.9074607151135664,7.6207527512545665,11.277802878893652
A,25,15,115,200,0.05,3,1.0,1.0,0.1,5,2.2958030865089087,0.9073731597463635,7.61412520806028,11.285008619566817
A,25,15,115,200,0.05,3,1.0,1.0,1.0,1,2.294355292908867,0.9071748917287519,7.6283054690863255,11.282520090183649
A,25,15,115,200,0.05,3,1.0,1.0,1.0,5,2.299509298761257,0.9071959290636942,7.632808134895038,11.289060827258886
A,25,15,115,200,0.05,3,1.0,1.0,10.0,1,2.2904028895893895,0.9070572015908175,7.639429839078234,11.282030583371881
A,25,15,115,200,0.05,3,1.0,1.0,10.0,5,2.300386449389041,0.9069393305604537,7.646014358926166,11.293215859057899
A,25,15,115,200,0.05,5,0.8,0.8,0.1,1,2.268768455830985,0.9061342268058601,7.508049481762515,11.223957548255617
A,25,15,115,200,0.05,5,0.8,0.8,0.1,5,2.2630388315099537,0.9061758271388592,7.498797909352682,11.215843767684131
A,25,15,115,200,0.05,5,0.8,0.8,1.0,1,2.2537764750902793,0.9062962217873933,7.4852172857920625,11.198250304013193
A,25,15,115,200,0.05,5,0.8,0.8,1.0,5,2.275839447304859,0.9059570593793339,7.501733524390102,11.21750031603445
A,25,15,115,200,0.05,5,0.8,0.8,10.0,1,2.2663909176653263,0.9065243806331251,7.488568290944428,11.204356601678574
A,25,15,115,200,0.05,5,0.8,0.8,10.0,5,2.2680008131823852,0.9063694520792442,7.499682501606157,11.219053808826713
A,25,15,115,200,0.05,5,0.8,1.0,0.1,1,2.2624531850975713,0.9066555880700251,7.441593416497952,11.182327524241051
A,25,15,115,200,0.05,5,0.8,1.0,0.1,5,2.2740978794084783,0.9068385561964485,7.44661588572738,11.21032806459981
A,25,15,115,200,0.05,5,0.8,1.0,1.0,1,2.2634426477747294,0.9067554831670547,7.452782612851415,11.212540810627964
A,25,15,115,200,0.05,5,0.8,1.0,1.0,5,2.2433409756296516,0.9073938742772436,7.413840068500226,11.164175617762362
A,25,15,115,200,0.05,5,0.8,1.0,10.0,1,2.2431266518818935,0.9068965729160603,7.428890715152629,11.16692903835786
A,25,15,115,200,0.05,5,0.8,1.0,10.0,5,2.256439923222648,0.9075074896079165,7.422139723468694,11.176928295724887
A,25,15,115,200,0.05,5,1.0,0.8,0.1,1,2.2580465362718978,0.9059682626966126,7.524479575121747,11.213637045961134
A,25,15,115,200,0.05,5,1.0,0.8,0.1,5,2.264507308409096,0.9056930083593796,7.5215717052574975,11.22663005080409
A,25,15,115,200,0.05,5,1.0,0.8,1.0,1,2.257832123743375,0.9058997703122571,7.501150693714777,11.204618536010967
A,25,15,115,200,0.05,5,1.0,0.8,1.0,5,2.2409968276598984,0.9064031048026717,7.474192018223786,11.172355515840096
A,25,15,115,200,0.05,5,1.0,0.8,10.0,1,2.266633363138,0.9061724243378659,7.51577946099637,11.214606368015156
A,25,15,115,200,0.05,5,1.0,0.8,10.0,5,2.2523991115839506,0.9062608518213843,7.51484272894872,11.194256722520157
A,25,15,115,200,0.05,5,1.0,1.0,0.1,1,2.271596157750303,0.9068981433129639,7.458413364021955,11.211360718878707
A,25,15,115,200,0.05,5,1.0,1.0,0.1,5,2.2584467809555226,0.9069237003457877,7.46240647226081,11.205693751594907
A,25,15,115,200,0.05,5,1.0,1.0,1.0,1,2.26319444511489,0.9070913240251212,7.447187577801856,11.20597032328702
A,25,15,115,200,0.05,5,1.0,1.0,1.0,5,2.260178947453121,0.9069841368593986,7.4427509908200715,11.200007943160116
A,25,15,115,200,0.05,5,1.0,1.0,10.0,1,2.2527748345936796,0.9066778932908306,7.468367651443647,11.194668496262102
A,25,15,115,200,0.05,5,1.0,1.0,10.0,5,2.264891152921179,0.9071519959709603,7.4433488681163595,11.188346183174387
A,25,15,115,200,0.1,3,0.8,0.8,0.1,1,2.2268909346004016,0.9069018901433926,7.696516154184027,11.235627500367485
A,25,15,115,200,0.1,3,0.8,0.8,0.1,5,2.2331081485455515,0.9068440488151858,7.688634067268363,11.237968437503563
A,25,15,115,200,0.1,3,0.8,0.8,1.0,1,2.219209347827388,0.906914622819596,7.667402365195608,11.209495249211432
A,25,15,115,200,0.1,3,0.8,0.8,1.0,5,2.2260206640132325,0.9067458213189376,7.6722849031647655,11.222078578188256
A,25,15,115,200,0.1,3,0.8,0.8,10.0,1,2.213791701683791,0.9069534314689974,7.676601046678553,11.199756038410257
A,25,15,115,200,0.1,3,0.8,0.8,10.0,5,2.217919229773436,0.906840830067212,7.674503090706739,11.209062774447977
A,25,15,115,200,0.1,3,0.8,1.0,0.1,1,2.2645847567313453,0.9070662436307219,7.616206952197858,11.248524330273792
A,25,15,115,200,0.1,3,0.8,1.0,0.1,5,2.248242169467462,0.907372706358756,7.614608498815341,11.231607398805805
A,25,15,115,200,0.1,3,0.8,1.0,1.0,1,2.2584071220930095,0.9067261491762061,7.632229559038983,11.249919053827952
A,25,15,115,200,0.1,3,0.8,1.0,1.0,5,2.2492870783169026,0.906650178470428,7.630630489517455,11.2432548953917
A,25,15,115,200,0.1,3,0.8,1.0,10.0,1,2.2437442321867462,0.9069053728475109,7.64034727250708,11.256196397131351
A,25,15,115,200,0.1,3,0.8,1.0,10.0,5,2.2574239416434905,0.9065463061883176,7.651529363908068,11.27542359372845
A,25,15,115,200,0.1,3,1.0,0.8,0.1,1,2.233682593516476,0.9071005115053685,7.649285358864182,11.207598631568413
A,25,15,115,200,0.1,3,1.0,0.8,0.1,5,2.2391853824589183,0.9069828746356293,7.659778348832404,11.222039143338762
A,25,15,115,200,0.1,3,1.0,0.8,1.0,1,2.234146214076372,0.9073995527715638,7.661294670069045,11.226141666147877
A,25,15,115,200,0.1,3,1.0,0.8,1.0,5,2.2310539644209353,0.9077242801101603,7.636621478027005,11.205178168826716
A,25,15,115,200,0.1,3,1.0,0.8,10.0,1,2.2376556884610324,0.9072648528936205,7.672078096331532,11.231177198725694
A,25,15,115,200,0.1,3,1.0,0.8,10.0,5,2.2306509207201253,0.907077346030016,7.666731650924302,11.225386192202656
A,25,15,115,200,0.1,3,1.0,1.0,0.1,1,2.2559534905351404,0.9071726755745744,7.613325896631065,11.252185802986174
A,25,15,115,200,0.1,3,1.0,1.0,0.1,5,2.253482432909732,0.9070556101268135,7.6062571539416295,11.24133927377007
A,25,15,115,200,0.1,3,1.0,1.0,1.0,1,2.252609329086881,0.907272722070472,7.606971925942586,11.23670123197984
A,25,15,115,200,0.1,3,1.0,1.0,1.0,5,2.247786665405519,0.9071567363705677,7.603331836578777,11.239399233578608
A,25,15,115,200,0.1,3,1.0,1.0,10.0,1,2.289120157847696,0.9070865436926395,7.616933323895341,11.284275610371267
A,25,15,115,200,0.1,3,1.0,1.0,10.0,5,2.272806271202111,0.9073760119199615,7.605618892469498,11.268627451525395
A,25,15,115,200,0.1,5,0.8,0.8,0.1,1,2.3649784259802358,0.9019334428547598,7.707090316135367,11.44316069517269
A,25,15,115,200,0.1,5,0.8,0.8,0.1,5,2.3388215832579204,0.902366311629379,7.701601297336903,11.409048044398324
A,25,15,115,200,0.1,5,0.8,0.8,1.0,1,2.329265115744525,0.9028285399004299,7.669508199698244,11.363468551759077
A,25,15,115,200,0.1,5,0.8,0.8,1.0,5,2.3305475306325434,0.9026862463989609,7.668076287564378,11.384828430789074
A,25,15,115,200,0.1,5,0.8,0.8,10.0,1,2.342672350115804,0.9032158130178043,7.6852143530573755,11.375542964185785
A,25,15,115,200,0.1,5,0.8,0.8,10.0,5,2.3469943674508222,0.9033743079527866,7.6684803615299355,11.360799326364447
A,25,15,115,200,0.1,5,0.8,1.0,0.1,1,2.3831136789446505,0.9025713124652366,7.685326921698521,11.451593411761781
A,25,15,115,200,0.1,5,0.8,1.0,0.1,5,2.3863134163977873,0.9022997083840636,7.687733223846846,11.452771168147326
A,25,15,115,200,0.1,5,0.8,1.0,1.0,1,2.369005216237251,0.9031704654562068,7.648827852953387,11.414578006147835
A,25,15,115,200,0.1,5,0.8,1.0,1.0,5,2.361534327960013,0.9034368465181186,7.649826163453656,11.401300526757414
A,25,15,115,200,0.1,5,0.8,1.0,10.0,1,2.337022558622377,0.9029969523306661,7.642750630109663,11.37840225741019
A,25,15,115,200,0.1,5,0.8,1.0,10.0,5,2.3324441570908503,0.90372745284586,7.631123835250243,11.357183452256859
A,25,15,115,200,0.1,5,1.0,0.8,0.1,1,2.317800968834759,0.9033260462718286,7.663440771317435,11.363646187635581
A,25,15,115,200,0.1,5,1.0,0.8,0.1,5,2.3598932024178905,0.9032058670957273,7.6744797095387955,11.3965532116319
A,25,15,115,200,0.1,5,1.0,0.8,1.0,1,2.339767342072906,0.9033296880898035,7.673613803903416,11.377695154242522
A,25,15,115,200,0.1,5,1.0,0.8,1.0,5,2.3381891448120635,0.9028150204356165,7.705301447205502,11.405670406077473
A,25,15,115,200,0.1,5,1.0,0.8,10.0,1,2.298703433958108,0.904469149278977,7.625450620206837,11.307123185611005
A,25,15,115,200,0.1,5,1.0,0.8,10.0,5,2.3080935629451447,0.9034610530706793,7.650614239324028,11.347587609855363
A,25,15,115,200,0.1,5,1.0,1.0,0.1,1,2.3288788129683247,0.9032246908569409,7.651960382866162,11.379110078989047
A,25,15,115,200,0.1,5,1.0,1.0,0.1,5,2.3188910909430307,0.903967796239885,7.612938184191847,11.344524772109942
A,25,15,115,200,0.1,5,1.0,1.0,1.0,1,2.3369711568254146,0.9034496982036574,7.632171664559176,11.372654695920682
A,25,15,115,200,0.1,5,1.0,1.0,1.0,5,2.3278466073223107,0.9042009888785051,7.619288726999779,11.361984243146741
A,25,15,115,200,0.1,5,1.0,1.0,10.0,1,2.3142959337312954,0.9045397051309199,7.606695872724131,11.330890347210659
A,25,15,115,200,0.1,5,1.0,1.0,10.0,5,2.31283826710464,0.9048963545457657,7.597147113232455,11.327827873422187
A,25,15,115,300,0.05,3,0.8,0.8,0.1,1,2.22977211120536,0.9078555642234406,7.611692415023948,11.186679893724905
A,25,15,115,300,0.05,3,0.8,0.8,0.1,5,2.2342183134587215,0.9078094979804618,7.617531988376588,11.194679374215593
A,25,15,115,300,0.05,3,0.8,0.8,1.0,1,2.22521685255882,0.9078323664256651,7.61248176634655,11.180954022127072
A,25,15,115,300,0.05,3,0.8,0.8,1.0,5,2.2281629745990035,0.9078259468795522,7.622088004118908,11.189352951941677
A,25,15,115,300,0.05,3,0.8,0.8,10.0,1,2.2271259232419025,0.9076476265044725,7.637590723625676,11.191332761425286
A,25,15,115,300,0.05,3,0.8,0.8,10.0,5,2.2307661255673756,0.9076343099959718,7.638398343360646,11.19746771933009
A,25,15,115,300,0.05,3,0.8,1.0,0.1,1,2.261682974773141,0.9073487810815184,7.595491469088694,11.237529131062933
A,25,15,115,300,0.05,3,0.8,1.0,0.1,5,2.259512727000246,0.9072032082517714,7.606181211818329,11.241363233539337
A,25,15,115,300,0.05,3,0.8,1.0,1.0,1,2.2487742969597297,0.907755575652301,7.581210015742347,11.213793097013658
A,25,15,115,300,0.05,3,0.8,1.0,1.0,5,2.2573027997311867,0.9075954762535788,7.591356545972692,11.227164659618524
A,25,15,115,300,0.05,3,0.8,1.0,10.0,1,2.260556228945263,0.9072041889255098,7.616666681112465,11.246787868653188
A,25,15,115,300,0.05,3,0.8,1.0,10.0,5,2.2557576237960584,0.9071685432805253,7.623041037168775,11.243997510347416
A,25,15,115,300,0.05,3,1.0,0.8,0.1,1,2.2492556433179747,0.9077414437888407,7.649311835278288,11.217190112086964
A,25,15,115,300,0.05,3,1.0,0.8,0.1,5,2.2428634649031567,0.9077309075349046,7.642253706510539,11.207415753438417
A,25,15,115,300,0.05,3,1.0,0.8,1.0,1,2.2491774678124337,0.9074604958442247,7.635625556514104,11.210864961152947
A,25,15,115,300,0.05,3,1.0,0.8,1.0,5,2.2557034906765994,0.9075786985880356,7.640807241309287,11.221634289525182
A,25,15,115,300,0.05,3,1.0,0.8,10.0,1,2.267062622753417,0.9073510550083291,7.6571029782913795,11.240826647815842
A,25,15,115,300,0.05,3,1.0,0.8,10.0,5,2.2624366443948944,0.9072585273383229,7.659585145575082,11.239360524773774
A,25,15,115,300,0.05,3,1.0,1.0,0.1,1,2.2584192471294324,0.9075053969350169,7.588947653202849,11.239213672755632
A,25,15,115,300,0.05,3,1.0,1.0,0.1,5,2.262489553081805,0.9076919843394002,7.586338800279665,11.242218258957458
A,25,15,115,300,0.05,3,1.0,1.0,1.0,1,2.266701300004541,0.9073400285242993,7.598265579933117,11.245601150680281
A,25,15,115,300,0.05,3,1.0,1.0,1.0,5,2.266496482598718,0.9073070464687969,7.595385283588921,11.243590024550404
A,25,15,115,300,0.05,3,1.0,1.0,10.0,1,2.2630827652846373,0.9074099916714591,7.599742747514567,11.239709326887203
A,25,15,115,300,0.05,3,1.0,1.0,10.0,5,2.2706090163928137,0.9072505121909561,7.605194885445738,11.253444542673064
A,25,15,115,300,0.05,5,0.8,0.8,0.1,1,2.2956592468780173,0.9047070155369561,7.57446630590767,11.290053986072387
A,25,15,115,300,0.05,5,0.8,0.8,0.1,5,2.290149142127374,0.9049669340673834,7.559841735254578,11.273704646122885
A,25,15,115,300,0.05,5,0.8,0.8,1.0,1,2.279573915512171,0.9052238375898394,7.544283959876386,11.254704114649673
A,25,15,115,300,0.05,5,0.8,0.8,1.0,5,2.297761208938074,0.9047282839149219,7.568094215529639,11.276815921697914
A,25,15,115,300,0.05,5,0.8,0.8,10.0,1,2.2903842104855157,0.9055111725507459,7.55083870937014,11.265922246434533
A,25,15,115,300,0.05,5,0.8,0.8,10.0,5,2.299007356453301,0.9052489709649034,7.557402747404218,11.283358963767755
A,25,15,115,300,0.05,5,0.8,1.0,0.1,1,2.2852688806023016,0.9050689094079096,7.516478304526132,11.255103728926391
A,25,15,115,300,0.05,5,0.8,1.0,0.1,5,2.3034037314733635,0.9052991450728033,7.519679750018983,11.282836120665067
A,25,15,115,300,0.05,5,0.8,1.0,1.0,1,2.2959746923433038,0.904894166730028,7.53508834994412,11.294085737795651
A,25,15,115,300,0.05,5,0.8,1.0,1.0,5,2.2810810078294494,0.9055171853098809,7.504355152715929,11.251637961770262
A,25,15,115,300,0.05,5,0.8,1.0,10.0,1,2.273121506070455,0.9056371960374205,7.496200075119548,11.242184652872043
A,25,15,115,300,0.05,5,0.8,1.0,10.0,5,2.282797741605701,0.9057986101514468,7.487443315518552,11.246014905971187
A,25,15,115,300,0.05,5,1.0,0.8,0.1,1,2.2782921843328583,0.9050802713375037,7.57717045604065,11.265133811724485
A,25,15,115,300,0.05,5,1.0,0.8,0.1,5,2.2793298569882334,0.9050288609239182,7.566089837622781,11.2663807657711
A,25,15,115,300,0.05,5,1.0,0.8,1.0,1,2.276835086523407,0.9050330338768944,7.556240982336628,11.250306098353448
A,25,15,115,300,0.05,5,1.0,0.8,1.0,5,2.2668296170203055,0.9054804195072925,7.542434395681371,11.234976143886877
A,25,15,115,300,0.05,5,1.0,0.8,10.0,1,2.281375639775571,0.9056092275197892,7.563235837054476,11.25494083907316
A,25,15,115,300,0.05,5,1.0,0.8,10.0,5,2.2725575592027716,0.9054467263971174,7.571578682961805,11.24531963018168
A,25,15,115,300,0.05,5,1.0,1.0,0.1,1,2.298135954058584,0.9056329225323351,7.534621169981792,11.270152618334532
A,25,15,115,300,0.05,5,1.0,1.0,0.1,5,2.2900875073508167,0.9053957845476013,7.549099353838815,11.28749222913649
A,25,15,115,300,0.05,5,1.0,1.0,1.0,1,2.289310512746531,0.9057581510209991,7.521298588153009,11.275102696627394
A,25,15,115,300,0.05,5,1.0,1.0,1.0,5,2.2895230495381353,0.9056572455343002,7.520079622834373,11.272115043212136
A,25,15,115,300,0.05,5,1.0,1.0,10.0,1,2.271649981279257,0.9057457209748241,7.527925769461758,11.24802371136631
A,25,15,115,300,0.05,5,1.0,1.0,10.0,5,2.2880592153798203,0.9060043959437729,7.511770646343001,11.246796693927095
A,25,15,115,300,0.1,3,0.8,0.8,0.1,1,2.2236961293742588,0.906371212219778,7.713123820803068,11.243115307612351
A,25,15,115,300,0.1,3,0.8,0.8,0.1,5,2.2224121359673203,0.9063089657854964,7.698532608690998,11.23274130284778
A,25,15,115,300,0.1,3,0.8,0.8,1.0,1,2.2193195883356447,0.9062552396288279,7.706311448124005,11.231479205631365
A,25,15,115,300,0.1,3,0.8,0.8,1.0,5,2.2340096890841776,0.9059947376053454,7.7112448903596205,11.256391689544301
A,25,15,115,300,0.1,3,0.8,0.8,10.0,1,2.2150257023046143,0.9062967268628462,7.702706789338042,11.228471505152791
A,25,15,115,300,0.1,3,0.8,0.8,10.0,5,2.2233151649847334,0.9060319055843362,7.718740975515699,11.238321150592053
A,25,15,115,300,0.1,3,0.8,1.0,0.1,1,2.2609642735579483,0.9061930429492889,7.6384613223653215,11.243467670184884
A,25,15,115,300,0.1,3,0.8,1.0,0.1,5,2.248113760830665,0.9064103375700459,7.639316591906311,11.2330527295006
A,25,15,115,300,0.1,3,0.8,1.0,1.0,1,2.244074892119015,0.906264113345746,7.636464218555778,11.226239359788785
A,25,15,115,300,0.1,3,0.8,1.0,1.0,5,2.2418410272915716,0.9060077813591823,7.6371396358536385,11.232328094845816
A,25,15,115,300,0.1,3,0.8,1.0,10.0,1,2.2335396970436543,0.9062108512772801,7.651314939108022,11.244577305457288
A,25,15,115,300,0.1,3,0.8,1.0,10.0,5,2.237610245212269,0.9061581657543097,7.662620230227714,11.253338732315509
A,25,15,115,300,0.1,3,1.0,0.8,0.1,1,2.2310315037039565,0.9065126152578369,7.681384752538676,11.218866085634534
A,25,15,115,300,0.1,3,1.0,0.8,0.1,5,2.223938607863642,0.9064484975697862,7.682373520211785,11.222665275360532
A,25,15,115,300,0.1,3,1.0,0.8,1.0,1,2.228246460360427,0.9068751400234636,7.68962684821703,11.236413045329
A,25,15,115,300,0.1,3,1.0,0.8,1.0,5,2.228980645701138,0.9069953288843395,7.672599539852969,11.222052675116625
A,25,15,115,300,0.1,3,1.0,0.8,10.0,1,2.2287196841463435,0.9066796835931322,7.678378165977755,11.226948709976732
A,25,15,115,300,0.1,3,1.0,0.8,10.0,5,2.22046070277685,0.9066819097565519,7.670962651144376,11.218829271054364
A,25,15,115,300,0.1,3,1.0,1.0,0.1,1,2.2417205222692593,0.9064983268526682,7.642232267940233,11.244421041299958
A,25,15,115,300,0.1,3,1.0,1.0,0.1,5,2.242091474933075,0.9065566738607771,7.629609697204489,11.239806591428337
A,25,15,115,300,0.1,3,1.0,1.0,1.0,1,2.241714136352385,0.9067462927095289,7.625587949431377,11.233501240770114
A,25,15,115,300,0.1,3,1.0,1.0,1.0,5,2.241422311393487,0.9064263509087722,7.635243611744332,11.244137368320844
A,25,15,115,300,0.1,3,1.0,1.0,10.0,1,2.2613048799105386,0.9069080003215803,7.618705959612944,11.257043185492948
A,25,15,115,300,0.1,3,1.0,1.0,10.0,5,2.255675551216048,0.9067958979740987,7.623525043551247,11.257213414101491
A,25,15,115,300,0.1,5,0.8,0.8,0.1,1,2.42470851889598,0.89991119486339,7.835782817166603,11.557257703048993
A,25,15,115,300,0.1,5,0.8,0.8,0.1,5,2.3925183708758992,0.9001677014280866,7.822071852746326,11.524562697309204
A,25,15,115,300,0.1,5,0.8,0.8,1.0,1,2.3813553282438624,0.9009529623040189,7.78505439453661,11.47639313532001
A,25,15,115,300,0.1,5,0.8,0.8,1.0,5,2.382238434467136,0.9010365663239336,7.778539861351826,11.487378900313116
A,25,15,115,300,0.1,5,0.8,0.8,10.0,1,2.3883223967765033,0.9008209203501277,7.8098158938219315,11.484078375589394
A,25,15,115,300,0.1,5,0.8,0.8,10.0,5,2.4050016460182895,0.9011313978585029,7.792273010153115,11.485207310881375
A,25,15,115,300,0.1,5,0.8,1.0,0.1,1,2.442335355637816,0.8997088388941282,7.830930128940142,11.602583818227176
A,25,15,115,300,0.1,5,0.8,1.0,0.1,5,2.4378338526809067,0.9001245729042285,7.82478695711946,11.58326416476707
A,25,15,115,300,0.1,5,0.8,1.0,1.0,1,2.424477200748698,0.9007843154978067,7.775322179434885,11.539152884107173
A,25,15,115,300,0.1,5,0.8,1.0,1.0,5,2.420075040253556,0.90104781956782,7.776014335049055,11.52337211338531
A,25,15,115,300,0.1,5,0.8,1.0,10.0,1,2.396341217708726,0.900590227549884,7.764197604192509,11.500375118136594
A,25,15,115,300,0.1,5,0.8,1.0,10.0,5,2.3841777180404886,0.9017943688679868,7.750503387366417,11.469545471671372
A,25,15,115,300,0.1,5,1.0,0.8,0.1,1,2.3712025286667533,0.9011231531893216,7.78317040383253,11.486382166660956
A,25,15,115,300,0.1,5,1.0,0.8,0.1,5,2.4015308428494917,0.9014325821857592,7.791687345030178,11.502247829659199
A,25,15,115,300,0.1,5,1.0,0.8,1.0,1,2.3842891538655118,0.9012190798393039,7.779612722912747,11.481242979734224
A,25,15,115,300,0.1,5,1.0,0.8,1.0,5,2.381026830335972,0.9011300065986244,7.792485380847222,11.494983749237331
A,25,15,115,300,0.1,5,1.0,0.8,10.0,1,2.3478335066426257,0.9027346981722013,7.72042738854973,11.39929733813237
A,25,15,115,300,0.1,5,1.0,0.8,10.0,5,2.3581995310984687,0.9016199098935566,7.752810579382699,11.451447045690982
A,25,15,115,300,0.1,5,1.0,1.0,0.1,1,2.3841445049814127,0.9016471085832525,7.752959174130953,11.488636602045121
A,25,15,115,300,0.1,5,1.0,1.0,0.1,5,2.3775188064017527,0.9016241373970928,7.735300003867311,11.46391760977947
A,25,15,115,300,0.1,5,1.0,1.0,1.0,1,2.3862686008869205,0.9014586827494929,7.755758671494529,11.490865958921965
A,25,15,115,300,0.1,5,1.0,1.0,1.0,5,2.378653541441045,0.902168713157509,7.749928192412305,11.48136828159777
A,25,15,115,300,0.1,5,1.0,1.0,10.0,1,2.369463977950829,0.9023658290891408,7.71432641303453,11.448252531780167
A,25,15,115,300,0.1,5,1.0,1.0,10.0,5,2.3589318691893917,0.9028884612656076,7.707135799615182,11.436527109297177
A,25,15,120,100,0.05,3,0.8,0.8,0.1,1,2.862856644926773,0.8984097258178929,8.840252272618457,12.374420396558905
A,25,15,120,100,0.05,3,0.8,0.8,0.1,5,2.86179456275894,0.8984036147916855,8.840403608118905,12.374460993227506
A,25,15,120,100,0.05,3,0.8,0.8,1.0,1,2.8595739987598003,0.8984335608341716,8.837680492675252,12.370290735226343
A,25,15,120,100,0.05,3,0.8,0.8,1.0,5,2.858441353719421,0.8984368426929368,8.835932859869908,12.36904035885781
A,25,15,120,100,0.05,3,0.8,0.8,10.0,1,2.864482517227197,0.8984912275553045,8.86655725018988,12.3875532315554
A,25,15,120,100,0.05,3,0.8,0.8,10.0,5,2.862942852202849,0.8985377258145233,8.863537956497597,12.389652648477021
A,25,15,120,100,0.05,3,0.8,1.0,0.1,1,2.8993883330164545,0.8985944557219081,8.75214819684044,12.394154040037709
A,25,15,120,100,0.05,3,0.8,1.0,0.1,5,2.900170992189043,0.8984228444707585,8.75662285786686,12.397597614255934
A,25,15,120,100,0.05,3,0.8,1.0,1.0,1,2.901327241814705,0.8985829890175593,8.744182208002602,12.391627821078506
A,25,15,120,100,0.05,3,0.8,1.0,1.0,5,2.893271991087931,0.8986378158243827,8.741900513965179,12.387266309193276
A,25,15,120,100,0.05,3,0.8,1.0,10.0,1,2.91333241704981,0.8984211756060585,8.772916242647762,12.426961310515795
A,25,15,120,100,0.05,3,0.8,1.0,10.0,5,2.9083214446294976,0.8984312870227503,8.769018141616503,12.419501092298509
A,25,15,120,100,0.05,3,1.0,0.8,0.1,1,2.86044371929083,0.8984385721857535,8.834039932137248,12.368084249062901
A,25,15,120,100,0.05,3,1.0,0.8,0.1,5,2.860362070497716,0.8984394903792203,8.833979854503939,12.367783020781113
A,25,15,120,100,0.05,3,1.0,0.8,1.0,1,2.8534567836492832,0.8987411304912266,8.825769613638613,12.35729907919128
A,25,15,120,100,0.05,3,1.0,0.8,1.0,5,2.8526113610026536,0.8987420672504187,8.824828664771815,12.354356518610988
A,25,15,120,100,0.05,3,1.0,0.8,10.0,1,2.871926309687738,0.8985162950353528,8.844511607817173,12.372716048803992
A,25,15,120,100,0.05,3,1.0,0.8,10.0,5,2.8719356724714045,0.8985163076718183,8.844568222447108,12.372732205500965
A,25,15,120,100,0.05,3,1.0,1.0,0.1,1,2.9035979715542317,0.8984283077064547,8.750884102051604,12.390564304610802
A,25,15,120,100,0.05,3,1.0,1.0,0.1,5,2.9012110670990494,0.8985495784790837,8.746993500738272,12.388395463160458
A,25,15,120,100,0.05,3,1.0,1.0,1.0,1,2.9134780434795453,0.8980775259545604,8.770177070088943,12.406508117927848
A,25,15,120,100,0.05,3,1.0,1.0,1.0,5,2.913398801199471,0.8981751435509816,8.76619828061068,12.40236565240372
A,25,15,120,100,0.05,3,1.0,1.0,10.0,1,2.9134865724534538,0.8982881420833448,8.774040389629828,12.414357091271096
A,25,15,120,100,0.05,3,1.0,1.0,10.0,5,2.913405125016882,0.898262611830012,8.771760165454952,12.412855577538249
A,25,15,120,100,0.05,5,0.8,0.8,0.1,1,2.7356512024831714,0.8999858818973587,8.411120857002274,12.143325614042299
A,25,15,120,100,0.05,5,0.8,0.8,0.1,5,2.750629927321519,0.8997880842013105,8.425135850282848,12.154542007654683
A,25,15,120,100,0.05,5,0.8,0.8,1.0,1,2.7689028844002084,0.8995986017895685,8.427634945835914,12.167027089204272
A,25,15,120,100,0.05,5,0.8,0.8,1.0,5,2.7599924329232346,0.8998190469674203,8.412277264270717,12.15078145438287
A,25,15,120,100,0.05,5,0.8,0.8,10.0,1,2.766220219964544,0.8996079522442845,8.459475190446216,12.173907849669533
A,25,15,120,100,0.05,5,0.8,0.8,10.0,5,2.752882002959459,0.8995659581799199,8.442377082164436,12.151970318735138
A,25,15,120,100,0.05,5,0.8,1.0,0.1,1,2.7383519200168562,0.9014899724301374,8.30702608344775,12.105214845275539
A,25,15,120,100,0.05,5,0.8,1.0,0.1,5,2.728163579781925,0.9013554892738249,8.30774288950026,12.09999422221492
A,25,15,120,100,0.05,5,0.8,1.0,1.0,1,2.7438044172079485,0.9011402631826947,8.320719432597857,12.121418623914849
A,25,15,120,100,0.05,5,0.8,1.0,1.0,5,2.7359046135704865,0.9010031561057277,8.325718885083235,12.122916692879222
A,25,15,120,100,0.05,5,0.8,1.0,10.0,1,2.738008867684207,0.9007181662460825,8.382097717977308,12.137189030991507
A,25,15,120,100,0.05,5,0.8,1.0,10.0,5,2.7308776328379465,0.9008821276356189,8.353650302914707,12.117256516249018
A,25,15,120,100,0.05,5,1.0,0.8,0.1,1,2.7495653136685556,0.8999527782870324,8.442631476257112,12.153408754895162
A,25,15,120,100,0.05,5,1.0,0.8,0.1,5,2.7547066655061263,0.8996947685259158,8.448572023347552,12.173494069265425
A,25,15,120,100,0.05,5,1.0,0.8,1.0,1,2.7433731486162793,0.8995446417029711,8.447215205940152,12.157728044205774
A,25,15,120,100,0.05,5,1.0,0.8,1.0,5,2.742791014964174,0.8998574450698774,8.43812589020327,12.145666491286038
A,25,15,120,100,0.05,5,1.0,0.8,10.0,1,2.7534005946073012,0.8997386602079953,8.471846702034469,12.181873669241508
A,25,15,120,100,0.05,5,1.0,0.8,10.0,5,2.741016303226509,0.8996175439884506,8.485152975350754,12.1789422912837
A,25,15,120,100,0.05,5,1.0,1.0,0.1,1,2.7314847176363384,0.9007779377007191,8.346757649838823,12.131009232730403
A,25,15,120,100,0.05,5,1.0,1.0,0.1,5,2.718266912662464,0.9007001057955968,8.341378167538391,12.12189183873178
A,25,15,120,100,0.05,5,1.0,1.0,1.0,1,2.715979493664225,0.9009252733370176,8.335543424729824,12.10322364929276
A,25,15,120,100,0.05,5,1.0,1.0,1.0,5,2.7159528175519925,0.9009444617317758,8.334582468721218,12.104046060387093
A,25,15,120,100,0.05,5,1.0,1.0,10.0,1,2.7445159429173644,0.9003506323823537,8.38957742818335,12.144723222599524
A,25,15,120,100,0.05,5,1.0,1.0,10.0,5,2.7471991121011152,0.9008262729960324,8.36552578277726,12.118185635440522
A,25,15,120,100,0.1,3,0.8,0.8,0.1,1,2.753714924357605,0.898987057107219,8.569776732000836,12.254957998060036
A,25,15,120,100,0.1,3,0.8,0.8,0.1,5,2.7523685221868717,0.898878267186307,8.576956678801485,12.26282077577617
A,25,15,120,100,0.1,3,0.8,0.8,1.0,1,2.754470544611505,0.8989773204548295,8.574461100908502,12.257756693652498
A,25,15,120,100,0.1,3,0.8,0.8,1.0,5,2.7596690433327375,0.8989914055330128,8.571973916446083,12.262791712662262
A,25,15,120,100,0.1,3,0.8,0.8,10.0,1,2.7281532798799923,0.8994080269462732,8.559924005352173,12.213505219759238
A,25,15,120,100,0.1,3,0.8,0.8,10.0,5,2.7257272531756134,0.8991827832545214,8.562341100575717,12.211386546972395
A,25,15,120,100,0.1,3,0.8,1.0,0.1,1,2.7557341789143166,0.8995724061335724,8.497359502532777,12.229733295986684
A,25,15,120,100,0.1,3,0.8,1.0,0.1,5,2.7632115194069793,0.8994006330619637,8.508555070622482,12.249904845972418
A,25,15,120,100,0.1,3,0.8,1.0,1.0,1,2.7553503481235126,0.8992175545076033,8.515424821118662,12.256294352745732
A,25,15,120,100,0.1,3,0.8,1.0,1.0,5,2.7589324626079024,0.8993096919642255,8.51198897051045,12.249207174136078
A,25,15,120,100,0.1,3,0.8,1.0,10.0,1,2.8104821406842198,0.8986349648001071,8.568383282816797,12.322221327595482
A,25,15,120,100,0.1,3,0.8,1.0,10.0,5,2.8163220936130458,0.8984481346825568,8.571244046469062,12.32747243924251
A,25,15,120,100,0.1,3,1.0,0.8,0.1,1,2.7780604824949955,0.8994375765981306,8.533371812352483,12.229459180451363
A,25,15,120,100,0.1,3,1.0,0.8,0.1,5,2.7733535633056845,0.8994638395434634,8.518937941330744,12.22750047343823
A,25,15,120,100,0.1,3,1.0,0.8,1.0,1,2.753938619596185,0.8996204908424857,8.508756456158427,12.204485546498397
A,25,15,120,100,0.1,3,1.0,0.8,1.0,5,2.7593420687541963,0.8996388641165011,8.51921100937307,12.213960308526666
A,25,15,120,100,0.1,3,1.0,0.8,10.0,1,2.760154083524667,0.8994832031103555,8.560968034406562,12.242649298441668
A,25,15,120,100,0.1,3,1.0,0.8,10.0,5,2.7604693945914405,0.8994208158173645,8.568536506312757,12.244905205997947
A,25,15,120,100,0.1,3,1.0,1.0,0.1,1,2.823282224459138,0.89876677868442,8.531343431319613,12.30953722706967
A,25,15,120,100,0.1,3,1.0,1.0,0.1,5,2.8021050923717397,0.898954823467089,8.515986993715615,12.289288168896807
A,25,15,120,100,0.1,3,1.0,1.0,1.0,1,2.8387240094382404,0.8989938916400323,8.524428837442281,12.306388413037222
A,25,15,120,100,0.1,3,1.0,1.0,1.0,5,2.8388747415480475,0.8988490892700156,8.551864976666122,12.325421839161987
A,25,15,120,100,0.1,3,1.0,1.0,10.0,1,2.806135812232676,0.8986453178890045,8.547228655813388,12.289616347880504
A,25,15,120,100,0.1,3,1.0,1.0,10.0,5,2.8103613895890573,0.8988589150117351,8.543305024780848,12.293075837101336
A,25,15,120,100,0.1,5,0.8,0.8,0.1,1,2.7854275238868538,0.8978187797246647,8.373500207375908,12.226829381336287
A,25,15,120,100,0.1,5,0.8,0.8,0.1,5,2.79872178671742,0.8984722861952505,8.377840818095073,12.22585356602993
A,25,15,120,100,0.1,5,0.8,0.8,1.0,1,2.785197468214086,0.8976128891374222,8.392380933744107,12.22756779682003
A,25,15,120,100,0.1,5,0.8,0.8,1.0,5,2.784465575190008,0.898250941192366,8.373444300078564,12.211691140294842
A,25,15,120,100,0.1,5,0.8,0.8,10.0,1,2.7930049518506004,0.8979834590379434,8.384528640470606,12.213425141388404
A,25,15,120,100,0.1,5,0.8,0.8,10.0,5,2.773780528343722,0.8984409034896389,8.379464491255279,12.199078605408868
A,25,15,120,100,0.1,5,0.8,1.0,0.1,1,2.8163687797464356,0.8982951904643814,8.367432940403877,12.256312415051331
A,25,15,120,100,0.1,5,0.8,1.0,0.1,5,2.813777659747834,0.8982665541501771,8.373404182491754,12.262739353832451
A,25,15,120,100,0.1,5,0.8,1.0,1.0,1,2.8505088549102724,0.8980317099395674,8.362401181778784,12.265574213158306
A,25,15,120,100,0.1,5,0.8,1.0,1.0,5,2.81955877323628,0.8986761700380578,8.357605848224342,12.246744516514292
A,25,15,120,100,0.1,5,0.8,1.0,10.0,1,2.7650470264623683,0.899054907026558,8.338766878668057,12.19474009042004
A,25,15,120,100,0.1,5,0.8,1.0,10.0,5,2.796198552044553,0.8984518077147012,8.335064042142196,12.200024214005621
A,25,15,120,100,0.1,5,1.0,0.8,0.1,1,2.805297896618383,0.8979449767841869,8.39632462261792,12.258623645692817
A,25,15,120,100,0.1,5,1.0,0.8,0.1,5,2.7951260242704334,0.898724356899937,8.378963508359087,12.23110251935224
A,25,15,120,100,0.1,5,1.0,0.8,1.0,1,2.814704993325078,0.8982336326779758,8.387824499829321,12.254416513585861
A,25,15,120,100,0.1,5,1.0,0.8,1.0,5,2.7716042622288803,0.897876838106221,8.381162954475306,12.233769491194968
A,25,15,120,100,0.1,5,1.0,0.8,10.0,1,2.808137415439827,0.8984640378174268,8.379365550192556,12.221000966458215
A,25,15,120,100,0.1,5,1.0,0.8,10.0,5,2.803967155041028,0.8988413502271253,8.370346331879603,12.217953032425676
A,25,15,120,100,0.1,5,1.0,1.0,0.1,1,2.773850829816765,0.8992366314112269,8.30570441236771,12.173695139491766
A,25,15,120,100,0.1,5,1.0,1.0,0.1,5,2.7818976396709667,0.8991017654637584,8.314083560790879,12.198469144338926
A,25,15,120,100,0.1,5,1.0,1.0,1.0,1,2.7953773879382267,0.8990155618381171,8.33122714537662,12.200106166102284
A,25,15,120,100,0.1,5,1.0,1.0,1.0,5,2.7663170081181954,0.8990570895805978,8.29954873328397,12.16109718109039
A,25,15,120,100,0.1,5,1.0,1.0,10.0,1,2.7808849523735812,0.8996102390420241,8.30723247279158,12.15882618682122
A,25,15,120,100,0.1,5,1.0,1.0,10.0,5,2.774637993104792,0.8992319548522765,8.309825211989999,12.157875351011423
A,25,15,120,200,0.05,3,0.8,0.8,0.1,1,2.7548957661360203,0.8996049682820706,8.523072121902125,12.213215102645046
A,25,15,120,200,0.05,3,0.8,0.8,0.1,5,2.7588673668748145,0.8994321569676108,8.528521126462559,12.221828860541049
A,25,15,120,200,0.05,3,0.8,0.8,1.0,1,2.7478479412951407,0.8999281811099508,8.512813500641858,12.200403446155795
A,25,15,120,200,0.05,3,0.8,0.8,1.0,5,2.750902138112962,0.8998263854857391,8.520447904771583,12.205649083032567
A,25,15,120,200,0.05,3,0.8,0.8,10.0,1,2.753504535892289,0.8997545537260528,8.545326543477312,12.222714984123865
A,25,15,120,200,0.05,3,0.8,0.8,10.0,5,2.7433584674363347,0.8998794991119844,8.53197333210364,12.21533401217955
A,25,15,120,200,0.05,3,0.8,1.0,0.1,1,2.7941565399443773,0.8995592570061218,8.507856803168869,12.261448542794742
A,25,15,120,200,0.05,3,0.8,1.0,0.1,5,2.803174399367949,0.8993669683509842,8.515121806693237,12.271657249959446
A,25,15,120,200,0.05,3,0.8,1.0,1.0,1,2.797773387425277,0.899272973640316,8.515442154706141,12.268616280398527
A,25,15,120,200,0.05,3,0.8,1.0,1.0,5,2.7915627960983143,0.8993928544601738,8.505614635007635,12.260733870778186
A,25,15,120,200,0.05,3,0.8,1.0,10.0,1,2.801428119472169,0.8993271591764914,8.524513967720662,12.287746268707876
A,25,15,120,200,0.05,3,0.8,1.0,10.0,5,2.806773040901362,0.899311897919608,8.524282124556988,12.288563689275671
A,25,15,120,200,0.05,3,1.0,0.8,0.1,1,2.774765722749322,0.8996770829967222,8.554704227805535,12.23894345932849
A,25,15,120,200,0.05,3,1.0,0.8,0.1,5,2.773444459978662,0.8997219303534255,8.546959289731891,12.234216143237571
A,25,15,120,200,0.05,3,1.0,0.8,1.0,1,2.771573830332803,0.9000068601401914,8.540706021032754,12.220204899985365
A,25,15,120,200,0.05,3,1.0,0.8,1.0,5,2.772561034505011,0.8999864425282966,8.539978557703462,12.221945018471278
A,25,15,120,200,0.05,3,1.0,0.8,10.0,1,2.779950434094907,0.8997180727251827,8.543619950303988,12.227735886502648
A,25,15,120,200,0.05,3,1.0,0.8,10.0,5,2.779521650602433,0.8997900995220505,8.541035384937638,12.222340317104045
A,25,15,120,200,0.05,3,1.0,1.0,0.1,1,2.8108288701075472,0.8993331916694123,8.503871523787703,12.2600787474803
A,25,15,120,200,0.05,3,1.0,1.0,0.1,5,2.8003291321880552,0.8994361713013813,8.494134600768854,12.248188551624118
A,25,15,120,200,0.05,3,1.0,1.0,1.0,1,2.808297196664089,0.8991679596554718,8.525276533890345,12.269768366737791
A,25,15,120,200,0.05,3,1.0,1.0,1.0,5,2.81568775151974,0.8991702135667115,8.514813178971284,12.272358774242521
A,25,15,120,200,0.05,3,1.0,1.0,10.0,1,2.8190544677738023,0.8991198988153115,8.528830071506649,12.28752913969149
A,25,15,120,200,0.05,3,1.0,1.0,10.0,5,2.807538022210748,0.8992644500040508,8.522590295594098,12.274087609814476
A,25,15,120,200,0.05,5,0.8,0.8,0.1,1,2.7760581782856018,0.8986159119547527,8.360112295964772,12.19898665555574
A,25,15,120,200,0.05,5,0.8,0.8,0.1,5,2.7821031354309618,0.8986164916638361,8.365799805908207,12.200219688275238
A,25,15,120,200,0.05,5,0.8,0.8,1.0,1,2.788550790623097,0.8987722055543882,8.348679327897178,12.195765581460567
A,25,15,120,200,0.05,5,0.8,0.8,1.0,5,2.7972697473451076,0.898453671066401,8.356822139993023,12.207598211373362
A,25,15,120,200,0.05,5,0.8,0.8,10.0,1,2.787690928143184,0.8988337926127894,8.365300930865308,12.201934287124047
A,25,15,120,200,0.05,5,0.8,0.8,10.0,5,2.784947444530677,0.8985377306114941,8.354845505816758,12.189579269730201
A,25,15,120,200,0.05,5,0.8,1.0,0.1,1,2.7766776908671362,0.8995869254110188,8.288415729347513,12.17183228641573
A,25,15,120,200,0.05,5,0.8,1.0,0.1,5,2.7780525304824537,0.8995215551079765,8.291092574761146,12.17822782414554
A,25,15,120,200,0.05,5,0.8,1.0,1.0,1,2.783434868269377,0.8993394891723293,8.287281138351924,12.182035821742982
A,25,15,120,200,0.05,5,0.8,1.0,1.0,5,2.7745071173354594,0.8993329564576922,8.297154487084327,12.190295344523179
A,25,15,120,200,0.05,5,0.8,1.0,10.0,1,2.7694290713940424,0.8993987738618529,8.320890406486456,12.187247047601272
A,25,15,120,200,0.05,5,0.8,1.0,10.0,5,2.7596631016138344,0.8997429943752839,8.280372685452887,12.154600324814592
A,25,15,120,200,0.05,5,1.0,0.8,0.1,1,2.764340294324172,0.8989821828644414,8.360825212288546,12.171576471868175
A,25,15,120,200,0.05,5,1.0,0.8,0.1,5,2.772211623723275,0.8988389440195197,8.37819178703215,12.1961523274117
A,25,15,120,200,0.05,5,1.0,0.8,1.0,1,2.7648823645427902,0.8988089959190025,8.36174385025978,12.17537007130369
A,25,15,120,200,0.05,5,1.0,0.8,1.0,5,2.7612455147229396,0.8991042079783774,8.358588000262388,12.16989448570197
A,25,15,120,200,0.05,5,1.0,0.8,10.0,1,2.769137018698824,0.8988045076806396,8.38084294206369,12.2000210222871
A,25,15,120,200,0.05,5,1.0,0.8,10.0,5,2.7527203461072025,0.8991743431495751,8.374170086800307,12.176658708381378
A,25,15,120,200,0.05,5,1.0,1.0,0.1,1,2.7662216132592348,0.8993950760348888,8.299984985848718,12.17079456561668
A,25,15,120,200,0.05,5,1.0,1.0,0.1,5,2.7531515964789373,0.8993197849609395,8.306248932208662,12.171178891889364
A,25,15,120,200,0.05,5,1.0,1.0,1.0,1,2.7485326542203277,0.8999378187115046,8.277999624504044,12.138482453483176
A,25,15,120,200,0.05,5,1.0,1.0,1.0,5,2.7578165142967626,0.899555750845271,8.29515422930709,12.152463807458698
A,25,15,120,200,0.05,5,1.0,1.0,10.0,1,2.769903980861003,0.899452783828648,8.309410826293666,12.17947390247896
A,25,15,120,200,0.05,5,1.0,1.0,10.0,5,2.7716716988871672,0.8997568858338572,8.295162125867671,12.146213375621333
A,25,15,120,200,0.1,3,0.8,0.8,0.1,1,2.7473063045675907,0.8984693821128491,8.568882671057912,12.254782322318032
A,25,15,120,200,0.1,3,0.8,0.8,0.1,5,2.746092751496555,0.8982743890807111,8.57803701531887,12.262867505689304
A,25,15,120,200,0.1,3,0.8,0.8,1.0,1,2.752029705069887,0.898668988261897,8.55232474686611,12.247834357968816
A,25,15,120,200,0.1,3,0.8,0.8,1.0,5,2.745911475029414,0.8986474699465139,8.559547832596555,12.249214900238211
A,25,15,120,200,0.1,3,0.8,0.8,10.0,1,2.7142276754849837,0.8989081563804595,8.553291245847054,12.200632410126648
A,25,15,120,200,0.1,3,0.8,0.8,10.0,5,2.7243069581876704,0.8989110917777001,8.54557239789988,12.206936831027203
A,25,15,120,200,0.1,3,0.8,1.0,0.1,1,2.7390979989528894,0.898595190023852,8.507508740142438,12.232738611821278
A,25,15,120,200,0.1,3,0.8,1.0,0.1,5,2.7386301276162057,0.8987787939988221,8.490886475508157,12.227447699796674
A,25,15,120,200,0.1,3,0.8,1.0,1.0,1,2.7357175512403185,0.898461334688184,8.512310940237189,12.233944363058356
A,25,15,120,200,0.1,3,0.8,1.0,1.0,5,2.729777882930918,0.8988111587276599,8.475675160717739,12.203803104720196
A,25,15,120,200,0.1,3,0.8,1.0,10.0,1,2.7513321991012427,0.898740011213923,8.510462921432403,12.250518973794623
A,25,15,120,200,0.1,3,0.8,1.0,10.0,5,2.7684736712006197,0.8982146966376519,8.532959735451248,12.26679388649796
A,25,15,120,200,0.1,3,1.0,0.8,0.1,1,2.743115090271769,0.8996632212204119,8.491922037137842,12.192776463330071
A,25,15,120,200,0.1,3,1.0,0.8,0.1,5,2.7383895608394697,0.8993643978047278,8.492452419039381,12.186452593993582
A,25,15,120,200,0.1,3,1.0,0.8,1.0,1,2.720222040533012,0.89965774998239,8.476885426508527,12.171830873505812
A,25,15,120,200,0.1,3,1.0,0.8,1.0,5,2.7287817807538106,0.8995950510694797,8.49057297704265,12.192461888020029
A,25,15,120,200,0.1,3,1.0,0.8,10.0,1,2.7302225994184406,0.8992161227014084,8.534952008907645,12.222723362355037
A,25,15,120,200,0.1,3,1.0,0.8,10.0,5,2.731944751543191,0.8993900793365878,8.528141513532693,12.215999124679671
A,25,15,120,200,0.1,3,1.0,1.0,0.1,1,2.7610153530204253,0.8992472569476035,8.46103924869028,12.236883691515638
A,25,15,120,200,0.1,3,1.0,1.0,0.1,5,2.7630525773044,0.8987930738950258,8.478490096774147,12.249783606196484
A,25,15,120,200,0.1,3,1.0,1.0,1.0,1,2.78059225972612,0.8992639544806259,8.47441419177134,12.252818421378791
A,25,15,120,200,0.1,3,1.0,1.0,1.0,5,2.780645512124468,0.8991017355381073,8.487034436421201,12.26263507984033
A,25,15,120,200,0.1,3,1.0,1.0,10.0,1,2.7533610037830463,0.899277541877502,8.477599218860414,12.223067786119142
A,25,15,120,200,0.1,3,1.0,1.0,10.0,5,2.7603673028691285,0.8990364140071609,8.489504006674338,12.244068908075636
A,25,15,120,200,0.1,5,0.8,0.8,0.1,1,2.888837879673934,0.8950563127098174,8.546519683321856,12.396385945358237
A,25,15,120,200,0.1,5,0.8,0.8,0.1,5,2.8923730587820757,0.8960207753918468,8.536237054340662,12.371620747913312
A,25,15,120,200,0.1,5,0.8,0.8,1.0,1,2.901729861375783,0.8948273408756245,8.562272218564761,12.394653871414427
A,25,15,120,200,0.1,5,0.8,0.8,1.0,5,2.8868566541112974,0.8959816541828575,8.530032699881508,12.376973239256547
A,25,15,120,200,0.1,5,0.8,0.8,10.0,1,2.8709446728759813,0.8956125823221651,8.532631828409649,12.366267599201588
A,25,15,120,200,0.1,5,0.8,0.8,10.0,5,2.8752466185077363,0.8958322660261212,8.540425573138636,12.365769624708642
A,25,15,120,200,0.1,5,0.8,1.0,0.1,1,2.8707266468915664,0.8959105766308342,8.526419548811337,12.400557526445622
A,25,15,120,200,0.1,5,0.8,1.0,0.1,5,2.899744096638146,0.8954809896443102,8.543666610489051,12.433269383637606
A,25,15,120,200,0.1,5,0.8,1.0,1.0,1,2.9508454320763926,0.8951441961161578,8.542921710140888,12.44527873013496
A,25,15,120,200,0.1,5,0.8,1.0,1.0,5,2.8991025249082347,0.8956484187366207,8.538265302153409,12.427348000879102
A,25,15,120,200,0.1,5,0.8,1.0,10.0,1,2.8381024288279635,0.8963918826387476,8.487067227979255,12.3374026440265
A,25,15,120,200,0.1,5,0.8,1.0,10.0,5,2.8723976803742235,0.8957502319341643,8.487132606188528,12.350791967510471
A,25,15,120,200,0.1,5,1.0,0.8,0.1,1,2.8798043738620134,0.8957281509681476,8.521446834718999,12.386692819376755
A,25,15,120,200,0.1,5,1.0,0.8,0.1,5,2.8801690704557124,0.8960600230480681,8.522115197842918,12.38393785001245
A,25,15,120,200,0.1,5,1.0,0.8,1.0,1,2.902242769620389,0.8955592358079245,8.527703352186661,12.401300744800494
A,25,15,120,200,0.1,5,1.0,0.8,1.0,5,2.8476056172308186,0.8962846959945303,8.514337664153725,12.364979224547803
A,25,15,120,200,0.1,5,1.0,0.8,10.0,1,2.8747592770012185,0.8961409506846139,8.511915523103468,12.350220384682574
A,25,15,120,200,0.1,5,1.0,0.8,10.0,5,2.8641845739322003,0.8970821510763909,8.490170846108025,12.325698252007236
A,25,15,120,200,0.1,5,1.0,1.0,0.1,1,2.8608343073997795,0.8966528435738945,8.448694303043874,12.332993694874485
A,25,15,120,200,0.1,5,1.0,1.0,0.1,5,2.853852705638174,0.8965643212621582,8.469781009745253,12.35018155415527
A,25,15,120,200,0.1,5,1.0,1.0,1.0,1,2.8796423530102504,0.896555065859161,8.469526817363256,12.337165040192707
A,25,15,120,200,0.1,5,1.0,1.0,1.0,5,2.8591778683725293,0.8965474044255931,8.445665715105065,12.308456807785742
A,25,15,120,200,0.1,5,1.0,1.0,10.0,1,2.8569200884064783,0.8971650215519551,8.444078499652466,12.306474146152194
A,25,15,120,200,0.1,5,1.0,1.0,10.0,5,2.844618417114059,0.8973139159733166,8.419128966379988,12.279906201323234
A,25,15,120,300,0.05,3,0.8,0.8,0.1,1,2.7265751311323796,0.8997290390097131,8.483879240798775,12.175459379041111
A,25,15,120,300,0.05,3,0.8,0.8,0.1,5,2.734826917639734,0.8995757622479156,8.496572586226105,12.190790508667337
A,25,15,120,300,0.05,3,0.8,0.8,1.0,1,2.727544751960154,0.8999692364719533,8.481714418264236,12.178969195210268
A,25,15,120,300,0.05,3,0.8,0.8,1.0,5,2.7259169830772114,0.899844866911814,8.49500355254134,12.181522900118832
A,25,15,120,300,0.05,3,0.8,0.8,10.0,1,2.729657309339656,0.899804557887548,8.508273434807643,12.195293729736893
A,25,15,120,300,0.05,3,0.8,0.8,10.0,5,2.7213437289534923,0.899713571866623,8.500227619509989,12.193345056908466
A,25,15,120,300,0.05,3,0.8,1.0,0.1,1,2.771535826480291,0.8994391791960462,8.484499860480328,12.236207060291008
A,25,15,120,300,0.05,3,0.8,1.0,0.1,5,2.7694951518326487,0.8993829898893619,8.48088992165594,12.235447830756419
A,25,15,120,300,0.05,3,0.8,1.0,1.0,1,2.759404393518545,0.8993455033275243,8.467985086902342,12.223668225515642
A,25,15,120,300,0.05,3,0.8,1.0,1.0,5,2.7614185235865363,0.8993299676976193,8.476169201919978,12.229144155359885
A,25,15,120,300,0.05,3,0.8,1.0,10.0,1,2.7738596048797937,0.8993539468018323,8.49304065463716,12.256030812773755
A,25,15,120,300,0.05,3,0.8,1.0,10.0,5,2.770321017045043,0.8993478795516584,8.482110713709144,12.2409559187089
A,25,15,120,300,0.05,3,1.0,0.8,0.1,1,2.744132629965628,0.8998465232658447,8.504450887734626,12.206220793147557
A,25,15,120,300,0.05,3,1.0,0.8,0.1,5,2.7394332653521123,0.899890369219299,8.498460187549174,12.199903924593963
A,25,15,120,300,0.05,3,1.0,0.8,1.0,1,2.739518650467633,0.8999990970639471,8.492988794130689,12.187486340602394
A,25,15,120,300,0.05,3,1.0,0.8,1.0,5,2.743551001109585,0.9000941354667136,8.50184649163821,12.192541223440495
A,25,15,120,300,0.05,3,1.0,0.8,10.0,1,2.7479443736811784,0.8998205160127497,8.503361390611284,12.196135248206348
A,25,15,120,300,0.05,3,1.0,0.8,10.0,5,2.7558162161443716,0.8999256107893416,8.51207835764396,12.203433063156641
A,25,15,120,300,0.05,3,1.0,1.0,0.1,1,2.780647071066822,0.8993186720641015,8.473620128467047,12.235739128360148
A,25,15,120,300,0.05,3,1.0,1.0,0.1,5,2.7687436710805478,0.8996024624752635,8.455687200292722,12.212505554068667
A,25,15,120,300,0.05,3,1.0,1.0,1.0,1,2.776809503566091,0.8992126501253107,8.476575605913393,12.234273822711463
A,25,15,120,300,0.05,3,1.0,1.0,1.0,5,2.7798853270443065,0.89920356236877,8.475934403611939,12.236559582838785
A,25,15,120,300,0.05,3,1.0,1.0,10.0,1,2.7792681191853625,0.8993733430280898,8.482102170538628,12.242833334403866
A,25,15,120,300,0.05,3,1.0,1.0,10.0,5,2.7689511848167627,0.8994558427561143,8.475301602625311,12.234768271041542
A,25,15,120,300,0.05,5,0.8,0.8,0.1,1,2.8154900333881008,0.8972245642602884,8.426739239667402,12.269347833429839
A,25,15,120,300,0.05,5,0.8,0.8,0.1,5,2.8184554076548123,0.8973955732003509,8.42886747156361,12.274840913496794
A,25,15,120,300,0.05,5,0.8,0.8,1.0,1,2.8248128789666076,0.8976241645928653,8.40690849505254,12.262734057410645
A,25,15,120,300,0.05,5,0.8,0.8,1.0,5,2.831644690826365,0.8970122377336966,8.419348514200342,12.279671851204473
A,25,15,120,300,0.05,5,0.8,0.8,10.0,1,2.8310397483790166,0.8976584102058981,8.426679093903251,12.272216171885619
A,25,15,120,300,0.05,5,0.8,0.8,10.0,5,2.813613829158009,0.8975071495178948,8.404584891891826,12.246197782074782
A,25,15,120,300,0.05,5,0.8,1.0,0.1,1,2.831196386389496,0.897733290541176,8.373539828852913,12.267470571601283
A,25,15,120,300,0.05,5,0.8,1.0,0.1,5,2.818131047688504,0.8978713003820037,8.36482394381903,12.255389189069705
A,25,15,120,300,0.05,5,0.8,1.0,1.0,1,2.830873879773949,0.8975214092089738,8.37492784802756,12.270801629917528
A,25,15,120,300,0.05,5,0.8,1.0,1.0,5,2.8186305808941525,0.8978447392147805,8.379271458837104,12.272431461555989
A,25,15,120,300,0.05,5,0.8,1.0,10.0,1,2.8144643319456413,0.8979487239003621,8.391934913964189,12.265516128801462
A,25,15,120,300,0.05,5,0.8,1.0,10.0,5,2.799031228981273,0.898189889777286,8.353140536929853,12.227578211452478
A,25,15,120,300,0.05,5,1.0,0.8,0.1,1,2.795445789835033,0.8980651600699039,8.419888358337715,12.2313336197192
A,25,15,120,300,0.05,5,1.0,0.8,0.1,5,2.8048373303152756,0.8977271043075865,8.430018151769179,12.249047704117931
A,25,15,120,300,0.05,5,1.0,0.8,1.0,1,2.794808543256302,0.8978341441465465,8.424964291300265,12.241332011200068
A,25,15,120,300,0.05,5,1.0,0.8,1.0,5,2.7879135899786927,0.8982910585066419,8.417754586853516,12.229968238708153
A,25,15,120,300,0.05,5,1.0,0.8,10.0,1,2.7896693230360396,0.8981164971980563,8.42292529335963,12.238476044700997
A,25,15,120,300,0.05,5,1.0,0.8,10.0,5,2.7863912048888055,0.8981108192898736,8.424965897377305,12.23108292697884
A,25,15,120,300,0.05,5,1.0,1.0,0.1,1,2.805043193165889,0.8981719803449323,8.367372217876019,12.232470412484332
A,25,15,120,300,0.05,5,1.0,1.0,0.1,5,2.7865694160372634,0.8979353107411484,8.370520214375194,12.238268688614351
A,25,15,120,300,0.05,5,1.0,1.0,1.0,1,2.779545783474235,0.8988824832621001,8.33774189887136,12.1935087129723
A,25,15,120,300,0.05,5,1.0,1.0,1.0,5,2.8002346906203526,0.8984389576801355,8.348094598646881,12.211165973693074
A,25,15,120,300,0.05,5,1.0,1.0,10.0,1,2.794030340596028,0.8983591597222469,8.367532076079268,12.231982704515755
A,25,15,120,300,0.05,5,1.0,1.0,10.0,5,2.802053702988887,0.8985542029713214,8.363872741155301,12.217525360272097
A,25,15,120,300,0.1,3,0.8,0.8,0.1,1,2.7388126079051593,0.8978058937933412,8.570875722970715,12.248893432959088
A,25,15,120,300,0.1,3,0.8,0.8,0.1,5,2.7402657895253153,0.89787290709053,8.588645952171703,12.267920292487755
A,25,15,120,300,0.1,3,0.8,0.8,1.0,1,2.7380057265108717,0.8982242928847175,8.561504129478495,12.245125177240983
A,25,15,120,300,0.1,3,0.8,0.8,1.0,5,2.7370394308600945,0.8983117768574875,8.569940564038081,12.246331053990627
A,25,15,120,300,0.1,3,0.8,0.8,10.0,1,2.711493814436577,0.8982529682652576,8.565701637957643,12.210394190011709
A,25,15,120,300,0.1,3,0.8,0.8,10.0,5,2.723553849947596,0.8984872321556111,8.558607842658219,12.212962073605954
A,25,15,120,300,0.1,3,0.8,1.0,0.1,1,2.7317468130201132,0.8982846412474187,8.51271696738253,12.228777928020838
A,25,15,120,300,0.1,3,0.8,1.0,0.1,5,2.737192676141933,0.8979959565140823,8.510621066907394,12.233856424641676
A,25,15,120,300,0.1,3,0.8,1.0,1.0,1,2.7108823441055225,0.8982414445003469,8.504567092917851,12.205368338472447
A,25,15,120,300,0.1,3,0.8,1.0,1.0,5,2.735451760671362,0.8979189419647838,8.501322196065786,12.212985413279737
A,25,15,120,300,0.1,3,0.8,1.0,10.0,1,2.7307002420539277,0.8981358619581279,8.507153829991712,12.230555591589688
A,25,15,120,300,0.1,3,0.8,1.0,10.0,5,2.750249143561049,0.8978708927454756,8.531562671138609,12.25623414340394
A,25,15,120,300,0.1,3,1.0,0.8,0.1,1,2.731717839513527,0.8991657884106115,8.516816963625686,12.193034356176664
A,25,15,120,300,0.1,3,1.0,0.8,0.1,5,2.7332934534837263,0.8989034284753494,8.51460141342883,12.198565903796094
A,25,15,120,300,0.1,3,1.0,0.8,1.0,1,2.7167792649865588,0.8989953348284349,8.495210068629166,12.180902225324608
A,25,15,120,300,0.1,3,1.0,0.8,1.0,5,2.7332849576016374,0.8989798386379558,8.515435250729462,12.207658827241405
A,25,15,120,300,0.1,3,1.0,0.8,10.0,1,2.7232349869798598,0.8987555798122143,8.544890797192002,12.228613770860374
A,25,15,120,300,0.1,3,1.0,0.8,10.0,5,2.729106631116156,0.8990015466874223,8.539996032685,12.224409476625162
A,25,15,120,300,0.1,3,1.0,1.0,0.1,1,2.7462322422627325,0.8987615788011455,8.484518505475377,12.239690950966997
A,25,15,120,300,0.1,3,1.0,1.0,0.1,5,2.747496911216174,0.8982219644093694,8.492607948039048,12.240241008465233
A,25,15,120,300,0.1,3,1.0,1.0,1.0,1,2.767986471837788,0.8984206939517028,8.499002792550371,12.257542588780343
A,25,15,120,300,0.1,3,1.0,1.0,1.0,5,2.7578254714165413,0.8986628850325055,8.492242525563132,12.24573219667365
A,25,15,120,300,0.1,3,1.0,1.0,10.0,1,2.741570739445076,0.8988097622840033,8.480242812936067,12.219722685536919
A,25,15,120,300,0.1,3,1.0,1.0,10.0,5,2.743717507352611,0.898584547782287,8.501994332000397,12.238867855787069
A,25,15,120,300,0.1,5,0.8,0.8,0.1,1,2.965093595327506,0.8929745285954676,8.686860439559783,12.535436186116039
A,25,15,120,300,0.1,5,0.8,0.8,0.1,5,2.95998905738063,0.8938014629849306,8.666765848944886,12.502743270509574
A,25,15,120,300,0.1,5,0.8,0.8,1.0,1,2.9609291634524335,0.8931249157570889,8.67167486136658,12.5052692726764
A,25,15,120,300,0.1,5,0.8,0.8,1.0,5,2.961705459242688,0.8937154316565479,8.665373406491081,12.502473061283847
A,25,15,120,300,0.1,5,0.8,0.8,10.0,1,2.9497701450334737,0.8935046503943778,8.653578556598154,12.483478639713672
A,25,15,120,300,0.1,5,0.8,0.8,10.0,5,2.9475511158434964,0.893471990154857,8.677996639119238,12.49653544692989
A,25,15,120,300,0.1,5,0.8,1.0,0.1,1,2.9420341807457135,0.8938737403357873,8.661476137091556,12.522268359238891
A,25,15,120,300,0.1,5,0.8,1.0,0.1,5,2.976548622641637,0.8933536616278049,8.675948886106834,12.567527773163102
A,25,15,120,300,0.1,5,0.8,1.0,1.0,1,3.026840331268675,0.8928205368748008,8.671676273689686,12.576830494766636
A,25,15,120,300,0.1,5,0.8,1.0,1.0,5,2.9675901135938325,0.8936533122562427,8.674357601372307,12.550795696380975
A,25,15,120,300,0.1,5,0.8,1.0,10.0,1,2.9103987909005435,0.8945215514332914,8.608365651830209,12.462709772900451
A,25,15,120,300,0.1,5,0.8,1.0,10.0,5,2.9417328630250053,0.8935399075488583,8.617190520959248,12.478333764435172
A,25,15,120,300,0.1,5,1.0,0.8,0.1,1,2.942624658773349,0.8936470696096566,8.644222151582067,12.510193204561071
A,25,15,120,300,0.1,5,1.0,0.8,0.1,5,2.9422651664301243,0.8942102236942946,8.624366014011951,12.488908157939955
A,25,15,120,300,0.1,5,1.0,0.8,1.0,1,2.963205340613345,0.8937612322991061,8.639654654367618,12.514627712454969
A,25,15,120,300,0.1,5,1.0,0.8,1.0,5,2.92893378218738,0.8942162873550419,8.633176731781841,12.496128536045598
A,25,15,120,300,0.1,5,1.0,0.8,10.0,1,2.9346883083732407,0.8941434119252081,8.630385481264867,12.481461330401576
A,25,15,120,300,0.1,5,1.0,0.8,10.0,5,2.91897468754271,0.8951972814594822,8.605406687931614,12.428842378316066
A,25,15,120,300,0.1,5,1.0,1.0,0.1,1,2.927113141844865,0.8948967854646634,8.5511638012067,12.442894841089144
A,25,15,120,300,0.1,5,1.0,1.0,0.1,5,2.934503885793233,0.8943535866423582,8.58224054770302,12.474852252878472
A,25,15,120,300,0.1,5,1.0,1.0,1.0,1,2.945393008781679,0.8944532177312553,8.582955396064438,12.451805983474005
A,25,15,120,300,0.1,5,1.0,1.0,1.0,5,2.9326865085612566,0.8941350005633362,8.574622199396277,12.438861398919808
A,25,15,120,300,0.1,5,1.0,1.0,10.0,1,2.93437514621639,0.8949720561001614,8.560790418273072,12.44199090056453
A,25,15,120,300,0.1,5,1.0,1.0,10.0,5,2.8984281386664437,0.8955587365514189,8.520898675798147,12.38619375598585
A,25,15,125,100,0.05,3,0.8,0.8,0.1,1,3.4618659541209262,0.8909192310971751,9.781969143755651,13.402879146597957
A,25,15,125,100,0.05,3,0.8,0.8,0.1,5,3.4604579548675276,0.8909122914672265,9.776644432082337,13.400455975446581
A,25,15,125,100,0.05,3,0.8,0.8,1.0,1,3.4714989055853556,0.8908105295573684,9.793012343254102,13.410876789489226
A,25,15,125,100,0.05,3,0.8,0.8,1.0,5,3.4709103020220775,0.8908230127808563,9.79168269456854,13.409738427795418
A,25,15,125,100,0.05,3,0.8,0.8,10.0,1,3.4707482760656547,0.8908770012065196,9.797594355425236,13.40844648614888
A,25,15,125,100,0.05,3,0.8,0.8,10.0,5,3.466742178996541,0.8908595986896257,9.798674863023654,13.410486980492465
A,25,15,125,100,0.05,3,0.8,1.0,0.1,1,3.52664599993268,0.8906235449154318,9.693779389193043,13.424114182569898
A,25,15,125,100,0.05,3,0.8,1.0,0.1,5,3.5246853419837683,0.8906628247195295,9.691818048904764,13.420560111937766
A,25,15,125,100,0.05,3,0.8,1.0,1.0,1,3.5186272847843725,0.8905089459975863,9.696881271304292,13.416736408734215
A,25,15,125,100,0.05,3,0.8,1.0,1.0,5,3.5222661285718373,0.8904950951646189,9.696832647247941,13.42000581324399
A,25,15,125,100,0.05,3,0.8,1.0,10.0,1,3.5341236806817102,0.8905724428058089,9.709829620432384,13.43009217171693
A,25,15,125,100,0.05,3,0.8,1.0,10.0,5,3.532854495245867,0.890584081114687,9.707058331923175,13.429526816939767
A,25,15,125,100,0.05,3,1.0,0.8,0.1,1,3.4635999716624575,0.8906870521847289,9.775363782155164,13.396674428600292
A,25,15,125,100,0.05,3,1.0,0.8,0.1,5,3.4664289120958864,0.8907386805445382,9.774816039523705,13.397311231798213
A,25,15,125,100,0.05,3,1.0,0.8,1.0,1,3.4720670436584187,0.8914642718632091,9.757515004984963,13.381443718475898
A,25,15,125,100,0.05,3,1.0,0.8,1.0,5,3.473954168580632,0.8914943804731559,9.75729001979549,13.382654206834872
A,25,15,125,100,0.05,3,1.0,0.8,10.0,1,3.4657455219946742,0.8908214509130488,9.799889371419415,13.405411228041325
A,25,15,125,100,0.05,3,1.0,0.8,10.0,5,3.465771798857343,0.8908225911486488,9.800006242462782,13.405444362020418
A,25,15,125,100,0.05,3,1.0,1.0,0.1,1,3.527726434486932,0.8908415999668373,9.699912136452156,13.42220041425063
A,25,15,125,100,0.05,3,1.0,1.0,0.1,5,3.530130579157251,0.8907715337713427,9.704686603848266,13.427237883041348
A,25,15,125,100,0.05,3,1.0,1.0,1.0,1,3.5173006747381925,0.8905543479787308,9.701199316101878,13.416526354303898
A,25,15,125,100,0.05,3,1.0,1.0,1.0,5,3.520045543656425,0.8905805649467989,9.702273300082734,13.419807509776598
A,25,15,125,100,0.05,3,1.0,1.0,10.0,1,3.5299687495969665,0.8908531012397664,9.716696388631016,13.433707914615322
A,25,15,125,100,0.05,3,1.0,1.0,10.0,5,3.5319676427984215,0.8909010274613642,9.716123740162384,13.433571445990026
A,25,15,125,100,0.05,5,0.8,0.8,0.1,1,3.3786321159679056,0.8918292320456688,9.339815386439447,13.196314829550309
A,25,15,125,100,0.05,5,0.8,0.8,0.1,5,3.3507151928306067,0.892132281895283,9.317890685517527,13.170029099132298
A,25,15,125,100,0.05,5,0.8,0.8,1.0,1,3.3530432846628044,0.8920877728660719,9.332379834295317,13.169659446244452
A,25,15,125,100,0.05,5,0.8,0.8,1.0,5,3.34693926361456,0.8923501916422293,9.313069018511174,13.150804161734928
A,25,15,125,100,0.05,5,0.8,0.8,10.0,1,3.360083723406455,0.892162043986049,9.357868236878852,13.175226815631211
A,25,15,125,100,0.05,5,0.8,0.8,10.0,5,3.355269621039308,0.8923090916179776,9.331722746342276,13.151669749784642
A,25,15,125,100,0.05,5,0.8,1.0,0.1,1,3.3365599614586166,0.8931970786840007,9.210449285010881,13.110779317193362
A,25,15,125,100,0.05,5,0.8,1.0,0.1,5,3.34750704161629,0.8934183635386361,9.211186208613023,13.117825598070024
A,25,15,125,100,0.05,5,0.8,1.0,1.0,1,3.35454644671026,0.893061710293255,9.227259861335579,13.130099099151284
A,25,15,125,100,0.05,5,0.8,1.0,1.0,5,3.362403107383281,0.8930563306536042,9.218130640978561,13.13023888397276
A,25,15,125,100,0.05,5,0.8,1.0,10.0,1,3.3477063973059886,0.8929725895779382,9.26692812876028,13.14803317547173
A,25,15,125,100,0.05,5,0.8,1.0,10.0,5,3.346596194998509,0.8931945916267645,9.258267172473202,13.13489216652371
A,25,15,125,100,0.05,5,1.0,0.8,0.1,1,3.3600082849670314,0.8921322367212319,9.336623867772047,13.194327261491562
A,25,15,125,100,0.05,5,1.0,0.8,0.1,5,3.358995763899364,0.8923202919679698,9.344915136364094,13.200469081601833
A,25,15,125,100,0.05,5,1.0,0.8,1.0,1,3.355410788081394,0.8922023005262851,9.344878084585527,13.196326299794112
A,25,15,125,100,0.05,5,1.0,0.8,1.0,5,3.3503713753214974,0.8921317324358113,9.35169222605665,13.198035041185813
A,25,15,125,100,0.05,5,1.0,0.8,10.0,1,3.3556991803886236,0.8919941046489029,9.363449160025002,13.200141356070997
A,25,15,125,100,0.05,5,1.0,0.8,10.0,5,3.363048486301061,0.8921357700899684,9.363453692853204,13.20234920587807
A,25,15,125,100,0.05,5,1.0,1.0,0.1,1,3.3721934916731393,0.8926974514548729,9.254471704390792,13.160591562263573
A,25,15,125,100,0.05,5,1.0,1.0,0.1,5,3.3639467709188153,0.8927406885885814,9.248517649036295,13.154536024699201
A,25,15,125,100,0.05,5,1.0,1.0,1.0,1,3.3700388258813128,0.8924958093960313,9.248582918329664,13.154763678920744
A,25,15,125,100,0.05,5,1.0,1.0,1.0,5,3.3644048692883586,0.8928056350537144,9.252200817232692,13.15297232202129
A,25,15,125,100,0.05,5,1.0,1.0,10.0,1,3.3699237543089366,0.8930259070364295,9.272586825433587,13.14691548777231
A,25,15,125,100,0.05,5,1.0,1.0,10.0,5,3.387447924205273,0.8925301742263629,9.282652598863493,13.167183965336998
A,25,15,125,100,0.1,3,0.8,0.8,0.1,1,3.3287315008622103,0.8906544974726003,9.455947158468536,13.257070547546428
A,25,15,125,100,0.1,3,0.8,0.8,0.1,5,3.334853887125246,0.890599786873955,9.459176672199437,13.254133848283198
A,25,15,125,100,0.1,3,0.8,0.8,1.0,1,3.311954625539898,0.8905164948825733,9.442754209520993,13.243932346156408
A,25,15,125,100,0.1,3,0.8,0.8,1.0,5,3.3215244392884467,0.8902386434311275,9.448621663065897,13.254499242715195
A,25,15,125,100,0.1,3,0.8,0.8,10.0,1,3.342317914565496,0.8911798365246273,9.459520950515032,13.232287179074035
A,25,15,125,100,0.1,3,0.8,0.8,10.0,5,3.3353236372878876,0.8912524741170383,9.448887806879238,13.234803508715256
A,25,15,125,100,0.1,3,0.8,1.0,0.1,1,3.3910967694534064,0.8911274575117266,9.420022009566429,13.290470575452341
A,25,15,125,100,0.1,3,0.8,1.0,0.1,5,3.3750399440715526,0.8910614731028099,9.414860130808986,13.272506310904877
A,25,15,125,100,0.1,3,0.8,1.0,1.0,1,3.392305173941014,0.8909634103018782,9.438918433557255,13.299170587543221
A,25,15,125,100,0.1,3,0.8,1.0,1.0,5,3.407568429904475,0.8908956265555374,9.435003504945161,13.301264561448289
A,25,15,125,100,0.1,3,0.8,1.0,10.0,1,3.4373413787793448,0.8909408537663852,9.43359770827433,13.321704471688543
A,25,15,125,100,0.1,3,0.8,1.0,10.0,5,3.434437636913608,0.8912630930277399,9.427725509729544,13.320123240549842
A,25,15,125,100,0.1,3,1.0,0.8,0.1,1,3.337470865792233,0.8916073809268769,9.437113678642742,13.231715757889244
A,25,15,125,100,0.1,3,1.0,0.8,0.1,5,3.331100473211231,0.891757290494977,9.419347650838558,13.219674694902418
A,25,15,125,100,0.1,3,1.0,0.8,1.0,1,3.330986328144854,0.8913629234157879,9.415689675881776,13.22815528362957
A,25,15,125,100,0.1,3,1.0,0.8,1.0,5,3.3493416067675943,0.8914270627486719,9.406075595410531,13.235196041515058
A,25,15,125,100,0.1,3,1.0,0.8,10.0,1,3.3223030047476896,0.8913904161775834,9.435131407602913,13.233124722263662
A,25,15,125,100,0.1,3,1.0,0.8,10.0,5,3.31843453321805,0.8916943593143809,9.419478403491766,13.22582645827843
A,25,15,125,100,0.1,3,1.0,1.0,0.1,1,3.4359889054443675,0.8906766257864206,9.46776651346672,13.337506050770324
A,25,15,125,100,0.1,3,1.0,1.0,0.1,5,3.450128914330277,0.8907268241797851,9.468965762011969,13.342867737372345
A,25,15,125,100,0.1,3,1.0,1.0,1.0,1,3.419771409445432,0.8911423235015711,9.443123027771012,13.298830420734529
A,25,15,125,100,0.1,3,1.0,1.0,1.0,5,3.4078046259772696,0.8910947698224309,9.448549623329543,13.293310577502016
A,25,15,125,100,0.1,3,1.0,1.0,10.0,1,3.4374026952720342,0.8910024722308358,9.427989043085853,13.316537001350758
A,25,15,125,100,0.1,3,1.0,1.0,10.0,5,3.4317884107780534,0.890820234566001,9.429643974526385,13.317966415279468
A,25,15,125,100,0.1,5,0.8,0.8,0.1,1,3.4339125274565268,0.89076263799009,9.2148680857876,13.22947199017943
A,25,15,125,100,0.1,5,0.8,0.8,0.1,5,3.419944033906648,0.8908717118300657,9.208444686955957,13.232424896295356
A,25,15,125,100,0.1,5,0.8,0.8,1.0,1,3.4047864038527926,0.8904024430569724,9.234660992928944,13.232152461750925
A,25,15,125,100,0.1,5,0.8,0.8,1.0,5,3.445738543521631,0.8903558209881485,9.256653176767623,13.26735380878694
A,25,15,125,100,0.1,5,0.8,0.8,10.0,1,3.4280788574367556,0.8904597154630535,9.24470425965763,13.25436646515343
A,25,15,125,100,0.1,5,0.8,0.8,10.0,5,3.430109375541081,0.8905123793263862,9.23839103847468,13.23342792041914
A,25,15,125,100,0.1,5,0.8,1.0,0.1,1,3.440348165559597,0.8904003364429492,9.20143278901293,13.261681168468385
A,25,15,125,100,0.1,5,0.8,1.0,0.1,5,3.452697829485981,0.8904990934835532,9.206536846742292,13.271993667380233
A,25,15,125,100,0.1,5,0.8,1.0,1.0,1,3.408080227917695,0.8907532257555587,9.169636260486078,13.22578441825421
A,25,15,125,100,0.1,5,0.8,1.0,1.0,5,3.410514637317584,0.8907826816153126,9.182718643176344,13.233460691271947
A,25,15,125,100,0.1,5,0.8,1.0,10.0,1,3.4364279186683904,0.8906762184406066,9.236130064291457,13.270257453927837
A,25,15,125,100,0.1,5,0.8,1.0,10.0,5,3.4115987570744783,0.890994589153603,9.216265071690998,13.236943401036706
A,25,15,125,100,0.1,5,1.0,0.8,0.1,1,3.3775924542020546,0.8910526261831745,9.216102322541966,13.210269299364494
A,25,15,125,100,0.1,5,1.0,0.8,0.1,5,3.3900939061338216,0.890525618867376,9.245176889794203,13.239358203965816
A,25,15,125,100,0.1,5,1.0,0.8,1.0,1,3.41700450054593,0.8908582201159959,9.212623610317127,13.240369697105331
A,25,15,125,100,0.1,5,1.0,0.8,1.0,5,3.413328200407645,0.8903489469179859,9.233191689079579,13.231877851803223
A,25,15,125,100,0.1,5,1.0,0.8,10.0,1,3.392334107316098,0.8910864640614082,9.225484162611526,13.215592960865937
A,25,15,125,100,0.1,5,1.0,0.8,10.0,5,3.4074477875902374,0.8903056558065898,9.264898664057247,13.246139644641028
A,25,15,125,100,0.1,5,1.0,1.0,0.1,1,3.5032340059842513,0.8904380078541481,9.201551000959835,13.28733595949041
A,25,15,125,100,0.1,5,1.0,1.0,0.1,5,3.4631489753201317,0.890343751200762,9.196028025841946,13.26128119469952
A,25,15,125,100,0.1,5,1.0,1.0,1.0,1,3.4810150753198696,0.8906845536745994,9.202513415258332,13.276468367191976
A,25,15,125,100,0.1,5,1.0,1.0,1.0,5,3.45965822233408,0.890414429915835,9.188826681477277,13.242286908919855
A,25,15,125,100,0.1,5,1.0,1.0,10.0,1,3.4620375299869734,0.890949989493879,9.176655182390421,13.230911178490924
A,25,15,125,100,0.1,5,1.0,1.0,10.0,5,3.452271978892881,0.8915371218903706,9.176235714580994,13.214954074937072
A,25,15,125,200,0.05,3,0.8,0.8,0.1,1,3.3500684175509803,0.8917609606459473,9.425543669720453,13.238559463911665
A,25,15,125,200,0.05,3,0.8,0.8,0.1,5,3.3576003107136883,0.8915009891812009,9.434654989826004,13.257508091670426
A,25,15,125,200,0.05,3,0.8,0.8,1.0,1,3.3491842007858947,0.8915892258160183,9.432183662590948,13.23980063123357
A,25,15,125,200,0.05,3,0.8,0.8,1.0,5,3.3451475308260377,0.8916633111934358,9.43011953217184,13.23828036306449
A,25,15,125,200,0.05,3,0.8,0.8,10.0,1,3.3500745649171173,0.8918932951831428,9.42822209002043,13.232615104948511
A,25,15,125,200,0.05,3,0.8,0.8,10.0,5,3.3486960192496724,0.8915753989327326,9.44525176353238,13.246600681952742
A,25,15,125,200,0.05,3,0.8,1.0,0.1,1,3.4076298366734483,0.8909924657328455,9.420253243993207,13.291826735513245
A,25,15,125,200,0.05,3,0.8,1.0,0.1,5,3.4205951901509137,0.8908811009884652,9.42352982092261,13.300427839715983
A,25,15,125,200,0.05,3,0.8,1.0,1.0,1,3.4095793510103958,0.8909082998745326,9.433688995488435,13.30364183025031
A,25,15,125,200,0.05,3,0.8,1.0,1.0,5,3.4185355023560846,0.8908784968381898,9.434781798965622,13.302747961608386
A,25,15,125,200,0.05,3,0.8,1.0,10.0,1,3.4047254138233782,0.8913329580230019,9.42141526333858,13.276027985786149
A,25,15,125,200,0.05,3,0.8,1.0,10.0,5,3.4039885007969644,0.8913149310158552,9.416562072028732,13.276037150021542
A,25,15,125,200,0.05,3,1.0,0.8,0.1,1,3.372740322054537,0.8916919857423803,9.465589558067203,13.266865801570043
A,25,15,125,200,0.05,3,1.0,0.8,0.1,5,3.3784276922947725,0.8915494691899972,9.469816570062614,13.269184017175325
A,25,15,125,200,0.05,3,1.0,0.8,1.0,1,3.374062921024957,0.8922727479959578,9.423483059604491,13.240181564643137
A,25,15,125,200,0.05,3,1.0,0.8,1.0,5,3.3811593907629516,0.8923399432607984,9.427676905343837,13.242493519176728
A,25,15,125,200,0.05,3,1.0,0.8,10.0,1,3.363278881014891,0.8917178560111795,9.47138450242105,13.262183854163212
A,25,15,125,200,0.05,3,1.0,0.8,10.0,5,3.36894481716742,0.8916313114570491,9.47484666421423,13.262436708227687
A,25,15,125,200,0.05,3,1.0,1.0,0.1,1,3.431324625997047,0.8913381839389455,9.425738546770638,13.29206497619893
A,25,15,125,200,0.05,3,1.0,1.0,0.1,5,3.428239295176445,0.8912670357954466,9.42637531591546,13.300276986580855
A,25,15,125,200,0.05,3,1.0,1.0,1.0,1,3.4208269545065333,0.8910621917759736,9.427540873421005,13.293936713424566
A,25,15,125,200,0.05,3,1.0,1.0,1.0,5,3.4213266316722892,0.891290851842243,9.420303263591185,13.292937383614372
A,25,15,125,200,0.05,3,1.0,1.0,10.0,1,3.4397775165295608,0.8912165330462081,9.447807057246086,13.312194614296999
A,25,15,125,200,0.05,3,1.0,1.0,10.0,5,3.424457694407663,0.891366998398099,9.4344088889416,13.297678847294353
A,25,15,125,200,0.05,5,0.8,0.8,0.1,1,3.4169426198786548,0.8906971783507034,9.243006059737368,13.242984061014434
A,25,15,125,200,0.05,5,0.8,0.8,0.1,5,3.3995065455984608,0.8910664407565326,9.210300287332467,13.215463587846335
A,25,15,125,200,0.05,5,0.8,0.8,1.0,1,3.3974446090958397,0.8910988970153326,9.224037830326008,13.219008139066105
A,25,15,125,200,0.05,5,0.8,0.8,1.0,5,3.381299247554486,0.8910555801536025,9.204643690541777,13.198409644732362
A,25,15,125,200,0.05,5,0.8,0.8,10.0,1,3.3984689125665497,0.8912857944966934,9.211561048468958,13.196391826900685
A,25,15,125,200,0.05,5,0.8,0.8,10.0,5,3.374318204086893,0.891716483761957,9.182126633438273,13.165601320708623
A,25,15,125,200,0.05,5,0.8,1.0,0.1,1,3.3908878650393164,0.8912695358396585,9.146567059249088,13.194457351301924
A,25,15,125,200,0.05,5,0.8,1.0,0.1,5,3.4099365772113686,0.8913875984142539,9.142303594158083,13.195496766579918
A,25,15,125,200,0.05,5,0.8,1.0,1.0,1,3.425016982107234,0.8911684547053731,9.162097225442341,13.204624723607031
A,25,15,125,200,0.05,5,0.8,1.0,1.0,5,3.4253987141771893,0.8909668906451037,9.161769441050655,13.210459994879773
A,25,15,125,200,0.05,5,0.8,1.0,10.0,1,3.4017600136075727,0.8914657792940055,9.17263582814598,13.200873541353758
A,25,15,125,200,0.05,5,0.8,1.0,10.0,5,3.3900338067201736,0.8915271267660518,9.17238032828054,13.19706662008681
A,25,15,125,200,0.05,5,1.0,0.8,0.1,1,3.390321322602079,0.8912609823605863,9.224601314431206,13.21563011048533
A,25,15,125,200,0.05,5,1.0,0.8,0.1,5,3.4001537872482843,0.8912466752120614,9.235899893265024,13.234300243303784
A,25,15,125,200,0.05,5,1.0,0.8,1.0,1,3.3835553737606303,0.891185534286792,9.220875607024146,13.206953210743976
A,25,15,125,200,0.05,5,1.0,0.8,1.0,5,3.3797651563697038,0.8913547903943704,9.221979451818893,13.203199645858689
A,25,15,125,200,0.05,5,1.0,0.8,10.0,1,3.365151369078158,0.8914074700738741,9.22120994846668,13.19761631138702
A,25,15,125,200,0.05,5,1.0,0.8,10.0,5,3.3663867329058235,0.891482789936215,9.221374745183562,13.196317028804504
A,25,15,125,200,0.05,5,1.0,1.0,0.1,1,3.414146171402257,0.8912673354795858,9.170240600986569,13.211681881681468
A,25,15,125,200,0.05,5,1.0,1.0,0.1,5,3.4224494305624154,0.8912149044861192,9.166818740995094,13.215187070441752
A,25,15,125,200,0.05,5,1.0,1.0,1.0,1,3.4201856347335693,0.8910621385066744,9.160837127899049,13.209776602046881
A,25,15,125,200,0.05,5,1.0,1.0,1.0,5,3.421547937568948,0.8910229945569537,9.17043433630297,13.207100588655038
A,25,15,125,200,0.05,5,1.0,1.0,10.0,1,3.407692516286729,0.8917775658136637,9.156696346536107,13.177584373219968
A,25,15,125,200,0.05,5,1.0,1.0,10.0,5,3.4250502502730873,0.8914556159726205,9.16993089532454,13.1956091930025
A,25,15,125,200,0.1,3,0.8,0.8,0.1,1,3.3128339899040613,0.8904175406103212,9.395051221076391,13.256143240694716
A,25,15,125,200,0.1,3,0.8,0.8,0.1,5,3.3330523411669732,0.890338338778084,9.390386438166061,13.255766528929522
A,25,15,125,200,0.1,3,0.8,0.8,1.0,1,3.307858312907373,0.8898521500360157,9.393387232335773,13.247044695442614
A,25,15,125,200,0.1,3,0.8,0.8,1.0,5,3.3120675096426715,0.8897332097951394,9.394112767771833,13.254349461550735
A,25,15,125,200,0.1,3,0.8,0.8,10.0,1,3.329981444197992,0.8907532754546587,9.399056776633696,13.237279902075807
A,25,15,125,200,0.1,3,0.8,0.8,10.0,5,3.319596096063294,0.8908508959755155,9.379942067220625,13.216479404547036
A,25,15,125,200,0.1,3,0.8,1.0,0.1,1,3.381380433742117,0.8905749692677676,9.354527157883,13.27979064459355
A,25,15,125,200,0.1,3,0.8,1.0,0.1,5,3.3541780042986744,0.8903185881701978,9.340268714389916,13.255369002867301
A,25,15,125,200,0.1,3,0.8,1.0,1.0,1,3.35105379075526,0.890499692706791,9.34752496099187,13.250651937303264
A,25,15,125,200,0.1,3,0.8,1.0,1.0,5,3.3789459565171946,0.890230332639443,9.360312920192829,13.277832491250347
A,25,15,125,200,0.1,3,0.8,1.0,10.0,1,3.3906887333291804,0.8907669316366125,9.341711547635269,13.280785478026482
A,25,15,125,200,0.1,3,0.8,1.0,10.0,5,3.3937064586382055,0.8907841890119028,9.333608434014732,13.279667593067284
A,25,15,125,200,0.1,3,1.0,0.8,0.1,1,3.2953489699041514,0.8913477292264897,9.339166439388785,13.199859776826141
A,25,15,125,200,0.1,3,1.0,0.8,0.1,5,3.3072961814832573,0.8914026153248372,9.334187366772094,13.19493965910902
A,25,15,125,200,0.1,3,1.0,0.8,1.0,1,3.3014713318186137,0.8913719273196212,9.314999311633267,13.191940949068378
A,25,15,125,200,0.1,3,1.0,0.8,1.0,5,3.3223101941918864,0.8911358365731592,9.329031416214807,13.209637288443602
A,25,15,125,200,0.1,3,1.0,0.8,10.0,1,3.300142078791926,0.8911322910124099,9.363961824653622,13.219104219445645
A,25,15,125,200,0.1,3,1.0,0.8,10.0,5,3.2823061724288216,0.8916183342537405,9.336732969252765,13.187699806009181
A,25,15,125,200,0.1,3,1.0,1.0,0.1,1,3.373194152962108,0.8906017158564975,9.355823320049849,13.281061750849329
A,25,15,125,200,0.1,3,1.0,1.0,0.1,5,3.3789166737376717,0.8907378913768256,9.354025967640396,13.272676304179992
A,25,15,125,200,0.1,3,1.0,1.0,1.0,1,3.354765347710199,0.891021292682135,9.334459199465968,13.237928209528977
A,25,15,125,200,0.1,3,1.0,1.0,1.0,5,3.364110703006676,0.8907893031892012,9.341104891222841,13.256757336459085
A,25,15,125,200,0.1,3,1.0,1.0,10.0,1,3.3634592303825244,0.8910689405130612,9.328350110400315,13.254452654705446
A,25,15,125,200,0.1,3,1.0,1.0,10.0,5,3.362740746003598,0.8906227757074434,9.342171105188196,13.265156995550749
A,25,15,125,200,0.1,5,0.8,0.8,0.1,1,3.567399868640384,0.8875249216005624,9.350903142451575,13.407034812822008
A,25,15,125,200,0.1,5,0.8,0.8,0.1,5,3.5545518397550118,0.888059569321635,9.339137678848125,13.410940792593346
A,25,15,125,200,0.1,5,0.8,0.8,1.0,1,3.5106956565900034,0.8876983911884813,9.355400153618747,13.401663346968576
A,25,15,125,200,0.1,5,0.8,0.8,1.0,5,3.534399129204587,0.8878462843987945,9.36096738599101,13.415569907104356
A,25,15,125,200,0.1,5,0.8,0.8,10.0,1,3.500386245333563,0.8880394948313569,9.343650746120435,13.386518170413387
A,25,15,125,200,0.1,5,0.8,0.8,10.0,5,3.4943814567658413,0.8882130931454174,9.344200664851751,13.373525495440385
A,25,15,125,200,0.1,5,0.8,1.0,0.1,1,3.545168929467568,0.8876552576666829,9.299124517173274,13.411290606618099
A,25,15,125,200,0.1,5,0.8,1.0,0.1,5,3.571969393420215,0.8877966693502989,9.338498586724265,13.449069017788142
A,25,15,125,200,0.1,5,0.8,1.0,1.0,1,3.5293549906660298,0.8881468562265791,9.276463043845514,13.391593584739075
A,25,15,125,200,0.1,5,0.8,1.0,1.0,5,3.5129330570719075,0.8880692683184419,9.306148574337904,13.39453932686859
A,25,15,125,200,0.1,5,0.8,1.0,10.0,1,3.5272858558195717,0.8876002674645616,9.365360609995877,13.44047392364072
A,25,15,125,200,0.1,5,0.8,1.0,10.0,5,3.5189583083559617,0.8887776495790174,9.300098833695191,13.393171468715128
A,25,15,125,200,0.1,5,1.0,0.8,0.1,1,3.483070619088996,0.8882384296316456,9.315912448455382,13.348998163474278
A,25,15,125,200,0.1,5,1.0,0.8,0.1,5,3.4999844422519977,0.8879807569795677,9.3539689843258,13.410912209909
A,25,15,125,200,0.1,5,1.0,0.8,1.0,1,3.504474953258306,0.888362091064246,9.320100251111295,13.379393941630207
A,25,15,125,200,0.1,5,1.0,0.8,1.0,5,3.5046779469417944,0.8879929966632899,9.313721553214856,13.363233465464091
A,25,15,125,200,0.1,5,1.0,0.8,10.0,1,3.466306319190367,0.8888991208903769,9.310288836366366,13.341962158179879
A,25,15,125,200,0.1,5,1.0,0.8,10.0,5,3.4659050983390536,0.8885880692507542,9.323380267287089,13.345955056303826
A,25,15,125,200,0.1,5,1.0,1.0,0.1,1,3.574199230847582,0.8885693074709768,9.280219038772165,13.416930744622107
A,25,15,125,200,0.1,5,1.0,1.0,0.1,5,3.5677472542778665,0.887480689566553,9.322127467514054,13.425558581656494
A,25,15,125,200,0.1,5,1.0,1.0,1.0,1,3.5646907628301543,0.8880323400594697,9.30371201798581,13.41751361125724
A,25,15,125,200,0.1,5,1.0,1.0,1.0,5,3.5370262910421686,0.8880697369059932,9.292388320835514,13.384207833424199
A,25,15,125,200,0.1,5,1.0,1.0,10.0,1,3.5757899935490465,0.8888154571455384,9.264219450195778,13.383893847082557
A,25,15,125,200,0.1,5,1.0,1.0,10.0,5,3.519473993844354,0.8892908126132928,9.262527522680358,13.35311041442714
A,25,15,125,300,0.05,3,0.8,0.8,0.1,1,3.320614626392287,0.8915086229497995,9.3615654297657,13.215827717980906
A,25,15,125,300,0.05,3,0.8,0.8,0.1,5,3.331113306653351,0.891211288892069,9.374613851511244,13.234432437809238
A,25,15,125,300,0.05,3,0.8,0.8,1.0,1,3.3183373875373556,0.8915413691342753,9.360725933967474,13.212095736433401
A,25,15,125,300,0.05,3,0.8,0.8,1.0,5,3.3189885157034014,0.8915328280629137,9.366555930250835,13.221869002427123
A,25,15,125,300,0.05,3,0.8,0.8,10.0,1,3.328771672048359,0.8916448865430754,9.369197001023535,13.221126078778317
A,25,15,125,300,0.05,3,0.8,0.8,10.0,5,3.322493854538174,0.8913772823342127,9.382986289610786,13.228673271497343
A,25,15,125,300,0.05,3,0.8,1.0,0.1,1,3.3762068189259535,0.8907042738468794,9.370151086444363,13.26891814917641
A,25,15,125,300,0.05,3,0.8,1.0,0.1,5,3.382163878179777,0.8906665407160832,9.367667132409347,13.27137871086185
A,25,15,125,300,0.05,3,0.8,1.0,1.0,1,3.367037176868081,0.8909285158854079,9.36556304058467,13.26187844571092
A,25,15,125,300,0.05,3,0.8,1.0,1.0,5,3.375941056142468,0.8906231872078392,9.37036143945416,13.264397171508937
A,25,15,125,300,0.05,3,0.8,1.0,10.0,1,3.3626639321500122,0.8912558956261971,9.352746053657674,13.23772631853463
A,25,15,125,300,0.05,3,0.8,1.0,10.0,5,3.369142032710214,0.891258580601152,9.353163363893767,13.242123393993799
A,25,15,125,300,0.05,3,1.0,0.8,0.1,1,3.334142274105422,0.8917497499366414,9.384816835356762,13.225858575305548
A,25,15,125,300,0.05,3,1.0,0.8,0.1,5,3.3429306774211844,0.8915209114983572,9.392942243168932,13.234669305578212
A,25,15,125,300,0.05,3,1.0,0.8,1.0,1,3.3413713645845045,0.8922709818560447,9.355367020978948,13.209340240267059
A,25,15,125,300,0.05,3,1.0,0.8,1.0,5,3.3443797808767584,0.8922031927176348,9.361695136377676,13.211026485709365
A,25,15,125,300,0.05,3,1.0,0.8,10.0,1,3.333279459323113,0.8915610077284987,9.400378367321586,13.233696906372817
A,25,15,125,300,0.05,3,1.0,0.8,10.0,5,3.331545633266252,0.8916316504071894,9.401160797345792,13.227897049279042
A,25,15,125,300,0.05,3,1.0,1.0,0.1,1,3.397610180002667,0.8912002172771333,9.358429974048683,13.265042863316017
A,25,15,125,300,0.05,3,1.0,1.0,0.1,5,3.3842726956710862,0.8910556178284486,9.361338589068016,13.263194146491083
A,25,15,125,300,0.05,3,1.0,1.0,1.0,1,3.39214937421673,0.8908142059714945,9.372243788367127,13.268029786931086
A,25,15,125,300,0.05,3,1.0,1.0,1.0,5,3.386726211466896,0.8912531389860394,9.35657491931818,13.258974292479445
A,25,15,125,300,0.05,3,1.0,1.0,10.0,1,3.398544798024001,0.8911496143537267,9.376779584528748,13.279074178807766
A,25,15,125,300,0.05,3,1.0,1.0,10.0,5,3.3853445288047608,0.8913288625052493,9.368503703001766,13.262413325506017
A,25,15,125,300,0.05,5,0.8,0.8,0.1,1,3.472687273456412,0.8892752993759311,9.291343155643847,13.323657621419988
A,25,15,125,300,0.05,5,0.8,0.8,0.1,5,3.4467648009791256,0.8897182360702967,9.261424440725866,13.302333680278048
A,25,15,125,300,0.05,5,0.8,0.8,1.0,1,3.437475043186507,0.8898344195015492,9.260437655752025,13.291674172657764
A,25,15,125,300,0.05,5,0.8,0.8,1.0,5,3.4287938559321836,0.8895236669573041,9.26273653422163,13.284461551235657
A,25,15,125,300,0.05,5,0.8,0.8,10.0,1,3.447465698934323,0.8898887726510087,9.25587780951401,13.273549530855068
A,25,15,125,300,0.05,5,0.8,0.8,10.0,5,3.414700270710115,0.8903785558864723,9.223724225736554,13.239875337167797
A,25,15,125,300,0.05,5,0.8,1.0,0.1,1,3.4670579862850808,0.8895092058724063,9.207691648174466,13.289304903179282
A,25,15,125,300,0.05,5,0.8,1.0,0.1,5,3.473624363491969,0.8896788098798598,9.202903902285309,13.286683273419566
A,25,15,125,300,0.05,5,0.8,1.0,1.0,1,3.479688981642144,0.8896495419552686,9.206246094426678,13.290348858832655
A,25,15,125,300,0.05,5,0.8,1.0,1.0,5,3.4697530644343715,0.889618359262726,9.208255725900148,13.28034713904548
A,25,15,125,300,0.05,5,0.8,1.0,10.0,1,3.4546636133797994,0.8898877498245928,9.226400849309483,13.27881681835505
A,25,15,125,300,0.05,5,0.8,1.0,10.0,5,3.4344871121547604,0.8901601309268404,9.220770697046344,13.268067853438188
A,25,15,125,300,0.05,5,1.0,0.8,0.1,1,3.436783279539661,0.8900370560161333,9.268899947288139,13.278600837081388
A,25,15,125,300,0.05,5,1.0,0.8,0.1,5,3.4453275760633764,0.8903092169340814,9.27182015142371,13.302860495260077
A,25,15,125,300,0.05,5,1.0,0.8,1.0,1,3.419732322310112,0.8902775127803417,9.252922430077085,13.265031975501575
A,25,15,125,300,0.05,5,1.0,0.8,1.0,5,3.41125516887161,0.8904788801957645,9.249979675022114,13.260517683466398
A,25,15,125,300,0.05,5,1.0,0.8,10.0,1,3.3985809072918647,0.8906402832283996,9.24606456303462,13.246097438141334
A,25,15,125,300,0.05,5,1.0,0.8,10.0,5,3.4049418171991137,0.8906330360634238,9.25090415223947,13.257000422621923
A,25,15,125,300,0.05,5,1.0,1.0,0.1,1,3.4551876261669974,0.8897535863679197,9.22517565004306,13.283081859554438
A,25,15,125,300,0.05,5,1.0,1.0,0.1,5,3.462759229063079,0.8900218575702761,9.21734146473583,13.28701981201437
A,25,15,125,300,0.05,5,1.0,1.0,1.0,1,3.470864238489964,0.8897728687566344,9.199061214026997,13.28011890769343
A,25,15,125,300,0.05,5,1.0,1.0,1.0,5,3.4661357744557804,0.889978723632996,9.197200410199477,13.266015293259978
A,25,15,125,300,0.05,5,1.0,1.0,10.0,1,3.4474277158145434,0.8906861740639137,9.198360296383571,13.244382673855615
A,25,15,125,300,0.05,5,1.0,1.0,10.0,5,3.4488780670424477,0.890405197335063,9.205853229017416,13.259762629172718
A,25,15,125,300,0.1,3,0.8,0.8,0.1,1,3.325549526210195,0.889284185305927,9.401865167969294,13.285262900898346
A,25,15,125,300,0.1,3,0.8,0.8,0.1,5,3.3357687188710776,0.889185267918917,9.406107019135053,13.299277601309962
A,25,15,125,300,0.1,3,0.8,0.8,1.0,1,3.3309473302128483,0.8887121044318199,9.409874319923237,13.284083773791139
A,25,15,125,300,0.1,3,0.8,0.8,1.0,5,3.313898594375511,0.8890544321879925,9.385293291039329,13.277571688579817
A,25,15,125,300,0.1,3,0.8,0.8,10.0,1,3.32487381045735,0.890111670387796,9.381870200172042,13.248567366199651
A,25,15,125,300,0.1,3,0.8,0.8,10.0,5,3.3008511750185767,0.8901863693074159,9.379602954843415,13.228252764180633
A,25,15,125,300,0.1,3,0.8,1.0,0.1,1,3.37795542157126,0.889603361328758,9.359687184294511,13.297474066000962
A,25,15,125,300,0.1,3,0.8,1.0,0.1,5,3.361910321708836,0.8895914564518916,9.343046023921493,13.277427224018993
A,25,15,125,300,0.1,3,0.8,1.0,1.0,1,3.3316039400820054,0.8899768291959743,9.32515214152661,13.254487793957967
A,25,15,125,300,0.1,3,0.8,1.0,1.0,5,3.366951439369015,0.889219044016438,9.361368478117209,13.30040727650238
A,25,15,125,300,0.1,3,0.8,1.0,10.0,1,3.383684837246038,0.8902685718574478,9.321476885953752,13.27462293216447
A,25,15,125,300,0.1,3,0.8,1.0,10.0,5,3.358056941055609,0.8904499061397362,9.305804765677095,13.252234072052682
A,25,15,125,300,0.1,3,1.0,0.8,0.1,1,3.3012813944045476,0.8906908885381691,9.336684262295835,13.217814743673676
A,25,15,125,300,0.1,3,1.0,0.8,0.1,5,3.2893514657515595,0.8910377009665845,9.320760770801606,13.194011127151658
A,25,15,125,300,0.1,3,1.0,0.8,1.0,1,3.310673390378742,0.8905712029326853,9.31691352730154,13.218055783910302
A,25,15,125,300,0.1,3,1.0,0.8,1.0,5,3.3108436290844865,0.8905662352585655,9.336978290958948,13.220784594806437
A,25,15,125,300,0.1,3,1.0,0.8,10.0,1,3.2813589380892068,0.8908776664359136,9.32780654089865,13.211778553238423
A,25,15,125,300,0.1,3,1.0,0.8,10.0,5,3.287611803283069,0.8909540743613246,9.339176897230162,13.213680449591909
A,25,15,125,300,0.1,3,1.0,1.0,0.1,1,3.3711677674320826,0.8900906358541789,9.343292565472671,13.282545691729316
A,25,15,125,300,0.1,3,1.0,1.0,0.1,5,3.360652665887885,0.8901670367263202,9.324139535796483,13.264269441896001
A,25,15,125,300,0.1,3,1.0,1.0,1.0,1,3.332658311945425,0.8908091801778024,9.301398060056403,13.223618873725002
A,25,15,125,300,0.1,3,1.0,1.0,1.0,5,3.345301703691974,0.8906519130583195,9.320183520381905,13.243375119076273
A,25,15,125,300,0.1,3,1.0,1.0,10.0,1,3.3177872437760194,0.8907422816335309,9.28773265169128,13.222794615388707
A,25,15,125,300,0.1,3,1.0,1.0,10.0,5,3.3513425826446985,0.890177536067247,9.309987654747228,13.253531929215887
A,25,15,125,300,0.1,5,0.8,0.8,0.1,1,3.6658186301553926,0.8855614360709083,9.449424109126047,13.544143089769928
A,25,15,125,300,0.1,5,0.8,0.8,0.1,5,3.6146292354662704,0.8858450265882304,9.458366848288145,13.542661322148607
A,25,15,125,300,0.1,5,0.8,0.8,1.0,1,3.574682017223644,0.8855933348627418,9.45647721868147,13.517470444131135
A,25,15,125,300,0.1,5,0.8,0.8,1.0,5,3.6280381864632574,0.8860002237687497,9.451599042655385,13.53711291089174
A,25,15,125,300,0.1,5,0.8,0.8,10.0,1,3.5745786490987514,0.8862214173806235,9.437463441802038,13.506105775273946
A,25,15,125,300,0.1,5,0.8,0.8,10.0,5,3.5711914997296823,0.8860639741021691,9.45806927348532,13.503945139946259
A,25,15,125,300,0.1,5,0.8,1.0,0.1,1,3.6279509547384556,0.8856414811448378,9.402060422302071,13.53162132803929
A,25,15,125,300,0.1,5,0.8,1.0,0.1,5,3.6740864560537814,0.8858469369718422,9.444911106420474,13.586646118438912
A,25,15,125,300,0.1,5,0.8,1.0,1.0,1,3.6221637459621334,0.8856915825012142,9.41057625163506,13.54931357756374
A,25,15,125,300,0.1,5,0.8,1.0,1.0,5,3.59832529395145,0.8858084811499369,9.42478032091653,13.539085362379101
A,25,15,125,300,0.1,5,0.8,1.0,10.0,1,3.615027812622509,0.8857572569860415,9.461484615444228,13.561720997914184
A,25,15,125,300,0.1,5,0.8,1.0,10.0,5,3.615919209238993,0.8867335164685727,9.403982583255837,13.533138150024246
A,25,15,125,300,0.1,5,1.0,0.8,0.1,1,3.5907940295874012,0.8860363940911619,9.402662296633682,13.482986291967801
A,25,15,125,300,0.1,5,1.0,0.8,0.1,5,3.5899799409778987,0.8859829817498639,9.45191730661632,13.524440591434763
A,25,15,125,300,0.1,5,1.0,0.8,1.0,1,3.5820032588765356,0.8861088264301553,9.420183321691649,13.50803249561454
A,25,15,125,300,0.1,5,1.0,0.8,1.0,5,3.5543671603335083,0.8860667483706841,9.400040426885505,13.472322159694079
A,25,15,125,300,0.1,5,1.0,0.8,10.0,1,3.5767121632448875,0.8871494048328765,9.384112998366536,13.474539469459646
A,25,15,125,300,0.1,5,1.0,0.8,10.0,5,3.5379245700816258,0.8870770028220974,9.392710609836135,13.451381268491781
A,25,15,125,300,0.1,5,1.0,1.0,0.1,1,3.656576050223058,0.8865736693610042,9.379966278015942,13.542642129589225
A,25,15,125,300,0.1,5,1.0,1.0,0.1,5,3.647517392759746,0.8856744579285328,9.41742190256905,13.54193984687329
A,25,15,125,300,0.1,5,1.0,1.0,1.0,1,3.6276922181040083,0.8862489579977941,9.386162325204756,13.520510648047335
A,25,15,125,300,0.1,5,1.0,1.0,1.0,5,3.6133280380169888,0.8862489369375526,9.388013460994069,13.51034094624828
A,25,15,125,300,0.1,5,1.0,1.0,10.0,1,3.6325763720766013,0.887218272275445,9.343210474372675,13.488331858216219
A,25,15,125,300,0.1,5,1.0,1.0,10.0,5,3.610644138615343,0.8874945468999508,9.351301767953132,13.468487919261218
A,25,20,115,100,0.05,3,0.8,0.8,0.1,1,2.3621491631406366,0.9049840859404983,7.974788175889772,11.405970684625855
A,25,20,115,100,0.05,3,0.8,0.8,0.1,5,2.362799804820873,0.9050062048743017,7.977779475108422,11.408041817418113
A,25,20,115,100,0.05,3,0.8,0.8,1.0,1,2.376102584159686,0.90499466681564,7.974282032630946,11.410992042689006
A,25,20,115,100,0.05,3,0.8,0.8,1.0,5,2.3743453401142802,0.9050349288370321,7.970709152765598,11.407087625061619
A,25,20,115,100,0.05,3,0.8,0.8,10.0,1,2.361680526457455,0.9048887868414669,7.977758075268987,11.410547219243123
A,25,20,115,100,0.05,3,0.8,0.8,10.0,5,2.363328789150407,0.9049986100330141,7.976396301937345,11.411471441745975
A,25,20,115,100,0.05,3,0.8,1.0,0.1,1,2.403656035652192,0.9053554486323016,7.894399135712584,11.441677676300861
A,25,20,115,100,0.05,3,0.8,1.0,0.1,5,2.404099384230782,0.905303283734235,7.891465847566858,11.44238442220642
A,25,20,115,100,0.05,3,0.8,1.0,1.0,1,2.393196730364133,0.9056665589543169,7.8834977953732635,11.427102117210378
A,25,20,115,100,0.05,3,0.8,1.0,1.0,5,2.397729798807373,0.9057449822012928,7.885647858246432,11.43153594252729
A,25,20,115,100,0.05,3,0.8,1.0,10.0,1,2.404924455532725,0.9052574420851002,7.913896051229017,11.45471609928478
A,25,20,115,100,0.05,3,0.8,1.0,10.0,5,2.404846768840683,0.9052598740537732,7.91355494123969,11.454524103061605
A,25,20,115,100,0.05,3,1.0,0.8,0.1,1,2.359273742673643,0.9056865628254694,7.969362959981254,11.38342277468723
A,25,20,115,100,0.05,3,1.0,0.8,0.1,5,2.368024890107029,0.9054926536310977,7.981435319786199,11.394604383843463
A,25,20,115,100,0.05,3,1.0,0.8,1.0,1,2.3636172674584337,0.9057772856735612,7.953319840833831,11.391007620710075
A,25,20,115,100,0.05,3,1.0,0.8,1.0,5,2.365803797235948,0.9055940220930152,7.960473085442166,11.395989172834723
A,25,20,115,100,0.05,3,1.0,0.8,10.0,1,2.382154368356692,0.904834326270967,7.992983419084515,11.427570586795543
A,25,20,115,100,0.05,3,1.0,0.8,10.0,5,2.3821776516773707,0.9048334562883886,7.993045712057973,11.427621051770796
A,25,20,115,100,0.05,3,1.0,1.0,0.1,1,2.401296298737818,0.9056510137870573,7.894040904113318,11.44048358174372
A,25,20,115,100,0.05,3,1.0,1.0,0.1,5,2.396509624189546,0.9055642045368547,7.8910729796044405,11.43687602194953
A,25,20,115,100,0.05,3,1.0,1.0,1.0,1,2.3987789359570066,0.9056387812532607,7.88726730011374,11.430766967777743
A,25,20,115,100,0.05,3,1.0,1.0,1.0,5,2.399746324701595,0.9055777481588596,7.8879675288824656,11.4308813992138
A,25,20,115,100,0.05,3,1.0,1.0,10.0,1,2.397450031575038,0.9054210650600563,7.915640130897363,11.444834412258638
A,25,20,115,100,0.05,3,1.0,1.0,10.0,5,2.401997569483831,0.905525921070199,7.914791448182728,11.44616149767565
A,25,20,115,100,0.05,5,0.8,0.8,0.1,1,2.2579506659810393,0.9068711808888137,7.615223079481174,11.226393283824384
A,25,20,115,100,0.05,5,0.8,0.8,0.1,5,2.2615766367109074,0.9066808757369438,7.629601534122765,11.242503032847475
A,25,20,115,100,0.05,5,0.8,0.8,1.0,1,2.257566616902212,0.907062545613926,7.615116495749712,11.219406888758717
A,25,20,115,100,0.05,5,0.8,0.8,1.0,5,2.2626226914863308,0.9064258712884987,7.637459489387598,11.246694623412214
A,25,20,115,100,0.05,5,0.8,0.8,10.0,1,2.2457247450126903,0.9071229285856092,7.639705024254278,11.213063006468316
A,25,20,115,100,0.05,5,0.8,0.8,10.0,5,2.2459254392638233,0.906729200547581,7.636877129691463,11.217267784526694
A,25,20,115,100,0.05,5,0.8,1.0,0.1,1,2.2686614282100797,0.908315272939203,7.499113564249624,11.189887090104767
A,25,20,115,100,0.05,5,0.8,1.0,0.1,5,2.266901922544706,0.908166063746425,7.513147759299303,11.202342155726445
A,25,20,115,100,0.05,5,0.8,1.0,1.0,1,2.2590640912636646,0.9082294894596235,7.501240777521453,11.18000409681477
A,25,20,115,100,0.05,5,0.8,1.0,1.0,5,2.2496195530704846,0.9084931298000434,7.479600300972487,11.160137694280898
A,25,20,115,100,0.05,5,0.8,1.0,10.0,1,2.2569293795077634,0.9079347909047432,7.525634948185358,11.185919576011525
A,25,20,115,100,0.05,5,0.8,1.0,10.0,5,2.264146105439646,0.9074061068796372,7.533353686267949,11.201138698910146
A,25,20,115,100,0.05,5,1.0,0.8,0.1,1,2.2589261003168013,0.9065086627238692,7.638279850639736,11.221947502168508
A,25,20,115,100,0.05,5,1.0,0.8,0.1,5,2.253296989381218,0.9063386661749806,7.637352446210495,11.22533136533996
A,25,20,115,100,0.05,5,1.0,0.8,1.0,1,2.2499035351282983,0.906459486080202,7.632181773630178,11.22163010507877
A,25,20,115,100,0.05,5,1.0,0.8,1.0,5,2.26721462150748,0.9062964088458443,7.636045736235992,11.238509633984359
A,25,20,115,100,0.05,5,1.0,0.8,10.0,1,2.2426163262930556,0.9064349185773002,7.635764826522724,11.20710594376682
A,25,20,115,100,0.05,5,1.0,0.8,10.0,5,2.2461580040589757,0.9064045781471615,7.620877611569803,11.198987937218314
A,25,20,115,100,0.05,5,1.0,1.0,0.1,1,2.2674450806100985,0.9076621135615257,7.5202231717625,11.204776168475622
A,25,20,115,100,0.05,5,1.0,1.0,0.1,5,2.261041041991244,0.9076785089771823,7.526767771192989,11.207412784414608
A,25,20,115,100,0.05,5,1.0,1.0,1.0,1,2.2670394749522926,0.908071344454692,7.520995438603454,11.204696859748188
A,25,20,115,100,0.05,5,1.0,1.0,1.0,5,2.2622335696573828,0.9076478054496354,7.539592895597866,11.21685482641566
A,25,20,115,100,0.05,5,1.0,1.0,10.0,1,2.2724158539328836,0.9074962541906256,7.549889255444702,11.212914163441273
A,25,20,115,100,0.05,5,1.0,1.0,10.0,5,2.264359630991713,0.9079851125497216,7.536621737974978,11.19652678321058
A,25,20,115,100,0.1,3,0.8,0.8,0.1,1,2.280828157769346,0.9066702723139057,7.746625196445853,11.30352115142869
A,25,20,115,100,0.1,3,0.8,0.8,0.1,5,2.2802679086994866,0.9065463391183434,7.746974455174149,11.305348476546158
A,25,20,115,100,0.1,3,0.8,0.8,1.0,1,2.2990635479335046,0.9061461421253639,7.759269537626784,11.328800554848845
A,25,20,115,100,0.1,3,0.8,0.8,1.0,5,2.294501780263064,0.9064656848751381,7.740161458704018,11.316328138043064
A,25,20,115,100,0.1,3,0.8,0.8,10.0,1,2.296337511497571,0.9057372925360176,7.765759380995675,11.330093538342995
A,25,20,115,100,0.1,3,0.8,0.8,10.0,5,2.2931056087625854,0.906078530349767,7.756805411364809,11.318346872554818
A,25,20,115,100,0.1,3,0.8,1.0,0.1,1,2.3237358677496474,0.9069111693006929,7.685003561774036,11.334867399119691
A,25,20,115,100,0.1,3,0.8,1.0,0.1,5,2.333408954680923,0.9064822027362947,7.696285969394327,11.352350855705776
A,25,20,115,100,0.1,3,0.8,1.0,1.0,1,2.3068591916208545,0.9066179619395216,7.696307428926454,11.334808161183977
A,25,20,115,100,0.1,3,0.8,1.0,1.0,5,2.311553493321456,0.9069011979004158,7.685207643209294,11.330824498532285
A,25,20,115,100,0.1,3,0.8,1.0,10.0,1,2.3105361594600575,0.9057240753109632,7.7253480902781675,11.368307164074785
A,25,20,115,100,0.1,3,0.8,1.0,10.0,5,2.316471366323048,0.905780622547924,7.719009178664497,11.373003841072263
A,25,20,115,100,0.1,3,1.0,0.8,0.1,1,2.291734865387464,0.906908804527329,7.728277178072881,11.288849896124272
A,25,20,115,100,0.1,3,1.0,0.8,0.1,5,2.2862711362836707,0.9069718652194478,7.728707211493632,11.283182688880304
A,25,20,115,100,0.1,3,1.0,0.8,1.0,1,2.3023045701103237,0.9063456636977435,7.751356658625599,11.3133196637772
A,25,20,115,100,0.1,3,1.0,0.8,1.0,5,2.30142215590207,0.9065049596359742,7.751487315583896,11.316459481856976
A,25,20,115,100,0.1,3,1.0,0.8,10.0,1,2.2906575791040984,0.9070389327255299,7.713144039590473,11.295107857614951
A,25,20,115,100,0.1,3,1.0,0.8,10.0,5,2.2804929655537487,0.9069383958392108,7.71539160055558,11.28977059816372
A,25,20,115,100,0.1,3,1.0,1.0,0.1,1,2.3485235660916794,0.9060455997587697,7.736630172927697,11.390789443205119
A,25,20,115,100,0.1,3,1.0,1.0,0.1,5,2.3517262347305694,0.9060738374843282,7.735317775708038,11.38566092328029
A,25,20,115,100,0.1,3,1.0,1.0,1.0,1,2.3288282765080313,0.9063431416200034,7.7119531636627485,11.35362263958551
A,25,20,115,100,0.1,3,1.0,1.0,1.0,5,2.331632326347278,0.9062670862173311,7.719345292080196,11.358253651355458
A,25,20,115,100,0.1,3,1.0,1.0,10.0,1,2.351364544634074,0.9065130827222486,7.709836919935356,11.387223302508861
A,25,20,115,100,0.1,3,1.0,1.0,10.0,5,2.3430693400471707,0.9063626746777682,7.704948086368518,11.377775198432584
A,25,20,115,100,0.1,5,0.8,0.8,0.1,1,2.284899923930383,0.904454840475309,7.644654112552824,11.34339524644211
A,25,20,115,100,0.1,5,0.8,0.8,0.1,5,2.2925441557582404,0.9045492978502958,7.664330257251737,11.34699034612452
A,25,20,115,100,0.1,5,0.8,0.8,1.0,1,2.31487890432775,0.9045922094242537,7.63986689226892,11.3662971197408
A,25,20,115,100,0.1,5,0.8,0.8,1.0,5,2.3217488080745685,0.9049613763131532,7.636653016016799,11.353758001313668
A,25,20,115,100,0.1,5,0.8,0.8,10.0,1,2.2994463191033363,0.9051154285319065,7.630683141387825,11.312070033633525
A,25,20,115,100,0.1,5,0.8,0.8,10.0,5,2.2870778267449037,0.9051927479775431,7.596365432104498,11.295860088764453
A,25,20,115,100,0.1,5,0.8,1.0,0.1,1,2.3328453631838086,0.9051794888904864,7.537024096040788,11.322874737216283
A,25,20,115,100,0.1,5,0.8,1.0,0.1,5,2.320490213130237,0.9050313643710476,7.5519808249965426,11.332417444699798
A,25,20,115,100,0.1,5,0.8,1.0,1.0,1,2.3061107688740905,0.906117701016672,7.532613850406472,11.294208309643547
A,25,20,115,100,0.1,5,0.8,1.0,1.0,5,2.3219507232822836,0.9060720303724631,7.544681373344676,11.311209741042962
A,25,20,115,100,0.1,5,0.8,1.0,10.0,1,2.2780434201174407,0.9062983655884004,7.527468332529432,11.279146486238428
A,25,20,115,100,0.1,5,0.8,1.0,10.0,5,2.279844338998969,0.9065884786092859,7.527337690016163,11.274524404312709
A,25,20,115,100,0.1,5,1.0,0.8,0.1,1,2.2896057649054398,0.9053585447298069,7.611297889435056,11.280805745640132
A,25,20,115,100,0.1,5,1.0,0.8,0.1,5,2.295209114727792,0.9050222305606086,7.618341211467936,11.296971279739845
A,25,20,115,100,0.1,5,1.0,0.8,1.0,1,2.2872067162812657,0.9054169745861804,7.621800510546292,11.29892203380641
A,25,20,115,100,0.1,5,1.0,0.8,1.0,5,2.295685506398031,0.9046724909275075,7.614848208774869,11.295053390943718
A,25,20,115,100,0.1,5,1.0,0.8,10.0,1,2.262706673994031,0.9057832119786251,7.571613035822092,11.237711177711867
A,25,20,115,100,0.1,5,1.0,0.8,10.0,5,2.276281280955614,0.9049407001431288,7.610943745105587,11.276712103074894
A,25,20,115,100,0.1,5,1.0,1.0,0.1,1,2.2819818851819202,0.906147868767073,7.5239206801040925,11.279399138758981
A,25,20,115,100,0.1,5,1.0,1.0,0.1,5,2.301515459527495,0.905512984191193,7.523710688175886,11.294367163830696
A,25,20,115,100,0.1,5,1.0,1.0,1.0,1,2.3177518176430563,0.905508829387909,7.538895867232702,11.310175931204352
A,25,20,115,100,0.1,5,1.0,1.0,1.0,5,2.3072259195421077,0.9063343725980821,7.508248347765196,11.272222059548072
A,25,20,115,100,0.1,5,1.0,1.0,10.0,1,2.2948869748225187,0.906041069185483,7.520210407645545,11.264056927501704
A,25,20,115,100,0.1,5,1.0,1.0,10.0,5,2.2860424652604285,0.9061548070013602,7.530107953196223,11.26173580575259
A,25,20,115,200,0.05,3,0.8,0.8,0.1,1,2.281059678055707,0.9061503450192699,7.719238791943996,11.280075355337672
A,25,20,115,200,0.05,3,0.8,0.8,0.1,5,2.2840237269344925,0.9061500918127925,7.720906710317974,11.283894986841752
A,25,20,115,200,0.05,3,0.8,0.8,1.0,1,2.286240245569202,0.9063047488257994,7.707088487812901,11.274427319001783
A,25,20,115,200,0.05,3,0.8,0.8,1.0,5,2.2870753489522015,0.9064956610060637,7.708772414438885,11.272080437923666
A,25,20,115,200,0.05,3,0.8,0.8,10.0,1,2.2760083865690004,0.9063157126518921,7.70926532480687,11.274286494313397
A,25,20,115,200,0.05,3,0.8,0.8,10.0,5,2.275278835870227,0.9062338875763227,7.710315395286697,11.27565862498519
A,25,20,115,200,0.05,3,0.8,1.0,0.1,1,2.311616837816514,0.9066421559058234,7.685714988324108,11.329137891021592
A,25,20,115,200,0.05,3,0.8,1.0,0.1,5,2.318417483009586,0.9064275722267034,7.698700098074494,11.338325677823244
A,25,20,115,200,0.05,3,0.8,1.0,1.0,1,2.30623821736908,0.9067977826870232,7.686638571095941,11.324532340378955
A,25,20,115,200,0.05,3,0.8,1.0,1.0,5,2.316909080424846,0.9067918533137875,7.687108935708156,11.333038442285332
A,25,20,115,200,0.05,3,0.8,1.0,10.0,1,2.312817650478876,0.9064236511895116,7.707598682115345,11.337659395696367
A,25,20,115,200,0.05,3,0.8,1.0,10.0,5,2.3136801057750325,0.9062291574275875,7.705733674392076,11.343402875310629
A,25,20,115,200,0.05,3,1.0,0.8,0.1,1,2.285003517737756,0.906799897552748,7.7130667732089435,11.266714639853008
A,25,20,115,200,0.05,3,1.0,0.8,0.1,5,2.2788117307885094,0.9067385351617687,7.704351044944429,11.257685111158787
A,25,20,115,200,0.05,3,1.0,0.8,1.0,1,2.278140485151062,0.9066898434818214,7.706402532895315,11.26967231428743
A,25,20,115,200,0.05,3,1.0,0.8,1.0,5,2.282524372483646,0.9065688636901396,7.709805278837808,11.276653294983682
A,25,20,115,200,0.05,3,1.0,0.8,10.0,1,2.2953211857508515,0.9061411500020482,7.721021634752207,11.294032306063235
A,25,20,115,200,0.05,3,1.0,0.8,10.0,5,2.2942517597696175,0.9064518295106948,7.7138142229818385,11.289732656255236
A,25,20,115,200,0.05,3,1.0,1.0,0.1,1,2.3069982113309178,0.9071023947032539,7.6672771565739755,11.311591132618044
A,25,20,115,200,0.05,3,1.0,1.0,0.1,5,2.309772155750839,0.907035407688998,7.6629424456872,11.312917299483068
A,25,20,115,200,0.05,3,1.0,1.0,1.0,1,2.3110285250706424,0.9069992733369517,7.6834820988306,11.313253748323666
A,25,20,115,200,0.05,3,1.0,1.0,1.0,5,2.310226532937749,0.9070020448731239,7.677993781801177,11.313466057099454
A,25,20,115,200,0.05,3,1.0,1.0,10.0,1,2.310571144221703,0.906835189194986,7.690424883151588,11.32014167169292
A,25,20,115,200,0.05,3,1.0,1.0,10.0,5,2.3128748009753743,0.9068643703509649,7.688549507378196,11.321440698108603
A,25,20,115,200,0.05,5,0.8,0.8,0.1,1,2.2738454663634142,0.9056175149209196,7.555133006945823,11.260323947700002
A,25,20,115,200,0.05,5,0.8,0.8,0.1,5,2.2743905612183952,0.9055043555577289,7.562338345240147,11.268394921267028
A,25,20,115,200,0.05,5,0.8,0.8,1.0,1,2.2683692495762218,0.9057875644670441,7.543213141299279,11.239510289247917
A,25,20,115,200,0.05,5,0.8,0.8,1.0,5,2.274413916141346,0.9052423176910583,7.564375951115791,11.270682852696272
A,25,20,115,200,0.05,5,0.8,0.8,10.0,1,2.2555338877475366,0.9063708519372137,7.546825150861136,11.235815348062733
A,25,20,115,200,0.05,5,0.8,0.8,10.0,5,2.2460284452578634,0.9061442431906949,7.532127847000533,11.22640230271784
A,25,20,115,200,0.05,5,0.8,1.0,0.1,1,2.297104896546989,0.9064840134246879,7.491081515674668,11.251719490303966
A,25,20,115,200,0.05,5,0.8,1.0,0.1,5,2.2886046762253978,0.9067498458476433,7.484404790378396,11.25344822501221
A,25,20,115,200,0.05,5,0.8,1.0,1.0,1,2.2816978644646526,0.906711953958664,7.47282904296191,11.23038847775803
A,25,20,115,200,0.05,5,0.8,1.0,1.0,5,2.2708819650811756,0.9070399726124132,7.453205063094297,11.213272131263267
A,25,20,115,200,0.05,5,0.8,1.0,10.0,1,2.2722827957297342,0.9067609193003431,7.480413743146554,11.225429724364457
A,25,20,115,200,0.05,5,0.8,1.0,10.0,5,2.2775371976191954,0.9066102725828891,7.477488069674824,11.240213759576811
A,25,20,115,200,0.05,5,1.0,0.8,0.1,1,2.2603000423953437,0.9059577328759524,7.556980780483191,11.236719815918537
A,25,20,115,200,0.05,5,1.0,0.8,0.1,5,2.2667649380163892,0.9060230668056789,7.560422406871027,11.249434786436733
A,25,20,115,200,0.05,5,1.0,0.8,1.0,1,2.2599442351962855,0.9061566808797228,7.563657385151609,11.24334551310099
A,25,20,115,200,0.05,5,1.0,0.8,1.0,5,2.2715732182142427,0.9059949145635897,7.551191391272381,11.253156230283617
A,25,20,115,200,0.05,5,1.0,0.8,10.0,1,2.2336232714406807,0.9062895245914421,7.530688690312012,11.198111589352836
A,25,20,115,200,0.05,5,1.0,0.8,10.0,5,2.240560014509397,0.9063391253879403,7.519617322985004,11.195033956000358
A,25,20,115,200,0.05,5,1.0,1.0,0.1,1,2.275791350499361,0.9065115513311094,7.490984146462514,11.249706737438732
A,25,20,115,200,0.05,5,1.0,1.0,0.1,5,2.2813259096974474,0.9062743651670553,7.506496284051508,11.260212116439693
A,25,20,115,200,0.05,5,1.0,1.0,1.0,1,2.284651271032481,0.9065509610518683,7.502298428535572,11.260786627466246
A,25,20,115,200,0.05,5,1.0,1.0,1.0,5,2.2819594041320377,0.9066283233533561,7.497597656518519,11.262781208102068
A,25,20,115,200,0.05,5,1.0,1.0,10.0,1,2.283463828303772,0.90627519151558,7.507598435756274,11.255017358869074
A,25,20,115,200,0.05,5,1.0,1.0,10.0,5,2.278242897404791,0.9070279239687086,7.484204060526052,11.233455981951483
A,25,20,115,200,0.1,3,0.8,0.8,0.1,1,2.2597324755958748,0.9060714467357258,7.756673225276733,11.295219107886487
A,25,20,115,200,0.1,3,0.8,0.8,0.1,5,2.262966557371496,0.9058138748564837,7.7652803747735275,11.29726716565326
A,25,20,115,200,0.1,3,0.8,0.8,1.0,1,2.2739747968555193,0.9056547208882513,7.779391956881064,11.322686164700258
A,25,20,115,200,0.1,3,0.8,0.8,1.0,5,2.2702230395131604,0.9060279602721373,7.762864359446288,11.308903072198499
A,25,20,115,200,0.1,3,0.8,0.8,10.0,1,2.2656415942531702,0.9057199323570261,7.764317365414037,11.31191054307502
A,25,20,115,200,0.1,3,0.8,0.8,10.0,5,2.2697607488267635,0.9057087615243979,7.763493777622985,11.308344251370098
A,25,20,115,200,0.1,3,0.8,1.0,0.1,1,2.274627905128953,0.9061865194909526,7.685597488808474,11.29336474056564
A,25,20,115,200,0.1,3,0.8,1.0,0.1,5,2.2772815688686676,0.9067104576833627,7.688877939332899,11.294358214733988
A,25,20,115,200,0.1,3,0.8,1.0,1.0,1,2.2608625179917903,0.9064242854482295,7.699286215736701,11.292694214925014
A,25,20,115,200,0.1,3,0.8,1.0,1.0,5,2.2648525540682094,0.9065332144961431,7.6902964056678496,11.286929031159946
A,25,20,115,200,0.1,3,0.8,1.0,10.0,1,2.2722358556157047,0.9056290793668434,7.726290023570956,11.338121817304682
A,25,20,115,200,0.1,3,0.8,1.0,10.0,5,2.258404902549773,0.9059087273355676,7.707321118636851,11.316147455722824
A,25,20,115,200,0.1,3,1.0,0.8,0.1,1,2.270733383192641,0.9064170288620248,7.7380716505220635,11.277680079704641
A,25,20,115,200,0.1,3,1.0,0.8,0.1,5,2.255508642756623,0.9067221912138773,7.713963857931124,11.251498527541454
A,25,20,115,200,0.1,3,1.0,0.8,1.0,1,2.262488203044342,0.9060954270101483,7.741571785219203,11.28188742807506
A,25,20,115,200,0.1,3,1.0,0.8,1.0,5,2.26039446359038,0.9059471561945973,7.738972345230413,11.277396937999637
A,25,20,115,200,0.1,3,1.0,0.8,10.0,1,2.255607713168254,0.9069342019085804,7.704172201300847,11.25777725089491
A,25,20,115,200,0.1,3,1.0,0.8,10.0,5,2.2486870645153507,0.9069185862727508,7.6963566422079195,11.253677825917295
A,25,20,115,200,0.1,3,1.0,1.0,0.1,1,2.289731976588,0.9063413551515106,7.708144114261742,11.3272840763991
A,25,20,115,200,0.1,3,1.0,1.0,0.1,5,2.271251628566829,0.9066034725133282,7.685769321178649,11.294305132193383
A,25,20,115,200,0.1,3,1.0,1.0,1.0,1,2.287348258046372,0.9064665008662243,7.697266458921069,11.308298886742794
A,25,20,115,200,0.1,3,1.0,1.0,1.0,5,2.288163728694539,0.906245494748363,7.701291502679709,11.318346041679098
A,25,20,115,200,0.1,3,1.0,1.0,10.0,1,2.3082370473076947,0.9068139763052268,7.698088969095022,11.340833488867329
A,25,20,115,200,0.1,3,1.0,1.0,10.0,5,2.292634750487923,0.9066267296722538,7.683945997304486,11.323297877680789
A,25,20,115,200,0.1,5,0.8,0.8,0.1,1,2.3611036504974163,0.9014075467339826,7.814245650917199,11.503981274768407
A,25,20,115,200,0.1,5,0.8,0.8,0.1,5,2.350871990125399,0.9021462554620274,7.808861115877323,11.486557698237656
A,25,20,115,200,0.1,5,0.8,0.8,1.0,1,2.395447106269954,0.9020264992390962,7.807734201415435,11.523867806546154
A,25,20,115,200,0.1,5,0.8,0.8,1.0,5,2.369985501196537,0.9025220195475117,7.792333166046161,11.486529785823112
A,25,20,115,200,0.1,5,0.8,0.8,10.0,1,2.3625243273343086,0.9027843553174753,7.775633309670615,11.448015761885442
A,25,20,115,200,0.1,5,0.8,0.8,10.0,5,2.337403131650696,0.902831926941676,7.729624215408094,11.425460112453862
A,25,20,115,200,0.1,5,0.8,1.0,0.1,1,2.4057277120781135,0.9022133587479942,7.712412718303696,11.484598083791385
A,25,20,115,200,0.1,5,0.8,1.0,0.1,5,2.400801936894548,0.9009824422398733,7.741837817605512,11.502351259254368
A,25,20,115,200,0.1,5,0.8,1.0,1.0,1,2.36523134904731,0.9033287001535916,7.692691548757888,11.437025015953186
A,25,20,115,200,0.1,5,0.8,1.0,1.0,5,2.385353227347782,0.9027753766394753,7.702492641198731,11.455249542909744
A,25,20,115,200,0.1,5,0.8,1.0,10.0,1,2.342574308991174,0.9037749992862544,7.669368121585606,11.418800987291608
A,25,20,115,200,0.1,5,0.8,1.0,10.0,5,2.3454115285529653,0.9036290007984629,7.693760307478797,11.431764185069655
A,25,20,115,200,0.1,5,1.0,0.8,0.1,1,2.364390704986749,0.9024642778125157,7.746882996714094,11.425362907690442
A,25,20,115,200,0.1,5,1.0,0.8,0.1,5,2.345586138729346,0.9025988853906771,7.763738476561658,11.428408610611184
A,25,20,115,200,0.1,5,1.0,0.8,1.0,1,2.3413425960096492,0.9030717450914232,7.727919993232828,11.41163690903841
A,25,20,115,200,0.1,5,1.0,0.8,1.0,5,2.343684483131864,0.9020588256063832,7.739529415269393,11.409836886971448
A,25,20,115,200,0.1,5,1.0,0.8,10.0,1,2.2951925306558123,0.9042324585325613,7.667362913509221,11.31682692035768
A,25,20,115,200,0.1,5,1.0,0.8,10.0,5,2.297473366449861,0.9036207683149259,7.692239703153277,11.356487835113189
A,25,20,115,200,0.1,5,1.0,1.0,0.1,1,2.3432511630711845,0.9030526442678996,7.672380012210891,11.41364276795844
A,25,20,115,200,0.1,5,1.0,1.0,0.1,5,2.34704980646755,0.9026192947367798,7.660091708087201,11.405769683487776
A,25,20,115,200,0.1,5,1.0,1.0,1.0,1,2.3713340757637864,0.9030298122494657,7.678357064767259,11.429905743023472
A,25,20,115,200,0.1,5,1.0,1.0,1.0,5,2.3554858218580477,0.9041585399503074,7.640205167088172,11.385713043025621
A,25,20,115,200,0.1,5,1.0,1.0,10.0,1,2.323644544635717,0.904215520165877,7.647487447313518,11.367137567455515
A,25,20,115,200,0.1,5,1.0,1.0,10.0,5,2.3329568146586257,0.904055994764158,7.660764646074351,11.378006513213718
A,25,20,115,300,0.05,3,0.8,0.8,0.1,1,2.2611459225035566,0.9061043289755085,7.710638488323281,11.262035964925285
A,25,20,115,300,0.05,3,0.8,0.8,0.1,5,2.2596992637872213,0.90639814358795,7.705775660921188,11.259282122159474
A,25,20,115,300,0.05,3,0.8,0.8,1.0,1,2.2621995630230636,0.9064737658816139,7.693884236004841,11.252385427379764
A,25,20,115,300,0.05,3,0.8,0.8,1.0,5,2.2660721695631088,0.9065569512194249,7.698145082808156,11.25684640838917
A,25,20,115,300,0.05,3,0.8,0.8,10.0,1,2.259731930082799,0.9063666560606208,7.709217540505705,11.261633987838593
A,25,20,115,300,0.05,3,0.8,0.8,10.0,5,2.2572778916267136,0.9064663735024194,7.705638687772425,11.256957746023422
A,25,20,115,300,0.05,3,0.8,1.0,0.1,1,2.281571439236102,0.9066376867093988,7.671000924560893,11.302566606275551
A,25,20,115,300,0.05,3,0.8,1.0,0.1,5,2.282215064352865,0.9067572537642363,7.668594197191064,11.299969543475767
A,25,20,115,300,0.05,3,0.8,1.0,1.0,1,2.277203791611715,0.9071762760807014,7.65800804606576,11.288496125516481
A,25,20,115,300,0.05,3,0.8,1.0,1.0,5,2.275288257731327,0.9070879642515894,7.660401840047763,11.291054492819708
A,25,20,115,300,0.05,3,0.8,1.0,10.0,1,2.2784769643612175,0.9066491645415331,7.685066575132398,11.305578647719319
A,25,20,115,300,0.05,3,0.8,1.0,10.0,5,2.280951216503951,0.9063943829170615,7.681922490342143,11.31140686846679
A,25,20,115,300,0.05,3,1.0,0.8,0.1,1,2.2665887273129925,0.9068151136996866,7.709103931877701,11.255409522101989
A,25,20,115,300,0.05,3,1.0,0.8,0.1,5,2.2625818357871834,0.9067778162230236,7.70075734948699,11.251191207518541
A,25,20,115,300,0.05,3,1.0,0.8,1.0,1,2.2606372829514205,0.9068792428647334,7.6978772429739974,11.252756791398602
A,25,20,115,300,0.05,3,1.0,0.8,1.0,5,2.267774120426669,0.9067191436686175,7.703561906692369,11.265552808220253
A,25,20,115,300,0.05,3,1.0,0.8,10.0,1,2.275583254916159,0.9066363208871945,7.697318684328065,11.269840700444325
A,25,20,115,300,0.05,3,1.0,0.8,10.0,5,2.2680612544826557,0.9067733638215619,7.68814246453154,11.258087957114288
A,25,20,115,300,0.05,3,1.0,1.0,0.1,1,2.271793786923684,0.9074228975193039,7.641049969690738,11.272477198388506
A,25,20,115,300,0.05,3,1.0,1.0,0.1,5,2.277315306859408,0.9073127479808818,7.640350307698147,11.280709499092854
A,25,20,115,300,0.05,3,1.0,1.0,1.0,1,2.276459559194959,0.9071687918397002,7.652718431142378,11.276240036687792
A,25,20,115,300,0.05,3,1.0,1.0,1.0,5,2.2784262250969745,0.9072448136658956,7.656738031232121,11.28115754842912
A,25,20,115,300,0.05,3,1.0,1.0,10.0,1,2.277984960875218,0.907144240310443,7.664893759430024,11.288768088510004
A,25,20,115,300,0.05,3,1.0,1.0,10.0,5,2.273535168969476,0.9073086993644216,7.65312642938611,11.272903888513593
A,25,20,115,300,0.05,5,0.8,0.8,0.1,1,2.3111524967245822,0.9042739557369226,7.629677625693072,11.336191725277867
A,25,20,115,300,0.05,5,0.8,0.8,0.1,5,2.2993634092903976,0.9042192877661538,7.622960414862227,11.331204477551784
A,25,20,115,300,0.05,5,0.8,0.8,1.0,1,2.296364618749336,0.9043327346042297,7.612752178275123,11.30864016794511
A,25,20,115,300,0.05,5,0.8,0.8,1.0,5,2.30049767006334,0.9039013033587813,7.630454896166404,11.334706072804597
A,25,20,115,300,0.05,5,0.8,0.8,10.0,1,2.27463492801752,0.9052738012846623,7.598182149962611,11.283422657204255
A,25,20,115,300,0.05,5,0.8,0.8,10.0,5,2.2792163750339993,0.905128261293869,7.600507609466606,11.29047144088089
A,25,20,115,300,0.05,5,0.8,1.0,0.1,1,2.31864006618512,0.9050342637488628,7.556180560753478,11.31309368608186
A,25,20,115,300,0.05,5,0.8,1.0,0.1,5,2.313173105755024,0.9053085794512988,7.563744831431549,11.328930296760365
A,25,20,115,300,0.05,5,0.8,1.0,1.0,1,2.301202289310513,0.9056189686233882,7.537344031512681,11.291170030387724
A,25,20,115,300,0.05,5,0.8,1.0,1.0,5,2.2922942392478,0.9061225673861479,7.525247680731459,11.27478266514915
A,25,20,115,300,0.05,5,0.8,1.0,10.0,1,2.2951746997865206,0.9055655878885179,7.544515612335587,11.28740138580216
A,25,20,115,300,0.05,5,0.8,1.0,10.0,5,2.308268237003076,0.9053387487871684,7.549245741253652,11.317741487098479
A,25,20,115,300,0.05,5,1.0,0.8,0.1,1,2.284911985808013,0.9047698822266492,7.60517615425538,11.289288531956078
A,25,20,115,300,0.05,5,1.0,0.8,0.1,5,2.28703442804761,0.9051497697092529,7.609624464102318,11.295054831751614
A,25,20,115,300,0.05,5,1.0,0.8,1.0,1,2.278899430943502,0.9050820374683013,7.614207105472974,11.288879757163738
A,25,20,115,300,0.05,5,1.0,0.8,1.0,5,2.28335079988637,0.9050500927102718,7.595600488507313,11.288837685750659
A,25,20,115,300,0.05,5,1.0,0.8,10.0,1,2.252014150299823,0.9055657489055363,7.571155727503769,11.241290596301237
A,25,20,115,300,0.05,5,1.0,0.8,10.0,5,2.2566240068270695,0.9053979720239745,7.563746320358893,11.2395793139218
A,25,20,115,300,0.05,5,1.0,1.0,0.1,1,2.2958131383919254,0.9053730991431937,7.565355847347014,11.314356709030104
A,25,20,115,300,0.05,5,1.0,1.0,0.1,5,2.30571579215389,0.9049990745152139,7.578656129879991,11.320402434324068
A,25,20,115,300,0.05,5,1.0,1.0,1.0,1,2.302822199373153,0.9051731007652648,7.567948096050908,11.312960754881273
A,25,20,115,300,0.05,5,1.0,1.0,1.0,5,2.3041187709147626,0.9053197296763121,7.574169328131329,11.330838709622219
A,25,20,115,300,0.05,5,1.0,1.0,10.0,1,2.301077362397325,0.9051822416227349,7.5677435809686155,11.305375593191645
A,25,20,115,300,0.05,5,1.0,1.0,10.0,5,2.2934982969033255,0.9058404402531158,7.547644231737136,11.283179757439902
A,25,20,115,300,0.1,3,0.8,0.8,0.1,1,2.2547841626882548,0.9050348964544668,7.798219004580057,11.32029504234879
A,25,20,115,300,0.1,3,0.8,0.8,0.1,5,2.2560194743577178,0.9049261924082315,7.7887171472748005,11.303539692544465
A,25,20,115,300,0.1,3,0.8,0.8,1.0,1,2.2737099735966853,0.9048122878351276,7.805012662462987,11.343596333354006
A,25,20,115,300,0.1,3,0.8,0.8,1.0,5,2.2707248554112764,0.9050875540780033,7.8004384622053236,11.33108220142149
A,25,20,115,300,0.1,3,0.8,0.8,10.0,1,2.2594424437433367,0.9051406911227697,7.7908104905895055,11.317513711058826
A,25,20,115,300,0.1,3,0.8,0.8,10.0,5,2.26615360082278,0.905303144761142,7.782241208895965,11.31884654575112
A,25,20,115,300,0.1,3,0.8,1.0,0.1,1,2.263509704042466,0.9056037808850409,7.707151693500502,11.298472639352761
A,25,20,115,300,0.1,3,0.8,1.0,0.1,5,2.270416441418829,0.9058126195957957,7.719667758769637,11.307803585965795
A,25,20,115,300,0.1,3,0.8,1.0,1.0,1,2.249246813479872,0.9058051795530899,7.72079513449966,11.297255057645746
A,25,20,115,300,0.1,3,0.8,1.0,1.0,5,2.2607406578867457,0.9053578502874533,7.72900482777594,11.304087083500402
A,25,20,115,300,0.1,3,0.8,1.0,10.0,1,2.254830996660394,0.9053901924629235,7.740114852980213,11.322064051505647
A,25,20,115,300,0.1,3,0.8,1.0,10.0,5,2.246861205255784,0.9057439143488996,7.711648622086367,11.300443697511
A,25,20,115,300,0.1,3,1.0,0.8,0.1,1,2.2540707372292985,0.9059358496598481,7.759601426639472,11.279049372233771
A,25,20,115,300,0.1,3,1.0,0.8,0.1,5,2.2543688878165655,0.9061124529073299,7.729116411116186,11.270840183856734
A,25,20,115,300,0.1,3,1.0,0.8,1.0,1,2.2521128050372905,0.90524182245622,7.765556863194125,11.291021972519367
A,25,20,115,300,0.1,3,1.0,0.8,1.0,5,2.256892605082966,0.9053744894261004,7.755809660252778,11.280081590121302
A,25,20,115,300,0.1,3,1.0,0.8,10.0,1,2.2397007039836185,0.9063867649979016,7.704895304504288,11.24800447998293
A,25,20,115,300,0.1,3,1.0,0.8,10.0,5,2.2548043578215715,0.9062959969566048,7.72260749977372,11.280293733357125
A,25,20,115,300,0.1,3,1.0,1.0,0.1,1,2.27053620953741,0.9057775781487155,7.728478992488102,11.323548140376243
A,25,20,115,300,0.1,3,1.0,1.0,0.1,5,2.273504786324966,0.9059303004490686,7.70933405299918,11.30978374986553
A,25,20,115,300,0.1,3,1.0,1.0,1.0,1,2.271340134781893,0.9059573562435436,7.707365917776977,11.30255199584563
A,25,20,115,300,0.1,3,1.0,1.0,1.0,5,2.275736987469577,0.9060350916934097,7.700414865509627,11.31154169691419
A,25,20,115,300,0.1,3,1.0,1.0,10.0,1,2.2811866317881453,0.9062083836237445,7.709646624999806,11.31610494185835
A,25,20,115,300,0.1,3,1.0,1.0,10.0,5,2.2552326409169967,0.9064827786484351,7.677435440759064,11.28039398631778
A,25,20,115,300,0.1,5,0.8,0.8,0.1,1,2.418430971959448,0.9000071829471313,7.922973415006351,11.613465719783395
A,25,20,115,300,0.1,5,0.8,0.8,0.1,5,2.403634589501121,0.899952872036091,7.940419108150406,11.604587447434568
A,25,20,115,300,0.1,5,0.8,0.8,1.0,1,2.4455986542667505,0.9001491271107185,7.925480294442889,11.631155479385605
A,25,20,115,300,0.1,5,0.8,0.8,1.0,5,2.41275417536548,0.9003319853123355,7.903625066688564,11.5880571964335
A,25,20,115,300,0.1,5,0.8,0.8,10.0,1,2.431909416666808,0.9008152089240482,7.8885514799892205,11.562671504947868
A,25,20,115,300,0.1,5,0.8,0.8,10.0,5,2.391125461532281,0.9009753062379021,7.852263010585295,11.533402762276907
A,25,20,115,300,0.1,5,0.8,1.0,0.1,1,2.4584123445838033,0.8998811450571564,7.86414820130815,11.615496602553971
A,25,20,115,300,0.1,5,0.8,1.0,0.1,5,2.443729137828849,0.8988666145608969,7.867940635726496,11.617133736885917
A,25,20,115,300,0.1,5,0.8,1.0,1.0,1,2.4320960554008426,0.9008879779604697,7.825799367266167,11.55848253188719
A,25,20,115,300,0.1,5,0.8,1.0,1.0,5,2.436075675929416,0.9003643063167122,7.833679268511294,11.57227293080917
A,25,20,115,300,0.1,5,0.8,1.0,10.0,1,2.3990152002409113,0.9012762631741926,7.8043944610524845,11.536846354278904
A,25,20,115,300,0.1,5,0.8,1.0,10.0,5,2.3926246532678177,0.9015033663066443,7.820280547505378,11.540913988354967
A,25,20,115,300,0.1,5,1.0,0.8,0.1,1,2.4079841527826504,0.9004719686047749,7.8677637154113995,11.541651539659238
A,25,20,115,300,0.1,5,1.0,0.8,0.1,5,2.3950601144692145,0.900433484524004,7.884045483062158,11.541623260446007
A,25,20,115,300,0.1,5,1.0,0.8,1.0,1,2.374207383862038,0.9012913929428397,7.820416123916307,11.503018505997767
A,25,20,115,300,0.1,5,1.0,0.8,1.0,5,2.383330650768543,0.900561469520271,7.829816669605378,11.495720135983747
A,25,20,115,300,0.1,5,1.0,0.8,10.0,1,2.3513992572265288,0.9026564467908218,7.759450655007233,11.412589730500446
A,25,20,115,300,0.1,5,1.0,0.8,10.0,5,2.3325059290180685,0.9022019722123457,7.788060942085082,11.448604105055601
A,25,20,115,300,0.1,5,1.0,1.0,0.1,1,2.3967628923221893,0.9009636993095244,7.793173408784765,11.526488329613843
A,25,20,115,300,0.1,5,1.0,1.0,0.1,5,2.401570041223973,0.900618959843406,7.788536172156118,11.5185831355444
A,25,20,115,300,0.1,5,1.0,1.0,1.0,1,2.42953518693624,0.9011583914645778,7.788743793454482,11.536422263033822
A,25,20,115,300,0.1,5,1.0,1.0,1.0,5,2.4164252323412803,0.9014874406029094,7.774008917058799,11.507198916385072
A,25,20,115,300,0.1,5,1.0,1.0,10.0,1,2.3798126325036173,0.9020331674874722,7.7675058872761,11.48957956337044
A,25,20,115,300,0.1,5,1.0,1.0,10.0,5,2.3880460103116765,0.9022153469916805,7.779840243632324,11.49318217421688
A,25,20,120,100,0.05,3,0.8,0.8,0.1,1,2.886350625414603,0.8975538066693861,8.896245878128545,12.404947522035481
A,25,20,120,100,0.05,3,0.8,0.8,0.1,5,2.8867048388620495,0.8975464053423042,8.896139845361168,12.405253907307806
A,25,20,120,100,0.05,3,0.8,0.8,1.0,1,2.8789515987218097,0.8975742872149945,8.884317567567372,12.403069185796017
A,25,20,120,100,0.05,3,0.8,0.8,1.0,5,2.878703044863643,0.8975800470574751,8.884135159943217,12.402117601880557
